year,plant_id,province_name,pathway,share,annual_generation_mwh,baseline_emissions_mt,abatement_mt,captured_mt,enabled
2030,P0001,Fujian,unabated,1.0,62847212.0,51.534713839999995,0.0,0.0,True
2030,P0001,Fujian,retire,0.0,0.0,0.0,0.0,0.0,True
2030,P0001,Fujian,ccs,0.0,0.0,0.0,0.0,0.0,True
2030,P0001,Fujian,biomass,0.0,0.0,0.0,0.0,0.0,True
2030,P0001,Fujian,beccs,0.0,0.0,0.0,0.0,0.0,True
2030,P0001,Fujian,ammonia,0.0,0.0,0.0,0.0,0.0,True
2030,P0002,Shanxi,unabated,1.0,64951884.99999999,53.26054569999999,0.0,0.0,True
2030,P0002,Shanxi,retire,0.0,0.0,0.0,0.0,0.0,True
2030,P0002,Shanxi,ccs,0.0,0.0,0.0,0.0,0.0,True
2030,P0002,Shanxi,biomass,0.0,0.0,0.0,0.0,0.0,True
2030,P0002,Shanxi,beccs,0.0,0.0,0.0,0.0,0.0,True
2030,P0002,Shanxi,ammonia,0.0,0.0,0.0,0.0,0.0,True
2030,P0003,Chongqing,unabated,1.0,32432763.0,26.59486566,0.0,0.0,True
2030,P0003,Chongqing,retire,0.0,0.0,0.0,0.0,0.0,True
2030,P0003,Chongqing,ccs,0.0,0.0,0.0,0.0,0.0,True
2030,P0003,Chongqing,biomass,0.0,0.0,0.0,0.0,0.0,True
2030,P0003,Chongqing,beccs,0.0,0.0,0.0,0.0,0.0,True
2030,P0003,Chongqing,ammonia,0.0,0.0,0.0,0.0,0.0,True
2030,P0004,Inner Mongolia,unabated,1.0,10868040.0,8.911792799999999,0.0,0.0,True
2030,P0004,Inner Mongolia,retire,0.0,0.0,0.0,0.0,0.0,True
2030,P0004,Inner Mongolia,ccs,0.0,0.0,0.0,0.0,0.0,True
2030,P0004,Inner Mongolia,biomass,0.0,0.0,0.0,0.0,0.0,True
2030,P0004,Inner Mongolia,beccs,0.0,0.0,0.0,0.0,0.0,True
2030,P0004,Inner Mongolia,ammonia,0.0,0.0,0.0,0.0,0.0,True
2030,P0005,Sichuan,unabated,1.0,18811445.999999996,15.425385719999998,0.0,0.0,True
2030,P0005,Sichuan,retire,0.0,0.0,0.0,0.0,0.0,True
2030,P0005,Sichuan,ccs,0.0,0.0,0.0,0.0,0.0,True
2030,P0005,Sichuan,biomass,0.0,0.0,0.0,0.0,0.0,True
2030,P0005,Sichuan,beccs,0.0,0.0,0.0,0.0,0.0,True
2030,P0005,Sichuan,ammonia,0.0,0.0,0.0,0.0,0.0,True
2030,P0006,Hebei,unabated,1.0,22899214.0,18.77735548,0.0,0.0,True
2030,P0006,Hebei,retire,0.0,0.0,0.0,0.0,0.0,True
2030,P0006,Hebei,ccs,0.0,0.0,0.0,0.0,0.0,True
2030,P0006,Hebei,biomass,0.0,0.0,0.0,0.0,0.0,True
2030,P0006,Hebei,beccs,0.0,0.0,0.0,0.0,0.0,True
2030,P0006,Hebei,ammonia,0.0,0.0,0.0,0.0,0.0,True
2030,P0007,Hebei,unabated,1.0,38741549.6,31.768070671999997,0.0,0.0,True
2030,P0007,Hebei,retire,0.0,0.0,0.0,0.0,0.0,True
2030,P0007,Hebei,ccs,0.0,0.0,0.0,0.0,0.0,True
2030,P0007,Hebei,biomass,0.0,0.0,0.0,0.0,0.0,True
2030,P0007,Hebei,beccs,0.0,0.0,0.0,0.0,0.0,True
2030,P0007,Hebei,ammonia,0.0,0.0,0.0,0.0,0.0,True
2030,P0008,Shandong,unabated,1.0,11931969.600000001,9.784215072,0.0,0.0,True
2030,P0008,Shandong,retire,0.0,0.0,0.0,0.0,0.0,True
2030,P0008,Shandong,ccs,0.0,0.0,0.0,0.0,0.0,True
2030,P0008,Shandong,biomass,0.0,0.0,0.0,0.0,0.0,True
2030,P0008,Shandong,beccs,0.0,0.0,0.0,0.0,0.0,True
2030,P0008,Shandong,ammonia,0.0,0.0,0.0,0.0,0.0,True
2030,P0009,Inner Mongolia,unabated,1.0,107372210.0,88.0452122,0.0,0.0,True
2030,P0009,Inner Mongolia,retire,0.0,0.0,0.0,0.0,0.0,True
2030,P0009,Inner Mongolia,ccs,0.0,0.0,0.0,0.0,0.0,True
2030,P0009,Inner Mongolia,biomass,0.0,0.0,0.0,0.0,0.0,True
2030,P0009,Inner Mongolia,beccs,0.0,0.0,0.0,0.0,0.0,True
2030,P0009,Inner Mongolia,ammonia,0.0,0.0,0.0,0.0,0.0,True
2030,P0010,Yunnan,unabated,1.0,16673783.999999998,13.672502879999998,0.0,0.0,True
2030,P0010,Yunnan,retire,0.0,0.0,0.0,0.0,0.0,True
2030,P0010,Yunnan,ccs,0.0,0.0,0.0,0.0,0.0,True
2030,P0010,Yunnan,biomass,0.0,0.0,0.0,0.0,0.0,True
2030,P0010,Yunnan,beccs,0.0,0.0,0.0,0.0,0.0,True
2030,P0010,Yunnan,ammonia,0.0,0.0,0.0,0.0,0.0,True
2030,P0011,Guangdong,unabated,1.0,41214401.0,33.79580882,0.0,0.0,True
2030,P0011,Guangdong,retire,0.0,0.0,0.0,0.0,0.0,True
2030,P0011,Guangdong,ccs,0.0,0.0,0.0,0.0,0.0,True
2030,P0011,Guangdong,biomass,0.0,0.0,0.0,0.0,0.0,True
2030,P0011,Guangdong,beccs,0.0,0.0,0.0,0.0,0.0,True
2030,P0011,Guangdong,ammonia,0.0,0.0,0.0,0.0,0.0,True
2030,P0012,Liaoning,unabated,1.0,17363920.0,14.238414399999998,0.0,0.0,True
2030,P0012,Liaoning,retire,0.0,0.0,0.0,0.0,0.0,True
2030,P0012,Liaoning,ccs,0.0,0.0,0.0,0.0,0.0,True
2030,P0012,Liaoning,biomass,0.0,0.0,0.0,0.0,0.0,True
2030,P0012,Liaoning,beccs,0.0,0.0,0.0,0.0,0.0,True
2030,P0012,Liaoning,ammonia,0.0,0.0,0.0,0.0,0.0,True
2030,P0013,Shanxi,unabated,1.0,81340315.0,66.69905829999999,0.0,0.0,True
2030,P0013,Shanxi,retire,0.0,0.0,0.0,0.0,0.0,True
2030,P0013,Shanxi,ccs,0.0,0.0,0.0,0.0,0.0,True
2030,P0013,Shanxi,biomass,0.0,0.0,0.0,0.0,0.0,True
2030,P0013,Shanxi,beccs,0.0,0.0,0.0,0.0,0.0,True
2030,P0013,Shanxi,ammonia,0.0,0.0,0.0,0.0,0.0,True
2030,P0014,Guangdong,unabated,1.0,11885982.0,9.74650524,0.0,0.0,True
2030,P0014,Guangdong,retire,0.0,0.0,0.0,0.0,0.0,True
2030,P0014,Guangdong,ccs,0.0,0.0,0.0,0.0,0.0,True
2030,P0014,Guangdong,biomass,0.0,0.0,0.0,0.0,0.0,True
2030,P0014,Guangdong,beccs,0.0,0.0,0.0,0.0,0.0,True
2030,P0014,Guangdong,ammonia,0.0,0.0,0.0,0.0,0.0,True
2030,P0015,Hunan,unabated,1.0,9884457.0,8.10525474,0.0,0.0,True
2030,P0015,Hunan,retire,0.0,0.0,0.0,0.0,0.0,True
2030,P0015,Hunan,ccs,0.0,0.0,0.0,0.0,0.0,True
2030,P0015,Hunan,biomass,0.0,0.0,0.0,0.0,0.0,True
2030,P0015,Hunan,beccs,0.0,0.0,0.0,0.0,0.0,True
2030,P0015,Hunan,ammonia,0.0,0.0,0.0,0.0,0.0,True
2030,P0016,Hubei,unabated,1.0,31796607.999999996,26.073218559999994,0.0,0.0,True
2030,P0016,Hubei,retire,0.0,0.0,0.0,0.0,0.0,True
2030,P0016,Hubei,ccs,0.0,0.0,0.0,0.0,0.0,True
2030,P0016,Hubei,biomass,0.0,0.0,0.0,0.0,0.0,True
2030,P0016,Hubei,beccs,0.0,0.0,0.0,0.0,0.0,True
2030,P0016,Hubei,ammonia,0.0,0.0,0.0,0.0,0.0,True
2030,P0017,Jiangsu,unabated,1.0,46744460.0,38.3304572,0.0,0.0,True
2030,P0017,Jiangsu,retire,0.0,0.0,0.0,0.0,0.0,True
2030,P0017,Jiangsu,ccs,0.0,0.0,0.0,0.0,0.0,True
2030,P0017,Jiangsu,biomass,0.0,0.0,0.0,0.0,0.0,True
2030,P0017,Jiangsu,beccs,0.0,0.0,0.0,0.0,0.0,True
2030,P0017,Jiangsu,ammonia,0.0,0.0,0.0,0.0,0.0,True
2030,P0018,Jilin,unabated,1.0,3838684.0,3.14772088,0.0,0.0,True
2030,P0018,Jilin,retire,0.0,0.0,0.0,0.0,0.0,True
2030,P0018,Jilin,ccs,0.0,0.0,0.0,0.0,0.0,True
2030,P0018,Jilin,biomass,0.0,0.0,0.0,0.0,0.0,True
2030,P0018,Jilin,beccs,0.0,0.0,0.0,0.0,0.0,True
2030,P0018,Jilin,ammonia,0.0,0.0,0.0,0.0,0.0,True
2030,P0019,Hunan,unabated,1.0,15119703.0,12.39815646,0.0,0.0,True
2030,P0019,Hunan,retire,0.0,0.0,0.0,0.0,0.0,True
2030,P0019,Hunan,ccs,0.0,0.0,0.0,0.0,0.0,True
2030,P0019,Hunan,biomass,0.0,0.0,0.0,0.0,0.0,True
2030,P0019,Hunan,beccs,0.0,0.0,0.0,0.0,0.0,True
2030,P0019,Hunan,ammonia,0.0,0.0,0.0,0.0,0.0,True
2030,P0020,Zhejiang,unabated,1.0,67514054.1,55.36152436199999,0.0,0.0,True
2030,P0020,Zhejiang,retire,0.0,0.0,0.0,0.0,0.0,True
2030,P0020,Zhejiang,ccs,0.0,0.0,0.0,0.0,0.0,True
2030,P0020,Zhejiang,biomass,0.0,0.0,0.0,0.0,0.0,True
2030,P0020,Zhejiang,beccs,0.0,0.0,0.0,0.0,0.0,True
2030,P0020,Zhejiang,ammonia,0.0,0.0,0.0,0.0,0.0,True
2030,P0021,Shandong,unabated,1.0,45246412.50000001,37.102058250000006,0.0,0.0,True
2030,P0021,Shandong,retire,0.0,0.0,0.0,0.0,0.0,True
2030,P0021,Shandong,ccs,0.0,0.0,0.0,0.0,0.0,True
2030,P0021,Shandong,biomass,0.0,0.0,0.0,0.0,0.0,True
2030,P0021,Shandong,beccs,0.0,0.0,0.0,0.0,0.0,True
2030,P0021,Shandong,ammonia,0.0,0.0,0.0,0.0,0.0,True
2030,P0022,Shandong,unabated,1.0,15896209.500000002,13.034891790000001,0.0,0.0,True
2030,P0022,Shandong,retire,0.0,0.0,0.0,0.0,0.0,True
2030,P0022,Shandong,ccs,0.0,0.0,0.0,0.0,0.0,True
2030,P0022,Shandong,biomass,0.0,0.0,0.0,0.0,0.0,True
2030,P0022,Shandong,beccs,0.0,0.0,0.0,0.0,0.0,True
2030,P0022,Shandong,ammonia,0.0,0.0,0.0,0.0,0.0,True
2030,P0023,Henan,unabated,1.0,20013776.0,16.411296319999998,0.0,0.0,True
2030,P0023,Henan,retire,0.0,0.0,0.0,0.0,0.0,True
2030,P0023,Henan,ccs,0.0,0.0,0.0,0.0,0.0,True
2030,P0023,Henan,biomass,0.0,0.0,0.0,0.0,0.0,True
2030,P0023,Henan,beccs,0.0,0.0,0.0,0.0,0.0,True
2030,P0023,Henan,ammonia,0.0,0.0,0.0,0.0,0.0,True
2030,P0024,Chongqing,unabated,1.0,5892071.800000001,4.831498876,0.0,0.0,True
2030,P0024,Chongqing,retire,0.0,0.0,0.0,0.0,0.0,True
2030,P0024,Chongqing,ccs,0.0,0.0,0.0,0.0,0.0,True
2030,P0024,Chongqing,biomass,0.0,0.0,0.0,0.0,0.0,True
2030,P0024,Chongqing,beccs,0.0,0.0,0.0,0.0,0.0,True
2030,P0024,Chongqing,ammonia,0.0,0.0,0.0,0.0,0.0,True
2030,P0025,Jilin,unabated,1.0,15572020.000000002,12.7690564,0.0,0.0,True
2030,P0025,Jilin,retire,0.0,0.0,0.0,0.0,0.0,True
2030,P0025,Jilin,ccs,0.0,0.0,0.0,0.0,0.0,True
2030,P0025,Jilin,biomass,0.0,0.0,0.0,0.0,0.0,True
2030,P0025,Jilin,beccs,0.0,0.0,0.0,0.0,0.0,True
2030,P0025,Jilin,ammonia,0.0,0.0,0.0,0.0,0.0,True
2030,P0026,Hainan,unabated,1.0,10564890.0,8.663209799999999,0.0,0.0,True
2030,P0026,Hainan,retire,0.0,0.0,0.0,0.0,0.0,True
2030,P0026,Hainan,ccs,0.0,0.0,0.0,0.0,0.0,True
2030,P0026,Hainan,biomass,0.0,0.0,0.0,0.0,0.0,True
2030,P0026,Hainan,beccs,0.0,0.0,0.0,0.0,0.0,True
2030,P0026,Hainan,ammonia,0.0,0.0,0.0,0.0,0.0,True
2030,P0027,Shandong,unabated,1.0,58286101.50000001,47.79460323000001,0.0,0.0,True
2030,P0027,Shandong,retire,0.0,0.0,0.0,0.0,0.0,True
2030,P0027,Shandong,ccs,0.0,0.0,0.0,0.0,0.0,True
2030,P0027,Shandong,biomass,0.0,0.0,0.0,0.0,0.0,True
2030,P0027,Shandong,beccs,0.0,0.0,0.0,0.0,0.0,True
2030,P0027,Shandong,ammonia,0.0,0.0,0.0,0.0,0.0,True
2030,P0028,Hunan,unabated,1.0,22425606.0,18.388996919999997,0.0,0.0,True
2030,P0028,Hunan,retire,0.0,0.0,0.0,0.0,0.0,True
2030,P0028,Hunan,ccs,0.0,0.0,0.0,0.0,0.0,True
2030,P0028,Hunan,biomass,0.0,0.0,0.0,0.0,0.0,True
2030,P0028,Hunan,beccs,0.0,0.0,0.0,0.0,0.0,True
2030,P0028,Hunan,ammonia,0.0,0.0,0.0,0.0,0.0,True
2030,P0029,Jilin,unabated,1.0,434568.0,0.35634575999999996,0.0,0.0,True
2030,P0029,Jilin,retire,0.0,0.0,0.0,0.0,0.0,True
2030,P0029,Jilin,ccs,0.0,0.0,0.0,0.0,0.0,True
2030,P0029,Jilin,biomass,0.0,0.0,0.0,0.0,0.0,True
2030,P0029,Jilin,beccs,0.0,0.0,0.0,0.0,0.0,True
2030,P0029,Jilin,ammonia,0.0,0.0,0.0,0.0,0.0,True
2030,P0030,Jilin,unabated,1.0,16227493.4,13.306544588,0.0,0.0,True
2030,P0030,Jilin,retire,0.0,0.0,0.0,0.0,0.0,True
2030,P0030,Jilin,ccs,0.0,0.0,0.0,0.0,0.0,True
2030,P0030,Jilin,biomass,0.0,0.0,0.0,0.0,0.0,True
2030,P0030,Jilin,beccs,0.0,0.0,0.0,0.0,0.0,True
2030,P0030,Jilin,ammonia,0.0,0.0,0.0,0.0,0.0,True
2030,P0031,Shanxi,unabated,1.0,22684550.0,18.601331,0.0,0.0,True
2030,P0031,Shanxi,retire,0.0,0.0,0.0,0.0,0.0,True
2030,P0031,Shanxi,ccs,0.0,0.0,0.0,0.0,0.0,True
2030,P0031,Shanxi,biomass,0.0,0.0,0.0,0.0,0.0,True
2030,P0031,Shanxi,beccs,0.0,0.0,0.0,0.0,0.0,True
2030,P0031,Shanxi,ammonia,0.0,0.0,0.0,0.0,0.0,True
2030,P0032,Henan,unabated,1.0,8531052.0,6.9954626399999995,0.0,0.0,True
2030,P0032,Henan,retire,0.0,0.0,0.0,0.0,0.0,True
2030,P0032,Henan,ccs,0.0,0.0,0.0,0.0,0.0,True
2030,P0032,Henan,biomass,0.0,0.0,0.0,0.0,0.0,True
2030,P0032,Henan,beccs,0.0,0.0,0.0,0.0,0.0,True
2030,P0032,Henan,ammonia,0.0,0.0,0.0,0.0,0.0,True
2030,P0033,Henan,unabated,1.0,22569492.0,18.50698344,0.0,0.0,True
2030,P0033,Henan,retire,0.0,0.0,0.0,0.0,0.0,True
2030,P0033,Henan,ccs,0.0,0.0,0.0,0.0,0.0,True
2030,P0033,Henan,biomass,0.0,0.0,0.0,0.0,0.0,True
2030,P0033,Henan,beccs,0.0,0.0,0.0,0.0,0.0,True
2030,P0033,Henan,ammonia,0.0,0.0,0.0,0.0,0.0,True
2030,P0034,Shandong,unabated,1.0,18403842.0,15.09115044,0.0,0.0,True
2030,P0034,Shandong,retire,0.0,0.0,0.0,0.0,0.0,True
2030,P0034,Shandong,ccs,0.0,0.0,0.0,0.0,0.0,True
2030,P0034,Shandong,biomass,0.0,0.0,0.0,0.0,0.0,True
2030,P0034,Shandong,beccs,0.0,0.0,0.0,0.0,0.0,True
2030,P0034,Shandong,ammonia,0.0,0.0,0.0,0.0,0.0,True
2030,P0035,Anhui,unabated,1.0,46348752.00000001,38.00597664,0.0,0.0,True
2030,P0035,Anhui,retire,0.0,0.0,0.0,0.0,0.0,True
2030,P0035,Anhui,ccs,0.0,0.0,0.0,0.0,0.0,True
2030,P0035,Anhui,biomass,0.0,0.0,0.0,0.0,0.0,True
2030,P0035,Anhui,beccs,0.0,0.0,0.0,0.0,0.0,True
2030,P0035,Anhui,ammonia,0.0,0.0,0.0,0.0,0.0,True
2030,P0036,Jiangsu,unabated,1.0,140042791.0,114.83508862,0.0,0.0,True
2030,P0036,Jiangsu,retire,0.0,0.0,0.0,0.0,0.0,True
2030,P0036,Jiangsu,ccs,0.0,0.0,0.0,0.0,0.0,True
2030,P0036,Jiangsu,biomass,0.0,0.0,0.0,0.0,0.0,True
2030,P0036,Jiangsu,beccs,0.0,0.0,0.0,0.0,0.0,True
2030,P0036,Jiangsu,ammonia,0.0,0.0,0.0,0.0,0.0,True
2030,P0037,Inner Mongolia,unabated,1.0,41962710.0,34.409422199999995,0.0,0.0,True
2030,P0037,Inner Mongolia,retire,0.0,0.0,0.0,0.0,0.0,True
2030,P0037,Inner Mongolia,ccs,0.0,0.0,0.0,0.0,0.0,True
2030,P0037,Inner Mongolia,biomass,0.0,0.0,0.0,0.0,0.0,True
2030,P0037,Inner Mongolia,beccs,0.0,0.0,0.0,0.0,0.0,True
2030,P0037,Inner Mongolia,ammonia,0.0,0.0,0.0,0.0,0.0,True
2030,P0038,Sichuan,unabated,1.0,24582287.999999996,20.157476159999998,0.0,0.0,True
2030,P0038,Sichuan,retire,0.0,0.0,0.0,0.0,0.0,True
2030,P0038,Sichuan,ccs,0.0,0.0,0.0,0.0,0.0,True
2030,P0038,Sichuan,biomass,0.0,0.0,0.0,0.0,0.0,True
2030,P0038,Sichuan,beccs,0.0,0.0,0.0,0.0,0.0,True
2030,P0038,Sichuan,ammonia,0.0,0.0,0.0,0.0,0.0,True
2030,P0039,Heilongjiang,unabated,1.0,7478775.0,6.1325955,0.0,0.0,True
2030,P0039,Heilongjiang,retire,0.0,0.0,0.0,0.0,0.0,True
2030,P0039,Heilongjiang,ccs,0.0,0.0,0.0,0.0,0.0,True
2030,P0039,Heilongjiang,biomass,0.0,0.0,0.0,0.0,0.0,True
2030,P0039,Heilongjiang,beccs,0.0,0.0,0.0,0.0,0.0,True
2030,P0039,Heilongjiang,ammonia,0.0,0.0,0.0,0.0,0.0,True
2030,P0040,Shanxi,unabated,1.0,29397324.999999996,24.105806499999996,0.0,0.0,True
2030,P0040,Shanxi,retire,0.0,0.0,0.0,0.0,0.0,True
2030,P0040,Shanxi,ccs,0.0,0.0,0.0,0.0,0.0,True
2030,P0040,Shanxi,biomass,0.0,0.0,0.0,0.0,0.0,True
2030,P0040,Shanxi,beccs,0.0,0.0,0.0,0.0,0.0,True
2030,P0040,Shanxi,ammonia,0.0,0.0,0.0,0.0,0.0,True
2030,P0041,Hebei,unabated,1.0,17330339.0,14.21087798,0.0,0.0,True
2030,P0041,Hebei,retire,0.0,0.0,0.0,0.0,0.0,True
2030,P0041,Hebei,ccs,0.0,0.0,0.0,0.0,0.0,True
2030,P0041,Hebei,biomass,0.0,0.0,0.0,0.0,0.0,True
2030,P0041,Hebei,beccs,0.0,0.0,0.0,0.0,0.0,True
2030,P0041,Hebei,ammonia,0.0,0.0,0.0,0.0,0.0,True
2030,P0042,Shandong,unabated,1.0,27562152.000000004,22.60096464,0.0,0.0,True
2030,P0042,Shandong,retire,0.0,0.0,0.0,0.0,0.0,True
2030,P0042,Shandong,ccs,0.0,0.0,0.0,0.0,0.0,True
2030,P0042,Shandong,biomass,0.0,0.0,0.0,0.0,0.0,True
2030,P0042,Shandong,beccs,0.0,0.0,0.0,0.0,0.0,True
2030,P0042,Shandong,ammonia,0.0,0.0,0.0,0.0,0.0,True
2030,P0043,Anhui,unabated,1.0,71657610.0,58.759240199999994,0.0,0.0,True
2030,P0043,Anhui,retire,0.0,0.0,0.0,0.0,0.0,True
2030,P0043,Anhui,ccs,0.0,0.0,0.0,0.0,0.0,True
2030,P0043,Anhui,biomass,0.0,0.0,0.0,0.0,0.0,True
2030,P0043,Anhui,beccs,0.0,0.0,0.0,0.0,0.0,True
2030,P0043,Anhui,ammonia,0.0,0.0,0.0,0.0,0.0,True
2030,P0044,Heilongjiang,unabated,1.0,10278967.500000002,8.428753350000001,0.0,0.0,True
2030,P0044,Heilongjiang,retire,0.0,0.0,0.0,0.0,0.0,True
2030,P0044,Heilongjiang,ccs,0.0,0.0,0.0,0.0,0.0,True
2030,P0044,Heilongjiang,biomass,0.0,0.0,0.0,0.0,0.0,True
2030,P0044,Heilongjiang,beccs,0.0,0.0,0.0,0.0,0.0,True
2030,P0044,Heilongjiang,ammonia,0.0,0.0,0.0,0.0,0.0,True
2030,P0045,Henan,unabated,1.0,50070436.0,41.057757519999996,0.0,0.0,True
2030,P0045,Henan,retire,0.0,0.0,0.0,0.0,0.0,True
2030,P0045,Henan,ccs,0.0,0.0,0.0,0.0,0.0,True
2030,P0045,Henan,biomass,0.0,0.0,0.0,0.0,0.0,True
2030,P0045,Henan,beccs,0.0,0.0,0.0,0.0,0.0,True
2030,P0045,Henan,ammonia,0.0,0.0,0.0,0.0,0.0,True
2030,P0046,Zhejiang,unabated,1.0,102230348.64,83.8288858848,0.0,0.0,True
2030,P0046,Zhejiang,retire,0.0,0.0,0.0,0.0,0.0,True
2030,P0046,Zhejiang,ccs,0.0,0.0,0.0,0.0,0.0,True
2030,P0046,Zhejiang,biomass,0.0,0.0,0.0,0.0,0.0,True
2030,P0046,Zhejiang,beccs,0.0,0.0,0.0,0.0,0.0,True
2030,P0046,Zhejiang,ammonia,0.0,0.0,0.0,0.0,0.0,True
2030,P0047,Liaoning,unabated,1.0,10170295.999999998,8.339642719999999,0.0,0.0,True
2030,P0047,Liaoning,retire,0.0,0.0,0.0,0.0,0.0,True
2030,P0047,Liaoning,ccs,0.0,0.0,0.0,0.0,0.0,True
2030,P0047,Liaoning,biomass,0.0,0.0,0.0,0.0,0.0,True
2030,P0047,Liaoning,beccs,0.0,0.0,0.0,0.0,0.0,True
2030,P0047,Liaoning,ammonia,0.0,0.0,0.0,0.0,0.0,True
2030,P0048,Shanxi,unabated,1.0,6481300.0,5.314666,0.0,0.0,True
2030,P0048,Shanxi,retire,0.0,0.0,0.0,0.0,0.0,True
2030,P0048,Shanxi,ccs,0.0,0.0,0.0,0.0,0.0,True
2030,P0048,Shanxi,biomass,0.0,0.0,0.0,0.0,0.0,True
2030,P0048,Shanxi,beccs,0.0,0.0,0.0,0.0,0.0,True
2030,P0048,Shanxi,ammonia,0.0,0.0,0.0,0.0,0.0,True
2030,P0049,Xinjiang,unabated,1.0,7182431.999999999,5.889594239999999,0.0,0.0,True
2030,P0049,Xinjiang,retire,0.0,0.0,0.0,0.0,0.0,True
2030,P0049,Xinjiang,ccs,0.0,0.0,0.0,0.0,0.0,True
2030,P0049,Xinjiang,biomass,0.0,0.0,0.0,0.0,0.0,True
2030,P0049,Xinjiang,beccs,0.0,0.0,0.0,0.0,0.0,True
2030,P0049,Xinjiang,ammonia,0.0,0.0,0.0,0.0,0.0,True
2030,P0050,Henan,unabated,1.0,7055216.0,5.78527712,0.0,0.0,True
2030,P0050,Henan,retire,0.0,0.0,0.0,0.0,0.0,True
2030,P0050,Henan,ccs,0.0,0.0,0.0,0.0,0.0,True
2030,P0050,Henan,biomass,0.0,0.0,0.0,0.0,0.0,True
2030,P0050,Henan,beccs,0.0,0.0,0.0,0.0,0.0,True
2030,P0050,Henan,ammonia,0.0,0.0,0.0,0.0,0.0,True
2030,P0051,Hebei,unabated,1.0,36442718.0,29.88302876,0.0,0.0,True
2030,P0051,Hebei,retire,0.0,0.0,0.0,0.0,0.0,True
2030,P0051,Hebei,ccs,0.0,0.0,0.0,0.0,0.0,True
2030,P0051,Hebei,biomass,0.0,0.0,0.0,0.0,0.0,True
2030,P0051,Hebei,beccs,0.0,0.0,0.0,0.0,0.0,True
2030,P0051,Hebei,ammonia,0.0,0.0,0.0,0.0,0.0,True
2030,P0052,Jiangsu,unabated,1.0,137274235.0,112.5648727,0.0,0.0,True
2030,P0052,Jiangsu,retire,0.0,0.0,0.0,0.0,0.0,True
2030,P0052,Jiangsu,ccs,0.0,0.0,0.0,0.0,0.0,True
2030,P0052,Jiangsu,biomass,0.0,0.0,0.0,0.0,0.0,True
2030,P0052,Jiangsu,beccs,0.0,0.0,0.0,0.0,0.0,True
2030,P0052,Jiangsu,ammonia,0.0,0.0,0.0,0.0,0.0,True
2030,P0053,Heilongjiang,unabated,1.0,9739800.000000002,7.986636000000001,0.0,0.0,True
2030,P0053,Heilongjiang,retire,0.0,0.0,0.0,0.0,0.0,True
2030,P0053,Heilongjiang,ccs,0.0,0.0,0.0,0.0,0.0,True
2030,P0053,Heilongjiang,biomass,0.0,0.0,0.0,0.0,0.0,True
2030,P0053,Heilongjiang,beccs,0.0,0.0,0.0,0.0,0.0,True
2030,P0053,Heilongjiang,ammonia,0.0,0.0,0.0,0.0,0.0,True
2030,P0054,Hebei,unabated,1.0,19691542.0,16.14706444,0.0,0.0,True
2030,P0054,Hebei,retire,0.0,0.0,0.0,0.0,0.0,True
2030,P0054,Hebei,ccs,0.0,0.0,0.0,0.0,0.0,True
2030,P0054,Hebei,biomass,0.0,0.0,0.0,0.0,0.0,True
2030,P0054,Hebei,beccs,0.0,0.0,0.0,0.0,0.0,True
2030,P0054,Hebei,ammonia,0.0,0.0,0.0,0.0,0.0,True
2030,P0055,Shanxi,unabated,1.0,17129150.0,14.045903,0.0,0.0,True
2030,P0055,Shanxi,retire,0.0,0.0,0.0,0.0,0.0,True
2030,P0055,Shanxi,ccs,0.0,0.0,0.0,0.0,0.0,True
2030,P0055,Shanxi,biomass,0.0,0.0,0.0,0.0,0.0,True
2030,P0055,Shanxi,beccs,0.0,0.0,0.0,0.0,0.0,True
2030,P0055,Shanxi,ammonia,0.0,0.0,0.0,0.0,0.0,True
2030,P0056,Jiangxi,unabated,1.0,19160928.0,15.711960959999999,0.0,0.0,True
2030,P0056,Jiangxi,retire,0.0,0.0,0.0,0.0,0.0,True
2030,P0056,Jiangxi,ccs,0.0,0.0,0.0,0.0,0.0,True
2030,P0056,Jiangxi,biomass,0.0,0.0,0.0,0.0,0.0,True
2030,P0056,Jiangxi,beccs,0.0,0.0,0.0,0.0,0.0,True
2030,P0056,Jiangxi,ammonia,0.0,0.0,0.0,0.0,0.0,True
2030,P0057,Gansu,unabated,1.0,12233632.0,10.03157824,0.0,0.0,True
2030,P0057,Gansu,retire,0.0,0.0,0.0,0.0,0.0,True
2030,P0057,Gansu,ccs,0.0,0.0,0.0,0.0,0.0,True
2030,P0057,Gansu,biomass,0.0,0.0,0.0,0.0,0.0,True
2030,P0057,Gansu,beccs,0.0,0.0,0.0,0.0,0.0,True
2030,P0057,Gansu,ammonia,0.0,0.0,0.0,0.0,0.0,True
2030,P0058,Jiangsu,unabated,1.0,22644982.500000004,18.568885650000002,0.0,0.0,True
2030,P0058,Jiangsu,retire,0.0,0.0,0.0,0.0,0.0,True
2030,P0058,Jiangsu,ccs,0.0,0.0,0.0,0.0,0.0,True
2030,P0058,Jiangsu,biomass,0.0,0.0,0.0,0.0,0.0,True
2030,P0058,Jiangsu,beccs,0.0,0.0,0.0,0.0,0.0,True
2030,P0058,Jiangsu,ammonia,0.0,0.0,0.0,0.0,0.0,True
2030,P0059,Inner Mongolia,unabated,1.0,104755830.0,85.8997806,0.0,0.0,True
2030,P0059,Inner Mongolia,retire,0.0,0.0,0.0,0.0,0.0,True
2030,P0059,Inner Mongolia,ccs,0.0,0.0,0.0,0.0,0.0,True
2030,P0059,Inner Mongolia,biomass,0.0,0.0,0.0,0.0,0.0,True
2030,P0059,Inner Mongolia,beccs,0.0,0.0,0.0,0.0,0.0,True
2030,P0059,Inner Mongolia,ammonia,0.0,0.0,0.0,0.0,0.0,True
2030,P0060,Shandong,unabated,1.0,21639778.200000003,17.744618124000002,0.0,0.0,True
2030,P0060,Shandong,retire,0.0,0.0,0.0,0.0,0.0,True
2030,P0060,Shandong,ccs,0.0,0.0,0.0,0.0,0.0,True
2030,P0060,Shandong,biomass,0.0,0.0,0.0,0.0,0.0,True
2030,P0060,Shandong,beccs,0.0,0.0,0.0,0.0,0.0,True
2030,P0060,Shandong,ammonia,0.0,0.0,0.0,0.0,0.0,True
2030,P0061,Shandong,unabated,1.0,17095512.000000004,14.018319840000002,0.0,0.0,True
2030,P0061,Shandong,retire,0.0,0.0,0.0,0.0,0.0,True
2030,P0061,Shandong,ccs,0.0,0.0,0.0,0.0,0.0,True
2030,P0061,Shandong,biomass,0.0,0.0,0.0,0.0,0.0,True
2030,P0061,Shandong,beccs,0.0,0.0,0.0,0.0,0.0,True
2030,P0061,Shandong,ammonia,0.0,0.0,0.0,0.0,0.0,True
2030,P0062,Xinjiang,unabated,1.0,5122764.0,4.20066648,0.0,0.0,True
2030,P0062,Xinjiang,retire,0.0,0.0,0.0,0.0,0.0,True
2030,P0062,Xinjiang,ccs,0.0,0.0,0.0,0.0,0.0,True
2030,P0062,Xinjiang,biomass,0.0,0.0,0.0,0.0,0.0,True
2030,P0062,Xinjiang,beccs,0.0,0.0,0.0,0.0,0.0,True
2030,P0062,Xinjiang,ammonia,0.0,0.0,0.0,0.0,0.0,True
2030,P0063,Ningxia,unabated,1.0,8748784.0,7.17400288,0.0,0.0,True
2030,P0063,Ningxia,retire,0.0,0.0,0.0,0.0,0.0,True
2030,P0063,Ningxia,ccs,0.0,0.0,0.0,0.0,0.0,True
2030,P0063,Ningxia,biomass,0.0,0.0,0.0,0.0,0.0,True
2030,P0063,Ningxia,beccs,0.0,0.0,0.0,0.0,0.0,True
2030,P0063,Ningxia,ammonia,0.0,0.0,0.0,0.0,0.0,True
2030,P0064,Shandong,unabated,1.0,18229398.000000004,14.94810636,0.0,0.0,True
2030,P0064,Shandong,retire,0.0,0.0,0.0,0.0,0.0,True
2030,P0064,Shandong,ccs,0.0,0.0,0.0,0.0,0.0,True
2030,P0064,Shandong,biomass,0.0,0.0,0.0,0.0,0.0,True
2030,P0064,Shandong,beccs,0.0,0.0,0.0,0.0,0.0,True
2030,P0064,Shandong,ammonia,0.0,0.0,0.0,0.0,0.0,True
2030,P0065,Xinjiang,unabated,1.0,17824049.999999996,14.615720999999997,0.0,0.0,True
2030,P0065,Xinjiang,retire,0.0,0.0,0.0,0.0,0.0,True
2030,P0065,Xinjiang,ccs,0.0,0.0,0.0,0.0,0.0,True
2030,P0065,Xinjiang,biomass,0.0,0.0,0.0,0.0,0.0,True
2030,P0065,Xinjiang,beccs,0.0,0.0,0.0,0.0,0.0,True
2030,P0065,Xinjiang,ammonia,0.0,0.0,0.0,0.0,0.0,True
2030,P0066,Fujian,unabated,1.0,45243841.199999996,37.099949783999996,0.0,0.0,True
2030,P0066,Fujian,retire,0.0,0.0,0.0,0.0,0.0,True
2030,P0066,Fujian,ccs,0.0,0.0,0.0,0.0,0.0,True
2030,P0066,Fujian,biomass,0.0,0.0,0.0,0.0,0.0,True
2030,P0066,Fujian,beccs,0.0,0.0,0.0,0.0,0.0,True
2030,P0066,Fujian,ammonia,0.0,0.0,0.0,0.0,0.0,True
2030,P0067,Hebei,unabated,1.0,34215168.0,28.056437759999998,0.0,0.0,True
2030,P0067,Hebei,retire,0.0,0.0,0.0,0.0,0.0,True
2030,P0067,Hebei,ccs,0.0,0.0,0.0,0.0,0.0,True
2030,P0067,Hebei,biomass,0.0,0.0,0.0,0.0,0.0,True
2030,P0067,Hebei,beccs,0.0,0.0,0.0,0.0,0.0,True
2030,P0067,Hebei,ammonia,0.0,0.0,0.0,0.0,0.0,True
2030,P0068,Zhejiang,unabated,1.0,22390288.5,18.360036570000002,0.0,0.0,True
2030,P0068,Zhejiang,retire,0.0,0.0,0.0,0.0,0.0,True
2030,P0068,Zhejiang,ccs,0.0,0.0,0.0,0.0,0.0,True
2030,P0068,Zhejiang,biomass,0.0,0.0,0.0,0.0,0.0,True
2030,P0068,Zhejiang,beccs,0.0,0.0,0.0,0.0,0.0,True
2030,P0068,Zhejiang,ammonia,0.0,0.0,0.0,0.0,0.0,True
2030,P0069,Shaanxi,unabated,1.0,18152000.0,14.88464,0.0,0.0,True
2030,P0069,Shaanxi,retire,0.0,0.0,0.0,0.0,0.0,True
2030,P0069,Shaanxi,ccs,0.0,0.0,0.0,0.0,0.0,True
2030,P0069,Shaanxi,biomass,0.0,0.0,0.0,0.0,0.0,True
2030,P0069,Shaanxi,beccs,0.0,0.0,0.0,0.0,0.0,True
2030,P0069,Shaanxi,ammonia,0.0,0.0,0.0,0.0,0.0,True
2030,P0070,Shandong,unabated,1.0,25817712.000000004,21.170523840000005,0.0,0.0,True
2030,P0070,Shandong,retire,0.0,0.0,0.0,0.0,0.0,True
2030,P0070,Shandong,ccs,0.0,0.0,0.0,0.0,0.0,True
2030,P0070,Shandong,biomass,0.0,0.0,0.0,0.0,0.0,True
2030,P0070,Shandong,beccs,0.0,0.0,0.0,0.0,0.0,True
2030,P0070,Shandong,ammonia,0.0,0.0,0.0,0.0,0.0,True
2030,P0071,Guizhou,unabated,1.0,23735500.0,19.46311,0.0,0.0,True
2030,P0071,Guizhou,retire,0.0,0.0,0.0,0.0,0.0,True
2030,P0071,Guizhou,ccs,0.0,0.0,0.0,0.0,0.0,True
2030,P0071,Guizhou,biomass,0.0,0.0,0.0,0.0,0.0,True
2030,P0071,Guizhou,beccs,0.0,0.0,0.0,0.0,0.0,True
2030,P0071,Guizhou,ammonia,0.0,0.0,0.0,0.0,0.0,True
2030,P0072,Heilongjiang,unabated,1.0,5565600.0,4.563792,0.0,0.0,True
2030,P0072,Heilongjiang,retire,0.0,0.0,0.0,0.0,0.0,True
2030,P0072,Heilongjiang,ccs,0.0,0.0,0.0,0.0,0.0,True
2030,P0072,Heilongjiang,biomass,0.0,0.0,0.0,0.0,0.0,True
2030,P0072,Heilongjiang,beccs,0.0,0.0,0.0,0.0,0.0,True
2030,P0072,Heilongjiang,ammonia,0.0,0.0,0.0,0.0,0.0,True
2030,P0073,Liaoning,unabated,1.0,6340931.499999999,5.199563829999999,0.0,0.0,True
2030,P0073,Liaoning,retire,0.0,0.0,0.0,0.0,0.0,True
2030,P0073,Liaoning,ccs,0.0,0.0,0.0,0.0,0.0,True
2030,P0073,Liaoning,biomass,0.0,0.0,0.0,0.0,0.0,True
2030,P0073,Liaoning,beccs,0.0,0.0,0.0,0.0,0.0,True
2030,P0073,Liaoning,ammonia,0.0,0.0,0.0,0.0,0.0,True
2030,P0074,Shaanxi,unabated,1.0,36893940.0,30.253030799999998,0.0,0.0,True
2030,P0074,Shaanxi,retire,0.0,0.0,0.0,0.0,0.0,True
2030,P0074,Shaanxi,ccs,0.0,0.0,0.0,0.0,0.0,True
2030,P0074,Shaanxi,biomass,0.0,0.0,0.0,0.0,0.0,True
2030,P0074,Shaanxi,beccs,0.0,0.0,0.0,0.0,0.0,True
2030,P0074,Shaanxi,ammonia,0.0,0.0,0.0,0.0,0.0,True
2030,P0075,Henan,unabated,1.0,7127208.0,5.844310559999999,0.0,0.0,True
2030,P0075,Henan,retire,0.0,0.0,0.0,0.0,0.0,True
2030,P0075,Henan,ccs,0.0,0.0,0.0,0.0,0.0,True
2030,P0075,Henan,biomass,0.0,0.0,0.0,0.0,0.0,True
2030,P0075,Henan,beccs,0.0,0.0,0.0,0.0,0.0,True
2030,P0075,Henan,ammonia,0.0,0.0,0.0,0.0,0.0,True
2030,P0076,Guangxi,unabated,1.0,13593944.000000002,11.147034080000001,0.0,0.0,True
2030,P0076,Guangxi,retire,0.0,0.0,0.0,0.0,0.0,True
2030,P0076,Guangxi,ccs,0.0,0.0,0.0,0.0,0.0,True
2030,P0076,Guangxi,biomass,0.0,0.0,0.0,0.0,0.0,True
2030,P0076,Guangxi,beccs,0.0,0.0,0.0,0.0,0.0,True
2030,P0076,Guangxi,ammonia,0.0,0.0,0.0,0.0,0.0,True
2030,P0077,Xinjiang,unabated,1.0,41298983.99999999,33.86516688,0.0,0.0,True
2030,P0077,Xinjiang,retire,0.0,0.0,0.0,0.0,0.0,True
2030,P0077,Xinjiang,ccs,0.0,0.0,0.0,0.0,0.0,True
2030,P0077,Xinjiang,biomass,0.0,0.0,0.0,0.0,0.0,True
2030,P0077,Xinjiang,beccs,0.0,0.0,0.0,0.0,0.0,True
2030,P0077,Xinjiang,ammonia,0.0,0.0,0.0,0.0,0.0,True
2030,P0078,Heilongjiang,unabated,1.0,18122985.0,14.860847699999999,0.0,0.0,True
2030,P0078,Heilongjiang,retire,0.0,0.0,0.0,0.0,0.0,True
2030,P0078,Heilongjiang,ccs,0.0,0.0,0.0,0.0,0.0,True
2030,P0078,Heilongjiang,biomass,0.0,0.0,0.0,0.0,0.0,True
2030,P0078,Heilongjiang,beccs,0.0,0.0,0.0,0.0,0.0,True
2030,P0078,Heilongjiang,ammonia,0.0,0.0,0.0,0.0,0.0,True
2030,P0079,Guangxi,unabated,1.0,42505008.0,34.85410656,0.0,0.0,True
2030,P0079,Guangxi,retire,0.0,0.0,0.0,0.0,0.0,True
2030,P0079,Guangxi,ccs,0.0,0.0,0.0,0.0,0.0,True
2030,P0079,Guangxi,biomass,0.0,0.0,0.0,0.0,0.0,True
2030,P0079,Guangxi,beccs,0.0,0.0,0.0,0.0,0.0,True
2030,P0079,Guangxi,ammonia,0.0,0.0,0.0,0.0,0.0,True
2030,P0080,Shandong,unabated,1.0,21587445.000000004,17.701704900000003,0.0,0.0,True
2030,P0080,Shandong,retire,0.0,0.0,0.0,0.0,0.0,True
2030,P0080,Shandong,ccs,0.0,0.0,0.0,0.0,0.0,True
2030,P0080,Shandong,biomass,0.0,0.0,0.0,0.0,0.0,True
2030,P0080,Shandong,beccs,0.0,0.0,0.0,0.0,0.0,True
2030,P0080,Shandong,ammonia,0.0,0.0,0.0,0.0,0.0,True
2030,P0081,Gansu,unabated,1.0,8798160.0,7.214491199999999,0.0,0.0,True
2030,P0081,Gansu,retire,0.0,0.0,0.0,0.0,0.0,True
2030,P0081,Gansu,ccs,0.0,0.0,0.0,0.0,0.0,True
2030,P0081,Gansu,biomass,0.0,0.0,0.0,0.0,0.0,True
2030,P0081,Gansu,beccs,0.0,0.0,0.0,0.0,0.0,True
2030,P0081,Gansu,ammonia,0.0,0.0,0.0,0.0,0.0,True
2030,P0082,Liaoning,unabated,1.0,7751749.999999999,6.356434999999999,0.0,0.0,True
2030,P0082,Liaoning,retire,0.0,0.0,0.0,0.0,0.0,True
2030,P0082,Liaoning,ccs,0.0,0.0,0.0,0.0,0.0,True
2030,P0082,Liaoning,biomass,0.0,0.0,0.0,0.0,0.0,True
2030,P0082,Liaoning,beccs,0.0,0.0,0.0,0.0,0.0,True
2030,P0082,Liaoning,ammonia,0.0,0.0,0.0,0.0,0.0,True
2030,P0083,Shaanxi,unabated,1.0,58041020.0,47.5936364,0.0,0.0,True
2030,P0083,Shaanxi,retire,0.0,0.0,0.0,0.0,0.0,True
2030,P0083,Shaanxi,ccs,0.0,0.0,0.0,0.0,0.0,True
2030,P0083,Shaanxi,biomass,0.0,0.0,0.0,0.0,0.0,True
2030,P0083,Shaanxi,beccs,0.0,0.0,0.0,0.0,0.0,True
2030,P0083,Shaanxi,ammonia,0.0,0.0,0.0,0.0,0.0,True
2030,P0084,Shaanxi,unabated,1.0,12207220.0,10.009920399999999,0.0,0.0,True
2030,P0084,Shaanxi,retire,0.0,0.0,0.0,0.0,0.0,True
2030,P0084,Shaanxi,ccs,0.0,0.0,0.0,0.0,0.0,True
2030,P0084,Shaanxi,biomass,0.0,0.0,0.0,0.0,0.0,True
2030,P0084,Shaanxi,beccs,0.0,0.0,0.0,0.0,0.0,True
2030,P0084,Shaanxi,ammonia,0.0,0.0,0.0,0.0,0.0,True
2030,P0085,Jiangsu,unabated,1.0,50405775.00000001,41.3327355,0.0,0.0,True
2030,P0085,Jiangsu,retire,0.0,0.0,0.0,0.0,0.0,True
2030,P0085,Jiangsu,ccs,0.0,0.0,0.0,0.0,0.0,True
2030,P0085,Jiangsu,biomass,0.0,0.0,0.0,0.0,0.0,True
2030,P0085,Jiangsu,beccs,0.0,0.0,0.0,0.0,0.0,True
2030,P0085,Jiangsu,ammonia,0.0,0.0,0.0,0.0,0.0,True
2030,P0086,Shaanxi,unabated,1.0,42929480.0,35.2021736,0.0,0.0,True
2030,P0086,Shaanxi,retire,0.0,0.0,0.0,0.0,0.0,True
2030,P0086,Shaanxi,ccs,0.0,0.0,0.0,0.0,0.0,True
2030,P0086,Shaanxi,biomass,0.0,0.0,0.0,0.0,0.0,True
2030,P0086,Shaanxi,beccs,0.0,0.0,0.0,0.0,0.0,True
2030,P0086,Shaanxi,ammonia,0.0,0.0,0.0,0.0,0.0,True
2030,P0087,Hebei,unabated,1.0,13588055.000000002,11.142205100000002,0.0,0.0,True
2030,P0087,Hebei,retire,0.0,0.0,0.0,0.0,0.0,True
2030,P0087,Hebei,ccs,0.0,0.0,0.0,0.0,0.0,True
2030,P0087,Hebei,biomass,0.0,0.0,0.0,0.0,0.0,True
2030,P0087,Hebei,beccs,0.0,0.0,0.0,0.0,0.0,True
2030,P0087,Hebei,ammonia,0.0,0.0,0.0,0.0,0.0,True
2030,P0088,Zhejiang,unabated,1.0,15775605.0,12.935996099999999,0.0,0.0,True
2030,P0088,Zhejiang,retire,0.0,0.0,0.0,0.0,0.0,True
2030,P0088,Zhejiang,ccs,0.0,0.0,0.0,0.0,0.0,True
2030,P0088,Zhejiang,biomass,0.0,0.0,0.0,0.0,0.0,True
2030,P0088,Zhejiang,beccs,0.0,0.0,0.0,0.0,0.0,True
2030,P0088,Zhejiang,ammonia,0.0,0.0,0.0,0.0,0.0,True
2030,P0089,Ningxia,unabated,1.0,131480305.0,107.8138501,0.0,0.0,True
2030,P0089,Ningxia,retire,0.0,0.0,0.0,0.0,0.0,True
2030,P0089,Ningxia,ccs,0.0,0.0,0.0,0.0,0.0,True
2030,P0089,Ningxia,biomass,0.0,0.0,0.0,0.0,0.0,True
2030,P0089,Ningxia,beccs,0.0,0.0,0.0,0.0,0.0,True
2030,P0089,Ningxia,ammonia,0.0,0.0,0.0,0.0,0.0,True
2030,P0090,Guangdong,unabated,1.0,34962181.2,28.668988584,0.0,0.0,True
2030,P0090,Guangdong,retire,0.0,0.0,0.0,0.0,0.0,True
2030,P0090,Guangdong,ccs,0.0,0.0,0.0,0.0,0.0,True
2030,P0090,Guangdong,biomass,0.0,0.0,0.0,0.0,0.0,True
2030,P0090,Guangdong,beccs,0.0,0.0,0.0,0.0,0.0,True
2030,P0090,Guangdong,ammonia,0.0,0.0,0.0,0.0,0.0,True
2030,P0091,Guangdong,unabated,1.0,35657946.0,29.23951572,0.0,0.0,True
2030,P0091,Guangdong,retire,0.0,0.0,0.0,0.0,0.0,True
2030,P0091,Guangdong,ccs,0.0,0.0,0.0,0.0,0.0,True
2030,P0091,Guangdong,biomass,0.0,0.0,0.0,0.0,0.0,True
2030,P0091,Guangdong,beccs,0.0,0.0,0.0,0.0,0.0,True
2030,P0091,Guangdong,ammonia,0.0,0.0,0.0,0.0,0.0,True
2030,P0092,Jiangxi,unabated,1.0,36462960.0,29.899627199999998,0.0,0.0,True
2030,P0092,Jiangxi,retire,0.0,0.0,0.0,0.0,0.0,True
2030,P0092,Jiangxi,ccs,0.0,0.0,0.0,0.0,0.0,True
2030,P0092,Jiangxi,biomass,0.0,0.0,0.0,0.0,0.0,True
2030,P0092,Jiangxi,beccs,0.0,0.0,0.0,0.0,0.0,True
2030,P0092,Jiangxi,ammonia,0.0,0.0,0.0,0.0,0.0,True
2030,P0093,Hunan,unabated,1.0,18069412.5,14.81691825,0.0,0.0,True
2030,P0093,Hunan,retire,0.0,0.0,0.0,0.0,0.0,True
2030,P0093,Hunan,ccs,0.0,0.0,0.0,0.0,0.0,True
2030,P0093,Hunan,biomass,0.0,0.0,0.0,0.0,0.0,True
2030,P0093,Hunan,beccs,0.0,0.0,0.0,0.0,0.0,True
2030,P0093,Hunan,ammonia,0.0,0.0,0.0,0.0,0.0,True
2030,P0094,Fujian,unabated,1.0,6459012.0,5.29638984,0.0,0.0,True
2030,P0094,Fujian,retire,0.0,0.0,0.0,0.0,0.0,True
2030,P0094,Fujian,ccs,0.0,0.0,0.0,0.0,0.0,True
2030,P0094,Fujian,biomass,0.0,0.0,0.0,0.0,0.0,True
2030,P0094,Fujian,beccs,0.0,0.0,0.0,0.0,0.0,True
2030,P0094,Fujian,ammonia,0.0,0.0,0.0,0.0,0.0,True
2030,P0095,Anhui,unabated,1.0,16313541.000000002,13.377103620000002,0.0,0.0,True
2030,P0095,Anhui,retire,0.0,0.0,0.0,0.0,0.0,True
2030,P0095,Anhui,ccs,0.0,0.0,0.0,0.0,0.0,True
2030,P0095,Anhui,biomass,0.0,0.0,0.0,0.0,0.0,True
2030,P0095,Anhui,beccs,0.0,0.0,0.0,0.0,0.0,True
2030,P0095,Anhui,ammonia,0.0,0.0,0.0,0.0,0.0,True
2030,P0096,Guangdong,unabated,1.0,22564039.0,18.50251198,0.0,0.0,True
2030,P0096,Guangdong,retire,0.0,0.0,0.0,0.0,0.0,True
2030,P0096,Guangdong,ccs,0.0,0.0,0.0,0.0,0.0,True
2030,P0096,Guangdong,biomass,0.0,0.0,0.0,0.0,0.0,True
2030,P0096,Guangdong,beccs,0.0,0.0,0.0,0.0,0.0,True
2030,P0096,Guangdong,ammonia,0.0,0.0,0.0,0.0,0.0,True
2030,P0097,Gansu,unabated,1.0,8881952.0,7.28320064,0.0,0.0,True
2030,P0097,Gansu,retire,0.0,0.0,0.0,0.0,0.0,True
2030,P0097,Gansu,ccs,0.0,0.0,0.0,0.0,0.0,True
2030,P0097,Gansu,biomass,0.0,0.0,0.0,0.0,0.0,True
2030,P0097,Gansu,beccs,0.0,0.0,0.0,0.0,0.0,True
2030,P0097,Gansu,ammonia,0.0,0.0,0.0,0.0,0.0,True
2030,P0098,Xinjiang,unabated,1.0,128966903.99999999,105.75286127999999,0.0,0.0,True
2030,P0098,Xinjiang,retire,0.0,0.0,0.0,0.0,0.0,True
2030,P0098,Xinjiang,ccs,0.0,0.0,0.0,0.0,0.0,True
2030,P0098,Xinjiang,biomass,0.0,0.0,0.0,0.0,0.0,True
2030,P0098,Xinjiang,beccs,0.0,0.0,0.0,0.0,0.0,True
2030,P0098,Xinjiang,ammonia,0.0,0.0,0.0,0.0,0.0,True
2030,P0099,Sichuan,unabated,1.0,4996399.999999999,4.097047999999999,0.0,0.0,True
2030,P0099,Sichuan,retire,0.0,0.0,0.0,0.0,0.0,True
2030,P0099,Sichuan,ccs,0.0,0.0,0.0,0.0,0.0,True
2030,P0099,Sichuan,biomass,0.0,0.0,0.0,0.0,0.0,True
2030,P0099,Sichuan,beccs,0.0,0.0,0.0,0.0,0.0,True
2030,P0099,Sichuan,ammonia,0.0,0.0,0.0,0.0,0.0,True
2030,P0100,Jiangxi,unabated,1.0,15157152.0,12.428864639999999,0.0,0.0,True
2030,P0100,Jiangxi,retire,0.0,0.0,0.0,0.0,0.0,True
2030,P0100,Jiangxi,ccs,0.0,0.0,0.0,0.0,0.0,True
2030,P0100,Jiangxi,biomass,0.0,0.0,0.0,0.0,0.0,True
2030,P0100,Jiangxi,beccs,0.0,0.0,0.0,0.0,0.0,True
2030,P0100,Jiangxi,ammonia,0.0,0.0,0.0,0.0,0.0,True
2030,P0101,Qinghai,unabated,1.0,19952390.0,16.3609598,0.0,0.0,True
2030,P0101,Qinghai,retire,0.0,0.0,0.0,0.0,0.0,True
2030,P0101,Qinghai,ccs,0.0,0.0,0.0,0.0,0.0,True
2030,P0101,Qinghai,biomass,0.0,0.0,0.0,0.0,0.0,True
2030,P0101,Qinghai,beccs,0.0,0.0,0.0,0.0,0.0,True
2030,P0101,Qinghai,ammonia,0.0,0.0,0.0,0.0,0.0,True
2030,P0102,Hunan,unabated,1.0,9845388.0,8.07321816,0.0,0.0,True
2030,P0102,Hunan,retire,0.0,0.0,0.0,0.0,0.0,True
2030,P0102,Hunan,ccs,0.0,0.0,0.0,0.0,0.0,True
2030,P0102,Hunan,biomass,0.0,0.0,0.0,0.0,0.0,True
2030,P0102,Hunan,beccs,0.0,0.0,0.0,0.0,0.0,True
2030,P0102,Hunan,ammonia,0.0,0.0,0.0,0.0,0.0,True
2030,P0103,Inner Mongolia,unabated,1.0,19119700.0,15.678153999999997,0.0,0.0,True
2030,P0103,Inner Mongolia,retire,0.0,0.0,0.0,0.0,0.0,True
2030,P0103,Inner Mongolia,ccs,0.0,0.0,0.0,0.0,0.0,True
2030,P0103,Inner Mongolia,biomass,0.0,0.0,0.0,0.0,0.0,True
2030,P0103,Inner Mongolia,beccs,0.0,0.0,0.0,0.0,0.0,True
2030,P0103,Inner Mongolia,ammonia,0.0,0.0,0.0,0.0,0.0,True
2030,P0104,Inner Mongolia,unabated,1.0,22843010.0,18.7312682,0.0,0.0,True
2030,P0104,Inner Mongolia,retire,0.0,0.0,0.0,0.0,0.0,True
2030,P0104,Inner Mongolia,ccs,0.0,0.0,0.0,0.0,0.0,True
2030,P0104,Inner Mongolia,biomass,0.0,0.0,0.0,0.0,0.0,True
2030,P0104,Inner Mongolia,beccs,0.0,0.0,0.0,0.0,0.0,True
2030,P0104,Inner Mongolia,ammonia,0.0,0.0,0.0,0.0,0.0,True
2030,P0105,Liaoning,unabated,1.0,4030910.0,3.3053462,0.0,0.0,True
2030,P0105,Liaoning,retire,0.0,0.0,0.0,0.0,0.0,True
2030,P0105,Liaoning,ccs,0.0,0.0,0.0,0.0,0.0,True
2030,P0105,Liaoning,biomass,0.0,0.0,0.0,0.0,0.0,True
2030,P0105,Liaoning,beccs,0.0,0.0,0.0,0.0,0.0,True
2030,P0105,Liaoning,ammonia,0.0,0.0,0.0,0.0,0.0,True
2030,P0106,Hubei,unabated,1.0,39558279.99999999,32.43778959999999,0.0,0.0,True
2030,P0106,Hubei,retire,0.0,0.0,0.0,0.0,0.0,True
2030,P0106,Hubei,ccs,0.0,0.0,0.0,0.0,0.0,True
2030,P0106,Hubei,biomass,0.0,0.0,0.0,0.0,0.0,True
2030,P0106,Hubei,beccs,0.0,0.0,0.0,0.0,0.0,True
2030,P0106,Hubei,ammonia,0.0,0.0,0.0,0.0,0.0,True
2030,P0107,Liaoning,unabated,1.0,14387248.0,11.797543359999999,0.0,0.0,True
2030,P0107,Liaoning,retire,0.0,0.0,0.0,0.0,0.0,True
2030,P0107,Liaoning,ccs,0.0,0.0,0.0,0.0,0.0,True
2030,P0107,Liaoning,biomass,0.0,0.0,0.0,0.0,0.0,True
2030,P0107,Liaoning,beccs,0.0,0.0,0.0,0.0,0.0,True
2030,P0107,Liaoning,ammonia,0.0,0.0,0.0,0.0,0.0,True
2030,P0108,Guangdong,unabated,1.0,22805624.0,18.700611679999998,0.0,0.0,True
2030,P0108,Guangdong,retire,0.0,0.0,0.0,0.0,0.0,True
2030,P0108,Guangdong,ccs,0.0,0.0,0.0,0.0,0.0,True
2030,P0108,Guangdong,biomass,0.0,0.0,0.0,0.0,0.0,True
2030,P0108,Guangdong,beccs,0.0,0.0,0.0,0.0,0.0,True
2030,P0108,Guangdong,ammonia,0.0,0.0,0.0,0.0,0.0,True
2030,P0109,Shaanxi,unabated,1.0,37846920.0,31.034474399999997,0.0,0.0,True
2030,P0109,Shaanxi,retire,0.0,0.0,0.0,0.0,0.0,True
2030,P0109,Shaanxi,ccs,0.0,0.0,0.0,0.0,0.0,True
2030,P0109,Shaanxi,biomass,0.0,0.0,0.0,0.0,0.0,True
2030,P0109,Shaanxi,beccs,0.0,0.0,0.0,0.0,0.0,True
2030,P0109,Shaanxi,ammonia,0.0,0.0,0.0,0.0,0.0,True
2030,P0110,Guizhou,unabated,1.0,62946546.0,51.61616772,0.0,0.0,True
2030,P0110,Guizhou,retire,0.0,0.0,0.0,0.0,0.0,True
2030,P0110,Guizhou,ccs,0.0,0.0,0.0,0.0,0.0,True
2030,P0110,Guizhou,biomass,0.0,0.0,0.0,0.0,0.0,True
2030,P0110,Guizhou,beccs,0.0,0.0,0.0,0.0,0.0,True
2030,P0110,Guizhou,ammonia,0.0,0.0,0.0,0.0,0.0,True
2030,P0111,Guangxi,unabated,0.0,0.0,0.0,0.0,0.0,True
2030,P0111,Guangxi,retire,0.0,0.0,0.0,0.0,0.0,True
2030,P0111,Guangxi,ccs,0.0,0.0,0.0,0.0,0.0,True
2030,P0111,Guangxi,biomass,1.0,587794.48,0.48199147359999994,0.48199147359999994,0.0,True
2030,P0111,Guangxi,beccs,0.0,0.0,0.0,0.0,0.0,True
2030,P0111,Guangxi,ammonia,0.0,0.0,0.0,0.0,0.0,True
2030,P0112,Guangdong,unabated,1.0,41166084.0,33.756188879999996,0.0,0.0,True
2030,P0112,Guangdong,retire,0.0,0.0,0.0,0.0,0.0,True
2030,P0112,Guangdong,ccs,0.0,0.0,0.0,0.0,0.0,True
2030,P0112,Guangdong,biomass,0.0,0.0,0.0,0.0,0.0,True
2030,P0112,Guangdong,beccs,0.0,0.0,0.0,0.0,0.0,True
2030,P0112,Guangdong,ammonia,0.0,0.0,0.0,0.0,0.0,True
2030,P0113,Inner Mongolia,unabated,1.0,20126000.0,16.50332,0.0,0.0,True
2030,P0113,Inner Mongolia,retire,0.0,0.0,0.0,0.0,0.0,True
2030,P0113,Inner Mongolia,ccs,0.0,0.0,0.0,0.0,0.0,True
2030,P0113,Inner Mongolia,biomass,0.0,0.0,0.0,0.0,0.0,True
2030,P0113,Inner Mongolia,beccs,0.0,0.0,0.0,0.0,0.0,True
2030,P0113,Inner Mongolia,ammonia,0.0,0.0,0.0,0.0,0.0,True
2030,P0114,Guangxi,unabated,1.0,29485456.0,24.17807392,0.0,0.0,True
2030,P0114,Guangxi,retire,0.0,0.0,0.0,0.0,0.0,True
2030,P0114,Guangxi,ccs,0.0,0.0,0.0,0.0,0.0,True
2030,P0114,Guangxi,biomass,0.0,0.0,0.0,0.0,0.0,True
2030,P0114,Guangxi,beccs,0.0,0.0,0.0,0.0,0.0,True
2030,P0114,Guangxi,ammonia,0.0,0.0,0.0,0.0,0.0,True
2030,P0115,Shandong,unabated,1.0,9550809.0,7.83166338,0.0,0.0,True
2030,P0115,Shandong,retire,0.0,0.0,0.0,0.0,0.0,True
2030,P0115,Shandong,ccs,0.0,0.0,0.0,0.0,0.0,True
2030,P0115,Shandong,biomass,0.0,0.0,0.0,0.0,0.0,True
2030,P0115,Shandong,beccs,0.0,0.0,0.0,0.0,0.0,True
2030,P0115,Shandong,ammonia,0.0,0.0,0.0,0.0,0.0,True
2030,P0116,Liaoning,unabated,1.0,2542573.9999999995,2.0849106799999997,0.0,0.0,True
2030,P0116,Liaoning,retire,0.0,0.0,0.0,0.0,0.0,True
2030,P0116,Liaoning,ccs,0.0,0.0,0.0,0.0,0.0,True
2030,P0116,Liaoning,biomass,0.0,0.0,0.0,0.0,0.0,True
2030,P0116,Liaoning,beccs,0.0,0.0,0.0,0.0,0.0,True
2030,P0116,Liaoning,ammonia,0.0,0.0,0.0,0.0,0.0,True
2030,P0117,Henan,unabated,1.0,8351072.0,6.8478790400000005,0.0,0.0,True
2030,P0117,Henan,retire,0.0,0.0,0.0,0.0,0.0,True
2030,P0117,Henan,ccs,0.0,0.0,0.0,0.0,0.0,True
2030,P0117,Henan,biomass,0.0,0.0,0.0,0.0,0.0,True
2030,P0117,Henan,beccs,0.0,0.0,0.0,0.0,0.0,True
2030,P0117,Henan,ammonia,0.0,0.0,0.0,0.0,0.0,True
2030,P0118,Liaoning,unabated,1.0,16867807.999999996,13.831602559999997,0.0,0.0,True
2030,P0118,Liaoning,retire,0.0,0.0,0.0,0.0,0.0,True
2030,P0118,Liaoning,ccs,0.0,0.0,0.0,0.0,0.0,True
2030,P0118,Liaoning,biomass,0.0,0.0,0.0,0.0,0.0,True
2030,P0118,Liaoning,beccs,0.0,0.0,0.0,0.0,0.0,True
2030,P0118,Liaoning,ammonia,0.0,0.0,0.0,0.0,0.0,True
2030,P0119,Guizhou,unabated,1.0,27248354.0,22.34365028,0.0,0.0,True
2030,P0119,Guizhou,retire,0.0,0.0,0.0,0.0,0.0,True
2030,P0119,Guizhou,ccs,0.0,0.0,0.0,0.0,0.0,True
2030,P0119,Guizhou,biomass,0.0,0.0,0.0,0.0,0.0,True
2030,P0119,Guizhou,beccs,0.0,0.0,0.0,0.0,0.0,True
2030,P0119,Guizhou,ammonia,0.0,0.0,0.0,0.0,0.0,True
2030,P0120,Inner Mongolia,unabated,1.0,23648049.999999996,19.391400999999995,0.0,0.0,True
2030,P0120,Inner Mongolia,retire,0.0,0.0,0.0,0.0,0.0,True
2030,P0120,Inner Mongolia,ccs,0.0,0.0,0.0,0.0,0.0,True
2030,P0120,Inner Mongolia,biomass,0.0,0.0,0.0,0.0,0.0,True
2030,P0120,Inner Mongolia,beccs,0.0,0.0,0.0,0.0,0.0,True
2030,P0120,Inner Mongolia,ammonia,0.0,0.0,0.0,0.0,0.0,True
2030,P0121,Guangdong,unabated,1.0,32662292.0,26.783079439999998,0.0,0.0,True
2030,P0121,Guangdong,retire,0.0,0.0,0.0,0.0,0.0,True
2030,P0121,Guangdong,ccs,0.0,0.0,0.0,0.0,0.0,True
2030,P0121,Guangdong,biomass,0.0,0.0,0.0,0.0,0.0,True
2030,P0121,Guangdong,beccs,0.0,0.0,0.0,0.0,0.0,True
2030,P0121,Guangdong,ammonia,0.0,0.0,0.0,0.0,0.0,True
2030,P0122,Shaanxi,unabated,1.0,33535820.0,27.4993724,0.0,0.0,True
2030,P0122,Shaanxi,retire,0.0,0.0,0.0,0.0,0.0,True
2030,P0122,Shaanxi,ccs,0.0,0.0,0.0,0.0,0.0,True
2030,P0122,Shaanxi,biomass,0.0,0.0,0.0,0.0,0.0,True
2030,P0122,Shaanxi,beccs,0.0,0.0,0.0,0.0,0.0,True
2030,P0122,Shaanxi,ammonia,0.0,0.0,0.0,0.0,0.0,True
2030,P0123,Hebei,unabated,1.0,29973912.800000004,24.578608496000005,0.0,0.0,True
2030,P0123,Hebei,retire,0.0,0.0,0.0,0.0,0.0,True
2030,P0123,Hebei,ccs,0.0,0.0,0.0,0.0,0.0,True
2030,P0123,Hebei,biomass,0.0,0.0,0.0,0.0,0.0,True
2030,P0123,Hebei,beccs,0.0,0.0,0.0,0.0,0.0,True
2030,P0123,Hebei,ammonia,0.0,0.0,0.0,0.0,0.0,True
2030,P0124,Henan,unabated,1.0,42007332.0,34.446012239999995,0.0,0.0,True
2030,P0124,Henan,retire,0.0,0.0,0.0,0.0,0.0,True
2030,P0124,Henan,ccs,0.0,0.0,0.0,0.0,0.0,True
2030,P0124,Henan,biomass,0.0,0.0,0.0,0.0,0.0,True
2030,P0124,Henan,beccs,0.0,0.0,0.0,0.0,0.0,True
2030,P0124,Henan,ammonia,0.0,0.0,0.0,0.0,0.0,True
2030,P0125,Xinjiang,unabated,1.0,62899091.99999999,51.57725543999999,0.0,0.0,True
2030,P0125,Xinjiang,retire,0.0,0.0,0.0,0.0,0.0,True
2030,P0125,Xinjiang,ccs,0.0,0.0,0.0,0.0,0.0,True
2030,P0125,Xinjiang,biomass,0.0,0.0,0.0,0.0,0.0,True
2030,P0125,Xinjiang,beccs,0.0,0.0,0.0,0.0,0.0,True
2030,P0125,Xinjiang,ammonia,0.0,0.0,0.0,0.0,0.0,True
2030,P0126,Jiangsu,unabated,1.0,86326786.00000001,70.78796452000002,0.0,0.0,True
2030,P0126,Jiangsu,retire,0.0,0.0,0.0,0.0,0.0,True
2030,P0126,Jiangsu,ccs,0.0,0.0,0.0,0.0,0.0,True
2030,P0126,Jiangsu,biomass,0.0,0.0,0.0,0.0,0.0,True
2030,P0126,Jiangsu,beccs,0.0,0.0,0.0,0.0,0.0,True
2030,P0126,Jiangsu,ammonia,0.0,0.0,0.0,0.0,0.0,True
2030,P0127,Hebei,unabated,1.0,7796425.000000001,6.3930685,0.0,0.0,True
2030,P0127,Hebei,retire,0.0,0.0,0.0,0.0,0.0,True
2030,P0127,Hebei,ccs,0.0,0.0,0.0,0.0,0.0,True
2030,P0127,Hebei,biomass,0.0,0.0,0.0,0.0,0.0,True
2030,P0127,Hebei,beccs,0.0,0.0,0.0,0.0,0.0,True
2030,P0127,Hebei,ammonia,0.0,0.0,0.0,0.0,0.0,True
2030,P0128,Xinjiang,unabated,1.0,5122764.0,4.20066648,0.0,0.0,True
2030,P0128,Xinjiang,retire,0.0,0.0,0.0,0.0,0.0,True
2030,P0128,Xinjiang,ccs,0.0,0.0,0.0,0.0,0.0,True
2030,P0128,Xinjiang,biomass,0.0,0.0,0.0,0.0,0.0,True
2030,P0128,Xinjiang,beccs,0.0,0.0,0.0,0.0,0.0,True
2030,P0128,Xinjiang,ammonia,0.0,0.0,0.0,0.0,0.0,True
2030,P0129,Inner Mongolia,unabated,1.0,67573045.0,55.4098969,0.0,0.0,True
2030,P0129,Inner Mongolia,retire,0.0,0.0,0.0,0.0,0.0,True
2030,P0129,Inner Mongolia,ccs,0.0,0.0,0.0,0.0,0.0,True
2030,P0129,Inner Mongolia,biomass,0.0,0.0,0.0,0.0,0.0,True
2030,P0129,Inner Mongolia,beccs,0.0,0.0,0.0,0.0,0.0,True
2030,P0129,Inner Mongolia,ammonia,0.0,0.0,0.0,0.0,0.0,True
2030,P0130,Hebei,unabated,1.0,5791630.0,4.7491366,0.0,0.0,True
2030,P0130,Hebei,retire,0.0,0.0,0.0,0.0,0.0,True
2030,P0130,Hebei,ccs,0.0,0.0,0.0,0.0,0.0,True
2030,P0130,Hebei,biomass,0.0,0.0,0.0,0.0,0.0,True
2030,P0130,Hebei,beccs,0.0,0.0,0.0,0.0,0.0,True
2030,P0130,Hebei,ammonia,0.0,0.0,0.0,0.0,0.0,True
2030,P0131,Zhejiang,unabated,1.0,68084190.0,55.8290358,0.0,0.0,True
2030,P0131,Zhejiang,retire,0.0,0.0,0.0,0.0,0.0,True
2030,P0131,Zhejiang,ccs,0.0,0.0,0.0,0.0,0.0,True
2030,P0131,Zhejiang,biomass,0.0,0.0,0.0,0.0,0.0,True
2030,P0131,Zhejiang,beccs,0.0,0.0,0.0,0.0,0.0,True
2030,P0131,Zhejiang,ammonia,0.0,0.0,0.0,0.0,0.0,True
2030,P0132,Jilin,unabated,1.0,6228808.0,5.107622559999999,0.0,0.0,True
2030,P0132,Jilin,retire,0.0,0.0,0.0,0.0,0.0,True
2030,P0132,Jilin,ccs,0.0,0.0,0.0,0.0,0.0,True
2030,P0132,Jilin,biomass,0.0,0.0,0.0,0.0,0.0,True
2030,P0132,Jilin,beccs,0.0,0.0,0.0,0.0,0.0,True
2030,P0132,Jilin,ammonia,0.0,0.0,0.0,0.0,0.0,True
2030,P0133,Anhui,unabated,1.0,31000810.000000004,25.420664200000004,0.0,0.0,True
2030,P0133,Anhui,retire,0.0,0.0,0.0,0.0,0.0,True
2030,P0133,Anhui,ccs,0.0,0.0,0.0,0.0,0.0,True
2030,P0133,Anhui,biomass,0.0,0.0,0.0,0.0,0.0,True
2030,P0133,Anhui,beccs,0.0,0.0,0.0,0.0,0.0,True
2030,P0133,Anhui,ammonia,0.0,0.0,0.0,0.0,0.0,True
2030,P0134,Shanxi,unabated,1.0,14837547.5,12.166788949999999,0.0,0.0,True
2030,P0134,Shanxi,retire,0.0,0.0,0.0,0.0,0.0,True
2030,P0134,Shanxi,ccs,0.0,0.0,0.0,0.0,0.0,True
2030,P0134,Shanxi,biomass,0.0,0.0,0.0,0.0,0.0,True
2030,P0134,Shanxi,beccs,0.0,0.0,0.0,0.0,0.0,True
2030,P0134,Shanxi,ammonia,0.0,0.0,0.0,0.0,0.0,True
2030,P0135,Liaoning,unabated,1.0,5891330.0,4.8308906,0.0,0.0,True
2030,P0135,Liaoning,retire,0.0,0.0,0.0,0.0,0.0,True
2030,P0135,Liaoning,ccs,0.0,0.0,0.0,0.0,0.0,True
2030,P0135,Liaoning,biomass,0.0,0.0,0.0,0.0,0.0,True
2030,P0135,Liaoning,beccs,0.0,0.0,0.0,0.0,0.0,True
2030,P0135,Liaoning,ammonia,0.0,0.0,0.0,0.0,0.0,True
2030,P0136,Inner Mongolia,unabated,1.0,4427720.0,3.6307304,0.0,0.0,True
2030,P0136,Inner Mongolia,retire,0.0,0.0,0.0,0.0,0.0,True
2030,P0136,Inner Mongolia,ccs,0.0,0.0,0.0,0.0,0.0,True
2030,P0136,Inner Mongolia,biomass,0.0,0.0,0.0,0.0,0.0,True
2030,P0136,Inner Mongolia,beccs,0.0,0.0,0.0,0.0,0.0,True
2030,P0136,Inner Mongolia,ammonia,0.0,0.0,0.0,0.0,0.0,True
2030,P0137,Xinjiang,unabated,1.0,7393679.999999999,6.062817599999999,0.0,0.0,True
2030,P0137,Xinjiang,retire,0.0,0.0,0.0,0.0,0.0,True
2030,P0137,Xinjiang,ccs,0.0,0.0,0.0,0.0,0.0,True
2030,P0137,Xinjiang,biomass,0.0,0.0,0.0,0.0,0.0,True
2030,P0137,Xinjiang,beccs,0.0,0.0,0.0,0.0,0.0,True
2030,P0137,Xinjiang,ammonia,0.0,0.0,0.0,0.0,0.0,True
2030,P0138,Jilin,unabated,1.0,4345680.000000001,3.5634576000000004,0.0,0.0,True
2030,P0138,Jilin,retire,0.0,0.0,0.0,0.0,0.0,True
2030,P0138,Jilin,ccs,0.0,0.0,0.0,0.0,0.0,True
2030,P0138,Jilin,biomass,0.0,0.0,0.0,0.0,0.0,True
2030,P0138,Jilin,beccs,0.0,0.0,0.0,0.0,0.0,True
2030,P0138,Jilin,ammonia,0.0,0.0,0.0,0.0,0.0,True
2030,P0139,Heilongjiang,unabated,1.0,4156807.5000000005,3.4085821500000004,0.0,0.0,True
2030,P0139,Heilongjiang,retire,0.0,0.0,0.0,0.0,0.0,True
2030,P0139,Heilongjiang,ccs,0.0,0.0,0.0,0.0,0.0,True
2030,P0139,Heilongjiang,biomass,0.0,0.0,0.0,0.0,0.0,True
2030,P0139,Heilongjiang,beccs,0.0,0.0,0.0,0.0,0.0,True
2030,P0139,Heilongjiang,ammonia,0.0,0.0,0.0,0.0,0.0,True
2030,P0140,Guangdong,unabated,1.0,55467916.0,45.483691119999996,0.0,0.0,True
2030,P0140,Guangdong,retire,0.0,0.0,0.0,0.0,0.0,True
2030,P0140,Guangdong,ccs,0.0,0.0,0.0,0.0,0.0,True
2030,P0140,Guangdong,biomass,0.0,0.0,0.0,0.0,0.0,True
2030,P0140,Guangdong,beccs,0.0,0.0,0.0,0.0,0.0,True
2030,P0140,Guangdong,ammonia,0.0,0.0,0.0,0.0,0.0,True
2030,P0141,Shandong,unabated,1.0,46881825.00000001,38.44309650000001,0.0,0.0,True
2030,P0141,Shandong,retire,0.0,0.0,0.0,0.0,0.0,True
2030,P0141,Shandong,ccs,0.0,0.0,0.0,0.0,0.0,True
2030,P0141,Shandong,biomass,0.0,0.0,0.0,0.0,0.0,True
2030,P0141,Shandong,beccs,0.0,0.0,0.0,0.0,0.0,True
2030,P0141,Shandong,ammonia,0.0,0.0,0.0,0.0,0.0,True
2030,P0142,Jiangsu,unabated,1.0,33453385.000000004,27.431775700000003,0.0,0.0,True
2030,P0142,Jiangsu,retire,0.0,0.0,0.0,0.0,0.0,True
2030,P0142,Jiangsu,ccs,0.0,0.0,0.0,0.0,0.0,True
2030,P0142,Jiangsu,biomass,0.0,0.0,0.0,0.0,0.0,True
2030,P0142,Jiangsu,beccs,0.0,0.0,0.0,0.0,0.0,True
2030,P0142,Jiangsu,ammonia,0.0,0.0,0.0,0.0,0.0,True
2030,P0143,Yunnan,unabated,1.0,11205499.999999998,9.188509999999997,0.0,0.0,True
2030,P0143,Yunnan,retire,0.0,0.0,0.0,0.0,0.0,True
2030,P0143,Yunnan,ccs,0.0,0.0,0.0,0.0,0.0,True
2030,P0143,Yunnan,biomass,0.0,0.0,0.0,0.0,0.0,True
2030,P0143,Yunnan,beccs,0.0,0.0,0.0,0.0,0.0,True
2030,P0143,Yunnan,ammonia,0.0,0.0,0.0,0.0,0.0,True
2030,P0144,Shanxi,unabated,1.0,32892597.499999996,26.971929949999996,0.0,0.0,True
2030,P0144,Shanxi,retire,0.0,0.0,0.0,0.0,0.0,True
2030,P0144,Shanxi,ccs,0.0,0.0,0.0,0.0,0.0,True
2030,P0144,Shanxi,biomass,0.0,0.0,0.0,0.0,0.0,True
2030,P0144,Shanxi,beccs,0.0,0.0,0.0,0.0,0.0,True
2030,P0144,Shanxi,ammonia,0.0,0.0,0.0,0.0,0.0,True
2030,P0145,Liaoning,unabated,1.0,8185847.999999999,6.712395359999999,0.0,0.0,True
2030,P0145,Liaoning,retire,0.0,0.0,0.0,0.0,0.0,True
2030,P0145,Liaoning,ccs,0.0,0.0,0.0,0.0,0.0,True
2030,P0145,Liaoning,biomass,0.0,0.0,0.0,0.0,0.0,True
2030,P0145,Liaoning,beccs,0.0,0.0,0.0,0.0,0.0,True
2030,P0145,Liaoning,ammonia,0.0,0.0,0.0,0.0,0.0,True
2030,P0146,Shanxi,unabated,1.0,19906850.0,16.323617,0.0,0.0,True
2030,P0146,Shanxi,retire,0.0,0.0,0.0,0.0,0.0,True
2030,P0146,Shanxi,ccs,0.0,0.0,0.0,0.0,0.0,True
2030,P0146,Shanxi,biomass,0.0,0.0,0.0,0.0,0.0,True
2030,P0146,Shanxi,beccs,0.0,0.0,0.0,0.0,0.0,True
2030,P0146,Shanxi,ammonia,0.0,0.0,0.0,0.0,0.0,True
2030,P0147,Inner Mongolia,unabated,1.0,15698279.999999998,12.872589599999998,0.0,0.0,True
2030,P0147,Inner Mongolia,retire,0.0,0.0,0.0,0.0,0.0,True
2030,P0147,Inner Mongolia,ccs,0.0,0.0,0.0,0.0,0.0,True
2030,P0147,Inner Mongolia,biomass,0.0,0.0,0.0,0.0,0.0,True
2030,P0147,Inner Mongolia,beccs,0.0,0.0,0.0,0.0,0.0,True
2030,P0147,Inner Mongolia,ammonia,0.0,0.0,0.0,0.0,0.0,True
2030,P0148,Shandong,unabated,1.0,9114699.000000002,7.47405318,0.0,0.0,True
2030,P0148,Shandong,retire,0.0,0.0,0.0,0.0,0.0,True
2030,P0148,Shandong,ccs,0.0,0.0,0.0,0.0,0.0,True
2030,P0148,Shandong,biomass,0.0,0.0,0.0,0.0,0.0,True
2030,P0148,Shandong,beccs,0.0,0.0,0.0,0.0,0.0,True
2030,P0148,Shandong,ammonia,0.0,0.0,0.0,0.0,0.0,True
2030,P0149,Shaanxi,unabated,1.0,42384920.0,34.7556344,0.0,0.0,True
2030,P0149,Shaanxi,retire,0.0,0.0,0.0,0.0,0.0,True
2030,P0149,Shaanxi,ccs,0.0,0.0,0.0,0.0,0.0,True
2030,P0149,Shaanxi,biomass,0.0,0.0,0.0,0.0,0.0,True
2030,P0149,Shaanxi,beccs,0.0,0.0,0.0,0.0,0.0,True
2030,P0149,Shaanxi,ammonia,0.0,0.0,0.0,0.0,0.0,True
2030,P0150,Guizhou,unabated,1.0,664594.0,0.5449670799999999,0.0,0.0,True
2030,P0150,Guizhou,retire,0.0,0.0,0.0,0.0,0.0,True
2030,P0150,Guizhou,ccs,0.0,0.0,0.0,0.0,0.0,True
2030,P0150,Guizhou,biomass,0.0,0.0,0.0,0.0,0.0,True
2030,P0150,Guizhou,beccs,0.0,0.0,0.0,0.0,0.0,True
2030,P0150,Guizhou,ammonia,0.0,0.0,0.0,0.0,0.0,True
2030,P0151,Shandong,unabated,1.0,16899262.500000004,13.857395250000001,0.0,0.0,True
2030,P0151,Shandong,retire,0.0,0.0,0.0,0.0,0.0,True
2030,P0151,Shandong,ccs,0.0,0.0,0.0,0.0,0.0,True
2030,P0151,Shandong,biomass,0.0,0.0,0.0,0.0,0.0,True
2030,P0151,Shandong,beccs,0.0,0.0,0.0,0.0,0.0,True
2030,P0151,Shandong,ammonia,0.0,0.0,0.0,0.0,0.0,True
2030,P0152,Guangdong,unabated,1.0,6426161.0,5.269452019999999,0.0,0.0,True
2030,P0152,Guangdong,retire,0.0,0.0,0.0,0.0,0.0,True
2030,P0152,Guangdong,ccs,0.0,0.0,0.0,0.0,0.0,True
2030,P0152,Guangdong,biomass,0.0,0.0,0.0,0.0,0.0,True
2030,P0152,Guangdong,beccs,0.0,0.0,0.0,0.0,0.0,True
2030,P0152,Guangdong,ammonia,0.0,0.0,0.0,0.0,0.0,True
2030,P0153,Heilongjiang,unabated,1.0,7391812.500000001,6.06128625,0.0,0.0,True
2030,P0153,Heilongjiang,retire,0.0,0.0,0.0,0.0,0.0,True
2030,P0153,Heilongjiang,ccs,0.0,0.0,0.0,0.0,0.0,True
2030,P0153,Heilongjiang,biomass,0.0,0.0,0.0,0.0,0.0,True
2030,P0153,Heilongjiang,beccs,0.0,0.0,0.0,0.0,0.0,True
2030,P0153,Heilongjiang,ammonia,0.0,0.0,0.0,0.0,0.0,True
2030,P0154,Tianjin,unabated,1.0,26537140.0,21.760454799999998,0.0,0.0,True
2030,P0154,Tianjin,retire,0.0,0.0,0.0,0.0,0.0,True
2030,P0154,Tianjin,ccs,0.0,0.0,0.0,0.0,0.0,True
2030,P0154,Tianjin,biomass,0.0,0.0,0.0,0.0,0.0,True
2030,P0154,Tianjin,beccs,0.0,0.0,0.0,0.0,0.0,True
2030,P0154,Tianjin,ammonia,0.0,0.0,0.0,0.0,0.0,True
2030,P0155,Shanxi,unabated,1.0,14175528.999999998,11.623933779999998,0.0,0.0,True
2030,P0155,Shanxi,retire,0.0,0.0,0.0,0.0,0.0,True
2030,P0155,Shanxi,ccs,0.0,0.0,0.0,0.0,0.0,True
2030,P0155,Shanxi,biomass,0.0,0.0,0.0,0.0,0.0,True
2030,P0155,Shanxi,beccs,0.0,0.0,0.0,0.0,0.0,True
2030,P0155,Shanxi,ammonia,0.0,0.0,0.0,0.0,0.0,True
2030,P0156,Yunnan,unabated,1.0,2689319.9999999995,2.2052423999999995,0.0,0.0,True
2030,P0156,Yunnan,retire,0.0,0.0,0.0,0.0,0.0,True
2030,P0156,Yunnan,ccs,0.0,0.0,0.0,0.0,0.0,True
2030,P0156,Yunnan,biomass,0.0,0.0,0.0,0.0,0.0,True
2030,P0156,Yunnan,beccs,0.0,0.0,0.0,0.0,0.0,True
2030,P0156,Yunnan,ammonia,0.0,0.0,0.0,0.0,0.0,True
2030,P0157,Guizhou,unabated,1.0,24495036.0,20.08592952,0.0,0.0,True
2030,P0157,Guizhou,retire,0.0,0.0,0.0,0.0,0.0,True
2030,P0157,Guizhou,ccs,0.0,0.0,0.0,0.0,0.0,True
2030,P0157,Guizhou,biomass,0.0,0.0,0.0,0.0,0.0,True
2030,P0157,Guizhou,beccs,0.0,0.0,0.0,0.0,0.0,True
2030,P0157,Guizhou,ammonia,0.0,0.0,0.0,0.0,0.0,True
2030,P0158,Guangxi,unabated,1.0,7299565.0,5.9856432999999996,0.0,0.0,True
2030,P0158,Guangxi,retire,0.0,0.0,0.0,0.0,0.0,True
2030,P0158,Guangxi,ccs,0.0,0.0,0.0,0.0,0.0,True
2030,P0158,Guangxi,biomass,0.0,0.0,0.0,0.0,0.0,True
2030,P0158,Guangxi,beccs,0.0,0.0,0.0,0.0,0.0,True
2030,P0158,Guangxi,ammonia,0.0,0.0,0.0,0.0,0.0,True
2030,P0159,Fujian,unabated,1.0,17480341.999999996,14.333880439999996,0.0,0.0,True
2030,P0159,Fujian,retire,0.0,0.0,0.0,0.0,0.0,True
2030,P0159,Fujian,ccs,0.0,0.0,0.0,0.0,0.0,True
2030,P0159,Fujian,biomass,0.0,0.0,0.0,0.0,0.0,True
2030,P0159,Fujian,beccs,0.0,0.0,0.0,0.0,0.0,True
2030,P0159,Fujian,ammonia,0.0,0.0,0.0,0.0,0.0,True
2030,P0160,Hubei,unabated,1.0,16573231.999999998,13.590050239999998,0.0,0.0,True
2030,P0160,Hubei,retire,0.0,0.0,0.0,0.0,0.0,True
2030,P0160,Hubei,ccs,0.0,0.0,0.0,0.0,0.0,True
2030,P0160,Hubei,biomass,0.0,0.0,0.0,0.0,0.0,True
2030,P0160,Hubei,beccs,0.0,0.0,0.0,0.0,0.0,True
2030,P0160,Hubei,ammonia,0.0,0.0,0.0,0.0,0.0,True
2030,P0161,Zhejiang,unabated,1.0,2629267.5,2.15599935,0.0,0.0,True
2030,P0161,Zhejiang,retire,0.0,0.0,0.0,0.0,0.0,True
2030,P0161,Zhejiang,ccs,0.0,0.0,0.0,0.0,0.0,True
2030,P0161,Zhejiang,biomass,0.0,0.0,0.0,0.0,0.0,True
2030,P0161,Zhejiang,beccs,0.0,0.0,0.0,0.0,0.0,True
2030,P0161,Zhejiang,ammonia,0.0,0.0,0.0,0.0,0.0,True
2030,P0162,Shandong,unabated,1.0,5974707.0,4.899259739999999,0.0,0.0,True
2030,P0162,Shandong,retire,0.0,0.0,0.0,0.0,0.0,True
2030,P0162,Shandong,ccs,0.0,0.0,0.0,0.0,0.0,True
2030,P0162,Shandong,biomass,0.0,0.0,0.0,0.0,0.0,True
2030,P0162,Shandong,beccs,0.0,0.0,0.0,0.0,0.0,True
2030,P0162,Shandong,ammonia,0.0,0.0,0.0,0.0,0.0,True
2030,P0163,Hebei,unabated,1.0,11583260.0,9.4982732,0.0,0.0,True
2030,P0163,Hebei,retire,0.0,0.0,0.0,0.0,0.0,True
2030,P0163,Hebei,ccs,0.0,0.0,0.0,0.0,0.0,True
2030,P0163,Hebei,biomass,0.0,0.0,0.0,0.0,0.0,True
2030,P0163,Hebei,beccs,0.0,0.0,0.0,0.0,0.0,True
2030,P0163,Hebei,ammonia,0.0,0.0,0.0,0.0,0.0,True
2030,P0164,Hunan,unabated,1.0,12502080.0,10.2517056,0.0,0.0,True
2030,P0164,Hunan,retire,0.0,0.0,0.0,0.0,0.0,True
2030,P0164,Hunan,ccs,0.0,0.0,0.0,0.0,0.0,True
2030,P0164,Hunan,biomass,0.0,0.0,0.0,0.0,0.0,True
2030,P0164,Hunan,beccs,0.0,0.0,0.0,0.0,0.0,True
2030,P0164,Hunan,ammonia,0.0,0.0,0.0,0.0,0.0,True
2030,P0165,Hebei,unabated,1.0,5346120.0,4.383818399999999,0.0,0.0,True
2030,P0165,Hebei,retire,0.0,0.0,0.0,0.0,0.0,True
2030,P0165,Hebei,ccs,0.0,0.0,0.0,0.0,0.0,True
2030,P0165,Hebei,biomass,0.0,0.0,0.0,0.0,0.0,True
2030,P0165,Hebei,beccs,0.0,0.0,0.0,0.0,0.0,True
2030,P0165,Hebei,ammonia,0.0,0.0,0.0,0.0,0.0,True
2030,P0166,Guangxi,unabated,1.0,8807344.0,7.2220220799999995,0.0,0.0,True
2030,P0166,Guangxi,retire,0.0,0.0,0.0,0.0,0.0,True
2030,P0166,Guangxi,ccs,0.0,0.0,0.0,0.0,0.0,True
2030,P0166,Guangxi,biomass,0.0,0.0,0.0,0.0,0.0,True
2030,P0166,Guangxi,beccs,0.0,0.0,0.0,0.0,0.0,True
2030,P0166,Guangxi,ammonia,0.0,0.0,0.0,0.0,0.0,True
2030,P0167,Shandong,unabated,1.0,52621032.60000001,43.14924673200001,0.0,0.0,True
2030,P0167,Shandong,retire,0.0,0.0,0.0,0.0,0.0,True
2030,P0167,Shandong,ccs,0.0,0.0,0.0,0.0,0.0,True
2030,P0167,Shandong,biomass,0.0,0.0,0.0,0.0,0.0,True
2030,P0167,Shandong,beccs,0.0,0.0,0.0,0.0,0.0,True
2030,P0167,Shandong,ammonia,0.0,0.0,0.0,0.0,0.0,True
2030,P0168,Xinjiang,unabated,1.0,8555543.999999998,7.015546079999998,0.0,0.0,True
2030,P0168,Xinjiang,retire,0.0,0.0,0.0,0.0,0.0,True
2030,P0168,Xinjiang,ccs,0.0,0.0,0.0,0.0,0.0,True
2030,P0168,Xinjiang,biomass,0.0,0.0,0.0,0.0,0.0,True
2030,P0168,Xinjiang,beccs,0.0,0.0,0.0,0.0,0.0,True
2030,P0168,Xinjiang,ammonia,0.0,0.0,0.0,0.0,0.0,True
2030,P0169,Guizhou,unabated,1.0,7120650.0,5.838933,0.0,0.0,True
2030,P0169,Guizhou,retire,0.0,0.0,0.0,0.0,0.0,True
2030,P0169,Guizhou,ccs,0.0,0.0,0.0,0.0,0.0,True
2030,P0169,Guizhou,biomass,0.0,0.0,0.0,0.0,0.0,True
2030,P0169,Guizhou,beccs,0.0,0.0,0.0,0.0,0.0,True
2030,P0169,Guizhou,ammonia,0.0,0.0,0.0,0.0,0.0,True
2030,P0170,Shandong,unabated,1.0,33013527.000000004,27.07109214,0.0,0.0,True
2030,P0170,Shandong,retire,0.0,0.0,0.0,0.0,0.0,True
2030,P0170,Shandong,ccs,0.0,0.0,0.0,0.0,0.0,True
2030,P0170,Shandong,biomass,0.0,0.0,0.0,0.0,0.0,True
2030,P0170,Shandong,beccs,0.0,0.0,0.0,0.0,0.0,True
2030,P0170,Shandong,ammonia,0.0,0.0,0.0,0.0,0.0,True
2030,P0171,Shaanxi,unabated,1.0,15202300.0,12.465886,0.0,0.0,True
2030,P0171,Shaanxi,retire,0.0,0.0,0.0,0.0,0.0,True
2030,P0171,Shaanxi,ccs,0.0,0.0,0.0,0.0,0.0,True
2030,P0171,Shaanxi,biomass,0.0,0.0,0.0,0.0,0.0,True
2030,P0171,Shaanxi,beccs,0.0,0.0,0.0,0.0,0.0,True
2030,P0171,Shaanxi,ammonia,0.0,0.0,0.0,0.0,0.0,True
2030,P0172,Sichuan,unabated,1.0,16288263.999999998,13.356376479999998,0.0,0.0,True
2030,P0172,Sichuan,retire,0.0,0.0,0.0,0.0,0.0,True
2030,P0172,Sichuan,ccs,0.0,0.0,0.0,0.0,0.0,True
2030,P0172,Sichuan,biomass,0.0,0.0,0.0,0.0,0.0,True
2030,P0172,Sichuan,beccs,0.0,0.0,0.0,0.0,0.0,True
2030,P0172,Sichuan,ammonia,0.0,0.0,0.0,0.0,0.0,True
2030,P0173,Ningxia,unabated,1.0,26644024.0,21.84809968,0.0,0.0,True
2030,P0173,Ningxia,retire,0.0,0.0,0.0,0.0,0.0,True
2030,P0173,Ningxia,ccs,0.0,0.0,0.0,0.0,0.0,True
2030,P0173,Ningxia,biomass,0.0,0.0,0.0,0.0,0.0,True
2030,P0173,Ningxia,beccs,0.0,0.0,0.0,0.0,0.0,True
2030,P0173,Ningxia,ammonia,0.0,0.0,0.0,0.0,0.0,True
2030,P0174,Shanxi,unabated,1.0,37452655.0,30.711177099999997,0.0,0.0,True
2030,P0174,Shanxi,retire,0.0,0.0,0.0,0.0,0.0,True
2030,P0174,Shanxi,ccs,0.0,0.0,0.0,0.0,0.0,True
2030,P0174,Shanxi,biomass,0.0,0.0,0.0,0.0,0.0,True
2030,P0174,Shanxi,beccs,0.0,0.0,0.0,0.0,0.0,True
2030,P0174,Shanxi,ammonia,0.0,0.0,0.0,0.0,0.0,True
2030,P0175,Guizhou,unabated,1.0,8544780.0,7.006719599999999,0.0,0.0,True
2030,P0175,Guizhou,retire,0.0,0.0,0.0,0.0,0.0,True
2030,P0175,Guizhou,ccs,0.0,0.0,0.0,0.0,0.0,True
2030,P0175,Guizhou,biomass,0.0,0.0,0.0,0.0,0.0,True
2030,P0175,Guizhou,beccs,0.0,0.0,0.0,0.0,0.0,True
2030,P0175,Guizhou,ammonia,0.0,0.0,0.0,0.0,0.0,True
2030,P0176,Hubei,unabated,1.0,17623120.0,14.4509584,0.0,0.0,True
2030,P0176,Hubei,retire,0.0,0.0,0.0,0.0,0.0,True
2030,P0176,Hubei,ccs,0.0,0.0,0.0,0.0,0.0,True
2030,P0176,Hubei,biomass,0.0,0.0,0.0,0.0,0.0,True
2030,P0176,Hubei,beccs,0.0,0.0,0.0,0.0,0.0,True
2030,P0176,Hubei,ammonia,0.0,0.0,0.0,0.0,0.0,True
2030,P0177,Jilin,unabated,1.0,7460084.0,6.11726888,0.0,0.0,True
2030,P0177,Jilin,retire,0.0,0.0,0.0,0.0,0.0,True
2030,P0177,Jilin,ccs,0.0,0.0,0.0,0.0,0.0,True
2030,P0177,Jilin,biomass,0.0,0.0,0.0,0.0,0.0,True
2030,P0177,Jilin,beccs,0.0,0.0,0.0,0.0,0.0,True
2030,P0177,Jilin,ammonia,0.0,0.0,0.0,0.0,0.0,True
2030,P0178,Shaanxi,unabated,1.0,6353200.0,5.209624,0.0,0.0,True
2030,P0178,Shaanxi,retire,0.0,0.0,0.0,0.0,0.0,True
2030,P0178,Shaanxi,ccs,0.0,0.0,0.0,0.0,0.0,True
2030,P0178,Shaanxi,biomass,0.0,0.0,0.0,0.0,0.0,True
2030,P0178,Shaanxi,beccs,0.0,0.0,0.0,0.0,0.0,True
2030,P0178,Shaanxi,ammonia,0.0,0.0,0.0,0.0,0.0,True
2030,P0179,Fujian,unabated,1.0,32038749.999999996,26.271774999999995,0.0,0.0,True
2030,P0179,Fujian,retire,0.0,0.0,0.0,0.0,0.0,True
2030,P0179,Fujian,ccs,0.0,0.0,0.0,0.0,0.0,True
2030,P0179,Fujian,biomass,0.0,0.0,0.0,0.0,0.0,True
2030,P0179,Fujian,beccs,0.0,0.0,0.0,0.0,0.0,True
2030,P0179,Fujian,ammonia,0.0,0.0,0.0,0.0,0.0,True
2030,P0180,Inner Mongolia,unabated,1.0,7547250.0,6.188745,0.0,0.0,True
2030,P0180,Inner Mongolia,retire,0.0,0.0,0.0,0.0,0.0,True
2030,P0180,Inner Mongolia,ccs,0.0,0.0,0.0,0.0,0.0,True
2030,P0180,Inner Mongolia,biomass,0.0,0.0,0.0,0.0,0.0,True
2030,P0180,Inner Mongolia,beccs,0.0,0.0,0.0,0.0,0.0,True
2030,P0180,Inner Mongolia,ammonia,0.0,0.0,0.0,0.0,0.0,True
2030,P0181,Xinjiang,unabated,1.0,22999625.999999996,18.859693319999998,0.0,0.0,True
2030,P0181,Xinjiang,retire,0.0,0.0,0.0,0.0,0.0,True
2030,P0181,Xinjiang,ccs,0.0,0.0,0.0,0.0,0.0,True
2030,P0181,Xinjiang,biomass,0.0,0.0,0.0,0.0,0.0,True
2030,P0181,Xinjiang,beccs,0.0,0.0,0.0,0.0,0.0,True
2030,P0181,Xinjiang,ammonia,0.0,0.0,0.0,0.0,0.0,True
2030,P0182,Jiangxi,unabated,1.0,27707083.2,22.719808224,0.0,0.0,True
2030,P0182,Jiangxi,retire,0.0,0.0,0.0,0.0,0.0,True
2030,P0182,Jiangxi,ccs,0.0,0.0,0.0,0.0,0.0,True
2030,P0182,Jiangxi,biomass,0.0,0.0,0.0,0.0,0.0,True
2030,P0182,Jiangxi,beccs,0.0,0.0,0.0,0.0,0.0,True
2030,P0182,Jiangxi,ammonia,0.0,0.0,0.0,0.0,0.0,True
2030,P0183,Xinjiang,unabated,1.0,1425923.9999999998,1.1692576799999996,0.0,0.0,True
2030,P0183,Xinjiang,retire,0.0,0.0,0.0,0.0,0.0,True
2030,P0183,Xinjiang,ccs,0.0,0.0,0.0,0.0,0.0,True
2030,P0183,Xinjiang,biomass,0.0,0.0,0.0,0.0,0.0,True
2030,P0183,Xinjiang,beccs,0.0,0.0,0.0,0.0,0.0,True
2030,P0183,Xinjiang,ammonia,0.0,0.0,0.0,0.0,0.0,True
2030,P0184,Shandong,unabated,1.0,28303539.000000004,23.20890198,0.0,0.0,True
2030,P0184,Shandong,retire,0.0,0.0,0.0,0.0,0.0,True
2030,P0184,Shandong,ccs,0.0,0.0,0.0,0.0,0.0,True
2030,P0184,Shandong,biomass,0.0,0.0,0.0,0.0,0.0,True
2030,P0184,Shandong,beccs,0.0,0.0,0.0,0.0,0.0,True
2030,P0184,Shandong,ammonia,0.0,0.0,0.0,0.0,0.0,True
2030,P0185,Guizhou,unabated,1.0,7120650.0,5.838933,0.0,0.0,True
2030,P0185,Guizhou,retire,0.0,0.0,0.0,0.0,0.0,True
2030,P0185,Guizhou,ccs,0.0,0.0,0.0,0.0,0.0,True
2030,P0185,Guizhou,biomass,0.0,0.0,0.0,0.0,0.0,True
2030,P0185,Guizhou,beccs,0.0,0.0,0.0,0.0,0.0,True
2030,P0185,Guizhou,ammonia,0.0,0.0,0.0,0.0,0.0,True
2030,P0186,Ningxia,unabated,1.0,24108865.0,19.769269299999998,0.0,0.0,True
2030,P0186,Ningxia,retire,0.0,0.0,0.0,0.0,0.0,True
2030,P0186,Ningxia,ccs,0.0,0.0,0.0,0.0,0.0,True
2030,P0186,Ningxia,biomass,0.0,0.0,0.0,0.0,0.0,True
2030,P0186,Ningxia,beccs,0.0,0.0,0.0,0.0,0.0,True
2030,P0186,Ningxia,ammonia,0.0,0.0,0.0,0.0,0.0,True
2030,P0187,Inner Mongolia,unabated,1.0,1006300.0,0.825166,0.0,0.0,True
2030,P0187,Inner Mongolia,retire,0.0,0.0,0.0,0.0,0.0,True
2030,P0187,Inner Mongolia,ccs,0.0,0.0,0.0,0.0,0.0,True
2030,P0187,Inner Mongolia,biomass,0.0,0.0,0.0,0.0,0.0,True
2030,P0187,Inner Mongolia,beccs,0.0,0.0,0.0,0.0,0.0,True
2030,P0187,Inner Mongolia,ammonia,0.0,0.0,0.0,0.0,0.0,True
2030,P0188,Xinjiang,unabated,1.0,21124800.0,17.322336,0.0,0.0,True
2030,P0188,Xinjiang,retire,0.0,0.0,0.0,0.0,0.0,True
2030,P0188,Xinjiang,ccs,0.0,0.0,0.0,0.0,0.0,True
2030,P0188,Xinjiang,biomass,0.0,0.0,0.0,0.0,0.0,True
2030,P0188,Xinjiang,beccs,0.0,0.0,0.0,0.0,0.0,True
2030,P0188,Xinjiang,ammonia,0.0,0.0,0.0,0.0,0.0,True
2030,P0189,Yunnan,unabated,1.0,4482200.0,3.675404,0.0,0.0,True
2030,P0189,Yunnan,retire,0.0,0.0,0.0,0.0,0.0,True
2030,P0189,Yunnan,ccs,0.0,0.0,0.0,0.0,0.0,True
2030,P0189,Yunnan,biomass,0.0,0.0,0.0,0.0,0.0,True
2030,P0189,Yunnan,beccs,0.0,0.0,0.0,0.0,0.0,True
2030,P0189,Yunnan,ammonia,0.0,0.0,0.0,0.0,0.0,True
2030,P0190,Jiangsu,unabated,1.0,11234720.0,9.2124704,0.0,0.0,True
2030,P0190,Jiangsu,retire,0.0,0.0,0.0,0.0,0.0,True
2030,P0190,Jiangsu,ccs,0.0,0.0,0.0,0.0,0.0,True
2030,P0190,Jiangsu,biomass,0.0,0.0,0.0,0.0,0.0,True
2030,P0190,Jiangsu,beccs,0.0,0.0,0.0,0.0,0.0,True
2030,P0190,Jiangsu,ammonia,0.0,0.0,0.0,0.0,0.0,True
2030,P0191,Hunan,unabated,1.0,8204490.0,6.7276818,0.0,0.0,True
2030,P0191,Hunan,retire,0.0,0.0,0.0,0.0,0.0,True
2030,P0191,Hunan,ccs,0.0,0.0,0.0,0.0,0.0,True
2030,P0191,Hunan,biomass,0.0,0.0,0.0,0.0,0.0,True
2030,P0191,Hunan,beccs,0.0,0.0,0.0,0.0,0.0,True
2030,P0191,Hunan,ammonia,0.0,0.0,0.0,0.0,0.0,True
2030,P0192,Shaanxi,unabated,1.0,15519960.0,12.726367199999999,0.0,0.0,True
2030,P0192,Shaanxi,retire,0.0,0.0,0.0,0.0,0.0,True
2030,P0192,Shaanxi,ccs,0.0,0.0,0.0,0.0,0.0,True
2030,P0192,Shaanxi,biomass,0.0,0.0,0.0,0.0,0.0,True
2030,P0192,Shaanxi,beccs,0.0,0.0,0.0,0.0,0.0,True
2030,P0192,Shaanxi,ammonia,0.0,0.0,0.0,0.0,0.0,True
2030,P0193,Guangxi,unabated,1.0,6557642.0,5.37726644,0.0,0.0,True
2030,P0193,Guangxi,retire,0.0,0.0,0.0,0.0,0.0,True
2030,P0193,Guangxi,ccs,0.0,0.0,0.0,0.0,0.0,True
2030,P0193,Guangxi,biomass,0.0,0.0,0.0,0.0,0.0,True
2030,P0193,Guangxi,beccs,0.0,0.0,0.0,0.0,0.0,True
2030,P0193,Guangxi,ammonia,0.0,0.0,0.0,0.0,0.0,True
2030,P0194,Shaanxi,unabated,1.0,2995080.0,2.4559655999999994,0.0,0.0,True
2030,P0194,Shaanxi,retire,0.0,0.0,0.0,0.0,0.0,True
2030,P0194,Shaanxi,ccs,0.0,0.0,0.0,0.0,0.0,True
2030,P0194,Shaanxi,biomass,0.0,0.0,0.0,0.0,0.0,True
2030,P0194,Shaanxi,beccs,0.0,0.0,0.0,0.0,0.0,True
2030,P0194,Shaanxi,ammonia,0.0,0.0,0.0,0.0,0.0,True
2030,P0195,Sichuan,unabated,1.0,2997839.9999999995,2.458228799999999,0.0,0.0,True
2030,P0195,Sichuan,retire,0.0,0.0,0.0,0.0,0.0,True
2030,P0195,Sichuan,ccs,0.0,0.0,0.0,0.0,0.0,True
2030,P0195,Sichuan,biomass,0.0,0.0,0.0,0.0,0.0,True
2030,P0195,Sichuan,beccs,0.0,0.0,0.0,0.0,0.0,True
2030,P0195,Sichuan,ammonia,0.0,0.0,0.0,0.0,0.0,True
2030,P0196,Xinjiang,unabated,1.0,633743.9999999999,0.5196700799999999,0.0,0.0,True
2030,P0196,Xinjiang,retire,0.0,0.0,0.0,0.0,0.0,True
2030,P0196,Xinjiang,ccs,0.0,0.0,0.0,0.0,0.0,True
2030,P0196,Xinjiang,biomass,0.0,0.0,0.0,0.0,0.0,True
2030,P0196,Xinjiang,beccs,0.0,0.0,0.0,0.0,0.0,True
2030,P0196,Xinjiang,ammonia,0.0,0.0,0.0,0.0,0.0,True
2030,P0197,Fujian,unabated,1.0,6766584.0,5.54859888,0.0,0.0,True
2030,P0197,Fujian,retire,0.0,0.0,0.0,0.0,0.0,True
2030,P0197,Fujian,ccs,0.0,0.0,0.0,0.0,0.0,True
2030,P0197,Fujian,biomass,0.0,0.0,0.0,0.0,0.0,True
2030,P0197,Fujian,beccs,0.0,0.0,0.0,0.0,0.0,True
2030,P0197,Fujian,ammonia,0.0,0.0,0.0,0.0,0.0,True
2030,P0198,Gansu,unabated,1.0,2765136.0,2.26741152,0.0,0.0,True
2030,P0198,Gansu,retire,0.0,0.0,0.0,0.0,0.0,True
2030,P0198,Gansu,ccs,0.0,0.0,0.0,0.0,0.0,True
2030,P0198,Gansu,biomass,0.0,0.0,0.0,0.0,0.0,True
2030,P0198,Gansu,beccs,0.0,0.0,0.0,0.0,0.0,True
2030,P0198,Gansu,ammonia,0.0,0.0,0.0,0.0,0.0,True
2030,P0199,Inner Mongolia,unabated,1.0,1308190.0,1.0727158,0.0,0.0,True
2030,P0199,Inner Mongolia,retire,0.0,0.0,0.0,0.0,0.0,True
2030,P0199,Inner Mongolia,ccs,0.0,0.0,0.0,0.0,0.0,True
2030,P0199,Inner Mongolia,biomass,0.0,0.0,0.0,0.0,0.0,True
2030,P0199,Inner Mongolia,beccs,0.0,0.0,0.0,0.0,0.0,True
2030,P0199,Inner Mongolia,ammonia,0.0,0.0,0.0,0.0,0.0,True
2030,P0200,Xinjiang,unabated,1.0,10668023.999999998,8.747779679999997,0.0,0.0,True
2030,P0200,Xinjiang,retire,0.0,0.0,0.0,0.0,0.0,True
2030,P0200,Xinjiang,ccs,0.0,0.0,0.0,0.0,0.0,True
2030,P0200,Xinjiang,biomass,0.0,0.0,0.0,0.0,0.0,True
2030,P0200,Xinjiang,beccs,0.0,0.0,0.0,0.0,0.0,True
2030,P0200,Xinjiang,ammonia,0.0,0.0,0.0,0.0,0.0,True
2030,P0201,Heilongjiang,unabated,1.0,2434950.0000000005,1.9966590000000002,0.0,0.0,True
2030,P0201,Heilongjiang,retire,0.0,0.0,0.0,0.0,0.0,True
2030,P0201,Heilongjiang,ccs,0.0,0.0,0.0,0.0,0.0,True
2030,P0201,Heilongjiang,biomass,0.0,0.0,0.0,0.0,0.0,True
2030,P0201,Heilongjiang,beccs,0.0,0.0,0.0,0.0,0.0,True
2030,P0201,Heilongjiang,ammonia,0.0,0.0,0.0,0.0,0.0,True
2030,P0202,Jiangxi,unabated,1.0,9151488.0,7.504220159999999,0.0,0.0,True
2030,P0202,Jiangxi,retire,0.0,0.0,0.0,0.0,0.0,True
2030,P0202,Jiangxi,ccs,0.0,0.0,0.0,0.0,0.0,True
2030,P0202,Jiangxi,biomass,0.0,0.0,0.0,0.0,0.0,True
2030,P0202,Jiangxi,beccs,0.0,0.0,0.0,0.0,0.0,True
2030,P0202,Jiangxi,ammonia,0.0,0.0,0.0,0.0,0.0,True
2030,P0203,Inner Mongolia,unabated,1.0,6792524.999999999,5.5698704999999995,0.0,0.0,True
2030,P0203,Inner Mongolia,retire,0.0,0.0,0.0,0.0,0.0,True
2030,P0203,Inner Mongolia,ccs,0.0,0.0,0.0,0.0,0.0,True
2030,P0203,Inner Mongolia,biomass,0.0,0.0,0.0,0.0,0.0,True
2030,P0203,Inner Mongolia,beccs,0.0,0.0,0.0,0.0,0.0,True
2030,P0203,Inner Mongolia,ammonia,0.0,0.0,0.0,0.0,0.0,True
2030,P0204,Heilongjiang,unabated,1.0,2434950.0000000005,1.9966590000000002,0.0,0.0,True
2030,P0204,Heilongjiang,retire,0.0,0.0,0.0,0.0,0.0,True
2030,P0204,Heilongjiang,ccs,0.0,0.0,0.0,0.0,0.0,True
2030,P0204,Heilongjiang,biomass,0.0,0.0,0.0,0.0,0.0,True
2030,P0204,Heilongjiang,beccs,0.0,0.0,0.0,0.0,0.0,True
2030,P0204,Heilongjiang,ammonia,0.0,0.0,0.0,0.0,0.0,True
2030,P0205,Inner Mongolia,unabated,1.0,3018899.9999999995,2.4754979999999995,0.0,0.0,True
2030,P0205,Inner Mongolia,retire,0.0,0.0,0.0,0.0,0.0,True
2030,P0205,Inner Mongolia,ccs,0.0,0.0,0.0,0.0,0.0,True
2030,P0205,Inner Mongolia,biomass,0.0,0.0,0.0,0.0,0.0,True
2030,P0205,Inner Mongolia,beccs,0.0,0.0,0.0,0.0,0.0,True
2030,P0205,Inner Mongolia,ammonia,0.0,0.0,0.0,0.0,0.0,True
2030,P0206,Hubei,unabated,1.0,3937080.0,3.2284055999999994,0.0,0.0,True
2030,P0206,Hubei,retire,0.0,0.0,0.0,0.0,0.0,True
2030,P0206,Hubei,ccs,0.0,0.0,0.0,0.0,0.0,True
2030,P0206,Hubei,biomass,0.0,0.0,0.0,0.0,0.0,True
2030,P0206,Hubei,beccs,0.0,0.0,0.0,0.0,0.0,True
2030,P0206,Hubei,ammonia,0.0,0.0,0.0,0.0,0.0,True
2030,P0207,Xinjiang,unabated,1.0,47530800.0,38.975256,0.0,0.0,True
2030,P0207,Xinjiang,retire,0.0,0.0,0.0,0.0,0.0,True
2030,P0207,Xinjiang,ccs,0.0,0.0,0.0,0.0,0.0,True
2030,P0207,Xinjiang,biomass,0.0,0.0,0.0,0.0,0.0,True
2030,P0207,Xinjiang,beccs,0.0,0.0,0.0,0.0,0.0,True
2030,P0207,Xinjiang,ammonia,0.0,0.0,0.0,0.0,0.0,True
2030,P0208,Sichuan,unabated,1.0,1648811.9999999998,1.3520258399999996,0.0,0.0,True
2030,P0208,Sichuan,retire,0.0,0.0,0.0,0.0,0.0,True
2030,P0208,Sichuan,ccs,0.0,0.0,0.0,0.0,0.0,True
2030,P0208,Sichuan,biomass,0.0,0.0,0.0,0.0,0.0,True
2030,P0208,Sichuan,beccs,0.0,0.0,0.0,0.0,0.0,True
2030,P0208,Sichuan,ammonia,0.0,0.0,0.0,0.0,0.0,True
2030,P0209,Zhejiang,unabated,1.0,13284720.000000002,10.8934704,0.0,0.0,True
2030,P0209,Zhejiang,retire,0.0,0.0,0.0,0.0,0.0,True
2030,P0209,Zhejiang,ccs,0.0,0.0,0.0,0.0,0.0,True
2030,P0209,Zhejiang,biomass,0.0,0.0,0.0,0.0,0.0,True
2030,P0209,Zhejiang,beccs,0.0,0.0,0.0,0.0,0.0,True
2030,P0209,Zhejiang,ammonia,0.0,0.0,0.0,0.0,0.0,True
2030,P0210,Anhui,unabated,1.0,6708372.000000001,5.50086504,0.0,0.0,True
2030,P0210,Anhui,retire,0.0,0.0,0.0,0.0,0.0,True
2030,P0210,Anhui,ccs,0.0,0.0,0.0,0.0,0.0,True
2030,P0210,Anhui,biomass,0.0,0.0,0.0,0.0,0.0,True
2030,P0210,Anhui,beccs,0.0,0.0,0.0,0.0,0.0,True
2030,P0210,Anhui,ammonia,0.0,0.0,0.0,0.0,0.0,True
2030,P0211,Henan,unabated,1.0,4535496.0,3.7191067199999996,0.0,0.0,True
2030,P0211,Henan,retire,0.0,0.0,0.0,0.0,0.0,True
2030,P0211,Henan,ccs,0.0,0.0,0.0,0.0,0.0,True
2030,P0211,Henan,biomass,0.0,0.0,0.0,0.0,0.0,True
2030,P0211,Henan,beccs,0.0,0.0,0.0,0.0,0.0,True
2030,P0211,Henan,ammonia,0.0,0.0,0.0,0.0,0.0,True
2030,P0212,Gansu,unabated,1.0,11102440.0,9.1040008,0.0,0.0,True
2030,P0212,Gansu,retire,0.0,0.0,0.0,0.0,0.0,True
2030,P0212,Gansu,ccs,0.0,0.0,0.0,0.0,0.0,True
2030,P0212,Gansu,biomass,0.0,0.0,0.0,0.0,0.0,True
2030,P0212,Gansu,beccs,0.0,0.0,0.0,0.0,0.0,True
2030,P0212,Gansu,ammonia,0.0,0.0,0.0,0.0,0.0,True
2030,P0213,Hubei,unabated,1.0,13761032.0,11.28404624,0.0,0.0,True
2030,P0213,Hubei,retire,0.0,0.0,0.0,0.0,0.0,True
2030,P0213,Hubei,ccs,0.0,0.0,0.0,0.0,0.0,True
2030,P0213,Hubei,biomass,0.0,0.0,0.0,0.0,0.0,True
2030,P0213,Hubei,beccs,0.0,0.0,0.0,0.0,0.0,True
2030,P0213,Hubei,ammonia,0.0,0.0,0.0,0.0,0.0,True
2030,P0214,Xinjiang,unabated,1.0,5096358.0,4.17901356,0.0,0.0,True
2030,P0214,Xinjiang,retire,0.0,0.0,0.0,0.0,0.0,True
2030,P0214,Xinjiang,ccs,0.0,0.0,0.0,0.0,0.0,True
2030,P0214,Xinjiang,biomass,0.0,0.0,0.0,0.0,0.0,True
2030,P0214,Xinjiang,beccs,0.0,0.0,0.0,0.0,0.0,True
2030,P0214,Xinjiang,ammonia,0.0,0.0,0.0,0.0,0.0,True
2030,P0215,Hebei,unabated,1.0,5880732.000000001,4.82220024,0.0,0.0,True
2030,P0215,Hebei,retire,0.0,0.0,0.0,0.0,0.0,True
2030,P0215,Hebei,ccs,0.0,0.0,0.0,0.0,0.0,True
2030,P0215,Hebei,biomass,0.0,0.0,0.0,0.0,0.0,True
2030,P0215,Hebei,beccs,0.0,0.0,0.0,0.0,0.0,True
2030,P0215,Hebei,ammonia,0.0,0.0,0.0,0.0,0.0,True
2030,P0216,Heilongjiang,unabated,1.0,347850.0,0.285237,0.0,0.0,True
2030,P0216,Heilongjiang,retire,0.0,0.0,0.0,0.0,0.0,True
2030,P0216,Heilongjiang,ccs,0.0,0.0,0.0,0.0,0.0,True
2030,P0216,Heilongjiang,biomass,0.0,0.0,0.0,0.0,0.0,True
2030,P0216,Heilongjiang,beccs,0.0,0.0,0.0,0.0,0.0,True
2030,P0216,Heilongjiang,ammonia,0.0,0.0,0.0,0.0,0.0,True
2030,P0217,Hainan,unabated,1.0,1509270.0,1.2376014,0.0,0.0,True
2030,P0217,Hainan,retire,0.0,0.0,0.0,0.0,0.0,True
2030,P0217,Hainan,ccs,0.0,0.0,0.0,0.0,0.0,True
2030,P0217,Hainan,biomass,0.0,0.0,0.0,0.0,0.0,True
2030,P0217,Hainan,beccs,0.0,0.0,0.0,0.0,0.0,True
2030,P0217,Hainan,ammonia,0.0,0.0,0.0,0.0,0.0,True
2030,P0218,Hubei,unabated,1.0,7424207.999999999,6.087850559999999,0.0,0.0,True
2030,P0218,Hubei,retire,0.0,0.0,0.0,0.0,0.0,True
2030,P0218,Hubei,ccs,0.0,0.0,0.0,0.0,0.0,True
2030,P0218,Hubei,biomass,0.0,0.0,0.0,0.0,0.0,True
2030,P0218,Hubei,beccs,0.0,0.0,0.0,0.0,0.0,True
2030,P0218,Hubei,ammonia,0.0,0.0,0.0,0.0,0.0,True
2030,P0219,Jilin,unabated,1.0,2933334.0,2.4053338799999997,0.0,0.0,True
2030,P0219,Jilin,retire,0.0,0.0,0.0,0.0,0.0,True
2030,P0219,Jilin,ccs,0.0,0.0,0.0,0.0,0.0,True
2030,P0219,Jilin,biomass,0.0,0.0,0.0,0.0,0.0,True
2030,P0219,Jilin,beccs,0.0,0.0,0.0,0.0,0.0,True
2030,P0219,Jilin,ammonia,0.0,0.0,0.0,0.0,0.0,True
2030,P0220,Hebei,unabated,1.0,5880732.000000001,4.82220024,0.0,0.0,True
2030,P0220,Hebei,retire,0.0,0.0,0.0,0.0,0.0,True
2030,P0220,Hebei,ccs,0.0,0.0,0.0,0.0,0.0,True
2030,P0220,Hebei,biomass,0.0,0.0,0.0,0.0,0.0,True
2030,P0220,Hebei,beccs,0.0,0.0,0.0,0.0,0.0,True
2030,P0220,Hebei,ammonia,0.0,0.0,0.0,0.0,0.0,True
2030,P0221,Gansu,unabated,1.0,17303048.0,14.18849936,0.0,0.0,True
2030,P0221,Gansu,retire,0.0,0.0,0.0,0.0,0.0,True
2030,P0221,Gansu,ccs,0.0,0.0,0.0,0.0,0.0,True
2030,P0221,Gansu,biomass,0.0,0.0,0.0,0.0,0.0,True
2030,P0221,Gansu,beccs,0.0,0.0,0.0,0.0,0.0,True
2030,P0221,Gansu,ammonia,0.0,0.0,0.0,0.0,0.0,True
2030,P0222,Jiangxi,unabated,1.0,19065600.0,15.633791999999998,0.0,0.0,True
2030,P0222,Jiangxi,retire,0.0,0.0,0.0,0.0,0.0,True
2030,P0222,Jiangxi,ccs,0.0,0.0,0.0,0.0,0.0,True
2030,P0222,Jiangxi,biomass,0.0,0.0,0.0,0.0,0.0,True
2030,P0222,Jiangxi,beccs,0.0,0.0,0.0,0.0,0.0,True
2030,P0222,Jiangxi,ammonia,0.0,0.0,0.0,0.0,0.0,True
2030,P0223,Anhui,unabated,1.0,32652492.500000004,26.775043850000003,0.0,0.0,True
2030,P0223,Anhui,retire,0.0,0.0,0.0,0.0,0.0,True
2030,P0223,Anhui,ccs,0.0,0.0,0.0,0.0,0.0,True
2030,P0223,Anhui,biomass,0.0,0.0,0.0,0.0,0.0,True
2030,P0223,Anhui,beccs,0.0,0.0,0.0,0.0,0.0,True
2030,P0223,Anhui,ammonia,0.0,0.0,0.0,0.0,0.0,True
2030,P0224,Xinjiang,unabated,1.0,5809319.999999999,4.763642399999998,0.0,0.0,True
2030,P0224,Xinjiang,retire,0.0,0.0,0.0,0.0,0.0,True
2030,P0224,Xinjiang,ccs,0.0,0.0,0.0,0.0,0.0,True
2030,P0224,Xinjiang,biomass,0.0,0.0,0.0,0.0,0.0,True
2030,P0224,Xinjiang,beccs,0.0,0.0,0.0,0.0,0.0,True
2030,P0224,Xinjiang,ammonia,0.0,0.0,0.0,0.0,0.0,True
2030,P0225,Heilongjiang,unabated,1.0,4174200.0,3.422844,0.0,0.0,True
2030,P0225,Heilongjiang,retire,0.0,0.0,0.0,0.0,0.0,True
2030,P0225,Heilongjiang,ccs,0.0,0.0,0.0,0.0,0.0,True
2030,P0225,Heilongjiang,biomass,0.0,0.0,0.0,0.0,0.0,True
2030,P0225,Heilongjiang,beccs,0.0,0.0,0.0,0.0,0.0,True
2030,P0225,Heilongjiang,ammonia,0.0,0.0,0.0,0.0,0.0,True
2030,P0226,Anhui,unabated,1.0,13416744.000000002,11.00173008,0.0,0.0,True
2030,P0226,Anhui,retire,0.0,0.0,0.0,0.0,0.0,True
2030,P0226,Anhui,ccs,0.0,0.0,0.0,0.0,0.0,True
2030,P0226,Anhui,biomass,0.0,0.0,0.0,0.0,0.0,True
2030,P0226,Anhui,beccs,0.0,0.0,0.0,0.0,0.0,True
2030,P0226,Anhui,ammonia,0.0,0.0,0.0,0.0,0.0,True
2030,P0227,Shanxi,unabated,1.0,17129150.0,14.045903,0.0,0.0,True
2030,P0227,Shanxi,retire,0.0,0.0,0.0,0.0,0.0,True
2030,P0227,Shanxi,ccs,0.0,0.0,0.0,0.0,0.0,True
2030,P0227,Shanxi,biomass,0.0,0.0,0.0,0.0,0.0,True
2030,P0227,Shanxi,beccs,0.0,0.0,0.0,0.0,0.0,True
2030,P0227,Shanxi,ammonia,0.0,0.0,0.0,0.0,0.0,True
2030,P0228,Liaoning,unabated,1.0,3720839.9999999995,3.051088799999999,0.0,0.0,True
2030,P0228,Liaoning,retire,0.0,0.0,0.0,0.0,0.0,True
2030,P0228,Liaoning,ccs,0.0,0.0,0.0,0.0,0.0,True
2030,P0228,Liaoning,biomass,0.0,0.0,0.0,0.0,0.0,True
2030,P0228,Liaoning,beccs,0.0,0.0,0.0,0.0,0.0,True
2030,P0228,Liaoning,ammonia,0.0,0.0,0.0,0.0,0.0,True
2030,P0229,Henan,unabated,1.0,13426508.0,11.009736559999999,0.0,0.0,True
2030,P0229,Henan,retire,0.0,0.0,0.0,0.0,0.0,True
2030,P0229,Henan,ccs,0.0,0.0,0.0,0.0,0.0,True
2030,P0229,Henan,biomass,0.0,0.0,0.0,0.0,0.0,True
2030,P0229,Henan,beccs,0.0,0.0,0.0,0.0,0.0,True
2030,P0229,Henan,ammonia,0.0,0.0,0.0,0.0,0.0,True
2030,P0230,Inner Mongolia,unabated,1.0,6641580.0,5.4460956,0.0,0.0,True
2030,P0230,Inner Mongolia,retire,0.0,0.0,0.0,0.0,0.0,True
2030,P0230,Inner Mongolia,ccs,0.0,0.0,0.0,0.0,0.0,True
2030,P0230,Inner Mongolia,biomass,0.0,0.0,0.0,0.0,0.0,True
2030,P0230,Inner Mongolia,beccs,0.0,0.0,0.0,0.0,0.0,True
2030,P0230,Inner Mongolia,ammonia,0.0,0.0,0.0,0.0,0.0,True
2030,P0231,Fujian,unabated,1.0,6151440.0,5.0441807999999995,0.0,0.0,True
2030,P0231,Fujian,retire,0.0,0.0,0.0,0.0,0.0,True
2030,P0231,Fujian,ccs,0.0,0.0,0.0,0.0,0.0,True
2030,P0231,Fujian,biomass,0.0,0.0,0.0,0.0,0.0,True
2030,P0231,Fujian,beccs,0.0,0.0,0.0,0.0,0.0,True
2030,P0231,Fujian,ammonia,0.0,0.0,0.0,0.0,0.0,True
2030,P0232,Inner Mongolia,unabated,1.0,6037799.999999999,4.950995999999999,0.0,0.0,True
2030,P0232,Inner Mongolia,retire,0.0,0.0,0.0,0.0,0.0,True
2030,P0232,Inner Mongolia,ccs,0.0,0.0,0.0,0.0,0.0,True
2030,P0232,Inner Mongolia,biomass,0.0,0.0,0.0,0.0,0.0,True
2030,P0232,Inner Mongolia,beccs,0.0,0.0,0.0,0.0,0.0,True
2030,P0232,Inner Mongolia,ammonia,0.0,0.0,0.0,0.0,0.0,True
2030,P0233,Xinjiang,unabated,1.0,3168719.9999999995,2.5983503999999993,0.0,0.0,True
2030,P0233,Xinjiang,retire,0.0,0.0,0.0,0.0,0.0,True
2030,P0233,Xinjiang,ccs,0.0,0.0,0.0,0.0,0.0,True
2030,P0233,Xinjiang,biomass,0.0,0.0,0.0,0.0,0.0,True
2030,P0233,Xinjiang,beccs,0.0,0.0,0.0,0.0,0.0,True
2030,P0233,Xinjiang,ammonia,0.0,0.0,0.0,0.0,0.0,True
2030,P0234,Hunan,unabated,0.0,0.0,0.0,0.0,0.0,True
2030,P0234,Hunan,retire,0.0,0.0,0.0,0.0,0.0,True
2030,P0234,Hunan,ccs,0.0,0.0,0.0,0.0,0.0,True
2030,P0234,Hunan,biomass,1.0,234414.0,0.19221947999999997,0.19221947999999997,0.0,True
2030,P0234,Hunan,beccs,0.0,0.0,0.0,0.0,0.0,True
2030,P0234,Hunan,ammonia,0.0,0.0,0.0,0.0,0.0,True
2030,P0235,Inner Mongolia,unabated,1.0,13283160.0,10.8921912,0.0,0.0,True
2030,P0235,Inner Mongolia,retire,0.0,0.0,0.0,0.0,0.0,True
2030,P0235,Inner Mongolia,ccs,0.0,0.0,0.0,0.0,0.0,True
2030,P0235,Inner Mongolia,biomass,0.0,0.0,0.0,0.0,0.0,True
2030,P0235,Inner Mongolia,beccs,0.0,0.0,0.0,0.0,0.0,True
2030,P0235,Inner Mongolia,ammonia,0.0,0.0,0.0,0.0,0.0,True
2030,P0236,Henan,unabated,1.0,19185868.0,15.73241176,0.0,0.0,True
2030,P0236,Henan,retire,0.0,0.0,0.0,0.0,0.0,True
2030,P0236,Henan,ccs,0.0,0.0,0.0,0.0,0.0,True
2030,P0236,Henan,biomass,0.0,0.0,0.0,0.0,0.0,True
2030,P0236,Henan,beccs,0.0,0.0,0.0,0.0,0.0,True
2030,P0236,Henan,ammonia,0.0,0.0,0.0,0.0,0.0,True
2030,P0237,Jiangxi,unabated,1.0,12869280.0,10.5528096,0.0,0.0,True
2030,P0237,Jiangxi,retire,0.0,0.0,0.0,0.0,0.0,True
2030,P0237,Jiangxi,ccs,0.0,0.0,0.0,0.0,0.0,True
2030,P0237,Jiangxi,biomass,0.0,0.0,0.0,0.0,0.0,True
2030,P0237,Jiangxi,beccs,0.0,0.0,0.0,0.0,0.0,True
2030,P0237,Jiangxi,ammonia,0.0,0.0,0.0,0.0,0.0,True
2030,P0238,Sichuan,unabated,1.0,9992799.999999998,8.194095999999998,0.0,0.0,True
2030,P0238,Sichuan,retire,0.0,0.0,0.0,0.0,0.0,True
2030,P0238,Sichuan,ccs,0.0,0.0,0.0,0.0,0.0,True
2030,P0238,Sichuan,biomass,0.0,0.0,0.0,0.0,0.0,True
2030,P0238,Sichuan,beccs,0.0,0.0,0.0,0.0,0.0,True
2030,P0238,Sichuan,ammonia,0.0,0.0,0.0,0.0,0.0,True
2030,P0239,Guizhou,unabated,1.0,17659212.0,14.48055384,0.0,0.0,True
2030,P0239,Guizhou,retire,0.0,0.0,0.0,0.0,0.0,True
2030,P0239,Guizhou,ccs,0.0,0.0,0.0,0.0,0.0,True
2030,P0239,Guizhou,biomass,0.0,0.0,0.0,0.0,0.0,True
2030,P0239,Guizhou,beccs,0.0,0.0,0.0,0.0,0.0,True
2030,P0239,Guizhou,ammonia,0.0,0.0,0.0,0.0,0.0,True
2030,P0240,Guangdong,unabated,1.0,9663400.0,7.923987999999999,0.0,0.0,True
2030,P0240,Guangdong,retire,0.0,0.0,0.0,0.0,0.0,True
2030,P0240,Guangdong,ccs,0.0,0.0,0.0,0.0,0.0,True
2030,P0240,Guangdong,biomass,0.0,0.0,0.0,0.0,0.0,True
2030,P0240,Guangdong,beccs,0.0,0.0,0.0,0.0,0.0,True
2030,P0240,Guangdong,ammonia,0.0,0.0,0.0,0.0,0.0,True
2030,P0241,Guangxi,unabated,0.0,0.0,0.0,0.0,0.0,True
2030,P0241,Guangxi,retire,0.0,0.0,0.0,0.0,0.0,True
2030,P0241,Guangxi,ccs,0.0,0.0,0.0,0.0,0.0,True
2030,P0241,Guangxi,biomass,1.0,3350620.0,2.7475084,2.7475084,0.0,True
2030,P0241,Guangxi,beccs,0.0,0.0,0.0,0.0,0.0,True
2030,P0241,Guangxi,ammonia,0.0,0.0,0.0,0.0,0.0,True
2030,P0242,Xinjiang,unabated,1.0,27884735.999999996,22.865483519999994,0.0,0.0,True
2030,P0242,Xinjiang,retire,0.0,0.0,0.0,0.0,0.0,True
2030,P0242,Xinjiang,ccs,0.0,0.0,0.0,0.0,0.0,True
2030,P0242,Xinjiang,biomass,0.0,0.0,0.0,0.0,0.0,True
2030,P0242,Xinjiang,beccs,0.0,0.0,0.0,0.0,0.0,True
2030,P0242,Xinjiang,ammonia,0.0,0.0,0.0,0.0,0.0,True
2030,P0243,Anhui,unabated,1.0,124308166.00000001,101.93269612,0.0,0.0,True
2030,P0243,Anhui,retire,0.0,0.0,0.0,0.0,0.0,True
2030,P0243,Anhui,ccs,0.0,0.0,0.0,0.0,0.0,True
2030,P0243,Anhui,biomass,0.0,0.0,0.0,0.0,0.0,True
2030,P0243,Anhui,beccs,0.0,0.0,0.0,0.0,0.0,True
2030,P0243,Anhui,ammonia,0.0,0.0,0.0,0.0,0.0,True
2030,P0244,Gansu,unabated,1.0,15124456.000000002,12.40205392,0.0,0.0,True
2030,P0244,Gansu,retire,0.0,0.0,0.0,0.0,0.0,True
2030,P0244,Gansu,ccs,0.0,0.0,0.0,0.0,0.0,True
2030,P0244,Gansu,biomass,0.0,0.0,0.0,0.0,0.0,True
2030,P0244,Gansu,beccs,0.0,0.0,0.0,0.0,0.0,True
2030,P0244,Gansu,ammonia,0.0,0.0,0.0,0.0,0.0,True
2030,P0245,Hubei,unabated,1.0,7247976.799999999,5.943340975999999,0.0,0.0,True
2030,P0245,Hubei,retire,0.0,0.0,0.0,0.0,0.0,True
2030,P0245,Hubei,ccs,0.0,0.0,0.0,0.0,0.0,True
2030,P0245,Hubei,biomass,0.0,0.0,0.0,0.0,0.0,True
2030,P0245,Hubei,beccs,0.0,0.0,0.0,0.0,0.0,True
2030,P0245,Hubei,ammonia,0.0,0.0,0.0,0.0,0.0,True
2030,P0246,Inner Mongolia,unabated,1.0,41107355.0,33.7080311,0.0,0.0,True
2030,P0246,Inner Mongolia,retire,0.0,0.0,0.0,0.0,0.0,True
2030,P0246,Inner Mongolia,ccs,0.0,0.0,0.0,0.0,0.0,True
2030,P0246,Inner Mongolia,biomass,0.0,0.0,0.0,0.0,0.0,True
2030,P0246,Inner Mongolia,beccs,0.0,0.0,0.0,0.0,0.0,True
2030,P0246,Inner Mongolia,ammonia,0.0,0.0,0.0,0.0,0.0,True
2030,P0247,Shandong,unabated,1.0,8983866.0,7.366770119999999,0.0,0.0,True
2030,P0247,Shandong,retire,0.0,0.0,0.0,0.0,0.0,True
2030,P0247,Shandong,ccs,0.0,0.0,0.0,0.0,0.0,True
2030,P0247,Shandong,biomass,0.0,0.0,0.0,0.0,0.0,True
2030,P0247,Shandong,beccs,0.0,0.0,0.0,0.0,0.0,True
2030,P0247,Shandong,ammonia,0.0,0.0,0.0,0.0,0.0,True
2030,P0248,Henan,unabated,1.0,30200644.0,24.764528079999998,0.0,0.0,True
2030,P0248,Henan,retire,0.0,0.0,0.0,0.0,0.0,True
2030,P0248,Henan,ccs,0.0,0.0,0.0,0.0,0.0,True
2030,P0248,Henan,biomass,0.0,0.0,0.0,0.0,0.0,True
2030,P0248,Henan,beccs,0.0,0.0,0.0,0.0,0.0,True
2030,P0248,Henan,ammonia,0.0,0.0,0.0,0.0,0.0,True
2030,P0249,Gansu,unabated,1.0,2513760.0000000005,2.0612832,0.0,0.0,True
2030,P0249,Gansu,retire,0.0,0.0,0.0,0.0,0.0,True
2030,P0249,Gansu,ccs,0.0,0.0,0.0,0.0,0.0,True
2030,P0249,Gansu,biomass,0.0,0.0,0.0,0.0,0.0,True
2030,P0249,Gansu,beccs,0.0,0.0,0.0,0.0,0.0,True
2030,P0249,Gansu,ammonia,0.0,0.0,0.0,0.0,0.0,True
2030,P0250,Gansu,unabated,1.0,2513760.0000000005,2.0612832,0.0,0.0,True
2030,P0250,Gansu,retire,0.0,0.0,0.0,0.0,0.0,True
2030,P0250,Gansu,ccs,0.0,0.0,0.0,0.0,0.0,True
2030,P0250,Gansu,biomass,0.0,0.0,0.0,0.0,0.0,True
2030,P0250,Gansu,beccs,0.0,0.0,0.0,0.0,0.0,True
2030,P0250,Gansu,ammonia,0.0,0.0,0.0,0.0,0.0,True
2030,P0251,Hebei,unabated,1.0,6058936.000000001,4.968327520000001,0.0,0.0,True
2030,P0251,Hebei,retire,0.0,0.0,0.0,0.0,0.0,True
2030,P0251,Hebei,ccs,0.0,0.0,0.0,0.0,0.0,True
2030,P0251,Hebei,biomass,0.0,0.0,0.0,0.0,0.0,True
2030,P0251,Hebei,beccs,0.0,0.0,0.0,0.0,0.0,True
2030,P0251,Hebei,ammonia,0.0,0.0,0.0,0.0,0.0,True
2030,P0252,Guangxi,unabated,1.0,10003994.0,8.20327508,0.0,0.0,True
2030,P0252,Guangxi,retire,0.0,0.0,0.0,0.0,0.0,True
2030,P0252,Guangxi,ccs,0.0,0.0,0.0,0.0,0.0,True
2030,P0252,Guangxi,biomass,0.0,0.0,0.0,0.0,0.0,True
2030,P0252,Guangxi,beccs,0.0,0.0,0.0,0.0,0.0,True
2030,P0252,Guangxi,ammonia,0.0,0.0,0.0,0.0,0.0,True
2030,P0253,Guangxi,unabated,1.0,5456724.0,4.474513679999999,0.0,0.0,True
2030,P0253,Guangxi,retire,0.0,0.0,0.0,0.0,0.0,True
2030,P0253,Guangxi,ccs,0.0,0.0,0.0,0.0,0.0,True
2030,P0253,Guangxi,biomass,0.0,0.0,0.0,0.0,0.0,True
2030,P0253,Guangxi,beccs,0.0,0.0,0.0,0.0,0.0,True
2030,P0253,Guangxi,ammonia,0.0,0.0,0.0,0.0,0.0,True
2030,P0254,Jiangxi,unabated,1.0,6291647.999999999,5.159151359999998,0.0,0.0,True
2030,P0254,Jiangxi,retire,0.0,0.0,0.0,0.0,0.0,True
2030,P0254,Jiangxi,ccs,0.0,0.0,0.0,0.0,0.0,True
2030,P0254,Jiangxi,biomass,0.0,0.0,0.0,0.0,0.0,True
2030,P0254,Jiangxi,beccs,0.0,0.0,0.0,0.0,0.0,True
2030,P0254,Jiangxi,ammonia,0.0,0.0,0.0,0.0,0.0,True
2030,P0255,Anhui,unabated,1.0,25003932.0,20.503224239999998,0.0,0.0,True
2030,P0255,Anhui,retire,0.0,0.0,0.0,0.0,0.0,True
2030,P0255,Anhui,ccs,0.0,0.0,0.0,0.0,0.0,True
2030,P0255,Anhui,biomass,0.0,0.0,0.0,0.0,0.0,True
2030,P0255,Anhui,beccs,0.0,0.0,0.0,0.0,0.0,True
2030,P0255,Anhui,ammonia,0.0,0.0,0.0,0.0,0.0,True
2030,P0256,Heilongjiang,unabated,1.0,194796.0,0.15973272,0.0,0.0,True
2030,P0256,Heilongjiang,retire,0.0,0.0,0.0,0.0,0.0,True
2030,P0256,Heilongjiang,ccs,0.0,0.0,0.0,0.0,0.0,True
2030,P0256,Heilongjiang,biomass,0.0,0.0,0.0,0.0,0.0,True
2030,P0256,Heilongjiang,beccs,0.0,0.0,0.0,0.0,0.0,True
2030,P0256,Heilongjiang,ammonia,0.0,0.0,0.0,0.0,0.0,True
2030,P0257,Inner Mongolia,unabated,1.0,362267.99999999994,0.29705975999999995,0.0,0.0,True
2030,P0257,Inner Mongolia,retire,0.0,0.0,0.0,0.0,0.0,True
2030,P0257,Inner Mongolia,ccs,0.0,0.0,0.0,0.0,0.0,True
2030,P0257,Inner Mongolia,biomass,0.0,0.0,0.0,0.0,0.0,True
2030,P0257,Inner Mongolia,beccs,0.0,0.0,0.0,0.0,0.0,True
2030,P0257,Inner Mongolia,ammonia,0.0,0.0,0.0,0.0,0.0,True
2030,P0258,Xinjiang,unabated,1.0,3696839.9999999995,3.0314087999999995,0.0,0.0,True
2030,P0258,Xinjiang,retire,0.0,0.0,0.0,0.0,0.0,True
2030,P0258,Xinjiang,ccs,0.0,0.0,0.0,0.0,0.0,True
2030,P0258,Xinjiang,biomass,0.0,0.0,0.0,0.0,0.0,True
2030,P0258,Xinjiang,beccs,0.0,0.0,0.0,0.0,0.0,True
2030,P0258,Xinjiang,ammonia,0.0,0.0,0.0,0.0,0.0,True
2030,P0259,Guizhou,unabated,1.0,20792298.0,17.04968436,0.0,0.0,True
2030,P0259,Guizhou,retire,0.0,0.0,0.0,0.0,0.0,True
2030,P0259,Guizhou,ccs,0.0,0.0,0.0,0.0,0.0,True
2030,P0259,Guizhou,biomass,0.0,0.0,0.0,0.0,0.0,True
2030,P0259,Guizhou,beccs,0.0,0.0,0.0,0.0,0.0,True
2030,P0259,Guizhou,ammonia,0.0,0.0,0.0,0.0,0.0,True
2030,P0260,Ningxia,unabated,1.0,13222594.0,10.84252708,0.0,0.0,True
2030,P0260,Ningxia,retire,0.0,0.0,0.0,0.0,0.0,True
2030,P0260,Ningxia,ccs,0.0,0.0,0.0,0.0,0.0,True
2030,P0260,Ningxia,biomass,0.0,0.0,0.0,0.0,0.0,True
2030,P0260,Ningxia,beccs,0.0,0.0,0.0,0.0,0.0,True
2030,P0260,Ningxia,ammonia,0.0,0.0,0.0,0.0,0.0,True
2030,P0261,Xinjiang,unabated,1.0,3696839.9999999995,3.0314087999999995,0.0,0.0,True
2030,P0261,Xinjiang,retire,0.0,0.0,0.0,0.0,0.0,True
2030,P0261,Xinjiang,ccs,0.0,0.0,0.0,0.0,0.0,True
2030,P0261,Xinjiang,biomass,0.0,0.0,0.0,0.0,0.0,True
2030,P0261,Xinjiang,beccs,0.0,0.0,0.0,0.0,0.0,True
2030,P0261,Xinjiang,ammonia,0.0,0.0,0.0,0.0,0.0,True
2030,P0262,Guizhou,unabated,1.0,5696520.0,4.6711464,0.0,0.0,True
2030,P0262,Guizhou,retire,0.0,0.0,0.0,0.0,0.0,True
2030,P0262,Guizhou,ccs,0.0,0.0,0.0,0.0,0.0,True
2030,P0262,Guizhou,biomass,0.0,0.0,0.0,0.0,0.0,True
2030,P0262,Guizhou,beccs,0.0,0.0,0.0,0.0,0.0,True
2030,P0262,Guizhou,ammonia,0.0,0.0,0.0,0.0,0.0,True
2030,P0263,Shaanxi,unabated,1.0,3176600.0,2.604812,0.0,0.0,True
2030,P0263,Shaanxi,retire,0.0,0.0,0.0,0.0,0.0,True
2030,P0263,Shaanxi,ccs,0.0,0.0,0.0,0.0,0.0,True
2030,P0263,Shaanxi,biomass,0.0,0.0,0.0,0.0,0.0,True
2030,P0263,Shaanxi,beccs,0.0,0.0,0.0,0.0,0.0,True
2030,P0263,Shaanxi,ammonia,0.0,0.0,0.0,0.0,0.0,True
2030,P0264,Sichuan,unabated,1.0,5995679.999999999,4.916457599999998,0.0,0.0,True
2030,P0264,Sichuan,retire,0.0,0.0,0.0,0.0,0.0,True
2030,P0264,Sichuan,ccs,0.0,0.0,0.0,0.0,0.0,True
2030,P0264,Sichuan,biomass,0.0,0.0,0.0,0.0,0.0,True
2030,P0264,Sichuan,beccs,0.0,0.0,0.0,0.0,0.0,True
2030,P0264,Sichuan,ammonia,0.0,0.0,0.0,0.0,0.0,True
2030,P0265,Gansu,unabated,1.0,2932720.0,2.4048304,0.0,0.0,True
2030,P0265,Gansu,retire,0.0,0.0,0.0,0.0,0.0,True
2030,P0265,Gansu,ccs,0.0,0.0,0.0,0.0,0.0,True
2030,P0265,Gansu,biomass,0.0,0.0,0.0,0.0,0.0,True
2030,P0265,Gansu,beccs,0.0,0.0,0.0,0.0,0.0,True
2030,P0265,Gansu,ammonia,0.0,0.0,0.0,0.0,0.0,True
2030,P0266,Heilongjiang,unabated,1.0,939195.0000000001,0.7701399,0.0,0.0,True
2030,P0266,Heilongjiang,retire,0.0,0.0,0.0,0.0,0.0,True
2030,P0266,Heilongjiang,ccs,0.0,0.0,0.0,0.0,0.0,True
2030,P0266,Heilongjiang,biomass,0.0,0.0,0.0,0.0,0.0,True
2030,P0266,Heilongjiang,beccs,0.0,0.0,0.0,0.0,0.0,True
2030,P0266,Heilongjiang,ammonia,0.0,0.0,0.0,0.0,0.0,True
2030,P0267,Hubei,unabated,1.0,17473136.0,14.32797152,0.0,0.0,True
2030,P0267,Hubei,retire,0.0,0.0,0.0,0.0,0.0,True
2030,P0267,Hubei,ccs,0.0,0.0,0.0,0.0,0.0,True
2030,P0267,Hubei,biomass,0.0,0.0,0.0,0.0,0.0,True
2030,P0267,Hubei,beccs,0.0,0.0,0.0,0.0,0.0,True
2030,P0267,Hubei,ammonia,0.0,0.0,0.0,0.0,0.0,True
2030,P0268,Inner Mongolia,unabated,1.0,452835.0,0.37132469999999995,0.0,0.0,True
2030,P0268,Inner Mongolia,retire,0.0,0.0,0.0,0.0,0.0,True
2030,P0268,Inner Mongolia,ccs,0.0,0.0,0.0,0.0,0.0,True
2030,P0268,Inner Mongolia,biomass,0.0,0.0,0.0,0.0,0.0,True
2030,P0268,Inner Mongolia,beccs,0.0,0.0,0.0,0.0,0.0,True
2030,P0268,Inner Mongolia,ammonia,0.0,0.0,0.0,0.0,0.0,True
2030,P0269,Guangdong,unabated,1.0,77191239.2,63.296816144000005,0.0,0.0,True
2030,P0269,Guangdong,retire,0.0,0.0,0.0,0.0,0.0,True
2030,P0269,Guangdong,ccs,0.0,0.0,0.0,0.0,0.0,True
2030,P0269,Guangdong,biomass,0.0,0.0,0.0,0.0,0.0,True
2030,P0269,Guangdong,beccs,0.0,0.0,0.0,0.0,0.0,True
2030,P0269,Guangdong,ammonia,0.0,0.0,0.0,0.0,0.0,True
2030,P0270,Xinjiang,unabated,1.0,3168719.9999999995,2.5983503999999993,0.0,0.0,True
2030,P0270,Xinjiang,retire,0.0,0.0,0.0,0.0,0.0,True
2030,P0270,Xinjiang,ccs,0.0,0.0,0.0,0.0,0.0,True
2030,P0270,Xinjiang,biomass,0.0,0.0,0.0,0.0,0.0,True
2030,P0270,Xinjiang,beccs,0.0,0.0,0.0,0.0,0.0,True
2030,P0270,Xinjiang,ammonia,0.0,0.0,0.0,0.0,0.0,True
2030,P0271,Guangdong,unabated,1.0,2899020.0,2.3771964,0.0,0.0,True
2030,P0271,Guangdong,retire,0.0,0.0,0.0,0.0,0.0,True
2030,P0271,Guangdong,ccs,0.0,0.0,0.0,0.0,0.0,True
2030,P0271,Guangdong,biomass,0.0,0.0,0.0,0.0,0.0,True
2030,P0271,Guangdong,beccs,0.0,0.0,0.0,0.0,0.0,True
2030,P0271,Guangdong,ammonia,0.0,0.0,0.0,0.0,0.0,True
2030,P0272,Qinghai,unabated,1.0,5408039.999999999,4.434592799999999,0.0,0.0,True
2030,P0272,Qinghai,retire,0.0,0.0,0.0,0.0,0.0,True
2030,P0272,Qinghai,ccs,0.0,0.0,0.0,0.0,0.0,True
2030,P0272,Qinghai,biomass,0.0,0.0,0.0,0.0,0.0,True
2030,P0272,Qinghai,beccs,0.0,0.0,0.0,0.0,0.0,True
2030,P0272,Qinghai,ammonia,0.0,0.0,0.0,0.0,0.0,True
2030,P0273,Fujian,unabated,1.0,3075720.0,2.5220903999999997,0.0,0.0,True
2030,P0273,Fujian,retire,0.0,0.0,0.0,0.0,0.0,True
2030,P0273,Fujian,ccs,0.0,0.0,0.0,0.0,0.0,True
2030,P0273,Fujian,biomass,0.0,0.0,0.0,0.0,0.0,True
2030,P0273,Fujian,beccs,0.0,0.0,0.0,0.0,0.0,True
2030,P0273,Fujian,ammonia,0.0,0.0,0.0,0.0,0.0,True
2030,P0274,Hebei,unabated,1.0,6237140.0,5.1144548,0.0,0.0,True
2030,P0274,Hebei,retire,0.0,0.0,0.0,0.0,0.0,True
2030,P0274,Hebei,ccs,0.0,0.0,0.0,0.0,0.0,True
2030,P0274,Hebei,biomass,0.0,0.0,0.0,0.0,0.0,True
2030,P0274,Hebei,beccs,0.0,0.0,0.0,0.0,0.0,True
2030,P0274,Hebei,ammonia,0.0,0.0,0.0,0.0,0.0,True
2030,P0275,Gansu,unabated,1.0,15166352.000000002,12.43640864,0.0,0.0,True
2030,P0275,Gansu,retire,0.0,0.0,0.0,0.0,0.0,True
2030,P0275,Gansu,ccs,0.0,0.0,0.0,0.0,0.0,True
2030,P0275,Gansu,biomass,0.0,0.0,0.0,0.0,0.0,True
2030,P0275,Gansu,beccs,0.0,0.0,0.0,0.0,0.0,True
2030,P0275,Gansu,ammonia,0.0,0.0,0.0,0.0,0.0,True
2030,P0276,Xinjiang,unabated,1.0,3168719.9999999995,2.5983503999999993,0.0,0.0,True
2030,P0276,Xinjiang,retire,0.0,0.0,0.0,0.0,0.0,True
2030,P0276,Xinjiang,ccs,0.0,0.0,0.0,0.0,0.0,True
2030,P0276,Xinjiang,biomass,0.0,0.0,0.0,0.0,0.0,True
2030,P0276,Xinjiang,beccs,0.0,0.0,0.0,0.0,0.0,True
2030,P0276,Xinjiang,ammonia,0.0,0.0,0.0,0.0,0.0,True
2030,P0277,Guangxi,unabated,0.1888574844050791,632789.6643973461,0.5188875248058239,0.0,0.0,True
2030,P0277,Guangxi,retire,0.0,0.0,0.0,0.0,0.0,True
2030,P0277,Guangxi,ccs,0.0,0.0,0.0,0.0,0.0,True
2030,P0277,Guangxi,biomass,0.8111425155949209,2717830.3356026537,2.228620875194176,2.228620875194176,0.0,True
2030,P0277,Guangxi,beccs,0.0,0.0,0.0,0.0,0.0,True
2030,P0277,Guangxi,ammonia,0.0,0.0,0.0,0.0,0.0,True
2030,P0278,Inner Mongolia,unabated,1.0,8151030.0,6.6838446,0.0,0.0,True
2030,P0278,Inner Mongolia,retire,0.0,0.0,0.0,0.0,0.0,True
2030,P0278,Inner Mongolia,ccs,0.0,0.0,0.0,0.0,0.0,True
2030,P0278,Inner Mongolia,biomass,0.0,0.0,0.0,0.0,0.0,True
2030,P0278,Inner Mongolia,beccs,0.0,0.0,0.0,0.0,0.0,True
2030,P0278,Inner Mongolia,ammonia,0.0,0.0,0.0,0.0,0.0,True
2030,P0279,Guangxi,unabated,1.0,5743920.0,4.7100143999999995,0.0,0.0,True
2030,P0279,Guangxi,retire,0.0,0.0,0.0,0.0,0.0,True
2030,P0279,Guangxi,ccs,0.0,0.0,0.0,0.0,0.0,True
2030,P0279,Guangxi,biomass,0.0,0.0,0.0,0.0,0.0,True
2030,P0279,Guangxi,beccs,0.0,0.0,0.0,0.0,0.0,True
2030,P0279,Guangxi,ammonia,0.0,0.0,0.0,0.0,0.0,True
2030,P0280,Anhui,unabated,1.0,6708372.000000001,5.50086504,0.0,0.0,True
2030,P0280,Anhui,retire,0.0,0.0,0.0,0.0,0.0,True
2030,P0280,Anhui,ccs,0.0,0.0,0.0,0.0,0.0,True
2030,P0280,Anhui,biomass,0.0,0.0,0.0,0.0,0.0,True
2030,P0280,Anhui,beccs,0.0,0.0,0.0,0.0,0.0,True
2030,P0280,Anhui,ammonia,0.0,0.0,0.0,0.0,0.0,True
2030,P0281,Xinjiang,unabated,1.0,10668023.999999998,8.747779679999997,0.0,0.0,True
2030,P0281,Xinjiang,retire,0.0,0.0,0.0,0.0,0.0,True
2030,P0281,Xinjiang,ccs,0.0,0.0,0.0,0.0,0.0,True
2030,P0281,Xinjiang,biomass,0.0,0.0,0.0,0.0,0.0,True
2030,P0281,Xinjiang,beccs,0.0,0.0,0.0,0.0,0.0,True
2030,P0281,Xinjiang,ammonia,0.0,0.0,0.0,0.0,0.0,True
2030,P0282,Shandong,unabated,1.0,3532491.0000000005,2.89664262,0.0,0.0,True
2030,P0282,Shandong,retire,0.0,0.0,0.0,0.0,0.0,True
2030,P0282,Shandong,ccs,0.0,0.0,0.0,0.0,0.0,True
2030,P0282,Shandong,biomass,0.0,0.0,0.0,0.0,0.0,True
2030,P0282,Shandong,beccs,0.0,0.0,0.0,0.0,0.0,True
2030,P0282,Shandong,ammonia,0.0,0.0,0.0,0.0,0.0,True
2030,P0283,Hubei,unabated,1.0,4949472.0,4.05856704,0.0,0.0,True
2030,P0283,Hubei,retire,0.0,0.0,0.0,0.0,0.0,True
2030,P0283,Hubei,ccs,0.0,0.0,0.0,0.0,0.0,True
2030,P0283,Hubei,biomass,0.0,0.0,0.0,0.0,0.0,True
2030,P0283,Hubei,beccs,0.0,0.0,0.0,0.0,0.0,True
2030,P0283,Hubei,ammonia,0.0,0.0,0.0,0.0,0.0,True
2030,P0284,Shandong,unabated,1.0,38377680.00000001,31.469697600000003,0.0,0.0,True
2030,P0284,Shandong,retire,0.0,0.0,0.0,0.0,0.0,True
2030,P0284,Shandong,ccs,0.0,0.0,0.0,0.0,0.0,True
2030,P0284,Shandong,biomass,0.0,0.0,0.0,0.0,0.0,True
2030,P0284,Shandong,beccs,0.0,0.0,0.0,0.0,0.0,True
2030,P0284,Shandong,ammonia,0.0,0.0,0.0,0.0,0.0,True
2030,P0285,Yunnan,unabated,1.0,5378639.999999999,4.410484799999999,0.0,0.0,True
2030,P0285,Yunnan,retire,0.0,0.0,0.0,0.0,0.0,True
2030,P0285,Yunnan,ccs,0.0,0.0,0.0,0.0,0.0,True
2030,P0285,Yunnan,biomass,0.0,0.0,0.0,0.0,0.0,True
2030,P0285,Yunnan,beccs,0.0,0.0,0.0,0.0,0.0,True
2030,P0285,Yunnan,ammonia,0.0,0.0,0.0,0.0,0.0,True
2030,P0286,Jiangxi,unabated,0.2609820404975476,1865917.1967412662,1.5300521013278383,0.0,0.0,True
2030,P0286,Jiangxi,retire,0.0,0.0,0.0,0.0,0.0,True
2030,P0286,Jiangxi,ccs,0.0,0.0,0.0,0.0,0.0,True
2030,P0286,Jiangxi,biomass,0.7390179595024524,5283682.803258734,4.332619898672162,4.332619898672162,0.0,True
2030,P0286,Jiangxi,beccs,0.0,0.0,0.0,0.0,0.0,True
2030,P0286,Jiangxi,ammonia,0.0,0.0,0.0,0.0,0.0,True
2030,P0287,Gansu,unabated,1.0,5530272.0,4.53482304,0.0,0.0,True
2030,P0287,Gansu,retire,0.0,0.0,0.0,0.0,0.0,True
2030,P0287,Gansu,ccs,0.0,0.0,0.0,0.0,0.0,True
2030,P0287,Gansu,biomass,0.0,0.0,0.0,0.0,0.0,True
2030,P0287,Gansu,beccs,0.0,0.0,0.0,0.0,0.0,True
2030,P0287,Gansu,ammonia,0.0,0.0,0.0,0.0,0.0,True
2030,P0288,Inner Mongolia,unabated,1.0,6641580.0,5.4460956,0.0,0.0,True
2030,P0288,Inner Mongolia,retire,0.0,0.0,0.0,0.0,0.0,True
2030,P0288,Inner Mongolia,ccs,0.0,0.0,0.0,0.0,0.0,True
2030,P0288,Inner Mongolia,biomass,0.0,0.0,0.0,0.0,0.0,True
2030,P0288,Inner Mongolia,beccs,0.0,0.0,0.0,0.0,0.0,True
2030,P0288,Inner Mongolia,ammonia,0.0,0.0,0.0,0.0,0.0,True
2030,P0289,Inner Mongolia,unabated,1.0,2566065.0,2.1041733,0.0,0.0,True
2030,P0289,Inner Mongolia,retire,0.0,0.0,0.0,0.0,0.0,True
2030,P0289,Inner Mongolia,ccs,0.0,0.0,0.0,0.0,0.0,True
2030,P0289,Inner Mongolia,biomass,0.0,0.0,0.0,0.0,0.0,True
2030,P0289,Inner Mongolia,beccs,0.0,0.0,0.0,0.0,0.0,True
2030,P0289,Inner Mongolia,ammonia,0.0,0.0,0.0,0.0,0.0,True
2030,P0290,Guizhou,unabated,1.0,8829606.0,7.24027692,0.0,0.0,True
2030,P0290,Guizhou,retire,0.0,0.0,0.0,0.0,0.0,True
2030,P0290,Guizhou,ccs,0.0,0.0,0.0,0.0,0.0,True
2030,P0290,Guizhou,biomass,0.0,0.0,0.0,0.0,0.0,True
2030,P0290,Guizhou,beccs,0.0,0.0,0.0,0.0,0.0,True
2030,P0290,Guizhou,ammonia,0.0,0.0,0.0,0.0,0.0,True
2030,P0291,Shanxi,unabated,1.0,4490615.0,3.6823042999999998,0.0,0.0,True
2030,P0291,Shanxi,retire,0.0,0.0,0.0,0.0,0.0,True
2030,P0291,Shanxi,ccs,0.0,0.0,0.0,0.0,0.0,True
2030,P0291,Shanxi,biomass,0.0,0.0,0.0,0.0,0.0,True
2030,P0291,Shanxi,beccs,0.0,0.0,0.0,0.0,0.0,True
2030,P0291,Shanxi,ammonia,0.0,0.0,0.0,0.0,0.0,True
2030,P0292,Chongqing,unabated,1.0,2876520.0,2.3587464,0.0,0.0,True
2030,P0292,Chongqing,retire,0.0,0.0,0.0,0.0,0.0,True
2030,P0292,Chongqing,ccs,0.0,0.0,0.0,0.0,0.0,True
2030,P0292,Chongqing,biomass,0.0,0.0,0.0,0.0,0.0,True
2030,P0292,Chongqing,beccs,0.0,0.0,0.0,0.0,0.0,True
2030,P0292,Chongqing,ammonia,0.0,0.0,0.0,0.0,0.0,True
2030,P0293,Chongqing,unabated,1.0,958840.0,0.7862488,0.0,0.0,True
2030,P0293,Chongqing,retire,0.0,0.0,0.0,0.0,0.0,True
2030,P0293,Chongqing,ccs,0.0,0.0,0.0,0.0,0.0,True
2030,P0293,Chongqing,biomass,0.0,0.0,0.0,0.0,0.0,True
2030,P0293,Chongqing,beccs,0.0,0.0,0.0,0.0,0.0,True
2030,P0293,Chongqing,ammonia,0.0,0.0,0.0,0.0,0.0,True
2030,P0294,Jiangxi,unabated,0.06402980290163396,402852.98136645945,0.3303394447204967,0.0,0.0,True
2030,P0294,Jiangxi,retire,0.0,0.0,0.0,0.0,0.0,True
2030,P0294,Jiangxi,ccs,0.0,0.0,0.0,0.0,0.0,True
2030,P0294,Jiangxi,biomass,0.935970197098366,5888795.01863354,4.828811915279502,4.828811915279502,0.0,True
2030,P0294,Jiangxi,beccs,0.0,0.0,0.0,0.0,0.0,True
2030,P0294,Jiangxi,ammonia,0.0,0.0,0.0,0.0,0.0,True
2030,P0295,Guangdong,unabated,1.0,14857477.5,12.183131549999999,0.0,0.0,True
2030,P0295,Guangdong,retire,0.0,0.0,0.0,0.0,0.0,True
2030,P0295,Guangdong,ccs,0.0,0.0,0.0,0.0,0.0,True
2030,P0295,Guangdong,biomass,0.0,0.0,0.0,0.0,0.0,True
2030,P0295,Guangdong,beccs,0.0,0.0,0.0,0.0,0.0,True
2030,P0295,Guangdong,ammonia,0.0,0.0,0.0,0.0,0.0,True
2030,P0296,Henan,unabated,1.0,14182424.0,11.62958768,0.0,0.0,True
2030,P0296,Henan,retire,0.0,0.0,0.0,0.0,0.0,True
2030,P0296,Henan,ccs,0.0,0.0,0.0,0.0,0.0,True
2030,P0296,Henan,biomass,0.0,0.0,0.0,0.0,0.0,True
2030,P0296,Henan,beccs,0.0,0.0,0.0,0.0,0.0,True
2030,P0296,Henan,ammonia,0.0,0.0,0.0,0.0,0.0,True
2030,P0297,Jiangxi,unabated,1.0,9532800.0,7.816895999999999,0.0,0.0,True
2030,P0297,Jiangxi,retire,0.0,0.0,0.0,0.0,0.0,True
2030,P0297,Jiangxi,ccs,0.0,0.0,0.0,0.0,0.0,True
2030,P0297,Jiangxi,biomass,0.0,0.0,0.0,0.0,0.0,True
2030,P0297,Jiangxi,beccs,0.0,0.0,0.0,0.0,0.0,True
2030,P0297,Jiangxi,ammonia,0.0,0.0,0.0,0.0,0.0,True
2030,P0298,Xinjiang,unabated,1.0,5281200.0,4.330584,0.0,0.0,True
2030,P0298,Xinjiang,retire,0.0,0.0,0.0,0.0,0.0,True
2030,P0298,Xinjiang,ccs,0.0,0.0,0.0,0.0,0.0,True
2030,P0298,Xinjiang,biomass,0.0,0.0,0.0,0.0,0.0,True
2030,P0298,Xinjiang,beccs,0.0,0.0,0.0,0.0,0.0,True
2030,P0298,Xinjiang,ammonia,0.0,0.0,0.0,0.0,0.0,True
2030,P0299,Liaoning,unabated,1.0,1612363.9999999998,1.3221384799999998,0.0,0.0,True
2030,P0299,Liaoning,retire,0.0,0.0,0.0,0.0,0.0,True
2030,P0299,Liaoning,ccs,0.0,0.0,0.0,0.0,0.0,True
2030,P0299,Liaoning,biomass,0.0,0.0,0.0,0.0,0.0,True
2030,P0299,Liaoning,beccs,0.0,0.0,0.0,0.0,0.0,True
2030,P0299,Liaoning,ammonia,0.0,0.0,0.0,0.0,0.0,True
2030,P0300,Guangxi,unabated,1.0,6318312.0,5.18101584,0.0,0.0,True
2030,P0300,Guangxi,retire,0.0,0.0,0.0,0.0,0.0,True
2030,P0300,Guangxi,ccs,0.0,0.0,0.0,0.0,0.0,True
2030,P0300,Guangxi,biomass,0.0,0.0,0.0,0.0,0.0,True
2030,P0300,Guangxi,beccs,0.0,0.0,0.0,0.0,0.0,True
2030,P0300,Guangxi,ammonia,0.0,0.0,0.0,0.0,0.0,True
2030,P0301,Jiangsu,unabated,1.0,320992.0,0.26321344,0.0,0.0,True
2030,P0301,Jiangsu,retire,0.0,0.0,0.0,0.0,0.0,True
2030,P0301,Jiangsu,ccs,0.0,0.0,0.0,0.0,0.0,True
2030,P0301,Jiangsu,biomass,0.0,0.0,0.0,0.0,0.0,True
2030,P0301,Jiangsu,beccs,0.0,0.0,0.0,0.0,0.0,True
2030,P0301,Jiangsu,ammonia,0.0,0.0,0.0,0.0,0.0,True
2030,P0302,Xinjiang,unabated,1.0,3696839.9999999995,3.0314087999999995,0.0,0.0,True
2030,P0302,Xinjiang,retire,0.0,0.0,0.0,0.0,0.0,True
2030,P0302,Xinjiang,ccs,0.0,0.0,0.0,0.0,0.0,True
2030,P0302,Xinjiang,biomass,0.0,0.0,0.0,0.0,0.0,True
2030,P0302,Xinjiang,beccs,0.0,0.0,0.0,0.0,0.0,True
2030,P0302,Xinjiang,ammonia,0.0,0.0,0.0,0.0,0.0,True
2030,P0303,Henan,unabated,1.0,4679480.0,3.8371735999999994,0.0,0.0,True
2030,P0303,Henan,retire,0.0,0.0,0.0,0.0,0.0,True
2030,P0303,Henan,ccs,0.0,0.0,0.0,0.0,0.0,True
2030,P0303,Henan,biomass,0.0,0.0,0.0,0.0,0.0,True
2030,P0303,Henan,beccs,0.0,0.0,0.0,0.0,0.0,True
2030,P0303,Henan,ammonia,0.0,0.0,0.0,0.0,0.0,True
2030,P0304,Inner Mongolia,unabated,1.0,503150.0,0.412583,0.0,0.0,True
2030,P0304,Inner Mongolia,retire,0.0,0.0,0.0,0.0,0.0,True
2030,P0304,Inner Mongolia,ccs,0.0,0.0,0.0,0.0,0.0,True
2030,P0304,Inner Mongolia,biomass,0.0,0.0,0.0,0.0,0.0,True
2030,P0304,Inner Mongolia,beccs,0.0,0.0,0.0,0.0,0.0,True
2030,P0304,Inner Mongolia,ammonia,0.0,0.0,0.0,0.0,0.0,True
2030,P0305,Inner Mongolia,unabated,1.0,1509449.9999999998,1.2377489999999998,0.0,0.0,True
2030,P0305,Inner Mongolia,retire,0.0,0.0,0.0,0.0,0.0,True
2030,P0305,Inner Mongolia,ccs,0.0,0.0,0.0,0.0,0.0,True
2030,P0305,Inner Mongolia,biomass,0.0,0.0,0.0,0.0,0.0,True
2030,P0305,Inner Mongolia,beccs,0.0,0.0,0.0,0.0,0.0,True
2030,P0305,Inner Mongolia,ammonia,0.0,0.0,0.0,0.0,0.0,True
2030,P0306,Inner Mongolia,unabated,1.0,3320790.0,2.7230478,0.0,0.0,True
2030,P0306,Inner Mongolia,retire,0.0,0.0,0.0,0.0,0.0,True
2030,P0306,Inner Mongolia,ccs,0.0,0.0,0.0,0.0,0.0,True
2030,P0306,Inner Mongolia,biomass,0.0,0.0,0.0,0.0,0.0,True
2030,P0306,Inner Mongolia,beccs,0.0,0.0,0.0,0.0,0.0,True
2030,P0306,Inner Mongolia,ammonia,0.0,0.0,0.0,0.0,0.0,True
2030,P0307,Hunan,unabated,1.0,15627600.0,12.814632,0.0,0.0,True
2030,P0307,Hunan,retire,0.0,0.0,0.0,0.0,0.0,True
2030,P0307,Hunan,ccs,0.0,0.0,0.0,0.0,0.0,True
2030,P0307,Hunan,biomass,0.0,0.0,0.0,0.0,0.0,True
2030,P0307,Hunan,beccs,0.0,0.0,0.0,0.0,0.0,True
2030,P0307,Hunan,ammonia,0.0,0.0,0.0,0.0,0.0,True
2030,P0308,Qinghai,unabated,1.0,1106190.0,0.9070757999999999,0.0,0.0,True
2030,P0308,Qinghai,retire,0.0,0.0,0.0,0.0,0.0,True
2030,P0308,Qinghai,ccs,0.0,0.0,0.0,0.0,0.0,True
2030,P0308,Qinghai,biomass,0.0,0.0,0.0,0.0,0.0,True
2030,P0308,Qinghai,beccs,0.0,0.0,0.0,0.0,0.0,True
2030,P0308,Qinghai,ammonia,0.0,0.0,0.0,0.0,0.0,True
2030,P0309,Inner Mongolia,unabated,1.0,10063000.0,8.25166,0.0,0.0,True
2030,P0309,Inner Mongolia,retire,0.0,0.0,0.0,0.0,0.0,True
2030,P0309,Inner Mongolia,ccs,0.0,0.0,0.0,0.0,0.0,True
2030,P0309,Inner Mongolia,biomass,0.0,0.0,0.0,0.0,0.0,True
2030,P0309,Inner Mongolia,beccs,0.0,0.0,0.0,0.0,0.0,True
2030,P0309,Inner Mongolia,ammonia,0.0,0.0,0.0,0.0,0.0,True
2030,P0310,Shaanxi,unabated,1.0,11980320.0,9.823862399999998,0.0,0.0,True
2030,P0310,Shaanxi,retire,0.0,0.0,0.0,0.0,0.0,True
2030,P0310,Shaanxi,ccs,0.0,0.0,0.0,0.0,0.0,True
2030,P0310,Shaanxi,biomass,0.0,0.0,0.0,0.0,0.0,True
2030,P0310,Shaanxi,beccs,0.0,0.0,0.0,0.0,0.0,True
2030,P0310,Shaanxi,ammonia,0.0,0.0,0.0,0.0,0.0,True
2030,P0311,Hunan,unabated,0.0,0.0,0.0,0.0,0.0,True
2030,P0311,Hunan,retire,0.0,0.0,0.0,0.0,0.0,True
2030,P0311,Hunan,ccs,0.0,0.0,0.0,0.0,0.0,True
2030,P0311,Hunan,biomass,1.0,5157108.0,4.228828559999999,4.228828559999999,0.0,True
2030,P0311,Hunan,beccs,0.0,0.0,0.0,0.0,0.0,True
2030,P0311,Hunan,ammonia,0.0,0.0,0.0,0.0,0.0,True
2030,P0312,Shanxi,unabated,1.0,2777700.0,2.277714,0.0,0.0,True
2030,P0312,Shanxi,retire,0.0,0.0,0.0,0.0,0.0,True
2030,P0312,Shanxi,ccs,0.0,0.0,0.0,0.0,0.0,True
2030,P0312,Shanxi,biomass,0.0,0.0,0.0,0.0,0.0,True
2030,P0312,Shanxi,beccs,0.0,0.0,0.0,0.0,0.0,True
2030,P0312,Shanxi,ammonia,0.0,0.0,0.0,0.0,0.0,True
2030,P0313,Xinjiang,unabated,1.0,4224959.999999999,3.464467199999999,0.0,0.0,True
2030,P0313,Xinjiang,retire,0.0,0.0,0.0,0.0,0.0,True
2030,P0313,Xinjiang,ccs,0.0,0.0,0.0,0.0,0.0,True
2030,P0313,Xinjiang,biomass,0.0,0.0,0.0,0.0,0.0,True
2030,P0313,Xinjiang,beccs,0.0,0.0,0.0,0.0,0.0,True
2030,P0313,Xinjiang,ammonia,0.0,0.0,0.0,0.0,0.0,True
2030,P0314,Inner Mongolia,unabated,1.0,6037799.999999999,4.950995999999999,0.0,0.0,True
2030,P0314,Inner Mongolia,retire,0.0,0.0,0.0,0.0,0.0,True
2030,P0314,Inner Mongolia,ccs,0.0,0.0,0.0,0.0,0.0,True
2030,P0314,Inner Mongolia,biomass,0.0,0.0,0.0,0.0,0.0,True
2030,P0314,Inner Mongolia,beccs,0.0,0.0,0.0,0.0,0.0,True
2030,P0314,Inner Mongolia,ammonia,0.0,0.0,0.0,0.0,0.0,True
2030,P0315,Jiangxi,unabated,1.0,22974048.0,18.83871936,0.0,0.0,True
2030,P0315,Jiangxi,retire,0.0,0.0,0.0,0.0,0.0,True
2030,P0315,Jiangxi,ccs,0.0,0.0,0.0,0.0,0.0,True
2030,P0315,Jiangxi,biomass,0.0,0.0,0.0,0.0,0.0,True
2030,P0315,Jiangxi,beccs,0.0,0.0,0.0,0.0,0.0,True
2030,P0315,Jiangxi,ammonia,0.0,0.0,0.0,0.0,0.0,True
2030,P0316,Chongqing,unabated,1.0,5753040.0,4.7174928,0.0,0.0,True
2030,P0316,Chongqing,retire,0.0,0.0,0.0,0.0,0.0,True
2030,P0316,Chongqing,ccs,0.0,0.0,0.0,0.0,0.0,True
2030,P0316,Chongqing,biomass,0.0,0.0,0.0,0.0,0.0,True
2030,P0316,Chongqing,beccs,0.0,0.0,0.0,0.0,0.0,True
2030,P0316,Chongqing,ammonia,0.0,0.0,0.0,0.0,0.0,True
2030,P0317,Jiangsu,unabated,1.0,6871235.0,5.6344126999999995,0.0,0.0,True
2030,P0317,Jiangsu,retire,0.0,0.0,0.0,0.0,0.0,True
2030,P0317,Jiangsu,ccs,0.0,0.0,0.0,0.0,0.0,True
2030,P0317,Jiangsu,biomass,0.0,0.0,0.0,0.0,0.0,True
2030,P0317,Jiangsu,beccs,0.0,0.0,0.0,0.0,0.0,True
2030,P0317,Jiangsu,ammonia,0.0,0.0,0.0,0.0,0.0,True
2030,P0318,Jilin,unabated,1.0,1991770.0000000002,1.6332514000000002,0.0,0.0,True
2030,P0318,Jilin,retire,0.0,0.0,0.0,0.0,0.0,True
2030,P0318,Jilin,ccs,0.0,0.0,0.0,0.0,0.0,True
2030,P0318,Jilin,biomass,0.0,0.0,0.0,0.0,0.0,True
2030,P0318,Jilin,beccs,0.0,0.0,0.0,0.0,0.0,True
2030,P0318,Jilin,ammonia,0.0,0.0,0.0,0.0,0.0,True
2030,P0319,Inner Mongolia,unabated,1.0,3522049.9999999995,2.8880809999999997,0.0,0.0,True
2030,P0319,Inner Mongolia,retire,0.0,0.0,0.0,0.0,0.0,True
2030,P0319,Inner Mongolia,ccs,0.0,0.0,0.0,0.0,0.0,True
2030,P0319,Inner Mongolia,biomass,0.0,0.0,0.0,0.0,0.0,True
2030,P0319,Inner Mongolia,beccs,0.0,0.0,0.0,0.0,0.0,True
2030,P0319,Inner Mongolia,ammonia,0.0,0.0,0.0,0.0,0.0,True
2030,P0320,Guizhou,unabated,1.0,1424130.0,1.1677866,0.0,0.0,True
2030,P0320,Guizhou,retire,0.0,0.0,0.0,0.0,0.0,True
2030,P0320,Guizhou,ccs,0.0,0.0,0.0,0.0,0.0,True
2030,P0320,Guizhou,biomass,0.0,0.0,0.0,0.0,0.0,True
2030,P0320,Guizhou,beccs,0.0,0.0,0.0,0.0,0.0,True
2030,P0320,Guizhou,ammonia,0.0,0.0,0.0,0.0,0.0,True
2030,P0321,Jilin,unabated,1.0,2390124.0000000005,1.9599016800000002,0.0,0.0,True
2030,P0321,Jilin,retire,0.0,0.0,0.0,0.0,0.0,True
2030,P0321,Jilin,ccs,0.0,0.0,0.0,0.0,0.0,True
2030,P0321,Jilin,biomass,0.0,0.0,0.0,0.0,0.0,True
2030,P0321,Jilin,beccs,0.0,0.0,0.0,0.0,0.0,True
2030,P0321,Jilin,ammonia,0.0,0.0,0.0,0.0,0.0,True
2030,P0322,Xinjiang,unabated,1.0,3696839.9999999995,3.0314087999999995,0.0,0.0,True
2030,P0322,Xinjiang,retire,0.0,0.0,0.0,0.0,0.0,True
2030,P0322,Xinjiang,ccs,0.0,0.0,0.0,0.0,0.0,True
2030,P0322,Xinjiang,biomass,0.0,0.0,0.0,0.0,0.0,True
2030,P0322,Xinjiang,beccs,0.0,0.0,0.0,0.0,0.0,True
2030,P0322,Xinjiang,ammonia,0.0,0.0,0.0,0.0,0.0,True
2030,P0323,Henan,unabated,1.0,14398400.0,11.806688,0.0,0.0,True
2030,P0323,Henan,retire,0.0,0.0,0.0,0.0,0.0,True
2030,P0323,Henan,ccs,0.0,0.0,0.0,0.0,0.0,True
2030,P0323,Henan,biomass,0.0,0.0,0.0,0.0,0.0,True
2030,P0323,Henan,beccs,0.0,0.0,0.0,0.0,0.0,True
2030,P0323,Henan,ammonia,0.0,0.0,0.0,0.0,0.0,True
2030,P0324,Shaanxi,unabated,1.0,14430840.0,11.833288799999998,0.0,0.0,True
2030,P0324,Shaanxi,retire,0.0,0.0,0.0,0.0,0.0,True
2030,P0324,Shaanxi,ccs,0.0,0.0,0.0,0.0,0.0,True
2030,P0324,Shaanxi,biomass,0.0,0.0,0.0,0.0,0.0,True
2030,P0324,Shaanxi,beccs,0.0,0.0,0.0,0.0,0.0,True
2030,P0324,Shaanxi,ammonia,0.0,0.0,0.0,0.0,0.0,True
2030,P0325,Zhejiang,unabated,1.0,5529764.7,4.534407054,0.0,0.0,True
2030,P0325,Zhejiang,retire,0.0,0.0,0.0,0.0,0.0,True
2030,P0325,Zhejiang,ccs,0.0,0.0,0.0,0.0,0.0,True
2030,P0325,Zhejiang,biomass,0.0,0.0,0.0,0.0,0.0,True
2030,P0325,Zhejiang,beccs,0.0,0.0,0.0,0.0,0.0,True
2030,P0325,Zhejiang,ammonia,0.0,0.0,0.0,0.0,0.0,True
2030,P0326,Zhejiang,unabated,1.0,37944481.5,31.11447483,0.0,0.0,True
2030,P0326,Zhejiang,retire,0.0,0.0,0.0,0.0,0.0,True
2030,P0326,Zhejiang,ccs,0.0,0.0,0.0,0.0,0.0,True
2030,P0326,Zhejiang,biomass,0.0,0.0,0.0,0.0,0.0,True
2030,P0326,Zhejiang,beccs,0.0,0.0,0.0,0.0,0.0,True
2030,P0326,Zhejiang,ammonia,0.0,0.0,0.0,0.0,0.0,True
2030,P0327,Chongqing,unabated,1.0,13711412.0,11.24335784,0.0,0.0,True
2030,P0327,Chongqing,retire,0.0,0.0,0.0,0.0,0.0,True
2030,P0327,Chongqing,ccs,0.0,0.0,0.0,0.0,0.0,True
2030,P0327,Chongqing,biomass,0.0,0.0,0.0,0.0,0.0,True
2030,P0327,Chongqing,beccs,0.0,0.0,0.0,0.0,0.0,True
2030,P0327,Chongqing,ammonia,0.0,0.0,0.0,0.0,0.0,True
2030,P0328,Inner Mongolia,unabated,1.0,11924655.0,9.778217099999999,0.0,0.0,True
2030,P0328,Inner Mongolia,retire,0.0,0.0,0.0,0.0,0.0,True
2030,P0328,Inner Mongolia,ccs,0.0,0.0,0.0,0.0,0.0,True
2030,P0328,Inner Mongolia,biomass,0.0,0.0,0.0,0.0,0.0,True
2030,P0328,Inner Mongolia,beccs,0.0,0.0,0.0,0.0,0.0,True
2030,P0328,Inner Mongolia,ammonia,0.0,0.0,0.0,0.0,0.0,True
2030,P0329,Xinjiang,unabated,1.0,528119.9999999999,0.4330583999999999,0.0,0.0,True
2030,P0329,Xinjiang,retire,0.0,0.0,0.0,0.0,0.0,True
2030,P0329,Xinjiang,ccs,0.0,0.0,0.0,0.0,0.0,True
2030,P0329,Xinjiang,biomass,0.0,0.0,0.0,0.0,0.0,True
2030,P0329,Xinjiang,beccs,0.0,0.0,0.0,0.0,0.0,True
2030,P0329,Xinjiang,ammonia,0.0,0.0,0.0,0.0,0.0,True
2030,P0330,Gansu,unabated,1.0,25137600.0,20.612832,0.0,0.0,True
2030,P0330,Gansu,retire,0.0,0.0,0.0,0.0,0.0,True
2030,P0330,Gansu,ccs,0.0,0.0,0.0,0.0,0.0,True
2030,P0330,Gansu,biomass,0.0,0.0,0.0,0.0,0.0,True
2030,P0330,Gansu,beccs,0.0,0.0,0.0,0.0,0.0,True
2030,P0330,Gansu,ammonia,0.0,0.0,0.0,0.0,0.0,True
2030,P0331,Guangdong,unabated,1.0,25414742.0,20.84008844,0.0,0.0,True
2030,P0331,Guangdong,retire,0.0,0.0,0.0,0.0,0.0,True
2030,P0331,Guangdong,ccs,0.0,0.0,0.0,0.0,0.0,True
2030,P0331,Guangdong,biomass,0.0,0.0,0.0,0.0,0.0,True
2030,P0331,Guangdong,beccs,0.0,0.0,0.0,0.0,0.0,True
2030,P0331,Guangdong,ammonia,0.0,0.0,0.0,0.0,0.0,True
2030,P0332,Hebei,unabated,1.0,17107584.0,14.028218879999999,0.0,0.0,True
2030,P0332,Hebei,retire,0.0,0.0,0.0,0.0,0.0,True
2030,P0332,Hebei,ccs,0.0,0.0,0.0,0.0,0.0,True
2030,P0332,Hebei,biomass,0.0,0.0,0.0,0.0,0.0,True
2030,P0332,Hebei,beccs,0.0,0.0,0.0,0.0,0.0,True
2030,P0332,Hebei,ammonia,0.0,0.0,0.0,0.0,0.0,True
2030,P0333,Guangdong,unabated,1.0,15675001.14,12.8535009348,0.0,0.0,True
2030,P0333,Guangdong,retire,0.0,0.0,0.0,0.0,0.0,True
2030,P0333,Guangdong,ccs,0.0,0.0,0.0,0.0,0.0,True
2030,P0333,Guangdong,biomass,0.0,0.0,0.0,0.0,0.0,True
2030,P0333,Guangdong,beccs,0.0,0.0,0.0,0.0,0.0,True
2030,P0333,Guangdong,ammonia,0.0,0.0,0.0,0.0,0.0,True
2030,P0334,Hebei,unabated,1.0,3118570.0,2.5572274,0.0,0.0,True
2030,P0334,Hebei,retire,0.0,0.0,0.0,0.0,0.0,True
2030,P0334,Hebei,ccs,0.0,0.0,0.0,0.0,0.0,True
2030,P0334,Hebei,biomass,0.0,0.0,0.0,0.0,0.0,True
2030,P0334,Hebei,beccs,0.0,0.0,0.0,0.0,0.0,True
2030,P0334,Hebei,ammonia,0.0,0.0,0.0,0.0,0.0,True
2030,P0335,Hubei,unabated,1.0,17248159.999999996,14.143491199999996,0.0,0.0,True
2030,P0335,Hubei,retire,0.0,0.0,0.0,0.0,0.0,True
2030,P0335,Hubei,ccs,0.0,0.0,0.0,0.0,0.0,True
2030,P0335,Hubei,biomass,0.0,0.0,0.0,0.0,0.0,True
2030,P0335,Hubei,beccs,0.0,0.0,0.0,0.0,0.0,True
2030,P0335,Hubei,ammonia,0.0,0.0,0.0,0.0,0.0,True
2030,P0336,Inner Mongolia,unabated,1.0,10063000.0,8.25166,0.0,0.0,True
2030,P0336,Inner Mongolia,retire,0.0,0.0,0.0,0.0,0.0,True
2030,P0336,Inner Mongolia,ccs,0.0,0.0,0.0,0.0,0.0,True
2030,P0336,Inner Mongolia,biomass,0.0,0.0,0.0,0.0,0.0,True
2030,P0336,Inner Mongolia,beccs,0.0,0.0,0.0,0.0,0.0,True
2030,P0336,Inner Mongolia,ammonia,0.0,0.0,0.0,0.0,0.0,True
2030,P0337,Guizhou,unabated,1.0,3322970.0,2.7248354,0.0,0.0,True
2030,P0337,Guizhou,retire,0.0,0.0,0.0,0.0,0.0,True
2030,P0337,Guizhou,ccs,0.0,0.0,0.0,0.0,0.0,True
2030,P0337,Guizhou,biomass,0.0,0.0,0.0,0.0,0.0,True
2030,P0337,Guizhou,beccs,0.0,0.0,0.0,0.0,0.0,True
2030,P0337,Guizhou,ammonia,0.0,0.0,0.0,0.0,0.0,True
2030,P0338,Guangxi,unabated,0.0,0.0,0.0,0.0,0.0,True
2030,P0338,Guangxi,retire,0.0,0.0,0.0,0.0,0.0,True
2030,P0338,Guangxi,ccs,0.0,0.0,0.0,0.0,0.0,True
2030,P0338,Guangxi,biomass,1.0,2871960.0,2.3550071999999997,2.3550071999999997,0.0,True
2030,P0338,Guangxi,beccs,0.0,0.0,0.0,0.0,0.0,True
2030,P0338,Guangxi,ammonia,0.0,0.0,0.0,0.0,0.0,True
2030,P0339,Hainan,unabated,1.0,3320394.0,2.7227230799999997,0.0,0.0,True
2030,P0339,Hainan,retire,0.0,0.0,0.0,0.0,0.0,True
2030,P0339,Hainan,ccs,0.0,0.0,0.0,0.0,0.0,True
2030,P0339,Hainan,biomass,0.0,0.0,0.0,0.0,0.0,True
2030,P0339,Hainan,beccs,0.0,0.0,0.0,0.0,0.0,True
2030,P0339,Hainan,ammonia,0.0,0.0,0.0,0.0,0.0,True
2030,P0340,Inner Mongolia,unabated,1.0,18817810.0,15.4306042,0.0,0.0,True
2030,P0340,Inner Mongolia,retire,0.0,0.0,0.0,0.0,0.0,True
2030,P0340,Inner Mongolia,ccs,0.0,0.0,0.0,0.0,0.0,True
2030,P0340,Inner Mongolia,biomass,0.0,0.0,0.0,0.0,0.0,True
2030,P0340,Inner Mongolia,beccs,0.0,0.0,0.0,0.0,0.0,True
2030,P0340,Inner Mongolia,ammonia,0.0,0.0,0.0,0.0,0.0,True
2030,P0341,Hebei,unabated,1.0,445510.0,0.3653181999999999,0.0,0.0,True
2030,P0341,Hebei,retire,0.0,0.0,0.0,0.0,0.0,True
2030,P0341,Hebei,ccs,0.0,0.0,0.0,0.0,0.0,True
2030,P0341,Hebei,biomass,0.0,0.0,0.0,0.0,0.0,True
2030,P0341,Hebei,beccs,0.0,0.0,0.0,0.0,0.0,True
2030,P0341,Hebei,ammonia,0.0,0.0,0.0,0.0,0.0,True
2030,P0342,Zhejiang,unabated,1.0,29115678.0,23.874855959999998,0.0,0.0,True
2030,P0342,Zhejiang,retire,0.0,0.0,0.0,0.0,0.0,True
2030,P0342,Zhejiang,ccs,0.0,0.0,0.0,0.0,0.0,True
2030,P0342,Zhejiang,biomass,0.0,0.0,0.0,0.0,0.0,True
2030,P0342,Zhejiang,beccs,0.0,0.0,0.0,0.0,0.0,True
2030,P0342,Zhejiang,ammonia,0.0,0.0,0.0,0.0,0.0,True
2030,P0343,Hunan,unabated,1.0,15315048.0,12.55833936,0.0,0.0,True
2030,P0343,Hunan,retire,0.0,0.0,0.0,0.0,0.0,True
2030,P0343,Hunan,ccs,0.0,0.0,0.0,0.0,0.0,True
2030,P0343,Hunan,biomass,0.0,0.0,0.0,0.0,0.0,True
2030,P0343,Hunan,beccs,0.0,0.0,0.0,0.0,0.0,True
2030,P0343,Hunan,ammonia,0.0,0.0,0.0,0.0,0.0,True
2030,P0344,Xinjiang,unabated,1.0,20913551.999999996,17.14911264,0.0,0.0,True
2030,P0344,Xinjiang,retire,0.0,0.0,0.0,0.0,0.0,True
2030,P0344,Xinjiang,ccs,0.0,0.0,0.0,0.0,0.0,True
2030,P0344,Xinjiang,biomass,0.0,0.0,0.0,0.0,0.0,True
2030,P0344,Xinjiang,beccs,0.0,0.0,0.0,0.0,0.0,True
2030,P0344,Xinjiang,ammonia,0.0,0.0,0.0,0.0,0.0,True
2030,P0345,Gansu,unabated,1.0,8379200.0,6.870944,0.0,0.0,True
2030,P0345,Gansu,retire,0.0,0.0,0.0,0.0,0.0,True
2030,P0345,Gansu,ccs,0.0,0.0,0.0,0.0,0.0,True
2030,P0345,Gansu,biomass,0.0,0.0,0.0,0.0,0.0,True
2030,P0345,Gansu,beccs,0.0,0.0,0.0,0.0,0.0,True
2030,P0345,Gansu,ammonia,0.0,0.0,0.0,0.0,0.0,True
2030,P0346,Inner Mongolia,unabated,1.0,26465690.0,21.701865799999997,0.0,0.0,True
2030,P0346,Inner Mongolia,retire,0.0,0.0,0.0,0.0,0.0,True
2030,P0346,Inner Mongolia,ccs,0.0,0.0,0.0,0.0,0.0,True
2030,P0346,Inner Mongolia,biomass,0.0,0.0,0.0,0.0,0.0,True
2030,P0346,Inner Mongolia,beccs,0.0,0.0,0.0,0.0,0.0,True
2030,P0346,Inner Mongolia,ammonia,0.0,0.0,0.0,0.0,0.0,True
2030,P0347,Ningxia,unabated,1.0,3777884.0,3.09786488,0.0,0.0,True
2030,P0347,Ningxia,retire,0.0,0.0,0.0,0.0,0.0,True
2030,P0347,Ningxia,ccs,0.0,0.0,0.0,0.0,0.0,True
2030,P0347,Ningxia,biomass,0.0,0.0,0.0,0.0,0.0,True
2030,P0347,Ningxia,beccs,0.0,0.0,0.0,0.0,0.0,True
2030,P0347,Ningxia,ammonia,0.0,0.0,0.0,0.0,0.0,True
2030,P0348,Jiangsu,unabated,1.0,25729515.0,21.098202299999997,0.0,0.0,True
2030,P0348,Jiangsu,retire,0.0,0.0,0.0,0.0,0.0,True
2030,P0348,Jiangsu,ccs,0.0,0.0,0.0,0.0,0.0,True
2030,P0348,Jiangsu,biomass,0.0,0.0,0.0,0.0,0.0,True
2030,P0348,Jiangsu,beccs,0.0,0.0,0.0,0.0,0.0,True
2030,P0348,Jiangsu,ammonia,0.0,0.0,0.0,0.0,0.0,True
2030,P0349,Guangdong,unabated,1.0,6281210.0,5.150592199999999,0.0,0.0,True
2030,P0349,Guangdong,retire,0.0,0.0,0.0,0.0,0.0,True
2030,P0349,Guangdong,ccs,0.0,0.0,0.0,0.0,0.0,True
2030,P0349,Guangdong,biomass,0.0,0.0,0.0,0.0,0.0,True
2030,P0349,Guangdong,beccs,0.0,0.0,0.0,0.0,0.0,True
2030,P0349,Guangdong,ammonia,0.0,0.0,0.0,0.0,0.0,True
2030,P0350,Guangxi,unabated,0.0,0.0,0.0,0.0,0.0,True
2030,P0350,Guangxi,retire,0.0,0.0,0.0,0.0,0.0,True
2030,P0350,Guangxi,ccs,0.0,0.0,0.0,0.0,0.0,True
2030,P0350,Guangxi,biomass,1.0,622258.0,0.51025156,0.51025156,0.0,True
2030,P0350,Guangxi,beccs,0.0,0.0,0.0,0.0,0.0,True
2030,P0350,Guangxi,ammonia,0.0,0.0,0.0,0.0,0.0,True
2040,P0001,Fujian,unabated,0.5687122737526353,35741980.83553391,29.308424285137804,0.0,0.0,True
2040,P0001,Fujian,retire,0.0,0.0,0.0,0.0,0.0,True
2040,P0001,Fujian,ccs,0.0,0.0,0.0,0.0,0.0,True
2040,P0001,Fujian,biomass,0.0,0.0,0.0,0.0,0.0,True
2040,P0001,Fujian,beccs,0.43128772624736467,27105231.16446609,22.22628955486219,42.22995015423817,23.00420968928237,True
2040,P0001,Fujian,ammonia,0.0,0.0,0.0,0.0,0.0,True
2040,P0002,Shanxi,unabated,1.0,64951884.99999999,53.26054569999999,0.0,0.0,True
2040,P0002,Shanxi,retire,0.0,0.0,0.0,0.0,0.0,True
2040,P0002,Shanxi,ccs,0.0,0.0,0.0,0.0,0.0,True
2040,P0002,Shanxi,biomass,0.0,0.0,0.0,0.0,0.0,True
2040,P0002,Shanxi,beccs,0.0,0.0,0.0,0.0,0.0,True
2040,P0002,Shanxi,ammonia,0.0,0.0,0.0,0.0,0.0,True
2040,P0003,Chongqing,unabated,0.0,0.0,0.0,0.0,0.0,True
2040,P0003,Chongqing,retire,0.0,0.0,0.0,0.0,0.0,True
2040,P0003,Chongqing,ccs,0.0,0.0,0.0,0.0,0.0,True
2040,P0003,Chongqing,biomass,0.06666666666666667,2162184.2,1.772991044,1.772991044,0.0,True
2040,P0003,Chongqing,beccs,0.9333333333333333,30270578.8,24.821874616,47.1615617704,25.69064022756,True
2040,P0003,Chongqing,ammonia,0.0,0.0,0.0,0.0,0.0,True
2040,P0004,Inner Mongolia,unabated,0.0,0.0,0.0,0.0,0.0,True
2040,P0004,Inner Mongolia,retire,0.0,0.0,0.0,0.0,0.0,True
2040,P0004,Inner Mongolia,ccs,0.5689641119121636,6183524.72682587,5.070490275997213,4.563441248397492,5.247957435657115,True
2040,P0004,Inner Mongolia,biomass,0.0,0.0,0.0,0.0,0.0,True
2040,P0004,Inner Mongolia,beccs,0.4310358880878273,4684515.273174031,3.8413025240027046,5.377823533603786,3.9757481123427993,True
2040,P0004,Inner Mongolia,ammonia,0.0,0.0,0.0,0.0,0.0,True
2040,P0005,Sichuan,unabated,0.0,0.0,0.0,0.0,0.0,True
2040,P0005,Sichuan,retire,0.0,0.0,0.0,0.0,0.0,True
2040,P0005,Sichuan,ccs,0.0,0.0,0.0,0.0,0.0,True
2040,P0005,Sichuan,biomass,0.3415295657999143,6424664.984448533,5.268225287247797,5.268225287247797,0.0,True
2040,P0005,Sichuan,beccs,0.6584704342000863,12386781.015551474,10.15716043275221,19.298604822229198,10.512661047898536,True
2040,P0005,Sichuan,ammonia,0.0,0.0,0.0,0.0,0.0,True
2040,P0006,Hebei,unabated,1.0,22899214.0,18.77735548,0.0,0.0,True
2040,P0006,Hebei,retire,0.0,0.0,0.0,0.0,0.0,True
2040,P0006,Hebei,ccs,0.0,0.0,0.0,0.0,0.0,True
2040,P0006,Hebei,biomass,0.0,0.0,0.0,0.0,0.0,True
2040,P0006,Hebei,beccs,0.0,0.0,0.0,0.0,0.0,True
2040,P0006,Hebei,ammonia,0.0,0.0,0.0,0.0,0.0,True
2040,P0007,Hebei,unabated,1.0,38741549.6,31.768070671999997,0.0,0.0,True
2040,P0007,Hebei,retire,0.0,0.0,0.0,0.0,0.0,True
2040,P0007,Hebei,ccs,0.0,0.0,0.0,0.0,0.0,True
2040,P0007,Hebei,biomass,0.0,0.0,0.0,0.0,0.0,True
2040,P0007,Hebei,beccs,0.0,0.0,0.0,0.0,0.0,True
2040,P0007,Hebei,ammonia,0.0,0.0,0.0,0.0,0.0,True
2040,P0008,Shandong,unabated,0.17310085465717295,2065434.1355034064,1.693655991112793,0.0,0.0,True
2040,P0008,Shandong,retire,0.0,0.0,0.0,0.0,0.0,True
2040,P0008,Shandong,ccs,0.0,0.0,0.0,0.0,0.0,True
2040,P0008,Shandong,biomass,0.5715056445369446,6819187.97684323,5.5917341410114485,5.5917341410114485,0.0,True
2040,P0008,Shandong,beccs,0.2553935008058824,3047347.487653365,2.498824939875759,4.747767385763942,2.58628381277141,True
2040,P0008,Shandong,ammonia,0.0,0.0,0.0,0.0,0.0,True
2040,P0009,Inner Mongolia,unabated,1.0,107372210.0,88.0452122,0.0,0.0,True
2040,P0009,Inner Mongolia,retire,0.0,0.0,0.0,0.0,0.0,True
2040,P0009,Inner Mongolia,ccs,0.0,0.0,0.0,0.0,0.0,True
2040,P0009,Inner Mongolia,biomass,0.0,0.0,0.0,0.0,0.0,True
2040,P0009,Inner Mongolia,beccs,0.0,0.0,0.0,0.0,0.0,True
2040,P0009,Inner Mongolia,ammonia,0.0,0.0,0.0,0.0,0.0,True
2040,P0010,Yunnan,unabated,0.30628094595884375,5106862.336233433,4.187627115711415,0.0,0.0,True
2040,P0010,Yunnan,retire,0.0,0.0,0.0,0.0,0.0,True
2040,P0010,Yunnan,ccs,0.0,0.0,0.0,0.0,0.0,True
2040,P0010,Yunnan,biomass,0.6937190540411564,11566921.663766569,9.484875764288585,9.484875764288585,0.0,True
2040,P0010,Yunnan,beccs,0.0,0.0,0.0,0.0,0.0,True
2040,P0010,Yunnan,ammonia,0.0,0.0,0.0,0.0,0.0,True
2040,P0011,Guangdong,unabated,0.7747455147209965,31930672.316662554,26.18315129966329,0.0,0.0,True
2040,P0011,Guangdong,retire,0.0,0.0,0.0,0.0,0.0,True
2040,P0011,Guangdong,ccs,0.2252544852790035,9283728.683337446,7.612657520336706,6.851391768303035,7.87910053354849,True
2040,P0011,Guangdong,biomass,0.0,0.0,0.0,0.0,0.0,True
2040,P0011,Guangdong,beccs,0.0,0.0,0.0,0.0,0.0,True
2040,P0011,Guangdong,ammonia,0.0,0.0,0.0,0.0,0.0,True
2040,P0012,Liaoning,unabated,0.0,0.0,0.0,0.0,0.0,True
2040,P0012,Liaoning,retire,0.0,0.0,0.0,0.0,0.0,True
2040,P0012,Liaoning,ccs,0.0,0.0,0.0,0.0,0.0,True
2040,P0012,Liaoning,biomass,1.0,17363920.0,14.238414399999998,14.238414399999998,0.0,True
2040,P0012,Liaoning,beccs,0.0,0.0,0.0,0.0,0.0,True
2040,P0012,Liaoning,ammonia,0.0,0.0,0.0,0.0,0.0,True
2040,P0013,Shanxi,unabated,1.0,81340315.0,66.69905829999999,0.0,0.0,True
2040,P0013,Shanxi,retire,0.0,0.0,0.0,0.0,0.0,True
2040,P0013,Shanxi,ccs,0.0,0.0,0.0,0.0,0.0,True
2040,P0013,Shanxi,biomass,0.0,0.0,0.0,0.0,0.0,True
2040,P0013,Shanxi,beccs,0.0,0.0,0.0,0.0,0.0,True
2040,P0013,Shanxi,ammonia,0.0,0.0,0.0,0.0,0.0,True
2040,P0014,Guangdong,unabated,0.0,0.0,0.0,0.0,0.0,True
2040,P0014,Guangdong,retire,0.0,0.0,0.0,0.0,0.0,True
2040,P0014,Guangdong,ccs,0.0,0.0,0.0,0.0,0.0,True
2040,P0014,Guangdong,biomass,0.0,0.0,0.0,0.0,0.0,True
2040,P0014,Guangdong,beccs,1.0,11885982.0,9.74650524,18.518359955999998,10.087632923399998,True
2040,P0014,Guangdong,ammonia,0.0,0.0,0.0,0.0,0.0,True
2040,P0015,Hunan,unabated,0.0,0.0,0.0,0.0,0.0,True
2040,P0015,Hunan,retire,0.0,0.0,0.0,0.0,0.0,True
2040,P0015,Hunan,ccs,0.0,0.0,0.0,0.0,0.0,True
2040,P0015,Hunan,biomass,1.0,9884457.0,8.10525474,8.10525474,0.0,True
2040,P0015,Hunan,beccs,0.0,0.0,0.0,0.0,0.0,True
2040,P0015,Hunan,ammonia,0.0,0.0,0.0,0.0,0.0,True
2040,P0016,Hubei,unabated,0.06781715838852932,2156355.6009539785,1.768211592782262,0.0,0.0,True
2040,P0016,Hubei,retire,0.0,0.0,0.0,0.0,0.0,True
2040,P0016,Hubei,ccs,0.0,0.0,0.0,0.0,0.0,True
2040,P0016,Hubei,biomass,0.9321828416114707,29640252.39904602,24.305006967217732,24.305006967217732,0.0,True
2040,P0016,Hubei,beccs,0.0,0.0,0.0,0.0,0.0,True
2040,P0016,Hubei,ammonia,0.0,0.0,0.0,0.0,0.0,True
2040,P0017,Jiangsu,unabated,0.5325815816628415,24895238.440775428,20.41409552143585,0.0,0.0,True
2040,P0017,Jiangsu,retire,0.0,0.0,0.0,0.0,0.0,True
2040,P0017,Jiangsu,ccs,0.0,0.0,0.0,0.0,0.0,True
2040,P0017,Jiangsu,biomass,0.03351778010815686,1566770.531554534,1.2847518358747179,1.2847518358747179,0.0,True
2040,P0017,Jiangsu,beccs,0.43390063822900155,20282451.027670033,16.631609842689425,31.60005870110991,17.213716187183554,True
2040,P0017,Jiangsu,ammonia,0.0,0.0,0.0,0.0,0.0,True
2040,P0018,Jilin,unabated,0.0,0.0,0.0,0.0,0.0,True
2040,P0018,Jilin,retire,0.0,0.0,0.0,0.0,0.0,True
2040,P0018,Jilin,ccs,0.0,0.0,0.0,0.0,0.0,True
2040,P0018,Jilin,biomass,1.0,3838684.0,3.14772088,3.14772088,0.0,True
2040,P0018,Jilin,beccs,0.0,0.0,0.0,0.0,0.0,True
2040,P0018,Jilin,ammonia,0.0,0.0,0.0,0.0,0.0,True
2040,P0019,Hunan,unabated,0.0,0.0,0.0,0.0,0.0,True
2040,P0019,Hunan,retire,0.0,0.0,0.0,0.0,0.0,True
2040,P0019,Hunan,ccs,0.0,0.0,0.0,0.0,0.0,True
2040,P0019,Hunan,biomass,1.0,15119703.0,12.39815646,12.39815646,0.0,True
2040,P0019,Hunan,beccs,0.0,0.0,0.0,0.0,0.0,True
2040,P0019,Hunan,ammonia,0.0,0.0,0.0,0.0,0.0,True
2040,P0020,Zhejiang,unabated,1.0,67514054.1,55.36152436199999,0.0,0.0,True
2040,P0020,Zhejiang,retire,0.0,0.0,0.0,0.0,0.0,True
2040,P0020,Zhejiang,ccs,0.0,0.0,0.0,0.0,0.0,True
2040,P0020,Zhejiang,biomass,0.0,0.0,0.0,0.0,0.0,True
2040,P0020,Zhejiang,beccs,0.0,0.0,0.0,0.0,0.0,True
2040,P0020,Zhejiang,ammonia,0.0,0.0,0.0,0.0,0.0,True
2040,P0021,Shandong,unabated,1.0,45246412.50000001,37.102058250000006,0.0,0.0,True
2040,P0021,Shandong,retire,0.0,0.0,0.0,0.0,0.0,True
2040,P0021,Shandong,ccs,0.0,0.0,0.0,0.0,0.0,True
2040,P0021,Shandong,biomass,0.0,0.0,0.0,0.0,0.0,True
2040,P0021,Shandong,beccs,0.0,0.0,0.0,0.0,0.0,True
2040,P0021,Shandong,ammonia,0.0,0.0,0.0,0.0,0.0,True
2040,P0022,Shandong,unabated,0.0,0.0,0.0,0.0,0.0,True
2040,P0022,Shandong,retire,0.0,0.0,0.0,0.0,0.0,True
2040,P0022,Shandong,ccs,0.0,0.0,0.0,0.0,0.0,True
2040,P0022,Shandong,biomass,1.0,15896209.500000002,13.034891790000001,13.034891790000001,0.0,True
2040,P0022,Shandong,beccs,0.0,0.0,0.0,0.0,0.0,True
2040,P0022,Shandong,ammonia,0.0,0.0,0.0,0.0,0.0,True
2040,P0023,Henan,unabated,0.0,0.0,0.0,0.0,0.0,True
2040,P0023,Henan,retire,0.0,0.0,0.0,0.0,0.0,True
2040,P0023,Henan,ccs,0.0,0.0,0.0,0.0,0.0,True
2040,P0023,Henan,biomass,1.0,20013776.0,16.411296319999998,16.411296319999998,0.0,True
2040,P0023,Henan,beccs,0.0,0.0,0.0,0.0,0.0,True
2040,P0023,Henan,ammonia,0.0,0.0,0.0,0.0,0.0,True
2040,P0024,Chongqing,unabated,0.0,0.0,0.0,0.0,0.0,True
2040,P0024,Chongqing,retire,0.0,0.0,0.0,0.0,0.0,True
2040,P0024,Chongqing,ccs,0.0,0.0,0.0,0.0,0.0,True
2040,P0024,Chongqing,biomass,1.0,5892071.800000001,4.831498876,4.831498876,0.0,True
2040,P0024,Chongqing,beccs,0.0,0.0,0.0,0.0,0.0,True
2040,P0024,Chongqing,ammonia,0.0,0.0,0.0,0.0,0.0,True
2040,P0025,Jilin,unabated,0.0,0.0,0.0,0.0,0.0,True
2040,P0025,Jilin,retire,0.0,0.0,0.0,0.0,0.0,True
2040,P0025,Jilin,ccs,0.0,0.0,0.0,0.0,0.0,True
2040,P0025,Jilin,biomass,0.20566341780218222,3202594.855283938,2.626127781332829,2.626127781332829,0.0,True
2040,P0025,Jilin,beccs,0.7943365821978178,12369425.144716064,10.142928618667172,19.271564375467623,10.497931120320521,True
2040,P0025,Jilin,ammonia,0.0,0.0,0.0,0.0,0.0,True
2040,P0026,Hainan,unabated,0.0,0.0,0.0,0.0,0.0,True
2040,P0026,Hainan,retire,0.0,0.0,0.0,0.0,0.0,True
2040,P0026,Hainan,ccs,0.050457783099447595,533080.9280895229,0.43712636103340874,0.3934137249300679,0.45242578366957803,True
2040,P0026,Hainan,biomass,0.0,0.0,0.0,0.0,0.0,True
2040,P0026,Hainan,beccs,0.9495422169005524,10031809.071910476,8.22608343896659,15.62955853403652,8.51399635933042,True
2040,P0026,Hainan,ammonia,0.0,0.0,0.0,0.0,0.0,True
2040,P0027,Shandong,unabated,0.2736823785410918,15951878.8944075,13.08054069341415,0.0,0.0,True
2040,P0027,Shandong,retire,0.0,0.0,0.0,0.0,0.0,True
2040,P0027,Shandong,ccs,0.0,0.0,0.0,0.0,0.0,True
2040,P0027,Shandong,biomass,0.7263176214589082,42334222.605592504,34.71406253658586,34.71406253658586,0.0,True
2040,P0027,Shandong,beccs,0.0,0.0,0.0,0.0,0.0,True
2040,P0027,Shandong,ammonia,0.0,0.0,0.0,0.0,0.0,True
2040,P0028,Hunan,unabated,0.0,0.0,0.0,0.0,0.0,True
2040,P0028,Hunan,retire,0.0,0.0,0.0,0.0,0.0,True
2040,P0028,Hunan,ccs,0.0,0.0,0.0,0.0,0.0,True
2040,P0028,Hunan,biomass,1.0,22425606.0,18.388996919999997,18.388996919999997,0.0,True
2040,P0028,Hunan,beccs,0.0,0.0,0.0,0.0,0.0,True
2040,P0028,Hunan,ammonia,0.0,0.0,0.0,0.0,0.0,True
2040,P0029,Jilin,unabated,0.0,0.0,0.0,0.0,0.0,True
2040,P0029,Jilin,retire,0.0,0.0,0.0,0.0,0.0,True
2040,P0029,Jilin,ccs,0.0,0.0,0.0,0.0,0.0,True
2040,P0029,Jilin,biomass,0.0,0.0,0.0,0.0,0.0,True
2040,P0029,Jilin,beccs,1.0,434568.0,0.35634575999999996,0.6770569439999999,0.3688178615999999,True
2040,P0029,Jilin,ammonia,0.0,0.0,0.0,0.0,0.0,True
2040,P0030,Jilin,unabated,0.0,0.0,0.0,0.0,0.0,True
2040,P0030,Jilin,retire,0.0,0.0,0.0,0.0,0.0,True
2040,P0030,Jilin,ccs,0.0,0.0,0.0,0.0,0.0,True
2040,P0030,Jilin,biomass,0.0,0.0,0.0,0.0,0.0,True
2040,P0030,Jilin,beccs,1.0,16227493.4,13.306544588,25.282434717199997,13.772273648579999,True
2040,P0030,Jilin,ammonia,0.0,0.0,0.0,0.0,0.0,True
2040,P0031,Shanxi,unabated,0.28288320947791434,6417078.309562222,5.2620042138410215,0.0,0.0,True
2040,P0031,Shanxi,retire,0.0,0.0,0.0,0.0,0.0,True
2040,P0031,Shanxi,ccs,0.0,0.0,0.0,0.0,0.0,True
2040,P0031,Shanxi,biomass,0.0,0.0,0.0,0.0,0.0,True
2040,P0031,Shanxi,beccs,0.7171167905220842,16267471.690437745,13.33932678615895,25.344720893702007,13.806203223674514,True
2040,P0031,Shanxi,ammonia,0.0,0.0,0.0,0.0,0.0,True
2040,P0032,Henan,unabated,0.0,0.0,0.0,0.0,0.0,True
2040,P0032,Henan,retire,0.0,0.0,0.0,0.0,0.0,True
2040,P0032,Henan,ccs,0.0,0.0,0.0,0.0,0.0,True
2040,P0032,Henan,biomass,1.0,8531052.0,6.9954626399999995,6.9954626399999995,0.0,True
2040,P0032,Henan,beccs,0.0,0.0,0.0,0.0,0.0,True
2040,P0032,Henan,ammonia,0.0,0.0,0.0,0.0,0.0,True
2040,P0033,Henan,unabated,0.0,0.0,0.0,0.0,0.0,True
2040,P0033,Henan,retire,0.0,0.0,0.0,0.0,0.0,True
2040,P0033,Henan,ccs,0.0,0.0,0.0,0.0,0.0,True
2040,P0033,Henan,biomass,1.0,22569492.0,18.50698344,18.50698344,0.0,True
2040,P0033,Henan,beccs,0.0,0.0,0.0,0.0,0.0,True
2040,P0033,Henan,ammonia,0.0,0.0,0.0,0.0,0.0,True
2040,P0034,Shandong,unabated,1.0,18403842.0,15.09115044,0.0,0.0,True
2040,P0034,Shandong,retire,0.0,0.0,0.0,0.0,0.0,True
2040,P0034,Shandong,ccs,0.0,0.0,0.0,0.0,0.0,True
2040,P0034,Shandong,biomass,0.0,0.0,0.0,0.0,0.0,True
2040,P0034,Shandong,beccs,0.0,0.0,0.0,0.0,0.0,True
2040,P0034,Shandong,ammonia,0.0,0.0,0.0,0.0,0.0,True
2040,P0035,Anhui,unabated,0.5126956950254725,23762805.620203264,19.485500608566674,0.0,0.0,True
2040,P0035,Anhui,retire,0.0,0.0,0.0,0.0,0.0,True
2040,P0035,Anhui,ccs,0.0,0.0,0.0,0.0,0.0,True
2040,P0035,Anhui,biomass,0.4873043049745275,22585946.379796743,18.520476031433326,13.890357023574996,0.0,True
2040,P0035,Anhui,beccs,0.0,0.0,0.0,0.0,0.0,True
2040,P0035,Anhui,ammonia,0.0,0.0,0.0,0.0,0.0,True
2040,P0036,Jiangsu,unabated,1.0,140042791.0,114.83508862,0.0,0.0,True
2040,P0036,Jiangsu,retire,0.0,0.0,0.0,0.0,0.0,True
2040,P0036,Jiangsu,ccs,0.0,0.0,0.0,0.0,0.0,True
2040,P0036,Jiangsu,biomass,0.0,0.0,0.0,0.0,0.0,True
2040,P0036,Jiangsu,beccs,0.0,0.0,0.0,0.0,0.0,True
2040,P0036,Jiangsu,ammonia,0.0,0.0,0.0,0.0,0.0,True
2040,P0037,Inner Mongolia,unabated,1.0,41962710.0,34.409422199999995,0.0,0.0,True
2040,P0037,Inner Mongolia,retire,0.0,0.0,0.0,0.0,0.0,True
2040,P0037,Inner Mongolia,ccs,0.0,0.0,0.0,0.0,0.0,True
2040,P0037,Inner Mongolia,biomass,0.0,0.0,0.0,0.0,0.0,True
2040,P0037,Inner Mongolia,beccs,0.0,0.0,0.0,0.0,0.0,True
2040,P0037,Inner Mongolia,ammonia,0.0,0.0,0.0,0.0,0.0,True
2040,P0038,Sichuan,unabated,0.0,0.0,0.0,0.0,0.0,True
2040,P0038,Sichuan,retire,0.0,0.0,0.0,0.0,0.0,True
2040,P0038,Sichuan,ccs,0.0,0.0,0.0,0.0,0.0,True
2040,P0038,Sichuan,biomass,0.0,0.0,0.0,0.0,0.0,True
2040,P0038,Sichuan,beccs,1.0,24582287.999999996,20.157476159999998,38.299204704,20.862987825599998,True
2040,P0038,Sichuan,ammonia,0.0,0.0,0.0,0.0,0.0,True
2040,P0039,Heilongjiang,unabated,0.0,0.0,0.0,0.0,0.0,True
2040,P0039,Heilongjiang,retire,0.0,0.0,0.0,0.0,0.0,True
2040,P0039,Heilongjiang,ccs,0.0,0.0,0.0,0.0,0.0,True
2040,P0039,Heilongjiang,biomass,0.0,0.0,0.0,0.0,0.0,True
2040,P0039,Heilongjiang,beccs,1.0,7478775.0,6.1325955,11.65193145,5.924087252999999,True
2040,P0039,Heilongjiang,ammonia,0.0,0.0,0.0,0.0,0.0,True
2040,P0040,Shanxi,unabated,1.0,29397324.999999996,24.105806499999996,0.0,0.0,True
2040,P0040,Shanxi,retire,0.0,0.0,0.0,0.0,0.0,True
2040,P0040,Shanxi,ccs,0.0,0.0,0.0,0.0,0.0,True
2040,P0040,Shanxi,biomass,0.0,0.0,0.0,0.0,0.0,True
2040,P0040,Shanxi,beccs,0.0,0.0,0.0,0.0,0.0,True
2040,P0040,Shanxi,ammonia,0.0,0.0,0.0,0.0,0.0,True
2040,P0041,Hebei,unabated,0.4495929239051063,7791597.783276696,6.38911018228689,0.0,0.0,True
2040,P0041,Hebei,retire,0.0,0.0,0.0,0.0,0.0,True
2040,P0041,Hebei,ccs,0.0,0.0,0.0,0.0,0.0,True
2040,P0041,Hebei,biomass,0.5504070760948937,9538741.216723304,7.821767797713109,7.821767797713109,0.0,True
2040,P0041,Hebei,beccs,0.0,0.0,0.0,0.0,0.0,True
2040,P0041,Hebei,ammonia,0.0,0.0,0.0,0.0,0.0,True
2040,P0042,Shandong,unabated,0.031923021540925085,879867.1720102516,0.7214910810484062,0.0,0.0,True
2040,P0042,Shandong,retire,0.0,0.0,0.0,0.0,0.0,True
2040,P0042,Shandong,ccs,0.0,0.0,0.0,0.0,0.0,True
2040,P0042,Shandong,biomass,0.9680769784590758,26682284.827989776,21.879473558951616,21.879473558951616,0.0,True
2040,P0042,Shandong,beccs,0.0,0.0,0.0,0.0,0.0,True
2040,P0042,Shandong,ammonia,0.0,0.0,0.0,0.0,0.0,True
2040,P0043,Anhui,unabated,0.07133110236362283,5111416.314042564,4.191361377514902,0.0,0.0,True
2040,P0043,Anhui,retire,0.0,0.0,0.0,0.0,0.0,True
2040,P0043,Anhui,ccs,0.0,0.0,0.0,0.0,0.0,True
2040,P0043,Anhui,biomass,0.9286688976363772,66546193.68595744,54.56787882248509,54.56787882248509,0.0,True
2040,P0043,Anhui,beccs,0.0,0.0,0.0,0.0,0.0,True
2040,P0043,Anhui,ammonia,0.0,0.0,0.0,0.0,0.0,True
2040,P0044,Heilongjiang,unabated,0.0,0.0,0.0,0.0,0.0,True
2040,P0044,Heilongjiang,retire,0.0,0.0,0.0,0.0,0.0,True
2040,P0044,Heilongjiang,ccs,0.0,0.0,0.0,0.0,0.0,True
2040,P0044,Heilongjiang,biomass,0.0,0.0,0.0,0.0,0.0,True
2040,P0044,Heilongjiang,beccs,1.0,10278967.500000002,8.428753350000001,16.014631365,8.142175736099999,True
2040,P0044,Heilongjiang,ammonia,0.0,0.0,0.0,0.0,0.0,True
2040,P0045,Henan,unabated,1.0,50070436.0,41.057757519999996,0.0,0.0,True
2040,P0045,Henan,retire,0.0,0.0,0.0,0.0,0.0,True
2040,P0045,Henan,ccs,0.0,0.0,0.0,0.0,0.0,True
2040,P0045,Henan,biomass,0.0,0.0,0.0,0.0,0.0,True
2040,P0045,Henan,beccs,0.0,0.0,0.0,0.0,0.0,True
2040,P0045,Henan,ammonia,0.0,0.0,0.0,0.0,0.0,True
2040,P0046,Zhejiang,unabated,0.6628666389580973,67765087.60251129,55.56737183405926,0.0,0.0,True
2040,P0046,Zhejiang,retire,0.0,0.0,0.0,0.0,0.0,True
2040,P0046,Zhejiang,ccs,0.3371333610419028,34465261.037488714,28.261514050740747,25.43536264566667,29.250667042516667,True
2040,P0046,Zhejiang,biomass,0.0,0.0,0.0,0.0,0.0,True
2040,P0046,Zhejiang,beccs,0.0,0.0,0.0,0.0,0.0,True
2040,P0046,Zhejiang,ammonia,0.0,0.0,0.0,0.0,0.0,True
2040,P0047,Liaoning,unabated,0.0,0.0,0.0,0.0,0.0,True
2040,P0047,Liaoning,retire,0.0,0.0,0.0,0.0,0.0,True
2040,P0047,Liaoning,ccs,0.0,0.0,0.0,0.0,0.0,True
2040,P0047,Liaoning,biomass,1.0,10170295.999999998,8.339642719999999,8.339642719999999,0.0,True
2040,P0047,Liaoning,beccs,0.0,0.0,0.0,0.0,0.0,True
2040,P0047,Liaoning,ammonia,0.0,0.0,0.0,0.0,0.0,True
2040,P0048,Shanxi,unabated,0.0,0.0,0.0,0.0,0.0,True
2040,P0048,Shanxi,retire,0.0,0.0,0.0,0.0,0.0,True
2040,P0048,Shanxi,ccs,0.0,0.0,0.0,0.0,0.0,True
2040,P0048,Shanxi,biomass,0.0,0.0,0.0,0.0,0.0,True
2040,P0048,Shanxi,beccs,1.0,6481300.0,5.314666,10.0978654,5.50067931,True
2040,P0048,Shanxi,ammonia,0.0,0.0,0.0,0.0,0.0,True
2040,P0049,Xinjiang,unabated,0.0,0.0,0.0,0.0,0.0,True
2040,P0049,Xinjiang,retire,0.0,0.0,0.0,0.0,0.0,True
2040,P0049,Xinjiang,ccs,1.0,7182431.999999999,5.889594239999999,5.300634816,6.095730038399999,True
2040,P0049,Xinjiang,biomass,0.0,0.0,0.0,0.0,0.0,True
2040,P0049,Xinjiang,beccs,0.0,0.0,0.0,0.0,0.0,True
2040,P0049,Xinjiang,ammonia,0.0,0.0,0.0,0.0,0.0,True
2040,P0050,Henan,unabated,0.0,0.0,0.0,0.0,0.0,True
2040,P0050,Henan,retire,0.0,0.0,0.0,0.0,0.0,True
2040,P0050,Henan,ccs,0.0,0.0,0.0,0.0,0.0,True
2040,P0050,Henan,biomass,1.0,7055216.0,5.78527712,5.78527712,0.0,True
2040,P0050,Henan,beccs,0.0,0.0,0.0,0.0,0.0,True
2040,P0050,Henan,ammonia,0.0,0.0,0.0,0.0,0.0,True
2040,P0051,Hebei,unabated,1.0,36442718.0,29.88302876,0.0,0.0,True
2040,P0051,Hebei,retire,0.0,0.0,0.0,0.0,0.0,True
2040,P0051,Hebei,ccs,0.0,0.0,0.0,0.0,0.0,True
2040,P0051,Hebei,biomass,0.0,0.0,0.0,0.0,0.0,True
2040,P0051,Hebei,beccs,0.0,0.0,0.0,0.0,0.0,True
2040,P0051,Hebei,ammonia,0.0,0.0,0.0,0.0,0.0,True
2040,P0052,Jiangsu,unabated,1.0,137274235.0,112.5648727,0.0,0.0,True
2040,P0052,Jiangsu,retire,0.0,0.0,0.0,0.0,0.0,True
2040,P0052,Jiangsu,ccs,0.0,0.0,0.0,0.0,0.0,True
2040,P0052,Jiangsu,biomass,0.0,0.0,0.0,0.0,0.0,True
2040,P0052,Jiangsu,beccs,0.0,0.0,0.0,0.0,0.0,True
2040,P0052,Jiangsu,ammonia,0.0,0.0,0.0,0.0,0.0,True
2040,P0053,Heilongjiang,unabated,0.0,0.0,0.0,0.0,0.0,True
2040,P0053,Heilongjiang,retire,0.0,0.0,0.0,0.0,0.0,True
2040,P0053,Heilongjiang,ccs,0.0,0.0,0.0,0.0,0.0,True
2040,P0053,Heilongjiang,biomass,0.0,0.0,0.0,0.0,0.0,True
2040,P0053,Heilongjiang,beccs,1.0,9739800.000000002,7.986636000000001,15.1746084,8.26616826,True
2040,P0053,Heilongjiang,ammonia,0.0,0.0,0.0,0.0,0.0,True
2040,P0054,Hebei,unabated,0.0,0.0,0.0,0.0,0.0,True
2040,P0054,Hebei,retire,0.0,0.0,0.0,0.0,0.0,True
2040,P0054,Hebei,ccs,0.0,0.0,0.0,0.0,0.0,True
2040,P0054,Hebei,biomass,1.0,19691542.0,16.14706444,16.14706444,0.0,True
2040,P0054,Hebei,beccs,0.0,0.0,0.0,0.0,0.0,True
2040,P0054,Hebei,ammonia,0.0,0.0,0.0,0.0,0.0,True
2040,P0055,Shanxi,unabated,1.0,17129150.0,14.045903,0.0,0.0,True
2040,P0055,Shanxi,retire,0.0,0.0,0.0,0.0,0.0,True
2040,P0055,Shanxi,ccs,0.0,0.0,0.0,0.0,0.0,True
2040,P0055,Shanxi,biomass,0.0,0.0,0.0,0.0,0.0,True
2040,P0055,Shanxi,beccs,0.0,0.0,0.0,0.0,0.0,True
2040,P0055,Shanxi,ammonia,0.0,0.0,0.0,0.0,0.0,True
2040,P0056,Jiangxi,unabated,0.0,0.0,0.0,0.0,0.0,True
2040,P0056,Jiangxi,retire,0.0,0.0,0.0,0.0,0.0,True
2040,P0056,Jiangxi,ccs,0.0,0.0,0.0,0.0,0.0,True
2040,P0056,Jiangxi,biomass,0.18470336588273253,3539087.8950366946,2.9020520739300895,2.9020520739300895,0.0,True
2040,P0056,Jiangxi,beccs,0.8152966341172677,15621840.10496331,12.809908886069914,24.338826883532835,13.258255697082362,True
2040,P0056,Jiangxi,ammonia,0.0,0.0,0.0,0.0,0.0,True
2040,P0057,Gansu,unabated,0.0,0.0,0.0,0.0,0.0,True
2040,P0057,Gansu,retire,0.0,0.0,0.0,0.0,0.0,True
2040,P0057,Gansu,ccs,0.0,0.0,0.0,0.0,0.0,True
2040,P0057,Gansu,biomass,1.0,12233632.0,10.03157824,10.03157824,0.0,True
2040,P0057,Gansu,beccs,0.0,0.0,0.0,0.0,0.0,True
2040,P0057,Gansu,ammonia,0.0,0.0,0.0,0.0,0.0,True
2040,P0058,Jiangsu,unabated,0.3415473701876447,7734334.220820237,6.342154061072594,0.0,0.0,True
2040,P0058,Jiangsu,retire,0.0,0.0,0.0,0.0,0.0,True
2040,P0058,Jiangsu,ccs,0.0,0.0,0.0,0.0,0.0,True
2040,P0058,Jiangsu,biomass,0.6584526298123544,14910648.279179746,12.226731588927391,12.226731588927391,0.0,True
2040,P0058,Jiangsu,beccs,0.0,0.0,0.0,0.0,0.0,True
2040,P0058,Jiangsu,ammonia,0.0,0.0,0.0,0.0,0.0,True
2040,P0059,Inner Mongolia,unabated,1.0,104755830.0,85.8997806,0.0,0.0,True
2040,P0059,Inner Mongolia,retire,0.0,0.0,0.0,0.0,0.0,True
2040,P0059,Inner Mongolia,ccs,0.0,0.0,0.0,0.0,0.0,True
2040,P0059,Inner Mongolia,biomass,0.0,0.0,0.0,0.0,0.0,True
2040,P0059,Inner Mongolia,beccs,0.0,0.0,0.0,0.0,0.0,True
2040,P0059,Inner Mongolia,ammonia,0.0,0.0,0.0,0.0,0.0,True
2040,P0060,Shandong,unabated,0.29025595201526455,6281074.422840169,5.150481026728938,0.0,0.0,True
2040,P0060,Shandong,retire,0.0,0.0,0.0,0.0,0.0,True
2040,P0060,Shandong,ccs,0.0,0.0,0.0,0.0,0.0,True
2040,P0060,Shandong,biomass,0.7097440479847354,15358703.777159834,12.594137097271064,12.594137097271064,0.0,True
2040,P0060,Shandong,beccs,0.0,0.0,0.0,0.0,0.0,True
2040,P0060,Shandong,ammonia,0.0,0.0,0.0,0.0,0.0,True
2040,P0061,Shandong,unabated,0.0,0.0,0.0,0.0,0.0,True
2040,P0061,Shandong,retire,0.0,0.0,0.0,0.0,0.0,True
2040,P0061,Shandong,ccs,0.0,0.0,0.0,0.0,0.0,True
2040,P0061,Shandong,biomass,0.053560400116630116,915642.4629186518,0.7508268195932943,0.7508268195932943,0.0,True
2040,P0061,Shandong,beccs,0.9464395998833701,16179869.537081355,13.267493020406711,25.20823673877275,13.731855276120944,True
2040,P0061,Shandong,ammonia,0.0,0.0,0.0,0.0,0.0,True
2040,P0062,Xinjiang,unabated,0.0,0.0,0.0,0.0,0.0,True
2040,P0062,Xinjiang,retire,0.0,0.0,0.0,0.0,0.0,True
2040,P0062,Xinjiang,ccs,0.30603736129744424,1567757.1771095407,1.2855608852298233,1.157004796706841,1.3305555162128673,True
2040,P0062,Xinjiang,biomass,0.0,0.0,0.0,0.0,0.0,True
2040,P0062,Xinjiang,beccs,0.6939626387025559,3555006.82289046,2.915105594770177,4.809924231370792,3.017134290587134,True
2040,P0062,Xinjiang,ammonia,0.0,0.0,0.0,0.0,0.0,True
2040,P0063,Ningxia,unabated,0.7411305291417922,6483990.915267246,5.316872550519141,0.0,0.0,True
2040,P0063,Ningxia,retire,0.0,0.0,0.0,0.0,0.0,True
2040,P0063,Ningxia,ccs,0.0028624233935935633,25042.72398709707,0.020535033669419597,0.01848153030247764,0.02125375984784928,True
2040,P0063,Ningxia,biomass,0.0,0.0,0.0,0.0,0.0,True
2040,P0063,Ningxia,beccs,0.25600704746461445,2239750.3607456596,1.8365952958114407,3.489531062041737,1.9008761311648408,True
2040,P0063,Ningxia,ammonia,0.0,0.0,0.0,0.0,0.0,True
2040,P0064,Shandong,unabated,0.0,0.0,0.0,0.0,0.0,True
2040,P0064,Shandong,retire,0.0,0.0,0.0,0.0,0.0,True
2040,P0064,Shandong,ccs,0.0,0.0,0.0,0.0,0.0,True
2040,P0064,Shandong,biomass,1.0,18229398.000000004,14.94810636,14.94810636,0.0,True
2040,P0064,Shandong,beccs,0.0,0.0,0.0,0.0,0.0,True
2040,P0064,Shandong,ammonia,0.0,0.0,0.0,0.0,0.0,True
2040,P0065,Xinjiang,unabated,0.0,0.0,0.0,0.0,0.0,True
2040,P0065,Xinjiang,retire,0.0,0.0,0.0,0.0,0.0,True
2040,P0065,Xinjiang,ccs,1.0,17824049.999999996,14.615720999999997,13.154148899999997,15.127271234999995,True
2040,P0065,Xinjiang,biomass,0.0,0.0,0.0,0.0,0.0,True
2040,P0065,Xinjiang,beccs,0.0,0.0,0.0,0.0,0.0,True
2040,P0065,Xinjiang,ammonia,0.0,0.0,0.0,0.0,0.0,True
2040,P0066,Fujian,unabated,1.0,45243841.199999996,37.099949783999996,0.0,0.0,True
2040,P0066,Fujian,retire,0.0,0.0,0.0,0.0,0.0,True
2040,P0066,Fujian,ccs,0.0,0.0,0.0,0.0,0.0,True
2040,P0066,Fujian,biomass,0.0,0.0,0.0,0.0,0.0,True
2040,P0066,Fujian,beccs,0.0,0.0,0.0,0.0,0.0,True
2040,P0066,Fujian,ammonia,0.0,0.0,0.0,0.0,0.0,True
2040,P0067,Hebei,unabated,0.18787676044259952,6428234.921839297,5.271152635908223,0.0,0.0,True
2040,P0067,Hebei,retire,0.0,0.0,0.0,0.0,0.0,True
2040,P0067,Hebei,ccs,0.02411303644386917,825031.5929171062,0.6765259061920271,0.6088733155728244,0.7002043129087481,True
2040,P0067,Hebei,biomass,0.0,0.0,0.0,0.0,0.0,True
2040,P0067,Hebei,beccs,0.7880102031135313,26961901.485243596,22.10875921789975,42.00664251400952,22.88256579052624,True
2040,P0067,Hebei,ammonia,0.0,0.0,0.0,0.0,0.0,True
2040,P0068,Zhejiang,unabated,0.12675690537593487,2838123.6807343825,2.3272614182021942,0.0,0.0,True
2040,P0068,Zhejiang,retire,0.0,0.0,0.0,0.0,0.0,True
2040,P0068,Zhejiang,ccs,0.003336798643451476,74711.88429328718,0.0612637451204955,0.05513737060844595,0.06340797619971285,True
2040,P0068,Zhejiang,biomass,0.0,0.0,0.0,0.0,0.0,True
2040,P0068,Zhejiang,beccs,0.8699062959806136,19477452.93497233,15.971511406677312,30.345871672686894,16.53051430591102,True
2040,P0068,Zhejiang,ammonia,0.0,0.0,0.0,0.0,0.0,True
2040,P0069,Shaanxi,unabated,0.0,0.0,0.0,0.0,0.0,True
2040,P0069,Shaanxi,retire,0.0,0.0,0.0,0.0,0.0,True
2040,P0069,Shaanxi,ccs,0.0,0.0,0.0,0.0,0.0,True
2040,P0069,Shaanxi,biomass,0.0,0.0,0.0,0.0,0.0,True
2040,P0069,Shaanxi,beccs,1.0,18152000.0,14.88464,28.280815999999998,15.4056024,True
2040,P0069,Shaanxi,ammonia,0.0,0.0,0.0,0.0,0.0,True
2040,P0070,Shandong,unabated,0.0,0.0,0.0,0.0,0.0,True
2040,P0070,Shandong,retire,0.0,0.0,0.0,0.0,0.0,True
2040,P0070,Shandong,ccs,0.0,0.0,0.0,0.0,0.0,True
2040,P0070,Shandong,biomass,1.0,25817712.000000004,21.170523840000005,21.170523840000005,0.0,True
2040,P0070,Shandong,beccs,0.0,0.0,0.0,0.0,0.0,True
2040,P0070,Shandong,ammonia,0.0,0.0,0.0,0.0,0.0,True
2040,P0071,Guizhou,unabated,1.0,23735500.0,19.46311,0.0,0.0,True
2040,P0071,Guizhou,retire,0.0,0.0,0.0,0.0,0.0,True
2040,P0071,Guizhou,ccs,0.0,0.0,0.0,0.0,0.0,True
2040,P0071,Guizhou,biomass,0.0,0.0,0.0,0.0,0.0,True
2040,P0071,Guizhou,beccs,0.0,0.0,0.0,0.0,0.0,True
2040,P0071,Guizhou,ammonia,0.0,0.0,0.0,0.0,0.0,True
2040,P0072,Heilongjiang,unabated,0.0,0.0,0.0,0.0,0.0,True
2040,P0072,Heilongjiang,retire,0.0,0.0,0.0,0.0,0.0,True
2040,P0072,Heilongjiang,ccs,0.0,0.0,0.0,0.0,0.0,True
2040,P0072,Heilongjiang,biomass,0.18704776038517268,1041033.015199717,0.853647072463768,0.853647072463768,0.0,True
2040,P0072,Heilongjiang,beccs,0.8129522396148273,4524566.984800283,3.7101449275362324,7.04927536231884,3.84,True
2040,P0072,Heilongjiang,ammonia,0.0,0.0,0.0,0.0,0.0,True
2040,P0073,Liaoning,unabated,0.0,0.0,0.0,0.0,0.0,True
2040,P0073,Liaoning,retire,0.0,0.0,0.0,0.0,0.0,True
2040,P0073,Liaoning,ccs,0.0,0.0,0.0,0.0,0.0,True
2040,P0073,Liaoning,biomass,1.0,6340931.499999999,5.199563829999999,5.199563829999999,0.0,True
2040,P0073,Liaoning,beccs,0.0,0.0,0.0,0.0,0.0,True
2040,P0073,Liaoning,ammonia,0.0,0.0,0.0,0.0,0.0,True
2040,P0074,Shaanxi,unabated,1.0,36893940.0,30.253030799999998,0.0,0.0,True
2040,P0074,Shaanxi,retire,0.0,0.0,0.0,0.0,0.0,True
2040,P0074,Shaanxi,ccs,0.0,0.0,0.0,0.0,0.0,True
2040,P0074,Shaanxi,biomass,0.0,0.0,0.0,0.0,0.0,True
2040,P0074,Shaanxi,beccs,0.0,0.0,0.0,0.0,0.0,True
2040,P0074,Shaanxi,ammonia,0.0,0.0,0.0,0.0,0.0,True
2040,P0075,Henan,unabated,0.0,0.0,0.0,0.0,0.0,True
2040,P0075,Henan,retire,0.0,0.0,0.0,0.0,0.0,True
2040,P0075,Henan,ccs,0.0,0.0,0.0,0.0,0.0,True
2040,P0075,Henan,biomass,1.0,7127208.0,5.844310559999999,5.844310559999999,0.0,True
2040,P0075,Henan,beccs,0.0,0.0,0.0,0.0,0.0,True
2040,P0075,Henan,ammonia,0.0,0.0,0.0,0.0,0.0,True
2040,P0076,Guangxi,unabated,0.0,0.0,0.0,0.0,0.0,True
2040,P0076,Guangxi,retire,0.0,0.0,0.0,0.0,0.0,True
2040,P0076,Guangxi,ccs,0.0,0.0,0.0,0.0,0.0,True
2040,P0076,Guangxi,biomass,1.0,13593944.000000002,11.147034080000001,11.147034080000001,0.0,True
2040,P0076,Guangxi,beccs,0.0,0.0,0.0,0.0,0.0,True
2040,P0076,Guangxi,ammonia,0.0,0.0,0.0,0.0,0.0,True
2040,P0077,Xinjiang,unabated,0.0,0.0,0.0,0.0,0.0,True
2040,P0077,Xinjiang,retire,0.0,0.0,0.0,0.0,0.0,True
2040,P0077,Xinjiang,ccs,1.0,41298983.99999999,33.86516688,30.478650191999996,35.050447720799994,True
2040,P0077,Xinjiang,biomass,0.0,0.0,0.0,0.0,0.0,True
2040,P0077,Xinjiang,beccs,0.0,0.0,0.0,0.0,0.0,True
2040,P0077,Xinjiang,ammonia,0.0,0.0,0.0,0.0,0.0,True
2040,P0078,Heilongjiang,unabated,0.0,0.0,0.0,0.0,0.0,True
2040,P0078,Heilongjiang,retire,0.0,0.0,0.0,0.0,0.0,True
2040,P0078,Heilongjiang,ccs,0.0,0.0,0.0,0.0,0.0,True
2040,P0078,Heilongjiang,biomass,0.0,0.0,0.0,0.0,0.0,True
2040,P0078,Heilongjiang,beccs,1.0,18122985.0,14.860847699999999,28.235610629999996,15.380977369499998,True
2040,P0078,Heilongjiang,ammonia,0.0,0.0,0.0,0.0,0.0,True
2040,P0079,Guangxi,unabated,0.10339007381015336,4394595.914421159,3.60356864982535,0.0,0.0,True
2040,P0079,Guangxi,retire,0.3159769806896982,13430604.092031468,11.013095355465802,11.013095355465802,0.0,True
2040,P0079,Guangxi,ccs,0.0,0.0,0.0,0.0,0.0,True
2040,P0079,Guangxi,biomass,0.0,0.0,0.0,0.0,0.0,True
2040,P0079,Guangxi,beccs,0.5806329455001408,24679807.99354705,20.23744255470858,38.4511408539463,20.94575304412338,True
2040,P0079,Guangxi,ammonia,0.0,0.0,0.0,0.0,0.0,True
2040,P0080,Shandong,unabated,0.0,0.0,0.0,0.0,0.0,True
2040,P0080,Shandong,retire,0.0,0.0,0.0,0.0,0.0,True
2040,P0080,Shandong,ccs,0.0,0.0,0.0,0.0,0.0,True
2040,P0080,Shandong,biomass,1.0,21587445.000000004,17.701704900000003,17.701704900000003,0.0,True
2040,P0080,Shandong,beccs,0.0,0.0,0.0,0.0,0.0,True
2040,P0080,Shandong,ammonia,0.0,0.0,0.0,0.0,0.0,True
2040,P0081,Gansu,unabated,1.0,8798160.0,7.214491199999999,0.0,0.0,True
2040,P0081,Gansu,retire,0.0,0.0,0.0,0.0,0.0,True
2040,P0081,Gansu,ccs,0.0,0.0,0.0,0.0,0.0,True
2040,P0081,Gansu,biomass,0.0,0.0,0.0,0.0,0.0,True
2040,P0081,Gansu,beccs,0.0,0.0,0.0,0.0,0.0,True
2040,P0081,Gansu,ammonia,0.0,0.0,0.0,0.0,0.0,True
2040,P0082,Liaoning,unabated,0.0,0.0,0.0,0.0,0.0,True
2040,P0082,Liaoning,retire,0.0,0.0,0.0,0.0,0.0,True
2040,P0082,Liaoning,ccs,0.0,0.0,0.0,0.0,0.0,True
2040,P0082,Liaoning,biomass,1.0,7751749.999999999,6.356434999999999,6.356434999999999,0.0,True
2040,P0082,Liaoning,beccs,0.0,0.0,0.0,0.0,0.0,True
2040,P0082,Liaoning,ammonia,0.0,0.0,0.0,0.0,0.0,True
2040,P0083,Shaanxi,unabated,1.0,58041020.0,47.5936364,0.0,0.0,True
2040,P0083,Shaanxi,retire,0.0,0.0,0.0,0.0,0.0,True
2040,P0083,Shaanxi,ccs,0.0,0.0,0.0,0.0,0.0,True
2040,P0083,Shaanxi,biomass,0.0,0.0,0.0,0.0,0.0,True
2040,P0083,Shaanxi,beccs,0.0,0.0,0.0,0.0,0.0,True
2040,P0083,Shaanxi,ammonia,0.0,0.0,0.0,0.0,0.0,True
2040,P0084,Shaanxi,unabated,1.0,12207220.0,10.009920399999999,0.0,0.0,True
2040,P0084,Shaanxi,retire,0.0,0.0,0.0,0.0,0.0,True
2040,P0084,Shaanxi,ccs,0.0,0.0,0.0,0.0,0.0,True
2040,P0084,Shaanxi,biomass,0.0,0.0,0.0,0.0,0.0,True
2040,P0084,Shaanxi,beccs,0.0,0.0,0.0,0.0,0.0,True
2040,P0084,Shaanxi,ammonia,0.0,0.0,0.0,0.0,0.0,True
2040,P0085,Jiangsu,unabated,1.0,50405775.00000001,41.3327355,0.0,0.0,True
2040,P0085,Jiangsu,retire,0.0,0.0,0.0,0.0,0.0,True
2040,P0085,Jiangsu,ccs,0.0,0.0,0.0,0.0,0.0,True
2040,P0085,Jiangsu,biomass,0.0,0.0,0.0,0.0,0.0,True
2040,P0085,Jiangsu,beccs,0.0,0.0,0.0,0.0,0.0,True
2040,P0085,Jiangsu,ammonia,0.0,0.0,0.0,0.0,0.0,True
2040,P0086,Shaanxi,unabated,1.0,42929480.0,35.2021736,0.0,0.0,True
2040,P0086,Shaanxi,retire,0.0,0.0,0.0,0.0,0.0,True
2040,P0086,Shaanxi,ccs,0.0,0.0,0.0,0.0,0.0,True
2040,P0086,Shaanxi,biomass,0.0,0.0,0.0,0.0,0.0,True
2040,P0086,Shaanxi,beccs,0.0,0.0,0.0,0.0,0.0,True
2040,P0086,Shaanxi,ammonia,0.0,0.0,0.0,0.0,0.0,True
2040,P0087,Hebei,unabated,0.33686556386563327,4577347.809412238,3.7534252037180353,0.0,0.0,True
2040,P0087,Hebei,retire,0.0,0.0,0.0,0.0,0.0,True
2040,P0087,Hebei,ccs,0.0,0.0,0.0,0.0,0.0,True
2040,P0087,Hebei,biomass,0.6631344361343667,9010707.190587765,7.388779896281966,7.388779896281966,0.0,True
2040,P0087,Hebei,beccs,0.0,0.0,0.0,0.0,0.0,True
2040,P0087,Hebei,ammonia,0.0,0.0,0.0,0.0,0.0,True
2040,P0088,Zhejiang,unabated,0.0,0.0,0.0,0.0,0.0,True
2040,P0088,Zhejiang,retire,0.0,0.0,0.0,0.0,0.0,True
2040,P0088,Zhejiang,ccs,0.0,0.0,0.0,0.0,0.0,True
2040,P0088,Zhejiang,biomass,0.0,0.0,0.0,0.0,0.0,True
2040,P0088,Zhejiang,beccs,1.0,15775605.0,12.935996099999999,24.578392589999996,13.388755963499998,True
2040,P0088,Zhejiang,ammonia,0.0,0.0,0.0,0.0,0.0,True
2040,P0089,Ningxia,unabated,0.8664739757752282,113924262.60948962,93.41789533978148,0.0,0.0,True
2040,P0089,Ningxia,retire,0.0,0.0,0.0,0.0,0.0,True
2040,P0089,Ningxia,ccs,0.13352602422477178,17556042.39051038,14.395954760218512,12.956359284196662,14.899813176826159,True
2040,P0089,Ningxia,biomass,0.0,0.0,0.0,0.0,0.0,True
2040,P0089,Ningxia,beccs,0.0,0.0,0.0,0.0,0.0,True
2040,P0089,Ningxia,ammonia,0.0,0.0,0.0,0.0,0.0,True
2040,P0090,Guangdong,unabated,1.0,34962181.2,28.668988584,0.0,0.0,True
2040,P0090,Guangdong,retire,0.0,0.0,0.0,0.0,0.0,True
2040,P0090,Guangdong,ccs,0.0,0.0,0.0,0.0,0.0,True
2040,P0090,Guangdong,biomass,0.0,0.0,0.0,0.0,0.0,True
2040,P0090,Guangdong,beccs,0.0,0.0,0.0,0.0,0.0,True
2040,P0090,Guangdong,ammonia,0.0,0.0,0.0,0.0,0.0,True
2040,P0091,Guangdong,unabated,0.0,0.0,0.0,0.0,0.0,True
2040,P0091,Guangdong,retire,0.0,0.0,0.0,0.0,0.0,True
2040,P0091,Guangdong,ccs,0.0,0.0,0.0,0.0,0.0,True
2040,P0091,Guangdong,biomass,0.0,0.0,0.0,0.0,0.0,True
2040,P0091,Guangdong,beccs,1.0,35657946.0,29.23951572,55.555079868,30.262898770199996,True
2040,P0091,Guangdong,ammonia,0.0,0.0,0.0,0.0,0.0,True
2040,P0092,Jiangxi,unabated,0.0704047596141244,2567165.9336194335,2.1050760655679355,0.0,0.0,True
2040,P0092,Jiangxi,retire,0.0,0.0,0.0,0.0,0.0,True
2040,P0092,Jiangxi,ccs,0.0,0.0,0.0,0.0,0.0,True
2040,P0092,Jiangxi,biomass,0.9295952403858747,33895794.06638053,27.794551134432037,27.794551134432037,0.0,True
2040,P0092,Jiangxi,beccs,0.0,0.0,0.0,0.0,0.0,True
2040,P0092,Jiangxi,ammonia,0.0,0.0,0.0,0.0,0.0,True
2040,P0093,Hunan,unabated,1.0,18069412.5,14.81691825,0.0,0.0,True
2040,P0093,Hunan,retire,0.0,0.0,0.0,0.0,0.0,True
2040,P0093,Hunan,ccs,0.0,0.0,0.0,0.0,0.0,True
2040,P0093,Hunan,biomass,0.0,0.0,0.0,0.0,0.0,True
2040,P0093,Hunan,beccs,0.0,0.0,0.0,0.0,0.0,True
2040,P0093,Hunan,ammonia,0.0,0.0,0.0,0.0,0.0,True
2040,P0094,Fujian,unabated,0.0,0.0,0.0,0.0,0.0,True
2040,P0094,Fujian,retire,0.0,0.0,0.0,0.0,0.0,True
2040,P0094,Fujian,ccs,0.0,0.0,0.0,0.0,0.0,True
2040,P0094,Fujian,biomass,0.0,0.0,0.0,0.0,0.0,True
2040,P0094,Fujian,beccs,1.0,6459012.0,5.29638984,10.063140696,5.481763484399999,True
2040,P0094,Fujian,ammonia,0.0,0.0,0.0,0.0,0.0,True
2040,P0095,Anhui,unabated,0.0,0.0,0.0,0.0,0.0,True
2040,P0095,Anhui,retire,0.0,0.0,0.0,0.0,0.0,True
2040,P0095,Anhui,ccs,0.0,0.0,0.0,0.0,0.0,True
2040,P0095,Anhui,biomass,1.0,16313541.000000002,13.377103620000002,13.377103620000002,0.0,True
2040,P0095,Anhui,beccs,0.0,0.0,0.0,0.0,0.0,True
2040,P0095,Anhui,ammonia,0.0,0.0,0.0,0.0,0.0,True
2040,P0096,Guangdong,unabated,0.0,0.0,0.0,0.0,0.0,True
2040,P0096,Guangdong,retire,0.0,0.0,0.0,0.0,0.0,True
2040,P0096,Guangdong,ccs,0.0,0.0,0.0,0.0,0.0,True
2040,P0096,Guangdong,biomass,0.24187149978625716,5457597.954165598,4.475230322415791,4.475230322415791,0.0,True
2040,P0096,Guangdong,beccs,0.7581285002137433,17106441.045834415,14.02728165758422,26.651835149410015,14.518236515599668,True
2040,P0096,Guangdong,ammonia,0.0,0.0,0.0,0.0,0.0,True
2040,P0097,Gansu,unabated,0.0,0.0,0.0,0.0,0.0,True
2040,P0097,Gansu,retire,0.0,0.0,0.0,0.0,0.0,True
2040,P0097,Gansu,ccs,0.0,0.0,0.0,0.0,0.0,True
2040,P0097,Gansu,biomass,1.0,8881952.0,7.28320064,7.28320064,0.0,True
2040,P0097,Gansu,beccs,0.0,0.0,0.0,0.0,0.0,True
2040,P0097,Gansu,ammonia,0.0,0.0,0.0,0.0,0.0,True
2040,P0098,Xinjiang,unabated,0.6989740964089182,90144525.19005568,73.91851065584567,0.0,0.0,True
2040,P0098,Xinjiang,retire,0.0,0.0,0.0,0.0,0.0,True
2040,P0098,Xinjiang,ccs,0.3010259035910818,38822378.809944294,31.83435062415432,28.650915561738888,32.948552895999725,True
2040,P0098,Xinjiang,biomass,0.0,0.0,0.0,0.0,0.0,True
2040,P0098,Xinjiang,beccs,0.0,0.0,0.0,0.0,0.0,True
2040,P0098,Xinjiang,ammonia,0.0,0.0,0.0,0.0,0.0,True
2040,P0099,Sichuan,unabated,0.0,0.0,0.0,0.0,0.0,True
2040,P0099,Sichuan,retire,0.0,0.0,0.0,0.0,0.0,True
2040,P0099,Sichuan,ccs,0.0,0.0,0.0,0.0,0.0,True
2040,P0099,Sichuan,biomass,0.0,0.0,0.0,0.0,0.0,True
2040,P0099,Sichuan,beccs,1.0,4996399.999999999,4.097047999999999,7.784391199999998,4.240444679999999,True
2040,P0099,Sichuan,ammonia,0.0,0.0,0.0,0.0,0.0,True
2040,P0100,Jiangxi,unabated,0.0,0.0,0.0,0.0,0.0,True
2040,P0100,Jiangxi,retire,0.0,0.0,0.0,0.0,0.0,True
2040,P0100,Jiangxi,ccs,0.0,0.0,0.0,0.0,0.0,True
2040,P0100,Jiangxi,biomass,1.0,15157152.0,12.428864639999999,12.428864639999999,0.0,True
2040,P0100,Jiangxi,beccs,0.0,0.0,0.0,0.0,0.0,True
2040,P0100,Jiangxi,ammonia,0.0,0.0,0.0,0.0,0.0,True
2040,P0101,Qinghai,unabated,1.0,19952390.0,16.3609598,0.0,0.0,True
2040,P0101,Qinghai,retire,0.0,0.0,0.0,0.0,0.0,True
2040,P0101,Qinghai,ccs,0.0,0.0,0.0,0.0,0.0,True
2040,P0101,Qinghai,biomass,0.0,0.0,0.0,0.0,0.0,True
2040,P0101,Qinghai,beccs,0.0,0.0,0.0,0.0,0.0,True
2040,P0101,Qinghai,ammonia,0.0,0.0,0.0,0.0,0.0,True
2040,P0102,Hunan,unabated,0.0,0.0,0.0,0.0,0.0,True
2040,P0102,Hunan,retire,0.0,0.0,0.0,0.0,0.0,True
2040,P0102,Hunan,ccs,0.0,0.0,0.0,0.0,0.0,True
2040,P0102,Hunan,biomass,1.0,9845388.0,8.07321816,8.07321816,0.0,True
2040,P0102,Hunan,beccs,0.0,0.0,0.0,0.0,0.0,True
2040,P0102,Hunan,ammonia,0.0,0.0,0.0,0.0,0.0,True
2040,P0103,Inner Mongolia,unabated,1.0,19119700.0,15.678153999999997,0.0,0.0,True
2040,P0103,Inner Mongolia,retire,0.0,0.0,0.0,0.0,0.0,True
2040,P0103,Inner Mongolia,ccs,0.0,0.0,0.0,0.0,0.0,True
2040,P0103,Inner Mongolia,biomass,0.0,0.0,0.0,0.0,0.0,True
2040,P0103,Inner Mongolia,beccs,0.0,0.0,0.0,0.0,0.0,True
2040,P0103,Inner Mongolia,ammonia,0.0,0.0,0.0,0.0,0.0,True
2040,P0104,Inner Mongolia,unabated,1.0,22843010.0,18.7312682,0.0,0.0,True
2040,P0104,Inner Mongolia,retire,0.0,0.0,0.0,0.0,0.0,True
2040,P0104,Inner Mongolia,ccs,0.0,0.0,0.0,0.0,0.0,True
2040,P0104,Inner Mongolia,biomass,0.0,0.0,0.0,0.0,0.0,True
2040,P0104,Inner Mongolia,beccs,0.0,0.0,0.0,0.0,0.0,True
2040,P0104,Inner Mongolia,ammonia,0.0,0.0,0.0,0.0,0.0,True
2040,P0105,Liaoning,unabated,0.0,0.0,0.0,0.0,0.0,True
2040,P0105,Liaoning,retire,0.0,0.0,0.0,0.0,0.0,True
2040,P0105,Liaoning,ccs,0.0,0.0,0.0,0.0,0.0,True
2040,P0105,Liaoning,biomass,0.26860604380369485,1082726.7880287515,0.8878359661835763,0.8878359661835763,0.0,True
2040,P0105,Liaoning,beccs,0.7313939561963057,2948183.2119712504,2.4175102338164254,4.593269444251208,2.5021230919999997,True
2040,P0105,Liaoning,ammonia,0.0,0.0,0.0,0.0,0.0,True
2040,P0106,Hubei,unabated,1.0,39558279.99999999,32.43778959999999,0.0,0.0,True
2040,P0106,Hubei,retire,0.0,0.0,0.0,0.0,0.0,True
2040,P0106,Hubei,ccs,0.0,0.0,0.0,0.0,0.0,True
2040,P0106,Hubei,biomass,0.0,0.0,0.0,0.0,0.0,True
2040,P0106,Hubei,beccs,0.0,0.0,0.0,0.0,0.0,True
2040,P0106,Hubei,ammonia,0.0,0.0,0.0,0.0,0.0,True
2040,P0107,Liaoning,unabated,1.0,14387248.0,11.797543359999999,0.0,0.0,True
2040,P0107,Liaoning,retire,0.0,0.0,0.0,0.0,0.0,True
2040,P0107,Liaoning,ccs,0.0,0.0,0.0,0.0,0.0,True
2040,P0107,Liaoning,biomass,0.0,0.0,0.0,0.0,0.0,True
2040,P0107,Liaoning,beccs,0.0,0.0,0.0,0.0,0.0,True
2040,P0107,Liaoning,ammonia,0.0,0.0,0.0,0.0,0.0,True
2040,P0108,Guangdong,unabated,1.0,22805624.0,18.700611679999998,0.0,0.0,True
2040,P0108,Guangdong,retire,0.0,0.0,0.0,0.0,0.0,True
2040,P0108,Guangdong,ccs,0.0,0.0,0.0,0.0,0.0,True
2040,P0108,Guangdong,biomass,0.0,0.0,0.0,0.0,0.0,True
2040,P0108,Guangdong,beccs,0.0,0.0,0.0,0.0,0.0,True
2040,P0108,Guangdong,ammonia,0.0,0.0,0.0,0.0,0.0,True
2040,P0109,Shaanxi,unabated,1.0,37846920.0,31.034474399999997,0.0,0.0,True
2040,P0109,Shaanxi,retire,0.0,0.0,0.0,0.0,0.0,True
2040,P0109,Shaanxi,ccs,0.0,0.0,0.0,0.0,0.0,True
2040,P0109,Shaanxi,biomass,0.0,0.0,0.0,0.0,0.0,True
2040,P0109,Shaanxi,beccs,0.0,0.0,0.0,0.0,0.0,True
2040,P0109,Shaanxi,ammonia,0.0,0.0,0.0,0.0,0.0,True
2040,P0110,Guizhou,unabated,0.5800725916209123,36513566.07180497,29.941124178880077,0.0,0.0,True
2040,P0110,Guizhou,retire,0.0,0.0,0.0,0.0,0.0,True
2040,P0110,Guizhou,ccs,0.0,0.0,0.0,0.0,0.0,True
2040,P0110,Guizhou,biomass,0.4199274083790877,26432979.92819503,21.675043541119923,21.675043541119923,0.0,True
2040,P0110,Guizhou,beccs,0.0,0.0,0.0,0.0,0.0,True
2040,P0110,Guizhou,ammonia,0.0,0.0,0.0,0.0,0.0,True
2040,P0111,Guangxi,unabated,0.0,0.0,0.0,0.0,0.0,True
2040,P0111,Guangxi,retire,0.0,0.0,0.0,0.0,0.0,True
2040,P0111,Guangxi,ccs,0.0,0.0,0.0,0.0,0.0,True
2040,P0111,Guangxi,biomass,1.0,587794.48,0.48199147359999994,0.48199147359999994,0.0,True
2040,P0111,Guangxi,beccs,0.0,0.0,0.0,0.0,0.0,True
2040,P0111,Guangxi,ammonia,0.0,0.0,0.0,0.0,0.0,True
2040,P0112,Guangdong,unabated,1.0,41166084.0,33.756188879999996,0.0,0.0,True
2040,P0112,Guangdong,retire,0.0,0.0,0.0,0.0,0.0,True
2040,P0112,Guangdong,ccs,0.0,0.0,0.0,0.0,0.0,True
2040,P0112,Guangdong,biomass,0.0,0.0,0.0,0.0,0.0,True
2040,P0112,Guangdong,beccs,0.0,0.0,0.0,0.0,0.0,True
2040,P0112,Guangdong,ammonia,0.0,0.0,0.0,0.0,0.0,True
2040,P0113,Inner Mongolia,unabated,1.0,20126000.0,16.50332,0.0,0.0,True
2040,P0113,Inner Mongolia,retire,0.0,0.0,0.0,0.0,0.0,True
2040,P0113,Inner Mongolia,ccs,0.0,0.0,0.0,0.0,0.0,True
2040,P0113,Inner Mongolia,biomass,0.0,0.0,0.0,0.0,0.0,True
2040,P0113,Inner Mongolia,beccs,0.0,0.0,0.0,0.0,0.0,True
2040,P0113,Inner Mongolia,ammonia,0.0,0.0,0.0,0.0,0.0,True
2040,P0114,Guangxi,unabated,0.0,0.0,0.0,0.0,0.0,True
2040,P0114,Guangxi,retire,0.0,0.0,0.0,0.0,0.0,True
2040,P0114,Guangxi,ccs,0.0,0.0,0.0,0.0,0.0,True
2040,P0114,Guangxi,biomass,0.0,0.0,0.0,0.0,0.0,True
2040,P0114,Guangxi,beccs,1.0,29485456.0,24.17807392,45.938340448,25.0243065072,True
2040,P0114,Guangxi,ammonia,0.0,0.0,0.0,0.0,0.0,True
2040,P0115,Shandong,unabated,0.0,0.0,0.0,0.0,0.0,True
2040,P0115,Shandong,retire,0.0,0.0,0.0,0.0,0.0,True
2040,P0115,Shandong,ccs,0.0,0.0,0.0,0.0,0.0,True
2040,P0115,Shandong,biomass,1.0,9550809.0,7.83166338,7.83166338,0.0,True
2040,P0115,Shandong,beccs,0.0,0.0,0.0,0.0,0.0,True
2040,P0115,Shandong,ammonia,0.0,0.0,0.0,0.0,0.0,True
2040,P0116,Liaoning,unabated,0.0,0.0,0.0,0.0,0.0,True
2040,P0116,Liaoning,retire,0.0,0.0,0.0,0.0,0.0,True
2040,P0116,Liaoning,ccs,0.0,0.0,0.0,0.0,0.0,True
2040,P0116,Liaoning,biomass,1.0,2542573.9999999995,2.0849106799999997,2.0849106799999997,0.0,True
2040,P0116,Liaoning,beccs,0.0,0.0,0.0,0.0,0.0,True
2040,P0116,Liaoning,ammonia,0.0,0.0,0.0,0.0,0.0,True
2040,P0117,Henan,unabated,0.0,0.0,0.0,0.0,0.0,True
2040,P0117,Henan,retire,0.0,0.0,0.0,0.0,0.0,True
2040,P0117,Henan,ccs,0.0,0.0,0.0,0.0,0.0,True
2040,P0117,Henan,biomass,1.0,8351072.0,6.8478790400000005,6.8478790400000005,0.0,True
2040,P0117,Henan,beccs,0.0,0.0,0.0,0.0,0.0,True
2040,P0117,Henan,ammonia,0.0,0.0,0.0,0.0,0.0,True
2040,P0118,Liaoning,unabated,0.0,0.0,0.0,0.0,0.0,True
2040,P0118,Liaoning,retire,0.0,0.0,0.0,0.0,0.0,True
2040,P0118,Liaoning,ccs,0.0,0.0,0.0,0.0,0.0,True
2040,P0118,Liaoning,biomass,1.0,16867807.999999996,13.831602559999997,13.831602559999997,0.0,True
2040,P0118,Liaoning,beccs,0.0,0.0,0.0,0.0,0.0,True
2040,P0118,Liaoning,ammonia,0.0,0.0,0.0,0.0,0.0,True
2040,P0119,Guizhou,unabated,1.0,27248354.0,22.34365028,0.0,0.0,True
2040,P0119,Guizhou,retire,0.0,0.0,0.0,0.0,0.0,True
2040,P0119,Guizhou,ccs,0.0,0.0,0.0,0.0,0.0,True
2040,P0119,Guizhou,biomass,0.0,0.0,0.0,0.0,0.0,True
2040,P0119,Guizhou,beccs,0.0,0.0,0.0,0.0,0.0,True
2040,P0119,Guizhou,ammonia,0.0,0.0,0.0,0.0,0.0,True
2040,P0120,Inner Mongolia,unabated,0.0,0.0,0.0,0.0,0.0,True
2040,P0120,Inner Mongolia,retire,0.0,0.0,0.0,0.0,0.0,True
2040,P0120,Inner Mongolia,ccs,1.0,23648049.999999996,19.391400999999995,17.452260899999995,20.070100034999992,True
2040,P0120,Inner Mongolia,biomass,0.0,0.0,0.0,0.0,0.0,True
2040,P0120,Inner Mongolia,beccs,0.0,0.0,0.0,0.0,0.0,True
2040,P0120,Inner Mongolia,ammonia,0.0,0.0,0.0,0.0,0.0,True
2040,P0121,Guangdong,unabated,1.0,32662292.0,26.783079439999998,0.0,0.0,True
2040,P0121,Guangdong,retire,0.0,0.0,0.0,0.0,0.0,True
2040,P0121,Guangdong,ccs,0.0,0.0,0.0,0.0,0.0,True
2040,P0121,Guangdong,biomass,0.0,0.0,0.0,0.0,0.0,True
2040,P0121,Guangdong,beccs,0.0,0.0,0.0,0.0,0.0,True
2040,P0121,Guangdong,ammonia,0.0,0.0,0.0,0.0,0.0,True
2040,P0122,Shaanxi,unabated,1.0,33535820.0,27.4993724,0.0,0.0,True
2040,P0122,Shaanxi,retire,0.0,0.0,0.0,0.0,0.0,True
2040,P0122,Shaanxi,ccs,0.0,0.0,0.0,0.0,0.0,True
2040,P0122,Shaanxi,biomass,0.0,0.0,0.0,0.0,0.0,True
2040,P0122,Shaanxi,beccs,0.0,0.0,0.0,0.0,0.0,True
2040,P0122,Shaanxi,ammonia,0.0,0.0,0.0,0.0,0.0,True
2040,P0123,Hebei,unabated,0.6100651717606258,18286040.26067002,14.99455301374942,0.0,0.0,True
2040,P0123,Hebei,retire,0.0,0.0,0.0,0.0,0.0,True
2040,P0123,Hebei,ccs,0.0,0.0,0.0,0.0,0.0,True
2040,P0123,Hebei,biomass,0.38993482823937287,11687872.539329942,9.584055482250552,9.584055482250552,0.0,True
2040,P0123,Hebei,beccs,0.0,0.0,0.0,0.0,0.0,True
2040,P0123,Hebei,ammonia,0.0,0.0,0.0,0.0,0.0,True
2040,P0124,Henan,unabated,0.0,0.0,0.0,0.0,0.0,True
2040,P0124,Henan,retire,0.0,0.0,0.0,0.0,0.0,True
2040,P0124,Henan,ccs,0.0,0.0,0.0,0.0,0.0,True
2040,P0124,Henan,biomass,1.0,42007332.0,34.446012239999995,34.446012239999995,0.0,True
2040,P0124,Henan,beccs,0.0,0.0,0.0,0.0,0.0,True
2040,P0124,Henan,ammonia,0.0,0.0,0.0,0.0,0.0,True
2040,P0125,Xinjiang,unabated,0.555662385886419,34950659.530809365,28.65954081526368,0.0,0.0,True
2040,P0125,Xinjiang,retire,0.0,0.0,0.0,0.0,0.0,True
2040,P0125,Xinjiang,ccs,0.44433761411358097,27948432.469190624,22.91771462473631,20.62594316226268,23.71983463660208,True
2040,P0125,Xinjiang,biomass,0.0,0.0,0.0,0.0,0.0,True
2040,P0125,Xinjiang,beccs,0.0,0.0,0.0,0.0,0.0,True
2040,P0125,Xinjiang,ammonia,0.0,0.0,0.0,0.0,0.0,True
2040,P0126,Jiangsu,unabated,1.0,86326786.00000001,70.78796452000002,0.0,0.0,True
2040,P0126,Jiangsu,retire,0.0,0.0,0.0,0.0,0.0,True
2040,P0126,Jiangsu,ccs,0.0,0.0,0.0,0.0,0.0,True
2040,P0126,Jiangsu,biomass,0.0,0.0,0.0,0.0,0.0,True
2040,P0126,Jiangsu,beccs,0.0,0.0,0.0,0.0,0.0,True
2040,P0126,Jiangsu,ammonia,0.0,0.0,0.0,0.0,0.0,True
2040,P0127,Hebei,unabated,0.0,0.0,0.0,0.0,0.0,True
2040,P0127,Hebei,retire,0.0,0.0,0.0,0.0,0.0,True
2040,P0127,Hebei,ccs,0.0,0.0,0.0,0.0,0.0,True
2040,P0127,Hebei,biomass,1.0,7796425.000000001,6.3930685,6.3930685,0.0,True
2040,P0127,Hebei,beccs,0.0,0.0,0.0,0.0,0.0,True
2040,P0127,Hebei,ammonia,0.0,0.0,0.0,0.0,0.0,True
2040,P0128,Xinjiang,unabated,0.0,0.0,0.0,0.0,0.0,True
2040,P0128,Xinjiang,retire,0.0,0.0,0.0,0.0,0.0,True
2040,P0128,Xinjiang,ccs,0.572084428058348,2930653.513017895,2.403135880674674,2.1628222926072067,2.4872456364982876,True
2040,P0128,Xinjiang,biomass,0.0,0.0,0.0,0.0,0.0,True
2040,P0128,Xinjiang,beccs,0.42791557194165225,2192110.486982106,1.797530599325327,2.516542839055458,1.8604441703017136,True
2040,P0128,Xinjiang,ammonia,0.0,0.0,0.0,0.0,0.0,True
2040,P0129,Inner Mongolia,unabated,0.3025191318272287,20442138.90832226,16.76255390482425,0.0,0.0,True
2040,P0129,Inner Mongolia,retire,0.0,0.0,0.0,0.0,0.0,True
2040,P0129,Inner Mongolia,ccs,0.6974808681727718,47130906.09167778,38.64734299517578,34.7826086956582,40.0,True
2040,P0129,Inner Mongolia,biomass,0.0,0.0,0.0,0.0,0.0,True
2040,P0129,Inner Mongolia,beccs,0.0,0.0,0.0,0.0,0.0,True
2040,P0129,Inner Mongolia,ammonia,0.0,0.0,0.0,0.0,0.0,True
2040,P0130,Hebei,unabated,0.0,0.0,0.0,0.0,0.0,True
2040,P0130,Hebei,retire,0.0,0.0,0.0,0.0,0.0,True
2040,P0130,Hebei,ccs,0.0,0.0,0.0,0.0,0.0,True
2040,P0130,Hebei,biomass,1.0,5791630.0,4.7491366,4.7491366,0.0,True
2040,P0130,Hebei,beccs,0.0,0.0,0.0,0.0,0.0,True
2040,P0130,Hebei,ammonia,0.0,0.0,0.0,0.0,0.0,True
2040,P0131,Zhejiang,unabated,0.9548853225441741,65012593.728308834,53.31032685721325,0.0,0.0,True
2040,P0131,Zhejiang,retire,0.0,0.0,0.0,0.0,0.0,True
2040,P0131,Zhejiang,ccs,0.04511467745582583,3071596.271691162,2.518708942786753,2.266838048508078,2.606863755784289,True
2040,P0131,Zhejiang,biomass,0.0,0.0,0.0,0.0,0.0,True
2040,P0131,Zhejiang,beccs,0.0,0.0,0.0,0.0,0.0,True
2040,P0131,Zhejiang,ammonia,0.0,0.0,0.0,0.0,0.0,True
2040,P0132,Jilin,unabated,0.0,0.0,0.0,0.0,0.0,True
2040,P0132,Jilin,retire,0.0,0.0,0.0,0.0,0.0,True
2040,P0132,Jilin,ccs,0.0,0.0,0.0,0.0,0.0,True
2040,P0132,Jilin,biomass,0.0,0.0,0.0,0.0,0.0,True
2040,P0132,Jilin,beccs,1.0,6228808.0,5.107622559999999,9.704482864,5.286389349599999,True
2040,P0132,Jilin,ammonia,0.0,0.0,0.0,0.0,0.0,True
2040,P0133,Anhui,unabated,0.0,0.0,0.0,0.0,0.0,True
2040,P0133,Anhui,retire,0.0,0.0,0.0,0.0,0.0,True
2040,P0133,Anhui,ccs,0.0,0.0,0.0,0.0,0.0,True
2040,P0133,Anhui,biomass,0.4754923306317559,14740647.398372246,12.087330866665242,12.087330866665242,0.0,True
2040,P0133,Anhui,beccs,0.5245076693682443,16260162.601627765,13.333333333334767,25.333333333336057,13.8,True
2040,P0133,Anhui,ammonia,0.0,0.0,0.0,0.0,0.0,True
2040,P0134,Shanxi,unabated,1.0,14837547.5,12.166788949999999,0.0,0.0,True
2040,P0134,Shanxi,retire,0.0,0.0,0.0,0.0,0.0,True
2040,P0134,Shanxi,ccs,0.0,0.0,0.0,0.0,0.0,True
2040,P0134,Shanxi,biomass,0.0,0.0,0.0,0.0,0.0,True
2040,P0134,Shanxi,beccs,0.0,0.0,0.0,0.0,0.0,True
2040,P0134,Shanxi,ammonia,0.0,0.0,0.0,0.0,0.0,True
2040,P0135,Liaoning,unabated,0.0,0.0,0.0,0.0,0.0,True
2040,P0135,Liaoning,retire,0.0,0.0,0.0,0.0,0.0,True
2040,P0135,Liaoning,ccs,0.0,0.0,0.0,0.0,0.0,True
2040,P0135,Liaoning,biomass,1.0,5891330.0,4.8308906,4.8308906,0.0,True
2040,P0135,Liaoning,beccs,0.0,0.0,0.0,0.0,0.0,True
2040,P0135,Liaoning,ammonia,0.0,0.0,0.0,0.0,0.0,True
2040,P0136,Inner Mongolia,unabated,0.0,0.0,0.0,0.0,0.0,True
2040,P0136,Inner Mongolia,retire,0.0,0.0,0.0,0.0,0.0,True
2040,P0136,Inner Mongolia,ccs,0.0,0.0,0.0,0.0,0.0,True
2040,P0136,Inner Mongolia,biomass,0.0,0.0,0.0,0.0,0.0,True
2040,P0136,Inner Mongolia,beccs,1.0,4427720.0,3.6307304,6.898387759999999,3.7578059639999997,True
2040,P0136,Inner Mongolia,ammonia,0.0,0.0,0.0,0.0,0.0,True
2040,P0137,Xinjiang,unabated,1.0,7393679.999999999,6.062817599999999,0.0,0.0,True
2040,P0137,Xinjiang,retire,0.0,0.0,0.0,0.0,0.0,True
2040,P0137,Xinjiang,ccs,0.0,0.0,0.0,0.0,0.0,True
2040,P0137,Xinjiang,biomass,0.0,0.0,0.0,0.0,0.0,True
2040,P0137,Xinjiang,beccs,0.0,0.0,0.0,0.0,0.0,True
2040,P0137,Xinjiang,ammonia,0.0,0.0,0.0,0.0,0.0,True
2040,P0138,Jilin,unabated,0.0,0.0,0.0,0.0,0.0,True
2040,P0138,Jilin,retire,0.0,0.0,0.0,0.0,0.0,True
2040,P0138,Jilin,ccs,0.0,0.0,0.0,0.0,0.0,True
2040,P0138,Jilin,biomass,1.0,4345680.000000001,3.5634576000000004,3.5634576000000004,0.0,True
2040,P0138,Jilin,beccs,0.0,0.0,0.0,0.0,0.0,True
2040,P0138,Jilin,ammonia,0.0,0.0,0.0,0.0,0.0,True
2040,P0139,Heilongjiang,unabated,0.0,0.0,0.0,0.0,0.0,True
2040,P0139,Heilongjiang,retire,0.0,0.0,0.0,0.0,0.0,True
2040,P0139,Heilongjiang,ccs,0.0,0.0,0.0,0.0,0.0,True
2040,P0139,Heilongjiang,biomass,1.0,4156807.5000000005,3.4085821500000004,3.4085821500000004,0.0,True
2040,P0139,Heilongjiang,beccs,0.0,0.0,0.0,0.0,0.0,True
2040,P0139,Heilongjiang,ammonia,0.0,0.0,0.0,0.0,0.0,True
2040,P0140,Guangdong,unabated,0.1503032835834392,8337009.908330385,6.836348124830915,0.0,0.0,True
2040,P0140,Guangdong,retire,0.0,0.0,0.0,0.0,0.0,True
2040,P0140,Guangdong,ccs,0.16181445926970678,8975510.834357517,7.3599188841731635,6.6239269957558475,7.617516045119225,True
2040,P0140,Guangdong,biomass,0.0,0.0,0.0,0.0,0.0,True
2040,P0140,Guangdong,beccs,0.687882257146854,38155395.2573121,31.287424110995918,51.62424978314326,32.382483954880776,True
2040,P0140,Guangdong,ammonia,0.0,0.0,0.0,0.0,0.0,True
2040,P0141,Shandong,unabated,1.0,46881825.00000001,38.44309650000001,0.0,0.0,True
2040,P0141,Shandong,retire,0.0,0.0,0.0,0.0,0.0,True
2040,P0141,Shandong,ccs,0.0,0.0,0.0,0.0,0.0,True
2040,P0141,Shandong,biomass,0.0,0.0,0.0,0.0,0.0,True
2040,P0141,Shandong,beccs,0.0,0.0,0.0,0.0,0.0,True
2040,P0141,Shandong,ammonia,0.0,0.0,0.0,0.0,0.0,True
2040,P0142,Jiangsu,unabated,0.04934421997651561,1650731.1883990678,1.3535995744872358,0.0,0.0,True
2040,P0142,Jiangsu,retire,0.0,0.0,0.0,0.0,0.0,True
2040,P0142,Jiangsu,ccs,0.0,0.0,0.0,0.0,0.0,True
2040,P0142,Jiangsu,biomass,0.01732244669015099,579494.4782675968,0.4751854721794294,0.4751854721794294,0.0,True
2040,P0142,Jiangsu,beccs,0.9333333333333333,31223159.333333336,25.602990653333336,48.64568224133334,26.499095326200003,True
2040,P0142,Jiangsu,ammonia,0.0,0.0,0.0,0.0,0.0,True
2040,P0143,Yunnan,unabated,0.0,0.0,0.0,0.0,0.0,True
2040,P0143,Yunnan,retire,0.0,0.0,0.0,0.0,0.0,True
2040,P0143,Yunnan,ccs,0.0,0.0,0.0,0.0,0.0,True
2040,P0143,Yunnan,biomass,1.0,11205499.999999998,9.188509999999997,9.188509999999997,0.0,True
2040,P0143,Yunnan,beccs,0.0,0.0,0.0,0.0,0.0,True
2040,P0143,Yunnan,ammonia,0.0,0.0,0.0,0.0,0.0,True
2040,P0144,Shanxi,unabated,1.0,32892597.499999996,26.971929949999996,0.0,0.0,True
2040,P0144,Shanxi,retire,0.0,0.0,0.0,0.0,0.0,True
2040,P0144,Shanxi,ccs,0.0,0.0,0.0,0.0,0.0,True
2040,P0144,Shanxi,biomass,0.0,0.0,0.0,0.0,0.0,True
2040,P0144,Shanxi,beccs,0.0,0.0,0.0,0.0,0.0,True
2040,P0144,Shanxi,ammonia,0.0,0.0,0.0,0.0,0.0,True
2040,P0145,Liaoning,unabated,0.0,0.0,0.0,0.0,0.0,True
2040,P0145,Liaoning,retire,0.0,0.0,0.0,0.0,0.0,True
2040,P0145,Liaoning,ccs,0.0,0.0,0.0,0.0,0.0,True
2040,P0145,Liaoning,biomass,1.0,8185847.999999999,6.712395359999999,6.712395359999999,0.0,True
2040,P0145,Liaoning,beccs,0.0,0.0,0.0,0.0,0.0,True
2040,P0145,Liaoning,ammonia,0.0,0.0,0.0,0.0,0.0,True
2040,P0146,Shanxi,unabated,1.0,19906850.0,16.323617,0.0,0.0,True
2040,P0146,Shanxi,retire,0.0,0.0,0.0,0.0,0.0,True
2040,P0146,Shanxi,ccs,0.0,0.0,0.0,0.0,0.0,True
2040,P0146,Shanxi,biomass,0.0,0.0,0.0,0.0,0.0,True
2040,P0146,Shanxi,beccs,0.0,0.0,0.0,0.0,0.0,True
2040,P0146,Shanxi,ammonia,0.0,0.0,0.0,0.0,0.0,True
2040,P0147,Inner Mongolia,unabated,0.4685933504673868,7356109.621775168,6.032009889855638,0.0,0.0,True
2040,P0147,Inner Mongolia,retire,0.0,0.0,0.0,0.0,0.0,True
2040,P0147,Inner Mongolia,ccs,0.0,0.0,0.0,0.0,0.0,True
2040,P0147,Inner Mongolia,biomass,0.0,0.0,0.0,0.0,0.0,True
2040,P0147,Inner Mongolia,beccs,0.5314066495326132,8342170.37822483,6.84057971014436,12.997101449274282,7.079999999999412,True
2040,P0147,Inner Mongolia,ammonia,0.0,0.0,0.0,0.0,0.0,True
2040,P0148,Shandong,unabated,0.0,0.0,0.0,0.0,0.0,True
2040,P0148,Shandong,retire,0.0,0.0,0.0,0.0,0.0,True
2040,P0148,Shandong,ccs,0.0,0.0,0.0,0.0,0.0,True
2040,P0148,Shandong,biomass,1.0,9114699.000000002,7.47405318,7.47405318,0.0,True
2040,P0148,Shandong,beccs,0.0,0.0,0.0,0.0,0.0,True
2040,P0148,Shandong,ammonia,0.0,0.0,0.0,0.0,0.0,True
2040,P0149,Shaanxi,unabated,1.0,42384920.0,34.7556344,0.0,0.0,True
2040,P0149,Shaanxi,retire,0.0,0.0,0.0,0.0,0.0,True
2040,P0149,Shaanxi,ccs,0.0,0.0,0.0,0.0,0.0,True
2040,P0149,Shaanxi,biomass,0.0,0.0,0.0,0.0,0.0,True
2040,P0149,Shaanxi,beccs,0.0,0.0,0.0,0.0,0.0,True
2040,P0149,Shaanxi,ammonia,0.0,0.0,0.0,0.0,0.0,True
2040,P0150,Guizhou,unabated,0.0,0.0,0.0,0.0,0.0,True
2040,P0150,Guizhou,retire,0.0,0.0,0.0,0.0,0.0,True
2040,P0150,Guizhou,ccs,0.0,0.0,0.0,0.0,0.0,True
2040,P0150,Guizhou,biomass,1.0,664594.0,0.5449670799999999,0.5449670799999999,0.0,True
2040,P0150,Guizhou,beccs,0.0,0.0,0.0,0.0,0.0,True
2040,P0150,Guizhou,ammonia,0.0,0.0,0.0,0.0,0.0,True
2040,P0151,Shandong,unabated,1.0,16899262.500000004,13.857395250000001,0.0,0.0,True
2040,P0151,Shandong,retire,0.0,0.0,0.0,0.0,0.0,True
2040,P0151,Shandong,ccs,0.0,0.0,0.0,0.0,0.0,True
2040,P0151,Shandong,biomass,0.0,0.0,0.0,0.0,0.0,True
2040,P0151,Shandong,beccs,0.0,0.0,0.0,0.0,0.0,True
2040,P0151,Shandong,ammonia,0.0,0.0,0.0,0.0,0.0,True
2040,P0152,Guangdong,unabated,1.0,6426161.0,5.269452019999999,0.0,0.0,True
2040,P0152,Guangdong,retire,0.0,0.0,0.0,0.0,0.0,True
2040,P0152,Guangdong,ccs,0.0,0.0,0.0,0.0,0.0,True
2040,P0152,Guangdong,biomass,0.0,0.0,0.0,0.0,0.0,True
2040,P0152,Guangdong,beccs,0.0,0.0,0.0,0.0,0.0,True
2040,P0152,Guangdong,ammonia,0.0,0.0,0.0,0.0,0.0,True
2040,P0153,Heilongjiang,unabated,0.0,0.0,0.0,0.0,0.0,True
2040,P0153,Heilongjiang,retire,0.0,0.0,0.0,0.0,0.0,True
2040,P0153,Heilongjiang,ccs,0.0,0.0,0.0,0.0,0.0,True
2040,P0153,Heilongjiang,biomass,0.0,0.0,0.0,0.0,0.0,True
2040,P0153,Heilongjiang,beccs,1.0,7391812.500000001,6.06128625,11.516443875,6.27343126875,True
2040,P0153,Heilongjiang,ammonia,0.0,0.0,0.0,0.0,0.0,True
2040,P0154,Tianjin,unabated,0.1272204293520537,3376066.344575558,2.768374402551957,0.0,0.0,True
2040,P0154,Tianjin,retire,0.0,0.0,0.0,0.0,0.0,True
2040,P0154,Tianjin,ccs,0.0,0.0,0.0,0.0,0.0,True
2040,P0154,Tianjin,biomass,0.08309309629416006,2205053.129391607,1.8081435661011174,1.8081435661011174,0.0,True
2040,P0154,Tianjin,beccs,0.7896864743537862,20956020.526032835,17.183936831346923,32.64947997955915,17.785374620444067,True
2040,P0154,Tianjin,ammonia,0.0,0.0,0.0,0.0,0.0,True
2040,P0155,Shanxi,unabated,0.23529425948079974,3335420.598803601,2.735044891018953,0.0,0.0,True
2040,P0155,Shanxi,retire,0.0,0.0,0.0,0.0,0.0,True
2040,P0155,Shanxi,ccs,0.0,0.0,0.0,0.0,0.0,True
2040,P0155,Shanxi,biomass,0.0,0.0,0.0,0.0,0.0,True
2040,P0155,Shanxi,beccs,0.7647057405192003,10840108.401196398,8.888888888981045,16.888888889063985,9.2,True
2040,P0155,Shanxi,ammonia,0.0,0.0,0.0,0.0,0.0,True
2040,P0156,Yunnan,unabated,0.0,0.0,0.0,0.0,0.0,True
2040,P0156,Yunnan,retire,0.0,0.0,0.0,0.0,0.0,True
2040,P0156,Yunnan,ccs,0.0,0.0,0.0,0.0,0.0,True
2040,P0156,Yunnan,biomass,1.0,2689319.9999999995,2.2052423999999995,2.2052423999999995,0.0,True
2040,P0156,Yunnan,beccs,0.0,0.0,0.0,0.0,0.0,True
2040,P0156,Yunnan,ammonia,0.0,0.0,0.0,0.0,0.0,True
2040,P0157,Guizhou,unabated,0.2935355074147967,7190162.821403713,5.895933513551045,0.0,0.0,True
2040,P0157,Guizhou,retire,0.0,0.0,0.0,0.0,0.0,True
2040,P0157,Guizhou,ccs,0.0,0.0,0.0,0.0,0.0,True
2040,P0157,Guizhou,biomass,0.7064644925852033,17304873.178596288,14.189996006448956,14.189996006448956,0.0,True
2040,P0157,Guizhou,beccs,0.0,0.0,0.0,0.0,0.0,True
2040,P0157,Guizhou,ammonia,0.0,0.0,0.0,0.0,0.0,True
2040,P0158,Guangxi,unabated,0.0,0.0,0.0,0.0,0.0,True
2040,P0158,Guangxi,retire,0.0,0.0,0.0,0.0,0.0,True
2040,P0158,Guangxi,ccs,0.0,0.0,0.0,0.0,0.0,True
2040,P0158,Guangxi,biomass,1.0,7299565.0,5.9856432999999996,5.9856432999999996,0.0,True
2040,P0158,Guangxi,beccs,0.0,0.0,0.0,0.0,0.0,True
2040,P0158,Guangxi,ammonia,0.0,0.0,0.0,0.0,0.0,True
2040,P0159,Fujian,unabated,0.20346925221384274,3556712.1151822275,2.9165039344494263,0.0,0.0,True
2040,P0159,Fujian,retire,0.0,0.0,0.0,0.0,0.0,True
2040,P0159,Fujian,ccs,0.0,0.0,0.0,0.0,0.0,True
2040,P0159,Fujian,biomass,0.02679186243754958,468330.9182253202,0.38403135294476254,0.38403135294476254,0.0,True
2040,P0159,Fujian,beccs,0.7697388853486077,13455298.966592448,11.033345152605808,20.963355789951034,11.41951223294701,True
2040,P0159,Fujian,ammonia,0.0,0.0,0.0,0.0,0.0,True
2040,P0160,Hubei,unabated,0.0,0.0,0.0,0.0,0.0,True
2040,P0160,Hubei,retire,0.0,0.0,0.0,0.0,0.0,True
2040,P0160,Hubei,ccs,0.0,0.0,0.0,0.0,0.0,True
2040,P0160,Hubei,biomass,0.0,0.0,0.0,0.0,0.0,True
2040,P0160,Hubei,beccs,1.0,16573231.999999998,13.590050239999998,25.821095455999995,14.065701998399998,True
2040,P0160,Hubei,ammonia,0.0,0.0,0.0,0.0,0.0,True
2040,P0161,Zhejiang,unabated,0.0,0.0,0.0,0.0,0.0,True
2040,P0161,Zhejiang,retire,0.0,0.0,0.0,0.0,0.0,True
2040,P0161,Zhejiang,ccs,0.0,0.0,0.0,0.0,0.0,True
2040,P0161,Zhejiang,biomass,0.0,0.0,0.0,0.0,0.0,True
2040,P0161,Zhejiang,beccs,1.0,2629267.5,2.15599935,4.096398765,2.23145932725,True
2040,P0161,Zhejiang,ammonia,0.0,0.0,0.0,0.0,0.0,True
2040,P0162,Shandong,unabated,0.0,0.0,0.0,0.0,0.0,True
2040,P0162,Shandong,retire,0.0,0.0,0.0,0.0,0.0,True
2040,P0162,Shandong,ccs,0.0,0.0,0.0,0.0,0.0,True
2040,P0162,Shandong,biomass,1.0,5974707.0,4.899259739999999,4.899259739999999,0.0,True
2040,P0162,Shandong,beccs,0.0,0.0,0.0,0.0,0.0,True
2040,P0162,Shandong,ammonia,0.0,0.0,0.0,0.0,0.0,True
2040,P0163,Hebei,unabated,1.0,11583260.0,9.4982732,0.0,0.0,True
2040,P0163,Hebei,retire,0.0,0.0,0.0,0.0,0.0,True
2040,P0163,Hebei,ccs,0.0,0.0,0.0,0.0,0.0,True
2040,P0163,Hebei,biomass,0.0,0.0,0.0,0.0,0.0,True
2040,P0163,Hebei,beccs,0.0,0.0,0.0,0.0,0.0,True
2040,P0163,Hebei,ammonia,0.0,0.0,0.0,0.0,0.0,True
2040,P0164,Hunan,unabated,0.0,0.0,0.0,0.0,0.0,True
2040,P0164,Hunan,retire,0.0,0.0,0.0,0.0,0.0,True
2040,P0164,Hunan,ccs,0.0,0.0,0.0,0.0,0.0,True
2040,P0164,Hunan,biomass,1.0,12502080.0,10.2517056,10.2517056,0.0,True
2040,P0164,Hunan,beccs,0.0,0.0,0.0,0.0,0.0,True
2040,P0164,Hunan,ammonia,0.0,0.0,0.0,0.0,0.0,True
2040,P0165,Hebei,unabated,1.0,5346120.0,4.383818399999999,0.0,0.0,True
2040,P0165,Hebei,retire,0.0,0.0,0.0,0.0,0.0,True
2040,P0165,Hebei,ccs,0.0,0.0,0.0,0.0,0.0,True
2040,P0165,Hebei,biomass,0.0,0.0,0.0,0.0,0.0,True
2040,P0165,Hebei,beccs,0.0,0.0,0.0,0.0,0.0,True
2040,P0165,Hebei,ammonia,0.0,0.0,0.0,0.0,0.0,True
2040,P0166,Guangxi,unabated,0.0,0.0,0.0,0.0,0.0,True
2040,P0166,Guangxi,retire,0.0,0.0,0.0,0.0,0.0,True
2040,P0166,Guangxi,ccs,0.0,0.0,0.0,0.0,0.0,True
2040,P0166,Guangxi,biomass,1.0,8807344.0,7.2220220799999995,7.2220220799999995,0.0,True
2040,P0166,Guangxi,beccs,0.0,0.0,0.0,0.0,0.0,True
2040,P0166,Guangxi,ammonia,0.0,0.0,0.0,0.0,0.0,True
2040,P0167,Shandong,unabated,1.0,52621032.60000001,43.14924673200001,0.0,0.0,True
2040,P0167,Shandong,retire,0.0,0.0,0.0,0.0,0.0,True
2040,P0167,Shandong,ccs,0.0,0.0,0.0,0.0,0.0,True
2040,P0167,Shandong,biomass,0.0,0.0,0.0,0.0,0.0,True
2040,P0167,Shandong,beccs,0.0,0.0,0.0,0.0,0.0,True
2040,P0167,Shandong,ammonia,0.0,0.0,0.0,0.0,0.0,True
2040,P0168,Xinjiang,unabated,0.0,0.0,0.0,0.0,0.0,True
2040,P0168,Xinjiang,retire,0.0,0.0,0.0,0.0,0.0,True
2040,P0168,Xinjiang,ccs,0.4055698108191475,3469870.3615348917,2.845293696458611,2.56076432681275,2.9448789758346625,True
2040,P0168,Xinjiang,biomass,0.0,0.0,0.0,0.0,0.0,True
2040,P0168,Xinjiang,beccs,0.5944301891808532,5085673.638465113,4.170252383541392,5.838353336957948,4.316211216965341,True
2040,P0168,Xinjiang,ammonia,0.0,0.0,0.0,0.0,0.0,True
2040,P0169,Guizhou,unabated,0.0,0.0,0.0,0.0,0.0,True
2040,P0169,Guizhou,retire,0.0,0.0,0.0,0.0,0.0,True
2040,P0169,Guizhou,ccs,0.0,0.0,0.0,0.0,0.0,True
2040,P0169,Guizhou,biomass,1.0,7120650.0,5.838933,5.838933,0.0,True
2040,P0169,Guizhou,beccs,0.0,0.0,0.0,0.0,0.0,True
2040,P0169,Guizhou,ammonia,0.0,0.0,0.0,0.0,0.0,True
2040,P0170,Shandong,unabated,1.0,33013527.000000004,27.07109214,0.0,0.0,True
2040,P0170,Shandong,retire,0.0,0.0,0.0,0.0,0.0,True
2040,P0170,Shandong,ccs,0.0,0.0,0.0,0.0,0.0,True
2040,P0170,Shandong,biomass,0.0,0.0,0.0,0.0,0.0,True
2040,P0170,Shandong,beccs,0.0,0.0,0.0,0.0,0.0,True
2040,P0170,Shandong,ammonia,0.0,0.0,0.0,0.0,0.0,True
2040,P0171,Shaanxi,unabated,1.0,15202300.0,12.465886,0.0,0.0,True
2040,P0171,Shaanxi,retire,0.0,0.0,0.0,0.0,0.0,True
2040,P0171,Shaanxi,ccs,0.0,0.0,0.0,0.0,0.0,True
2040,P0171,Shaanxi,biomass,0.0,0.0,0.0,0.0,0.0,True
2040,P0171,Shaanxi,beccs,0.0,0.0,0.0,0.0,0.0,True
2040,P0171,Shaanxi,ammonia,0.0,0.0,0.0,0.0,0.0,True
2040,P0172,Sichuan,unabated,0.0,0.0,0.0,0.0,0.0,True
2040,P0172,Sichuan,retire,0.0,0.0,0.0,0.0,0.0,True
2040,P0172,Sichuan,ccs,0.0,0.0,0.0,0.0,0.0,True
2040,P0172,Sichuan,biomass,0.0,0.0,0.0,0.0,0.0,True
2040,P0172,Sichuan,beccs,1.0,16288263.999999998,13.356376479999998,25.377115311999994,13.823849656799997,True
2040,P0172,Sichuan,ammonia,0.0,0.0,0.0,0.0,0.0,True
2040,P0173,Ningxia,unabated,1.0,26644024.0,21.84809968,0.0,0.0,True
2040,P0173,Ningxia,retire,0.0,0.0,0.0,0.0,0.0,True
2040,P0173,Ningxia,ccs,0.0,0.0,0.0,0.0,0.0,True
2040,P0173,Ningxia,biomass,0.0,0.0,0.0,0.0,0.0,True
2040,P0173,Ningxia,beccs,0.0,0.0,0.0,0.0,0.0,True
2040,P0173,Ningxia,ammonia,0.0,0.0,0.0,0.0,0.0,True
2040,P0174,Shanxi,unabated,1.0,37452655.0,30.711177099999997,0.0,0.0,True
2040,P0174,Shanxi,retire,0.0,0.0,0.0,0.0,0.0,True
2040,P0174,Shanxi,ccs,0.0,0.0,0.0,0.0,0.0,True
2040,P0174,Shanxi,biomass,0.0,0.0,0.0,0.0,0.0,True
2040,P0174,Shanxi,beccs,0.0,0.0,0.0,0.0,0.0,True
2040,P0174,Shanxi,ammonia,0.0,0.0,0.0,0.0,0.0,True
2040,P0175,Guizhou,unabated,0.0,0.0,0.0,0.0,0.0,True
2040,P0175,Guizhou,retire,0.0,0.0,0.0,0.0,0.0,True
2040,P0175,Guizhou,ccs,0.0,0.0,0.0,0.0,0.0,True
2040,P0175,Guizhou,biomass,1.0,8544780.0,7.006719599999999,7.006719599999999,0.0,True
2040,P0175,Guizhou,beccs,0.0,0.0,0.0,0.0,0.0,True
2040,P0175,Guizhou,ammonia,0.0,0.0,0.0,0.0,0.0,True
2040,P0176,Hubei,unabated,0.0,0.0,0.0,0.0,0.0,True
2040,P0176,Hubei,retire,0.0,0.0,0.0,0.0,0.0,True
2040,P0176,Hubei,ccs,0.0,0.0,0.0,0.0,0.0,True
2040,P0176,Hubei,biomass,0.5894827882324007,10388525.914954185,8.518591250262432,8.518591250262432,0.0,True
2040,P0176,Hubei,beccs,0.4105172117675998,7234594.085045824,5.932367149737575,11.271497584501393,6.13999999997839,True
2040,P0176,Hubei,ammonia,0.0,0.0,0.0,0.0,0.0,True
2040,P0177,Jilin,unabated,0.0,0.0,0.0,0.0,0.0,True
2040,P0177,Jilin,retire,0.0,0.0,0.0,0.0,0.0,True
2040,P0177,Jilin,ccs,0.0,0.0,0.0,0.0,0.0,True
2040,P0177,Jilin,biomass,1.0,7460084.0,6.11726888,6.11726888,0.0,True
2040,P0177,Jilin,beccs,0.0,0.0,0.0,0.0,0.0,True
2040,P0177,Jilin,ammonia,0.0,0.0,0.0,0.0,0.0,True
2040,P0178,Shaanxi,unabated,0.0,0.0,0.0,0.0,0.0,True
2040,P0178,Shaanxi,retire,0.0,0.0,0.0,0.0,0.0,True
2040,P0178,Shaanxi,ccs,0.0,0.0,0.0,0.0,0.0,True
2040,P0178,Shaanxi,biomass,0.0,0.0,0.0,0.0,0.0,True
2040,P0178,Shaanxi,beccs,1.0,6353200.0,5.209624,9.8982856,5.391960839999999,True
2040,P0178,Shaanxi,ammonia,0.0,0.0,0.0,0.0,0.0,True
2040,P0179,Fujian,unabated,1.0,32038749.999999996,26.271774999999995,0.0,0.0,True
2040,P0179,Fujian,retire,0.0,0.0,0.0,0.0,0.0,True
2040,P0179,Fujian,ccs,0.0,0.0,0.0,0.0,0.0,True
2040,P0179,Fujian,biomass,0.0,0.0,0.0,0.0,0.0,True
2040,P0179,Fujian,beccs,0.0,0.0,0.0,0.0,0.0,True
2040,P0179,Fujian,ammonia,0.0,0.0,0.0,0.0,0.0,True
2040,P0180,Inner Mongolia,unabated,1.0,7547250.0,6.188745,0.0,0.0,True
2040,P0180,Inner Mongolia,retire,0.0,0.0,0.0,0.0,0.0,True
2040,P0180,Inner Mongolia,ccs,0.0,0.0,0.0,0.0,0.0,True
2040,P0180,Inner Mongolia,biomass,0.0,0.0,0.0,0.0,0.0,True
2040,P0180,Inner Mongolia,beccs,0.0,0.0,0.0,0.0,0.0,True
2040,P0180,Inner Mongolia,ammonia,0.0,0.0,0.0,0.0,0.0,True
2040,P0181,Xinjiang,unabated,0.0,0.0,0.0,0.0,0.0,True
2040,P0181,Xinjiang,retire,0.0,0.0,0.0,0.0,0.0,True
2040,P0181,Xinjiang,ccs,1.0,22999625.999999996,18.859693319999998,16.973723988,19.519782586199998,True
2040,P0181,Xinjiang,biomass,0.0,0.0,0.0,0.0,0.0,True
2040,P0181,Xinjiang,beccs,0.0,0.0,0.0,0.0,0.0,True
2040,P0181,Xinjiang,ammonia,0.0,0.0,0.0,0.0,0.0,True
2040,P0182,Jiangxi,unabated,0.004585649337670583,127054.96772486373,0.10418507353438827,0.0,0.0,True
2040,P0182,Jiangxi,retire,0.0,0.0,0.0,0.0,0.0,True
2040,P0182,Jiangxi,ccs,0.0,0.0,0.0,0.0,0.0,True
2040,P0182,Jiangxi,biomass,0.9954143506623294,27580028.232275136,22.615623150465613,22.615623150465613,0.0,True
2040,P0182,Jiangxi,beccs,0.0,0.0,0.0,0.0,0.0,True
2040,P0182,Jiangxi,ammonia,0.0,0.0,0.0,0.0,0.0,True
2040,P0183,Xinjiang,unabated,0.34129772027784444,486664.610489465,0.3990649806013612,0.0,0.0,True
2040,P0183,Xinjiang,retire,0.0,0.0,0.0,0.0,0.0,True
2040,P0183,Xinjiang,ccs,0.0,0.0,0.0,0.0,0.0,True
2040,P0183,Xinjiang,biomass,0.6587022797221556,939259.3895105348,0.7701926993986384,0.7701926993986384,0.0,True
2040,P0183,Xinjiang,beccs,0.0,0.0,0.0,0.0,0.0,True
2040,P0183,Xinjiang,ammonia,0.0,0.0,0.0,0.0,0.0,True
2040,P0184,Shandong,unabated,0.08003648410395492,2265315.7492591683,1.857558914392518,0.0,0.0,True
2040,P0184,Shandong,retire,0.0,0.0,0.0,0.0,0.0,True
2040,P0184,Shandong,ccs,0.0,0.0,0.0,0.0,0.0,True
2040,P0184,Shandong,biomass,0.9199635158960451,26038223.250740834,21.351343065607484,21.351343065607484,0.0,True
2040,P0184,Shandong,beccs,0.0,0.0,0.0,0.0,0.0,True
2040,P0184,Shandong,ammonia,0.0,0.0,0.0,0.0,0.0,True
2040,P0185,Guizhou,unabated,0.0,0.0,0.0,0.0,0.0,True
2040,P0185,Guizhou,retire,0.0,0.0,0.0,0.0,0.0,True
2040,P0185,Guizhou,ccs,0.0,0.0,0.0,0.0,0.0,True
2040,P0185,Guizhou,biomass,1.0,7120650.0,5.838933,5.838933,0.0,True
2040,P0185,Guizhou,beccs,0.0,0.0,0.0,0.0,0.0,True
2040,P0185,Guizhou,ammonia,0.0,0.0,0.0,0.0,0.0,True
2040,P0186,Ningxia,unabated,1.0,24108865.0,19.769269299999998,0.0,0.0,True
2040,P0186,Ningxia,retire,0.0,0.0,0.0,0.0,0.0,True
2040,P0186,Ningxia,ccs,0.0,0.0,0.0,0.0,0.0,True
2040,P0186,Ningxia,biomass,0.0,0.0,0.0,0.0,0.0,True
2040,P0186,Ningxia,beccs,0.0,0.0,0.0,0.0,0.0,True
2040,P0186,Ningxia,ammonia,0.0,0.0,0.0,0.0,0.0,True
2040,P0187,Inner Mongolia,unabated,0.0,0.0,0.0,0.0,0.0,True
2040,P0187,Inner Mongolia,retire,0.0,0.0,0.0,0.0,0.0,True
2040,P0187,Inner Mongolia,ccs,0.0,0.0,0.0,0.0,0.0,True
2040,P0187,Inner Mongolia,biomass,0.0,0.0,0.0,0.0,0.0,True
2040,P0187,Inner Mongolia,beccs,1.0,1006300.0,0.825166,1.5678153999999997,0.8540468099999999,True
2040,P0187,Inner Mongolia,ammonia,0.0,0.0,0.0,0.0,0.0,True
2040,P0188,Xinjiang,unabated,1.0,21124800.0,17.322336,0.0,0.0,True
2040,P0188,Xinjiang,retire,0.0,0.0,0.0,0.0,0.0,True
2040,P0188,Xinjiang,ccs,0.0,0.0,0.0,0.0,0.0,True
2040,P0188,Xinjiang,biomass,0.0,0.0,0.0,0.0,0.0,True
2040,P0188,Xinjiang,beccs,0.0,0.0,0.0,0.0,0.0,True
2040,P0188,Xinjiang,ammonia,0.0,0.0,0.0,0.0,0.0,True
2040,P0189,Yunnan,unabated,0.0,0.0,0.0,0.0,0.0,True
2040,P0189,Yunnan,retire,0.0,0.0,0.0,0.0,0.0,True
2040,P0189,Yunnan,ccs,0.0,0.0,0.0,0.0,0.0,True
2040,P0189,Yunnan,biomass,1.0,4482200.0,3.675404,3.675404,0.0,True
2040,P0189,Yunnan,beccs,0.0,0.0,0.0,0.0,0.0,True
2040,P0189,Yunnan,ammonia,0.0,0.0,0.0,0.0,0.0,True
2040,P0190,Jiangsu,unabated,0.0,0.0,0.0,0.0,0.0,True
2040,P0190,Jiangsu,retire,0.0,0.0,0.0,0.0,0.0,True
2040,P0190,Jiangsu,ccs,0.0,0.0,0.0,0.0,0.0,True
2040,P0190,Jiangsu,biomass,0.3227845861595451,3626394.445818364,2.973643445571059,2.973643445571059,0.0,True
2040,P0190,Jiangsu,beccs,0.6772154138404555,7608325.554181642,6.238826954428947,11.853771213415,6.457185897833959,True
2040,P0190,Jiangsu,ammonia,0.0,0.0,0.0,0.0,0.0,True
2040,P0191,Hunan,unabated,0.0,0.0,0.0,0.0,0.0,True
2040,P0191,Hunan,retire,0.0,0.0,0.0,0.0,0.0,True
2040,P0191,Hunan,ccs,0.0,0.0,0.0,0.0,0.0,True
2040,P0191,Hunan,biomass,1.0,8204490.0,6.7276818,6.7276818,0.0,True
2040,P0191,Hunan,beccs,0.0,0.0,0.0,0.0,0.0,True
2040,P0191,Hunan,ammonia,0.0,0.0,0.0,0.0,0.0,True
2040,P0192,Shaanxi,unabated,0.0,0.0,0.0,0.0,0.0,True
2040,P0192,Shaanxi,retire,0.0,0.0,0.0,0.0,0.0,True
2040,P0192,Shaanxi,ccs,0.0,0.0,0.0,0.0,0.0,True
2040,P0192,Shaanxi,biomass,0.0,0.0,0.0,0.0,0.0,True
2040,P0192,Shaanxi,beccs,1.0,15519960.0,12.726367199999999,24.180097679999996,13.171790051999997,True
2040,P0192,Shaanxi,ammonia,0.0,0.0,0.0,0.0,0.0,True
2040,P0193,Guangxi,unabated,0.0,0.0,0.0,0.0,0.0,True
2040,P0193,Guangxi,retire,0.0,0.0,0.0,0.0,0.0,True
2040,P0193,Guangxi,ccs,0.0,0.0,0.0,0.0,0.0,True
2040,P0193,Guangxi,biomass,1.0,6557642.0,5.37726644,5.37726644,0.0,True
2040,P0193,Guangxi,beccs,0.0,0.0,0.0,0.0,0.0,True
2040,P0193,Guangxi,ammonia,0.0,0.0,0.0,0.0,0.0,True
2040,P0194,Shaanxi,unabated,0.0,0.0,0.0,0.0,0.0,True
2040,P0194,Shaanxi,retire,0.0,0.0,0.0,0.0,0.0,True
2040,P0194,Shaanxi,ccs,0.0,0.0,0.0,0.0,0.0,True
2040,P0194,Shaanxi,biomass,1.0,2995080.0,2.4559655999999994,2.4559655999999994,0.0,True
2040,P0194,Shaanxi,beccs,0.0,0.0,0.0,0.0,0.0,True
2040,P0194,Shaanxi,ammonia,0.0,0.0,0.0,0.0,0.0,True
2040,P0195,Sichuan,unabated,0.0,0.0,0.0,0.0,0.0,True
2040,P0195,Sichuan,retire,0.0,0.0,0.0,0.0,0.0,True
2040,P0195,Sichuan,ccs,0.0,0.0,0.0,0.0,0.0,True
2040,P0195,Sichuan,biomass,1.0,2997839.9999999995,2.458228799999999,2.458228799999999,0.0,True
2040,P0195,Sichuan,beccs,0.0,0.0,0.0,0.0,0.0,True
2040,P0195,Sichuan,ammonia,0.0,0.0,0.0,0.0,0.0,True
2040,P0196,Xinjiang,unabated,1.0,633743.9999999999,0.5196700799999999,0.0,0.0,True
2040,P0196,Xinjiang,retire,0.0,0.0,0.0,0.0,0.0,True
2040,P0196,Xinjiang,ccs,0.0,0.0,0.0,0.0,0.0,True
2040,P0196,Xinjiang,biomass,0.0,0.0,0.0,0.0,0.0,True
2040,P0196,Xinjiang,beccs,0.0,0.0,0.0,0.0,0.0,True
2040,P0196,Xinjiang,ammonia,0.0,0.0,0.0,0.0,0.0,True
2040,P0197,Fujian,unabated,0.0,0.0,0.0,0.0,0.0,True
2040,P0197,Fujian,retire,0.0,0.0,0.0,0.0,0.0,True
2040,P0197,Fujian,ccs,0.0,0.0,0.0,0.0,0.0,True
2040,P0197,Fujian,biomass,0.0,0.0,0.0,0.0,0.0,True
2040,P0197,Fujian,beccs,1.0,6766584.0,5.54859888,10.542337872,5.7427998408,True
2040,P0197,Fujian,ammonia,0.0,0.0,0.0,0.0,0.0,True
2040,P0198,Gansu,unabated,0.0,0.0,0.0,0.0,0.0,True
2040,P0198,Gansu,retire,0.0,0.0,0.0,0.0,0.0,True
2040,P0198,Gansu,ccs,0.0,0.0,0.0,0.0,0.0,True
2040,P0198,Gansu,biomass,1.0,2765136.0,2.26741152,2.26741152,0.0,True
2040,P0198,Gansu,beccs,0.0,0.0,0.0,0.0,0.0,True
2040,P0198,Gansu,ammonia,0.0,0.0,0.0,0.0,0.0,True
2040,P0199,Inner Mongolia,unabated,1.0,1308190.0,1.0727158,0.0,0.0,True
2040,P0199,Inner Mongolia,retire,0.0,0.0,0.0,0.0,0.0,True
2040,P0199,Inner Mongolia,ccs,0.0,0.0,0.0,0.0,0.0,True
2040,P0199,Inner Mongolia,biomass,0.0,0.0,0.0,0.0,0.0,True
2040,P0199,Inner Mongolia,beccs,0.0,0.0,0.0,0.0,0.0,True
2040,P0199,Inner Mongolia,ammonia,0.0,0.0,0.0,0.0,0.0,True
2040,P0200,Xinjiang,unabated,0.0,0.0,0.0,0.0,0.0,True
2040,P0200,Xinjiang,retire,0.0,0.0,0.0,0.0,0.0,True
2040,P0200,Xinjiang,ccs,0.4824827600144902,5147137.663420821,4.220652884005072,3.7985875956045656,4.36837573494525,True
2040,P0200,Xinjiang,biomass,0.0,0.0,0.0,0.0,0.0,True
2040,P0200,Xinjiang,beccs,0.5175172399853825,5520886.336577819,4.52712679599381,6.337977514391334,4.6855762338535945,True
2040,P0200,Xinjiang,ammonia,0.0,0.0,0.0,0.0,0.0,True
2040,P0201,Heilongjiang,unabated,0.0,0.0,0.0,0.0,0.0,True
2040,P0201,Heilongjiang,retire,0.0,0.0,0.0,0.0,0.0,True
2040,P0201,Heilongjiang,ccs,0.0,0.0,0.0,0.0,0.0,True
2040,P0201,Heilongjiang,biomass,0.0,0.0,0.0,0.0,0.0,True
2040,P0201,Heilongjiang,beccs,1.0,2434950.0000000005,1.9966590000000002,3.7936521,2.066542065,True
2040,P0201,Heilongjiang,ammonia,0.0,0.0,0.0,0.0,0.0,True
2040,P0202,Jiangxi,unabated,0.0,0.0,0.0,0.0,0.0,True
2040,P0202,Jiangxi,retire,0.0,0.0,0.0,0.0,0.0,True
2040,P0202,Jiangxi,ccs,0.0,0.0,0.0,0.0,0.0,True
2040,P0202,Jiangxi,biomass,1.0,9151488.0,7.504220159999999,7.504220159999999,0.0,True
2040,P0202,Jiangxi,beccs,0.0,0.0,0.0,0.0,0.0,True
2040,P0202,Jiangxi,ammonia,0.0,0.0,0.0,0.0,0.0,True
2040,P0203,Inner Mongolia,unabated,1.0,6792524.999999999,5.5698704999999995,0.0,0.0,True
2040,P0203,Inner Mongolia,retire,0.0,0.0,0.0,0.0,0.0,True
2040,P0203,Inner Mongolia,ccs,0.0,0.0,0.0,0.0,0.0,True
2040,P0203,Inner Mongolia,biomass,0.0,0.0,0.0,0.0,0.0,True
2040,P0203,Inner Mongolia,beccs,0.0,0.0,0.0,0.0,0.0,True
2040,P0203,Inner Mongolia,ammonia,0.0,0.0,0.0,0.0,0.0,True
2040,P0204,Heilongjiang,unabated,0.0,0.0,0.0,0.0,0.0,True
2040,P0204,Heilongjiang,retire,0.0,0.0,0.0,0.0,0.0,True
2040,P0204,Heilongjiang,ccs,0.0,0.0,0.0,0.0,0.0,True
2040,P0204,Heilongjiang,biomass,0.0,0.0,0.0,0.0,0.0,True
2040,P0204,Heilongjiang,beccs,1.0,2434950.0000000005,1.9966590000000002,3.7936521,2.066542065,True
2040,P0204,Heilongjiang,ammonia,0.0,0.0,0.0,0.0,0.0,True
2040,P0205,Inner Mongolia,unabated,0.0,0.0,0.0,0.0,0.0,True
2040,P0205,Inner Mongolia,retire,0.0,0.0,0.0,0.0,0.0,True
2040,P0205,Inner Mongolia,ccs,0.0,0.0,0.0,0.0,0.0,True
2040,P0205,Inner Mongolia,biomass,0.0,0.0,0.0,0.0,0.0,True
2040,P0205,Inner Mongolia,beccs,1.0,3018899.9999999995,2.4754979999999995,4.703446199999999,2.5621404299999995,True
2040,P0205,Inner Mongolia,ammonia,0.0,0.0,0.0,0.0,0.0,True
2040,P0206,Hubei,unabated,0.0,0.0,0.0,0.0,0.0,True
2040,P0206,Hubei,retire,0.0,0.0,0.0,0.0,0.0,True
2040,P0206,Hubei,ccs,0.0,0.0,0.0,0.0,0.0,True
2040,P0206,Hubei,biomass,1.0,3937080.0,3.2284055999999994,3.2284055999999994,0.0,True
2040,P0206,Hubei,beccs,0.0,0.0,0.0,0.0,0.0,True
2040,P0206,Hubei,ammonia,0.0,0.0,0.0,0.0,0.0,True
2040,P0207,Xinjiang,unabated,0.008413363720659596,399893.90833392716,0.32791300483382024,0.0,0.0,True
2040,P0207,Xinjiang,retire,0.0,0.0,0.0,0.0,0.0,True
2040,P0207,Xinjiang,ccs,0.9915866362793406,47130906.09166608,38.64734299516619,34.78260869564957,40.0,True
2040,P0207,Xinjiang,biomass,0.0,0.0,0.0,0.0,0.0,True
2040,P0207,Xinjiang,beccs,0.0,0.0,0.0,0.0,0.0,True
2040,P0207,Xinjiang,ammonia,0.0,0.0,0.0,0.0,0.0,True
2040,P0208,Sichuan,unabated,0.0,0.0,0.0,0.0,0.0,True
2040,P0208,Sichuan,retire,0.0,0.0,0.0,0.0,0.0,True
2040,P0208,Sichuan,ccs,0.0,0.0,0.0,0.0,0.0,True
2040,P0208,Sichuan,biomass,1.0,1648811.9999999998,1.3520258399999996,1.3520258399999996,0.0,True
2040,P0208,Sichuan,beccs,0.0,0.0,0.0,0.0,0.0,True
2040,P0208,Sichuan,ammonia,0.0,0.0,0.0,0.0,0.0,True
2040,P0209,Zhejiang,unabated,0.0,0.0,0.0,0.0,0.0,True
2040,P0209,Zhejiang,retire,0.0,0.0,0.0,0.0,0.0,True
2040,P0209,Zhejiang,ccs,0.0,0.0,0.0,0.0,0.0,True
2040,P0209,Zhejiang,biomass,0.0,0.0,0.0,0.0,0.0,True
2040,P0209,Zhejiang,beccs,1.0,13284720.000000002,10.8934704,20.69759376,11.274741864,True
2040,P0209,Zhejiang,ammonia,0.0,0.0,0.0,0.0,0.0,True
2040,P0210,Anhui,unabated,0.0,0.0,0.0,0.0,0.0,True
2040,P0210,Anhui,retire,0.0,0.0,0.0,0.0,0.0,True
2040,P0210,Anhui,ccs,0.0,0.0,0.0,0.0,0.0,True
2040,P0210,Anhui,biomass,1.0,6708372.000000001,5.50086504,5.50086504,0.0,True
2040,P0210,Anhui,beccs,0.0,0.0,0.0,0.0,0.0,True
2040,P0210,Anhui,ammonia,0.0,0.0,0.0,0.0,0.0,True
2040,P0211,Henan,unabated,0.0,0.0,0.0,0.0,0.0,True
2040,P0211,Henan,retire,0.0,0.0,0.0,0.0,0.0,True
2040,P0211,Henan,ccs,0.0,0.0,0.0,0.0,0.0,True
2040,P0211,Henan,biomass,1.0,4535496.0,3.7191067199999996,3.7191067199999996,0.0,True
2040,P0211,Henan,beccs,0.0,0.0,0.0,0.0,0.0,True
2040,P0211,Henan,ammonia,0.0,0.0,0.0,0.0,0.0,True
2040,P0212,Gansu,unabated,1.0,11102440.0,9.1040008,0.0,0.0,True
2040,P0212,Gansu,retire,0.0,0.0,0.0,0.0,0.0,True
2040,P0212,Gansu,ccs,0.0,0.0,0.0,0.0,0.0,True
2040,P0212,Gansu,biomass,0.0,0.0,0.0,0.0,0.0,True
2040,P0212,Gansu,beccs,0.0,0.0,0.0,0.0,0.0,True
2040,P0212,Gansu,ammonia,0.0,0.0,0.0,0.0,0.0,True
2040,P0213,Hubei,unabated,0.0,0.0,0.0,0.0,0.0,True
2040,P0213,Hubei,retire,0.0,0.0,0.0,0.0,0.0,True
2040,P0213,Hubei,ccs,0.0,0.0,0.0,0.0,0.0,True
2040,P0213,Hubei,biomass,1.0,13761032.0,11.28404624,11.28404624,0.0,True
2040,P0213,Hubei,beccs,0.0,0.0,0.0,0.0,0.0,True
2040,P0213,Hubei,ammonia,0.0,0.0,0.0,0.0,0.0,True
2040,P0214,Xinjiang,unabated,0.0,0.0,0.0,0.0,0.0,True
2040,P0214,Xinjiang,retire,0.0,0.0,0.0,0.0,0.0,True
2040,P0214,Xinjiang,ccs,1.0,5096358.0,4.17901356,3.761112204,4.325279034599999,True
2040,P0214,Xinjiang,biomass,0.0,0.0,0.0,0.0,0.0,True
2040,P0214,Xinjiang,beccs,0.0,0.0,0.0,0.0,0.0,True
2040,P0214,Xinjiang,ammonia,0.0,0.0,0.0,0.0,0.0,True
2040,P0215,Hebei,unabated,0.0,0.0,0.0,0.0,0.0,True
2040,P0215,Hebei,retire,0.0,0.0,0.0,0.0,0.0,True
2040,P0215,Hebei,ccs,0.0,0.0,0.0,0.0,0.0,True
2040,P0215,Hebei,biomass,0.8711961383993422,5123271.009361441,4.201082227676381,4.201082227676381,0.0,True
2040,P0215,Hebei,beccs,0.1288038616006594,757460.9906385691,0.6211180123236265,1.1801242234148903,0.6,True
2040,P0215,Hebei,ammonia,0.0,0.0,0.0,0.0,0.0,True
2040,P0216,Heilongjiang,unabated,0.0,0.0,0.0,0.0,0.0,True
2040,P0216,Heilongjiang,retire,0.0,0.0,0.0,0.0,0.0,True
2040,P0216,Heilongjiang,ccs,0.0,0.0,0.0,0.0,0.0,True
2040,P0216,Heilongjiang,biomass,1.0,347850.0,0.285237,0.285237,0.0,True
2040,P0216,Heilongjiang,beccs,0.0,0.0,0.0,0.0,0.0,True
2040,P0216,Heilongjiang,ammonia,0.0,0.0,0.0,0.0,0.0,True
2040,P0217,Hainan,unabated,0.0,0.0,0.0,0.0,0.0,True
2040,P0217,Hainan,retire,0.0,0.0,0.0,0.0,0.0,True
2040,P0217,Hainan,ccs,0.0,0.0,0.0,0.0,0.0,True
2040,P0217,Hainan,biomass,0.0,0.0,0.0,0.0,0.0,True
2040,P0217,Hainan,beccs,1.0,1509270.0,1.2376014,2.35144266,1.280917449,True
2040,P0217,Hainan,ammonia,0.0,0.0,0.0,0.0,0.0,True
2040,P0218,Hubei,unabated,0.0,0.0,0.0,0.0,0.0,True
2040,P0218,Hubei,retire,0.0,0.0,0.0,0.0,0.0,True
2040,P0218,Hubei,ccs,0.0,0.0,0.0,0.0,0.0,True
2040,P0218,Hubei,biomass,1.0,7424207.999999999,6.087850559999999,6.087850559999999,0.0,True
2040,P0218,Hubei,beccs,0.0,0.0,0.0,0.0,0.0,True
2040,P0218,Hubei,ammonia,0.0,0.0,0.0,0.0,0.0,True
2040,P0219,Jilin,unabated,0.0,0.0,0.0,0.0,0.0,True
2040,P0219,Jilin,retire,0.0,0.0,0.0,0.0,0.0,True
2040,P0219,Jilin,ccs,0.0,0.0,0.0,0.0,0.0,True
2040,P0219,Jilin,biomass,0.0,0.0,0.0,0.0,0.0,True
2040,P0219,Jilin,beccs,1.0,2933334.0,2.4053338799999997,4.570134371999999,2.4895205658,True
2040,P0219,Jilin,ammonia,0.0,0.0,0.0,0.0,0.0,True
2040,P0220,Hebei,unabated,0.0,0.0,0.0,0.0,0.0,True
2040,P0220,Hebei,retire,0.0,0.0,0.0,0.0,0.0,True
2040,P0220,Hebei,ccs,0.0,0.0,0.0,0.0,0.0,True
2040,P0220,Hebei,biomass,1.0,5880732.000000001,4.82220024,4.82220024,0.0,True
2040,P0220,Hebei,beccs,0.0,0.0,0.0,0.0,0.0,True
2040,P0220,Hebei,ammonia,0.0,0.0,0.0,0.0,0.0,True
2040,P0221,Gansu,unabated,0.0,0.0,0.0,0.0,0.0,True
2040,P0221,Gansu,retire,0.0,0.0,0.0,0.0,0.0,True
2040,P0221,Gansu,ccs,0.0,0.0,0.0,0.0,0.0,True
2040,P0221,Gansu,biomass,1.0,17303048.0,14.18849936,14.18849936,0.0,True
2040,P0221,Gansu,beccs,0.0,0.0,0.0,0.0,0.0,True
2040,P0221,Gansu,ammonia,0.0,0.0,0.0,0.0,0.0,True
2040,P0222,Jiangxi,unabated,0.0,0.0,0.0,0.0,0.0,True
2040,P0222,Jiangxi,retire,0.0,0.0,0.0,0.0,0.0,True
2040,P0222,Jiangxi,ccs,0.0,0.0,0.0,0.0,0.0,True
2040,P0222,Jiangxi,biomass,1.0,19065600.0,15.633791999999998,15.633791999999998,0.0,True
2040,P0222,Jiangxi,beccs,0.0,0.0,0.0,0.0,0.0,True
2040,P0222,Jiangxi,ammonia,0.0,0.0,0.0,0.0,0.0,True
2040,P0223,Anhui,unabated,1.0,32652492.500000004,26.775043850000003,0.0,0.0,True
2040,P0223,Anhui,retire,0.0,0.0,0.0,0.0,0.0,True
2040,P0223,Anhui,ccs,0.0,0.0,0.0,0.0,0.0,True
2040,P0223,Anhui,biomass,0.0,0.0,0.0,0.0,0.0,True
2040,P0223,Anhui,beccs,0.0,0.0,0.0,0.0,0.0,True
2040,P0223,Anhui,ammonia,0.0,0.0,0.0,0.0,0.0,True
2040,P0224,Xinjiang,unabated,0.0,0.0,0.0,0.0,0.0,True
2040,P0224,Xinjiang,retire,0.0,0.0,0.0,0.0,0.0,True
2040,P0224,Xinjiang,ccs,0.1675347214202099,973262.8078408536,0.7980755024294998,0.7182679521865498,0.8260081450145321,True
2040,P0224,Xinjiang,biomass,0.0,0.0,0.0,0.0,0.0,True
2040,P0224,Xinjiang,beccs,0.8324652785797904,4836057.192159147,3.9655668975704996,7.534577105383949,4.1043617389854665,True
2040,P0224,Xinjiang,ammonia,0.0,0.0,0.0,0.0,0.0,True
2040,P0225,Heilongjiang,unabated,0.0,0.0,0.0,0.0,0.0,True
2040,P0225,Heilongjiang,retire,0.0,0.0,0.0,0.0,0.0,True
2040,P0225,Heilongjiang,ccs,0.0,0.0,0.0,0.0,0.0,True
2040,P0225,Heilongjiang,biomass,1.0,4174200.0,3.422844,3.422844,0.0,True
2040,P0225,Heilongjiang,beccs,0.0,0.0,0.0,0.0,0.0,True
2040,P0225,Heilongjiang,ammonia,0.0,0.0,0.0,0.0,0.0,True
2040,P0226,Anhui,unabated,0.0,0.0,0.0,0.0,0.0,True
2040,P0226,Anhui,retire,0.0,0.0,0.0,0.0,0.0,True
2040,P0226,Anhui,ccs,0.0,0.0,0.0,0.0,0.0,True
2040,P0226,Anhui,biomass,1.0,13416744.000000002,11.00173008,11.00173008,0.0,True
2040,P0226,Anhui,beccs,0.0,0.0,0.0,0.0,0.0,True
2040,P0226,Anhui,ammonia,0.0,0.0,0.0,0.0,0.0,True
2040,P0227,Shanxi,unabated,0.6010646328798158,10295726.256293297,8.442495530160503,0.0,0.0,True
2040,P0227,Shanxi,retire,0.0,0.0,0.0,0.0,0.0,True
2040,P0227,Shanxi,ccs,0.0,0.0,0.0,0.0,0.0,True
2040,P0227,Shanxi,biomass,0.0,0.0,0.0,0.0,0.0,True
2040,P0227,Shanxi,beccs,0.3989353671201835,6833423.743706691,5.603407469839486,10.646474192695024,5.799526731283869,True
2040,P0227,Shanxi,ammonia,0.0,0.0,0.0,0.0,0.0,True
2040,P0228,Liaoning,unabated,0.0,0.0,0.0,0.0,0.0,True
2040,P0228,Liaoning,retire,0.0,0.0,0.0,0.0,0.0,True
2040,P0228,Liaoning,ccs,0.0,0.0,0.0,0.0,0.0,True
2040,P0228,Liaoning,biomass,0.0,0.0,0.0,0.0,0.0,True
2040,P0228,Liaoning,beccs,1.0,3720839.9999999995,3.051088799999999,5.797068719999998,3.157876907999999,True
2040,P0228,Liaoning,ammonia,0.0,0.0,0.0,0.0,0.0,True
2040,P0229,Henan,unabated,0.0,0.0,0.0,0.0,0.0,True
2040,P0229,Henan,retire,0.0,0.0,0.0,0.0,0.0,True
2040,P0229,Henan,ccs,0.0,0.0,0.0,0.0,0.0,True
2040,P0229,Henan,biomass,1.0,13426508.0,11.009736559999999,11.009736559999999,0.0,True
2040,P0229,Henan,beccs,0.0,0.0,0.0,0.0,0.0,True
2040,P0229,Henan,ammonia,0.0,0.0,0.0,0.0,0.0,True
2040,P0230,Inner Mongolia,unabated,1.0,6641580.0,5.4460956,0.0,0.0,True
2040,P0230,Inner Mongolia,retire,0.0,0.0,0.0,0.0,0.0,True
2040,P0230,Inner Mongolia,ccs,0.0,0.0,0.0,0.0,0.0,True
2040,P0230,Inner Mongolia,biomass,0.0,0.0,0.0,0.0,0.0,True
2040,P0230,Inner Mongolia,beccs,0.0,0.0,0.0,0.0,0.0,True
2040,P0230,Inner Mongolia,ammonia,0.0,0.0,0.0,0.0,0.0,True
2040,P0231,Fujian,unabated,0.0,0.0,0.0,0.0,0.0,True
2040,P0231,Fujian,retire,0.0,0.0,0.0,0.0,0.0,True
2040,P0231,Fujian,ccs,0.0,0.0,0.0,0.0,0.0,True
2040,P0231,Fujian,biomass,1.0,6151440.0,5.0441807999999995,5.0441807999999995,0.0,True
2040,P0231,Fujian,beccs,0.0,0.0,0.0,0.0,0.0,True
2040,P0231,Fujian,ammonia,0.0,0.0,0.0,0.0,0.0,True
2040,P0232,Inner Mongolia,unabated,0.12280164593966991,741451.7778545389,0.6079904578407218,0.0,0.0,True
2040,P0232,Inner Mongolia,retire,0.0,0.0,0.0,0.0,0.0,True
2040,P0232,Inner Mongolia,ccs,0.0,0.0,0.0,0.0,0.0,True
2040,P0232,Inner Mongolia,biomass,0.0,0.0,0.0,0.0,0.0,True
2040,P0232,Inner Mongolia,beccs,0.8771983540603301,5296348.222145461,4.343005542159277,8.251710530102628,4.4950107361348515,True
2040,P0232,Inner Mongolia,ammonia,0.0,0.0,0.0,0.0,0.0,True
2040,P0233,Xinjiang,unabated,0.0,0.0,0.0,0.0,0.0,True
2040,P0233,Xinjiang,retire,0.0,0.0,0.0,0.0,0.0,True
2040,P0233,Xinjiang,ccs,0.0,0.0,0.0,0.0,0.0,True
2040,P0233,Xinjiang,biomass,0.0,0.0,0.0,0.0,0.0,True
2040,P0233,Xinjiang,beccs,1.0,3168719.9999999995,2.5983503999999993,4.936865759999998,2.6892926639999994,True
2040,P0233,Xinjiang,ammonia,0.0,0.0,0.0,0.0,0.0,True
2040,P0234,Hunan,unabated,0.0,0.0,0.0,0.0,0.0,True
2040,P0234,Hunan,retire,0.0,0.0,0.0,0.0,0.0,True
2040,P0234,Hunan,ccs,0.0,0.0,0.0,0.0,0.0,True
2040,P0234,Hunan,biomass,1.0,234414.0,0.19221947999999997,0.19221947999999997,0.0,True
2040,P0234,Hunan,beccs,0.0,0.0,0.0,0.0,0.0,True
2040,P0234,Hunan,ammonia,0.0,0.0,0.0,0.0,0.0,True
2040,P0235,Inner Mongolia,unabated,1.0,13283160.0,10.8921912,0.0,0.0,True
2040,P0235,Inner Mongolia,retire,0.0,0.0,0.0,0.0,0.0,True
2040,P0235,Inner Mongolia,ccs,0.0,0.0,0.0,0.0,0.0,True
2040,P0235,Inner Mongolia,biomass,0.0,0.0,0.0,0.0,0.0,True
2040,P0235,Inner Mongolia,beccs,0.0,0.0,0.0,0.0,0.0,True
2040,P0235,Inner Mongolia,ammonia,0.0,0.0,0.0,0.0,0.0,True
2040,P0236,Henan,unabated,0.0,0.0,0.0,0.0,0.0,True
2040,P0236,Henan,retire,0.0,0.0,0.0,0.0,0.0,True
2040,P0236,Henan,ccs,0.0,0.0,0.0,0.0,0.0,True
2040,P0236,Henan,biomass,1.0,19185868.0,15.73241176,15.73241176,0.0,True
2040,P0236,Henan,beccs,0.0,0.0,0.0,0.0,0.0,True
2040,P0236,Henan,ammonia,0.0,0.0,0.0,0.0,0.0,True
2040,P0237,Jiangxi,unabated,0.0,0.0,0.0,0.0,0.0,True
2040,P0237,Jiangxi,retire,0.0,0.0,0.0,0.0,0.0,True
2040,P0237,Jiangxi,ccs,0.0,0.0,0.0,0.0,0.0,True
2040,P0237,Jiangxi,biomass,1.0,12869280.0,10.5528096,10.5528096,0.0,True
2040,P0237,Jiangxi,beccs,0.0,0.0,0.0,0.0,0.0,True
2040,P0237,Jiangxi,ammonia,0.0,0.0,0.0,0.0,0.0,True
2040,P0238,Sichuan,unabated,0.0,0.0,0.0,0.0,0.0,True
2040,P0238,Sichuan,retire,0.0,0.0,0.0,0.0,0.0,True
2040,P0238,Sichuan,ccs,0.0,0.0,0.0,0.0,0.0,True
2040,P0238,Sichuan,biomass,0.0,0.0,0.0,0.0,0.0,True
2040,P0238,Sichuan,beccs,1.0,9992799.999999998,8.194095999999998,15.568782399999996,8.480889359999997,True
2040,P0238,Sichuan,ammonia,0.0,0.0,0.0,0.0,0.0,True
2040,P0239,Guizhou,unabated,0.30299070019266,5350577.008730624,4.3874731471591115,0.0,0.0,True
2040,P0239,Guizhou,retire,0.0,0.0,0.0,0.0,0.0,True
2040,P0239,Guizhou,ccs,0.0,0.0,0.0,0.0,0.0,True
2040,P0239,Guizhou,biomass,0.6970092998073405,12308634.991269385,10.093080692840896,10.093080692840896,0.0,True
2040,P0239,Guizhou,beccs,0.0,0.0,0.0,0.0,0.0,True
2040,P0239,Guizhou,ammonia,0.0,0.0,0.0,0.0,0.0,True
2040,P0240,Guangdong,unabated,0.0,0.0,0.0,0.0,0.0,True
2040,P0240,Guangdong,retire,0.0,0.0,0.0,0.0,0.0,True
2040,P0240,Guangdong,ccs,0.0,0.0,0.0,0.0,0.0,True
2040,P0240,Guangdong,biomass,0.0,0.0,0.0,0.0,0.0,True
2040,P0240,Guangdong,beccs,1.0,9663400.0,7.923987999999999,15.055577199999997,8.201327579999997,True
2040,P0240,Guangdong,ammonia,0.0,0.0,0.0,0.0,0.0,True
2040,P0241,Guangxi,unabated,0.0,0.0,0.0,0.0,0.0,True
2040,P0241,Guangxi,retire,0.0,0.0,0.0,0.0,0.0,True
2040,P0241,Guangxi,ccs,0.0,0.0,0.0,0.0,0.0,True
2040,P0241,Guangxi,biomass,0.0,0.0,0.0,0.0,0.0,True
2040,P0241,Guangxi,beccs,1.0,3350620.0,2.7475084,5.22026596,2.843671194,True
2040,P0241,Guangxi,ammonia,0.0,0.0,0.0,0.0,0.0,True
2040,P0242,Xinjiang,unabated,0.11686815206362067,3258837.567101917,2.6722468050235717,0.0,0.0,True
2040,P0242,Xinjiang,retire,0.0,0.0,0.0,0.0,0.0,True
2040,P0242,Xinjiang,ccs,0.8831318479363793,24625898.432898078,20.193236714976422,18.17391304347878,20.9,True
2040,P0242,Xinjiang,biomass,0.0,0.0,0.0,0.0,0.0,True
2040,P0242,Xinjiang,beccs,0.0,0.0,0.0,0.0,0.0,True
2040,P0242,Xinjiang,ammonia,0.0,0.0,0.0,0.0,0.0,True
2040,P0243,Anhui,unabated,1.0,124308166.00000001,101.93269612,0.0,0.0,True
2040,P0243,Anhui,retire,0.0,0.0,0.0,0.0,0.0,True
2040,P0243,Anhui,ccs,0.0,0.0,0.0,0.0,0.0,True
2040,P0243,Anhui,biomass,0.0,0.0,0.0,0.0,0.0,True
2040,P0243,Anhui,beccs,0.0,0.0,0.0,0.0,0.0,True
2040,P0243,Anhui,ammonia,0.0,0.0,0.0,0.0,0.0,True
2040,P0244,Gansu,unabated,1.0,15124456.000000002,12.40205392,0.0,0.0,True
2040,P0244,Gansu,retire,0.0,0.0,0.0,0.0,0.0,True
2040,P0244,Gansu,ccs,0.0,0.0,0.0,0.0,0.0,True
2040,P0244,Gansu,biomass,0.0,0.0,0.0,0.0,0.0,True
2040,P0244,Gansu,beccs,0.0,0.0,0.0,0.0,0.0,True
2040,P0244,Gansu,ammonia,0.0,0.0,0.0,0.0,0.0,True
2040,P0245,Hubei,unabated,0.0,0.0,0.0,0.0,0.0,True
2040,P0245,Hubei,retire,0.0,0.0,0.0,0.0,0.0,True
2040,P0245,Hubei,ccs,0.0,0.0,0.0,0.0,0.0,True
2040,P0245,Hubei,biomass,1.0,7247976.799999999,5.943340975999999,5.943340975999999,0.0,True
2040,P0245,Hubei,beccs,0.0,0.0,0.0,0.0,0.0,True
2040,P0245,Hubei,ammonia,0.0,0.0,0.0,0.0,0.0,True
2040,P0246,Inner Mongolia,unabated,0.7930375880460031,32599677.660150807,26.73173568132366,0.0,0.0,True
2040,P0246,Inner Mongolia,retire,0.0,0.0,0.0,0.0,0.0,True
2040,P0246,Inner Mongolia,ccs,0.2069624119539969,8507677.339849195,6.976295418676339,6.278665876808705,7.220465758330011,True
2040,P0246,Inner Mongolia,biomass,0.0,0.0,0.0,0.0,0.0,True
2040,P0246,Inner Mongolia,beccs,0.0,0.0,0.0,0.0,0.0,True
2040,P0246,Inner Mongolia,ammonia,0.0,0.0,0.0,0.0,0.0,True
2040,P0247,Shandong,unabated,1.0,8983866.0,7.366770119999999,0.0,0.0,True
2040,P0247,Shandong,retire,0.0,0.0,0.0,0.0,0.0,True
2040,P0247,Shandong,ccs,0.0,0.0,0.0,0.0,0.0,True
2040,P0247,Shandong,biomass,0.0,0.0,0.0,0.0,0.0,True
2040,P0247,Shandong,beccs,0.0,0.0,0.0,0.0,0.0,True
2040,P0247,Shandong,ammonia,0.0,0.0,0.0,0.0,0.0,True
2040,P0248,Henan,unabated,1.0,30200644.0,24.764528079999998,0.0,0.0,True
2040,P0248,Henan,retire,0.0,0.0,0.0,0.0,0.0,True
2040,P0248,Henan,ccs,0.0,0.0,0.0,0.0,0.0,True
2040,P0248,Henan,biomass,0.0,0.0,0.0,0.0,0.0,True
2040,P0248,Henan,beccs,0.0,0.0,0.0,0.0,0.0,True
2040,P0248,Henan,ammonia,0.0,0.0,0.0,0.0,0.0,True
2040,P0249,Gansu,unabated,0.0,0.0,0.0,0.0,0.0,True
2040,P0249,Gansu,retire,0.0,0.0,0.0,0.0,0.0,True
2040,P0249,Gansu,ccs,0.0,0.0,0.0,0.0,0.0,True
2040,P0249,Gansu,biomass,1.0,2513760.0000000005,2.0612832,2.0612832,0.0,True
2040,P0249,Gansu,beccs,0.0,0.0,0.0,0.0,0.0,True
2040,P0249,Gansu,ammonia,0.0,0.0,0.0,0.0,0.0,True
2040,P0250,Gansu,unabated,1.0,2513760.0000000005,2.0612832,0.0,0.0,True
2040,P0250,Gansu,retire,0.0,0.0,0.0,0.0,0.0,True
2040,P0250,Gansu,ccs,0.0,0.0,0.0,0.0,0.0,True
2040,P0250,Gansu,biomass,0.0,0.0,0.0,0.0,0.0,True
2040,P0250,Gansu,beccs,0.0,0.0,0.0,0.0,0.0,True
2040,P0250,Gansu,ammonia,0.0,0.0,0.0,0.0,0.0,True
2040,P0251,Hebei,unabated,0.968885027937795,5870412.375633312,4.813738148019317,0.0,0.0,True
2040,P0251,Hebei,retire,0.0,0.0,0.0,0.0,0.0,True
2040,P0251,Hebei,ccs,0.0,0.0,0.0,0.0,0.0,True
2040,P0251,Hebei,biomass,0.0,0.0,0.0,0.0,0.0,True
2040,P0251,Hebei,beccs,0.031114972062202262,188523.62436667155,0.1545893719806707,0.17777777777777126,0.15999999999999412,True
2040,P0251,Hebei,ammonia,0.0,0.0,0.0,0.0,0.0,True
2040,P0252,Guangxi,unabated,0.0,0.0,0.0,0.0,0.0,True
2040,P0252,Guangxi,retire,0.0,0.0,0.0,0.0,0.0,True
2040,P0252,Guangxi,ccs,0.0,0.0,0.0,0.0,0.0,True
2040,P0252,Guangxi,biomass,0.0,0.0,0.0,0.0,0.0,True
2040,P0252,Guangxi,beccs,1.0,10003994.0,8.20327508,15.586222651999998,8.490389707799999,True
2040,P0252,Guangxi,ammonia,0.0,0.0,0.0,0.0,0.0,True
2040,P0253,Guangxi,unabated,0.0,0.0,0.0,0.0,0.0,True
2040,P0253,Guangxi,retire,0.0,0.0,0.0,0.0,0.0,True
2040,P0253,Guangxi,ccs,0.0,0.0,0.0,0.0,0.0,True
2040,P0253,Guangxi,biomass,1.0,5456724.0,4.474513679999999,4.474513679999999,0.0,True
2040,P0253,Guangxi,beccs,0.0,0.0,0.0,0.0,0.0,True
2040,P0253,Guangxi,ammonia,0.0,0.0,0.0,0.0,0.0,True
2040,P0254,Jiangxi,unabated,0.0,0.0,0.0,0.0,0.0,True
2040,P0254,Jiangxi,retire,0.0,0.0,0.0,0.0,0.0,True
2040,P0254,Jiangxi,ccs,0.0,0.0,0.0,0.0,0.0,True
2040,P0254,Jiangxi,biomass,1.0,6291647.999999999,5.159151359999998,5.159151359999998,0.0,True
2040,P0254,Jiangxi,beccs,0.0,0.0,0.0,0.0,0.0,True
2040,P0254,Jiangxi,ammonia,0.0,0.0,0.0,0.0,0.0,True
2040,P0255,Anhui,unabated,0.25443579868061506,6361895.408575788,5.2167542350321465,0.0,0.0,True
2040,P0255,Anhui,retire,0.0,0.0,0.0,0.0,0.0,True
2040,P0255,Anhui,ccs,0.0,0.0,0.0,0.0,0.0,True
2040,P0255,Anhui,biomass,0.7455642013193806,18642036.591424104,15.286470004967763,15.286470004967763,0.0,True
2040,P0255,Anhui,beccs,0.0,0.0,0.0,0.0,0.0,True
2040,P0255,Anhui,ammonia,0.0,0.0,0.0,0.0,0.0,True
2040,P0256,Heilongjiang,unabated,0.0,0.0,0.0,0.0,0.0,True
2040,P0256,Heilongjiang,retire,0.0,0.0,0.0,0.0,0.0,True
2040,P0256,Heilongjiang,ccs,0.0,0.0,0.0,0.0,0.0,True
2040,P0256,Heilongjiang,biomass,0.0,0.0,0.0,0.0,0.0,True
2040,P0256,Heilongjiang,beccs,1.0,194796.0,0.15973272,0.30349216799999995,0.1653233652,True
2040,P0256,Heilongjiang,ammonia,0.0,0.0,0.0,0.0,0.0,True
2040,P0257,Inner Mongolia,unabated,0.0,0.0,0.0,0.0,0.0,True
2040,P0257,Inner Mongolia,retire,0.0,0.0,0.0,0.0,0.0,True
2040,P0257,Inner Mongolia,ccs,0.0,0.0,0.0,0.0,0.0,True
2040,P0257,Inner Mongolia,biomass,1.0,362267.99999999994,0.29705975999999995,0.29705975999999995,0.0,True
2040,P0257,Inner Mongolia,beccs,0.0,0.0,0.0,0.0,0.0,True
2040,P0257,Inner Mongolia,ammonia,0.0,0.0,0.0,0.0,0.0,True
2040,P0258,Xinjiang,unabated,0.0,0.0,0.0,0.0,0.0,True
2040,P0258,Xinjiang,retire,0.0,0.0,0.0,0.0,0.0,True
2040,P0258,Xinjiang,ccs,1.0,3696839.9999999995,3.0314087999999995,2.7282679199999995,3.137508107999999,True
2040,P0258,Xinjiang,biomass,0.0,0.0,0.0,0.0,0.0,True
2040,P0258,Xinjiang,beccs,0.0,0.0,0.0,0.0,0.0,True
2040,P0258,Xinjiang,ammonia,0.0,0.0,0.0,0.0,0.0,True
2040,P0259,Guizhou,unabated,1.0,20792298.0,17.04968436,0.0,0.0,True
2040,P0259,Guizhou,retire,0.0,0.0,0.0,0.0,0.0,True
2040,P0259,Guizhou,ccs,0.0,0.0,0.0,0.0,0.0,True
2040,P0259,Guizhou,biomass,0.0,0.0,0.0,0.0,0.0,True
2040,P0259,Guizhou,beccs,0.0,0.0,0.0,0.0,0.0,True
2040,P0259,Guizhou,ammonia,0.0,0.0,0.0,0.0,0.0,True
2040,P0260,Ningxia,unabated,0.0,0.0,0.0,0.0,0.0,True
2040,P0260,Ningxia,retire,0.0,0.0,0.0,0.0,0.0,True
2040,P0260,Ningxia,ccs,0.0,0.0,0.0,0.0,0.0,True
2040,P0260,Ningxia,biomass,0.0,0.0,0.0,0.0,0.0,True
2040,P0260,Ningxia,beccs,1.0,13222594.0,10.84252708,20.600801452,11.2220155278,True
2040,P0260,Ningxia,ammonia,0.0,0.0,0.0,0.0,0.0,True
2040,P0261,Xinjiang,unabated,0.0,0.0,0.0,0.0,0.0,True
2040,P0261,Xinjiang,retire,0.0,0.0,0.0,0.0,0.0,True
2040,P0261,Xinjiang,ccs,1.0,3696839.9999999995,3.0314087999999995,2.7282679199999995,3.137508107999999,True
2040,P0261,Xinjiang,biomass,0.0,0.0,0.0,0.0,0.0,True
2040,P0261,Xinjiang,beccs,0.0,0.0,0.0,0.0,0.0,True
2040,P0261,Xinjiang,ammonia,0.0,0.0,0.0,0.0,0.0,True
2040,P0262,Guizhou,unabated,0.0,0.0,0.0,0.0,0.0,True
2040,P0262,Guizhou,retire,0.0,0.0,0.0,0.0,0.0,True
2040,P0262,Guizhou,ccs,0.0,0.0,0.0,0.0,0.0,True
2040,P0262,Guizhou,biomass,1.0,5696520.0,4.6711464,4.6711464,0.0,True
2040,P0262,Guizhou,beccs,0.0,0.0,0.0,0.0,0.0,True
2040,P0262,Guizhou,ammonia,0.0,0.0,0.0,0.0,0.0,True
2040,P0263,Shaanxi,unabated,0.0,0.0,0.0,0.0,0.0,True
2040,P0263,Shaanxi,retire,0.0,0.0,0.0,0.0,0.0,True
2040,P0263,Shaanxi,ccs,0.0,0.0,0.0,0.0,0.0,True
2040,P0263,Shaanxi,biomass,1.0,3176600.0,2.604812,2.604812,0.0,True
2040,P0263,Shaanxi,beccs,0.0,0.0,0.0,0.0,0.0,True
2040,P0263,Shaanxi,ammonia,0.0,0.0,0.0,0.0,0.0,True
2040,P0264,Sichuan,unabated,0.0,0.0,0.0,0.0,0.0,True
2040,P0264,Sichuan,retire,0.0,0.0,0.0,0.0,0.0,True
2040,P0264,Sichuan,ccs,0.0,0.0,0.0,0.0,0.0,True
2040,P0264,Sichuan,biomass,0.0,0.0,0.0,0.0,0.0,True
2040,P0264,Sichuan,beccs,1.0,5995679.999999999,4.916457599999998,9.341269439999996,5.0885336159999985,True
2040,P0264,Sichuan,ammonia,0.0,0.0,0.0,0.0,0.0,True
2040,P0265,Gansu,unabated,0.0,0.0,0.0,0.0,0.0,True
2040,P0265,Gansu,retire,0.0,0.0,0.0,0.0,0.0,True
2040,P0265,Gansu,ccs,0.0,0.0,0.0,0.0,0.0,True
2040,P0265,Gansu,biomass,1.0,2932720.0,2.4048304,2.4048304,0.0,True
2040,P0265,Gansu,beccs,0.0,0.0,0.0,0.0,0.0,True
2040,P0265,Gansu,ammonia,0.0,0.0,0.0,0.0,0.0,True
2040,P0266,Heilongjiang,unabated,0.0,0.0,0.0,0.0,0.0,True
2040,P0266,Heilongjiang,retire,0.0,0.0,0.0,0.0,0.0,True
2040,P0266,Heilongjiang,ccs,0.0,0.0,0.0,0.0,0.0,True
2040,P0266,Heilongjiang,biomass,1.0,939195.0000000001,0.7701399,0.7701399,0.0,True
2040,P0266,Heilongjiang,beccs,0.0,0.0,0.0,0.0,0.0,True
2040,P0266,Heilongjiang,ammonia,0.0,0.0,0.0,0.0,0.0,True
2040,P0267,Hubei,unabated,0.0027616976615030112,48255.51883032408,0.03956952544086575,0.0,0.0,True
2040,P0267,Hubei,retire,0.0,0.0,0.0,0.0,0.0,True
2040,P0267,Hubei,ccs,0.0,0.0,0.0,0.0,0.0,True
2040,P0267,Hubei,biomass,0.997238302338497,17424880.481169675,14.288401994559134,14.288401994559134,0.0,True
2040,P0267,Hubei,beccs,0.0,0.0,0.0,0.0,0.0,True
2040,P0267,Hubei,ammonia,0.0,0.0,0.0,0.0,0.0,True
2040,P0268,Inner Mongolia,unabated,0.0,0.0,0.0,0.0,0.0,True
2040,P0268,Inner Mongolia,retire,0.0,0.0,0.0,0.0,0.0,True
2040,P0268,Inner Mongolia,ccs,0.0,0.0,0.0,0.0,0.0,True
2040,P0268,Inner Mongolia,biomass,1.0,452835.0,0.37132469999999995,0.37132469999999995,0.0,True
2040,P0268,Inner Mongolia,beccs,0.0,0.0,0.0,0.0,0.0,True
2040,P0268,Inner Mongolia,ammonia,0.0,0.0,0.0,0.0,0.0,True
2040,P0269,Guangdong,unabated,1.0,77191239.2,63.296816144000005,0.0,0.0,True
2040,P0269,Guangdong,retire,0.0,0.0,0.0,0.0,0.0,True
2040,P0269,Guangdong,ccs,0.0,0.0,0.0,0.0,0.0,True
2040,P0269,Guangdong,biomass,0.0,0.0,0.0,0.0,0.0,True
2040,P0269,Guangdong,beccs,0.0,0.0,0.0,0.0,0.0,True
2040,P0269,Guangdong,ammonia,0.0,0.0,0.0,0.0,0.0,True
2040,P0270,Xinjiang,unabated,1.0,3168719.9999999995,2.5983503999999993,0.0,0.0,True
2040,P0270,Xinjiang,retire,0.0,0.0,0.0,0.0,0.0,True
2040,P0270,Xinjiang,ccs,0.0,0.0,0.0,0.0,0.0,True
2040,P0270,Xinjiang,biomass,0.0,0.0,0.0,0.0,0.0,True
2040,P0270,Xinjiang,beccs,0.0,0.0,0.0,0.0,0.0,True
2040,P0270,Xinjiang,ammonia,0.0,0.0,0.0,0.0,0.0,True
2040,P0271,Guangdong,unabated,0.0,0.0,0.0,0.0,0.0,True
2040,P0271,Guangdong,retire,0.0,0.0,0.0,0.0,0.0,True
2040,P0271,Guangdong,ccs,0.0,0.0,0.0,0.0,0.0,True
2040,P0271,Guangdong,biomass,1.0,2899020.0,2.3771964,2.3771964,0.0,True
2040,P0271,Guangdong,beccs,0.0,0.0,0.0,0.0,0.0,True
2040,P0271,Guangdong,ammonia,0.0,0.0,0.0,0.0,0.0,True
2040,P0272,Qinghai,unabated,0.0,0.0,0.0,0.0,0.0,True
2040,P0272,Qinghai,retire,0.0,0.0,0.0,0.0,0.0,True
2040,P0272,Qinghai,ccs,1.0,5408039.999999999,4.434592799999999,3.991133519999999,4.589803547999999,True
2040,P0272,Qinghai,biomass,0.0,0.0,0.0,0.0,0.0,True
2040,P0272,Qinghai,beccs,0.0,0.0,0.0,0.0,0.0,True
2040,P0272,Qinghai,ammonia,0.0,0.0,0.0,0.0,0.0,True
2040,P0273,Fujian,unabated,0.0,0.0,0.0,0.0,0.0,True
2040,P0273,Fujian,retire,0.0,0.0,0.0,0.0,0.0,True
2040,P0273,Fujian,ccs,0.0,0.0,0.0,0.0,0.0,True
2040,P0273,Fujian,biomass,1.0,3075720.0,2.5220903999999997,2.5220903999999997,0.0,True
2040,P0273,Fujian,beccs,0.0,0.0,0.0,0.0,0.0,True
2040,P0273,Fujian,ammonia,0.0,0.0,0.0,0.0,0.0,True
2040,P0274,Hebei,unabated,0.113197494079596,706028.6182236114,0.5789434669433614,0.0,0.0,True
2040,P0274,Hebei,retire,0.0,0.0,0.0,0.0,0.0,True
2040,P0274,Hebei,ccs,0.0,0.0,0.0,0.0,0.0,True
2040,P0274,Hebei,biomass,0.886802505920404,5531111.381776389,4.535511333056639,4.535511333056639,0.0,True
2040,P0274,Hebei,beccs,0.0,0.0,0.0,0.0,0.0,True
2040,P0274,Hebei,ammonia,0.0,0.0,0.0,0.0,0.0,True
2040,P0275,Gansu,unabated,1.0,15166352.000000002,12.43640864,0.0,0.0,True
2040,P0275,Gansu,retire,0.0,0.0,0.0,0.0,0.0,True
2040,P0275,Gansu,ccs,0.0,0.0,0.0,0.0,0.0,True
2040,P0275,Gansu,biomass,0.0,0.0,0.0,0.0,0.0,True
2040,P0275,Gansu,beccs,0.0,0.0,0.0,0.0,0.0,True
2040,P0275,Gansu,ammonia,0.0,0.0,0.0,0.0,0.0,True
2040,P0276,Xinjiang,unabated,0.0,0.0,0.0,0.0,0.0,True
2040,P0276,Xinjiang,retire,0.0,0.0,0.0,0.0,0.0,True
2040,P0276,Xinjiang,ccs,1.0,3168719.9999999995,2.5983503999999993,2.3385153599999993,2.6892926639999994,True
2040,P0276,Xinjiang,biomass,0.0,0.0,0.0,0.0,0.0,True
2040,P0276,Xinjiang,beccs,0.0,0.0,0.0,0.0,0.0,True
2040,P0276,Xinjiang,ammonia,0.0,0.0,0.0,0.0,0.0,True
2040,P0277,Guangxi,unabated,0.0,0.0,0.0,0.0,0.0,True
2040,P0277,Guangxi,retire,0.0,0.0,0.0,0.0,0.0,True
2040,P0277,Guangxi,ccs,0.0,0.0,0.0,0.0,0.0,True
2040,P0277,Guangxi,biomass,1.0,3350620.0,2.7475084,2.7475084,0.0,True
2040,P0277,Guangxi,beccs,0.0,0.0,0.0,0.0,0.0,True
2040,P0277,Guangxi,ammonia,0.0,0.0,0.0,0.0,0.0,True
2040,P0278,Inner Mongolia,unabated,0.0,0.0,0.0,0.0,0.0,True
2040,P0278,Inner Mongolia,retire,0.0,0.0,0.0,0.0,0.0,True
2040,P0278,Inner Mongolia,ccs,1.0,8151030.0,6.6838446,6.01546014,6.9177791609999995,True
2040,P0278,Inner Mongolia,biomass,0.0,0.0,0.0,0.0,0.0,True
2040,P0278,Inner Mongolia,beccs,0.0,0.0,0.0,0.0,0.0,True
2040,P0278,Inner Mongolia,ammonia,0.0,0.0,0.0,0.0,0.0,True
2040,P0279,Guangxi,unabated,0.0,0.0,0.0,0.0,0.0,True
2040,P0279,Guangxi,retire,0.0,0.0,0.0,0.0,0.0,True
2040,P0279,Guangxi,ccs,0.0,0.0,0.0,0.0,0.0,True
2040,P0279,Guangxi,biomass,1.0,5743920.0,4.7100143999999995,4.7100143999999995,0.0,True
2040,P0279,Guangxi,beccs,0.0,0.0,0.0,0.0,0.0,True
2040,P0279,Guangxi,ammonia,0.0,0.0,0.0,0.0,0.0,True
2040,P0280,Anhui,unabated,0.0,0.0,0.0,0.0,0.0,True
2040,P0280,Anhui,retire,0.0,0.0,0.0,0.0,0.0,True
2040,P0280,Anhui,ccs,0.0,0.0,0.0,0.0,0.0,True
2040,P0280,Anhui,biomass,1.0,6708372.000000001,5.50086504,5.50086504,0.0,True
2040,P0280,Anhui,beccs,0.0,0.0,0.0,0.0,0.0,True
2040,P0280,Anhui,ammonia,0.0,0.0,0.0,0.0,0.0,True
2040,P0281,Xinjiang,unabated,0.0,0.0,0.0,0.0,0.0,True
2040,P0281,Xinjiang,retire,0.0,0.0,0.0,0.0,0.0,True
2040,P0281,Xinjiang,ccs,1.0,10668023.999999998,8.747779679999997,7.873001711999998,9.053951968799996,True
2040,P0281,Xinjiang,biomass,0.0,0.0,0.0,0.0,0.0,True
2040,P0281,Xinjiang,beccs,0.0,0.0,0.0,0.0,0.0,True
2040,P0281,Xinjiang,ammonia,0.0,0.0,0.0,0.0,0.0,True
2040,P0282,Shandong,unabated,0.0,0.0,0.0,0.0,0.0,True
2040,P0282,Shandong,retire,0.0,0.0,0.0,0.0,0.0,True
2040,P0282,Shandong,ccs,0.0,0.0,0.0,0.0,0.0,True
2040,P0282,Shandong,biomass,1.0,3532491.0000000005,2.89664262,2.89664262,0.0,True
2040,P0282,Shandong,beccs,0.0,0.0,0.0,0.0,0.0,True
2040,P0282,Shandong,ammonia,0.0,0.0,0.0,0.0,0.0,True
2040,P0283,Hubei,unabated,0.0,0.0,0.0,0.0,0.0,True
2040,P0283,Hubei,retire,0.0,0.0,0.0,0.0,0.0,True
2040,P0283,Hubei,ccs,0.0,0.0,0.0,0.0,0.0,True
2040,P0283,Hubei,biomass,1.0,4949472.0,4.05856704,4.05856704,0.0,True
2040,P0283,Hubei,beccs,0.0,0.0,0.0,0.0,0.0,True
2040,P0283,Hubei,ammonia,0.0,0.0,0.0,0.0,0.0,True
2040,P0284,Shandong,unabated,1.0,38377680.00000001,31.469697600000003,0.0,0.0,True
2040,P0284,Shandong,retire,0.0,0.0,0.0,0.0,0.0,True
2040,P0284,Shandong,ccs,0.0,0.0,0.0,0.0,0.0,True
2040,P0284,Shandong,biomass,0.0,0.0,0.0,0.0,0.0,True
2040,P0284,Shandong,beccs,0.0,0.0,0.0,0.0,0.0,True
2040,P0284,Shandong,ammonia,0.0,0.0,0.0,0.0,0.0,True
2040,P0285,Yunnan,unabated,0.0,0.0,0.0,0.0,0.0,True
2040,P0285,Yunnan,retire,0.0,0.0,0.0,0.0,0.0,True
2040,P0285,Yunnan,ccs,0.0,0.0,0.0,0.0,0.0,True
2040,P0285,Yunnan,biomass,1.0,5378639.999999999,4.410484799999999,4.410484799999999,0.0,True
2040,P0285,Yunnan,beccs,0.0,0.0,0.0,0.0,0.0,True
2040,P0285,Yunnan,ammonia,0.0,0.0,0.0,0.0,0.0,True
2040,P0286,Jiangxi,unabated,0.0,0.0,0.0,0.0,0.0,True
2040,P0286,Jiangxi,retire,0.0,0.0,0.0,0.0,0.0,True
2040,P0286,Jiangxi,ccs,0.0,0.0,0.0,0.0,0.0,True
2040,P0286,Jiangxi,biomass,1.0,7149600.0,5.862672,5.862672,0.0,True
2040,P0286,Jiangxi,beccs,0.0,0.0,0.0,0.0,0.0,True
2040,P0286,Jiangxi,ammonia,0.0,0.0,0.0,0.0,0.0,True
2040,P0287,Gansu,unabated,1.0,5530272.0,4.53482304,0.0,0.0,True
2040,P0287,Gansu,retire,0.0,0.0,0.0,0.0,0.0,True
2040,P0287,Gansu,ccs,0.0,0.0,0.0,0.0,0.0,True
2040,P0287,Gansu,biomass,0.0,0.0,0.0,0.0,0.0,True
2040,P0287,Gansu,beccs,0.0,0.0,0.0,0.0,0.0,True
2040,P0287,Gansu,ammonia,0.0,0.0,0.0,0.0,0.0,True
2040,P0288,Inner Mongolia,unabated,1.0,6641580.0,5.4460956,0.0,0.0,True
2040,P0288,Inner Mongolia,retire,0.0,0.0,0.0,0.0,0.0,True
2040,P0288,Inner Mongolia,ccs,0.0,0.0,0.0,0.0,0.0,True
2040,P0288,Inner Mongolia,biomass,0.0,0.0,0.0,0.0,0.0,True
2040,P0288,Inner Mongolia,beccs,0.0,0.0,0.0,0.0,0.0,True
2040,P0288,Inner Mongolia,ammonia,0.0,0.0,0.0,0.0,0.0,True
2040,P0289,Inner Mongolia,unabated,0.0,0.0,0.0,0.0,0.0,True
2040,P0289,Inner Mongolia,retire,0.0,0.0,0.0,0.0,0.0,True
2040,P0289,Inner Mongolia,ccs,0.0,0.0,0.0,0.0,0.0,True
2040,P0289,Inner Mongolia,biomass,0.0,0.0,0.0,0.0,0.0,True
2040,P0289,Inner Mongolia,beccs,1.0,2566065.0,2.1041733,3.9979292699999993,2.1778193655,True
2040,P0289,Inner Mongolia,ammonia,0.0,0.0,0.0,0.0,0.0,True
2040,P0290,Guizhou,unabated,0.29247593250728343,2582447.248521905,2.117606743787962,0.0,0.0,True
2040,P0290,Guizhou,retire,0.0,0.0,0.0,0.0,0.0,True
2040,P0290,Guizhou,ccs,0.0,0.0,0.0,0.0,0.0,True
2040,P0290,Guizhou,biomass,0.7075240674927166,6247158.751478096,5.122670176212038,5.122670176212038,0.0,True
2040,P0290,Guizhou,beccs,0.0,0.0,0.0,0.0,0.0,True
2040,P0290,Guizhou,ammonia,0.0,0.0,0.0,0.0,0.0,True
2040,P0291,Shanxi,unabated,0.0,0.0,0.0,0.0,0.0,True
2040,P0291,Shanxi,retire,0.0,0.0,0.0,0.0,0.0,True
2040,P0291,Shanxi,ccs,0.0,0.0,0.0,0.0,0.0,True
2040,P0291,Shanxi,biomass,0.0,0.0,0.0,0.0,0.0,True
2040,P0291,Shanxi,beccs,1.0,4490615.0,3.6823042999999998,6.996378169999999,3.8111849504999995,True
2040,P0291,Shanxi,ammonia,0.0,0.0,0.0,0.0,0.0,True
2040,P0292,Chongqing,unabated,0.0,0.0,0.0,0.0,0.0,True
2040,P0292,Chongqing,retire,0.0,0.0,0.0,0.0,0.0,True
2040,P0292,Chongqing,ccs,0.0,0.0,0.0,0.0,0.0,True
2040,P0292,Chongqing,biomass,1.0,2876520.0,2.3587464,2.3587464,0.0,True
2040,P0292,Chongqing,beccs,0.0,0.0,0.0,0.0,0.0,True
2040,P0292,Chongqing,ammonia,0.0,0.0,0.0,0.0,0.0,True
2040,P0293,Chongqing,unabated,0.0,0.0,0.0,0.0,0.0,True
2040,P0293,Chongqing,retire,0.0,0.0,0.0,0.0,0.0,True
2040,P0293,Chongqing,ccs,0.0,0.0,0.0,0.0,0.0,True
2040,P0293,Chongqing,biomass,0.0,0.0,0.0,0.0,0.0,True
2040,P0293,Chongqing,beccs,1.0,958840.0,0.7862488,1.49387272,0.8137675079999999,True
2040,P0293,Chongqing,ammonia,0.0,0.0,0.0,0.0,0.0,True
2040,P0294,Jiangxi,unabated,0.0,0.0,0.0,0.0,0.0,True
2040,P0294,Jiangxi,retire,0.0,0.0,0.0,0.0,0.0,True
2040,P0294,Jiangxi,ccs,0.0,0.0,0.0,0.0,0.0,True
2040,P0294,Jiangxi,biomass,1.0,6291647.999999999,5.159151359999998,5.159151359999998,0.0,True
2040,P0294,Jiangxi,beccs,0.0,0.0,0.0,0.0,0.0,True
2040,P0294,Jiangxi,ammonia,0.0,0.0,0.0,0.0,0.0,True
2040,P0295,Guangdong,unabated,0.0,0.0,0.0,0.0,0.0,True
2040,P0295,Guangdong,retire,0.0,0.0,0.0,0.0,0.0,True
2040,P0295,Guangdong,ccs,0.0,0.0,0.0,0.0,0.0,True
2040,P0295,Guangdong,biomass,0.0,0.0,0.0,0.0,0.0,True
2040,P0295,Guangdong,beccs,1.0,14857477.5,12.183131549999999,23.147949944999997,12.609541154249998,True
2040,P0295,Guangdong,ammonia,0.0,0.0,0.0,0.0,0.0,True
2040,P0296,Henan,unabated,0.0,0.0,0.0,0.0,0.0,True
2040,P0296,Henan,retire,0.0,0.0,0.0,0.0,0.0,True
2040,P0296,Henan,ccs,0.0,0.0,0.0,0.0,0.0,True
2040,P0296,Henan,biomass,1.0,14182424.0,11.62958768,11.62958768,0.0,True
2040,P0296,Henan,beccs,0.0,0.0,0.0,0.0,0.0,True
2040,P0296,Henan,ammonia,0.0,0.0,0.0,0.0,0.0,True
2040,P0297,Jiangxi,unabated,0.0,0.0,0.0,0.0,0.0,True
2040,P0297,Jiangxi,retire,0.0,0.0,0.0,0.0,0.0,True
2040,P0297,Jiangxi,ccs,0.0,0.0,0.0,0.0,0.0,True
2040,P0297,Jiangxi,biomass,0.15861426862866027,1512038.0999832926,1.2398712419862998,1.2398712419862998,0.0,True
2040,P0297,Jiangxi,beccs,0.8413857313713402,8020761.900016712,6.577024758013703,12.496347040226036,6.807220624544183,True
2040,P0297,Jiangxi,ammonia,0.0,0.0,0.0,0.0,0.0,True
2040,P0298,Xinjiang,unabated,0.0,0.0,0.0,0.0,0.0,True
2040,P0298,Xinjiang,retire,0.0,0.0,0.0,0.0,0.0,True
2040,P0298,Xinjiang,ccs,0.10445669549853971,551656.7002668879,0.4523584942188481,0.4071226447969633,0.4681910415165077,True
2040,P0298,Xinjiang,biomass,0.0,0.0,0.0,0.0,0.0,True
2040,P0298,Xinjiang,beccs,0.8955433045014606,4729543.2997331135,3.878225505781153,6.399072084538902,4.013963398483493,True
2040,P0298,Xinjiang,ammonia,0.0,0.0,0.0,0.0,0.0,True
2040,P0299,Liaoning,unabated,0.0,0.0,0.0,0.0,0.0,True
2040,P0299,Liaoning,retire,0.0,0.0,0.0,0.0,0.0,True
2040,P0299,Liaoning,ccs,0.0,0.0,0.0,0.0,0.0,True
2040,P0299,Liaoning,biomass,1.0,1612363.9999999998,1.3221384799999998,1.3221384799999998,0.0,True
2040,P0299,Liaoning,beccs,0.0,0.0,0.0,0.0,0.0,True
2040,P0299,Liaoning,ammonia,0.0,0.0,0.0,0.0,0.0,True
2040,P0300,Guangxi,unabated,0.0,0.0,0.0,0.0,0.0,True
2040,P0300,Guangxi,retire,0.0,0.0,0.0,0.0,0.0,True
2040,P0300,Guangxi,ccs,0.0,0.0,0.0,0.0,0.0,True
2040,P0300,Guangxi,biomass,0.8670509775578698,5478298.596115619,4.492204848814808,4.492204848814808,0.0,True
2040,P0300,Guangxi,beccs,0.13294902244213047,840013.4038843822,0.6888109911851934,1.3087408832518674,0.7129193758766751,True
2040,P0300,Guangxi,ammonia,0.0,0.0,0.0,0.0,0.0,True
2040,P0301,Jiangsu,unabated,0.0,0.0,0.0,0.0,0.0,True
2040,P0301,Jiangsu,retire,0.0,0.0,0.0,0.0,0.0,True
2040,P0301,Jiangsu,ccs,0.0,0.0,0.0,0.0,0.0,True
2040,P0301,Jiangsu,biomass,1.0,320992.0,0.26321344,0.26321344,0.0,True
2040,P0301,Jiangsu,beccs,0.0,0.0,0.0,0.0,0.0,True
2040,P0301,Jiangsu,ammonia,0.0,0.0,0.0,0.0,0.0,True
2040,P0302,Xinjiang,unabated,0.0,0.0,0.0,0.0,0.0,True
2040,P0302,Xinjiang,retire,0.0,0.0,0.0,0.0,0.0,True
2040,P0302,Xinjiang,ccs,1.0,3696839.9999999995,3.0314087999999995,2.7282679199999995,3.137508107999999,True
2040,P0302,Xinjiang,biomass,0.0,0.0,0.0,0.0,0.0,True
2040,P0302,Xinjiang,beccs,0.0,0.0,0.0,0.0,0.0,True
2040,P0302,Xinjiang,ammonia,0.0,0.0,0.0,0.0,0.0,True
2040,P0303,Henan,unabated,0.0,0.0,0.0,0.0,0.0,True
2040,P0303,Henan,retire,0.0,0.0,0.0,0.0,0.0,True
2040,P0303,Henan,ccs,0.0,0.0,0.0,0.0,0.0,True
2040,P0303,Henan,biomass,1.0,4679480.0,3.8371735999999994,3.8371735999999994,0.0,True
2040,P0303,Henan,beccs,0.0,0.0,0.0,0.0,0.0,True
2040,P0303,Henan,ammonia,0.0,0.0,0.0,0.0,0.0,True
2040,P0304,Inner Mongolia,unabated,0.0,0.0,0.0,0.0,0.0,True
2040,P0304,Inner Mongolia,retire,0.0,0.0,0.0,0.0,0.0,True
2040,P0304,Inner Mongolia,ccs,0.6748178196046456,339534.58593407745,0.2784183604659435,0.25057652441934913,0.2881630030822515,True
2040,P0304,Inner Mongolia,biomass,0.0,0.0,0.0,0.0,0.0,True
2040,P0304,Inner Mongolia,beccs,0.32518218039535457,163615.41406592264,0.13416463953405658,0.15428933546416504,0.13886040191774854,True
2040,P0304,Inner Mongolia,ammonia,0.0,0.0,0.0,0.0,0.0,True
2040,P0305,Inner Mongolia,unabated,1.0,1509449.9999999998,1.2377489999999998,0.0,0.0,True
2040,P0305,Inner Mongolia,retire,0.0,0.0,0.0,0.0,0.0,True
2040,P0305,Inner Mongolia,ccs,0.0,0.0,0.0,0.0,0.0,True
2040,P0305,Inner Mongolia,biomass,0.0,0.0,0.0,0.0,0.0,True
2040,P0305,Inner Mongolia,beccs,0.0,0.0,0.0,0.0,0.0,True
2040,P0305,Inner Mongolia,ammonia,0.0,0.0,0.0,0.0,0.0,True
2040,P0306,Inner Mongolia,unabated,0.37539519177955083,1246608.5989096146,1.022219051105884,0.0,0.0,True
2040,P0306,Inner Mongolia,retire,0.0,0.0,0.0,0.0,0.0,True
2040,P0306,Inner Mongolia,ccs,0.6246048082204492,2074181.4010903854,1.7008287488941158,1.5307458740047044,1.7603577551054097,True
2040,P0306,Inner Mongolia,biomass,0.0,0.0,0.0,0.0,0.0,True
2040,P0306,Inner Mongolia,beccs,0.0,0.0,0.0,0.0,0.0,True
2040,P0306,Inner Mongolia,ammonia,0.0,0.0,0.0,0.0,0.0,True
2040,P0307,Hunan,unabated,0.0,0.0,0.0,0.0,0.0,True
2040,P0307,Hunan,retire,0.0,0.0,0.0,0.0,0.0,True
2040,P0307,Hunan,ccs,0.0,0.0,0.0,0.0,0.0,True
2040,P0307,Hunan,biomass,1.0,15627600.0,12.814632,12.814632,0.0,True
2040,P0307,Hunan,beccs,0.0,0.0,0.0,0.0,0.0,True
2040,P0307,Hunan,ammonia,0.0,0.0,0.0,0.0,0.0,True
2040,P0308,Qinghai,unabated,0.0,0.0,0.0,0.0,0.0,True
2040,P0308,Qinghai,retire,0.0,0.0,0.0,0.0,0.0,True
2040,P0308,Qinghai,ccs,0.0,0.0,0.0,0.0,0.0,True
2040,P0308,Qinghai,biomass,1.0,1106190.0,0.9070757999999999,0.9070757999999999,0.0,True
2040,P0308,Qinghai,beccs,0.0,0.0,0.0,0.0,0.0,True
2040,P0308,Qinghai,ammonia,0.0,0.0,0.0,0.0,0.0,True
2040,P0309,Inner Mongolia,unabated,0.0,0.0,0.0,0.0,0.0,True
2040,P0309,Inner Mongolia,retire,0.0,0.0,0.0,0.0,0.0,True
2040,P0309,Inner Mongolia,ccs,0.050113083377519574,504287.9580279795,0.41351612558294315,0.37216451302464887,0.42798918997834606,True
2040,P0309,Inner Mongolia,biomass,0.0,0.0,0.0,0.0,0.0,True
2040,P0309,Inner Mongolia,beccs,0.9498869166224804,9558712.04197202,7.838143874417056,14.892473361392405,8.112478910021652,True
2040,P0309,Inner Mongolia,ammonia,0.0,0.0,0.0,0.0,0.0,True
2040,P0310,Shaanxi,unabated,0.0,0.0,0.0,0.0,0.0,True
2040,P0310,Shaanxi,retire,0.0,0.0,0.0,0.0,0.0,True
2040,P0310,Shaanxi,ccs,0.0,0.0,0.0,0.0,0.0,True
2040,P0310,Shaanxi,biomass,1.0,11980320.0,9.823862399999998,9.823862399999998,0.0,True
2040,P0310,Shaanxi,beccs,0.0,0.0,0.0,0.0,0.0,True
2040,P0310,Shaanxi,ammonia,0.0,0.0,0.0,0.0,0.0,True
2040,P0311,Hunan,unabated,0.0,0.0,0.0,0.0,0.0,True
2040,P0311,Hunan,retire,0.0,0.0,0.0,0.0,0.0,True
2040,P0311,Hunan,ccs,0.0,0.0,0.0,0.0,0.0,True
2040,P0311,Hunan,biomass,1.0,5157108.0,4.228828559999999,4.228828559999999,0.0,True
2040,P0311,Hunan,beccs,0.0,0.0,0.0,0.0,0.0,True
2040,P0311,Hunan,ammonia,0.0,0.0,0.0,0.0,0.0,True
2040,P0312,Shanxi,unabated,0.0,0.0,0.0,0.0,0.0,True
2040,P0312,Shanxi,retire,0.0,0.0,0.0,0.0,0.0,True
2040,P0312,Shanxi,ccs,0.0,0.0,0.0,0.0,0.0,True
2040,P0312,Shanxi,biomass,1.0,2777700.0,2.277714,2.277714,0.0,True
2040,P0312,Shanxi,beccs,0.0,0.0,0.0,0.0,0.0,True
2040,P0312,Shanxi,ammonia,0.0,0.0,0.0,0.0,0.0,True
2040,P0313,Xinjiang,unabated,0.0,0.0,0.0,0.0,0.0,True
2040,P0313,Xinjiang,retire,0.0,0.0,0.0,0.0,0.0,True
2040,P0313,Xinjiang,ccs,1.0,4224959.999999999,3.464467199999999,3.1180204799999993,3.585723551999999,True
2040,P0313,Xinjiang,biomass,0.0,0.0,0.0,0.0,0.0,True
2040,P0313,Xinjiang,beccs,0.0,0.0,0.0,0.0,0.0,True
2040,P0313,Xinjiang,ammonia,0.0,0.0,0.0,0.0,0.0,True
2040,P0314,Inner Mongolia,unabated,0.20350974781314224,1228751.15534619,1.0075759473838757,0.0,0.0,True
2040,P0314,Inner Mongolia,retire,0.0,0.0,0.0,0.0,0.0,True
2040,P0314,Inner Mongolia,ccs,0.0,0.0,0.0,0.0,0.0,True
2040,P0314,Inner Mongolia,biomass,0.7964902521868569,4809048.844653804,3.9434200526161187,3.9434200526161187,0.0,True
2040,P0314,Inner Mongolia,beccs,0.0,0.0,0.0,0.0,0.0,True
2040,P0314,Inner Mongolia,ammonia,0.0,0.0,0.0,0.0,0.0,True
2040,P0315,Jiangxi,unabated,1.0,22974048.0,18.83871936,0.0,0.0,True
2040,P0315,Jiangxi,retire,0.0,0.0,0.0,0.0,0.0,True
2040,P0315,Jiangxi,ccs,0.0,0.0,0.0,0.0,0.0,True
2040,P0315,Jiangxi,biomass,0.0,0.0,0.0,0.0,0.0,True
2040,P0315,Jiangxi,beccs,0.0,0.0,0.0,0.0,0.0,True
2040,P0315,Jiangxi,ammonia,0.0,0.0,0.0,0.0,0.0,True
2040,P0316,Chongqing,unabated,0.0,0.0,0.0,0.0,0.0,True
2040,P0316,Chongqing,retire,0.0,0.0,0.0,0.0,0.0,True
2040,P0316,Chongqing,ccs,0.0,0.0,0.0,0.0,0.0,True
2040,P0316,Chongqing,biomass,1.0,5753040.0,4.7174928,4.7174928,0.0,True
2040,P0316,Chongqing,beccs,0.0,0.0,0.0,0.0,0.0,True
2040,P0316,Chongqing,ammonia,0.0,0.0,0.0,0.0,0.0,True
2040,P0317,Jiangsu,unabated,0.0,0.0,0.0,0.0,0.0,True
2040,P0317,Jiangsu,retire,0.0,0.0,0.0,0.0,0.0,True
2040,P0317,Jiangsu,ccs,0.0,0.0,0.0,0.0,0.0,True
2040,P0317,Jiangsu,biomass,0.0,0.0,0.0,0.0,0.0,True
2040,P0317,Jiangsu,beccs,1.0,6871235.0,5.6344126999999995,10.705384129999999,5.831617144499999,True
2040,P0317,Jiangsu,ammonia,0.0,0.0,0.0,0.0,0.0,True
2040,P0318,Jilin,unabated,0.0,0.0,0.0,0.0,0.0,True
2040,P0318,Jilin,retire,0.0,0.0,0.0,0.0,0.0,True
2040,P0318,Jilin,ccs,0.0,0.0,0.0,0.0,0.0,True
2040,P0318,Jilin,biomass,1.0,1991770.0000000002,1.6332514000000002,1.6332514000000002,0.0,True
2040,P0318,Jilin,beccs,0.0,0.0,0.0,0.0,0.0,True
2040,P0318,Jilin,ammonia,0.0,0.0,0.0,0.0,0.0,True
2040,P0319,Inner Mongolia,unabated,1.0,3522049.9999999995,2.8880809999999997,0.0,0.0,True
2040,P0319,Inner Mongolia,retire,0.0,0.0,0.0,0.0,0.0,True
2040,P0319,Inner Mongolia,ccs,0.0,0.0,0.0,0.0,0.0,True
2040,P0319,Inner Mongolia,biomass,0.0,0.0,0.0,0.0,0.0,True
2040,P0319,Inner Mongolia,beccs,0.0,0.0,0.0,0.0,0.0,True
2040,P0319,Inner Mongolia,ammonia,0.0,0.0,0.0,0.0,0.0,True
2040,P0320,Guizhou,unabated,0.0,0.0,0.0,0.0,0.0,True
2040,P0320,Guizhou,retire,0.0,0.0,0.0,0.0,0.0,True
2040,P0320,Guizhou,ccs,0.0,0.0,0.0,0.0,0.0,True
2040,P0320,Guizhou,biomass,1.0,1424130.0,1.1677866,1.1677866,0.0,True
2040,P0320,Guizhou,beccs,0.0,0.0,0.0,0.0,0.0,True
2040,P0320,Guizhou,ammonia,0.0,0.0,0.0,0.0,0.0,True
2040,P0321,Jilin,unabated,0.0,0.0,0.0,0.0,0.0,True
2040,P0321,Jilin,retire,0.0,0.0,0.0,0.0,0.0,True
2040,P0321,Jilin,ccs,0.0,0.0,0.0,0.0,0.0,True
2040,P0321,Jilin,biomass,1.0,2390124.0000000005,1.9599016800000002,1.9599016800000002,0.0,True
2040,P0321,Jilin,beccs,0.0,0.0,0.0,0.0,0.0,True
2040,P0321,Jilin,ammonia,0.0,0.0,0.0,0.0,0.0,True
2040,P0322,Xinjiang,unabated,0.0,0.0,0.0,0.0,0.0,True
2040,P0322,Xinjiang,retire,0.0,0.0,0.0,0.0,0.0,True
2040,P0322,Xinjiang,ccs,1.0,3696839.9999999995,3.0314087999999995,2.7282679199999995,3.137508107999999,True
2040,P0322,Xinjiang,biomass,0.0,0.0,0.0,0.0,0.0,True
2040,P0322,Xinjiang,beccs,0.0,0.0,0.0,0.0,0.0,True
2040,P0322,Xinjiang,ammonia,0.0,0.0,0.0,0.0,0.0,True
2040,P0323,Henan,unabated,0.0,0.0,0.0,0.0,0.0,True
2040,P0323,Henan,retire,0.0,0.0,0.0,0.0,0.0,True
2040,P0323,Henan,ccs,0.0,0.0,0.0,0.0,0.0,True
2040,P0323,Henan,biomass,1.0,14398400.0,11.806688,11.806688,0.0,True
2040,P0323,Henan,beccs,0.0,0.0,0.0,0.0,0.0,True
2040,P0323,Henan,ammonia,0.0,0.0,0.0,0.0,0.0,True
2040,P0324,Shaanxi,unabated,0.0,0.0,0.0,0.0,0.0,True
2040,P0324,Shaanxi,retire,0.0,0.0,0.0,0.0,0.0,True
2040,P0324,Shaanxi,ccs,0.0,0.0,0.0,0.0,0.0,True
2040,P0324,Shaanxi,biomass,0.06666666666666667,962056.0,0.7888859199999999,0.7888859199999999,0.0,True
2040,P0324,Shaanxi,beccs,0.9333333333333333,13468784.0,11.044402879999998,20.984365471999997,11.430956980799998,True
2040,P0324,Shaanxi,ammonia,0.0,0.0,0.0,0.0,0.0,True
2040,P0325,Zhejiang,unabated,0.0,0.0,0.0,0.0,0.0,True
2040,P0325,Zhejiang,retire,0.0,0.0,0.0,0.0,0.0,True
2040,P0325,Zhejiang,ccs,0.0,0.0,0.0,0.0,0.0,True
2040,P0325,Zhejiang,biomass,0.0,0.0,0.0,0.0,0.0,True
2040,P0325,Zhejiang,beccs,1.0,5529764.7,4.534407054,8.6153734026,4.693111300889999,True
2040,P0325,Zhejiang,ammonia,0.0,0.0,0.0,0.0,0.0,True
2040,P0326,Zhejiang,unabated,1.0,37944481.5,31.11447483,0.0,0.0,True
2040,P0326,Zhejiang,retire,0.0,0.0,0.0,0.0,0.0,True
2040,P0326,Zhejiang,ccs,0.0,0.0,0.0,0.0,0.0,True
2040,P0326,Zhejiang,biomass,0.0,0.0,0.0,0.0,0.0,True
2040,P0326,Zhejiang,beccs,0.0,0.0,0.0,0.0,0.0,True
2040,P0326,Zhejiang,ammonia,0.0,0.0,0.0,0.0,0.0,True
2040,P0327,Chongqing,unabated,0.0,0.0,0.0,0.0,0.0,True
2040,P0327,Chongqing,retire,0.0,0.0,0.0,0.0,0.0,True
2040,P0327,Chongqing,ccs,0.0,0.0,0.0,0.0,0.0,True
2040,P0327,Chongqing,biomass,1.0,13711412.0,11.24335784,11.24335784,0.0,True
2040,P0327,Chongqing,beccs,0.0,0.0,0.0,0.0,0.0,True
2040,P0327,Chongqing,ammonia,0.0,0.0,0.0,0.0,0.0,True
2040,P0328,Inner Mongolia,unabated,0.05299676845750578,631968.1799706386,0.5182139075759237,0.0,0.0,True
2040,P0328,Inner Mongolia,retire,0.0,0.0,0.0,0.0,0.0,True
2040,P0328,Inner Mongolia,ccs,0.01185717475826236,141392.71826698704,0.11594202897892937,0.10434782608103645,0.11999999999319189,True
2040,P0328,Inner Mongolia,biomass,0.0,0.0,0.0,0.0,0.0,True
2040,P0328,Inner Mongolia,beccs,0.9351460567842319,11151294.101762375,9.144061163445146,17.373716210545776,9.464103304165727,True
2040,P0328,Inner Mongolia,ammonia,0.0,0.0,0.0,0.0,0.0,True
2040,P0329,Xinjiang,unabated,0.0,0.0,0.0,0.0,0.0,True
2040,P0329,Xinjiang,retire,0.0,0.0,0.0,0.0,0.0,True
2040,P0329,Xinjiang,ccs,0.0,0.0,0.0,0.0,0.0,True
2040,P0329,Xinjiang,biomass,1.0,528119.9999999999,0.4330583999999999,0.4330583999999999,0.0,True
2040,P0329,Xinjiang,beccs,0.0,0.0,0.0,0.0,0.0,True
2040,P0329,Xinjiang,ammonia,0.0,0.0,0.0,0.0,0.0,True
2040,P0330,Gansu,unabated,0.8611283255650617,21646699.396724295,17.750293505313923,0.0,0.0,True
2040,P0330,Gansu,retire,0.0,0.0,0.0,0.0,0.0,True
2040,P0330,Gansu,ccs,0.13887167443493834,3490900.603275706,2.862538494686079,2.5762846452174712,2.9627273420000915,True
2040,P0330,Gansu,biomass,0.0,0.0,0.0,0.0,0.0,True
2040,P0330,Gansu,beccs,0.0,0.0,0.0,0.0,0.0,True
2040,P0330,Gansu,ammonia,0.0,0.0,0.0,0.0,0.0,True
2040,P0331,Guangdong,unabated,1.0,25414742.0,20.84008844,0.0,0.0,True
2040,P0331,Guangdong,retire,0.0,0.0,0.0,0.0,0.0,True
2040,P0331,Guangdong,ccs,0.0,0.0,0.0,0.0,0.0,True
2040,P0331,Guangdong,biomass,0.0,0.0,0.0,0.0,0.0,True
2040,P0331,Guangdong,beccs,0.0,0.0,0.0,0.0,0.0,True
2040,P0331,Guangdong,ammonia,0.0,0.0,0.0,0.0,0.0,True
2040,P0332,Hebei,unabated,0.015706261963619572,268696.19586862676,0.22033088061227393,0.0,0.0,True
2040,P0332,Hebei,retire,0.0,0.0,0.0,0.0,0.0,True
2040,P0332,Hebei,ccs,0.0,0.0,0.0,0.0,0.0,True
2040,P0332,Hebei,biomass,0.020053718400387978,343070.672046983,0.28131795107852603,0.28131795107852603,0.0,True
2040,P0332,Hebei,beccs,0.9642400196359925,16495817.13208439,13.5265700483092,25.700483091787476,14.0,True
2040,P0332,Hebei,ammonia,0.0,0.0,0.0,0.0,0.0,True
2040,P0333,Guangdong,unabated,0.0,0.0,0.0,0.0,0.0,True
2040,P0333,Guangdong,retire,0.0,0.0,0.0,0.0,0.0,True
2040,P0333,Guangdong,ccs,0.0,0.0,0.0,0.0,0.0,True
2040,P0333,Guangdong,biomass,0.0,0.0,0.0,0.0,0.0,True
2040,P0333,Guangdong,beccs,1.0,15675001.14,12.8535009348,24.421651776119997,13.303373467517998,True
2040,P0333,Guangdong,ammonia,0.0,0.0,0.0,0.0,0.0,True
2040,P0334,Hebei,unabated,0.0,0.0,0.0,0.0,0.0,True
2040,P0334,Hebei,retire,0.0,0.0,0.0,0.0,0.0,True
2040,P0334,Hebei,ccs,0.0,0.0,0.0,0.0,0.0,True
2040,P0334,Hebei,biomass,1.0,3118570.0,2.5572274,2.5572274,0.0,True
2040,P0334,Hebei,beccs,0.0,0.0,0.0,0.0,0.0,True
2040,P0334,Hebei,ammonia,0.0,0.0,0.0,0.0,0.0,True
2040,P0335,Hubei,unabated,0.0,0.0,0.0,0.0,0.0,True
2040,P0335,Hubei,retire,0.0,0.0,0.0,0.0,0.0,True
2040,P0335,Hubei,ccs,0.0,0.0,0.0,0.0,0.0,True
2040,P0335,Hubei,biomass,1.0,17248159.999999996,14.143491199999996,14.143491199999996,0.0,True
2040,P0335,Hubei,beccs,0.0,0.0,0.0,0.0,0.0,True
2040,P0335,Hubei,ammonia,0.0,0.0,0.0,0.0,0.0,True
2040,P0336,Inner Mongolia,unabated,1.0,10063000.0,8.25166,0.0,0.0,True
2040,P0336,Inner Mongolia,retire,0.0,0.0,0.0,0.0,0.0,True
2040,P0336,Inner Mongolia,ccs,0.0,0.0,0.0,0.0,0.0,True
2040,P0336,Inner Mongolia,biomass,0.0,0.0,0.0,0.0,0.0,True
2040,P0336,Inner Mongolia,beccs,0.0,0.0,0.0,0.0,0.0,True
2040,P0336,Inner Mongolia,ammonia,0.0,0.0,0.0,0.0,0.0,True
2040,P0337,Guizhou,unabated,0.0,0.0,0.0,0.0,0.0,True
2040,P0337,Guizhou,retire,0.0,0.0,0.0,0.0,0.0,True
2040,P0337,Guizhou,ccs,0.0,0.0,0.0,0.0,0.0,True
2040,P0337,Guizhou,biomass,1.0,3322970.0,2.7248354,2.7248354,0.0,True
2040,P0337,Guizhou,beccs,0.0,0.0,0.0,0.0,0.0,True
2040,P0337,Guizhou,ammonia,0.0,0.0,0.0,0.0,0.0,True
2040,P0338,Guangxi,unabated,0.0,0.0,0.0,0.0,0.0,True
2040,P0338,Guangxi,retire,0.0,0.0,0.0,0.0,0.0,True
2040,P0338,Guangxi,ccs,0.0,0.0,0.0,0.0,0.0,True
2040,P0338,Guangxi,biomass,1.0,2871960.0,2.3550071999999997,2.3550071999999997,0.0,True
2040,P0338,Guangxi,beccs,0.0,0.0,0.0,0.0,0.0,True
2040,P0338,Guangxi,ammonia,0.0,0.0,0.0,0.0,0.0,True
2040,P0339,Hainan,unabated,0.0,0.0,0.0,0.0,0.0,True
2040,P0339,Hainan,retire,0.0,0.0,0.0,0.0,0.0,True
2040,P0339,Hainan,ccs,0.0,0.0,0.0,0.0,0.0,True
2040,P0339,Hainan,biomass,0.0,0.0,0.0,0.0,0.0,True
2040,P0339,Hainan,beccs,1.0,3320394.0,2.7227230799999997,5.173173852,2.8180183877999996,True
2040,P0339,Hainan,ammonia,0.0,0.0,0.0,0.0,0.0,True
2040,P0340,Inner Mongolia,unabated,1.0,18817810.0,15.4306042,0.0,0.0,True
2040,P0340,Inner Mongolia,retire,0.0,0.0,0.0,0.0,0.0,True
2040,P0340,Inner Mongolia,ccs,0.0,0.0,0.0,0.0,0.0,True
2040,P0340,Inner Mongolia,biomass,0.0,0.0,0.0,0.0,0.0,True
2040,P0340,Inner Mongolia,beccs,0.0,0.0,0.0,0.0,0.0,True
2040,P0340,Inner Mongolia,ammonia,0.0,0.0,0.0,0.0,0.0,True
2040,P0341,Hebei,unabated,0.0,0.0,0.0,0.0,0.0,True
2040,P0341,Hebei,retire,0.0,0.0,0.0,0.0,0.0,True
2040,P0341,Hebei,ccs,0.0,0.0,0.0,0.0,0.0,True
2040,P0341,Hebei,biomass,1.0,445510.0,0.3653181999999999,0.3653181999999999,0.0,True
2040,P0341,Hebei,beccs,0.0,0.0,0.0,0.0,0.0,True
2040,P0341,Hebei,ammonia,0.0,0.0,0.0,0.0,0.0,True
2040,P0342,Zhejiang,unabated,0.04103843277907915,1194861.7944203136,0.979786671424657,0.0,0.0,True
2040,P0342,Zhejiang,retire,0.0,0.0,0.0,0.0,0.0,True
2040,P0342,Zhejiang,ccs,0.0,0.0,0.0,0.0,0.0,True
2040,P0342,Zhejiang,biomass,0.0,0.0,0.0,0.0,0.0,True
2040,P0342,Zhejiang,beccs,0.9589615672209193,27920816.205579642,22.895069288575304,37.77686432614925,23.696396713675437,True
2040,P0342,Zhejiang,ammonia,0.0,0.0,0.0,0.0,0.0,True
2040,P0343,Hunan,unabated,0.0,0.0,0.0,0.0,0.0,True
2040,P0343,Hunan,retire,0.0,0.0,0.0,0.0,0.0,True
2040,P0343,Hunan,ccs,0.0,0.0,0.0,0.0,0.0,True
2040,P0343,Hunan,biomass,1.0,15315048.0,12.55833936,12.55833936,0.0,True
2040,P0343,Hunan,beccs,0.0,0.0,0.0,0.0,0.0,True
2040,P0343,Hunan,ammonia,0.0,0.0,0.0,0.0,0.0,True
2040,P0344,Xinjiang,unabated,0.0,0.0,0.0,0.0,0.0,True
2040,P0344,Xinjiang,retire,0.0,0.0,0.0,0.0,0.0,True
2040,P0344,Xinjiang,ccs,1.0,20913551.999999996,17.14911264,15.434201375999999,17.749331582399996,True
2040,P0344,Xinjiang,biomass,0.0,0.0,0.0,0.0,0.0,True
2040,P0344,Xinjiang,beccs,0.0,0.0,0.0,0.0,0.0,True
2040,P0344,Xinjiang,ammonia,0.0,0.0,0.0,0.0,0.0,True
2040,P0345,Gansu,unabated,1.0,8379200.0,6.870944,0.0,0.0,True
2040,P0345,Gansu,retire,0.0,0.0,0.0,0.0,0.0,True
2040,P0345,Gansu,ccs,0.0,0.0,0.0,0.0,0.0,True
2040,P0345,Gansu,biomass,0.0,0.0,0.0,0.0,0.0,True
2040,P0345,Gansu,beccs,0.0,0.0,0.0,0.0,0.0,True
2040,P0345,Gansu,ammonia,0.0,0.0,0.0,0.0,0.0,True
2040,P0346,Inner Mongolia,unabated,0.6393818380115416,16921681.516443677,13.875778843483813,0.0,0.0,True
2040,P0346,Inner Mongolia,retire,0.0,0.0,0.0,0.0,0.0,True
2040,P0346,Inner Mongolia,ccs,0.3606181619884585,9544008.483556326,7.8260869565161855,7.043478260864568,8.1,True
2040,P0346,Inner Mongolia,biomass,0.0,0.0,0.0,0.0,0.0,True
2040,P0346,Inner Mongolia,beccs,0.0,0.0,0.0,0.0,0.0,True
2040,P0346,Inner Mongolia,ammonia,0.0,0.0,0.0,0.0,0.0,True
2040,P0347,Ningxia,unabated,1.0,3777884.0,3.09786488,0.0,0.0,True
2040,P0347,Ningxia,retire,0.0,0.0,0.0,0.0,0.0,True
2040,P0347,Ningxia,ccs,0.0,0.0,0.0,0.0,0.0,True
2040,P0347,Ningxia,biomass,0.0,0.0,0.0,0.0,0.0,True
2040,P0347,Ningxia,beccs,0.0,0.0,0.0,0.0,0.0,True
2040,P0347,Ningxia,ammonia,0.0,0.0,0.0,0.0,0.0,True
2040,P0348,Jiangsu,unabated,0.0,0.0,0.0,0.0,0.0,True
2040,P0348,Jiangsu,retire,0.0,0.0,0.0,0.0,0.0,True
2040,P0348,Jiangsu,ccs,0.0,0.0,0.0,0.0,0.0,True
2040,P0348,Jiangsu,biomass,0.0,0.0,0.0,0.0,0.0,True
2040,P0348,Jiangsu,beccs,1.0,25729515.0,21.098202299999997,40.08658436999999,21.836639380499996,True
2040,P0348,Jiangsu,ammonia,0.0,0.0,0.0,0.0,0.0,True
2040,P0349,Guangdong,unabated,0.0,0.0,0.0,0.0,0.0,True
2040,P0349,Guangdong,retire,0.0,0.0,0.0,0.0,0.0,True
2040,P0349,Guangdong,ccs,0.0,0.0,0.0,0.0,0.0,True
2040,P0349,Guangdong,biomass,0.0,0.0,0.0,0.0,0.0,True
2040,P0349,Guangdong,beccs,1.0,6281210.0,5.150592199999999,9.786125179999997,4.975472065199999,True
2040,P0349,Guangdong,ammonia,0.0,0.0,0.0,0.0,0.0,True
2040,P0350,Guangxi,unabated,0.0,0.0,0.0,0.0,0.0,True
2040,P0350,Guangxi,retire,0.0,0.0,0.0,0.0,0.0,True
2040,P0350,Guangxi,ccs,0.0,0.0,0.0,0.0,0.0,True
2040,P0350,Guangxi,biomass,1.0,622258.0,0.51025156,0.51025156,0.0,True
2040,P0350,Guangxi,beccs,0.0,0.0,0.0,0.0,0.0,True
2040,P0350,Guangxi,ammonia,0.0,0.0,0.0,0.0,0.0,True
2050,P0001,Fujian,unabated,0.016174695117349716,1016534.4930754425,0.8335582843218627,0.0,0.0,True
2050,P0001,Fujian,retire,0.5316215645015139,33410933.167998318,27.396965197758618,27.396965197758618,0.0,True
2050,P0001,Fujian,ccs,0.0,0.0,0.0,0.0,0.0,True
2050,P0001,Fujian,biomass,0.0007474983460204906,46978.187021999125,0.03852211335803928,0.03852211335803928,0.0,True
2050,P0001,Fujian,beccs,0.4514562420351159,28372766.15190424,23.265668244561475,44.204769664666806,24.079966633121124,True
2050,P0001,Fujian,ammonia,0.0,0.0,0.0,0.0,0.0,True
2050,P0002,Shanxi,unabated,1.0,64951884.99999999,53.26054569999999,0.0,0.0,True
2050,P0002,Shanxi,retire,0.0,0.0,0.0,0.0,0.0,True
2050,P0002,Shanxi,ccs,0.0,0.0,0.0,0.0,0.0,True
2050,P0002,Shanxi,biomass,0.0,0.0,0.0,0.0,0.0,True
2050,P0002,Shanxi,beccs,0.0,0.0,0.0,0.0,0.0,True
2050,P0002,Shanxi,ammonia,0.0,0.0,0.0,0.0,0.0,True
2050,P0003,Chongqing,unabated,0.0,0.0,0.0,0.0,0.0,True
2050,P0003,Chongqing,retire,0.0,0.0,0.0,0.0,0.0,True
2050,P0003,Chongqing,ccs,0.0,0.0,0.0,0.0,0.0,True
2050,P0003,Chongqing,biomass,0.0,0.0,0.0,0.0,0.0,True
2050,P0003,Chongqing,beccs,1.0,32432763.0,26.59486566,50.530244753999995,25.69064022756,True
2050,P0003,Chongqing,ammonia,0.0,0.0,0.0,0.0,0.0,True
2050,P0004,Inner Mongolia,unabated,0.0,0.0,0.0,0.0,0.0,True
2050,P0004,Inner Mongolia,retire,0.0,0.0,0.0,0.0,0.0,True
2050,P0004,Inner Mongolia,ccs,0.5689641119121603,6183524.726825835,5.070490275997184,4.563441248397466,5.247957435657085,True
2050,P0004,Inner Mongolia,biomass,0.0,0.0,0.0,0.0,0.0,True
2050,P0004,Inner Mongolia,beccs,0.4310358880878399,4684515.273174168,3.841302524002817,7.298474795605352,3.975748112342915,True
2050,P0004,Inner Mongolia,ammonia,0.0,0.0,0.0,0.0,0.0,True
2050,P0005,Sichuan,unabated,0.0,0.0,0.0,0.0,0.0,True
2050,P0005,Sichuan,retire,0.0,0.0,0.0,0.0,0.0,True
2050,P0005,Sichuan,ccs,0.0,0.0,0.0,0.0,0.0,True
2050,P0005,Sichuan,biomass,0.09392859146533364,1766932.6262061843,1.4488847534890712,1.4488847534890712,0.0,True
2050,P0005,Sichuan,beccs,0.9060714085346666,17044513.373793818,13.97650096651093,26.555351836370765,13.501299933649554,True
2050,P0005,Sichuan,ammonia,0.0,0.0,0.0,0.0,0.0,True
2050,P0006,Hebei,unabated,0.0,0.0,0.0,0.0,0.0,True
2050,P0006,Hebei,retire,1.0,22899214.0,18.77735548,18.77735548,0.0,True
2050,P0006,Hebei,ccs,0.0,0.0,0.0,0.0,0.0,True
2050,P0006,Hebei,biomass,0.0,0.0,0.0,0.0,0.0,True
2050,P0006,Hebei,beccs,0.0,0.0,0.0,0.0,0.0,True
2050,P0006,Hebei,ammonia,0.0,0.0,0.0,0.0,0.0,True
2050,P0007,Hebei,unabated,0.0,0.0,0.0,0.0,0.0,True
2050,P0007,Hebei,retire,1.0,38741549.6,31.768070671999997,31.768070671999997,0.0,True
2050,P0007,Hebei,ccs,0.0,0.0,0.0,0.0,0.0,True
2050,P0007,Hebei,biomass,0.0,0.0,0.0,0.0,0.0,True
2050,P0007,Hebei,beccs,0.0,0.0,0.0,0.0,0.0,True
2050,P0007,Hebei,ammonia,0.0,0.0,0.0,0.0,0.0,True
2050,P0008,Shandong,unabated,0.0,0.0,0.0,0.0,0.0,True
2050,P0008,Shandong,retire,0.0,0.0,0.0,0.0,0.0,True
2050,P0008,Shandong,ccs,0.0,0.0,0.0,0.0,0.0,True
2050,P0008,Shandong,biomass,0.0,0.0,0.0,0.0,0.0,True
2050,P0008,Shandong,beccs,1.0,11931969.600000001,9.784215072,18.5900086368,9.451551759551998,True
2050,P0008,Shandong,ammonia,0.0,0.0,0.0,0.0,0.0,True
2050,P0009,Inner Mongolia,unabated,0.0,0.0,0.0,0.0,0.0,True
2050,P0009,Inner Mongolia,retire,1.0,107372210.0,88.0452122,88.0452122,0.0,True
2050,P0009,Inner Mongolia,ccs,0.0,0.0,0.0,0.0,0.0,True
2050,P0009,Inner Mongolia,biomass,0.0,0.0,0.0,0.0,0.0,True
2050,P0009,Inner Mongolia,beccs,0.0,0.0,0.0,0.0,0.0,True
2050,P0009,Inner Mongolia,ammonia,0.0,0.0,0.0,0.0,0.0,True
2050,P0010,Yunnan,unabated,0.0,0.0,0.0,0.0,0.0,True
2050,P0010,Yunnan,retire,0.0,0.0,0.0,0.0,0.0,True
2050,P0010,Yunnan,ccs,0.0,0.0,0.0,0.0,0.0,True
2050,P0010,Yunnan,biomass,1.0,16673783.999999998,13.672502879999998,13.672502879999998,0.0,True
2050,P0010,Yunnan,beccs,0.0,0.0,0.0,0.0,0.0,True
2050,P0010,Yunnan,ammonia,0.0,0.0,0.0,0.0,0.0,True
2050,P0011,Guangdong,unabated,0.0,0.0,0.0,0.0,0.0,True
2050,P0011,Guangdong,retire,1.0,41214401.0,33.79580882,33.79580882,0.0,True
2050,P0011,Guangdong,ccs,0.0,0.0,0.0,0.0,0.0,True
2050,P0011,Guangdong,biomass,0.0,0.0,0.0,0.0,0.0,True
2050,P0011,Guangdong,beccs,0.0,0.0,0.0,0.0,0.0,True
2050,P0011,Guangdong,ammonia,0.0,0.0,0.0,0.0,0.0,True
2050,P0012,Liaoning,unabated,0.0,0.0,0.0,0.0,0.0,True
2050,P0012,Liaoning,retire,0.0,0.0,0.0,0.0,0.0,True
2050,P0012,Liaoning,ccs,0.0,0.0,0.0,0.0,0.0,True
2050,P0012,Liaoning,biomass,1.0,17363920.0,14.238414399999998,14.238414399999998,0.0,True
2050,P0012,Liaoning,beccs,0.0,0.0,0.0,0.0,0.0,True
2050,P0012,Liaoning,ammonia,0.0,0.0,0.0,0.0,0.0,True
2050,P0013,Shanxi,unabated,0.0,0.0,0.0,0.0,0.0,True
2050,P0013,Shanxi,retire,1.0,81340315.0,66.69905829999999,66.69905829999999,0.0,True
2050,P0013,Shanxi,ccs,0.0,0.0,0.0,0.0,0.0,True
2050,P0013,Shanxi,biomass,0.0,0.0,0.0,0.0,0.0,True
2050,P0013,Shanxi,beccs,0.0,0.0,0.0,0.0,0.0,True
2050,P0013,Shanxi,ammonia,0.0,0.0,0.0,0.0,0.0,True
2050,P0014,Guangdong,unabated,0.0,0.0,0.0,0.0,0.0,True
2050,P0014,Guangdong,retire,0.0,0.0,0.0,0.0,0.0,True
2050,P0014,Guangdong,ccs,0.0,0.0,0.0,0.0,0.0,True
2050,P0014,Guangdong,biomass,0.0,0.0,0.0,0.0,0.0,True
2050,P0014,Guangdong,beccs,1.0,11885982.0,9.74650524,18.518359955999998,9.415124061839999,True
2050,P0014,Guangdong,ammonia,0.0,0.0,0.0,0.0,0.0,True
2050,P0015,Hunan,unabated,0.0,0.0,0.0,0.0,0.0,True
2050,P0015,Hunan,retire,0.0,0.0,0.0,0.0,0.0,True
2050,P0015,Hunan,ccs,0.0,0.0,0.0,0.0,0.0,True
2050,P0015,Hunan,biomass,1.0,9884457.0,8.10525474,8.10525474,0.0,True
2050,P0015,Hunan,beccs,0.0,0.0,0.0,0.0,0.0,True
2050,P0015,Hunan,ammonia,0.0,0.0,0.0,0.0,0.0,True
2050,P0016,Hubei,unabated,0.0,0.0,0.0,0.0,0.0,True
2050,P0016,Hubei,retire,0.0,0.0,0.0,0.0,0.0,True
2050,P0016,Hubei,ccs,0.0,0.0,0.0,0.0,0.0,True
2050,P0016,Hubei,biomass,1.0,31796607.999999996,26.073218559999994,26.073218559999994,0.0,True
2050,P0016,Hubei,beccs,0.0,0.0,0.0,0.0,0.0,True
2050,P0016,Hubei,ammonia,0.0,0.0,0.0,0.0,0.0,True
2050,P0017,Jiangsu,unabated,0.03798472724432134,1775575.5632830888,1.455971961892133,0.0,0.0,True
2050,P0017,Jiangsu,retire,0.3190445995950776,14913567.52398812,12.229125369670259,12.229125369670259,0.0,True
2050,P0017,Jiangsu,ccs,0.0,0.0,0.0,0.0,0.0,True
2050,P0017,Jiangsu,biomass,0.03350717267356918,1566274.6927527476,1.284345248057253,1.284345248057253,0.0,True
2050,P0017,Jiangsu,beccs,0.6094635004870319,28489042.219976045,23.361014620380356,44.385927778722674,24.17865013209366,True
2050,P0017,Jiangsu,ammonia,0.0,0.0,0.0,0.0,0.0,True
2050,P0018,Jilin,unabated,0.0,0.0,0.0,0.0,0.0,True
2050,P0018,Jilin,retire,0.0,0.0,0.0,0.0,0.0,True
2050,P0018,Jilin,ccs,0.0,0.0,0.0,0.0,0.0,True
2050,P0018,Jilin,biomass,1.0,3838684.0,3.14772088,3.14772088,0.0,True
2050,P0018,Jilin,beccs,0.0,0.0,0.0,0.0,0.0,True
2050,P0018,Jilin,ammonia,0.0,0.0,0.0,0.0,0.0,True
2050,P0019,Hunan,unabated,0.0,0.0,0.0,0.0,0.0,True
2050,P0019,Hunan,retire,0.0,0.0,0.0,0.0,0.0,True
2050,P0019,Hunan,ccs,0.0,0.0,0.0,0.0,0.0,True
2050,P0019,Hunan,biomass,1.0,15119703.0,12.39815646,12.39815646,0.0,True
2050,P0019,Hunan,beccs,0.0,0.0,0.0,0.0,0.0,True
2050,P0019,Hunan,ammonia,0.0,0.0,0.0,0.0,0.0,True
2050,P0020,Zhejiang,unabated,0.0,0.0,0.0,0.0,0.0,True
2050,P0020,Zhejiang,retire,1.0,67514054.1,55.36152436199999,55.36152436199999,0.0,True
2050,P0020,Zhejiang,ccs,0.0,0.0,0.0,0.0,0.0,True
2050,P0020,Zhejiang,biomass,0.0,0.0,0.0,0.0,0.0,True
2050,P0020,Zhejiang,beccs,0.0,0.0,0.0,0.0,0.0,True
2050,P0020,Zhejiang,ammonia,0.0,0.0,0.0,0.0,0.0,True
2050,P0021,Shandong,unabated,0.0,0.0,0.0,0.0,0.0,True
2050,P0021,Shandong,retire,1.0,45246412.50000001,37.102058250000006,37.102058250000006,0.0,True
2050,P0021,Shandong,ccs,0.0,0.0,0.0,0.0,0.0,True
2050,P0021,Shandong,biomass,0.0,0.0,0.0,0.0,0.0,True
2050,P0021,Shandong,beccs,0.0,0.0,0.0,0.0,0.0,True
2050,P0021,Shandong,ammonia,0.0,0.0,0.0,0.0,0.0,True
2050,P0022,Shandong,unabated,0.0,0.0,0.0,0.0,0.0,True
2050,P0022,Shandong,retire,0.11501537832037603,1828308.5495024559,1.4992130105920136,1.4992130105920136,0.0,True
2050,P0022,Shandong,ccs,0.0,0.0,0.0,0.0,0.0,True
2050,P0022,Shandong,biomass,0.8849846216796233,14067900.950497536,11.535678779407979,11.535678779407979,0.0,True
2050,P0022,Shandong,beccs,0.0,0.0,0.0,0.0,0.0,True
2050,P0022,Shandong,ammonia,0.0,0.0,0.0,0.0,0.0,True
2050,P0023,Henan,unabated,0.0,0.0,0.0,0.0,0.0,True
2050,P0023,Henan,retire,0.0,0.0,0.0,0.0,0.0,True
2050,P0023,Henan,ccs,0.0,0.0,0.0,0.0,0.0,True
2050,P0023,Henan,biomass,1.0,20013776.0,16.411296319999998,16.411296319999998,0.0,True
2050,P0023,Henan,beccs,0.0,0.0,0.0,0.0,0.0,True
2050,P0023,Henan,ammonia,0.0,0.0,0.0,0.0,0.0,True
2050,P0024,Chongqing,unabated,0.0,0.0,0.0,0.0,0.0,True
2050,P0024,Chongqing,retire,0.0,0.0,0.0,0.0,0.0,True
2050,P0024,Chongqing,ccs,0.0,0.0,0.0,0.0,0.0,True
2050,P0024,Chongqing,biomass,1.0,5892071.800000001,4.831498876,4.831498876,0.0,True
2050,P0024,Chongqing,beccs,0.0,0.0,0.0,0.0,0.0,True
2050,P0024,Chongqing,ammonia,0.0,0.0,0.0,0.0,0.0,True
2050,P0025,Jilin,unabated,0.0,0.0,0.0,0.0,0.0,True
2050,P0025,Jilin,retire,0.0,0.0,0.0,0.0,0.0,True
2050,P0025,Jilin,ccs,0.0,0.0,0.0,0.0,0.0,True
2050,P0025,Jilin,biomass,0.14484844533728675,2255582.887761136,1.8495779679641315,1.8495779679641315,0.0,True
2050,P0025,Jilin,beccs,0.8551515546599501,13316437.112195838,10.919478432000586,20.74700902080111,10.548216165312564,True
2050,P0025,Jilin,ammonia,0.0,0.0,0.0,0.0,0.0,True
2050,P0026,Hainan,unabated,0.0,0.0,0.0,0.0,0.0,True
2050,P0026,Hainan,retire,0.0,0.0,0.0,0.0,0.0,True
2050,P0026,Hainan,ccs,0.0,0.0,0.0,0.0,0.0,True
2050,P0026,Hainan,biomass,0.0,0.0,0.0,0.0,0.0,True
2050,P0026,Hainan,beccs,1.0,10564890.0,8.663209799999999,16.460098619999997,8.966422142999999,True
2050,P0026,Hainan,ammonia,0.0,0.0,0.0,0.0,0.0,True
2050,P0027,Shandong,unabated,0.0,0.0,0.0,0.0,0.0,True
2050,P0027,Shandong,retire,0.21793747848983624,12702725.991912663,10.416235313368384,10.416235313368384,0.0,True
2050,P0027,Shandong,ccs,0.0,0.0,0.0,0.0,0.0,True
2050,P0027,Shandong,biomass,0.7820625215101638,45583375.508087344,37.378367916631625,37.378367916631625,0.0,True
2050,P0027,Shandong,beccs,0.0,0.0,0.0,0.0,0.0,True
2050,P0027,Shandong,ammonia,0.0,0.0,0.0,0.0,0.0,True
2050,P0028,Hunan,unabated,0.0,0.0,0.0,0.0,0.0,True
2050,P0028,Hunan,retire,0.0,0.0,0.0,0.0,0.0,True
2050,P0028,Hunan,ccs,0.0,0.0,0.0,0.0,0.0,True
2050,P0028,Hunan,biomass,1.0,22425606.0,18.388996919999997,18.388996919999997,0.0,True
2050,P0028,Hunan,beccs,0.0,0.0,0.0,0.0,0.0,True
2050,P0028,Hunan,ammonia,0.0,0.0,0.0,0.0,0.0,True
2050,P0029,Jilin,unabated,0.0,0.0,0.0,0.0,0.0,True
2050,P0029,Jilin,retire,0.0,0.0,0.0,0.0,0.0,True
2050,P0029,Jilin,ccs,0.0,0.0,0.0,0.0,0.0,True
2050,P0029,Jilin,biomass,0.0,0.0,0.0,0.0,0.0,True
2050,P0029,Jilin,beccs,1.0,434568.0,0.35634575999999996,0.6770569439999999,0.3688178615999999,True
2050,P0029,Jilin,ammonia,0.0,0.0,0.0,0.0,0.0,True
2050,P0030,Jilin,unabated,0.0,0.0,0.0,0.0,0.0,True
2050,P0030,Jilin,retire,0.0,0.0,0.0,0.0,0.0,True
2050,P0030,Jilin,ccs,0.0,0.0,0.0,0.0,0.0,True
2050,P0030,Jilin,biomass,0.0,0.0,0.0,0.0,0.0,True
2050,P0030,Jilin,beccs,1.0,16227493.4,13.306544588,25.282434717199997,12.854122072007998,True
2050,P0030,Jilin,ammonia,0.0,0.0,0.0,0.0,0.0,True
2050,P0031,Shanxi,unabated,0.0,0.0,0.0,0.0,0.0,True
2050,P0031,Shanxi,retire,0.0,0.0,0.0,0.0,0.0,True
2050,P0031,Shanxi,ccs,0.0,0.0,0.0,0.0,0.0,True
2050,P0031,Shanxi,biomass,0.0,0.0,0.0,0.0,0.0,True
2050,P0031,Shanxi,beccs,1.0,22684550.0,18.601331,35.3425289,19.252377584999998,True
2050,P0031,Shanxi,ammonia,0.0,0.0,0.0,0.0,0.0,True
2050,P0032,Henan,unabated,0.0,0.0,0.0,0.0,0.0,True
2050,P0032,Henan,retire,0.0,0.0,0.0,0.0,0.0,True
2050,P0032,Henan,ccs,0.0,0.0,0.0,0.0,0.0,True
2050,P0032,Henan,biomass,1.0,8531052.0,6.9954626399999995,6.9954626399999995,0.0,True
2050,P0032,Henan,beccs,0.0,0.0,0.0,0.0,0.0,True
2050,P0032,Henan,ammonia,0.0,0.0,0.0,0.0,0.0,True
2050,P0033,Henan,unabated,0.0,0.0,0.0,0.0,0.0,True
2050,P0033,Henan,retire,0.0,0.0,0.0,0.0,0.0,True
2050,P0033,Henan,ccs,0.0,0.0,0.0,0.0,0.0,True
2050,P0033,Henan,biomass,1.0,22569492.0,18.50698344,18.50698344,0.0,True
2050,P0033,Henan,beccs,0.0,0.0,0.0,0.0,0.0,True
2050,P0033,Henan,ammonia,0.0,0.0,0.0,0.0,0.0,True
2050,P0034,Shandong,unabated,0.0,0.0,0.0,0.0,0.0,True
2050,P0034,Shandong,retire,1.0,18403842.0,15.09115044,15.09115044,0.0,True
2050,P0034,Shandong,ccs,0.0,0.0,0.0,0.0,0.0,True
2050,P0034,Shandong,biomass,0.0,0.0,0.0,0.0,0.0,True
2050,P0034,Shandong,beccs,0.0,0.0,0.0,0.0,0.0,True
2050,P0034,Shandong,ammonia,0.0,0.0,0.0,0.0,0.0,True
2050,P0035,Anhui,unabated,0.0,0.0,0.0,0.0,0.0,True
2050,P0035,Anhui,retire,0.8164014697204114,37839189.25250686,31.02813518705562,31.02813518705562,0.0,True
2050,P0035,Anhui,ccs,0.0,0.0,0.0,0.0,0.0,True
2050,P0035,Anhui,biomass,0.18359853027958858,8509562.747493144,6.977841452944377,5.233381089708282,0.0,True
2050,P0035,Anhui,beccs,0.0,0.0,0.0,0.0,0.0,True
2050,P0035,Anhui,ammonia,0.0,0.0,0.0,0.0,0.0,True
2050,P0036,Jiangsu,unabated,0.0,0.0,0.0,0.0,0.0,True
2050,P0036,Jiangsu,retire,1.0,140042791.0,114.83508862,114.83508862,0.0,True
2050,P0036,Jiangsu,ccs,0.0,0.0,0.0,0.0,0.0,True
2050,P0036,Jiangsu,biomass,0.0,0.0,0.0,0.0,0.0,True
2050,P0036,Jiangsu,beccs,0.0,0.0,0.0,0.0,0.0,True
2050,P0036,Jiangsu,ammonia,0.0,0.0,0.0,0.0,0.0,True
2050,P0037,Inner Mongolia,unabated,1.0,41962710.0,34.409422199999995,0.0,0.0,True
2050,P0037,Inner Mongolia,retire,0.0,0.0,0.0,0.0,0.0,True
2050,P0037,Inner Mongolia,ccs,0.0,0.0,0.0,0.0,0.0,True
2050,P0037,Inner Mongolia,biomass,0.0,0.0,0.0,0.0,0.0,True
2050,P0037,Inner Mongolia,beccs,0.0,0.0,0.0,0.0,0.0,True
2050,P0037,Inner Mongolia,ammonia,0.0,0.0,0.0,0.0,0.0,True
2050,P0038,Sichuan,unabated,0.0,0.0,0.0,0.0,0.0,True
2050,P0038,Sichuan,retire,0.0,0.0,0.0,0.0,0.0,True
2050,P0038,Sichuan,ccs,0.0,0.0,0.0,0.0,0.0,True
2050,P0038,Sichuan,biomass,0.0,0.0,0.0,0.0,0.0,True
2050,P0038,Sichuan,beccs,1.0,24582287.999999996,20.157476159999998,38.299204704,19.472121970559996,True
2050,P0038,Sichuan,ammonia,0.0,0.0,0.0,0.0,0.0,True
2050,P0039,Heilongjiang,unabated,0.0,0.0,0.0,0.0,0.0,True
2050,P0039,Heilongjiang,retire,0.0,0.0,0.0,0.0,0.0,True
2050,P0039,Heilongjiang,ccs,0.0,0.0,0.0,0.0,0.0,True
2050,P0039,Heilongjiang,biomass,0.0,0.0,0.0,0.0,0.0,True
2050,P0039,Heilongjiang,beccs,1.0,7478775.0,6.1325955,11.65193145,5.924087252999999,True
2050,P0039,Heilongjiang,ammonia,0.0,0.0,0.0,0.0,0.0,True
2050,P0040,Shanxi,unabated,0.0,0.0,0.0,0.0,0.0,True
2050,P0040,Shanxi,retire,1.0,29397324.999999996,24.105806499999996,24.105806499999996,0.0,True
2050,P0040,Shanxi,ccs,0.0,0.0,0.0,0.0,0.0,True
2050,P0040,Shanxi,biomass,0.0,0.0,0.0,0.0,0.0,True
2050,P0040,Shanxi,beccs,0.0,0.0,0.0,0.0,0.0,True
2050,P0040,Shanxi,ammonia,0.0,0.0,0.0,0.0,0.0,True
2050,P0041,Hebei,unabated,0.0,0.0,0.0,0.0,0.0,True
2050,P0041,Hebei,retire,0.0,0.0,0.0,0.0,0.0,True
2050,P0041,Hebei,ccs,0.0,0.0,0.0,0.0,0.0,True
2050,P0041,Hebei,biomass,1.0,17330339.0,14.21087798,14.21087798,0.0,True
2050,P0041,Hebei,beccs,0.0,0.0,0.0,0.0,0.0,True
2050,P0041,Hebei,ammonia,0.0,0.0,0.0,0.0,0.0,True
2050,P0042,Shandong,unabated,0.0,0.0,0.0,0.0,0.0,True
2050,P0042,Shandong,retire,0.17637098294672018,4861163.84036691,3.986154349100866,3.986154349100866,0.0,True
2050,P0042,Shandong,ccs,0.0,0.0,0.0,0.0,0.0,True
2050,P0042,Shandong,biomass,0.823629017053277,22700988.159633014,18.61481029089907,18.61481029089907,0.0,True
2050,P0042,Shandong,beccs,0.0,0.0,0.0,0.0,0.0,True
2050,P0042,Shandong,ammonia,0.0,0.0,0.0,0.0,0.0,True
2050,P0043,Anhui,unabated,0.0,0.0,0.0,0.0,0.0,True
2050,P0043,Anhui,retire,0.0,0.0,0.0,0.0,0.0,True
2050,P0043,Anhui,ccs,0.0,0.0,0.0,0.0,0.0,True
2050,P0043,Anhui,biomass,1.0,71657610.0,58.759240199999994,58.759240199999994,0.0,True
2050,P0043,Anhui,beccs,0.0,0.0,0.0,0.0,0.0,True
2050,P0043,Anhui,ammonia,0.0,0.0,0.0,0.0,0.0,True
2050,P0044,Heilongjiang,unabated,0.0,0.0,0.0,0.0,0.0,True
2050,P0044,Heilongjiang,retire,0.0,0.0,0.0,0.0,0.0,True
2050,P0044,Heilongjiang,ccs,0.0,0.0,0.0,0.0,0.0,True
2050,P0044,Heilongjiang,biomass,0.0,0.0,0.0,0.0,0.0,True
2050,P0044,Heilongjiang,beccs,1.0,10278967.500000002,8.428753350000001,16.014631365,8.142175736099999,True
2050,P0044,Heilongjiang,ammonia,0.0,0.0,0.0,0.0,0.0,True
2050,P0045,Henan,unabated,0.0,0.0,0.0,0.0,0.0,True
2050,P0045,Henan,retire,1.0,50070436.0,41.057757519999996,41.057757519999996,0.0,True
2050,P0045,Henan,ccs,0.0,0.0,0.0,0.0,0.0,True
2050,P0045,Henan,biomass,0.0,0.0,0.0,0.0,0.0,True
2050,P0045,Henan,beccs,0.0,0.0,0.0,0.0,0.0,True
2050,P0045,Henan,ammonia,0.0,0.0,0.0,0.0,0.0,True
2050,P0046,Zhejiang,unabated,0.0,0.0,0.0,0.0,0.0,True
2050,P0046,Zhejiang,retire,1.0,102230348.64,83.8288858848,83.8288858848,0.0,True
2050,P0046,Zhejiang,ccs,0.0,0.0,0.0,0.0,0.0,True
2050,P0046,Zhejiang,biomass,0.0,0.0,0.0,0.0,0.0,True
2050,P0046,Zhejiang,beccs,0.0,0.0,0.0,0.0,0.0,True
2050,P0046,Zhejiang,ammonia,0.0,0.0,0.0,0.0,0.0,True
2050,P0047,Liaoning,unabated,0.0,0.0,0.0,0.0,0.0,True
2050,P0047,Liaoning,retire,0.0,0.0,0.0,0.0,0.0,True
2050,P0047,Liaoning,ccs,0.0,0.0,0.0,0.0,0.0,True
2050,P0047,Liaoning,biomass,1.0,10170295.999999998,8.339642719999999,8.339642719999999,0.0,True
2050,P0047,Liaoning,beccs,0.0,0.0,0.0,0.0,0.0,True
2050,P0047,Liaoning,ammonia,0.0,0.0,0.0,0.0,0.0,True
2050,P0048,Shanxi,unabated,0.0,0.0,0.0,0.0,0.0,True
2050,P0048,Shanxi,retire,0.0,0.0,0.0,0.0,0.0,True
2050,P0048,Shanxi,ccs,0.0,0.0,0.0,0.0,0.0,True
2050,P0048,Shanxi,biomass,0.0,0.0,0.0,0.0,0.0,True
2050,P0048,Shanxi,beccs,1.0,6481300.0,5.314666,10.0978654,5.50067931,True
2050,P0048,Shanxi,ammonia,0.0,0.0,0.0,0.0,0.0,True
2050,P0049,Xinjiang,unabated,0.0,0.0,0.0,0.0,0.0,True
2050,P0049,Xinjiang,retire,0.0,0.0,0.0,0.0,0.0,True
2050,P0049,Xinjiang,ccs,1.0,7182431.999999999,5.889594239999999,5.300634816,6.095730038399999,True
2050,P0049,Xinjiang,biomass,0.0,0.0,0.0,0.0,0.0,True
2050,P0049,Xinjiang,beccs,0.0,0.0,0.0,0.0,0.0,True
2050,P0049,Xinjiang,ammonia,0.0,0.0,0.0,0.0,0.0,True
2050,P0050,Henan,unabated,0.0,0.0,0.0,0.0,0.0,True
2050,P0050,Henan,retire,0.0,0.0,0.0,0.0,0.0,True
2050,P0050,Henan,ccs,0.0,0.0,0.0,0.0,0.0,True
2050,P0050,Henan,biomass,1.0,7055216.0,5.78527712,5.78527712,0.0,True
2050,P0050,Henan,beccs,0.0,0.0,0.0,0.0,0.0,True
2050,P0050,Henan,ammonia,0.0,0.0,0.0,0.0,0.0,True
2050,P0051,Hebei,unabated,0.0,0.0,0.0,0.0,0.0,True
2050,P0051,Hebei,retire,1.0,36442718.0,29.88302876,29.88302876,0.0,True
2050,P0051,Hebei,ccs,0.0,0.0,0.0,0.0,0.0,True
2050,P0051,Hebei,biomass,0.0,0.0,0.0,0.0,0.0,True
2050,P0051,Hebei,beccs,0.0,0.0,0.0,0.0,0.0,True
2050,P0051,Hebei,ammonia,0.0,0.0,0.0,0.0,0.0,True
2050,P0052,Jiangsu,unabated,0.0,0.0,0.0,0.0,0.0,True
2050,P0052,Jiangsu,retire,1.0,137274235.0,112.5648727,112.5648727,0.0,True
2050,P0052,Jiangsu,ccs,0.0,0.0,0.0,0.0,0.0,True
2050,P0052,Jiangsu,biomass,0.0,0.0,0.0,0.0,0.0,True
2050,P0052,Jiangsu,beccs,0.0,0.0,0.0,0.0,0.0,True
2050,P0052,Jiangsu,ammonia,0.0,0.0,0.0,0.0,0.0,True
2050,P0053,Heilongjiang,unabated,0.0,0.0,0.0,0.0,0.0,True
2050,P0053,Heilongjiang,retire,0.0,0.0,0.0,0.0,0.0,True
2050,P0053,Heilongjiang,ccs,0.0,0.0,0.0,0.0,0.0,True
2050,P0053,Heilongjiang,biomass,0.0,0.0,0.0,0.0,0.0,True
2050,P0053,Heilongjiang,beccs,1.0,9739800.000000002,7.986636000000001,15.1746084,7.715090376,True
2050,P0053,Heilongjiang,ammonia,0.0,0.0,0.0,0.0,0.0,True
2050,P0054,Hebei,unabated,0.0,0.0,0.0,0.0,0.0,True
2050,P0054,Hebei,retire,0.0,0.0,0.0,0.0,0.0,True
2050,P0054,Hebei,ccs,0.0,0.0,0.0,0.0,0.0,True
2050,P0054,Hebei,biomass,1.0,19691542.0,16.14706444,16.14706444,0.0,True
2050,P0054,Hebei,beccs,0.0,0.0,0.0,0.0,0.0,True
2050,P0054,Hebei,ammonia,0.0,0.0,0.0,0.0,0.0,True
2050,P0055,Shanxi,unabated,0.0,0.0,0.0,0.0,0.0,True
2050,P0055,Shanxi,retire,1.0,17129150.0,14.045903,14.045903,0.0,True
2050,P0055,Shanxi,ccs,0.0,0.0,0.0,0.0,0.0,True
2050,P0055,Shanxi,biomass,0.0,0.0,0.0,0.0,0.0,True
2050,P0055,Shanxi,beccs,0.0,0.0,0.0,0.0,0.0,True
2050,P0055,Shanxi,ammonia,0.0,0.0,0.0,0.0,0.0,True
2050,P0056,Jiangxi,unabated,0.0,0.0,0.0,0.0,0.0,True
2050,P0056,Jiangxi,retire,0.0,0.0,0.0,0.0,0.0,True
2050,P0056,Jiangxi,ccs,0.0,0.0,0.0,0.0,0.0,True
2050,P0056,Jiangxi,biomass,0.18470336588268602,3539087.8950358033,2.9020520739293585,2.9020520739293585,0.0,True
2050,P0056,Jiangxi,beccs,0.8152966341173142,15621840.104964202,12.809908886070644,24.338826883534225,13.258255697083118,True
2050,P0056,Jiangxi,ammonia,0.0,0.0,0.0,0.0,0.0,True
2050,P0057,Gansu,unabated,0.0,0.0,0.0,0.0,0.0,True
2050,P0057,Gansu,retire,0.0,0.0,0.0,0.0,0.0,True
2050,P0057,Gansu,ccs,0.0,0.0,0.0,0.0,0.0,True
2050,P0057,Gansu,biomass,1.0,12233632.0,10.03157824,10.03157824,0.0,True
2050,P0057,Gansu,beccs,0.0,0.0,0.0,0.0,0.0,True
2050,P0057,Gansu,ammonia,0.0,0.0,0.0,0.0,0.0,True
2050,P0058,Jiangsu,unabated,0.0,0.0,0.0,0.0,0.0,True
2050,P0058,Jiangsu,retire,0.08338819769622753,1888324.2775376132,1.5484259075808426,1.5484259075808426,0.0,True
2050,P0058,Jiangsu,ccs,0.0,0.0,0.0,0.0,0.0,True
2050,P0058,Jiangsu,biomass,0.10765484316046617,2437842.0394090014,1.9990304723153811,1.9990304723153811,0.0,True
2050,P0058,Jiangsu,beccs,0.8089569591433063,18318816.18305339,15.021429270103779,28.540715613197182,15.54717929455741,True
2050,P0058,Jiangsu,ammonia,0.0,0.0,0.0,0.0,0.0,True
2050,P0059,Inner Mongolia,unabated,1.0,104755830.0,85.8997806,0.0,0.0,True
2050,P0059,Inner Mongolia,retire,0.0,0.0,0.0,0.0,0.0,True
2050,P0059,Inner Mongolia,ccs,0.0,0.0,0.0,0.0,0.0,True
2050,P0059,Inner Mongolia,biomass,0.0,0.0,0.0,0.0,0.0,True
2050,P0059,Inner Mongolia,beccs,0.0,0.0,0.0,0.0,0.0,True
2050,P0059,Inner Mongolia,ammonia,0.0,0.0,0.0,0.0,0.0,True
2050,P0060,Shandong,unabated,0.0,0.0,0.0,0.0,0.0,True
2050,P0060,Shandong,retire,0.27688971643622573,5991832.0495408205,4.913302280623473,4.913302280623473,0.0,True
2050,P0060,Shandong,ccs,0.0,0.0,0.0,0.0,0.0,True
2050,P0060,Shandong,biomass,0.7231102835637742,15647946.15045918,12.831315843376528,12.831315843376528,0.0,True
2050,P0060,Shandong,beccs,0.0,0.0,0.0,0.0,0.0,True
2050,P0060,Shandong,ammonia,0.0,0.0,0.0,0.0,0.0,True
2050,P0061,Shandong,unabated,0.0,0.0,0.0,0.0,0.0,True
2050,P0061,Shandong,retire,0.0,0.0,0.0,0.0,0.0,True
2050,P0061,Shandong,ccs,0.0,0.0,0.0,0.0,0.0,True
2050,P0061,Shandong,biomass,0.05356040011662923,915642.4629186366,0.7508268195932819,0.7508268195932819,0.0,True
2050,P0061,Shandong,beccs,0.946439599883371,16179869.537081372,13.267493020406723,25.208236738772772,13.731855276120957,True
2050,P0061,Shandong,ammonia,0.0,0.0,0.0,0.0,0.0,True
2050,P0062,Xinjiang,unabated,0.0,0.0,0.0,0.0,0.0,True
2050,P0062,Xinjiang,retire,0.0,0.0,0.0,0.0,0.0,True
2050,P0062,Xinjiang,ccs,0.2900427396405751,1485820.505092111,1.218372814175531,1.096535532757978,1.2610158626716745,True
2050,P0062,Xinjiang,biomass,0.0,0.0,0.0,0.0,0.0,True
2050,P0062,Xinjiang,beccs,0.7099572603594249,3636943.4949078886,2.9822936658244688,5.6663579650664895,3.086673944128325,True
2050,P0062,Xinjiang,ammonia,0.0,0.0,0.0,0.0,0.0,True
2050,P0063,Ningxia,unabated,0.21990902914847987,1923936.5956697543,1.5776280084491985,0.0,0.0,True
2050,P0063,Ningxia,retire,0.0,0.0,0.0,0.0,0.0,True
2050,P0063,Ningxia,ccs,0.002862423393592217,25042.723987085294,0.02053503366940994,0.018481530302468945,0.021253759847839285,True
2050,P0063,Ningxia,biomass,0.0,0.0,0.0,0.0,0.0,True
2050,P0063,Ningxia,beccs,0.7772285474579278,6799804.6803431595,5.57583983788139,10.594095691974642,5.770994232207238,True
2050,P0063,Ningxia,ammonia,0.0,0.0,0.0,0.0,0.0,True
2050,P0064,Shandong,unabated,0.0,0.0,0.0,0.0,0.0,True
2050,P0064,Shandong,retire,1.0,18229398.000000004,14.94810636,14.94810636,0.0,True
2050,P0064,Shandong,ccs,0.0,0.0,0.0,0.0,0.0,True
2050,P0064,Shandong,biomass,0.0,0.0,0.0,0.0,0.0,True
2050,P0064,Shandong,beccs,0.0,0.0,0.0,0.0,0.0,True
2050,P0064,Shandong,ammonia,0.0,0.0,0.0,0.0,0.0,True
2050,P0065,Xinjiang,unabated,0.0,0.0,0.0,0.0,0.0,True
2050,P0065,Xinjiang,retire,0.0,0.0,0.0,0.0,0.0,True
2050,P0065,Xinjiang,ccs,1.0,17824049.999999996,14.615720999999997,13.154148899999997,15.127271234999995,True
2050,P0065,Xinjiang,biomass,0.0,0.0,0.0,0.0,0.0,True
2050,P0065,Xinjiang,beccs,0.0,0.0,0.0,0.0,0.0,True
2050,P0065,Xinjiang,ammonia,0.0,0.0,0.0,0.0,0.0,True
2050,P0066,Fujian,unabated,0.0,0.0,0.0,0.0,0.0,True
2050,P0066,Fujian,retire,1.0,45243841.199999996,37.099949783999996,37.099949783999996,0.0,True
2050,P0066,Fujian,ccs,0.0,0.0,0.0,0.0,0.0,True
2050,P0066,Fujian,biomass,0.0,0.0,0.0,0.0,0.0,True
2050,P0066,Fujian,beccs,0.0,0.0,0.0,0.0,0.0,True
2050,P0066,Fujian,ammonia,0.0,0.0,0.0,0.0,0.0,True
2050,P0067,Hebei,unabated,0.09877798745544007,3379705.4354897747,2.771358457101615,0.0,0.0,True
2050,P0067,Hebei,retire,0.0890987729915156,3048529.4864985687,2.499794178928826,2.499794178928826,0.0,True
2050,P0067,Hebei,ccs,0.0,0.0,0.0,0.0,0.0,True
2050,P0067,Hebei,biomass,0.0,0.0,0.0,0.0,0.0,True
2050,P0067,Hebei,beccs,0.8121232395530442,27786933.078011654,22.785285123969555,43.29204173554215,23.582770103308487,True
2050,P0067,Hebei,ammonia,0.0,0.0,0.0,0.0,0.0,True
2050,P0068,Zhejiang,unabated,0.032261637682280075,722347.3751887223,0.5923248476547522,0.0,0.0,True
2050,P0068,Zhejiang,retire,0.028808240240758246,645024.8101678865,0.528920344337667,0.528920344337667,0.0,True
2050,P0068,Zhejiang,ccs,0.003336798643451476,74711.88429328718,0.0612637451204955,0.05513737060844595,0.06340797619971285,True
2050,P0068,Zhejiang,biomass,0.0,0.0,0.0,0.0,0.0,True
2050,P0068,Zhejiang,beccs,0.9355933234335102,20948204.430350102,17.177527632887088,32.63730250248547,17.778741100038136,True
2050,P0068,Zhejiang,ammonia,0.0,0.0,0.0,0.0,0.0,True
2050,P0069,Shaanxi,unabated,0.0,0.0,0.0,0.0,0.0,True
2050,P0069,Shaanxi,retire,0.0,0.0,0.0,0.0,0.0,True
2050,P0069,Shaanxi,ccs,0.0,0.0,0.0,0.0,0.0,True
2050,P0069,Shaanxi,biomass,0.0,0.0,0.0,0.0,0.0,True
2050,P0069,Shaanxi,beccs,1.0,18152000.0,14.88464,28.280815999999998,15.4056024,True
2050,P0069,Shaanxi,ammonia,0.0,0.0,0.0,0.0,0.0,True
2050,P0070,Shandong,unabated,0.0,0.0,0.0,0.0,0.0,True
2050,P0070,Shandong,retire,0.0,0.0,0.0,0.0,0.0,True
2050,P0070,Shandong,ccs,0.0,0.0,0.0,0.0,0.0,True
2050,P0070,Shandong,biomass,1.0,25817712.000000004,21.170523840000005,21.170523840000005,0.0,True
2050,P0070,Shandong,beccs,0.0,0.0,0.0,0.0,0.0,True
2050,P0070,Shandong,ammonia,0.0,0.0,0.0,0.0,0.0,True
2050,P0071,Guizhou,unabated,0.0,0.0,0.0,0.0,0.0,True
2050,P0071,Guizhou,retire,1.0,23735500.0,19.46311,19.46311,0.0,True
2050,P0071,Guizhou,ccs,0.0,0.0,0.0,0.0,0.0,True
2050,P0071,Guizhou,biomass,0.0,0.0,0.0,0.0,0.0,True
2050,P0071,Guizhou,beccs,0.0,0.0,0.0,0.0,0.0,True
2050,P0071,Guizhou,ammonia,0.0,0.0,0.0,0.0,0.0,True
2050,P0072,Heilongjiang,unabated,0.0,0.0,0.0,0.0,0.0,True
2050,P0072,Heilongjiang,retire,0.0,0.0,0.0,0.0,0.0,True
2050,P0072,Heilongjiang,ccs,0.0,0.0,0.0,0.0,0.0,True
2050,P0072,Heilongjiang,biomass,0.12897974326982223,717849.6591425226,0.5886367204968685,0.5886367204968685,0.0,True
2050,P0072,Heilongjiang,beccs,0.871020256730178,4847750.340857479,3.975155279503133,7.552795031055952,3.8400000000000256,True
2050,P0072,Heilongjiang,ammonia,0.0,0.0,0.0,0.0,0.0,True
2050,P0073,Liaoning,unabated,0.0,0.0,0.0,0.0,0.0,True
2050,P0073,Liaoning,retire,0.0,0.0,0.0,0.0,0.0,True
2050,P0073,Liaoning,ccs,0.0,0.0,0.0,0.0,0.0,True
2050,P0073,Liaoning,biomass,1.0,6340931.499999999,5.199563829999999,5.199563829999999,0.0,True
2050,P0073,Liaoning,beccs,0.0,0.0,0.0,0.0,0.0,True
2050,P0073,Liaoning,ammonia,0.0,0.0,0.0,0.0,0.0,True
2050,P0074,Shaanxi,unabated,0.0,0.0,0.0,0.0,0.0,True
2050,P0074,Shaanxi,retire,1.0,36893940.0,30.253030799999998,30.253030799999998,0.0,True
2050,P0074,Shaanxi,ccs,0.0,0.0,0.0,0.0,0.0,True
2050,P0074,Shaanxi,biomass,0.0,0.0,0.0,0.0,0.0,True
2050,P0074,Shaanxi,beccs,0.0,0.0,0.0,0.0,0.0,True
2050,P0074,Shaanxi,ammonia,0.0,0.0,0.0,0.0,0.0,True
2050,P0075,Henan,unabated,0.0,0.0,0.0,0.0,0.0,True
2050,P0075,Henan,retire,0.0,0.0,0.0,0.0,0.0,True
2050,P0075,Henan,ccs,0.0,0.0,0.0,0.0,0.0,True
2050,P0075,Henan,biomass,1.0,7127208.0,5.844310559999999,5.844310559999999,0.0,True
2050,P0075,Henan,beccs,0.0,0.0,0.0,0.0,0.0,True
2050,P0075,Henan,ammonia,0.0,0.0,0.0,0.0,0.0,True
2050,P0076,Guangxi,unabated,0.0,0.0,0.0,0.0,0.0,True
2050,P0076,Guangxi,retire,0.0,0.0,0.0,0.0,0.0,True
2050,P0076,Guangxi,ccs,0.0,0.0,0.0,0.0,0.0,True
2050,P0076,Guangxi,biomass,1.0,13593944.000000002,11.147034080000001,11.147034080000001,0.0,True
2050,P0076,Guangxi,beccs,0.0,0.0,0.0,0.0,0.0,True
2050,P0076,Guangxi,ammonia,0.0,0.0,0.0,0.0,0.0,True
2050,P0077,Xinjiang,unabated,0.0,0.0,0.0,0.0,0.0,True
2050,P0077,Xinjiang,retire,0.0,0.0,0.0,0.0,0.0,True
2050,P0077,Xinjiang,ccs,1.0,41298983.99999999,33.86516688,30.478650191999996,35.050447720799994,True
2050,P0077,Xinjiang,biomass,0.0,0.0,0.0,0.0,0.0,True
2050,P0077,Xinjiang,beccs,0.0,0.0,0.0,0.0,0.0,True
2050,P0077,Xinjiang,ammonia,0.0,0.0,0.0,0.0,0.0,True
2050,P0078,Heilongjiang,unabated,0.0,0.0,0.0,0.0,0.0,True
2050,P0078,Heilongjiang,retire,0.0,0.0,0.0,0.0,0.0,True
2050,P0078,Heilongjiang,ccs,0.0,0.0,0.0,0.0,0.0,True
2050,P0078,Heilongjiang,biomass,0.0,0.0,0.0,0.0,0.0,True
2050,P0078,Heilongjiang,beccs,1.0,18122985.0,14.860847699999999,28.235610629999996,14.355578878199998,True
2050,P0078,Heilongjiang,ammonia,0.0,0.0,0.0,0.0,0.0,True
2050,P0079,Guangxi,unabated,0.0,0.0,0.0,0.0,0.0,True
2050,P0079,Guangxi,retire,0.3159769806896982,13430604.092031468,11.013095355465802,11.013095355465802,0.0,True
2050,P0079,Guangxi,ccs,0.0,0.0,0.0,0.0,0.0,True
2050,P0079,Guangxi,biomass,0.0,0.0,0.0,0.0,0.0,True
2050,P0079,Guangxi,beccs,0.684023019310302,29074403.90796854,23.8410112045342,45.29792128861498,24.6754465966929,True
2050,P0079,Guangxi,ammonia,0.0,0.0,0.0,0.0,0.0,True
2050,P0080,Shandong,unabated,0.0,0.0,0.0,0.0,0.0,True
2050,P0080,Shandong,retire,0.0,0.0,0.0,0.0,0.0,True
2050,P0080,Shandong,ccs,0.0,0.0,0.0,0.0,0.0,True
2050,P0080,Shandong,biomass,1.0,21587445.000000004,17.701704900000003,17.701704900000003,0.0,True
2050,P0080,Shandong,beccs,0.0,0.0,0.0,0.0,0.0,True
2050,P0080,Shandong,ammonia,0.0,0.0,0.0,0.0,0.0,True
2050,P0081,Gansu,unabated,0.0,0.0,0.0,0.0,0.0,True
2050,P0081,Gansu,retire,1.0,8798160.0,7.214491199999999,7.214491199999999,0.0,True
2050,P0081,Gansu,ccs,0.0,0.0,0.0,0.0,0.0,True
2050,P0081,Gansu,biomass,0.0,0.0,0.0,0.0,0.0,True
2050,P0081,Gansu,beccs,0.0,0.0,0.0,0.0,0.0,True
2050,P0081,Gansu,ammonia,0.0,0.0,0.0,0.0,0.0,True
2050,P0082,Liaoning,unabated,0.0,0.0,0.0,0.0,0.0,True
2050,P0082,Liaoning,retire,0.0,0.0,0.0,0.0,0.0,True
2050,P0082,Liaoning,ccs,0.0,0.0,0.0,0.0,0.0,True
2050,P0082,Liaoning,biomass,1.0,7751749.999999999,6.356434999999999,6.356434999999999,0.0,True
2050,P0082,Liaoning,beccs,0.0,0.0,0.0,0.0,0.0,True
2050,P0082,Liaoning,ammonia,0.0,0.0,0.0,0.0,0.0,True
2050,P0083,Shaanxi,unabated,1.0,58041020.0,47.5936364,0.0,0.0,True
2050,P0083,Shaanxi,retire,0.0,0.0,0.0,0.0,0.0,True
2050,P0083,Shaanxi,ccs,0.0,0.0,0.0,0.0,0.0,True
2050,P0083,Shaanxi,biomass,0.0,0.0,0.0,0.0,0.0,True
2050,P0083,Shaanxi,beccs,0.0,0.0,0.0,0.0,0.0,True
2050,P0083,Shaanxi,ammonia,0.0,0.0,0.0,0.0,0.0,True
2050,P0084,Shaanxi,unabated,0.0,0.0,0.0,0.0,0.0,True
2050,P0084,Shaanxi,retire,1.0,12207220.0,10.009920399999999,10.009920399999999,0.0,True
2050,P0084,Shaanxi,ccs,0.0,0.0,0.0,0.0,0.0,True
2050,P0084,Shaanxi,biomass,0.0,0.0,0.0,0.0,0.0,True
2050,P0084,Shaanxi,beccs,0.0,0.0,0.0,0.0,0.0,True
2050,P0084,Shaanxi,ammonia,0.0,0.0,0.0,0.0,0.0,True
2050,P0085,Jiangsu,unabated,0.0,0.0,0.0,0.0,0.0,True
2050,P0085,Jiangsu,retire,1.0,50405775.00000001,41.3327355,41.3327355,0.0,True
2050,P0085,Jiangsu,ccs,0.0,0.0,0.0,0.0,0.0,True
2050,P0085,Jiangsu,biomass,0.0,0.0,0.0,0.0,0.0,True
2050,P0085,Jiangsu,beccs,0.0,0.0,0.0,0.0,0.0,True
2050,P0085,Jiangsu,ammonia,0.0,0.0,0.0,0.0,0.0,True
2050,P0086,Shaanxi,unabated,0.0,0.0,0.0,0.0,0.0,True
2050,P0086,Shaanxi,retire,1.0,42929480.0,35.2021736,35.2021736,0.0,True
2050,P0086,Shaanxi,ccs,0.0,0.0,0.0,0.0,0.0,True
2050,P0086,Shaanxi,biomass,0.0,0.0,0.0,0.0,0.0,True
2050,P0086,Shaanxi,beccs,0.0,0.0,0.0,0.0,0.0,True
2050,P0086,Shaanxi,ammonia,0.0,0.0,0.0,0.0,0.0,True
2050,P0087,Hebei,unabated,0.0,0.0,0.0,0.0,0.0,True
2050,P0087,Hebei,retire,0.0,0.0,0.0,0.0,0.0,True
2050,P0087,Hebei,ccs,0.0,0.0,0.0,0.0,0.0,True
2050,P0087,Hebei,biomass,1.0,13588055.000000002,11.142205100000002,11.142205100000002,0.0,True
2050,P0087,Hebei,beccs,0.0,0.0,0.0,0.0,0.0,True
2050,P0087,Hebei,ammonia,0.0,0.0,0.0,0.0,0.0,True
2050,P0088,Zhejiang,unabated,0.0,0.0,0.0,0.0,0.0,True
2050,P0088,Zhejiang,retire,0.0,0.0,0.0,0.0,0.0,True
2050,P0088,Zhejiang,ccs,0.0,0.0,0.0,0.0,0.0,True
2050,P0088,Zhejiang,biomass,0.0,0.0,0.0,0.0,0.0,True
2050,P0088,Zhejiang,beccs,1.0,15775605.0,12.935996099999999,24.578392589999996,12.496172232599998,True
2050,P0088,Zhejiang,ammonia,0.0,0.0,0.0,0.0,0.0,True
2050,P0089,Ningxia,unabated,0.8751356396578822,115063100.81858845,94.35174267124252,0.0,0.0,True
2050,P0089,Ningxia,retire,0.0,0.0,0.0,0.0,0.0,True
2050,P0089,Ningxia,ccs,0.12486436034211773,16417204.181411544,13.462107428757465,12.115896685881719,13.933281188763974,True
2050,P0089,Ningxia,biomass,0.0,0.0,0.0,0.0,0.0,True
2050,P0089,Ningxia,beccs,0.0,0.0,0.0,0.0,0.0,True
2050,P0089,Ningxia,ammonia,0.0,0.0,0.0,0.0,0.0,True
2050,P0090,Guangdong,unabated,0.0,0.0,0.0,0.0,0.0,True
2050,P0090,Guangdong,retire,1.0,34962181.2,28.668988584,28.668988584,0.0,True
2050,P0090,Guangdong,ccs,0.0,0.0,0.0,0.0,0.0,True
2050,P0090,Guangdong,biomass,0.0,0.0,0.0,0.0,0.0,True
2050,P0090,Guangdong,beccs,0.0,0.0,0.0,0.0,0.0,True
2050,P0090,Guangdong,ammonia,0.0,0.0,0.0,0.0,0.0,True
2050,P0091,Guangdong,unabated,0.0,0.0,0.0,0.0,0.0,True
2050,P0091,Guangdong,retire,0.0,0.0,0.0,0.0,0.0,True
2050,P0091,Guangdong,ccs,0.0,0.0,0.0,0.0,0.0,True
2050,P0091,Guangdong,biomass,0.0,0.0,0.0,0.0,0.0,True
2050,P0091,Guangdong,beccs,1.0,35657946.0,29.23951572,55.555079868,30.262898770199996,True
2050,P0091,Guangdong,ammonia,0.0,0.0,0.0,0.0,0.0,True
2050,P0092,Jiangxi,unabated,0.0,0.0,0.0,0.0,0.0,True
2050,P0092,Jiangxi,retire,0.0,0.0,0.0,0.0,0.0,True
2050,P0092,Jiangxi,ccs,0.0,0.0,0.0,0.0,0.0,True
2050,P0092,Jiangxi,biomass,1.0,36462960.0,29.899627199999998,29.899627199999998,0.0,True
2050,P0092,Jiangxi,beccs,0.0,0.0,0.0,0.0,0.0,True
2050,P0092,Jiangxi,ammonia,0.0,0.0,0.0,0.0,0.0,True
2050,P0093,Hunan,unabated,0.0,0.0,0.0,0.0,0.0,True
2050,P0093,Hunan,retire,1.0,18069412.5,14.81691825,14.81691825,0.0,True
2050,P0093,Hunan,ccs,0.0,0.0,0.0,0.0,0.0,True
2050,P0093,Hunan,biomass,0.0,0.0,0.0,0.0,0.0,True
2050,P0093,Hunan,beccs,0.0,0.0,0.0,0.0,0.0,True
2050,P0093,Hunan,ammonia,0.0,0.0,0.0,0.0,0.0,True
2050,P0094,Fujian,unabated,0.0,0.0,0.0,0.0,0.0,True
2050,P0094,Fujian,retire,0.0,0.0,0.0,0.0,0.0,True
2050,P0094,Fujian,ccs,0.0,0.0,0.0,0.0,0.0,True
2050,P0094,Fujian,biomass,0.0,0.0,0.0,0.0,0.0,True
2050,P0094,Fujian,beccs,1.0,6459012.0,5.29638984,10.063140696,5.481763484399999,True
2050,P0094,Fujian,ammonia,0.0,0.0,0.0,0.0,0.0,True
2050,P0095,Anhui,unabated,0.0,0.0,0.0,0.0,0.0,True
2050,P0095,Anhui,retire,0.0,0.0,0.0,0.0,0.0,True
2050,P0095,Anhui,ccs,0.0,0.0,0.0,0.0,0.0,True
2050,P0095,Anhui,biomass,1.0,16313541.000000002,13.377103620000002,13.377103620000002,0.0,True
2050,P0095,Anhui,beccs,0.0,0.0,0.0,0.0,0.0,True
2050,P0095,Anhui,ammonia,0.0,0.0,0.0,0.0,0.0,True
2050,P0096,Guangdong,unabated,0.0,0.0,0.0,0.0,0.0,True
2050,P0096,Guangdong,retire,0.0,0.0,0.0,0.0,0.0,True
2050,P0096,Guangdong,ccs,0.0,0.0,0.0,0.0,0.0,True
2050,P0096,Guangdong,biomass,0.24187149978629113,5457597.954166365,4.47523032241642,4.47523032241642,0.0,True
2050,P0096,Guangdong,beccs,0.7581285002137091,17106441.04583364,14.027281657583586,26.651835149408814,14.518236515599014,True
2050,P0096,Guangdong,ammonia,0.0,0.0,0.0,0.0,0.0,True
2050,P0097,Gansu,unabated,0.0,0.0,0.0,0.0,0.0,True
2050,P0097,Gansu,retire,0.0,0.0,0.0,0.0,0.0,True
2050,P0097,Gansu,ccs,0.0,0.0,0.0,0.0,0.0,True
2050,P0097,Gansu,biomass,1.0,8881952.0,7.28320064,7.28320064,0.0,True
2050,P0097,Gansu,beccs,0.0,0.0,0.0,0.0,0.0,True
2050,P0097,Gansu,ammonia,0.0,0.0,0.0,0.0,0.0,True
2050,P0098,Xinjiang,unabated,0.6989740964089715,90144525.19006255,73.91851065585129,0.0,0.0,True
2050,P0098,Xinjiang,retire,0.0,0.0,0.0,0.0,0.0,True
2050,P0098,Xinjiang,ccs,0.30102590359102854,38822378.80993743,31.834350624148694,28.65091556173382,32.9485528959939,True
2050,P0098,Xinjiang,biomass,0.0,0.0,0.0,0.0,0.0,True
2050,P0098,Xinjiang,beccs,0.0,0.0,0.0,0.0,0.0,True
2050,P0098,Xinjiang,ammonia,0.0,0.0,0.0,0.0,0.0,True
2050,P0099,Sichuan,unabated,0.0,0.0,0.0,0.0,0.0,True
2050,P0099,Sichuan,retire,0.0,0.0,0.0,0.0,0.0,True
2050,P0099,Sichuan,ccs,0.0,0.0,0.0,0.0,0.0,True
2050,P0099,Sichuan,biomass,0.0,0.0,0.0,0.0,0.0,True
2050,P0099,Sichuan,beccs,1.0,4996399.999999999,4.097047999999999,7.784391199999998,3.9577483679999985,True
2050,P0099,Sichuan,ammonia,0.0,0.0,0.0,0.0,0.0,True
2050,P0100,Jiangxi,unabated,0.0,0.0,0.0,0.0,0.0,True
2050,P0100,Jiangxi,retire,0.0,0.0,0.0,0.0,0.0,True
2050,P0100,Jiangxi,ccs,0.0,0.0,0.0,0.0,0.0,True
2050,P0100,Jiangxi,biomass,1.0,15157152.0,12.428864639999999,12.428864639999999,0.0,True
2050,P0100,Jiangxi,beccs,0.0,0.0,0.0,0.0,0.0,True
2050,P0100,Jiangxi,ammonia,0.0,0.0,0.0,0.0,0.0,True
2050,P0101,Qinghai,unabated,0.0,0.0,0.0,0.0,0.0,True
2050,P0101,Qinghai,retire,1.0,19952390.0,16.3609598,16.3609598,0.0,True
2050,P0101,Qinghai,ccs,0.0,0.0,0.0,0.0,0.0,True
2050,P0101,Qinghai,biomass,0.0,0.0,0.0,0.0,0.0,True
2050,P0101,Qinghai,beccs,0.0,0.0,0.0,0.0,0.0,True
2050,P0101,Qinghai,ammonia,0.0,0.0,0.0,0.0,0.0,True
2050,P0102,Hunan,unabated,0.0,0.0,0.0,0.0,0.0,True
2050,P0102,Hunan,retire,0.0,0.0,0.0,0.0,0.0,True
2050,P0102,Hunan,ccs,0.0,0.0,0.0,0.0,0.0,True
2050,P0102,Hunan,biomass,1.0,9845388.0,8.07321816,8.07321816,0.0,True
2050,P0102,Hunan,beccs,0.0,0.0,0.0,0.0,0.0,True
2050,P0102,Hunan,ammonia,0.0,0.0,0.0,0.0,0.0,True
2050,P0103,Inner Mongolia,unabated,1.0,19119700.0,15.678153999999997,0.0,0.0,True
2050,P0103,Inner Mongolia,retire,0.0,0.0,0.0,0.0,0.0,True
2050,P0103,Inner Mongolia,ccs,0.0,0.0,0.0,0.0,0.0,True
2050,P0103,Inner Mongolia,biomass,0.0,0.0,0.0,0.0,0.0,True
2050,P0103,Inner Mongolia,beccs,0.0,0.0,0.0,0.0,0.0,True
2050,P0103,Inner Mongolia,ammonia,0.0,0.0,0.0,0.0,0.0,True
2050,P0104,Inner Mongolia,unabated,1.0,22843010.0,18.7312682,0.0,0.0,True
2050,P0104,Inner Mongolia,retire,0.0,0.0,0.0,0.0,0.0,True
2050,P0104,Inner Mongolia,ccs,0.0,0.0,0.0,0.0,0.0,True
2050,P0104,Inner Mongolia,biomass,0.0,0.0,0.0,0.0,0.0,True
2050,P0104,Inner Mongolia,beccs,0.0,0.0,0.0,0.0,0.0,True
2050,P0104,Inner Mongolia,ammonia,0.0,0.0,0.0,0.0,0.0,True
2050,P0105,Liaoning,unabated,0.0,0.0,0.0,0.0,0.0,True
2050,P0105,Liaoning,retire,0.0,0.0,0.0,0.0,0.0,True
2050,P0105,Liaoning,ccs,0.0,0.0,0.0,0.0,0.0,True
2050,P0105,Liaoning,biomass,0.15042955242703296,606367.9871736515,0.4972217494823941,0.4972217494823941,0.0,True
2050,P0105,Liaoning,beccs,0.8495704475729673,3424542.0128263496,2.8081244505176066,5.335436455983452,2.7126482192000076,True
2050,P0105,Liaoning,ammonia,0.0,0.0,0.0,0.0,0.0,True
2050,P0106,Hubei,unabated,0.0,0.0,0.0,0.0,0.0,True
2050,P0106,Hubei,retire,1.0,39558279.99999999,32.43778959999999,32.43778959999999,0.0,True
2050,P0106,Hubei,ccs,0.0,0.0,0.0,0.0,0.0,True
2050,P0106,Hubei,biomass,0.0,0.0,0.0,0.0,0.0,True
2050,P0106,Hubei,beccs,0.0,0.0,0.0,0.0,0.0,True
2050,P0106,Hubei,ammonia,0.0,0.0,0.0,0.0,0.0,True
2050,P0107,Liaoning,unabated,0.0,0.0,0.0,0.0,0.0,True
2050,P0107,Liaoning,retire,1.0,14387248.0,11.797543359999999,11.797543359999999,0.0,True
2050,P0107,Liaoning,ccs,0.0,0.0,0.0,0.0,0.0,True
2050,P0107,Liaoning,biomass,0.0,0.0,0.0,0.0,0.0,True
2050,P0107,Liaoning,beccs,0.0,0.0,0.0,0.0,0.0,True
2050,P0107,Liaoning,ammonia,0.0,0.0,0.0,0.0,0.0,True
2050,P0108,Guangdong,unabated,0.0,0.0,0.0,0.0,0.0,True
2050,P0108,Guangdong,retire,1.0,22805624.0,18.700611679999998,18.700611679999998,0.0,True
2050,P0108,Guangdong,ccs,0.0,0.0,0.0,0.0,0.0,True
2050,P0108,Guangdong,biomass,0.0,0.0,0.0,0.0,0.0,True
2050,P0108,Guangdong,beccs,0.0,0.0,0.0,0.0,0.0,True
2050,P0108,Guangdong,ammonia,0.0,0.0,0.0,0.0,0.0,True
2050,P0109,Shaanxi,unabated,0.06918977027309431,2618619.7003441784,2.147268154282226,0.0,0.0,True
2050,P0109,Shaanxi,retire,0.0,0.0,0.0,0.0,0.0,True
2050,P0109,Shaanxi,ccs,0.0,0.0,0.0,0.0,0.0,True
2050,P0109,Shaanxi,biomass,0.10134999956285867,3835785.3254555473,3.1453439668735483,3.1453439668735483,0.0,True
2050,P0109,Shaanxi,beccs,0.829460230164047,31392514.974200275,25.741862278844224,48.90953832980402,26.642827458603772,True
2050,P0109,Shaanxi,ammonia,0.0,0.0,0.0,0.0,0.0,True
2050,P0110,Guizhou,unabated,0.0,0.0,0.0,0.0,0.0,True
2050,P0110,Guizhou,retire,0.12678737036275378,7980827.040758118,6.544278173421657,6.544278173421657,0.0,True
2050,P0110,Guizhou,ccs,0.0,0.0,0.0,0.0,0.0,True
2050,P0110,Guizhou,biomass,0.8732126296372462,54965718.95924188,45.07188954657834,45.07188954657834,0.0,True
2050,P0110,Guizhou,beccs,0.0,0.0,0.0,0.0,0.0,True
2050,P0110,Guizhou,ammonia,0.0,0.0,0.0,0.0,0.0,True
2050,P0111,Guangxi,unabated,0.0,0.0,0.0,0.0,0.0,True
2050,P0111,Guangxi,retire,0.0,0.0,0.0,0.0,0.0,True
2050,P0111,Guangxi,ccs,0.0,0.0,0.0,0.0,0.0,True
2050,P0111,Guangxi,biomass,1.0,587794.48,0.48199147359999994,0.48199147359999994,0.0,True
2050,P0111,Guangxi,beccs,0.0,0.0,0.0,0.0,0.0,True
2050,P0111,Guangxi,ammonia,0.0,0.0,0.0,0.0,0.0,True
2050,P0112,Guangdong,unabated,0.0,0.0,0.0,0.0,0.0,True
2050,P0112,Guangdong,retire,1.0,41166084.0,33.756188879999996,33.756188879999996,0.0,True
2050,P0112,Guangdong,ccs,0.0,0.0,0.0,0.0,0.0,True
2050,P0112,Guangdong,biomass,0.0,0.0,0.0,0.0,0.0,True
2050,P0112,Guangdong,beccs,0.0,0.0,0.0,0.0,0.0,True
2050,P0112,Guangdong,ammonia,0.0,0.0,0.0,0.0,0.0,True
2050,P0113,Inner Mongolia,unabated,0.46474667524236757,9353491.58592789,7.669863100460869,0.0,0.0,True
2050,P0113,Inner Mongolia,retire,0.0,0.0,0.0,0.0,0.0,True
2050,P0113,Inner Mongolia,ccs,0.0,0.0,0.0,0.0,0.0,True
2050,P0113,Inner Mongolia,biomass,0.027168092955674794,546785.0388259109,0.4483637318372469,0.4483637318372469,0.0,True
2050,P0113,Inner Mongolia,beccs,0.5080852318019576,10225723.375246199,8.385093167701882,15.931677018633577,8.1,True
2050,P0113,Inner Mongolia,ammonia,0.0,0.0,0.0,0.0,0.0,True
2050,P0114,Guangxi,unabated,0.0,0.0,0.0,0.0,0.0,True
2050,P0114,Guangxi,retire,0.0,0.0,0.0,0.0,0.0,True
2050,P0114,Guangxi,ccs,0.0,0.0,0.0,0.0,0.0,True
2050,P0114,Guangxi,biomass,0.0,0.0,0.0,0.0,0.0,True
2050,P0114,Guangxi,beccs,1.0,29485456.0,24.17807392,45.938340448,25.0243065072,True
2050,P0114,Guangxi,ammonia,0.0,0.0,0.0,0.0,0.0,True
2050,P0115,Shandong,unabated,0.0,0.0,0.0,0.0,0.0,True
2050,P0115,Shandong,retire,0.0,0.0,0.0,0.0,0.0,True
2050,P0115,Shandong,ccs,0.0,0.0,0.0,0.0,0.0,True
2050,P0115,Shandong,biomass,1.0,9550809.0,7.83166338,7.83166338,0.0,True
2050,P0115,Shandong,beccs,0.0,0.0,0.0,0.0,0.0,True
2050,P0115,Shandong,ammonia,0.0,0.0,0.0,0.0,0.0,True
2050,P0116,Liaoning,unabated,0.0,0.0,0.0,0.0,0.0,True
2050,P0116,Liaoning,retire,0.0,0.0,0.0,0.0,0.0,True
2050,P0116,Liaoning,ccs,0.0,0.0,0.0,0.0,0.0,True
2050,P0116,Liaoning,biomass,1.0,2542573.9999999995,2.0849106799999997,2.0849106799999997,0.0,True
2050,P0116,Liaoning,beccs,0.0,0.0,0.0,0.0,0.0,True
2050,P0116,Liaoning,ammonia,0.0,0.0,0.0,0.0,0.0,True
2050,P0117,Henan,unabated,0.0,0.0,0.0,0.0,0.0,True
2050,P0117,Henan,retire,0.0,0.0,0.0,0.0,0.0,True
2050,P0117,Henan,ccs,0.0,0.0,0.0,0.0,0.0,True
2050,P0117,Henan,biomass,1.0,8351072.0,6.8478790400000005,6.8478790400000005,0.0,True
2050,P0117,Henan,beccs,0.0,0.0,0.0,0.0,0.0,True
2050,P0117,Henan,ammonia,0.0,0.0,0.0,0.0,0.0,True
2050,P0118,Liaoning,unabated,0.0,0.0,0.0,0.0,0.0,True
2050,P0118,Liaoning,retire,0.0,0.0,0.0,0.0,0.0,True
2050,P0118,Liaoning,ccs,0.0,0.0,0.0,0.0,0.0,True
2050,P0118,Liaoning,biomass,1.0,16867807.999999996,13.831602559999997,13.831602559999997,0.0,True
2050,P0118,Liaoning,beccs,0.0,0.0,0.0,0.0,0.0,True
2050,P0118,Liaoning,ammonia,0.0,0.0,0.0,0.0,0.0,True
2050,P0119,Guizhou,unabated,0.0,0.0,0.0,0.0,0.0,True
2050,P0119,Guizhou,retire,1.0,27248354.0,22.34365028,22.34365028,0.0,True
2050,P0119,Guizhou,ccs,0.0,0.0,0.0,0.0,0.0,True
2050,P0119,Guizhou,biomass,0.0,0.0,0.0,0.0,0.0,True
2050,P0119,Guizhou,beccs,0.0,0.0,0.0,0.0,0.0,True
2050,P0119,Guizhou,ammonia,0.0,0.0,0.0,0.0,0.0,True
2050,P0120,Inner Mongolia,unabated,0.14944651569376832,3534118.675452017,2.897977313870654,0.0,0.0,True
2050,P0120,Inner Mongolia,retire,0.0,0.0,0.0,0.0,0.0,True
2050,P0120,Inner Mongolia,ccs,0.8505534843062317,20113931.32454798,16.49342368612934,14.844081317516407,15.93264728080094,True
2050,P0120,Inner Mongolia,biomass,0.0,0.0,0.0,0.0,0.0,True
2050,P0120,Inner Mongolia,beccs,0.0,0.0,0.0,0.0,0.0,True
2050,P0120,Inner Mongolia,ammonia,0.0,0.0,0.0,0.0,0.0,True
2050,P0121,Guangdong,unabated,0.0,0.0,0.0,0.0,0.0,True
2050,P0121,Guangdong,retire,1.0,32662292.0,26.783079439999998,26.783079439999998,0.0,True
2050,P0121,Guangdong,ccs,0.0,0.0,0.0,0.0,0.0,True
2050,P0121,Guangdong,biomass,0.0,0.0,0.0,0.0,0.0,True
2050,P0121,Guangdong,beccs,0.0,0.0,0.0,0.0,0.0,True
2050,P0121,Guangdong,ammonia,0.0,0.0,0.0,0.0,0.0,True
2050,P0122,Shaanxi,unabated,0.1314482953027719,4408226.370580604,3.6147456238760953,0.0,0.0,True
2050,P0122,Shaanxi,retire,0.8685517046972281,29127593.629419394,23.884626776123902,23.884626776123902,0.0,True
2050,P0122,Shaanxi,ccs,0.0,0.0,0.0,0.0,0.0,True
2050,P0122,Shaanxi,biomass,0.0,0.0,0.0,0.0,0.0,True
2050,P0122,Shaanxi,beccs,0.0,0.0,0.0,0.0,0.0,True
2050,P0122,Shaanxi,ammonia,0.0,0.0,0.0,0.0,0.0,True
2050,P0123,Hebei,unabated,0.15620087122792503,4681951.293469855,3.8392000606452807,0.0,0.0,True
2050,P0123,Hebei,retire,0.0,0.0,0.0,0.0,0.0,True
2050,P0123,Hebei,ccs,0.0,0.0,0.0,0.0,0.0,True
2050,P0123,Hebei,biomass,0.8437991287720715,25291961.506530046,20.73940843535464,20.73940843535464,0.0,True
2050,P0123,Hebei,beccs,0.0,0.0,0.0,0.0,0.0,True
2050,P0123,Hebei,ammonia,0.0,0.0,0.0,0.0,0.0,True
2050,P0124,Henan,unabated,0.0,0.0,0.0,0.0,0.0,True
2050,P0124,Henan,retire,0.0,0.0,0.0,0.0,0.0,True
2050,P0124,Henan,ccs,0.0,0.0,0.0,0.0,0.0,True
2050,P0124,Henan,biomass,1.0,42007332.0,34.446012239999995,34.446012239999995,0.0,True
2050,P0124,Henan,beccs,0.0,0.0,0.0,0.0,0.0,True
2050,P0124,Henan,ammonia,0.0,0.0,0.0,0.0,0.0,True
2050,P0125,Xinjiang,unabated,0.5307358138196479,33382800.781136896,27.37389664053225,0.0,0.0,True
2050,P0125,Xinjiang,retire,0.0,0.0,0.0,0.0,0.0,True
2050,P0125,Xinjiang,ccs,0.4692641861803521,29516291.218863092,24.203358799467733,21.78302291952096,23.380444600285823,True
2050,P0125,Xinjiang,biomass,0.0,0.0,0.0,0.0,0.0,True
2050,P0125,Xinjiang,beccs,0.0,0.0,0.0,0.0,0.0,True
2050,P0125,Xinjiang,ammonia,0.0,0.0,0.0,0.0,0.0,True
2050,P0126,Jiangsu,unabated,0.0,0.0,0.0,0.0,0.0,True
2050,P0126,Jiangsu,retire,1.0,86326786.00000001,70.78796452000002,70.78796452000002,0.0,True
2050,P0126,Jiangsu,ccs,0.0,0.0,0.0,0.0,0.0,True
2050,P0126,Jiangsu,biomass,0.0,0.0,0.0,0.0,0.0,True
2050,P0126,Jiangsu,beccs,0.0,0.0,0.0,0.0,0.0,True
2050,P0126,Jiangsu,ammonia,0.0,0.0,0.0,0.0,0.0,True
2050,P0127,Hebei,unabated,0.0,0.0,0.0,0.0,0.0,True
2050,P0127,Hebei,retire,0.0,0.0,0.0,0.0,0.0,True
2050,P0127,Hebei,ccs,0.0,0.0,0.0,0.0,0.0,True
2050,P0127,Hebei,biomass,1.0,7796425.000000001,6.3930685,6.3930685,0.0,True
2050,P0127,Hebei,beccs,0.0,0.0,0.0,0.0,0.0,True
2050,P0127,Hebei,ammonia,0.0,0.0,0.0,0.0,0.0,True
2050,P0128,Xinjiang,unabated,0.0,0.0,0.0,0.0,0.0,True
2050,P0128,Xinjiang,retire,0.0,0.0,0.0,0.0,0.0,True
2050,P0128,Xinjiang,ccs,0.5720844280583348,2930653.5130178276,2.4031358806746184,2.1628222926071565,2.4872456364982303,True
2050,P0128,Xinjiang,biomass,0.0,0.0,0.0,0.0,0.0,True
2050,P0128,Xinjiang,beccs,0.4279155719416653,2192110.4869821733,1.7975305993253818,2.96592548888688,1.8604441703017702,True
2050,P0128,Xinjiang,ammonia,0.0,0.0,0.0,0.0,0.0,True
2050,P0129,Inner Mongolia,unabated,0.0,0.0,0.0,0.0,0.0,True
2050,P0129,Inner Mongolia,retire,1.0,67573045.0,55.4098969,55.4098969,0.0,True
2050,P0129,Inner Mongolia,ccs,0.0,0.0,0.0,0.0,0.0,True
2050,P0129,Inner Mongolia,biomass,0.0,0.0,0.0,0.0,0.0,True
2050,P0129,Inner Mongolia,beccs,0.0,0.0,0.0,0.0,0.0,True
2050,P0129,Inner Mongolia,ammonia,0.0,0.0,0.0,0.0,0.0,True
2050,P0130,Hebei,unabated,0.0,0.0,0.0,0.0,0.0,True
2050,P0130,Hebei,retire,0.0,0.0,0.0,0.0,0.0,True
2050,P0130,Hebei,ccs,0.0,0.0,0.0,0.0,0.0,True
2050,P0130,Hebei,biomass,1.0,5791630.0,4.7491366,4.7491366,0.0,True
2050,P0130,Hebei,beccs,0.0,0.0,0.0,0.0,0.0,True
2050,P0130,Hebei,ammonia,0.0,0.0,0.0,0.0,0.0,True
2050,P0131,Zhejiang,unabated,0.0,0.0,0.0,0.0,0.0,True
2050,P0131,Zhejiang,retire,1.0,68084190.0,55.8290358,55.8290358,0.0,True
2050,P0131,Zhejiang,ccs,0.0,0.0,0.0,0.0,0.0,True
2050,P0131,Zhejiang,biomass,0.0,0.0,0.0,0.0,0.0,True
2050,P0131,Zhejiang,beccs,0.0,0.0,0.0,0.0,0.0,True
2050,P0131,Zhejiang,ammonia,0.0,0.0,0.0,0.0,0.0,True
2050,P0132,Jilin,unabated,0.0,0.0,0.0,0.0,0.0,True
2050,P0132,Jilin,retire,0.0,0.0,0.0,0.0,0.0,True
2050,P0132,Jilin,ccs,0.0,0.0,0.0,0.0,0.0,True
2050,P0132,Jilin,biomass,0.0,0.0,0.0,0.0,0.0,True
2050,P0132,Jilin,beccs,1.0,6228808.0,5.107622559999999,9.704482864,4.933963392959998,True
2050,P0132,Jilin,ammonia,0.0,0.0,0.0,0.0,0.0,True
2050,P0133,Anhui,unabated,0.0,0.0,0.0,0.0,0.0,True
2050,P0133,Anhui,retire,0.0,0.0,0.0,0.0,0.0,True
2050,P0133,Anhui,ccs,0.0,0.0,0.0,0.0,0.0,True
2050,P0133,Anhui,biomass,0.4754923306431752,14740647.398726255,12.08733086695553,12.08733086695553,0.0,True
2050,P0133,Anhui,beccs,0.524507669356826,16260162.601273788,13.333333333044507,25.33333333278456,13.8,True
2050,P0133,Anhui,ammonia,0.0,0.0,0.0,0.0,0.0,True
2050,P0134,Shanxi,unabated,0.0,0.0,0.0,0.0,0.0,True
2050,P0134,Shanxi,retire,1.0,14837547.5,12.166788949999999,12.166788949999999,0.0,True
2050,P0134,Shanxi,ccs,0.0,0.0,0.0,0.0,0.0,True
2050,P0134,Shanxi,biomass,0.0,0.0,0.0,0.0,0.0,True
2050,P0134,Shanxi,beccs,0.0,0.0,0.0,0.0,0.0,True
2050,P0134,Shanxi,ammonia,0.0,0.0,0.0,0.0,0.0,True
2050,P0135,Liaoning,unabated,0.0,0.0,0.0,0.0,0.0,True
2050,P0135,Liaoning,retire,0.0,0.0,0.0,0.0,0.0,True
2050,P0135,Liaoning,ccs,0.0,0.0,0.0,0.0,0.0,True
2050,P0135,Liaoning,biomass,1.0,5891330.0,4.8308906,4.8308906,0.0,True
2050,P0135,Liaoning,beccs,0.0,0.0,0.0,0.0,0.0,True
2050,P0135,Liaoning,ammonia,0.0,0.0,0.0,0.0,0.0,True
2050,P0136,Inner Mongolia,unabated,0.0,0.0,0.0,0.0,0.0,True
2050,P0136,Inner Mongolia,retire,0.0,0.0,0.0,0.0,0.0,True
2050,P0136,Inner Mongolia,ccs,0.0,0.0,0.0,0.0,0.0,True
2050,P0136,Inner Mongolia,biomass,0.0,0.0,0.0,0.0,0.0,True
2050,P0136,Inner Mongolia,beccs,1.0,4427720.0,3.6307304,6.898387759999999,3.507285566399999,True
2050,P0136,Inner Mongolia,ammonia,0.0,0.0,0.0,0.0,0.0,True
2050,P0137,Xinjiang,unabated,0.99043827172172,7322983.6408634465,6.004846585508026,0.0,0.0,True
2050,P0137,Xinjiang,retire,0.0,0.0,0.0,0.0,0.0,True
2050,P0137,Xinjiang,ccs,0.009561728278279927,70696.35913655272,0.05797101449197323,0.0521739130427759,0.05999999999919229,True
2050,P0137,Xinjiang,biomass,0.0,0.0,0.0,0.0,0.0,True
2050,P0137,Xinjiang,beccs,0.0,0.0,0.0,0.0,0.0,True
2050,P0137,Xinjiang,ammonia,0.0,0.0,0.0,0.0,0.0,True
2050,P0138,Jilin,unabated,0.0,0.0,0.0,0.0,0.0,True
2050,P0138,Jilin,retire,0.0,0.0,0.0,0.0,0.0,True
2050,P0138,Jilin,ccs,0.0,0.0,0.0,0.0,0.0,True
2050,P0138,Jilin,biomass,1.0,4345680.000000001,3.5634576000000004,3.5634576000000004,0.0,True
2050,P0138,Jilin,beccs,0.0,0.0,0.0,0.0,0.0,True
2050,P0138,Jilin,ammonia,0.0,0.0,0.0,0.0,0.0,True
2050,P0139,Heilongjiang,unabated,0.0,0.0,0.0,0.0,0.0,True
2050,P0139,Heilongjiang,retire,0.0,0.0,0.0,0.0,0.0,True
2050,P0139,Heilongjiang,ccs,0.0,0.0,0.0,0.0,0.0,True
2050,P0139,Heilongjiang,biomass,1.0,4156807.5000000005,3.4085821500000004,3.4085821500000004,0.0,True
2050,P0139,Heilongjiang,beccs,0.0,0.0,0.0,0.0,0.0,True
2050,P0139,Heilongjiang,ammonia,0.0,0.0,0.0,0.0,0.0,True
2050,P0140,Guangdong,unabated,0.00042139608003480267,23373.96237009971,0.019166649143481762,0.0,0.0,True
2050,P0140,Guangdong,retire,0.12255601730475618,6797926.873154762,5.574300035986904,5.574300035986904,0.0,True
2050,P0140,Guangdong,ccs,0.16231724393244715,9003399.251796488,7.38278738647312,6.644508647825808,7.6411849449996785,True
2050,P0140,Guangdong,biomass,0.0,0.0,0.0,0.0,0.0,True
2050,P0140,Guangdong,beccs,0.7147053426827619,39643215.91267865,32.50743704839649,61.76413039195333,33.64519734509037,True
2050,P0140,Guangdong,ammonia,0.0,0.0,0.0,0.0,0.0,True
2050,P0141,Shandong,unabated,0.0,0.0,0.0,0.0,0.0,True
2050,P0141,Shandong,retire,1.0,46881825.00000001,38.44309650000001,38.44309650000001,0.0,True
2050,P0141,Shandong,ccs,0.0,0.0,0.0,0.0,0.0,True
2050,P0141,Shandong,biomass,0.0,0.0,0.0,0.0,0.0,True
2050,P0141,Shandong,beccs,0.0,0.0,0.0,0.0,0.0,True
2050,P0141,Shandong,ammonia,0.0,0.0,0.0,0.0,0.0,True
2050,P0142,Jiangsu,unabated,0.0,0.0,0.0,0.0,0.0,True
2050,P0142,Jiangsu,retire,0.0,0.0,0.0,0.0,0.0,True
2050,P0142,Jiangsu,ccs,0.0,0.0,0.0,0.0,0.0,True
2050,P0142,Jiangsu,biomass,0.06666666666666667,2230225.666666667,1.8287850466666669,1.8287850466666669,0.0,True
2050,P0142,Jiangsu,beccs,0.9333333333333333,31223159.333333336,25.602990653333336,48.64568224133334,26.499095326200003,True
2050,P0142,Jiangsu,ammonia,0.0,0.0,0.0,0.0,0.0,True
2050,P0143,Yunnan,unabated,0.0,0.0,0.0,0.0,0.0,True
2050,P0143,Yunnan,retire,0.0,0.0,0.0,0.0,0.0,True
2050,P0143,Yunnan,ccs,0.0,0.0,0.0,0.0,0.0,True
2050,P0143,Yunnan,biomass,1.0,11205499.999999998,9.188509999999997,9.188509999999997,0.0,True
2050,P0143,Yunnan,beccs,0.0,0.0,0.0,0.0,0.0,True
2050,P0143,Yunnan,ammonia,0.0,0.0,0.0,0.0,0.0,True
2050,P0144,Shanxi,unabated,0.0,0.0,0.0,0.0,0.0,True
2050,P0144,Shanxi,retire,1.0,32892597.499999996,26.971929949999996,26.971929949999996,0.0,True
2050,P0144,Shanxi,ccs,0.0,0.0,0.0,0.0,0.0,True
2050,P0144,Shanxi,biomass,0.0,0.0,0.0,0.0,0.0,True
2050,P0144,Shanxi,beccs,0.0,0.0,0.0,0.0,0.0,True
2050,P0144,Shanxi,ammonia,0.0,0.0,0.0,0.0,0.0,True
2050,P0145,Liaoning,unabated,0.0,0.0,0.0,0.0,0.0,True
2050,P0145,Liaoning,retire,0.0,0.0,0.0,0.0,0.0,True
2050,P0145,Liaoning,ccs,0.0,0.0,0.0,0.0,0.0,True
2050,P0145,Liaoning,biomass,1.0,8185847.999999999,6.712395359999999,6.712395359999999,0.0,True
2050,P0145,Liaoning,beccs,0.0,0.0,0.0,0.0,0.0,True
2050,P0145,Liaoning,ammonia,0.0,0.0,0.0,0.0,0.0,True
2050,P0146,Shanxi,unabated,0.0,0.0,0.0,0.0,0.0,True
2050,P0146,Shanxi,retire,1.0,19906850.0,16.323617,16.323617,0.0,True
2050,P0146,Shanxi,ccs,0.0,0.0,0.0,0.0,0.0,True
2050,P0146,Shanxi,biomass,0.0,0.0,0.0,0.0,0.0,True
2050,P0146,Shanxi,beccs,0.0,0.0,0.0,0.0,0.0,True
2050,P0146,Shanxi,ammonia,0.0,0.0,0.0,0.0,0.0,True
2050,P0147,Inner Mongolia,unabated,0.0,0.0,0.0,0.0,0.0,True
2050,P0147,Inner Mongolia,retire,0.0,0.0,0.0,0.0,0.0,True
2050,P0147,Inner Mongolia,ccs,0.0,0.0,0.0,0.0,0.0,True
2050,P0147,Inner Mongolia,biomass,0.4685933504673415,7356109.621774457,6.032009889855055,6.032009889855055,0.0,True
2050,P0147,Inner Mongolia,beccs,0.5314066495326589,8342170.378225548,6.840579710144949,12.997101449275402,7.080000000000022,True
2050,P0147,Inner Mongolia,ammonia,0.0,0.0,0.0,0.0,0.0,True
2050,P0148,Shandong,unabated,0.0,0.0,0.0,0.0,0.0,True
2050,P0148,Shandong,retire,0.0,0.0,0.0,0.0,0.0,True
2050,P0148,Shandong,ccs,0.0,0.0,0.0,0.0,0.0,True
2050,P0148,Shandong,biomass,1.0,9114699.000000002,7.47405318,7.47405318,0.0,True
2050,P0148,Shandong,beccs,0.0,0.0,0.0,0.0,0.0,True
2050,P0148,Shandong,ammonia,0.0,0.0,0.0,0.0,0.0,True
2050,P0149,Shaanxi,unabated,1.0,42384920.0,34.7556344,0.0,0.0,True
2050,P0149,Shaanxi,retire,0.0,0.0,0.0,0.0,0.0,True
2050,P0149,Shaanxi,ccs,0.0,0.0,0.0,0.0,0.0,True
2050,P0149,Shaanxi,biomass,0.0,0.0,0.0,0.0,0.0,True
2050,P0149,Shaanxi,beccs,0.0,0.0,0.0,0.0,0.0,True
2050,P0149,Shaanxi,ammonia,0.0,0.0,0.0,0.0,0.0,True
2050,P0150,Guizhou,unabated,0.0,0.0,0.0,0.0,0.0,True
2050,P0150,Guizhou,retire,0.0,0.0,0.0,0.0,0.0,True
2050,P0150,Guizhou,ccs,0.0,0.0,0.0,0.0,0.0,True
2050,P0150,Guizhou,biomass,1.0,664594.0,0.5449670799999999,0.5449670799999999,0.0,True
2050,P0150,Guizhou,beccs,0.0,0.0,0.0,0.0,0.0,True
2050,P0150,Guizhou,ammonia,0.0,0.0,0.0,0.0,0.0,True
2050,P0151,Shandong,unabated,0.0,0.0,0.0,0.0,0.0,True
2050,P0151,Shandong,retire,1.0,16899262.500000004,13.857395250000001,13.857395250000001,0.0,True
2050,P0151,Shandong,ccs,0.0,0.0,0.0,0.0,0.0,True
2050,P0151,Shandong,biomass,0.0,0.0,0.0,0.0,0.0,True
2050,P0151,Shandong,beccs,0.0,0.0,0.0,0.0,0.0,True
2050,P0151,Shandong,ammonia,0.0,0.0,0.0,0.0,0.0,True
2050,P0152,Guangdong,unabated,0.0,0.0,0.0,0.0,0.0,True
2050,P0152,Guangdong,retire,1.0,6426161.0,5.269452019999999,5.269452019999999,0.0,True
2050,P0152,Guangdong,ccs,0.0,0.0,0.0,0.0,0.0,True
2050,P0152,Guangdong,biomass,0.0,0.0,0.0,0.0,0.0,True
2050,P0152,Guangdong,beccs,0.0,0.0,0.0,0.0,0.0,True
2050,P0152,Guangdong,ammonia,0.0,0.0,0.0,0.0,0.0,True
2050,P0153,Heilongjiang,unabated,0.0,0.0,0.0,0.0,0.0,True
2050,P0153,Heilongjiang,retire,0.0,0.0,0.0,0.0,0.0,True
2050,P0153,Heilongjiang,ccs,0.0,0.0,0.0,0.0,0.0,True
2050,P0153,Heilongjiang,biomass,0.0,0.0,0.0,0.0,0.0,True
2050,P0153,Heilongjiang,beccs,1.0,7391812.500000001,6.06128625,11.516443875,5.855202517499999,True
2050,P0153,Heilongjiang,ammonia,0.0,0.0,0.0,0.0,0.0,True
2050,P0154,Tianjin,unabated,0.0,0.0,0.0,0.0,0.0,True
2050,P0154,Tianjin,retire,0.19742605503590027,5239122.862135391,4.29608074695102,4.29608074695102,0.0,True
2050,P0154,Tianjin,ccs,0.0,0.0,0.0,0.0,0.0,True
2050,P0154,Tianjin,biomass,0.012887470610316476,341996.61183185375,0.28043722170212004,0.28043722170212004,0.0,True
2050,P0154,Tianjin,beccs,0.7896864743537833,20956020.526032757,17.18393683134686,32.64947997955903,17.785374620444,True
2050,P0154,Tianjin,ammonia,0.0,0.0,0.0,0.0,0.0,True
2050,P0155,Shanxi,unabated,0.0,0.0,0.0,0.0,0.0,True
2050,P0155,Shanxi,retire,0.1806724208807785,2561127.141695681,2.1001242561904583,2.1001242561904583,0.0,True
2050,P0155,Shanxi,ccs,0.0,0.0,0.0,0.0,0.0,True
2050,P0155,Shanxi,biomass,0.0,0.0,0.0,0.0,0.0,True
2050,P0155,Shanxi,beccs,0.8193275791192215,11614401.858304318,9.52380952380954,18.095238095238123,9.2,True
2050,P0155,Shanxi,ammonia,0.0,0.0,0.0,0.0,0.0,True
2050,P0156,Yunnan,unabated,0.0,0.0,0.0,0.0,0.0,True
2050,P0156,Yunnan,retire,0.0,0.0,0.0,0.0,0.0,True
2050,P0156,Yunnan,ccs,0.0,0.0,0.0,0.0,0.0,True
2050,P0156,Yunnan,biomass,1.0,2689319.9999999995,2.2052423999999995,2.2052423999999995,0.0,True
2050,P0156,Yunnan,beccs,0.0,0.0,0.0,0.0,0.0,True
2050,P0156,Yunnan,ammonia,0.0,0.0,0.0,0.0,0.0,True
2050,P0157,Guizhou,unabated,0.0,0.0,0.0,0.0,0.0,True
2050,P0157,Guizhou,retire,0.0,0.0,0.0,0.0,0.0,True
2050,P0157,Guizhou,ccs,0.0,0.0,0.0,0.0,0.0,True
2050,P0157,Guizhou,biomass,1.0,24495036.0,20.08592952,20.08592952,0.0,True
2050,P0157,Guizhou,beccs,0.0,0.0,0.0,0.0,0.0,True
2050,P0157,Guizhou,ammonia,0.0,0.0,0.0,0.0,0.0,True
2050,P0158,Guangxi,unabated,0.0,0.0,0.0,0.0,0.0,True
2050,P0158,Guangxi,retire,0.0,0.0,0.0,0.0,0.0,True
2050,P0158,Guangxi,ccs,0.0,0.0,0.0,0.0,0.0,True
2050,P0158,Guangxi,biomass,1.0,7299565.0,5.9856432999999996,5.9856432999999996,0.0,True
2050,P0158,Guangxi,beccs,0.0,0.0,0.0,0.0,0.0,True
2050,P0158,Guangxi,ammonia,0.0,0.0,0.0,0.0,0.0,True
2050,P0159,Fujian,unabated,0.0,0.0,0.0,0.0,0.0,True
2050,P0159,Fujian,retire,0.0,0.0,0.0,0.0,0.0,True
2050,P0159,Fujian,ccs,0.0,0.0,0.0,0.0,0.0,True
2050,P0159,Fujian,biomass,0.16850641932324603,2945549.8389657484,2.4153508679519136,2.4153508679519136,0.0,True
2050,P0159,Fujian,beccs,0.8314935806767543,14534792.161034252,11.918529572048087,22.645206186891365,12.335678107069768,True
2050,P0159,Fujian,ammonia,0.0,0.0,0.0,0.0,0.0,True
2050,P0160,Hubei,unabated,0.0,0.0,0.0,0.0,0.0,True
2050,P0160,Hubei,retire,0.0,0.0,0.0,0.0,0.0,True
2050,P0160,Hubei,ccs,0.0,0.0,0.0,0.0,0.0,True
2050,P0160,Hubei,biomass,0.0,0.0,0.0,0.0,0.0,True
2050,P0160,Hubei,beccs,1.0,16573231.999999998,13.590050239999998,25.821095455999995,14.065701998399998,True
2050,P0160,Hubei,ammonia,0.0,0.0,0.0,0.0,0.0,True
2050,P0161,Zhejiang,unabated,0.0,0.0,0.0,0.0,0.0,True
2050,P0161,Zhejiang,retire,0.0,0.0,0.0,0.0,0.0,True
2050,P0161,Zhejiang,ccs,0.0,0.0,0.0,0.0,0.0,True
2050,P0161,Zhejiang,biomass,0.0,0.0,0.0,0.0,0.0,True
2050,P0161,Zhejiang,beccs,1.0,2629267.5,2.15599935,4.096398765,2.0826953721,True
2050,P0161,Zhejiang,ammonia,0.0,0.0,0.0,0.0,0.0,True
2050,P0162,Shandong,unabated,0.0,0.0,0.0,0.0,0.0,True
2050,P0162,Shandong,retire,0.0,0.0,0.0,0.0,0.0,True
2050,P0162,Shandong,ccs,0.0,0.0,0.0,0.0,0.0,True
2050,P0162,Shandong,biomass,1.0,5974707.0,4.899259739999999,4.899259739999999,0.0,True
2050,P0162,Shandong,beccs,0.0,0.0,0.0,0.0,0.0,True
2050,P0162,Shandong,ammonia,0.0,0.0,0.0,0.0,0.0,True
2050,P0163,Hebei,unabated,0.0,0.0,0.0,0.0,0.0,True
2050,P0163,Hebei,retire,1.0,11583260.0,9.4982732,9.4982732,0.0,True
2050,P0163,Hebei,ccs,0.0,0.0,0.0,0.0,0.0,True
2050,P0163,Hebei,biomass,0.0,0.0,0.0,0.0,0.0,True
2050,P0163,Hebei,beccs,0.0,0.0,0.0,0.0,0.0,True
2050,P0163,Hebei,ammonia,0.0,0.0,0.0,0.0,0.0,True
2050,P0164,Hunan,unabated,0.0,0.0,0.0,0.0,0.0,True
2050,P0164,Hunan,retire,0.0,0.0,0.0,0.0,0.0,True
2050,P0164,Hunan,ccs,0.0,0.0,0.0,0.0,0.0,True
2050,P0164,Hunan,biomass,1.0,12502080.0,10.2517056,10.2517056,0.0,True
2050,P0164,Hunan,beccs,0.0,0.0,0.0,0.0,0.0,True
2050,P0164,Hunan,ammonia,0.0,0.0,0.0,0.0,0.0,True
2050,P0165,Hebei,unabated,0.0,0.0,0.0,0.0,0.0,True
2050,P0165,Hebei,retire,1.0,5346120.0,4.383818399999999,4.383818399999999,0.0,True
2050,P0165,Hebei,ccs,0.0,0.0,0.0,0.0,0.0,True
2050,P0165,Hebei,biomass,0.0,0.0,0.0,0.0,0.0,True
2050,P0165,Hebei,beccs,0.0,0.0,0.0,0.0,0.0,True
2050,P0165,Hebei,ammonia,0.0,0.0,0.0,0.0,0.0,True
2050,P0166,Guangxi,unabated,0.0,0.0,0.0,0.0,0.0,True
2050,P0166,Guangxi,retire,0.0,0.0,0.0,0.0,0.0,True
2050,P0166,Guangxi,ccs,0.0,0.0,0.0,0.0,0.0,True
2050,P0166,Guangxi,biomass,1.0,8807344.0,7.2220220799999995,7.2220220799999995,0.0,True
2050,P0166,Guangxi,beccs,0.0,0.0,0.0,0.0,0.0,True
2050,P0166,Guangxi,ammonia,0.0,0.0,0.0,0.0,0.0,True
2050,P0167,Shandong,unabated,0.0,0.0,0.0,0.0,0.0,True
2050,P0167,Shandong,retire,1.0,52621032.60000001,43.14924673200001,43.14924673200001,0.0,True
2050,P0167,Shandong,ccs,0.0,0.0,0.0,0.0,0.0,True
2050,P0167,Shandong,biomass,0.0,0.0,0.0,0.0,0.0,True
2050,P0167,Shandong,beccs,0.0,0.0,0.0,0.0,0.0,True
2050,P0167,Shandong,ammonia,0.0,0.0,0.0,0.0,0.0,True
2050,P0168,Xinjiang,unabated,0.0,0.0,0.0,0.0,0.0,True
2050,P0168,Xinjiang,retire,0.0,0.0,0.0,0.0,0.0,True
2050,P0168,Xinjiang,ccs,0.04746460613100702,406085.5261965002,0.33299013148113016,0.29969111833301715,0.3446447860829697,True
2050,P0168,Xinjiang,biomass,0.0,0.0,0.0,0.0,0.0,True
2050,P0168,Xinjiang,beccs,0.9525353938689934,8149458.473803502,6.682555948518871,12.696856302185855,6.916445406717032,True
2050,P0168,Xinjiang,ammonia,0.0,0.0,0.0,0.0,0.0,True
2050,P0169,Guizhou,unabated,0.0,0.0,0.0,0.0,0.0,True
2050,P0169,Guizhou,retire,0.0,0.0,0.0,0.0,0.0,True
2050,P0169,Guizhou,ccs,0.0,0.0,0.0,0.0,0.0,True
2050,P0169,Guizhou,biomass,1.0,7120650.0,5.838933,5.838933,0.0,True
2050,P0169,Guizhou,beccs,0.0,0.0,0.0,0.0,0.0,True
2050,P0169,Guizhou,ammonia,0.0,0.0,0.0,0.0,0.0,True
2050,P0170,Shandong,unabated,0.0,0.0,0.0,0.0,0.0,True
2050,P0170,Shandong,retire,1.0,33013527.000000004,27.07109214,27.07109214,0.0,True
2050,P0170,Shandong,ccs,0.0,0.0,0.0,0.0,0.0,True
2050,P0170,Shandong,biomass,0.0,0.0,0.0,0.0,0.0,True
2050,P0170,Shandong,beccs,0.0,0.0,0.0,0.0,0.0,True
2050,P0170,Shandong,ammonia,0.0,0.0,0.0,0.0,0.0,True
2050,P0171,Shaanxi,unabated,0.0,0.0,0.0,0.0,0.0,True
2050,P0171,Shaanxi,retire,1.0,15202300.0,12.465886,12.465886,0.0,True
2050,P0171,Shaanxi,ccs,0.0,0.0,0.0,0.0,0.0,True
2050,P0171,Shaanxi,biomass,0.0,0.0,0.0,0.0,0.0,True
2050,P0171,Shaanxi,beccs,0.0,0.0,0.0,0.0,0.0,True
2050,P0171,Shaanxi,ammonia,0.0,0.0,0.0,0.0,0.0,True
2050,P0172,Sichuan,unabated,0.0,0.0,0.0,0.0,0.0,True
2050,P0172,Sichuan,retire,0.0,0.0,0.0,0.0,0.0,True
2050,P0172,Sichuan,ccs,0.0,0.0,0.0,0.0,0.0,True
2050,P0172,Sichuan,biomass,0.0,0.0,0.0,0.0,0.0,True
2050,P0172,Sichuan,beccs,1.0,16288263.999999998,13.356376479999998,25.377115311999994,12.902259679679995,True
2050,P0172,Sichuan,ammonia,0.0,0.0,0.0,0.0,0.0,True
2050,P0173,Ningxia,unabated,0.0,0.0,0.0,0.0,0.0,True
2050,P0173,Ningxia,retire,1.0,26644024.0,21.84809968,21.84809968,0.0,True
2050,P0173,Ningxia,ccs,0.0,0.0,0.0,0.0,0.0,True
2050,P0173,Ningxia,biomass,0.0,0.0,0.0,0.0,0.0,True
2050,P0173,Ningxia,beccs,0.0,0.0,0.0,0.0,0.0,True
2050,P0173,Ningxia,ammonia,0.0,0.0,0.0,0.0,0.0,True
2050,P0174,Shanxi,unabated,0.0,0.0,0.0,0.0,0.0,True
2050,P0174,Shanxi,retire,1.0,37452655.0,30.711177099999997,30.711177099999997,0.0,True
2050,P0174,Shanxi,ccs,0.0,0.0,0.0,0.0,0.0,True
2050,P0174,Shanxi,biomass,0.0,0.0,0.0,0.0,0.0,True
2050,P0174,Shanxi,beccs,0.0,0.0,0.0,0.0,0.0,True
2050,P0174,Shanxi,ammonia,0.0,0.0,0.0,0.0,0.0,True
2050,P0175,Guizhou,unabated,0.0,0.0,0.0,0.0,0.0,True
2050,P0175,Guizhou,retire,0.0,0.0,0.0,0.0,0.0,True
2050,P0175,Guizhou,ccs,0.0,0.0,0.0,0.0,0.0,True
2050,P0175,Guizhou,biomass,1.0,8544780.0,7.006719599999999,7.006719599999999,0.0,True
2050,P0175,Guizhou,beccs,0.0,0.0,0.0,0.0,0.0,True
2050,P0175,Guizhou,ammonia,0.0,0.0,0.0,0.0,0.0,True
2050,P0176,Hubei,unabated,0.0,0.0,0.0,0.0,0.0,True
2050,P0176,Hubei,retire,0.0,0.0,0.0,0.0,0.0,True
2050,P0176,Hubei,ccs,0.0,0.0,0.0,0.0,0.0,True
2050,P0176,Hubei,biomass,0.5601601302474511,9871769.194566462,8.094850739544498,8.094850739544498,0.0,True
2050,P0176,Hubei,beccs,0.43983986975254935,7751350.805433547,6.356107660455509,12.076604554865467,6.14000000000002,True
2050,P0176,Hubei,ammonia,0.0,0.0,0.0,0.0,0.0,True
2050,P0177,Jilin,unabated,0.0,0.0,0.0,0.0,0.0,True
2050,P0177,Jilin,retire,0.0,0.0,0.0,0.0,0.0,True
2050,P0177,Jilin,ccs,0.0,0.0,0.0,0.0,0.0,True
2050,P0177,Jilin,biomass,1.0,7460084.0,6.11726888,6.11726888,0.0,True
2050,P0177,Jilin,beccs,0.0,0.0,0.0,0.0,0.0,True
2050,P0177,Jilin,ammonia,0.0,0.0,0.0,0.0,0.0,True
2050,P0178,Shaanxi,unabated,0.0,0.0,0.0,0.0,0.0,True
2050,P0178,Shaanxi,retire,0.0,0.0,0.0,0.0,0.0,True
2050,P0178,Shaanxi,ccs,0.0,0.0,0.0,0.0,0.0,True
2050,P0178,Shaanxi,biomass,0.0,0.0,0.0,0.0,0.0,True
2050,P0178,Shaanxi,beccs,1.0,6353200.0,5.209624,9.8982856,5.391960839999999,True
2050,P0178,Shaanxi,ammonia,0.0,0.0,0.0,0.0,0.0,True
2050,P0179,Fujian,unabated,0.0,0.0,0.0,0.0,0.0,True
2050,P0179,Fujian,retire,1.0,32038749.999999996,26.271774999999995,26.271774999999995,0.0,True
2050,P0179,Fujian,ccs,0.0,0.0,0.0,0.0,0.0,True
2050,P0179,Fujian,biomass,0.0,0.0,0.0,0.0,0.0,True
2050,P0179,Fujian,beccs,0.0,0.0,0.0,0.0,0.0,True
2050,P0179,Fujian,ammonia,0.0,0.0,0.0,0.0,0.0,True
2050,P0180,Inner Mongolia,unabated,1.0,7547250.0,6.188745,0.0,0.0,True
2050,P0180,Inner Mongolia,retire,0.0,0.0,0.0,0.0,0.0,True
2050,P0180,Inner Mongolia,ccs,0.0,0.0,0.0,0.0,0.0,True
2050,P0180,Inner Mongolia,biomass,0.0,0.0,0.0,0.0,0.0,True
2050,P0180,Inner Mongolia,beccs,0.0,0.0,0.0,0.0,0.0,True
2050,P0180,Inner Mongolia,ammonia,0.0,0.0,0.0,0.0,0.0,True
2050,P0181,Xinjiang,unabated,0.0,0.0,0.0,0.0,0.0,True
2050,P0181,Xinjiang,retire,0.0,0.0,0.0,0.0,0.0,True
2050,P0181,Xinjiang,ccs,1.0,22999625.999999996,18.859693319999998,16.973723988,19.519782586199998,True
2050,P0181,Xinjiang,biomass,0.0,0.0,0.0,0.0,0.0,True
2050,P0181,Xinjiang,beccs,0.0,0.0,0.0,0.0,0.0,True
2050,P0181,Xinjiang,ammonia,0.0,0.0,0.0,0.0,0.0,True
2050,P0182,Jiangxi,unabated,0.0,0.0,0.0,0.0,0.0,True
2050,P0182,Jiangxi,retire,0.0,0.0,0.0,0.0,0.0,True
2050,P0182,Jiangxi,ccs,0.0,0.0,0.0,0.0,0.0,True
2050,P0182,Jiangxi,biomass,1.0,27707083.2,22.719808224,22.719808224,0.0,True
2050,P0182,Jiangxi,beccs,0.0,0.0,0.0,0.0,0.0,True
2050,P0182,Jiangxi,ammonia,0.0,0.0,0.0,0.0,0.0,True
2050,P0183,Xinjiang,unabated,0.0,0.0,0.0,0.0,0.0,True
2050,P0183,Xinjiang,retire,0.0,0.0,0.0,0.0,0.0,True
2050,P0183,Xinjiang,ccs,0.0,0.0,0.0,0.0,0.0,True
2050,P0183,Xinjiang,biomass,1.0,1425923.9999999998,1.1692576799999996,1.1692576799999996,0.0,True
2050,P0183,Xinjiang,beccs,0.0,0.0,0.0,0.0,0.0,True
2050,P0183,Xinjiang,ammonia,0.0,0.0,0.0,0.0,0.0,True
2050,P0184,Shandong,unabated,0.0,0.0,0.0,0.0,0.0,True
2050,P0184,Shandong,retire,0.0630996590658808,1785943.6612578612,1.4644738022314459,1.4644738022314459,0.0,True
2050,P0184,Shandong,ccs,0.0,0.0,0.0,0.0,0.0,True
2050,P0184,Shandong,biomass,0.9369003409341192,26517595.338742144,21.744428177768555,21.744428177768555,0.0,True
2050,P0184,Shandong,beccs,0.0,0.0,0.0,0.0,0.0,True
2050,P0184,Shandong,ammonia,0.0,0.0,0.0,0.0,0.0,True
2050,P0185,Guizhou,unabated,0.0,0.0,0.0,0.0,0.0,True
2050,P0185,Guizhou,retire,0.0,0.0,0.0,0.0,0.0,True
2050,P0185,Guizhou,ccs,0.0,0.0,0.0,0.0,0.0,True
2050,P0185,Guizhou,biomass,1.0,7120650.0,5.838933,5.838933,0.0,True
2050,P0185,Guizhou,beccs,0.0,0.0,0.0,0.0,0.0,True
2050,P0185,Guizhou,ammonia,0.0,0.0,0.0,0.0,0.0,True
2050,P0186,Ningxia,unabated,1.0,24108865.0,19.769269299999998,0.0,0.0,True
2050,P0186,Ningxia,retire,0.0,0.0,0.0,0.0,0.0,True
2050,P0186,Ningxia,ccs,0.0,0.0,0.0,0.0,0.0,True
2050,P0186,Ningxia,biomass,0.0,0.0,0.0,0.0,0.0,True
2050,P0186,Ningxia,beccs,0.0,0.0,0.0,0.0,0.0,True
2050,P0186,Ningxia,ammonia,0.0,0.0,0.0,0.0,0.0,True
2050,P0187,Inner Mongolia,unabated,0.0,0.0,0.0,0.0,0.0,True
2050,P0187,Inner Mongolia,retire,0.0,0.0,0.0,0.0,0.0,True
2050,P0187,Inner Mongolia,ccs,0.0,0.0,0.0,0.0,0.0,True
2050,P0187,Inner Mongolia,biomass,0.0,0.0,0.0,0.0,0.0,True
2050,P0187,Inner Mongolia,beccs,1.0,1006300.0,0.825166,1.5678153999999997,0.8540468099999999,True
2050,P0187,Inner Mongolia,ammonia,0.0,0.0,0.0,0.0,0.0,True
2050,P0188,Xinjiang,unabated,1.0,21124800.0,17.322336,0.0,0.0,True
2050,P0188,Xinjiang,retire,0.0,0.0,0.0,0.0,0.0,True
2050,P0188,Xinjiang,ccs,0.0,0.0,0.0,0.0,0.0,True
2050,P0188,Xinjiang,biomass,0.0,0.0,0.0,0.0,0.0,True
2050,P0188,Xinjiang,beccs,0.0,0.0,0.0,0.0,0.0,True
2050,P0188,Xinjiang,ammonia,0.0,0.0,0.0,0.0,0.0,True
2050,P0189,Yunnan,unabated,0.0,0.0,0.0,0.0,0.0,True
2050,P0189,Yunnan,retire,0.0,0.0,0.0,0.0,0.0,True
2050,P0189,Yunnan,ccs,0.0,0.0,0.0,0.0,0.0,True
2050,P0189,Yunnan,biomass,1.0,4482200.0,3.675404,3.675404,0.0,True
2050,P0189,Yunnan,beccs,0.0,0.0,0.0,0.0,0.0,True
2050,P0189,Yunnan,ammonia,0.0,0.0,0.0,0.0,0.0,True
2050,P0190,Jiangsu,unabated,0.0,0.0,0.0,0.0,0.0,True
2050,P0190,Jiangsu,retire,0.0,0.0,0.0,0.0,0.0,True
2050,P0190,Jiangsu,ccs,0.0,0.0,0.0,0.0,0.0,True
2050,P0190,Jiangsu,biomass,0.0,0.0,0.0,0.0,0.0,True
2050,P0190,Jiangsu,beccs,1.0,11234720.0,9.2124704,17.50369376,8.8992464064,True
2050,P0190,Jiangsu,ammonia,0.0,0.0,0.0,0.0,0.0,True
2050,P0191,Hunan,unabated,0.0,0.0,0.0,0.0,0.0,True
2050,P0191,Hunan,retire,0.0,0.0,0.0,0.0,0.0,True
2050,P0191,Hunan,ccs,0.0,0.0,0.0,0.0,0.0,True
2050,P0191,Hunan,biomass,1.0,8204490.0,6.7276818,6.7276818,0.0,True
2050,P0191,Hunan,beccs,0.0,0.0,0.0,0.0,0.0,True
2050,P0191,Hunan,ammonia,0.0,0.0,0.0,0.0,0.0,True
2050,P0192,Shaanxi,unabated,0.0,0.0,0.0,0.0,0.0,True
2050,P0192,Shaanxi,retire,0.0,0.0,0.0,0.0,0.0,True
2050,P0192,Shaanxi,ccs,0.0,0.0,0.0,0.0,0.0,True
2050,P0192,Shaanxi,biomass,0.0,0.0,0.0,0.0,0.0,True
2050,P0192,Shaanxi,beccs,1.0,15519960.0,12.726367199999999,24.180097679999996,13.171790051999997,True
2050,P0192,Shaanxi,ammonia,0.0,0.0,0.0,0.0,0.0,True
2050,P0193,Guangxi,unabated,0.0,0.0,0.0,0.0,0.0,True
2050,P0193,Guangxi,retire,0.0,0.0,0.0,0.0,0.0,True
2050,P0193,Guangxi,ccs,0.0,0.0,0.0,0.0,0.0,True
2050,P0193,Guangxi,biomass,1.0,6557642.0,5.37726644,5.37726644,0.0,True
2050,P0193,Guangxi,beccs,0.0,0.0,0.0,0.0,0.0,True
2050,P0193,Guangxi,ammonia,0.0,0.0,0.0,0.0,0.0,True
2050,P0194,Shaanxi,unabated,0.0,0.0,0.0,0.0,0.0,True
2050,P0194,Shaanxi,retire,0.0,0.0,0.0,0.0,0.0,True
2050,P0194,Shaanxi,ccs,0.0,0.0,0.0,0.0,0.0,True
2050,P0194,Shaanxi,biomass,1.0,2995080.0,2.4559655999999994,2.4559655999999994,0.0,True
2050,P0194,Shaanxi,beccs,0.0,0.0,0.0,0.0,0.0,True
2050,P0194,Shaanxi,ammonia,0.0,0.0,0.0,0.0,0.0,True
2050,P0195,Sichuan,unabated,0.0,0.0,0.0,0.0,0.0,True
2050,P0195,Sichuan,retire,0.0,0.0,0.0,0.0,0.0,True
2050,P0195,Sichuan,ccs,0.0,0.0,0.0,0.0,0.0,True
2050,P0195,Sichuan,biomass,1.0,2997839.9999999995,2.458228799999999,2.458228799999999,0.0,True
2050,P0195,Sichuan,beccs,0.0,0.0,0.0,0.0,0.0,True
2050,P0195,Sichuan,ammonia,0.0,0.0,0.0,0.0,0.0,True
2050,P0196,Xinjiang,unabated,0.0,0.0,0.0,0.0,0.0,True
2050,P0196,Xinjiang,retire,0.0,0.0,0.0,0.0,0.0,True
2050,P0196,Xinjiang,ccs,0.0,0.0,0.0,0.0,0.0,True
2050,P0196,Xinjiang,biomass,1.0,633743.9999999999,0.5196700799999999,0.5196700799999999,0.0,True
2050,P0196,Xinjiang,beccs,0.0,0.0,0.0,0.0,0.0,True
2050,P0196,Xinjiang,ammonia,0.0,0.0,0.0,0.0,0.0,True
2050,P0197,Fujian,unabated,0.0,0.0,0.0,0.0,0.0,True
2050,P0197,Fujian,retire,0.0,0.0,0.0,0.0,0.0,True
2050,P0197,Fujian,ccs,0.0,0.0,0.0,0.0,0.0,True
2050,P0197,Fujian,biomass,0.0,0.0,0.0,0.0,0.0,True
2050,P0197,Fujian,beccs,1.0,6766584.0,5.54859888,10.542337872,5.7427998408,True
2050,P0197,Fujian,ammonia,0.0,0.0,0.0,0.0,0.0,True
2050,P0198,Gansu,unabated,0.0,0.0,0.0,0.0,0.0,True
2050,P0198,Gansu,retire,0.0,0.0,0.0,0.0,0.0,True
2050,P0198,Gansu,ccs,0.0,0.0,0.0,0.0,0.0,True
2050,P0198,Gansu,biomass,1.0,2765136.0,2.26741152,2.26741152,0.0,True
2050,P0198,Gansu,beccs,0.0,0.0,0.0,0.0,0.0,True
2050,P0198,Gansu,ammonia,0.0,0.0,0.0,0.0,0.0,True
2050,P0199,Inner Mongolia,unabated,0.0,0.0,0.0,0.0,0.0,True
2050,P0199,Inner Mongolia,retire,0.0,0.0,0.0,0.0,0.0,True
2050,P0199,Inner Mongolia,ccs,0.0,0.0,0.0,0.0,0.0,True
2050,P0199,Inner Mongolia,biomass,1.0,1308190.0,1.0727158,1.0727158,0.0,True
2050,P0199,Inner Mongolia,beccs,0.0,0.0,0.0,0.0,0.0,True
2050,P0199,Inner Mongolia,ammonia,0.0,0.0,0.0,0.0,0.0,True
2050,P0200,Xinjiang,unabated,0.0,0.0,0.0,0.0,0.0,True
2050,P0200,Xinjiang,retire,0.0,0.0,0.0,0.0,0.0,True
2050,P0200,Xinjiang,ccs,0.4824827600144896,5147137.663420814,4.220652884005067,3.7985875956045607,4.368375734945245,True
2050,P0200,Xinjiang,biomass,0.0,0.0,0.0,0.0,0.0,True
2050,P0200,Xinjiang,beccs,0.5175172399853817,5520886.33657781,4.527126795993804,8.601540912388227,4.6855762338535865,True
2050,P0200,Xinjiang,ammonia,0.0,0.0,0.0,0.0,0.0,True
2050,P0201,Heilongjiang,unabated,0.0,0.0,0.0,0.0,0.0,True
2050,P0201,Heilongjiang,retire,0.0,0.0,0.0,0.0,0.0,True
2050,P0201,Heilongjiang,ccs,0.0,0.0,0.0,0.0,0.0,True
2050,P0201,Heilongjiang,biomass,0.0,0.0,0.0,0.0,0.0,True
2050,P0201,Heilongjiang,beccs,1.0,2434950.0000000005,1.9966590000000002,3.7936521,2.066542065,True
2050,P0201,Heilongjiang,ammonia,0.0,0.0,0.0,0.0,0.0,True
2050,P0202,Jiangxi,unabated,0.0,0.0,0.0,0.0,0.0,True
2050,P0202,Jiangxi,retire,0.0,0.0,0.0,0.0,0.0,True
2050,P0202,Jiangxi,ccs,0.0,0.0,0.0,0.0,0.0,True
2050,P0202,Jiangxi,biomass,1.0,9151488.0,7.504220159999999,7.504220159999999,0.0,True
2050,P0202,Jiangxi,beccs,0.0,0.0,0.0,0.0,0.0,True
2050,P0202,Jiangxi,ammonia,0.0,0.0,0.0,0.0,0.0,True
2050,P0203,Inner Mongolia,unabated,0.26460112621231197,1797309.764825284,1.473794007156733,0.0,0.0,True
2050,P0203,Inner Mongolia,retire,0.0,0.0,0.0,0.0,0.0,True
2050,P0203,Inner Mongolia,ccs,0.0,0.0,0.0,0.0,0.0,True
2050,P0203,Inner Mongolia,biomass,0.7353988737876894,4995215.235174725,4.096076492843274,4.096076492843274,0.0,True
2050,P0203,Inner Mongolia,beccs,0.0,0.0,0.0,0.0,0.0,True
2050,P0203,Inner Mongolia,ammonia,0.0,0.0,0.0,0.0,0.0,True
2050,P0204,Heilongjiang,unabated,0.0,0.0,0.0,0.0,0.0,True
2050,P0204,Heilongjiang,retire,0.0,0.0,0.0,0.0,0.0,True
2050,P0204,Heilongjiang,ccs,0.0,0.0,0.0,0.0,0.0,True
2050,P0204,Heilongjiang,biomass,0.0,0.0,0.0,0.0,0.0,True
2050,P0204,Heilongjiang,beccs,1.0,2434950.0000000005,1.9966590000000002,3.7936521,2.066542065,True
2050,P0204,Heilongjiang,ammonia,0.0,0.0,0.0,0.0,0.0,True
2050,P0205,Inner Mongolia,unabated,0.0,0.0,0.0,0.0,0.0,True
2050,P0205,Inner Mongolia,retire,0.0,0.0,0.0,0.0,0.0,True
2050,P0205,Inner Mongolia,ccs,0.0,0.0,0.0,0.0,0.0,True
2050,P0205,Inner Mongolia,biomass,0.0,0.0,0.0,0.0,0.0,True
2050,P0205,Inner Mongolia,beccs,1.0,3018899.9999999995,2.4754979999999995,4.703446199999999,2.391331067999999,True
2050,P0205,Inner Mongolia,ammonia,0.0,0.0,0.0,0.0,0.0,True
2050,P0206,Hubei,unabated,0.0,0.0,0.0,0.0,0.0,True
2050,P0206,Hubei,retire,0.0,0.0,0.0,0.0,0.0,True
2050,P0206,Hubei,ccs,0.0,0.0,0.0,0.0,0.0,True
2050,P0206,Hubei,biomass,1.0,3937080.0,3.2284055999999994,3.2284055999999994,0.0,True
2050,P0206,Hubei,beccs,0.0,0.0,0.0,0.0,0.0,True
2050,P0206,Hubei,ammonia,0.0,0.0,0.0,0.0,0.0,True
2050,P0207,Xinjiang,unabated,0.0,0.0,0.0,0.0,0.0,True
2050,P0207,Xinjiang,retire,0.0,0.0,0.0,0.0,0.0,True
2050,P0207,Xinjiang,ccs,1.0,47530800.0,38.975256,35.0777304,40.33938996,True
2050,P0207,Xinjiang,biomass,0.0,0.0,0.0,0.0,0.0,True
2050,P0207,Xinjiang,beccs,0.0,0.0,0.0,0.0,0.0,True
2050,P0207,Xinjiang,ammonia,0.0,0.0,0.0,0.0,0.0,True
2050,P0208,Sichuan,unabated,0.0,0.0,0.0,0.0,0.0,True
2050,P0208,Sichuan,retire,0.0,0.0,0.0,0.0,0.0,True
2050,P0208,Sichuan,ccs,0.0,0.0,0.0,0.0,0.0,True
2050,P0208,Sichuan,biomass,1.0,1648811.9999999998,1.3520258399999996,1.3520258399999996,0.0,True
2050,P0208,Sichuan,beccs,0.0,0.0,0.0,0.0,0.0,True
2050,P0208,Sichuan,ammonia,0.0,0.0,0.0,0.0,0.0,True
2050,P0209,Zhejiang,unabated,0.0,0.0,0.0,0.0,0.0,True
2050,P0209,Zhejiang,retire,0.0,0.0,0.0,0.0,0.0,True
2050,P0209,Zhejiang,ccs,0.0,0.0,0.0,0.0,0.0,True
2050,P0209,Zhejiang,biomass,0.0,0.0,0.0,0.0,0.0,True
2050,P0209,Zhejiang,beccs,1.0,13284720.000000002,10.8934704,20.69759376,10.523092406399998,True
2050,P0209,Zhejiang,ammonia,0.0,0.0,0.0,0.0,0.0,True
2050,P0210,Anhui,unabated,0.0,0.0,0.0,0.0,0.0,True
2050,P0210,Anhui,retire,0.0,0.0,0.0,0.0,0.0,True
2050,P0210,Anhui,ccs,0.0,0.0,0.0,0.0,0.0,True
2050,P0210,Anhui,biomass,1.0,6708372.000000001,5.50086504,5.50086504,0.0,True
2050,P0210,Anhui,beccs,0.0,0.0,0.0,0.0,0.0,True
2050,P0210,Anhui,ammonia,0.0,0.0,0.0,0.0,0.0,True
2050,P0211,Henan,unabated,0.0,0.0,0.0,0.0,0.0,True
2050,P0211,Henan,retire,0.0,0.0,0.0,0.0,0.0,True
2050,P0211,Henan,ccs,0.0,0.0,0.0,0.0,0.0,True
2050,P0211,Henan,biomass,1.0,4535496.0,3.7191067199999996,3.7191067199999996,0.0,True
2050,P0211,Henan,beccs,0.0,0.0,0.0,0.0,0.0,True
2050,P0211,Henan,ammonia,0.0,0.0,0.0,0.0,0.0,True
2050,P0212,Gansu,unabated,0.0,0.0,0.0,0.0,0.0,True
2050,P0212,Gansu,retire,1.0,11102440.0,9.1040008,9.1040008,0.0,True
2050,P0212,Gansu,ccs,0.0,0.0,0.0,0.0,0.0,True
2050,P0212,Gansu,biomass,0.0,0.0,0.0,0.0,0.0,True
2050,P0212,Gansu,beccs,0.0,0.0,0.0,0.0,0.0,True
2050,P0212,Gansu,ammonia,0.0,0.0,0.0,0.0,0.0,True
2050,P0213,Hubei,unabated,0.0,0.0,0.0,0.0,0.0,True
2050,P0213,Hubei,retire,0.0,0.0,0.0,0.0,0.0,True
2050,P0213,Hubei,ccs,0.0,0.0,0.0,0.0,0.0,True
2050,P0213,Hubei,biomass,1.0,13761032.0,11.28404624,11.28404624,0.0,True
2050,P0213,Hubei,beccs,0.0,0.0,0.0,0.0,0.0,True
2050,P0213,Hubei,ammonia,0.0,0.0,0.0,0.0,0.0,True
2050,P0214,Xinjiang,unabated,0.0,0.0,0.0,0.0,0.0,True
2050,P0214,Xinjiang,retire,0.0,0.0,0.0,0.0,0.0,True
2050,P0214,Xinjiang,ccs,1.0,5096358.0,4.17901356,3.761112204,4.325279034599999,True
2050,P0214,Xinjiang,biomass,0.0,0.0,0.0,0.0,0.0,True
2050,P0214,Xinjiang,beccs,0.0,0.0,0.0,0.0,0.0,True
2050,P0214,Xinjiang,ammonia,0.0,0.0,0.0,0.0,0.0,True
2050,P0215,Hebei,unabated,0.0,0.0,0.0,0.0,0.0,True
2050,P0215,Hebei,retire,0.0,0.0,0.0,0.0,0.0,True
2050,P0215,Hebei,ccs,0.0,0.0,0.0,0.0,0.0,True
2050,P0215,Hebei,biomass,0.8711961383993416,5123271.0093614375,4.201082227676379,4.201082227676379,0.0,True
2050,P0215,Hebei,beccs,0.12880386160065904,757460.990638567,0.6211180123236248,1.1801242234148872,0.6,True
2050,P0215,Hebei,ammonia,0.0,0.0,0.0,0.0,0.0,True
2050,P0216,Heilongjiang,unabated,0.0,0.0,0.0,0.0,0.0,True
2050,P0216,Heilongjiang,retire,0.0,0.0,0.0,0.0,0.0,True
2050,P0216,Heilongjiang,ccs,0.0,0.0,0.0,0.0,0.0,True
2050,P0216,Heilongjiang,biomass,1.0,347850.0,0.285237,0.285237,0.0,True
2050,P0216,Heilongjiang,beccs,0.0,0.0,0.0,0.0,0.0,True
2050,P0216,Heilongjiang,ammonia,0.0,0.0,0.0,0.0,0.0,True
2050,P0217,Hainan,unabated,0.0,0.0,0.0,0.0,0.0,True
2050,P0217,Hainan,retire,0.0,0.0,0.0,0.0,0.0,True
2050,P0217,Hainan,ccs,0.0,0.0,0.0,0.0,0.0,True
2050,P0217,Hainan,biomass,0.0,0.0,0.0,0.0,0.0,True
2050,P0217,Hainan,beccs,1.0,1509270.0,1.2376014,2.35144266,1.1955229524,True
2050,P0217,Hainan,ammonia,0.0,0.0,0.0,0.0,0.0,True
2050,P0218,Hubei,unabated,0.0,0.0,0.0,0.0,0.0,True
2050,P0218,Hubei,retire,0.0,0.0,0.0,0.0,0.0,True
2050,P0218,Hubei,ccs,0.0,0.0,0.0,0.0,0.0,True
2050,P0218,Hubei,biomass,1.0,7424207.999999999,6.087850559999999,6.087850559999999,0.0,True
2050,P0218,Hubei,beccs,0.0,0.0,0.0,0.0,0.0,True
2050,P0218,Hubei,ammonia,0.0,0.0,0.0,0.0,0.0,True
2050,P0219,Jilin,unabated,0.0,0.0,0.0,0.0,0.0,True
2050,P0219,Jilin,retire,0.0,0.0,0.0,0.0,0.0,True
2050,P0219,Jilin,ccs,0.0,0.0,0.0,0.0,0.0,True
2050,P0219,Jilin,biomass,0.0,0.0,0.0,0.0,0.0,True
2050,P0219,Jilin,beccs,1.0,2933334.0,2.4053338799999997,4.570134371999999,2.323552528079999,True
2050,P0219,Jilin,ammonia,0.0,0.0,0.0,0.0,0.0,True
2050,P0220,Hebei,unabated,0.0,0.0,0.0,0.0,0.0,True
2050,P0220,Hebei,retire,0.0,0.0,0.0,0.0,0.0,True
2050,P0220,Hebei,ccs,0.0,0.0,0.0,0.0,0.0,True
2050,P0220,Hebei,biomass,1.0,5880732.000000001,4.82220024,4.82220024,0.0,True
2050,P0220,Hebei,beccs,0.0,0.0,0.0,0.0,0.0,True
2050,P0220,Hebei,ammonia,0.0,0.0,0.0,0.0,0.0,True
2050,P0221,Gansu,unabated,0.0,0.0,0.0,0.0,0.0,True
2050,P0221,Gansu,retire,0.0,0.0,0.0,0.0,0.0,True
2050,P0221,Gansu,ccs,0.0,0.0,0.0,0.0,0.0,True
2050,P0221,Gansu,biomass,1.0,17303048.0,14.18849936,14.18849936,0.0,True
2050,P0221,Gansu,beccs,0.0,0.0,0.0,0.0,0.0,True
2050,P0221,Gansu,ammonia,0.0,0.0,0.0,0.0,0.0,True
2050,P0222,Jiangxi,unabated,0.0,0.0,0.0,0.0,0.0,True
2050,P0222,Jiangxi,retire,0.0,0.0,0.0,0.0,0.0,True
2050,P0222,Jiangxi,ccs,0.0,0.0,0.0,0.0,0.0,True
2050,P0222,Jiangxi,biomass,1.0,19065600.0,15.633791999999998,15.633791999999998,0.0,True
2050,P0222,Jiangxi,beccs,0.0,0.0,0.0,0.0,0.0,True
2050,P0222,Jiangxi,ammonia,0.0,0.0,0.0,0.0,0.0,True
2050,P0223,Anhui,unabated,0.0,0.0,0.0,0.0,0.0,True
2050,P0223,Anhui,retire,1.0,32652492.500000004,26.775043850000003,26.775043850000003,0.0,True
2050,P0223,Anhui,ccs,0.0,0.0,0.0,0.0,0.0,True
2050,P0223,Anhui,biomass,0.0,0.0,0.0,0.0,0.0,True
2050,P0223,Anhui,beccs,0.0,0.0,0.0,0.0,0.0,True
2050,P0223,Anhui,ammonia,0.0,0.0,0.0,0.0,0.0,True
2050,P0224,Xinjiang,unabated,0.0,0.0,0.0,0.0,0.0,True
2050,P0224,Xinjiang,retire,0.0,0.0,0.0,0.0,0.0,True
2050,P0224,Xinjiang,ccs,0.16753472142020878,973262.8078408472,0.7980755024294945,0.718267952186545,0.8260081450145267,True
2050,P0224,Xinjiang,biomass,0.0,0.0,0.0,0.0,0.0,True
2050,P0224,Xinjiang,beccs,0.8324652785797915,4836057.1921591535,3.965566897570505,7.534577105383959,4.104361738985472,True
2050,P0224,Xinjiang,ammonia,0.0,0.0,0.0,0.0,0.0,True
2050,P0225,Heilongjiang,unabated,0.0,0.0,0.0,0.0,0.0,True
2050,P0225,Heilongjiang,retire,0.0,0.0,0.0,0.0,0.0,True
2050,P0225,Heilongjiang,ccs,0.0,0.0,0.0,0.0,0.0,True
2050,P0225,Heilongjiang,biomass,1.0,4174200.0,3.422844,3.422844,0.0,True
2050,P0225,Heilongjiang,beccs,0.0,0.0,0.0,0.0,0.0,True
2050,P0225,Heilongjiang,ammonia,0.0,0.0,0.0,0.0,0.0,True
2050,P0226,Anhui,unabated,0.0,0.0,0.0,0.0,0.0,True
2050,P0226,Anhui,retire,0.0,0.0,0.0,0.0,0.0,True
2050,P0226,Anhui,ccs,0.0,0.0,0.0,0.0,0.0,True
2050,P0226,Anhui,biomass,1.0,13416744.000000002,11.00173008,11.00173008,0.0,True
2050,P0226,Anhui,beccs,0.0,0.0,0.0,0.0,0.0,True
2050,P0226,Anhui,ammonia,0.0,0.0,0.0,0.0,0.0,True
2050,P0227,Shanxi,unabated,0.19191193000814422,3287288.2358990037,2.6955763534371826,0.0,0.0,True
2050,P0227,Shanxi,retire,0.0,0.0,0.0,0.0,0.0,True
2050,P0227,Shanxi,ccs,0.0,0.0,0.0,0.0,0.0,True
2050,P0227,Shanxi,biomass,0.07287715492398412,1248323.7182661628,1.0236254489782532,1.0236254489782532,0.0,True
2050,P0227,Shanxi,beccs,0.7352109150678716,12593538.045834834,10.326701197584562,19.620732275410667,10.688135739500023,True
2050,P0227,Shanxi,ammonia,0.0,0.0,0.0,0.0,0.0,True
2050,P0228,Liaoning,unabated,0.0,0.0,0.0,0.0,0.0,True
2050,P0228,Liaoning,retire,0.0,0.0,0.0,0.0,0.0,True
2050,P0228,Liaoning,ccs,0.0,0.0,0.0,0.0,0.0,True
2050,P0228,Liaoning,biomass,0.0,0.0,0.0,0.0,0.0,True
2050,P0228,Liaoning,beccs,1.0,3720839.9999999995,3.051088799999999,5.797068719999998,2.9473517807999987,True
2050,P0228,Liaoning,ammonia,0.0,0.0,0.0,0.0,0.0,True
2050,P0229,Henan,unabated,0.0,0.0,0.0,0.0,0.0,True
2050,P0229,Henan,retire,0.0,0.0,0.0,0.0,0.0,True
2050,P0229,Henan,ccs,0.0,0.0,0.0,0.0,0.0,True
2050,P0229,Henan,biomass,1.0,13426508.0,11.009736559999999,11.009736559999999,0.0,True
2050,P0229,Henan,beccs,0.0,0.0,0.0,0.0,0.0,True
2050,P0229,Henan,ammonia,0.0,0.0,0.0,0.0,0.0,True
2050,P0230,Inner Mongolia,unabated,1.0,6641580.0,5.4460956,0.0,0.0,True
2050,P0230,Inner Mongolia,retire,0.0,0.0,0.0,0.0,0.0,True
2050,P0230,Inner Mongolia,ccs,0.0,0.0,0.0,0.0,0.0,True
2050,P0230,Inner Mongolia,biomass,0.0,0.0,0.0,0.0,0.0,True
2050,P0230,Inner Mongolia,beccs,0.0,0.0,0.0,0.0,0.0,True
2050,P0230,Inner Mongolia,ammonia,0.0,0.0,0.0,0.0,0.0,True
2050,P0231,Fujian,unabated,0.0,0.0,0.0,0.0,0.0,True
2050,P0231,Fujian,retire,0.0,0.0,0.0,0.0,0.0,True
2050,P0231,Fujian,ccs,0.0,0.0,0.0,0.0,0.0,True
2050,P0231,Fujian,biomass,1.0,6151440.0,5.0441807999999995,5.0441807999999995,0.0,True
2050,P0231,Fujian,beccs,0.0,0.0,0.0,0.0,0.0,True
2050,P0231,Fujian,ammonia,0.0,0.0,0.0,0.0,0.0,True
2050,P0232,Inner Mongolia,unabated,0.0,0.0,0.0,0.0,0.0,True
2050,P0232,Inner Mongolia,retire,0.0,0.0,0.0,0.0,0.0,True
2050,P0232,Inner Mongolia,ccs,0.0,0.0,0.0,0.0,0.0,True
2050,P0232,Inner Mongolia,biomass,0.0015569373104936815,9400.476093298748,0.007708390396504974,0.007708390396504974,0.0,True
2050,P0232,Inner Mongolia,beccs,0.9984430626895079,6028399.52390671,4.943287609603502,9.392246458246653,5.116302675939624,True
2050,P0232,Inner Mongolia,ammonia,0.0,0.0,0.0,0.0,0.0,True
2050,P0233,Xinjiang,unabated,0.0,0.0,0.0,0.0,0.0,True
2050,P0233,Xinjiang,retire,0.0,0.0,0.0,0.0,0.0,True
2050,P0233,Xinjiang,ccs,0.0,0.0,0.0,0.0,0.0,True
2050,P0233,Xinjiang,biomass,0.0,0.0,0.0,0.0,0.0,True
2050,P0233,Xinjiang,beccs,1.0,3168719.9999999995,2.5983503999999993,4.936865759999998,2.6892926639999994,True
2050,P0233,Xinjiang,ammonia,0.0,0.0,0.0,0.0,0.0,True
2050,P0234,Hunan,unabated,0.0,0.0,0.0,0.0,0.0,True
2050,P0234,Hunan,retire,0.0,0.0,0.0,0.0,0.0,True
2050,P0234,Hunan,ccs,0.0,0.0,0.0,0.0,0.0,True
2050,P0234,Hunan,biomass,1.0,234414.0,0.19221947999999997,0.19221947999999997,0.0,True
2050,P0234,Hunan,beccs,0.0,0.0,0.0,0.0,0.0,True
2050,P0234,Hunan,ammonia,0.0,0.0,0.0,0.0,0.0,True
2050,P0235,Inner Mongolia,unabated,1.0,13283160.0,10.8921912,0.0,0.0,True
2050,P0235,Inner Mongolia,retire,0.0,0.0,0.0,0.0,0.0,True
2050,P0235,Inner Mongolia,ccs,0.0,0.0,0.0,0.0,0.0,True
2050,P0235,Inner Mongolia,biomass,0.0,0.0,0.0,0.0,0.0,True
2050,P0235,Inner Mongolia,beccs,0.0,0.0,0.0,0.0,0.0,True
2050,P0235,Inner Mongolia,ammonia,0.0,0.0,0.0,0.0,0.0,True
2050,P0236,Henan,unabated,0.0,0.0,0.0,0.0,0.0,True
2050,P0236,Henan,retire,0.03544556143265509,680053.8628328115,0.5576441675229055,0.5576441675229055,0.0,True
2050,P0236,Henan,ccs,0.0,0.0,0.0,0.0,0.0,True
2050,P0236,Henan,biomass,0.9645544385673449,18505814.13716719,15.174767592477094,15.174767592477094,0.0,True
2050,P0236,Henan,beccs,0.0,0.0,0.0,0.0,0.0,True
2050,P0236,Henan,ammonia,0.0,0.0,0.0,0.0,0.0,True
2050,P0237,Jiangxi,unabated,0.0,0.0,0.0,0.0,0.0,True
2050,P0237,Jiangxi,retire,0.0,0.0,0.0,0.0,0.0,True
2050,P0237,Jiangxi,ccs,0.0,0.0,0.0,0.0,0.0,True
2050,P0237,Jiangxi,biomass,1.0,12869280.0,10.5528096,10.5528096,0.0,True
2050,P0237,Jiangxi,beccs,0.0,0.0,0.0,0.0,0.0,True
2050,P0237,Jiangxi,ammonia,0.0,0.0,0.0,0.0,0.0,True
2050,P0238,Sichuan,unabated,0.0,0.0,0.0,0.0,0.0,True
2050,P0238,Sichuan,retire,0.0,0.0,0.0,0.0,0.0,True
2050,P0238,Sichuan,ccs,0.0,0.0,0.0,0.0,0.0,True
2050,P0238,Sichuan,biomass,0.0,0.0,0.0,0.0,0.0,True
2050,P0238,Sichuan,beccs,1.0,9992799.999999998,8.194095999999998,15.568782399999996,8.480889359999997,True
2050,P0238,Sichuan,ammonia,0.0,0.0,0.0,0.0,0.0,True
2050,P0239,Guizhou,unabated,0.0,0.0,0.0,0.0,0.0,True
2050,P0239,Guizhou,retire,0.0,0.0,0.0,0.0,0.0,True
2050,P0239,Guizhou,ccs,0.0,0.0,0.0,0.0,0.0,True
2050,P0239,Guizhou,biomass,1.0,17659212.0,14.48055384,14.48055384,0.0,True
2050,P0239,Guizhou,beccs,0.0,0.0,0.0,0.0,0.0,True
2050,P0239,Guizhou,ammonia,0.0,0.0,0.0,0.0,0.0,True
2050,P0240,Guangdong,unabated,0.0,0.0,0.0,0.0,0.0,True
2050,P0240,Guangdong,retire,0.0,0.0,0.0,0.0,0.0,True
2050,P0240,Guangdong,ccs,0.0,0.0,0.0,0.0,0.0,True
2050,P0240,Guangdong,biomass,0.0,0.0,0.0,0.0,0.0,True
2050,P0240,Guangdong,beccs,1.0,9663400.0,7.923987999999999,15.055577199999997,8.201327579999997,True
2050,P0240,Guangdong,ammonia,0.0,0.0,0.0,0.0,0.0,True
2050,P0241,Guangxi,unabated,0.0,0.0,0.0,0.0,0.0,True
2050,P0241,Guangxi,retire,0.0,0.0,0.0,0.0,0.0,True
2050,P0241,Guangxi,ccs,0.0,0.0,0.0,0.0,0.0,True
2050,P0241,Guangxi,biomass,0.0,0.0,0.0,0.0,0.0,True
2050,P0241,Guangxi,beccs,1.0,3350620.0,2.7475084,5.22026596,2.843671194,True
2050,P0241,Guangxi,ammonia,0.0,0.0,0.0,0.0,0.0,True
2050,P0242,Xinjiang,unabated,0.11686815206339862,3258837.5670957253,2.6722468050184944,0.0,0.0,True
2050,P0242,Xinjiang,retire,0.0,0.0,0.0,0.0,0.0,True
2050,P0242,Xinjiang,ccs,0.8831318479366014,24625898.43290427,20.1932367149815,18.17391304348335,20.9,True
2050,P0242,Xinjiang,biomass,0.0,0.0,0.0,0.0,0.0,True
2050,P0242,Xinjiang,beccs,0.0,0.0,0.0,0.0,0.0,True
2050,P0242,Xinjiang,ammonia,0.0,0.0,0.0,0.0,0.0,True
2050,P0243,Anhui,unabated,0.0,0.0,0.0,0.0,0.0,True
2050,P0243,Anhui,retire,1.0,124308166.00000001,101.93269612,101.93269612,0.0,True
2050,P0243,Anhui,ccs,0.0,0.0,0.0,0.0,0.0,True
2050,P0243,Anhui,biomass,0.0,0.0,0.0,0.0,0.0,True
2050,P0243,Anhui,beccs,0.0,0.0,0.0,0.0,0.0,True
2050,P0243,Anhui,ammonia,0.0,0.0,0.0,0.0,0.0,True
2050,P0244,Gansu,unabated,0.0,0.0,0.0,0.0,0.0,True
2050,P0244,Gansu,retire,1.0,15124456.000000002,12.40205392,12.40205392,0.0,True
2050,P0244,Gansu,ccs,0.0,0.0,0.0,0.0,0.0,True
2050,P0244,Gansu,biomass,0.0,0.0,0.0,0.0,0.0,True
2050,P0244,Gansu,beccs,0.0,0.0,0.0,0.0,0.0,True
2050,P0244,Gansu,ammonia,0.0,0.0,0.0,0.0,0.0,True
2050,P0245,Hubei,unabated,0.0,0.0,0.0,0.0,0.0,True
2050,P0245,Hubei,retire,0.0,0.0,0.0,0.0,0.0,True
2050,P0245,Hubei,ccs,0.0,0.0,0.0,0.0,0.0,True
2050,P0245,Hubei,biomass,1.0,7247976.799999999,5.943340975999999,5.943340975999999,0.0,True
2050,P0245,Hubei,beccs,0.0,0.0,0.0,0.0,0.0,True
2050,P0245,Hubei,ammonia,0.0,0.0,0.0,0.0,0.0,True
2050,P0246,Inner Mongolia,unabated,0.7930375880460031,32599677.660150807,26.73173568132366,0.0,0.0,True
2050,P0246,Inner Mongolia,retire,0.0,0.0,0.0,0.0,0.0,True
2050,P0246,Inner Mongolia,ccs,0.2069624119539969,8507677.339849195,6.976295418676339,6.278665876808705,7.220465758330011,True
2050,P0246,Inner Mongolia,biomass,0.0,0.0,0.0,0.0,0.0,True
2050,P0246,Inner Mongolia,beccs,0.0,0.0,0.0,0.0,0.0,True
2050,P0246,Inner Mongolia,ammonia,0.0,0.0,0.0,0.0,0.0,True
2050,P0247,Shandong,unabated,0.0,0.0,0.0,0.0,0.0,True
2050,P0247,Shandong,retire,1.0,8983866.0,7.366770119999999,7.366770119999999,0.0,True
2050,P0247,Shandong,ccs,0.0,0.0,0.0,0.0,0.0,True
2050,P0247,Shandong,biomass,0.0,0.0,0.0,0.0,0.0,True
2050,P0247,Shandong,beccs,0.0,0.0,0.0,0.0,0.0,True
2050,P0247,Shandong,ammonia,0.0,0.0,0.0,0.0,0.0,True
2050,P0248,Henan,unabated,0.0,0.0,0.0,0.0,0.0,True
2050,P0248,Henan,retire,1.0,30200644.0,24.764528079999998,24.764528079999998,0.0,True
2050,P0248,Henan,ccs,0.0,0.0,0.0,0.0,0.0,True
2050,P0248,Henan,biomass,0.0,0.0,0.0,0.0,0.0,True
2050,P0248,Henan,beccs,0.0,0.0,0.0,0.0,0.0,True
2050,P0248,Henan,ammonia,0.0,0.0,0.0,0.0,0.0,True
2050,P0249,Gansu,unabated,0.0,0.0,0.0,0.0,0.0,True
2050,P0249,Gansu,retire,0.0,0.0,0.0,0.0,0.0,True
2050,P0249,Gansu,ccs,0.0,0.0,0.0,0.0,0.0,True
2050,P0249,Gansu,biomass,1.0,2513760.0000000005,2.0612832,2.0612832,0.0,True
2050,P0249,Gansu,beccs,0.0,0.0,0.0,0.0,0.0,True
2050,P0249,Gansu,ammonia,0.0,0.0,0.0,0.0,0.0,True
2050,P0250,Gansu,unabated,0.3116633002825697,783446.7377183127,0.6424263249290163,0.0,0.0,True
2050,P0250,Gansu,retire,0.6883366997174303,1730313.262281688,1.4188568750709838,1.4188568750709838,0.0,True
2050,P0250,Gansu,ccs,0.0,0.0,0.0,0.0,0.0,True
2050,P0250,Gansu,biomass,0.0,0.0,0.0,0.0,0.0,True
2050,P0250,Gansu,beccs,0.0,0.0,0.0,0.0,0.0,True
2050,P0250,Gansu,ammonia,0.0,0.0,0.0,0.0,0.0,True
2050,P0251,Hebei,unabated,0.0,0.0,0.0,0.0,0.0,True
2050,P0251,Hebei,retire,0.0,0.0,0.0,0.0,0.0,True
2050,P0251,Hebei,ccs,0.0,0.0,0.0,0.0,0.0,True
2050,P0251,Hebei,biomass,0.9688850279377971,5870412.375633325,4.813738148019326,4.813738148019326,0.0,True
2050,P0251,Hebei,beccs,0.031114972062203594,188523.62436667964,0.1545893719806773,0.2937198067632868,0.16000000000000097,True
2050,P0251,Hebei,ammonia,0.0,0.0,0.0,0.0,0.0,True
2050,P0252,Guangxi,unabated,0.0,0.0,0.0,0.0,0.0,True
2050,P0252,Guangxi,retire,0.0,0.0,0.0,0.0,0.0,True
2050,P0252,Guangxi,ccs,0.0,0.0,0.0,0.0,0.0,True
2050,P0252,Guangxi,biomass,0.0,0.0,0.0,0.0,0.0,True
2050,P0252,Guangxi,beccs,1.0,10003994.0,8.20327508,15.586222651999998,8.490389707799999,True
2050,P0252,Guangxi,ammonia,0.0,0.0,0.0,0.0,0.0,True
2050,P0253,Guangxi,unabated,0.0,0.0,0.0,0.0,0.0,True
2050,P0253,Guangxi,retire,0.0,0.0,0.0,0.0,0.0,True
2050,P0253,Guangxi,ccs,0.0,0.0,0.0,0.0,0.0,True
2050,P0253,Guangxi,biomass,1.0,5456724.0,4.474513679999999,4.474513679999999,0.0,True
2050,P0253,Guangxi,beccs,0.0,0.0,0.0,0.0,0.0,True
2050,P0253,Guangxi,ammonia,0.0,0.0,0.0,0.0,0.0,True
2050,P0254,Jiangxi,unabated,0.0,0.0,0.0,0.0,0.0,True
2050,P0254,Jiangxi,retire,0.0,0.0,0.0,0.0,0.0,True
2050,P0254,Jiangxi,ccs,0.0,0.0,0.0,0.0,0.0,True
2050,P0254,Jiangxi,biomass,1.0,6291647.999999999,5.159151359999998,5.159151359999998,0.0,True
2050,P0254,Jiangxi,beccs,0.0,0.0,0.0,0.0,0.0,True
2050,P0254,Jiangxi,ammonia,0.0,0.0,0.0,0.0,0.0,True
2050,P0255,Anhui,unabated,0.0,0.0,0.0,0.0,0.0,True
2050,P0255,Anhui,retire,0.0,0.0,0.0,0.0,0.0,True
2050,P0255,Anhui,ccs,0.0,0.0,0.0,0.0,0.0,True
2050,P0255,Anhui,biomass,1.0,25003932.0,20.503224239999998,20.503224239999998,0.0,True
2050,P0255,Anhui,beccs,0.0,0.0,0.0,0.0,0.0,True
2050,P0255,Anhui,ammonia,0.0,0.0,0.0,0.0,0.0,True
2050,P0256,Heilongjiang,unabated,0.0,0.0,0.0,0.0,0.0,True
2050,P0256,Heilongjiang,retire,0.0,0.0,0.0,0.0,0.0,True
2050,P0256,Heilongjiang,ccs,0.0,0.0,0.0,0.0,0.0,True
2050,P0256,Heilongjiang,biomass,0.0,0.0,0.0,0.0,0.0,True
2050,P0256,Heilongjiang,beccs,1.0,194796.0,0.15973272,0.30349216799999995,0.1653233652,True
2050,P0256,Heilongjiang,ammonia,0.0,0.0,0.0,0.0,0.0,True
2050,P0257,Inner Mongolia,unabated,0.0,0.0,0.0,0.0,0.0,True
2050,P0257,Inner Mongolia,retire,0.0,0.0,0.0,0.0,0.0,True
2050,P0257,Inner Mongolia,ccs,0.0,0.0,0.0,0.0,0.0,True
2050,P0257,Inner Mongolia,biomass,1.0,362267.99999999994,0.29705975999999995,0.29705975999999995,0.0,True
2050,P0257,Inner Mongolia,beccs,0.0,0.0,0.0,0.0,0.0,True
2050,P0257,Inner Mongolia,ammonia,0.0,0.0,0.0,0.0,0.0,True
2050,P0258,Xinjiang,unabated,0.0,0.0,0.0,0.0,0.0,True
2050,P0258,Xinjiang,retire,0.0,0.0,0.0,0.0,0.0,True
2050,P0258,Xinjiang,ccs,0.887046061715918,3279267.362793874,2.6889992374909766,2.4200993137418787,2.7831142108031606,True
2050,P0258,Xinjiang,biomass,0.0,0.0,0.0,0.0,0.0,True
2050,P0258,Xinjiang,beccs,0.11295393828408262,417572.6372061279,0.3424095625090249,0.5649757781398911,0.3543938971968408,True
2050,P0258,Xinjiang,ammonia,0.0,0.0,0.0,0.0,0.0,True
2050,P0259,Guizhou,unabated,0.0,0.0,0.0,0.0,0.0,True
2050,P0259,Guizhou,retire,1.0,20792298.0,17.04968436,17.04968436,0.0,True
2050,P0259,Guizhou,ccs,0.0,0.0,0.0,0.0,0.0,True
2050,P0259,Guizhou,biomass,0.0,0.0,0.0,0.0,0.0,True
2050,P0259,Guizhou,beccs,0.0,0.0,0.0,0.0,0.0,True
2050,P0259,Guizhou,ammonia,0.0,0.0,0.0,0.0,0.0,True
2050,P0260,Ningxia,unabated,0.0,0.0,0.0,0.0,0.0,True
2050,P0260,Ningxia,retire,0.0,0.0,0.0,0.0,0.0,True
2050,P0260,Ningxia,ccs,0.0,0.0,0.0,0.0,0.0,True
2050,P0260,Ningxia,biomass,0.0,0.0,0.0,0.0,0.0,True
2050,P0260,Ningxia,beccs,1.0,13222594.0,10.84252708,20.600801452,11.2220155278,True
2050,P0260,Ningxia,ammonia,0.0,0.0,0.0,0.0,0.0,True
2050,P0261,Xinjiang,unabated,0.0,0.0,0.0,0.0,0.0,True
2050,P0261,Xinjiang,retire,0.0,0.0,0.0,0.0,0.0,True
2050,P0261,Xinjiang,ccs,1.0,3696839.9999999995,3.0314087999999995,2.7282679199999995,3.137508107999999,True
2050,P0261,Xinjiang,biomass,0.0,0.0,0.0,0.0,0.0,True
2050,P0261,Xinjiang,beccs,0.0,0.0,0.0,0.0,0.0,True
2050,P0261,Xinjiang,ammonia,0.0,0.0,0.0,0.0,0.0,True
2050,P0262,Guizhou,unabated,0.0,0.0,0.0,0.0,0.0,True
2050,P0262,Guizhou,retire,0.0,0.0,0.0,0.0,0.0,True
2050,P0262,Guizhou,ccs,0.0,0.0,0.0,0.0,0.0,True
2050,P0262,Guizhou,biomass,1.0,5696520.0,4.6711464,4.6711464,0.0,True
2050,P0262,Guizhou,beccs,0.0,0.0,0.0,0.0,0.0,True
2050,P0262,Guizhou,ammonia,0.0,0.0,0.0,0.0,0.0,True
2050,P0263,Shaanxi,unabated,0.0,0.0,0.0,0.0,0.0,True
2050,P0263,Shaanxi,retire,0.0,0.0,0.0,0.0,0.0,True
2050,P0263,Shaanxi,ccs,0.0,0.0,0.0,0.0,0.0,True
2050,P0263,Shaanxi,biomass,1.0,3176600.0,2.604812,2.604812,0.0,True
2050,P0263,Shaanxi,beccs,0.0,0.0,0.0,0.0,0.0,True
2050,P0263,Shaanxi,ammonia,0.0,0.0,0.0,0.0,0.0,True
2050,P0264,Sichuan,unabated,0.0,0.0,0.0,0.0,0.0,True
2050,P0264,Sichuan,retire,0.0,0.0,0.0,0.0,0.0,True
2050,P0264,Sichuan,ccs,0.0,0.0,0.0,0.0,0.0,True
2050,P0264,Sichuan,biomass,0.0,0.0,0.0,0.0,0.0,True
2050,P0264,Sichuan,beccs,1.0,5995679.999999999,4.916457599999998,9.341269439999996,4.749298041599998,True
2050,P0264,Sichuan,ammonia,0.0,0.0,0.0,0.0,0.0,True
2050,P0265,Gansu,unabated,0.0,0.0,0.0,0.0,0.0,True
2050,P0265,Gansu,retire,0.0,0.0,0.0,0.0,0.0,True
2050,P0265,Gansu,ccs,0.0,0.0,0.0,0.0,0.0,True
2050,P0265,Gansu,biomass,1.0,2932720.0,2.4048304,2.4048304,0.0,True
2050,P0265,Gansu,beccs,0.0,0.0,0.0,0.0,0.0,True
2050,P0265,Gansu,ammonia,0.0,0.0,0.0,0.0,0.0,True
2050,P0266,Heilongjiang,unabated,0.0,0.0,0.0,0.0,0.0,True
2050,P0266,Heilongjiang,retire,0.0,0.0,0.0,0.0,0.0,True
2050,P0266,Heilongjiang,ccs,0.0,0.0,0.0,0.0,0.0,True
2050,P0266,Heilongjiang,biomass,1.0,939195.0000000001,0.7701399,0.7701399,0.0,True
2050,P0266,Heilongjiang,beccs,0.0,0.0,0.0,0.0,0.0,True
2050,P0266,Heilongjiang,ammonia,0.0,0.0,0.0,0.0,0.0,True
2050,P0267,Hubei,unabated,0.0,0.0,0.0,0.0,0.0,True
2050,P0267,Hubei,retire,0.0,0.0,0.0,0.0,0.0,True
2050,P0267,Hubei,ccs,0.0,0.0,0.0,0.0,0.0,True
2050,P0267,Hubei,biomass,1.0,17473136.0,14.32797152,14.32797152,0.0,True
2050,P0267,Hubei,beccs,0.0,0.0,0.0,0.0,0.0,True
2050,P0267,Hubei,ammonia,0.0,0.0,0.0,0.0,0.0,True
2050,P0268,Inner Mongolia,unabated,0.0,0.0,0.0,0.0,0.0,True
2050,P0268,Inner Mongolia,retire,0.0,0.0,0.0,0.0,0.0,True
2050,P0268,Inner Mongolia,ccs,0.0,0.0,0.0,0.0,0.0,True
2050,P0268,Inner Mongolia,biomass,1.0,452835.0,0.37132469999999995,0.37132469999999995,0.0,True
2050,P0268,Inner Mongolia,beccs,0.0,0.0,0.0,0.0,0.0,True
2050,P0268,Inner Mongolia,ammonia,0.0,0.0,0.0,0.0,0.0,True
2050,P0269,Guangdong,unabated,0.0,0.0,0.0,0.0,0.0,True
2050,P0269,Guangdong,retire,1.0,77191239.2,63.296816144000005,63.296816144000005,0.0,True
2050,P0269,Guangdong,ccs,0.0,0.0,0.0,0.0,0.0,True
2050,P0269,Guangdong,biomass,0.0,0.0,0.0,0.0,0.0,True
2050,P0269,Guangdong,beccs,0.0,0.0,0.0,0.0,0.0,True
2050,P0269,Guangdong,ammonia,0.0,0.0,0.0,0.0,0.0,True
2050,P0270,Xinjiang,unabated,0.2821904277172427,894182.452116181,0.7332296107352684,0.0,0.0,True
2050,P0270,Xinjiang,retire,0.0,0.0,0.0,0.0,0.0,True
2050,P0270,Xinjiang,ccs,0.0,0.0,0.0,0.0,0.0,True
2050,P0270,Xinjiang,biomass,0.7178095722827573,2274537.5478838184,1.8651207892647308,1.8651207892647308,0.0,True
2050,P0270,Xinjiang,beccs,0.0,0.0,0.0,0.0,0.0,True
2050,P0270,Xinjiang,ammonia,0.0,0.0,0.0,0.0,0.0,True
2050,P0271,Guangdong,unabated,0.0,0.0,0.0,0.0,0.0,True
2050,P0271,Guangdong,retire,0.0,0.0,0.0,0.0,0.0,True
2050,P0271,Guangdong,ccs,0.0,0.0,0.0,0.0,0.0,True
2050,P0271,Guangdong,biomass,1.0,2899020.0,2.3771964,2.3771964,0.0,True
2050,P0271,Guangdong,beccs,0.0,0.0,0.0,0.0,0.0,True
2050,P0271,Guangdong,ammonia,0.0,0.0,0.0,0.0,0.0,True
2050,P0272,Qinghai,unabated,0.0,0.0,0.0,0.0,0.0,True
2050,P0272,Qinghai,retire,0.0,0.0,0.0,0.0,0.0,True
2050,P0272,Qinghai,ccs,1.0,5408039.999999999,4.434592799999999,3.991133519999999,4.589803547999999,True
2050,P0272,Qinghai,biomass,0.0,0.0,0.0,0.0,0.0,True
2050,P0272,Qinghai,beccs,0.0,0.0,0.0,0.0,0.0,True
2050,P0272,Qinghai,ammonia,0.0,0.0,0.0,0.0,0.0,True
2050,P0273,Fujian,unabated,0.0,0.0,0.0,0.0,0.0,True
2050,P0273,Fujian,retire,0.0,0.0,0.0,0.0,0.0,True
2050,P0273,Fujian,ccs,0.0,0.0,0.0,0.0,0.0,True
2050,P0273,Fujian,biomass,1.0,3075720.0,2.5220903999999997,2.5220903999999997,0.0,True
2050,P0273,Fujian,beccs,0.0,0.0,0.0,0.0,0.0,True
2050,P0273,Fujian,ammonia,0.0,0.0,0.0,0.0,0.0,True
2050,P0274,Hebei,unabated,0.0,0.0,0.0,0.0,0.0,True
2050,P0274,Hebei,retire,0.0,0.0,0.0,0.0,0.0,True
2050,P0274,Hebei,ccs,0.0,0.0,0.0,0.0,0.0,True
2050,P0274,Hebei,biomass,1.0,6237140.0,5.1144548,5.1144548,0.0,True
2050,P0274,Hebei,beccs,0.0,0.0,0.0,0.0,0.0,True
2050,P0274,Hebei,ammonia,0.0,0.0,0.0,0.0,0.0,True
2050,P0275,Gansu,unabated,0.0,0.0,0.0,0.0,0.0,True
2050,P0275,Gansu,retire,1.0,15166352.000000002,12.43640864,12.43640864,0.0,True
2050,P0275,Gansu,ccs,0.0,0.0,0.0,0.0,0.0,True
2050,P0275,Gansu,biomass,0.0,0.0,0.0,0.0,0.0,True
2050,P0275,Gansu,beccs,0.0,0.0,0.0,0.0,0.0,True
2050,P0275,Gansu,ammonia,0.0,0.0,0.0,0.0,0.0,True
2050,P0276,Xinjiang,unabated,0.0,0.0,0.0,0.0,0.0,True
2050,P0276,Xinjiang,retire,0.0,0.0,0.0,0.0,0.0,True
2050,P0276,Xinjiang,ccs,1.0,3168719.9999999995,2.5983503999999993,2.3385153599999993,2.6892926639999994,True
2050,P0276,Xinjiang,biomass,0.0,0.0,0.0,0.0,0.0,True
2050,P0276,Xinjiang,beccs,0.0,0.0,0.0,0.0,0.0,True
2050,P0276,Xinjiang,ammonia,0.0,0.0,0.0,0.0,0.0,True
2050,P0277,Guangxi,unabated,0.0,0.0,0.0,0.0,0.0,True
2050,P0277,Guangxi,retire,0.0,0.0,0.0,0.0,0.0,True
2050,P0277,Guangxi,ccs,0.0,0.0,0.0,0.0,0.0,True
2050,P0277,Guangxi,biomass,1.0,3350620.0,2.7475084,2.7475084,0.0,True
2050,P0277,Guangxi,beccs,0.0,0.0,0.0,0.0,0.0,True
2050,P0277,Guangxi,ammonia,0.0,0.0,0.0,0.0,0.0,True
2050,P0278,Inner Mongolia,unabated,0.0,0.0,0.0,0.0,0.0,True
2050,P0278,Inner Mongolia,retire,0.0,0.0,0.0,0.0,0.0,True
2050,P0278,Inner Mongolia,ccs,1.0,8151030.0,6.6838446,6.01546014,6.9177791609999995,True
2050,P0278,Inner Mongolia,biomass,0.0,0.0,0.0,0.0,0.0,True
2050,P0278,Inner Mongolia,beccs,0.0,0.0,0.0,0.0,0.0,True
2050,P0278,Inner Mongolia,ammonia,0.0,0.0,0.0,0.0,0.0,True
2050,P0279,Guangxi,unabated,0.0,0.0,0.0,0.0,0.0,True
2050,P0279,Guangxi,retire,0.0,0.0,0.0,0.0,0.0,True
2050,P0279,Guangxi,ccs,0.0,0.0,0.0,0.0,0.0,True
2050,P0279,Guangxi,biomass,1.0,5743920.0,4.7100143999999995,4.7100143999999995,0.0,True
2050,P0279,Guangxi,beccs,0.0,0.0,0.0,0.0,0.0,True
2050,P0279,Guangxi,ammonia,0.0,0.0,0.0,0.0,0.0,True
2050,P0280,Anhui,unabated,0.0,0.0,0.0,0.0,0.0,True
2050,P0280,Anhui,retire,0.0,0.0,0.0,0.0,0.0,True
2050,P0280,Anhui,ccs,0.0,0.0,0.0,0.0,0.0,True
2050,P0280,Anhui,biomass,1.0,6708372.000000001,5.50086504,5.50086504,0.0,True
2050,P0280,Anhui,beccs,0.0,0.0,0.0,0.0,0.0,True
2050,P0280,Anhui,ammonia,0.0,0.0,0.0,0.0,0.0,True
2050,P0281,Xinjiang,unabated,0.0,0.0,0.0,0.0,0.0,True
2050,P0281,Xinjiang,retire,0.0,0.0,0.0,0.0,0.0,True
2050,P0281,Xinjiang,ccs,0.15119158616167697,1612915.4697708376,1.3225906852120866,1.190331616690878,1.3688813591945095,True
2050,P0281,Xinjiang,biomass,0.0,0.0,0.0,0.0,0.0,True
2050,P0281,Xinjiang,beccs,0.8488084138383235,9055108.530229166,7.425188994787915,14.107859090097037,7.685070609605491,True
2050,P0281,Xinjiang,ammonia,0.0,0.0,0.0,0.0,0.0,True
2050,P0282,Shandong,unabated,0.0,0.0,0.0,0.0,0.0,True
2050,P0282,Shandong,retire,0.0,0.0,0.0,0.0,0.0,True
2050,P0282,Shandong,ccs,0.0,0.0,0.0,0.0,0.0,True
2050,P0282,Shandong,biomass,1.0,3532491.0000000005,2.89664262,2.89664262,0.0,True
2050,P0282,Shandong,beccs,0.0,0.0,0.0,0.0,0.0,True
2050,P0282,Shandong,ammonia,0.0,0.0,0.0,0.0,0.0,True
2050,P0283,Hubei,unabated,0.0,0.0,0.0,0.0,0.0,True
2050,P0283,Hubei,retire,0.0,0.0,0.0,0.0,0.0,True
2050,P0283,Hubei,ccs,0.0,0.0,0.0,0.0,0.0,True
2050,P0283,Hubei,biomass,1.0,4949472.0,4.05856704,4.05856704,0.0,True
2050,P0283,Hubei,beccs,0.0,0.0,0.0,0.0,0.0,True
2050,P0283,Hubei,ammonia,0.0,0.0,0.0,0.0,0.0,True
2050,P0284,Shandong,unabated,0.0,0.0,0.0,0.0,0.0,True
2050,P0284,Shandong,retire,1.0,38377680.00000001,31.469697600000003,31.469697600000003,0.0,True
2050,P0284,Shandong,ccs,0.0,0.0,0.0,0.0,0.0,True
2050,P0284,Shandong,biomass,0.0,0.0,0.0,0.0,0.0,True
2050,P0284,Shandong,beccs,0.0,0.0,0.0,0.0,0.0,True
2050,P0284,Shandong,ammonia,0.0,0.0,0.0,0.0,0.0,True
2050,P0285,Yunnan,unabated,0.0,0.0,0.0,0.0,0.0,True
2050,P0285,Yunnan,retire,0.0,0.0,0.0,0.0,0.0,True
2050,P0285,Yunnan,ccs,0.0,0.0,0.0,0.0,0.0,True
2050,P0285,Yunnan,biomass,1.0,5378639.999999999,4.410484799999999,4.410484799999999,0.0,True
2050,P0285,Yunnan,beccs,0.0,0.0,0.0,0.0,0.0,True
2050,P0285,Yunnan,ammonia,0.0,0.0,0.0,0.0,0.0,True
2050,P0286,Jiangxi,unabated,0.0,0.0,0.0,0.0,0.0,True
2050,P0286,Jiangxi,retire,0.0,0.0,0.0,0.0,0.0,True
2050,P0286,Jiangxi,ccs,0.0,0.0,0.0,0.0,0.0,True
2050,P0286,Jiangxi,biomass,1.0,7149600.0,5.862672,5.862672,0.0,True
2050,P0286,Jiangxi,beccs,0.0,0.0,0.0,0.0,0.0,True
2050,P0286,Jiangxi,ammonia,0.0,0.0,0.0,0.0,0.0,True
2050,P0287,Gansu,unabated,0.0,0.0,0.0,0.0,0.0,True
2050,P0287,Gansu,retire,1.0,5530272.0,4.53482304,4.53482304,0.0,True
2050,P0287,Gansu,ccs,0.0,0.0,0.0,0.0,0.0,True
2050,P0287,Gansu,biomass,0.0,0.0,0.0,0.0,0.0,True
2050,P0287,Gansu,beccs,0.0,0.0,0.0,0.0,0.0,True
2050,P0287,Gansu,ammonia,0.0,0.0,0.0,0.0,0.0,True
2050,P0288,Inner Mongolia,unabated,1.0,6641580.0,5.4460956,0.0,0.0,True
2050,P0288,Inner Mongolia,retire,0.0,0.0,0.0,0.0,0.0,True
2050,P0288,Inner Mongolia,ccs,0.0,0.0,0.0,0.0,0.0,True
2050,P0288,Inner Mongolia,biomass,0.0,0.0,0.0,0.0,0.0,True
2050,P0288,Inner Mongolia,beccs,0.0,0.0,0.0,0.0,0.0,True
2050,P0288,Inner Mongolia,ammonia,0.0,0.0,0.0,0.0,0.0,True
2050,P0289,Inner Mongolia,unabated,0.0,0.0,0.0,0.0,0.0,True
2050,P0289,Inner Mongolia,retire,0.0,0.0,0.0,0.0,0.0,True
2050,P0289,Inner Mongolia,ccs,0.0,0.0,0.0,0.0,0.0,True
2050,P0289,Inner Mongolia,biomass,0.0,0.0,0.0,0.0,0.0,True
2050,P0289,Inner Mongolia,beccs,1.0,2566065.0,2.1041733,3.9979292699999993,2.0326314077999994,True
2050,P0289,Inner Mongolia,ammonia,0.0,0.0,0.0,0.0,0.0,True
2050,P0290,Guizhou,unabated,0.0,0.0,0.0,0.0,0.0,True
2050,P0290,Guizhou,retire,0.0,0.0,0.0,0.0,0.0,True
2050,P0290,Guizhou,ccs,0.0,0.0,0.0,0.0,0.0,True
2050,P0290,Guizhou,biomass,1.0,8829606.0,7.24027692,7.24027692,0.0,True
2050,P0290,Guizhou,beccs,0.0,0.0,0.0,0.0,0.0,True
2050,P0290,Guizhou,ammonia,0.0,0.0,0.0,0.0,0.0,True
2050,P0291,Shanxi,unabated,0.0,0.0,0.0,0.0,0.0,True
2050,P0291,Shanxi,retire,0.0,0.0,0.0,0.0,0.0,True
2050,P0291,Shanxi,ccs,0.0,0.0,0.0,0.0,0.0,True
2050,P0291,Shanxi,biomass,0.0,0.0,0.0,0.0,0.0,True
2050,P0291,Shanxi,beccs,1.0,4490615.0,3.6823042999999998,6.996378169999999,3.8111849504999995,True
2050,P0291,Shanxi,ammonia,0.0,0.0,0.0,0.0,0.0,True
2050,P0292,Chongqing,unabated,0.0,0.0,0.0,0.0,0.0,True
2050,P0292,Chongqing,retire,0.0,0.0,0.0,0.0,0.0,True
2050,P0292,Chongqing,ccs,0.0,0.0,0.0,0.0,0.0,True
2050,P0292,Chongqing,biomass,1.0,2876520.0,2.3587464,2.3587464,0.0,True
2050,P0292,Chongqing,beccs,0.0,0.0,0.0,0.0,0.0,True
2050,P0292,Chongqing,ammonia,0.0,0.0,0.0,0.0,0.0,True
2050,P0293,Chongqing,unabated,0.0,0.0,0.0,0.0,0.0,True
2050,P0293,Chongqing,retire,0.0,0.0,0.0,0.0,0.0,True
2050,P0293,Chongqing,ccs,0.0,0.0,0.0,0.0,0.0,True
2050,P0293,Chongqing,biomass,0.0,0.0,0.0,0.0,0.0,True
2050,P0293,Chongqing,beccs,1.0,958840.0,0.7862488,1.49387272,0.7595163407999999,True
2050,P0293,Chongqing,ammonia,0.0,0.0,0.0,0.0,0.0,True
2050,P0294,Jiangxi,unabated,0.0,0.0,0.0,0.0,0.0,True
2050,P0294,Jiangxi,retire,0.0,0.0,0.0,0.0,0.0,True
2050,P0294,Jiangxi,ccs,0.0,0.0,0.0,0.0,0.0,True
2050,P0294,Jiangxi,biomass,1.0,6291647.999999999,5.159151359999998,5.159151359999998,0.0,True
2050,P0294,Jiangxi,beccs,0.0,0.0,0.0,0.0,0.0,True
2050,P0294,Jiangxi,ammonia,0.0,0.0,0.0,0.0,0.0,True
2050,P0295,Guangdong,unabated,0.0,0.0,0.0,0.0,0.0,True
2050,P0295,Guangdong,retire,0.0,0.0,0.0,0.0,0.0,True
2050,P0295,Guangdong,ccs,0.0,0.0,0.0,0.0,0.0,True
2050,P0295,Guangdong,biomass,0.0,0.0,0.0,0.0,0.0,True
2050,P0295,Guangdong,beccs,1.0,14857477.5,12.183131549999999,23.147949944999997,11.768905077299998,True
2050,P0295,Guangdong,ammonia,0.0,0.0,0.0,0.0,0.0,True
2050,P0296,Henan,unabated,0.0,0.0,0.0,0.0,0.0,True
2050,P0296,Henan,retire,0.0,0.0,0.0,0.0,0.0,True
2050,P0296,Henan,ccs,0.0,0.0,0.0,0.0,0.0,True
2050,P0296,Henan,biomass,1.0,14182424.0,11.62958768,11.62958768,0.0,True
2050,P0296,Henan,beccs,0.0,0.0,0.0,0.0,0.0,True
2050,P0296,Henan,ammonia,0.0,0.0,0.0,0.0,0.0,True
2050,P0297,Jiangxi,unabated,0.0,0.0,0.0,0.0,0.0,True
2050,P0297,Jiangxi,retire,0.0,0.0,0.0,0.0,0.0,True
2050,P0297,Jiangxi,ccs,0.0,0.0,0.0,0.0,0.0,True
2050,P0297,Jiangxi,biomass,0.0473214165817958,451105.599990943,0.3699065919925732,0.3699065919925732,0.0,True
2050,P0297,Jiangxi,beccs,0.9526785834182047,9081694.400009062,7.446989408007429,14.149279875214116,7.70763403728769,True
2050,P0297,Jiangxi,ammonia,0.0,0.0,0.0,0.0,0.0,True
2050,P0298,Xinjiang,unabated,0.0,0.0,0.0,0.0,0.0,True
2050,P0298,Xinjiang,retire,0.0,0.0,0.0,0.0,0.0,True
2050,P0298,Xinjiang,ccs,0.0,0.0,0.0,0.0,0.0,True
2050,P0298,Xinjiang,biomass,0.0,0.0,0.0,0.0,0.0,True
2050,P0298,Xinjiang,beccs,1.0,5281200.0,4.330584,8.2281096,4.4821544399999995,True
2050,P0298,Xinjiang,ammonia,0.0,0.0,0.0,0.0,0.0,True
2050,P0299,Liaoning,unabated,0.0,0.0,0.0,0.0,0.0,True
2050,P0299,Liaoning,retire,0.0,0.0,0.0,0.0,0.0,True
2050,P0299,Liaoning,ccs,0.0,0.0,0.0,0.0,0.0,True
2050,P0299,Liaoning,biomass,1.0,1612363.9999999998,1.3221384799999998,1.3221384799999998,0.0,True
2050,P0299,Liaoning,beccs,0.0,0.0,0.0,0.0,0.0,True
2050,P0299,Liaoning,ammonia,0.0,0.0,0.0,0.0,0.0,True
2050,P0300,Guangxi,unabated,0.0,0.0,0.0,0.0,0.0,True
2050,P0300,Guangxi,retire,0.0,0.0,0.0,0.0,0.0,True
2050,P0300,Guangxi,ccs,0.0,0.0,0.0,0.0,0.0,True
2050,P0300,Guangxi,biomass,0.0,0.0,0.0,0.0,0.0,True
2050,P0300,Guangxi,beccs,1.0,6318312.0,5.18101584,9.843930096,5.362351394399999,True
2050,P0300,Guangxi,ammonia,0.0,0.0,0.0,0.0,0.0,True
2050,P0301,Jiangsu,unabated,0.0,0.0,0.0,0.0,0.0,True
2050,P0301,Jiangsu,retire,0.0,0.0,0.0,0.0,0.0,True
2050,P0301,Jiangsu,ccs,0.0,0.0,0.0,0.0,0.0,True
2050,P0301,Jiangsu,biomass,0.9555813369960202,306733.9645250265,0.25152185091052176,0.25152185091052176,0.0,True
2050,P0301,Jiangsu,beccs,0.044418663003980015,14258.035474973552,0.011691589089478314,0.022214019270008795,0.012100794707610054,True
2050,P0301,Jiangsu,ammonia,0.0,0.0,0.0,0.0,0.0,True
2050,P0302,Xinjiang,unabated,0.0,0.0,0.0,0.0,0.0,True
2050,P0302,Xinjiang,retire,0.0,0.0,0.0,0.0,0.0,True
2050,P0302,Xinjiang,ccs,0.0,0.0,0.0,0.0,0.0,True
2050,P0302,Xinjiang,biomass,0.0,0.0,0.0,0.0,0.0,True
2050,P0302,Xinjiang,beccs,1.0,3696839.9999999995,3.0314087999999995,5.759676719999999,3.137508107999999,True
2050,P0302,Xinjiang,ammonia,0.0,0.0,0.0,0.0,0.0,True
2050,P0303,Henan,unabated,0.0,0.0,0.0,0.0,0.0,True
2050,P0303,Henan,retire,0.0,0.0,0.0,0.0,0.0,True
2050,P0303,Henan,ccs,0.0,0.0,0.0,0.0,0.0,True
2050,P0303,Henan,biomass,1.0,4679480.0,3.8371735999999994,3.8371735999999994,0.0,True
2050,P0303,Henan,beccs,0.0,0.0,0.0,0.0,0.0,True
2050,P0303,Henan,ammonia,0.0,0.0,0.0,0.0,0.0,True
2050,P0304,Inner Mongolia,unabated,0.0,0.0,0.0,0.0,0.0,True
2050,P0304,Inner Mongolia,retire,0.0,0.0,0.0,0.0,0.0,True
2050,P0304,Inner Mongolia,ccs,0.6399956997884835,322013.8363485755,0.26405134580583184,0.2376462112252487,0.27329314290903595,True
2050,P0304,Inner Mongolia,biomass,0.0,0.0,0.0,0.0,0.0,True
2050,P0304,Inner Mongolia,beccs,0.36000430021151647,181136.16365142452,0.14853165419416808,0.17081140232329328,0.15373026209096396,True
2050,P0304,Inner Mongolia,ammonia,0.0,0.0,0.0,0.0,0.0,True
2050,P0305,Inner Mongolia,unabated,1.0,1509449.9999999998,1.2377489999999998,0.0,0.0,True
2050,P0305,Inner Mongolia,retire,0.0,0.0,0.0,0.0,0.0,True
2050,P0305,Inner Mongolia,ccs,0.0,0.0,0.0,0.0,0.0,True
2050,P0305,Inner Mongolia,biomass,0.0,0.0,0.0,0.0,0.0,True
2050,P0305,Inner Mongolia,beccs,0.0,0.0,0.0,0.0,0.0,True
2050,P0305,Inner Mongolia,ammonia,0.0,0.0,0.0,0.0,0.0,True
2050,P0306,Inner Mongolia,unabated,0.0,0.0,0.0,0.0,0.0,True
2050,P0306,Inner Mongolia,retire,0.0,0.0,0.0,0.0,0.0,True
2050,P0306,Inner Mongolia,ccs,0.0,0.0,0.0,0.0,0.0,True
2050,P0306,Inner Mongolia,biomass,0.0,0.0,0.0,0.0,0.0,True
2050,P0306,Inner Mongolia,beccs,1.0,3320790.0,2.7230478,5.17379082,2.8183544729999994,True
2050,P0306,Inner Mongolia,ammonia,0.0,0.0,0.0,0.0,0.0,True
2050,P0307,Hunan,unabated,0.0,0.0,0.0,0.0,0.0,True
2050,P0307,Hunan,retire,0.0,0.0,0.0,0.0,0.0,True
2050,P0307,Hunan,ccs,0.0,0.0,0.0,0.0,0.0,True
2050,P0307,Hunan,biomass,1.0,15627600.0,12.814632,12.814632,0.0,True
2050,P0307,Hunan,beccs,0.0,0.0,0.0,0.0,0.0,True
2050,P0307,Hunan,ammonia,0.0,0.0,0.0,0.0,0.0,True
2050,P0308,Qinghai,unabated,0.0,0.0,0.0,0.0,0.0,True
2050,P0308,Qinghai,retire,0.0,0.0,0.0,0.0,0.0,True
2050,P0308,Qinghai,ccs,0.0,0.0,0.0,0.0,0.0,True
2050,P0308,Qinghai,biomass,1.0,1106190.0,0.9070757999999999,0.9070757999999999,0.0,True
2050,P0308,Qinghai,beccs,0.0,0.0,0.0,0.0,0.0,True
2050,P0308,Qinghai,ammonia,0.0,0.0,0.0,0.0,0.0,True
2050,P0309,Inner Mongolia,unabated,0.0,0.0,0.0,0.0,0.0,True
2050,P0309,Inner Mongolia,retire,0.0,0.0,0.0,0.0,0.0,True
2050,P0309,Inner Mongolia,ccs,0.0,0.0,0.0,0.0,0.0,True
2050,P0309,Inner Mongolia,biomass,0.0,0.0,0.0,0.0,0.0,True
2050,P0309,Inner Mongolia,beccs,1.0,10063000.0,8.25166,15.678153999999997,8.540468099999998,True
2050,P0309,Inner Mongolia,ammonia,0.0,0.0,0.0,0.0,0.0,True
2050,P0310,Shaanxi,unabated,0.0,0.0,0.0,0.0,0.0,True
2050,P0310,Shaanxi,retire,0.0,0.0,0.0,0.0,0.0,True
2050,P0310,Shaanxi,ccs,0.0,0.0,0.0,0.0,0.0,True
2050,P0310,Shaanxi,biomass,1.0,11980320.0,9.823862399999998,9.823862399999998,0.0,True
2050,P0310,Shaanxi,beccs,0.0,0.0,0.0,0.0,0.0,True
2050,P0310,Shaanxi,ammonia,0.0,0.0,0.0,0.0,0.0,True
2050,P0311,Hunan,unabated,0.0,0.0,0.0,0.0,0.0,True
2050,P0311,Hunan,retire,0.0,0.0,0.0,0.0,0.0,True
2050,P0311,Hunan,ccs,0.0,0.0,0.0,0.0,0.0,True
2050,P0311,Hunan,biomass,1.0,5157108.0,4.228828559999999,4.228828559999999,0.0,True
2050,P0311,Hunan,beccs,0.0,0.0,0.0,0.0,0.0,True
2050,P0311,Hunan,ammonia,0.0,0.0,0.0,0.0,0.0,True
2050,P0312,Shanxi,unabated,0.0,0.0,0.0,0.0,0.0,True
2050,P0312,Shanxi,retire,0.0,0.0,0.0,0.0,0.0,True
2050,P0312,Shanxi,ccs,0.0,0.0,0.0,0.0,0.0,True
2050,P0312,Shanxi,biomass,1.0,2777700.0,2.277714,2.277714,0.0,True
2050,P0312,Shanxi,beccs,0.0,0.0,0.0,0.0,0.0,True
2050,P0312,Shanxi,ammonia,0.0,0.0,0.0,0.0,0.0,True
2050,P0313,Xinjiang,unabated,0.0,0.0,0.0,0.0,0.0,True
2050,P0313,Xinjiang,retire,0.0,0.0,0.0,0.0,0.0,True
2050,P0313,Xinjiang,ccs,0.6747580190007664,2850825.6399574773,2.3376770247651315,2.1039093222886183,2.4194957206319105,True
2050,P0313,Xinjiang,biomass,0.0,0.0,0.0,0.0,0.0,True
2050,P0313,Xinjiang,beccs,0.32524198099923385,1374134.3600425227,1.1267901752348686,2.14090133294625,1.166227831368089,True
2050,P0313,Xinjiang,ammonia,0.0,0.0,0.0,0.0,0.0,True
2050,P0314,Inner Mongolia,unabated,0.0,0.0,0.0,0.0,0.0,True
2050,P0314,Inner Mongolia,retire,0.0,0.0,0.0,0.0,0.0,True
2050,P0314,Inner Mongolia,ccs,0.0,0.0,0.0,0.0,0.0,True
2050,P0314,Inner Mongolia,biomass,1.0,6037799.999999999,4.950995999999999,4.950995999999999,0.0,True
2050,P0314,Inner Mongolia,beccs,0.0,0.0,0.0,0.0,0.0,True
2050,P0314,Inner Mongolia,ammonia,0.0,0.0,0.0,0.0,0.0,True
2050,P0315,Jiangxi,unabated,0.0,0.0,0.0,0.0,0.0,True
2050,P0315,Jiangxi,retire,1.0,22974048.0,18.83871936,18.83871936,0.0,True
2050,P0315,Jiangxi,ccs,0.0,0.0,0.0,0.0,0.0,True
2050,P0315,Jiangxi,biomass,0.0,0.0,0.0,0.0,0.0,True
2050,P0315,Jiangxi,beccs,0.0,0.0,0.0,0.0,0.0,True
2050,P0315,Jiangxi,ammonia,0.0,0.0,0.0,0.0,0.0,True
2050,P0316,Chongqing,unabated,0.0,0.0,0.0,0.0,0.0,True
2050,P0316,Chongqing,retire,0.0,0.0,0.0,0.0,0.0,True
2050,P0316,Chongqing,ccs,0.0,0.0,0.0,0.0,0.0,True
2050,P0316,Chongqing,biomass,1.0,5753040.0,4.7174928,4.7174928,0.0,True
2050,P0316,Chongqing,beccs,0.0,0.0,0.0,0.0,0.0,True
2050,P0316,Chongqing,ammonia,0.0,0.0,0.0,0.0,0.0,True
2050,P0317,Jiangsu,unabated,0.0,0.0,0.0,0.0,0.0,True
2050,P0317,Jiangsu,retire,0.0,0.0,0.0,0.0,0.0,True
2050,P0317,Jiangsu,ccs,0.0,0.0,0.0,0.0,0.0,True
2050,P0317,Jiangsu,biomass,0.0,0.0,0.0,0.0,0.0,True
2050,P0317,Jiangsu,beccs,1.0,6871235.0,5.6344126999999995,10.705384129999999,5.831617144499999,True
2050,P0317,Jiangsu,ammonia,0.0,0.0,0.0,0.0,0.0,True
2050,P0318,Jilin,unabated,0.0,0.0,0.0,0.0,0.0,True
2050,P0318,Jilin,retire,0.0,0.0,0.0,0.0,0.0,True
2050,P0318,Jilin,ccs,0.0,0.0,0.0,0.0,0.0,True
2050,P0318,Jilin,biomass,1.0,1991770.0000000002,1.6332514000000002,1.6332514000000002,0.0,True
2050,P0318,Jilin,beccs,0.0,0.0,0.0,0.0,0.0,True
2050,P0318,Jilin,ammonia,0.0,0.0,0.0,0.0,0.0,True
2050,P0319,Inner Mongolia,unabated,1.0,3522049.9999999995,2.8880809999999997,0.0,0.0,True
2050,P0319,Inner Mongolia,retire,0.0,0.0,0.0,0.0,0.0,True
2050,P0319,Inner Mongolia,ccs,0.0,0.0,0.0,0.0,0.0,True
2050,P0319,Inner Mongolia,biomass,0.0,0.0,0.0,0.0,0.0,True
2050,P0319,Inner Mongolia,beccs,0.0,0.0,0.0,0.0,0.0,True
2050,P0319,Inner Mongolia,ammonia,0.0,0.0,0.0,0.0,0.0,True
2050,P0320,Guizhou,unabated,0.0,0.0,0.0,0.0,0.0,True
2050,P0320,Guizhou,retire,0.0,0.0,0.0,0.0,0.0,True
2050,P0320,Guizhou,ccs,0.0,0.0,0.0,0.0,0.0,True
2050,P0320,Guizhou,biomass,1.0,1424130.0,1.1677866,1.1677866,0.0,True
2050,P0320,Guizhou,beccs,0.0,0.0,0.0,0.0,0.0,True
2050,P0320,Guizhou,ammonia,0.0,0.0,0.0,0.0,0.0,True
2050,P0321,Jilin,unabated,0.0,0.0,0.0,0.0,0.0,True
2050,P0321,Jilin,retire,0.0,0.0,0.0,0.0,0.0,True
2050,P0321,Jilin,ccs,0.0,0.0,0.0,0.0,0.0,True
2050,P0321,Jilin,biomass,0.0,0.0,0.0,0.0,0.0,True
2050,P0321,Jilin,beccs,1.0,2390124.0000000005,1.9599016800000002,3.723813192,1.8932650228799999,True
2050,P0321,Jilin,ammonia,0.0,0.0,0.0,0.0,0.0,True
2050,P0322,Xinjiang,unabated,0.0,0.0,0.0,0.0,0.0,True
2050,P0322,Xinjiang,retire,0.0,0.0,0.0,0.0,0.0,True
2050,P0322,Xinjiang,ccs,1.0,3696839.9999999995,3.0314087999999995,2.7282679199999995,3.137508107999999,True
2050,P0322,Xinjiang,biomass,0.0,0.0,0.0,0.0,0.0,True
2050,P0322,Xinjiang,beccs,0.0,0.0,0.0,0.0,0.0,True
2050,P0322,Xinjiang,ammonia,0.0,0.0,0.0,0.0,0.0,True
2050,P0323,Henan,unabated,0.0,0.0,0.0,0.0,0.0,True
2050,P0323,Henan,retire,0.0,0.0,0.0,0.0,0.0,True
2050,P0323,Henan,ccs,0.0,0.0,0.0,0.0,0.0,True
2050,P0323,Henan,biomass,1.0,14398400.0,11.806688,11.806688,0.0,True
2050,P0323,Henan,beccs,0.0,0.0,0.0,0.0,0.0,True
2050,P0323,Henan,ammonia,0.0,0.0,0.0,0.0,0.0,True
2050,P0324,Shaanxi,unabated,0.0,0.0,0.0,0.0,0.0,True
2050,P0324,Shaanxi,retire,0.0,0.0,0.0,0.0,0.0,True
2050,P0324,Shaanxi,ccs,0.0,0.0,0.0,0.0,0.0,True
2050,P0324,Shaanxi,biomass,0.0,0.0,0.0,0.0,0.0,True
2050,P0324,Shaanxi,beccs,1.0,14430840.0,11.833288799999998,22.483248719999995,11.430956980799998,True
2050,P0324,Shaanxi,ammonia,0.0,0.0,0.0,0.0,0.0,True
2050,P0325,Zhejiang,unabated,0.0,0.0,0.0,0.0,0.0,True
2050,P0325,Zhejiang,retire,0.0,0.0,0.0,0.0,0.0,True
2050,P0325,Zhejiang,ccs,0.0,0.0,0.0,0.0,0.0,True
2050,P0325,Zhejiang,biomass,0.0,0.0,0.0,0.0,0.0,True
2050,P0325,Zhejiang,beccs,1.0,5529764.7,4.534407054,8.6153734026,4.693111300889999,True
2050,P0325,Zhejiang,ammonia,0.0,0.0,0.0,0.0,0.0,True
2050,P0326,Zhejiang,unabated,0.0,0.0,0.0,0.0,0.0,True
2050,P0326,Zhejiang,retire,1.0,37944481.5,31.11447483,31.11447483,0.0,True
2050,P0326,Zhejiang,ccs,0.0,0.0,0.0,0.0,0.0,True
2050,P0326,Zhejiang,biomass,0.0,0.0,0.0,0.0,0.0,True
2050,P0326,Zhejiang,beccs,0.0,0.0,0.0,0.0,0.0,True
2050,P0326,Zhejiang,ammonia,0.0,0.0,0.0,0.0,0.0,True
2050,P0327,Chongqing,unabated,0.0,0.0,0.0,0.0,0.0,True
2050,P0327,Chongqing,retire,0.0,0.0,0.0,0.0,0.0,True
2050,P0327,Chongqing,ccs,0.0,0.0,0.0,0.0,0.0,True
2050,P0327,Chongqing,biomass,1.0,13711412.0,11.24335784,11.24335784,0.0,True
2050,P0327,Chongqing,beccs,0.0,0.0,0.0,0.0,0.0,True
2050,P0327,Chongqing,ammonia,0.0,0.0,0.0,0.0,0.0,True
2050,P0328,Inner Mongolia,unabated,0.0,0.0,0.0,0.0,0.0,True
2050,P0328,Inner Mongolia,retire,0.0,0.0,0.0,0.0,0.0,True
2050,P0328,Inner Mongolia,ccs,0.0,0.0,0.0,0.0,0.0,True
2050,P0328,Inner Mongolia,biomass,0.0,0.0,0.0,0.0,0.0,True
2050,P0328,Inner Mongolia,beccs,1.0,11924655.0,9.778217099999999,18.578612489999998,9.445757718599998,True
2050,P0328,Inner Mongolia,ammonia,0.0,0.0,0.0,0.0,0.0,True
2050,P0329,Xinjiang,unabated,0.0,0.0,0.0,0.0,0.0,True
2050,P0329,Xinjiang,retire,0.0,0.0,0.0,0.0,0.0,True
2050,P0329,Xinjiang,ccs,0.0,0.0,0.0,0.0,0.0,True
2050,P0329,Xinjiang,biomass,0.9999998297333159,528119.9100787587,0.4330583262645821,0.4330583262645821,0.0,True
2050,P0329,Xinjiang,beccs,0.0,0.0,0.0,0.0,0.0,True
2050,P0329,Xinjiang,ammonia,0.0,0.0,0.0,0.0,0.0,True
2050,P0330,Gansu,unabated,0.16217188203487912,4076611.901839977,3.3428217595087815,0.0,0.0,True
2050,P0330,Gansu,retire,0.6989564435301838,17570087.49488435,14.407471745805166,14.407471745805166,0.0,True
2050,P0330,Gansu,ccs,0.1388716744349371,3490900.6032756744,2.8625384946860533,2.576284645217448,2.962727342000065,True
2050,P0330,Gansu,biomass,0.0,0.0,0.0,0.0,0.0,True
2050,P0330,Gansu,beccs,0.0,0.0,0.0,0.0,0.0,True
2050,P0330,Gansu,ammonia,0.0,0.0,0.0,0.0,0.0,True
2050,P0331,Guangdong,unabated,0.0,0.0,0.0,0.0,0.0,True
2050,P0331,Guangdong,retire,1.0,25414742.0,20.84008844,20.84008844,0.0,True
2050,P0331,Guangdong,ccs,0.0,0.0,0.0,0.0,0.0,True
2050,P0331,Guangdong,biomass,0.0,0.0,0.0,0.0,0.0,True
2050,P0331,Guangdong,beccs,0.0,0.0,0.0,0.0,0.0,True
2050,P0331,Guangdong,ammonia,0.0,0.0,0.0,0.0,0.0,True
2050,P0332,Hebei,unabated,0.0,0.0,0.0,0.0,0.0,True
2050,P0332,Hebei,retire,0.0,0.0,0.0,0.0,0.0,True
2050,P0332,Hebei,ccs,0.0,0.0,0.0,0.0,0.0,True
2050,P0332,Hebei,biomass,0.035759980364007966,611766.8679156168,0.5016488316908058,0.5016488316908058,0.0,True
2050,P0332,Hebei,beccs,0.9642400196359925,16495817.13208439,13.5265700483092,25.700483091787476,14.0,True
2050,P0332,Hebei,ammonia,0.0,0.0,0.0,0.0,0.0,True
2050,P0333,Guangdong,unabated,0.0,0.0,0.0,0.0,0.0,True
2050,P0333,Guangdong,retire,0.0,0.0,0.0,0.0,0.0,True
2050,P0333,Guangdong,ccs,0.0,0.0,0.0,0.0,0.0,True
2050,P0333,Guangdong,biomass,0.0,0.0,0.0,0.0,0.0,True
2050,P0333,Guangdong,beccs,1.0,15675001.14,12.8535009348,24.421651776119997,13.303373467517998,True
2050,P0333,Guangdong,ammonia,0.0,0.0,0.0,0.0,0.0,True
2050,P0334,Hebei,unabated,0.0,0.0,0.0,0.0,0.0,True
2050,P0334,Hebei,retire,0.0,0.0,0.0,0.0,0.0,True
2050,P0334,Hebei,ccs,0.0,0.0,0.0,0.0,0.0,True
2050,P0334,Hebei,biomass,1.0,3118570.0,2.5572274,2.5572274,0.0,True
2050,P0334,Hebei,beccs,0.0,0.0,0.0,0.0,0.0,True
2050,P0334,Hebei,ammonia,0.0,0.0,0.0,0.0,0.0,True
2050,P0335,Hubei,unabated,0.0,0.0,0.0,0.0,0.0,True
2050,P0335,Hubei,retire,0.0,0.0,0.0,0.0,0.0,True
2050,P0335,Hubei,ccs,0.0,0.0,0.0,0.0,0.0,True
2050,P0335,Hubei,biomass,1.0,17248159.999999996,14.143491199999996,14.143491199999996,0.0,True
2050,P0335,Hubei,beccs,0.0,0.0,0.0,0.0,0.0,True
2050,P0335,Hubei,ammonia,0.0,0.0,0.0,0.0,0.0,True
2050,P0336,Inner Mongolia,unabated,0.3492259067991048,3514260.3001193916,2.881693446097901,0.0,0.0,True
2050,P0336,Inner Mongolia,retire,0.0,0.0,0.0,0.0,0.0,True
2050,P0336,Inner Mongolia,ccs,0.0,0.0,0.0,0.0,0.0,True
2050,P0336,Inner Mongolia,biomass,0.0,0.0,0.0,0.0,0.0,True
2050,P0336,Inner Mongolia,beccs,0.6507740932008952,6548739.699880608,5.369966553902098,10.202936452413987,5.557915383288671,True
2050,P0336,Inner Mongolia,ammonia,0.0,0.0,0.0,0.0,0.0,True
2050,P0337,Guizhou,unabated,0.0,0.0,0.0,0.0,0.0,True
2050,P0337,Guizhou,retire,0.0,0.0,0.0,0.0,0.0,True
2050,P0337,Guizhou,ccs,0.0,0.0,0.0,0.0,0.0,True
2050,P0337,Guizhou,biomass,1.0,3322970.0,2.7248354,2.7248354,0.0,True
2050,P0337,Guizhou,beccs,0.0,0.0,0.0,0.0,0.0,True
2050,P0337,Guizhou,ammonia,0.0,0.0,0.0,0.0,0.0,True
2050,P0338,Guangxi,unabated,0.0,0.0,0.0,0.0,0.0,True
2050,P0338,Guangxi,retire,0.0,0.0,0.0,0.0,0.0,True
2050,P0338,Guangxi,ccs,0.0,0.0,0.0,0.0,0.0,True
2050,P0338,Guangxi,biomass,1.0,2871960.0,2.3550071999999997,2.3550071999999997,0.0,True
2050,P0338,Guangxi,beccs,0.0,0.0,0.0,0.0,0.0,True
2050,P0338,Guangxi,ammonia,0.0,0.0,0.0,0.0,0.0,True
2050,P0339,Hainan,unabated,0.0,0.0,0.0,0.0,0.0,True
2050,P0339,Hainan,retire,0.0,0.0,0.0,0.0,0.0,True
2050,P0339,Hainan,ccs,0.0,0.0,0.0,0.0,0.0,True
2050,P0339,Hainan,biomass,0.0,0.0,0.0,0.0,0.0,True
2050,P0339,Hainan,beccs,1.0,3320394.0,2.7227230799999997,5.173173852,2.6301504952799997,True
2050,P0339,Hainan,ammonia,0.0,0.0,0.0,0.0,0.0,True
2050,P0340,Inner Mongolia,unabated,0.0,0.0,0.0,0.0,0.0,True
2050,P0340,Inner Mongolia,retire,0.0,0.0,0.0,0.0,0.0,True
2050,P0340,Inner Mongolia,ccs,0.0,0.0,0.0,0.0,0.0,True
2050,P0340,Inner Mongolia,biomass,1.0,18817810.0,15.4306042,11.57295315,0.0,True
2050,P0340,Inner Mongolia,beccs,0.0,0.0,0.0,0.0,0.0,True
2050,P0340,Inner Mongolia,ammonia,0.0,0.0,0.0,0.0,0.0,True
2050,P0341,Hebei,unabated,0.0,0.0,0.0,0.0,0.0,True
2050,P0341,Hebei,retire,0.0,0.0,0.0,0.0,0.0,True
2050,P0341,Hebei,ccs,0.0,0.0,0.0,0.0,0.0,True
2050,P0341,Hebei,biomass,1.0,445510.0,0.3653181999999999,0.3653181999999999,0.0,True
2050,P0341,Hebei,beccs,0.0,0.0,0.0,0.0,0.0,True
2050,P0341,Hebei,ammonia,0.0,0.0,0.0,0.0,0.0,True
2050,P0342,Zhejiang,unabated,0.041038432779085365,1194861.7944204947,0.9797866714248055,0.0,0.0,True
2050,P0342,Zhejiang,retire,0.0,0.0,0.0,0.0,0.0,True
2050,P0342,Zhejiang,ccs,0.0,0.0,0.0,0.0,0.0,True
2050,P0342,Zhejiang,biomass,0.0,0.0,0.0,0.0,0.0,True
2050,P0342,Zhejiang,beccs,0.9589615672209146,27920816.205579504,22.895069288575193,43.50063164829286,23.696396713675323,True
2050,P0342,Zhejiang,ammonia,0.0,0.0,0.0,0.0,0.0,True
2050,P0343,Hunan,unabated,0.0,0.0,0.0,0.0,0.0,True
2050,P0343,Hunan,retire,0.0,0.0,0.0,0.0,0.0,True
2050,P0343,Hunan,ccs,0.0,0.0,0.0,0.0,0.0,True
2050,P0343,Hunan,biomass,1.0,15315048.0,12.55833936,12.55833936,0.0,True
2050,P0343,Hunan,beccs,0.0,0.0,0.0,0.0,0.0,True
2050,P0343,Hunan,ammonia,0.0,0.0,0.0,0.0,0.0,True
2050,P0344,Xinjiang,unabated,0.0,0.0,0.0,0.0,0.0,True
2050,P0344,Xinjiang,retire,0.0,0.0,0.0,0.0,0.0,True
2050,P0344,Xinjiang,ccs,1.0,20913551.999999996,17.14911264,15.434201375999999,17.749331582399996,True
2050,P0344,Xinjiang,biomass,0.0,0.0,0.0,0.0,0.0,True
2050,P0344,Xinjiang,beccs,0.0,0.0,0.0,0.0,0.0,True
2050,P0344,Xinjiang,ammonia,0.0,0.0,0.0,0.0,0.0,True
2050,P0345,Gansu,unabated,0.0,0.0,0.0,0.0,0.0,True
2050,P0345,Gansu,retire,1.0,8379200.0,6.870944,6.870944,0.0,True
2050,P0345,Gansu,ccs,0.0,0.0,0.0,0.0,0.0,True
2050,P0345,Gansu,biomass,0.0,0.0,0.0,0.0,0.0,True
2050,P0345,Gansu,beccs,0.0,0.0,0.0,0.0,0.0,True
2050,P0345,Gansu,ammonia,0.0,0.0,0.0,0.0,0.0,True
2050,P0346,Inner Mongolia,unabated,1.0,26465690.0,21.701865799999997,0.0,0.0,True
2050,P0346,Inner Mongolia,retire,0.0,0.0,0.0,0.0,0.0,True
2050,P0346,Inner Mongolia,ccs,0.0,0.0,0.0,0.0,0.0,True
2050,P0346,Inner Mongolia,biomass,0.0,0.0,0.0,0.0,0.0,True
2050,P0346,Inner Mongolia,beccs,0.0,0.0,0.0,0.0,0.0,True
2050,P0346,Inner Mongolia,ammonia,0.0,0.0,0.0,0.0,0.0,True
2050,P0347,Ningxia,unabated,1.0,3777884.0,3.09786488,0.0,0.0,True
2050,P0347,Ningxia,retire,0.0,0.0,0.0,0.0,0.0,True
2050,P0347,Ningxia,ccs,0.0,0.0,0.0,0.0,0.0,True
2050,P0347,Ningxia,biomass,0.0,0.0,0.0,0.0,0.0,True
2050,P0347,Ningxia,beccs,0.0,0.0,0.0,0.0,0.0,True
2050,P0347,Ningxia,ammonia,0.0,0.0,0.0,0.0,0.0,True
2050,P0348,Jiangsu,unabated,0.0,0.0,0.0,0.0,0.0,True
2050,P0348,Jiangsu,retire,0.0,0.0,0.0,0.0,0.0,True
2050,P0348,Jiangsu,ccs,0.0,0.0,0.0,0.0,0.0,True
2050,P0348,Jiangsu,biomass,0.0,0.0,0.0,0.0,0.0,True
2050,P0348,Jiangsu,beccs,1.0,25729515.0,21.098202299999997,40.08658436999999,20.380863421799994,True
2050,P0348,Jiangsu,ammonia,0.0,0.0,0.0,0.0,0.0,True
2050,P0349,Guangdong,unabated,0.0,0.0,0.0,0.0,0.0,True
2050,P0349,Guangdong,retire,0.0,0.0,0.0,0.0,0.0,True
2050,P0349,Guangdong,ccs,0.0,0.0,0.0,0.0,0.0,True
2050,P0349,Guangdong,biomass,0.0,0.0,0.0,0.0,0.0,True
2050,P0349,Guangdong,beccs,1.0,6281210.0,5.150592199999999,9.786125179999997,4.975472065199999,True
2050,P0349,Guangdong,ammonia,0.0,0.0,0.0,0.0,0.0,True
2050,P0350,Guangxi,unabated,0.0,0.0,0.0,0.0,0.0,True
2050,P0350,Guangxi,retire,0.0,0.0,0.0,0.0,0.0,True
2050,P0350,Guangxi,ccs,0.0,0.0,0.0,0.0,0.0,True
2050,P0350,Guangxi,biomass,1.0,622258.0,0.51025156,0.51025156,0.0,True
2050,P0350,Guangxi,beccs,0.0,0.0,0.0,0.0,0.0,True
2050,P0350,Guangxi,ammonia,0.0,0.0,0.0,0.0,0.0,True
2060,P0001,Fujian,unabated,0.0,0.0,0.0,0.0,0.0,True
2060,P0001,Fujian,retire,0.5316215645015134,33410933.167998288,27.396965197758593,27.396965197758593,0.0,True
2060,P0001,Fujian,ccs,0.0,0.0,0.0,0.0,0.0,True
2060,P0001,Fujian,biomass,0.0,0.0,0.0,0.0,0.0,True
2060,P0001,Fujian,beccs,0.4683784354984866,29436278.832001716,24.137748642241405,45.861722420258666,23.317065188405195,True
2060,P0001,Fujian,ammonia,0.0,0.0,0.0,0.0,0.0,True
2060,P0002,Shanxi,unabated,0.0,0.0,0.0,0.0,0.0,True
2060,P0002,Shanxi,retire,1.0,64951884.99999999,53.26054569999999,53.26054569999999,0.0,True
2060,P0002,Shanxi,ccs,0.0,0.0,0.0,0.0,0.0,True
2060,P0002,Shanxi,biomass,0.0,0.0,0.0,0.0,0.0,True
2060,P0002,Shanxi,beccs,0.0,0.0,0.0,0.0,0.0,True
2060,P0002,Shanxi,ammonia,0.0,0.0,0.0,0.0,0.0,True
2060,P0003,Chongqing,unabated,0.0,0.0,0.0,0.0,0.0,True
2060,P0003,Chongqing,retire,0.0,0.0,0.0,0.0,0.0,True
2060,P0003,Chongqing,ccs,0.0,0.0,0.0,0.0,0.0,True
2060,P0003,Chongqing,biomass,0.0,0.0,0.0,0.0,0.0,True
2060,P0003,Chongqing,beccs,1.0,32432763.0,26.59486566,50.530244753999995,25.69064022756,True
2060,P0003,Chongqing,ammonia,0.0,0.0,0.0,0.0,0.0,True
2060,P0004,Inner Mongolia,unabated,0.0,0.0,0.0,0.0,0.0,True
2060,P0004,Inner Mongolia,retire,0.0,0.0,0.0,0.0,0.0,True
2060,P0004,Inner Mongolia,ccs,0.3683491298627943,4003233.077314043,3.2826511233975144,2.9543860110577636,3.1710409852019983,True
2060,P0004,Inner Mongolia,biomass,0.0,0.0,0.0,0.0,0.0,True
2060,P0004,Inner Mongolia,beccs,0.6316508701372067,6864806.922685968,5.629141676602493,10.695369185544736,5.437750859598006,True
2060,P0004,Inner Mongolia,ammonia,0.0,0.0,0.0,0.0,0.0,True
2060,P0005,Sichuan,unabated,0.0,0.0,0.0,0.0,0.0,True
2060,P0005,Sichuan,retire,0.0,0.0,0.0,0.0,0.0,True
2060,P0005,Sichuan,ccs,0.0,0.0,0.0,0.0,0.0,True
2060,P0005,Sichuan,biomass,0.09392859146533417,1766932.6262061943,1.4488847534890794,1.4488847534890794,0.0,True
2060,P0005,Sichuan,beccs,0.9060714085346658,17044513.373793803,13.976500966510919,26.555351836370743,13.501299933649543,True
2060,P0005,Sichuan,ammonia,0.0,0.0,0.0,0.0,0.0,True
2060,P0006,Hebei,unabated,0.0,0.0,0.0,0.0,0.0,True
2060,P0006,Hebei,retire,1.0,22899214.0,18.77735548,18.77735548,0.0,True
2060,P0006,Hebei,ccs,0.0,0.0,0.0,0.0,0.0,True
2060,P0006,Hebei,biomass,0.0,0.0,0.0,0.0,0.0,True
2060,P0006,Hebei,beccs,0.0,0.0,0.0,0.0,0.0,True
2060,P0006,Hebei,ammonia,0.0,0.0,0.0,0.0,0.0,True
2060,P0007,Hebei,unabated,0.0,0.0,0.0,0.0,0.0,True
2060,P0007,Hebei,retire,1.0,38741549.6,31.768070671999997,31.768070671999997,0.0,True
2060,P0007,Hebei,ccs,0.0,0.0,0.0,0.0,0.0,True
2060,P0007,Hebei,biomass,0.0,0.0,0.0,0.0,0.0,True
2060,P0007,Hebei,beccs,0.0,0.0,0.0,0.0,0.0,True
2060,P0007,Hebei,ammonia,0.0,0.0,0.0,0.0,0.0,True
2060,P0008,Shandong,unabated,0.0,0.0,0.0,0.0,0.0,True
2060,P0008,Shandong,retire,0.0,0.0,0.0,0.0,0.0,True
2060,P0008,Shandong,ccs,0.0,0.0,0.0,0.0,0.0,True
2060,P0008,Shandong,biomass,0.0,0.0,0.0,0.0,0.0,True
2060,P0008,Shandong,beccs,1.0,11931969.600000001,9.784215072,18.5900086368,9.451551759551998,True
2060,P0008,Shandong,ammonia,0.0,0.0,0.0,0.0,0.0,True
2060,P0009,Inner Mongolia,unabated,0.0,0.0,0.0,0.0,0.0,True
2060,P0009,Inner Mongolia,retire,1.0,107372210.0,88.0452122,88.0452122,0.0,True
2060,P0009,Inner Mongolia,ccs,0.0,0.0,0.0,0.0,0.0,True
2060,P0009,Inner Mongolia,biomass,0.0,0.0,0.0,0.0,0.0,True
2060,P0009,Inner Mongolia,beccs,0.0,0.0,0.0,0.0,0.0,True
2060,P0009,Inner Mongolia,ammonia,0.0,0.0,0.0,0.0,0.0,True
2060,P0010,Yunnan,unabated,0.0,0.0,0.0,0.0,0.0,True
2060,P0010,Yunnan,retire,0.0,0.0,0.0,0.0,0.0,True
2060,P0010,Yunnan,ccs,0.0,0.0,0.0,0.0,0.0,True
2060,P0010,Yunnan,biomass,1.0,16673783.999999998,13.672502879999998,13.672502879999998,0.0,True
2060,P0010,Yunnan,beccs,0.0,0.0,0.0,0.0,0.0,True
2060,P0010,Yunnan,ammonia,0.0,0.0,0.0,0.0,0.0,True
2060,P0011,Guangdong,unabated,0.0,0.0,0.0,0.0,0.0,True
2060,P0011,Guangdong,retire,1.0,41214401.0,33.79580882,33.79580882,0.0,True
2060,P0011,Guangdong,ccs,0.0,0.0,0.0,0.0,0.0,True
2060,P0011,Guangdong,biomass,0.0,0.0,0.0,0.0,0.0,True
2060,P0011,Guangdong,beccs,0.0,0.0,0.0,0.0,0.0,True
2060,P0011,Guangdong,ammonia,0.0,0.0,0.0,0.0,0.0,True
2060,P0012,Liaoning,unabated,0.0,0.0,0.0,0.0,0.0,True
2060,P0012,Liaoning,retire,0.0,0.0,0.0,0.0,0.0,True
2060,P0012,Liaoning,ccs,0.0,0.0,0.0,0.0,0.0,True
2060,P0012,Liaoning,biomass,1.0,17363920.0,14.238414399999998,14.238414399999998,0.0,True
2060,P0012,Liaoning,beccs,0.0,0.0,0.0,0.0,0.0,True
2060,P0012,Liaoning,ammonia,0.0,0.0,0.0,0.0,0.0,True
2060,P0013,Shanxi,unabated,0.0,0.0,0.0,0.0,0.0,True
2060,P0013,Shanxi,retire,1.0,81340315.0,66.69905829999999,66.69905829999999,0.0,True
2060,P0013,Shanxi,ccs,0.0,0.0,0.0,0.0,0.0,True
2060,P0013,Shanxi,biomass,0.0,0.0,0.0,0.0,0.0,True
2060,P0013,Shanxi,beccs,0.0,0.0,0.0,0.0,0.0,True
2060,P0013,Shanxi,ammonia,0.0,0.0,0.0,0.0,0.0,True
2060,P0014,Guangdong,unabated,0.0,0.0,0.0,0.0,0.0,True
2060,P0014,Guangdong,retire,0.0,0.0,0.0,0.0,0.0,True
2060,P0014,Guangdong,ccs,0.0,0.0,0.0,0.0,0.0,True
2060,P0014,Guangdong,biomass,0.0,0.0,0.0,0.0,0.0,True
2060,P0014,Guangdong,beccs,1.0,11885982.0,9.74650524,18.518359955999998,9.415124061839999,True
2060,P0014,Guangdong,ammonia,0.0,0.0,0.0,0.0,0.0,True
2060,P0015,Hunan,unabated,0.0,0.0,0.0,0.0,0.0,True
2060,P0015,Hunan,retire,0.0,0.0,0.0,0.0,0.0,True
2060,P0015,Hunan,ccs,0.0,0.0,0.0,0.0,0.0,True
2060,P0015,Hunan,biomass,1.0,9884457.0,8.10525474,8.10525474,0.0,True
2060,P0015,Hunan,beccs,0.0,0.0,0.0,0.0,0.0,True
2060,P0015,Hunan,ammonia,0.0,0.0,0.0,0.0,0.0,True
2060,P0016,Hubei,unabated,0.0,0.0,0.0,0.0,0.0,True
2060,P0016,Hubei,retire,0.0,0.0,0.0,0.0,0.0,True
2060,P0016,Hubei,ccs,0.0,0.0,0.0,0.0,0.0,True
2060,P0016,Hubei,biomass,1.0,31796607.999999996,26.073218559999994,26.073218559999994,0.0,True
2060,P0016,Hubei,beccs,0.0,0.0,0.0,0.0,0.0,True
2060,P0016,Hubei,ammonia,0.0,0.0,0.0,0.0,0.0,True
2060,P0017,Jiangsu,unabated,0.0,0.0,0.0,0.0,0.0,True
2060,P0017,Jiangsu,retire,0.31904459959507614,14913567.523988053,12.229125369670202,12.229125369670202,0.0,True
2060,P0017,Jiangsu,ccs,0.0,0.0,0.0,0.0,0.0,True
2060,P0017,Jiangsu,biomass,0.0,0.0,0.0,0.0,0.0,True
2060,P0017,Jiangsu,beccs,0.6809554004049239,31830892.476011947,26.101331830329794,49.59253047762661,25.21388654809858,True
2060,P0017,Jiangsu,ammonia,0.0,0.0,0.0,0.0,0.0,True
2060,P0018,Jilin,unabated,0.0,0.0,0.0,0.0,0.0,True
2060,P0018,Jilin,retire,0.0,0.0,0.0,0.0,0.0,True
2060,P0018,Jilin,ccs,0.0,0.0,0.0,0.0,0.0,True
2060,P0018,Jilin,biomass,1.0,3838684.0,3.14772088,3.14772088,0.0,True
2060,P0018,Jilin,beccs,0.0,0.0,0.0,0.0,0.0,True
2060,P0018,Jilin,ammonia,0.0,0.0,0.0,0.0,0.0,True
2060,P0019,Hunan,unabated,0.0,0.0,0.0,0.0,0.0,True
2060,P0019,Hunan,retire,0.0,0.0,0.0,0.0,0.0,True
2060,P0019,Hunan,ccs,0.0,0.0,0.0,0.0,0.0,True
2060,P0019,Hunan,biomass,1.0,15119703.0,12.39815646,12.39815646,0.0,True
2060,P0019,Hunan,beccs,0.0,0.0,0.0,0.0,0.0,True
2060,P0019,Hunan,ammonia,0.0,0.0,0.0,0.0,0.0,True
2060,P0020,Zhejiang,unabated,0.0,0.0,0.0,0.0,0.0,True
2060,P0020,Zhejiang,retire,1.0,67514054.1,55.36152436199999,55.36152436199999,0.0,True
2060,P0020,Zhejiang,ccs,0.0,0.0,0.0,0.0,0.0,True
2060,P0020,Zhejiang,biomass,0.0,0.0,0.0,0.0,0.0,True
2060,P0020,Zhejiang,beccs,0.0,0.0,0.0,0.0,0.0,True
2060,P0020,Zhejiang,ammonia,0.0,0.0,0.0,0.0,0.0,True
2060,P0021,Shandong,unabated,0.0,0.0,0.0,0.0,0.0,True
2060,P0021,Shandong,retire,1.0,45246412.50000001,37.102058250000006,37.102058250000006,0.0,True
2060,P0021,Shandong,ccs,0.0,0.0,0.0,0.0,0.0,True
2060,P0021,Shandong,biomass,0.0,0.0,0.0,0.0,0.0,True
2060,P0021,Shandong,beccs,0.0,0.0,0.0,0.0,0.0,True
2060,P0021,Shandong,ammonia,0.0,0.0,0.0,0.0,0.0,True
2060,P0022,Shandong,unabated,0.0,0.0,0.0,0.0,0.0,True
2060,P0022,Shandong,retire,0.11501537832037578,1828308.5495024517,1.4992130105920105,1.4992130105920105,0.0,True
2060,P0022,Shandong,ccs,0.0,0.0,0.0,0.0,0.0,True
2060,P0022,Shandong,biomass,0.8849846216796242,14067900.95049755,11.535678779407991,11.535678779407991,0.0,True
2060,P0022,Shandong,beccs,0.0,0.0,0.0,0.0,0.0,True
2060,P0022,Shandong,ammonia,0.0,0.0,0.0,0.0,0.0,True
2060,P0023,Henan,unabated,0.0,0.0,0.0,0.0,0.0,True
2060,P0023,Henan,retire,0.0,0.0,0.0,0.0,0.0,True
2060,P0023,Henan,ccs,0.0,0.0,0.0,0.0,0.0,True
2060,P0023,Henan,biomass,1.0,20013776.0,16.411296319999998,16.411296319999998,0.0,True
2060,P0023,Henan,beccs,0.0,0.0,0.0,0.0,0.0,True
2060,P0023,Henan,ammonia,0.0,0.0,0.0,0.0,0.0,True
2060,P0024,Chongqing,unabated,0.0,0.0,0.0,0.0,0.0,True
2060,P0024,Chongqing,retire,0.0,0.0,0.0,0.0,0.0,True
2060,P0024,Chongqing,ccs,0.0,0.0,0.0,0.0,0.0,True
2060,P0024,Chongqing,biomass,1.0,5892071.800000001,4.831498876,4.831498876,0.0,True
2060,P0024,Chongqing,beccs,0.0,0.0,0.0,0.0,0.0,True
2060,P0024,Chongqing,ammonia,0.0,0.0,0.0,0.0,0.0,True
2060,P0025,Jilin,unabated,0.0,0.0,0.0,0.0,0.0,True
2060,P0025,Jilin,retire,0.0,0.0,0.0,0.0,0.0,True
2060,P0025,Jilin,ccs,0.0,0.0,0.0,0.0,0.0,True
2060,P0025,Jilin,biomass,0.14285508985831466,2224542.3163754735,1.824124699427888,1.824124699427888,0.0,True
2060,P0025,Jilin,beccs,0.857144910141686,13347477.68362454,10.944931700572122,20.795370231087027,10.572804022752667,True
2060,P0025,Jilin,ammonia,0.0,0.0,0.0,0.0,0.0,True
2060,P0026,Hainan,unabated,0.0,0.0,0.0,0.0,0.0,True
2060,P0026,Hainan,retire,0.0,0.0,0.0,0.0,0.0,True
2060,P0026,Hainan,ccs,0.0,0.0,0.0,0.0,0.0,True
2060,P0026,Hainan,biomass,0.0,0.0,0.0,0.0,0.0,True
2060,P0026,Hainan,beccs,1.0,10564890.0,8.663209799999999,16.460098619999997,8.368660666799999,True
2060,P0026,Hainan,ammonia,0.0,0.0,0.0,0.0,0.0,True
2060,P0027,Shandong,unabated,0.0,0.0,0.0,0.0,0.0,True
2060,P0027,Shandong,retire,0.21793747848983686,12702725.9919127,10.416235313368414,10.416235313368414,0.0,True
2060,P0027,Shandong,ccs,0.0,0.0,0.0,0.0,0.0,True
2060,P0027,Shandong,biomass,0.39660428512174356,23116517.617940888,18.955544446711528,18.955544446711528,0.0,True
2060,P0027,Shandong,beccs,0.38545823638841964,22466857.890146423,18.42282346992007,35.00336459284812,17.796447471942784,True
2060,P0027,Shandong,ammonia,0.0,0.0,0.0,0.0,0.0,True
2060,P0028,Hunan,unabated,0.0,0.0,0.0,0.0,0.0,True
2060,P0028,Hunan,retire,0.0,0.0,0.0,0.0,0.0,True
2060,P0028,Hunan,ccs,0.0,0.0,0.0,0.0,0.0,True
2060,P0028,Hunan,biomass,1.0,22425606.0,18.388996919999997,18.388996919999997,0.0,True
2060,P0028,Hunan,beccs,0.0,0.0,0.0,0.0,0.0,True
2060,P0028,Hunan,ammonia,0.0,0.0,0.0,0.0,0.0,True
2060,P0029,Jilin,unabated,0.0,0.0,0.0,0.0,0.0,True
2060,P0029,Jilin,retire,0.0,0.0,0.0,0.0,0.0,True
2060,P0029,Jilin,ccs,0.0,0.0,0.0,0.0,0.0,True
2060,P0029,Jilin,biomass,0.0,0.0,0.0,0.0,0.0,True
2060,P0029,Jilin,beccs,1.0,434568.0,0.35634575999999996,0.6770569439999999,0.34423000415999994,True
2060,P0029,Jilin,ammonia,0.0,0.0,0.0,0.0,0.0,True
2060,P0030,Jilin,unabated,0.0,0.0,0.0,0.0,0.0,True
2060,P0030,Jilin,retire,0.0,0.0,0.0,0.0,0.0,True
2060,P0030,Jilin,ccs,0.0,0.0,0.0,0.0,0.0,True
2060,P0030,Jilin,biomass,0.0,0.0,0.0,0.0,0.0,True
2060,P0030,Jilin,beccs,1.0,16227493.4,13.306544588,25.282434717199997,12.854122072007998,True
2060,P0030,Jilin,ammonia,0.0,0.0,0.0,0.0,0.0,True
2060,P0031,Shanxi,unabated,0.0,0.0,0.0,0.0,0.0,True
2060,P0031,Shanxi,retire,0.0,0.0,0.0,0.0,0.0,True
2060,P0031,Shanxi,ccs,0.0,0.0,0.0,0.0,0.0,True
2060,P0031,Shanxi,biomass,0.0,0.0,0.0,0.0,0.0,True
2060,P0031,Shanxi,beccs,1.0,22684550.0,18.601331,35.3425289,17.968885745999998,True
2060,P0031,Shanxi,ammonia,0.0,0.0,0.0,0.0,0.0,True
2060,P0032,Henan,unabated,0.0,0.0,0.0,0.0,0.0,True
2060,P0032,Henan,retire,0.0,0.0,0.0,0.0,0.0,True
2060,P0032,Henan,ccs,0.0,0.0,0.0,0.0,0.0,True
2060,P0032,Henan,biomass,1.0,8531052.0,6.9954626399999995,6.9954626399999995,0.0,True
2060,P0032,Henan,beccs,0.0,0.0,0.0,0.0,0.0,True
2060,P0032,Henan,ammonia,0.0,0.0,0.0,0.0,0.0,True
2060,P0033,Henan,unabated,0.0,0.0,0.0,0.0,0.0,True
2060,P0033,Henan,retire,0.0,0.0,0.0,0.0,0.0,True
2060,P0033,Henan,ccs,0.0,0.0,0.0,0.0,0.0,True
2060,P0033,Henan,biomass,0.18086918239023245,4082125.565002892,3.3473429633023715,3.3473429633023715,0.0,True
2060,P0033,Henan,beccs,0.8191308176097678,18487366.434997115,15.159640476697632,28.8033169057255,14.64421270048991,True
2060,P0033,Henan,ammonia,0.0,0.0,0.0,0.0,0.0,True
2060,P0034,Shandong,unabated,0.0,0.0,0.0,0.0,0.0,True
2060,P0034,Shandong,retire,1.0,18403842.0,15.09115044,15.09115044,0.0,True
2060,P0034,Shandong,ccs,0.0,0.0,0.0,0.0,0.0,True
2060,P0034,Shandong,biomass,0.0,0.0,0.0,0.0,0.0,True
2060,P0034,Shandong,beccs,0.0,0.0,0.0,0.0,0.0,True
2060,P0034,Shandong,ammonia,0.0,0.0,0.0,0.0,0.0,True
2060,P0035,Anhui,unabated,0.0,0.0,0.0,0.0,0.0,True
2060,P0035,Anhui,retire,1.0,46348752.00000001,38.00597664,38.00597664,0.0,True
2060,P0035,Anhui,ccs,0.0,0.0,0.0,0.0,0.0,True
2060,P0035,Anhui,biomass,0.0,0.0,0.0,0.0,0.0,True
2060,P0035,Anhui,beccs,0.0,0.0,0.0,0.0,0.0,True
2060,P0035,Anhui,ammonia,0.0,0.0,0.0,0.0,0.0,True
2060,P0036,Jiangsu,unabated,0.0,0.0,0.0,0.0,0.0,True
2060,P0036,Jiangsu,retire,1.0,140042791.0,114.83508862,114.83508862,0.0,True
2060,P0036,Jiangsu,ccs,0.0,0.0,0.0,0.0,0.0,True
2060,P0036,Jiangsu,biomass,0.0,0.0,0.0,0.0,0.0,True
2060,P0036,Jiangsu,beccs,0.0,0.0,0.0,0.0,0.0,True
2060,P0036,Jiangsu,ammonia,0.0,0.0,0.0,0.0,0.0,True
2060,P0037,Inner Mongolia,unabated,0.0,0.0,0.0,0.0,0.0,True
2060,P0037,Inner Mongolia,retire,1.0,41962710.0,34.409422199999995,34.409422199999995,0.0,True
2060,P0037,Inner Mongolia,ccs,0.0,0.0,0.0,0.0,0.0,True
2060,P0037,Inner Mongolia,biomass,0.0,0.0,0.0,0.0,0.0,True
2060,P0037,Inner Mongolia,beccs,0.0,0.0,0.0,0.0,0.0,True
2060,P0037,Inner Mongolia,ammonia,0.0,0.0,0.0,0.0,0.0,True
2060,P0038,Sichuan,unabated,0.0,0.0,0.0,0.0,0.0,True
2060,P0038,Sichuan,retire,0.0,0.0,0.0,0.0,0.0,True
2060,P0038,Sichuan,ccs,0.0,0.0,0.0,0.0,0.0,True
2060,P0038,Sichuan,biomass,0.0,0.0,0.0,0.0,0.0,True
2060,P0038,Sichuan,beccs,1.0,24582287.999999996,20.157476159999998,38.299204704,19.472121970559996,True
2060,P0038,Sichuan,ammonia,0.0,0.0,0.0,0.0,0.0,True
2060,P0039,Heilongjiang,unabated,0.0,0.0,0.0,0.0,0.0,True
2060,P0039,Heilongjiang,retire,0.0,0.0,0.0,0.0,0.0,True
2060,P0039,Heilongjiang,ccs,0.0,0.0,0.0,0.0,0.0,True
2060,P0039,Heilongjiang,biomass,0.0,0.0,0.0,0.0,0.0,True
2060,P0039,Heilongjiang,beccs,1.0,7478775.0,6.1325955,11.65193145,5.924087252999999,True
2060,P0039,Heilongjiang,ammonia,0.0,0.0,0.0,0.0,0.0,True
2060,P0040,Shanxi,unabated,0.0,0.0,0.0,0.0,0.0,True
2060,P0040,Shanxi,retire,1.0,29397324.999999996,24.105806499999996,24.105806499999996,0.0,True
2060,P0040,Shanxi,ccs,0.0,0.0,0.0,0.0,0.0,True
2060,P0040,Shanxi,biomass,0.0,0.0,0.0,0.0,0.0,True
2060,P0040,Shanxi,beccs,0.0,0.0,0.0,0.0,0.0,True
2060,P0040,Shanxi,ammonia,0.0,0.0,0.0,0.0,0.0,True
2060,P0041,Hebei,unabated,0.0,0.0,0.0,0.0,0.0,True
2060,P0041,Hebei,retire,0.0,0.0,0.0,0.0,0.0,True
2060,P0041,Hebei,ccs,0.0,0.0,0.0,0.0,0.0,True
2060,P0041,Hebei,biomass,0.0,0.0,0.0,0.0,0.0,True
2060,P0041,Hebei,beccs,1.0,17330339.0,14.21087798,27.000668161999997,13.727708128679996,True
2060,P0041,Hebei,ammonia,0.0,0.0,0.0,0.0,0.0,True
2060,P0042,Shandong,unabated,0.0,0.0,0.0,0.0,0.0,True
2060,P0042,Shandong,retire,0.17637098294671993,4861163.840366904,3.98615434910086,3.98615434910086,0.0,True
2060,P0042,Shandong,ccs,0.0,0.0,0.0,0.0,0.0,True
2060,P0042,Shandong,biomass,0.8236290170532801,22700988.1596331,18.61481029089914,18.61481029089914,0.0,True
2060,P0042,Shandong,beccs,0.0,0.0,0.0,0.0,0.0,True
2060,P0042,Shandong,ammonia,0.0,0.0,0.0,0.0,0.0,True
2060,P0043,Anhui,unabated,0.0,0.0,0.0,0.0,0.0,True
2060,P0043,Anhui,retire,0.0,0.0,0.0,0.0,0.0,True
2060,P0043,Anhui,ccs,0.0,0.0,0.0,0.0,0.0,True
2060,P0043,Anhui,biomass,1.0,71657610.0,58.759240199999994,58.759240199999994,0.0,True
2060,P0043,Anhui,beccs,0.0,0.0,0.0,0.0,0.0,True
2060,P0043,Anhui,ammonia,0.0,0.0,0.0,0.0,0.0,True
2060,P0044,Heilongjiang,unabated,0.0,0.0,0.0,0.0,0.0,True
2060,P0044,Heilongjiang,retire,0.0,0.0,0.0,0.0,0.0,True
2060,P0044,Heilongjiang,ccs,0.0,0.0,0.0,0.0,0.0,True
2060,P0044,Heilongjiang,biomass,0.0,0.0,0.0,0.0,0.0,True
2060,P0044,Heilongjiang,beccs,1.0,10278967.500000002,8.428753350000001,16.014631365,8.142175736099999,True
2060,P0044,Heilongjiang,ammonia,0.0,0.0,0.0,0.0,0.0,True
2060,P0045,Henan,unabated,0.0,0.0,0.0,0.0,0.0,True
2060,P0045,Henan,retire,1.0,50070436.0,41.057757519999996,41.057757519999996,0.0,True
2060,P0045,Henan,ccs,0.0,0.0,0.0,0.0,0.0,True
2060,P0045,Henan,biomass,0.0,0.0,0.0,0.0,0.0,True
2060,P0045,Henan,beccs,0.0,0.0,0.0,0.0,0.0,True
2060,P0045,Henan,ammonia,0.0,0.0,0.0,0.0,0.0,True
2060,P0046,Zhejiang,unabated,0.0,0.0,0.0,0.0,0.0,True
2060,P0046,Zhejiang,retire,1.0,102230348.64,83.8288858848,83.8288858848,0.0,True
2060,P0046,Zhejiang,ccs,0.0,0.0,0.0,0.0,0.0,True
2060,P0046,Zhejiang,biomass,0.0,0.0,0.0,0.0,0.0,True
2060,P0046,Zhejiang,beccs,0.0,0.0,0.0,0.0,0.0,True
2060,P0046,Zhejiang,ammonia,0.0,0.0,0.0,0.0,0.0,True
2060,P0047,Liaoning,unabated,0.0,0.0,0.0,0.0,0.0,True
2060,P0047,Liaoning,retire,0.0,0.0,0.0,0.0,0.0,True
2060,P0047,Liaoning,ccs,0.0,0.0,0.0,0.0,0.0,True
2060,P0047,Liaoning,biomass,1.0,10170295.999999998,8.339642719999999,8.339642719999999,0.0,True
2060,P0047,Liaoning,beccs,0.0,0.0,0.0,0.0,0.0,True
2060,P0047,Liaoning,ammonia,0.0,0.0,0.0,0.0,0.0,True
2060,P0048,Shanxi,unabated,0.0,0.0,0.0,0.0,0.0,True
2060,P0048,Shanxi,retire,0.0,0.0,0.0,0.0,0.0,True
2060,P0048,Shanxi,ccs,0.0,0.0,0.0,0.0,0.0,True
2060,P0048,Shanxi,biomass,0.0,0.0,0.0,0.0,0.0,True
2060,P0048,Shanxi,beccs,1.0,6481300.0,5.314666,10.0978654,5.50067931,True
2060,P0048,Shanxi,ammonia,0.0,0.0,0.0,0.0,0.0,True
2060,P0049,Xinjiang,unabated,0.0,0.0,0.0,0.0,0.0,True
2060,P0049,Xinjiang,retire,0.0,0.0,0.0,0.0,0.0,True
2060,P0049,Xinjiang,ccs,1.0,7182431.999999999,5.889594239999999,5.300634816,5.689348035839998,True
2060,P0049,Xinjiang,biomass,0.0,0.0,0.0,0.0,0.0,True
2060,P0049,Xinjiang,beccs,0.0,0.0,0.0,0.0,0.0,True
2060,P0049,Xinjiang,ammonia,0.0,0.0,0.0,0.0,0.0,True
2060,P0050,Henan,unabated,0.0,0.0,0.0,0.0,0.0,True
2060,P0050,Henan,retire,0.0,0.0,0.0,0.0,0.0,True
2060,P0050,Henan,ccs,0.0,0.0,0.0,0.0,0.0,True
2060,P0050,Henan,biomass,1.0,7055216.0,5.78527712,5.78527712,0.0,True
2060,P0050,Henan,beccs,0.0,0.0,0.0,0.0,0.0,True
2060,P0050,Henan,ammonia,0.0,0.0,0.0,0.0,0.0,True
2060,P0051,Hebei,unabated,0.0,0.0,0.0,0.0,0.0,True
2060,P0051,Hebei,retire,1.0,36442718.0,29.88302876,29.88302876,0.0,True
2060,P0051,Hebei,ccs,0.0,0.0,0.0,0.0,0.0,True
2060,P0051,Hebei,biomass,0.0,0.0,0.0,0.0,0.0,True
2060,P0051,Hebei,beccs,0.0,0.0,0.0,0.0,0.0,True
2060,P0051,Hebei,ammonia,0.0,0.0,0.0,0.0,0.0,True
2060,P0052,Jiangsu,unabated,0.0,0.0,0.0,0.0,0.0,True
2060,P0052,Jiangsu,retire,1.0,137274235.0,112.5648727,112.5648727,0.0,True
2060,P0052,Jiangsu,ccs,0.0,0.0,0.0,0.0,0.0,True
2060,P0052,Jiangsu,biomass,0.0,0.0,0.0,0.0,0.0,True
2060,P0052,Jiangsu,beccs,0.0,0.0,0.0,0.0,0.0,True
2060,P0052,Jiangsu,ammonia,0.0,0.0,0.0,0.0,0.0,True
2060,P0053,Heilongjiang,unabated,0.0,0.0,0.0,0.0,0.0,True
2060,P0053,Heilongjiang,retire,0.0,0.0,0.0,0.0,0.0,True
2060,P0053,Heilongjiang,ccs,0.0,0.0,0.0,0.0,0.0,True
2060,P0053,Heilongjiang,biomass,0.0,0.0,0.0,0.0,0.0,True
2060,P0053,Heilongjiang,beccs,1.0,9739800.000000002,7.986636000000001,15.1746084,7.715090376,True
2060,P0053,Heilongjiang,ammonia,0.0,0.0,0.0,0.0,0.0,True
2060,P0054,Hebei,unabated,0.0,0.0,0.0,0.0,0.0,True
2060,P0054,Hebei,retire,0.0,0.0,0.0,0.0,0.0,True
2060,P0054,Hebei,ccs,0.0,0.0,0.0,0.0,0.0,True
2060,P0054,Hebei,biomass,1.0,19691542.0,16.14706444,16.14706444,0.0,True
2060,P0054,Hebei,beccs,0.0,0.0,0.0,0.0,0.0,True
2060,P0054,Hebei,ammonia,0.0,0.0,0.0,0.0,0.0,True
2060,P0055,Shanxi,unabated,0.0,0.0,0.0,0.0,0.0,True
2060,P0055,Shanxi,retire,1.0,17129150.0,14.045903,14.045903,0.0,True
2060,P0055,Shanxi,ccs,0.0,0.0,0.0,0.0,0.0,True
2060,P0055,Shanxi,biomass,0.0,0.0,0.0,0.0,0.0,True
2060,P0055,Shanxi,beccs,0.0,0.0,0.0,0.0,0.0,True
2060,P0055,Shanxi,ammonia,0.0,0.0,0.0,0.0,0.0,True
2060,P0056,Jiangxi,unabated,0.0,0.0,0.0,0.0,0.0,True
2060,P0056,Jiangxi,retire,0.0,0.0,0.0,0.0,0.0,True
2060,P0056,Jiangxi,ccs,0.0,0.0,0.0,0.0,0.0,True
2060,P0056,Jiangxi,biomass,0.006100509277606414,116891.41903154852,0.09585096360586977,0.09585096360586977,0.0,True
2060,P0056,Jiangxi,beccs,0.9938994907223936,19044036.58096845,15.61610999639413,29.670608993148843,16.162673846267925,True
2060,P0056,Jiangxi,ammonia,0.0,0.0,0.0,0.0,0.0,True
2060,P0057,Gansu,unabated,0.0,0.0,0.0,0.0,0.0,True
2060,P0057,Gansu,retire,0.0,0.0,0.0,0.0,0.0,True
2060,P0057,Gansu,ccs,0.0,0.0,0.0,0.0,0.0,True
2060,P0057,Gansu,biomass,0.0,0.0,0.0,0.0,0.0,True
2060,P0057,Gansu,beccs,1.0,12233632.0,10.03157824,19.059998655999998,9.690504579839997,True
2060,P0057,Gansu,ammonia,0.0,0.0,0.0,0.0,0.0,True
2060,P0058,Jiangsu,unabated,0.0,0.0,0.0,0.0,0.0,True
2060,P0058,Jiangsu,retire,0.08338819769622707,1888324.2775376027,1.5484259075808342,1.5484259075808342,0.0,True
2060,P0058,Jiangsu,ccs,0.0,0.0,0.0,0.0,0.0,True
2060,P0058,Jiangsu,biomass,0.05483812694518077,1241808.425006397,1.0182829085052456,1.0182829085052456,0.0,True
2060,P0058,Jiangsu,beccs,0.8617736753585928,19514849.79745602,16.002176833913936,30.40413598443648,15.458102821560859,True
2060,P0058,Jiangsu,ammonia,0.0,0.0,0.0,0.0,0.0,True
2060,P0059,Inner Mongolia,unabated,0.0,0.0,0.0,0.0,0.0,True
2060,P0059,Inner Mongolia,retire,1.0,104755830.0,85.8997806,85.8997806,0.0,True
2060,P0059,Inner Mongolia,ccs,0.0,0.0,0.0,0.0,0.0,True
2060,P0059,Inner Mongolia,biomass,0.0,0.0,0.0,0.0,0.0,True
2060,P0059,Inner Mongolia,beccs,0.0,0.0,0.0,0.0,0.0,True
2060,P0059,Inner Mongolia,ammonia,0.0,0.0,0.0,0.0,0.0,True
2060,P0060,Shandong,unabated,0.0,0.0,0.0,0.0,0.0,True
2060,P0060,Shandong,retire,0.2768897164362254,5991832.049540813,4.9133022806234665,4.9133022806234665,0.0,True
2060,P0060,Shandong,ccs,0.0,0.0,0.0,0.0,0.0,True
2060,P0060,Shandong,biomass,0.7231102835637743,15647946.150459183,12.83131584337653,12.83131584337653,0.0,True
2060,P0060,Shandong,beccs,0.0,0.0,0.0,0.0,0.0,True
2060,P0060,Shandong,ammonia,0.0,0.0,0.0,0.0,0.0,True
2060,P0061,Shandong,unabated,0.0,0.0,0.0,0.0,0.0,True
2060,P0061,Shandong,retire,0.0,0.0,0.0,0.0,0.0,True
2060,P0061,Shandong,ccs,0.0,0.0,0.0,0.0,0.0,True
2060,P0061,Shandong,biomass,0.0,0.0,0.0,0.0,0.0,True
2060,P0061,Shandong,beccs,1.0,17095512.000000004,14.018319840000002,26.634807696000003,13.54169696544,True
2060,P0061,Shandong,ammonia,0.0,0.0,0.0,0.0,0.0,True
2060,P0062,Xinjiang,unabated,0.0,0.0,0.0,0.0,0.0,True
2060,P0062,Xinjiang,retire,0.0,0.0,0.0,0.0,0.0,True
2060,P0062,Xinjiang,ccs,0.2273537012151512,1164679.355851733,0.9550370717984208,0.8595333646185788,0.9225658113572742,True
2060,P0062,Xinjiang,biomass,0.0,0.0,0.0,0.0,0.0,True
2060,P0062,Xinjiang,beccs,0.7726462987848488,3958084.6441482673,3.245629408201579,6.166695875583,3.1352780083227243,True
2060,P0062,Xinjiang,ammonia,0.0,0.0,0.0,0.0,0.0,True
2060,P0063,Ningxia,unabated,0.0,0.0,0.0,0.0,0.0,True
2060,P0063,Ningxia,retire,0.1287235468416379,1126174.507031372,0.9234630957657252,0.9234630957657252,0.0,True
2060,P0063,Ningxia,ccs,0.0,0.0,0.0,0.0,0.0,True
2060,P0063,Ningxia,biomass,0.0,0.0,0.0,0.0,0.0,True
2060,P0063,Ningxia,beccs,0.8712764531583621,7622609.492968628,6.250539784234275,11.876025590045122,6.038021431570308,True
2060,P0063,Ningxia,ammonia,0.0,0.0,0.0,0.0,0.0,True
2060,P0064,Shandong,unabated,0.0,0.0,0.0,0.0,0.0,True
2060,P0064,Shandong,retire,1.0,18229398.000000004,14.94810636,14.94810636,0.0,True
2060,P0064,Shandong,ccs,0.0,0.0,0.0,0.0,0.0,True
2060,P0064,Shandong,biomass,0.0,0.0,0.0,0.0,0.0,True
2060,P0064,Shandong,beccs,0.0,0.0,0.0,0.0,0.0,True
2060,P0064,Shandong,ammonia,0.0,0.0,0.0,0.0,0.0,True
2060,P0065,Xinjiang,unabated,0.0,0.0,0.0,0.0,0.0,True
2060,P0065,Xinjiang,retire,0.0,0.0,0.0,0.0,0.0,True
2060,P0065,Xinjiang,ccs,1.0,17824049.999999996,14.615720999999997,13.154148899999997,14.118786485999996,True
2060,P0065,Xinjiang,biomass,0.0,0.0,0.0,0.0,0.0,True
2060,P0065,Xinjiang,beccs,0.0,0.0,0.0,0.0,0.0,True
2060,P0065,Xinjiang,ammonia,0.0,0.0,0.0,0.0,0.0,True
2060,P0066,Fujian,unabated,0.0,0.0,0.0,0.0,0.0,True
2060,P0066,Fujian,retire,1.0,45243841.199999996,37.099949783999996,37.099949783999996,0.0,True
2060,P0066,Fujian,ccs,0.0,0.0,0.0,0.0,0.0,True
2060,P0066,Fujian,biomass,0.0,0.0,0.0,0.0,0.0,True
2060,P0066,Fujian,beccs,0.0,0.0,0.0,0.0,0.0,True
2060,P0066,Fujian,ammonia,0.0,0.0,0.0,0.0,0.0,True
2060,P0067,Hebei,unabated,0.0,0.0,0.0,0.0,0.0,True
2060,P0067,Hebei,retire,0.08909877299151558,3048529.486498568,2.4997941789288256,2.4997941789288256,0.0,True
2060,P0067,Hebei,ccs,0.0,0.0,0.0,0.0,0.0,True
2060,P0067,Hebei,biomass,0.0,0.0,0.0,0.0,0.0,True
2060,P0067,Hebei,beccs,0.9109012270084844,31166638.51350143,25.55664358107117,48.557622804035226,24.68771769931475,True
2060,P0067,Hebei,ammonia,0.0,0.0,0.0,0.0,0.0,True
2060,P0068,Zhejiang,unabated,0.0,0.0,0.0,0.0,0.0,True
2060,P0068,Zhejiang,retire,0.028808240240757788,645024.8101678763,0.5289203443376587,0.5289203443376587,0.0,True
2060,P0068,Zhejiang,ccs,0.0,0.0,0.0,0.0,0.0,True
2060,P0068,Zhejiang,biomass,0.007366918065442096,164947.4208411104,0.13525688508971057,0.13525688508971057,0.0,True
2060,P0068,Zhejiang,beccs,0.9638248416938001,21580316.268991012,17.695859340572632,33.622132747088,17.094200122993158,True
2060,P0068,Zhejiang,ammonia,0.0,0.0,0.0,0.0,0.0,True
2060,P0069,Shaanxi,unabated,0.0,0.0,0.0,0.0,0.0,True
2060,P0069,Shaanxi,retire,0.0,0.0,0.0,0.0,0.0,True
2060,P0069,Shaanxi,ccs,0.0,0.0,0.0,0.0,0.0,True
2060,P0069,Shaanxi,biomass,0.0,0.0,0.0,0.0,0.0,True
2060,P0069,Shaanxi,beccs,1.0,18152000.0,14.88464,28.280815999999998,14.378562239999997,True
2060,P0069,Shaanxi,ammonia,0.0,0.0,0.0,0.0,0.0,True
2060,P0070,Shandong,unabated,0.0,0.0,0.0,0.0,0.0,True
2060,P0070,Shandong,retire,0.0,0.0,0.0,0.0,0.0,True
2060,P0070,Shandong,ccs,0.0,0.0,0.0,0.0,0.0,True
2060,P0070,Shandong,biomass,1.0,25817712.000000004,21.170523840000005,21.170523840000005,0.0,True
2060,P0070,Shandong,beccs,0.0,0.0,0.0,0.0,0.0,True
2060,P0070,Shandong,ammonia,0.0,0.0,0.0,0.0,0.0,True
2060,P0071,Guizhou,unabated,0.0,0.0,0.0,0.0,0.0,True
2060,P0071,Guizhou,retire,1.0,23735500.0,19.46311,19.46311,0.0,True
2060,P0071,Guizhou,ccs,0.0,0.0,0.0,0.0,0.0,True
2060,P0071,Guizhou,biomass,0.0,0.0,0.0,0.0,0.0,True
2060,P0071,Guizhou,beccs,0.0,0.0,0.0,0.0,0.0,True
2060,P0071,Guizhou,ammonia,0.0,0.0,0.0,0.0,0.0,True
2060,P0072,Heilongjiang,unabated,0.0,0.0,0.0,0.0,0.0,True
2060,P0072,Heilongjiang,retire,0.0,0.0,0.0,0.0,0.0,True
2060,P0072,Heilongjiang,ccs,0.0,0.0,0.0,0.0,0.0,True
2060,P0072,Heilongjiang,biomass,0.1289797432698229,717849.6591425263,0.5886367204968717,0.5886367204968717,0.0,True
2060,P0072,Heilongjiang,beccs,0.871020256730177,4847750.340857473,3.975155279503128,7.552795031055943,3.840000000000021,True
2060,P0072,Heilongjiang,ammonia,0.0,0.0,0.0,0.0,0.0,True
2060,P0073,Liaoning,unabated,0.0,0.0,0.0,0.0,0.0,True
2060,P0073,Liaoning,retire,0.0,0.0,0.0,0.0,0.0,True
2060,P0073,Liaoning,ccs,0.0,0.0,0.0,0.0,0.0,True
2060,P0073,Liaoning,biomass,1.0,6340931.499999999,5.199563829999999,5.199563829999999,0.0,True
2060,P0073,Liaoning,beccs,0.0,0.0,0.0,0.0,0.0,True
2060,P0073,Liaoning,ammonia,0.0,0.0,0.0,0.0,0.0,True
2060,P0074,Shaanxi,unabated,0.0,0.0,0.0,0.0,0.0,True
2060,P0074,Shaanxi,retire,1.0,36893940.0,30.253030799999998,30.253030799999998,0.0,True
2060,P0074,Shaanxi,ccs,0.0,0.0,0.0,0.0,0.0,True
2060,P0074,Shaanxi,biomass,0.0,0.0,0.0,0.0,0.0,True
2060,P0074,Shaanxi,beccs,0.0,0.0,0.0,0.0,0.0,True
2060,P0074,Shaanxi,ammonia,0.0,0.0,0.0,0.0,0.0,True
2060,P0075,Henan,unabated,0.0,0.0,0.0,0.0,0.0,True
2060,P0075,Henan,retire,0.0,0.0,0.0,0.0,0.0,True
2060,P0075,Henan,ccs,0.0,0.0,0.0,0.0,0.0,True
2060,P0075,Henan,biomass,1.0,7127208.0,5.844310559999999,5.844310559999999,0.0,True
2060,P0075,Henan,beccs,0.0,0.0,0.0,0.0,0.0,True
2060,P0075,Henan,ammonia,0.0,0.0,0.0,0.0,0.0,True
2060,P0076,Guangxi,unabated,0.0,0.0,0.0,0.0,0.0,True
2060,P0076,Guangxi,retire,0.0,0.0,0.0,0.0,0.0,True
2060,P0076,Guangxi,ccs,0.0,0.0,0.0,0.0,0.0,True
2060,P0076,Guangxi,biomass,1.0,13593944.000000002,11.147034080000001,11.147034080000001,0.0,True
2060,P0076,Guangxi,beccs,0.0,0.0,0.0,0.0,0.0,True
2060,P0076,Guangxi,ammonia,0.0,0.0,0.0,0.0,0.0,True
2060,P0077,Xinjiang,unabated,0.0,0.0,0.0,0.0,0.0,True
2060,P0077,Xinjiang,retire,1.0,41298983.99999999,33.86516688,33.86516688,0.0,True
2060,P0077,Xinjiang,ccs,0.0,0.0,0.0,0.0,0.0,True
2060,P0077,Xinjiang,biomass,0.0,0.0,0.0,0.0,0.0,True
2060,P0077,Xinjiang,beccs,0.0,0.0,0.0,0.0,0.0,True
2060,P0077,Xinjiang,ammonia,0.0,0.0,0.0,0.0,0.0,True
2060,P0078,Heilongjiang,unabated,0.0,0.0,0.0,0.0,0.0,True
2060,P0078,Heilongjiang,retire,0.0,0.0,0.0,0.0,0.0,True
2060,P0078,Heilongjiang,ccs,0.0,0.0,0.0,0.0,0.0,True
2060,P0078,Heilongjiang,biomass,0.0,0.0,0.0,0.0,0.0,True
2060,P0078,Heilongjiang,beccs,1.0,18122985.0,14.860847699999999,28.235610629999996,14.355578878199998,True
2060,P0078,Heilongjiang,ammonia,0.0,0.0,0.0,0.0,0.0,True
2060,P0079,Guangxi,unabated,0.0,0.0,0.0,0.0,0.0,True
2060,P0079,Guangxi,retire,0.31597698067700397,13430604.091491899,11.013095355023356,11.013095355023356,0.0,True
2060,P0079,Guangxi,ccs,0.0,0.0,0.0,0.0,0.0,True
2060,P0079,Guangxi,biomass,0.0,0.0,0.0,0.0,0.0,True
2060,P0079,Guangxi,beccs,0.684023019322996,29074403.9085081,23.841011204976642,45.29792128945562,23.030416824007432,True
2060,P0079,Guangxi,ammonia,0.0,0.0,0.0,0.0,0.0,True
2060,P0080,Shandong,unabated,0.0,0.0,0.0,0.0,0.0,True
2060,P0080,Shandong,retire,0.0,0.0,0.0,0.0,0.0,True
2060,P0080,Shandong,ccs,0.0,0.0,0.0,0.0,0.0,True
2060,P0080,Shandong,biomass,1.0,21587445.000000004,17.701704900000003,17.701704900000003,0.0,True
2060,P0080,Shandong,beccs,0.0,0.0,0.0,0.0,0.0,True
2060,P0080,Shandong,ammonia,0.0,0.0,0.0,0.0,0.0,True
2060,P0081,Gansu,unabated,0.0,0.0,0.0,0.0,0.0,True
2060,P0081,Gansu,retire,1.0,8798160.0,7.214491199999999,7.214491199999999,0.0,True
2060,P0081,Gansu,ccs,0.0,0.0,0.0,0.0,0.0,True
2060,P0081,Gansu,biomass,0.0,0.0,0.0,0.0,0.0,True
2060,P0081,Gansu,beccs,0.0,0.0,0.0,0.0,0.0,True
2060,P0081,Gansu,ammonia,0.0,0.0,0.0,0.0,0.0,True
2060,P0082,Liaoning,unabated,0.0,0.0,0.0,0.0,0.0,True
2060,P0082,Liaoning,retire,0.0,0.0,0.0,0.0,0.0,True
2060,P0082,Liaoning,ccs,0.0,0.0,0.0,0.0,0.0,True
2060,P0082,Liaoning,biomass,1.0,7751749.999999999,6.356434999999999,6.356434999999999,0.0,True
2060,P0082,Liaoning,beccs,0.0,0.0,0.0,0.0,0.0,True
2060,P0082,Liaoning,ammonia,0.0,0.0,0.0,0.0,0.0,True
2060,P0083,Shaanxi,unabated,0.0,0.0,0.0,0.0,0.0,True
2060,P0083,Shaanxi,retire,1.0,58041020.0,47.5936364,47.5936364,0.0,True
2060,P0083,Shaanxi,ccs,0.0,0.0,0.0,0.0,0.0,True
2060,P0083,Shaanxi,biomass,0.0,0.0,0.0,0.0,0.0,True
2060,P0083,Shaanxi,beccs,0.0,0.0,0.0,0.0,0.0,True
2060,P0083,Shaanxi,ammonia,0.0,0.0,0.0,0.0,0.0,True
2060,P0084,Shaanxi,unabated,0.0,0.0,0.0,0.0,0.0,True
2060,P0084,Shaanxi,retire,1.0,12207220.0,10.009920399999999,10.009920399999999,0.0,True
2060,P0084,Shaanxi,ccs,0.0,0.0,0.0,0.0,0.0,True
2060,P0084,Shaanxi,biomass,0.0,0.0,0.0,0.0,0.0,True
2060,P0084,Shaanxi,beccs,0.0,0.0,0.0,0.0,0.0,True
2060,P0084,Shaanxi,ammonia,0.0,0.0,0.0,0.0,0.0,True
2060,P0085,Jiangsu,unabated,0.0,0.0,0.0,0.0,0.0,True
2060,P0085,Jiangsu,retire,1.0,50405775.00000001,41.3327355,41.3327355,0.0,True
2060,P0085,Jiangsu,ccs,0.0,0.0,0.0,0.0,0.0,True
2060,P0085,Jiangsu,biomass,0.0,0.0,0.0,0.0,0.0,True
2060,P0085,Jiangsu,beccs,0.0,0.0,0.0,0.0,0.0,True
2060,P0085,Jiangsu,ammonia,0.0,0.0,0.0,0.0,0.0,True
2060,P0086,Shaanxi,unabated,0.0,0.0,0.0,0.0,0.0,True
2060,P0086,Shaanxi,retire,1.0,42929480.0,35.2021736,35.2021736,0.0,True
2060,P0086,Shaanxi,ccs,0.0,0.0,0.0,0.0,0.0,True
2060,P0086,Shaanxi,biomass,0.0,0.0,0.0,0.0,0.0,True
2060,P0086,Shaanxi,beccs,0.0,0.0,0.0,0.0,0.0,True
2060,P0086,Shaanxi,ammonia,0.0,0.0,0.0,0.0,0.0,True
2060,P0087,Hebei,unabated,0.0,0.0,0.0,0.0,0.0,True
2060,P0087,Hebei,retire,0.0,0.0,0.0,0.0,0.0,True
2060,P0087,Hebei,ccs,0.0,0.0,0.0,0.0,0.0,True
2060,P0087,Hebei,biomass,1.0,13588055.000000002,11.142205100000002,11.142205100000002,0.0,True
2060,P0087,Hebei,beccs,0.0,0.0,0.0,0.0,0.0,True
2060,P0087,Hebei,ammonia,0.0,0.0,0.0,0.0,0.0,True
2060,P0088,Zhejiang,unabated,0.0,0.0,0.0,0.0,0.0,True
2060,P0088,Zhejiang,retire,0.0,0.0,0.0,0.0,0.0,True
2060,P0088,Zhejiang,ccs,0.0,0.0,0.0,0.0,0.0,True
2060,P0088,Zhejiang,biomass,0.0,0.0,0.0,0.0,0.0,True
2060,P0088,Zhejiang,beccs,1.0,15775605.0,12.935996099999999,24.578392589999996,12.496172232599998,True
2060,P0088,Zhejiang,ammonia,0.0,0.0,0.0,0.0,0.0,True
2060,P0089,Ningxia,unabated,0.0,0.0,0.0,0.0,0.0,True
2060,P0089,Ningxia,retire,1.0,131480305.0,107.8138501,107.8138501,0.0,True
2060,P0089,Ningxia,ccs,0.0,0.0,0.0,0.0,0.0,True
2060,P0089,Ningxia,biomass,0.0,0.0,0.0,0.0,0.0,True
2060,P0089,Ningxia,beccs,0.0,0.0,0.0,0.0,0.0,True
2060,P0089,Ningxia,ammonia,0.0,0.0,0.0,0.0,0.0,True
2060,P0090,Guangdong,unabated,0.0,0.0,0.0,0.0,0.0,True
2060,P0090,Guangdong,retire,1.0,34962181.2,28.668988584,28.668988584,0.0,True
2060,P0090,Guangdong,ccs,0.0,0.0,0.0,0.0,0.0,True
2060,P0090,Guangdong,biomass,0.0,0.0,0.0,0.0,0.0,True
2060,P0090,Guangdong,beccs,0.0,0.0,0.0,0.0,0.0,True
2060,P0090,Guangdong,ammonia,0.0,0.0,0.0,0.0,0.0,True
2060,P0091,Guangdong,unabated,0.0,0.0,0.0,0.0,0.0,True
2060,P0091,Guangdong,retire,0.0,0.0,0.0,0.0,0.0,True
2060,P0091,Guangdong,ccs,0.0,0.0,0.0,0.0,0.0,True
2060,P0091,Guangdong,biomass,0.0,0.0,0.0,0.0,0.0,True
2060,P0091,Guangdong,beccs,1.0,35657946.0,29.23951572,55.555079868,28.245372185519997,True
2060,P0091,Guangdong,ammonia,0.0,0.0,0.0,0.0,0.0,True
2060,P0092,Jiangxi,unabated,0.0,0.0,0.0,0.0,0.0,True
2060,P0092,Jiangxi,retire,0.0,0.0,0.0,0.0,0.0,True
2060,P0092,Jiangxi,ccs,0.0,0.0,0.0,0.0,0.0,True
2060,P0092,Jiangxi,biomass,1.0,36462960.0,29.899627199999998,29.899627199999998,0.0,True
2060,P0092,Jiangxi,beccs,0.0,0.0,0.0,0.0,0.0,True
2060,P0092,Jiangxi,ammonia,0.0,0.0,0.0,0.0,0.0,True
2060,P0093,Hunan,unabated,0.0,0.0,0.0,0.0,0.0,True
2060,P0093,Hunan,retire,1.0,18069412.5,14.81691825,14.81691825,0.0,True
2060,P0093,Hunan,ccs,0.0,0.0,0.0,0.0,0.0,True
2060,P0093,Hunan,biomass,0.0,0.0,0.0,0.0,0.0,True
2060,P0093,Hunan,beccs,0.0,0.0,0.0,0.0,0.0,True
2060,P0093,Hunan,ammonia,0.0,0.0,0.0,0.0,0.0,True
2060,P0094,Fujian,unabated,0.0,0.0,0.0,0.0,0.0,True
2060,P0094,Fujian,retire,0.0,0.0,0.0,0.0,0.0,True
2060,P0094,Fujian,ccs,0.0,0.0,0.0,0.0,0.0,True
2060,P0094,Fujian,biomass,0.0,0.0,0.0,0.0,0.0,True
2060,P0094,Fujian,beccs,1.0,6459012.0,5.29638984,10.063140696,5.481763484399999,True
2060,P0094,Fujian,ammonia,0.0,0.0,0.0,0.0,0.0,True
2060,P0095,Anhui,unabated,0.0,0.0,0.0,0.0,0.0,True
2060,P0095,Anhui,retire,0.0,0.0,0.0,0.0,0.0,True
2060,P0095,Anhui,ccs,0.0,0.0,0.0,0.0,0.0,True
2060,P0095,Anhui,biomass,1.0,16313541.000000002,13.377103620000002,13.377103620000002,0.0,True
2060,P0095,Anhui,beccs,0.0,0.0,0.0,0.0,0.0,True
2060,P0095,Anhui,ammonia,0.0,0.0,0.0,0.0,0.0,True
2060,P0096,Guangdong,unabated,0.0,0.0,0.0,0.0,0.0,True
2060,P0096,Guangdong,retire,0.0,0.0,0.0,0.0,0.0,True
2060,P0096,Guangdong,ccs,0.0,0.0,0.0,0.0,0.0,True
2060,P0096,Guangdong,biomass,0.18771946405664458,4235709.308033226,3.473281632587246,3.473281632587246,0.0,True
2060,P0096,Guangdong,beccs,0.8122805359433557,18328329.69196678,15.02923034741276,28.555537660084244,14.518236515600725,True
2060,P0096,Guangdong,ammonia,0.0,0.0,0.0,0.0,0.0,True
2060,P0097,Gansu,unabated,0.0,0.0,0.0,0.0,0.0,True
2060,P0097,Gansu,retire,0.0,0.0,0.0,0.0,0.0,True
2060,P0097,Gansu,ccs,0.0,0.0,0.0,0.0,0.0,True
2060,P0097,Gansu,biomass,0.0,0.0,0.0,0.0,0.0,True
2060,P0097,Gansu,beccs,1.0,8881952.0,7.28320064,13.838081215999999,7.035571818239999,True
2060,P0097,Gansu,ammonia,0.0,0.0,0.0,0.0,0.0,True
2060,P0098,Xinjiang,unabated,0.0,0.0,0.0,0.0,0.0,True
2060,P0098,Xinjiang,retire,1.0,128966903.99999999,105.75286127999999,105.75286127999999,0.0,True
2060,P0098,Xinjiang,ccs,0.0,0.0,0.0,0.0,0.0,True
2060,P0098,Xinjiang,biomass,0.0,0.0,0.0,0.0,0.0,True
2060,P0098,Xinjiang,beccs,0.0,0.0,0.0,0.0,0.0,True
2060,P0098,Xinjiang,ammonia,0.0,0.0,0.0,0.0,0.0,True
2060,P0099,Sichuan,unabated,0.0,0.0,0.0,0.0,0.0,True
2060,P0099,Sichuan,retire,0.0,0.0,0.0,0.0,0.0,True
2060,P0099,Sichuan,ccs,0.0,0.0,0.0,0.0,0.0,True
2060,P0099,Sichuan,biomass,0.0,0.0,0.0,0.0,0.0,True
2060,P0099,Sichuan,beccs,1.0,4996399.999999999,4.097047999999999,7.784391199999998,3.9577483679999985,True
2060,P0099,Sichuan,ammonia,0.0,0.0,0.0,0.0,0.0,True
2060,P0100,Jiangxi,unabated,0.0,0.0,0.0,0.0,0.0,True
2060,P0100,Jiangxi,retire,0.0,0.0,0.0,0.0,0.0,True
2060,P0100,Jiangxi,ccs,0.0,0.0,0.0,0.0,0.0,True
2060,P0100,Jiangxi,biomass,1.0,15157152.0,12.428864639999999,12.428864639999999,0.0,True
2060,P0100,Jiangxi,beccs,0.0,0.0,0.0,0.0,0.0,True
2060,P0100,Jiangxi,ammonia,0.0,0.0,0.0,0.0,0.0,True
2060,P0101,Qinghai,unabated,0.0,0.0,0.0,0.0,0.0,True
2060,P0101,Qinghai,retire,1.0,19952390.0,16.3609598,16.3609598,0.0,True
2060,P0101,Qinghai,ccs,0.0,0.0,0.0,0.0,0.0,True
2060,P0101,Qinghai,biomass,0.0,0.0,0.0,0.0,0.0,True
2060,P0101,Qinghai,beccs,0.0,0.0,0.0,0.0,0.0,True
2060,P0101,Qinghai,ammonia,0.0,0.0,0.0,0.0,0.0,True
2060,P0102,Hunan,unabated,0.0,0.0,0.0,0.0,0.0,True
2060,P0102,Hunan,retire,0.0,0.0,0.0,0.0,0.0,True
2060,P0102,Hunan,ccs,0.0,0.0,0.0,0.0,0.0,True
2060,P0102,Hunan,biomass,1.0,9845388.0,8.07321816,8.07321816,0.0,True
2060,P0102,Hunan,beccs,0.0,0.0,0.0,0.0,0.0,True
2060,P0102,Hunan,ammonia,0.0,0.0,0.0,0.0,0.0,True
2060,P0103,Inner Mongolia,unabated,0.0,0.0,0.0,0.0,0.0,True
2060,P0103,Inner Mongolia,retire,1.0,19119700.0,15.678153999999997,15.678153999999997,0.0,True
2060,P0103,Inner Mongolia,ccs,0.0,0.0,0.0,0.0,0.0,True
2060,P0103,Inner Mongolia,biomass,0.0,0.0,0.0,0.0,0.0,True
2060,P0103,Inner Mongolia,beccs,0.0,0.0,0.0,0.0,0.0,True
2060,P0103,Inner Mongolia,ammonia,0.0,0.0,0.0,0.0,0.0,True
2060,P0104,Inner Mongolia,unabated,0.0,0.0,0.0,0.0,0.0,True
2060,P0104,Inner Mongolia,retire,1.0,22843010.0,18.7312682,18.7312682,0.0,True
2060,P0104,Inner Mongolia,ccs,0.0,0.0,0.0,0.0,0.0,True
2060,P0104,Inner Mongolia,biomass,0.0,0.0,0.0,0.0,0.0,True
2060,P0104,Inner Mongolia,beccs,0.0,0.0,0.0,0.0,0.0,True
2060,P0104,Inner Mongolia,ammonia,0.0,0.0,0.0,0.0,0.0,True
2060,P0105,Liaoning,unabated,0.0,0.0,0.0,0.0,0.0,True
2060,P0105,Liaoning,retire,0.0,0.0,0.0,0.0,0.0,True
2060,P0105,Liaoning,ccs,0.0,0.0,0.0,0.0,0.0,True
2060,P0105,Liaoning,biomass,0.1504295524270334,606367.9871736532,0.4972217494823956,0.4972217494823956,0.0,True
2060,P0105,Liaoning,beccs,0.8495704475729671,3424542.0128263487,2.8081244505176057,5.335436455983451,2.7126482192000068,True
2060,P0105,Liaoning,ammonia,0.0,0.0,0.0,0.0,0.0,True
2060,P0106,Hubei,unabated,0.0,0.0,0.0,0.0,0.0,True
2060,P0106,Hubei,retire,1.0,39558279.99999999,32.43778959999999,32.43778959999999,0.0,True
2060,P0106,Hubei,ccs,0.0,0.0,0.0,0.0,0.0,True
2060,P0106,Hubei,biomass,0.0,0.0,0.0,0.0,0.0,True
2060,P0106,Hubei,beccs,0.0,0.0,0.0,0.0,0.0,True
2060,P0106,Hubei,ammonia,0.0,0.0,0.0,0.0,0.0,True
2060,P0107,Liaoning,unabated,0.0,0.0,0.0,0.0,0.0,True
2060,P0107,Liaoning,retire,1.0,14387248.0,11.797543359999999,11.797543359999999,0.0,True
2060,P0107,Liaoning,ccs,0.0,0.0,0.0,0.0,0.0,True
2060,P0107,Liaoning,biomass,0.0,0.0,0.0,0.0,0.0,True
2060,P0107,Liaoning,beccs,0.0,0.0,0.0,0.0,0.0,True
2060,P0107,Liaoning,ammonia,0.0,0.0,0.0,0.0,0.0,True
2060,P0108,Guangdong,unabated,0.0,0.0,0.0,0.0,0.0,True
2060,P0108,Guangdong,retire,1.0,22805624.0,18.700611679999998,18.700611679999998,0.0,True
2060,P0108,Guangdong,ccs,0.0,0.0,0.0,0.0,0.0,True
2060,P0108,Guangdong,biomass,0.0,0.0,0.0,0.0,0.0,True
2060,P0108,Guangdong,beccs,0.0,0.0,0.0,0.0,0.0,True
2060,P0108,Guangdong,ammonia,0.0,0.0,0.0,0.0,0.0,True
2060,P0109,Shaanxi,unabated,0.0,0.0,0.0,0.0,0.0,True
2060,P0109,Shaanxi,retire,0.0,0.0,0.0,0.0,0.0,True
2060,P0109,Shaanxi,ccs,0.0,0.0,0.0,0.0,0.0,True
2060,P0109,Shaanxi,biomass,0.0,0.0,0.0,0.0,0.0,True
2060,P0109,Shaanxi,beccs,1.0,37846920.0,31.034474399999997,58.96550135999999,29.979302270399995,True
2060,P0109,Shaanxi,ammonia,0.0,0.0,0.0,0.0,0.0,True
2060,P0110,Guizhou,unabated,0.0,0.0,0.0,0.0,0.0,True
2060,P0110,Guizhou,retire,0.12678737036275334,7980827.04075809,6.544278173421634,6.544278173421634,0.0,True
2060,P0110,Guizhou,ccs,0.0,0.0,0.0,0.0,0.0,True
2060,P0110,Guizhou,biomass,0.8732126296372467,54965718.95924191,45.07188954657837,45.07188954657837,0.0,True
2060,P0110,Guizhou,beccs,0.0,0.0,0.0,0.0,0.0,True
2060,P0110,Guizhou,ammonia,0.0,0.0,0.0,0.0,0.0,True
2060,P0111,Guangxi,unabated,0.0,0.0,0.0,0.0,0.0,True
2060,P0111,Guangxi,retire,0.0,0.0,0.0,0.0,0.0,True
2060,P0111,Guangxi,ccs,0.0,0.0,0.0,0.0,0.0,True
2060,P0111,Guangxi,biomass,1.0,587794.48,0.48199147359999994,0.48199147359999994,0.0,True
2060,P0111,Guangxi,beccs,0.0,0.0,0.0,0.0,0.0,True
2060,P0111,Guangxi,ammonia,0.0,0.0,0.0,0.0,0.0,True
2060,P0112,Guangdong,unabated,0.0,0.0,0.0,0.0,0.0,True
2060,P0112,Guangdong,retire,1.0,41166084.0,33.756188879999996,33.756188879999996,0.0,True
2060,P0112,Guangdong,ccs,0.0,0.0,0.0,0.0,0.0,True
2060,P0112,Guangdong,biomass,0.0,0.0,0.0,0.0,0.0,True
2060,P0112,Guangdong,beccs,0.0,0.0,0.0,0.0,0.0,True
2060,P0112,Guangdong,ammonia,0.0,0.0,0.0,0.0,0.0,True
2060,P0113,Inner Mongolia,unabated,0.0,0.0,0.0,0.0,0.0,True
2060,P0113,Inner Mongolia,retire,0.0,0.0,0.0,0.0,0.0,True
2060,P0113,Inner Mongolia,ccs,0.0,0.0,0.0,0.0,0.0,True
2060,P0113,Inner Mongolia,biomass,0.49191476819804514,9900276.624753857,8.118226832298161,8.118226832298161,0.0,True
2060,P0113,Inner Mongolia,beccs,0.5080852318019551,10225723.375246149,8.385093167701841,15.931677018633495,8.1,True
2060,P0113,Inner Mongolia,ammonia,0.0,0.0,0.0,0.0,0.0,True
2060,P0114,Guangxi,unabated,0.0,0.0,0.0,0.0,0.0,True
2060,P0114,Guangxi,retire,0.0,0.0,0.0,0.0,0.0,True
2060,P0114,Guangxi,ccs,0.0,0.0,0.0,0.0,0.0,True
2060,P0114,Guangxi,biomass,0.0,0.0,0.0,0.0,0.0,True
2060,P0114,Guangxi,beccs,1.0,29485456.0,24.17807392,45.938340448,23.356019406719994,True
2060,P0114,Guangxi,ammonia,0.0,0.0,0.0,0.0,0.0,True
2060,P0115,Shandong,unabated,0.0,0.0,0.0,0.0,0.0,True
2060,P0115,Shandong,retire,0.0,0.0,0.0,0.0,0.0,True
2060,P0115,Shandong,ccs,0.0,0.0,0.0,0.0,0.0,True
2060,P0115,Shandong,biomass,1.0,9550809.0,7.83166338,7.83166338,0.0,True
2060,P0115,Shandong,beccs,0.0,0.0,0.0,0.0,0.0,True
2060,P0115,Shandong,ammonia,0.0,0.0,0.0,0.0,0.0,True
2060,P0116,Liaoning,unabated,0.0,0.0,0.0,0.0,0.0,True
2060,P0116,Liaoning,retire,0.0,0.0,0.0,0.0,0.0,True
2060,P0116,Liaoning,ccs,0.0,0.0,0.0,0.0,0.0,True
2060,P0116,Liaoning,biomass,1.0,2542573.9999999995,2.0849106799999997,2.0849106799999997,0.0,True
2060,P0116,Liaoning,beccs,0.0,0.0,0.0,0.0,0.0,True
2060,P0116,Liaoning,ammonia,0.0,0.0,0.0,0.0,0.0,True
2060,P0117,Henan,unabated,0.0,0.0,0.0,0.0,0.0,True
2060,P0117,Henan,retire,0.0,0.0,0.0,0.0,0.0,True
2060,P0117,Henan,ccs,0.0,0.0,0.0,0.0,0.0,True
2060,P0117,Henan,biomass,1.0,8351072.0,6.8478790400000005,6.8478790400000005,0.0,True
2060,P0117,Henan,beccs,0.0,0.0,0.0,0.0,0.0,True
2060,P0117,Henan,ammonia,0.0,0.0,0.0,0.0,0.0,True
2060,P0118,Liaoning,unabated,0.0,0.0,0.0,0.0,0.0,True
2060,P0118,Liaoning,retire,0.0,0.0,0.0,0.0,0.0,True
2060,P0118,Liaoning,ccs,0.0,0.0,0.0,0.0,0.0,True
2060,P0118,Liaoning,biomass,1.0,16867807.999999996,13.831602559999997,13.831602559999997,0.0,True
2060,P0118,Liaoning,beccs,0.0,0.0,0.0,0.0,0.0,True
2060,P0118,Liaoning,ammonia,0.0,0.0,0.0,0.0,0.0,True
2060,P0119,Guizhou,unabated,0.0,0.0,0.0,0.0,0.0,True
2060,P0119,Guizhou,retire,1.0,27248354.0,22.34365028,22.34365028,0.0,True
2060,P0119,Guizhou,ccs,0.0,0.0,0.0,0.0,0.0,True
2060,P0119,Guizhou,biomass,0.0,0.0,0.0,0.0,0.0,True
2060,P0119,Guizhou,beccs,0.0,0.0,0.0,0.0,0.0,True
2060,P0119,Guizhou,ammonia,0.0,0.0,0.0,0.0,0.0,True
2060,P0120,Inner Mongolia,unabated,0.0,0.0,0.0,0.0,0.0,True
2060,P0120,Inner Mongolia,retire,1.0,23648049.999999996,19.391400999999995,19.391400999999995,0.0,True
2060,P0120,Inner Mongolia,ccs,0.0,0.0,0.0,0.0,0.0,True
2060,P0120,Inner Mongolia,biomass,0.0,0.0,0.0,0.0,0.0,True
2060,P0120,Inner Mongolia,beccs,0.0,0.0,0.0,0.0,0.0,True
2060,P0120,Inner Mongolia,ammonia,0.0,0.0,0.0,0.0,0.0,True
2060,P0121,Guangdong,unabated,0.0,0.0,0.0,0.0,0.0,True
2060,P0121,Guangdong,retire,1.0,32662292.0,26.783079439999998,26.783079439999998,0.0,True
2060,P0121,Guangdong,ccs,0.0,0.0,0.0,0.0,0.0,True
2060,P0121,Guangdong,biomass,0.0,0.0,0.0,0.0,0.0,True
2060,P0121,Guangdong,beccs,0.0,0.0,0.0,0.0,0.0,True
2060,P0121,Guangdong,ammonia,0.0,0.0,0.0,0.0,0.0,True
2060,P0122,Shaanxi,unabated,0.0,0.0,0.0,0.0,0.0,True
2060,P0122,Shaanxi,retire,1.0,33535820.0,27.4993724,27.4993724,0.0,True
2060,P0122,Shaanxi,ccs,0.0,0.0,0.0,0.0,0.0,True
2060,P0122,Shaanxi,biomass,0.0,0.0,0.0,0.0,0.0,True
2060,P0122,Shaanxi,beccs,0.0,0.0,0.0,0.0,0.0,True
2060,P0122,Shaanxi,ammonia,0.0,0.0,0.0,0.0,0.0,True
2060,P0123,Hebei,unabated,0.0,0.0,0.0,0.0,0.0,True
2060,P0123,Hebei,retire,0.0,0.0,0.0,0.0,0.0,True
2060,P0123,Hebei,ccs,0.0,0.0,0.0,0.0,0.0,True
2060,P0123,Hebei,biomass,1.0,29973912.800000004,24.578608496000005,24.578608496000005,0.0,True
2060,P0123,Hebei,beccs,0.0,0.0,0.0,0.0,0.0,True
2060,P0123,Hebei,ammonia,0.0,0.0,0.0,0.0,0.0,True
2060,P0124,Henan,unabated,0.0,0.0,0.0,0.0,0.0,True
2060,P0124,Henan,retire,0.0,0.0,0.0,0.0,0.0,True
2060,P0124,Henan,ccs,0.0,0.0,0.0,0.0,0.0,True
2060,P0124,Henan,biomass,1.0,42007332.0,34.446012239999995,34.446012239999995,0.0,True
2060,P0124,Henan,beccs,0.0,0.0,0.0,0.0,0.0,True
2060,P0124,Henan,ammonia,0.0,0.0,0.0,0.0,0.0,True
2060,P0125,Xinjiang,unabated,0.0,0.0,0.0,0.0,0.0,True
2060,P0125,Xinjiang,retire,0.2794564697186682,17577558.198829725,14.413597723040372,14.413597723040372,0.0,True
2060,P0125,Xinjiang,ccs,0.7205435302813318,45321533.80117027,37.16365771695961,33.44729194526366,35.90009335458298,True
2060,P0125,Xinjiang,biomass,0.0,0.0,0.0,0.0,0.0,True
2060,P0125,Xinjiang,beccs,0.0,0.0,0.0,0.0,0.0,True
2060,P0125,Xinjiang,ammonia,0.0,0.0,0.0,0.0,0.0,True
2060,P0126,Jiangsu,unabated,0.0,0.0,0.0,0.0,0.0,True
2060,P0126,Jiangsu,retire,1.0,86326786.00000001,70.78796452000002,70.78796452000002,0.0,True
2060,P0126,Jiangsu,ccs,0.0,0.0,0.0,0.0,0.0,True
2060,P0126,Jiangsu,biomass,0.0,0.0,0.0,0.0,0.0,True
2060,P0126,Jiangsu,beccs,0.0,0.0,0.0,0.0,0.0,True
2060,P0126,Jiangsu,ammonia,0.0,0.0,0.0,0.0,0.0,True
2060,P0127,Hebei,unabated,0.0,0.0,0.0,0.0,0.0,True
2060,P0127,Hebei,retire,0.0,0.0,0.0,0.0,0.0,True
2060,P0127,Hebei,ccs,0.0,0.0,0.0,0.0,0.0,True
2060,P0127,Hebei,biomass,1.0,7796425.000000001,6.3930685,6.3930685,0.0,True
2060,P0127,Hebei,beccs,0.0,0.0,0.0,0.0,0.0,True
2060,P0127,Hebei,ammonia,0.0,0.0,0.0,0.0,0.0,True
2060,P0128,Xinjiang,unabated,0.0,0.0,0.0,0.0,0.0,True
2060,P0128,Xinjiang,retire,0.0,0.0,0.0,0.0,0.0,True
2060,P0128,Xinjiang,ccs,0.54154151788831,2774189.39234359,2.274835301721744,2.0473517715495695,2.197490901463204,True
2060,P0128,Xinjiang,biomass,0.0,0.0,0.0,0.0,0.0,True
2060,P0128,Xinjiang,beccs,0.45845848211169027,2348574.607656411,1.925831178278257,3.1776214441591235,1.8603529182167955,True
2060,P0128,Xinjiang,ammonia,0.0,0.0,0.0,0.0,0.0,True
2060,P0129,Inner Mongolia,unabated,0.0,0.0,0.0,0.0,0.0,True
2060,P0129,Inner Mongolia,retire,1.0,67573045.0,55.4098969,55.4098969,0.0,True
2060,P0129,Inner Mongolia,ccs,0.0,0.0,0.0,0.0,0.0,True
2060,P0129,Inner Mongolia,biomass,0.0,0.0,0.0,0.0,0.0,True
2060,P0129,Inner Mongolia,beccs,0.0,0.0,0.0,0.0,0.0,True
2060,P0129,Inner Mongolia,ammonia,0.0,0.0,0.0,0.0,0.0,True
2060,P0130,Hebei,unabated,0.0,0.0,0.0,0.0,0.0,True
2060,P0130,Hebei,retire,0.0,0.0,0.0,0.0,0.0,True
2060,P0130,Hebei,ccs,0.0,0.0,0.0,0.0,0.0,True
2060,P0130,Hebei,biomass,1.0,5791630.0,4.7491366,4.7491366,0.0,True
2060,P0130,Hebei,beccs,0.0,0.0,0.0,0.0,0.0,True
2060,P0130,Hebei,ammonia,0.0,0.0,0.0,0.0,0.0,True
2060,P0131,Zhejiang,unabated,0.0,0.0,0.0,0.0,0.0,True
2060,P0131,Zhejiang,retire,1.0,68084190.0,55.8290358,55.8290358,0.0,True
2060,P0131,Zhejiang,ccs,0.0,0.0,0.0,0.0,0.0,True
2060,P0131,Zhejiang,biomass,0.0,0.0,0.0,0.0,0.0,True
2060,P0131,Zhejiang,beccs,0.0,0.0,0.0,0.0,0.0,True
2060,P0131,Zhejiang,ammonia,0.0,0.0,0.0,0.0,0.0,True
2060,P0132,Jilin,unabated,0.0,0.0,0.0,0.0,0.0,True
2060,P0132,Jilin,retire,0.0,0.0,0.0,0.0,0.0,True
2060,P0132,Jilin,ccs,0.0,0.0,0.0,0.0,0.0,True
2060,P0132,Jilin,biomass,0.0,0.0,0.0,0.0,0.0,True
2060,P0132,Jilin,beccs,1.0,6228808.0,5.107622559999999,9.704482864,4.933963392959998,True
2060,P0132,Jilin,ammonia,0.0,0.0,0.0,0.0,0.0,True
2060,P0133,Anhui,unabated,0.0,0.0,0.0,0.0,0.0,True
2060,P0133,Anhui,retire,0.0,0.0,0.0,0.0,0.0,True
2060,P0133,Anhui,ccs,0.0,0.0,0.0,0.0,0.0,True
2060,P0133,Anhui,biomass,0.4380274971055168,13579207.212543678,11.134949914285817,11.134949914285817,0.0,True
2060,P0133,Anhui,beccs,0.5619725028944834,17421602.787456334,14.285714285714194,27.142857142856965,13.8,True
2060,P0133,Anhui,ammonia,0.0,0.0,0.0,0.0,0.0,True
2060,P0134,Shanxi,unabated,0.0,0.0,0.0,0.0,0.0,True
2060,P0134,Shanxi,retire,1.0,14837547.5,12.166788949999999,12.166788949999999,0.0,True
2060,P0134,Shanxi,ccs,0.0,0.0,0.0,0.0,0.0,True
2060,P0134,Shanxi,biomass,0.0,0.0,0.0,0.0,0.0,True
2060,P0134,Shanxi,beccs,0.0,0.0,0.0,0.0,0.0,True
2060,P0134,Shanxi,ammonia,0.0,0.0,0.0,0.0,0.0,True
2060,P0135,Liaoning,unabated,0.0,0.0,0.0,0.0,0.0,True
2060,P0135,Liaoning,retire,0.0,0.0,0.0,0.0,0.0,True
2060,P0135,Liaoning,ccs,0.0,0.0,0.0,0.0,0.0,True
2060,P0135,Liaoning,biomass,1.0,5891330.0,4.8308906,4.8308906,0.0,True
2060,P0135,Liaoning,beccs,0.0,0.0,0.0,0.0,0.0,True
2060,P0135,Liaoning,ammonia,0.0,0.0,0.0,0.0,0.0,True
2060,P0136,Inner Mongolia,unabated,0.0,0.0,0.0,0.0,0.0,True
2060,P0136,Inner Mongolia,retire,0.0,0.0,0.0,0.0,0.0,True
2060,P0136,Inner Mongolia,ccs,0.0,0.0,0.0,0.0,0.0,True
2060,P0136,Inner Mongolia,biomass,0.0,0.0,0.0,0.0,0.0,True
2060,P0136,Inner Mongolia,beccs,1.0,4427720.0,3.6307304,6.898387759999999,3.507285566399999,True
2060,P0136,Inner Mongolia,ammonia,0.0,0.0,0.0,0.0,0.0,True
2060,P0137,Xinjiang,unabated,0.0,0.0,0.0,0.0,0.0,True
2060,P0137,Xinjiang,retire,0.9904382717217207,7322983.640863451,6.004846585508029,6.004846585508029,0.0,True
2060,P0137,Xinjiang,ccs,0.00956172827827928,70696.35913654794,0.05797101449196931,0.05217391304277238,0.059999999999188224,True
2060,P0137,Xinjiang,biomass,0.0,0.0,0.0,0.0,0.0,True
2060,P0137,Xinjiang,beccs,0.0,0.0,0.0,0.0,0.0,True
2060,P0137,Xinjiang,ammonia,0.0,0.0,0.0,0.0,0.0,True
2060,P0138,Jilin,unabated,0.0,0.0,0.0,0.0,0.0,True
2060,P0138,Jilin,retire,0.0,0.0,0.0,0.0,0.0,True
2060,P0138,Jilin,ccs,0.0,0.0,0.0,0.0,0.0,True
2060,P0138,Jilin,biomass,1.0,4345680.000000001,3.5634576000000004,3.5634576000000004,0.0,True
2060,P0138,Jilin,beccs,0.0,0.0,0.0,0.0,0.0,True
2060,P0138,Jilin,ammonia,0.0,0.0,0.0,0.0,0.0,True
2060,P0139,Heilongjiang,unabated,0.0,0.0,0.0,0.0,0.0,True
2060,P0139,Heilongjiang,retire,0.0,0.0,0.0,0.0,0.0,True
2060,P0139,Heilongjiang,ccs,0.0,0.0,0.0,0.0,0.0,True
2060,P0139,Heilongjiang,biomass,1.0,4156807.5000000005,3.4085821500000004,3.4085821500000004,0.0,True
2060,P0139,Heilongjiang,beccs,0.0,0.0,0.0,0.0,0.0,True
2060,P0139,Heilongjiang,ammonia,0.0,0.0,0.0,0.0,0.0,True
2060,P0140,Guangdong,unabated,0.0,0.0,0.0,0.0,0.0,True
2060,P0140,Guangdong,retire,0.12255601730475618,6797926.873154762,5.574300035986904,5.574300035986904,0.0,True
2060,P0140,Guangdong,ccs,0.0,0.0,0.0,0.0,0.0,True
2060,P0140,Guangdong,biomass,0.0,0.0,0.0,0.0,0.0,True
2060,P0140,Guangdong,beccs,0.8774439826952438,48669989.12684524,39.909391084013095,75.82784305962487,38.552471787156634,True
2060,P0140,Guangdong,ammonia,0.0,0.0,0.0,0.0,0.0,True
2060,P0141,Shandong,unabated,0.0,0.0,0.0,0.0,0.0,True
2060,P0141,Shandong,retire,1.0,46881825.00000001,38.44309650000001,38.44309650000001,0.0,True
2060,P0141,Shandong,ccs,0.0,0.0,0.0,0.0,0.0,True
2060,P0141,Shandong,biomass,0.0,0.0,0.0,0.0,0.0,True
2060,P0141,Shandong,beccs,0.0,0.0,0.0,0.0,0.0,True
2060,P0141,Shandong,ammonia,0.0,0.0,0.0,0.0,0.0,True
2060,P0142,Jiangsu,unabated,0.0,0.0,0.0,0.0,0.0,True
2060,P0142,Jiangsu,retire,0.0,0.0,0.0,0.0,0.0,True
2060,P0142,Jiangsu,ccs,0.0,0.0,0.0,0.0,0.0,True
2060,P0142,Jiangsu,biomass,0.0,0.0,0.0,0.0,0.0,True
2060,P0142,Jiangsu,beccs,1.0,33453385.000000004,27.431775700000003,52.120373830000005,26.4990953262,True
2060,P0142,Jiangsu,ammonia,0.0,0.0,0.0,0.0,0.0,True
2060,P0143,Yunnan,unabated,0.0,0.0,0.0,0.0,0.0,True
2060,P0143,Yunnan,retire,0.0,0.0,0.0,0.0,0.0,True
2060,P0143,Yunnan,ccs,0.0,0.0,0.0,0.0,0.0,True
2060,P0143,Yunnan,biomass,1.0,11205499.999999998,9.188509999999997,9.188509999999997,0.0,True
2060,P0143,Yunnan,beccs,0.0,0.0,0.0,0.0,0.0,True
2060,P0143,Yunnan,ammonia,0.0,0.0,0.0,0.0,0.0,True
2060,P0144,Shanxi,unabated,0.0,0.0,0.0,0.0,0.0,True
2060,P0144,Shanxi,retire,1.0,32892597.499999996,26.971929949999996,26.971929949999996,0.0,True
2060,P0144,Shanxi,ccs,0.0,0.0,0.0,0.0,0.0,True
2060,P0144,Shanxi,biomass,0.0,0.0,0.0,0.0,0.0,True
2060,P0144,Shanxi,beccs,0.0,0.0,0.0,0.0,0.0,True
2060,P0144,Shanxi,ammonia,0.0,0.0,0.0,0.0,0.0,True
2060,P0145,Liaoning,unabated,0.0,0.0,0.0,0.0,0.0,True
2060,P0145,Liaoning,retire,0.0,0.0,0.0,0.0,0.0,True
2060,P0145,Liaoning,ccs,0.0,0.0,0.0,0.0,0.0,True
2060,P0145,Liaoning,biomass,1.0,8185847.999999999,6.712395359999999,6.712395359999999,0.0,True
2060,P0145,Liaoning,beccs,0.0,0.0,0.0,0.0,0.0,True
2060,P0145,Liaoning,ammonia,0.0,0.0,0.0,0.0,0.0,True
2060,P0146,Shanxi,unabated,0.0,0.0,0.0,0.0,0.0,True
2060,P0146,Shanxi,retire,1.0,19906850.0,16.323617,16.323617,0.0,True
2060,P0146,Shanxi,ccs,0.0,0.0,0.0,0.0,0.0,True
2060,P0146,Shanxi,biomass,0.0,0.0,0.0,0.0,0.0,True
2060,P0146,Shanxi,beccs,0.0,0.0,0.0,0.0,0.0,True
2060,P0146,Shanxi,ammonia,0.0,0.0,0.0,0.0,0.0,True
2060,P0147,Inner Mongolia,unabated,0.0,0.0,0.0,0.0,0.0,True
2060,P0147,Inner Mongolia,retire,0.0,0.0,0.0,0.0,0.0,True
2060,P0147,Inner Mongolia,ccs,0.0,0.0,0.0,0.0,0.0,True
2060,P0147,Inner Mongolia,biomass,0.4306357326435588,6760240.309043726,5.5433970534158545,5.5433970534158545,0.0,True
2060,P0147,Inner Mongolia,beccs,0.5693642673564414,8938039.690956276,7.329192546584146,13.925465838509876,7.080000000000283,True
2060,P0147,Inner Mongolia,ammonia,0.0,0.0,0.0,0.0,0.0,True
2060,P0148,Shandong,unabated,0.0,0.0,0.0,0.0,0.0,True
2060,P0148,Shandong,retire,0.0,0.0,0.0,0.0,0.0,True
2060,P0148,Shandong,ccs,0.0,0.0,0.0,0.0,0.0,True
2060,P0148,Shandong,biomass,1.0,9114699.000000002,7.47405318,7.47405318,0.0,True
2060,P0148,Shandong,beccs,0.0,0.0,0.0,0.0,0.0,True
2060,P0148,Shandong,ammonia,0.0,0.0,0.0,0.0,0.0,True
2060,P0149,Shaanxi,unabated,0.0,0.0,0.0,0.0,0.0,True
2060,P0149,Shaanxi,retire,1.0,42384920.0,34.7556344,34.7556344,0.0,True
2060,P0149,Shaanxi,ccs,0.0,0.0,0.0,0.0,0.0,True
2060,P0149,Shaanxi,biomass,0.0,0.0,0.0,0.0,0.0,True
2060,P0149,Shaanxi,beccs,0.0,0.0,0.0,0.0,0.0,True
2060,P0149,Shaanxi,ammonia,0.0,0.0,0.0,0.0,0.0,True
2060,P0150,Guizhou,unabated,0.0,0.0,0.0,0.0,0.0,True
2060,P0150,Guizhou,retire,0.0,0.0,0.0,0.0,0.0,True
2060,P0150,Guizhou,ccs,0.0,0.0,0.0,0.0,0.0,True
2060,P0150,Guizhou,biomass,1.0,664594.0,0.5449670799999999,0.5449670799999999,0.0,True
2060,P0150,Guizhou,beccs,0.0,0.0,0.0,0.0,0.0,True
2060,P0150,Guizhou,ammonia,0.0,0.0,0.0,0.0,0.0,True
2060,P0151,Shandong,unabated,0.0,0.0,0.0,0.0,0.0,True
2060,P0151,Shandong,retire,1.0,16899262.500000004,13.857395250000001,13.857395250000001,0.0,True
2060,P0151,Shandong,ccs,0.0,0.0,0.0,0.0,0.0,True
2060,P0151,Shandong,biomass,0.0,0.0,0.0,0.0,0.0,True
2060,P0151,Shandong,beccs,0.0,0.0,0.0,0.0,0.0,True
2060,P0151,Shandong,ammonia,0.0,0.0,0.0,0.0,0.0,True
2060,P0152,Guangdong,unabated,0.0,0.0,0.0,0.0,0.0,True
2060,P0152,Guangdong,retire,1.0,6426161.0,5.269452019999999,5.269452019999999,0.0,True
2060,P0152,Guangdong,ccs,0.0,0.0,0.0,0.0,0.0,True
2060,P0152,Guangdong,biomass,0.0,0.0,0.0,0.0,0.0,True
2060,P0152,Guangdong,beccs,0.0,0.0,0.0,0.0,0.0,True
2060,P0152,Guangdong,ammonia,0.0,0.0,0.0,0.0,0.0,True
2060,P0153,Heilongjiang,unabated,0.0,0.0,0.0,0.0,0.0,True
2060,P0153,Heilongjiang,retire,0.0,0.0,0.0,0.0,0.0,True
2060,P0153,Heilongjiang,ccs,0.0,0.0,0.0,0.0,0.0,True
2060,P0153,Heilongjiang,biomass,0.0,0.0,0.0,0.0,0.0,True
2060,P0153,Heilongjiang,beccs,1.0,7391812.500000001,6.06128625,11.516443875,5.855202517499999,True
2060,P0153,Heilongjiang,ammonia,0.0,0.0,0.0,0.0,0.0,True
2060,P0154,Tianjin,unabated,0.0,0.0,0.0,0.0,0.0,True
2060,P0154,Tianjin,retire,0.1974260550359016,5239122.862135426,4.2960807469510485,4.2960807469510485,0.0,True
2060,P0154,Tianjin,ccs,0.0,0.0,0.0,0.0,0.0,True
2060,P0154,Tianjin,biomass,0.0,0.0,0.0,0.0,0.0,True
2060,P0154,Tianjin,beccs,0.8025739449640984,21298017.137864575,17.46437405304895,33.182310700793,16.870585335245284,True
2060,P0154,Tianjin,ammonia,0.0,0.0,0.0,0.0,0.0,True
2060,P0155,Shanxi,unabated,0.0,0.0,0.0,0.0,0.0,True
2060,P0155,Shanxi,retire,0.18067242088077873,2561127.1416956843,2.100124256190461,2.100124256190461,0.0,True
2060,P0155,Shanxi,ccs,0.0,0.0,0.0,0.0,0.0,True
2060,P0155,Shanxi,biomass,0.0,0.0,0.0,0.0,0.0,True
2060,P0155,Shanxi,beccs,0.8193275791192213,11614401.858304314,9.523809523809538,18.09523809523812,9.2,True
2060,P0155,Shanxi,ammonia,0.0,0.0,0.0,0.0,0.0,True
2060,P0156,Yunnan,unabated,0.0,0.0,0.0,0.0,0.0,True
2060,P0156,Yunnan,retire,0.0,0.0,0.0,0.0,0.0,True
2060,P0156,Yunnan,ccs,0.0,0.0,0.0,0.0,0.0,True
2060,P0156,Yunnan,biomass,1.0,2689319.9999999995,2.2052423999999995,2.2052423999999995,0.0,True
2060,P0156,Yunnan,beccs,0.0,0.0,0.0,0.0,0.0,True
2060,P0156,Yunnan,ammonia,0.0,0.0,0.0,0.0,0.0,True
2060,P0157,Guizhou,unabated,0.0,0.0,0.0,0.0,0.0,True
2060,P0157,Guizhou,retire,0.0,0.0,0.0,0.0,0.0,True
2060,P0157,Guizhou,ccs,0.0,0.0,0.0,0.0,0.0,True
2060,P0157,Guizhou,biomass,1.0,24495036.0,20.08592952,20.08592952,0.0,True
2060,P0157,Guizhou,beccs,0.0,0.0,0.0,0.0,0.0,True
2060,P0157,Guizhou,ammonia,0.0,0.0,0.0,0.0,0.0,True
2060,P0158,Guangxi,unabated,0.0,0.0,0.0,0.0,0.0,True
2060,P0158,Guangxi,retire,0.0,0.0,0.0,0.0,0.0,True
2060,P0158,Guangxi,ccs,0.0,0.0,0.0,0.0,0.0,True
2060,P0158,Guangxi,biomass,0.0,0.0,0.0,0.0,0.0,True
2060,P0158,Guangxi,beccs,1.0,7299565.0,5.9856432999999996,11.372722269999999,5.782131427799999,True
2060,P0158,Guangxi,ammonia,0.0,0.0,0.0,0.0,0.0,True
2060,P0159,Fujian,unabated,0.0,0.0,0.0,0.0,0.0,True
2060,P0159,Fujian,retire,0.0,0.0,0.0,0.0,0.0,True
2060,P0159,Fujian,ccs,0.0,0.0,0.0,0.0,0.0,True
2060,P0159,Fujian,biomass,0.0,0.0,0.0,0.0,0.0,True
2060,P0159,Fujian,beccs,1.0,17480341.999999996,14.333880439999996,27.23437283599999,13.846528505039995,True
2060,P0159,Fujian,ammonia,0.0,0.0,0.0,0.0,0.0,True
2060,P0160,Hubei,unabated,0.0,0.0,0.0,0.0,0.0,True
2060,P0160,Hubei,retire,0.0,0.0,0.0,0.0,0.0,True
2060,P0160,Hubei,ccs,0.0,0.0,0.0,0.0,0.0,True
2060,P0160,Hubei,biomass,0.0,0.0,0.0,0.0,0.0,True
2060,P0160,Hubei,beccs,1.0,16573231.999999998,13.590050239999998,25.821095455999995,13.127988531839998,True
2060,P0160,Hubei,ammonia,0.0,0.0,0.0,0.0,0.0,True
2060,P0161,Zhejiang,unabated,0.0,0.0,0.0,0.0,0.0,True
2060,P0161,Zhejiang,retire,0.0,0.0,0.0,0.0,0.0,True
2060,P0161,Zhejiang,ccs,0.0,0.0,0.0,0.0,0.0,True
2060,P0161,Zhejiang,biomass,0.0,0.0,0.0,0.0,0.0,True
2060,P0161,Zhejiang,beccs,1.0,2629267.5,2.15599935,4.096398765,2.0826953721,True
2060,P0161,Zhejiang,ammonia,0.0,0.0,0.0,0.0,0.0,True
2060,P0162,Shandong,unabated,0.0,0.0,0.0,0.0,0.0,True
2060,P0162,Shandong,retire,0.0,0.0,0.0,0.0,0.0,True
2060,P0162,Shandong,ccs,0.0,0.0,0.0,0.0,0.0,True
2060,P0162,Shandong,biomass,1.0,5974707.0,4.899259739999999,4.899259739999999,0.0,True
2060,P0162,Shandong,beccs,0.0,0.0,0.0,0.0,0.0,True
2060,P0162,Shandong,ammonia,0.0,0.0,0.0,0.0,0.0,True
2060,P0163,Hebei,unabated,0.0,0.0,0.0,0.0,0.0,True
2060,P0163,Hebei,retire,1.0,11583260.0,9.4982732,9.4982732,0.0,True
2060,P0163,Hebei,ccs,0.0,0.0,0.0,0.0,0.0,True
2060,P0163,Hebei,biomass,0.0,0.0,0.0,0.0,0.0,True
2060,P0163,Hebei,beccs,0.0,0.0,0.0,0.0,0.0,True
2060,P0163,Hebei,ammonia,0.0,0.0,0.0,0.0,0.0,True
2060,P0164,Hunan,unabated,0.0,0.0,0.0,0.0,0.0,True
2060,P0164,Hunan,retire,0.0,0.0,0.0,0.0,0.0,True
2060,P0164,Hunan,ccs,0.0,0.0,0.0,0.0,0.0,True
2060,P0164,Hunan,biomass,1.0,12502080.0,10.2517056,10.2517056,0.0,True
2060,P0164,Hunan,beccs,0.0,0.0,0.0,0.0,0.0,True
2060,P0164,Hunan,ammonia,0.0,0.0,0.0,0.0,0.0,True
2060,P0165,Hebei,unabated,0.0,0.0,0.0,0.0,0.0,True
2060,P0165,Hebei,retire,1.0,5346120.0,4.383818399999999,4.383818399999999,0.0,True
2060,P0165,Hebei,ccs,0.0,0.0,0.0,0.0,0.0,True
2060,P0165,Hebei,biomass,0.0,0.0,0.0,0.0,0.0,True
2060,P0165,Hebei,beccs,0.0,0.0,0.0,0.0,0.0,True
2060,P0165,Hebei,ammonia,0.0,0.0,0.0,0.0,0.0,True
2060,P0166,Guangxi,unabated,0.0,0.0,0.0,0.0,0.0,True
2060,P0166,Guangxi,retire,0.0,0.0,0.0,0.0,0.0,True
2060,P0166,Guangxi,ccs,0.0,0.0,0.0,0.0,0.0,True
2060,P0166,Guangxi,biomass,1.0,8807344.0,7.2220220799999995,7.2220220799999995,0.0,True
2060,P0166,Guangxi,beccs,0.0,0.0,0.0,0.0,0.0,True
2060,P0166,Guangxi,ammonia,0.0,0.0,0.0,0.0,0.0,True
2060,P0167,Shandong,unabated,0.0,0.0,0.0,0.0,0.0,True
2060,P0167,Shandong,retire,1.0,52621032.60000001,43.14924673200001,43.14924673200001,0.0,True
2060,P0167,Shandong,ccs,0.0,0.0,0.0,0.0,0.0,True
2060,P0167,Shandong,biomass,0.0,0.0,0.0,0.0,0.0,True
2060,P0167,Shandong,beccs,0.0,0.0,0.0,0.0,0.0,True
2060,P0167,Shandong,ammonia,0.0,0.0,0.0,0.0,0.0,True
2060,P0168,Xinjiang,unabated,0.0,0.0,0.0,0.0,0.0,True
2060,P0168,Xinjiang,retire,0.0,0.0,0.0,0.0,0.0,True
2060,P0168,Xinjiang,ccs,0.022704956434436017,194253.25379290042,0.15928766811017833,0.1433589012991605,0.16486273649403457,True
2060,P0168,Xinjiang,biomass,0.0,0.0,0.0,0.0,0.0,True
2060,P0168,Xinjiang,beccs,0.9772950435655688,8361290.746207139,6.856258411889854,13.026890982590722,7.096227456305999,True
2060,P0168,Xinjiang,ammonia,0.0,0.0,0.0,0.0,0.0,True
2060,P0169,Guizhou,unabated,0.0,0.0,0.0,0.0,0.0,True
2060,P0169,Guizhou,retire,0.0,0.0,0.0,0.0,0.0,True
2060,P0169,Guizhou,ccs,0.0,0.0,0.0,0.0,0.0,True
2060,P0169,Guizhou,biomass,1.0,7120650.0,5.838933,5.838933,0.0,True
2060,P0169,Guizhou,beccs,0.0,0.0,0.0,0.0,0.0,True
2060,P0169,Guizhou,ammonia,0.0,0.0,0.0,0.0,0.0,True
2060,P0170,Shandong,unabated,0.0,0.0,0.0,0.0,0.0,True
2060,P0170,Shandong,retire,1.0,33013527.000000004,27.07109214,27.07109214,0.0,True
2060,P0170,Shandong,ccs,0.0,0.0,0.0,0.0,0.0,True
2060,P0170,Shandong,biomass,0.0,0.0,0.0,0.0,0.0,True
2060,P0170,Shandong,beccs,0.0,0.0,0.0,0.0,0.0,True
2060,P0170,Shandong,ammonia,0.0,0.0,0.0,0.0,0.0,True
2060,P0171,Shaanxi,unabated,0.0,0.0,0.0,0.0,0.0,True
2060,P0171,Shaanxi,retire,1.0,15202300.0,12.465886,12.465886,0.0,True
2060,P0171,Shaanxi,ccs,0.0,0.0,0.0,0.0,0.0,True
2060,P0171,Shaanxi,biomass,0.0,0.0,0.0,0.0,0.0,True
2060,P0171,Shaanxi,beccs,0.0,0.0,0.0,0.0,0.0,True
2060,P0171,Shaanxi,ammonia,0.0,0.0,0.0,0.0,0.0,True
2060,P0172,Sichuan,unabated,0.0,0.0,0.0,0.0,0.0,True
2060,P0172,Sichuan,retire,0.0,0.0,0.0,0.0,0.0,True
2060,P0172,Sichuan,ccs,0.0,0.0,0.0,0.0,0.0,True
2060,P0172,Sichuan,biomass,0.0,0.0,0.0,0.0,0.0,True
2060,P0172,Sichuan,beccs,1.0,16288263.999999998,13.356376479999998,25.377115311999994,12.902259679679995,True
2060,P0172,Sichuan,ammonia,0.0,0.0,0.0,0.0,0.0,True
2060,P0173,Ningxia,unabated,0.0,0.0,0.0,0.0,0.0,True
2060,P0173,Ningxia,retire,1.0,26644024.0,21.84809968,21.84809968,0.0,True
2060,P0173,Ningxia,ccs,0.0,0.0,0.0,0.0,0.0,True
2060,P0173,Ningxia,biomass,0.0,0.0,0.0,0.0,0.0,True
2060,P0173,Ningxia,beccs,0.0,0.0,0.0,0.0,0.0,True
2060,P0173,Ningxia,ammonia,0.0,0.0,0.0,0.0,0.0,True
2060,P0174,Shanxi,unabated,0.0,0.0,0.0,0.0,0.0,True
2060,P0174,Shanxi,retire,1.0,37452655.0,30.711177099999997,30.711177099999997,0.0,True
2060,P0174,Shanxi,ccs,0.0,0.0,0.0,0.0,0.0,True
2060,P0174,Shanxi,biomass,0.0,0.0,0.0,0.0,0.0,True
2060,P0174,Shanxi,beccs,0.0,0.0,0.0,0.0,0.0,True
2060,P0174,Shanxi,ammonia,0.0,0.0,0.0,0.0,0.0,True
2060,P0175,Guizhou,unabated,0.0,0.0,0.0,0.0,0.0,True
2060,P0175,Guizhou,retire,0.0,0.0,0.0,0.0,0.0,True
2060,P0175,Guizhou,ccs,0.0,0.0,0.0,0.0,0.0,True
2060,P0175,Guizhou,biomass,1.0,8544780.0,7.006719599999999,7.006719599999999,0.0,True
2060,P0175,Guizhou,beccs,0.0,0.0,0.0,0.0,0.0,True
2060,P0175,Guizhou,ammonia,0.0,0.0,0.0,0.0,0.0,True
2060,P0176,Hubei,unabated,0.0,0.0,0.0,0.0,0.0,True
2060,P0176,Hubei,retire,0.0,0.0,0.0,0.0,0.0,True
2060,P0176,Hubei,ccs,0.0,0.0,0.0,0.0,0.0,True
2060,P0176,Hubei,biomass,0.5601601302474515,9871769.194566468,8.094850739544503,8.094850739544503,0.0,True
2060,P0176,Hubei,beccs,0.4398398697525491,7751350.8054335425,6.356107660455504,12.076604554865458,6.1400000000000166,True
2060,P0176,Hubei,ammonia,0.0,0.0,0.0,0.0,0.0,True
2060,P0177,Jilin,unabated,0.0,0.0,0.0,0.0,0.0,True
2060,P0177,Jilin,retire,0.0,0.0,0.0,0.0,0.0,True
2060,P0177,Jilin,ccs,0.0,0.0,0.0,0.0,0.0,True
2060,P0177,Jilin,biomass,0.8471886906117951,6320098.795814003,5.182481012567482,5.182481012567482,0.0,True
2060,P0177,Jilin,beccs,0.15281130938820547,1139985.2041860016,0.9347878674325212,1.7760969481217903,0.9030050799398153,True
2060,P0177,Jilin,ammonia,0.0,0.0,0.0,0.0,0.0,True
2060,P0178,Shaanxi,unabated,0.0,0.0,0.0,0.0,0.0,True
2060,P0178,Shaanxi,retire,0.0,0.0,0.0,0.0,0.0,True
2060,P0178,Shaanxi,ccs,0.0,0.0,0.0,0.0,0.0,True
2060,P0178,Shaanxi,biomass,0.0,0.0,0.0,0.0,0.0,True
2060,P0178,Shaanxi,beccs,1.0,6353200.0,5.209624,9.8982856,5.391960839999999,True
2060,P0178,Shaanxi,ammonia,0.0,0.0,0.0,0.0,0.0,True
2060,P0179,Fujian,unabated,0.0,0.0,0.0,0.0,0.0,True
2060,P0179,Fujian,retire,1.0,32038749.999999996,26.271774999999995,26.271774999999995,0.0,True
2060,P0179,Fujian,ccs,0.0,0.0,0.0,0.0,0.0,True
2060,P0179,Fujian,biomass,0.0,0.0,0.0,0.0,0.0,True
2060,P0179,Fujian,beccs,0.0,0.0,0.0,0.0,0.0,True
2060,P0179,Fujian,ammonia,0.0,0.0,0.0,0.0,0.0,True
2060,P0180,Inner Mongolia,unabated,0.0,0.0,0.0,0.0,0.0,True
2060,P0180,Inner Mongolia,retire,1.0,7547250.0,6.188745,6.188745,0.0,True
2060,P0180,Inner Mongolia,ccs,0.0,0.0,0.0,0.0,0.0,True
2060,P0180,Inner Mongolia,biomass,0.0,0.0,0.0,0.0,0.0,True
2060,P0180,Inner Mongolia,beccs,0.0,0.0,0.0,0.0,0.0,True
2060,P0180,Inner Mongolia,ammonia,0.0,0.0,0.0,0.0,0.0,True
2060,P0181,Xinjiang,unabated,0.0,0.0,0.0,0.0,0.0,True
2060,P0181,Xinjiang,retire,0.0,0.0,0.0,0.0,0.0,True
2060,P0181,Xinjiang,ccs,1.0,22999625.999999996,18.859693319999998,16.973723988,18.218463747119994,True
2060,P0181,Xinjiang,biomass,0.0,0.0,0.0,0.0,0.0,True
2060,P0181,Xinjiang,beccs,0.0,0.0,0.0,0.0,0.0,True
2060,P0181,Xinjiang,ammonia,0.0,0.0,0.0,0.0,0.0,True
2060,P0182,Jiangxi,unabated,0.0,0.0,0.0,0.0,0.0,True
2060,P0182,Jiangxi,retire,0.0,0.0,0.0,0.0,0.0,True
2060,P0182,Jiangxi,ccs,0.0,0.0,0.0,0.0,0.0,True
2060,P0182,Jiangxi,biomass,1.0,27707083.2,22.719808224,22.719808224,0.0,True
2060,P0182,Jiangxi,beccs,0.0,0.0,0.0,0.0,0.0,True
2060,P0182,Jiangxi,ammonia,0.0,0.0,0.0,0.0,0.0,True
2060,P0183,Xinjiang,unabated,0.0,0.0,0.0,0.0,0.0,True
2060,P0183,Xinjiang,retire,0.0,0.0,0.0,0.0,0.0,True
2060,P0183,Xinjiang,ccs,0.0,0.0,0.0,0.0,0.0,True
2060,P0183,Xinjiang,biomass,1.0,1425923.9999999998,1.1692576799999996,1.1692576799999996,0.0,True
2060,P0183,Xinjiang,beccs,0.0,0.0,0.0,0.0,0.0,True
2060,P0183,Xinjiang,ammonia,0.0,0.0,0.0,0.0,0.0,True
2060,P0184,Shandong,unabated,0.0,0.0,0.0,0.0,0.0,True
2060,P0184,Shandong,retire,0.06309965906588055,1785943.661257854,1.46447380223144,1.46447380223144,0.0,True
2060,P0184,Shandong,ccs,0.0,0.0,0.0,0.0,0.0,True
2060,P0184,Shandong,biomass,0.9369003409341194,26517595.338742148,21.74442817776856,21.74442817776856,0.0,True
2060,P0184,Shandong,beccs,0.0,0.0,0.0,0.0,0.0,True
2060,P0184,Shandong,ammonia,0.0,0.0,0.0,0.0,0.0,True
2060,P0185,Guizhou,unabated,0.0,0.0,0.0,0.0,0.0,True
2060,P0185,Guizhou,retire,0.0,0.0,0.0,0.0,0.0,True
2060,P0185,Guizhou,ccs,0.0,0.0,0.0,0.0,0.0,True
2060,P0185,Guizhou,biomass,1.0,7120650.0,5.838933,5.838933,0.0,True
2060,P0185,Guizhou,beccs,0.0,0.0,0.0,0.0,0.0,True
2060,P0185,Guizhou,ammonia,0.0,0.0,0.0,0.0,0.0,True
2060,P0186,Ningxia,unabated,0.0,0.0,0.0,0.0,0.0,True
2060,P0186,Ningxia,retire,1.0,24108865.0,19.769269299999998,19.769269299999998,0.0,True
2060,P0186,Ningxia,ccs,0.0,0.0,0.0,0.0,0.0,True
2060,P0186,Ningxia,biomass,0.0,0.0,0.0,0.0,0.0,True
2060,P0186,Ningxia,beccs,0.0,0.0,0.0,0.0,0.0,True
2060,P0186,Ningxia,ammonia,0.0,0.0,0.0,0.0,0.0,True
2060,P0187,Inner Mongolia,unabated,0.0,0.0,0.0,0.0,0.0,True
2060,P0187,Inner Mongolia,retire,0.0,0.0,0.0,0.0,0.0,True
2060,P0187,Inner Mongolia,ccs,0.0,0.0,0.0,0.0,0.0,True
2060,P0187,Inner Mongolia,biomass,0.0,0.0,0.0,0.0,0.0,True
2060,P0187,Inner Mongolia,beccs,1.0,1006300.0,0.825166,1.5678153999999997,0.8540468099999999,True
2060,P0187,Inner Mongolia,ammonia,0.0,0.0,0.0,0.0,0.0,True
2060,P0188,Xinjiang,unabated,0.0,0.0,0.0,0.0,0.0,True
2060,P0188,Xinjiang,retire,0.24839858738979392,5247370.478891918,4.302843792691373,4.302843792691373,0.0,True
2060,P0188,Xinjiang,ccs,0.7516014126102061,15877429.521108082,13.019492207308627,11.717542986577765,13.475174434564428,True
2060,P0188,Xinjiang,biomass,0.0,0.0,0.0,0.0,0.0,True
2060,P0188,Xinjiang,beccs,0.0,0.0,0.0,0.0,0.0,True
2060,P0188,Xinjiang,ammonia,0.0,0.0,0.0,0.0,0.0,True
2060,P0189,Yunnan,unabated,0.0,0.0,0.0,0.0,0.0,True
2060,P0189,Yunnan,retire,0.0,0.0,0.0,0.0,0.0,True
2060,P0189,Yunnan,ccs,0.0,0.0,0.0,0.0,0.0,True
2060,P0189,Yunnan,biomass,1.0,4482200.0,3.675404,3.675404,0.0,True
2060,P0189,Yunnan,beccs,0.0,0.0,0.0,0.0,0.0,True
2060,P0189,Yunnan,ammonia,0.0,0.0,0.0,0.0,0.0,True
2060,P0190,Jiangsu,unabated,0.0,0.0,0.0,0.0,0.0,True
2060,P0190,Jiangsu,retire,0.0,0.0,0.0,0.0,0.0,True
2060,P0190,Jiangsu,ccs,0.0,0.0,0.0,0.0,0.0,True
2060,P0190,Jiangsu,biomass,0.0,0.0,0.0,0.0,0.0,True
2060,P0190,Jiangsu,beccs,1.0,11234720.0,9.2124704,17.50369376,8.8992464064,True
2060,P0190,Jiangsu,ammonia,0.0,0.0,0.0,0.0,0.0,True
2060,P0191,Hunan,unabated,0.0,0.0,0.0,0.0,0.0,True
2060,P0191,Hunan,retire,0.0,0.0,0.0,0.0,0.0,True
2060,P0191,Hunan,ccs,0.0,0.0,0.0,0.0,0.0,True
2060,P0191,Hunan,biomass,1.0,8204490.0,6.7276818,6.7276818,0.0,True
2060,P0191,Hunan,beccs,0.0,0.0,0.0,0.0,0.0,True
2060,P0191,Hunan,ammonia,0.0,0.0,0.0,0.0,0.0,True
2060,P0192,Shaanxi,unabated,0.0,0.0,0.0,0.0,0.0,True
2060,P0192,Shaanxi,retire,0.0,0.0,0.0,0.0,0.0,True
2060,P0192,Shaanxi,ccs,0.0,0.0,0.0,0.0,0.0,True
2060,P0192,Shaanxi,biomass,0.0,0.0,0.0,0.0,0.0,True
2060,P0192,Shaanxi,beccs,1.0,15519960.0,12.726367199999999,24.180097679999996,12.293670715199998,True
2060,P0192,Shaanxi,ammonia,0.0,0.0,0.0,0.0,0.0,True
2060,P0193,Guangxi,unabated,0.0,0.0,0.0,0.0,0.0,True
2060,P0193,Guangxi,retire,0.0,0.0,0.0,0.0,0.0,True
2060,P0193,Guangxi,ccs,0.0,0.0,0.0,0.0,0.0,True
2060,P0193,Guangxi,biomass,0.9551162798973082,6263310.631938344,5.135914718189442,5.135914718189442,0.0,True
2060,P0193,Guangxi,beccs,0.04488372010269208,294331.3680616579,0.24135172181055944,0.4585682714400629,0.23314576326900038,True
2060,P0193,Guangxi,ammonia,0.0,0.0,0.0,0.0,0.0,True
2060,P0194,Shaanxi,unabated,0.0,0.0,0.0,0.0,0.0,True
2060,P0194,Shaanxi,retire,0.0,0.0,0.0,0.0,0.0,True
2060,P0194,Shaanxi,ccs,0.0,0.0,0.0,0.0,0.0,True
2060,P0194,Shaanxi,biomass,1.0,2995080.0,2.4559655999999994,2.4559655999999994,0.0,True
2060,P0194,Shaanxi,beccs,0.0,0.0,0.0,0.0,0.0,True
2060,P0194,Shaanxi,ammonia,0.0,0.0,0.0,0.0,0.0,True
2060,P0195,Sichuan,unabated,0.0,0.0,0.0,0.0,0.0,True
2060,P0195,Sichuan,retire,0.0,0.0,0.0,0.0,0.0,True
2060,P0195,Sichuan,ccs,0.0,0.0,0.0,0.0,0.0,True
2060,P0195,Sichuan,biomass,1.0,2997839.9999999995,2.458228799999999,2.458228799999999,0.0,True
2060,P0195,Sichuan,beccs,0.0,0.0,0.0,0.0,0.0,True
2060,P0195,Sichuan,ammonia,0.0,0.0,0.0,0.0,0.0,True
2060,P0196,Xinjiang,unabated,0.0,0.0,0.0,0.0,0.0,True
2060,P0196,Xinjiang,retire,0.0,0.0,0.0,0.0,0.0,True
2060,P0196,Xinjiang,ccs,0.0,0.0,0.0,0.0,0.0,True
2060,P0196,Xinjiang,biomass,1.0,633743.9999999999,0.5196700799999999,0.5196700799999999,0.0,True
2060,P0196,Xinjiang,beccs,0.0,0.0,0.0,0.0,0.0,True
2060,P0196,Xinjiang,ammonia,0.0,0.0,0.0,0.0,0.0,True
2060,P0197,Fujian,unabated,0.0,0.0,0.0,0.0,0.0,True
2060,P0197,Fujian,retire,0.0,0.0,0.0,0.0,0.0,True
2060,P0197,Fujian,ccs,0.0,0.0,0.0,0.0,0.0,True
2060,P0197,Fujian,biomass,0.0,0.0,0.0,0.0,0.0,True
2060,P0197,Fujian,beccs,1.0,6766584.0,5.54859888,10.542337872,5.359946518079999,True
2060,P0197,Fujian,ammonia,0.0,0.0,0.0,0.0,0.0,True
2060,P0198,Gansu,unabated,0.0,0.0,0.0,0.0,0.0,True
2060,P0198,Gansu,retire,0.0,0.0,0.0,0.0,0.0,True
2060,P0198,Gansu,ccs,0.0,0.0,0.0,0.0,0.0,True
2060,P0198,Gansu,biomass,1.0,2765136.0,2.26741152,2.26741152,0.0,True
2060,P0198,Gansu,beccs,0.0,0.0,0.0,0.0,0.0,True
2060,P0198,Gansu,ammonia,0.0,0.0,0.0,0.0,0.0,True
2060,P0199,Inner Mongolia,unabated,0.0,0.0,0.0,0.0,0.0,True
2060,P0199,Inner Mongolia,retire,0.0,0.0,0.0,0.0,0.0,True
2060,P0199,Inner Mongolia,ccs,0.0,0.0,0.0,0.0,0.0,True
2060,P0199,Inner Mongolia,biomass,1.0,1308190.0,1.0727158,1.0727158,0.0,True
2060,P0199,Inner Mongolia,beccs,0.0,0.0,0.0,0.0,0.0,True
2060,P0199,Inner Mongolia,ammonia,0.0,0.0,0.0,0.0,0.0,True
2060,P0200,Xinjiang,unabated,0.0,0.0,0.0,0.0,0.0,True
2060,P0200,Xinjiang,retire,0.0,0.0,0.0,0.0,0.0,True
2060,P0200,Xinjiang,ccs,0.46248524238653455,4933803.665425367,4.045719005648801,3.6411471050839204,3.90816455945674,True
2060,P0200,Xinjiang,biomass,0.0,0.0,0.0,0.0,0.0,True
2060,P0200,Xinjiang,beccs,0.5375147576134676,5734220.334574654,4.702060674351215,8.933915281267309,4.542190611423272,True
2060,P0200,Xinjiang,ammonia,0.0,0.0,0.0,0.0,0.0,True
2060,P0201,Heilongjiang,unabated,0.0,0.0,0.0,0.0,0.0,True
2060,P0201,Heilongjiang,retire,0.0,0.0,0.0,0.0,0.0,True
2060,P0201,Heilongjiang,ccs,0.0,0.0,0.0,0.0,0.0,True
2060,P0201,Heilongjiang,biomass,0.0,0.0,0.0,0.0,0.0,True
2060,P0201,Heilongjiang,beccs,1.0,2434950.0000000005,1.9966590000000002,3.7936521,1.928772594,True
2060,P0201,Heilongjiang,ammonia,0.0,0.0,0.0,0.0,0.0,True
2060,P0202,Jiangxi,unabated,0.0,0.0,0.0,0.0,0.0,True
2060,P0202,Jiangxi,retire,0.0,0.0,0.0,0.0,0.0,True
2060,P0202,Jiangxi,ccs,0.0,0.0,0.0,0.0,0.0,True
2060,P0202,Jiangxi,biomass,1.0,9151488.0,7.504220159999999,7.504220159999999,0.0,True
2060,P0202,Jiangxi,beccs,0.0,0.0,0.0,0.0,0.0,True
2060,P0202,Jiangxi,ammonia,0.0,0.0,0.0,0.0,0.0,True
2060,P0203,Inner Mongolia,unabated,0.0,0.0,0.0,0.0,0.0,True
2060,P0203,Inner Mongolia,retire,0.2646011263144783,1797309.7655192513,1.4737940077257863,1.4737940077257863,0.0,True
2060,P0203,Inner Mongolia,ccs,0.0,0.0,0.0,0.0,0.0,True
2060,P0203,Inner Mongolia,biomass,0.7353988736855217,4995215.234480748,4.096076492274213,4.096076492274213,0.0,True
2060,P0203,Inner Mongolia,beccs,0.0,0.0,0.0,0.0,0.0,True
2060,P0203,Inner Mongolia,ammonia,0.0,0.0,0.0,0.0,0.0,True
2060,P0204,Heilongjiang,unabated,0.0,0.0,0.0,0.0,0.0,True
2060,P0204,Heilongjiang,retire,0.0,0.0,0.0,0.0,0.0,True
2060,P0204,Heilongjiang,ccs,0.0,0.0,0.0,0.0,0.0,True
2060,P0204,Heilongjiang,biomass,0.0,0.0,0.0,0.0,0.0,True
2060,P0204,Heilongjiang,beccs,1.0,2434950.0000000005,1.9966590000000002,3.7936521,1.928772594,True
2060,P0204,Heilongjiang,ammonia,0.0,0.0,0.0,0.0,0.0,True
2060,P0205,Inner Mongolia,unabated,0.0,0.0,0.0,0.0,0.0,True
2060,P0205,Inner Mongolia,retire,0.0,0.0,0.0,0.0,0.0,True
2060,P0205,Inner Mongolia,ccs,0.0,0.0,0.0,0.0,0.0,True
2060,P0205,Inner Mongolia,biomass,0.0,0.0,0.0,0.0,0.0,True
2060,P0205,Inner Mongolia,beccs,1.0,3018899.9999999995,2.4754979999999995,4.703446199999999,2.391331067999999,True
2060,P0205,Inner Mongolia,ammonia,0.0,0.0,0.0,0.0,0.0,True
2060,P0206,Hubei,unabated,0.0,0.0,0.0,0.0,0.0,True
2060,P0206,Hubei,retire,0.0,0.0,0.0,0.0,0.0,True
2060,P0206,Hubei,ccs,0.0,0.0,0.0,0.0,0.0,True
2060,P0206,Hubei,biomass,1.0,3937080.0,3.2284055999999994,3.2284055999999994,0.0,True
2060,P0206,Hubei,beccs,0.0,0.0,0.0,0.0,0.0,True
2060,P0206,Hubei,ammonia,0.0,0.0,0.0,0.0,0.0,True
2060,P0207,Xinjiang,unabated,0.0,0.0,0.0,0.0,0.0,True
2060,P0207,Xinjiang,retire,0.0,0.0,0.0,0.0,0.0,True
2060,P0207,Xinjiang,ccs,1.0,47530800.0,38.975256,35.0777304,37.650097296,True
2060,P0207,Xinjiang,biomass,0.0,0.0,0.0,0.0,0.0,True
2060,P0207,Xinjiang,beccs,0.0,0.0,0.0,0.0,0.0,True
2060,P0207,Xinjiang,ammonia,0.0,0.0,0.0,0.0,0.0,True
2060,P0208,Sichuan,unabated,0.0,0.0,0.0,0.0,0.0,True
2060,P0208,Sichuan,retire,0.0,0.0,0.0,0.0,0.0,True
2060,P0208,Sichuan,ccs,0.0,0.0,0.0,0.0,0.0,True
2060,P0208,Sichuan,biomass,1.0,1648811.9999999998,1.3520258399999996,1.3520258399999996,0.0,True
2060,P0208,Sichuan,beccs,0.0,0.0,0.0,0.0,0.0,True
2060,P0208,Sichuan,ammonia,0.0,0.0,0.0,0.0,0.0,True
2060,P0209,Zhejiang,unabated,0.0,0.0,0.0,0.0,0.0,True
2060,P0209,Zhejiang,retire,0.0,0.0,0.0,0.0,0.0,True
2060,P0209,Zhejiang,ccs,0.0,0.0,0.0,0.0,0.0,True
2060,P0209,Zhejiang,biomass,0.0,0.0,0.0,0.0,0.0,True
2060,P0209,Zhejiang,beccs,1.0,13284720.000000002,10.8934704,20.69759376,10.523092406399998,True
2060,P0209,Zhejiang,ammonia,0.0,0.0,0.0,0.0,0.0,True
2060,P0210,Anhui,unabated,0.0,0.0,0.0,0.0,0.0,True
2060,P0210,Anhui,retire,0.0,0.0,0.0,0.0,0.0,True
2060,P0210,Anhui,ccs,0.0,0.0,0.0,0.0,0.0,True
2060,P0210,Anhui,biomass,1.0,6708372.000000001,5.50086504,5.50086504,0.0,True
2060,P0210,Anhui,beccs,0.0,0.0,0.0,0.0,0.0,True
2060,P0210,Anhui,ammonia,0.0,0.0,0.0,0.0,0.0,True
2060,P0211,Henan,unabated,0.0,0.0,0.0,0.0,0.0,True
2060,P0211,Henan,retire,0.0,0.0,0.0,0.0,0.0,True
2060,P0211,Henan,ccs,0.0,0.0,0.0,0.0,0.0,True
2060,P0211,Henan,biomass,1.0,4535496.0,3.7191067199999996,3.7191067199999996,0.0,True
2060,P0211,Henan,beccs,0.0,0.0,0.0,0.0,0.0,True
2060,P0211,Henan,ammonia,0.0,0.0,0.0,0.0,0.0,True
2060,P0212,Gansu,unabated,0.0,0.0,0.0,0.0,0.0,True
2060,P0212,Gansu,retire,1.0,11102440.0,9.1040008,9.1040008,0.0,True
2060,P0212,Gansu,ccs,0.0,0.0,0.0,0.0,0.0,True
2060,P0212,Gansu,biomass,0.0,0.0,0.0,0.0,0.0,True
2060,P0212,Gansu,beccs,0.0,0.0,0.0,0.0,0.0,True
2060,P0212,Gansu,ammonia,0.0,0.0,0.0,0.0,0.0,True
2060,P0213,Hubei,unabated,0.0,0.0,0.0,0.0,0.0,True
2060,P0213,Hubei,retire,0.0,0.0,0.0,0.0,0.0,True
2060,P0213,Hubei,ccs,0.0,0.0,0.0,0.0,0.0,True
2060,P0213,Hubei,biomass,1.0,13761032.0,11.28404624,11.28404624,0.0,True
2060,P0213,Hubei,beccs,0.0,0.0,0.0,0.0,0.0,True
2060,P0213,Hubei,ammonia,0.0,0.0,0.0,0.0,0.0,True
2060,P0214,Xinjiang,unabated,0.0,0.0,0.0,0.0,0.0,True
2060,P0214,Xinjiang,retire,0.0,0.0,0.0,0.0,0.0,True
2060,P0214,Xinjiang,ccs,1.0,5096358.0,4.17901356,3.761112204,4.036927098959999,True
2060,P0214,Xinjiang,biomass,0.0,0.0,0.0,0.0,0.0,True
2060,P0214,Xinjiang,beccs,0.0,0.0,0.0,0.0,0.0,True
2060,P0214,Xinjiang,ammonia,0.0,0.0,0.0,0.0,0.0,True
2060,P0215,Hebei,unabated,0.0,0.0,0.0,0.0,0.0,True
2060,P0215,Hebei,retire,0.0,0.0,0.0,0.0,0.0,True
2060,P0215,Hebei,ccs,0.0,0.0,0.0,0.0,0.0,True
2060,P0215,Hebei,biomass,0.8711961383993457,5123271.009361462,4.201082227676398,4.201082227676398,0.0,True
2060,P0215,Hebei,beccs,0.1288038616006545,757460.9906385402,0.6211180123236029,1.1801242234148455,0.6,True
2060,P0215,Hebei,ammonia,0.0,0.0,0.0,0.0,0.0,True
2060,P0216,Heilongjiang,unabated,0.0,0.0,0.0,0.0,0.0,True
2060,P0216,Heilongjiang,retire,0.0,0.0,0.0,0.0,0.0,True
2060,P0216,Heilongjiang,ccs,0.0,0.0,0.0,0.0,0.0,True
2060,P0216,Heilongjiang,biomass,0.0,0.0,0.0,0.0,0.0,True
2060,P0216,Heilongjiang,beccs,1.0,347850.0,0.285237,0.5419503,0.27553894199999995,True
2060,P0216,Heilongjiang,ammonia,0.0,0.0,0.0,0.0,0.0,True
2060,P0217,Hainan,unabated,0.0,0.0,0.0,0.0,0.0,True
2060,P0217,Hainan,retire,0.0,0.0,0.0,0.0,0.0,True
2060,P0217,Hainan,ccs,0.0,0.0,0.0,0.0,0.0,True
2060,P0217,Hainan,biomass,0.0,0.0,0.0,0.0,0.0,True
2060,P0217,Hainan,beccs,1.0,1509270.0,1.2376014,2.35144266,1.1955229524,True
2060,P0217,Hainan,ammonia,0.0,0.0,0.0,0.0,0.0,True
2060,P0218,Hubei,unabated,0.0,0.0,0.0,0.0,0.0,True
2060,P0218,Hubei,retire,0.0,0.0,0.0,0.0,0.0,True
2060,P0218,Hubei,ccs,0.0,0.0,0.0,0.0,0.0,True
2060,P0218,Hubei,biomass,0.8177118985196028,6070863.218684423,4.978107839321226,4.978107839321226,0.0,True
2060,P0218,Hubei,beccs,0.18228810148039748,1353344.7813155786,1.1097427206787744,2.108511169289671,1.0720114681756958,True
2060,P0218,Hubei,ammonia,0.0,0.0,0.0,0.0,0.0,True
2060,P0219,Jilin,unabated,0.0,0.0,0.0,0.0,0.0,True
2060,P0219,Jilin,retire,0.0,0.0,0.0,0.0,0.0,True
2060,P0219,Jilin,ccs,0.0,0.0,0.0,0.0,0.0,True
2060,P0219,Jilin,biomass,0.0,0.0,0.0,0.0,0.0,True
2060,P0219,Jilin,beccs,1.0,2933334.0,2.4053338799999997,4.570134371999999,2.323552528079999,True
2060,P0219,Jilin,ammonia,0.0,0.0,0.0,0.0,0.0,True
2060,P0220,Hebei,unabated,0.0,0.0,0.0,0.0,0.0,True
2060,P0220,Hebei,retire,0.0,0.0,0.0,0.0,0.0,True
2060,P0220,Hebei,ccs,0.0,0.0,0.0,0.0,0.0,True
2060,P0220,Hebei,biomass,1.0,5880732.000000001,4.82220024,4.82220024,0.0,True
2060,P0220,Hebei,beccs,0.0,0.0,0.0,0.0,0.0,True
2060,P0220,Hebei,ammonia,0.0,0.0,0.0,0.0,0.0,True
2060,P0221,Gansu,unabated,0.0,0.0,0.0,0.0,0.0,True
2060,P0221,Gansu,retire,0.0,0.0,0.0,0.0,0.0,True
2060,P0221,Gansu,ccs,0.0,0.0,0.0,0.0,0.0,True
2060,P0221,Gansu,biomass,0.0,0.0,0.0,0.0,0.0,True
2060,P0221,Gansu,beccs,1.0,17303048.0,14.18849936,26.958148784,13.706090381759997,True
2060,P0221,Gansu,ammonia,0.0,0.0,0.0,0.0,0.0,True
2060,P0222,Jiangxi,unabated,0.0,0.0,0.0,0.0,0.0,True
2060,P0222,Jiangxi,retire,0.0,0.0,0.0,0.0,0.0,True
2060,P0222,Jiangxi,ccs,0.0,0.0,0.0,0.0,0.0,True
2060,P0222,Jiangxi,biomass,1.0,19065600.0,15.633791999999998,15.633791999999998,0.0,True
2060,P0222,Jiangxi,beccs,0.0,0.0,0.0,0.0,0.0,True
2060,P0222,Jiangxi,ammonia,0.0,0.0,0.0,0.0,0.0,True
2060,P0223,Anhui,unabated,0.0,0.0,0.0,0.0,0.0,True
2060,P0223,Anhui,retire,1.0,32652492.500000004,26.775043850000003,26.775043850000003,0.0,True
2060,P0223,Anhui,ccs,0.0,0.0,0.0,0.0,0.0,True
2060,P0223,Anhui,biomass,0.0,0.0,0.0,0.0,0.0,True
2060,P0223,Anhui,beccs,0.0,0.0,0.0,0.0,0.0,True
2060,P0223,Anhui,ammonia,0.0,0.0,0.0,0.0,0.0,True
2060,P0224,Xinjiang,unabated,0.0,0.0,0.0,0.0,0.0,True
2060,P0224,Xinjiang,retire,0.0,0.0,0.0,0.0,0.0,True
2060,P0224,Xinjiang,ccs,0.10323495758696674,599724.9038091175,0.4917744211234763,0.44259697901112866,0.47505409080527805,True
2060,P0224,Xinjiang,biomass,0.0,0.0,0.0,0.0,0.0,True
2060,P0224,Xinjiang,beccs,0.8967650424130317,5209595.096190873,4.271867978876514,8.116549159865377,4.126624467594713,True
2060,P0224,Xinjiang,ammonia,0.0,0.0,0.0,0.0,0.0,True
2060,P0225,Heilongjiang,unabated,0.0,0.0,0.0,0.0,0.0,True
2060,P0225,Heilongjiang,retire,0.0,0.0,0.0,0.0,0.0,True
2060,P0225,Heilongjiang,ccs,0.0,0.0,0.0,0.0,0.0,True
2060,P0225,Heilongjiang,biomass,1.0,4174200.0,3.422844,3.422844,0.0,True
2060,P0225,Heilongjiang,beccs,0.0,0.0,0.0,0.0,0.0,True
2060,P0225,Heilongjiang,ammonia,0.0,0.0,0.0,0.0,0.0,True
2060,P0226,Anhui,unabated,0.0,0.0,0.0,0.0,0.0,True
2060,P0226,Anhui,retire,0.0,0.0,0.0,0.0,0.0,True
2060,P0226,Anhui,ccs,0.0,0.0,0.0,0.0,0.0,True
2060,P0226,Anhui,biomass,1.0,13416744.000000002,11.00173008,11.00173008,0.0,True
2060,P0226,Anhui,beccs,0.0,0.0,0.0,0.0,0.0,True
2060,P0226,Anhui,ammonia,0.0,0.0,0.0,0.0,0.0,True
2060,P0227,Shanxi,unabated,0.0,0.0,0.0,0.0,0.0,True
2060,P0227,Shanxi,retire,0.0,0.0,0.0,0.0,0.0,True
2060,P0227,Shanxi,ccs,0.0,0.0,0.0,0.0,0.0,True
2060,P0227,Shanxi,biomass,0.0,0.0,0.0,0.0,0.0,True
2060,P0227,Shanxi,beccs,1.0,17129150.0,14.045903,26.687215699999996,13.568342298,True
2060,P0227,Shanxi,ammonia,0.0,0.0,0.0,0.0,0.0,True
2060,P0228,Liaoning,unabated,0.0,0.0,0.0,0.0,0.0,True
2060,P0228,Liaoning,retire,0.0,0.0,0.0,0.0,0.0,True
2060,P0228,Liaoning,ccs,0.0,0.0,0.0,0.0,0.0,True
2060,P0228,Liaoning,biomass,0.0,0.0,0.0,0.0,0.0,True
2060,P0228,Liaoning,beccs,1.0,3720839.9999999995,3.051088799999999,5.797068719999998,2.9473517807999987,True
2060,P0228,Liaoning,ammonia,0.0,0.0,0.0,0.0,0.0,True
2060,P0229,Henan,unabated,0.0,0.0,0.0,0.0,0.0,True
2060,P0229,Henan,retire,0.0,0.0,0.0,0.0,0.0,True
2060,P0229,Henan,ccs,0.0,0.0,0.0,0.0,0.0,True
2060,P0229,Henan,biomass,1.0,13426508.0,11.009736559999999,11.009736559999999,0.0,True
2060,P0229,Henan,beccs,0.0,0.0,0.0,0.0,0.0,True
2060,P0229,Henan,ammonia,0.0,0.0,0.0,0.0,0.0,True
2060,P0230,Inner Mongolia,unabated,0.0,0.0,0.0,0.0,0.0,True
2060,P0230,Inner Mongolia,retire,1.0,6641580.0,5.4460956,5.4460956,0.0,True
2060,P0230,Inner Mongolia,ccs,0.0,0.0,0.0,0.0,0.0,True
2060,P0230,Inner Mongolia,biomass,0.0,0.0,0.0,0.0,0.0,True
2060,P0230,Inner Mongolia,beccs,0.0,0.0,0.0,0.0,0.0,True
2060,P0230,Inner Mongolia,ammonia,0.0,0.0,0.0,0.0,0.0,True
2060,P0231,Fujian,unabated,0.0,0.0,0.0,0.0,0.0,True
2060,P0231,Fujian,retire,0.0,0.0,0.0,0.0,0.0,True
2060,P0231,Fujian,ccs,0.0,0.0,0.0,0.0,0.0,True
2060,P0231,Fujian,biomass,1.0,6151440.0,5.0441807999999995,5.0441807999999995,0.0,True
2060,P0231,Fujian,beccs,0.0,0.0,0.0,0.0,0.0,True
2060,P0231,Fujian,ammonia,0.0,0.0,0.0,0.0,0.0,True
2060,P0232,Inner Mongolia,unabated,0.0,0.0,0.0,0.0,0.0,True
2060,P0232,Inner Mongolia,retire,0.0,0.0,0.0,0.0,0.0,True
2060,P0232,Inner Mongolia,ccs,0.0,0.0,0.0,0.0,0.0,True
2060,P0232,Inner Mongolia,biomass,0.0,0.0,0.0,0.0,0.0,True
2060,P0232,Inner Mongolia,beccs,1.0,6037799.999999999,4.950995999999999,9.406892399999998,4.782662135999998,True
2060,P0232,Inner Mongolia,ammonia,0.0,0.0,0.0,0.0,0.0,True
2060,P0233,Xinjiang,unabated,0.0,0.0,0.0,0.0,0.0,True
2060,P0233,Xinjiang,retire,0.0,0.0,0.0,0.0,0.0,True
2060,P0233,Xinjiang,ccs,0.0,0.0,0.0,0.0,0.0,True
2060,P0233,Xinjiang,biomass,0.0,0.0,0.0,0.0,0.0,True
2060,P0233,Xinjiang,beccs,1.0,3168719.9999999995,2.5983503999999993,4.936865759999998,2.510006486399999,True
2060,P0233,Xinjiang,ammonia,0.0,0.0,0.0,0.0,0.0,True
2060,P0234,Hunan,unabated,0.0,0.0,0.0,0.0,0.0,True
2060,P0234,Hunan,retire,0.0,0.0,0.0,0.0,0.0,True
2060,P0234,Hunan,ccs,0.0,0.0,0.0,0.0,0.0,True
2060,P0234,Hunan,biomass,1.0,234414.0,0.19221947999999997,0.19221947999999997,0.0,True
2060,P0234,Hunan,beccs,0.0,0.0,0.0,0.0,0.0,True
2060,P0234,Hunan,ammonia,0.0,0.0,0.0,0.0,0.0,True
2060,P0235,Inner Mongolia,unabated,0.0,0.0,0.0,0.0,0.0,True
2060,P0235,Inner Mongolia,retire,1.0,13283160.0,10.8921912,10.8921912,0.0,True
2060,P0235,Inner Mongolia,ccs,0.0,0.0,0.0,0.0,0.0,True
2060,P0235,Inner Mongolia,biomass,0.0,0.0,0.0,0.0,0.0,True
2060,P0235,Inner Mongolia,beccs,0.0,0.0,0.0,0.0,0.0,True
2060,P0235,Inner Mongolia,ammonia,0.0,0.0,0.0,0.0,0.0,True
2060,P0236,Henan,unabated,0.0,0.0,0.0,0.0,0.0,True
2060,P0236,Henan,retire,0.03544556143265609,680053.8628328306,0.5576441675229211,0.5576441675229211,0.0,True
2060,P0236,Henan,ccs,0.0,0.0,0.0,0.0,0.0,True
2060,P0236,Henan,biomass,0.9645544385673439,18505814.13716717,15.174767592477078,15.174767592477078,0.0,True
2060,P0236,Henan,beccs,0.0,0.0,0.0,0.0,0.0,True
2060,P0236,Henan,ammonia,0.0,0.0,0.0,0.0,0.0,True
2060,P0237,Jiangxi,unabated,0.0,0.0,0.0,0.0,0.0,True
2060,P0237,Jiangxi,retire,0.0,0.0,0.0,0.0,0.0,True
2060,P0237,Jiangxi,ccs,0.0,0.0,0.0,0.0,0.0,True
2060,P0237,Jiangxi,biomass,1.0,12869280.0,10.5528096,10.5528096,0.0,True
2060,P0237,Jiangxi,beccs,0.0,0.0,0.0,0.0,0.0,True
2060,P0237,Jiangxi,ammonia,0.0,0.0,0.0,0.0,0.0,True
2060,P0238,Sichuan,unabated,0.0,0.0,0.0,0.0,0.0,True
2060,P0238,Sichuan,retire,0.0,0.0,0.0,0.0,0.0,True
2060,P0238,Sichuan,ccs,0.0,0.0,0.0,0.0,0.0,True
2060,P0238,Sichuan,biomass,0.0,0.0,0.0,0.0,0.0,True
2060,P0238,Sichuan,beccs,1.0,9992799.999999998,8.194095999999998,15.568782399999996,8.480889359999997,True
2060,P0238,Sichuan,ammonia,0.0,0.0,0.0,0.0,0.0,True
2060,P0239,Guizhou,unabated,0.0,0.0,0.0,0.0,0.0,True
2060,P0239,Guizhou,retire,0.0,0.0,0.0,0.0,0.0,True
2060,P0239,Guizhou,ccs,0.0,0.0,0.0,0.0,0.0,True
2060,P0239,Guizhou,biomass,1.0,17659212.0,14.48055384,14.48055384,0.0,True
2060,P0239,Guizhou,beccs,0.0,0.0,0.0,0.0,0.0,True
2060,P0239,Guizhou,ammonia,0.0,0.0,0.0,0.0,0.0,True
2060,P0240,Guangdong,unabated,0.0,0.0,0.0,0.0,0.0,True
2060,P0240,Guangdong,retire,0.0,0.0,0.0,0.0,0.0,True
2060,P0240,Guangdong,ccs,0.0,0.0,0.0,0.0,0.0,True
2060,P0240,Guangdong,biomass,0.0,0.0,0.0,0.0,0.0,True
2060,P0240,Guangdong,beccs,1.0,9663400.0,7.923987999999999,15.055577199999997,7.654572407999996,True
2060,P0240,Guangdong,ammonia,0.0,0.0,0.0,0.0,0.0,True
2060,P0241,Guangxi,unabated,0.0,0.0,0.0,0.0,0.0,True
2060,P0241,Guangxi,retire,0.0,0.0,0.0,0.0,0.0,True
2060,P0241,Guangxi,ccs,0.0,0.0,0.0,0.0,0.0,True
2060,P0241,Guangxi,biomass,0.0,0.0,0.0,0.0,0.0,True
2060,P0241,Guangxi,beccs,1.0,3350620.0,2.7475084,5.22026596,2.843671194,True
2060,P0241,Guangxi,ammonia,0.0,0.0,0.0,0.0,0.0,True
2060,P0242,Xinjiang,unabated,0.0,0.0,0.0,0.0,0.0,True
2060,P0242,Xinjiang,retire,0.11424841509362416,3185786.8933041245,2.6123452525093818,2.6123452525093818,0.0,True
2060,P0242,Xinjiang,ccs,0.8857515849063758,24698949.10669587,20.253138267490613,18.22782444074155,20.961998106852782,True
2060,P0242,Xinjiang,biomass,0.0,0.0,0.0,0.0,0.0,True
2060,P0242,Xinjiang,beccs,0.0,0.0,0.0,0.0,0.0,True
2060,P0242,Xinjiang,ammonia,0.0,0.0,0.0,0.0,0.0,True
2060,P0243,Anhui,unabated,0.0,0.0,0.0,0.0,0.0,True
2060,P0243,Anhui,retire,1.0,124308166.00000001,101.93269612,101.93269612,0.0,True
2060,P0243,Anhui,ccs,0.0,0.0,0.0,0.0,0.0,True
2060,P0243,Anhui,biomass,0.0,0.0,0.0,0.0,0.0,True
2060,P0243,Anhui,beccs,0.0,0.0,0.0,0.0,0.0,True
2060,P0243,Anhui,ammonia,0.0,0.0,0.0,0.0,0.0,True
2060,P0244,Gansu,unabated,0.0,0.0,0.0,0.0,0.0,True
2060,P0244,Gansu,retire,1.0,15124456.000000002,12.40205392,12.40205392,0.0,True
2060,P0244,Gansu,ccs,0.0,0.0,0.0,0.0,0.0,True
2060,P0244,Gansu,biomass,0.0,0.0,0.0,0.0,0.0,True
2060,P0244,Gansu,beccs,0.0,0.0,0.0,0.0,0.0,True
2060,P0244,Gansu,ammonia,0.0,0.0,0.0,0.0,0.0,True
2060,P0245,Hubei,unabated,0.0,0.0,0.0,0.0,0.0,True
2060,P0245,Hubei,retire,0.0,0.0,0.0,0.0,0.0,True
2060,P0245,Hubei,ccs,0.0,0.0,0.0,0.0,0.0,True
2060,P0245,Hubei,biomass,1.0,7247976.799999999,5.943340975999999,5.943340975999999,0.0,True
2060,P0245,Hubei,beccs,0.0,0.0,0.0,0.0,0.0,True
2060,P0245,Hubei,ammonia,0.0,0.0,0.0,0.0,0.0,True
2060,P0246,Inner Mongolia,unabated,0.0,0.0,0.0,0.0,0.0,True
2060,P0246,Inner Mongolia,retire,1.0,41107355.0,33.7080311,33.7080311,0.0,True
2060,P0246,Inner Mongolia,ccs,0.0,0.0,0.0,0.0,0.0,True
2060,P0246,Inner Mongolia,biomass,0.0,0.0,0.0,0.0,0.0,True
2060,P0246,Inner Mongolia,beccs,0.0,0.0,0.0,0.0,0.0,True
2060,P0246,Inner Mongolia,ammonia,0.0,0.0,0.0,0.0,0.0,True
2060,P0247,Shandong,unabated,0.0,0.0,0.0,0.0,0.0,True
2060,P0247,Shandong,retire,1.0,8983866.0,7.366770119999999,7.366770119999999,0.0,True
2060,P0247,Shandong,ccs,0.0,0.0,0.0,0.0,0.0,True
2060,P0247,Shandong,biomass,0.0,0.0,0.0,0.0,0.0,True
2060,P0247,Shandong,beccs,0.0,0.0,0.0,0.0,0.0,True
2060,P0247,Shandong,ammonia,0.0,0.0,0.0,0.0,0.0,True
2060,P0248,Henan,unabated,0.0,0.0,0.0,0.0,0.0,True
2060,P0248,Henan,retire,1.0,30200644.0,24.764528079999998,24.764528079999998,0.0,True
2060,P0248,Henan,ccs,0.0,0.0,0.0,0.0,0.0,True
2060,P0248,Henan,biomass,0.0,0.0,0.0,0.0,0.0,True
2060,P0248,Henan,beccs,0.0,0.0,0.0,0.0,0.0,True
2060,P0248,Henan,ammonia,0.0,0.0,0.0,0.0,0.0,True
2060,P0249,Gansu,unabated,0.0,0.0,0.0,0.0,0.0,True
2060,P0249,Gansu,retire,0.0,0.0,0.0,0.0,0.0,True
2060,P0249,Gansu,ccs,0.0,0.0,0.0,0.0,0.0,True
2060,P0249,Gansu,biomass,0.0,0.0,0.0,0.0,0.0,True
2060,P0249,Gansu,beccs,1.0,2513760.0000000005,2.0612832,3.91643808,1.9911995711999997,True
2060,P0249,Gansu,ammonia,0.0,0.0,0.0,0.0,0.0,True
2060,P0250,Gansu,unabated,0.0,0.0,0.0,0.0,0.0,True
2060,P0250,Gansu,retire,0.6883366997174298,1730313.2622816868,1.418856875070983,1.418856875070983,0.0,True
2060,P0250,Gansu,ccs,0.0,0.0,0.0,0.0,0.0,True
2060,P0250,Gansu,biomass,0.0,0.0,0.0,0.0,0.0,True
2060,P0250,Gansu,beccs,0.3116633002825702,783446.7377183138,0.6424263249290173,1.2206100173651326,0.6205838298814306,True
2060,P0250,Gansu,ammonia,0.0,0.0,0.0,0.0,0.0,True
2060,P0251,Hebei,unabated,0.0,0.0,0.0,0.0,0.0,True
2060,P0251,Hebei,retire,0.0,0.0,0.0,0.0,0.0,True
2060,P0251,Hebei,ccs,0.0,0.0,0.0,0.0,0.0,True
2060,P0251,Hebei,biomass,0.9666625299333526,5856946.402464269,4.8026960500207,4.8026960500207,0.0,True
2060,P0251,Hebei,beccs,0.033337470066647674,201989.59753573404,0.1656314699793019,0.3146997929606736,0.1600000000000056,True
2060,P0251,Hebei,ammonia,0.0,0.0,0.0,0.0,0.0,True
2060,P0252,Guangxi,unabated,0.0,0.0,0.0,0.0,0.0,True
2060,P0252,Guangxi,retire,0.0,0.0,0.0,0.0,0.0,True
2060,P0252,Guangxi,ccs,0.0,0.0,0.0,0.0,0.0,True
2060,P0252,Guangxi,biomass,0.0,0.0,0.0,0.0,0.0,True
2060,P0252,Guangxi,beccs,1.0,10003994.0,8.20327508,15.586222651999998,7.924363727279998,True
2060,P0252,Guangxi,ammonia,0.0,0.0,0.0,0.0,0.0,True
2060,P0253,Guangxi,unabated,0.0,0.0,0.0,0.0,0.0,True
2060,P0253,Guangxi,retire,0.0,0.0,0.0,0.0,0.0,True
2060,P0253,Guangxi,ccs,0.0,0.0,0.0,0.0,0.0,True
2060,P0253,Guangxi,biomass,1.0,5456724.0,4.474513679999999,4.474513679999999,0.0,True
2060,P0253,Guangxi,beccs,0.0,0.0,0.0,0.0,0.0,True
2060,P0253,Guangxi,ammonia,0.0,0.0,0.0,0.0,0.0,True
2060,P0254,Jiangxi,unabated,0.0,0.0,0.0,0.0,0.0,True
2060,P0254,Jiangxi,retire,0.0,0.0,0.0,0.0,0.0,True
2060,P0254,Jiangxi,ccs,0.0,0.0,0.0,0.0,0.0,True
2060,P0254,Jiangxi,biomass,1.0,6291647.999999999,5.159151359999998,5.159151359999998,0.0,True
2060,P0254,Jiangxi,beccs,0.0,0.0,0.0,0.0,0.0,True
2060,P0254,Jiangxi,ammonia,0.0,0.0,0.0,0.0,0.0,True
2060,P0255,Anhui,unabated,0.0,0.0,0.0,0.0,0.0,True
2060,P0255,Anhui,retire,0.0,0.0,0.0,0.0,0.0,True
2060,P0255,Anhui,ccs,0.0,0.0,0.0,0.0,0.0,True
2060,P0255,Anhui,biomass,1.0,25003932.0,20.503224239999998,20.503224239999998,0.0,True
2060,P0255,Anhui,beccs,0.0,0.0,0.0,0.0,0.0,True
2060,P0255,Anhui,ammonia,0.0,0.0,0.0,0.0,0.0,True
2060,P0256,Heilongjiang,unabated,0.0,0.0,0.0,0.0,0.0,True
2060,P0256,Heilongjiang,retire,0.0,0.0,0.0,0.0,0.0,True
2060,P0256,Heilongjiang,ccs,0.0,0.0,0.0,0.0,0.0,True
2060,P0256,Heilongjiang,biomass,0.0,0.0,0.0,0.0,0.0,True
2060,P0256,Heilongjiang,beccs,1.0,194796.0,0.15973272,0.30349216799999995,0.15430180751999997,True
2060,P0256,Heilongjiang,ammonia,0.0,0.0,0.0,0.0,0.0,True
2060,P0257,Inner Mongolia,unabated,0.0,0.0,0.0,0.0,0.0,True
2060,P0257,Inner Mongolia,retire,0.0,0.0,0.0,0.0,0.0,True
2060,P0257,Inner Mongolia,ccs,0.0,0.0,0.0,0.0,0.0,True
2060,P0257,Inner Mongolia,biomass,1.0,362267.99999999994,0.29705975999999995,0.29705975999999995,0.0,True
2060,P0257,Inner Mongolia,beccs,0.0,0.0,0.0,0.0,0.0,True
2060,P0257,Inner Mongolia,ammonia,0.0,0.0,0.0,0.0,0.0,True
2060,P0258,Xinjiang,unabated,0.0,0.0,0.0,0.0,0.0,True
2060,P0258,Xinjiang,retire,0.0,0.0,0.0,0.0,0.0,True
2060,P0258,Xinjiang,ccs,0.8809677378819832,3256796.7721116305,2.670573353131537,2.403516017818383,2.5797738591250643,True
2060,P0258,Xinjiang,biomass,0.0,0.0,0.0,0.0,0.0,True
2060,P0258,Xinjiang,beccs,0.11903226211801698,440043.2278883699,0.36083544686846325,0.6855873490500802,0.34856704167493546,True
2060,P0258,Xinjiang,ammonia,0.0,0.0,0.0,0.0,0.0,True
2060,P0259,Guizhou,unabated,0.0,0.0,0.0,0.0,0.0,True
2060,P0259,Guizhou,retire,1.0,20792298.0,17.04968436,17.04968436,0.0,True
2060,P0259,Guizhou,ccs,0.0,0.0,0.0,0.0,0.0,True
2060,P0259,Guizhou,biomass,0.0,0.0,0.0,0.0,0.0,True
2060,P0259,Guizhou,beccs,0.0,0.0,0.0,0.0,0.0,True
2060,P0259,Guizhou,ammonia,0.0,0.0,0.0,0.0,0.0,True
2060,P0260,Ningxia,unabated,0.0,0.0,0.0,0.0,0.0,True
2060,P0260,Ningxia,retire,0.0,0.0,0.0,0.0,0.0,True
2060,P0260,Ningxia,ccs,0.0,0.0,0.0,0.0,0.0,True
2060,P0260,Ningxia,biomass,0.0,0.0,0.0,0.0,0.0,True
2060,P0260,Ningxia,beccs,1.0,13222594.0,10.84252708,20.600801452,10.473881159279998,True
2060,P0260,Ningxia,ammonia,0.0,0.0,0.0,0.0,0.0,True
2060,P0261,Xinjiang,unabated,0.0,0.0,0.0,0.0,0.0,True
2060,P0261,Xinjiang,retire,0.0,0.0,0.0,0.0,0.0,True
2060,P0261,Xinjiang,ccs,1.0,3696839.9999999995,3.0314087999999995,2.7282679199999995,3.137508107999999,True
2060,P0261,Xinjiang,biomass,0.0,0.0,0.0,0.0,0.0,True
2060,P0261,Xinjiang,beccs,0.0,0.0,0.0,0.0,0.0,True
2060,P0261,Xinjiang,ammonia,0.0,0.0,0.0,0.0,0.0,True
2060,P0262,Guizhou,unabated,0.0,0.0,0.0,0.0,0.0,True
2060,P0262,Guizhou,retire,0.0,0.0,0.0,0.0,0.0,True
2060,P0262,Guizhou,ccs,0.0,0.0,0.0,0.0,0.0,True
2060,P0262,Guizhou,biomass,1.0,5696520.0,4.6711464,4.6711464,0.0,True
2060,P0262,Guizhou,beccs,0.0,0.0,0.0,0.0,0.0,True
2060,P0262,Guizhou,ammonia,0.0,0.0,0.0,0.0,0.0,True
2060,P0263,Shaanxi,unabated,0.0,0.0,0.0,0.0,0.0,True
2060,P0263,Shaanxi,retire,0.0,0.0,0.0,0.0,0.0,True
2060,P0263,Shaanxi,ccs,0.0,0.0,0.0,0.0,0.0,True
2060,P0263,Shaanxi,biomass,0.0,0.0,0.0,0.0,0.0,True
2060,P0263,Shaanxi,beccs,1.0,3176600.0,2.604812,4.9491428,2.516248391999999,True
2060,P0263,Shaanxi,ammonia,0.0,0.0,0.0,0.0,0.0,True
2060,P0264,Sichuan,unabated,0.0,0.0,0.0,0.0,0.0,True
2060,P0264,Sichuan,retire,0.0,0.0,0.0,0.0,0.0,True
2060,P0264,Sichuan,ccs,0.0,0.0,0.0,0.0,0.0,True
2060,P0264,Sichuan,biomass,0.0,0.0,0.0,0.0,0.0,True
2060,P0264,Sichuan,beccs,1.0,5995679.999999999,4.916457599999998,9.341269439999996,4.749298041599998,True
2060,P0264,Sichuan,ammonia,0.0,0.0,0.0,0.0,0.0,True
2060,P0265,Gansu,unabated,0.0,0.0,0.0,0.0,0.0,True
2060,P0265,Gansu,retire,0.0,0.0,0.0,0.0,0.0,True
2060,P0265,Gansu,ccs,0.0,0.0,0.0,0.0,0.0,True
2060,P0265,Gansu,biomass,1.0,2932720.0,2.4048304,2.4048304,0.0,True
2060,P0265,Gansu,beccs,0.0,0.0,0.0,0.0,0.0,True
2060,P0265,Gansu,ammonia,0.0,0.0,0.0,0.0,0.0,True
2060,P0266,Heilongjiang,unabated,0.0,0.0,0.0,0.0,0.0,True
2060,P0266,Heilongjiang,retire,0.0,0.0,0.0,0.0,0.0,True
2060,P0266,Heilongjiang,ccs,0.0,0.0,0.0,0.0,0.0,True
2060,P0266,Heilongjiang,biomass,1.0,939195.0000000001,0.7701399,0.7701399,0.0,True
2060,P0266,Heilongjiang,beccs,0.0,0.0,0.0,0.0,0.0,True
2060,P0266,Heilongjiang,ammonia,0.0,0.0,0.0,0.0,0.0,True
2060,P0267,Hubei,unabated,0.0,0.0,0.0,0.0,0.0,True
2060,P0267,Hubei,retire,0.0,0.0,0.0,0.0,0.0,True
2060,P0267,Hubei,ccs,0.0,0.0,0.0,0.0,0.0,True
2060,P0267,Hubei,biomass,1.0,17473136.0,14.32797152,14.32797152,0.0,True
2060,P0267,Hubei,beccs,0.0,0.0,0.0,0.0,0.0,True
2060,P0267,Hubei,ammonia,0.0,0.0,0.0,0.0,0.0,True
2060,P0268,Inner Mongolia,unabated,0.0,0.0,0.0,0.0,0.0,True
2060,P0268,Inner Mongolia,retire,0.0,0.0,0.0,0.0,0.0,True
2060,P0268,Inner Mongolia,ccs,0.0,0.0,0.0,0.0,0.0,True
2060,P0268,Inner Mongolia,biomass,1.0,452835.0,0.37132469999999995,0.37132469999999995,0.0,True
2060,P0268,Inner Mongolia,beccs,0.0,0.0,0.0,0.0,0.0,True
2060,P0268,Inner Mongolia,ammonia,0.0,0.0,0.0,0.0,0.0,True
2060,P0269,Guangdong,unabated,0.0,0.0,0.0,0.0,0.0,True
2060,P0269,Guangdong,retire,1.0,77191239.2,63.296816144000005,63.296816144000005,0.0,True
2060,P0269,Guangdong,ccs,0.0,0.0,0.0,0.0,0.0,True
2060,P0269,Guangdong,biomass,0.0,0.0,0.0,0.0,0.0,True
2060,P0269,Guangdong,beccs,0.0,0.0,0.0,0.0,0.0,True
2060,P0269,Guangdong,ammonia,0.0,0.0,0.0,0.0,0.0,True
2060,P0270,Xinjiang,unabated,0.0,0.0,0.0,0.0,0.0,True
2060,P0270,Xinjiang,retire,0.2915752876650788,923920.4455300883,0.7576147653346723,0.7576147653346723,0.0,True
2060,P0270,Xinjiang,ccs,0.0,0.0,0.0,0.0,0.0,True
2060,P0270,Xinjiang,biomass,0.7084247123349212,2244799.5544699114,1.840735634665327,1.840735634665327,0.0,True
2060,P0270,Xinjiang,beccs,0.0,0.0,0.0,0.0,0.0,True
2060,P0270,Xinjiang,ammonia,0.0,0.0,0.0,0.0,0.0,True
2060,P0271,Guangdong,unabated,0.0,0.0,0.0,0.0,0.0,True
2060,P0271,Guangdong,retire,0.0,0.0,0.0,0.0,0.0,True
2060,P0271,Guangdong,ccs,0.0,0.0,0.0,0.0,0.0,True
2060,P0271,Guangdong,biomass,1.0,2899020.0,2.3771964,2.3771964,0.0,True
2060,P0271,Guangdong,beccs,0.0,0.0,0.0,0.0,0.0,True
2060,P0271,Guangdong,ammonia,0.0,0.0,0.0,0.0,0.0,True
2060,P0272,Qinghai,unabated,0.0,0.0,0.0,0.0,0.0,True
2060,P0272,Qinghai,retire,0.0,0.0,0.0,0.0,0.0,True
2060,P0272,Qinghai,ccs,1.0,5408039.999999999,4.434592799999999,3.991133519999999,4.589803547999999,True
2060,P0272,Qinghai,biomass,0.0,0.0,0.0,0.0,0.0,True
2060,P0272,Qinghai,beccs,0.0,0.0,0.0,0.0,0.0,True
2060,P0272,Qinghai,ammonia,0.0,0.0,0.0,0.0,0.0,True
2060,P0273,Fujian,unabated,0.0,0.0,0.0,0.0,0.0,True
2060,P0273,Fujian,retire,0.0,0.0,0.0,0.0,0.0,True
2060,P0273,Fujian,ccs,0.0,0.0,0.0,0.0,0.0,True
2060,P0273,Fujian,biomass,1.0,3075720.0,2.5220903999999997,2.5220903999999997,0.0,True
2060,P0273,Fujian,beccs,0.0,0.0,0.0,0.0,0.0,True
2060,P0273,Fujian,ammonia,0.0,0.0,0.0,0.0,0.0,True
2060,P0274,Hebei,unabated,0.0,0.0,0.0,0.0,0.0,True
2060,P0274,Hebei,retire,0.0,0.0,0.0,0.0,0.0,True
2060,P0274,Hebei,ccs,0.0,0.0,0.0,0.0,0.0,True
2060,P0274,Hebei,biomass,1.0,6237140.0,5.1144548,5.1144548,0.0,True
2060,P0274,Hebei,beccs,0.0,0.0,0.0,0.0,0.0,True
2060,P0274,Hebei,ammonia,0.0,0.0,0.0,0.0,0.0,True
2060,P0275,Gansu,unabated,0.0,0.0,0.0,0.0,0.0,True
2060,P0275,Gansu,retire,1.0,15166352.000000002,12.43640864,12.43640864,0.0,True
2060,P0275,Gansu,ccs,0.0,0.0,0.0,0.0,0.0,True
2060,P0275,Gansu,biomass,0.0,0.0,0.0,0.0,0.0,True
2060,P0275,Gansu,beccs,0.0,0.0,0.0,0.0,0.0,True
2060,P0275,Gansu,ammonia,0.0,0.0,0.0,0.0,0.0,True
2060,P0276,Xinjiang,unabated,0.0,0.0,0.0,0.0,0.0,True
2060,P0276,Xinjiang,retire,0.0,0.0,0.0,0.0,0.0,True
2060,P0276,Xinjiang,ccs,1.0,3168719.9999999995,2.5983503999999993,2.3385153599999993,2.510006486399999,True
2060,P0276,Xinjiang,biomass,0.0,0.0,0.0,0.0,0.0,True
2060,P0276,Xinjiang,beccs,0.0,0.0,0.0,0.0,0.0,True
2060,P0276,Xinjiang,ammonia,0.0,0.0,0.0,0.0,0.0,True
2060,P0277,Guangxi,unabated,0.0,0.0,0.0,0.0,0.0,True
2060,P0277,Guangxi,retire,0.0,0.0,0.0,0.0,0.0,True
2060,P0277,Guangxi,ccs,0.0,0.0,0.0,0.0,0.0,True
2060,P0277,Guangxi,biomass,1.0,3350620.0,2.7475084,2.7475084,0.0,True
2060,P0277,Guangxi,beccs,0.0,0.0,0.0,0.0,0.0,True
2060,P0277,Guangxi,ammonia,0.0,0.0,0.0,0.0,0.0,True
2060,P0278,Inner Mongolia,unabated,0.0,0.0,0.0,0.0,0.0,True
2060,P0278,Inner Mongolia,retire,0.0,0.0,0.0,0.0,0.0,True
2060,P0278,Inner Mongolia,ccs,0.0,0.0,0.0,0.0,0.0,True
2060,P0278,Inner Mongolia,biomass,0.0,0.0,0.0,0.0,0.0,True
2060,P0278,Inner Mongolia,beccs,1.0,8151030.0,6.6838446,12.699304739999999,6.456593883599999,True
2060,P0278,Inner Mongolia,ammonia,0.0,0.0,0.0,0.0,0.0,True
2060,P0279,Guangxi,unabated,0.0,0.0,0.0,0.0,0.0,True
2060,P0279,Guangxi,retire,0.0,0.0,0.0,0.0,0.0,True
2060,P0279,Guangxi,ccs,0.0,0.0,0.0,0.0,0.0,True
2060,P0279,Guangxi,biomass,1.0,5743920.0,4.7100143999999995,4.7100143999999995,0.0,True
2060,P0279,Guangxi,beccs,0.0,0.0,0.0,0.0,0.0,True
2060,P0279,Guangxi,ammonia,0.0,0.0,0.0,0.0,0.0,True
2060,P0280,Anhui,unabated,0.0,0.0,0.0,0.0,0.0,True
2060,P0280,Anhui,retire,0.0,0.0,0.0,0.0,0.0,True
2060,P0280,Anhui,ccs,0.0,0.0,0.0,0.0,0.0,True
2060,P0280,Anhui,biomass,1.0,6708372.000000001,5.50086504,5.50086504,0.0,True
2060,P0280,Anhui,beccs,0.0,0.0,0.0,0.0,0.0,True
2060,P0280,Anhui,ammonia,0.0,0.0,0.0,0.0,0.0,True
2060,P0281,Xinjiang,unabated,0.0,0.0,0.0,0.0,0.0,True
2060,P0281,Xinjiang,retire,0.0,0.0,0.0,0.0,0.0,True
2060,P0281,Xinjiang,ccs,0.05188872583558647,553550.1725434564,0.4539111414856342,0.4085200273370708,0.43847816267512246,True
2060,P0281,Xinjiang,biomass,0.0,0.0,0.0,0.0,0.0,True
2060,P0281,Xinjiang,beccs,0.9481112741644138,10114473.827456545,8.293868538514365,15.758350223177294,8.011877008204873,True
2060,P0281,Xinjiang,ammonia,0.0,0.0,0.0,0.0,0.0,True
2060,P0282,Shandong,unabated,0.0,0.0,0.0,0.0,0.0,True
2060,P0282,Shandong,retire,0.0,0.0,0.0,0.0,0.0,True
2060,P0282,Shandong,ccs,0.0,0.0,0.0,0.0,0.0,True
2060,P0282,Shandong,biomass,1.0,3532491.0000000005,2.89664262,2.89664262,0.0,True
2060,P0282,Shandong,beccs,0.0,0.0,0.0,0.0,0.0,True
2060,P0282,Shandong,ammonia,0.0,0.0,0.0,0.0,0.0,True
2060,P0283,Hubei,unabated,0.0,0.0,0.0,0.0,0.0,True
2060,P0283,Hubei,retire,0.0,0.0,0.0,0.0,0.0,True
2060,P0283,Hubei,ccs,0.0,0.0,0.0,0.0,0.0,True
2060,P0283,Hubei,biomass,1.0,4949472.0,4.05856704,4.05856704,0.0,True
2060,P0283,Hubei,beccs,0.0,0.0,0.0,0.0,0.0,True
2060,P0283,Hubei,ammonia,0.0,0.0,0.0,0.0,0.0,True
2060,P0284,Shandong,unabated,0.0,0.0,0.0,0.0,0.0,True
2060,P0284,Shandong,retire,1.0,38377680.00000001,31.469697600000003,31.469697600000003,0.0,True
2060,P0284,Shandong,ccs,0.0,0.0,0.0,0.0,0.0,True
2060,P0284,Shandong,biomass,0.0,0.0,0.0,0.0,0.0,True
2060,P0284,Shandong,beccs,0.0,0.0,0.0,0.0,0.0,True
2060,P0284,Shandong,ammonia,0.0,0.0,0.0,0.0,0.0,True
2060,P0285,Yunnan,unabated,0.0,0.0,0.0,0.0,0.0,True
2060,P0285,Yunnan,retire,0.0,0.0,0.0,0.0,0.0,True
2060,P0285,Yunnan,ccs,0.0,0.0,0.0,0.0,0.0,True
2060,P0285,Yunnan,biomass,1.0,5378639.999999999,4.410484799999999,4.410484799999999,0.0,True
2060,P0285,Yunnan,beccs,0.0,0.0,0.0,0.0,0.0,True
2060,P0285,Yunnan,ammonia,0.0,0.0,0.0,0.0,0.0,True
2060,P0286,Jiangxi,unabated,0.0,0.0,0.0,0.0,0.0,True
2060,P0286,Jiangxi,retire,0.0,0.0,0.0,0.0,0.0,True
2060,P0286,Jiangxi,ccs,0.0,0.0,0.0,0.0,0.0,True
2060,P0286,Jiangxi,biomass,1.0,7149600.0,5.862672,5.862672,0.0,True
2060,P0286,Jiangxi,beccs,0.0,0.0,0.0,0.0,0.0,True
2060,P0286,Jiangxi,ammonia,0.0,0.0,0.0,0.0,0.0,True
2060,P0287,Gansu,unabated,0.0,0.0,0.0,0.0,0.0,True
2060,P0287,Gansu,retire,1.0,5530272.0,4.53482304,4.53482304,0.0,True
2060,P0287,Gansu,ccs,0.0,0.0,0.0,0.0,0.0,True
2060,P0287,Gansu,biomass,0.0,0.0,0.0,0.0,0.0,True
2060,P0287,Gansu,beccs,0.0,0.0,0.0,0.0,0.0,True
2060,P0287,Gansu,ammonia,0.0,0.0,0.0,0.0,0.0,True
2060,P0288,Inner Mongolia,unabated,0.0,0.0,0.0,0.0,0.0,True
2060,P0288,Inner Mongolia,retire,1.0,6641580.0,5.4460956,5.4460956,0.0,True
2060,P0288,Inner Mongolia,ccs,0.0,0.0,0.0,0.0,0.0,True
2060,P0288,Inner Mongolia,biomass,0.0,0.0,0.0,0.0,0.0,True
2060,P0288,Inner Mongolia,beccs,0.0,0.0,0.0,0.0,0.0,True
2060,P0288,Inner Mongolia,ammonia,0.0,0.0,0.0,0.0,0.0,True
2060,P0289,Inner Mongolia,unabated,0.0,0.0,0.0,0.0,0.0,True
2060,P0289,Inner Mongolia,retire,0.0,0.0,0.0,0.0,0.0,True
2060,P0289,Inner Mongolia,ccs,0.0,0.0,0.0,0.0,0.0,True
2060,P0289,Inner Mongolia,biomass,0.0,0.0,0.0,0.0,0.0,True
2060,P0289,Inner Mongolia,beccs,1.0,2566065.0,2.1041733,3.9979292699999993,2.0326314077999994,True
2060,P0289,Inner Mongolia,ammonia,0.0,0.0,0.0,0.0,0.0,True
2060,P0290,Guizhou,unabated,0.0,0.0,0.0,0.0,0.0,True
2060,P0290,Guizhou,retire,0.0,0.0,0.0,0.0,0.0,True
2060,P0290,Guizhou,ccs,0.0,0.0,0.0,0.0,0.0,True
2060,P0290,Guizhou,biomass,1.0,8829606.0,7.24027692,7.24027692,0.0,True
2060,P0290,Guizhou,beccs,0.0,0.0,0.0,0.0,0.0,True
2060,P0290,Guizhou,ammonia,0.0,0.0,0.0,0.0,0.0,True
2060,P0291,Shanxi,unabated,0.0,0.0,0.0,0.0,0.0,True
2060,P0291,Shanxi,retire,0.0,0.0,0.0,0.0,0.0,True
2060,P0291,Shanxi,ccs,0.0,0.0,0.0,0.0,0.0,True
2060,P0291,Shanxi,biomass,0.0,0.0,0.0,0.0,0.0,True
2060,P0291,Shanxi,beccs,1.0,4490615.0,3.6823042999999998,6.996378169999999,3.557105953799999,True
2060,P0291,Shanxi,ammonia,0.0,0.0,0.0,0.0,0.0,True
2060,P0292,Chongqing,unabated,0.0,0.0,0.0,0.0,0.0,True
2060,P0292,Chongqing,retire,0.0,0.0,0.0,0.0,0.0,True
2060,P0292,Chongqing,ccs,0.0,0.0,0.0,0.0,0.0,True
2060,P0292,Chongqing,biomass,1.0,2876520.0,2.3587464,2.3587464,0.0,True
2060,P0292,Chongqing,beccs,0.0,0.0,0.0,0.0,0.0,True
2060,P0292,Chongqing,ammonia,0.0,0.0,0.0,0.0,0.0,True
2060,P0293,Chongqing,unabated,0.0,0.0,0.0,0.0,0.0,True
2060,P0293,Chongqing,retire,0.0,0.0,0.0,0.0,0.0,True
2060,P0293,Chongqing,ccs,0.0,0.0,0.0,0.0,0.0,True
2060,P0293,Chongqing,biomass,0.0,0.0,0.0,0.0,0.0,True
2060,P0293,Chongqing,beccs,1.0,958840.0,0.7862488,1.49387272,0.7595163407999999,True
2060,P0293,Chongqing,ammonia,0.0,0.0,0.0,0.0,0.0,True
2060,P0294,Jiangxi,unabated,0.0,0.0,0.0,0.0,0.0,True
2060,P0294,Jiangxi,retire,0.0,0.0,0.0,0.0,0.0,True
2060,P0294,Jiangxi,ccs,0.0,0.0,0.0,0.0,0.0,True
2060,P0294,Jiangxi,biomass,1.0,6291647.999999999,5.159151359999998,5.159151359999998,0.0,True
2060,P0294,Jiangxi,beccs,0.0,0.0,0.0,0.0,0.0,True
2060,P0294,Jiangxi,ammonia,0.0,0.0,0.0,0.0,0.0,True
2060,P0295,Guangdong,unabated,0.0,0.0,0.0,0.0,0.0,True
2060,P0295,Guangdong,retire,0.0,0.0,0.0,0.0,0.0,True
2060,P0295,Guangdong,ccs,0.0,0.0,0.0,0.0,0.0,True
2060,P0295,Guangdong,biomass,0.0,0.0,0.0,0.0,0.0,True
2060,P0295,Guangdong,beccs,1.0,14857477.5,12.183131549999999,23.147949944999997,11.768905077299998,True
2060,P0295,Guangdong,ammonia,0.0,0.0,0.0,0.0,0.0,True
2060,P0296,Henan,unabated,0.0,0.0,0.0,0.0,0.0,True
2060,P0296,Henan,retire,0.0,0.0,0.0,0.0,0.0,True
2060,P0296,Henan,ccs,0.0,0.0,0.0,0.0,0.0,True
2060,P0296,Henan,biomass,1.0,14182424.0,11.62958768,11.62958768,0.0,True
2060,P0296,Henan,beccs,0.0,0.0,0.0,0.0,0.0,True
2060,P0296,Henan,ammonia,0.0,0.0,0.0,0.0,0.0,True
2060,P0297,Jiangxi,unabated,0.0,0.0,0.0,0.0,0.0,True
2060,P0297,Jiangxi,retire,0.0,0.0,0.0,0.0,0.0,True
2060,P0297,Jiangxi,ccs,0.0,0.0,0.0,0.0,0.0,True
2060,P0297,Jiangxi,biomass,0.0,0.0,0.0,0.0,0.0,True
2060,P0297,Jiangxi,beccs,1.0,9532800.0,7.816895999999999,14.852102399999998,8.09048736,True
2060,P0297,Jiangxi,ammonia,0.0,0.0,0.0,0.0,0.0,True
2060,P0298,Xinjiang,unabated,0.0,0.0,0.0,0.0,0.0,True
2060,P0298,Xinjiang,retire,0.0,0.0,0.0,0.0,0.0,True
2060,P0298,Xinjiang,ccs,0.0,0.0,0.0,0.0,0.0,True
2060,P0298,Xinjiang,biomass,0.0,0.0,0.0,0.0,0.0,True
2060,P0298,Xinjiang,beccs,1.0,5281200.0,4.330584,8.2281096,4.183344144,True
2060,P0298,Xinjiang,ammonia,0.0,0.0,0.0,0.0,0.0,True
2060,P0299,Liaoning,unabated,0.0,0.0,0.0,0.0,0.0,True
2060,P0299,Liaoning,retire,0.0,0.0,0.0,0.0,0.0,True
2060,P0299,Liaoning,ccs,0.0,0.0,0.0,0.0,0.0,True
2060,P0299,Liaoning,biomass,1.0,1612363.9999999998,1.3221384799999998,1.3221384799999998,0.0,True
2060,P0299,Liaoning,beccs,0.0,0.0,0.0,0.0,0.0,True
2060,P0299,Liaoning,ammonia,0.0,0.0,0.0,0.0,0.0,True
2060,P0300,Guangxi,unabated,0.0,0.0,0.0,0.0,0.0,True
2060,P0300,Guangxi,retire,0.0,0.0,0.0,0.0,0.0,True
2060,P0300,Guangxi,ccs,0.0,0.0,0.0,0.0,0.0,True
2060,P0300,Guangxi,biomass,0.0,0.0,0.0,0.0,0.0,True
2060,P0300,Guangxi,beccs,1.0,6318312.0,5.18101584,9.843930096,5.362351394399999,True
2060,P0300,Guangxi,ammonia,0.0,0.0,0.0,0.0,0.0,True
2060,P0301,Jiangsu,unabated,0.0,0.0,0.0,0.0,0.0,True
2060,P0301,Jiangsu,retire,0.0,0.0,0.0,0.0,0.0,True
2060,P0301,Jiangsu,ccs,0.0,0.0,0.0,0.0,0.0,True
2060,P0301,Jiangsu,biomass,0.9555813369960207,306733.9645250267,0.25152185091052187,0.25152185091052187,0.0,True
2060,P0301,Jiangsu,beccs,0.04441866300397979,14258.035474973482,0.011691589089478255,0.022214019270008684,0.012100794707609993,True
2060,P0301,Jiangsu,ammonia,0.0,0.0,0.0,0.0,0.0,True
2060,P0302,Xinjiang,unabated,0.0,0.0,0.0,0.0,0.0,True
2060,P0302,Xinjiang,retire,0.0,0.0,0.0,0.0,0.0,True
2060,P0302,Xinjiang,ccs,0.0,0.0,0.0,0.0,0.0,True
2060,P0302,Xinjiang,biomass,0.0,0.0,0.0,0.0,0.0,True
2060,P0302,Xinjiang,beccs,1.0,3696839.9999999995,3.0314087999999995,5.759676719999999,3.137508107999999,True
2060,P0302,Xinjiang,ammonia,0.0,0.0,0.0,0.0,0.0,True
2060,P0303,Henan,unabated,0.0,0.0,0.0,0.0,0.0,True
2060,P0303,Henan,retire,0.0,0.0,0.0,0.0,0.0,True
2060,P0303,Henan,ccs,0.0,0.0,0.0,0.0,0.0,True
2060,P0303,Henan,biomass,1.0,4679480.0,3.8371735999999994,3.8371735999999994,0.0,True
2060,P0303,Henan,beccs,0.0,0.0,0.0,0.0,0.0,True
2060,P0303,Henan,ammonia,0.0,0.0,0.0,0.0,0.0,True
2060,P0304,Inner Mongolia,unabated,0.0,0.0,0.0,0.0,0.0,True
2060,P0304,Inner Mongolia,retire,0.0,0.0,0.0,0.0,0.0,True
2060,P0304,Inner Mongolia,ccs,0.826904565841558,416057.0323031799,0.3411667664886075,0.3070500898397468,0.3531076033157088,True
2060,P0304,Inner Mongolia,biomass,0.0,0.0,0.0,0.0,0.0,True
2060,P0304,Inner Mongolia,beccs,0.17309543415844222,87092.96769682021,0.07141623351139256,0.11783678529379772,0.07391580168429131,True
2060,P0304,Inner Mongolia,ammonia,0.0,0.0,0.0,0.0,0.0,True
2060,P0305,Inner Mongolia,unabated,0.0,0.0,0.0,0.0,0.0,True
2060,P0305,Inner Mongolia,retire,1.0,1509449.9999999998,1.2377489999999998,1.2377489999999998,0.0,True
2060,P0305,Inner Mongolia,ccs,0.0,0.0,0.0,0.0,0.0,True
2060,P0305,Inner Mongolia,biomass,0.0,0.0,0.0,0.0,0.0,True
2060,P0305,Inner Mongolia,beccs,0.0,0.0,0.0,0.0,0.0,True
2060,P0305,Inner Mongolia,ammonia,0.0,0.0,0.0,0.0,0.0,True
2060,P0306,Inner Mongolia,unabated,0.0,0.0,0.0,0.0,0.0,True
2060,P0306,Inner Mongolia,retire,0.0,0.0,0.0,0.0,0.0,True
2060,P0306,Inner Mongolia,ccs,0.0,0.0,0.0,0.0,0.0,True
2060,P0306,Inner Mongolia,biomass,0.0,0.0,0.0,0.0,0.0,True
2060,P0306,Inner Mongolia,beccs,1.0,3320790.0,2.7230478,5.17379082,2.6304641747999993,True
2060,P0306,Inner Mongolia,ammonia,0.0,0.0,0.0,0.0,0.0,True
2060,P0307,Hunan,unabated,0.0,0.0,0.0,0.0,0.0,True
2060,P0307,Hunan,retire,0.0,0.0,0.0,0.0,0.0,True
2060,P0307,Hunan,ccs,0.0,0.0,0.0,0.0,0.0,True
2060,P0307,Hunan,biomass,1.0,15627600.0,12.814632,12.814632,0.0,True
2060,P0307,Hunan,beccs,0.0,0.0,0.0,0.0,0.0,True
2060,P0307,Hunan,ammonia,0.0,0.0,0.0,0.0,0.0,True
2060,P0308,Qinghai,unabated,0.0,0.0,0.0,0.0,0.0,True
2060,P0308,Qinghai,retire,0.0,0.0,0.0,0.0,0.0,True
2060,P0308,Qinghai,ccs,0.0,0.0,0.0,0.0,0.0,True
2060,P0308,Qinghai,biomass,0.0,0.0,0.0,0.0,0.0,True
2060,P0308,Qinghai,beccs,1.0,1106190.0,0.9070757999999999,1.7234440199999996,0.8762352227999997,True
2060,P0308,Qinghai,ammonia,0.0,0.0,0.0,0.0,0.0,True
2060,P0309,Inner Mongolia,unabated,0.0,0.0,0.0,0.0,0.0,True
2060,P0309,Inner Mongolia,retire,0.0,0.0,0.0,0.0,0.0,True
2060,P0309,Inner Mongolia,ccs,0.0,0.0,0.0,0.0,0.0,True
2060,P0309,Inner Mongolia,biomass,0.0,0.0,0.0,0.0,0.0,True
2060,P0309,Inner Mongolia,beccs,1.0,10063000.0,8.25166,15.678153999999997,7.971103559999997,True
2060,P0309,Inner Mongolia,ammonia,0.0,0.0,0.0,0.0,0.0,True
2060,P0310,Shaanxi,unabated,0.0,0.0,0.0,0.0,0.0,True
2060,P0310,Shaanxi,retire,0.0,0.0,0.0,0.0,0.0,True
2060,P0310,Shaanxi,ccs,0.0,0.0,0.0,0.0,0.0,True
2060,P0310,Shaanxi,biomass,1.0,11980320.0,9.823862399999998,9.823862399999998,0.0,True
2060,P0310,Shaanxi,beccs,0.0,0.0,0.0,0.0,0.0,True
2060,P0310,Shaanxi,ammonia,0.0,0.0,0.0,0.0,0.0,True
2060,P0311,Hunan,unabated,0.0,0.0,0.0,0.0,0.0,True
2060,P0311,Hunan,retire,0.0,0.0,0.0,0.0,0.0,True
2060,P0311,Hunan,ccs,0.0,0.0,0.0,0.0,0.0,True
2060,P0311,Hunan,biomass,1.0,5157108.0,4.228828559999999,4.228828559999999,0.0,True
2060,P0311,Hunan,beccs,0.0,0.0,0.0,0.0,0.0,True
2060,P0311,Hunan,ammonia,0.0,0.0,0.0,0.0,0.0,True
2060,P0312,Shanxi,unabated,0.0,0.0,0.0,0.0,0.0,True
2060,P0312,Shanxi,retire,0.0,0.0,0.0,0.0,0.0,True
2060,P0312,Shanxi,ccs,0.0,0.0,0.0,0.0,0.0,True
2060,P0312,Shanxi,biomass,0.0,0.0,0.0,0.0,0.0,True
2060,P0312,Shanxi,beccs,1.0,2777700.0,2.277714,4.3276566,2.2002717239999994,True
2060,P0312,Shanxi,ammonia,0.0,0.0,0.0,0.0,0.0,True
2060,P0313,Xinjiang,unabated,0.0,0.0,0.0,0.0,0.0,True
2060,P0313,Xinjiang,retire,0.0,0.0,0.0,0.0,0.0,True
2060,P0313,Xinjiang,ccs,0.6086618002905541,2571571.759755579,2.1086888429995745,1.8978199586996172,2.0369934223375883,True
2060,P0313,Xinjiang,biomass,0.0,0.0,0.0,0.0,0.0,True
2060,P0313,Xinjiang,beccs,0.39133819970944694,1653388.2402444247,1.3557783570004283,2.5759788783008135,1.3096818928624134,True
2060,P0313,Xinjiang,ammonia,0.0,0.0,0.0,0.0,0.0,True
2060,P0314,Inner Mongolia,unabated,0.0,0.0,0.0,0.0,0.0,True
2060,P0314,Inner Mongolia,retire,0.0,0.0,0.0,0.0,0.0,True
2060,P0314,Inner Mongolia,ccs,0.0,0.0,0.0,0.0,0.0,True
2060,P0314,Inner Mongolia,biomass,1.0,6037799.999999999,4.950995999999999,4.950995999999999,0.0,True
2060,P0314,Inner Mongolia,beccs,0.0,0.0,0.0,0.0,0.0,True
2060,P0314,Inner Mongolia,ammonia,0.0,0.0,0.0,0.0,0.0,True
2060,P0315,Jiangxi,unabated,0.0,0.0,0.0,0.0,0.0,True
2060,P0315,Jiangxi,retire,1.0,22974048.0,18.83871936,18.83871936,0.0,True
2060,P0315,Jiangxi,ccs,0.0,0.0,0.0,0.0,0.0,True
2060,P0315,Jiangxi,biomass,0.0,0.0,0.0,0.0,0.0,True
2060,P0315,Jiangxi,beccs,0.0,0.0,0.0,0.0,0.0,True
2060,P0315,Jiangxi,ammonia,0.0,0.0,0.0,0.0,0.0,True
2060,P0316,Chongqing,unabated,0.0,0.0,0.0,0.0,0.0,True
2060,P0316,Chongqing,retire,0.0,0.0,0.0,0.0,0.0,True
2060,P0316,Chongqing,ccs,0.0,0.0,0.0,0.0,0.0,True
2060,P0316,Chongqing,biomass,1.0,5753040.0,4.7174928,4.7174928,0.0,True
2060,P0316,Chongqing,beccs,0.0,0.0,0.0,0.0,0.0,True
2060,P0316,Chongqing,ammonia,0.0,0.0,0.0,0.0,0.0,True
2060,P0317,Jiangsu,unabated,0.0,0.0,0.0,0.0,0.0,True
2060,P0317,Jiangsu,retire,0.0,0.0,0.0,0.0,0.0,True
2060,P0317,Jiangsu,ccs,0.0,0.0,0.0,0.0,0.0,True
2060,P0317,Jiangsu,biomass,0.0,0.0,0.0,0.0,0.0,True
2060,P0317,Jiangsu,beccs,1.0,6871235.0,5.6344126999999995,10.705384129999999,5.831617144499999,True
2060,P0317,Jiangsu,ammonia,0.0,0.0,0.0,0.0,0.0,True
2060,P0318,Jilin,unabated,0.0,0.0,0.0,0.0,0.0,True
2060,P0318,Jilin,retire,0.0,0.0,0.0,0.0,0.0,True
2060,P0318,Jilin,ccs,0.0,0.0,0.0,0.0,0.0,True
2060,P0318,Jilin,biomass,1.0,1991770.0000000002,1.6332514000000002,1.6332514000000002,0.0,True
2060,P0318,Jilin,beccs,0.0,0.0,0.0,0.0,0.0,True
2060,P0318,Jilin,ammonia,0.0,0.0,0.0,0.0,0.0,True
2060,P0319,Inner Mongolia,unabated,0.0,0.0,0.0,0.0,0.0,True
2060,P0319,Inner Mongolia,retire,1.0,3522049.9999999995,2.8880809999999997,2.8880809999999997,0.0,True
2060,P0319,Inner Mongolia,ccs,0.0,0.0,0.0,0.0,0.0,True
2060,P0319,Inner Mongolia,biomass,0.0,0.0,0.0,0.0,0.0,True
2060,P0319,Inner Mongolia,beccs,0.0,0.0,0.0,0.0,0.0,True
2060,P0319,Inner Mongolia,ammonia,0.0,0.0,0.0,0.0,0.0,True
2060,P0320,Guizhou,unabated,0.0,0.0,0.0,0.0,0.0,True
2060,P0320,Guizhou,retire,0.0,0.0,0.0,0.0,0.0,True
2060,P0320,Guizhou,ccs,0.0,0.0,0.0,0.0,0.0,True
2060,P0320,Guizhou,biomass,1.0,1424130.0,1.1677866,1.1677866,0.0,True
2060,P0320,Guizhou,beccs,0.0,0.0,0.0,0.0,0.0,True
2060,P0320,Guizhou,ammonia,0.0,0.0,0.0,0.0,0.0,True
2060,P0321,Jilin,unabated,0.0,0.0,0.0,0.0,0.0,True
2060,P0321,Jilin,retire,0.0,0.0,0.0,0.0,0.0,True
2060,P0321,Jilin,ccs,0.0,0.0,0.0,0.0,0.0,True
2060,P0321,Jilin,biomass,0.0,0.0,0.0,0.0,0.0,True
2060,P0321,Jilin,beccs,1.0,2390124.0000000005,1.9599016800000002,3.723813192,1.8932650228799999,True
2060,P0321,Jilin,ammonia,0.0,0.0,0.0,0.0,0.0,True
2060,P0322,Xinjiang,unabated,0.0,0.0,0.0,0.0,0.0,True
2060,P0322,Xinjiang,retire,0.0,0.0,0.0,0.0,0.0,True
2060,P0322,Xinjiang,ccs,1.0,3696839.9999999995,3.0314087999999995,2.7282679199999995,2.928340900799999,True
2060,P0322,Xinjiang,biomass,0.0,0.0,0.0,0.0,0.0,True
2060,P0322,Xinjiang,beccs,0.0,0.0,0.0,0.0,0.0,True
2060,P0322,Xinjiang,ammonia,0.0,0.0,0.0,0.0,0.0,True
2060,P0323,Henan,unabated,0.0,0.0,0.0,0.0,0.0,True
2060,P0323,Henan,retire,0.0,0.0,0.0,0.0,0.0,True
2060,P0323,Henan,ccs,0.0,0.0,0.0,0.0,0.0,True
2060,P0323,Henan,biomass,1.0,14398400.0,11.806688,11.806688,0.0,True
2060,P0323,Henan,beccs,0.0,0.0,0.0,0.0,0.0,True
2060,P0323,Henan,ammonia,0.0,0.0,0.0,0.0,0.0,True
2060,P0324,Shaanxi,unabated,0.0,0.0,0.0,0.0,0.0,True
2060,P0324,Shaanxi,retire,0.0,0.0,0.0,0.0,0.0,True
2060,P0324,Shaanxi,ccs,0.0,0.0,0.0,0.0,0.0,True
2060,P0324,Shaanxi,biomass,0.0,0.0,0.0,0.0,0.0,True
2060,P0324,Shaanxi,beccs,1.0,14430840.0,11.833288799999998,22.483248719999995,11.430956980799998,True
2060,P0324,Shaanxi,ammonia,0.0,0.0,0.0,0.0,0.0,True
2060,P0325,Zhejiang,unabated,0.0,0.0,0.0,0.0,0.0,True
2060,P0325,Zhejiang,retire,0.0,0.0,0.0,0.0,0.0,True
2060,P0325,Zhejiang,ccs,0.0,0.0,0.0,0.0,0.0,True
2060,P0325,Zhejiang,biomass,0.0,0.0,0.0,0.0,0.0,True
2060,P0325,Zhejiang,beccs,1.0,5529764.7,4.534407054,8.6153734026,4.380237214164,True
2060,P0325,Zhejiang,ammonia,0.0,0.0,0.0,0.0,0.0,True
2060,P0326,Zhejiang,unabated,0.0,0.0,0.0,0.0,0.0,True
2060,P0326,Zhejiang,retire,1.0,37944481.5,31.11447483,31.11447483,0.0,True
2060,P0326,Zhejiang,ccs,0.0,0.0,0.0,0.0,0.0,True
2060,P0326,Zhejiang,biomass,0.0,0.0,0.0,0.0,0.0,True
2060,P0326,Zhejiang,beccs,0.0,0.0,0.0,0.0,0.0,True
2060,P0326,Zhejiang,ammonia,0.0,0.0,0.0,0.0,0.0,True
2060,P0327,Chongqing,unabated,0.0,0.0,0.0,0.0,0.0,True
2060,P0327,Chongqing,retire,0.0,0.0,0.0,0.0,0.0,True
2060,P0327,Chongqing,ccs,0.0,0.0,0.0,0.0,0.0,True
2060,P0327,Chongqing,biomass,1.0,13711412.0,11.24335784,11.24335784,0.0,True
2060,P0327,Chongqing,beccs,0.0,0.0,0.0,0.0,0.0,True
2060,P0327,Chongqing,ammonia,0.0,0.0,0.0,0.0,0.0,True
2060,P0328,Inner Mongolia,unabated,0.0,0.0,0.0,0.0,0.0,True
2060,P0328,Inner Mongolia,retire,0.0,0.0,0.0,0.0,0.0,True
2060,P0328,Inner Mongolia,ccs,0.0,0.0,0.0,0.0,0.0,True
2060,P0328,Inner Mongolia,biomass,0.0,0.0,0.0,0.0,0.0,True
2060,P0328,Inner Mongolia,beccs,1.0,11924655.0,9.778217099999999,18.578612489999998,9.445757718599998,True
2060,P0328,Inner Mongolia,ammonia,0.0,0.0,0.0,0.0,0.0,True
2060,P0329,Xinjiang,unabated,0.0,0.0,0.0,0.0,0.0,True
2060,P0329,Xinjiang,retire,0.0,0.0,0.0,0.0,0.0,True
2060,P0329,Xinjiang,ccs,0.0,0.0,0.0,0.0,0.0,True
2060,P0329,Xinjiang,biomass,1.0,528119.9999999999,0.4330583999999999,0.4330583999999999,0.0,True
2060,P0329,Xinjiang,beccs,0.0,0.0,0.0,0.0,0.0,True
2060,P0329,Xinjiang,ammonia,0.0,0.0,0.0,0.0,0.0,True
2060,P0330,Gansu,unabated,0.0,0.0,0.0,0.0,0.0,True
2060,P0330,Gansu,retire,0.9777412823960755,24578069.26035959,20.15401679349486,20.15401679349486,0.0,True
2060,P0330,Gansu,ccs,0.022258717603924505,559530.7396404126,0.4588152065051384,0.4129336858546246,0.4748737387328182,True
2060,P0330,Gansu,biomass,0.0,0.0,0.0,0.0,0.0,True
2060,P0330,Gansu,beccs,0.0,0.0,0.0,0.0,0.0,True
2060,P0330,Gansu,ammonia,0.0,0.0,0.0,0.0,0.0,True
2060,P0331,Guangdong,unabated,0.0,0.0,0.0,0.0,0.0,True
2060,P0331,Guangdong,retire,1.0,25414742.0,20.84008844,20.84008844,0.0,True
2060,P0331,Guangdong,ccs,0.0,0.0,0.0,0.0,0.0,True
2060,P0331,Guangdong,biomass,0.0,0.0,0.0,0.0,0.0,True
2060,P0331,Guangdong,beccs,0.0,0.0,0.0,0.0,0.0,True
2060,P0331,Guangdong,ammonia,0.0,0.0,0.0,0.0,0.0,True
2060,P0332,Hebei,unabated,0.0,0.0,0.0,0.0,0.0,True
2060,P0332,Hebei,retire,0.0,0.0,0.0,0.0,0.0,True
2060,P0332,Hebei,ccs,0.0,0.0,0.0,0.0,0.0,True
2060,P0332,Hebei,biomass,0.0,0.0,0.0,0.0,0.0,True
2060,P0332,Hebei,beccs,1.0,17107584.0,14.028218879999999,26.653615871999996,13.551259438079997,True
2060,P0332,Hebei,ammonia,0.0,0.0,0.0,0.0,0.0,True
2060,P0333,Guangdong,unabated,0.0,0.0,0.0,0.0,0.0,True
2060,P0333,Guangdong,retire,0.0,0.0,0.0,0.0,0.0,True
2060,P0333,Guangdong,ccs,0.0,0.0,0.0,0.0,0.0,True
2060,P0333,Guangdong,biomass,0.0,0.0,0.0,0.0,0.0,True
2060,P0333,Guangdong,beccs,1.0,15675001.14,12.8535009348,24.421651776119997,12.416481903016797,True
2060,P0333,Guangdong,ammonia,0.0,0.0,0.0,0.0,0.0,True
2060,P0334,Hebei,unabated,0.0,0.0,0.0,0.0,0.0,True
2060,P0334,Hebei,retire,0.0,0.0,0.0,0.0,0.0,True
2060,P0334,Hebei,ccs,0.0,0.0,0.0,0.0,0.0,True
2060,P0334,Hebei,biomass,1.0,3118570.0,2.5572274,2.5572274,0.0,True
2060,P0334,Hebei,beccs,0.0,0.0,0.0,0.0,0.0,True
2060,P0334,Hebei,ammonia,0.0,0.0,0.0,0.0,0.0,True
2060,P0335,Hubei,unabated,0.0,0.0,0.0,0.0,0.0,True
2060,P0335,Hubei,retire,0.0,0.0,0.0,0.0,0.0,True
2060,P0335,Hubei,ccs,0.0,0.0,0.0,0.0,0.0,True
2060,P0335,Hubei,biomass,1.0,17248159.999999996,14.143491199999996,14.143491199999996,0.0,True
2060,P0335,Hubei,beccs,0.0,0.0,0.0,0.0,0.0,True
2060,P0335,Hubei,ammonia,0.0,0.0,0.0,0.0,0.0,True
2060,P0336,Inner Mongolia,unabated,0.0,0.0,0.0,0.0,0.0,True
2060,P0336,Inner Mongolia,retire,0.34657750203384363,3487609.4029665682,2.859839710432586,2.859839710432586,0.0,True
2060,P0336,Inner Mongolia,ccs,0.0,0.0,0.0,0.0,0.0,True
2060,P0336,Inner Mongolia,biomass,0.0,0.0,0.0,0.0,0.0,True
2060,P0336,Inner Mongolia,beccs,0.6534224979661564,6575390.597033432,5.391820289567414,10.244458550178084,5.580533999702272,True
2060,P0336,Inner Mongolia,ammonia,0.0,0.0,0.0,0.0,0.0,True
2060,P0337,Guizhou,unabated,0.0,0.0,0.0,0.0,0.0,True
2060,P0337,Guizhou,retire,0.0,0.0,0.0,0.0,0.0,True
2060,P0337,Guizhou,ccs,0.0,0.0,0.0,0.0,0.0,True
2060,P0337,Guizhou,biomass,1.0,3322970.0,2.7248354,2.7248354,0.0,True
2060,P0337,Guizhou,beccs,0.0,0.0,0.0,0.0,0.0,True
2060,P0337,Guizhou,ammonia,0.0,0.0,0.0,0.0,0.0,True
2060,P0338,Guangxi,unabated,0.0,0.0,0.0,0.0,0.0,True
2060,P0338,Guangxi,retire,0.0,0.0,0.0,0.0,0.0,True
2060,P0338,Guangxi,ccs,0.0,0.0,0.0,0.0,0.0,True
2060,P0338,Guangxi,biomass,0.4661907239471257,1338881.111547187,1.0978825114686932,1.0978825114686932,0.0,True
2060,P0338,Guangxi,beccs,0.5338092760528743,1533078.888452813,1.2571246885313065,2.388536908209482,1.2143824491212418,True
2060,P0338,Guangxi,ammonia,0.0,0.0,0.0,0.0,0.0,True
2060,P0339,Hainan,unabated,0.0,0.0,0.0,0.0,0.0,True
2060,P0339,Hainan,retire,0.0,0.0,0.0,0.0,0.0,True
2060,P0339,Hainan,ccs,0.0,0.0,0.0,0.0,0.0,True
2060,P0339,Hainan,biomass,0.0,0.0,0.0,0.0,0.0,True
2060,P0339,Hainan,beccs,1.0,3320394.0,2.7227230799999997,5.173173852,2.6301504952799997,True
2060,P0339,Hainan,ammonia,0.0,0.0,0.0,0.0,0.0,True
2060,P0340,Inner Mongolia,unabated,0.0,0.0,0.0,0.0,0.0,True
2060,P0340,Inner Mongolia,retire,0.0,0.0,0.0,0.0,0.0,True
2060,P0340,Inner Mongolia,ccs,0.0,0.0,0.0,0.0,0.0,True
2060,P0340,Inner Mongolia,biomass,0.6508063062461569,12246749.417741993,10.042334522548433,7.531750891911326,0.0,True
2060,P0340,Inner Mongolia,beccs,0.3491936937538431,6571060.582258007,5.388269677451565,8.890644967795083,5.205068508418211,True
2060,P0340,Inner Mongolia,ammonia,0.0,0.0,0.0,0.0,0.0,True
2060,P0341,Hebei,unabated,0.0,0.0,0.0,0.0,0.0,True
2060,P0341,Hebei,retire,0.0,0.0,0.0,0.0,0.0,True
2060,P0341,Hebei,ccs,0.0,0.0,0.0,0.0,0.0,True
2060,P0341,Hebei,biomass,1.0,445510.0,0.3653181999999999,0.3653181999999999,0.0,True
2060,P0341,Hebei,beccs,0.0,0.0,0.0,0.0,0.0,True
2060,P0341,Hebei,ammonia,0.0,0.0,0.0,0.0,0.0,True
2060,P0342,Zhejiang,unabated,0.0,0.0,0.0,0.0,0.0,True
2060,P0342,Zhejiang,retire,0.0,0.0,0.0,0.0,0.0,True
2060,P0342,Zhejiang,ccs,0.0,0.0,0.0,0.0,0.0,True
2060,P0342,Zhejiang,biomass,0.0,0.0,0.0,0.0,0.0,True
2060,P0342,Zhejiang,beccs,1.0,29115678.0,23.874855959999998,45.36222632399999,23.063110857359995,True
2060,P0342,Zhejiang,ammonia,0.0,0.0,0.0,0.0,0.0,True
2060,P0343,Hunan,unabated,0.0,0.0,0.0,0.0,0.0,True
2060,P0343,Hunan,retire,0.0,0.0,0.0,0.0,0.0,True
2060,P0343,Hunan,ccs,0.0,0.0,0.0,0.0,0.0,True
2060,P0343,Hunan,biomass,1.0,15315048.0,12.55833936,12.55833936,0.0,True
2060,P0343,Hunan,beccs,0.0,0.0,0.0,0.0,0.0,True
2060,P0343,Hunan,ammonia,0.0,0.0,0.0,0.0,0.0,True
2060,P0344,Xinjiang,unabated,0.0,0.0,0.0,0.0,0.0,True
2060,P0344,Xinjiang,retire,0.0,0.0,0.0,0.0,0.0,True
2060,P0344,Xinjiang,ccs,1.0,20913551.999999996,17.14911264,15.434201375999999,17.749331582399996,True
2060,P0344,Xinjiang,biomass,0.0,0.0,0.0,0.0,0.0,True
2060,P0344,Xinjiang,beccs,0.0,0.0,0.0,0.0,0.0,True
2060,P0344,Xinjiang,ammonia,0.0,0.0,0.0,0.0,0.0,True
2060,P0345,Gansu,unabated,0.0,0.0,0.0,0.0,0.0,True
2060,P0345,Gansu,retire,1.0,8379200.0,6.870944,6.870944,0.0,True
2060,P0345,Gansu,ccs,0.0,0.0,0.0,0.0,0.0,True
2060,P0345,Gansu,biomass,0.0,0.0,0.0,0.0,0.0,True
2060,P0345,Gansu,beccs,0.0,0.0,0.0,0.0,0.0,True
2060,P0345,Gansu,ammonia,0.0,0.0,0.0,0.0,0.0,True
2060,P0346,Inner Mongolia,unabated,0.0,0.0,0.0,0.0,0.0,True
2060,P0346,Inner Mongolia,retire,1.0,26465690.0,21.701865799999997,21.701865799999997,0.0,True
2060,P0346,Inner Mongolia,ccs,0.0,0.0,0.0,0.0,0.0,True
2060,P0346,Inner Mongolia,biomass,0.0,0.0,0.0,0.0,0.0,True
2060,P0346,Inner Mongolia,beccs,0.0,0.0,0.0,0.0,0.0,True
2060,P0346,Inner Mongolia,ammonia,0.0,0.0,0.0,0.0,0.0,True
2060,P0347,Ningxia,unabated,0.0,0.0,0.0,0.0,0.0,True
2060,P0347,Ningxia,retire,1.0,3777884.0,3.09786488,3.09786488,0.0,True
2060,P0347,Ningxia,ccs,0.0,0.0,0.0,0.0,0.0,True
2060,P0347,Ningxia,biomass,0.0,0.0,0.0,0.0,0.0,True
2060,P0347,Ningxia,beccs,0.0,0.0,0.0,0.0,0.0,True
2060,P0347,Ningxia,ammonia,0.0,0.0,0.0,0.0,0.0,True
2060,P0348,Jiangsu,unabated,0.0,0.0,0.0,0.0,0.0,True
2060,P0348,Jiangsu,retire,0.0,0.0,0.0,0.0,0.0,True
2060,P0348,Jiangsu,ccs,0.0,0.0,0.0,0.0,0.0,True
2060,P0348,Jiangsu,biomass,0.0,0.0,0.0,0.0,0.0,True
2060,P0348,Jiangsu,beccs,1.0,25729515.0,21.098202299999997,40.08658436999999,20.380863421799994,True
2060,P0348,Jiangsu,ammonia,0.0,0.0,0.0,0.0,0.0,True
2060,P0349,Guangdong,unabated,0.0,0.0,0.0,0.0,0.0,True
2060,P0349,Guangdong,retire,0.0,0.0,0.0,0.0,0.0,True
2060,P0349,Guangdong,ccs,0.0,0.0,0.0,0.0,0.0,True
2060,P0349,Guangdong,biomass,0.0,0.0,0.0,0.0,0.0,True
2060,P0349,Guangdong,beccs,1.0,6281210.0,5.150592199999999,9.786125179999997,4.975472065199999,True
2060,P0349,Guangdong,ammonia,0.0,0.0,0.0,0.0,0.0,True
2060,P0350,Guangxi,unabated,0.0,0.0,0.0,0.0,0.0,True
2060,P0350,Guangxi,retire,0.0,0.0,0.0,0.0,0.0,True
2060,P0350,Guangxi,ccs,0.0,0.0,0.0,0.0,0.0,True
2060,P0350,Guangxi,biomass,0.0,0.0,0.0,0.0,0.0,True
2060,P0350,Guangxi,beccs,1.0,622258.0,0.51025156,0.9694779640000001,0.5281103646,True
2060,P0350,Guangxi,ammonia,0.0,0.0,0.0,0.0,0.0,True
