node_id,lon,lat,node_type,degree,source,year_basis,plant_id,plant_index,storage_hub_id,storage_hub_index,industry_hub_id,industry_index,province
node_00001,74.271574,39.120394,corridor_endpoint,1,data/油气管道源数据矢量化/gas_pipelines.shp,static_source_layer,,,,,,,
node_00002,76.262766,36.686472,corridor_junction,4,data/油气管道源数据矢量化/oil_pipeline.shp,static_source_layer,,,,,,,
node_00003,76.392919,39.352408,corridor_junction,3,data/油气管道源数据矢量化/oil_pipeline.shp,static_source_layer,,,,,,,
node_00004,76.399823,39.347661,corridor_junction,2,data/油气管道源数据矢量化/oil_pipeline.shp,static_source_layer,,,,,,,
node_00005,77.985334,39.89544,corridor_endpoint,1,data/油气管道源数据矢量化/gas_pipelines.shp,static_source_layer,,,,,,,
node_00006,77.987341,39.893242,corridor_junction,3,data/油气管道源数据矢量化/gas_pipelines.shp,static_source_layer,,,,,,,
node_00007,79.623529,40.594938,corridor_endpoint,1,data/油气管道源数据矢量化/gas_pipelines.shp,static_source_layer,,,,,,,
node_00008,79.630017,40.592146,corridor_junction,6,data/油气管道源数据矢量化/gas_pipelines.shp,static_source_layer,,,,,,,
node_00009,80.901649,44.378915,corridor_junction,5,data/油气管道源数据矢量化/gas_pipelines.shp,static_source_layer,,,,,,,
node_00010,84.365192,41.365248,corridor_junction,8,data/油气管道源数据矢量化/gas_pipelines.shp,static_source_layer,,,,,,,
node_00011,84.37103,41.356365,corridor_endpoint,1,data/油气管道源数据矢量化/gas_pipelines.shp,static_source_layer,,,,,,,
node_00012,84.545809,39.08697,corridor_junction,5,data/油气管道源数据矢量化/gas_pipelines.shp,static_source_layer,,,,,,,
node_00013,84.679059,41.409324,corridor_junction,3,data/油气管道源数据矢量化/gas_pipelines.shp,static_source_layer,,,,,,,
node_00014,84.980045,45.489387,corridor_junction,8,data/油气管道源数据矢量化/oil_pipeline.shp,static_source_layer,,,,,,,
node_00015,84.987659,43.098504,corridor_junction,2,data/油气管道源数据矢量化/oil_pipeline.shp,static_source_layer,,,,,,,
node_00016,84.987659,45.466544,corridor_junction,4,data/油气管道源数据矢量化/oil_pipeline.shp,static_source_layer,,,,,,,
node_00017,84.989436,43.091017,corridor_junction,2,data/油气管道源数据矢量化/oil_pipeline.shp,static_source_layer,,,,,,,
node_00018,86.24687,44.01343,corridor_junction,5,data/油气管道源数据矢量化/gas_pipelines.shp,static_source_layer,,,,,,,
node_00019,86.256388,44.01343,corridor_junction,2,data/油气管道源数据矢量化/gas_pipelines.shp,static_source_layer,,,,,,,
node_00020,87.591741,43.722875,corridor_junction,13,data/油气管道源数据矢量化/oil_pipeline.shp,static_source_layer,,,,,,,
node_00021,87.599356,43.692418,corridor_endpoint,1,data/油气管道源数据矢量化/oil_pipeline.shp,static_source_layer,,,,,,,
node_00022,87.60697,43.669575,corridor_junction,4,data/油气管道源数据矢量化/oil_pipeline.shp,static_source_layer,,,,,,,
node_00023,88.069791,48.383524,corridor_junction,4,data/油气管道源数据矢量化/gas_pipelines.shp,static_source_layer,,,,,,,
node_00024,90.395698,42.971861,corridor_junction,7,data/油气管道源数据矢量化/gas_pipelines.shp,static_source_layer,,,,,,,
node_00025,90.785264,43.03214,corridor_junction,3,data/油气管道源数据矢量化/gas_pipelines.shp,static_source_layer,,,,,,,
node_00026,90.817339,43.01596,corridor_endpoint,1,data/油气管道源数据矢量化/gas_pipelines.shp,static_source_layer,,,,,,,
node_00027,90.880553,38.124462,corridor_junction,6,data/油气管道源数据矢量化/gas_pipelines.shp,static_source_layer,,,,,,,
node_00028,91.210505,29.830772,corridor_endpoint,1,data/油气管道源数据矢量化/gas_pipelines.shp,static_source_layer,,,,,,,
node_00029,92.614562,42.625229,corridor_junction,8,data/油气管道源数据矢量化/gas_pipelines.shp,static_source_layer,,,,,,,
node_00030,94.352663,37.86177,corridor_junction,2,data/油气管道源数据矢量化/gas_pipelines.shp,static_source_layer,,,,,,,
node_00031,94.408501,37.262304,corridor_endpoint,1,data/油气管道源数据矢量化/gas_pipelines.shp,static_source_layer,,,,,,,
node_00032,94.414592,37.260401,corridor_endpoint,1,data/油气管道源数据矢量化/gas_pipelines.shp,static_source_layer,,,,,,,
node_00033,94.649619,40.134631,corridor_junction,4,data/油气管道源数据矢量化/gas_pipelines.shp,static_source_layer,,,,,,,
node_00034,94.911424,36.466612,corridor_junction,6,data/油气管道源数据矢量化/gas_pipelines.shp,static_source_layer,,,,,,,
node_00035,98.257794,24.154488,corridor_junction,4,data/油气管道源数据矢量化/gas_pipelines.shp,static_source_layer,,,,,,,
node_00036,101.369582,38.441525,corridor_junction,7,data/油气管道源数据矢量化/gas_pipelines.shp,static_source_layer,,,,,,,
node_00037,101.384335,38.448347,corridor_junction,7,data/油气管道源数据矢量化/gas_pipelines.shp,static_source_layer,,,,,,,
node_00038,101.488151,25.323279,corridor_junction,2,data/油气管道源数据矢量化/gas_pipelines.shp,static_source_layer,,,,,,,
node_00039,101.726097,26.484456,corridor_junction,9,data/油气管道源数据矢量化/gas_pipelines.shp,static_source_layer,,,,,,,
node_00040,101.821275,25.228101,corridor_junction,3,data/油气管道源数据矢量化/gas_pipelines.shp,static_source_layer,,,,,,,
node_00041,102.525635,24.286327,corridor_junction,12,data/油气管道源数据矢量化/oil_pipeline.shp,static_source_layer,,,,,,,
node_00042,102.769252,23.469203,corridor_junction,7,data/油气管道源数据矢量化/gas_pipelines.shp,static_source_layer,,,,,,,
node_00043,102.901955,37.851419,corridor_junction,2,data/油气管道源数据矢量化/gas_pipelines.shp,static_source_layer,,,,,,,
node_00044,102.906714,37.845272,corridor_junction,6,data/油气管道源数据矢量化/gas_pipelines.shp,static_source_layer,,,,,,,
node_00045,103.638271,36.022922,corridor_junction,6,data/油气管道源数据矢量化/gas_pipelines.shp,static_source_layer,,,,,,,
node_00046,103.847112,36.009689,corridor_junction,4,data/油气管道源数据矢量化/oil_pipeline.shp,static_source_layer,,,,,,,
node_00047,103.912467,35.943699,corridor_junction,2,data/油气管道源数据矢量化/oil_pipeline.shp,static_source_layer,,,,,,,
node_00048,104.01526,30.644163,corridor_junction,2,data/油气管道源数据矢量化/oil_pipeline.shp,static_source_layer,,,,,,,
node_00049,104.074998,37.586926,corridor_endpoint,1,data/油气管道源数据矢量化/gas_pipelines.shp,static_source_layer,,,,,,,
node_00050,104.181954,30.9883,corridor_junction,5,data/油气管道源数据矢量化/gas_pipelines.shp,static_source_layer,,,,,,,
node_00051,104.184239,30.973071,corridor_junction,3,data/油气管道源数据矢量化/gas_pipelines.shp,static_source_layer,,,,,,,
node_00052,104.228401,30.311518,corridor_junction,2,data/油气管道源数据矢量化/gas_pipelines.shp,static_source_layer,,,,,,,
node_00053,104.339292,37.540193,corridor_junction,2,data/油气管道源数据矢量化/gas_pipelines.shp,static_source_layer,,,,,,,
node_00054,104.377364,35.712767,corridor_junction,3,data/油气管道源数据矢量化/gas_pipelines.shp,static_source_layer,,,,,,,
node_00055,104.502515,29.748061,corridor_junction,10,data/油气管道源数据矢量化/gas_pipelines.shp,static_source_layer,,,,,,,
node_00056,104.729532,37.530295,corridor_junction,2,data/油气管道源数据矢量化/gas_pipelines.shp,static_source_layer,,,,,,,
node_00057,105.126783,37.52506,corridor_junction,5,data/油气管道源数据矢量化/gas_pipelines.shp,static_source_layer,,,,,,,
node_00058,106.012934,31.453485,corridor_endpoint,1,data/油气管道源数据矢量化/gas_pipelines.shp,static_source_layer,,,,,,,
node_00059,106.014441,31.448393,corridor_junction,3,data/油气管道源数据矢量化/gas_pipelines.shp,static_source_layer,,,,,,,
node_00060,106.019913,31.459386,corridor_junction,8,data/油气管道源数据矢量化/gas_pipelines.shp,static_source_layer,,,,,,,
node_00061,106.051444,37.700058,corridor_junction,3,data/油气管道源数据矢量化/oil_pipeline.shp,static_source_layer,,,,,,,
node_00062,106.239355,38.571071,corridor_junction,11,data/油气管道源数据矢量化/gas_pipelines.shp,static_source_layer,,,,,,,
node_00063,106.537367,26.118971,corridor_junction,11,data/油气管道源数据矢量化/gas_pipelines.shp,static_source_layer,,,,,,,
node_00064,106.538319,26.119685,corridor_junction,3,data/油气管道源数据矢量化/gas_pipelines.shp,static_source_layer,,,,,,,
node_00065,106.595426,26.130392,corridor_junction,9,data/油气管道源数据矢量化/gas_pipelines.shp,static_source_layer,,,,,,,
node_00066,106.802026,30.844517,corridor_junction,4,data/油气管道源数据矢量化/gas_pipelines.shp,static_source_layer,,,,,,,
node_00067,107.456278,36.34091,corridor_junction,10,data/油气管道源数据矢量化/oil_pipeline.shp,static_source_layer,,,,,,,
node_00068,107.564977,31.338557,corridor_junction,5,data/油气管道源数据矢量化/gas_pipelines.shp,static_source_layer,,,,,,,
node_00069,107.680079,29.781437,corridor_junction,11,data/油气管道源数据矢量化/gas_pipelines.shp,static_source_layer,,,,,,,
node_00070,107.844606,37.323152,corridor_junction,6,data/油气管道源数据矢量化/oil_pipeline.shp,static_source_layer,,,,,,,
node_00071,107.859649,30.478144,corridor_endpoint,1,data/油气管道源数据矢量化/gas_pipelines.shp,static_source_layer,,,,,,,
node_00072,107.946008,25.11008,corridor_junction,2,data/油气管道源数据矢量化/gas_pipelines.shp,static_source_layer,,,,,,,
node_00073,107.965043,25.094851,corridor_junction,3,data/油气管道源数据矢量化/gas_pipelines.shp,static_source_layer,,,,,,,
node_00074,108.178238,19.689506,corridor_junction,5,data/油气管道源数据矢量化/oil_pipeline.shp,static_source_layer,,,,,,,
node_00075,108.240363,30.889314,corridor_junction,6,data/油气管道源数据矢量化/gas_pipelines.shp,static_source_layer,,,,,,,
node_00076,108.300722,34.430167,corridor_junction,17,data/油气管道源数据矢量化/gas_pipelines.shp,static_source_layer,,,,,,,
node_00077,108.308257,21.626549,corridor_endpoint,1,data/油气管道源数据矢量化/gas_pipelines.shp,static_source_layer,,,,,,,
node_00078,108.344742,21.660956,corridor_junction,4,data/油气管道源数据矢量化/gas_pipelines.shp,static_source_layer,,,,,,,
node_00079,108.359043,22.84093,corridor_junction,10,data/油气管道源数据矢量化/gas_pipelines.shp,static_source_layer,,,,,,,
node_00080,109.049062,18.06448,corridor_endpoint,1,data/油气管道源数据矢量化/gas_pipelines.shp,static_source_layer,,,,,,,
node_00081,109.050966,18.067018,corridor_junction,2,data/油气管道源数据矢量化/gas_pipelines.shp,static_source_layer,,,,,,,
node_00082,109.092947,21.419552,corridor_junction,2,data/油气管道源数据矢量化/oil_pipeline.shp,static_source_layer,,,,,,,
node_00083,109.152865,21.501703,corridor_endpoint,1,data/油气管道源数据矢量化/oil_pipeline.shp,static_source_layer,,,,,,,
node_00084,109.156614,21.499152,corridor_junction,3,data/油气管道源数据矢量化/gas_pipelines.shp,static_source_layer,,,,,,,
node_00085,109.306547,36.809188,corridor_junction,14,data/油气管道源数据矢量化/oil_pipeline.shp,static_source_layer,,,,,,,
node_00086,109.564041,23.096104,corridor_junction,6,data/油气管道源数据矢量化/gas_pipelines.shp,static_source_layer,,,,,,,
node_00087,109.582062,18.414736,corridor_endpoint,1,data/油气管道源数据矢量化/gas_pipelines.shp,static_source_layer,,,,,,,
node_00088,109.84201,38.465598,corridor_junction,2,data/油气管道源数据矢量化/gas_pipelines.shp,static_source_layer,,,,,,,
node_00089,109.845222,38.462028,corridor_junction,3,data/油气管道源数据矢量化/gas_pipelines.shp,static_source_layer,,,,,,,
node_00090,109.857714,40.353406,corridor_junction,8,data/油气管道源数据矢量化/gas_pipelines.shp,static_source_layer,,,,,,,
node_00091,109.859626,38.505747,corridor_junction,2,data/油气管道源数据矢量化/gas_pipelines.shp,static_source_layer,,,,,,,
node_00092,109.871047,38.494326,corridor_endpoint,1,data/油气管道源数据矢量化/gas_pipelines.shp,static_source_layer,,,,,,,
node_00093,109.871365,39.517145,corridor_junction,6,data/油气管道源数据矢量化/gas_pipelines.shp,static_source_layer,,,,,,,
node_00094,109.899886,38.492359,corridor_junction,2,data/油气管道源数据矢量化/gas_pipelines.shp,static_source_layer,,,,,,,
node_00095,109.968589,27.533625,corridor_junction,6,data/油气管道源数据矢量化/oil_pipeline.shp,static_source_layer,,,,,,,
node_00096,110.197017,25.234304,corridor_junction,6,data/油气管道源数据矢量化/oil_pipeline.shp,static_source_layer,,,,,,,
node_00097,110.241648,25.272026,corridor_endpoint,1,data/油气管道源数据矢量化/gas_pipelines.shp,static_source_layer,,,,,,,
node_00098,110.25307,25.233954,corridor_junction,3,data/油气管道源数据矢量化/gas_pipelines.shp,static_source_layer,,,,,,,
node_00099,110.276864,20.042922,corridor_junction,6,data/油气管道源数据矢量化/gas_pipelines.shp,static_source_layer,,,,,,,
node_00100,110.353066,21.211726,corridor_junction,3,data/油气管道源数据矢量化/oil_pipeline.shp,static_source_layer,,,,,,,
node_00101,110.37976,21.274881,corridor_endpoint,1,data/油气管道源数据矢量化/oil_pipeline.shp,static_source_layer,,,,,,,
node_00102,110.424449,21.897011,corridor_junction,3,data/油气管道源数据矢量化/oil_pipeline.shp,static_source_layer,,,,,,,
node_00103,110.927988,21.655595,corridor_junction,5,data/油气管道源数据矢量化/oil_pipeline.shp,static_source_layer,,,,,,,
node_00104,111.159256,37.877316,corridor_junction,13,data/油气管道源数据矢量化/gas_pipelines.shp,static_source_layer,,,,,,,
node_00105,111.625094,40.898054,corridor_junction,11,data/油气管道源数据矢量化/oil_pipeline.shp,static_source_layer,,,,,,,
node_00106,112.195368,30.38544,corridor_junction,4,data/油气管道源数据矢量化/gas_pipelines.shp,static_source_layer,,,,,,,
node_00107,112.200127,30.402572,corridor_junction,5,data/油气管道源数据矢量化/gas_pipelines.shp,static_source_layer,,,,,,,
node_00108,112.359686,30.386772,corridor_junction,4,data/油气管道源数据矢量化/gas_pipelines.shp,static_source_layer,,,,,,,
node_00109,112.469538,33.012008,corridor_junction,10,data/油气管道源数据矢量化/gas_pipelines.shp,static_source_layer,,,,,,,
node_00110,112.590081,30.343894,corridor_junction,2,data/油气管道源数据矢量化/gas_pipelines.shp,static_source_layer,,,,,,,
node_00111,112.695475,30.250604,corridor_endpoint,1,data/油气管道源数据矢量化/gas_pipelines.shp,static_source_layer,,,,,,,
node_00112,112.822967,33.528985,corridor_junction,8,data/油气管道源数据矢量化/gas_pipelines.shp,static_source_layer,,,,,,,
node_00113,112.867621,21.046103,corridor_endpoint,1,data/油气管道源数据矢量化/gas_pipelines.shp,static_source_layer,,,,,,,
node_00114,112.870001,21.046103,corridor_junction,2,data/油气管道源数据矢量化/gas_pipelines.shp,static_source_layer,,,,,,,
node_00115,112.891416,26.794881,corridor_junction,7,data/油气管道源数据矢量化/gas_pipelines.shp,static_source_layer,,,,,,,
node_00116,112.904765,31.974253,corridor_junction,2,data/油气管道源数据矢量化/gas_pipelines.shp,static_source_layer,,,,,,,
node_00117,112.905019,31.973397,corridor_junction,4,data/油气管道源数据矢量化/gas_pipelines.shp,static_source_layer,,,,,,,
node_00118,112.931098,28.217275,corridor_junction,5,data/油气管道源数据矢量化/gas_pipelines.shp,static_source_layer,,,,,,,
node_00119,113.068155,27.813718,corridor_junction,2,data/油气管道源数据矢量化/gas_pipelines.shp,static_source_layer,,,,,,,
node_00120,113.109748,27.811656,corridor_junction,4,data/油气管道源数据矢量化/gas_pipelines.shp,static_source_layer,,,,,,,
node_00121,113.18662,23.747791,corridor_junction,5,data/油气管道源数据矢量化/gas_pipelines.shp,static_source_layer,,,,,,,
node_00122,113.189428,29.26968,corridor_junction,5,data/油气管道源数据矢量化/oil_pipeline.shp,static_source_layer,,,,,,,
node_00123,113.231314,39.807614,corridor_junction,3,data/油气管道源数据矢量化/gas_pipelines.shp,static_source_layer,,,,,,,
node_00124,113.232948,39.808994,corridor_endpoint,1,data/油气管道源数据矢量化/gas_pipelines.shp,static_source_layer,,,,,,,
node_00125,113.233852,39.810469,corridor_endpoint,1,data/油气管道源数据矢量化/gas_pipelines.shp,static_source_layer,,,,,,,
node_00126,113.354007,23.175958,corridor_junction,7,data/油气管道源数据矢量化/gas_pipelines.shp,static_source_layer,,,,,,,
node_00127,113.357497,30.402572,corridor_endpoint,1,data/油气管道源数据矢量化/gas_pipelines.shp,static_source_layer,,,,,,,
node_00128,113.359329,40.193792,corridor_junction,4,data/油气管道源数据矢量化/gas_pipelines.shp,static_source_layer,,,,,,,
node_00129,113.360281,40.193507,corridor_endpoint,1,data/油气管道源数据矢量化/gas_pipelines.shp,static_source_layer,,,,,,,
node_00130,113.367895,40.201121,corridor_junction,2,data/油气管道源数据矢量化/gas_pipelines.shp,static_source_layer,,,,,,,
node_00131,113.369037,40.201216,corridor_junction,3,data/油气管道源数据矢量化/gas_pipelines.shp,static_source_layer,,,,,,,
node_00132,113.583744,24.850195,corridor_junction,7,data/油气管道源数据矢量化/gas_pipelines.shp,static_source_layer,,,,,,,
node_00133,113.785514,27.735513,corridor_junction,2,data/油气管道源数据矢量化/gas_pipelines.shp,static_source_layer,,,,,,,
node_00134,113.91211,30.36293,corridor_junction,8,data/油气管道源数据矢量化/gas_pipelines.shp,static_source_layer,,,,,,,
node_00135,113.983589,22.311024,corridor_junction,5,data/油气管道源数据矢量化/gas_pipelines.shp,static_source_layer,,,,,,,
node_00136,114.012388,34.414629,corridor_junction,5,data/油气管道源数据矢量化/gas_pipelines.shp,static_source_layer,,,,,,,
node_00137,114.026022,34.404627,corridor_endpoint,1,data/油气管道源数据矢量化/gas_pipelines.shp,static_source_layer,,,,,,,
node_00138,114.090744,34.48077,corridor_junction,9,data/油气管道源数据矢量化/gas_pipelines.shp,static_source_layer,,,,,,,
node_00139,114.227079,38.407333,corridor_junction,10,data/油气管道源数据矢量化/gas_pipelines.shp,static_source_layer,,,,,,,
node_00140,114.548179,37.786515,corridor_junction,10,data/油气管道源数据矢量化/gas_pipelines.shp,static_source_layer,,,,,,,
node_00141,114.744691,33.72211,corridor_junction,7,data/油气管道源数据矢量化/gas_pipelines.shp,static_source_layer,,,,,,,
node_00142,114.779177,27.153021,corridor_junction,4,data/油气管道源数据矢量化/gas_pipelines.shp,static_source_layer,,,,,,,
node_00143,114.785491,27.165839,corridor_endpoint,1,data/油气管道源数据矢量化/gas_pipelines.shp,static_source_layer,,,,,,,
node_00144,114.805098,40.892822,corridor_junction,4,data/油气管道源数据矢量化/gas_pipelines.shp,static_source_layer,,,,,,,
node_00145,114.846151,32.29786,corridor_junction,6,data/油气管道源数据矢量化/gas_pipelines.shp,static_source_layer,,,,,,,
node_00146,114.85624,32.295576,corridor_junction,6,data/油气管道源数据矢量化/gas_pipelines.shp,static_source_layer,,,,,,,
node_00147,115.181433,21.043961,corridor_junction,2,data/油气管道源数据矢量化/gas_pipelines.shp,static_source_layer,,,,,,,
node_00148,115.279816,27.92587,corridor_junction,7,data/油气管道源数据矢量化/gas_pipelines.shp,static_source_layer,,,,,,,
node_00149,115.516588,30.082868,corridor_junction,3,data/油气管道源数据矢量化/gas_pipelines.shp,static_source_layer,,,,,,,
node_00150,115.54051,30.06031,corridor_endpoint,1,data/油气管道源数据矢量化/gas_pipelines.shp,static_source_layer,,,,,,,
node_00151,115.637309,35.322501,corridor_junction,6,data/油气管道源数据矢量化/oil_pipeline.shp,static_source_layer,,,,,,,
node_00152,115.912404,28.688694,corridor_junction,3,data/油气管道源数据矢量化/gas_pipelines.shp,static_source_layer,,,,,,,
node_00153,116.033124,29.759638,corridor_junction,8,data/油气管道源数据矢量化/oil_pipeline.shp,static_source_layer,,,,,,,
node_00154,116.049461,24.379014,corridor_junction,2,data/油气管道源数据矢量化/gas_pipelines.shp,static_source_layer,,,,,,,
node_00155,116.174684,37.490986,corridor_junction,6,data/油气管道源数据矢量化/gas_pipelines.shp,static_source_layer,,,,,,,
node_00156,116.242752,24.33582,corridor_junction,2,data/油气管道源数据矢量化/oil_pipeline.shp,static_source_layer,,,,,,,
node_00157,116.512591,39.721422,corridor_junction,4,data/油气管道源数据矢量化/gas_pipelines.shp,static_source_layer,,,,,,,
node_00158,116.521546,23.297787,corridor_junction,5,data/油气管道源数据矢量化/gas_pipelines.shp,static_source_layer,,,,,,,
node_00159,116.52893,39.719098,corridor_endpoint,1,data/油气管道源数据矢量化/gas_pipelines.shp,static_source_layer,,,,,,,
node_00160,116.529382,39.747223,corridor_endpoint,1,data/油气管道源数据矢量化/gas_pipelines.shp,static_source_layer,,,,,,,
node_00161,116.54908,39.759303,corridor_endpoint,1,data/油气管道源数据矢量化/gas_pipelines.shp,static_source_layer,,,,,,,
node_00162,116.683539,36.642566,corridor_junction,5,data/油气管道源数据矢量化/gas_pipelines.shp,static_source_layer,,,,,,,
node_00163,116.689916,36.630668,corridor_endpoint,1,data/油气管道源数据矢量化/gas_pipelines.shp,static_source_layer,,,,,,,
node_00164,116.814917,40.100145,corridor_junction,3,data/油气管道源数据矢量化/gas_pipelines.shp,static_source_layer,,,,,,,
node_00165,116.814917,40.106997,corridor_junction,3,data/油气管道源数据矢量化/gas_pipelines.shp,static_source_layer,,,,,,,
node_00166,116.831415,38.70927,corridor_junction,5,data/油气管道源数据矢量化/gas_pipelines.shp,static_source_layer,,,,,,,
node_00167,116.954893,36.303572,corridor_junction,3,data/油气管道源数据矢量化/gas_pipelines.shp,static_source_layer,,,,,,,
node_00168,116.993631,25.079527,corridor_junction,3,data/油气管道源数据矢量化/gas_pipelines.shp,static_source_layer,,,,,,,
node_00169,117.021169,36.27156,corridor_junction,4,data/油气管道源数据矢量化/gas_pipelines.shp,static_source_layer,,,,,,,
node_00170,117.039725,38.962778,corridor_junction,3,data/油气管道源数据矢量化/gas_pipelines.shp,static_source_layer,,,,,,,
node_00171,117.044008,38.955997,corridor_endpoint,1,data/油气管道源数据矢量化/gas_pipelines.shp,static_source_layer,,,,,,,
node_00172,117.146107,39.846716,corridor_endpoint,1,data/油气管道源数据矢量化/gas_pipelines.shp,static_source_layer,,,,,,,
node_00173,117.150493,39.839451,corridor_endpoint,1,data/油气管道源数据矢量化/gas_pipelines.shp,static_source_layer,,,,,,,
node_00174,117.205117,39.656359,corridor_endpoint,1,data/油气管道源数据矢量化/gas_pipelines.shp,static_source_layer,,,,,,,
node_00175,117.267745,28.292751,corridor_junction,7,data/油气管道源数据矢量化/gas_pipelines.shp,static_source_layer,,,,,,,
node_00176,117.365711,38.850943,corridor_junction,6,data/油气管道源数据矢量化/gas_pipelines.shp,static_source_layer,,,,,,,
node_00177,117.511401,24.576985,corridor_junction,6,data/油气管道源数据矢量化/gas_pipelines.shp,static_source_layer,,,,,,,
node_00178,117.580152,43.663625,corridor_junction,19,data/油气管道源数据矢量化/gas_pipelines.shp,static_source_layer,,,,,,,
node_00179,117.73561,39.662958,corridor_junction,3,data/油气管道源数据矢量化/gas_pipelines.shp,static_source_layer,,,,,,,
node_00180,117.751822,39.65931,corridor_junction,10,data/油气管道源数据矢量化/gas_pipelines.shp,static_source_layer,,,,,,,
node_00181,117.813403,36.385742,corridor_junction,3,data/油气管道源数据矢量化/gas_pipelines.shp,static_source_layer,,,,,,,
node_00182,117.817432,36.555573,corridor_junction,4,data/油气管道源数据矢量化/gas_pipelines.shp,static_source_layer,,,,,,,
node_00183,117.818606,36.554811,corridor_junction,6,data/油气管道源数据矢量化/gas_pipelines.shp,static_source_layer,,,,,,,
node_00184,118.180561,26.613479,corridor_junction,5,data/油气管道源数据矢量化/gas_pipelines.shp,static_source_layer,,,,,,,
node_00185,118.253381,34.957336,corridor_junction,12,data/油气管道源数据矢量化/gas_pipelines.shp,static_source_layer,,,,,,,
node_00186,118.283838,32.414168,corridor_junction,8,data/油气管道源数据矢量化/gas_pipelines.shp,static_source_layer,,,,,,,
node_00187,118.438408,49.656314,corridor_junction,11,data/油气管道源数据矢量化/gas_pipelines.shp,static_source_layer,,,,,,,
node_00188,118.736475,32.357252,corridor_junction,5,data/油气管道源数据矢量化/gas_pipelines.shp,static_source_layer,,,,,,,
node_00189,118.964903,32.408648,corridor_junction,3,data/油气管道源数据矢量化/gas_pipelines.shp,static_source_layer,,,,,,,
node_00190,119.071432,26.173754,corridor_junction,6,data/油气管道源数据矢量化/gas_pipelines.shp,static_source_layer,,,,,,,
node_00191,119.181148,30.818407,corridor_junction,6,data/油气管道源数据矢量化/gas_pipelines.shp,static_source_layer,,,,,,,
node_00192,119.23038,34.604502,corridor_junction,6,data/油气管道源数据矢量化/gas_pipelines.shp,static_source_layer,,,,,,,
node_00193,119.259674,34.880239,corridor_junction,3,data/油气管道源数据矢量化/oil_pipeline.shp,static_source_layer,,,,,,,
node_00194,119.269318,34.85803,corridor_endpoint,1,data/油气管道源数据矢量化/oil_pipeline.shp,static_source_layer,,,,,,,
node_00195,119.358942,32.819819,corridor_junction,5,data/油气管道源数据矢量化/gas_pipelines.shp,static_source_layer,,,,,,,
node_00196,119.52157,29.373979,corridor_junction,8,data/油气管道源数据矢量化/gas_pipelines.shp,static_source_layer,,,,,,,
node_00197,119.98712,31.717652,corridor_junction,3,data/油气管道源数据矢量化/gas_pipelines.shp,static_source_layer,,,,,,,
node_00198,120.141721,32.155283,corridor_endpoint,1,data/油气管道源数据矢量化/gas_pipelines.shp,static_source_layer,,,,,,,
node_00199,120.175573,32.026031,corridor_junction,2,data/油气管道源数据矢量化/gas_pipelines.shp,static_source_layer,,,,,,,
node_00200,120.192705,32.168798,corridor_endpoint,1,data/油气管道源数据矢量化/gas_pipelines.shp,static_source_layer,,,,,,,
node_00201,120.281157,36.171718,corridor_junction,2,data/油气管道源数据矢量化/gas_pipelines.shp,static_source_layer,,,,,,,
node_00202,120.292706,36.202841,corridor_endpoint,1,data/油气管道源数据矢量化/gas_pipelines.shp,static_source_layer,,,,,,,
node_00203,120.374369,28.20138,corridor_junction,4,data/油气管道源数据矢量化/gas_pipelines.shp,static_source_layer,,,,,,,
node_00204,120.389077,46.9962,corridor_junction,7,data/油气管道源数据矢量化/oil_pipeline.shp,static_source_layer,,,,,,,
node_00205,120.483951,31.432117,corridor_junction,4,data/油气管道源数据矢量化/gas_pipelines.shp,static_source_layer,,,,,,,
node_00206,120.55819,30.80965,corridor_junction,3,data/油气管道源数据矢量化/gas_pipelines.shp,static_source_layer,,,,,,,
node_00207,120.738173,31.323106,corridor_junction,2,data/油气管道源数据矢量化/gas_pipelines.shp,static_source_layer,,,,,,,
node_00208,120.999977,30.935508,corridor_endpoint,1,data/油气管道源数据矢量化/gas_pipelines.shp,static_source_layer,,,,,,,
node_00209,121.026468,32.50573,corridor_junction,5,data/油气管道源数据矢量化/gas_pipelines.shp,static_source_layer,,,,,,,
node_00210,121.041126,37.223725,corridor_endpoint,1,data/油气管道源数据矢量化/gas_pipelines.shp,static_source_layer,,,,,,,
node_00211,121.042712,37.225787,corridor_junction,6,data/油气管道源数据矢量化/gas_pipelines.shp,static_source_layer,,,,,,,
node_00212,121.227168,30.805462,corridor_junction,3,data/油气管道源数据矢量化/gas_pipelines.shp,static_source_layer,,,,,,,
node_00213,121.274236,41.285494,corridor_junction,12,data/油气管道源数据矢量化/oil_pipeline.shp,static_source_layer,,,,,,,
node_00214,121.606644,39.032591,corridor_junction,11,data/油气管道源数据矢量化/gas_pipelines.shp,static_source_layer,,,,,,,
node_00215,122.070639,37.480866,corridor_junction,3,data/油气管道源数据矢量化/gas_pipelines.shp,static_source_layer,,,,,,,
node_00216,122.478542,41.671604,corridor_junction,5,data/油气管道源数据矢量化/gas_pipelines.shp,static_source_layer,,,,,,,
node_00217,122.679813,29.505198,corridor_junction,5,data/油气管道源数据矢量化/gas_pipelines.shp,static_source_layer,,,,,,,
node_00218,122.689109,29.495807,corridor_endpoint,1,data/油气管道源数据矢量化/gas_pipelines.shp,static_source_layer,,,,,,,
node_00219,123.119981,41.868909,corridor_junction,6,data/油气管道源数据矢量化/gas_pipelines.shp,static_source_layer,,,,,,,
node_00220,123.418144,41.81361,corridor_junction,21,data/油气管道源数据矢量化/gas_pipelines.shp,static_source_layer,,,,,,,
node_00221,124.212186,28.867502,corridor_junction,3,data/油气管道源数据矢量化/gas_pipelines.shp,static_source_layer,,,,,,,
node_00222,124.592899,29.962054,corridor_endpoint,1,data/油气管道源数据矢量化/gas_pipelines.shp,static_source_layer,,,,,,,
node_00223,125.157517,53.163763,corridor_endpoint,1,data/油气管道源数据矢量化/oil_pipeline.shp,static_source_layer,,,,,,,
node_00224,125.205051,46.551342,corridor_junction,28,data/油气管道源数据矢量化/oil_pipeline.shp,static_source_layer,,,,,,,
node_00225,126.098369,47.356803,corridor_junction,7,data/油气管道源数据矢量化/gas_pipelines.shp,static_source_layer,,,,,,,
node_00226,127.316653,49.945656,corridor_junction,4,data/油气管道源数据矢量化/gas_pipelines.shp,static_source_layer,,,,,,,
node_00227,130.793331,44.275686,corridor_junction,13,data/油气管道源数据矢量化/gas_pipelines.shp,static_source_layer,,,,,,,
node_00228,119.69716297777778,26.37928888888889,plant,1,inputs/plants_unit.csv,2025,P0001,1,,,,,Fujian
node_00229,112.5059534875,39.44562280625,plant,1,inputs/plants_unit.csv,2025,P0002,2,,,,,Shanxi
node_00230,106.56065670588237,29.095265411764704,plant,1,inputs/plants_unit.csv,2025,P0003,3,,,,,Chongqing
node_00231,107.40690754545452,40.72295445454545,plant,1,inputs/plants_unit.csv,2025,P0004,4,,,,,Inner Mongolia
node_00232,104.9672844,28.61919437777778,plant,1,inputs/plants_unit.csv,2025,P0005,5,,,,,Sichuan
node_00233,118.25929270666668,39.741398106666665,plant,1,inputs/plants_unit.csv,2025,P0006,6,,,,,Hebei
node_00234,118.36966382222224,39.17751832222221,plant,1,inputs/plants_unit.csv,2025,P0007,7,,,,,Hebei
node_00235,122.11088608695654,37.34379926086956,plant,1,inputs/plants_unit.csv,2025,P0008,8,,,,,Shandong
node_00236,109.97652060625,40.5446828,plant,1,inputs/plants_unit.csv,2025,P0009,9,,,,,Inner Mongolia
node_00237,104.82352106666669,27.534283966666663,plant,1,inputs/plants_unit.csv,2025,P0010,10,,,,,Yunnan
node_00238,113.01274548571428,22.019859071428574,plant,1,inputs/plants_unit.csv,2025,P0011,11,,,,,Guangdong
node_00239,123.77717060769234,42.46554086923077,plant,1,inputs/plants_unit.csv,2025,P0012,12,,,,,Liaoning
node_00240,113.16431352926828,40.1414594,plant,1,inputs/plants_unit.csv,2025,P0013,13,,,,,Shanxi
node_00241,112.024739125,22.974058575,plant,1,inputs/plants_unit.csv,2025,P0014,14,,,,,Guangdong
node_00242,113.088394,26.08946423333333,plant,1,inputs/plants_unit.csv,2025,P0015,15,,,,,Hunan
node_00243,113.8259234888889,30.660474866666668,plant,1,inputs/plants_unit.csv,2025,P0016,16,,,,,Hubei
node_00244,120.33350572000002,34.11185295999999,plant,1,inputs/plants_unit.csv,2025,P0017,17,,,,,Jiangsu
node_00245,129.9301436,42.9040347,plant,1,inputs/plants_unit.csv,2025,P0018,18,,,,,Jilin
node_00246,111.5750416714286,27.544403028571427,plant,1,inputs/plants_unit.csv,2025,P0019,19,,,,,Hunan
node_00247,121.14102242857142,30.68855748571428,plant,1,inputs/plants_unit.csv,2025,P0020,20,,,,,Zhejiang
node_00248,116.69009585,35.4451589,plant,1,inputs/plants_unit.csv,2025,P0021,21,,,,,Shandong
node_00249,120.11881293333334,35.99860965,plant,1,inputs/plants_unit.csv,2025,P0022,22,,,,,Shandong
node_00250,113.21201491428567,33.7993222857143,plant,1,inputs/plants_unit.csv,2025,P0023,23,,,,,Henan
node_00251,107.31146671428574,29.655601142857147,plant,1,inputs/plants_unit.csv,2025,P0024,24,,,,,Chongqing
node_00252,125.24796920000004,43.81222732,plant,1,inputs/plants_unit.csv,2025,P0025,25,,,,,Jilin
node_00253,108.65169856666664,18.879123466666663,plant,1,inputs/plants_unit.csv,2025,P0026,26,,,,,Hainan
node_00254,116.036756325,36.48592403125,plant,1,inputs/plants_unit.csv,2025,P0027,27,,,,,Shandong
node_00255,113.13893942,27.64443306,plant,1,inputs/plants_unit.csv,2025,P0028,28,,,,,Hunan
node_00256,127.02565466666664,44.58916933333334,plant,1,inputs/plants_unit.csv,2025,P0029,29,,,,,Jilin
node_00257,126.50366462499998,43.90009873333333,plant,1,inputs/plants_unit.csv,2025,P0030,30,,,,,Jilin
node_00258,111.5960795,36.44789901666667,plant,1,inputs/plants_unit.csv,2025,P0031,31,,,,,Shanxi
node_00259,114.94455282857145,35.69333081428572,plant,1,inputs/plants_unit.csv,2025,P0032,32,,,,,Henan
node_00260,112.2235970526316,34.61218205263158,plant,1,inputs/plants_unit.csv,2025,P0033,33,,,,,Henan
node_00261,116.80496215,36.2049641,plant,1,inputs/plants_unit.csv,2025,P0034,34,,,,,Shandong
node_00262,117.78143773571428,30.986382207142857,plant,1,inputs/plants_unit.csv,2025,P0035,35,,,,,Anhui
node_00263,121.25921157285715,31.52313884714286,plant,1,inputs/plants_unit.csv,2025,P0036,36,,,,,Jiangsu
node_00264,111.63531936666668,40.73734619444445,plant,1,inputs/plants_unit.csv,2025,P0037,37,,,,,Inner Mongolia
node_00265,106.77105626666668,30.466155083333334,plant,1,inputs/plants_unit.csv,2025,P0038,38,,,,,Sichuan
node_00266,123.69026015555556,47.216015733333336,plant,1,inputs/plants_unit.csv,2025,P0039,39,,,,,Heilongjiang
node_00267,112.39579644705884,37.87612592941177,plant,1,inputs/plants_unit.csv,2025,P0040,40,,,,,Shanxi
node_00268,115.42118525333336,38.861997093333336,plant,1,inputs/plants_unit.csv,2025,P0041,41,,,,,Hebei
node_00269,117.7747333,36.10888457777778,plant,1,inputs/plants_unit.csv,2025,P0042,42,,,,,Shandong
node_00270,116.754942764,33.761710992,plant,1,inputs/plants_unit.csv,2025,P0043,43,,,,,Anhui
node_00271,124.97499467692306,46.49802851538463,plant,1,inputs/plants_unit.csv,2025,P0044,44,,,,,Heilongjiang
node_00272,112.67363529032258,35.190280632258066,plant,1,inputs/plants_unit.csv,2025,P0045,45,,,,,Henan
node_00273,121.86577418444443,30.01492672666668,plant,1,inputs/plants_unit.csv,2025,P0046,46,,,,,Zhejiang
node_00274,120.95330144285712,41.001320185714285,plant,1,inputs/plants_unit.csv,2025,P0047,47,,,,,Liaoning
node_00275,111.1116265,38.213208,plant,1,inputs/plants_unit.csv,2025,P0048,48,,,,,Shanxi
node_00276,88.9060775,42.808315,plant,1,inputs/plants_unit.csv,2025,P0049,49,,,,,Xinjiang
node_00277,115.4996139,34.5444303,plant,1,inputs/plants_unit.csv,2025,P0050,50,,,,,Henan
node_00278,114.29729676999996,38.11601805999999,plant,1,inputs/plants_unit.csv,2025,P0051,51,,,,,Hebei
node_00279,120.36732789473685,31.886977849122808,plant,1,inputs/plants_unit.csv,2025,P0052,52,,,,,Jiangsu
node_00280,130.88350004444445,45.52289057777777,plant,1,inputs/plants_unit.csv,2025,P0053,53,,,,,Heilongjiang
node_00281,114.86662302857142,40.658597571428565,plant,1,inputs/plants_unit.csv,2025,P0054,54,,,,,Hebei
node_00282,110.291820675,34.722310675,plant,1,inputs/plants_unit.csv,2025,P0055,55,,,,,Shanxi
node_00283,114.6474855,25.235139166666663,plant,1,inputs/plants_unit.csv,2025,P0056,56,,,,,Jiangxi
node_00284,103.63660057777776,36.10173662222222,plant,1,inputs/plants_unit.csv,2025,P0057,57,,,,,Gansu
node_00285,119.50311133333334,34.54334577777778,plant,1,inputs/plants_unit.csv,2025,P0058,58,,,,,Jiangsu
node_00286,111.26340109523812,39.86658994761905,plant,1,inputs/plants_unit.csv,2025,P0059,59,,,,,Inner Mongolia
node_00287,119.34751615999998,35.25980932000001,plant,1,inputs/plants_unit.csv,2025,P0060,60,,,,,Shandong
node_00288,118.8704271357143,36.916450514285714,plant,1,inputs/plants_unit.csv,2025,P0061,61,,,,,Shandong
node_00289,86.38826449999999,41.9057335,plant,1,inputs/plants_unit.csv,2025,P0062,62,,,,,Xinjiang
node_00290,105.99086423333333,38.5674425,plant,1,inputs/plants_unit.csv,2025,P0063,63,,,,,Ningxia
node_00291,116.30790365,37.390696166666665,plant,1,inputs/plants_unit.csv,2025,P0064,64,,,,,Shandong
node_00292,84.88765941000001,44.51353533,plant,1,inputs/plants_unit.csv,2025,P0065,65,,,,,Xinjiang
node_00293,119.05258655555556,25.21517051111111,plant,1,inputs/plants_unit.csv,2025,P0066,66,,,,,Fujian
node_00294,119.67226051428575,39.97792042857143,plant,1,inputs/plants_unit.csv,2025,P0067,67,,,,,Hebei
node_00295,120.60543628,27.43325004,plant,1,inputs/plants_unit.csv,2025,P0068,68,,,,,Zhejiang
node_00296,109.10067892,34.81815216,plant,1,inputs/plants_unit.csv,2025,P0069,69,,,,,Shaanxi
node_00297,115.56860472222225,35.294208722222216,plant,1,inputs/plants_unit.csv,2025,P0070,70,,,,,Shandong
node_00298,104.54053204,26.182950060000003,plant,1,inputs/plants_unit.csv,2025,P0071,71,,,,,Guizhou
node_00299,131.41872039999998,46.6215169,plant,1,inputs/plants_unit.csv,2025,P0072,72,,,,,Heilongjiang
node_00300,123.4034578352941,41.25218117647059,plant,1,inputs/plants_unit.csv,2025,P0073,73,,,,,Liaoning
node_00301,110.42589608333331,39.17701975,plant,1,inputs/plants_unit.csv,2025,P0074,74,,,,,Shaanxi
node_00302,114.316042,33.5464985,plant,1,inputs/plants_unit.csv,2025,P0075,75,,,,,Henan
node_00303,109.2172239,23.73486028181818,plant,1,inputs/plants_unit.csv,2025,P0076,76,,,,,Guangxi
node_00304,93.31052133333334,42.51244766666667,plant,1,inputs/plants_unit.csv,2025,P0077,77,,,,,Xinjiang
node_00305,126.63870604615386,45.738477292307685,plant,1,inputs/plants_unit.csv,2025,P0078,78,,,,,Heilongjiang
node_00306,108.5689820142857,21.687818557142855,plant,1,inputs/plants_unit.csv,2025,P0079,79,,,,,Guangxi
node_00307,117.27766755263158,34.90857122631579,plant,1,inputs/plants_unit.csv,2025,P0080,80,,,,,Shandong
node_00308,103.91035866666664,36.588604333333336,plant,1,inputs/plants_unit.csv,2025,P0081,81,,,,,Gansu
node_00309,121.61303683333335,41.93595583333334,plant,1,inputs/plants_unit.csv,2025,P0082,82,,,,,Liaoning
node_00310,111.14797504615385,39.20309480769231,plant,1,inputs/plants_unit.csv,2025,P0083,83,,,,,Shaanxi
node_00311,109.748516175,35.0326723,plant,1,inputs/plants_unit.csv,2025,P0084,84,,,,,Shaanxi
node_00312,117.38812471428572,34.37115052380951,plant,1,inputs/plants_unit.csv,2025,P0085,85,,,,,Jiangsu
node_00313,110.0859333375,38.66187655,plant,1,inputs/plants_unit.csv,2025,P0086,86,,,,,Shaanxi
node_00314,117.62799128888888,39.96386984444444,plant,1,inputs/plants_unit.csv,2025,P0087,87,,,,,Hebei
node_00315,119.906331,31.112822777777776,plant,1,inputs/plants_unit.csv,2025,P0088,88,,,,,Zhejiang
node_00316,106.63083476923076,38.09433597948717,plant,1,inputs/plants_unit.csv,2025,P0089,89,,,,,Ningxia
node_00317,113.5348139151515,22.942231745454546,plant,1,inputs/plants_unit.csv,2025,P0090,90,,,,,Guangdong
node_00318,113.56754175384616,24.69749064615385,plant,1,inputs/plants_unit.csv,2025,P0091,91,,,,,Guangdong
node_00319,114.79901501111112,27.92697431111111,plant,1,inputs/plants_unit.csv,2025,P0092,92,,,,,Jiangxi
node_00320,113.08135288,29.48292738,plant,1,inputs/plants_unit.csv,2025,P0093,93,,,,,Hunan
node_00321,117.65712922941177,23.87389818235294,plant,1,inputs/plants_unit.csv,2025,P0094,94,,,,,Fujian
node_00322,117.48208799999998,31.780410714285715,plant,1,inputs/plants_unit.csv,2025,P0095,95,,,,,Anhui
node_00323,116.39166080000004,24.39771004,plant,1,inputs/plants_unit.csv,2025,P0096,96,,,,,Guangdong
node_00324,104.7610385,36.7300795,plant,1,inputs/plants_unit.csv,2025,P0097,97,,,,,Gansu
node_00325,89.16161844384615,44.78648652673076,plant,1,inputs/plants_unit.csv,2025,P0098,98,,,,,Xinjiang
node_00326,105.03624913333331,29.5345342,plant,1,inputs/plants_unit.csv,2025,P0099,99,,,,,Sichuan
node_00327,117.10249263333333,28.3432053,plant,1,inputs/plants_unit.csv,2025,P0100,100,,,,,Jiangxi
node_00328,101.65731172727271,36.79799763636363,plant,1,inputs/plants_unit.csv,2025,P0101,101,,,,,Qinghai
node_00329,111.3662008,29.594144733333334,plant,1,inputs/plants_unit.csv,2025,P0102,102,,,,,Hunan
node_00330,109.88846628571426,39.71318328571429,plant,1,inputs/plants_unit.csv,2025,P0103,103,,,,,Inner Mongolia
node_00331,118.61048795,44.8662699,plant,1,inputs/plants_unit.csv,2025,P0104,104,,,,,Inner Mongolia
node_00332,124.23231075,39.97204075,plant,1,inputs/plants_unit.csv,2025,P0105,105,,,,,Liaoning
node_00333,114.611121304,30.616741076000004,plant,1,inputs/plants_unit.csv,2025,P0106,106,,,,,Hubei
node_00334,121.7068036210526,39.02835461052631,plant,1,inputs/plants_unit.csv,2025,P0107,107,,,,,Liaoning
node_00335,110.43623373846152,21.178269200000003,plant,1,inputs/plants_unit.csv,2025,P0108,108,,,,,Guangdong
node_00336,107.89730960769232,35.14298256153846,plant,1,inputs/plants_unit.csv,2025,P0109,109,,,,,Shaanxi
node_00337,104.76878606666668,25.310301483333333,plant,1,inputs/plants_unit.csv,2025,P0110,110,,,,,Guizhou
node_00338,109.99253175,22.4336885,plant,1,inputs/plants_unit.csv,2025,P0111,111,,,,,Guangxi
node_00339,115.7273668,22.7571696,plant,1,inputs/plants_unit.csv,2025,P0112,112,,,,,Guangdong
node_00340,116.21173066666664,42.22019666666666,plant,1,inputs/plants_unit.csv,2025,P0113,113,,,,,Inner Mongolia
node_00341,109.61024596666668,21.59652003333333,plant,1,inputs/plants_unit.csv,2025,P0114,114,,,,,Guangxi
node_00342,118.2819026,34.988247133333324,plant,1,inputs/plants_unit.csv,2025,P0115,115,,,,,Shandong
node_00343,122.04982786666666,41.17928143333334,plant,1,inputs/plants_unit.csv,2025,P0116,116,,,,,Liaoning
node_00344,112.59986043333332,33.21598703333334,plant,1,inputs/plants_unit.csv,2025,P0117,117,,,,,Henan
node_00345,123.71805184166664,41.817224116666665,plant,1,inputs/plants_unit.csv,2025,P0118,118,,,,,Liaoning
node_00346,105.02177205882354,26.63320383529412,plant,1,inputs/plants_unit.csv,2025,P0119,119,,,,,Guizhou
node_00347,119.81555575,48.5947915,plant,1,inputs/plants_unit.csv,2025,P0120,120,,,,,Inner Mongolia
node_00348,114.86316415,22.7171561,plant,1,inputs/plants_unit.csv,2025,P0121,121,,,,,Guangdong
node_00349,109.62005655238094,38.22282690476191,plant,1,inputs/plants_unit.csv,2025,P0122,122,,,,,Shaanxi
node_00350,114.46096423333331,36.70211735555555,plant,1,inputs/plants_unit.csv,2025,P0123,123,,,,,Hebei
node_00351,113.31786984347823,34.562298121739126,plant,1,inputs/plants_unit.csv,2025,P0124,124,,,,,Henan
node_00352,87.58797759459459,44.02529907567568,plant,1,inputs/plants_unit.csv,2025,P0125,125,,,,,Xinjiang
node_00353,119.5260382647059,32.21680167647058,plant,1,inputs/plants_unit.csv,2025,P0126,126,,,,,Jiangsu
node_00354,117.81527714285714,40.78629914285714,plant,1,inputs/plants_unit.csv,2025,P0127,127,,,,,Hebei
node_00355,79.94897945,37.21687335,plant,1,inputs/plants_unit.csv,2025,P0128,128,,,,,Xinjiang
node_00356,106.8149754842105,39.44216274385965,plant,1,inputs/plants_unit.csv,2025,P0129,129,,,,,Inner Mongolia
node_00357,116.8487413,39.9527554,plant,1,inputs/plants_unit.csv,2025,P0130,130,,,,,Hebei
node_00358,121.01437992352942,28.09249827647059,plant,1,inputs/plants_unit.csv,2025,P0131,131,,,,,Zhejiang
node_00359,122.82737375,45.5797501,plant,1,inputs/plants_unit.csv,2025,P0132,132,,,,,Jilin
node_00360,116.06149366666666,32.906693999999995,plant,1,inputs/plants_unit.csv,2025,P0133,133,,,,,Anhui
node_00361,111.00816366153846,37.48729852307692,plant,1,inputs/plants_unit.csv,2025,P0134,134,,,,,Shanxi
node_00362,120.3721705,41.560774,plant,1,inputs/plants_unit.csv,2025,P0135,135,,,,,Liaoning
node_00363,122.04553733333334,46.07332433333334,plant,1,inputs/plants_unit.csv,2025,P0136,136,,,,,Inner Mongolia
node_00364,89.43194749999999,44.005311000000006,plant,1,inputs/plants_unit.csv,2025,P0137,137,,,,,Xinjiang
node_00365,126.1607947,41.841904666666665,plant,1,inputs/plants_unit.csv,2025,P0138,138,,,,,Jilin
node_00366,129.6441606666667,44.627998,plant,1,inputs/plants_unit.csv,2025,P0139,139,,,,,Heilongjiang
node_00367,111.54342933333332,21.508771,plant,1,inputs/plants_unit.csv,2025,P0140,140,,,,,Guangdong
node_00368,120.34899307142857,37.63422128571428,plant,1,inputs/plants_unit.csv,2025,P0141,141,,,,,Shandong
node_00369,121.67171711111112,32.064600444444444,plant,1,inputs/plants_unit.csv,2025,P0142,142,,,,,Jiangsu
node_00370,103.20416861428572,23.831920442857147,plant,1,inputs/plants_unit.csv,2025,P0143,143,,,,,Yunnan
node_00371,113.53523736363633,37.83865712727273,plant,1,inputs/plants_unit.csv,2025,P0144,144,,,,,Shanxi
node_00372,122.111451375,40.336695375000005,plant,1,inputs/plants_unit.csv,2025,P0145,145,,,,,Liaoning
node_00373,110.60157317,35.60675549,plant,1,inputs/plants_unit.csv,2025,P0146,146,,,,,Shanxi
node_00374,112.9491444,40.9942226,plant,1,inputs/plants_unit.csv,2025,P0147,147,,,,,Inner Mongolia
node_00375,121.17031739999996,37.58648391999999,plant,1,inputs/plants_unit.csv,2025,P0148,148,,,,,Shandong
node_00376,109.11732799999996,35.73940914285714,plant,1,inputs/plants_unit.csv,2025,P0149,149,,,,,Shaanxi
node_00377,107.028961,27.13609633333333,plant,1,inputs/plants_unit.csv,2025,P0150,150,,,,,Guizhou
node_00378,117.24917,36.84487961052631,plant,1,inputs/plants_unit.csv,2025,P0151,151,,,,,Shandong
node_00379,110.8766253,21.674481614285718,plant,1,inputs/plants_unit.csv,2025,P0152,152,,,,,Guangdong
node_00380,130.29474041818182,47.05959753636363,plant,1,inputs/plants_unit.csv,2025,P0153,153,,,,,Heilongjiang
node_00381,117.49515763809524,38.89308288571428,plant,1,inputs/plants_unit.csv,2025,P0154,154,,,,,Tianjin
node_00382,113.0482917,36.9563088,plant,1,inputs/plants_unit.csv,2025,P0155,155,,,,,Shanxi
node_00383,102.3335597,25.0149171,plant,1,inputs/plants_unit.csv,2025,P0156,156,,,,,Yunnan
node_00384,105.61257831999998,26.32126902000001,plant,1,inputs/plants_unit.csv,2025,P0157,157,,,,,Guizhou
node_00385,106.45162566666669,23.29812266666666,plant,1,inputs/plants_unit.csv,2025,P0158,158,,,,,Guangxi
node_00386,118.63520546666663,24.687213566666667,plant,1,inputs/plants_unit.csv,2025,P0159,159,,,,,Fujian
node_00387,112.36138973333333,30.151720266666665,plant,1,inputs/plants_unit.csv,2025,P0160,160,,,,,Hubei
node_00388,118.8811483,28.9022094,plant,1,inputs/plants_unit.csv,2025,P0161,161,,,,,Zhejiang
node_00389,117.7606535,35.409393550000004,plant,1,inputs/plants_unit.csv,2025,P0162,162,,,,,Shandong
node_00390,116.90355235,39.31496365,plant,1,inputs/plants_unit.csv,2025,P0163,163,,,,,Hebei
node_00391,112.9124966,28.5953512,plant,1,inputs/plants_unit.csv,2025,P0164,164,,,,,Hunan
node_00392,113.6907271,36.5985437,plant,1,inputs/plants_unit.csv,2025,P0165,165,,,,,Hebei
node_00393,106.9209267,23.73388806,plant,1,inputs/plants_unit.csv,2025,P0166,166,,,,,Guangxi
node_00394,117.967045252,36.863153202,plant,1,inputs/plants_unit.csv,2025,P0167,167,,,,,Shandong
node_00395,82.08918665,44.86349865,plant,1,inputs/plants_unit.csv,2025,P0168,168,,,,,Xinjiang
node_00396,105.49295496666667,27.159312466666663,plant,1,inputs/plants_unit.csv,2025,P0169,169,,,,,Guizhou
node_00397,118.63321123,37.40831771999999,plant,1,inputs/plants_unit.csv,2025,P0170,170,,,,,Shandong
node_00398,108.8980685142857,34.31278957142858,plant,1,inputs/plants_unit.csv,2025,P0171,171,,,,,Shaanxi
node_00399,104.81546613333336,31.82574306666667,plant,1,inputs/plants_unit.csv,2025,P0172,172,,,,,Sichuan
node_00400,105.9749642,37.94774005,plant,1,inputs/plants_unit.csv,2025,P0173,173,,,,,Ningxia
node_00401,113.02755668571427,36.34547512380952,plant,1,inputs/plants_unit.csv,2025,P0174,174,,,,,Shanxi
node_00402,108.8925723,27.2103544,plant,1,inputs/plants_unit.csv,2025,P0175,175,,,,,Guizhou
node_00403,112.16024828,31.92788278,plant,1,inputs/plants_unit.csv,2025,P0176,176,,,,,Hubei
node_00404,123.4633255,43.5282178,plant,1,inputs/plants_unit.csv,2025,P0177,177,,,,,Jilin
node_00405,109.52639,36.7187265,plant,1,inputs/plants_unit.csv,2025,P0178,178,,,,,Shaanxi
node_00406,118.0379032625,24.419180087500003,plant,1,inputs/plants_unit.csv,2025,P0179,179,,,,,Fujian
node_00407,117.568398,49.461172000000005,plant,1,inputs/plants_unit.csv,2025,P0180,180,,,,,Inner Mongolia
node_00408,81.232426,43.9809660952381,plant,1,inputs/plants_unit.csv,2025,P0181,181,,,,,Xinjiang
node_00409,116.15259249090909,29.75556527272727,plant,1,inputs/plants_unit.csv,2025,P0182,182,,,,,Jiangxi
node_00410,87.7296623,47.28983,plant,1,inputs/plants_unit.csv,2025,P0183,183,,,,,Xinjiang
node_00411,117.83290064347824,37.425986234782606,plant,1,inputs/plants_unit.csv,2025,P0184,184,,,,,Shandong
node_00412,106.9379912,28.00455835,plant,1,inputs/plants_unit.csv,2025,P0185,185,,,,,Guizhou
node_00413,105.39427115384616,37.59225300000001,plant,1,inputs/plants_unit.csv,2025,P0186,186,,,,,Ningxia
node_00414,121.331659,43.585098,plant,1,inputs/plants_unit.csv,2025,P0187,187,,,,,Inner Mongolia
node_00415,92.926001,44.53792,plant,1,inputs/plants_unit.csv,2025,P0188,188,,,,,Xinjiang
node_00416,103.0278556,24.9631234,plant,1,inputs/plants_unit.csv,2025,P0189,189,,,,,Yunnan
node_00417,119.00320116666668,33.51324183333334,plant,1,inputs/plants_unit.csv,2025,P0190,190,,,,,Jiangsu
node_00418,111.492692,26.56672,plant,1,inputs/plants_unit.csv,2025,P0191,191,,,,,Hunan
node_00419,108.98365166666666,37.822902,plant,1,inputs/plants_unit.csv,2025,P0192,192,,,,,Shaanxi
node_00420,108.93004633333334,22.806623733333332,plant,1,inputs/plants_unit.csv,2025,P0193,193,,,,,Guangxi
node_00421,106.141932,33.346156,plant,1,inputs/plants_unit.csv,2025,P0194,194,,,,,Shaanxi
node_00422,107.491416,31.324767,plant,1,inputs/plants_unit.csv,2025,P0195,195,,,,,Sichuan
node_00423,94.9857948,43.7063773,plant,1,inputs/plants_unit.csv,2025,P0196,196,,,,,Xinjiang
node_00424,117.4607848,27.3866923,plant,1,inputs/plants_unit.csv,2025,P0197,197,,,,,Fujian
node_00425,105.1007823,34.7548032,plant,1,inputs/plants_unit.csv,2025,P0198,198,,,,,Gansu
node_00426,116.786405,43.063974,plant,1,inputs/plants_unit.csv,2025,P0199,199,,,,,Inner Mongolia
node_00427,76.0498524,39.4815702,plant,1,inputs/plants_unit.csv,2025,P0200,200,,,,,Xinjiang
node_00428,127.035146,46.658416,plant,1,inputs/plants_unit.csv,2025,P0201,201,,,,,Heilongjiang
node_00429,115.02031085,27.04720645,plant,1,inputs/plants_unit.csv,2025,P0202,202,,,,,Jiangxi
node_00430,119.7869442,49.2971288,plant,1,inputs/plants_unit.csv,2025,P0203,203,,,,,Inner Mongolia
node_00431,128.750564,47.738549,plant,1,inputs/plants_unit.csv,2025,P0204,204,,,,,Heilongjiang
node_00432,108.767778,40.651111,plant,1,inputs/plants_unit.csv,2025,P0205,205,,,,,Inner Mongolia
node_00433,110.737906,32.683566,plant,1,inputs/plants_unit.csv,2025,P0206,206,,,,,Hubei
node_00434,86.14399902857143,44.38875934285716,plant,1,inputs/plants_unit.csv,2025,P0207,207,,,,,Xinjiang
node_00435,101.504877,26.600634,plant,1,inputs/plants_unit.csv,2025,P0208,208,,,,,Sichuan
node_00436,119.5068449,29.1866175,plant,1,inputs/plants_unit.csv,2025,P0209,209,,,,,Zhejiang
node_00437,118.865,30.86956,plant,1,inputs/plants_unit.csv,2025,P0210,210,,,,,Anhui
node_00438,114.4450842,34.8060821,plant,1,inputs/plants_unit.csv,2025,P0211,211,,,,,Henan
node_00439,100.462929,39.071222,plant,1,inputs/plants_unit.csv,2025,P0212,212,,,,,Gansu
node_00440,115.22746642857145,30.139824142857144,plant,1,inputs/plants_unit.csv,2025,P0213,213,,,,,Hubei
node_00441,81.22118188571429,40.57628974285715,plant,1,inputs/plants_unit.csv,2025,P0214,214,,,,,Xinjiang
node_00442,115.6012217,37.7526565,plant,1,inputs/plants_unit.csv,2025,P0215,215,,,,,Hebei
node_00443,126.5290168,48.2323268,plant,1,inputs/plants_unit.csv,2025,P0216,216,,,,,Heilongjiang
node_00444,109.18408,19.772636,plant,1,inputs/plants_unit.csv,2025,P0217,217,,,,,Hainan
node_00445,112.2396082,31.04729105,plant,1,inputs/plants_unit.csv,2025,P0218,218,,,,,Hubei
node_00446,124.713103425,45.18673232500001,plant,1,inputs/plants_unit.csv,2025,P0219,219,,,,,Jilin
node_00447,114.636465,39.812212,plant,1,inputs/plants_unit.csv,2025,P0220,220,,,,,Hebei
node_00448,106.7692569,35.395936240000005,plant,1,inputs/plants_unit.csv,2025,P0221,221,,,,,Gansu
node_00449,116.5644289,27.7844943,plant,1,inputs/plants_unit.csv,2025,P0222,222,,,,,Jiangxi
node_00450,118.48500455789474,31.722853400000005,plant,1,inputs/plants_unit.csv,2025,P0223,223,,,,,Anhui
node_00451,80.284606,41.116463,plant,1,inputs/plants_unit.csv,2025,P0224,224,,,,,Xinjiang
node_00452,132.54726,46.250035,plant,1,inputs/plants_unit.csv,2025,P0225,225,,,,,Heilongjiang
node_00453,116.491363,31.656523,plant,1,inputs/plants_unit.csv,2025,P0226,226,,,,,Anhui
node_00454,112.01524108333336,37.256315066666666,plant,1,inputs/plants_unit.csv,2025,P0227,227,,,,,Shanxi
node_00455,123.2061971,39.6759023,plant,1,inputs/plants_unit.csv,2025,P0228,228,,,,,Liaoning
node_00456,111.0107946818182,34.80419690909091,plant,1,inputs/plants_unit.csv,2025,P0229,229,,,,,Henan
node_00457,115.1452,43.5503,plant,1,inputs/plants_unit.csv,2025,P0230,230,,,,,Inner Mongolia
node_00458,117.27690395,25.2826263,plant,1,inputs/plants_unit.csv,2025,P0231,231,,,,,Fujian
node_00459,118.711438,43.589584,plant,1,inputs/plants_unit.csv,2025,P0232,232,,,,,Inner Mongolia
node_00460,82.88791,41.73815,plant,1,inputs/plants_unit.csv,2025,P0233,233,,,,,Xinjiang
node_00461,112.643208,26.99216,plant,1,inputs/plants_unit.csv,2025,P0234,234,,,,,Hunan
node_00462,116.7196555,44.587344,plant,1,inputs/plants_unit.csv,2025,P0235,235,,,,,Inner Mongolia
node_00463,114.17151851428574,35.9368248,plant,1,inputs/plants_unit.csv,2025,P0236,236,,,,,Henan
node_00464,115.10297395,25.92432775,plant,1,inputs/plants_unit.csv,2025,P0237,237,,,,,Jiangxi
node_00465,105.57982345,32.331679699999995,plant,1,inputs/plants_unit.csv,2025,P0238,238,,,,,Sichuan
node_00466,106.45517692,27.52040356,plant,1,inputs/plants_unit.csv,2025,P0239,239,,,,,Guizhou
node_00467,109.82803,20.51161,plant,1,inputs/plants_unit.csv,2025,P0240,240,,,,,Guangdong
node_00468,111.693474,23.985332,plant,1,inputs/plants_unit.csv,2025,P0241,241,,,,,Guangxi
node_00469,90.22066,44.50694375,plant,1,inputs/plants_unit.csv,2025,P0242,242,,,,,Xinjiang
node_00470,116.88456934999998,32.72965889545455,plant,1,inputs/plants_unit.csv,2025,P0243,243,,,,,Anhui
node_00471,98.30868356666667,39.79236645,plant,1,inputs/plants_unit.csv,2025,P0244,244,,,,,Gansu
node_00472,111.494179,30.3951102,plant,1,inputs/plants_unit.csv,2025,P0245,245,,,,,Hubei
node_00473,119.571302776,45.461377824,plant,1,inputs/plants_unit.csv,2025,P0246,246,,,,,Inner Mongolia
node_00474,118.9042265,38.096445,plant,1,inputs/plants_unit.csv,2025,P0247,247,,,,,Shandong
node_00475,113.55311391818182,35.28212610000001,plant,1,inputs/plants_unit.csv,2025,P0248,248,,,,,Henan
node_00476,102.86741,36.519356,plant,1,inputs/plants_unit.csv,2025,P0249,249,,,,,Gansu
node_00477,97.359004,40.208093,plant,1,inputs/plants_unit.csv,2025,P0250,250,,,,,Gansu
node_00478,116.94265595000002,38.3476141,plant,1,inputs/plants_unit.csv,2025,P0251,251,,,,,Hebei
node_00479,111.34667,24.73609,plant,1,inputs/plants_unit.csv,2025,P0252,252,,,,,Guangxi
node_00480,107.502443,23.339667,plant,1,inputs/plants_unit.csv,2025,P0253,253,,,,,Guangxi
node_00481,114.005752,27.641968,plant,1,inputs/plants_unit.csv,2025,P0254,254,,,,,Jiangxi
node_00482,117.05617661538456,30.56392938461539,plant,1,inputs/plants_unit.csv,2025,P0255,255,,,,,Anhui
node_00483,128.065134,46.980043,plant,1,inputs/plants_unit.csv,2025,P0256,256,,,,,Heilongjiang
node_00484,122.390042,42.970016,plant,1,inputs/plants_unit.csv,2025,P0257,257,,,,,Inner Mongolia
node_00485,84.003586,41.821533,plant,1,inputs/plants_unit.csv,2025,P0258,258,,,,,Xinjiang
node_00486,106.08843133333332,26.953804166666668,plant,1,inputs/plants_unit.csv,2025,P0259,259,,,,,Guizhou
node_00487,106.291944,36.044444,plant,1,inputs/plants_unit.csv,2025,P0260,260,,,,,Ningxia
node_00488,88.32697,38.950112,plant,1,inputs/plants_unit.csv,2025,P0261,261,,,,,Xinjiang
node_00489,107.5423551,26.6304173,plant,1,inputs/plants_unit.csv,2025,P0262,262,,,,,Guizhou
node_00490,108.118848,34.258855,plant,1,inputs/plants_unit.csv,2025,P0263,263,,,,,Shaanxi
node_00491,104.5803369,30.7056052,plant,1,inputs/plants_unit.csv,2025,P0264,264,,,,,Sichuan
node_00492,102.685854,37.901104,plant,1,inputs/plants_unit.csv,2025,P0265,265,,,,,Gansu
node_00493,124.169753,50.427253,plant,1,inputs/plants_unit.csv,2025,P0266,266,,,,,Heilongjiang
node_00494,113.87296000000002,29.665230000000005,plant,1,inputs/plants_unit.csv,2025,P0267,267,,,,,Hubei
node_00495,119.341125,41.560504,plant,1,inputs/plants_unit.csv,2025,P0268,268,,,,,Inner Mongolia
node_00496,116.60407514736842,23.12340687368421,plant,1,inputs/plants_unit.csv,2025,P0269,269,,,,,Guangdong
node_00497,86.5936,46.6088,plant,1,inputs/plants_unit.csv,2025,P0270,270,,,,,Xinjiang
node_00498,113.06552,25.25886,plant,1,inputs/plants_unit.csv,2025,P0271,271,,,,,Guangdong
node_00499,94.883333,36.416667,plant,1,inputs/plants_unit.csv,2025,P0272,272,,,,,Qinghai
node_00500,117.37926,26.00357,plant,1,inputs/plants_unit.csv,2025,P0273,273,,,,,Fujian
node_00501,116.15334,38.74469,plant,1,inputs/plants_unit.csv,2025,P0274,274,,,,,Hebei
node_00502,102.157971575,38.433599375,plant,1,inputs/plants_unit.csv,2025,P0275,275,,,,,Gansu
node_00503,87.914977,42.82463,plant,1,inputs/plants_unit.csv,2025,P0276,276,,,,,Xinjiang
node_00504,109.6934879,24.4560027,plant,1,inputs/plants_unit.csv,2025,P0277,277,,,,,Guangxi
node_00505,109.4795544,39.0850986,plant,1,inputs/plants_unit.csv,2025,P0278,278,,,,,Inner Mongolia
node_00506,109.7658333,23.1119444,plant,1,inputs/plants_unit.csv,2025,P0279,279,,,,,Guangxi
node_00507,117.6878713,32.9337496,plant,1,inputs/plants_unit.csv,2025,P0280,280,,,,,Anhui
node_00508,85.0218233,45.54546385,plant,1,inputs/plants_unit.csv,2025,P0281,281,,,,,Xinjiang
node_00509,118.7059434,35.7063058,plant,1,inputs/plants_unit.csv,2025,P0282,282,,,,,Shandong
node_00510,113.522017,31.640073,plant,1,inputs/plants_unit.csv,2025,P0283,283,,,,,Hubei
node_00511,117.91056765294118,38.10652717647059,plant,1,inputs/plants_unit.csv,2025,P0284,284,,,,,Shandong
node_00512,104.0667928,25.6622058,plant,1,inputs/plants_unit.csv,2025,P0285,285,,,,,Yunnan
node_00513,115.9378971,28.81613945,plant,1,inputs/plants_unit.csv,2025,P0286,286,,,,,Jiangxi
node_00514,104.169048,37.232754,plant,1,inputs/plants_unit.csv,2025,P0287,287,,,,,Gansu
node_00515,113.180878,44.018566,plant,1,inputs/plants_unit.csv,2025,P0288,288,,,,,Inner Mongolia
node_00516,120.835657,49.283636,plant,1,inputs/plants_unit.csv,2025,P0289,289,,,,,Inner Mongolia
node_00517,106.24904266666664,28.29239933333333,plant,1,inputs/plants_unit.csv,2025,P0290,290,,,,,Guizhou
node_00518,112.75008345,38.4604465,plant,1,inputs/plants_unit.csv,2025,P0291,291,,,,,Shanxi
node_00519,108.456944,31.269167,plant,1,inputs/plants_unit.csv,2025,P0292,292,,,,,Chongqing
node_00520,105.85501600000002,29.0363,plant,1,inputs/plants_unit.csv,2025,P0293,293,,,,,Chongqing
node_00521,117.08502,29.18719,plant,1,inputs/plants_unit.csv,2025,P0294,294,,,,,Jiangxi
node_00522,112.89723415555557,23.012968666666666,plant,1,inputs/plants_unit.csv,2025,P0295,295,,,,,Guangdong
node_00523,114.140877,32.109018,plant,1,inputs/plants_unit.csv,2025,P0296,296,,,,,Henan
node_00524,117.857259,28.28488,plant,1,inputs/plants_unit.csv,2025,P0297,297,,,,,Jiangxi
node_00525,88.51703900000001,44.087246,plant,1,inputs/plants_unit.csv,2025,P0298,298,,,,,Xinjiang
node_00526,121.254736,39.574197000000005,plant,1,inputs/plants_unit.csv,2025,P0299,299,,,,,Liaoning
node_00527,107.555455,22.494869,plant,1,inputs/plants_unit.csv,2025,P0300,300,,,,,Guangxi
node_00528,119.303398,31.487864,plant,1,inputs/plants_unit.csv,2025,P0301,301,,,,,Jiangsu
node_00529,81.66835,41.720435,plant,1,inputs/plants_unit.csv,2025,P0302,302,,,,,Xinjiang
node_00530,114.0485942,32.9569897,plant,1,inputs/plants_unit.csv,2025,P0303,303,,,,,Henan
node_00531,101.042068,41.913656,plant,1,inputs/plants_unit.csv,2025,P0304,304,,,,,Inner Mongolia
node_00532,117.630486,44.562956,plant,1,inputs/plants_unit.csv,2025,P0305,305,,,,,Inner Mongolia
node_00533,109.115512,39.91998,plant,1,inputs/plants_unit.csv,2025,P0306,306,,,,,Inner Mongolia
node_00534,113.465393,28.935746,plant,1,inputs/plants_unit.csv,2025,P0307,307,,,,,Hunan
node_00535,100.9098322,36.974299,plant,1,inputs/plants_unit.csv,2025,P0308,308,,,,,Qinghai
node_00536,121.41631999999998,44.97107,plant,1,inputs/plants_unit.csv,2025,P0309,309,,,,,Inner Mongolia
node_00537,110.0629,33.807099,plant,1,inputs/plants_unit.csv,2025,P0310,310,,,,,Shaanxi
node_00538,111.7,29.031,plant,1,inputs/plants_unit.csv,2025,P0311,311,,,,,Hunan
node_00539,111.376042,35.590983,plant,1,inputs/plants_unit.csv,2025,P0312,312,,,,,Shanxi
node_00540,78.967921,39.895939,plant,1,inputs/plants_unit.csv,2025,P0313,313,,,,,Xinjiang
node_00541,112.162201,40.27631,plant,1,inputs/plants_unit.csv,2025,P0314,314,,,,,Inner Mongolia
node_00542,115.69073736,28.160454680000004,plant,1,inputs/plants_unit.csv,2025,P0315,315,,,,,Jiangxi
node_00543,109.447256,31.118822,plant,1,inputs/plants_unit.csv,2025,P0316,316,,,,,Chongqing
node_00544,118.36866000000002,33.839984,plant,1,inputs/plants_unit.csv,2025,P0317,317,,,,,Jiangsu
node_00545,124.4014418,43.15431715,plant,1,inputs/plants_unit.csv,2025,P0318,318,,,,,Jilin
node_00546,113.747689,40.86604,plant,1,inputs/plants_unit.csv,2025,P0319,319,,,,,Inner Mongolia
node_00547,107.489232,25.226875,plant,1,inputs/plants_unit.csv,2025,P0320,320,,,,,Guizhou
node_00548,125.1600082,42.8720236,plant,1,inputs/plants_unit.csv,2025,P0321,321,,,,,Jilin
node_00549,90.126799,42.974907,plant,1,inputs/plants_unit.csv,2025,P0322,322,,,,,Xinjiang
node_00550,111.90004,33.086416,plant,1,inputs/plants_unit.csv,2025,P0323,323,,,,,Henan
node_00551,107.237001675,34.46888477500001,plant,1,inputs/plants_unit.csv,2025,P0324,324,,,,,Shaanxi
node_00552,120.717248,30.22652,plant,1,inputs/plants_unit.csv,2025,P0325,325,,,,,Zhejiang
node_00553,121.57206112,29.49122172,plant,1,inputs/plants_unit.csv,2025,P0326,326,,,,,Zhejiang
node_00554,108.333304,30.60260700000001,plant,1,inputs/plants_unit.csv,2025,P0327,327,,,,,Chongqing
node_00555,122.1535206,43.6713737,plant,1,inputs/plants_unit.csv,2025,P0328,328,,,,,Inner Mongolia
node_00556,80.437165,44.148549,plant,1,inputs/plants_unit.csv,2025,P0329,329,,,,,Xinjiang
node_00557,96.51300000000002,40.6599,plant,1,inputs/plants_unit.csv,2025,P0330,330,,,,,Gansu
node_00558,117.0972,23.56645,plant,1,inputs/plants_unit.csv,2025,P0331,331,,,,,Guangdong
node_00559,114.8433969,38.5122064,plant,1,inputs/plants_unit.csv,2025,P0332,332,,,,,Hebei
node_00560,114.640278,23.567222,plant,1,inputs/plants_unit.csv,2025,P0333,333,,,,,Guangdong
node_00561,115.999182,39.563323,plant,1,inputs/plants_unit.csv,2025,P0334,334,,,,,Hebei
node_00562,114.8921871,31.1420662,plant,1,inputs/plants_unit.csv,2025,P0335,335,,,,,Hubei
node_00563,119.106454,45.955947,plant,1,inputs/plants_unit.csv,2025,P0336,336,,,,,Inner Mongolia
node_00564,105.776871,25.377552,plant,1,inputs/plants_unit.csv,2025,P0337,337,,,,,Guizhou
node_00565,110.06851,25.10107,plant,1,inputs/plants_unit.csv,2025,P0338,338,,,,,Guangxi
node_00566,110.0319297,19.9600112,plant,1,inputs/plants_unit.csv,2025,P0339,339,,,,,Hainan
node_00567,119.0763143846154,42.26995515384616,plant,1,inputs/plants_unit.csv,2025,P0340,340,,,,,Inner Mongolia
node_00568,114.879269,37.64045,plant,1,inputs/plants_unit.csv,2025,P0341,341,,,,,Hebei
node_00569,121.5744765125,28.854719537500003,plant,1,inputs/plants_unit.csv,2025,P0342,342,,,,,Zhejiang
node_00570,112.2686111,28.596666700000004,plant,1,inputs/plants_unit.csv,2025,P0343,343,,,,,Hunan
node_00571,88.181922,37.876453,plant,1,inputs/plants_unit.csv,2025,P0344,344,,,,,Xinjiang
node_00572,102.473117,38.949575,plant,1,inputs/plants_unit.csv,2025,P0345,345,,,,,Gansu
node_00573,116.1394932,43.997505,plant,1,inputs/plants_unit.csv,2025,P0346,346,,,,,Inner Mongolia
node_00574,106.40747515,38.9737633,plant,1,inputs/plants_unit.csv,2025,P0347,347,,,,,Ningxia
node_00575,118.86002289473684,32.23087336842106,plant,1,inputs/plants_unit.csv,2025,P0348,348,,,,,Jiangsu
node_00576,113.8715649,22.4815686,plant,1,inputs/plants_unit.csv,2025,P0349,349,,,,,Guangdong
node_00577,110.943891,23.290635,plant,1,inputs/plants_unit.csv,2025,P0350,350,,,,,Guangxi
node_00578,124.9161,28.978,storage_hub,1,封存汇图层-Fan,Fan_raster_5km,,,S001,1,,,nan
node_00579,113.1054,19.3607,storage_hub,1,封存汇图层-Fan,Fan_raster_5km,,,S002,2,,,nan
node_00580,84.0895,39.878,storage_hub,1,封存汇图层-Fan,Fan_raster_5km,,,S003,3,,,nan
node_00581,125.298,46.474,storage_hub,1,封存汇图层-Fan,Fan_raster_5km,,,S004,4,,,nan
node_00582,119.4494,38.7991,storage_hub,1,封存汇图层-Fan,Fan_raster_5km,,,S005,5,,,nan
node_00583,118.5934,32.6443,storage_hub,1,封存汇图层-Fan,Fan_raster_5km,,,S006,6,,,nan
node_00584,109.5272,20.3387,storage_hub,1,封存汇图层-Fan,Fan_raster_5km,,,S007,7,,,nan
node_00585,116.1731,38.7697,storage_hub,1,封存汇图层-Fan,Fan_raster_5km,,,S008,8,,,nan
node_00586,115.0295,33.4334,storage_hub,1,封存汇图层-Fan,Fan_raster_5km,,,S009,9,,,nan
node_00587,90.7941,43.0488,storage_hub,1,封存汇图层-Fan,Fan_raster_5km,,,S010,10,,,nan
node_00588,93.3294,37.5934,storage_hub,1,封存汇图层-Fan,Fan_raster_5km,,,S011,11,,,nan
node_00589,105.8551,30.5153,storage_hub,1,封存汇图层-Fan,Fan_raster_5km,,,S012,12,,,nan
node_00590,86.7206,45.1405,storage_hub,1,封存汇图层-Fan,Fan_raster_5km,,,S013,13,,,nan
node_00591,114.9698,44.5429,storage_hub,1,封存汇图层-Fan,Fan_raster_5km,,,S014,14,,,nan
node_00592,123.5795,38.6369,storage_hub,1,封存汇图层-Fan,Fan_raster_5km,,,S015,15,,,nan
node_00593,104.4555,40.8709,storage_hub,1,封存汇图层-Fan,Fan_raster_5km,,,S016,16,,,nan
node_00594,122.7215,35.5668,storage_hub,1,封存汇图层-Fan,Fan_raster_5km,,,S017,17,,,nan
node_00595,131.3162,47.2219,storage_hub,1,封存汇图层-Fan,Fan_raster_5km,,,S018,18,,,nan
node_00596,112.6543,32.6694,storage_hub,1,封存汇图层-Fan,Fan_raster_5km,,,S019,19,,,nan
node_00597,107.9664,37.6539,storage_hub,1,封存汇图层-Fan,Fan_raster_5km,,,S020,20,,,nan
node_00598,112.7198,36.9409,storage_hub,1,封存汇图层-Fan,Fan_raster_5km,,,S021,21,,,nan
node_00599,81.7325,36.5368,storage_hub,1,封存汇图层-Fan,Fan_raster_5km,,,S022,22,,,nan
node_00600,111.4087,42.7812,storage_hub,1,封存汇图层-Fan,Fan_raster_5km,,,S023,23,,,nan
node_00601,82.0925,41.9938,storage_hub,1,封存汇图层-Fan,Fan_raster_5km,,,S024,24,,,nan
node_00602,100.8123,41.5034,storage_hub,1,封存汇图层-Fan,Fan_raster_5km,,,S025,25,,,nan
node_00603,112.4523,30.3331,storage_hub,1,封存汇图层-Fan,Fan_raster_5km,,,S026,26,,,nan
node_00604,112.6053,42.5543,storage_hub,1,封存汇图层-Fan,Fan_raster_5km,,,S027,27,,,nan
node_00605,122.1384,33.6558,storage_hub,1,封存汇图层-Fan,Fan_raster_5km,,,S028,28,,,nan
node_00606,84.4855,37.4511,storage_hub,1,封存汇图层-Fan,Fan_raster_5km,,,S029,29,,,nan
node_00607,93.3167,42.4045,storage_hub,1,封存汇图层-Fan,Fan_raster_5km,,,S030,30,,,nan
node_00608,117.722,48.3422,storage_hub,1,封存汇图层-Fan,Fan_raster_5km,,,S031,31,,,nan
node_00609,119.5488,38.7358,storage_hub,1,封存汇图层-Fan,Fan_raster_5km,,,S032,32,,,nan
node_00610,114.7602,20.9256,storage_hub,1,封存汇图层-Fan,Fan_raster_5km,,,S033,33,,,nan
node_00611,124.9691,46.5448,storage_hub,1,封存汇图层-Fan,Fan_raster_5km,,,S034,34,,,nan
node_00612,124.5704,46.0762,storage_hub,1,封存汇图层-Fan,Fan_raster_5km,,,S035,35,,,nan
node_00613,84.9242,45.4979,storage_hub,1,封存汇图层-Fan,Fan_raster_5km,,,S036,36,,,nan
node_00614,107.358,37.2103,storage_hub,1,封存汇图层-Fan,Fan_raster_5km,,,S037,37,,,nan
node_00615,108.9764,20.737,storage_hub,1,封存汇图层-Fan,Fan_raster_5km,,,S038,38,,,nan
node_00616,108.0807,36.5292,storage_hub,1,封存汇图层-Fan,Fan_raster_5km,,,S039,39,,,nan
node_00617,115.2849,35.6839,storage_hub,1,封存汇图层-Fan,Fan_raster_5km,,,S040,40,,,nan
node_00618,125.3589,45.953,storage_hub,1,封存汇图层-Fan,Fan_raster_5km,,,S041,41,,,nan
node_00619,124.8348,46.7397,storage_hub,1,封存汇图层-Fan,Fan_raster_5km,,,S042,42,,,nan
node_00620,90.925,38.1387,storage_hub,1,封存汇图层-Fan,Fan_raster_5km,,,S043,43,,,nan
node_00621,108.8407,36.955,storage_hub,1,封存汇图层-Fan,Fan_raster_5km,,,S044,44,,,nan
node_00622,109.2639,37.0886,storage_hub,1,封存汇图层-Fan,Fan_raster_5km,,,S045,45,,,nan
node_00623,90.4468,43.0635,storage_hub,1,封存汇图层-Fan,Fan_raster_5km,,,S046,46,,,nan
node_00624,124.5333,45.2106,storage_hub,1,封存汇图层-Fan,Fan_raster_5km,,,S047,47,,,nan
node_00625,125.0296,45.613,storage_hub,1,封存汇图层-Fan,Fan_raster_5km,,,S048,48,,,nan
node_00626,107.6213,35.8865,storage_hub,1,封存汇图层-Fan,Fan_raster_5km,,,S049,49,,,nan
node_00627,117.1119,47.8808,storage_hub,1,封存汇图层-Fan,Fan_raster_5km,,,S050,50,,,nan
node_00628,119.699,32.6671,storage_hub,1,封存汇图层-Fan,Fan_raster_5km,,,S051,51,,,nan
node_00629,116.8446,37.1891,storage_hub,1,封存汇图层-Fan,Fan_raster_5km,,,S052,52,,,nan
node_00630,115.7524,38.3058,storage_hub,1,封存汇图层-Fan,Fan_raster_5km,,,S053,53,,,nan
node_00631,89.4859,42.9405,storage_hub,1,封存汇图层-Fan,Fan_raster_5km,,,S054,54,,,nan
node_00632,123.8902,44.7493,storage_hub,1,封存汇图层-Fan,Fan_raster_5km,,,S055,55,,,nan
node_00633,123.07,41.8144,storage_hub,1,封存汇图层-Fan,Fan_raster_5km,,,S056,56,,,nan
node_00634,106.8927,36.6639,storage_hub,1,封存汇图层-Fan,Fan_raster_5km,,,S057,57,,,nan
node_00635,116.9378,38.1714,storage_hub,1,封存汇图层-Fan,Fan_raster_5km,,,S058,58,,,nan
node_00636,116.3049,39.1837,storage_hub,1,封存汇图层-Fan,Fan_raster_5km,,,S059,59,,,nan
node_00637,113.0319,32.5968,storage_hub,1,封存汇图层-Fan,Fan_raster_5km,,,S060,60,,,nan
node_00638,108.0828,36.9246,storage_hub,1,封存汇图层-Fan,Fan_raster_5km,,,S061,61,,,nan
node_00639,108.1797,35.821,storage_hub,1,封存汇图层-Fan,Fan_raster_5km,,,S062,62,,,nan
node_00640,85.4528,45.9037,storage_hub,1,封存汇图层-Fan,Fan_raster_5km,,,S063,63,,,nan
node_00641,88.4001,44.9804,storage_hub,1,封存汇图层-Fan,Fan_raster_5km,,,S064,64,,,nan
node_00642,87.277,45.5206,storage_hub,1,封存汇图层-Fan,Fan_raster_5km,,,S065,65,,,nan
node_00643,125.0371,43.3034,storage_hub,1,封存汇图层-Fan,Fan_raster_5km,,,S066,66,,,nan
node_00644,91.2467,37.8107,storage_hub,1,封存汇图层-Fan,Fan_raster_5km,,,S067,67,,,nan
node_00645,112.7717,30.4412,storage_hub,1,封存汇图层-Fan,Fan_raster_5km,,,S068,68,,,nan
node_00646,115.8964,44.7657,storage_hub,1,封存汇图层-Fan,Fan_raster_5km,,,S069,69,,,nan
node_00647,117.6487,48.1573,storage_hub,1,封存汇图层-Fan,Fan_raster_5km,,,S070,70,,,nan
node_00648,122.829,41.4213,storage_hub,1,封存汇图层-Fan,Fan_raster_5km,,,S071,71,,,nan
node_00649,86.7219,45.6275,storage_hub,1,封存汇图层-Fan,Fan_raster_5km,,,S072,72,,,nan
node_00650,108.7754,36.727,storage_hub,1,封存汇图层-Fan,Fan_raster_5km,,,S073,73,,,nan
node_00651,125.0119,29.0858,storage_hub,1,封存汇图层-Fan,Fan_raster_5km,,,S074,74,,,nan
node_00652,107.4412,35.6014,storage_hub,1,封存汇图层-Fan,Fan_raster_5km,,,S075,75,,,nan
node_00653,107.5689,36.2897,storage_hub,1,封存汇图层-Fan,Fan_raster_5km,,,S076,76,,,nan
node_00654,85.6654,46.074,storage_hub,1,封存汇图层-Fan,Fan_raster_5km,,,S077,77,,,nan
node_00655,105.401,30.613,storage_hub,1,封存汇图层-Fan,Fan_raster_5km,,,S078,78,,,nan
node_00656,124.4195,43.8151,storage_hub,1,封存汇图层-Fan,Fan_raster_5km,,,S079,79,,,nan
node_00657,88.6879,44.3505,storage_hub,1,封存汇图层-Fan,Fan_raster_5km,,,S080,80,,,nan
node_00658,123.9543,45.256,storage_hub,1,封存汇图层-Fan,Fan_raster_5km,,,S081,81,,,nan
node_00659,89.2389,44.2063,storage_hub,1,封存汇图层-Fan,Fan_raster_5km,,,S082,82,,,nan
node_00660,116.0316,45.3349,storage_hub,1,封存汇图层-Fan,Fan_raster_5km,,,S083,83,,,nan
node_00661,107.9362,37.386,storage_hub,1,封存汇图层-Fan,Fan_raster_5km,,,S084,84,,,nan
node_00662,118.9694,32.8959,storage_hub,1,封存汇图层-Fan,Fan_raster_5km,,,S085,85,,,nan
node_00663,86.9115,45.8845,storage_hub,1,封存汇图层-Fan,Fan_raster_5km,,,S086,86,,,nan
node_00664,123.8872,45.495,storage_hub,1,封存汇图层-Fan,Fan_raster_5km,,,S087,87,,,nan
node_00665,108.4291,36.5967,storage_hub,1,封存汇图层-Fan,Fan_raster_5km,,,S088,88,,,nan
node_00666,107.5843,37.5154,storage_hub,1,封存汇图层-Fan,Fan_raster_5km,,,S089,89,,,nan
node_00667,109.28459550073116,38.59894338966824,industry_hub,1,inputs/industry_hubs.csv,,,,,,ammonia_000,1,Neimenggu
node_00668,124.96135453153008,46.07479199260612,industry_hub,1,inputs/industry_hubs.csv,,,,,,ammonia_001,2,Heilongjiang
node_00669,117.70878968679642,32.352961515895124,industry_hub,1,inputs/industry_hubs.csv,,,,,,ammonia_002,3,Anhui
node_00670,111.57118235607042,39.868201849325615,industry_hub,1,inputs/industry_hubs.csv,,,,,,ammonia_003,4,Neimenggu
node_00671,106.96130565685894,26.91644196286849,industry_hub,1,inputs/industry_hubs.csv,,,,,,ammonia_004,5,Guizhou
node_00672,88.28110284938849,44.40225249769216,industry_hub,1,inputs/industry_hubs.csv,,,,,,ammonia_005,6,Xinjiang
node_00673,118.19898324832216,34.84239186577181,industry_hub,1,inputs/industry_hubs.csv,,,,,,ammonia_006,7,Shandong
node_00674,105.19654219628372,28.754149930346845,industry_hub,1,inputs/industry_hubs.csv,,,,,,ammonia_007,8,Sichuan
node_00675,104.40162665020118,31.000704461805498,industry_hub,1,inputs/industry_hubs.csv,,,,,,ammonia_008,9,Sichuan
node_00676,121.45916399653728,41.01385656147741,industry_hub,1,inputs/industry_hubs.csv,,,,,,ammonia_009,10,Liaoning
node_00677,111.9864821208825,30.734036784238555,industry_hub,1,inputs/industry_hubs.csv,,,,,,ammonia_010,11,Hubei
node_00678,107.3251592563644,30.02455228607443,industry_hub,1,inputs/industry_hubs.csv,,,,,,ammonia_011,12,Chongqing
node_00679,116.6790069989615,37.27816505445706,industry_hub,1,inputs/industry_hubs.csv,,,,,,ammonia_012,13,Shandong
node_00680,105.57356371428573,31.046595857142854,industry_hub,1,inputs/industry_hubs.csv,,,,,,ammonia_013,14,Sichuan
node_00681,106.62643978501256,38.89368926287668,industry_hub,1,inputs/industry_hubs.csv,,,,,,ammonia_014,15,Neimenggu
node_00682,114.35431697820542,35.007689936355675,industry_hub,1,inputs/industry_hubs.csv,,,,,,ammonia_015,16,Henan
node_00683,116.26956480142896,29.939541052568853,industry_hub,1,inputs/industry_hubs.csv,,,,,,ammonia_016,17,Anhui
node_00684,102.40898852549068,24.95468289301721,industry_hub,1,inputs/industry_hubs.csv,,,,,,ammonia_017,18,Yunnan
node_00685,119.3978228686727,25.68325601286209,industry_hub,1,inputs/industry_hubs.csv,,,,,,ammonia_018,19,Fujian
node_00686,101.517219294828,36.5413273031694,industry_hub,1,inputs/industry_hubs.csv,,,,,,ammonia_019,20,Qinghai
node_00687,126.51739922955124,43.94553844627044,industry_hub,1,inputs/industry_hubs.csv,,,,,,ammonia_020,21,Jilin
node_00688,112.94234248637795,35.88826189862197,industry_hub,1,inputs/industry_hubs.csv,,,,,,ammonia_021,22,Shanxi
node_00689,83.19609981034115,41.557426108341176,industry_hub,1,inputs/industry_hubs.csv,,,,,,ammonia_022,23,Xinjiang
node_00690,108.59472795652174,23.11489182608695,industry_hub,1,inputs/industry_hubs.csv,,,,,,ammonia_023,24,Guangxi
node_00691,119.3534436331443,33.819777213771324,industry_hub,1,inputs/industry_hubs.csv,,,,,,ammonia_024,25,Jiangsu
node_00692,103.6676386173923,36.21557705111611,industry_hub,1,inputs/industry_hubs.csv,,,,,,ammonia_025,26,Gansu
node_00693,110.87067117863953,35.43024936726104,industry_hub,1,inputs/industry_hubs.csv,,,,,,ammonia_026,27,Shanxi
node_00694,109.713699842147,24.4993939228293,industry_hub,1,inputs/industry_hubs.csv,,,,,,ammonia_027,28,Guangxi
node_00695,116.4579015050182,36.11465512864877,industry_hub,1,inputs/industry_hubs.csv,,,,,,ammonia_028,29,Shandong
node_00696,117.598717996776,39.8648935328801,industry_hub,1,inputs/industry_hubs.csv,,,,,,ammonia_029,30,Hebei
node_00697,117.46706632978284,38.65498900917023,industry_hub,1,inputs/industry_hubs.csv,,,,,,ammonia_030,31,Hebei
node_00698,120.2459032905697,31.61982363760961,industry_hub,1,inputs/industry_hubs.csv,,,,,,ammonia_031,32,Jiangsu
node_00699,113.8259750339244,33.20440654376004,industry_hub,1,inputs/industry_hubs.csv,,,,,,ammonia_032,33,Henan
node_00700,102.08517000000002,38.377568,industry_hub,1,inputs/industry_hubs.csv,,,,,,ammonia_033,34,Gansu
node_00701,108.2106905,24.640225000000004,industry_hub,1,inputs/industry_hubs.csv,,,,,,ammonia_034,35,Guangxi
node_00702,119.628905297505,49.3490919505157,industry_hub,1,inputs/industry_hubs.csv,,,,,,ammonia_035,36,Neimenggu
node_00703,125.82750400000002,41.792589,industry_hub,1,inputs/industry_hubs.csv,,,,,,ammonia_036,37,Jilin
node_00704,121.61916,37.051204,industry_hub,1,inputs/industry_hubs.csv,,,,,,ammonia_037,38,Shandong
node_00705,112.26299539860828,37.58126975677537,industry_hub,1,inputs/industry_hubs.csv,,,,,,ammonia_038,39,Shanxi
node_00706,122.32243651505598,46.0148982331343,industry_hub,1,inputs/industry_hubs.csv,,,,,,ammonia_039,40,Neimenggu
node_00707,95.219262384567,36.7780439056129,industry_hub,1,inputs/industry_hubs.csv,,,,,,ammonia_040,41,Qinghai
node_00708,81.230663,40.61344,industry_hub,1,inputs/industry_hubs.csv,,,,,,ammonia_041,42,Xinjiang
node_00709,119.33238,39.802894,industry_hub,1,inputs/industry_hubs.csv,,,,,,ammonia_042,43,Hebei
node_00710,121.736109,39.411135,industry_hub,1,inputs/industry_hubs.csv,,,,,,ammonia_043,44,Liaoning
node_00711,118.784196,36.943174,industry_hub,1,inputs/industry_hubs.csv,,,,,,ammonia_044,45,Shandong
node_00712,105.216407,37.627,industry_hub,1,inputs/industry_hubs.csv,,,,,,ammonia_045,46,Ningxia
node_00713,114.110683,31.468607,industry_hub,1,inputs/industry_hubs.csv,,,,,,ammonia_046,47,Hubei
node_00714,117.5504775160861,26.401925507961565,industry_hub,1,inputs/industry_hubs.csv,,,,,,ammonia_047,48,Fujian
node_00715,85.82841323939773,44.28912586083009,industry_hub,1,inputs/industry_hubs.csv,,,,,,ammonia_048,49,Xinjiang
node_00716,109.38694157350211,34.434943702674296,industry_hub,1,inputs/industry_hubs.csv,,,,,,ammonia_049,50,Shaanxi
node_00717,112.927795817317,29.407878932159477,industry_hub,1,inputs/industry_hubs.csv,,,,,,ammonia_050,51,Hunan
node_00718,103.97910157706166,25.81636706995033,industry_hub,1,inputs/industry_hubs.csv,,,,,,ammonia_051,52,Yunnan
node_00719,120.80333658336,30.214453151983506,industry_hub,1,inputs/industry_hubs.csv,,,,,,ammonia_052,53,Zhejiang
node_00720,122.222711366052,43.45810073774361,industry_hub,1,inputs/industry_hubs.csv,,,,,,ammonia_053,54,Neimenggu
node_00721,115.86127587430656,32.888745766819554,industry_hub,1,inputs/industry_hubs.csv,,,,,,ammonia_054,55,Anhui
node_00722,103.24083214129,23.7308064556647,industry_hub,1,inputs/industry_hubs.csv,,,,,,ammonia_055,56,Yunnan
node_00723,108.6440579395,19.0658679272844,industry_hub,1,inputs/industry_hubs.csv,,,,,,ammonia_056,57,Hainan
node_00724,118.88755094695,28.9025825619005,industry_hub,1,inputs/industry_hubs.csv,,,,,,ammonia_057,58,Zhejiang
node_00725,114.61996445085065,38.25910024851502,industry_hub,1,inputs/industry_hubs.csv,,,,,,ammonia_058,59,Hebei
node_00726,130.282177617785,47.1824145724448,industry_hub,1,inputs/industry_hubs.csv,,,,,,ammonia_059,60,Heilongjiang
node_00727,85.2459741236049,46.31095378407548,industry_hub,1,inputs/industry_hubs.csv,,,,,,cement_000,61,Xinjiang
node_00728,123.16504274359538,47.73083734156532,industry_hub,1,inputs/industry_hubs.csv,,,,,,cement_001,62,Neimenggu
node_00729,101.52119438021091,23.649019584436115,industry_hub,1,inputs/industry_hubs.csv,,,,,,cement_002,63,Yunnan
node_00730,117.17200057721548,32.71105623058244,industry_hub,1,inputs/industry_hubs.csv,,,,,,cement_003,64,Anhui
node_00731,109.80846479789564,41.12906006989694,industry_hub,1,inputs/industry_hubs.csv,,,,,,cement_004,65,Neimenggu
node_00732,106.52208035530144,33.42499599907028,industry_hub,1,inputs/industry_hubs.csv,,,,,,cement_005,66,Shaanxi
node_00733,106.1992710358395,26.56528298903284,industry_hub,1,inputs/industry_hubs.csv,,,,,,cement_006,67,Guizhou
node_00734,118.15092729858128,31.43013889886978,industry_hub,1,inputs/industry_hubs.csv,,,,,,cement_007,68,Anhui
node_00735,108.38296662289792,31.17495074889161,industry_hub,1,inputs/industry_hubs.csv,,,,,,cement_008,69,Chongqing
node_00736,115.15614065700868,39.45147943588788,industry_hub,1,inputs/industry_hubs.csv,,,,,,cement_009,70,Hebei
node_00737,117.3515643631124,25.58785650364938,industry_hub,1,inputs/industry_hubs.csv,,,,,,cement_010,71,Fujian
node_00738,113.32169215244122,24.111543904375424,industry_hub,1,inputs/industry_hubs.csv,,,,,,cement_011,72,Guangdong
node_00739,115.33011985948006,25.7462055882368,industry_hub,1,inputs/industry_hubs.csv,,,,,,cement_012,73,Jiangxi
node_00740,106.6998777664539,30.12911072952414,industry_hub,1,inputs/industry_hubs.csv,,,,,,cement_013,74,Chongqing
node_00741,118.32817525496968,40.07240856609669,industry_hub,1,inputs/industry_hubs.csv,,,,,,cement_014,75,Hebei
node_00742,100.80748703850782,22.760106716972917,industry_hub,1,inputs/industry_hubs.csv,,,,,,cement_015,76,Yunnan
node_00743,103.224392411086,24.9971249176266,industry_hub,1,inputs/industry_hubs.csv,,,,,,cement_016,77,Yunnan
node_00744,112.82802059055813,34.3486531183142,industry_hub,1,inputs/industry_hubs.csv,,,,,,cement_017,78,Henan
node_00745,113.61665837263084,35.738511212030254,industry_hub,1,inputs/industry_hubs.csv,,,,,,cement_018,79,Henan
node_00746,81.50506477217698,44.13413875371172,industry_hub,1,inputs/industry_hubs.csv,,,,,,cement_019,80,Xinjiang
node_00747,105.1971533114818,28.643955005324177,industry_hub,1,inputs/industry_hubs.csv,,,,,,cement_020,81,Sichuan
node_00748,110.86117208568066,25.12747646108888,industry_hub,1,inputs/industry_hubs.csv,,,,,,cement_021,82,Guangxi
node_00749,125.87433176020602,43.18075625493604,industry_hub,1,inputs/industry_hubs.csv,,,,,,cement_022,83,Jilin
node_00750,109.5628219349732,33.58507170780063,industry_hub,1,inputs/industry_hubs.csv,,,,,,cement_023,84,Shaanxi
node_00751,111.06318413795836,38.85587256383814,industry_hub,1,inputs/industry_hubs.csv,,,,,,cement_024,85,Shanxi
node_00752,111.59493380075506,40.547589622566775,industry_hub,1,inputs/industry_hubs.csv,,,,,,cement_025,86,Neimenggu
node_00753,102.8548870575672,26.76533941755593,industry_hub,1,inputs/industry_hubs.csv,,,,,,cement_026,87,Yunnan
node_00754,103.75803605435544,23.595023776389848,industry_hub,1,inputs/industry_hubs.csv,,,,,,cement_027,88,Yunnan
node_00755,87.9979153955976,43.64822721086515,industry_hub,1,inputs/industry_hubs.csv,,,,,,cement_028,89,Xinjiang
node_00756,109.72691856683322,23.24942774459286,industry_hub,1,inputs/industry_hubs.csv,,,,,,cement_029,90,Guangxi
node_00757,110.33779627930146,32.553959047601275,industry_hub,1,inputs/industry_hubs.csv,,,,,,cement_030,91,Hubei
node_00758,82.82183827494279,41.75924093109078,industry_hub,1,inputs/industry_hubs.csv,,,,,,cement_031,92,Xinjiang
node_00759,85.7796528368681,44.38036235349486,industry_hub,1,inputs/industry_hubs.csv,,,,,,cement_032,93,Xinjiang
node_00760,77.42106381658392,37.92792122731986,industry_hub,1,inputs/industry_hubs.csv,,,,,,cement_033,94,Xinjiang
node_00761,117.17907621410764,30.56783569204528,industry_hub,1,inputs/industry_hubs.csv,,,,,,cement_034,95,Anhui
node_00762,108.158544633609,24.26087766433745,industry_hub,1,inputs/industry_hubs.csv,,,,,,cement_036,96,Guangxi
node_00763,112.47946208770536,25.56199764838345,industry_hub,1,inputs/industry_hubs.csv,,,,,,cement_037,97,Hunan
node_00764,76.01506447418163,39.42112912260836,industry_hub,1,inputs/industry_hubs.csv,,,,,,cement_038,98,Xinjiang
node_00765,116.51185374935922,40.09900775797237,industry_hub,1,inputs/industry_hubs.csv,,,,,,cement_039,99,Beijing
node_00766,114.26310105156313,37.53380618166349,industry_hub,1,inputs/industry_hubs.csv,,,,,,cement_040,100,Hebei
node_00767,112.5771132403169,31.33670537392705,industry_hub,1,inputs/industry_hubs.csv,,,,,,cement_041,101,Hubei
node_00768,100.72059510817688,26.71415799064713,industry_hub,1,inputs/industry_hubs.csv,,,,,,cement_042,102,Yunnan
node_00769,105.99326019972726,37.763938138414034,industry_hub,1,inputs/industry_hubs.csv,,,,,,cement_043,103,Ningxia
node_00770,107.86881376304908,29.810372560127693,industry_hub,1,inputs/industry_hubs.csv,,,,,,cement_044,104,Chongqing
node_00771,79.91461515561973,37.055844462255855,industry_hub,1,inputs/industry_hubs.csv,,,,,,cement_045,105,Xinjiang
node_00772,101.57744650010532,36.625110009162405,industry_hub,1,inputs/industry_hubs.csv,,,,,,cement_046,106,Qinghai
node_00773,114.17400439879036,32.34432655524556,industry_hub,1,inputs/industry_hubs.csv,,,,,,cement_047,107,Henan
node_00774,110.22810043657664,21.680597046496597,industry_hub,1,inputs/industry_hubs.csv,,,,,,cement_048,108,Guangdong
node_00775,118.25989531399864,36.23002555116721,industry_hub,1,inputs/industry_hubs.csv,,,,,,cement_049,109,Shandong
node_00776,109.68059077549692,29.85947803292009,industry_hub,1,inputs/industry_hubs.csv,,,,,,cement_050,110,Hubei
node_00777,109.02036237160618,19.24999097445741,industry_hub,1,inputs/industry_hubs.csv,,,,,,cement_051,111,Hainan
node_00778,107.5924279286078,26.314887309584687,industry_hub,1,inputs/industry_hubs.csv,,,,,,cement_052,112,Guizhou
node_00779,94.49962897730074,39.87276104278697,industry_hub,1,inputs/industry_hubs.csv,,,,,,cement_053,113,Gansu
node_00780,118.92922481867444,29.061282236155595,industry_hub,1,inputs/industry_hubs.csv,,,,,,cement_054,114,Zhejiang
node_00781,111.1879760031982,35.84821956432408,industry_hub,1,inputs/industry_hubs.csv,,,,,,cement_055,115,Shanxi
node_00782,112.8062328738809,39.59630095103471,industry_hub,1,inputs/industry_hubs.csv,,,,,,cement_056,116,Shanxi
node_00783,127.16807215209876,45.63345767421323,industry_hub,1,inputs/industry_hubs.csv,,,,,,cement_057,117,Heilongjiang
node_00784,108.7978079641564,27.899720535406495,industry_hub,1,inputs/industry_hubs.csv,,,,,,cement_058,118,Guizhou
node_00785,106.8248427020226,27.7519923148526,industry_hub,1,inputs/industry_hubs.csv,,,,,,cement_059,119,Guizhou
node_00786,118.22211836888545,44.541847330076806,industry_hub,1,inputs/industry_hubs.csv,,,,,,cement_060,120,Neimenggu
node_00787,104.11245908874076,31.32202101060942,industry_hub,1,inputs/industry_hubs.csv,,,,,,cement_061,121,Sichuan
node_00788,103.83393635403031,35.63332126676686,industry_hub,1,inputs/industry_hubs.csv,,,,,,cement_062,122,Gansu
node_00789,105.19478192547008,25.17627060665704,industry_hub,1,inputs/industry_hubs.csv,,,,,,cement_064,123,Guizhou
node_00790,111.37877107687667,27.064239252093305,industry_hub,1,inputs/industry_hubs.csv,,,,,,cement_065,124,Hunan
node_00791,106.09468966599304,32.447349324473294,industry_hub,1,inputs/industry_hubs.csv,,,,,,cement_066,125,Sichuan
node_00792,123.55067763616904,41.4767401450144,industry_hub,1,inputs/industry_hubs.csv,,,,,,cement_067,126,Liaoning
node_00793,107.8484536696885,22.735038484699228,industry_hub,1,inputs/industry_hubs.csv,,,,,,cement_068,127,Guangxi
node_00794,112.07163067144268,27.887653660097147,industry_hub,1,inputs/industry_hubs.csv,,,,,,cement_069,128,Hunan
node_00795,102.59415830062048,24.16839809348281,industry_hub,1,inputs/industry_hubs.csv,,,,,,cement_070,129,Yunnan
node_00796,107.02988254426704,23.46910708709568,industry_hub,1,inputs/industry_hubs.csv,,,,,,cement_071,130,Guangxi
node_00797,116.86819938058356,35.76668170445144,industry_hub,1,inputs/industry_hubs.csv,,,,,,cement_072,131,Shandong
node_00798,107.01494845570096,28.950302647881017,industry_hub,1,inputs/industry_hubs.csv,,,,,,cement_073,132,Chongqing
node_00799,113.0149774835509,26.88712692638677,industry_hub,1,inputs/industry_hubs.csv,,,,,,cement_074,133,Hunan
node_00800,111.84827766422102,22.839905597272256,industry_hub,1,inputs/industry_hubs.csv,,,,,,cement_075,134,Guangdong
node_00801,119.97769110538528,29.997373148805444,industry_hub,1,inputs/industry_hubs.csv,,,,,,cement_076,135,Zhejiang
node_00802,121.68001783454494,39.43928978832132,industry_hub,1,inputs/industry_hubs.csv,,,,,,cement_077,136,Liaoning
node_00803,113.4236501964676,27.912188740279536,industry_hub,1,inputs/industry_hubs.csv,,,,,,cement_078,137,Hunan
node_00804,120.357738969549,32.7835184564035,industry_hub,1,inputs/industry_hubs.csv,,,,,,cement_079,138,Jiangsu
node_00805,120.92099290717098,37.53572436161984,industry_hub,1,inputs/industry_hubs.csv,,,,,,cement_080,139,Shandong
node_00806,106.63070283994422,35.576700125044624,industry_hub,1,inputs/industry_hubs.csv,,,,,,cement_081,140,Gansu
node_00807,115.08604099326034,27.94108183604313,industry_hub,1,inputs/industry_hubs.csv,,,,,,cement_082,141,Jiangxi
node_00808,86.61302336748764,47.92781412318575,industry_hub,1,inputs/industry_hubs.csv,,,,,,cement_083,142,Xinjiang
node_00809,111.3196289434584,30.57432177620316,industry_hub,1,inputs/industry_hubs.csv,,,,,,cement_084,143,Hubei
node_00810,99.64820694890396,27.72305110243575,industry_hub,1,inputs/industry_hubs.csv,,,,,,cement_085,144,Yunnan
node_00811,130.29225645703758,46.58365699222977,industry_hub,1,inputs/industry_hubs.csv,,,,,,cement_086,145,Heilongjiang
node_00812,119.861416131477,49.2610781960116,industry_hub,1,inputs/industry_hubs.csv,,,,,,cement_087,146,Neimenggu
node_00813,109.30350899707206,26.333286817516434,industry_hub,1,inputs/industry_hubs.csv,,,,,,cement_088,147,Guizhou
node_00814,93.64202445380997,42.66238220844759,industry_hub,1,inputs/industry_hubs.csv,,,,,,cement_089,148,Xinjiang
node_00815,106.77461682049756,39.527293515954746,industry_hub,1,inputs/industry_hubs.csv,,,,,,cement_090,149,Neimenggu
node_00816,111.969478718546,43.65500413744599,industry_hub,1,inputs/industry_hubs.csv,,,,,,cement_091,150,Neimenggu
node_00817,81.8502640876926,36.7907713061454,industry_hub,1,inputs/industry_hubs.csv,,,,,,cement_092,151,Xinjiang
node_00818,89.5366178528529,46.9250431605784,industry_hub,1,inputs/industry_hubs.csv,,,,,,cement_093,152,Xinjiang
node_00819,117.26874736144394,28.740315166577776,industry_hub,1,inputs/industry_hubs.csv,,,,,,cement_094,153,Jiangxi
node_00820,116.23893014184,37.4744919450042,industry_hub,1,inputs/industry_hubs.csv,,,,,,cement_095,154,Shandong
node_00821,103.90789922107328,29.55383285628884,industry_hub,1,inputs/industry_hubs.csv,,,,,,cement_096,155,Sichuan
node_00822,126.4063365164792,41.88763647612957,industry_hub,1,inputs/industry_hubs.csv,,,,,,cement_097,156,Jilin
node_00823,119.92375095219133,43.73057070658982,industry_hub,1,inputs/industry_hubs.csv,,,,,,cement_098,157,Neimenggu
node_00824,103.22483030227156,36.78600757070324,industry_hub,1,inputs/industry_hubs.csv,,,,,,cement_099,158,Gansu
node_00825,112.05763201882368,32.84681416527992,industry_hub,1,inputs/industry_hubs.csv,,,,,,cement_100,159,Henan
node_00826,121.2060993897225,42.48386363096788,industry_hub,1,inputs/industry_hubs.csv,,,,,,cement_102,160,Neimenggu
node_00827,125.650385254058,50.0875849019426,industry_hub,1,inputs/industry_hubs.csv,,,,,,cement_103,161,Heilongjiang
node_00828,89.2385478102257,44.8871746135516,industry_hub,1,inputs/industry_hubs.csv,,,,,,cement_104,162,Xinjiang
node_00829,111.01343448103604,37.452356481785976,industry_hub,1,inputs/industry_hubs.csv,,,,,,cement_105,163,Shanxi
node_00830,104.675037464455,33.2241956853115,industry_hub,1,inputs/industry_hubs.csv,,,,,,cement_106,164,Gansu
node_00831,79.0228057134569,39.8144600332808,industry_hub,1,inputs/industry_hubs.csv,,,,,,cement_107,165,Xinjiang
node_00832,102.42014611770006,28.22560514376239,industry_hub,1,inputs/industry_hubs.csv,,,,,,cement_108,166,Sichuan
node_00833,94.8221977520286,35.9894923581658,industry_hub,1,inputs/industry_hubs.csv,,,,,,cement_109,167,Qinghai
node_00834,99.31345289869763,23.6696856255857,industry_hub,1,inputs/industry_hubs.csv,,,,,,cement_110,168,Yunnan
node_00835,88.3255124470776,38.9259199670525,industry_hub,1,inputs/industry_hubs.csv,,,,,,cement_111,169,Xinjiang
node_00836,80.19627045978233,41.08463306973977,industry_hub,1,inputs/industry_hubs.csv,,,,,,cement_113,170,Xinjiang
node_00837,116.15654988913212,24.666678714868205,industry_hub,1,inputs/industry_hubs.csv,,,,,,cement_114,171,Guangdong
node_00838,130.968005184397,45.3582457043034,industry_hub,1,inputs/industry_hubs.csv,,,,,,cement_115,172,Heilongjiang
node_00839,104.58115201869036,26.35366036058095,industry_hub,1,inputs/industry_hubs.csv,,,,,,cement_116,173,Guizhou
node_00840,129.5656769634709,43.76797018984038,industry_hub,1,inputs/industry_hubs.csv,,,,,,cement_117,174,Heilongjiang
node_00841,115.25628508189207,29.99751089383197,industry_hub,1,inputs/industry_hubs.csv,,,,,,cement_118,175,Hubei
node_00842,86.30206084784442,41.90972865383686,industry_hub,1,inputs/industry_hubs.csv,,,,,,cement_119,176,Xinjiang
node_00843,102.60007126062187,29.94108268736839,industry_hub,1,inputs/industry_hubs.csv,,,,,,cement_120,177,Sichuan
node_00844,120.11700838712903,41.19291626810341,industry_hub,1,inputs/industry_hubs.csv,,,,,,cement_121,178,Liaoning
node_00845,109.99573690612635,28.07665870960997,industry_hub,1,inputs/industry_hubs.csv,,,,,,cement_122,179,Hunan
node_00846,107.66126259429277,34.53957825449366,industry_hub,1,inputs/industry_hubs.csv,,,,,,cement_123,180,Shaanxi
node_00847,99.13246017619704,25.075291216539743,industry_hub,1,inputs/industry_hubs.csv,,,,,,cement_124,181,Yunnan
node_00848,115.8478755238,43.6270533092369,industry_hub,1,inputs/industry_hubs.csv,,,,,,cement_125,182,Neimenggu
node_00849,100.53855242046406,25.526327013519133,industry_hub,1,inputs/industry_hubs.csv,,,,,,cement_126,183,Yunnan
node_00850,109.35899711823296,24.60691995500169,industry_hub,1,inputs/industry_hubs.csv,,,,,,cement_127,184,Guangxi
node_00851,119.44756211782558,31.195606581535408,industry_hub,1,inputs/industry_hubs.csv,,,,,,cement_128,185,Jiangsu
node_00852,114.43262161754674,23.71972697166059,industry_hub,1,inputs/industry_hubs.csv,,,,,,cement_129,186,Guangdong
node_00853,118.934314109484,42.10788967353125,industry_hub,1,inputs/industry_hubs.csv,,,,,,cement_130,187,Neimenggu
node_00854,97.4088669192059,37.3485710778152,industry_hub,1,inputs/industry_hubs.csv,,,,,,cement_131,188,Qinghai
node_00855,116.036583422275,27.1841080137071,industry_hub,1,inputs/industry_hubs.csv,,,,,,cement_132,189,Jiangxi
node_00856,104.9581589867832,34.708037955085025,industry_hub,1,inputs/industry_hubs.csv,,,,,,cement_133,190,Gansu
node_00857,97.99483496643278,24.52478986730831,industry_hub,1,inputs/industry_hubs.csv,,,,,,cement_134,191,Yunnan
node_00858,117.36196414047264,34.48195578773099,industry_hub,1,inputs/industry_hubs.csv,,,,,,cement_135,192,Shandong
node_00859,111.39036781183988,29.49805548731263,industry_hub,1,inputs/industry_hubs.csv,,,,,,cement_136,193,Hunan
node_00860,102.24439567104444,38.4814837449265,industry_hub,1,inputs/industry_hubs.csv,,,,,,cement_137,194,Gansu
node_00861,113.82106086320144,29.70647729465219,industry_hub,1,inputs/industry_hubs.csv,,,,,,cement_138,195,Hubei
node_00862,98.2939216542728,39.77444373092303,industry_hub,1,inputs/industry_hubs.csv,,,,,,cement_139,196,Gansu
node_00863,112.38344007079706,37.78210069023886,industry_hub,1,inputs/industry_hubs.csv,,,,,,cement_140,197,Shanxi
node_00864,105.402726938857,23.741799978614,industry_hub,1,inputs/industry_hubs.csv,,,,,,cement_141,198,Yunnan
node_00865,108.97771986735437,34.87629158798492,industry_hub,1,inputs/industry_hubs.csv,,,,,,cement_142,199,Shaanxi
node_00866,124.36309795122548,43.0750343739007,industry_hub,1,inputs/industry_hubs.csv,,,,,,cement_143,200,Jilin
node_00867,89.8230626691736,43.7519310215008,industry_hub,1,inputs/industry_hubs.csv,,,,,,cement_144,201,Xinjiang
node_00868,118.455942390403,43.3067228866707,industry_hub,1,inputs/industry_hubs.csv,,,,,,cement_145,202,Neimenggu
node_00869,103.77172181955667,27.48686384547097,industry_hub,1,inputs/industry_hubs.csv,,,,,,cement_146,203,Yunnan
node_00870,123.21067427766,50.565400612828,industry_hub,1,inputs/industry_hubs.csv,,,,,,cement_147,204,Neimenggu
node_00871,117.1324561305424,39.27770145681519,industry_hub,1,inputs/industry_hubs.csv,,,,,,cement_148,205,Tianjin
node_00872,113.1363688701302,41.65532573319784,industry_hub,1,inputs/industry_hubs.csv,,,,,,cement_149,206,Neimenggu
node_00873,111.15902413405796,35.35455023550724,industry_hub,1,inputs/industry_hubs.csv,,,,,,methanol_000,207,Shanxi
node_00874,119.26387683333331,32.22049875,industry_hub,1,inputs/industry_hubs.csv,,,,,,methanol_001,208,Jiangsu
node_00875,106.59646038356163,26.994879013698625,industry_hub,1,inputs/industry_hubs.csv,,,,,,methanol_002,209,Guizhou
node_00876,116.09081297222224,33.223151361111114,industry_hub,1,inputs/industry_hubs.csv,,,,,,methanol_003,210,Anhui
node_00877,109.6932661304348,40.48299860869565,industry_hub,1,inputs/industry_hubs.csv,,,,,,methanol_004,211,Neimenggu
node_00878,113.828966125,33.276576500000004,industry_hub,1,inputs/industry_hubs.csv,,,,,,methanol_005,212,Henan
node_00879,103.60569533870968,25.282989483870963,industry_hub,1,inputs/industry_hubs.csv,,,,,,methanol_006,213,Yunnan
node_00880,109.4840340810941,38.75018950313418,industry_hub,1,inputs/industry_hubs.csv,,,,,,methanol_007,214,Neimenggu
node_00881,117.05527612169313,35.165014624338625,industry_hub,1,inputs/industry_hubs.csv,,,,,,methanol_008,215,Shandong
node_00882,87.3877847826087,44.20878045962733,industry_hub,1,inputs/industry_hubs.csv,,,,,,methanol_009,216,Xinjiang
node_00883,112.0036130997963,36.97300298167005,industry_hub,1,inputs/industry_hubs.csv,,,,,,methanol_010,217,Shanxi
node_00884,106.94530334614464,29.947596059441395,industry_hub,1,inputs/industry_hubs.csv,,,,,,methanol_011,218,Chongqing
node_00885,106.58777809420587,38.19933537637097,industry_hub,1,inputs/industry_hubs.csv,,,,,,methanol_012,219,Ningxia
node_00886,116.60282409836066,42.29098459016394,industry_hub,1,inputs/industry_hubs.csv,,,,,,methanol_013,220,Neimenggu
node_00887,104.9599241917808,28.79029157534246,industry_hub,1,inputs/industry_hubs.csv,,,,,,methanol_014,221,Sichuan
node_00888,116.45958678082192,37.048795205479465,industry_hub,1,inputs/industry_hubs.csv,,,,,,methanol_015,222,Shandong
node_00889,124.897612,46.750239,industry_hub,1,inputs/industry_hubs.csv,,,,,,methanol_016,223,Heilongjiang
node_00890,114.8072963414634,38.34741254878048,industry_hub,1,inputs/industry_hubs.csv,,,,,,methanol_017,224,Hebei
node_00891,121.3,41.57,industry_hub,1,inputs/industry_hubs.csv,,,,,,methanol_018,225,Liaoning
node_00892,118.463865,39.463172,industry_hub,1,inputs/industry_hubs.csv,,,,,,methanol_019,226,Hebei
node_00893,130.93450635371178,45.94711328384279,industry_hub,1,inputs/industry_hubs.csv,,,,,,methanol_020,227,Heilongjiang
node_00894,104.95,36.69,industry_hub,1,inputs/industry_hubs.csv,,,,,,methanol_021,228,Gansu
node_00895,107.29102633333332,34.982924,industry_hub,1,inputs/industry_hubs.csv,,,,,,methanol_022,229,Shaanxi
node_00896,112.10502500661318,30.54423704589543,industry_hub,1,inputs/industry_hubs.csv,,,,,,methanol_023,230,Hubei
node_00897,114.304321,36.75068461538461,industry_hub,1,inputs/industry_hubs.csv,,,,,,methanol_024,231,Hebei
node_00898,116.69920925000004,30.08858100000001,industry_hub,1,inputs/industry_hubs.csv,,,,,,methanol_025,232,Anhui
node_00899,118.15059766255146,34.47042604115226,industry_hub,1,inputs/industry_hubs.csv,,,,,,methanol_026,233,Jiangsu
node_00900,109.336062,35.87957514285714,industry_hub,1,inputs/industry_hubs.csv,,,,,,methanol_027,234,Shaanxi
node_00901,112.83509190849672,35.74971599346405,industry_hub,1,inputs/industry_hubs.csv,,,,,,methanol_028,235,Shanxi
node_00902,121.61400688888888,30.861532,industry_hub,1,inputs/industry_hubs.csv,,,,,,methanol_029,236,Shanghai
node_00903,114.15189277811548,35.40812708814589,industry_hub,1,inputs/industry_hubs.csv,,,,,,methanol_030,237,Henan
node_00904,121.070565,37.689432,industry_hub,1,inputs/industry_hubs.csv,,,,,,methanol_031,238,Shandong
node_00905,109.35574388888888,34.68907513888889,industry_hub,1,inputs/industry_hubs.csv,,,,,,methanol_032,239,Shaanxi
node_00906,118.916376,28.902943,industry_hub,1,inputs/industry_hubs.csv,,,,,,methanol_033,240,Zhejiang
node_00907,101.497998,36.551834,industry_hub,1,inputs/industry_hubs.csv,,,,,,methanol_034,241,Qinghai
node_00908,119.683283,49.35752500000001,industry_hub,1,inputs/industry_hubs.csv,,,,,,methanol_035,242,Neimenggu
node_00909,81.790944,41.8397,industry_hub,1,inputs/industry_hubs.csv,,,,,,methanol_036,243,Xinjiang
node_00910,126.364055,41.887529,industry_hub,1,inputs/industry_hubs.csv,,,,,,methanol_037,244,Jilin
node_00911,106.808424,40.947263,industry_hub,1,inputs/industry_hubs.csv,,,,,,methanol_038,245,Neimenggu
node_00912,95.11998126666666,36.62020253333333,industry_hub,1,inputs/industry_hubs.csv,,,,,,methanol_039,246,Qinghai
node_00913,111.25236911081797,40.079821926121376,industry_hub,1,inputs/industry_hubs.csv,,,,,,methanol_040,247,Neimenggu
node_00914,84.103065,41.851805,industry_hub,1,inputs/industry_hubs.csv,,,,,,methanol_041,248,Xinjiang
node_00915,119.050507,37.068763,industry_hub,1,inputs/industry_hubs.csv,,,,,,methanol_042,249,Shandong
node_00916,94.973828,43.716783,industry_hub,1,inputs/industry_hubs.csv,,,,,,methanol_043,250,Xinjiang
node_00917,87.94000000000001,42.83,industry_hub,1,inputs/industry_hubs.csv,,,,,,methanol_044,251,Xinjiang
node_00918,108.647085,19.069003,industry_hub,1,inputs/industry_hubs.csv,,,,,,methanol_045,252,Hainan
node_00919,106.785380755716,28.525832270758126,industry_hub,1,inputs/industry_hubs.csv,,,,,,methanol_046,253,Chongqing
node_00920,113.19650699288256,40.24296633451957,industry_hub,1,inputs/industry_hubs.csv,,,,,,methanol_047,254,Neimenggu
node_00921,103.293373,35.988264,industry_hub,1,inputs/industry_hubs.csv,,,,,,methanol_048,255,Gansu
node_00922,89.076829,44.717078,industry_hub,1,inputs/industry_hubs.csv,,,,,,methanol_049,256,Xinjiang
node_00923,117.768158,26.935944,industry_hub,1,inputs/industry_hubs.csv,,,,,,methanol_050,257,Fujian
node_00924,118.331076,31.369535,industry_hub,1,inputs/industry_hubs.csv,,,,,,methanol_051,258,Anhui
node_00925,106.86517308681294,39.445234700611806,industry_hub,1,inputs/industry_hubs.csv,,,,,,methanol_052,259,Neimenggu
node_00926,107.473512,31.149261,industry_hub,1,inputs/industry_hubs.csv,,,,,,methanol_053,260,Sichuan
node_00927,121.45493399999998,39.515017500000006,industry_hub,1,inputs/industry_hubs.csv,,,,,,methanol_054,261,Liaoning
node_00928,108.624867,21.719045,industry_hub,1,inputs/industry_hubs.csv,,,,,,methanol_055,262,Guangxi
node_00929,104.809175,31.812721,industry_hub,1,inputs/industry_hubs.csv,,,,,,methanol_056,263,Sichuan
node_00930,106.201263,32.212363,industry_hub,1,inputs/industry_hubs.csv,,,,,,methanol_057,264,Sichuan
node_00931,117.7155806,38.640506900000005,industry_hub,1,inputs/industry_hubs.csv,,,,,,methanol_058,265,Hebei
node_00932,116.91832872972972,32.69156010810811,industry_hub,1,inputs/industry_hubs.csv,,,,,,methanol_059,266,Anhui
node_00933,118.43134769889116,39.50965304738405,industry_hub,1,inputs/industry_hubs.csv,,,,,,steel_bf_bof_000,267,Hebei
node_00934,120.71224580870452,31.85051830874183,industry_hub,1,inputs/industry_hubs.csv,,,,,,steel_bf_bof_001,268,Jiangsu
node_00935,114.362039281912,38.255567021048336,industry_hub,1,inputs/industry_hubs.csv,,,,,,steel_bf_bof_002,269,Hebei
node_00936,113.16292959665437,27.76957473620378,industry_hub,1,inputs/industry_hubs.csv,,,,,,steel_bf_bof_003,270,Hunan
node_00937,123.13918531814248,41.112380338127686,industry_hub,1,inputs/industry_hubs.csv,,,,,,steel_bf_bof_004,271,Liaoning
node_00938,114.54395398490742,30.41847424848296,industry_hub,1,inputs/industry_hubs.csv,,,,,,steel_bf_bof_005,272,Hubei
node_00939,110.329038348644,21.15653086090097,industry_hub,1,inputs/industry_hubs.csv,,,,,,steel_bf_bof_006,273,Guangxi
node_00940,119.28082219933164,41.672275626268366,industry_hub,1,inputs/industry_hubs.csv,,,,,,steel_bf_bof_007,274,Liaoning
node_00941,117.98590442637062,34.43901252152243,industry_hub,1,inputs/industry_hubs.csv,,,,,,steel_bf_bof_008,275,Jiangsu
node_00942,117.43605156141945,36.193773980891706,industry_hub,1,inputs/industry_hubs.csv,,,,,,steel_bf_bof_009,276,Shandong
node_00943,113.83486740658049,32.773415298472386,industry_hub,1,inputs/industry_hubs.csv,,,,,,steel_bf_bof_010,277,Henan
node_00944,113.99512508391408,36.55945563982381,industry_hub,1,inputs/industry_hubs.csv,,,,,,steel_bf_bof_011,278,Hebei
node_00945,126.39591336842106,43.797368368421054,industry_hub,1,inputs/industry_hubs.csv,,,,,,steel_bf_bof_012,279,Jilin
node_00946,111.81300951019418,27.73107465834952,industry_hub,1,inputs/industry_hubs.csv,,,,,,steel_bf_bof_013,280,Hunan
node_00947,119.03961732437274,36.82686664874552,industry_hub,1,inputs/industry_hubs.csv,,,,,,steel_bf_bof_014,281,Shandong
node_00948,125.67684835643566,42.02229207920792,industry_hub,1,inputs/industry_hubs.csv,,,,,,steel_bf_bof_015,282,Jilin
node_00949,117.71752923082067,25.012804145746284,industry_hub,1,inputs/industry_hubs.csv,,,,,,steel_bf_bof_016,283,Fujian
node_00950,109.8214332460239,40.66641014065607,industry_hub,1,inputs/industry_hubs.csv,,,,,,steel_bf_bof_017,284,Inner Mongolia
node_00951,120.5472515365854,41.45844537804879,industry_hub,1,inputs/industry_hubs.csv,,,,,,steel_bf_bof_018,285,Liaoning
node_00952,129.28791900000002,47.495036000000006,industry_hub,1,inputs/industry_hubs.csv,,,,,,steel_bf_bof_019,286,Heilongjiang
node_00953,104.30503268190648,29.66289750982048,industry_hub,1,inputs/industry_hubs.csv,,,,,,steel_bf_bof_020,287,Sichuan
node_00954,119.6547736349604,26.3123376841146,industry_hub,1,inputs/industry_hubs.csv,,,,,,steel_bf_bof_021,288,Fujian
node_00955,112.116554352062,37.62833017658456,industry_hub,1,inputs/industry_hubs.csv,,,,,,steel_bf_bof_022,289,Shanxi
node_00956,118.48459070689134,31.74181157474685,industry_hub,1,inputs/industry_hubs.csv,,,,,,steel_bf_bof_023,290,Anhui
node_00957,83.294323,43.526808,industry_hub,1,inputs/industry_hubs.csv,,,,,,steel_bf_bof_024,291,Xinjiang
node_00958,119.39974151066824,35.10470506941131,industry_hub,1,inputs/industry_hubs.csv,,,,,,steel_bf_bof_025,292,Shandong
node_00959,119.16142972277228,33.27798513861387,industry_hub,1,inputs/industry_hubs.csv,,,,,,steel_bf_bof_026,293,Jiangsu
node_00960,103.72011437394956,25.37840636554622,industry_hub,1,inputs/industry_hubs.csv,,,,,,steel_bf_bof_027,294,Yunnan
node_00961,103.98663415730336,36.22971453932585,industry_hub,1,inputs/industry_hubs.csv,,,,,,steel_bf_bof_028,295,Gansu
node_00962,104.877413,26.595229,industry_hub,1,inputs/industry_hubs.csv,,,,,,steel_bf_bof_029,296,Guizhou
node_00963,108.40704654090672,21.63816350755602,industry_hub,1,inputs/industry_hubs.csv,,,,,,steel_bf_bof_030,297,Guangxi
node_00964,113.30546200000002,40.183517,industry_hub,1,inputs/industry_hubs.csv,,,,,,steel_bf_bof_031,298,Shanxi
node_00965,117.6934311685928,40.85564286947655,industry_hub,1,inputs/industry_hubs.csv,,,,,,steel_bf_bof_032,299,Hebei
node_00966,111.12078037718908,35.617674775013946,industry_hub,1,inputs/industry_hubs.csv,,,,,,steel_bf_bof_033,300,Shanxi
node_00967,86.289556,42.53066736842104,industry_hub,1,inputs/industry_hubs.csv,,,,,,steel_bf_bof_034,301,Xinjiang
node_00968,111.534635,33.269324,industry_hub,1,inputs/industry_hubs.csv,,,,,,steel_bf_bof_035,302,Henan
node_00969,101.67373700000002,26.565265,industry_hub,1,inputs/industry_hubs.csv,,,,,,steel_bf_bof_036,303,Sichuan
node_00970,111.64780920689655,22.088340275862063,industry_hub,1,inputs/industry_hubs.csv,,,,,,steel_bf_bof_037,304,Guangdong
node_00971,112.78194993733702,35.48674696823757,industry_hub,1,inputs/industry_hubs.csv,,,,,,steel_bf_bof_038,305,Shanxi
node_00972,98.295555,39.812121,industry_hub,1,inputs/industry_hubs.csv,,,,,,steel_bf_bof_039,306,Gansu
node_00973,122.057788,39.193697,industry_hub,1,inputs/industry_hubs.csv,,,,,,steel_bf_bof_040,307,Liaoning
node_00974,123.616512,47.191285,industry_hub,1,inputs/industry_hubs.csv,,,,,,steel_bf_bof_041,308,Heilongjiang
node_00975,106.94616000000002,22.326361,industry_hub,1,inputs/industry_hubs.csv,,,,,,steel_bf_bof_042,309,Guangxi
node_00976,116.27527000000002,29.778431000000005,industry_hub,1,inputs/industry_hubs.csv,,,,,,steel_bf_bof_043,310,Jiangxi
node_00977,111.3585234776066,23.61706712683626,industry_hub,1,inputs/industry_hubs.csv,,,,,,steel_bf_bof_044,311,Guangxi
node_00978,113.64601306849316,24.65937939726027,industry_hub,1,inputs/industry_hubs.csv,,,,,,steel_bf_bof_045,312,Guangdong
node_00979,113.853979,34.263509,industry_hub,1,inputs/industry_hubs.csv,,,,,,steel_bf_bof_046,313,Henan
node_00980,106.79066277760975,39.54584002376889,industry_hub,1,inputs/industry_hubs.csv,,,,,,steel_bf_bof_047,314,Inner Mongolia
node_00981,102.37154484275358,24.58201958333332,industry_hub,1,inputs/industry_hubs.csv,,,,,,steel_bf_bof_048,315,Yunnan
node_00982,118.86712500000002,28.893407000000007,industry_hub,1,inputs/industry_hubs.csv,,,,,,steel_bf_bof_049,316,Zhejiang
node_00983,115.95496300000002,32.329171,industry_hub,1,inputs/industry_hubs.csv,,,,,,steel_bf_bof_050,317,Anhui
node_00984,116.498483,23.454666,industry_hub,1,inputs/industry_hubs.csv,,,,,,steel_bf_bof_051,318,Guangdong
node_00985,102.20517,27.74799,industry_hub,1,inputs/industry_hubs.csv,,,,,,steel_bf_bof_052,319,Sichuan
node_00986,106.58018276565294,33.167194808586764,industry_hub,1,inputs/industry_hubs.csv,,,,,,steel_bf_bof_053,320,Shaanxi
node_00987,122.063282,46.055685,industry_hub,1,inputs/industry_hubs.csv,,,,,,steel_bf_bof_054,321,Inner Mongolia
node_00988,76.161589,39.14299700000001,industry_hub,1,inputs/industry_hubs.csv,,,,,,steel_bf_bof_055,322,Xinjiang
node_00989,105.07834800000002,37.503054,industry_hub,1,inputs/industry_hubs.csv,,,,,,steel_bf_bof_056,323,Ningxia
node_00990,126.968128,45.562002,industry_hub,1,inputs/industry_hubs.csv,,,,,,steel_bf_bof_057,324,Heilongjiang
node_00991,131.07187700000003,46.60229700000001,industry_hub,1,inputs/industry_hubs.csv,,,,,,steel_bf_bof_058,325,Heilongjiang
node_00992,107.45309899999998,31.18945,industry_hub,1,inputs/industry_hubs.csv,,,,,,steel_bf_bof_059,326,Sichuan
node_00993,87.304639,43.852147,industry_hub,1,inputs/industry_hubs.csv,,,,,,steel_bf_bof_060,327,Xinjiang
node_00994,121.87642300000002,29.918776,industry_hub,1,inputs/industry_hubs.csv,,,,,,steel_bf_bof_061,328,Zhejiang
node_00995,84.966753,44.404189,industry_hub,1,inputs/industry_hubs.csv,,,,,,steel_bf_bof_062,329,Xinjiang
node_00996,107.040368,29.790253,industry_hub,1,inputs/industry_hubs.csv,,,,,,steel_bf_bof_063,330,Chongqing
node_00997,113.198718,21.96092,industry_hub,1,inputs/industry_hubs.csv,,,,,,steel_bf_bof_064,331,Guangdong
node_00998,120.77489199999998,33.211332,industry_hub,1,inputs/industry_hubs.csv,,,,,,steel_bf_bof_065,332,Jiangsu
node_00999,109.37962999999998,24.385304,industry_hub,1,inputs/industry_hubs.csv,,,,,,steel_bf_bof_066,333,Guangxi
node_01000,103.272784,23.470733,industry_hub,1,inputs/industry_hubs.csv,,,,,,steel_bf_bof_067,334,Yunnan
node_01001,93.542466,42.700465,industry_hub,1,inputs/industry_hubs.csv,,,,,,steel_bf_bof_068,335,Xinjiang
node_01002,116.422599,34.013369,industry_hub,1,inputs/industry_hubs.csv,,,,,,steel_bf_bof_069,336,Henan
node_01003,124.335697,43.20023,industry_hub,1,inputs/industry_hubs.csv,,,,,,steel_bf_bof_070,337,Jilin
node_01004,109.63463799999998,23.088182,industry_hub,1,inputs/industry_hubs.csv,,,,,,steel_bf_bof_071,338,Guangxi
node_01005,115.99204,28.645441,industry_hub,1,inputs/industry_hubs.csv,,,,,,steel_bf_bof_072,339,Jiangxi
node_01006,101.671414,36.66856,industry_hub,1,inputs/industry_hubs.csv,,,,,,steel_bf_bof_073,340,Qinghai
node_01007,117.61470900000002,26.261109,industry_hub,1,inputs/industry_hubs.csv,,,,,,steel_bf_bof_074,341,Fujian
node_01008,115.099661,33.364534,industry_hub,1,inputs/industry_hubs.csv,,,,,,steel_bf_bof_075,342,Henan
node_01009,114.008142,31.502210000000005,industry_hub,1,inputs/industry_hubs.csv,,,,,,steel_bf_bof_076,343,Hubei
node_01010,114.92159499999995,27.786859,industry_hub,1,inputs/industry_hubs.csv,,,,,,steel_bf_bof_077,344,Jiangxi
node_01011,112.576853,26.865484,industry_hub,1,inputs/industry_hubs.csv,,,,,,steel_bf_bof_078,345,Hunan
node_01012,117.251147,30.531068,industry_hub,1,inputs/industry_hubs.csv,,,,,,steel_bf_bof_079,346,Anhui
node_01013,111.93319415151517,32.352049939393936,industry_hub,1,inputs/industry_hubs.csv,,,,,,steel_eaf_000,347,Hubei
node_01014,121.65416640804412,38.34276047266583,industry_hub,1,inputs/industry_hubs.csv,,,,,,steel_eaf_001,348,Liaoning
node_01015,120.36934949976708,31.69732571656746,industry_hub,1,inputs/industry_hubs.csv,,,,,,steel_eaf_002,349,Jiangsu
node_01016,119.46492574067209,28.43615683182779,industry_hub,1,inputs/industry_hubs.csv,,,,,,steel_eaf_003,350,Zhejiang
node_01017,114.48751416899049,30.361919074326455,industry_hub,1,inputs/industry_hubs.csv,,,,,,steel_eaf_004,351,Hubei
node_01018,123.34516526679872,46.58982465825185,industry_hub,1,inputs/industry_hubs.csv,,,,,,steel_eaf_005,352,Heilongjiang
node_01019,114.39166710901084,24.1549900519554,industry_hub,1,inputs/industry_hubs.csv,,,,,,steel_eaf_006,353,Guangdong
node_01020,111.80150877633224,23.47478345401237,industry_hub,1,inputs/industry_hubs.csv,,,,,,steel_eaf_007,354,Guangxi
node_01021,119.41032400819428,34.481530327157785,industry_hub,1,inputs/industry_hubs.csv,,,,,,steel_eaf_008,355,Jiangsu
node_01022,104.20051324507467,31.18668187334921,industry_hub,1,inputs/industry_hubs.csv,,,,,,steel_eaf_009,356,Sichuan
node_01023,118.1498895530474,31.11046578329572,industry_hub,1,inputs/industry_hubs.csv,,,,,,steel_eaf_010,357,Anhui
node_01024,109.65284652609334,21.948146929997694,industry_hub,1,inputs/industry_hubs.csv,,,,,,steel_eaf_011,358,Guangxi
node_01025,118.0227006382404,39.41600713195724,industry_hub,1,inputs/industry_hubs.csv,,,,,,steel_eaf_012,359,Hebei
node_01026,104.18329823508049,25.628500366499654,industry_hub,1,inputs/industry_hubs.csv,,,,,,steel_eaf_013,360,Yunnan
node_01027,113.6526171436464,33.74586586187845,industry_hub,1,inputs/industry_hubs.csv,,,,,,steel_eaf_014,361,Henan
node_01028,106.9039854755814,27.487495437209304,industry_hub,1,inputs/industry_hubs.csv,,,,,,steel_eaf_015,362,Guizhou
node_01029,112.99433635580804,37.97520684719216,industry_hub,1,inputs/industry_hubs.csv,,,,,,steel_eaf_016,363,Shanxi
node_01030,111.8361678765874,35.47438374323179,industry_hub,1,inputs/industry_hubs.csv,,,,,,steel_eaf_017,364,Henan
node_01031,105.8681119811761,29.166473438773025,industry_hub,1,inputs/industry_hubs.csv,,,,,,steel_eaf_018,365,Chongqing
node_01032,114.60168379897038,36.71986121256655,industry_hub,1,inputs/industry_hubs.csv,,,,,,steel_eaf_019,366,Hebei
node_01033,117.7119194041812,24.584550533101048,industry_hub,1,inputs/industry_hubs.csv,,,,,,steel_eaf_020,367,Fujian
node_01034,103.922,36.488866,industry_hub,1,inputs/industry_hubs.csv,,,,,,steel_eaf_021,368,Gansu
node_01035,125.6079555,44.051808,industry_hub,1,inputs/industry_hubs.csv,,,,,,steel_eaf_022,369,Jilin
node_01036,115.067516,40.607977,industry_hub,1,inputs/industry_hubs.csv,,,,,,steel_eaf_023,370,Hebei
node_01037,123.60732822922408,41.48662229460417,industry_hub,1,inputs/industry_hubs.csv,,,,,,steel_eaf_024,371,Liaoning
node_01038,102.18636399999998,24.012309,industry_hub,1,inputs/industry_hubs.csv,,,,,,steel_eaf_025,372,Yunnan
node_01039,118.206663,36.5802675,industry_hub,1,inputs/industry_hubs.csv,,,,,,steel_eaf_026,373,Shandong
node_01040,114.921595,27.786859,industry_hub,1,inputs/industry_hubs.csv,,,,,,steel_eaf_027,374,Jiangxi
node_01041,112.576853,26.865484,industry_hub,1,inputs/industry_hubs.csv,,,,,,steel_eaf_028,375,Hunan
node_01042,106.6647525,33.132819,industry_hub,1,inputs/industry_hubs.csv,,,,,,steel_eaf_029,376,Shaanxi
node_01043,116.90889699999998,34.500122,industry_hub,1,inputs/industry_hubs.csv,,,,,,steel_eaf_030,377,Jiangsu
node_01044,87.79006119387755,44.0710954132653,industry_hub,1,inputs/industry_hubs.csv,,,,,,steel_eaf_031,378,Xinjiang
node_01045,116.4151205,32.191602,industry_hub,1,inputs/industry_hubs.csv,,,,,,steel_eaf_032,379,Anhui
node_01046,111.848841,21.697069,industry_hub,1,inputs/industry_hubs.csv,,,,,,steel_eaf_033,380,Guangdong
node_01047,119.73480538013608,26.586714045998797,industry_hub,1,inputs/industry_hubs.csv,,,,,,steel_eaf_034,381,Fujian
node_01048,112.353782,30.3505,industry_hub,1,inputs/industry_hubs.csv,,,,,,steel_eaf_035,382,Hubei
node_01049,103.03770755944056,29.82496978321678,industry_hub,1,inputs/industry_hubs.csv,,,,,,steel_eaf_036,383,Sichuan
node_01050,109.986042,34.523278,industry_hub,1,inputs/industry_hubs.csv,,,,,,steel_eaf_037,384,Shaanxi
node_01051,107.685981,31.435149,industry_hub,1,inputs/industry_hubs.csv,,,,,,steel_eaf_038,385,Sichuan
node_01052,98.295555,39.812121,industry_hub,1,inputs/industry_hubs.csv,,,,,,steel_eaf_039,386,Gansu
