scenario_id,hydrology_model,gcm,ssp,planning_year,basin_code,domestic_m3_per_year,irrigation_m3_per_year,dry_season_domestic_m3_per_year,dry_season_irrigation_m3_per_year,dry_season_start_month,unit,source,year_basis
cwatm|gfdl-esm4|ssp126,cwatm,gfdl-esm4,ssp126,2030,A,3211981584.173186,22031520518.51411,3211981584.173186,9758159696.312191,12,m3/yr,"data/water/cwatm_gfdl-esm4_w5e5_ssp126_2015soc-from-histsoc_default_{pdomuse,ptotuse,pinduse,pliveuse}_global_monthly_2015_2100.nc",2021-2030
cwatm|gfdl-esm4|ssp126,cwatm,gfdl-esm4,ssp126,2030,C,3838977056.7259235,29543405444.26953,3838977056.7259235,10138069166.615465,11,m3/yr,"data/water/cwatm_gfdl-esm4_w5e5_ssp126_2015soc-from-histsoc_default_{pdomuse,ptotuse,pinduse,pliveuse}_global_monthly_2015_2100.nc",2021-2030
cwatm|gfdl-esm4|ssp126,cwatm,gfdl-esm4,ssp126,2030,D,2785009758.145506,21368441408.543003,2785009758.145506,4896061333.909931,11,m3/yr,"data/water/cwatm_gfdl-esm4_w5e5_ssp126_2015soc-from-histsoc_default_{pdomuse,ptotuse,pinduse,pliveuse}_global_monthly_2015_2100.nc",2021-2030
cwatm|gfdl-esm4|ssp126,cwatm,gfdl-esm4,ssp126,2030,E,5031814122.949176,45518781304.56227,5031814122.949175,40560440571.40199,12,m3/yr,"data/water/cwatm_gfdl-esm4_w5e5_ssp126_2015soc-from-histsoc_default_{pdomuse,ptotuse,pinduse,pliveuse}_global_monthly_2015_2100.nc",2021-2030
cwatm|gfdl-esm4|ssp126,cwatm,gfdl-esm4,ssp126,2030,F,11431294359.28786,80311837149.37724,11431294359.28786,56767448672.07364,12,m3/yr,"data/water/cwatm_gfdl-esm4_w5e5_ssp126_2015soc-from-histsoc_default_{pdomuse,ptotuse,pinduse,pliveuse}_global_monthly_2015_2100.nc",2021-2030
cwatm|gfdl-esm4|ssp126,cwatm,gfdl-esm4,ssp126,2030,G,3603510574.8719387,8710419329.24567,3603510574.8719387,8785013205.047646,11,m3/yr,"data/water/cwatm_gfdl-esm4_w5e5_ssp126_2015soc-from-histsoc_default_{pdomuse,ptotuse,pinduse,pliveuse}_global_monthly_2015_2100.nc",2021-2030
cwatm|gfdl-esm4|ssp126,cwatm,gfdl-esm4,ssp126,2030,H,4331860324.314987,12958721066.888823,4331860324.314987,16655490874.503126,12,m3/yr,"data/water/cwatm_gfdl-esm4_w5e5_ssp126_2015soc-from-histsoc_default_{pdomuse,ptotuse,pinduse,pliveuse}_global_monthly_2015_2100.nc",2021-2030
cwatm|gfdl-esm4|ssp126,cwatm,gfdl-esm4,ssp126,2030,J,630619260.020119,1871158833.6235948,630619260.020119,3218260534.1660495,12,m3/yr,"data/water/cwatm_gfdl-esm4_w5e5_ssp126_2015soc-from-histsoc_default_{pdomuse,ptotuse,pinduse,pliveuse}_global_monthly_2015_2100.nc",2021-2030
cwatm|gfdl-esm4|ssp126,cwatm,gfdl-esm4,ssp126,2030,K,1116881323.527132,29640471674.423855,1116881323.527132,3251458092.615868,11,m3/yr,"data/water/cwatm_gfdl-esm4_w5e5_ssp126_2015soc-from-histsoc_default_{pdomuse,ptotuse,pinduse,pliveuse}_global_monthly_2015_2100.nc",2021-2030
cwatm|gfdl-esm4|ssp126,cwatm,gfdl-esm4,ssp126,2040,A,3211103512.7554817,24322397234.73907,3211103512.7554817,1981241791.13484,11,m3/yr,"data/water/cwatm_gfdl-esm4_w5e5_ssp126_2015soc-from-histsoc_default_{pdomuse,ptotuse,pinduse,pliveuse}_global_monthly_2015_2100.nc",2031-2040
cwatm|gfdl-esm4|ssp126,cwatm,gfdl-esm4,ssp126,2040,C,3837927584.5686245,36706655384.0801,3837927584.5686245,14660042070.076523,11,m3/yr,"data/water/cwatm_gfdl-esm4_w5e5_ssp126_2015soc-from-histsoc_default_{pdomuse,ptotuse,pinduse,pliveuse}_global_monthly_2015_2100.nc",2031-2040
cwatm|gfdl-esm4|ssp126,cwatm,gfdl-esm4,ssp126,2040,D,2784248413.592388,22806101364.906025,2784248413.592388,4492538645.222893,11,m3/yr,"data/water/cwatm_gfdl-esm4_w5e5_ssp126_2015soc-from-histsoc_default_{pdomuse,ptotuse,pinduse,pliveuse}_global_monthly_2015_2100.nc",2031-2040
cwatm|gfdl-esm4|ssp126,cwatm,gfdl-esm4,ssp126,2040,E,5030438557.150638,48923400766.55998,5030438557.150638,42787528936.679794,12,m3/yr,"data/water/cwatm_gfdl-esm4_w5e5_ssp126_2015soc-from-histsoc_default_{pdomuse,ptotuse,pinduse,pliveuse}_global_monthly_2015_2100.nc",2031-2040
cwatm|gfdl-esm4|ssp126,cwatm,gfdl-esm4,ssp126,2040,F,11428169346.99983,83486770398.88412,11428169346.999828,63270600580.080376,11,m3/yr,"data/water/cwatm_gfdl-esm4_w5e5_ssp126_2015soc-from-histsoc_default_{pdomuse,ptotuse,pinduse,pliveuse}_global_monthly_2015_2100.nc",2031-2040
cwatm|gfdl-esm4|ssp126,cwatm,gfdl-esm4,ssp126,2040,G,3602525476.167685,9336714761.577553,3602525476.1676855,10009883070.805107,11,m3/yr,"data/water/cwatm_gfdl-esm4_w5e5_ssp126_2015soc-from-histsoc_default_{pdomuse,ptotuse,pinduse,pliveuse}_global_monthly_2015_2100.nc",2031-2040
cwatm|gfdl-esm4|ssp126,cwatm,gfdl-esm4,ssp126,2040,H,4330676107.032385,16164561206.972982,4330676107.032385,22895578204.575745,11,m3/yr,"data/water/cwatm_gfdl-esm4_w5e5_ssp126_2015soc-from-histsoc_default_{pdomuse,ptotuse,pinduse,pliveuse}_global_monthly_2015_2100.nc",2031-2040
cwatm|gfdl-esm4|ssp126,cwatm,gfdl-esm4,ssp126,2040,J,630446866.2425641,2081406202.0005217,630446866.2425641,3359030814.730958,12,m3/yr,"data/water/cwatm_gfdl-esm4_w5e5_ssp126_2015soc-from-histsoc_default_{pdomuse,ptotuse,pinduse,pliveuse}_global_monthly_2015_2100.nc",2031-2040
cwatm|gfdl-esm4|ssp126,cwatm,gfdl-esm4,ssp126,2040,K,1116575998.5761828,30806839283.243847,1116575998.5761828,3533328920.094718,11,m3/yr,"data/water/cwatm_gfdl-esm4_w5e5_ssp126_2015soc-from-histsoc_default_{pdomuse,ptotuse,pinduse,pliveuse}_global_monthly_2015_2100.nc",2031-2040
cwatm|gfdl-esm4|ssp126,cwatm,gfdl-esm4,ssp126,2050,A,3211981584.173186,25780718745.18288,3211981584.173186,1707165411.838337,11,m3/yr,"data/water/cwatm_gfdl-esm4_w5e5_ssp126_2015soc-from-histsoc_default_{pdomuse,ptotuse,pinduse,pliveuse}_global_monthly_2015_2100.nc",2041-2050
cwatm|gfdl-esm4|ssp126,cwatm,gfdl-esm4,ssp126,2050,C,3838977056.7259235,39165189164.83405,3838977056.7259235,16006769399.295275,11,m3/yr,"data/water/cwatm_gfdl-esm4_w5e5_ssp126_2015soc-from-histsoc_default_{pdomuse,ptotuse,pinduse,pliveuse}_global_monthly_2015_2100.nc",2041-2050
cwatm|gfdl-esm4|ssp126,cwatm,gfdl-esm4,ssp126,2050,D,2785009758.145506,23084316800.01511,2785009758.145506,5383937303.638338,11,m3/yr,"data/water/cwatm_gfdl-esm4_w5e5_ssp126_2015soc-from-histsoc_default_{pdomuse,ptotuse,pinduse,pliveuse}_global_monthly_2015_2100.nc",2041-2050
cwatm|gfdl-esm4|ssp126,cwatm,gfdl-esm4,ssp126,2050,E,5031814122.949176,54986845027.561005,5031814122.949175,45667588402.658875,12,m3/yr,"data/water/cwatm_gfdl-esm4_w5e5_ssp126_2015soc-from-histsoc_default_{pdomuse,ptotuse,pinduse,pliveuse}_global_monthly_2015_2100.nc",2041-2050
cwatm|gfdl-esm4|ssp126,cwatm,gfdl-esm4,ssp126,2050,F,11431294359.28786,88695513287.71567,11431294359.28786,64957539422.76247,11,m3/yr,"data/water/cwatm_gfdl-esm4_w5e5_ssp126_2015soc-from-histsoc_default_{pdomuse,ptotuse,pinduse,pliveuse}_global_monthly_2015_2100.nc",2041-2050
cwatm|gfdl-esm4|ssp126,cwatm,gfdl-esm4,ssp126,2050,G,3603510574.8719387,9664856532.40456,3603510574.8719387,10114655198.824158,11,m3/yr,"data/water/cwatm_gfdl-esm4_w5e5_ssp126_2015soc-from-histsoc_default_{pdomuse,ptotuse,pinduse,pliveuse}_global_monthly_2015_2100.nc",2041-2050
cwatm|gfdl-esm4|ssp126,cwatm,gfdl-esm4,ssp126,2050,H,4331860324.314987,16200604591.596529,4331860324.314987,20439683941.65747,12,m3/yr,"data/water/cwatm_gfdl-esm4_w5e5_ssp126_2015soc-from-histsoc_default_{pdomuse,ptotuse,pinduse,pliveuse}_global_monthly_2015_2100.nc",2041-2050
cwatm|gfdl-esm4|ssp126,cwatm,gfdl-esm4,ssp126,2050,J,630619260.020119,1973710042.4187145,630619260.020119,3307017337.0263095,12,m3/yr,"data/water/cwatm_gfdl-esm4_w5e5_ssp126_2015soc-from-histsoc_default_{pdomuse,ptotuse,pinduse,pliveuse}_global_monthly_2015_2100.nc",2041-2050
cwatm|gfdl-esm4|ssp126,cwatm,gfdl-esm4,ssp126,2050,K,1116881323.527132,27294752824.154476,1116881323.527132,2758627167.7282596,11,m3/yr,"data/water/cwatm_gfdl-esm4_w5e5_ssp126_2015soc-from-histsoc_default_{pdomuse,ptotuse,pinduse,pliveuse}_global_monthly_2015_2100.nc",2041-2050
cwatm|gfdl-esm4|ssp126,cwatm,gfdl-esm4,ssp126,2060,A,3211103512.7554817,23587863597.878574,3211103512.7554817,2457330188.4340057,11,m3/yr,"data/water/cwatm_gfdl-esm4_w5e5_ssp126_2015soc-from-histsoc_default_{pdomuse,ptotuse,pinduse,pliveuse}_global_monthly_2015_2100.nc",2051-2060
cwatm|gfdl-esm4|ssp126,cwatm,gfdl-esm4,ssp126,2060,C,3837927584.5686245,33500016548.50019,3837927584.5686245,13422645781.240753,11,m3/yr,"data/water/cwatm_gfdl-esm4_w5e5_ssp126_2015soc-from-histsoc_default_{pdomuse,ptotuse,pinduse,pliveuse}_global_monthly_2015_2100.nc",2051-2060
cwatm|gfdl-esm4|ssp126,cwatm,gfdl-esm4,ssp126,2060,D,2784248413.592388,21478793851.72137,2784248413.592388,3589102540.96332,11,m3/yr,"data/water/cwatm_gfdl-esm4_w5e5_ssp126_2015soc-from-histsoc_default_{pdomuse,ptotuse,pinduse,pliveuse}_global_monthly_2015_2100.nc",2051-2060
cwatm|gfdl-esm4|ssp126,cwatm,gfdl-esm4,ssp126,2060,E,5030438557.150638,44134585261.19541,5030438557.150638,36751142720.84108,12,m3/yr,"data/water/cwatm_gfdl-esm4_w5e5_ssp126_2015soc-from-histsoc_default_{pdomuse,ptotuse,pinduse,pliveuse}_global_monthly_2015_2100.nc",2051-2060
cwatm|gfdl-esm4|ssp126,cwatm,gfdl-esm4,ssp126,2060,F,11428169346.99983,85132549040.60767,11428169346.999828,60793195897.28423,12,m3/yr,"data/water/cwatm_gfdl-esm4_w5e5_ssp126_2015soc-from-histsoc_default_{pdomuse,ptotuse,pinduse,pliveuse}_global_monthly_2015_2100.nc",2051-2060
cwatm|gfdl-esm4|ssp126,cwatm,gfdl-esm4,ssp126,2060,G,3602525476.167685,9880788747.351994,3602525476.1676855,9787485229.331715,11,m3/yr,"data/water/cwatm_gfdl-esm4_w5e5_ssp126_2015soc-from-histsoc_default_{pdomuse,ptotuse,pinduse,pliveuse}_global_monthly_2015_2100.nc",2051-2060
cwatm|gfdl-esm4|ssp126,cwatm,gfdl-esm4,ssp126,2060,H,4330676107.032385,15380820973.791285,4330676107.032385,21803542065.80339,11,m3/yr,"data/water/cwatm_gfdl-esm4_w5e5_ssp126_2015soc-from-histsoc_default_{pdomuse,ptotuse,pinduse,pliveuse}_global_monthly_2015_2100.nc",2051-2060
cwatm|gfdl-esm4|ssp126,cwatm,gfdl-esm4,ssp126,2060,J,630446866.2425641,1828693335.5310102,630446866.2425641,3050117678.165754,12,m3/yr,"data/water/cwatm_gfdl-esm4_w5e5_ssp126_2015soc-from-histsoc_default_{pdomuse,ptotuse,pinduse,pliveuse}_global_monthly_2015_2100.nc",2051-2060
cwatm|gfdl-esm4|ssp126,cwatm,gfdl-esm4,ssp126,2060,K,1116575998.5761828,28720410912.70197,1116575998.5761828,3384854602.6684523,11,m3/yr,"data/water/cwatm_gfdl-esm4_w5e5_ssp126_2015soc-from-histsoc_default_{pdomuse,ptotuse,pinduse,pliveuse}_global_monthly_2015_2100.nc",2051-2060
cwatm|gfdl-esm4|ssp370,cwatm,gfdl-esm4,ssp370,2030,A,3211981584.173186,22731466964.253128,3211981584.173186,1803942267.6897316,11,m3/yr,"data/water/cwatm_gfdl-esm4_w5e5_ssp370_2015soc-from-histsoc_default_{pdomuse,ptotuse,pinduse,pliveuse}_global_monthly_2015_2100.nc",2021-2030
cwatm|gfdl-esm4|ssp370,cwatm,gfdl-esm4,ssp370,2030,C,3838977056.7259235,26936008987.80033,3838977056.7259235,8266037530.046244,11,m3/yr,"data/water/cwatm_gfdl-esm4_w5e5_ssp370_2015soc-from-histsoc_default_{pdomuse,ptotuse,pinduse,pliveuse}_global_monthly_2015_2100.nc",2021-2030
cwatm|gfdl-esm4|ssp370,cwatm,gfdl-esm4,ssp370,2030,D,2785009758.145506,20315876034.061718,2785009758.145506,2540213540.6328697,11,m3/yr,"data/water/cwatm_gfdl-esm4_w5e5_ssp370_2015soc-from-histsoc_default_{pdomuse,ptotuse,pinduse,pliveuse}_global_monthly_2015_2100.nc",2021-2030
cwatm|gfdl-esm4|ssp370,cwatm,gfdl-esm4,ssp370,2030,E,5031814122.949176,43059576880.43689,5031814122.949175,47485909245.77638,1,m3/yr,"data/water/cwatm_gfdl-esm4_w5e5_ssp370_2015soc-from-histsoc_default_{pdomuse,ptotuse,pinduse,pliveuse}_global_monthly_2015_2100.nc",2021-2030
cwatm|gfdl-esm4|ssp370,cwatm,gfdl-esm4,ssp370,2030,F,11431294359.28786,79404928599.66313,11431294359.28786,59364435740.66371,11,m3/yr,"data/water/cwatm_gfdl-esm4_w5e5_ssp370_2015soc-from-histsoc_default_{pdomuse,ptotuse,pinduse,pliveuse}_global_monthly_2015_2100.nc",2021-2030
cwatm|gfdl-esm4|ssp370,cwatm,gfdl-esm4,ssp370,2030,G,3603510574.8719387,8988287364.213406,3603510574.8719387,9281875981.618881,11,m3/yr,"data/water/cwatm_gfdl-esm4_w5e5_ssp370_2015soc-from-histsoc_default_{pdomuse,ptotuse,pinduse,pliveuse}_global_monthly_2015_2100.nc",2021-2030
cwatm|gfdl-esm4|ssp370,cwatm,gfdl-esm4,ssp370,2030,H,4331860324.314987,14798171207.298365,4331860324.314987,19048827098.887154,11,m3/yr,"data/water/cwatm_gfdl-esm4_w5e5_ssp370_2015soc-from-histsoc_default_{pdomuse,ptotuse,pinduse,pliveuse}_global_monthly_2015_2100.nc",2021-2030
cwatm|gfdl-esm4|ssp370,cwatm,gfdl-esm4,ssp370,2030,J,630619260.020119,1970906713.856648,630619260.020119,3239510033.0629582,12,m3/yr,"data/water/cwatm_gfdl-esm4_w5e5_ssp370_2015soc-from-histsoc_default_{pdomuse,ptotuse,pinduse,pliveuse}_global_monthly_2015_2100.nc",2021-2030
cwatm|gfdl-esm4|ssp370,cwatm,gfdl-esm4,ssp370,2030,K,1116881323.527132,28330628213.194405,1116881323.527132,2331093614.4177413,11,m3/yr,"data/water/cwatm_gfdl-esm4_w5e5_ssp370_2015soc-from-histsoc_default_{pdomuse,ptotuse,pinduse,pliveuse}_global_monthly_2015_2100.nc",2021-2030
cwatm|gfdl-esm4|ssp370,cwatm,gfdl-esm4,ssp370,2040,A,3211103512.7554817,26055596702.80108,3211103512.7554817,1423404893.7579136,11,m3/yr,"data/water/cwatm_gfdl-esm4_w5e5_ssp370_2015soc-from-histsoc_default_{pdomuse,ptotuse,pinduse,pliveuse}_global_monthly_2015_2100.nc",2031-2040
cwatm|gfdl-esm4|ssp370,cwatm,gfdl-esm4,ssp370,2040,C,3837927584.5686245,34326487781.393845,3837927584.5686245,11552879965.889183,11,m3/yr,"data/water/cwatm_gfdl-esm4_w5e5_ssp370_2015soc-from-histsoc_default_{pdomuse,ptotuse,pinduse,pliveuse}_global_monthly_2015_2100.nc",2031-2040
cwatm|gfdl-esm4|ssp370,cwatm,gfdl-esm4,ssp370,2040,D,2784248413.592388,21921827441.184097,2784248413.592388,3599367922.4788475,11,m3/yr,"data/water/cwatm_gfdl-esm4_w5e5_ssp370_2015soc-from-histsoc_default_{pdomuse,ptotuse,pinduse,pliveuse}_global_monthly_2015_2100.nc",2031-2040
cwatm|gfdl-esm4|ssp370,cwatm,gfdl-esm4,ssp370,2040,E,5030438557.150638,46365342673.63793,5030438557.150638,41890859398.32202,12,m3/yr,"data/water/cwatm_gfdl-esm4_w5e5_ssp370_2015soc-from-histsoc_default_{pdomuse,ptotuse,pinduse,pliveuse}_global_monthly_2015_2100.nc",2031-2040
cwatm|gfdl-esm4|ssp370,cwatm,gfdl-esm4,ssp370,2040,F,11428169346.99983,83495706153.3074,11428169346.999828,63078103493.8231,11,m3/yr,"data/water/cwatm_gfdl-esm4_w5e5_ssp370_2015soc-from-histsoc_default_{pdomuse,ptotuse,pinduse,pliveuse}_global_monthly_2015_2100.nc",2031-2040
cwatm|gfdl-esm4|ssp370,cwatm,gfdl-esm4,ssp370,2040,G,3602525476.167685,9003997195.708614,3602525476.1676855,8951581633.663311,11,m3/yr,"data/water/cwatm_gfdl-esm4_w5e5_ssp370_2015soc-from-histsoc_default_{pdomuse,ptotuse,pinduse,pliveuse}_global_monthly_2015_2100.nc",2031-2040
cwatm|gfdl-esm4|ssp370,cwatm,gfdl-esm4,ssp370,2040,H,4330676107.032385,14750500274.956266,4330676107.032385,19345965720.58658,11,m3/yr,"data/water/cwatm_gfdl-esm4_w5e5_ssp370_2015soc-from-histsoc_default_{pdomuse,ptotuse,pinduse,pliveuse}_global_monthly_2015_2100.nc",2031-2040
cwatm|gfdl-esm4|ssp370,cwatm,gfdl-esm4,ssp370,2040,J,630446866.2425641,1941506624.2911873,630446866.2425641,2985724560.7054815,12,m3/yr,"data/water/cwatm_gfdl-esm4_w5e5_ssp370_2015soc-from-histsoc_default_{pdomuse,ptotuse,pinduse,pliveuse}_global_monthly_2015_2100.nc",2031-2040
cwatm|gfdl-esm4|ssp370,cwatm,gfdl-esm4,ssp370,2040,K,1116575998.5761828,30273130293.29719,1116575998.5761828,3549650711.5199614,11,m3/yr,"data/water/cwatm_gfdl-esm4_w5e5_ssp370_2015soc-from-histsoc_default_{pdomuse,ptotuse,pinduse,pliveuse}_global_monthly_2015_2100.nc",2031-2040
cwatm|gfdl-esm4|ssp370,cwatm,gfdl-esm4,ssp370,2050,A,3211981584.173186,24996242850.323906,3211981584.173186,2954622606.462246,11,m3/yr,"data/water/cwatm_gfdl-esm4_w5e5_ssp370_2015soc-from-histsoc_default_{pdomuse,ptotuse,pinduse,pliveuse}_global_monthly_2015_2100.nc",2041-2050
cwatm|gfdl-esm4|ssp370,cwatm,gfdl-esm4,ssp370,2050,C,3838977056.7259235,30847593735.073105,3838977056.7259235,8579972700.046457,11,m3/yr,"data/water/cwatm_gfdl-esm4_w5e5_ssp370_2015soc-from-histsoc_default_{pdomuse,ptotuse,pinduse,pliveuse}_global_monthly_2015_2100.nc",2041-2050
cwatm|gfdl-esm4|ssp370,cwatm,gfdl-esm4,ssp370,2050,D,2785009758.145506,19275932796.784805,2785009758.145506,2047465975.6418571,11,m3/yr,"data/water/cwatm_gfdl-esm4_w5e5_ssp370_2015soc-from-histsoc_default_{pdomuse,ptotuse,pinduse,pliveuse}_global_monthly_2015_2100.nc",2041-2050
cwatm|gfdl-esm4|ssp370,cwatm,gfdl-esm4,ssp370,2050,E,5031814122.949176,48178854232.37587,5031814122.949175,29922615744.491962,12,m3/yr,"data/water/cwatm_gfdl-esm4_w5e5_ssp370_2015soc-from-histsoc_default_{pdomuse,ptotuse,pinduse,pliveuse}_global_monthly_2015_2100.nc",2041-2050
cwatm|gfdl-esm4|ssp370,cwatm,gfdl-esm4,ssp370,2050,F,11431294359.28786,79810427715.60689,11431294359.28786,57010429605.38512,11,m3/yr,"data/water/cwatm_gfdl-esm4_w5e5_ssp370_2015soc-from-histsoc_default_{pdomuse,ptotuse,pinduse,pliveuse}_global_monthly_2015_2100.nc",2041-2050
cwatm|gfdl-esm4|ssp370,cwatm,gfdl-esm4,ssp370,2050,G,3603510574.8719387,8791871819.185478,3603510574.8719387,8406331138.349776,11,m3/yr,"data/water/cwatm_gfdl-esm4_w5e5_ssp370_2015soc-from-histsoc_default_{pdomuse,ptotuse,pinduse,pliveuse}_global_monthly_2015_2100.nc",2041-2050
cwatm|gfdl-esm4|ssp370,cwatm,gfdl-esm4,ssp370,2050,H,4331860324.314987,14187456548.019026,4331860324.314987,17090870302.48282,12,m3/yr,"data/water/cwatm_gfdl-esm4_w5e5_ssp370_2015soc-from-histsoc_default_{pdomuse,ptotuse,pinduse,pliveuse}_global_monthly_2015_2100.nc",2041-2050
cwatm|gfdl-esm4|ssp370,cwatm,gfdl-esm4,ssp370,2050,J,630619260.020119,1997069133.2625356,630619260.020119,3196585225.6621466,12,m3/yr,"data/water/cwatm_gfdl-esm4_w5e5_ssp370_2015soc-from-histsoc_default_{pdomuse,ptotuse,pinduse,pliveuse}_global_monthly_2015_2100.nc",2041-2050
cwatm|gfdl-esm4|ssp370,cwatm,gfdl-esm4,ssp370,2050,K,1116881323.527132,27114084218.606354,1116881323.527132,1976480370.8332372,11,m3/yr,"data/water/cwatm_gfdl-esm4_w5e5_ssp370_2015soc-from-histsoc_default_{pdomuse,ptotuse,pinduse,pliveuse}_global_monthly_2015_2100.nc",2041-2050
cwatm|gfdl-esm4|ssp370,cwatm,gfdl-esm4,ssp370,2060,A,3211103512.7554817,22417614578.29133,3211103512.7554817,3890840034.8495865,11,m3/yr,"data/water/cwatm_gfdl-esm4_w5e5_ssp370_2015soc-from-histsoc_default_{pdomuse,ptotuse,pinduse,pliveuse}_global_monthly_2015_2100.nc",2051-2060
cwatm|gfdl-esm4|ssp370,cwatm,gfdl-esm4,ssp370,2060,C,3837927584.5686245,25146009407.768394,3837927584.5686245,8306459112.476284,11,m3/yr,"data/water/cwatm_gfdl-esm4_w5e5_ssp370_2015soc-from-histsoc_default_{pdomuse,ptotuse,pinduse,pliveuse}_global_monthly_2015_2100.nc",2051-2060
cwatm|gfdl-esm4|ssp370,cwatm,gfdl-esm4,ssp370,2060,D,2784248413.592388,16862921816.680584,2784248413.592388,2821573499.147541,11,m3/yr,"data/water/cwatm_gfdl-esm4_w5e5_ssp370_2015soc-from-histsoc_default_{pdomuse,ptotuse,pinduse,pliveuse}_global_monthly_2015_2100.nc",2051-2060
cwatm|gfdl-esm4|ssp370,cwatm,gfdl-esm4,ssp370,2060,E,5030438557.150638,36655685368.44801,5030438557.150638,26034431175.89325,12,m3/yr,"data/water/cwatm_gfdl-esm4_w5e5_ssp370_2015soc-from-histsoc_default_{pdomuse,ptotuse,pinduse,pliveuse}_global_monthly_2015_2100.nc",2051-2060
cwatm|gfdl-esm4|ssp370,cwatm,gfdl-esm4,ssp370,2060,F,11428169346.99983,78599103227.95984,11428169346.999828,60947463333.66999,11,m3/yr,"data/water/cwatm_gfdl-esm4_w5e5_ssp370_2015soc-from-histsoc_default_{pdomuse,ptotuse,pinduse,pliveuse}_global_monthly_2015_2100.nc",2051-2060
cwatm|gfdl-esm4|ssp370,cwatm,gfdl-esm4,ssp370,2060,G,3602525476.167685,9548826710.105495,3602525476.1676855,9965695012.460712,11,m3/yr,"data/water/cwatm_gfdl-esm4_w5e5_ssp370_2015soc-from-histsoc_default_{pdomuse,ptotuse,pinduse,pliveuse}_global_monthly_2015_2100.nc",2051-2060
cwatm|gfdl-esm4|ssp370,cwatm,gfdl-esm4,ssp370,2060,H,4330676107.032385,14324988730.167864,4330676107.032385,19767584776.357613,11,m3/yr,"data/water/cwatm_gfdl-esm4_w5e5_ssp370_2015soc-from-histsoc_default_{pdomuse,ptotuse,pinduse,pliveuse}_global_monthly_2015_2100.nc",2051-2060
cwatm|gfdl-esm4|ssp370,cwatm,gfdl-esm4,ssp370,2060,J,630446866.2425641,1797619765.1766677,630446866.2425641,3143841827.4149027,12,m3/yr,"data/water/cwatm_gfdl-esm4_w5e5_ssp370_2015soc-from-histsoc_default_{pdomuse,ptotuse,pinduse,pliveuse}_global_monthly_2015_2100.nc",2051-2060
cwatm|gfdl-esm4|ssp370,cwatm,gfdl-esm4,ssp370,2060,K,1116575998.5761828,26083494817.37675,1116575998.5761828,2909194150.195426,11,m3/yr,"data/water/cwatm_gfdl-esm4_w5e5_ssp370_2015soc-from-histsoc_default_{pdomuse,ptotuse,pinduse,pliveuse}_global_monthly_2015_2100.nc",2051-2060
cwatm|ipsl-cm6a-lr|ssp126,cwatm,ipsl-cm6a-lr,ssp126,2030,A,3211981584.173186,18837880655.969116,3211981584.173186,2129351505.4428024,12,m3/yr,"data/water/cwatm_ipsl-cm6a-lr_w5e5_ssp126_2015soc-from-histsoc_default_{pdomuse,ptotuse,pinduse,pliveuse}_global_monthly_2015_2100.nc",2021-2030
cwatm|ipsl-cm6a-lr|ssp126,cwatm,ipsl-cm6a-lr,ssp126,2030,C,3838977056.7259235,28123211581.068367,3838977056.7259235,11470992683.07419,11,m3/yr,"data/water/cwatm_ipsl-cm6a-lr_w5e5_ssp126_2015soc-from-histsoc_default_{pdomuse,ptotuse,pinduse,pliveuse}_global_monthly_2015_2100.nc",2021-2030
cwatm|ipsl-cm6a-lr|ssp126,cwatm,ipsl-cm6a-lr,ssp126,2030,D,2785009758.145506,20593245893.648396,2785009758.145506,5949810965.5619545,11,m3/yr,"data/water/cwatm_ipsl-cm6a-lr_w5e5_ssp126_2015soc-from-histsoc_default_{pdomuse,ptotuse,pinduse,pliveuse}_global_monthly_2015_2100.nc",2021-2030
cwatm|ipsl-cm6a-lr|ssp126,cwatm,ipsl-cm6a-lr,ssp126,2030,E,5031814122.949176,45897531818.53331,5031814122.949175,44502941951.86537,12,m3/yr,"data/water/cwatm_ipsl-cm6a-lr_w5e5_ssp126_2015soc-from-histsoc_default_{pdomuse,ptotuse,pinduse,pliveuse}_global_monthly_2015_2100.nc",2021-2030
cwatm|ipsl-cm6a-lr|ssp126,cwatm,ipsl-cm6a-lr,ssp126,2030,F,11431294359.28786,83005980520.35118,11431294359.28786,65661044439.77962,12,m3/yr,"data/water/cwatm_ipsl-cm6a-lr_w5e5_ssp126_2015soc-from-histsoc_default_{pdomuse,ptotuse,pinduse,pliveuse}_global_monthly_2015_2100.nc",2021-2030
cwatm|ipsl-cm6a-lr|ssp126,cwatm,ipsl-cm6a-lr,ssp126,2030,G,3603510574.8719387,9285641310.320244,3603510574.8719387,10461657364.224049,11,m3/yr,"data/water/cwatm_ipsl-cm6a-lr_w5e5_ssp126_2015soc-from-histsoc_default_{pdomuse,ptotuse,pinduse,pliveuse}_global_monthly_2015_2100.nc",2021-2030
cwatm|ipsl-cm6a-lr|ssp126,cwatm,ipsl-cm6a-lr,ssp126,2030,H,4331860324.314987,15031686955.777903,4331860324.314987,19623325787.11277,12,m3/yr,"data/water/cwatm_ipsl-cm6a-lr_w5e5_ssp126_2015soc-from-histsoc_default_{pdomuse,ptotuse,pinduse,pliveuse}_global_monthly_2015_2100.nc",2021-2030
cwatm|ipsl-cm6a-lr|ssp126,cwatm,ipsl-cm6a-lr,ssp126,2030,J,630619260.020119,1882865510.206627,630619260.020119,3240752678.837958,12,m3/yr,"data/water/cwatm_ipsl-cm6a-lr_w5e5_ssp126_2015soc-from-histsoc_default_{pdomuse,ptotuse,pinduse,pliveuse}_global_monthly_2015_2100.nc",2021-2030
cwatm|ipsl-cm6a-lr|ssp126,cwatm,ipsl-cm6a-lr,ssp126,2030,K,1116881323.527132,27698715693.53871,1116881323.527132,5788731668.628002,11,m3/yr,"data/water/cwatm_ipsl-cm6a-lr_w5e5_ssp126_2015soc-from-histsoc_default_{pdomuse,ptotuse,pinduse,pliveuse}_global_monthly_2015_2100.nc",2021-2030
cwatm|ipsl-cm6a-lr|ssp126,cwatm,ipsl-cm6a-lr,ssp126,2040,A,3211103512.7554817,22320760894.0886,3211103512.7554817,1017082837.2390862,11,m3/yr,"data/water/cwatm_ipsl-cm6a-lr_w5e5_ssp126_2015soc-from-histsoc_default_{pdomuse,ptotuse,pinduse,pliveuse}_global_monthly_2015_2100.nc",2031-2040
cwatm|ipsl-cm6a-lr|ssp126,cwatm,ipsl-cm6a-lr,ssp126,2040,C,3837927584.5686245,29792480461.11576,3837927584.5686245,10361181294.253159,11,m3/yr,"data/water/cwatm_ipsl-cm6a-lr_w5e5_ssp126_2015soc-from-histsoc_default_{pdomuse,ptotuse,pinduse,pliveuse}_global_monthly_2015_2100.nc",2031-2040
cwatm|ipsl-cm6a-lr|ssp126,cwatm,ipsl-cm6a-lr,ssp126,2040,D,2784248413.592388,18423990268.588383,2784248413.592388,2333867441.7924213,11,m3/yr,"data/water/cwatm_ipsl-cm6a-lr_w5e5_ssp126_2015soc-from-histsoc_default_{pdomuse,ptotuse,pinduse,pliveuse}_global_monthly_2015_2100.nc",2031-2040
cwatm|ipsl-cm6a-lr|ssp126,cwatm,ipsl-cm6a-lr,ssp126,2040,E,5030438557.150638,42328628880.19891,5030438557.150638,36798946659.90886,12,m3/yr,"data/water/cwatm_ipsl-cm6a-lr_w5e5_ssp126_2015soc-from-histsoc_default_{pdomuse,ptotuse,pinduse,pliveuse}_global_monthly_2015_2100.nc",2031-2040
cwatm|ipsl-cm6a-lr|ssp126,cwatm,ipsl-cm6a-lr,ssp126,2040,F,11428169346.99983,84543109907.85883,11428169346.999828,65885723514.38453,12,m3/yr,"data/water/cwatm_ipsl-cm6a-lr_w5e5_ssp126_2015soc-from-histsoc_default_{pdomuse,ptotuse,pinduse,pliveuse}_global_monthly_2015_2100.nc",2031-2040
cwatm|ipsl-cm6a-lr|ssp126,cwatm,ipsl-cm6a-lr,ssp126,2040,G,3602525476.167685,9847335687.474937,3602525476.1676855,9688621703.44218,11,m3/yr,"data/water/cwatm_ipsl-cm6a-lr_w5e5_ssp126_2015soc-from-histsoc_default_{pdomuse,ptotuse,pinduse,pliveuse}_global_monthly_2015_2100.nc",2031-2040
cwatm|ipsl-cm6a-lr|ssp126,cwatm,ipsl-cm6a-lr,ssp126,2040,H,4330676107.032385,14939541439.572813,4330676107.032385,19415224716.10801,12,m3/yr,"data/water/cwatm_ipsl-cm6a-lr_w5e5_ssp126_2015soc-from-histsoc_default_{pdomuse,ptotuse,pinduse,pliveuse}_global_monthly_2015_2100.nc",2031-2040
cwatm|ipsl-cm6a-lr|ssp126,cwatm,ipsl-cm6a-lr,ssp126,2040,J,630446866.2425641,1757332954.7439985,630446866.2425641,2977624980.5611286,12,m3/yr,"data/water/cwatm_ipsl-cm6a-lr_w5e5_ssp126_2015soc-from-histsoc_default_{pdomuse,ptotuse,pinduse,pliveuse}_global_monthly_2015_2100.nc",2031-2040
cwatm|ipsl-cm6a-lr|ssp126,cwatm,ipsl-cm6a-lr,ssp126,2040,K,1116575998.5761828,26557196649.937847,1116575998.5761828,3739798224.784151,11,m3/yr,"data/water/cwatm_ipsl-cm6a-lr_w5e5_ssp126_2015soc-from-histsoc_default_{pdomuse,ptotuse,pinduse,pliveuse}_global_monthly_2015_2100.nc",2031-2040
cwatm|ipsl-cm6a-lr|ssp126,cwatm,ipsl-cm6a-lr,ssp126,2050,A,3211981584.173186,23607323750.81081,3211981584.173186,1297063018.899002,11,m3/yr,"data/water/cwatm_ipsl-cm6a-lr_w5e5_ssp126_2015soc-from-histsoc_default_{pdomuse,ptotuse,pinduse,pliveuse}_global_monthly_2015_2100.nc",2041-2050
cwatm|ipsl-cm6a-lr|ssp126,cwatm,ipsl-cm6a-lr,ssp126,2050,C,3838977056.7259235,30491846598.563255,3838977056.7259235,11124867528.756239,11,m3/yr,"data/water/cwatm_ipsl-cm6a-lr_w5e5_ssp126_2015soc-from-histsoc_default_{pdomuse,ptotuse,pinduse,pliveuse}_global_monthly_2015_2100.nc",2041-2050
cwatm|ipsl-cm6a-lr|ssp126,cwatm,ipsl-cm6a-lr,ssp126,2050,D,2785009758.145506,17313746123.5915,2785009758.145506,2445588464.673332,11,m3/yr,"data/water/cwatm_ipsl-cm6a-lr_w5e5_ssp126_2015soc-from-histsoc_default_{pdomuse,ptotuse,pinduse,pliveuse}_global_monthly_2015_2100.nc",2041-2050
cwatm|ipsl-cm6a-lr|ssp126,cwatm,ipsl-cm6a-lr,ssp126,2050,E,5031814122.949176,43861854833.155304,5031814122.949175,32038350073.85879,12,m3/yr,"data/water/cwatm_ipsl-cm6a-lr_w5e5_ssp126_2015soc-from-histsoc_default_{pdomuse,ptotuse,pinduse,pliveuse}_global_monthly_2015_2100.nc",2041-2050
cwatm|ipsl-cm6a-lr|ssp126,cwatm,ipsl-cm6a-lr,ssp126,2050,F,11431294359.28786,84646347561.63733,11431294359.28786,66056098286.3936,11,m3/yr,"data/water/cwatm_ipsl-cm6a-lr_w5e5_ssp126_2015soc-from-histsoc_default_{pdomuse,ptotuse,pinduse,pliveuse}_global_monthly_2015_2100.nc",2041-2050
cwatm|ipsl-cm6a-lr|ssp126,cwatm,ipsl-cm6a-lr,ssp126,2050,G,3603510574.8719387,9567740158.963036,3603510574.8719387,10319969423.071152,11,m3/yr,"data/water/cwatm_ipsl-cm6a-lr_w5e5_ssp126_2015soc-from-histsoc_default_{pdomuse,ptotuse,pinduse,pliveuse}_global_monthly_2015_2100.nc",2041-2050
cwatm|ipsl-cm6a-lr|ssp126,cwatm,ipsl-cm6a-lr,ssp126,2050,H,4331860324.314987,14523777003.706781,4331860324.314987,21419076238.47229,11,m3/yr,"data/water/cwatm_ipsl-cm6a-lr_w5e5_ssp126_2015soc-from-histsoc_default_{pdomuse,ptotuse,pinduse,pliveuse}_global_monthly_2015_2100.nc",2041-2050
cwatm|ipsl-cm6a-lr|ssp126,cwatm,ipsl-cm6a-lr,ssp126,2050,J,630619260.020119,1846512360.1179376,630619260.020119,3433779905.023005,12,m3/yr,"data/water/cwatm_ipsl-cm6a-lr_w5e5_ssp126_2015soc-from-histsoc_default_{pdomuse,ptotuse,pinduse,pliveuse}_global_monthly_2015_2100.nc",2041-2050
cwatm|ipsl-cm6a-lr|ssp126,cwatm,ipsl-cm6a-lr,ssp126,2050,K,1116881323.527132,27867961003.227463,1116881323.527132,3965792258.5109906,11,m3/yr,"data/water/cwatm_ipsl-cm6a-lr_w5e5_ssp126_2015soc-from-histsoc_default_{pdomuse,ptotuse,pinduse,pliveuse}_global_monthly_2015_2100.nc",2041-2050
cwatm|ipsl-cm6a-lr|ssp126,cwatm,ipsl-cm6a-lr,ssp126,2060,A,3211103512.7554817,23484140656.78448,3211103512.7554817,1684919500.8431244,11,m3/yr,"data/water/cwatm_ipsl-cm6a-lr_w5e5_ssp126_2015soc-from-histsoc_default_{pdomuse,ptotuse,pinduse,pliveuse}_global_monthly_2015_2100.nc",2051-2060
cwatm|ipsl-cm6a-lr|ssp126,cwatm,ipsl-cm6a-lr,ssp126,2060,C,3837927584.5686245,26729044278.673058,3837927584.5686245,8235696108.937592,11,m3/yr,"data/water/cwatm_ipsl-cm6a-lr_w5e5_ssp126_2015soc-from-histsoc_default_{pdomuse,ptotuse,pinduse,pliveuse}_global_monthly_2015_2100.nc",2051-2060
cwatm|ipsl-cm6a-lr|ssp126,cwatm,ipsl-cm6a-lr,ssp126,2060,D,2784248413.592388,17505165166.680866,2784248413.592388,4015184903.3786945,11,m3/yr,"data/water/cwatm_ipsl-cm6a-lr_w5e5_ssp126_2015soc-from-histsoc_default_{pdomuse,ptotuse,pinduse,pliveuse}_global_monthly_2015_2100.nc",2051-2060
cwatm|ipsl-cm6a-lr|ssp126,cwatm,ipsl-cm6a-lr,ssp126,2060,E,5030438557.150638,39268673731.7312,5030438557.150638,46270297866.82801,1,m3/yr,"data/water/cwatm_ipsl-cm6a-lr_w5e5_ssp126_2015soc-from-histsoc_default_{pdomuse,ptotuse,pinduse,pliveuse}_global_monthly_2015_2100.nc",2051-2060
cwatm|ipsl-cm6a-lr|ssp126,cwatm,ipsl-cm6a-lr,ssp126,2060,F,11428169346.99983,78170748026.5799,11428169346.999828,63729297796.11152,12,m3/yr,"data/water/cwatm_ipsl-cm6a-lr_w5e5_ssp126_2015soc-from-histsoc_default_{pdomuse,ptotuse,pinduse,pliveuse}_global_monthly_2015_2100.nc",2051-2060
cwatm|ipsl-cm6a-lr|ssp126,cwatm,ipsl-cm6a-lr,ssp126,2060,G,3602525476.167685,8964627753.163113,3602525476.1676855,9156154475.365074,12,m3/yr,"data/water/cwatm_ipsl-cm6a-lr_w5e5_ssp126_2015soc-from-histsoc_default_{pdomuse,ptotuse,pinduse,pliveuse}_global_monthly_2015_2100.nc",2051-2060
cwatm|ipsl-cm6a-lr|ssp126,cwatm,ipsl-cm6a-lr,ssp126,2060,H,4330676107.032385,14401525376.181368,4330676107.032385,19688439388.681305,12,m3/yr,"data/water/cwatm_ipsl-cm6a-lr_w5e5_ssp126_2015soc-from-histsoc_default_{pdomuse,ptotuse,pinduse,pliveuse}_global_monthly_2015_2100.nc",2051-2060
cwatm|ipsl-cm6a-lr|ssp126,cwatm,ipsl-cm6a-lr,ssp126,2060,J,630446866.2425641,1733871578.4272394,630446866.2425641,3046433731.357259,12,m3/yr,"data/water/cwatm_ipsl-cm6a-lr_w5e5_ssp126_2015soc-from-histsoc_default_{pdomuse,ptotuse,pinduse,pliveuse}_global_monthly_2015_2100.nc",2051-2060
cwatm|ipsl-cm6a-lr|ssp126,cwatm,ipsl-cm6a-lr,ssp126,2060,K,1116575998.5761828,24994158860.188183,1116575998.5761828,4673367658.191897,11,m3/yr,"data/water/cwatm_ipsl-cm6a-lr_w5e5_ssp126_2015soc-from-histsoc_default_{pdomuse,ptotuse,pinduse,pliveuse}_global_monthly_2015_2100.nc",2051-2060
cwatm|ipsl-cm6a-lr|ssp370,cwatm,ipsl-cm6a-lr,ssp370,2030,A,3211981584.173186,21588073533.875698,3211981584.173186,441141589.5310364,11,m3/yr,"data/water/cwatm_ipsl-cm6a-lr_w5e5_ssp370_2015soc-from-histsoc_default_{pdomuse,ptotuse,pinduse,pliveuse}_global_monthly_2015_2100.nc",2021-2030
cwatm|ipsl-cm6a-lr|ssp370,cwatm,ipsl-cm6a-lr,ssp370,2030,C,3838977056.7259235,23998808854.89029,3838977056.7259235,7366169399.452505,11,m3/yr,"data/water/cwatm_ipsl-cm6a-lr_w5e5_ssp370_2015soc-from-histsoc_default_{pdomuse,ptotuse,pinduse,pliveuse}_global_monthly_2015_2100.nc",2021-2030
cwatm|ipsl-cm6a-lr|ssp370,cwatm,ipsl-cm6a-lr,ssp370,2030,D,2785009758.145506,17799317224.33959,2785009758.145506,4231394707.6387672,11,m3/yr,"data/water/cwatm_ipsl-cm6a-lr_w5e5_ssp370_2015soc-from-histsoc_default_{pdomuse,ptotuse,pinduse,pliveuse}_global_monthly_2015_2100.nc",2021-2030
cwatm|ipsl-cm6a-lr|ssp370,cwatm,ipsl-cm6a-lr,ssp370,2030,E,5031814122.949176,36367847711.77405,5031814122.949175,32948508815.088894,12,m3/yr,"data/water/cwatm_ipsl-cm6a-lr_w5e5_ssp370_2015soc-from-histsoc_default_{pdomuse,ptotuse,pinduse,pliveuse}_global_monthly_2015_2100.nc",2021-2030
cwatm|ipsl-cm6a-lr|ssp370,cwatm,ipsl-cm6a-lr,ssp370,2030,F,11431294359.28786,74402081347.03238,11431294359.28786,59469091362.8156,12,m3/yr,"data/water/cwatm_ipsl-cm6a-lr_w5e5_ssp370_2015soc-from-histsoc_default_{pdomuse,ptotuse,pinduse,pliveuse}_global_monthly_2015_2100.nc",2021-2030
cwatm|ipsl-cm6a-lr|ssp370,cwatm,ipsl-cm6a-lr,ssp370,2030,G,3603510574.8719387,8746074347.508545,3603510574.8719387,9841083270.074692,11,m3/yr,"data/water/cwatm_ipsl-cm6a-lr_w5e5_ssp370_2015soc-from-histsoc_default_{pdomuse,ptotuse,pinduse,pliveuse}_global_monthly_2015_2100.nc",2021-2030
cwatm|ipsl-cm6a-lr|ssp370,cwatm,ipsl-cm6a-lr,ssp370,2030,H,4331860324.314987,13971734972.669989,4331860324.314987,21664159176.609604,11,m3/yr,"data/water/cwatm_ipsl-cm6a-lr_w5e5_ssp370_2015soc-from-histsoc_default_{pdomuse,ptotuse,pinduse,pliveuse}_global_monthly_2015_2100.nc",2021-2030
cwatm|ipsl-cm6a-lr|ssp370,cwatm,ipsl-cm6a-lr,ssp370,2030,J,630619260.020119,1706158218.7227626,630619260.020119,3057374538.4311433,12,m3/yr,"data/water/cwatm_ipsl-cm6a-lr_w5e5_ssp370_2015soc-from-histsoc_default_{pdomuse,ptotuse,pinduse,pliveuse}_global_monthly_2015_2100.nc",2021-2030
cwatm|ipsl-cm6a-lr|ssp370,cwatm,ipsl-cm6a-lr,ssp370,2030,K,1116881323.527132,27455174634.698147,1116881323.527132,3453401120.743588,11,m3/yr,"data/water/cwatm_ipsl-cm6a-lr_w5e5_ssp370_2015soc-from-histsoc_default_{pdomuse,ptotuse,pinduse,pliveuse}_global_monthly_2015_2100.nc",2021-2030
cwatm|ipsl-cm6a-lr|ssp370,cwatm,ipsl-cm6a-lr,ssp370,2040,A,3211103512.7554817,23112249083.45542,3211103512.7554817,1326409852.829729,11,m3/yr,"data/water/cwatm_ipsl-cm6a-lr_w5e5_ssp370_2015soc-from-histsoc_default_{pdomuse,ptotuse,pinduse,pliveuse}_global_monthly_2015_2100.nc",2031-2040
cwatm|ipsl-cm6a-lr|ssp370,cwatm,ipsl-cm6a-lr,ssp370,2040,C,3837927584.5686245,28434372829.935585,3837927584.5686245,9207366418.412712,11,m3/yr,"data/water/cwatm_ipsl-cm6a-lr_w5e5_ssp370_2015soc-from-histsoc_default_{pdomuse,ptotuse,pinduse,pliveuse}_global_monthly_2015_2100.nc",2031-2040
cwatm|ipsl-cm6a-lr|ssp370,cwatm,ipsl-cm6a-lr,ssp370,2040,D,2784248413.592388,18698284196.017605,2784248413.592388,3824880256.216257,11,m3/yr,"data/water/cwatm_ipsl-cm6a-lr_w5e5_ssp370_2015soc-from-histsoc_default_{pdomuse,ptotuse,pinduse,pliveuse}_global_monthly_2015_2100.nc",2031-2040
cwatm|ipsl-cm6a-lr|ssp370,cwatm,ipsl-cm6a-lr,ssp370,2040,E,5030438557.150638,43924962357.35125,5030438557.150638,38354547832.37343,12,m3/yr,"data/water/cwatm_ipsl-cm6a-lr_w5e5_ssp370_2015soc-from-histsoc_default_{pdomuse,ptotuse,pinduse,pliveuse}_global_monthly_2015_2100.nc",2031-2040
cwatm|ipsl-cm6a-lr|ssp370,cwatm,ipsl-cm6a-lr,ssp370,2040,F,11428169346.99983,79108696968.78857,11428169346.999828,59615212932.35212,11,m3/yr,"data/water/cwatm_ipsl-cm6a-lr_w5e5_ssp370_2015soc-from-histsoc_default_{pdomuse,ptotuse,pinduse,pliveuse}_global_monthly_2015_2100.nc",2031-2040
cwatm|ipsl-cm6a-lr|ssp370,cwatm,ipsl-cm6a-lr,ssp370,2040,G,3602525476.167685,9328642269.865181,3602525476.1676855,9387520634.075352,11,m3/yr,"data/water/cwatm_ipsl-cm6a-lr_w5e5_ssp370_2015soc-from-histsoc_default_{pdomuse,ptotuse,pinduse,pliveuse}_global_monthly_2015_2100.nc",2031-2040
cwatm|ipsl-cm6a-lr|ssp370,cwatm,ipsl-cm6a-lr,ssp370,2040,H,4330676107.032385,15101627571.306185,4330676107.032385,16952364284.8977,12,m3/yr,"data/water/cwatm_ipsl-cm6a-lr_w5e5_ssp370_2015soc-from-histsoc_default_{pdomuse,ptotuse,pinduse,pliveuse}_global_monthly_2015_2100.nc",2031-2040
cwatm|ipsl-cm6a-lr|ssp370,cwatm,ipsl-cm6a-lr,ssp370,2040,J,630446866.2425641,1694546503.628243,630446866.2425641,2883289840.9303207,12,m3/yr,"data/water/cwatm_ipsl-cm6a-lr_w5e5_ssp370_2015soc-from-histsoc_default_{pdomuse,ptotuse,pinduse,pliveuse}_global_monthly_2015_2100.nc",2031-2040
cwatm|ipsl-cm6a-lr|ssp370,cwatm,ipsl-cm6a-lr,ssp370,2040,K,1116575998.5761828,26877799295.415276,1116575998.5761828,5414417705.839499,11,m3/yr,"data/water/cwatm_ipsl-cm6a-lr_w5e5_ssp370_2015soc-from-histsoc_default_{pdomuse,ptotuse,pinduse,pliveuse}_global_monthly_2015_2100.nc",2031-2040
cwatm|ipsl-cm6a-lr|ssp370,cwatm,ipsl-cm6a-lr,ssp370,2050,A,3211981584.173186,23237491901.728016,3211981584.173186,5700554703.855936,12,m3/yr,"data/water/cwatm_ipsl-cm6a-lr_w5e5_ssp370_2015soc-from-histsoc_default_{pdomuse,ptotuse,pinduse,pliveuse}_global_monthly_2015_2100.nc",2041-2050
cwatm|ipsl-cm6a-lr|ssp370,cwatm,ipsl-cm6a-lr,ssp370,2050,C,3838977056.7259235,29764042253.469643,3838977056.7259235,10408130165.51544,11,m3/yr,"data/water/cwatm_ipsl-cm6a-lr_w5e5_ssp370_2015soc-from-histsoc_default_{pdomuse,ptotuse,pinduse,pliveuse}_global_monthly_2015_2100.nc",2041-2050
cwatm|ipsl-cm6a-lr|ssp370,cwatm,ipsl-cm6a-lr,ssp370,2050,D,2785009758.145506,18993794699.047173,2785009758.145506,3173984960.3523655,11,m3/yr,"data/water/cwatm_ipsl-cm6a-lr_w5e5_ssp370_2015soc-from-histsoc_default_{pdomuse,ptotuse,pinduse,pliveuse}_global_monthly_2015_2100.nc",2041-2050
cwatm|ipsl-cm6a-lr|ssp370,cwatm,ipsl-cm6a-lr,ssp370,2050,E,5031814122.949176,39833086083.71419,5031814122.949175,31081799758.488384,12,m3/yr,"data/water/cwatm_ipsl-cm6a-lr_w5e5_ssp370_2015soc-from-histsoc_default_{pdomuse,ptotuse,pinduse,pliveuse}_global_monthly_2015_2100.nc",2041-2050
cwatm|ipsl-cm6a-lr|ssp370,cwatm,ipsl-cm6a-lr,ssp370,2050,F,11431294359.28786,77140210494.83977,11431294359.28786,61592017025.26936,11,m3/yr,"data/water/cwatm_ipsl-cm6a-lr_w5e5_ssp370_2015soc-from-histsoc_default_{pdomuse,ptotuse,pinduse,pliveuse}_global_monthly_2015_2100.nc",2041-2050
cwatm|ipsl-cm6a-lr|ssp370,cwatm,ipsl-cm6a-lr,ssp370,2050,G,3603510574.8719387,8850625552.959385,3603510574.8719387,9377675210.71354,11,m3/yr,"data/water/cwatm_ipsl-cm6a-lr_w5e5_ssp370_2015soc-from-histsoc_default_{pdomuse,ptotuse,pinduse,pliveuse}_global_monthly_2015_2100.nc",2041-2050
cwatm|ipsl-cm6a-lr|ssp370,cwatm,ipsl-cm6a-lr,ssp370,2050,H,4331860324.314987,13959025057.362818,4331860324.314987,18507704497.699806,12,m3/yr,"data/water/cwatm_ipsl-cm6a-lr_w5e5_ssp370_2015soc-from-histsoc_default_{pdomuse,ptotuse,pinduse,pliveuse}_global_monthly_2015_2100.nc",2041-2050
cwatm|ipsl-cm6a-lr|ssp370,cwatm,ipsl-cm6a-lr,ssp370,2050,J,630619260.020119,1833108858.0063086,630619260.020119,3164018231.2928667,12,m3/yr,"data/water/cwatm_ipsl-cm6a-lr_w5e5_ssp370_2015soc-from-histsoc_default_{pdomuse,ptotuse,pinduse,pliveuse}_global_monthly_2015_2100.nc",2041-2050
cwatm|ipsl-cm6a-lr|ssp370,cwatm,ipsl-cm6a-lr,ssp370,2050,K,1116881323.527132,24406956841.222115,1116881323.527132,3276785886.7006297,11,m3/yr,"data/water/cwatm_ipsl-cm6a-lr_w5e5_ssp370_2015soc-from-histsoc_default_{pdomuse,ptotuse,pinduse,pliveuse}_global_monthly_2015_2100.nc",2041-2050
cwatm|ipsl-cm6a-lr|ssp370,cwatm,ipsl-cm6a-lr,ssp370,2060,A,3211103512.7554817,25443356778.586636,3211103512.7554817,2451538186.5156193,11,m3/yr,"data/water/cwatm_ipsl-cm6a-lr_w5e5_ssp370_2015soc-from-histsoc_default_{pdomuse,ptotuse,pinduse,pliveuse}_global_monthly_2015_2100.nc",2051-2060
cwatm|ipsl-cm6a-lr|ssp370,cwatm,ipsl-cm6a-lr,ssp370,2060,C,3837927584.5686245,29701116768.37478,3837927584.5686245,15177851943.629696,11,m3/yr,"data/water/cwatm_ipsl-cm6a-lr_w5e5_ssp370_2015soc-from-histsoc_default_{pdomuse,ptotuse,pinduse,pliveuse}_global_monthly_2015_2100.nc",2051-2060
cwatm|ipsl-cm6a-lr|ssp370,cwatm,ipsl-cm6a-lr,ssp370,2060,D,2784248413.592388,17390186760.81243,2784248413.592388,5287345475.846733,11,m3/yr,"data/water/cwatm_ipsl-cm6a-lr_w5e5_ssp370_2015soc-from-histsoc_default_{pdomuse,ptotuse,pinduse,pliveuse}_global_monthly_2015_2100.nc",2051-2060
cwatm|ipsl-cm6a-lr|ssp370,cwatm,ipsl-cm6a-lr,ssp370,2060,E,5030438557.150638,42900515170.701126,5030438557.150638,45273773711.6145,12,m3/yr,"data/water/cwatm_ipsl-cm6a-lr_w5e5_ssp370_2015soc-from-histsoc_default_{pdomuse,ptotuse,pinduse,pliveuse}_global_monthly_2015_2100.nc",2051-2060
cwatm|ipsl-cm6a-lr|ssp370,cwatm,ipsl-cm6a-lr,ssp370,2060,F,11428169346.99983,80164670231.42392,11428169346.999828,67414258361.970665,12,m3/yr,"data/water/cwatm_ipsl-cm6a-lr_w5e5_ssp370_2015soc-from-histsoc_default_{pdomuse,ptotuse,pinduse,pliveuse}_global_monthly_2015_2100.nc",2051-2060
cwatm|ipsl-cm6a-lr|ssp370,cwatm,ipsl-cm6a-lr,ssp370,2060,G,3602525476.167685,9471584404.654922,3602525476.1676855,10073150735.67625,11,m3/yr,"data/water/cwatm_ipsl-cm6a-lr_w5e5_ssp370_2015soc-from-histsoc_default_{pdomuse,ptotuse,pinduse,pliveuse}_global_monthly_2015_2100.nc",2051-2060
cwatm|ipsl-cm6a-lr|ssp370,cwatm,ipsl-cm6a-lr,ssp370,2060,H,4330676107.032385,14656791244.004583,4330676107.032385,19282701918.021088,12,m3/yr,"data/water/cwatm_ipsl-cm6a-lr_w5e5_ssp370_2015soc-from-histsoc_default_{pdomuse,ptotuse,pinduse,pliveuse}_global_monthly_2015_2100.nc",2051-2060
cwatm|ipsl-cm6a-lr|ssp370,cwatm,ipsl-cm6a-lr,ssp370,2060,J,630446866.2425641,1661871963.4821868,630446866.2425641,2903650912.2472763,12,m3/yr,"data/water/cwatm_ipsl-cm6a-lr_w5e5_ssp370_2015soc-from-histsoc_default_{pdomuse,ptotuse,pinduse,pliveuse}_global_monthly_2015_2100.nc",2051-2060
cwatm|ipsl-cm6a-lr|ssp370,cwatm,ipsl-cm6a-lr,ssp370,2060,K,1116575998.5761828,24970338415.633266,1116575998.5761828,3996017802.8180246,11,m3/yr,"data/water/cwatm_ipsl-cm6a-lr_w5e5_ssp370_2015soc-from-histsoc_default_{pdomuse,ptotuse,pinduse,pliveuse}_global_monthly_2015_2100.nc",2051-2060
cwatm|mpi-esm1-2-hr|ssp126,cwatm,mpi-esm1-2-hr,ssp126,2030,A,3211981584.173186,20698669516.93867,3211981584.173186,9126423145.488712,12,m3/yr,"data/water/cwatm_mpi-esm1-2-hr_w5e5_ssp126_2015soc-from-histsoc_default_{pdomuse,ptotuse,pinduse,pliveuse}_global_monthly_2015_2100.nc",2021-2030
cwatm|mpi-esm1-2-hr|ssp126,cwatm,mpi-esm1-2-hr,ssp126,2030,C,3838977056.7259235,33584022303.988853,3838977056.7259235,13685215904.266535,11,m3/yr,"data/water/cwatm_mpi-esm1-2-hr_w5e5_ssp126_2015soc-from-histsoc_default_{pdomuse,ptotuse,pinduse,pliveuse}_global_monthly_2015_2100.nc",2021-2030
cwatm|mpi-esm1-2-hr|ssp126,cwatm,mpi-esm1-2-hr,ssp126,2030,D,2785009758.145506,21642101473.142166,2785009758.145506,5921905103.192812,11,m3/yr,"data/water/cwatm_mpi-esm1-2-hr_w5e5_ssp126_2015soc-from-histsoc_default_{pdomuse,ptotuse,pinduse,pliveuse}_global_monthly_2015_2100.nc",2021-2030
cwatm|mpi-esm1-2-hr|ssp126,cwatm,mpi-esm1-2-hr,ssp126,2030,E,5031814122.949176,46166755389.93071,5031814122.949175,52642879586.77698,2,m3/yr,"data/water/cwatm_mpi-esm1-2-hr_w5e5_ssp126_2015soc-from-histsoc_default_{pdomuse,ptotuse,pinduse,pliveuse}_global_monthly_2015_2100.nc",2021-2030
cwatm|mpi-esm1-2-hr|ssp126,cwatm,mpi-esm1-2-hr,ssp126,2030,F,11431294359.28786,81546805740.87341,11431294359.28786,61985633219.45996,12,m3/yr,"data/water/cwatm_mpi-esm1-2-hr_w5e5_ssp126_2015soc-from-histsoc_default_{pdomuse,ptotuse,pinduse,pliveuse}_global_monthly_2015_2100.nc",2021-2030
cwatm|mpi-esm1-2-hr|ssp126,cwatm,mpi-esm1-2-hr,ssp126,2030,G,3603510574.8719387,8928843749.341991,3603510574.8719387,8743365830.416836,11,m3/yr,"data/water/cwatm_mpi-esm1-2-hr_w5e5_ssp126_2015soc-from-histsoc_default_{pdomuse,ptotuse,pinduse,pliveuse}_global_monthly_2015_2100.nc",2021-2030
cwatm|mpi-esm1-2-hr|ssp126,cwatm,mpi-esm1-2-hr,ssp126,2030,H,4331860324.314987,14651583246.727537,4331860324.314987,18887779632.80153,12,m3/yr,"data/water/cwatm_mpi-esm1-2-hr_w5e5_ssp126_2015soc-from-histsoc_default_{pdomuse,ptotuse,pinduse,pliveuse}_global_monthly_2015_2100.nc",2021-2030
cwatm|mpi-esm1-2-hr|ssp126,cwatm,mpi-esm1-2-hr,ssp126,2030,J,630619260.020119,2033432839.4412017,630619260.020119,3547099637.5448117,12,m3/yr,"data/water/cwatm_mpi-esm1-2-hr_w5e5_ssp126_2015soc-from-histsoc_default_{pdomuse,ptotuse,pinduse,pliveuse}_global_monthly_2015_2100.nc",2021-2030
cwatm|mpi-esm1-2-hr|ssp126,cwatm,mpi-esm1-2-hr,ssp126,2030,K,1116881323.527132,29151021672.56495,1116881323.527132,4247605622.4966607,11,m3/yr,"data/water/cwatm_mpi-esm1-2-hr_w5e5_ssp126_2015soc-from-histsoc_default_{pdomuse,ptotuse,pinduse,pliveuse}_global_monthly_2015_2100.nc",2021-2030
cwatm|mpi-esm1-2-hr|ssp126,cwatm,mpi-esm1-2-hr,ssp126,2040,A,3211103512.7554817,20170817328.19382,3211103512.7554817,8644418211.007582,12,m3/yr,"data/water/cwatm_mpi-esm1-2-hr_w5e5_ssp126_2015soc-from-histsoc_default_{pdomuse,ptotuse,pinduse,pliveuse}_global_monthly_2015_2100.nc",2031-2040
cwatm|mpi-esm1-2-hr|ssp126,cwatm,mpi-esm1-2-hr,ssp126,2040,C,3837927584.5686245,28932338388.136993,3837927584.5686245,12581193137.7426,11,m3/yr,"data/water/cwatm_mpi-esm1-2-hr_w5e5_ssp126_2015soc-from-histsoc_default_{pdomuse,ptotuse,pinduse,pliveuse}_global_monthly_2015_2100.nc",2031-2040
cwatm|mpi-esm1-2-hr|ssp126,cwatm,mpi-esm1-2-hr,ssp126,2040,D,2784248413.592388,21333505378.315666,2784248413.592388,5603102265.539154,11,m3/yr,"data/water/cwatm_mpi-esm1-2-hr_w5e5_ssp126_2015soc-from-histsoc_default_{pdomuse,ptotuse,pinduse,pliveuse}_global_monthly_2015_2100.nc",2031-2040
cwatm|mpi-esm1-2-hr|ssp126,cwatm,mpi-esm1-2-hr,ssp126,2040,E,5030438557.150638,47528509098.707794,5030438557.150638,44752369561.149826,12,m3/yr,"data/water/cwatm_mpi-esm1-2-hr_w5e5_ssp126_2015soc-from-histsoc_default_{pdomuse,ptotuse,pinduse,pliveuse}_global_monthly_2015_2100.nc",2031-2040
cwatm|mpi-esm1-2-hr|ssp126,cwatm,mpi-esm1-2-hr,ssp126,2040,F,11428169346.99983,90335478741.41397,11428169346.999828,77240791200.37979,12,m3/yr,"data/water/cwatm_mpi-esm1-2-hr_w5e5_ssp126_2015soc-from-histsoc_default_{pdomuse,ptotuse,pinduse,pliveuse}_global_monthly_2015_2100.nc",2031-2040
cwatm|mpi-esm1-2-hr|ssp126,cwatm,mpi-esm1-2-hr,ssp126,2040,G,3602525476.167685,9785206659.642334,3602525476.1676855,11071651704.10598,11,m3/yr,"data/water/cwatm_mpi-esm1-2-hr_w5e5_ssp126_2015soc-from-histsoc_default_{pdomuse,ptotuse,pinduse,pliveuse}_global_monthly_2015_2100.nc",2031-2040
cwatm|mpi-esm1-2-hr|ssp126,cwatm,mpi-esm1-2-hr,ssp126,2040,H,4330676107.032385,18240302139.719147,4330676107.032385,24406629588.21405,12,m3/yr,"data/water/cwatm_mpi-esm1-2-hr_w5e5_ssp126_2015soc-from-histsoc_default_{pdomuse,ptotuse,pinduse,pliveuse}_global_monthly_2015_2100.nc",2031-2040
cwatm|mpi-esm1-2-hr|ssp126,cwatm,mpi-esm1-2-hr,ssp126,2040,J,630446866.2425641,1935326733.4024282,630446866.2425641,3198089969.57828,12,m3/yr,"data/water/cwatm_mpi-esm1-2-hr_w5e5_ssp126_2015soc-from-histsoc_default_{pdomuse,ptotuse,pinduse,pliveuse}_global_monthly_2015_2100.nc",2031-2040
cwatm|mpi-esm1-2-hr|ssp126,cwatm,mpi-esm1-2-hr,ssp126,2040,K,1116575998.5761828,27231407289.180305,1116575998.5761828,3670523442.665366,11,m3/yr,"data/water/cwatm_mpi-esm1-2-hr_w5e5_ssp126_2015soc-from-histsoc_default_{pdomuse,ptotuse,pinduse,pliveuse}_global_monthly_2015_2100.nc",2031-2040
cwatm|mpi-esm1-2-hr|ssp126,cwatm,mpi-esm1-2-hr,ssp126,2050,A,3211981584.173186,21227087690.804173,3211981584.173186,1313442151.5487232,11,m3/yr,"data/water/cwatm_mpi-esm1-2-hr_w5e5_ssp126_2015soc-from-histsoc_default_{pdomuse,ptotuse,pinduse,pliveuse}_global_monthly_2015_2100.nc",2041-2050
cwatm|mpi-esm1-2-hr|ssp126,cwatm,mpi-esm1-2-hr,ssp126,2050,C,3838977056.7259235,28079614772.626534,3838977056.7259235,8914177067.093264,11,m3/yr,"data/water/cwatm_mpi-esm1-2-hr_w5e5_ssp126_2015soc-from-histsoc_default_{pdomuse,ptotuse,pinduse,pliveuse}_global_monthly_2015_2100.nc",2041-2050
cwatm|mpi-esm1-2-hr|ssp126,cwatm,mpi-esm1-2-hr,ssp126,2050,D,2785009758.145506,19850757405.87328,2785009758.145506,2830084483.2525673,11,m3/yr,"data/water/cwatm_mpi-esm1-2-hr_w5e5_ssp126_2015soc-from-histsoc_default_{pdomuse,ptotuse,pinduse,pliveuse}_global_monthly_2015_2100.nc",2041-2050
cwatm|mpi-esm1-2-hr|ssp126,cwatm,mpi-esm1-2-hr,ssp126,2050,E,5031814122.949176,45589910391.43298,5031814122.949175,49013797625.881744,1,m3/yr,"data/water/cwatm_mpi-esm1-2-hr_w5e5_ssp126_2015soc-from-histsoc_default_{pdomuse,ptotuse,pinduse,pliveuse}_global_monthly_2015_2100.nc",2041-2050
cwatm|mpi-esm1-2-hr|ssp126,cwatm,mpi-esm1-2-hr,ssp126,2050,F,11431294359.28786,89414536752.87413,11431294359.28786,71906606200.27415,11,m3/yr,"data/water/cwatm_mpi-esm1-2-hr_w5e5_ssp126_2015soc-from-histsoc_default_{pdomuse,ptotuse,pinduse,pliveuse}_global_monthly_2015_2100.nc",2041-2050
cwatm|mpi-esm1-2-hr|ssp126,cwatm,mpi-esm1-2-hr,ssp126,2050,G,3603510574.8719387,9604688134.901966,3603510574.8719387,10817621983.258514,11,m3/yr,"data/water/cwatm_mpi-esm1-2-hr_w5e5_ssp126_2015soc-from-histsoc_default_{pdomuse,ptotuse,pinduse,pliveuse}_global_monthly_2015_2100.nc",2041-2050
cwatm|mpi-esm1-2-hr|ssp126,cwatm,mpi-esm1-2-hr,ssp126,2050,H,4331860324.314987,16201183285.04732,4331860324.314987,22230485648.51333,12,m3/yr,"data/water/cwatm_mpi-esm1-2-hr_w5e5_ssp126_2015soc-from-histsoc_default_{pdomuse,ptotuse,pinduse,pliveuse}_global_monthly_2015_2100.nc",2041-2050
cwatm|mpi-esm1-2-hr|ssp126,cwatm,mpi-esm1-2-hr,ssp126,2050,J,630619260.020119,1851171833.6843019,630619260.020119,3470866809.4534497,12,m3/yr,"data/water/cwatm_mpi-esm1-2-hr_w5e5_ssp126_2015soc-from-histsoc_default_{pdomuse,ptotuse,pinduse,pliveuse}_global_monthly_2015_2100.nc",2041-2050
cwatm|mpi-esm1-2-hr|ssp126,cwatm,mpi-esm1-2-hr,ssp126,2050,K,1116881323.527132,29660141734.2649,1116881323.527132,4882511583.893158,11,m3/yr,"data/water/cwatm_mpi-esm1-2-hr_w5e5_ssp126_2015soc-from-histsoc_default_{pdomuse,ptotuse,pinduse,pliveuse}_global_monthly_2015_2100.nc",2041-2050
cwatm|mpi-esm1-2-hr|ssp126,cwatm,mpi-esm1-2-hr,ssp126,2060,A,3211103512.7554817,23726700529.370514,3211103512.7554817,1797544293.4286518,11,m3/yr,"data/water/cwatm_mpi-esm1-2-hr_w5e5_ssp126_2015soc-from-histsoc_default_{pdomuse,ptotuse,pinduse,pliveuse}_global_monthly_2015_2100.nc",2051-2060
cwatm|mpi-esm1-2-hr|ssp126,cwatm,mpi-esm1-2-hr,ssp126,2060,C,3837927584.5686245,33726254568.66749,3837927584.5686245,12409787667.277237,11,m3/yr,"data/water/cwatm_mpi-esm1-2-hr_w5e5_ssp126_2015soc-from-histsoc_default_{pdomuse,ptotuse,pinduse,pliveuse}_global_monthly_2015_2100.nc",2051-2060
cwatm|mpi-esm1-2-hr|ssp126,cwatm,mpi-esm1-2-hr,ssp126,2060,D,2784248413.592388,20951753473.914524,2784248413.592388,3570512031.773308,11,m3/yr,"data/water/cwatm_mpi-esm1-2-hr_w5e5_ssp126_2015soc-from-histsoc_default_{pdomuse,ptotuse,pinduse,pliveuse}_global_monthly_2015_2100.nc",2051-2060
cwatm|mpi-esm1-2-hr|ssp126,cwatm,mpi-esm1-2-hr,ssp126,2060,E,5030438557.150638,46264217561.32453,5030438557.150638,46478946654.73595,2,m3/yr,"data/water/cwatm_mpi-esm1-2-hr_w5e5_ssp126_2015soc-from-histsoc_default_{pdomuse,ptotuse,pinduse,pliveuse}_global_monthly_2015_2100.nc",2051-2060
cwatm|mpi-esm1-2-hr|ssp126,cwatm,mpi-esm1-2-hr,ssp126,2060,F,11428169346.99983,76231838004.90552,11428169346.999828,65664417673.62008,11,m3/yr,"data/water/cwatm_mpi-esm1-2-hr_w5e5_ssp126_2015soc-from-histsoc_default_{pdomuse,ptotuse,pinduse,pliveuse}_global_monthly_2015_2100.nc",2051-2060
cwatm|mpi-esm1-2-hr|ssp126,cwatm,mpi-esm1-2-hr,ssp126,2060,G,3602525476.167685,8512860570.188103,3602525476.1676855,9731893068.220028,11,m3/yr,"data/water/cwatm_mpi-esm1-2-hr_w5e5_ssp126_2015soc-from-histsoc_default_{pdomuse,ptotuse,pinduse,pliveuse}_global_monthly_2015_2100.nc",2051-2060
cwatm|mpi-esm1-2-hr|ssp126,cwatm,mpi-esm1-2-hr,ssp126,2060,H,4330676107.032385,14019612698.710451,4330676107.032385,18214026850.645348,12,m3/yr,"data/water/cwatm_mpi-esm1-2-hr_w5e5_ssp126_2015soc-from-histsoc_default_{pdomuse,ptotuse,pinduse,pliveuse}_global_monthly_2015_2100.nc",2051-2060
cwatm|mpi-esm1-2-hr|ssp126,cwatm,mpi-esm1-2-hr,ssp126,2060,J,630446866.2425641,1873075415.555812,630446866.2425641,3065938033.522645,12,m3/yr,"data/water/cwatm_mpi-esm1-2-hr_w5e5_ssp126_2015soc-from-histsoc_default_{pdomuse,ptotuse,pinduse,pliveuse}_global_monthly_2015_2100.nc",2051-2060
cwatm|mpi-esm1-2-hr|ssp126,cwatm,mpi-esm1-2-hr,ssp126,2060,K,1116575998.5761828,27182241770.975254,1116575998.5761828,3805066910.256488,11,m3/yr,"data/water/cwatm_mpi-esm1-2-hr_w5e5_ssp126_2015soc-from-histsoc_default_{pdomuse,ptotuse,pinduse,pliveuse}_global_monthly_2015_2100.nc",2051-2060
cwatm|mpi-esm1-2-hr|ssp370,cwatm,mpi-esm1-2-hr,ssp370,2030,A,3211981584.173186,22401606107.309544,3211981584.173186,1665162432.9222183,11,m3/yr,"data/water/cwatm_mpi-esm1-2-hr_w5e5_ssp370_2015soc-from-histsoc_default_{pdomuse,ptotuse,pinduse,pliveuse}_global_monthly_2015_2100.nc",2021-2030
cwatm|mpi-esm1-2-hr|ssp370,cwatm,mpi-esm1-2-hr,ssp370,2030,C,3838977056.7259235,30336672665.21055,3838977056.7259235,10969470352.086954,11,m3/yr,"data/water/cwatm_mpi-esm1-2-hr_w5e5_ssp370_2015soc-from-histsoc_default_{pdomuse,ptotuse,pinduse,pliveuse}_global_monthly_2015_2100.nc",2021-2030
cwatm|mpi-esm1-2-hr|ssp370,cwatm,mpi-esm1-2-hr,ssp370,2030,D,2785009758.145506,21537173286.61285,2785009758.145506,5280253619.004627,11,m3/yr,"data/water/cwatm_mpi-esm1-2-hr_w5e5_ssp370_2015soc-from-histsoc_default_{pdomuse,ptotuse,pinduse,pliveuse}_global_monthly_2015_2100.nc",2021-2030
cwatm|mpi-esm1-2-hr|ssp370,cwatm,mpi-esm1-2-hr,ssp370,2030,E,5031814122.949176,43031031247.6763,5031814122.949175,43202158029.187775,1,m3/yr,"data/water/cwatm_mpi-esm1-2-hr_w5e5_ssp370_2015soc-from-histsoc_default_{pdomuse,ptotuse,pinduse,pliveuse}_global_monthly_2015_2100.nc",2021-2030
cwatm|mpi-esm1-2-hr|ssp370,cwatm,mpi-esm1-2-hr,ssp370,2030,F,11431294359.28786,76028060753.99873,11431294359.28786,66444499622.573074,11,m3/yr,"data/water/cwatm_mpi-esm1-2-hr_w5e5_ssp370_2015soc-from-histsoc_default_{pdomuse,ptotuse,pinduse,pliveuse}_global_monthly_2015_2100.nc",2021-2030
cwatm|mpi-esm1-2-hr|ssp370,cwatm,mpi-esm1-2-hr,ssp370,2030,G,3603510574.8719387,8241782178.460298,3603510574.8719387,9492937540.694534,11,m3/yr,"data/water/cwatm_mpi-esm1-2-hr_w5e5_ssp370_2015soc-from-histsoc_default_{pdomuse,ptotuse,pinduse,pliveuse}_global_monthly_2015_2100.nc",2021-2030
cwatm|mpi-esm1-2-hr|ssp370,cwatm,mpi-esm1-2-hr,ssp370,2030,H,4331860324.314987,13230882832.539644,4331860324.314987,17113215371.347967,12,m3/yr,"data/water/cwatm_mpi-esm1-2-hr_w5e5_ssp370_2015soc-from-histsoc_default_{pdomuse,ptotuse,pinduse,pliveuse}_global_monthly_2015_2100.nc",2021-2030
cwatm|mpi-esm1-2-hr|ssp370,cwatm,mpi-esm1-2-hr,ssp370,2030,J,630619260.020119,1920836839.044877,630619260.020119,3229774732.9356885,12,m3/yr,"data/water/cwatm_mpi-esm1-2-hr_w5e5_ssp370_2015soc-from-histsoc_default_{pdomuse,ptotuse,pinduse,pliveuse}_global_monthly_2015_2100.nc",2021-2030
cwatm|mpi-esm1-2-hr|ssp370,cwatm,mpi-esm1-2-hr,ssp370,2030,K,1116881323.527132,30581056447.892426,1116881323.527132,4833441633.832136,11,m3/yr,"data/water/cwatm_mpi-esm1-2-hr_w5e5_ssp370_2015soc-from-histsoc_default_{pdomuse,ptotuse,pinduse,pliveuse}_global_monthly_2015_2100.nc",2021-2030
cwatm|mpi-esm1-2-hr|ssp370,cwatm,mpi-esm1-2-hr,ssp370,2040,A,3211103512.7554817,23745519597.44525,3211103512.7554817,8776393301.873903,12,m3/yr,"data/water/cwatm_mpi-esm1-2-hr_w5e5_ssp370_2015soc-from-histsoc_default_{pdomuse,ptotuse,pinduse,pliveuse}_global_monthly_2015_2100.nc",2031-2040
cwatm|mpi-esm1-2-hr|ssp370,cwatm,mpi-esm1-2-hr,ssp370,2040,C,3837927584.5686245,25297911911.7322,3837927584.5686245,6521789026.225586,11,m3/yr,"data/water/cwatm_mpi-esm1-2-hr_w5e5_ssp370_2015soc-from-histsoc_default_{pdomuse,ptotuse,pinduse,pliveuse}_global_monthly_2015_2100.nc",2031-2040
cwatm|mpi-esm1-2-hr|ssp370,cwatm,mpi-esm1-2-hr,ssp370,2040,D,2784248413.592388,18689639571.1394,2784248413.592388,3265874834.178795,11,m3/yr,"data/water/cwatm_mpi-esm1-2-hr_w5e5_ssp370_2015soc-from-histsoc_default_{pdomuse,ptotuse,pinduse,pliveuse}_global_monthly_2015_2100.nc",2031-2040
cwatm|mpi-esm1-2-hr|ssp370,cwatm,mpi-esm1-2-hr,ssp370,2040,E,5030438557.150638,35450186248.392,5030438557.150638,29973696487.289917,12,m3/yr,"data/water/cwatm_mpi-esm1-2-hr_w5e5_ssp370_2015soc-from-histsoc_default_{pdomuse,ptotuse,pinduse,pliveuse}_global_monthly_2015_2100.nc",2031-2040
cwatm|mpi-esm1-2-hr|ssp370,cwatm,mpi-esm1-2-hr,ssp370,2040,F,11428169346.99983,71382150625.49835,11428169346.999828,62493267517.34263,11,m3/yr,"data/water/cwatm_mpi-esm1-2-hr_w5e5_ssp370_2015soc-from-histsoc_default_{pdomuse,ptotuse,pinduse,pliveuse}_global_monthly_2015_2100.nc",2031-2040
cwatm|mpi-esm1-2-hr|ssp370,cwatm,mpi-esm1-2-hr,ssp370,2040,G,3602525476.167685,8794943025.983013,3602525476.1676855,9649852907.657162,11,m3/yr,"data/water/cwatm_mpi-esm1-2-hr_w5e5_ssp370_2015soc-from-histsoc_default_{pdomuse,ptotuse,pinduse,pliveuse}_global_monthly_2015_2100.nc",2031-2040
cwatm|mpi-esm1-2-hr|ssp370,cwatm,mpi-esm1-2-hr,ssp370,2040,H,4330676107.032385,15896381693.734499,4330676107.032385,19767078513.237633,11,m3/yr,"data/water/cwatm_mpi-esm1-2-hr_w5e5_ssp370_2015soc-from-histsoc_default_{pdomuse,ptotuse,pinduse,pliveuse}_global_monthly_2015_2100.nc",2031-2040
cwatm|mpi-esm1-2-hr|ssp370,cwatm,mpi-esm1-2-hr,ssp370,2040,J,630446866.2425641,2022092036.2737808,630446866.2425641,3251767983.866785,12,m3/yr,"data/water/cwatm_mpi-esm1-2-hr_w5e5_ssp370_2015soc-from-histsoc_default_{pdomuse,ptotuse,pinduse,pliveuse}_global_monthly_2015_2100.nc",2031-2040
cwatm|mpi-esm1-2-hr|ssp370,cwatm,mpi-esm1-2-hr,ssp370,2040,K,1116575998.5761828,28316771866.779808,1116575998.5761828,3064469433.2847033,11,m3/yr,"data/water/cwatm_mpi-esm1-2-hr_w5e5_ssp370_2015soc-from-histsoc_default_{pdomuse,ptotuse,pinduse,pliveuse}_global_monthly_2015_2100.nc",2031-2040
cwatm|mpi-esm1-2-hr|ssp370,cwatm,mpi-esm1-2-hr,ssp370,2050,A,3211981584.173186,27252010317.943607,3211981584.173186,2958271626.7046204,11,m3/yr,"data/water/cwatm_mpi-esm1-2-hr_w5e5_ssp370_2015soc-from-histsoc_default_{pdomuse,ptotuse,pinduse,pliveuse}_global_monthly_2015_2100.nc",2041-2050
cwatm|mpi-esm1-2-hr|ssp370,cwatm,mpi-esm1-2-hr,ssp370,2050,C,3838977056.7259235,25076165505.822273,3838977056.7259235,5851229481.482569,11,m3/yr,"data/water/cwatm_mpi-esm1-2-hr_w5e5_ssp370_2015soc-from-histsoc_default_{pdomuse,ptotuse,pinduse,pliveuse}_global_monthly_2015_2100.nc",2041-2050
cwatm|mpi-esm1-2-hr|ssp370,cwatm,mpi-esm1-2-hr,ssp370,2050,D,2785009758.145506,19098979247.246494,2785009758.145506,2741634001.2209835,11,m3/yr,"data/water/cwatm_mpi-esm1-2-hr_w5e5_ssp370_2015soc-from-histsoc_default_{pdomuse,ptotuse,pinduse,pliveuse}_global_monthly_2015_2100.nc",2041-2050
cwatm|mpi-esm1-2-hr|ssp370,cwatm,mpi-esm1-2-hr,ssp370,2050,E,5031814122.949176,32151568349.663303,5031814122.949175,28291703617.790462,12,m3/yr,"data/water/cwatm_mpi-esm1-2-hr_w5e5_ssp370_2015soc-from-histsoc_default_{pdomuse,ptotuse,pinduse,pliveuse}_global_monthly_2015_2100.nc",2041-2050
cwatm|mpi-esm1-2-hr|ssp370,cwatm,mpi-esm1-2-hr,ssp370,2050,F,11431294359.28786,67646681030.17662,11431294359.28786,62421544999.34172,11,m3/yr,"data/water/cwatm_mpi-esm1-2-hr_w5e5_ssp370_2015soc-from-histsoc_default_{pdomuse,ptotuse,pinduse,pliveuse}_global_monthly_2015_2100.nc",2041-2050
cwatm|mpi-esm1-2-hr|ssp370,cwatm,mpi-esm1-2-hr,ssp370,2050,G,3603510574.8719387,8659039880.951832,3603510574.8719387,9132360029.48772,12,m3/yr,"data/water/cwatm_mpi-esm1-2-hr_w5e5_ssp370_2015soc-from-histsoc_default_{pdomuse,ptotuse,pinduse,pliveuse}_global_monthly_2015_2100.nc",2041-2050
cwatm|mpi-esm1-2-hr|ssp370,cwatm,mpi-esm1-2-hr,ssp370,2050,H,4331860324.314987,15813438017.291914,4331860324.314987,19699649462.42527,12,m3/yr,"data/water/cwatm_mpi-esm1-2-hr_w5e5_ssp370_2015soc-from-histsoc_default_{pdomuse,ptotuse,pinduse,pliveuse}_global_monthly_2015_2100.nc",2041-2050
cwatm|mpi-esm1-2-hr|ssp370,cwatm,mpi-esm1-2-hr,ssp370,2050,J,630619260.020119,1994603568.696486,630619260.020119,3237718003.5384765,12,m3/yr,"data/water/cwatm_mpi-esm1-2-hr_w5e5_ssp370_2015soc-from-histsoc_default_{pdomuse,ptotuse,pinduse,pliveuse}_global_monthly_2015_2100.nc",2041-2050
cwatm|mpi-esm1-2-hr|ssp370,cwatm,mpi-esm1-2-hr,ssp370,2050,K,1116881323.527132,28283968609.252335,1116881323.527132,3817503403.3873506,11,m3/yr,"data/water/cwatm_mpi-esm1-2-hr_w5e5_ssp370_2015soc-from-histsoc_default_{pdomuse,ptotuse,pinduse,pliveuse}_global_monthly_2015_2100.nc",2041-2050
cwatm|mpi-esm1-2-hr|ssp370,cwatm,mpi-esm1-2-hr,ssp370,2060,A,3211103512.7554817,19878063107.60222,3211103512.7554817,1590592349.5150108,11,m3/yr,"data/water/cwatm_mpi-esm1-2-hr_w5e5_ssp370_2015soc-from-histsoc_default_{pdomuse,ptotuse,pinduse,pliveuse}_global_monthly_2015_2100.nc",2051-2060
cwatm|mpi-esm1-2-hr|ssp370,cwatm,mpi-esm1-2-hr,ssp370,2060,C,3837927584.5686245,25987794166.219612,3837927584.5686245,5383325900.236347,11,m3/yr,"data/water/cwatm_mpi-esm1-2-hr_w5e5_ssp370_2015soc-from-histsoc_default_{pdomuse,ptotuse,pinduse,pliveuse}_global_monthly_2015_2100.nc",2051-2060
cwatm|mpi-esm1-2-hr|ssp370,cwatm,mpi-esm1-2-hr,ssp370,2060,D,2784248413.592388,20926736700.273243,2784248413.592388,2578706613.7142105,11,m3/yr,"data/water/cwatm_mpi-esm1-2-hr_w5e5_ssp370_2015soc-from-histsoc_default_{pdomuse,ptotuse,pinduse,pliveuse}_global_monthly_2015_2100.nc",2051-2060
cwatm|mpi-esm1-2-hr|ssp370,cwatm,mpi-esm1-2-hr,ssp370,2060,E,5030438557.150638,39901821942.66078,5030438557.150638,35933608530.54068,1,m3/yr,"data/water/cwatm_mpi-esm1-2-hr_w5e5_ssp370_2015soc-from-histsoc_default_{pdomuse,ptotuse,pinduse,pliveuse}_global_monthly_2015_2100.nc",2051-2060
cwatm|mpi-esm1-2-hr|ssp370,cwatm,mpi-esm1-2-hr,ssp370,2060,F,11428169346.99983,69166113348.78198,11428169346.999828,59013420827.60465,11,m3/yr,"data/water/cwatm_mpi-esm1-2-hr_w5e5_ssp370_2015soc-from-histsoc_default_{pdomuse,ptotuse,pinduse,pliveuse}_global_monthly_2015_2100.nc",2051-2060
cwatm|mpi-esm1-2-hr|ssp370,cwatm,mpi-esm1-2-hr,ssp370,2060,G,3602525476.167685,8359041354.704699,3602525476.1676855,9324701970.584019,11,m3/yr,"data/water/cwatm_mpi-esm1-2-hr_w5e5_ssp370_2015soc-from-histsoc_default_{pdomuse,ptotuse,pinduse,pliveuse}_global_monthly_2015_2100.nc",2051-2060
cwatm|mpi-esm1-2-hr|ssp370,cwatm,mpi-esm1-2-hr,ssp370,2060,H,4330676107.032385,14066468951.591845,4330676107.032385,17658670262.689796,12,m3/yr,"data/water/cwatm_mpi-esm1-2-hr_w5e5_ssp370_2015soc-from-histsoc_default_{pdomuse,ptotuse,pinduse,pliveuse}_global_monthly_2015_2100.nc",2051-2060
cwatm|mpi-esm1-2-hr|ssp370,cwatm,mpi-esm1-2-hr,ssp370,2060,J,630446866.2425641,1962300480.5784025,630446866.2425641,3192654768.576269,12,m3/yr,"data/water/cwatm_mpi-esm1-2-hr_w5e5_ssp370_2015soc-from-histsoc_default_{pdomuse,ptotuse,pinduse,pliveuse}_global_monthly_2015_2100.nc",2051-2060
cwatm|mpi-esm1-2-hr|ssp370,cwatm,mpi-esm1-2-hr,ssp370,2060,K,1116575998.5761828,25065204979.839737,1116575998.5761828,2903204626.247882,11,m3/yr,"data/water/cwatm_mpi-esm1-2-hr_w5e5_ssp370_2015soc-from-histsoc_default_{pdomuse,ptotuse,pinduse,pliveuse}_global_monthly_2015_2100.nc",2051-2060
cwatm|mri-esm2-0|ssp126,cwatm,mri-esm2-0,ssp126,2030,A,3211981584.173186,22063179843.191547,3211981584.173186,6864568779.404327,12,m3/yr,"data/water/cwatm_mri-esm2-0_w5e5_ssp126_2015soc-from-histsoc_default_{pdomuse,ptotuse,pinduse,pliveuse}_global_monthly_2015_2100.nc",2021-2030
cwatm|mri-esm2-0|ssp126,cwatm,mri-esm2-0,ssp126,2030,C,3838977056.7259235,30213453084.91297,3838977056.7259235,13905221593.981073,11,m3/yr,"data/water/cwatm_mri-esm2-0_w5e5_ssp126_2015soc-from-histsoc_default_{pdomuse,ptotuse,pinduse,pliveuse}_global_monthly_2015_2100.nc",2021-2030
cwatm|mri-esm2-0|ssp126,cwatm,mri-esm2-0,ssp126,2030,D,2785009758.145506,23325372007.220535,2785009758.145506,6548895193.851141,11,m3/yr,"data/water/cwatm_mri-esm2-0_w5e5_ssp126_2015soc-from-histsoc_default_{pdomuse,ptotuse,pinduse,pliveuse}_global_monthly_2015_2100.nc",2021-2030
cwatm|mri-esm2-0|ssp126,cwatm,mri-esm2-0,ssp126,2030,E,5031814122.949176,46217211894.9133,5031814122.949175,43248423536.4084,12,m3/yr,"data/water/cwatm_mri-esm2-0_w5e5_ssp126_2015soc-from-histsoc_default_{pdomuse,ptotuse,pinduse,pliveuse}_global_monthly_2015_2100.nc",2021-2030
cwatm|mri-esm2-0|ssp126,cwatm,mri-esm2-0,ssp126,2030,F,11431294359.28786,83973329392.92336,11431294359.28786,70923111687.29488,11,m3/yr,"data/water/cwatm_mri-esm2-0_w5e5_ssp126_2015soc-from-histsoc_default_{pdomuse,ptotuse,pinduse,pliveuse}_global_monthly_2015_2100.nc",2021-2030
cwatm|mri-esm2-0|ssp126,cwatm,mri-esm2-0,ssp126,2030,G,3603510574.8719387,8957413381.862717,3603510574.8719387,10519888106.813839,11,m3/yr,"data/water/cwatm_mri-esm2-0_w5e5_ssp126_2015soc-from-histsoc_default_{pdomuse,ptotuse,pinduse,pliveuse}_global_monthly_2015_2100.nc",2021-2030
cwatm|mri-esm2-0|ssp126,cwatm,mri-esm2-0,ssp126,2030,H,4331860324.314987,14600312661.306845,4331860324.314987,20617266918.943542,11,m3/yr,"data/water/cwatm_mri-esm2-0_w5e5_ssp126_2015soc-from-histsoc_default_{pdomuse,ptotuse,pinduse,pliveuse}_global_monthly_2015_2100.nc",2021-2030
cwatm|mri-esm2-0|ssp126,cwatm,mri-esm2-0,ssp126,2030,J,630619260.020119,1860143821.6423478,630619260.020119,3146749633.831764,12,m3/yr,"data/water/cwatm_mri-esm2-0_w5e5_ssp126_2015soc-from-histsoc_default_{pdomuse,ptotuse,pinduse,pliveuse}_global_monthly_2015_2100.nc",2021-2030
cwatm|mri-esm2-0|ssp126,cwatm,mri-esm2-0,ssp126,2030,K,1116881323.527132,28535012881.748848,1116881323.527132,4656581661.722933,11,m3/yr,"data/water/cwatm_mri-esm2-0_w5e5_ssp126_2015soc-from-histsoc_default_{pdomuse,ptotuse,pinduse,pliveuse}_global_monthly_2015_2100.nc",2021-2030
cwatm|mri-esm2-0|ssp126,cwatm,mri-esm2-0,ssp126,2040,A,3211103512.7554817,23249037044.567722,3211103512.7554817,4799065628.429289,12,m3/yr,"data/water/cwatm_mri-esm2-0_w5e5_ssp126_2015soc-from-histsoc_default_{pdomuse,ptotuse,pinduse,pliveuse}_global_monthly_2015_2100.nc",2031-2040
cwatm|mri-esm2-0|ssp126,cwatm,mri-esm2-0,ssp126,2040,C,3837927584.5686245,31561837575.092003,3837927584.5686245,9941641178.523842,11,m3/yr,"data/water/cwatm_mri-esm2-0_w5e5_ssp126_2015soc-from-histsoc_default_{pdomuse,ptotuse,pinduse,pliveuse}_global_monthly_2015_2100.nc",2031-2040
cwatm|mri-esm2-0|ssp126,cwatm,mri-esm2-0,ssp126,2040,D,2784248413.592388,22348236450.068092,2784248413.592388,3840827449.7640953,11,m3/yr,"data/water/cwatm_mri-esm2-0_w5e5_ssp126_2015soc-from-histsoc_default_{pdomuse,ptotuse,pinduse,pliveuse}_global_monthly_2015_2100.nc",2031-2040
cwatm|mri-esm2-0|ssp126,cwatm,mri-esm2-0,ssp126,2040,E,5030438557.150638,47262821762.15621,5030438557.150638,39057745522.365005,2,m3/yr,"data/water/cwatm_mri-esm2-0_w5e5_ssp126_2015soc-from-histsoc_default_{pdomuse,ptotuse,pinduse,pliveuse}_global_monthly_2015_2100.nc",2031-2040
cwatm|mri-esm2-0|ssp126,cwatm,mri-esm2-0,ssp126,2040,F,11428169346.99983,88245939772.35861,11428169346.999828,62689930041.323906,11,m3/yr,"data/water/cwatm_mri-esm2-0_w5e5_ssp126_2015soc-from-histsoc_default_{pdomuse,ptotuse,pinduse,pliveuse}_global_monthly_2015_2100.nc",2031-2040
cwatm|mri-esm2-0|ssp126,cwatm,mri-esm2-0,ssp126,2040,G,3602525476.167685,9429172368.995037,3602525476.1676855,9517478307.190434,11,m3/yr,"data/water/cwatm_mri-esm2-0_w5e5_ssp126_2015soc-from-histsoc_default_{pdomuse,ptotuse,pinduse,pliveuse}_global_monthly_2015_2100.nc",2031-2040
cwatm|mri-esm2-0|ssp126,cwatm,mri-esm2-0,ssp126,2040,H,4330676107.032385,15170117978.643938,4330676107.032385,19396876969.265312,11,m3/yr,"data/water/cwatm_mri-esm2-0_w5e5_ssp126_2015soc-from-histsoc_default_{pdomuse,ptotuse,pinduse,pliveuse}_global_monthly_2015_2100.nc",2031-2040
cwatm|mri-esm2-0|ssp126,cwatm,mri-esm2-0,ssp126,2040,J,630446866.2425641,1819484958.017283,630446866.2425641,3037767157.1229167,12,m3/yr,"data/water/cwatm_mri-esm2-0_w5e5_ssp126_2015soc-from-histsoc_default_{pdomuse,ptotuse,pinduse,pliveuse}_global_monthly_2015_2100.nc",2031-2040
cwatm|mri-esm2-0|ssp126,cwatm,mri-esm2-0,ssp126,2040,K,1116575998.5761828,27140476048.473125,1116575998.5761828,4753200619.715198,11,m3/yr,"data/water/cwatm_mri-esm2-0_w5e5_ssp126_2015soc-from-histsoc_default_{pdomuse,ptotuse,pinduse,pliveuse}_global_monthly_2015_2100.nc",2031-2040
cwatm|mri-esm2-0|ssp126,cwatm,mri-esm2-0,ssp126,2050,A,3211981584.173186,15040220899.145805,3211981584.173186,1905565622.6710415,12,m3/yr,"data/water/cwatm_mri-esm2-0_w5e5_ssp126_2015soc-from-histsoc_default_{pdomuse,ptotuse,pinduse,pliveuse}_global_monthly_2015_2100.nc",2041-2050
cwatm|mri-esm2-0|ssp126,cwatm,mri-esm2-0,ssp126,2050,C,3838977056.7259235,28101569122.629776,3838977056.7259235,9518818863.606638,11,m3/yr,"data/water/cwatm_mri-esm2-0_w5e5_ssp126_2015soc-from-histsoc_default_{pdomuse,ptotuse,pinduse,pliveuse}_global_monthly_2015_2100.nc",2041-2050
cwatm|mri-esm2-0|ssp126,cwatm,mri-esm2-0,ssp126,2050,D,2785009758.145506,19549908116.253685,2785009758.145506,5575491523.643929,11,m3/yr,"data/water/cwatm_mri-esm2-0_w5e5_ssp126_2015soc-from-histsoc_default_{pdomuse,ptotuse,pinduse,pliveuse}_global_monthly_2015_2100.nc",2041-2050
cwatm|mri-esm2-0|ssp126,cwatm,mri-esm2-0,ssp126,2050,E,5031814122.949176,46639555042.1702,5031814122.949175,47938993219.95029,1,m3/yr,"data/water/cwatm_mri-esm2-0_w5e5_ssp126_2015soc-from-histsoc_default_{pdomuse,ptotuse,pinduse,pliveuse}_global_monthly_2015_2100.nc",2041-2050
cwatm|mri-esm2-0|ssp126,cwatm,mri-esm2-0,ssp126,2050,F,11431294359.28786,88224110140.90797,11431294359.28786,72919640388.65361,11,m3/yr,"data/water/cwatm_mri-esm2-0_w5e5_ssp126_2015soc-from-histsoc_default_{pdomuse,ptotuse,pinduse,pliveuse}_global_monthly_2015_2100.nc",2041-2050
cwatm|mri-esm2-0|ssp126,cwatm,mri-esm2-0,ssp126,2050,G,3603510574.8719387,9631875068.900944,3603510574.8719387,10976271687.280067,11,m3/yr,"data/water/cwatm_mri-esm2-0_w5e5_ssp126_2015soc-from-histsoc_default_{pdomuse,ptotuse,pinduse,pliveuse}_global_monthly_2015_2100.nc",2041-2050
cwatm|mri-esm2-0|ssp126,cwatm,mri-esm2-0,ssp126,2050,H,4331860324.314987,15511693024.077673,4331860324.314987,23014233920.29715,11,m3/yr,"data/water/cwatm_mri-esm2-0_w5e5_ssp126_2015soc-from-histsoc_default_{pdomuse,ptotuse,pinduse,pliveuse}_global_monthly_2015_2100.nc",2041-2050
cwatm|mri-esm2-0|ssp126,cwatm,mri-esm2-0,ssp126,2050,J,630619260.020119,1920528188.2107234,630619260.020119,3356325354.335543,12,m3/yr,"data/water/cwatm_mri-esm2-0_w5e5_ssp126_2015soc-from-histsoc_default_{pdomuse,ptotuse,pinduse,pliveuse}_global_monthly_2015_2100.nc",2041-2050
cwatm|mri-esm2-0|ssp126,cwatm,mri-esm2-0,ssp126,2050,K,1116881323.527132,27374354958.911163,1116881323.527132,5395178423.610382,11,m3/yr,"data/water/cwatm_mri-esm2-0_w5e5_ssp126_2015soc-from-histsoc_default_{pdomuse,ptotuse,pinduse,pliveuse}_global_monthly_2015_2100.nc",2041-2050
cwatm|mri-esm2-0|ssp126,cwatm,mri-esm2-0,ssp126,2060,A,3211103512.7554817,24353119647.623867,3211103512.7554817,1726406456.281662,11,m3/yr,"data/water/cwatm_mri-esm2-0_w5e5_ssp126_2015soc-from-histsoc_default_{pdomuse,ptotuse,pinduse,pliveuse}_global_monthly_2015_2100.nc",2051-2060
cwatm|mri-esm2-0|ssp126,cwatm,mri-esm2-0,ssp126,2060,C,3837927584.5686245,31914995987.652527,3837927584.5686245,11503361163.52845,11,m3/yr,"data/water/cwatm_mri-esm2-0_w5e5_ssp126_2015soc-from-histsoc_default_{pdomuse,ptotuse,pinduse,pliveuse}_global_monthly_2015_2100.nc",2051-2060
cwatm|mri-esm2-0|ssp126,cwatm,mri-esm2-0,ssp126,2060,D,2784248413.592388,19427799229.539646,2784248413.592388,4113794111.836525,11,m3/yr,"data/water/cwatm_mri-esm2-0_w5e5_ssp126_2015soc-from-histsoc_default_{pdomuse,ptotuse,pinduse,pliveuse}_global_monthly_2015_2100.nc",2051-2060
cwatm|mri-esm2-0|ssp126,cwatm,mri-esm2-0,ssp126,2060,E,5030438557.150638,42955147194.84701,5030438557.150638,45745109924.02342,1,m3/yr,"data/water/cwatm_mri-esm2-0_w5e5_ssp126_2015soc-from-histsoc_default_{pdomuse,ptotuse,pinduse,pliveuse}_global_monthly_2015_2100.nc",2051-2060
cwatm|mri-esm2-0|ssp126,cwatm,mri-esm2-0,ssp126,2060,F,11428169346.99983,86038455867.32059,11428169346.999828,71067030812.35425,11,m3/yr,"data/water/cwatm_mri-esm2-0_w5e5_ssp126_2015soc-from-histsoc_default_{pdomuse,ptotuse,pinduse,pliveuse}_global_monthly_2015_2100.nc",2051-2060
cwatm|mri-esm2-0|ssp126,cwatm,mri-esm2-0,ssp126,2060,G,3602525476.167685,9290180513.891418,3602525476.1676855,10350996034.818123,11,m3/yr,"data/water/cwatm_mri-esm2-0_w5e5_ssp126_2015soc-from-histsoc_default_{pdomuse,ptotuse,pinduse,pliveuse}_global_monthly_2015_2100.nc",2051-2060
cwatm|mri-esm2-0|ssp126,cwatm,mri-esm2-0,ssp126,2060,H,4330676107.032385,14182718306.586637,4330676107.032385,19992448734.46592,11,m3/yr,"data/water/cwatm_mri-esm2-0_w5e5_ssp126_2015soc-from-histsoc_default_{pdomuse,ptotuse,pinduse,pliveuse}_global_monthly_2015_2100.nc",2051-2060
cwatm|mri-esm2-0|ssp126,cwatm,mri-esm2-0,ssp126,2060,J,630446866.2425641,1944918305.6080332,630446866.2425641,3436650319.5125723,12,m3/yr,"data/water/cwatm_mri-esm2-0_w5e5_ssp126_2015soc-from-histsoc_default_{pdomuse,ptotuse,pinduse,pliveuse}_global_monthly_2015_2100.nc",2051-2060
cwatm|mri-esm2-0|ssp126,cwatm,mri-esm2-0,ssp126,2060,K,1116575998.5761828,27383878686.5887,1116575998.5761828,3629372698.5429373,11,m3/yr,"data/water/cwatm_mri-esm2-0_w5e5_ssp126_2015soc-from-histsoc_default_{pdomuse,ptotuse,pinduse,pliveuse}_global_monthly_2015_2100.nc",2051-2060
cwatm|mri-esm2-0|ssp370,cwatm,mri-esm2-0,ssp370,2030,A,3211981584.173186,23831850587.663166,3211981584.173186,1084827856.9272327,11,m3/yr,"data/water/cwatm_mri-esm2-0_w5e5_ssp370_2015soc-from-histsoc_default_{pdomuse,ptotuse,pinduse,pliveuse}_global_monthly_2015_2100.nc",2021-2030
cwatm|mri-esm2-0|ssp370,cwatm,mri-esm2-0,ssp370,2030,C,3838977056.7259235,27437986126.051582,3838977056.7259235,6711402861.0426655,11,m3/yr,"data/water/cwatm_mri-esm2-0_w5e5_ssp370_2015soc-from-histsoc_default_{pdomuse,ptotuse,pinduse,pliveuse}_global_monthly_2015_2100.nc",2021-2030
cwatm|mri-esm2-0|ssp370,cwatm,mri-esm2-0,ssp370,2030,D,2785009758.145506,21084174200.624985,2785009758.145506,3103885974.553974,11,m3/yr,"data/water/cwatm_mri-esm2-0_w5e5_ssp370_2015soc-from-histsoc_default_{pdomuse,ptotuse,pinduse,pliveuse}_global_monthly_2015_2100.nc",2021-2030
cwatm|mri-esm2-0|ssp370,cwatm,mri-esm2-0,ssp370,2030,E,5031814122.949176,38154112779.593,5031814122.949175,29288236101.04478,12,m3/yr,"data/water/cwatm_mri-esm2-0_w5e5_ssp370_2015soc-from-histsoc_default_{pdomuse,ptotuse,pinduse,pliveuse}_global_monthly_2015_2100.nc",2021-2030
cwatm|mri-esm2-0|ssp370,cwatm,mri-esm2-0,ssp370,2030,F,11431294359.28786,77214020769.3007,11431294359.28786,59128342197.29497,11,m3/yr,"data/water/cwatm_mri-esm2-0_w5e5_ssp370_2015soc-from-histsoc_default_{pdomuse,ptotuse,pinduse,pliveuse}_global_monthly_2015_2100.nc",2021-2030
cwatm|mri-esm2-0|ssp370,cwatm,mri-esm2-0,ssp370,2030,G,3603510574.8719387,8949384176.85102,3603510574.8719387,10916705344.960804,10,m3/yr,"data/water/cwatm_mri-esm2-0_w5e5_ssp370_2015soc-from-histsoc_default_{pdomuse,ptotuse,pinduse,pliveuse}_global_monthly_2015_2100.nc",2021-2030
cwatm|mri-esm2-0|ssp370,cwatm,mri-esm2-0,ssp370,2030,H,4331860324.314987,14356746116.521002,4331860324.314987,18957800954.684402,11,m3/yr,"data/water/cwatm_mri-esm2-0_w5e5_ssp370_2015soc-from-histsoc_default_{pdomuse,ptotuse,pinduse,pliveuse}_global_monthly_2015_2100.nc",2021-2030
cwatm|mri-esm2-0|ssp370,cwatm,mri-esm2-0,ssp370,2030,J,630619260.020119,1734578196.5105805,630619260.020119,2744157290.6689515,12,m3/yr,"data/water/cwatm_mri-esm2-0_w5e5_ssp370_2015soc-from-histsoc_default_{pdomuse,ptotuse,pinduse,pliveuse}_global_monthly_2015_2100.nc",2021-2030
cwatm|mri-esm2-0|ssp370,cwatm,mri-esm2-0,ssp370,2030,K,1116881323.527132,25958905584.53711,1116881323.527132,4327169860.613127,11,m3/yr,"data/water/cwatm_mri-esm2-0_w5e5_ssp370_2015soc-from-histsoc_default_{pdomuse,ptotuse,pinduse,pliveuse}_global_monthly_2015_2100.nc",2021-2030
cwatm|mri-esm2-0|ssp370,cwatm,mri-esm2-0,ssp370,2040,A,3211103512.7554817,25168441494.21303,3211103512.7554817,7741908616.590961,12,m3/yr,"data/water/cwatm_mri-esm2-0_w5e5_ssp370_2015soc-from-histsoc_default_{pdomuse,ptotuse,pinduse,pliveuse}_global_monthly_2015_2100.nc",2031-2040
cwatm|mri-esm2-0|ssp370,cwatm,mri-esm2-0,ssp370,2040,C,3837927584.5686245,25683269419.53347,3837927584.5686245,3796158484.452894,11,m3/yr,"data/water/cwatm_mri-esm2-0_w5e5_ssp370_2015soc-from-histsoc_default_{pdomuse,ptotuse,pinduse,pliveuse}_global_monthly_2015_2100.nc",2031-2040
cwatm|mri-esm2-0|ssp370,cwatm,mri-esm2-0,ssp370,2040,D,2784248413.592388,18010729505.722485,2784248413.592388,1679012507.0298328,11,m3/yr,"data/water/cwatm_mri-esm2-0_w5e5_ssp370_2015soc-from-histsoc_default_{pdomuse,ptotuse,pinduse,pliveuse}_global_monthly_2015_2100.nc",2031-2040
cwatm|mri-esm2-0|ssp370,cwatm,mri-esm2-0,ssp370,2040,E,5030438557.150638,34877285716.679535,5030438557.150638,35225634556.63216,1,m3/yr,"data/water/cwatm_mri-esm2-0_w5e5_ssp370_2015soc-from-histsoc_default_{pdomuse,ptotuse,pinduse,pliveuse}_global_monthly_2015_2100.nc",2031-2040
cwatm|mri-esm2-0|ssp370,cwatm,mri-esm2-0,ssp370,2040,F,11428169346.99983,71413486738.41397,11428169346.999828,52863153631.91819,11,m3/yr,"data/water/cwatm_mri-esm2-0_w5e5_ssp370_2015soc-from-histsoc_default_{pdomuse,ptotuse,pinduse,pliveuse}_global_monthly_2015_2100.nc",2031-2040
cwatm|mri-esm2-0|ssp370,cwatm,mri-esm2-0,ssp370,2040,G,3602525476.167685,8721021860.347044,3602525476.1676855,9189695157.387089,11,m3/yr,"data/water/cwatm_mri-esm2-0_w5e5_ssp370_2015soc-from-histsoc_default_{pdomuse,ptotuse,pinduse,pliveuse}_global_monthly_2015_2100.nc",2031-2040
cwatm|mri-esm2-0|ssp370,cwatm,mri-esm2-0,ssp370,2040,H,4330676107.032385,13355777855.16862,4330676107.032385,17505780795.33532,11,m3/yr,"data/water/cwatm_mri-esm2-0_w5e5_ssp370_2015soc-from-histsoc_default_{pdomuse,ptotuse,pinduse,pliveuse}_global_monthly_2015_2100.nc",2031-2040
cwatm|mri-esm2-0|ssp370,cwatm,mri-esm2-0,ssp370,2040,J,630446866.2425641,1669701769.0532064,630446866.2425641,2829460996.0492606,12,m3/yr,"data/water/cwatm_mri-esm2-0_w5e5_ssp370_2015soc-from-histsoc_default_{pdomuse,ptotuse,pinduse,pliveuse}_global_monthly_2015_2100.nc",2031-2040
cwatm|mri-esm2-0|ssp370,cwatm,mri-esm2-0,ssp370,2040,K,1116575998.5761828,25855443040.91585,1116575998.5761828,3725186638.886179,11,m3/yr,"data/water/cwatm_mri-esm2-0_w5e5_ssp370_2015soc-from-histsoc_default_{pdomuse,ptotuse,pinduse,pliveuse}_global_monthly_2015_2100.nc",2031-2040
cwatm|mri-esm2-0|ssp370,cwatm,mri-esm2-0,ssp370,2050,A,3211981584.173186,21642489196.559635,3211981584.173186,771078817.4426231,11,m3/yr,"data/water/cwatm_mri-esm2-0_w5e5_ssp370_2015soc-from-histsoc_default_{pdomuse,ptotuse,pinduse,pliveuse}_global_monthly_2015_2100.nc",2041-2050
cwatm|mri-esm2-0|ssp370,cwatm,mri-esm2-0,ssp370,2050,C,3838977056.7259235,27476660718.165787,3838977056.7259235,8075858285.370462,11,m3/yr,"data/water/cwatm_mri-esm2-0_w5e5_ssp370_2015soc-from-histsoc_default_{pdomuse,ptotuse,pinduse,pliveuse}_global_monthly_2015_2100.nc",2041-2050
cwatm|mri-esm2-0|ssp370,cwatm,mri-esm2-0,ssp370,2050,D,2785009758.145506,18300109205.9642,2785009758.145506,3409091746.347969,11,m3/yr,"data/water/cwatm_mri-esm2-0_w5e5_ssp370_2015soc-from-histsoc_default_{pdomuse,ptotuse,pinduse,pliveuse}_global_monthly_2015_2100.nc",2041-2050
cwatm|mri-esm2-0|ssp370,cwatm,mri-esm2-0,ssp370,2050,E,5031814122.949176,37344198030.93341,5031814122.949175,32075911156.194027,12,m3/yr,"data/water/cwatm_mri-esm2-0_w5e5_ssp370_2015soc-from-histsoc_default_{pdomuse,ptotuse,pinduse,pliveuse}_global_monthly_2015_2100.nc",2041-2050
cwatm|mri-esm2-0|ssp370,cwatm,mri-esm2-0,ssp370,2050,F,11431294359.28786,77500582611.00697,11431294359.28786,57702095227.42412,12,m3/yr,"data/water/cwatm_mri-esm2-0_w5e5_ssp370_2015soc-from-histsoc_default_{pdomuse,ptotuse,pinduse,pliveuse}_global_monthly_2015_2100.nc",2041-2050
cwatm|mri-esm2-0|ssp370,cwatm,mri-esm2-0,ssp370,2050,G,3603510574.8719387,9127018758.862892,3603510574.8719387,11202047827.82674,10,m3/yr,"data/water/cwatm_mri-esm2-0_w5e5_ssp370_2015soc-from-histsoc_default_{pdomuse,ptotuse,pinduse,pliveuse}_global_monthly_2015_2100.nc",2041-2050
cwatm|mri-esm2-0|ssp370,cwatm,mri-esm2-0,ssp370,2050,H,4331860324.314987,13495658322.30702,4331860324.314987,18832446331.200882,11,m3/yr,"data/water/cwatm_mri-esm2-0_w5e5_ssp370_2015soc-from-histsoc_default_{pdomuse,ptotuse,pinduse,pliveuse}_global_monthly_2015_2100.nc",2041-2050
cwatm|mri-esm2-0|ssp370,cwatm,mri-esm2-0,ssp370,2050,J,630619260.020119,1793704316.3291993,630619260.020119,2962518860.7423344,12,m3/yr,"data/water/cwatm_mri-esm2-0_w5e5_ssp370_2015soc-from-histsoc_default_{pdomuse,ptotuse,pinduse,pliveuse}_global_monthly_2015_2100.nc",2041-2050
cwatm|mri-esm2-0|ssp370,cwatm,mri-esm2-0,ssp370,2050,K,1116881323.527132,25545128798.53341,1116881323.527132,3225797174.0744233,11,m3/yr,"data/water/cwatm_mri-esm2-0_w5e5_ssp370_2015soc-from-histsoc_default_{pdomuse,ptotuse,pinduse,pliveuse}_global_monthly_2015_2100.nc",2041-2050
cwatm|mri-esm2-0|ssp370,cwatm,mri-esm2-0,ssp370,2060,A,3211103512.7554817,19418024219.416916,3211103512.7554817,4656754864.408915,12,m3/yr,"data/water/cwatm_mri-esm2-0_w5e5_ssp370_2015soc-from-histsoc_default_{pdomuse,ptotuse,pinduse,pliveuse}_global_monthly_2015_2100.nc",2051-2060
cwatm|mri-esm2-0|ssp370,cwatm,mri-esm2-0,ssp370,2060,C,3837927584.5686245,27827703920.612503,3837927584.5686245,6898190089.233513,11,m3/yr,"data/water/cwatm_mri-esm2-0_w5e5_ssp370_2015soc-from-histsoc_default_{pdomuse,ptotuse,pinduse,pliveuse}_global_monthly_2015_2100.nc",2051-2060
cwatm|mri-esm2-0|ssp370,cwatm,mri-esm2-0,ssp370,2060,D,2784248413.592388,20325280739.64782,2784248413.592388,3505006920.309086,11,m3/yr,"data/water/cwatm_mri-esm2-0_w5e5_ssp370_2015soc-from-histsoc_default_{pdomuse,ptotuse,pinduse,pliveuse}_global_monthly_2015_2100.nc",2051-2060
cwatm|mri-esm2-0|ssp370,cwatm,mri-esm2-0,ssp370,2060,E,5030438557.150638,36302752415.29316,5030438557.150638,28516889101.28607,12,m3/yr,"data/water/cwatm_mri-esm2-0_w5e5_ssp370_2015soc-from-histsoc_default_{pdomuse,ptotuse,pinduse,pliveuse}_global_monthly_2015_2100.nc",2051-2060
cwatm|mri-esm2-0|ssp370,cwatm,mri-esm2-0,ssp370,2060,F,11428169346.99983,74142571880.6424,11428169346.999828,55767542133.97047,11,m3/yr,"data/water/cwatm_mri-esm2-0_w5e5_ssp370_2015soc-from-histsoc_default_{pdomuse,ptotuse,pinduse,pliveuse}_global_monthly_2015_2100.nc",2051-2060
cwatm|mri-esm2-0|ssp370,cwatm,mri-esm2-0,ssp370,2060,G,3602525476.167685,9433017590.272995,3602525476.1676855,9396089754.68161,11,m3/yr,"data/water/cwatm_mri-esm2-0_w5e5_ssp370_2015soc-from-histsoc_default_{pdomuse,ptotuse,pinduse,pliveuse}_global_monthly_2015_2100.nc",2051-2060
cwatm|mri-esm2-0|ssp370,cwatm,mri-esm2-0,ssp370,2060,H,4330676107.032385,13855316726.069628,4330676107.032385,18795867543.86463,11,m3/yr,"data/water/cwatm_mri-esm2-0_w5e5_ssp370_2015soc-from-histsoc_default_{pdomuse,ptotuse,pinduse,pliveuse}_global_monthly_2015_2100.nc",2051-2060
cwatm|mri-esm2-0|ssp370,cwatm,mri-esm2-0,ssp370,2060,J,630446866.2425641,1697999141.6228828,630446866.2425641,2912450316.795127,12,m3/yr,"data/water/cwatm_mri-esm2-0_w5e5_ssp370_2015soc-from-histsoc_default_{pdomuse,ptotuse,pinduse,pliveuse}_global_monthly_2015_2100.nc",2051-2060
cwatm|mri-esm2-0|ssp370,cwatm,mri-esm2-0,ssp370,2060,K,1116575998.5761828,28334394771.704777,1116575998.5761828,5383995831.774274,11,m3/yr,"data/water/cwatm_mri-esm2-0_w5e5_ssp370_2015soc-from-histsoc_default_{pdomuse,ptotuse,pinduse,pliveuse}_global_monthly_2015_2100.nc",2051-2060
cwatm|ukesm1-0-ll|ssp126,cwatm,ukesm1-0-ll,ssp126,2030,A,3211981584.173186,22800640624.7933,3211981584.173186,970836730.8880072,11,m3/yr,"data/water/cwatm_ukesm1-0-ll_w5e5_ssp126_2015soc-from-histsoc_default_{pdomuse,ptotuse,pinduse,pliveuse}_global_monthly_2015_2100.nc",2021-2030
cwatm|ukesm1-0-ll|ssp126,cwatm,ukesm1-0-ll,ssp126,2030,C,3838977056.7259235,32880321581.25267,3838977056.7259235,12925781088.428766,11,m3/yr,"data/water/cwatm_ukesm1-0-ll_w5e5_ssp126_2015soc-from-histsoc_default_{pdomuse,ptotuse,pinduse,pliveuse}_global_monthly_2015_2100.nc",2021-2030
cwatm|ukesm1-0-ll|ssp126,cwatm,ukesm1-0-ll,ssp126,2030,D,2785009758.145506,19618925993.090176,2785009758.145506,4902013147.988028,11,m3/yr,"data/water/cwatm_ukesm1-0-ll_w5e5_ssp126_2015soc-from-histsoc_default_{pdomuse,ptotuse,pinduse,pliveuse}_global_monthly_2015_2100.nc",2021-2030
cwatm|ukesm1-0-ll|ssp126,cwatm,ukesm1-0-ll,ssp126,2030,E,5031814122.949176,49758649721.517334,5031814122.949175,44381396195.914246,12,m3/yr,"data/water/cwatm_ukesm1-0-ll_w5e5_ssp126_2015soc-from-histsoc_default_{pdomuse,ptotuse,pinduse,pliveuse}_global_monthly_2015_2100.nc",2021-2030
cwatm|ukesm1-0-ll|ssp126,cwatm,ukesm1-0-ll,ssp126,2030,F,11431294359.28786,84678445391.22461,11431294359.28786,64007951168.09056,11,m3/yr,"data/water/cwatm_ukesm1-0-ll_w5e5_ssp126_2015soc-from-histsoc_default_{pdomuse,ptotuse,pinduse,pliveuse}_global_monthly_2015_2100.nc",2021-2030
cwatm|ukesm1-0-ll|ssp126,cwatm,ukesm1-0-ll,ssp126,2030,G,3603510574.8719387,9546368862.98774,3603510574.8719387,9849252050.63216,11,m3/yr,"data/water/cwatm_ukesm1-0-ll_w5e5_ssp126_2015soc-from-histsoc_default_{pdomuse,ptotuse,pinduse,pliveuse}_global_monthly_2015_2100.nc",2021-2030
cwatm|ukesm1-0-ll|ssp126,cwatm,ukesm1-0-ll,ssp126,2030,H,4331860324.314987,14940651235.167425,4331860324.314987,20577665875.762825,11,m3/yr,"data/water/cwatm_ukesm1-0-ll_w5e5_ssp126_2015soc-from-histsoc_default_{pdomuse,ptotuse,pinduse,pliveuse}_global_monthly_2015_2100.nc",2021-2030
cwatm|ukesm1-0-ll|ssp126,cwatm,ukesm1-0-ll,ssp126,2030,J,630619260.020119,1952946125.9025183,630619260.020119,3320155808.9954224,12,m3/yr,"data/water/cwatm_ukesm1-0-ll_w5e5_ssp126_2015soc-from-histsoc_default_{pdomuse,ptotuse,pinduse,pliveuse}_global_monthly_2015_2100.nc",2021-2030
cwatm|ukesm1-0-ll|ssp126,cwatm,ukesm1-0-ll,ssp126,2030,K,1116881323.527132,25432023611.502144,1116881323.527132,4414834217.522749,11,m3/yr,"data/water/cwatm_ukesm1-0-ll_w5e5_ssp126_2015soc-from-histsoc_default_{pdomuse,ptotuse,pinduse,pliveuse}_global_monthly_2015_2100.nc",2021-2030
cwatm|ukesm1-0-ll|ssp126,cwatm,ukesm1-0-ll,ssp126,2040,A,3211103512.7554817,27603316798.263046,3211103512.7554817,1807643192.1376934,11,m3/yr,"data/water/cwatm_ukesm1-0-ll_w5e5_ssp126_2015soc-from-histsoc_default_{pdomuse,ptotuse,pinduse,pliveuse}_global_monthly_2015_2100.nc",2031-2040
cwatm|ukesm1-0-ll|ssp126,cwatm,ukesm1-0-ll,ssp126,2040,C,3837927584.5686245,36570722361.14595,3837927584.5686245,19309381861.12072,11,m3/yr,"data/water/cwatm_ukesm1-0-ll_w5e5_ssp126_2015soc-from-histsoc_default_{pdomuse,ptotuse,pinduse,pliveuse}_global_monthly_2015_2100.nc",2031-2040
cwatm|ukesm1-0-ll|ssp126,cwatm,ukesm1-0-ll,ssp126,2040,D,2784248413.592388,22907490104.45572,2784248413.592388,8197979632.388088,11,m3/yr,"data/water/cwatm_ukesm1-0-ll_w5e5_ssp126_2015soc-from-histsoc_default_{pdomuse,ptotuse,pinduse,pliveuse}_global_monthly_2015_2100.nc",2031-2040
cwatm|ukesm1-0-ll|ssp126,cwatm,ukesm1-0-ll,ssp126,2040,E,5030438557.150638,58738608241.30397,5030438557.150638,54243448800.75868,12,m3/yr,"data/water/cwatm_ukesm1-0-ll_w5e5_ssp126_2015soc-from-histsoc_default_{pdomuse,ptotuse,pinduse,pliveuse}_global_monthly_2015_2100.nc",2031-2040
cwatm|ukesm1-0-ll|ssp126,cwatm,ukesm1-0-ll,ssp126,2040,F,11428169346.99983,93272500257.48993,11428169346.999828,69753585090.27283,11,m3/yr,"data/water/cwatm_ukesm1-0-ll_w5e5_ssp126_2015soc-from-histsoc_default_{pdomuse,ptotuse,pinduse,pliveuse}_global_monthly_2015_2100.nc",2031-2040
cwatm|ukesm1-0-ll|ssp126,cwatm,ukesm1-0-ll,ssp126,2040,G,3602525476.167685,9650809275.276138,3602525476.1676855,10159560426.635971,11,m3/yr,"data/water/cwatm_ukesm1-0-ll_w5e5_ssp126_2015soc-from-histsoc_default_{pdomuse,ptotuse,pinduse,pliveuse}_global_monthly_2015_2100.nc",2031-2040
cwatm|ukesm1-0-ll|ssp126,cwatm,ukesm1-0-ll,ssp126,2040,H,4330676107.032385,15190333692.448153,4330676107.032385,20317075284.235558,11,m3/yr,"data/water/cwatm_ukesm1-0-ll_w5e5_ssp126_2015soc-from-histsoc_default_{pdomuse,ptotuse,pinduse,pliveuse}_global_monthly_2015_2100.nc",2031-2040
cwatm|ukesm1-0-ll|ssp126,cwatm,ukesm1-0-ll,ssp126,2040,J,630446866.2425641,1950865864.6457992,630446866.2425641,3254642229.9288325,12,m3/yr,"data/water/cwatm_ukesm1-0-ll_w5e5_ssp126_2015soc-from-histsoc_default_{pdomuse,ptotuse,pinduse,pliveuse}_global_monthly_2015_2100.nc",2031-2040
cwatm|ukesm1-0-ll|ssp126,cwatm,ukesm1-0-ll,ssp126,2040,K,1116575998.5761828,26001875647.54163,1116575998.5761828,4387969146.74901,11,m3/yr,"data/water/cwatm_ukesm1-0-ll_w5e5_ssp126_2015soc-from-histsoc_default_{pdomuse,ptotuse,pinduse,pliveuse}_global_monthly_2015_2100.nc",2031-2040
cwatm|ukesm1-0-ll|ssp126,cwatm,ukesm1-0-ll,ssp126,2050,A,3211981584.173186,28591492764.51279,3211981584.173186,2262395421.9901752,11,m3/yr,"data/water/cwatm_ukesm1-0-ll_w5e5_ssp126_2015soc-from-histsoc_default_{pdomuse,ptotuse,pinduse,pliveuse}_global_monthly_2015_2100.nc",2041-2050
cwatm|ukesm1-0-ll|ssp126,cwatm,ukesm1-0-ll,ssp126,2050,C,3838977056.7259235,36525005714.02514,3838977056.7259235,18507579135.660652,11,m3/yr,"data/water/cwatm_ukesm1-0-ll_w5e5_ssp126_2015soc-from-histsoc_default_{pdomuse,ptotuse,pinduse,pliveuse}_global_monthly_2015_2100.nc",2041-2050
cwatm|ukesm1-0-ll|ssp126,cwatm,ukesm1-0-ll,ssp126,2050,D,2785009758.145506,22294532158.68742,2785009758.145506,6772268891.372078,11,m3/yr,"data/water/cwatm_ukesm1-0-ll_w5e5_ssp126_2015soc-from-histsoc_default_{pdomuse,ptotuse,pinduse,pliveuse}_global_monthly_2015_2100.nc",2041-2050
cwatm|ukesm1-0-ll|ssp126,cwatm,ukesm1-0-ll,ssp126,2050,E,5031814122.949176,53563794998.691666,5031814122.949175,41213929817.14067,12,m3/yr,"data/water/cwatm_ukesm1-0-ll_w5e5_ssp126_2015soc-from-histsoc_default_{pdomuse,ptotuse,pinduse,pliveuse}_global_monthly_2015_2100.nc",2041-2050
cwatm|ukesm1-0-ll|ssp126,cwatm,ukesm1-0-ll,ssp126,2050,F,11431294359.28786,92275514702.46948,11431294359.28786,61311575627.84694,11,m3/yr,"data/water/cwatm_ukesm1-0-ll_w5e5_ssp126_2015soc-from-histsoc_default_{pdomuse,ptotuse,pinduse,pliveuse}_global_monthly_2015_2100.nc",2041-2050
cwatm|ukesm1-0-ll|ssp126,cwatm,ukesm1-0-ll,ssp126,2050,G,3603510574.8719387,10542124013.602047,3603510574.8719387,10799699207.062649,11,m3/yr,"data/water/cwatm_ukesm1-0-ll_w5e5_ssp126_2015soc-from-histsoc_default_{pdomuse,ptotuse,pinduse,pliveuse}_global_monthly_2015_2100.nc",2041-2050
cwatm|ukesm1-0-ll|ssp126,cwatm,ukesm1-0-ll,ssp126,2050,H,4331860324.314987,15370022123.481085,4331860324.314987,19934876645.892693,11,m3/yr,"data/water/cwatm_ukesm1-0-ll_w5e5_ssp126_2015soc-from-histsoc_default_{pdomuse,ptotuse,pinduse,pliveuse}_global_monthly_2015_2100.nc",2041-2050
cwatm|ukesm1-0-ll|ssp126,cwatm,ukesm1-0-ll,ssp126,2050,J,630619260.020119,1841219799.2933955,630619260.020119,3177088729.2678404,12,m3/yr,"data/water/cwatm_ukesm1-0-ll_w5e5_ssp126_2015soc-from-histsoc_default_{pdomuse,ptotuse,pinduse,pliveuse}_global_monthly_2015_2100.nc",2041-2050
cwatm|ukesm1-0-ll|ssp126,cwatm,ukesm1-0-ll,ssp126,2050,K,1116881323.527132,25988249189.592094,1116881323.527132,4084780405.705137,11,m3/yr,"data/water/cwatm_ukesm1-0-ll_w5e5_ssp126_2015soc-from-histsoc_default_{pdomuse,ptotuse,pinduse,pliveuse}_global_monthly_2015_2100.nc",2041-2050
cwatm|ukesm1-0-ll|ssp126,cwatm,ukesm1-0-ll,ssp126,2060,A,3211103512.7554817,26659531232.46849,3211103512.7554817,10069492768.736122,12,m3/yr,"data/water/cwatm_ukesm1-0-ll_w5e5_ssp126_2015soc-from-histsoc_default_{pdomuse,ptotuse,pinduse,pliveuse}_global_monthly_2015_2100.nc",2051-2060
cwatm|ukesm1-0-ll|ssp126,cwatm,ukesm1-0-ll,ssp126,2060,C,3837927584.5686245,41071656922.50906,3837927584.5686245,19299106112.353157,11,m3/yr,"data/water/cwatm_ukesm1-0-ll_w5e5_ssp126_2015soc-from-histsoc_default_{pdomuse,ptotuse,pinduse,pliveuse}_global_monthly_2015_2100.nc",2051-2060
cwatm|ukesm1-0-ll|ssp126,cwatm,ukesm1-0-ll,ssp126,2060,D,2784248413.592388,21919199594.525944,2784248413.592388,5791278401.395441,11,m3/yr,"data/water/cwatm_ukesm1-0-ll_w5e5_ssp126_2015soc-from-histsoc_default_{pdomuse,ptotuse,pinduse,pliveuse}_global_monthly_2015_2100.nc",2051-2060
cwatm|ukesm1-0-ll|ssp126,cwatm,ukesm1-0-ll,ssp126,2060,E,5030438557.150638,62781041505.8694,5030438557.150638,49474938251.27947,12,m3/yr,"data/water/cwatm_ukesm1-0-ll_w5e5_ssp126_2015soc-from-histsoc_default_{pdomuse,ptotuse,pinduse,pliveuse}_global_monthly_2015_2100.nc",2051-2060
cwatm|ukesm1-0-ll|ssp126,cwatm,ukesm1-0-ll,ssp126,2060,F,11428169346.99983,103512564544.53528,11428169346.999828,72437779021.15561,11,m3/yr,"data/water/cwatm_ukesm1-0-ll_w5e5_ssp126_2015soc-from-histsoc_default_{pdomuse,ptotuse,pinduse,pliveuse}_global_monthly_2015_2100.nc",2051-2060
cwatm|ukesm1-0-ll|ssp126,cwatm,ukesm1-0-ll,ssp126,2060,G,3602525476.167685,10308743909.756939,3602525476.1676855,10602781145.419624,11,m3/yr,"data/water/cwatm_ukesm1-0-ll_w5e5_ssp126_2015soc-from-histsoc_default_{pdomuse,ptotuse,pinduse,pliveuse}_global_monthly_2015_2100.nc",2051-2060
cwatm|ukesm1-0-ll|ssp126,cwatm,ukesm1-0-ll,ssp126,2060,H,4330676107.032385,16060019907.912382,4330676107.032385,21418889479.60949,11,m3/yr,"data/water/cwatm_ukesm1-0-ll_w5e5_ssp126_2015soc-from-histsoc_default_{pdomuse,ptotuse,pinduse,pliveuse}_global_monthly_2015_2100.nc",2051-2060
cwatm|ukesm1-0-ll|ssp126,cwatm,ukesm1-0-ll,ssp126,2060,J,630446866.2425641,2002516157.9255219,630446866.2425641,3408883696.246768,12,m3/yr,"data/water/cwatm_ukesm1-0-ll_w5e5_ssp126_2015soc-from-histsoc_default_{pdomuse,ptotuse,pinduse,pliveuse}_global_monthly_2015_2100.nc",2051-2060
cwatm|ukesm1-0-ll|ssp126,cwatm,ukesm1-0-ll,ssp126,2060,K,1116575998.5761828,24987548113.370625,1116575998.5761828,3758776063.908902,11,m3/yr,"data/water/cwatm_ukesm1-0-ll_w5e5_ssp126_2015soc-from-histsoc_default_{pdomuse,ptotuse,pinduse,pliveuse}_global_monthly_2015_2100.nc",2051-2060
cwatm|ukesm1-0-ll|ssp370,cwatm,ukesm1-0-ll,ssp370,2030,A,3211981584.173186,25712972971.34141,3211981584.173186,2293453744.06225,11,m3/yr,"data/water/cwatm_ukesm1-0-ll_w5e5_ssp370_2015soc-from-histsoc_default_{pdomuse,ptotuse,pinduse,pliveuse}_global_monthly_2015_2100.nc",2021-2030
cwatm|ukesm1-0-ll|ssp370,cwatm,ukesm1-0-ll,ssp370,2030,C,3838977056.7259235,30211758365.95775,3838977056.7259235,13201313954.798738,11,m3/yr,"data/water/cwatm_ukesm1-0-ll_w5e5_ssp370_2015soc-from-histsoc_default_{pdomuse,ptotuse,pinduse,pliveuse}_global_monthly_2015_2100.nc",2021-2030
cwatm|ukesm1-0-ll|ssp370,cwatm,ukesm1-0-ll,ssp370,2030,D,2785009758.145506,17228417625.200798,2785009758.145506,3853212904.395458,11,m3/yr,"data/water/cwatm_ukesm1-0-ll_w5e5_ssp370_2015soc-from-histsoc_default_{pdomuse,ptotuse,pinduse,pliveuse}_global_monthly_2015_2100.nc",2021-2030
cwatm|ukesm1-0-ll|ssp370,cwatm,ukesm1-0-ll,ssp370,2030,E,5031814122.949176,43405482904.43063,5031814122.949175,39310464553.07732,12,m3/yr,"data/water/cwatm_ukesm1-0-ll_w5e5_ssp370_2015soc-from-histsoc_default_{pdomuse,ptotuse,pinduse,pliveuse}_global_monthly_2015_2100.nc",2021-2030
cwatm|ukesm1-0-ll|ssp370,cwatm,ukesm1-0-ll,ssp370,2030,F,11431294359.28786,75715271969.65181,11431294359.28786,58303982216.49194,11,m3/yr,"data/water/cwatm_ukesm1-0-ll_w5e5_ssp370_2015soc-from-histsoc_default_{pdomuse,ptotuse,pinduse,pliveuse}_global_monthly_2015_2100.nc",2021-2030
cwatm|ukesm1-0-ll|ssp370,cwatm,ukesm1-0-ll,ssp370,2030,G,3603510574.8719387,9331075432.859486,3603510574.8719387,10030604034.102394,11,m3/yr,"data/water/cwatm_ukesm1-0-ll_w5e5_ssp370_2015soc-from-histsoc_default_{pdomuse,ptotuse,pinduse,pliveuse}_global_monthly_2015_2100.nc",2021-2030
cwatm|ukesm1-0-ll|ssp370,cwatm,ukesm1-0-ll,ssp370,2030,H,4331860324.314987,14295458435.11405,4331860324.314987,18200116841.774963,12,m3/yr,"data/water/cwatm_ukesm1-0-ll_w5e5_ssp370_2015soc-from-histsoc_default_{pdomuse,ptotuse,pinduse,pliveuse}_global_monthly_2015_2100.nc",2021-2030
cwatm|ukesm1-0-ll|ssp370,cwatm,ukesm1-0-ll,ssp370,2030,J,630619260.020119,1773417886.4714355,630619260.020119,3030910259.7194524,12,m3/yr,"data/water/cwatm_ukesm1-0-ll_w5e5_ssp370_2015soc-from-histsoc_default_{pdomuse,ptotuse,pinduse,pliveuse}_global_monthly_2015_2100.nc",2021-2030
cwatm|ukesm1-0-ll|ssp370,cwatm,ukesm1-0-ll,ssp370,2030,K,1116881323.527132,26984670066.396515,1116881323.527132,5243060632.04294,11,m3/yr,"data/water/cwatm_ukesm1-0-ll_w5e5_ssp370_2015soc-from-histsoc_default_{pdomuse,ptotuse,pinduse,pliveuse}_global_monthly_2015_2100.nc",2021-2030
cwatm|ukesm1-0-ll|ssp370,cwatm,ukesm1-0-ll,ssp370,2040,A,3211103512.7554817,24679064857.360214,3211103512.7554817,2581167790.012762,11,m3/yr,"data/water/cwatm_ukesm1-0-ll_w5e5_ssp370_2015soc-from-histsoc_default_{pdomuse,ptotuse,pinduse,pliveuse}_global_monthly_2015_2100.nc",2031-2040
cwatm|ukesm1-0-ll|ssp370,cwatm,ukesm1-0-ll,ssp370,2040,C,3837927584.5686245,30064571479.93528,3837927584.5686245,11097697947.39056,11,m3/yr,"data/water/cwatm_ukesm1-0-ll_w5e5_ssp370_2015soc-from-histsoc_default_{pdomuse,ptotuse,pinduse,pliveuse}_global_monthly_2015_2100.nc",2031-2040
cwatm|ukesm1-0-ll|ssp370,cwatm,ukesm1-0-ll,ssp370,2040,D,2784248413.592388,18562622012.811596,2784248413.592388,2828143744.3387356,11,m3/yr,"data/water/cwatm_ukesm1-0-ll_w5e5_ssp370_2015soc-from-histsoc_default_{pdomuse,ptotuse,pinduse,pliveuse}_global_monthly_2015_2100.nc",2031-2040
cwatm|ukesm1-0-ll|ssp370,cwatm,ukesm1-0-ll,ssp370,2040,E,5030438557.150638,48735549376.6433,5030438557.150638,46046033598.54143,12,m3/yr,"data/water/cwatm_ukesm1-0-ll_w5e5_ssp370_2015soc-from-histsoc_default_{pdomuse,ptotuse,pinduse,pliveuse}_global_monthly_2015_2100.nc",2031-2040
cwatm|ukesm1-0-ll|ssp370,cwatm,ukesm1-0-ll,ssp370,2040,F,11428169346.99983,86353427746.71115,11428169346.999828,61389978443.31139,12,m3/yr,"data/water/cwatm_ukesm1-0-ll_w5e5_ssp370_2015soc-from-histsoc_default_{pdomuse,ptotuse,pinduse,pliveuse}_global_monthly_2015_2100.nc",2031-2040
cwatm|ukesm1-0-ll|ssp370,cwatm,ukesm1-0-ll,ssp370,2040,G,3602525476.167685,10008304256.277699,3602525476.1676855,10389508082.369999,11,m3/yr,"data/water/cwatm_ukesm1-0-ll_w5e5_ssp370_2015soc-from-histsoc_default_{pdomuse,ptotuse,pinduse,pliveuse}_global_monthly_2015_2100.nc",2031-2040
cwatm|ukesm1-0-ll|ssp370,cwatm,ukesm1-0-ll,ssp370,2040,H,4330676107.032385,15114974286.393984,4330676107.032385,19197822562.095047,12,m3/yr,"data/water/cwatm_ukesm1-0-ll_w5e5_ssp370_2015soc-from-histsoc_default_{pdomuse,ptotuse,pinduse,pliveuse}_global_monthly_2015_2100.nc",2031-2040
cwatm|ukesm1-0-ll|ssp370,cwatm,ukesm1-0-ll,ssp370,2040,J,630446866.2425641,1875727991.0683331,630446866.2425641,3250790019.043827,12,m3/yr,"data/water/cwatm_ukesm1-0-ll_w5e5_ssp370_2015soc-from-histsoc_default_{pdomuse,ptotuse,pinduse,pliveuse}_global_monthly_2015_2100.nc",2031-2040
cwatm|ukesm1-0-ll|ssp370,cwatm,ukesm1-0-ll,ssp370,2040,K,1116575998.5761828,26187686233.427998,1116575998.5761828,4098381659.203594,11,m3/yr,"data/water/cwatm_ukesm1-0-ll_w5e5_ssp370_2015soc-from-histsoc_default_{pdomuse,ptotuse,pinduse,pliveuse}_global_monthly_2015_2100.nc",2031-2040
cwatm|ukesm1-0-ll|ssp370,cwatm,ukesm1-0-ll,ssp370,2050,A,3211981584.173186,26965074040.012096,3211981584.173186,1867308090.106989,11,m3/yr,"data/water/cwatm_ukesm1-0-ll_w5e5_ssp370_2015soc-from-histsoc_default_{pdomuse,ptotuse,pinduse,pliveuse}_global_monthly_2015_2100.nc",2041-2050
cwatm|ukesm1-0-ll|ssp370,cwatm,ukesm1-0-ll,ssp370,2050,C,3838977056.7259235,29276483142.07457,3838977056.7259235,31742829101.248596,12,m3/yr,"data/water/cwatm_ukesm1-0-ll_w5e5_ssp370_2015soc-from-histsoc_default_{pdomuse,ptotuse,pinduse,pliveuse}_global_monthly_2015_2100.nc",2041-2050
cwatm|ukesm1-0-ll|ssp370,cwatm,ukesm1-0-ll,ssp370,2050,D,2785009758.145506,18100019067.648136,2785009758.145506,4920193340.788441,11,m3/yr,"data/water/cwatm_ukesm1-0-ll_w5e5_ssp370_2015soc-from-histsoc_default_{pdomuse,ptotuse,pinduse,pliveuse}_global_monthly_2015_2100.nc",2041-2050
cwatm|ukesm1-0-ll|ssp370,cwatm,ukesm1-0-ll,ssp370,2050,E,5031814122.949176,48319943796.94266,5031814122.949175,48042833470.022964,12,m3/yr,"data/water/cwatm_ukesm1-0-ll_w5e5_ssp370_2015soc-from-histsoc_default_{pdomuse,ptotuse,pinduse,pliveuse}_global_monthly_2015_2100.nc",2041-2050
cwatm|ukesm1-0-ll|ssp370,cwatm,ukesm1-0-ll,ssp370,2050,F,11431294359.28786,81008182420.25945,11431294359.28786,57101487809.4102,11,m3/yr,"data/water/cwatm_ukesm1-0-ll_w5e5_ssp370_2015soc-from-histsoc_default_{pdomuse,ptotuse,pinduse,pliveuse}_global_monthly_2015_2100.nc",2041-2050
cwatm|ukesm1-0-ll|ssp370,cwatm,ukesm1-0-ll,ssp370,2050,G,3603510574.8719387,9686600231.15971,3603510574.8719387,10217783862.744797,11,m3/yr,"data/water/cwatm_ukesm1-0-ll_w5e5_ssp370_2015soc-from-histsoc_default_{pdomuse,ptotuse,pinduse,pliveuse}_global_monthly_2015_2100.nc",2041-2050
cwatm|ukesm1-0-ll|ssp370,cwatm,ukesm1-0-ll,ssp370,2050,H,4331860324.314987,14207660925.558191,4331860324.314987,16948267038.089304,12,m3/yr,"data/water/cwatm_ukesm1-0-ll_w5e5_ssp370_2015soc-from-histsoc_default_{pdomuse,ptotuse,pinduse,pliveuse}_global_monthly_2015_2100.nc",2041-2050
cwatm|ukesm1-0-ll|ssp370,cwatm,ukesm1-0-ll,ssp370,2050,J,630619260.020119,1892780551.7256994,630619260.020119,3175524108.1944447,12,m3/yr,"data/water/cwatm_ukesm1-0-ll_w5e5_ssp370_2015soc-from-histsoc_default_{pdomuse,ptotuse,pinduse,pliveuse}_global_monthly_2015_2100.nc",2041-2050
cwatm|ukesm1-0-ll|ssp370,cwatm,ukesm1-0-ll,ssp370,2050,K,1116881323.527132,24579504698.25791,1116881323.527132,5062312675.227203,11,m3/yr,"data/water/cwatm_ukesm1-0-ll_w5e5_ssp370_2015soc-from-histsoc_default_{pdomuse,ptotuse,pinduse,pliveuse}_global_monthly_2015_2100.nc",2041-2050
cwatm|ukesm1-0-ll|ssp370,cwatm,ukesm1-0-ll,ssp370,2060,A,3211103512.7554817,24094687800.41857,3211103512.7554817,2244782464.4566174,11,m3/yr,"data/water/cwatm_ukesm1-0-ll_w5e5_ssp370_2015soc-from-histsoc_default_{pdomuse,ptotuse,pinduse,pliveuse}_global_monthly_2015_2100.nc",2051-2060
cwatm|ukesm1-0-ll|ssp370,cwatm,ukesm1-0-ll,ssp370,2060,C,3837927584.5686245,26794169451.780357,3837927584.5686245,39587406466.256775,3,m3/yr,"data/water/cwatm_ukesm1-0-ll_w5e5_ssp370_2015soc-from-histsoc_default_{pdomuse,ptotuse,pinduse,pliveuse}_global_monthly_2015_2100.nc",2051-2060
cwatm|ukesm1-0-ll|ssp370,cwatm,ukesm1-0-ll,ssp370,2060,D,2784248413.592388,16545350970.501385,2784248413.592388,3688396853.3990707,11,m3/yr,"data/water/cwatm_ukesm1-0-ll_w5e5_ssp370_2015soc-from-histsoc_default_{pdomuse,ptotuse,pinduse,pliveuse}_global_monthly_2015_2100.nc",2051-2060
cwatm|ukesm1-0-ll|ssp370,cwatm,ukesm1-0-ll,ssp370,2060,E,5030438557.150638,49346483779.60756,5030438557.150638,43385951020.39783,12,m3/yr,"data/water/cwatm_ukesm1-0-ll_w5e5_ssp370_2015soc-from-histsoc_default_{pdomuse,ptotuse,pinduse,pliveuse}_global_monthly_2015_2100.nc",2051-2060
cwatm|ukesm1-0-ll|ssp370,cwatm,ukesm1-0-ll,ssp370,2060,F,11428169346.99983,86955550402.7703,11428169346.999828,67372592468.11681,11,m3/yr,"data/water/cwatm_ukesm1-0-ll_w5e5_ssp370_2015soc-from-histsoc_default_{pdomuse,ptotuse,pinduse,pliveuse}_global_monthly_2015_2100.nc",2051-2060
cwatm|ukesm1-0-ll|ssp370,cwatm,ukesm1-0-ll,ssp370,2060,G,3602525476.167685,9972822490.315437,3602525476.1676855,11082859960.508709,11,m3/yr,"data/water/cwatm_ukesm1-0-ll_w5e5_ssp370_2015soc-from-histsoc_default_{pdomuse,ptotuse,pinduse,pliveuse}_global_monthly_2015_2100.nc",2051-2060
cwatm|ukesm1-0-ll|ssp370,cwatm,ukesm1-0-ll,ssp370,2060,H,4330676107.032385,16210204230.635271,4330676107.032385,22034982640.218582,11,m3/yr,"data/water/cwatm_ukesm1-0-ll_w5e5_ssp370_2015soc-from-histsoc_default_{pdomuse,ptotuse,pinduse,pliveuse}_global_monthly_2015_2100.nc",2051-2060
cwatm|ukesm1-0-ll|ssp370,cwatm,ukesm1-0-ll,ssp370,2060,J,630446866.2425641,1932971198.5476813,630446866.2425641,3209112210.3097205,12,m3/yr,"data/water/cwatm_ukesm1-0-ll_w5e5_ssp370_2015soc-from-histsoc_default_{pdomuse,ptotuse,pinduse,pliveuse}_global_monthly_2015_2100.nc",2051-2060
cwatm|ukesm1-0-ll|ssp370,cwatm,ukesm1-0-ll,ssp370,2060,K,1116575998.5761828,23443976792.51874,1116575998.5761828,4052761887.8064184,11,m3/yr,"data/water/cwatm_ukesm1-0-ll_w5e5_ssp370_2015soc-from-histsoc_default_{pdomuse,ptotuse,pinduse,pliveuse}_global_monthly_2015_2100.nc",2051-2060
watergap2-2e|gfdl-esm4|ssp126,watergap2-2e,gfdl-esm4,ssp126,2030,A,415083159.65800375,18952696513.976025,415083155.8262127,0.0,12,m3/yr,"data/water/watergap2-2e_gfdl-esm4_w5e5_ssp126_2015soc-from-histsoc_default_{pdomuse,pirruse}_global_monthly_2015_2100.nc",2021-2030
watergap2-2e|gfdl-esm4|ssp126,watergap2-2e,gfdl-esm4,ssp126,2030,C,587115212.1686623,25692003613.623444,587115207.6693705,493951718.3758391,12,m3/yr,"data/water/watergap2-2e_gfdl-esm4_w5e5_ssp126_2015soc-from-histsoc_default_{pdomuse,pirruse}_global_monthly_2015_2100.nc",2021-2030
watergap2-2e|gfdl-esm4|ssp126,watergap2-2e,gfdl-esm4,ssp126,2030,D,420102387.1727335,21192070046.097267,420102382.65980184,139773336.34105355,1,m3/yr,"data/water/watergap2-2e_gfdl-esm4_w5e5_ssp126_2015soc-from-histsoc_default_{pdomuse,pirruse}_global_monthly_2015_2100.nc",2021-2030
watergap2-2e|gfdl-esm4|ssp126,watergap2-2e,gfdl-esm4,ssp126,2030,E,870798062.2482027,33620764457.184216,870798055.9648261,4150023241.7204027,12,m3/yr,"data/water/watergap2-2e_gfdl-esm4_w5e5_ssp126_2015soc-from-histsoc_default_{pdomuse,pirruse}_global_monthly_2015_2100.nc",2021-2030
watergap2-2e|gfdl-esm4|ssp126,watergap2-2e,gfdl-esm4,ssp126,2030,F,1712580899.869427,51808255413.81381,1712580885.1441474,10279875250.18711,12,m3/yr,"data/water/watergap2-2e_gfdl-esm4_w5e5_ssp126_2015soc-from-histsoc_default_{pdomuse,pirruse}_global_monthly_2015_2100.nc",2021-2030
watergap2-2e|gfdl-esm4|ssp126,watergap2-2e,gfdl-esm4,ssp126,2030,G,743410112.122797,9699080246.200712,743410107.7618544,3973408565.6862235,11,m3/yr,"data/water/watergap2-2e_gfdl-esm4_w5e5_ssp126_2015soc-from-histsoc_default_{pdomuse,pirruse}_global_monthly_2015_2100.nc",2021-2030
watergap2-2e|gfdl-esm4|ssp126,watergap2-2e,gfdl-esm4,ssp126,2030,H,632698159.7682236,13015945273.42567,632698158.3959944,7518646105.933379,12,m3/yr,"data/water/watergap2-2e_gfdl-esm4_w5e5_ssp126_2015soc-from-histsoc_default_{pdomuse,pirruse}_global_monthly_2015_2100.nc",2021-2030
watergap2-2e|gfdl-esm4|ssp126,watergap2-2e,gfdl-esm4,ssp126,2030,J,67175922.12856972,3211159537.6201043,67175921.43357402,1912274459.8032372,12,m3/yr,"data/water/watergap2-2e_gfdl-esm4_w5e5_ssp126_2015soc-from-histsoc_default_{pdomuse,pirruse}_global_monthly_2015_2100.nc",2021-2030
watergap2-2e|gfdl-esm4|ssp126,watergap2-2e,gfdl-esm4,ssp126,2030,K,92678438.86323176,44766180197.443756,92678437.79699871,0.0,12,m3/yr,"data/water/watergap2-2e_gfdl-esm4_w5e5_ssp126_2015soc-from-histsoc_default_{pdomuse,pirruse}_global_monthly_2015_2100.nc",2021-2030
watergap2-2e|gfdl-esm4|ssp126,watergap2-2e,gfdl-esm4,ssp126,2040,A,415083159.65800375,20434687279.174244,415083155.8262127,0.0,12,m3/yr,"data/water/watergap2-2e_gfdl-esm4_w5e5_ssp126_2015soc-from-histsoc_default_{pdomuse,pirruse}_global_monthly_2015_2100.nc",2031-2040
watergap2-2e|gfdl-esm4|ssp126,watergap2-2e,gfdl-esm4,ssp126,2040,C,587115212.1686623,28438589125.75397,587115207.6693705,474320254.8905091,12,m3/yr,"data/water/watergap2-2e_gfdl-esm4_w5e5_ssp126_2015soc-from-histsoc_default_{pdomuse,pirruse}_global_monthly_2015_2100.nc",2031-2040
watergap2-2e|gfdl-esm4|ssp126,watergap2-2e,gfdl-esm4,ssp126,2040,D,420102387.1727335,22190733535.281982,420102382.65980184,147583605.21247113,1,m3/yr,"data/water/watergap2-2e_gfdl-esm4_w5e5_ssp126_2015soc-from-histsoc_default_{pdomuse,pirruse}_global_monthly_2015_2100.nc",2031-2040
watergap2-2e|gfdl-esm4|ssp126,watergap2-2e,gfdl-esm4,ssp126,2040,E,870798062.2482027,36875571134.35152,870798055.9648261,4336618136.240602,12,m3/yr,"data/water/watergap2-2e_gfdl-esm4_w5e5_ssp126_2015soc-from-histsoc_default_{pdomuse,pirruse}_global_monthly_2015_2100.nc",2031-2040
watergap2-2e|gfdl-esm4|ssp126,watergap2-2e,gfdl-esm4,ssp126,2040,F,1712580899.869427,55783198328.50928,1712580885.1441474,11248053454.970806,12,m3/yr,"data/water/watergap2-2e_gfdl-esm4_w5e5_ssp126_2015soc-from-histsoc_default_{pdomuse,pirruse}_global_monthly_2015_2100.nc",2031-2040
watergap2-2e|gfdl-esm4|ssp126,watergap2-2e,gfdl-esm4,ssp126,2040,G,743410112.122797,10583979027.343307,743410107.7618544,5675563894.938617,11,m3/yr,"data/water/watergap2-2e_gfdl-esm4_w5e5_ssp126_2015soc-from-histsoc_default_{pdomuse,pirruse}_global_monthly_2015_2100.nc",2031-2040
watergap2-2e|gfdl-esm4|ssp126,watergap2-2e,gfdl-esm4,ssp126,2040,H,632698159.7682236,15633188238.577122,632698158.3959944,8879195405.683407,12,m3/yr,"data/water/watergap2-2e_gfdl-esm4_w5e5_ssp126_2015soc-from-histsoc_default_{pdomuse,pirruse}_global_monthly_2015_2100.nc",2031-2040
watergap2-2e|gfdl-esm4|ssp126,watergap2-2e,gfdl-esm4,ssp126,2040,J,67175922.12856972,3570490583.2471375,67175921.43357402,1921097095.4910653,12,m3/yr,"data/water/watergap2-2e_gfdl-esm4_w5e5_ssp126_2015soc-from-histsoc_default_{pdomuse,pirruse}_global_monthly_2015_2100.nc",2031-2040
watergap2-2e|gfdl-esm4|ssp126,watergap2-2e,gfdl-esm4,ssp126,2040,K,92678438.86323176,45586463136.66228,92678437.79699871,0.0,12,m3/yr,"data/water/watergap2-2e_gfdl-esm4_w5e5_ssp126_2015soc-from-histsoc_default_{pdomuse,pirruse}_global_monthly_2015_2100.nc",2031-2040
watergap2-2e|gfdl-esm4|ssp126,watergap2-2e,gfdl-esm4,ssp126,2050,A,415083159.65800375,21571878470.618313,415083155.8262127,0.0,12,m3/yr,"data/water/watergap2-2e_gfdl-esm4_w5e5_ssp126_2015soc-from-histsoc_default_{pdomuse,pirruse}_global_monthly_2015_2100.nc",2041-2050
watergap2-2e|gfdl-esm4|ssp126,watergap2-2e,gfdl-esm4,ssp126,2050,C,587115212.1686623,30743321597.7956,587115207.6693705,471340669.1509186,12,m3/yr,"data/water/watergap2-2e_gfdl-esm4_w5e5_ssp126_2015soc-from-histsoc_default_{pdomuse,pirruse}_global_monthly_2015_2100.nc",2041-2050
watergap2-2e|gfdl-esm4|ssp126,watergap2-2e,gfdl-esm4,ssp126,2050,D,420102387.1727335,22800324989.921974,420102382.65980184,135991045.0826727,1,m3/yr,"data/water/watergap2-2e_gfdl-esm4_w5e5_ssp126_2015soc-from-histsoc_default_{pdomuse,pirruse}_global_monthly_2015_2100.nc",2041-2050
watergap2-2e|gfdl-esm4|ssp126,watergap2-2e,gfdl-esm4,ssp126,2050,E,870798062.2482027,39969771434.479904,870798055.9648261,4163518913.3502407,12,m3/yr,"data/water/watergap2-2e_gfdl-esm4_w5e5_ssp126_2015soc-from-histsoc_default_{pdomuse,pirruse}_global_monthly_2015_2100.nc",2041-2050
watergap2-2e|gfdl-esm4|ssp126,watergap2-2e,gfdl-esm4,ssp126,2050,F,1712580899.869427,58655943756.48607,1712580885.1441474,10128170341.458864,12,m3/yr,"data/water/watergap2-2e_gfdl-esm4_w5e5_ssp126_2015soc-from-histsoc_default_{pdomuse,pirruse}_global_monthly_2015_2100.nc",2041-2050
watergap2-2e|gfdl-esm4|ssp126,watergap2-2e,gfdl-esm4,ssp126,2050,G,743410112.122797,11004096162.855625,743410107.7618544,5303145164.942358,11,m3/yr,"data/water/watergap2-2e_gfdl-esm4_w5e5_ssp126_2015soc-from-histsoc_default_{pdomuse,pirruse}_global_monthly_2015_2100.nc",2041-2050
watergap2-2e|gfdl-esm4|ssp126,watergap2-2e,gfdl-esm4,ssp126,2050,H,632698159.7682236,15834769948.642628,632698158.3959944,8560670263.444056,12,m3/yr,"data/water/watergap2-2e_gfdl-esm4_w5e5_ssp126_2015soc-from-histsoc_default_{pdomuse,pirruse}_global_monthly_2015_2100.nc",2041-2050
watergap2-2e|gfdl-esm4|ssp126,watergap2-2e,gfdl-esm4,ssp126,2050,J,67175922.12856972,3357279384.138617,67175921.43357402,1811647965.3639681,12,m3/yr,"data/water/watergap2-2e_gfdl-esm4_w5e5_ssp126_2015soc-from-histsoc_default_{pdomuse,pirruse}_global_monthly_2015_2100.nc",2041-2050
watergap2-2e|gfdl-esm4|ssp126,watergap2-2e,gfdl-esm4,ssp126,2050,K,92678438.86323176,45014582441.13423,92678437.79699871,0.0,12,m3/yr,"data/water/watergap2-2e_gfdl-esm4_w5e5_ssp126_2015soc-from-histsoc_default_{pdomuse,pirruse}_global_monthly_2015_2100.nc",2041-2050
watergap2-2e|gfdl-esm4|ssp126,watergap2-2e,gfdl-esm4,ssp126,2060,A,415083159.65800375,20578378917.872772,415083155.8262127,0.0,12,m3/yr,"data/water/watergap2-2e_gfdl-esm4_w5e5_ssp126_2015soc-from-histsoc_default_{pdomuse,pirruse}_global_monthly_2015_2100.nc",2051-2060
watergap2-2e|gfdl-esm4|ssp126,watergap2-2e,gfdl-esm4,ssp126,2060,C,587115212.1686623,27947142471.216614,587115207.6693705,388898618.83170015,12,m3/yr,"data/water/watergap2-2e_gfdl-esm4_w5e5_ssp126_2015soc-from-histsoc_default_{pdomuse,pirruse}_global_monthly_2015_2100.nc",2051-2060
watergap2-2e|gfdl-esm4|ssp126,watergap2-2e,gfdl-esm4,ssp126,2060,D,420102387.1727335,20960390807.994797,420102382.65980184,104138876.42093676,1,m3/yr,"data/water/watergap2-2e_gfdl-esm4_w5e5_ssp126_2015soc-from-histsoc_default_{pdomuse,pirruse}_global_monthly_2015_2100.nc",2051-2060
watergap2-2e|gfdl-esm4|ssp126,watergap2-2e,gfdl-esm4,ssp126,2060,E,870798062.2482027,36677132293.08312,870798055.9648261,3871192655.0043955,12,m3/yr,"data/water/watergap2-2e_gfdl-esm4_w5e5_ssp126_2015soc-from-histsoc_default_{pdomuse,pirruse}_global_monthly_2015_2100.nc",2051-2060
watergap2-2e|gfdl-esm4|ssp126,watergap2-2e,gfdl-esm4,ssp126,2060,F,1712580899.869427,56312395702.13578,1712580885.1441474,9344889767.875418,12,m3/yr,"data/water/watergap2-2e_gfdl-esm4_w5e5_ssp126_2015soc-from-histsoc_default_{pdomuse,pirruse}_global_monthly_2015_2100.nc",2051-2060
watergap2-2e|gfdl-esm4|ssp126,watergap2-2e,gfdl-esm4,ssp126,2060,G,743410112.122797,11228508440.616514,743410107.7618544,4592642465.840908,11,m3/yr,"data/water/watergap2-2e_gfdl-esm4_w5e5_ssp126_2015soc-from-histsoc_default_{pdomuse,pirruse}_global_monthly_2015_2100.nc",2051-2060
watergap2-2e|gfdl-esm4|ssp126,watergap2-2e,gfdl-esm4,ssp126,2060,H,632698159.7682236,15209008023.581615,632698158.3959944,7474452505.822952,12,m3/yr,"data/water/watergap2-2e_gfdl-esm4_w5e5_ssp126_2015soc-from-histsoc_default_{pdomuse,pirruse}_global_monthly_2015_2100.nc",2051-2060
watergap2-2e|gfdl-esm4|ssp126,watergap2-2e,gfdl-esm4,ssp126,2060,J,67175922.12856972,3132899142.652523,67175921.43357402,1777375269.5795934,12,m3/yr,"data/water/watergap2-2e_gfdl-esm4_w5e5_ssp126_2015soc-from-histsoc_default_{pdomuse,pirruse}_global_monthly_2015_2100.nc",2051-2060
watergap2-2e|gfdl-esm4|ssp126,watergap2-2e,gfdl-esm4,ssp126,2060,K,92678438.86323176,44465292074.28856,92678437.79699871,0.0,12,m3/yr,"data/water/watergap2-2e_gfdl-esm4_w5e5_ssp126_2015soc-from-histsoc_default_{pdomuse,pirruse}_global_monthly_2015_2100.nc",2051-2060
watergap2-2e|gfdl-esm4|ssp370,watergap2-2e,gfdl-esm4,ssp370,2030,A,415083159.65800375,18811506986.292114,415083155.8262127,0.0,12,m3/yr,"data/water/watergap2-2e_gfdl-esm4_w5e5_ssp370_2015soc-from-histsoc_default_{pdomuse,pirruse}_global_monthly_2015_2100.nc",2021-2030
watergap2-2e|gfdl-esm4|ssp370,watergap2-2e,gfdl-esm4,ssp370,2030,C,587115212.1686623,24718290640.087563,587115207.6693705,362424919.6700293,12,m3/yr,"data/water/watergap2-2e_gfdl-esm4_w5e5_ssp370_2015soc-from-histsoc_default_{pdomuse,pirruse}_global_monthly_2015_2100.nc",2021-2030
watergap2-2e|gfdl-esm4|ssp370,watergap2-2e,gfdl-esm4,ssp370,2030,D,420102387.1727335,19705217889.749084,420102382.65980184,128674749.99351405,1,m3/yr,"data/water/watergap2-2e_gfdl-esm4_w5e5_ssp370_2015soc-from-histsoc_default_{pdomuse,pirruse}_global_monthly_2015_2100.nc",2021-2030
watergap2-2e|gfdl-esm4|ssp370,watergap2-2e,gfdl-esm4,ssp370,2030,E,870798062.2482027,32550734370.707092,870798055.9648261,3520295392.3784904,12,m3/yr,"data/water/watergap2-2e_gfdl-esm4_w5e5_ssp370_2015soc-from-histsoc_default_{pdomuse,pirruse}_global_monthly_2015_2100.nc",2021-2030
watergap2-2e|gfdl-esm4|ssp370,watergap2-2e,gfdl-esm4,ssp370,2030,F,1712580899.869427,51569409414.32655,1712580889.6587806,18616595199.90219,11,m3/yr,"data/water/watergap2-2e_gfdl-esm4_w5e5_ssp370_2015soc-from-histsoc_default_{pdomuse,pirruse}_global_monthly_2015_2100.nc",2021-2030
watergap2-2e|gfdl-esm4|ssp370,watergap2-2e,gfdl-esm4,ssp370,2030,G,743410112.122797,10223909165.194504,743410107.7618544,4667275203.084327,11,m3/yr,"data/water/watergap2-2e_gfdl-esm4_w5e5_ssp370_2015soc-from-histsoc_default_{pdomuse,pirruse}_global_monthly_2015_2100.nc",2021-2030
watergap2-2e|gfdl-esm4|ssp370,watergap2-2e,gfdl-esm4,ssp370,2030,H,632698159.7682236,14358244707.044052,632698158.3959944,5599127213.23294,12,m3/yr,"data/water/watergap2-2e_gfdl-esm4_w5e5_ssp370_2015soc-from-histsoc_default_{pdomuse,pirruse}_global_monthly_2015_2100.nc",2021-2030
watergap2-2e|gfdl-esm4|ssp370,watergap2-2e,gfdl-esm4,ssp370,2030,J,67175922.12856972,3291273808.8184175,67175921.43357402,1877121138.5536056,12,m3/yr,"data/water/watergap2-2e_gfdl-esm4_w5e5_ssp370_2015soc-from-histsoc_default_{pdomuse,pirruse}_global_monthly_2015_2100.nc",2021-2030
watergap2-2e|gfdl-esm4|ssp370,watergap2-2e,gfdl-esm4,ssp370,2030,K,92678438.86323176,43992647875.90433,92678437.79699871,0.0,12,m3/yr,"data/water/watergap2-2e_gfdl-esm4_w5e5_ssp370_2015soc-from-histsoc_default_{pdomuse,pirruse}_global_monthly_2015_2100.nc",2021-2030
watergap2-2e|gfdl-esm4|ssp370,watergap2-2e,gfdl-esm4,ssp370,2040,A,415083159.65800375,20448075535.785633,415083155.8262127,0.0,12,m3/yr,"data/water/watergap2-2e_gfdl-esm4_w5e5_ssp370_2015soc-from-histsoc_default_{pdomuse,pirruse}_global_monthly_2015_2100.nc",2031-2040
watergap2-2e|gfdl-esm4|ssp370,watergap2-2e,gfdl-esm4,ssp370,2040,C,587115212.1686623,26664017661.31577,587115207.6693705,349760195.3105675,12,m3/yr,"data/water/watergap2-2e_gfdl-esm4_w5e5_ssp370_2015soc-from-histsoc_default_{pdomuse,pirruse}_global_monthly_2015_2100.nc",2031-2040
watergap2-2e|gfdl-esm4|ssp370,watergap2-2e,gfdl-esm4,ssp370,2040,D,420102387.1727335,20807869497.883858,420102382.65980184,146140578.3558396,1,m3/yr,"data/water/watergap2-2e_gfdl-esm4_w5e5_ssp370_2015soc-from-histsoc_default_{pdomuse,pirruse}_global_monthly_2015_2100.nc",2031-2040
watergap2-2e|gfdl-esm4|ssp370,watergap2-2e,gfdl-esm4,ssp370,2040,E,870798062.2482027,34022165853.573586,870798055.9648261,3730294356.9782066,12,m3/yr,"data/water/watergap2-2e_gfdl-esm4_w5e5_ssp370_2015soc-from-histsoc_default_{pdomuse,pirruse}_global_monthly_2015_2100.nc",2031-2040
watergap2-2e|gfdl-esm4|ssp370,watergap2-2e,gfdl-esm4,ssp370,2040,F,1712580899.869427,52505103565.01031,1712580885.1441474,8972561540.006006,12,m3/yr,"data/water/watergap2-2e_gfdl-esm4_w5e5_ssp370_2015soc-from-histsoc_default_{pdomuse,pirruse}_global_monthly_2015_2100.nc",2031-2040
watergap2-2e|gfdl-esm4|ssp370,watergap2-2e,gfdl-esm4,ssp370,2040,G,743410112.122797,9986482095.917625,743410107.7618544,4643787200.3254795,11,m3/yr,"data/water/watergap2-2e_gfdl-esm4_w5e5_ssp370_2015soc-from-histsoc_default_{pdomuse,pirruse}_global_monthly_2015_2100.nc",2031-2040
watergap2-2e|gfdl-esm4|ssp370,watergap2-2e,gfdl-esm4,ssp370,2040,H,632698159.7682236,14558848764.355799,632698158.3959944,5900153472.296875,12,m3/yr,"data/water/watergap2-2e_gfdl-esm4_w5e5_ssp370_2015soc-from-histsoc_default_{pdomuse,pirruse}_global_monthly_2015_2100.nc",2031-2040
watergap2-2e|gfdl-esm4|ssp370,watergap2-2e,gfdl-esm4,ssp370,2040,J,67175922.12856972,3440060405.158094,67175921.43357402,1797552906.5473828,12,m3/yr,"data/water/watergap2-2e_gfdl-esm4_w5e5_ssp370_2015soc-from-histsoc_default_{pdomuse,pirruse}_global_monthly_2015_2100.nc",2031-2040
watergap2-2e|gfdl-esm4|ssp370,watergap2-2e,gfdl-esm4,ssp370,2040,K,92678438.86323176,44796655918.62668,92678437.79699871,0.0,12,m3/yr,"data/water/watergap2-2e_gfdl-esm4_w5e5_ssp370_2015soc-from-histsoc_default_{pdomuse,pirruse}_global_monthly_2015_2100.nc",2031-2040
watergap2-2e|gfdl-esm4|ssp370,watergap2-2e,gfdl-esm4,ssp370,2050,A,415083159.65800375,21107430044.698547,415083155.8262127,0.0,12,m3/yr,"data/water/watergap2-2e_gfdl-esm4_w5e5_ssp370_2015soc-from-histsoc_default_{pdomuse,pirruse}_global_monthly_2015_2100.nc",2041-2050
watergap2-2e|gfdl-esm4|ssp370,watergap2-2e,gfdl-esm4,ssp370,2050,C,587115212.1686623,26820416891.25603,587115207.6693705,252755542.51638114,12,m3/yr,"data/water/watergap2-2e_gfdl-esm4_w5e5_ssp370_2015soc-from-histsoc_default_{pdomuse,pirruse}_global_monthly_2015_2100.nc",2041-2050
watergap2-2e|gfdl-esm4|ssp370,watergap2-2e,gfdl-esm4,ssp370,2050,D,420102387.1727335,20877499618.590492,420102382.65980184,120666330.55285938,1,m3/yr,"data/water/watergap2-2e_gfdl-esm4_w5e5_ssp370_2015soc-from-histsoc_default_{pdomuse,pirruse}_global_monthly_2015_2100.nc",2041-2050
watergap2-2e|gfdl-esm4|ssp370,watergap2-2e,gfdl-esm4,ssp370,2050,E,870798062.2482027,36985253736.446884,870798055.9648261,1634809034.7130377,1,m3/yr,"data/water/watergap2-2e_gfdl-esm4_w5e5_ssp370_2015soc-from-histsoc_default_{pdomuse,pirruse}_global_monthly_2015_2100.nc",2041-2050
watergap2-2e|gfdl-esm4|ssp370,watergap2-2e,gfdl-esm4,ssp370,2050,F,1712580899.869427,52858463158.55267,1712580889.6587806,17105856737.255642,11,m3/yr,"data/water/watergap2-2e_gfdl-esm4_w5e5_ssp370_2015soc-from-histsoc_default_{pdomuse,pirruse}_global_monthly_2015_2100.nc",2041-2050
watergap2-2e|gfdl-esm4|ssp370,watergap2-2e,gfdl-esm4,ssp370,2050,G,743410112.122797,9809539314.869043,743410107.7618544,4146098617.4360485,11,m3/yr,"data/water/watergap2-2e_gfdl-esm4_w5e5_ssp370_2015soc-from-histsoc_default_{pdomuse,pirruse}_global_monthly_2015_2100.nc",2041-2050
watergap2-2e|gfdl-esm4|ssp370,watergap2-2e,gfdl-esm4,ssp370,2050,H,632698159.7682236,13810011659.270641,632698158.3959944,5911011011.723935,12,m3/yr,"data/water/watergap2-2e_gfdl-esm4_w5e5_ssp370_2015soc-from-histsoc_default_{pdomuse,pirruse}_global_monthly_2015_2100.nc",2041-2050
watergap2-2e|gfdl-esm4|ssp370,watergap2-2e,gfdl-esm4,ssp370,2050,J,67175922.12856972,3360584354.758275,67175921.43357402,2031480640.1405673,12,m3/yr,"data/water/watergap2-2e_gfdl-esm4_w5e5_ssp370_2015soc-from-histsoc_default_{pdomuse,pirruse}_global_monthly_2015_2100.nc",2041-2050
watergap2-2e|gfdl-esm4|ssp370,watergap2-2e,gfdl-esm4,ssp370,2050,K,92678438.86323176,44931296753.2395,92678437.79699871,593603.4875356762,12,m3/yr,"data/water/watergap2-2e_gfdl-esm4_w5e5_ssp370_2015soc-from-histsoc_default_{pdomuse,pirruse}_global_monthly_2015_2100.nc",2041-2050
watergap2-2e|gfdl-esm4|ssp370,watergap2-2e,gfdl-esm4,ssp370,2060,A,415083159.65800375,19084489978.141613,415083155.8262127,0.0,12,m3/yr,"data/water/watergap2-2e_gfdl-esm4_w5e5_ssp370_2015soc-from-histsoc_default_{pdomuse,pirruse}_global_monthly_2015_2100.nc",2051-2060
watergap2-2e|gfdl-esm4|ssp370,watergap2-2e,gfdl-esm4,ssp370,2060,C,587115212.1686623,25312496698.418964,587115207.6693705,271220673.3044609,12,m3/yr,"data/water/watergap2-2e_gfdl-esm4_w5e5_ssp370_2015soc-from-histsoc_default_{pdomuse,pirruse}_global_monthly_2015_2100.nc",2051-2060
watergap2-2e|gfdl-esm4|ssp370,watergap2-2e,gfdl-esm4,ssp370,2060,D,420102387.1727335,20669940113.13884,420102382.65980184,118769367.31603795,1,m3/yr,"data/water/watergap2-2e_gfdl-esm4_w5e5_ssp370_2015soc-from-histsoc_default_{pdomuse,pirruse}_global_monthly_2015_2100.nc",2051-2060
watergap2-2e|gfdl-esm4|ssp370,watergap2-2e,gfdl-esm4,ssp370,2060,E,870798062.2482027,32067534039.743683,870798055.9648261,3417406044.494935,12,m3/yr,"data/water/watergap2-2e_gfdl-esm4_w5e5_ssp370_2015soc-from-histsoc_default_{pdomuse,pirruse}_global_monthly_2015_2100.nc",2051-2060
watergap2-2e|gfdl-esm4|ssp370,watergap2-2e,gfdl-esm4,ssp370,2060,F,1712580899.869427,52495695404.51657,1712580889.6587806,19137252266.718277,11,m3/yr,"data/water/watergap2-2e_gfdl-esm4_w5e5_ssp370_2015soc-from-histsoc_default_{pdomuse,pirruse}_global_monthly_2015_2100.nc",2051-2060
watergap2-2e|gfdl-esm4|ssp370,watergap2-2e,gfdl-esm4,ssp370,2060,G,743410112.122797,10904725633.557919,743410107.7618544,5644760352.093615,11,m3/yr,"data/water/watergap2-2e_gfdl-esm4_w5e5_ssp370_2015soc-from-histsoc_default_{pdomuse,pirruse}_global_monthly_2015_2100.nc",2051-2060
watergap2-2e|gfdl-esm4|ssp370,watergap2-2e,gfdl-esm4,ssp370,2060,H,632698159.7682236,14793370634.847439,632698158.3959944,6267185739.215143,12,m3/yr,"data/water/watergap2-2e_gfdl-esm4_w5e5_ssp370_2015soc-from-histsoc_default_{pdomuse,pirruse}_global_monthly_2015_2100.nc",2051-2060
watergap2-2e|gfdl-esm4|ssp370,watergap2-2e,gfdl-esm4,ssp370,2060,J,67175922.12856972,3205922569.420635,67175921.43357402,2398700935.647804,12,m3/yr,"data/water/watergap2-2e_gfdl-esm4_w5e5_ssp370_2015soc-from-histsoc_default_{pdomuse,pirruse}_global_monthly_2015_2100.nc",2051-2060
watergap2-2e|gfdl-esm4|ssp370,watergap2-2e,gfdl-esm4,ssp370,2060,K,92678438.86323176,44052621104.161545,92678437.79699871,2383445.339753451,12,m3/yr,"data/water/watergap2-2e_gfdl-esm4_w5e5_ssp370_2015soc-from-histsoc_default_{pdomuse,pirruse}_global_monthly_2015_2100.nc",2051-2060
watergap2-2e|ipsl-cm6a-lr|ssp126,watergap2-2e,ipsl-cm6a-lr,ssp126,2030,A,415083159.65800375,19003403156.100426,415083155.8262127,0.0,12,m3/yr,"data/water/watergap2-2e_ipsl-cm6a-lr_w5e5_ssp126_2015soc-from-histsoc_default_{pdomuse,pirruse}_global_monthly_2015_2100.nc",2021-2030
watergap2-2e|ipsl-cm6a-lr|ssp126,watergap2-2e,ipsl-cm6a-lr,ssp126,2030,C,587115212.1686623,25573674449.1534,587115207.6693705,312419024.87502253,12,m3/yr,"data/water/watergap2-2e_ipsl-cm6a-lr_w5e5_ssp126_2015soc-from-histsoc_default_{pdomuse,pirruse}_global_monthly_2015_2100.nc",2021-2030
watergap2-2e|ipsl-cm6a-lr|ssp126,watergap2-2e,ipsl-cm6a-lr,ssp126,2030,D,420102387.1727335,20984278947.18239,420102382.65980184,262754081.04242688,1,m3/yr,"data/water/watergap2-2e_ipsl-cm6a-lr_w5e5_ssp126_2015soc-from-histsoc_default_{pdomuse,pirruse}_global_monthly_2015_2100.nc",2021-2030
watergap2-2e|ipsl-cm6a-lr|ssp126,watergap2-2e,ipsl-cm6a-lr,ssp126,2030,E,870798062.2482027,33488408005.621574,870798055.9648261,4571458911.965309,12,m3/yr,"data/water/watergap2-2e_ipsl-cm6a-lr_w5e5_ssp126_2015soc-from-histsoc_default_{pdomuse,pirruse}_global_monthly_2015_2100.nc",2021-2030
watergap2-2e|ipsl-cm6a-lr|ssp126,watergap2-2e,ipsl-cm6a-lr,ssp126,2030,F,1712580899.869427,50052813613.1991,1712580885.1441474,13354682486.434921,12,m3/yr,"data/water/watergap2-2e_ipsl-cm6a-lr_w5e5_ssp126_2015soc-from-histsoc_default_{pdomuse,pirruse}_global_monthly_2015_2100.nc",2021-2030
watergap2-2e|ipsl-cm6a-lr|ssp126,watergap2-2e,ipsl-cm6a-lr,ssp126,2030,G,743410112.122797,9675477496.161673,743410107.7618544,5297014344.864707,11,m3/yr,"data/water/watergap2-2e_ipsl-cm6a-lr_w5e5_ssp126_2015soc-from-histsoc_default_{pdomuse,pirruse}_global_monthly_2015_2100.nc",2021-2030
watergap2-2e|ipsl-cm6a-lr|ssp126,watergap2-2e,ipsl-cm6a-lr,ssp126,2030,H,632698159.7682236,13825542127.237144,632698158.3959944,8646044584.15218,12,m3/yr,"data/water/watergap2-2e_ipsl-cm6a-lr_w5e5_ssp126_2015soc-from-histsoc_default_{pdomuse,pirruse}_global_monthly_2015_2100.nc",2021-2030
watergap2-2e|ipsl-cm6a-lr|ssp126,watergap2-2e,ipsl-cm6a-lr,ssp126,2030,J,67175922.12856972,3012039867.3310976,67175921.43357402,1997963816.020746,12,m3/yr,"data/water/watergap2-2e_ipsl-cm6a-lr_w5e5_ssp126_2015soc-from-histsoc_default_{pdomuse,pirruse}_global_monthly_2015_2100.nc",2021-2030
watergap2-2e|ipsl-cm6a-lr|ssp126,watergap2-2e,ipsl-cm6a-lr,ssp126,2030,K,92678438.86323176,43838616063.13049,92678437.79699871,0.0,12,m3/yr,"data/water/watergap2-2e_ipsl-cm6a-lr_w5e5_ssp126_2015soc-from-histsoc_default_{pdomuse,pirruse}_global_monthly_2015_2100.nc",2021-2030
watergap2-2e|ipsl-cm6a-lr|ssp126,watergap2-2e,ipsl-cm6a-lr,ssp126,2040,A,415083159.65800375,19197906503.38841,415083155.8262127,0.0,12,m3/yr,"data/water/watergap2-2e_ipsl-cm6a-lr_w5e5_ssp126_2015soc-from-histsoc_default_{pdomuse,pirruse}_global_monthly_2015_2100.nc",2031-2040
watergap2-2e|ipsl-cm6a-lr|ssp126,watergap2-2e,ipsl-cm6a-lr,ssp126,2040,C,587115212.1686623,26328426425.657185,587115207.6693705,335337773.16527843,12,m3/yr,"data/water/watergap2-2e_ipsl-cm6a-lr_w5e5_ssp126_2015soc-from-histsoc_default_{pdomuse,pirruse}_global_monthly_2015_2100.nc",2031-2040
watergap2-2e|ipsl-cm6a-lr|ssp126,watergap2-2e,ipsl-cm6a-lr,ssp126,2040,D,420102387.1727335,21300816140.879707,420102382.65980184,252996284.8742134,1,m3/yr,"data/water/watergap2-2e_ipsl-cm6a-lr_w5e5_ssp126_2015soc-from-histsoc_default_{pdomuse,pirruse}_global_monthly_2015_2100.nc",2031-2040
watergap2-2e|ipsl-cm6a-lr|ssp126,watergap2-2e,ipsl-cm6a-lr,ssp126,2040,E,870798062.2482027,32688499782.857185,870798055.9648261,3726940242.594612,12,m3/yr,"data/water/watergap2-2e_ipsl-cm6a-lr_w5e5_ssp126_2015soc-from-histsoc_default_{pdomuse,pirruse}_global_monthly_2015_2100.nc",2031-2040
watergap2-2e|ipsl-cm6a-lr|ssp126,watergap2-2e,ipsl-cm6a-lr,ssp126,2040,F,1712580899.869427,51418254997.329384,1712580885.1441474,12231783353.76032,12,m3/yr,"data/water/watergap2-2e_ipsl-cm6a-lr_w5e5_ssp126_2015soc-from-histsoc_default_{pdomuse,pirruse}_global_monthly_2015_2100.nc",2031-2040
watergap2-2e|ipsl-cm6a-lr|ssp126,watergap2-2e,ipsl-cm6a-lr,ssp126,2040,G,743410112.122797,10688199138.77638,743410107.7618544,4483663579.059542,11,m3/yr,"data/water/watergap2-2e_ipsl-cm6a-lr_w5e5_ssp126_2015soc-from-histsoc_default_{pdomuse,pirruse}_global_monthly_2015_2100.nc",2031-2040
watergap2-2e|ipsl-cm6a-lr|ssp126,watergap2-2e,ipsl-cm6a-lr,ssp126,2040,H,632698159.7682236,13767154540.253723,632698158.3959944,7701662119.872019,1,m3/yr,"data/water/watergap2-2e_ipsl-cm6a-lr_w5e5_ssp126_2015soc-from-histsoc_default_{pdomuse,pirruse}_global_monthly_2015_2100.nc",2031-2040
watergap2-2e|ipsl-cm6a-lr|ssp126,watergap2-2e,ipsl-cm6a-lr,ssp126,2040,J,67175922.12856972,2891925006.568855,67175921.43357402,1788228757.1580358,12,m3/yr,"data/water/watergap2-2e_ipsl-cm6a-lr_w5e5_ssp126_2015soc-from-histsoc_default_{pdomuse,pirruse}_global_monthly_2015_2100.nc",2031-2040
watergap2-2e|ipsl-cm6a-lr|ssp126,watergap2-2e,ipsl-cm6a-lr,ssp126,2040,K,92678438.86323176,44003845789.25698,92678437.79699871,0.0,12,m3/yr,"data/water/watergap2-2e_ipsl-cm6a-lr_w5e5_ssp126_2015soc-from-histsoc_default_{pdomuse,pirruse}_global_monthly_2015_2100.nc",2031-2040
watergap2-2e|ipsl-cm6a-lr|ssp126,watergap2-2e,ipsl-cm6a-lr,ssp126,2050,A,415083159.65800375,20790606345.52275,415083155.8262127,0.0,12,m3/yr,"data/water/watergap2-2e_ipsl-cm6a-lr_w5e5_ssp126_2015soc-from-histsoc_default_{pdomuse,pirruse}_global_monthly_2015_2100.nc",2041-2050
watergap2-2e|ipsl-cm6a-lr|ssp126,watergap2-2e,ipsl-cm6a-lr,ssp126,2050,C,587115212.1686623,27933907302.292606,587115207.6693705,406764138.15453345,12,m3/yr,"data/water/watergap2-2e_ipsl-cm6a-lr_w5e5_ssp126_2015soc-from-histsoc_default_{pdomuse,pirruse}_global_monthly_2015_2100.nc",2041-2050
watergap2-2e|ipsl-cm6a-lr|ssp126,watergap2-2e,ipsl-cm6a-lr,ssp126,2050,D,420102387.1727335,22352881479.0198,420102382.65980184,162012631.06178653,1,m3/yr,"data/water/watergap2-2e_ipsl-cm6a-lr_w5e5_ssp126_2015soc-from-histsoc_default_{pdomuse,pirruse}_global_monthly_2015_2100.nc",2041-2050
watergap2-2e|ipsl-cm6a-lr|ssp126,watergap2-2e,ipsl-cm6a-lr,ssp126,2050,E,870798062.2482027,35623888410.66247,870798055.9648261,3469802666.466787,12,m3/yr,"data/water/watergap2-2e_ipsl-cm6a-lr_w5e5_ssp126_2015soc-from-histsoc_default_{pdomuse,pirruse}_global_monthly_2015_2100.nc",2041-2050
watergap2-2e|ipsl-cm6a-lr|ssp126,watergap2-2e,ipsl-cm6a-lr,ssp126,2050,F,1712580899.869427,54025496158.40501,1712580889.6587806,20266128042.767776,11,m3/yr,"data/water/watergap2-2e_ipsl-cm6a-lr_w5e5_ssp126_2015soc-from-histsoc_default_{pdomuse,pirruse}_global_monthly_2015_2100.nc",2041-2050
watergap2-2e|ipsl-cm6a-lr|ssp126,watergap2-2e,ipsl-cm6a-lr,ssp126,2050,G,743410112.122797,10191339110.135424,743410107.7618544,4269920339.706028,11,m3/yr,"data/water/watergap2-2e_ipsl-cm6a-lr_w5e5_ssp126_2015soc-from-histsoc_default_{pdomuse,pirruse}_global_monthly_2015_2100.nc",2041-2050
watergap2-2e|ipsl-cm6a-lr|ssp126,watergap2-2e,ipsl-cm6a-lr,ssp126,2050,H,632698159.7682236,13440101120.656357,632698158.3959944,7606589784.110029,12,m3/yr,"data/water/watergap2-2e_ipsl-cm6a-lr_w5e5_ssp126_2015soc-from-histsoc_default_{pdomuse,pirruse}_global_monthly_2015_2100.nc",2041-2050
watergap2-2e|ipsl-cm6a-lr|ssp126,watergap2-2e,ipsl-cm6a-lr,ssp126,2050,J,67175922.12856972,3141580771.485627,67175921.43357402,2239005898.2033925,12,m3/yr,"data/water/watergap2-2e_ipsl-cm6a-lr_w5e5_ssp126_2015soc-from-histsoc_default_{pdomuse,pirruse}_global_monthly_2015_2100.nc",2041-2050
watergap2-2e|ipsl-cm6a-lr|ssp126,watergap2-2e,ipsl-cm6a-lr,ssp126,2050,K,92678438.86323176,45054324411.437485,92678437.79699871,0.0,12,m3/yr,"data/water/watergap2-2e_ipsl-cm6a-lr_w5e5_ssp126_2015soc-from-histsoc_default_{pdomuse,pirruse}_global_monthly_2015_2100.nc",2041-2050
watergap2-2e|ipsl-cm6a-lr|ssp126,watergap2-2e,ipsl-cm6a-lr,ssp126,2060,A,415083159.65800375,20095985022.92236,415083155.8262127,0.0,12,m3/yr,"data/water/watergap2-2e_ipsl-cm6a-lr_w5e5_ssp126_2015soc-from-histsoc_default_{pdomuse,pirruse}_global_monthly_2015_2100.nc",2051-2060
watergap2-2e|ipsl-cm6a-lr|ssp126,watergap2-2e,ipsl-cm6a-lr,ssp126,2060,C,587115212.1686623,26579583665.3142,587115207.6693705,327783292.285741,12,m3/yr,"data/water/watergap2-2e_ipsl-cm6a-lr_w5e5_ssp126_2015soc-from-histsoc_default_{pdomuse,pirruse}_global_monthly_2015_2100.nc",2051-2060
watergap2-2e|ipsl-cm6a-lr|ssp126,watergap2-2e,ipsl-cm6a-lr,ssp126,2060,D,420102387.1727335,21282609591.063873,420102382.65980184,144826209.40706778,1,m3/yr,"data/water/watergap2-2e_ipsl-cm6a-lr_w5e5_ssp126_2015soc-from-histsoc_default_{pdomuse,pirruse}_global_monthly_2015_2100.nc",2051-2060
watergap2-2e|ipsl-cm6a-lr|ssp126,watergap2-2e,ipsl-cm6a-lr,ssp126,2060,E,870798062.2482027,32488622550.688816,870798055.9648261,1742010331.7514498,1,m3/yr,"data/water/watergap2-2e_ipsl-cm6a-lr_w5e5_ssp126_2015soc-from-histsoc_default_{pdomuse,pirruse}_global_monthly_2015_2100.nc",2051-2060
watergap2-2e|ipsl-cm6a-lr|ssp126,watergap2-2e,ipsl-cm6a-lr,ssp126,2060,F,1712580899.869427,48521747653.44931,1712580885.1441474,11838096735.893028,12,m3/yr,"data/water/watergap2-2e_ipsl-cm6a-lr_w5e5_ssp126_2015soc-from-histsoc_default_{pdomuse,pirruse}_global_monthly_2015_2100.nc",2051-2060
watergap2-2e|ipsl-cm6a-lr|ssp126,watergap2-2e,ipsl-cm6a-lr,ssp126,2060,G,743410112.122797,9433697105.290352,743410107.7436814,3994136051.2081122,12,m3/yr,"data/water/watergap2-2e_ipsl-cm6a-lr_w5e5_ssp126_2015soc-from-histsoc_default_{pdomuse,pirruse}_global_monthly_2015_2100.nc",2051-2060
watergap2-2e|ipsl-cm6a-lr|ssp126,watergap2-2e,ipsl-cm6a-lr,ssp126,2060,H,632698159.7682236,13152649552.224297,632698158.3959944,8258704726.686243,12,m3/yr,"data/water/watergap2-2e_ipsl-cm6a-lr_w5e5_ssp126_2015soc-from-histsoc_default_{pdomuse,pirruse}_global_monthly_2015_2100.nc",2051-2060
watergap2-2e|ipsl-cm6a-lr|ssp126,watergap2-2e,ipsl-cm6a-lr,ssp126,2060,J,67175922.12856972,2932390036.6676664,67175921.43357402,2091489877.4097278,12,m3/yr,"data/water/watergap2-2e_ipsl-cm6a-lr_w5e5_ssp126_2015soc-from-histsoc_default_{pdomuse,pirruse}_global_monthly_2015_2100.nc",2051-2060
watergap2-2e|ipsl-cm6a-lr|ssp126,watergap2-2e,ipsl-cm6a-lr,ssp126,2060,K,92678438.86323176,44629609855.72618,92678437.79699871,1537310.0705553333,12,m3/yr,"data/water/watergap2-2e_ipsl-cm6a-lr_w5e5_ssp126_2015soc-from-histsoc_default_{pdomuse,pirruse}_global_monthly_2015_2100.nc",2051-2060
watergap2-2e|ipsl-cm6a-lr|ssp370,watergap2-2e,ipsl-cm6a-lr,ssp370,2030,A,415083159.65800375,19233439836.394855,415083155.8262127,0.0,12,m3/yr,"data/water/watergap2-2e_ipsl-cm6a-lr_w5e5_ssp370_2015soc-from-histsoc_default_{pdomuse,pirruse}_global_monthly_2015_2100.nc",2021-2030
watergap2-2e|ipsl-cm6a-lr|ssp370,watergap2-2e,ipsl-cm6a-lr,ssp370,2030,C,587115212.1686623,24341020414.802273,587115207.6693705,303523363.6059216,12,m3/yr,"data/water/watergap2-2e_ipsl-cm6a-lr_w5e5_ssp370_2015soc-from-histsoc_default_{pdomuse,pirruse}_global_monthly_2015_2100.nc",2021-2030
watergap2-2e|ipsl-cm6a-lr|ssp370,watergap2-2e,ipsl-cm6a-lr,ssp370,2030,D,420102387.1727335,20579270946.143394,420102382.65980184,190697108.30994922,1,m3/yr,"data/water/watergap2-2e_ipsl-cm6a-lr_w5e5_ssp370_2015soc-from-histsoc_default_{pdomuse,pirruse}_global_monthly_2015_2100.nc",2021-2030
watergap2-2e|ipsl-cm6a-lr|ssp370,watergap2-2e,ipsl-cm6a-lr,ssp370,2030,E,870798062.2482027,30574903783.521683,870798055.9648261,4320120046.035038,12,m3/yr,"data/water/watergap2-2e_ipsl-cm6a-lr_w5e5_ssp370_2015soc-from-histsoc_default_{pdomuse,pirruse}_global_monthly_2015_2100.nc",2021-2030
watergap2-2e|ipsl-cm6a-lr|ssp370,watergap2-2e,ipsl-cm6a-lr,ssp370,2030,F,1712580899.869427,46848433436.758804,1712580885.1441474,12444515160.854086,12,m3/yr,"data/water/watergap2-2e_ipsl-cm6a-lr_w5e5_ssp370_2015soc-from-histsoc_default_{pdomuse,pirruse}_global_monthly_2015_2100.nc",2021-2030
watergap2-2e|ipsl-cm6a-lr|ssp370,watergap2-2e,ipsl-cm6a-lr,ssp370,2030,G,743410112.122797,9344088823.71915,743410107.7618544,4835715702.617182,11,m3/yr,"data/water/watergap2-2e_ipsl-cm6a-lr_w5e5_ssp370_2015soc-from-histsoc_default_{pdomuse,pirruse}_global_monthly_2015_2100.nc",2021-2030
watergap2-2e|ipsl-cm6a-lr|ssp370,watergap2-2e,ipsl-cm6a-lr,ssp370,2030,H,632698159.7682236,12598879445.114948,632698158.3959944,7393278007.648253,12,m3/yr,"data/water/watergap2-2e_ipsl-cm6a-lr_w5e5_ssp370_2015soc-from-histsoc_default_{pdomuse,pirruse}_global_monthly_2015_2100.nc",2021-2030
watergap2-2e|ipsl-cm6a-lr|ssp370,watergap2-2e,ipsl-cm6a-lr,ssp370,2030,J,67175922.12856972,2784066695.51898,67175921.43357402,2017020889.7946134,12,m3/yr,"data/water/watergap2-2e_ipsl-cm6a-lr_w5e5_ssp370_2015soc-from-histsoc_default_{pdomuse,pirruse}_global_monthly_2015_2100.nc",2021-2030
watergap2-2e|ipsl-cm6a-lr|ssp370,watergap2-2e,ipsl-cm6a-lr,ssp370,2030,K,92678438.86323176,43521447599.56756,92678437.79699871,0.0,12,m3/yr,"data/water/watergap2-2e_ipsl-cm6a-lr_w5e5_ssp370_2015soc-from-histsoc_default_{pdomuse,pirruse}_global_monthly_2015_2100.nc",2021-2030
watergap2-2e|ipsl-cm6a-lr|ssp370,watergap2-2e,ipsl-cm6a-lr,ssp370,2040,A,415083159.65800375,19676607246.03971,415083155.8262127,0.0,12,m3/yr,"data/water/watergap2-2e_ipsl-cm6a-lr_w5e5_ssp370_2015soc-from-histsoc_default_{pdomuse,pirruse}_global_monthly_2015_2100.nc",2031-2040
watergap2-2e|ipsl-cm6a-lr|ssp370,watergap2-2e,ipsl-cm6a-lr,ssp370,2040,C,587115212.1686623,25583930652.18765,587115207.6693705,352644447.88477826,12,m3/yr,"data/water/watergap2-2e_ipsl-cm6a-lr_w5e5_ssp370_2015soc-from-histsoc_default_{pdomuse,pirruse}_global_monthly_2015_2100.nc",2031-2040
watergap2-2e|ipsl-cm6a-lr|ssp370,watergap2-2e,ipsl-cm6a-lr,ssp370,2040,D,420102387.1727335,21123393529.2066,420102382.65980184,251500648.70778525,1,m3/yr,"data/water/watergap2-2e_ipsl-cm6a-lr_w5e5_ssp370_2015soc-from-histsoc_default_{pdomuse,pirruse}_global_monthly_2015_2100.nc",2031-2040
watergap2-2e|ipsl-cm6a-lr|ssp370,watergap2-2e,ipsl-cm6a-lr,ssp370,2040,E,870798062.2482027,32966831980.339962,870798055.9648261,3897166000.474289,12,m3/yr,"data/water/watergap2-2e_ipsl-cm6a-lr_w5e5_ssp370_2015soc-from-histsoc_default_{pdomuse,pirruse}_global_monthly_2015_2100.nc",2031-2040
watergap2-2e|ipsl-cm6a-lr|ssp370,watergap2-2e,ipsl-cm6a-lr,ssp370,2040,F,1712580899.869427,49538102251.047554,1712580885.1441474,10663841461.193596,12,m3/yr,"data/water/watergap2-2e_ipsl-cm6a-lr_w5e5_ssp370_2015soc-from-histsoc_default_{pdomuse,pirruse}_global_monthly_2015_2100.nc",2031-2040
watergap2-2e|ipsl-cm6a-lr|ssp370,watergap2-2e,ipsl-cm6a-lr,ssp370,2040,G,743410112.122797,10122105510.926596,743410107.7618544,4893195898.939541,11,m3/yr,"data/water/watergap2-2e_ipsl-cm6a-lr_w5e5_ssp370_2015soc-from-histsoc_default_{pdomuse,pirruse}_global_monthly_2015_2100.nc",2031-2040
watergap2-2e|ipsl-cm6a-lr|ssp370,watergap2-2e,ipsl-cm6a-lr,ssp370,2040,H,632698159.7682236,14186236057.779823,632698158.3959944,7280507011.990877,12,m3/yr,"data/water/watergap2-2e_ipsl-cm6a-lr_w5e5_ssp370_2015soc-from-histsoc_default_{pdomuse,pirruse}_global_monthly_2015_2100.nc",2031-2040
watergap2-2e|ipsl-cm6a-lr|ssp370,watergap2-2e,ipsl-cm6a-lr,ssp370,2040,J,67175922.12856972,2906177166.561088,67175921.43357402,1869771712.6061327,12,m3/yr,"data/water/watergap2-2e_ipsl-cm6a-lr_w5e5_ssp370_2015soc-from-histsoc_default_{pdomuse,pirruse}_global_monthly_2015_2100.nc",2031-2040
watergap2-2e|ipsl-cm6a-lr|ssp370,watergap2-2e,ipsl-cm6a-lr,ssp370,2040,K,92678438.86323176,43006699686.02731,92678437.79699871,988639.2852238546,12,m3/yr,"data/water/watergap2-2e_ipsl-cm6a-lr_w5e5_ssp370_2015soc-from-histsoc_default_{pdomuse,pirruse}_global_monthly_2015_2100.nc",2031-2040
watergap2-2e|ipsl-cm6a-lr|ssp370,watergap2-2e,ipsl-cm6a-lr,ssp370,2050,A,415083159.65800375,19960763030.214855,415083155.8262127,0.0,12,m3/yr,"data/water/watergap2-2e_ipsl-cm6a-lr_w5e5_ssp370_2015soc-from-histsoc_default_{pdomuse,pirruse}_global_monthly_2015_2100.nc",2041-2050
watergap2-2e|ipsl-cm6a-lr|ssp370,watergap2-2e,ipsl-cm6a-lr,ssp370,2050,C,587115212.1686623,25653110650.585213,587115207.6693705,364837566.7490475,12,m3/yr,"data/water/watergap2-2e_ipsl-cm6a-lr_w5e5_ssp370_2015soc-from-histsoc_default_{pdomuse,pirruse}_global_monthly_2015_2100.nc",2041-2050
watergap2-2e|ipsl-cm6a-lr|ssp370,watergap2-2e,ipsl-cm6a-lr,ssp370,2050,D,420102387.1727335,21277404549.065987,420102382.65980184,199340037.5095563,1,m3/yr,"data/water/watergap2-2e_ipsl-cm6a-lr_w5e5_ssp370_2015soc-from-histsoc_default_{pdomuse,pirruse}_global_monthly_2015_2100.nc",2041-2050
watergap2-2e|ipsl-cm6a-lr|ssp370,watergap2-2e,ipsl-cm6a-lr,ssp370,2050,E,870798062.2482027,32299537472.308018,870798055.9648261,3585329142.0069814,12,m3/yr,"data/water/watergap2-2e_ipsl-cm6a-lr_w5e5_ssp370_2015soc-from-histsoc_default_{pdomuse,pirruse}_global_monthly_2015_2100.nc",2041-2050
watergap2-2e|ipsl-cm6a-lr|ssp370,watergap2-2e,ipsl-cm6a-lr,ssp370,2050,F,1712580899.869427,48275758823.89256,1712580889.6587806,18646319886.32889,11,m3/yr,"data/water/watergap2-2e_ipsl-cm6a-lr_w5e5_ssp370_2015soc-from-histsoc_default_{pdomuse,pirruse}_global_monthly_2015_2100.nc",2041-2050
watergap2-2e|ipsl-cm6a-lr|ssp370,watergap2-2e,ipsl-cm6a-lr,ssp370,2050,G,743410112.122797,9741968281.085583,743410107.7618544,4799610471.313383,11,m3/yr,"data/water/watergap2-2e_ipsl-cm6a-lr_w5e5_ssp370_2015soc-from-histsoc_default_{pdomuse,pirruse}_global_monthly_2015_2100.nc",2041-2050
watergap2-2e|ipsl-cm6a-lr|ssp370,watergap2-2e,ipsl-cm6a-lr,ssp370,2050,H,632698159.7682236,13221285142.041243,632698158.3959944,7557645950.6109085,12,m3/yr,"data/water/watergap2-2e_ipsl-cm6a-lr_w5e5_ssp370_2015soc-from-histsoc_default_{pdomuse,pirruse}_global_monthly_2015_2100.nc",2041-2050
watergap2-2e|ipsl-cm6a-lr|ssp370,watergap2-2e,ipsl-cm6a-lr,ssp370,2050,J,67175922.12856972,2963057939.715727,67175921.43357402,2321716382.8223734,12,m3/yr,"data/water/watergap2-2e_ipsl-cm6a-lr_w5e5_ssp370_2015soc-from-histsoc_default_{pdomuse,pirruse}_global_monthly_2015_2100.nc",2041-2050
watergap2-2e|ipsl-cm6a-lr|ssp370,watergap2-2e,ipsl-cm6a-lr,ssp370,2050,K,92678438.86323176,44066351976.69808,92678437.79699871,4041146.296587436,12,m3/yr,"data/water/watergap2-2e_ipsl-cm6a-lr_w5e5_ssp370_2015soc-from-histsoc_default_{pdomuse,pirruse}_global_monthly_2015_2100.nc",2041-2050
watergap2-2e|ipsl-cm6a-lr|ssp370,watergap2-2e,ipsl-cm6a-lr,ssp370,2060,A,415083159.65800375,21056112095.119255,415083155.8262127,0.0,12,m3/yr,"data/water/watergap2-2e_ipsl-cm6a-lr_w5e5_ssp370_2015soc-from-histsoc_default_{pdomuse,pirruse}_global_monthly_2015_2100.nc",2051-2060
watergap2-2e|ipsl-cm6a-lr|ssp370,watergap2-2e,ipsl-cm6a-lr,ssp370,2060,C,587115212.1686623,26654978251.532127,587115207.6693705,810347392.6748997,12,m3/yr,"data/water/watergap2-2e_ipsl-cm6a-lr_w5e5_ssp370_2015soc-from-histsoc_default_{pdomuse,pirruse}_global_monthly_2015_2100.nc",2051-2060
watergap2-2e|ipsl-cm6a-lr|ssp370,watergap2-2e,ipsl-cm6a-lr,ssp370,2060,D,420102387.1727335,20904932247.04246,420102382.65980184,198292566.84443557,1,m3/yr,"data/water/watergap2-2e_ipsl-cm6a-lr_w5e5_ssp370_2015soc-from-histsoc_default_{pdomuse,pirruse}_global_monthly_2015_2100.nc",2051-2060
watergap2-2e|ipsl-cm6a-lr|ssp370,watergap2-2e,ipsl-cm6a-lr,ssp370,2060,E,870798062.2482027,32499640616.007435,870798055.9648261,4257258464.6904135,12,m3/yr,"data/water/watergap2-2e_ipsl-cm6a-lr_w5e5_ssp370_2015soc-from-histsoc_default_{pdomuse,pirruse}_global_monthly_2015_2100.nc",2051-2060
watergap2-2e|ipsl-cm6a-lr|ssp370,watergap2-2e,ipsl-cm6a-lr,ssp370,2060,F,1712580899.869427,48258610740.50131,1712580885.1441474,12452913562.899582,12,m3/yr,"data/water/watergap2-2e_ipsl-cm6a-lr_w5e5_ssp370_2015soc-from-histsoc_default_{pdomuse,pirruse}_global_monthly_2015_2100.nc",2051-2060
watergap2-2e|ipsl-cm6a-lr|ssp370,watergap2-2e,ipsl-cm6a-lr,ssp370,2060,G,743410112.122797,9871425121.641804,743410107.7436814,3817895876.7870946,12,m3/yr,"data/water/watergap2-2e_ipsl-cm6a-lr_w5e5_ssp370_2015soc-from-histsoc_default_{pdomuse,pirruse}_global_monthly_2015_2100.nc",2051-2060
watergap2-2e|ipsl-cm6a-lr|ssp370,watergap2-2e,ipsl-cm6a-lr,ssp370,2060,H,632698159.7682236,13865882527.522278,632698158.3959944,7712717011.576508,12,m3/yr,"data/water/watergap2-2e_ipsl-cm6a-lr_w5e5_ssp370_2015soc-from-histsoc_default_{pdomuse,pirruse}_global_monthly_2015_2100.nc",2051-2060
watergap2-2e|ipsl-cm6a-lr|ssp370,watergap2-2e,ipsl-cm6a-lr,ssp370,2060,J,67175922.12856972,2897973728.292273,67175921.43357402,2338527759.0090046,12,m3/yr,"data/water/watergap2-2e_ipsl-cm6a-lr_w5e5_ssp370_2015soc-from-histsoc_default_{pdomuse,pirruse}_global_monthly_2015_2100.nc",2051-2060
watergap2-2e|ipsl-cm6a-lr|ssp370,watergap2-2e,ipsl-cm6a-lr,ssp370,2060,K,92678438.86323176,43671406520.99149,92678437.79699871,7564275.888859635,12,m3/yr,"data/water/watergap2-2e_ipsl-cm6a-lr_w5e5_ssp370_2015soc-from-histsoc_default_{pdomuse,pirruse}_global_monthly_2015_2100.nc",2051-2060
watergap2-2e|mpi-esm1-2-hr|ssp126,watergap2-2e,mpi-esm1-2-hr,ssp126,2030,A,415083159.65800375,18166082658.125416,415083155.8262127,0.0,12,m3/yr,"data/water/watergap2-2e_mpi-esm1-2-hr_w5e5_ssp126_2015soc-from-histsoc_default_{pdomuse,pirruse}_global_monthly_2015_2100.nc",2021-2030
watergap2-2e|mpi-esm1-2-hr|ssp126,watergap2-2e,mpi-esm1-2-hr,ssp126,2030,C,587115212.1686623,27811847480.989326,587115207.6693705,243666686.18000835,12,m3/yr,"data/water/watergap2-2e_mpi-esm1-2-hr_w5e5_ssp126_2015soc-from-histsoc_default_{pdomuse,pirruse}_global_monthly_2015_2100.nc",2021-2030
watergap2-2e|mpi-esm1-2-hr|ssp126,watergap2-2e,mpi-esm1-2-hr,ssp126,2030,D,420102387.1727335,21634572774.834164,420102382.65980184,148118958.7413662,1,m3/yr,"data/water/watergap2-2e_mpi-esm1-2-hr_w5e5_ssp126_2015soc-from-histsoc_default_{pdomuse,pirruse}_global_monthly_2015_2100.nc",2021-2030
watergap2-2e|mpi-esm1-2-hr|ssp126,watergap2-2e,mpi-esm1-2-hr,ssp126,2030,E,870798062.2482027,33109352538.379784,870798055.9648261,2406633554.9632444,1,m3/yr,"data/water/watergap2-2e_mpi-esm1-2-hr_w5e5_ssp126_2015soc-from-histsoc_default_{pdomuse,pirruse}_global_monthly_2015_2100.nc",2021-2030
watergap2-2e|mpi-esm1-2-hr|ssp126,watergap2-2e,mpi-esm1-2-hr,ssp126,2030,F,1712580899.869427,52261730213.62723,1712580885.1441474,9968750858.347202,12,m3/yr,"data/water/watergap2-2e_mpi-esm1-2-hr_w5e5_ssp126_2015soc-from-histsoc_default_{pdomuse,pirruse}_global_monthly_2015_2100.nc",2021-2030
watergap2-2e|mpi-esm1-2-hr|ssp126,watergap2-2e,mpi-esm1-2-hr,ssp126,2030,G,743410112.122797,10105951755.954458,743410107.7618544,4195897639.332604,11,m3/yr,"data/water/watergap2-2e_mpi-esm1-2-hr_w5e5_ssp126_2015soc-from-histsoc_default_{pdomuse,pirruse}_global_monthly_2015_2100.nc",2021-2030
watergap2-2e|mpi-esm1-2-hr|ssp126,watergap2-2e,mpi-esm1-2-hr,ssp126,2030,H,632698159.7682236,14393107107.064434,632698158.3959944,7665325618.694317,12,m3/yr,"data/water/watergap2-2e_mpi-esm1-2-hr_w5e5_ssp126_2015soc-from-histsoc_default_{pdomuse,pirruse}_global_monthly_2015_2100.nc",2021-2030
watergap2-2e|mpi-esm1-2-hr|ssp126,watergap2-2e,mpi-esm1-2-hr,ssp126,2030,J,67175922.12856972,3338403880.9325886,67175921.43357402,2186825891.0123987,12,m3/yr,"data/water/watergap2-2e_mpi-esm1-2-hr_w5e5_ssp126_2015soc-from-histsoc_default_{pdomuse,pirruse}_global_monthly_2015_2100.nc",2021-2030
watergap2-2e|mpi-esm1-2-hr|ssp126,watergap2-2e,mpi-esm1-2-hr,ssp126,2030,K,92678438.86323176,44178908515.291534,92678437.79699871,0.0,12,m3/yr,"data/water/watergap2-2e_mpi-esm1-2-hr_w5e5_ssp126_2015soc-from-histsoc_default_{pdomuse,pirruse}_global_monthly_2015_2100.nc",2021-2030
watergap2-2e|mpi-esm1-2-hr|ssp126,watergap2-2e,mpi-esm1-2-hr,ssp126,2040,A,415083159.65800375,19069477426.300133,415083155.8262127,0.0,12,m3/yr,"data/water/watergap2-2e_mpi-esm1-2-hr_w5e5_ssp126_2015soc-from-histsoc_default_{pdomuse,pirruse}_global_monthly_2015_2100.nc",2031-2040
watergap2-2e|mpi-esm1-2-hr|ssp126,watergap2-2e,mpi-esm1-2-hr,ssp126,2040,C,587115212.1686623,26724258735.856583,587115207.6693705,262120990.28375968,12,m3/yr,"data/water/watergap2-2e_mpi-esm1-2-hr_w5e5_ssp126_2015soc-from-histsoc_default_{pdomuse,pirruse}_global_monthly_2015_2100.nc",2031-2040
watergap2-2e|mpi-esm1-2-hr|ssp126,watergap2-2e,mpi-esm1-2-hr,ssp126,2040,D,420102387.1727335,21835104748.025482,420102382.65980184,209384306.9362874,1,m3/yr,"data/water/watergap2-2e_mpi-esm1-2-hr_w5e5_ssp126_2015soc-from-histsoc_default_{pdomuse,pirruse}_global_monthly_2015_2100.nc",2031-2040
watergap2-2e|mpi-esm1-2-hr|ssp126,watergap2-2e,mpi-esm1-2-hr,ssp126,2040,E,870798062.2482027,35434957034.380905,870798055.9648261,5181703023.706717,12,m3/yr,"data/water/watergap2-2e_mpi-esm1-2-hr_w5e5_ssp126_2015soc-from-histsoc_default_{pdomuse,pirruse}_global_monthly_2015_2100.nc",2031-2040
watergap2-2e|mpi-esm1-2-hr|ssp126,watergap2-2e,mpi-esm1-2-hr,ssp126,2040,F,1712580899.869427,56225039014.026085,1712580885.1441474,14633820905.448624,12,m3/yr,"data/water/watergap2-2e_mpi-esm1-2-hr_w5e5_ssp126_2015soc-from-histsoc_default_{pdomuse,pirruse}_global_monthly_2015_2100.nc",2031-2040
watergap2-2e|mpi-esm1-2-hr|ssp126,watergap2-2e,mpi-esm1-2-hr,ssp126,2040,G,743410112.122797,10489649979.516468,743410107.7436814,4402352010.57992,12,m3/yr,"data/water/watergap2-2e_mpi-esm1-2-hr_w5e5_ssp126_2015soc-from-histsoc_default_{pdomuse,pirruse}_global_monthly_2015_2100.nc",2031-2040
watergap2-2e|mpi-esm1-2-hr|ssp126,watergap2-2e,mpi-esm1-2-hr,ssp126,2040,H,632698159.7682236,16532884380.231308,632698158.3959944,10001937477.786066,12,m3/yr,"data/water/watergap2-2e_mpi-esm1-2-hr_w5e5_ssp126_2015soc-from-histsoc_default_{pdomuse,pirruse}_global_monthly_2015_2100.nc",2031-2040
watergap2-2e|mpi-esm1-2-hr|ssp126,watergap2-2e,mpi-esm1-2-hr,ssp126,2040,J,67175922.12856972,3105258303.6155977,67175921.43357402,2002457825.5046852,12,m3/yr,"data/water/watergap2-2e_mpi-esm1-2-hr_w5e5_ssp126_2015soc-from-histsoc_default_{pdomuse,pirruse}_global_monthly_2015_2100.nc",2031-2040
watergap2-2e|mpi-esm1-2-hr|ssp126,watergap2-2e,mpi-esm1-2-hr,ssp126,2040,K,92678438.86323176,44071302001.756,92678437.79699871,0.0,12,m3/yr,"data/water/watergap2-2e_mpi-esm1-2-hr_w5e5_ssp126_2015soc-from-histsoc_default_{pdomuse,pirruse}_global_monthly_2015_2100.nc",2031-2040
watergap2-2e|mpi-esm1-2-hr|ssp126,watergap2-2e,mpi-esm1-2-hr,ssp126,2050,A,415083159.65800375,18810008081.472935,415083155.8262127,0.0,12,m3/yr,"data/water/watergap2-2e_mpi-esm1-2-hr_w5e5_ssp126_2015soc-from-histsoc_default_{pdomuse,pirruse}_global_monthly_2015_2100.nc",2041-2050
watergap2-2e|mpi-esm1-2-hr|ssp126,watergap2-2e,mpi-esm1-2-hr,ssp126,2050,C,587115212.1686623,25875726950.475555,587115207.6693705,140902116.2398426,1,m3/yr,"data/water/watergap2-2e_mpi-esm1-2-hr_w5e5_ssp126_2015soc-from-histsoc_default_{pdomuse,pirruse}_global_monthly_2015_2100.nc",2041-2050
watergap2-2e|mpi-esm1-2-hr|ssp126,watergap2-2e,mpi-esm1-2-hr,ssp126,2050,D,420102387.1727335,21517134099.032608,420102382.65980184,133036645.04839619,1,m3/yr,"data/water/watergap2-2e_mpi-esm1-2-hr_w5e5_ssp126_2015soc-from-histsoc_default_{pdomuse,pirruse}_global_monthly_2015_2100.nc",2041-2050
watergap2-2e|mpi-esm1-2-hr|ssp126,watergap2-2e,mpi-esm1-2-hr,ssp126,2050,E,870798062.2482027,35286094226.67293,870798055.9648261,4662877444.106265,12,m3/yr,"data/water/watergap2-2e_mpi-esm1-2-hr_w5e5_ssp126_2015soc-from-histsoc_default_{pdomuse,pirruse}_global_monthly_2015_2100.nc",2041-2050
watergap2-2e|mpi-esm1-2-hr|ssp126,watergap2-2e,mpi-esm1-2-hr,ssp126,2050,F,1712580899.869427,58746004211.120346,1712580885.1441474,13313175730.261642,12,m3/yr,"data/water/watergap2-2e_mpi-esm1-2-hr_w5e5_ssp126_2015soc-from-histsoc_default_{pdomuse,pirruse}_global_monthly_2015_2100.nc",2041-2050
watergap2-2e|mpi-esm1-2-hr|ssp126,watergap2-2e,mpi-esm1-2-hr,ssp126,2050,G,743410112.122797,10735658490.213549,743410107.7618544,5802208390.038428,11,m3/yr,"data/water/watergap2-2e_mpi-esm1-2-hr_w5e5_ssp126_2015soc-from-histsoc_default_{pdomuse,pirruse}_global_monthly_2015_2100.nc",2041-2050
watergap2-2e|mpi-esm1-2-hr|ssp126,watergap2-2e,mpi-esm1-2-hr,ssp126,2050,H,632698159.7682236,15718587124.0892,632698158.3959944,9222422504.208797,12,m3/yr,"data/water/watergap2-2e_mpi-esm1-2-hr_w5e5_ssp126_2015soc-from-histsoc_default_{pdomuse,pirruse}_global_monthly_2015_2100.nc",2041-2050
watergap2-2e|mpi-esm1-2-hr|ssp126,watergap2-2e,mpi-esm1-2-hr,ssp126,2050,J,67175922.12856972,3104504204.3397093,67175921.43357402,2265119027.3436728,12,m3/yr,"data/water/watergap2-2e_mpi-esm1-2-hr_w5e5_ssp126_2015soc-from-histsoc_default_{pdomuse,pirruse}_global_monthly_2015_2100.nc",2041-2050
watergap2-2e|mpi-esm1-2-hr|ssp126,watergap2-2e,mpi-esm1-2-hr,ssp126,2050,K,92678438.86323176,44384948615.006714,92678437.79699871,0.0,12,m3/yr,"data/water/watergap2-2e_mpi-esm1-2-hr_w5e5_ssp126_2015soc-from-histsoc_default_{pdomuse,pirruse}_global_monthly_2015_2100.nc",2041-2050
watergap2-2e|mpi-esm1-2-hr|ssp126,watergap2-2e,mpi-esm1-2-hr,ssp126,2060,A,415083159.65800375,18897980692.729115,415083155.8262127,0.0,12,m3/yr,"data/water/watergap2-2e_mpi-esm1-2-hr_w5e5_ssp126_2015soc-from-histsoc_default_{pdomuse,pirruse}_global_monthly_2015_2100.nc",2051-2060
watergap2-2e|mpi-esm1-2-hr|ssp126,watergap2-2e,mpi-esm1-2-hr,ssp126,2060,C,587115212.1686623,29515751621.051247,587115207.6693705,233062062.96434438,12,m3/yr,"data/water/watergap2-2e_mpi-esm1-2-hr_w5e5_ssp126_2015soc-from-histsoc_default_{pdomuse,pirruse}_global_monthly_2015_2100.nc",2051-2060
watergap2-2e|mpi-esm1-2-hr|ssp126,watergap2-2e,mpi-esm1-2-hr,ssp126,2060,D,420102387.1727335,22779597296.09658,420102382.65980184,164020078.90838873,1,m3/yr,"data/water/watergap2-2e_mpi-esm1-2-hr_w5e5_ssp126_2015soc-from-histsoc_default_{pdomuse,pirruse}_global_monthly_2015_2100.nc",2051-2060
watergap2-2e|mpi-esm1-2-hr|ssp126,watergap2-2e,mpi-esm1-2-hr,ssp126,2060,E,870798062.2482027,35940858429.04418,870798055.9648261,2138827236.8622015,1,m3/yr,"data/water/watergap2-2e_mpi-esm1-2-hr_w5e5_ssp126_2015soc-from-histsoc_default_{pdomuse,pirruse}_global_monthly_2015_2100.nc",2051-2060
watergap2-2e|mpi-esm1-2-hr|ssp126,watergap2-2e,mpi-esm1-2-hr,ssp126,2060,F,1712580899.869427,51841063454.722626,1712580885.1441474,10239964893.633232,12,m3/yr,"data/water/watergap2-2e_mpi-esm1-2-hr_w5e5_ssp126_2015soc-from-histsoc_default_{pdomuse,pirruse}_global_monthly_2015_2100.nc",2051-2060
watergap2-2e|mpi-esm1-2-hr|ssp126,watergap2-2e,mpi-esm1-2-hr,ssp126,2060,G,743410112.122797,9760419942.088055,743410107.7618544,5030152347.9040785,11,m3/yr,"data/water/watergap2-2e_mpi-esm1-2-hr_w5e5_ssp126_2015soc-from-histsoc_default_{pdomuse,pirruse}_global_monthly_2015_2100.nc",2051-2060
watergap2-2e|mpi-esm1-2-hr|ssp126,watergap2-2e,mpi-esm1-2-hr,ssp126,2060,H,632698159.7682236,14194670055.670242,632698158.3959944,7144801563.927559,12,m3/yr,"data/water/watergap2-2e_mpi-esm1-2-hr_w5e5_ssp126_2015soc-from-histsoc_default_{pdomuse,pirruse}_global_monthly_2015_2100.nc",2051-2060
watergap2-2e|mpi-esm1-2-hr|ssp126,watergap2-2e,mpi-esm1-2-hr,ssp126,2060,J,67175922.12856972,3325673142.9728265,67175921.43357402,2134639898.562697,12,m3/yr,"data/water/watergap2-2e_mpi-esm1-2-hr_w5e5_ssp126_2015soc-from-histsoc_default_{pdomuse,pirruse}_global_monthly_2015_2100.nc",2051-2060
watergap2-2e|mpi-esm1-2-hr|ssp126,watergap2-2e,mpi-esm1-2-hr,ssp126,2060,K,92678438.86323176,44319912542.85144,92678437.79699871,0.0,12,m3/yr,"data/water/watergap2-2e_mpi-esm1-2-hr_w5e5_ssp126_2015soc-from-histsoc_default_{pdomuse,pirruse}_global_monthly_2015_2100.nc",2051-2060
watergap2-2e|mpi-esm1-2-hr|ssp370,watergap2-2e,mpi-esm1-2-hr,ssp370,2030,A,415083159.65800375,20127284849.27626,415083155.8262127,0.0,12,m3/yr,"data/water/watergap2-2e_mpi-esm1-2-hr_w5e5_ssp370_2015soc-from-histsoc_default_{pdomuse,pirruse}_global_monthly_2015_2100.nc",2021-2030
watergap2-2e|mpi-esm1-2-hr|ssp370,watergap2-2e,mpi-esm1-2-hr,ssp370,2030,C,587115212.1686623,25649663337.747776,587115207.6693705,226730400.69278753,12,m3/yr,"data/water/watergap2-2e_mpi-esm1-2-hr_w5e5_ssp370_2015soc-from-histsoc_default_{pdomuse,pirruse}_global_monthly_2015_2100.nc",2021-2030
watergap2-2e|mpi-esm1-2-hr|ssp370,watergap2-2e,mpi-esm1-2-hr,ssp370,2030,D,420102387.1727335,20983354360.38279,420102382.65980184,265886534.5723384,1,m3/yr,"data/water/watergap2-2e_mpi-esm1-2-hr_w5e5_ssp370_2015soc-from-histsoc_default_{pdomuse,pirruse}_global_monthly_2015_2100.nc",2021-2030
watergap2-2e|mpi-esm1-2-hr|ssp370,watergap2-2e,mpi-esm1-2-hr,ssp370,2030,E,870798062.2482027,32516796324.16587,870798055.9648261,2407271445.50292,1,m3/yr,"data/water/watergap2-2e_mpi-esm1-2-hr_w5e5_ssp370_2015soc-from-histsoc_default_{pdomuse,pirruse}_global_monthly_2015_2100.nc",2021-2030
watergap2-2e|mpi-esm1-2-hr|ssp370,watergap2-2e,mpi-esm1-2-hr,ssp370,2030,F,1712580899.869427,49515160553.69404,1712580885.1441474,10617305912.744875,12,m3/yr,"data/water/watergap2-2e_mpi-esm1-2-hr_w5e5_ssp370_2015soc-from-histsoc_default_{pdomuse,pirruse}_global_monthly_2015_2100.nc",2021-2030
watergap2-2e|mpi-esm1-2-hr|ssp370,watergap2-2e,mpi-esm1-2-hr,ssp370,2030,G,743410112.122797,8840566645.984402,743410107.7618544,4635579477.392815,11,m3/yr,"data/water/watergap2-2e_mpi-esm1-2-hr_w5e5_ssp370_2015soc-from-histsoc_default_{pdomuse,pirruse}_global_monthly_2015_2100.nc",2021-2030
watergap2-2e|mpi-esm1-2-hr|ssp370,watergap2-2e,mpi-esm1-2-hr,ssp370,2030,H,632698159.7682236,12953102460.426334,632698158.3959944,6184412085.103193,12,m3/yr,"data/water/watergap2-2e_mpi-esm1-2-hr_w5e5_ssp370_2015soc-from-histsoc_default_{pdomuse,pirruse}_global_monthly_2015_2100.nc",2021-2030
watergap2-2e|mpi-esm1-2-hr|ssp370,watergap2-2e,mpi-esm1-2-hr,ssp370,2030,J,67175922.12856972,3213105990.7566967,67175921.43357402,2080587894.3259952,12,m3/yr,"data/water/watergap2-2e_mpi-esm1-2-hr_w5e5_ssp370_2015soc-from-histsoc_default_{pdomuse,pirruse}_global_monthly_2015_2100.nc",2021-2030
watergap2-2e|mpi-esm1-2-hr|ssp370,watergap2-2e,mpi-esm1-2-hr,ssp370,2030,K,92678438.86323176,44489403238.05888,92678437.79699871,7109.142829559254,12,m3/yr,"data/water/watergap2-2e_mpi-esm1-2-hr_w5e5_ssp370_2015soc-from-histsoc_default_{pdomuse,pirruse}_global_monthly_2015_2100.nc",2021-2030
watergap2-2e|mpi-esm1-2-hr|ssp370,watergap2-2e,mpi-esm1-2-hr,ssp370,2040,A,415083159.65800375,19412060313.883545,415083155.8262127,0.0,1,m3/yr,"data/water/watergap2-2e_mpi-esm1-2-hr_w5e5_ssp370_2015soc-from-histsoc_default_{pdomuse,pirruse}_global_monthly_2015_2100.nc",2031-2040
watergap2-2e|mpi-esm1-2-hr|ssp370,watergap2-2e,mpi-esm1-2-hr,ssp370,2040,C,587115212.1686623,24890839921.032635,587115207.6693705,284694189.6187155,12,m3/yr,"data/water/watergap2-2e_mpi-esm1-2-hr_w5e5_ssp370_2015soc-from-histsoc_default_{pdomuse,pirruse}_global_monthly_2015_2100.nc",2031-2040
watergap2-2e|mpi-esm1-2-hr|ssp370,watergap2-2e,mpi-esm1-2-hr,ssp370,2040,D,420102387.1727335,20633472767.261883,420102382.65980184,306661454.4141773,1,m3/yr,"data/water/watergap2-2e_mpi-esm1-2-hr_w5e5_ssp370_2015soc-from-histsoc_default_{pdomuse,pirruse}_global_monthly_2015_2100.nc",2031-2040
watergap2-2e|mpi-esm1-2-hr|ssp370,watergap2-2e,mpi-esm1-2-hr,ssp370,2040,E,870798062.2482027,29200593326.425293,870798055.9648261,3638840204.3392196,12,m3/yr,"data/water/watergap2-2e_mpi-esm1-2-hr_w5e5_ssp370_2015soc-from-histsoc_default_{pdomuse,pirruse}_global_monthly_2015_2100.nc",2031-2040
watergap2-2e|mpi-esm1-2-hr|ssp370,watergap2-2e,mpi-esm1-2-hr,ssp370,2040,F,1712580899.869427,46899142848.13218,1712580889.6587806,19407668559.52591,11,m3/yr,"data/water/watergap2-2e_mpi-esm1-2-hr_w5e5_ssp370_2015soc-from-histsoc_default_{pdomuse,pirruse}_global_monthly_2015_2100.nc",2031-2040
watergap2-2e|mpi-esm1-2-hr|ssp370,watergap2-2e,mpi-esm1-2-hr,ssp370,2040,G,743410112.122797,9741499323.257444,743410107.7618544,4846863382.843311,11,m3/yr,"data/water/watergap2-2e_mpi-esm1-2-hr_w5e5_ssp370_2015soc-from-histsoc_default_{pdomuse,pirruse}_global_monthly_2015_2100.nc",2031-2040
watergap2-2e|mpi-esm1-2-hr|ssp370,watergap2-2e,mpi-esm1-2-hr,ssp370,2040,H,632698159.7682236,15706703080.80634,632698158.3959944,5877265590.679167,12,m3/yr,"data/water/watergap2-2e_mpi-esm1-2-hr_w5e5_ssp370_2015soc-from-histsoc_default_{pdomuse,pirruse}_global_monthly_2015_2100.nc",2031-2040
watergap2-2e|mpi-esm1-2-hr|ssp370,watergap2-2e,mpi-esm1-2-hr,ssp370,2040,J,67175922.12856972,3362953039.619549,67175921.43357402,2115308782.2408664,12,m3/yr,"data/water/watergap2-2e_mpi-esm1-2-hr_w5e5_ssp370_2015soc-from-histsoc_default_{pdomuse,pirruse}_global_monthly_2015_2100.nc",2031-2040
watergap2-2e|mpi-esm1-2-hr|ssp370,watergap2-2e,mpi-esm1-2-hr,ssp370,2040,K,92678438.86323176,43217385247.435394,92678437.79699871,0.0,12,m3/yr,"data/water/watergap2-2e_mpi-esm1-2-hr_w5e5_ssp370_2015soc-from-histsoc_default_{pdomuse,pirruse}_global_monthly_2015_2100.nc",2031-2040
watergap2-2e|mpi-esm1-2-hr|ssp370,watergap2-2e,mpi-esm1-2-hr,ssp370,2050,A,415083159.65800375,21748801522.959297,415083155.8262127,0.0,12,m3/yr,"data/water/watergap2-2e_mpi-esm1-2-hr_w5e5_ssp370_2015soc-from-histsoc_default_{pdomuse,pirruse}_global_monthly_2015_2100.nc",2041-2050
watergap2-2e|mpi-esm1-2-hr|ssp370,watergap2-2e,mpi-esm1-2-hr,ssp370,2050,C,587115212.1686623,25590602739.583736,587115207.6693705,230391481.47567543,12,m3/yr,"data/water/watergap2-2e_mpi-esm1-2-hr_w5e5_ssp370_2015soc-from-histsoc_default_{pdomuse,pirruse}_global_monthly_2015_2100.nc",2041-2050
watergap2-2e|mpi-esm1-2-hr|ssp370,watergap2-2e,mpi-esm1-2-hr,ssp370,2050,D,420102387.1727335,21431625532.855736,420102382.65980184,211941786.7779752,1,m3/yr,"data/water/watergap2-2e_mpi-esm1-2-hr_w5e5_ssp370_2015soc-from-histsoc_default_{pdomuse,pirruse}_global_monthly_2015_2100.nc",2041-2050
watergap2-2e|mpi-esm1-2-hr|ssp370,watergap2-2e,mpi-esm1-2-hr,ssp370,2050,E,870798062.2482027,28809362908.02289,870798056.9002539,7876939645.801172,11,m3/yr,"data/water/watergap2-2e_mpi-esm1-2-hr_w5e5_ssp370_2015soc-from-histsoc_default_{pdomuse,pirruse}_global_monthly_2015_2100.nc",2041-2050
watergap2-2e|mpi-esm1-2-hr|ssp370,watergap2-2e,mpi-esm1-2-hr,ssp370,2050,F,1712580899.869427,45327218664.01917,1712580889.6587806,21166068970.866505,11,m3/yr,"data/water/watergap2-2e_mpi-esm1-2-hr_w5e5_ssp370_2015soc-from-histsoc_default_{pdomuse,pirruse}_global_monthly_2015_2100.nc",2041-2050
watergap2-2e|mpi-esm1-2-hr|ssp370,watergap2-2e,mpi-esm1-2-hr,ssp370,2050,G,743410112.122797,9451002008.194822,743410107.7436814,3902046505.5574317,12,m3/yr,"data/water/watergap2-2e_mpi-esm1-2-hr_w5e5_ssp370_2015soc-from-histsoc_default_{pdomuse,pirruse}_global_monthly_2015_2100.nc",2041-2050
watergap2-2e|mpi-esm1-2-hr|ssp370,watergap2-2e,mpi-esm1-2-hr,ssp370,2050,H,632698159.7682236,14906186643.626785,632698158.3959944,7572270565.024744,1,m3/yr,"data/water/watergap2-2e_mpi-esm1-2-hr_w5e5_ssp370_2015soc-from-histsoc_default_{pdomuse,pirruse}_global_monthly_2015_2100.nc",2041-2050
watergap2-2e|mpi-esm1-2-hr|ssp370,watergap2-2e,mpi-esm1-2-hr,ssp370,2050,J,67175922.12856972,3383402183.1652303,67175921.43357402,2271264945.9929905,12,m3/yr,"data/water/watergap2-2e_mpi-esm1-2-hr_w5e5_ssp370_2015soc-from-histsoc_default_{pdomuse,pirruse}_global_monthly_2015_2100.nc",2041-2050
watergap2-2e|mpi-esm1-2-hr|ssp370,watergap2-2e,mpi-esm1-2-hr,ssp370,2050,K,92678438.86323176,43779742698.280914,92678437.79699871,294369.38644058374,12,m3/yr,"data/water/watergap2-2e_mpi-esm1-2-hr_w5e5_ssp370_2015soc-from-histsoc_default_{pdomuse,pirruse}_global_monthly_2015_2100.nc",2041-2050
watergap2-2e|mpi-esm1-2-hr|ssp370,watergap2-2e,mpi-esm1-2-hr,ssp370,2060,A,415083159.65800375,19439322076.320183,415083155.8262127,0.0,12,m3/yr,"data/water/watergap2-2e_mpi-esm1-2-hr_w5e5_ssp370_2015soc-from-histsoc_default_{pdomuse,pirruse}_global_monthly_2015_2100.nc",2051-2060
watergap2-2e|mpi-esm1-2-hr|ssp370,watergap2-2e,mpi-esm1-2-hr,ssp370,2060,C,587115212.1686623,26072874732.45201,587115207.6693705,198187109.48309243,12,m3/yr,"data/water/watergap2-2e_mpi-esm1-2-hr_w5e5_ssp370_2015soc-from-histsoc_default_{pdomuse,pirruse}_global_monthly_2015_2100.nc",2051-2060
watergap2-2e|mpi-esm1-2-hr|ssp370,watergap2-2e,mpi-esm1-2-hr,ssp370,2060,D,420102387.1727335,22753451751.13139,420102382.65980184,278097652.89307463,1,m3/yr,"data/water/watergap2-2e_mpi-esm1-2-hr_w5e5_ssp370_2015soc-from-histsoc_default_{pdomuse,pirruse}_global_monthly_2015_2100.nc",2051-2060
watergap2-2e|mpi-esm1-2-hr|ssp370,watergap2-2e,mpi-esm1-2-hr,ssp370,2060,E,870798062.2482027,32142830213.35556,870798055.9648261,3117486835.487019,12,m3/yr,"data/water/watergap2-2e_mpi-esm1-2-hr_w5e5_ssp370_2015soc-from-histsoc_default_{pdomuse,pirruse}_global_monthly_2015_2100.nc",2051-2060
watergap2-2e|mpi-esm1-2-hr|ssp370,watergap2-2e,mpi-esm1-2-hr,ssp370,2060,F,1712580899.869427,47122195499.617325,1712580885.1441474,10463063314.694204,12,m3/yr,"data/water/watergap2-2e_mpi-esm1-2-hr_w5e5_ssp370_2015soc-from-histsoc_default_{pdomuse,pirruse}_global_monthly_2015_2100.nc",2051-2060
watergap2-2e|mpi-esm1-2-hr|ssp370,watergap2-2e,mpi-esm1-2-hr,ssp370,2060,G,743410112.122797,9311294223.057081,743410107.7618544,5047398840.820391,11,m3/yr,"data/water/watergap2-2e_mpi-esm1-2-hr_w5e5_ssp370_2015soc-from-histsoc_default_{pdomuse,pirruse}_global_monthly_2015_2100.nc",2051-2060
watergap2-2e|mpi-esm1-2-hr|ssp370,watergap2-2e,mpi-esm1-2-hr,ssp370,2060,H,632698159.7682236,14639265370.561974,632698158.3959944,6176056165.814722,12,m3/yr,"data/water/watergap2-2e_mpi-esm1-2-hr_w5e5_ssp370_2015soc-from-histsoc_default_{pdomuse,pirruse}_global_monthly_2015_2100.nc",2051-2060
watergap2-2e|mpi-esm1-2-hr|ssp370,watergap2-2e,mpi-esm1-2-hr,ssp370,2060,J,67175922.12856972,3527338218.5692616,67175921.43357402,2535071548.1036997,12,m3/yr,"data/water/watergap2-2e_mpi-esm1-2-hr_w5e5_ssp370_2015soc-from-histsoc_default_{pdomuse,pirruse}_global_monthly_2015_2100.nc",2051-2060
watergap2-2e|mpi-esm1-2-hr|ssp370,watergap2-2e,mpi-esm1-2-hr,ssp370,2060,K,92678438.86323176,44444782841.49942,92678437.79699871,4348661.995605958,12,m3/yr,"data/water/watergap2-2e_mpi-esm1-2-hr_w5e5_ssp370_2015soc-from-histsoc_default_{pdomuse,pirruse}_global_monthly_2015_2100.nc",2051-2060
watergap2-2e|mri-esm2-0|ssp126,watergap2-2e,mri-esm2-0,ssp126,2030,A,415083159.65800375,19895705711.443123,415083155.8262127,0.0,12,m3/yr,"data/water/watergap2-2e_mri-esm2-0_w5e5_ssp126_2015soc-from-histsoc_default_{pdomuse,pirruse}_global_monthly_2015_2100.nc",2021-2030
watergap2-2e|mri-esm2-0|ssp126,watergap2-2e,mri-esm2-0,ssp126,2030,C,587115212.1686623,26233767671.990807,587115207.6693705,266512727.6268726,12,m3/yr,"data/water/watergap2-2e_mri-esm2-0_w5e5_ssp126_2015soc-from-histsoc_default_{pdomuse,pirruse}_global_monthly_2015_2100.nc",2021-2030
watergap2-2e|mri-esm2-0|ssp126,watergap2-2e,mri-esm2-0,ssp126,2030,D,420102387.1727335,22139357486.359688,420102382.65980184,224196087.16911086,1,m3/yr,"data/water/watergap2-2e_mri-esm2-0_w5e5_ssp126_2015soc-from-histsoc_default_{pdomuse,pirruse}_global_monthly_2015_2100.nc",2021-2030
watergap2-2e|mri-esm2-0|ssp126,watergap2-2e,mri-esm2-0,ssp126,2030,E,870798062.2482027,35821680886.21088,870798055.9648261,4509836319.809896,12,m3/yr,"data/water/watergap2-2e_mri-esm2-0_w5e5_ssp126_2015soc-from-histsoc_default_{pdomuse,pirruse}_global_monthly_2015_2100.nc",2021-2030
watergap2-2e|mri-esm2-0|ssp126,watergap2-2e,mri-esm2-0,ssp126,2030,F,1712580899.869427,54308401271.25636,1712580885.1441474,12562957001.278088,12,m3/yr,"data/water/watergap2-2e_mri-esm2-0_w5e5_ssp126_2015soc-from-histsoc_default_{pdomuse,pirruse}_global_monthly_2015_2100.nc",2021-2030
watergap2-2e|mri-esm2-0|ssp126,watergap2-2e,mri-esm2-0,ssp126,2030,G,743410112.122797,10138574865.497887,743410107.7618544,6534586044.409353,11,m3/yr,"data/water/watergap2-2e_mri-esm2-0_w5e5_ssp126_2015soc-from-histsoc_default_{pdomuse,pirruse}_global_monthly_2015_2100.nc",2021-2030
watergap2-2e|mri-esm2-0|ssp126,watergap2-2e,mri-esm2-0,ssp126,2030,H,632698159.7682236,14225346560.046104,632698158.3959944,7156797916.843889,12,m3/yr,"data/water/watergap2-2e_mri-esm2-0_w5e5_ssp126_2015soc-from-histsoc_default_{pdomuse,pirruse}_global_monthly_2015_2100.nc",2021-2030
watergap2-2e|mri-esm2-0|ssp126,watergap2-2e,mri-esm2-0,ssp126,2030,J,67175922.12856972,3103388560.2605696,67175921.43357402,1990291788.0815444,12,m3/yr,"data/water/watergap2-2e_mri-esm2-0_w5e5_ssp126_2015soc-from-histsoc_default_{pdomuse,pirruse}_global_monthly_2015_2100.nc",2021-2030
watergap2-2e|mri-esm2-0|ssp126,watergap2-2e,mri-esm2-0,ssp126,2030,K,92678438.86323176,43460827515.11601,92678437.79699871,0.0,12,m3/yr,"data/water/watergap2-2e_mri-esm2-0_w5e5_ssp126_2015soc-from-histsoc_default_{pdomuse,pirruse}_global_monthly_2015_2100.nc",2021-2030
watergap2-2e|mri-esm2-0|ssp126,watergap2-2e,mri-esm2-0,ssp126,2040,A,415083159.65800375,20929005717.637573,415083155.8262127,0.0,12,m3/yr,"data/water/watergap2-2e_mri-esm2-0_w5e5_ssp126_2015soc-from-histsoc_default_{pdomuse,pirruse}_global_monthly_2015_2100.nc",2031-2040
watergap2-2e|mri-esm2-0|ssp126,watergap2-2e,mri-esm2-0,ssp126,2040,C,587115212.1686623,29209887373.32892,587115207.6693705,196860279.24473155,12,m3/yr,"data/water/watergap2-2e_mri-esm2-0_w5e5_ssp126_2015soc-from-histsoc_default_{pdomuse,pirruse}_global_monthly_2015_2100.nc",2031-2040
watergap2-2e|mri-esm2-0|ssp126,watergap2-2e,mri-esm2-0,ssp126,2040,D,420102387.1727335,24081312698.102345,420102382.65980184,247414133.93094093,1,m3/yr,"data/water/watergap2-2e_mri-esm2-0_w5e5_ssp126_2015soc-from-histsoc_default_{pdomuse,pirruse}_global_monthly_2015_2100.nc",2031-2040
watergap2-2e|mri-esm2-0|ssp126,watergap2-2e,mri-esm2-0,ssp126,2040,E,870798062.2482027,38646504526.769165,870798078.2920494,4862490180.753222,2,m3/yr,"data/water/watergap2-2e_mri-esm2-0_w5e5_ssp126_2015soc-from-histsoc_default_{pdomuse,pirruse}_global_monthly_2015_2100.nc",2031-2040
watergap2-2e|mri-esm2-0|ssp126,watergap2-2e,mri-esm2-0,ssp126,2040,F,1712580899.869427,58588498178.186386,1712580885.1441474,11562473263.796455,12,m3/yr,"data/water/watergap2-2e_mri-esm2-0_w5e5_ssp126_2015soc-from-histsoc_default_{pdomuse,pirruse}_global_monthly_2015_2100.nc",2031-2040
watergap2-2e|mri-esm2-0|ssp126,watergap2-2e,mri-esm2-0,ssp126,2040,G,743410112.122797,10771216528.02245,743410107.7618544,5080007937.695107,11,m3/yr,"data/water/watergap2-2e_mri-esm2-0_w5e5_ssp126_2015soc-from-histsoc_default_{pdomuse,pirruse}_global_monthly_2015_2100.nc",2031-2040
watergap2-2e|mri-esm2-0|ssp126,watergap2-2e,mri-esm2-0,ssp126,2040,H,632698159.7682236,15390666383.777718,632698158.3959944,6878395074.735199,12,m3/yr,"data/water/watergap2-2e_mri-esm2-0_w5e5_ssp126_2015soc-from-histsoc_default_{pdomuse,pirruse}_global_monthly_2015_2100.nc",2031-2040
watergap2-2e|mri-esm2-0|ssp126,watergap2-2e,mri-esm2-0,ssp126,2040,J,67175922.12856972,3057676904.5284653,67175921.43357402,1967137543.0318022,12,m3/yr,"data/water/watergap2-2e_mri-esm2-0_w5e5_ssp126_2015soc-from-histsoc_default_{pdomuse,pirruse}_global_monthly_2015_2100.nc",2031-2040
watergap2-2e|mri-esm2-0|ssp126,watergap2-2e,mri-esm2-0,ssp126,2040,K,92678438.86323176,45274034420.05592,92678437.79699871,0.0,12,m3/yr,"data/water/watergap2-2e_mri-esm2-0_w5e5_ssp126_2015soc-from-histsoc_default_{pdomuse,pirruse}_global_monthly_2015_2100.nc",2031-2040
watergap2-2e|mri-esm2-0|ssp126,watergap2-2e,mri-esm2-0,ssp126,2050,A,415083159.65800375,18544351636.571022,415083155.8262127,0.0,12,m3/yr,"data/water/watergap2-2e_mri-esm2-0_w5e5_ssp126_2015soc-from-histsoc_default_{pdomuse,pirruse}_global_monthly_2015_2100.nc",2041-2050
watergap2-2e|mri-esm2-0|ssp126,watergap2-2e,mri-esm2-0,ssp126,2050,C,587115212.1686623,27483737287.297516,587115207.6693705,186203505.81712067,12,m3/yr,"data/water/watergap2-2e_mri-esm2-0_w5e5_ssp126_2015soc-from-histsoc_default_{pdomuse,pirruse}_global_monthly_2015_2100.nc",2041-2050
watergap2-2e|mri-esm2-0|ssp126,watergap2-2e,mri-esm2-0,ssp126,2050,D,420102387.1727335,23331060284.25833,420102382.65980184,290041286.5304297,1,m3/yr,"data/water/watergap2-2e_mri-esm2-0_w5e5_ssp126_2015soc-from-histsoc_default_{pdomuse,pirruse}_global_monthly_2015_2100.nc",2041-2050
watergap2-2e|mri-esm2-0|ssp126,watergap2-2e,mri-esm2-0,ssp126,2050,E,870798062.2482027,36956874798.216095,870798055.9648261,2156748810.2879705,1,m3/yr,"data/water/watergap2-2e_mri-esm2-0_w5e5_ssp126_2015soc-from-histsoc_default_{pdomuse,pirruse}_global_monthly_2015_2100.nc",2041-2050
watergap2-2e|mri-esm2-0|ssp126,watergap2-2e,mri-esm2-0,ssp126,2050,F,1712580899.869427,57053382958.129814,1712580885.1441474,13203376550.242983,12,m3/yr,"data/water/watergap2-2e_mri-esm2-0_w5e5_ssp126_2015soc-from-histsoc_default_{pdomuse,pirruse}_global_monthly_2015_2100.nc",2041-2050
watergap2-2e|mri-esm2-0|ssp126,watergap2-2e,mri-esm2-0,ssp126,2050,G,743410112.122797,10776681980.425028,743410107.7618544,6312034486.334684,11,m3/yr,"data/water/watergap2-2e_mri-esm2-0_w5e5_ssp126_2015soc-from-histsoc_default_{pdomuse,pirruse}_global_monthly_2015_2100.nc",2041-2050
watergap2-2e|mri-esm2-0|ssp126,watergap2-2e,mri-esm2-0,ssp126,2050,H,632698159.7682236,15249962758.88052,632698158.3959944,8190176250.109208,12,m3/yr,"data/water/watergap2-2e_mri-esm2-0_w5e5_ssp126_2015soc-from-histsoc_default_{pdomuse,pirruse}_global_monthly_2015_2100.nc",2041-2050
watergap2-2e|mri-esm2-0|ssp126,watergap2-2e,mri-esm2-0,ssp126,2050,J,67175922.12856972,3229538957.154921,67175921.43357402,2294106682.8137493,12,m3/yr,"data/water/watergap2-2e_mri-esm2-0_w5e5_ssp126_2015soc-from-histsoc_default_{pdomuse,pirruse}_global_monthly_2015_2100.nc",2041-2050
watergap2-2e|mri-esm2-0|ssp126,watergap2-2e,mri-esm2-0,ssp126,2050,K,92678438.86323176,45705700814.024284,92678437.79699871,2196114.003131892,12,m3/yr,"data/water/watergap2-2e_mri-esm2-0_w5e5_ssp126_2015soc-from-histsoc_default_{pdomuse,pirruse}_global_monthly_2015_2100.nc",2041-2050
watergap2-2e|mri-esm2-0|ssp126,watergap2-2e,mri-esm2-0,ssp126,2060,A,415083159.65800375,20826351949.662373,415083155.8262127,0.0,12,m3/yr,"data/water/watergap2-2e_mri-esm2-0_w5e5_ssp126_2015soc-from-histsoc_default_{pdomuse,pirruse}_global_monthly_2015_2100.nc",2051-2060
watergap2-2e|mri-esm2-0|ssp126,watergap2-2e,mri-esm2-0,ssp126,2060,C,587115212.1686623,27697570944.837105,587115207.6693705,183954779.7199075,12,m3/yr,"data/water/watergap2-2e_mri-esm2-0_w5e5_ssp126_2015soc-from-histsoc_default_{pdomuse,pirruse}_global_monthly_2015_2100.nc",2051-2060
watergap2-2e|mri-esm2-0|ssp126,watergap2-2e,mri-esm2-0,ssp126,2060,D,420102387.1727335,22996750362.414062,420102395.3505578,1424860665.1305385,2,m3/yr,"data/water/watergap2-2e_mri-esm2-0_w5e5_ssp126_2015soc-from-histsoc_default_{pdomuse,pirruse}_global_monthly_2015_2100.nc",2051-2060
watergap2-2e|mri-esm2-0|ssp126,watergap2-2e,mri-esm2-0,ssp126,2060,E,870798062.2482027,36153594972.50132,870798055.9648261,2043777760.5597606,1,m3/yr,"data/water/watergap2-2e_mri-esm2-0_w5e5_ssp126_2015soc-from-histsoc_default_{pdomuse,pirruse}_global_monthly_2015_2100.nc",2051-2060
watergap2-2e|mri-esm2-0|ssp126,watergap2-2e,mri-esm2-0,ssp126,2060,F,1712580899.869427,58960103568.13112,1712580889.6587806,24048953425.133522,11,m3/yr,"data/water/watergap2-2e_mri-esm2-0_w5e5_ssp126_2015soc-from-histsoc_default_{pdomuse,pirruse}_global_monthly_2015_2100.nc",2051-2060
watergap2-2e|mri-esm2-0|ssp126,watergap2-2e,mri-esm2-0,ssp126,2060,G,743410112.122797,10909070010.379652,743410107.7618544,6032726679.1561165,11,m3/yr,"data/water/watergap2-2e_mri-esm2-0_w5e5_ssp126_2015soc-from-histsoc_default_{pdomuse,pirruse}_global_monthly_2015_2100.nc",2051-2060
watergap2-2e|mri-esm2-0|ssp126,watergap2-2e,mri-esm2-0,ssp126,2060,H,632698159.7682236,14608265736.766521,632698155.7367435,6250628277.100372,11,m3/yr,"data/water/watergap2-2e_mri-esm2-0_w5e5_ssp126_2015soc-from-histsoc_default_{pdomuse,pirruse}_global_monthly_2015_2100.nc",2051-2060
watergap2-2e|mri-esm2-0|ssp126,watergap2-2e,mri-esm2-0,ssp126,2060,J,67175922.12856972,3226969354.936124,67175921.43357402,2261486057.8661838,12,m3/yr,"data/water/watergap2-2e_mri-esm2-0_w5e5_ssp126_2015soc-from-histsoc_default_{pdomuse,pirruse}_global_monthly_2015_2100.nc",2051-2060
watergap2-2e|mri-esm2-0|ssp126,watergap2-2e,mri-esm2-0,ssp126,2060,K,92678438.86323176,44917161554.86357,92678437.79699871,2842707.1178385057,12,m3/yr,"data/water/watergap2-2e_mri-esm2-0_w5e5_ssp126_2015soc-from-histsoc_default_{pdomuse,pirruse}_global_monthly_2015_2100.nc",2051-2060
watergap2-2e|mri-esm2-0|ssp370,watergap2-2e,mri-esm2-0,ssp370,2030,A,415083159.65800375,20848714012.341606,415083155.8262127,0.0,12,m3/yr,"data/water/watergap2-2e_mri-esm2-0_w5e5_ssp370_2015soc-from-histsoc_default_{pdomuse,pirruse}_global_monthly_2015_2100.nc",2021-2030
watergap2-2e|mri-esm2-0|ssp370,watergap2-2e,mri-esm2-0,ssp370,2030,C,587115212.1686623,26354125828.0079,587115208.6438899,839784007.6536762,11,m3/yr,"data/water/watergap2-2e_mri-esm2-0_w5e5_ssp370_2015soc-from-histsoc_default_{pdomuse,pirruse}_global_monthly_2015_2100.nc",2021-2030
watergap2-2e|mri-esm2-0|ssp370,watergap2-2e,mri-esm2-0,ssp370,2030,D,420102387.1727335,22251521275.291855,420102382.65980184,188456738.02536985,1,m3/yr,"data/water/watergap2-2e_mri-esm2-0_w5e5_ssp370_2015soc-from-histsoc_default_{pdomuse,pirruse}_global_monthly_2015_2100.nc",2021-2030
watergap2-2e|mri-esm2-0|ssp370,watergap2-2e,mri-esm2-0,ssp370,2030,E,870798062.2482027,32839812714.587578,870798056.9002539,7038812832.5645685,11,m3/yr,"data/water/watergap2-2e_mri-esm2-0_w5e5_ssp370_2015soc-from-histsoc_default_{pdomuse,pirruse}_global_monthly_2015_2100.nc",2021-2030
watergap2-2e|mri-esm2-0|ssp370,watergap2-2e,mri-esm2-0,ssp370,2030,F,1712580899.869427,51574159839.04738,1712580889.6587806,17869902990.611084,11,m3/yr,"data/water/watergap2-2e_mri-esm2-0_w5e5_ssp370_2015soc-from-histsoc_default_{pdomuse,pirruse}_global_monthly_2015_2100.nc",2021-2030
watergap2-2e|mri-esm2-0|ssp370,watergap2-2e,mri-esm2-0,ssp370,2030,G,743410112.122797,10278235776.553125,743410107.7618544,4276819981.077966,11,m3/yr,"data/water/watergap2-2e_mri-esm2-0_w5e5_ssp370_2015soc-from-histsoc_default_{pdomuse,pirruse}_global_monthly_2015_2100.nc",2021-2030
watergap2-2e|mri-esm2-0|ssp370,watergap2-2e,mri-esm2-0,ssp370,2030,H,632698159.7682236,13949658272.724108,632698155.7367435,5305019409.18564,11,m3/yr,"data/water/watergap2-2e_mri-esm2-0_w5e5_ssp370_2015soc-from-histsoc_default_{pdomuse,pirruse}_global_monthly_2015_2100.nc",2021-2030
watergap2-2e|mri-esm2-0|ssp370,watergap2-2e,mri-esm2-0,ssp370,2030,J,67175922.12856972,2950130620.338355,67175921.43357402,1814755921.046053,12,m3/yr,"data/water/watergap2-2e_mri-esm2-0_w5e5_ssp370_2015soc-from-histsoc_default_{pdomuse,pirruse}_global_monthly_2015_2100.nc",2021-2030
watergap2-2e|mri-esm2-0|ssp370,watergap2-2e,mri-esm2-0,ssp370,2030,K,92678438.86323176,44835959073.85123,92678437.79699871,0.0,12,m3/yr,"data/water/watergap2-2e_mri-esm2-0_w5e5_ssp370_2015soc-from-histsoc_default_{pdomuse,pirruse}_global_monthly_2015_2100.nc",2021-2030
watergap2-2e|mri-esm2-0|ssp370,watergap2-2e,mri-esm2-0,ssp370,2040,A,415083159.65800375,20190914894.63732,415083155.8262127,0.0,12,m3/yr,"data/water/watergap2-2e_mri-esm2-0_w5e5_ssp370_2015soc-from-histsoc_default_{pdomuse,pirruse}_global_monthly_2015_2100.nc",2031-2040
watergap2-2e|mri-esm2-0|ssp370,watergap2-2e,mri-esm2-0,ssp370,2040,C,587115212.1686623,24868838787.549477,587115207.6693705,191752385.0633122,12,m3/yr,"data/water/watergap2-2e_mri-esm2-0_w5e5_ssp370_2015soc-from-histsoc_default_{pdomuse,pirruse}_global_monthly_2015_2100.nc",2031-2040
watergap2-2e|mri-esm2-0|ssp370,watergap2-2e,mri-esm2-0,ssp370,2040,D,420102387.1727335,21785584980.515465,420102382.65980184,254347912.6132168,1,m3/yr,"data/water/watergap2-2e_mri-esm2-0_w5e5_ssp370_2015soc-from-histsoc_default_{pdomuse,pirruse}_global_monthly_2015_2100.nc",2031-2040
watergap2-2e|mri-esm2-0|ssp370,watergap2-2e,mri-esm2-0,ssp370,2040,E,870798062.2482027,31787139739.94645,870798055.9648261,1993708431.5537786,1,m3/yr,"data/water/watergap2-2e_mri-esm2-0_w5e5_ssp370_2015soc-from-histsoc_default_{pdomuse,pirruse}_global_monthly_2015_2100.nc",2031-2040
watergap2-2e|mri-esm2-0|ssp370,watergap2-2e,mri-esm2-0,ssp370,2040,F,1712580899.869427,47912466721.68919,1712580885.1441474,8503637464.25132,12,m3/yr,"data/water/watergap2-2e_mri-esm2-0_w5e5_ssp370_2015soc-from-histsoc_default_{pdomuse,pirruse}_global_monthly_2015_2100.nc",2031-2040
watergap2-2e|mri-esm2-0|ssp370,watergap2-2e,mri-esm2-0,ssp370,2040,G,743410112.122797,9966744889.407423,743410107.7618544,4113060786.160714,11,m3/yr,"data/water/watergap2-2e_mri-esm2-0_w5e5_ssp370_2015soc-from-histsoc_default_{pdomuse,pirruse}_global_monthly_2015_2100.nc",2031-2040
watergap2-2e|mri-esm2-0|ssp370,watergap2-2e,mri-esm2-0,ssp370,2040,H,632698159.7682236,13525571673.609364,632698158.3959944,5310826279.033606,12,m3/yr,"data/water/watergap2-2e_mri-esm2-0_w5e5_ssp370_2015soc-from-histsoc_default_{pdomuse,pirruse}_global_monthly_2015_2100.nc",2031-2040
watergap2-2e|mri-esm2-0|ssp370,watergap2-2e,mri-esm2-0,ssp370,2040,J,67175922.12856972,2777794687.205751,67175921.43357402,1719581530.0591824,12,m3/yr,"data/water/watergap2-2e_mri-esm2-0_w5e5_ssp370_2015soc-from-histsoc_default_{pdomuse,pirruse}_global_monthly_2015_2100.nc",2031-2040
watergap2-2e|mri-esm2-0|ssp370,watergap2-2e,mri-esm2-0,ssp370,2040,K,92678438.86323176,45521307864.53104,92678437.79699871,986066.7965692587,12,m3/yr,"data/water/watergap2-2e_mri-esm2-0_w5e5_ssp370_2015soc-from-histsoc_default_{pdomuse,pirruse}_global_monthly_2015_2100.nc",2031-2040
watergap2-2e|mri-esm2-0|ssp370,watergap2-2e,mri-esm2-0,ssp370,2050,A,415083159.65800375,20524731934.327484,415083155.8262127,0.0,12,m3/yr,"data/water/watergap2-2e_mri-esm2-0_w5e5_ssp370_2015soc-from-histsoc_default_{pdomuse,pirruse}_global_monthly_2015_2100.nc",2041-2050
watergap2-2e|mri-esm2-0|ssp370,watergap2-2e,mri-esm2-0,ssp370,2050,C,587115212.1686623,25667662807.940624,587115207.6693705,195702811.52713814,12,m3/yr,"data/water/watergap2-2e_mri-esm2-0_w5e5_ssp370_2015soc-from-histsoc_default_{pdomuse,pirruse}_global_monthly_2015_2100.nc",2041-2050
watergap2-2e|mri-esm2-0|ssp370,watergap2-2e,mri-esm2-0,ssp370,2050,D,420102387.1727335,21877116070.672066,420102382.65980184,270662338.4649204,1,m3/yr,"data/water/watergap2-2e_mri-esm2-0_w5e5_ssp370_2015soc-from-histsoc_default_{pdomuse,pirruse}_global_monthly_2015_2100.nc",2041-2050
watergap2-2e|mri-esm2-0|ssp370,watergap2-2e,mri-esm2-0,ssp370,2050,E,870798062.2482027,32651670198.838882,870798055.9648261,4100174020.4933815,12,m3/yr,"data/water/watergap2-2e_mri-esm2-0_w5e5_ssp370_2015soc-from-histsoc_default_{pdomuse,pirruse}_global_monthly_2015_2100.nc",2041-2050
watergap2-2e|mri-esm2-0|ssp370,watergap2-2e,mri-esm2-0,ssp370,2050,F,1712580899.869427,52516417955.13403,1712580885.1441474,11742832882.79628,12,m3/yr,"data/water/watergap2-2e_mri-esm2-0_w5e5_ssp370_2015soc-from-histsoc_default_{pdomuse,pirruse}_global_monthly_2015_2100.nc",2041-2050
watergap2-2e|mri-esm2-0|ssp370,watergap2-2e,mri-esm2-0,ssp370,2050,G,743410112.122797,10374145347.269577,743410107.7618544,4101781550.022136,11,m3/yr,"data/water/watergap2-2e_mri-esm2-0_w5e5_ssp370_2015soc-from-histsoc_default_{pdomuse,pirruse}_global_monthly_2015_2100.nc",2041-2050
watergap2-2e|mri-esm2-0|ssp370,watergap2-2e,mri-esm2-0,ssp370,2050,H,632698159.7682236,13511225218.6282,632698158.3959944,6195329634.768718,12,m3/yr,"data/water/watergap2-2e_mri-esm2-0_w5e5_ssp370_2015soc-from-histsoc_default_{pdomuse,pirruse}_global_monthly_2015_2100.nc",2041-2050
watergap2-2e|mri-esm2-0|ssp370,watergap2-2e,mri-esm2-0,ssp370,2050,J,67175922.12856972,3155614097.500452,67175921.43357402,1975928348.7923055,12,m3/yr,"data/water/watergap2-2e_mri-esm2-0_w5e5_ssp370_2015soc-from-histsoc_default_{pdomuse,pirruse}_global_monthly_2015_2100.nc",2041-2050
watergap2-2e|mri-esm2-0|ssp370,watergap2-2e,mri-esm2-0,ssp370,2050,K,92678438.86323176,44782008980.70035,92678437.79699871,2161380.5880743233,12,m3/yr,"data/water/watergap2-2e_mri-esm2-0_w5e5_ssp370_2015soc-from-histsoc_default_{pdomuse,pirruse}_global_monthly_2015_2100.nc",2041-2050
watergap2-2e|mri-esm2-0|ssp370,watergap2-2e,mri-esm2-0,ssp370,2060,A,415083159.65800375,19320604826.165115,415083155.8262127,0.0,12,m3/yr,"data/water/watergap2-2e_mri-esm2-0_w5e5_ssp370_2015soc-from-histsoc_default_{pdomuse,pirruse}_global_monthly_2015_2100.nc",2051-2060
watergap2-2e|mri-esm2-0|ssp370,watergap2-2e,mri-esm2-0,ssp370,2060,C,587115212.1686623,26025958178.53408,587115207.6693705,191823015.0077008,12,m3/yr,"data/water/watergap2-2e_mri-esm2-0_w5e5_ssp370_2015soc-from-histsoc_default_{pdomuse,pirruse}_global_monthly_2015_2100.nc",2051-2060
watergap2-2e|mri-esm2-0|ssp370,watergap2-2e,mri-esm2-0,ssp370,2060,D,420102387.1727335,22712606009.967823,420102382.65980184,220965888.90914682,1,m3/yr,"data/water/watergap2-2e_mri-esm2-0_w5e5_ssp370_2015soc-from-histsoc_default_{pdomuse,pirruse}_global_monthly_2015_2100.nc",2051-2060
watergap2-2e|mri-esm2-0|ssp370,watergap2-2e,mri-esm2-0,ssp370,2060,E,870798062.2482027,32207344878.105583,870798055.9648261,4236787241.009407,12,m3/yr,"data/water/watergap2-2e_mri-esm2-0_w5e5_ssp370_2015soc-from-histsoc_default_{pdomuse,pirruse}_global_monthly_2015_2100.nc",2051-2060
watergap2-2e|mri-esm2-0|ssp370,watergap2-2e,mri-esm2-0,ssp370,2060,F,1712580899.869427,49076737849.47562,1712580885.1441474,11657886506.836857,12,m3/yr,"data/water/watergap2-2e_mri-esm2-0_w5e5_ssp370_2015soc-from-histsoc_default_{pdomuse,pirruse}_global_monthly_2015_2100.nc",2051-2060
watergap2-2e|mri-esm2-0|ssp370,watergap2-2e,mri-esm2-0,ssp370,2060,G,743410112.122797,10700169848.619814,743410107.7618544,4905082511.27069,11,m3/yr,"data/water/watergap2-2e_mri-esm2-0_w5e5_ssp370_2015soc-from-histsoc_default_{pdomuse,pirruse}_global_monthly_2015_2100.nc",2051-2060
watergap2-2e|mri-esm2-0|ssp370,watergap2-2e,mri-esm2-0,ssp370,2060,H,632698159.7682236,14194374433.161484,632698158.3959944,6676492826.330463,12,m3/yr,"data/water/watergap2-2e_mri-esm2-0_w5e5_ssp370_2015soc-from-histsoc_default_{pdomuse,pirruse}_global_monthly_2015_2100.nc",2051-2060
watergap2-2e|mri-esm2-0|ssp370,watergap2-2e,mri-esm2-0,ssp370,2060,J,67175922.12856972,3049729524.2842407,67175921.43357402,2053608750.0765278,12,m3/yr,"data/water/watergap2-2e_mri-esm2-0_w5e5_ssp370_2015soc-from-histsoc_default_{pdomuse,pirruse}_global_monthly_2015_2100.nc",2051-2060
watergap2-2e|mri-esm2-0|ssp370,watergap2-2e,mri-esm2-0,ssp370,2060,K,92678438.86323176,45501877145.67037,92678437.79699871,2501912.198049597,12,m3/yr,"data/water/watergap2-2e_mri-esm2-0_w5e5_ssp370_2015soc-from-histsoc_default_{pdomuse,pirruse}_global_monthly_2015_2100.nc",2051-2060
watergap2-2e|ukesm1-0-ll|ssp126,watergap2-2e,ukesm1-0-ll,ssp126,2030,A,415083159.65800375,20423496663.634163,415083155.8262127,0.0,12,m3/yr,"data/water/watergap2-2e_ukesm1-0-ll_w5e5_ssp126_2015soc-from-histsoc_default_{pdomuse,pirruse}_global_monthly_2015_2100.nc",2021-2030
watergap2-2e|ukesm1-0-ll|ssp126,watergap2-2e,ukesm1-0-ll,ssp126,2030,C,587115212.1686623,27721083026.808502,587115207.6693705,510768178.8695189,12,m3/yr,"data/water/watergap2-2e_ukesm1-0-ll_w5e5_ssp126_2015soc-from-histsoc_default_{pdomuse,pirruse}_global_monthly_2015_2100.nc",2021-2030
watergap2-2e|ukesm1-0-ll|ssp126,watergap2-2e,ukesm1-0-ll,ssp126,2030,D,420102387.1727335,21396037259.97987,420102382.65980184,567824917.1273116,1,m3/yr,"data/water/watergap2-2e_ukesm1-0-ll_w5e5_ssp126_2015soc-from-histsoc_default_{pdomuse,pirruse}_global_monthly_2015_2100.nc",2021-2030
watergap2-2e|ukesm1-0-ll|ssp126,watergap2-2e,ukesm1-0-ll,ssp126,2030,E,870798062.2482027,34606913464.07289,870798055.9648261,5202166292.497458,12,m3/yr,"data/water/watergap2-2e_ukesm1-0-ll_w5e5_ssp126_2015soc-from-histsoc_default_{pdomuse,pirruse}_global_monthly_2015_2100.nc",2021-2030
watergap2-2e|ukesm1-0-ll|ssp126,watergap2-2e,ukesm1-0-ll,ssp126,2030,F,1712580899.869427,55071957960.88626,1712580885.1441474,12084981376.680521,12,m3/yr,"data/water/watergap2-2e_ukesm1-0-ll_w5e5_ssp126_2015soc-from-histsoc_default_{pdomuse,pirruse}_global_monthly_2015_2100.nc",2021-2030
watergap2-2e|ukesm1-0-ll|ssp126,watergap2-2e,ukesm1-0-ll,ssp126,2030,G,743410112.122797,10516048736.992437,743410107.7618544,5207280360.035315,11,m3/yr,"data/water/watergap2-2e_ukesm1-0-ll_w5e5_ssp126_2015soc-from-histsoc_default_{pdomuse,pirruse}_global_monthly_2015_2100.nc",2021-2030
watergap2-2e|ukesm1-0-ll|ssp126,watergap2-2e,ukesm1-0-ll,ssp126,2030,H,632698159.7682236,14919772229.522015,632698158.3959944,6420030759.014935,12,m3/yr,"data/water/watergap2-2e_ukesm1-0-ll_w5e5_ssp126_2015soc-from-histsoc_default_{pdomuse,pirruse}_global_monthly_2015_2100.nc",2021-2030
watergap2-2e|ukesm1-0-ll|ssp126,watergap2-2e,ukesm1-0-ll,ssp126,2030,J,67175922.12856972,3279118200.6103516,67175921.43357402,2489495673.2901235,12,m3/yr,"data/water/watergap2-2e_ukesm1-0-ll_w5e5_ssp126_2015soc-from-histsoc_default_{pdomuse,pirruse}_global_monthly_2015_2100.nc",2021-2030
watergap2-2e|ukesm1-0-ll|ssp126,watergap2-2e,ukesm1-0-ll,ssp126,2030,K,92678438.86323176,44424562081.690636,92678437.79699871,3289212.546812696,12,m3/yr,"data/water/watergap2-2e_ukesm1-0-ll_w5e5_ssp126_2015soc-from-histsoc_default_{pdomuse,pirruse}_global_monthly_2015_2100.nc",2021-2030
watergap2-2e|ukesm1-0-ll|ssp126,watergap2-2e,ukesm1-0-ll,ssp126,2040,A,415083159.65800375,22476997082.361397,415083155.8262127,0.0,12,m3/yr,"data/water/watergap2-2e_ukesm1-0-ll_w5e5_ssp126_2015soc-from-histsoc_default_{pdomuse,pirruse}_global_monthly_2015_2100.nc",2031-2040
watergap2-2e|ukesm1-0-ll|ssp126,watergap2-2e,ukesm1-0-ll,ssp126,2040,C,587115212.1686623,28692398706.168602,587115207.6693705,427128138.47270644,12,m3/yr,"data/water/watergap2-2e_ukesm1-0-ll_w5e5_ssp126_2015soc-from-histsoc_default_{pdomuse,pirruse}_global_monthly_2015_2100.nc",2031-2040
watergap2-2e|ukesm1-0-ll|ssp126,watergap2-2e,ukesm1-0-ll,ssp126,2040,D,420102387.1727335,23039715466.27453,420102382.65980184,522057983.44751525,1,m3/yr,"data/water/watergap2-2e_ukesm1-0-ll_w5e5_ssp126_2015soc-from-histsoc_default_{pdomuse,pirruse}_global_monthly_2015_2100.nc",2031-2040
watergap2-2e|ukesm1-0-ll|ssp126,watergap2-2e,ukesm1-0-ll,ssp126,2040,E,870798062.2482027,38558168517.96399,870798055.9648261,5427606592.251835,12,m3/yr,"data/water/watergap2-2e_ukesm1-0-ll_w5e5_ssp126_2015soc-from-histsoc_default_{pdomuse,pirruse}_global_monthly_2015_2100.nc",2031-2040
watergap2-2e|ukesm1-0-ll|ssp126,watergap2-2e,ukesm1-0-ll,ssp126,2040,F,1712580899.869427,59205304159.54944,1712580885.1441474,10952561205.4196,12,m3/yr,"data/water/watergap2-2e_ukesm1-0-ll_w5e5_ssp126_2015soc-from-histsoc_default_{pdomuse,pirruse}_global_monthly_2015_2100.nc",2031-2040
watergap2-2e|ukesm1-0-ll|ssp126,watergap2-2e,ukesm1-0-ll,ssp126,2040,G,743410112.122797,10842397916.067255,743410107.7618544,5333804555.553292,11,m3/yr,"data/water/watergap2-2e_ukesm1-0-ll_w5e5_ssp126_2015soc-from-histsoc_default_{pdomuse,pirruse}_global_monthly_2015_2100.nc",2031-2040
watergap2-2e|ukesm1-0-ll|ssp126,watergap2-2e,ukesm1-0-ll,ssp126,2040,H,632698159.7682236,15520749384.233608,632698158.3959944,5629344220.702824,12,m3/yr,"data/water/watergap2-2e_ukesm1-0-ll_w5e5_ssp126_2015soc-from-histsoc_default_{pdomuse,pirruse}_global_monthly_2015_2100.nc",2031-2040
watergap2-2e|ukesm1-0-ll|ssp126,watergap2-2e,ukesm1-0-ll,ssp126,2040,J,67175922.12856972,3371237156.794656,67175921.43357402,2480887628.481664,12,m3/yr,"data/water/watergap2-2e_ukesm1-0-ll_w5e5_ssp126_2015soc-from-histsoc_default_{pdomuse,pirruse}_global_monthly_2015_2100.nc",2031-2040
watergap2-2e|ukesm1-0-ll|ssp126,watergap2-2e,ukesm1-0-ll,ssp126,2040,K,92678438.86323176,44921120764.83575,92678437.79699871,4671186.322844277,12,m3/yr,"data/water/watergap2-2e_ukesm1-0-ll_w5e5_ssp126_2015soc-from-histsoc_default_{pdomuse,pirruse}_global_monthly_2015_2100.nc",2031-2040
watergap2-2e|ukesm1-0-ll|ssp126,watergap2-2e,ukesm1-0-ll,ssp126,2050,A,415083159.65800375,22499304380.148823,415083155.8262127,0.0,12,m3/yr,"data/water/watergap2-2e_ukesm1-0-ll_w5e5_ssp126_2015soc-from-histsoc_default_{pdomuse,pirruse}_global_monthly_2015_2100.nc",2041-2050
watergap2-2e|ukesm1-0-ll|ssp126,watergap2-2e,ukesm1-0-ll,ssp126,2050,C,587115212.1686623,29161974074.85853,587115207.6693705,539778969.958278,12,m3/yr,"data/water/watergap2-2e_ukesm1-0-ll_w5e5_ssp126_2015soc-from-histsoc_default_{pdomuse,pirruse}_global_monthly_2015_2100.nc",2041-2050
watergap2-2e|ukesm1-0-ll|ssp126,watergap2-2e,ukesm1-0-ll,ssp126,2050,D,420102387.1727335,23041711734.008484,420102382.65980184,610010369.1511059,1,m3/yr,"data/water/watergap2-2e_ukesm1-0-ll_w5e5_ssp126_2015soc-from-histsoc_default_{pdomuse,pirruse}_global_monthly_2015_2100.nc",2041-2050
watergap2-2e|ukesm1-0-ll|ssp126,watergap2-2e,ukesm1-0-ll,ssp126,2050,E,870798062.2482027,37415336853.7552,870798055.9648261,3948158829.83206,1,m3/yr,"data/water/watergap2-2e_ukesm1-0-ll_w5e5_ssp126_2015soc-from-histsoc_default_{pdomuse,pirruse}_global_monthly_2015_2100.nc",2041-2050
watergap2-2e|ukesm1-0-ll|ssp126,watergap2-2e,ukesm1-0-ll,ssp126,2050,F,1712580899.869427,60848692851.081955,1712580889.6587806,18370546996.45106,11,m3/yr,"data/water/watergap2-2e_ukesm1-0-ll_w5e5_ssp126_2015soc-from-histsoc_default_{pdomuse,pirruse}_global_monthly_2015_2100.nc",2041-2050
watergap2-2e|ukesm1-0-ll|ssp126,watergap2-2e,ukesm1-0-ll,ssp126,2050,G,743410112.122797,11643935523.796114,743410107.7618544,6169819128.874918,11,m3/yr,"data/water/watergap2-2e_ukesm1-0-ll_w5e5_ssp126_2015soc-from-histsoc_default_{pdomuse,pirruse}_global_monthly_2015_2100.nc",2041-2050
watergap2-2e|ukesm1-0-ll|ssp126,watergap2-2e,ukesm1-0-ll,ssp126,2050,H,632698159.7682236,16185380249.83557,632698155.7367435,9556228726.631773,11,m3/yr,"data/water/watergap2-2e_ukesm1-0-ll_w5e5_ssp126_2015soc-from-histsoc_default_{pdomuse,pirruse}_global_monthly_2015_2100.nc",2041-2050
watergap2-2e|ukesm1-0-ll|ssp126,watergap2-2e,ukesm1-0-ll,ssp126,2050,J,67175922.12856972,3227716246.1248174,67175921.43357402,2508689166.8173995,12,m3/yr,"data/water/watergap2-2e_ukesm1-0-ll_w5e5_ssp126_2015soc-from-histsoc_default_{pdomuse,pirruse}_global_monthly_2015_2100.nc",2041-2050
watergap2-2e|ukesm1-0-ll|ssp126,watergap2-2e,ukesm1-0-ll,ssp126,2050,K,92678438.86323176,45517945556.42598,92678437.79699871,6490749.983360029,12,m3/yr,"data/water/watergap2-2e_ukesm1-0-ll_w5e5_ssp126_2015soc-from-histsoc_default_{pdomuse,pirruse}_global_monthly_2015_2100.nc",2041-2050
watergap2-2e|ukesm1-0-ll|ssp126,watergap2-2e,ukesm1-0-ll,ssp126,2060,A,415083159.65800375,21767788086.164047,415083155.8262127,84135.04016948066,12,m3/yr,"data/water/watergap2-2e_ukesm1-0-ll_w5e5_ssp126_2015soc-from-histsoc_default_{pdomuse,pirruse}_global_monthly_2015_2100.nc",2051-2060
watergap2-2e|ukesm1-0-ll|ssp126,watergap2-2e,ukesm1-0-ll,ssp126,2060,C,587115212.1686623,30318760738.055458,587115207.6693705,579432163.6268692,12,m3/yr,"data/water/watergap2-2e_ukesm1-0-ll_w5e5_ssp126_2015soc-from-histsoc_default_{pdomuse,pirruse}_global_monthly_2015_2100.nc",2051-2060
watergap2-2e|ukesm1-0-ll|ssp126,watergap2-2e,ukesm1-0-ll,ssp126,2060,D,420102387.1727335,22819739406.00896,420102382.65980184,670294735.417746,1,m3/yr,"data/water/watergap2-2e_ukesm1-0-ll_w5e5_ssp126_2015soc-from-histsoc_default_{pdomuse,pirruse}_global_monthly_2015_2100.nc",2051-2060
watergap2-2e|ukesm1-0-ll|ssp126,watergap2-2e,ukesm1-0-ll,ssp126,2060,E,870798062.2482027,40939794771.40458,870798055.9648261,4882225908.455439,12,m3/yr,"data/water/watergap2-2e_ukesm1-0-ll_w5e5_ssp126_2015soc-from-histsoc_default_{pdomuse,pirruse}_global_monthly_2015_2100.nc",2051-2060
watergap2-2e|ukesm1-0-ll|ssp126,watergap2-2e,ukesm1-0-ll,ssp126,2060,F,1712580899.869427,63958979272.51225,1712580889.6587806,20404686206.279396,11,m3/yr,"data/water/watergap2-2e_ukesm1-0-ll_w5e5_ssp126_2015soc-from-histsoc_default_{pdomuse,pirruse}_global_monthly_2015_2100.nc",2051-2060
watergap2-2e|ukesm1-0-ll|ssp126,watergap2-2e,ukesm1-0-ll,ssp126,2060,G,743410112.122797,11450836076.202644,743410107.7618544,5763793875.673582,11,m3/yr,"data/water/watergap2-2e_ukesm1-0-ll_w5e5_ssp126_2015soc-from-histsoc_default_{pdomuse,pirruse}_global_monthly_2015_2100.nc",2051-2060
watergap2-2e|ukesm1-0-ll|ssp126,watergap2-2e,ukesm1-0-ll,ssp126,2060,H,632698159.7682236,16488412550.278988,632698158.3959944,5717454783.170003,12,m3/yr,"data/water/watergap2-2e_ukesm1-0-ll_w5e5_ssp126_2015soc-from-histsoc_default_{pdomuse,pirruse}_global_monthly_2015_2100.nc",2051-2060
watergap2-2e|ukesm1-0-ll|ssp126,watergap2-2e,ukesm1-0-ll,ssp126,2060,J,67175922.12856972,3448833209.854475,67175921.43357402,2817800523.1393833,12,m3/yr,"data/water/watergap2-2e_ukesm1-0-ll_w5e5_ssp126_2015soc-from-histsoc_default_{pdomuse,pirruse}_global_monthly_2015_2100.nc",2051-2060
watergap2-2e|ukesm1-0-ll|ssp126,watergap2-2e,ukesm1-0-ll,ssp126,2060,K,92678438.86323176,45111554126.67351,92678437.79699871,8371059.147050168,12,m3/yr,"data/water/watergap2-2e_ukesm1-0-ll_w5e5_ssp126_2015soc-from-histsoc_default_{pdomuse,pirruse}_global_monthly_2015_2100.nc",2051-2060
watergap2-2e|ukesm1-0-ll|ssp370,watergap2-2e,ukesm1-0-ll,ssp370,2030,A,415083159.65800375,19800512982.06956,415083155.8262127,0.0,12,m3/yr,"data/water/watergap2-2e_ukesm1-0-ll_w5e5_ssp370_2015soc-from-histsoc_default_{pdomuse,pirruse}_global_monthly_2015_2100.nc",2021-2030
watergap2-2e|ukesm1-0-ll|ssp370,watergap2-2e,ukesm1-0-ll,ssp370,2030,C,587115212.1686623,25597463933.03702,587115207.6693705,435928610.8755505,12,m3/yr,"data/water/watergap2-2e_ukesm1-0-ll_w5e5_ssp370_2015soc-from-histsoc_default_{pdomuse,pirruse}_global_monthly_2015_2100.nc",2021-2030
watergap2-2e|ukesm1-0-ll|ssp370,watergap2-2e,ukesm1-0-ll,ssp370,2030,D,420102387.1727335,19654677612.069843,420102382.65980184,416741006.98999566,1,m3/yr,"data/water/watergap2-2e_ukesm1-0-ll_w5e5_ssp370_2015soc-from-histsoc_default_{pdomuse,pirruse}_global_monthly_2015_2100.nc",2021-2030
watergap2-2e|ukesm1-0-ll|ssp370,watergap2-2e,ukesm1-0-ll,ssp370,2030,E,870798062.2482027,33314066704.47077,870798056.9002539,7796870508.221923,11,m3/yr,"data/water/watergap2-2e_ukesm1-0-ll_w5e5_ssp370_2015soc-from-histsoc_default_{pdomuse,pirruse}_global_monthly_2015_2100.nc",2021-2030
watergap2-2e|ukesm1-0-ll|ssp370,watergap2-2e,ukesm1-0-ll,ssp370,2030,F,1712580899.869427,49740566587.46896,1712580885.1441474,10125208538.373457,12,m3/yr,"data/water/watergap2-2e_ukesm1-0-ll_w5e5_ssp370_2015soc-from-histsoc_default_{pdomuse,pirruse}_global_monthly_2015_2100.nc",2021-2030
watergap2-2e|ukesm1-0-ll|ssp370,watergap2-2e,ukesm1-0-ll,ssp370,2030,G,743410112.122797,10539873756.535467,743410107.7618544,4995720860.852334,11,m3/yr,"data/water/watergap2-2e_ukesm1-0-ll_w5e5_ssp370_2015soc-from-histsoc_default_{pdomuse,pirruse}_global_monthly_2015_2100.nc",2021-2030
watergap2-2e|ukesm1-0-ll|ssp370,watergap2-2e,ukesm1-0-ll,ssp370,2030,H,632698159.7682236,14207369924.630405,632698158.3959944,6338635015.578289,12,m3/yr,"data/water/watergap2-2e_ukesm1-0-ll_w5e5_ssp370_2015soc-from-histsoc_default_{pdomuse,pirruse}_global_monthly_2015_2100.nc",2021-2030
watergap2-2e|ukesm1-0-ll|ssp370,watergap2-2e,ukesm1-0-ll,ssp370,2030,J,67175922.12856972,3087796355.855546,67175921.43357402,2454762396.8193297,12,m3/yr,"data/water/watergap2-2e_ukesm1-0-ll_w5e5_ssp370_2015soc-from-histsoc_default_{pdomuse,pirruse}_global_monthly_2015_2100.nc",2021-2030
watergap2-2e|ukesm1-0-ll|ssp370,watergap2-2e,ukesm1-0-ll,ssp370,2030,K,92678438.86323176,44622623185.852554,92678437.79699871,3003307.331758011,12,m3/yr,"data/water/watergap2-2e_ukesm1-0-ll_w5e5_ssp370_2015soc-from-histsoc_default_{pdomuse,pirruse}_global_monthly_2015_2100.nc",2021-2030
watergap2-2e|ukesm1-0-ll|ssp370,watergap2-2e,ukesm1-0-ll,ssp370,2040,A,415083159.65800375,20356793812.25746,415083155.8262127,0.0,12,m3/yr,"data/water/watergap2-2e_ukesm1-0-ll_w5e5_ssp370_2015soc-from-histsoc_default_{pdomuse,pirruse}_global_monthly_2015_2100.nc",2031-2040
watergap2-2e|ukesm1-0-ll|ssp370,watergap2-2e,ukesm1-0-ll,ssp370,2040,C,587115212.1686623,25195941010.01791,587115207.6693705,629889281.5805651,12,m3/yr,"data/water/watergap2-2e_ukesm1-0-ll_w5e5_ssp370_2015soc-from-histsoc_default_{pdomuse,pirruse}_global_monthly_2015_2100.nc",2031-2040
watergap2-2e|ukesm1-0-ll|ssp370,watergap2-2e,ukesm1-0-ll,ssp370,2040,D,420102387.1727335,20549849152.645775,420102382.65980184,471606873.41892755,1,m3/yr,"data/water/watergap2-2e_ukesm1-0-ll_w5e5_ssp370_2015soc-from-histsoc_default_{pdomuse,pirruse}_global_monthly_2015_2100.nc",2031-2040
watergap2-2e|ukesm1-0-ll|ssp370,watergap2-2e,ukesm1-0-ll,ssp370,2040,E,870798062.2482027,33045361871.15805,870798055.9648261,4993699337.250351,12,m3/yr,"data/water/watergap2-2e_ukesm1-0-ll_w5e5_ssp370_2015soc-from-histsoc_default_{pdomuse,pirruse}_global_monthly_2015_2100.nc",2031-2040
watergap2-2e|ukesm1-0-ll|ssp370,watergap2-2e,ukesm1-0-ll,ssp370,2040,F,1712580899.869427,55742314101.16698,1712580885.1441474,10313074326.539246,12,m3/yr,"data/water/watergap2-2e_ukesm1-0-ll_w5e5_ssp370_2015soc-from-histsoc_default_{pdomuse,pirruse}_global_monthly_2015_2100.nc",2031-2040
watergap2-2e|ukesm1-0-ll|ssp370,watergap2-2e,ukesm1-0-ll,ssp370,2040,G,743410112.122797,11229349074.163225,743410107.7618544,6118100368.520453,11,m3/yr,"data/water/watergap2-2e_ukesm1-0-ll_w5e5_ssp370_2015soc-from-histsoc_default_{pdomuse,pirruse}_global_monthly_2015_2100.nc",2031-2040
watergap2-2e|ukesm1-0-ll|ssp370,watergap2-2e,ukesm1-0-ll,ssp370,2040,H,632698159.7682236,14989814185.303852,632698158.3959944,6616632312.418913,12,m3/yr,"data/water/watergap2-2e_ukesm1-0-ll_w5e5_ssp370_2015soc-from-histsoc_default_{pdomuse,pirruse}_global_monthly_2015_2100.nc",2031-2040
watergap2-2e|ukesm1-0-ll|ssp370,watergap2-2e,ukesm1-0-ll,ssp370,2040,J,67175922.12856972,3179970553.8544784,67175921.43357402,2830249681.9357405,12,m3/yr,"data/water/watergap2-2e_ukesm1-0-ll_w5e5_ssp370_2015soc-from-histsoc_default_{pdomuse,pirruse}_global_monthly_2015_2100.nc",2031-2040
watergap2-2e|ukesm1-0-ll|ssp370,watergap2-2e,ukesm1-0-ll,ssp370,2040,K,92678438.86323176,44707718673.35539,92678437.79699871,5853053.140261343,12,m3/yr,"data/water/watergap2-2e_ukesm1-0-ll_w5e5_ssp370_2015soc-from-histsoc_default_{pdomuse,pirruse}_global_monthly_2015_2100.nc",2031-2040
watergap2-2e|ukesm1-0-ll|ssp370,watergap2-2e,ukesm1-0-ll,ssp370,2050,A,415083159.65800375,20966218287.416405,415083155.8262127,0.0,12,m3/yr,"data/water/watergap2-2e_ukesm1-0-ll_w5e5_ssp370_2015soc-from-histsoc_default_{pdomuse,pirruse}_global_monthly_2015_2100.nc",2041-2050
watergap2-2e|ukesm1-0-ll|ssp370,watergap2-2e,ukesm1-0-ll,ssp370,2050,C,587115212.1686623,26173879462.095913,587115207.6693705,708514721.0725279,12,m3/yr,"data/water/watergap2-2e_ukesm1-0-ll_w5e5_ssp370_2015soc-from-histsoc_default_{pdomuse,pirruse}_global_monthly_2015_2100.nc",2041-2050
watergap2-2e|ukesm1-0-ll|ssp370,watergap2-2e,ukesm1-0-ll,ssp370,2050,D,420102387.1727335,21288910388.918343,420102382.65980184,699941538.340885,1,m3/yr,"data/water/watergap2-2e_ukesm1-0-ll_w5e5_ssp370_2015soc-from-histsoc_default_{pdomuse,pirruse}_global_monthly_2015_2100.nc",2041-2050
watergap2-2e|ukesm1-0-ll|ssp370,watergap2-2e,ukesm1-0-ll,ssp370,2050,E,870798062.2482027,33109890764.17522,870798055.9648261,4645348220.519709,12,m3/yr,"data/water/watergap2-2e_ukesm1-0-ll_w5e5_ssp370_2015soc-from-histsoc_default_{pdomuse,pirruse}_global_monthly_2015_2100.nc",2041-2050
watergap2-2e|ukesm1-0-ll|ssp370,watergap2-2e,ukesm1-0-ll,ssp370,2050,F,1712580899.869427,51704221898.378685,1712580885.1441474,7949742526.682477,12,m3/yr,"data/water/watergap2-2e_ukesm1-0-ll_w5e5_ssp370_2015soc-from-histsoc_default_{pdomuse,pirruse}_global_monthly_2015_2100.nc",2041-2050
watergap2-2e|ukesm1-0-ll|ssp370,watergap2-2e,ukesm1-0-ll,ssp370,2050,G,743410112.122797,11060032348.24586,743410107.7618544,5801454879.562337,11,m3/yr,"data/water/watergap2-2e_ukesm1-0-ll_w5e5_ssp370_2015soc-from-histsoc_default_{pdomuse,pirruse}_global_monthly_2015_2100.nc",2041-2050
watergap2-2e|ukesm1-0-ll|ssp370,watergap2-2e,ukesm1-0-ll,ssp370,2050,H,632698159.7682236,14262138310.7724,632698158.3959944,5687551503.342713,12,m3/yr,"data/water/watergap2-2e_ukesm1-0-ll_w5e5_ssp370_2015soc-from-histsoc_default_{pdomuse,pirruse}_global_monthly_2015_2100.nc",2041-2050
watergap2-2e|ukesm1-0-ll|ssp370,watergap2-2e,ukesm1-0-ll,ssp370,2050,J,67175922.12856972,3437608828.7873316,67175921.43357402,3086360654.745319,12,m3/yr,"data/water/watergap2-2e_ukesm1-0-ll_w5e5_ssp370_2015soc-from-histsoc_default_{pdomuse,pirruse}_global_monthly_2015_2100.nc",2041-2050
watergap2-2e|ukesm1-0-ll|ssp370,watergap2-2e,ukesm1-0-ll,ssp370,2050,K,92678438.86323176,45371220449.31113,92678437.79699871,9898378.192755118,12,m3/yr,"data/water/watergap2-2e_ukesm1-0-ll_w5e5_ssp370_2015soc-from-histsoc_default_{pdomuse,pirruse}_global_monthly_2015_2100.nc",2041-2050
watergap2-2e|ukesm1-0-ll|ssp370,watergap2-2e,ukesm1-0-ll,ssp370,2060,A,415083159.65800375,21182647801.408882,415083155.8262127,0.0,12,m3/yr,"data/water/watergap2-2e_ukesm1-0-ll_w5e5_ssp370_2015soc-from-histsoc_default_{pdomuse,pirruse}_global_monthly_2015_2100.nc",2051-2060
watergap2-2e|ukesm1-0-ll|ssp370,watergap2-2e,ukesm1-0-ll,ssp370,2060,C,587115212.1686623,23887589237.677628,587115207.6693705,475863126.45213145,12,m3/yr,"data/water/watergap2-2e_ukesm1-0-ll_w5e5_ssp370_2015soc-from-histsoc_default_{pdomuse,pirruse}_global_monthly_2015_2100.nc",2051-2060
watergap2-2e|ukesm1-0-ll|ssp370,watergap2-2e,ukesm1-0-ll,ssp370,2060,D,420102387.1727335,22513100596.101295,420102382.65980184,1395473466.0053356,1,m3/yr,"data/water/watergap2-2e_ukesm1-0-ll_w5e5_ssp370_2015soc-from-histsoc_default_{pdomuse,pirruse}_global_monthly_2015_2100.nc",2051-2060
watergap2-2e|ukesm1-0-ll|ssp370,watergap2-2e,ukesm1-0-ll,ssp370,2060,E,870798062.2482027,33374663910.49245,870798055.9648261,4169194954.033087,12,m3/yr,"data/water/watergap2-2e_ukesm1-0-ll_w5e5_ssp370_2015soc-from-histsoc_default_{pdomuse,pirruse}_global_monthly_2015_2100.nc",2051-2060
watergap2-2e|ukesm1-0-ll|ssp370,watergap2-2e,ukesm1-0-ll,ssp370,2060,F,1712580899.869427,51164022908.302795,1712580889.6587806,21115918370.342308,11,m3/yr,"data/water/watergap2-2e_ukesm1-0-ll_w5e5_ssp370_2015soc-from-histsoc_default_{pdomuse,pirruse}_global_monthly_2015_2100.nc",2051-2060
watergap2-2e|ukesm1-0-ll|ssp370,watergap2-2e,ukesm1-0-ll,ssp370,2060,G,743410112.122797,11117522354.333261,743410107.7618544,7499323519.112559,11,m3/yr,"data/water/watergap2-2e_ukesm1-0-ll_w5e5_ssp370_2015soc-from-histsoc_default_{pdomuse,pirruse}_global_monthly_2015_2100.nc",2051-2060
watergap2-2e|ukesm1-0-ll|ssp370,watergap2-2e,ukesm1-0-ll,ssp370,2060,H,632698159.7682236,15451440955.073956,632698158.3959944,7609904415.945494,12,m3/yr,"data/water/watergap2-2e_ukesm1-0-ll_w5e5_ssp370_2015soc-from-histsoc_default_{pdomuse,pirruse}_global_monthly_2015_2100.nc",2051-2060
watergap2-2e|ukesm1-0-ll|ssp370,watergap2-2e,ukesm1-0-ll,ssp370,2060,J,67175922.12856972,3697242129.702226,67175921.43357402,3499505824.019483,12,m3/yr,"data/water/watergap2-2e_ukesm1-0-ll_w5e5_ssp370_2015soc-from-histsoc_default_{pdomuse,pirruse}_global_monthly_2015_2100.nc",2051-2060
watergap2-2e|ukesm1-0-ll|ssp370,watergap2-2e,ukesm1-0-ll,ssp370,2060,K,92678438.86323176,45262392661.16509,92678437.79699871,11916838.275179563,12,m3/yr,"data/water/watergap2-2e_ukesm1-0-ll_w5e5_ssp370_2015soc-from-histsoc_default_{pdomuse,pirruse}_global_monthly_2015_2100.nc",2051-2060
