year,plant_id,province_name,pathway,share,annual_generation_mwh,baseline_emissions_mt,abatement_mt,captured_mt,enabled
2030,P0001,Fujian,unabated,1.0,62847212.0,51.534713839999995,0.0,0.0,True
2030,P0001,Fujian,retire,0.0,0.0,0.0,0.0,0.0,True
2030,P0001,Fujian,ccs,0.0,0.0,0.0,0.0,0.0,True
2030,P0001,Fujian,biomass,0.0,0.0,0.0,0.0,0.0,True
2030,P0001,Fujian,beccs,0.0,0.0,0.0,0.0,0.0,True
2030,P0001,Fujian,ammonia,0.0,0.0,0.0,0.0,0.0,True
2030,P0002,Shanxi,unabated,1.0,64951884.99999999,53.26054569999999,0.0,0.0,True
2030,P0002,Shanxi,retire,0.0,0.0,0.0,0.0,0.0,True
2030,P0002,Shanxi,ccs,0.0,0.0,0.0,0.0,0.0,True
2030,P0002,Shanxi,biomass,0.0,0.0,0.0,0.0,0.0,True
2030,P0002,Shanxi,beccs,0.0,0.0,0.0,0.0,0.0,True
2030,P0002,Shanxi,ammonia,0.0,0.0,0.0,0.0,0.0,True
2030,P0003,Chongqing,unabated,1.0,32432763.0,26.59486566,0.0,0.0,True
2030,P0003,Chongqing,retire,0.0,0.0,0.0,0.0,0.0,True
2030,P0003,Chongqing,ccs,0.0,0.0,0.0,0.0,0.0,True
2030,P0003,Chongqing,biomass,0.0,0.0,0.0,0.0,0.0,True
2030,P0003,Chongqing,beccs,0.0,0.0,0.0,0.0,0.0,True
2030,P0003,Chongqing,ammonia,0.0,0.0,0.0,0.0,0.0,True
2030,P0004,Inner Mongolia,unabated,1.0,10868040.0,8.911792799999999,0.0,0.0,True
2030,P0004,Inner Mongolia,retire,0.0,0.0,0.0,0.0,0.0,True
2030,P0004,Inner Mongolia,ccs,0.0,0.0,0.0,0.0,0.0,True
2030,P0004,Inner Mongolia,biomass,0.0,0.0,0.0,0.0,0.0,True
2030,P0004,Inner Mongolia,beccs,0.0,0.0,0.0,0.0,0.0,True
2030,P0004,Inner Mongolia,ammonia,0.0,0.0,0.0,0.0,0.0,True
2030,P0005,Sichuan,unabated,1.0,18811445.999999996,15.425385719999998,0.0,0.0,True
2030,P0005,Sichuan,retire,0.0,0.0,0.0,0.0,0.0,True
2030,P0005,Sichuan,ccs,0.0,0.0,0.0,0.0,0.0,True
2030,P0005,Sichuan,biomass,0.0,0.0,0.0,0.0,0.0,True
2030,P0005,Sichuan,beccs,0.0,0.0,0.0,0.0,0.0,True
2030,P0005,Sichuan,ammonia,0.0,0.0,0.0,0.0,0.0,True
2030,P0006,Hebei,unabated,1.0,22899214.0,18.77735548,0.0,0.0,True
2030,P0006,Hebei,retire,0.0,0.0,0.0,0.0,0.0,True
2030,P0006,Hebei,ccs,0.0,0.0,0.0,0.0,0.0,True
2030,P0006,Hebei,biomass,0.0,0.0,0.0,0.0,0.0,True
2030,P0006,Hebei,beccs,0.0,0.0,0.0,0.0,0.0,True
2030,P0006,Hebei,ammonia,0.0,0.0,0.0,0.0,0.0,True
2030,P0007,Hebei,unabated,1.0,38741549.6,31.768070671999997,0.0,0.0,True
2030,P0007,Hebei,retire,0.0,0.0,0.0,0.0,0.0,True
2030,P0007,Hebei,ccs,0.0,0.0,0.0,0.0,0.0,True
2030,P0007,Hebei,biomass,0.0,0.0,0.0,0.0,0.0,True
2030,P0007,Hebei,beccs,0.0,0.0,0.0,0.0,0.0,True
2030,P0007,Hebei,ammonia,0.0,0.0,0.0,0.0,0.0,True
2030,P0008,Shandong,unabated,1.0,11931969.600000001,9.784215072,0.0,0.0,True
2030,P0008,Shandong,retire,0.0,0.0,0.0,0.0,0.0,True
2030,P0008,Shandong,ccs,0.0,0.0,0.0,0.0,0.0,True
2030,P0008,Shandong,biomass,0.0,0.0,0.0,0.0,0.0,True
2030,P0008,Shandong,beccs,0.0,0.0,0.0,0.0,0.0,True
2030,P0008,Shandong,ammonia,0.0,0.0,0.0,0.0,0.0,True
2030,P0009,Inner Mongolia,unabated,1.0,107372210.0,88.0452122,0.0,0.0,True
2030,P0009,Inner Mongolia,retire,0.0,0.0,0.0,0.0,0.0,True
2030,P0009,Inner Mongolia,ccs,0.0,0.0,0.0,0.0,0.0,True
2030,P0009,Inner Mongolia,biomass,0.0,0.0,0.0,0.0,0.0,True
2030,P0009,Inner Mongolia,beccs,0.0,0.0,0.0,0.0,0.0,True
2030,P0009,Inner Mongolia,ammonia,0.0,0.0,0.0,0.0,0.0,True
2030,P0010,Yunnan,unabated,1.0,16673783.999999998,13.672502879999998,0.0,0.0,True
2030,P0010,Yunnan,retire,0.0,0.0,0.0,0.0,0.0,True
2030,P0010,Yunnan,ccs,0.0,0.0,0.0,0.0,0.0,True
2030,P0010,Yunnan,biomass,0.0,0.0,0.0,0.0,0.0,True
2030,P0010,Yunnan,beccs,0.0,0.0,0.0,0.0,0.0,True
2030,P0010,Yunnan,ammonia,0.0,0.0,0.0,0.0,0.0,True
2030,P0011,Guangdong,unabated,1.0,41214401.0,33.79580882,0.0,0.0,True
2030,P0011,Guangdong,retire,0.0,0.0,0.0,0.0,0.0,True
2030,P0011,Guangdong,ccs,0.0,0.0,0.0,0.0,0.0,True
2030,P0011,Guangdong,biomass,0.0,0.0,0.0,0.0,0.0,True
2030,P0011,Guangdong,beccs,0.0,0.0,0.0,0.0,0.0,True
2030,P0011,Guangdong,ammonia,0.0,0.0,0.0,0.0,0.0,True
2030,P0012,Liaoning,unabated,1.0,17363920.0,14.238414399999998,0.0,0.0,True
2030,P0012,Liaoning,retire,0.0,0.0,0.0,0.0,0.0,True
2030,P0012,Liaoning,ccs,0.0,0.0,0.0,0.0,0.0,True
2030,P0012,Liaoning,biomass,0.0,0.0,0.0,0.0,0.0,True
2030,P0012,Liaoning,beccs,0.0,0.0,0.0,0.0,0.0,True
2030,P0012,Liaoning,ammonia,0.0,0.0,0.0,0.0,0.0,True
2030,P0013,Shanxi,unabated,1.0,81340315.0,66.69905829999999,0.0,0.0,True
2030,P0013,Shanxi,retire,0.0,0.0,0.0,0.0,0.0,True
2030,P0013,Shanxi,ccs,0.0,0.0,0.0,0.0,0.0,True
2030,P0013,Shanxi,biomass,0.0,0.0,0.0,0.0,0.0,True
2030,P0013,Shanxi,beccs,0.0,0.0,0.0,0.0,0.0,True
2030,P0013,Shanxi,ammonia,0.0,0.0,0.0,0.0,0.0,True
2030,P0014,Guangdong,unabated,1.0,11885982.0,9.74650524,0.0,0.0,True
2030,P0014,Guangdong,retire,0.0,0.0,0.0,0.0,0.0,True
2030,P0014,Guangdong,ccs,0.0,0.0,0.0,0.0,0.0,True
2030,P0014,Guangdong,biomass,0.0,0.0,0.0,0.0,0.0,True
2030,P0014,Guangdong,beccs,0.0,0.0,0.0,0.0,0.0,True
2030,P0014,Guangdong,ammonia,0.0,0.0,0.0,0.0,0.0,True
2030,P0015,Hunan,unabated,1.0,9884457.0,8.10525474,0.0,0.0,True
2030,P0015,Hunan,retire,0.0,0.0,0.0,0.0,0.0,True
2030,P0015,Hunan,ccs,0.0,0.0,0.0,0.0,0.0,True
2030,P0015,Hunan,biomass,0.0,0.0,0.0,0.0,0.0,True
2030,P0015,Hunan,beccs,0.0,0.0,0.0,0.0,0.0,True
2030,P0015,Hunan,ammonia,0.0,0.0,0.0,0.0,0.0,True
2030,P0016,Hubei,unabated,1.0,31796607.999999996,26.073218559999994,0.0,0.0,True
2030,P0016,Hubei,retire,0.0,0.0,0.0,0.0,0.0,True
2030,P0016,Hubei,ccs,0.0,0.0,0.0,0.0,0.0,True
2030,P0016,Hubei,biomass,0.0,0.0,0.0,0.0,0.0,True
2030,P0016,Hubei,beccs,0.0,0.0,0.0,0.0,0.0,True
2030,P0016,Hubei,ammonia,0.0,0.0,0.0,0.0,0.0,True
2030,P0017,Jiangsu,unabated,1.0,46744460.0,38.3304572,0.0,0.0,True
2030,P0017,Jiangsu,retire,0.0,0.0,0.0,0.0,0.0,True
2030,P0017,Jiangsu,ccs,0.0,0.0,0.0,0.0,0.0,True
2030,P0017,Jiangsu,biomass,0.0,0.0,0.0,0.0,0.0,True
2030,P0017,Jiangsu,beccs,0.0,0.0,0.0,0.0,0.0,True
2030,P0017,Jiangsu,ammonia,0.0,0.0,0.0,0.0,0.0,True
2030,P0018,Jilin,unabated,1.0,3838684.0,3.14772088,0.0,0.0,True
2030,P0018,Jilin,retire,0.0,0.0,0.0,0.0,0.0,True
2030,P0018,Jilin,ccs,0.0,0.0,0.0,0.0,0.0,True
2030,P0018,Jilin,biomass,0.0,0.0,0.0,0.0,0.0,True
2030,P0018,Jilin,beccs,0.0,0.0,0.0,0.0,0.0,True
2030,P0018,Jilin,ammonia,0.0,0.0,0.0,0.0,0.0,True
2030,P0019,Hunan,unabated,1.0,15119703.0,12.39815646,0.0,0.0,True
2030,P0019,Hunan,retire,0.0,0.0,0.0,0.0,0.0,True
2030,P0019,Hunan,ccs,0.0,0.0,0.0,0.0,0.0,True
2030,P0019,Hunan,biomass,0.0,0.0,0.0,0.0,0.0,True
2030,P0019,Hunan,beccs,0.0,0.0,0.0,0.0,0.0,True
2030,P0019,Hunan,ammonia,0.0,0.0,0.0,0.0,0.0,True
2030,P0020,Zhejiang,unabated,1.0,67514054.1,55.36152436199999,0.0,0.0,True
2030,P0020,Zhejiang,retire,0.0,0.0,0.0,0.0,0.0,True
2030,P0020,Zhejiang,ccs,0.0,0.0,0.0,0.0,0.0,True
2030,P0020,Zhejiang,biomass,0.0,0.0,0.0,0.0,0.0,True
2030,P0020,Zhejiang,beccs,0.0,0.0,0.0,0.0,0.0,True
2030,P0020,Zhejiang,ammonia,0.0,0.0,0.0,0.0,0.0,True
2030,P0021,Shandong,unabated,1.0,45246412.50000001,37.102058250000006,0.0,0.0,True
2030,P0021,Shandong,retire,0.0,0.0,0.0,0.0,0.0,True
2030,P0021,Shandong,ccs,0.0,0.0,0.0,0.0,0.0,True
2030,P0021,Shandong,biomass,0.0,0.0,0.0,0.0,0.0,True
2030,P0021,Shandong,beccs,0.0,0.0,0.0,0.0,0.0,True
2030,P0021,Shandong,ammonia,0.0,0.0,0.0,0.0,0.0,True
2030,P0022,Shandong,unabated,1.0,15896209.500000002,13.034891790000001,0.0,0.0,True
2030,P0022,Shandong,retire,0.0,0.0,0.0,0.0,0.0,True
2030,P0022,Shandong,ccs,0.0,0.0,0.0,0.0,0.0,True
2030,P0022,Shandong,biomass,0.0,0.0,0.0,0.0,0.0,True
2030,P0022,Shandong,beccs,0.0,0.0,0.0,0.0,0.0,True
2030,P0022,Shandong,ammonia,0.0,0.0,0.0,0.0,0.0,True
2030,P0023,Henan,unabated,1.0,20013776.0,16.411296319999998,0.0,0.0,True
2030,P0023,Henan,retire,0.0,0.0,0.0,0.0,0.0,True
2030,P0023,Henan,ccs,0.0,0.0,0.0,0.0,0.0,True
2030,P0023,Henan,biomass,0.0,0.0,0.0,0.0,0.0,True
2030,P0023,Henan,beccs,0.0,0.0,0.0,0.0,0.0,True
2030,P0023,Henan,ammonia,0.0,0.0,0.0,0.0,0.0,True
2030,P0024,Chongqing,unabated,1.0,5892071.800000001,4.831498876,0.0,0.0,True
2030,P0024,Chongqing,retire,0.0,0.0,0.0,0.0,0.0,True
2030,P0024,Chongqing,ccs,0.0,0.0,0.0,0.0,0.0,True
2030,P0024,Chongqing,biomass,0.0,0.0,0.0,0.0,0.0,True
2030,P0024,Chongqing,beccs,0.0,0.0,0.0,0.0,0.0,True
2030,P0024,Chongqing,ammonia,0.0,0.0,0.0,0.0,0.0,True
2030,P0025,Jilin,unabated,1.0,15572020.000000002,12.7690564,0.0,0.0,True
2030,P0025,Jilin,retire,0.0,0.0,0.0,0.0,0.0,True
2030,P0025,Jilin,ccs,0.0,0.0,0.0,0.0,0.0,True
2030,P0025,Jilin,biomass,0.0,0.0,0.0,0.0,0.0,True
2030,P0025,Jilin,beccs,0.0,0.0,0.0,0.0,0.0,True
2030,P0025,Jilin,ammonia,0.0,0.0,0.0,0.0,0.0,True
2030,P0026,Hainan,unabated,1.0,10564890.0,8.663209799999999,0.0,0.0,True
2030,P0026,Hainan,retire,0.0,0.0,0.0,0.0,0.0,True
2030,P0026,Hainan,ccs,0.0,0.0,0.0,0.0,0.0,True
2030,P0026,Hainan,biomass,0.0,0.0,0.0,0.0,0.0,True
2030,P0026,Hainan,beccs,0.0,0.0,0.0,0.0,0.0,True
2030,P0026,Hainan,ammonia,0.0,0.0,0.0,0.0,0.0,True
2030,P0027,Shandong,unabated,1.0,58286101.50000001,47.79460323000001,0.0,0.0,True
2030,P0027,Shandong,retire,0.0,0.0,0.0,0.0,0.0,True
2030,P0027,Shandong,ccs,0.0,0.0,0.0,0.0,0.0,True
2030,P0027,Shandong,biomass,0.0,0.0,0.0,0.0,0.0,True
2030,P0027,Shandong,beccs,0.0,0.0,0.0,0.0,0.0,True
2030,P0027,Shandong,ammonia,0.0,0.0,0.0,0.0,0.0,True
2030,P0028,Hunan,unabated,1.0,22425606.0,18.388996919999997,0.0,0.0,True
2030,P0028,Hunan,retire,0.0,0.0,0.0,0.0,0.0,True
2030,P0028,Hunan,ccs,0.0,0.0,0.0,0.0,0.0,True
2030,P0028,Hunan,biomass,0.0,0.0,0.0,0.0,0.0,True
2030,P0028,Hunan,beccs,0.0,0.0,0.0,0.0,0.0,True
2030,P0028,Hunan,ammonia,0.0,0.0,0.0,0.0,0.0,True
2030,P0029,Jilin,unabated,1.0,434568.0,0.35634575999999996,0.0,0.0,True
2030,P0029,Jilin,retire,0.0,0.0,0.0,0.0,0.0,True
2030,P0029,Jilin,ccs,0.0,0.0,0.0,0.0,0.0,True
2030,P0029,Jilin,biomass,0.0,0.0,0.0,0.0,0.0,True
2030,P0029,Jilin,beccs,0.0,0.0,0.0,0.0,0.0,True
2030,P0029,Jilin,ammonia,0.0,0.0,0.0,0.0,0.0,True
2030,P0030,Jilin,unabated,1.0,16227493.4,13.306544588,0.0,0.0,True
2030,P0030,Jilin,retire,0.0,0.0,0.0,0.0,0.0,True
2030,P0030,Jilin,ccs,0.0,0.0,0.0,0.0,0.0,True
2030,P0030,Jilin,biomass,0.0,0.0,0.0,0.0,0.0,True
2030,P0030,Jilin,beccs,0.0,0.0,0.0,0.0,0.0,True
2030,P0030,Jilin,ammonia,0.0,0.0,0.0,0.0,0.0,True
2030,P0031,Shanxi,unabated,1.0,22684550.0,18.601331,0.0,0.0,True
2030,P0031,Shanxi,retire,0.0,0.0,0.0,0.0,0.0,True
2030,P0031,Shanxi,ccs,0.0,0.0,0.0,0.0,0.0,True
2030,P0031,Shanxi,biomass,0.0,0.0,0.0,0.0,0.0,True
2030,P0031,Shanxi,beccs,0.0,0.0,0.0,0.0,0.0,True
2030,P0031,Shanxi,ammonia,0.0,0.0,0.0,0.0,0.0,True
2030,P0032,Henan,unabated,1.0,8531052.0,6.9954626399999995,0.0,0.0,True
2030,P0032,Henan,retire,0.0,0.0,0.0,0.0,0.0,True
2030,P0032,Henan,ccs,0.0,0.0,0.0,0.0,0.0,True
2030,P0032,Henan,biomass,0.0,0.0,0.0,0.0,0.0,True
2030,P0032,Henan,beccs,0.0,0.0,0.0,0.0,0.0,True
2030,P0032,Henan,ammonia,0.0,0.0,0.0,0.0,0.0,True
2030,P0033,Henan,unabated,1.0,22569492.0,18.50698344,0.0,0.0,True
2030,P0033,Henan,retire,0.0,0.0,0.0,0.0,0.0,True
2030,P0033,Henan,ccs,0.0,0.0,0.0,0.0,0.0,True
2030,P0033,Henan,biomass,0.0,0.0,0.0,0.0,0.0,True
2030,P0033,Henan,beccs,0.0,0.0,0.0,0.0,0.0,True
2030,P0033,Henan,ammonia,0.0,0.0,0.0,0.0,0.0,True
2030,P0034,Shandong,unabated,1.0,18403842.0,15.09115044,0.0,0.0,True
2030,P0034,Shandong,retire,0.0,0.0,0.0,0.0,0.0,True
2030,P0034,Shandong,ccs,0.0,0.0,0.0,0.0,0.0,True
2030,P0034,Shandong,biomass,0.0,0.0,0.0,0.0,0.0,True
2030,P0034,Shandong,beccs,0.0,0.0,0.0,0.0,0.0,True
2030,P0034,Shandong,ammonia,0.0,0.0,0.0,0.0,0.0,True
2030,P0035,Anhui,unabated,1.0,46348752.00000001,38.00597664,0.0,0.0,True
2030,P0035,Anhui,retire,0.0,0.0,0.0,0.0,0.0,True
2030,P0035,Anhui,ccs,0.0,0.0,0.0,0.0,0.0,True
2030,P0035,Anhui,biomass,0.0,0.0,0.0,0.0,0.0,True
2030,P0035,Anhui,beccs,0.0,0.0,0.0,0.0,0.0,True
2030,P0035,Anhui,ammonia,0.0,0.0,0.0,0.0,0.0,True
2030,P0036,Jiangsu,unabated,1.0,140042791.0,114.83508862,0.0,0.0,True
2030,P0036,Jiangsu,retire,0.0,0.0,0.0,0.0,0.0,True
2030,P0036,Jiangsu,ccs,0.0,0.0,0.0,0.0,0.0,True
2030,P0036,Jiangsu,biomass,0.0,0.0,0.0,0.0,0.0,True
2030,P0036,Jiangsu,beccs,0.0,0.0,0.0,0.0,0.0,True
2030,P0036,Jiangsu,ammonia,0.0,0.0,0.0,0.0,0.0,True
2030,P0037,Inner Mongolia,unabated,1.0,41962710.0,34.409422199999995,0.0,0.0,True
2030,P0037,Inner Mongolia,retire,0.0,0.0,0.0,0.0,0.0,True
2030,P0037,Inner Mongolia,ccs,0.0,0.0,0.0,0.0,0.0,True
2030,P0037,Inner Mongolia,biomass,0.0,0.0,0.0,0.0,0.0,True
2030,P0037,Inner Mongolia,beccs,0.0,0.0,0.0,0.0,0.0,True
2030,P0037,Inner Mongolia,ammonia,0.0,0.0,0.0,0.0,0.0,True
2030,P0038,Sichuan,unabated,1.0,24582287.999999996,20.157476159999998,0.0,0.0,True
2030,P0038,Sichuan,retire,0.0,0.0,0.0,0.0,0.0,True
2030,P0038,Sichuan,ccs,0.0,0.0,0.0,0.0,0.0,True
2030,P0038,Sichuan,biomass,0.0,0.0,0.0,0.0,0.0,True
2030,P0038,Sichuan,beccs,0.0,0.0,0.0,0.0,0.0,True
2030,P0038,Sichuan,ammonia,0.0,0.0,0.0,0.0,0.0,True
2030,P0039,Heilongjiang,unabated,1.0,7478775.0,6.1325955,0.0,0.0,True
2030,P0039,Heilongjiang,retire,0.0,0.0,0.0,0.0,0.0,True
2030,P0039,Heilongjiang,ccs,0.0,0.0,0.0,0.0,0.0,True
2030,P0039,Heilongjiang,biomass,0.0,0.0,0.0,0.0,0.0,True
2030,P0039,Heilongjiang,beccs,0.0,0.0,0.0,0.0,0.0,True
2030,P0039,Heilongjiang,ammonia,0.0,0.0,0.0,0.0,0.0,True
2030,P0040,Shanxi,unabated,1.0,29397324.999999996,24.105806499999996,0.0,0.0,True
2030,P0040,Shanxi,retire,0.0,0.0,0.0,0.0,0.0,True
2030,P0040,Shanxi,ccs,0.0,0.0,0.0,0.0,0.0,True
2030,P0040,Shanxi,biomass,0.0,0.0,0.0,0.0,0.0,True
2030,P0040,Shanxi,beccs,0.0,0.0,0.0,0.0,0.0,True
2030,P0040,Shanxi,ammonia,0.0,0.0,0.0,0.0,0.0,True
2030,P0041,Hebei,unabated,1.0,17330339.0,14.21087798,0.0,0.0,True
2030,P0041,Hebei,retire,0.0,0.0,0.0,0.0,0.0,True
2030,P0041,Hebei,ccs,0.0,0.0,0.0,0.0,0.0,True
2030,P0041,Hebei,biomass,0.0,0.0,0.0,0.0,0.0,True
2030,P0041,Hebei,beccs,0.0,0.0,0.0,0.0,0.0,True
2030,P0041,Hebei,ammonia,0.0,0.0,0.0,0.0,0.0,True
2030,P0042,Shandong,unabated,1.0,27562152.000000004,22.60096464,0.0,0.0,True
2030,P0042,Shandong,retire,0.0,0.0,0.0,0.0,0.0,True
2030,P0042,Shandong,ccs,0.0,0.0,0.0,0.0,0.0,True
2030,P0042,Shandong,biomass,0.0,0.0,0.0,0.0,0.0,True
2030,P0042,Shandong,beccs,0.0,0.0,0.0,0.0,0.0,True
2030,P0042,Shandong,ammonia,0.0,0.0,0.0,0.0,0.0,True
2030,P0043,Anhui,unabated,1.0,71657610.0,58.759240199999994,0.0,0.0,True
2030,P0043,Anhui,retire,0.0,0.0,0.0,0.0,0.0,True
2030,P0043,Anhui,ccs,0.0,0.0,0.0,0.0,0.0,True
2030,P0043,Anhui,biomass,0.0,0.0,0.0,0.0,0.0,True
2030,P0043,Anhui,beccs,0.0,0.0,0.0,0.0,0.0,True
2030,P0043,Anhui,ammonia,0.0,0.0,0.0,0.0,0.0,True
2030,P0044,Heilongjiang,unabated,1.0,10278967.500000002,8.428753350000001,0.0,0.0,True
2030,P0044,Heilongjiang,retire,0.0,0.0,0.0,0.0,0.0,True
2030,P0044,Heilongjiang,ccs,0.0,0.0,0.0,0.0,0.0,True
2030,P0044,Heilongjiang,biomass,0.0,0.0,0.0,0.0,0.0,True
2030,P0044,Heilongjiang,beccs,0.0,0.0,0.0,0.0,0.0,True
2030,P0044,Heilongjiang,ammonia,0.0,0.0,0.0,0.0,0.0,True
2030,P0045,Henan,unabated,1.0,50070436.0,41.057757519999996,0.0,0.0,True
2030,P0045,Henan,retire,0.0,0.0,0.0,0.0,0.0,True
2030,P0045,Henan,ccs,0.0,0.0,0.0,0.0,0.0,True
2030,P0045,Henan,biomass,0.0,0.0,0.0,0.0,0.0,True
2030,P0045,Henan,beccs,0.0,0.0,0.0,0.0,0.0,True
2030,P0045,Henan,ammonia,0.0,0.0,0.0,0.0,0.0,True
2030,P0046,Zhejiang,unabated,1.0,102230348.64,83.8288858848,0.0,0.0,True
2030,P0046,Zhejiang,retire,0.0,0.0,0.0,0.0,0.0,True
2030,P0046,Zhejiang,ccs,0.0,0.0,0.0,0.0,0.0,True
2030,P0046,Zhejiang,biomass,0.0,0.0,0.0,0.0,0.0,True
2030,P0046,Zhejiang,beccs,0.0,0.0,0.0,0.0,0.0,True
2030,P0046,Zhejiang,ammonia,0.0,0.0,0.0,0.0,0.0,True
2030,P0047,Liaoning,unabated,1.0,10170295.999999998,8.339642719999999,0.0,0.0,True
2030,P0047,Liaoning,retire,0.0,0.0,0.0,0.0,0.0,True
2030,P0047,Liaoning,ccs,0.0,0.0,0.0,0.0,0.0,True
2030,P0047,Liaoning,biomass,0.0,0.0,0.0,0.0,0.0,True
2030,P0047,Liaoning,beccs,0.0,0.0,0.0,0.0,0.0,True
2030,P0047,Liaoning,ammonia,0.0,0.0,0.0,0.0,0.0,True
2030,P0048,Shanxi,unabated,1.0,6481300.0,5.314666,0.0,0.0,True
2030,P0048,Shanxi,retire,0.0,0.0,0.0,0.0,0.0,True
2030,P0048,Shanxi,ccs,0.0,0.0,0.0,0.0,0.0,True
2030,P0048,Shanxi,biomass,0.0,0.0,0.0,0.0,0.0,True
2030,P0048,Shanxi,beccs,0.0,0.0,0.0,0.0,0.0,True
2030,P0048,Shanxi,ammonia,0.0,0.0,0.0,0.0,0.0,True
2030,P0049,Xinjiang,unabated,1.0,7182431.999999999,5.889594239999999,0.0,0.0,True
2030,P0049,Xinjiang,retire,0.0,0.0,0.0,0.0,0.0,True
2030,P0049,Xinjiang,ccs,0.0,0.0,0.0,0.0,0.0,True
2030,P0049,Xinjiang,biomass,0.0,0.0,0.0,0.0,0.0,True
2030,P0049,Xinjiang,beccs,0.0,0.0,0.0,0.0,0.0,True
2030,P0049,Xinjiang,ammonia,0.0,0.0,0.0,0.0,0.0,True
2030,P0050,Henan,unabated,1.0,7055216.0,5.78527712,0.0,0.0,True
2030,P0050,Henan,retire,0.0,0.0,0.0,0.0,0.0,True
2030,P0050,Henan,ccs,0.0,0.0,0.0,0.0,0.0,True
2030,P0050,Henan,biomass,0.0,0.0,0.0,0.0,0.0,True
2030,P0050,Henan,beccs,0.0,0.0,0.0,0.0,0.0,True
2030,P0050,Henan,ammonia,0.0,0.0,0.0,0.0,0.0,True
2030,P0051,Hebei,unabated,1.0,36442718.0,29.88302876,0.0,0.0,True
2030,P0051,Hebei,retire,0.0,0.0,0.0,0.0,0.0,True
2030,P0051,Hebei,ccs,0.0,0.0,0.0,0.0,0.0,True
2030,P0051,Hebei,biomass,0.0,0.0,0.0,0.0,0.0,True
2030,P0051,Hebei,beccs,0.0,0.0,0.0,0.0,0.0,True
2030,P0051,Hebei,ammonia,0.0,0.0,0.0,0.0,0.0,True
2030,P0052,Jiangsu,unabated,1.0,137274235.0,112.5648727,0.0,0.0,True
2030,P0052,Jiangsu,retire,0.0,0.0,0.0,0.0,0.0,True
2030,P0052,Jiangsu,ccs,0.0,0.0,0.0,0.0,0.0,True
2030,P0052,Jiangsu,biomass,0.0,0.0,0.0,0.0,0.0,True
2030,P0052,Jiangsu,beccs,0.0,0.0,0.0,0.0,0.0,True
2030,P0052,Jiangsu,ammonia,0.0,0.0,0.0,0.0,0.0,True
2030,P0053,Heilongjiang,unabated,1.0,9739800.000000002,7.986636000000001,0.0,0.0,True
2030,P0053,Heilongjiang,retire,0.0,0.0,0.0,0.0,0.0,True
2030,P0053,Heilongjiang,ccs,0.0,0.0,0.0,0.0,0.0,True
2030,P0053,Heilongjiang,biomass,0.0,0.0,0.0,0.0,0.0,True
2030,P0053,Heilongjiang,beccs,0.0,0.0,0.0,0.0,0.0,True
2030,P0053,Heilongjiang,ammonia,0.0,0.0,0.0,0.0,0.0,True
2030,P0054,Hebei,unabated,1.0,19691542.0,16.14706444,0.0,0.0,True
2030,P0054,Hebei,retire,0.0,0.0,0.0,0.0,0.0,True
2030,P0054,Hebei,ccs,0.0,0.0,0.0,0.0,0.0,True
2030,P0054,Hebei,biomass,0.0,0.0,0.0,0.0,0.0,True
2030,P0054,Hebei,beccs,0.0,0.0,0.0,0.0,0.0,True
2030,P0054,Hebei,ammonia,0.0,0.0,0.0,0.0,0.0,True
2030,P0055,Shanxi,unabated,1.0,17129150.0,14.045903,0.0,0.0,True
2030,P0055,Shanxi,retire,0.0,0.0,0.0,0.0,0.0,True
2030,P0055,Shanxi,ccs,0.0,0.0,0.0,0.0,0.0,True
2030,P0055,Shanxi,biomass,0.0,0.0,0.0,0.0,0.0,True
2030,P0055,Shanxi,beccs,0.0,0.0,0.0,0.0,0.0,True
2030,P0055,Shanxi,ammonia,0.0,0.0,0.0,0.0,0.0,True
2030,P0056,Jiangxi,unabated,1.0,19160928.0,15.711960959999999,0.0,0.0,True
2030,P0056,Jiangxi,retire,0.0,0.0,0.0,0.0,0.0,True
2030,P0056,Jiangxi,ccs,0.0,0.0,0.0,0.0,0.0,True
2030,P0056,Jiangxi,biomass,0.0,0.0,0.0,0.0,0.0,True
2030,P0056,Jiangxi,beccs,0.0,0.0,0.0,0.0,0.0,True
2030,P0056,Jiangxi,ammonia,0.0,0.0,0.0,0.0,0.0,True
2030,P0057,Gansu,unabated,1.0,12233632.0,10.03157824,0.0,0.0,True
2030,P0057,Gansu,retire,0.0,0.0,0.0,0.0,0.0,True
2030,P0057,Gansu,ccs,0.0,0.0,0.0,0.0,0.0,True
2030,P0057,Gansu,biomass,0.0,0.0,0.0,0.0,0.0,True
2030,P0057,Gansu,beccs,0.0,0.0,0.0,0.0,0.0,True
2030,P0057,Gansu,ammonia,0.0,0.0,0.0,0.0,0.0,True
2030,P0058,Jiangsu,unabated,1.0,22644982.500000004,18.568885650000002,0.0,0.0,True
2030,P0058,Jiangsu,retire,0.0,0.0,0.0,0.0,0.0,True
2030,P0058,Jiangsu,ccs,0.0,0.0,0.0,0.0,0.0,True
2030,P0058,Jiangsu,biomass,0.0,0.0,0.0,0.0,0.0,True
2030,P0058,Jiangsu,beccs,0.0,0.0,0.0,0.0,0.0,True
2030,P0058,Jiangsu,ammonia,0.0,0.0,0.0,0.0,0.0,True
2030,P0059,Inner Mongolia,unabated,1.0,104755830.0,85.8997806,0.0,0.0,True
2030,P0059,Inner Mongolia,retire,0.0,0.0,0.0,0.0,0.0,True
2030,P0059,Inner Mongolia,ccs,0.0,0.0,0.0,0.0,0.0,True
2030,P0059,Inner Mongolia,biomass,0.0,0.0,0.0,0.0,0.0,True
2030,P0059,Inner Mongolia,beccs,0.0,0.0,0.0,0.0,0.0,True
2030,P0059,Inner Mongolia,ammonia,0.0,0.0,0.0,0.0,0.0,True
2030,P0060,Shandong,unabated,1.0,21639778.200000003,17.744618124000002,0.0,0.0,True
2030,P0060,Shandong,retire,0.0,0.0,0.0,0.0,0.0,True
2030,P0060,Shandong,ccs,0.0,0.0,0.0,0.0,0.0,True
2030,P0060,Shandong,biomass,0.0,0.0,0.0,0.0,0.0,True
2030,P0060,Shandong,beccs,0.0,0.0,0.0,0.0,0.0,True
2030,P0060,Shandong,ammonia,0.0,0.0,0.0,0.0,0.0,True
2030,P0061,Shandong,unabated,1.0,17095512.000000004,14.018319840000002,0.0,0.0,True
2030,P0061,Shandong,retire,0.0,0.0,0.0,0.0,0.0,True
2030,P0061,Shandong,ccs,0.0,0.0,0.0,0.0,0.0,True
2030,P0061,Shandong,biomass,0.0,0.0,0.0,0.0,0.0,True
2030,P0061,Shandong,beccs,0.0,0.0,0.0,0.0,0.0,True
2030,P0061,Shandong,ammonia,0.0,0.0,0.0,0.0,0.0,True
2030,P0062,Xinjiang,unabated,1.0,5122764.0,4.20066648,0.0,0.0,True
2030,P0062,Xinjiang,retire,0.0,0.0,0.0,0.0,0.0,True
2030,P0062,Xinjiang,ccs,0.0,0.0,0.0,0.0,0.0,True
2030,P0062,Xinjiang,biomass,0.0,0.0,0.0,0.0,0.0,True
2030,P0062,Xinjiang,beccs,0.0,0.0,0.0,0.0,0.0,True
2030,P0062,Xinjiang,ammonia,0.0,0.0,0.0,0.0,0.0,True
2030,P0063,Ningxia,unabated,1.0,8748784.0,7.17400288,0.0,0.0,True
2030,P0063,Ningxia,retire,0.0,0.0,0.0,0.0,0.0,True
2030,P0063,Ningxia,ccs,0.0,0.0,0.0,0.0,0.0,True
2030,P0063,Ningxia,biomass,0.0,0.0,0.0,0.0,0.0,True
2030,P0063,Ningxia,beccs,0.0,0.0,0.0,0.0,0.0,True
2030,P0063,Ningxia,ammonia,0.0,0.0,0.0,0.0,0.0,True
2030,P0064,Shandong,unabated,1.0,18229398.000000004,14.94810636,0.0,0.0,True
2030,P0064,Shandong,retire,0.0,0.0,0.0,0.0,0.0,True
2030,P0064,Shandong,ccs,0.0,0.0,0.0,0.0,0.0,True
2030,P0064,Shandong,biomass,0.0,0.0,0.0,0.0,0.0,True
2030,P0064,Shandong,beccs,0.0,0.0,0.0,0.0,0.0,True
2030,P0064,Shandong,ammonia,0.0,0.0,0.0,0.0,0.0,True
2030,P0065,Xinjiang,unabated,1.0,17824049.999999996,14.615720999999997,0.0,0.0,True
2030,P0065,Xinjiang,retire,0.0,0.0,0.0,0.0,0.0,True
2030,P0065,Xinjiang,ccs,0.0,0.0,0.0,0.0,0.0,True
2030,P0065,Xinjiang,biomass,0.0,0.0,0.0,0.0,0.0,True
2030,P0065,Xinjiang,beccs,0.0,0.0,0.0,0.0,0.0,True
2030,P0065,Xinjiang,ammonia,0.0,0.0,0.0,0.0,0.0,True
2030,P0066,Fujian,unabated,1.0,45243841.199999996,37.099949783999996,0.0,0.0,True
2030,P0066,Fujian,retire,0.0,0.0,0.0,0.0,0.0,True
2030,P0066,Fujian,ccs,0.0,0.0,0.0,0.0,0.0,True
2030,P0066,Fujian,biomass,0.0,0.0,0.0,0.0,0.0,True
2030,P0066,Fujian,beccs,0.0,0.0,0.0,0.0,0.0,True
2030,P0066,Fujian,ammonia,0.0,0.0,0.0,0.0,0.0,True
2030,P0067,Hebei,unabated,1.0,34215168.0,28.056437759999998,0.0,0.0,True
2030,P0067,Hebei,retire,0.0,0.0,0.0,0.0,0.0,True
2030,P0067,Hebei,ccs,0.0,0.0,0.0,0.0,0.0,True
2030,P0067,Hebei,biomass,0.0,0.0,0.0,0.0,0.0,True
2030,P0067,Hebei,beccs,0.0,0.0,0.0,0.0,0.0,True
2030,P0067,Hebei,ammonia,0.0,0.0,0.0,0.0,0.0,True
2030,P0068,Zhejiang,unabated,1.0,22390288.5,18.360036570000002,0.0,0.0,True
2030,P0068,Zhejiang,retire,0.0,0.0,0.0,0.0,0.0,True
2030,P0068,Zhejiang,ccs,0.0,0.0,0.0,0.0,0.0,True
2030,P0068,Zhejiang,biomass,0.0,0.0,0.0,0.0,0.0,True
2030,P0068,Zhejiang,beccs,0.0,0.0,0.0,0.0,0.0,True
2030,P0068,Zhejiang,ammonia,0.0,0.0,0.0,0.0,0.0,True
2030,P0069,Shaanxi,unabated,1.0,18152000.0,14.88464,0.0,0.0,True
2030,P0069,Shaanxi,retire,0.0,0.0,0.0,0.0,0.0,True
2030,P0069,Shaanxi,ccs,0.0,0.0,0.0,0.0,0.0,True
2030,P0069,Shaanxi,biomass,0.0,0.0,0.0,0.0,0.0,True
2030,P0069,Shaanxi,beccs,0.0,0.0,0.0,0.0,0.0,True
2030,P0069,Shaanxi,ammonia,0.0,0.0,0.0,0.0,0.0,True
2030,P0070,Shandong,unabated,1.0,25817712.000000004,21.170523840000005,0.0,0.0,True
2030,P0070,Shandong,retire,0.0,0.0,0.0,0.0,0.0,True
2030,P0070,Shandong,ccs,0.0,0.0,0.0,0.0,0.0,True
2030,P0070,Shandong,biomass,0.0,0.0,0.0,0.0,0.0,True
2030,P0070,Shandong,beccs,0.0,0.0,0.0,0.0,0.0,True
2030,P0070,Shandong,ammonia,0.0,0.0,0.0,0.0,0.0,True
2030,P0071,Guizhou,unabated,1.0,23735500.0,19.46311,0.0,0.0,True
2030,P0071,Guizhou,retire,0.0,0.0,0.0,0.0,0.0,True
2030,P0071,Guizhou,ccs,0.0,0.0,0.0,0.0,0.0,True
2030,P0071,Guizhou,biomass,0.0,0.0,0.0,0.0,0.0,True
2030,P0071,Guizhou,beccs,0.0,0.0,0.0,0.0,0.0,True
2030,P0071,Guizhou,ammonia,0.0,0.0,0.0,0.0,0.0,True
2030,P0072,Heilongjiang,unabated,1.0,5565600.0,4.563792,0.0,0.0,True
2030,P0072,Heilongjiang,retire,0.0,0.0,0.0,0.0,0.0,True
2030,P0072,Heilongjiang,ccs,0.0,0.0,0.0,0.0,0.0,True
2030,P0072,Heilongjiang,biomass,0.0,0.0,0.0,0.0,0.0,True
2030,P0072,Heilongjiang,beccs,0.0,0.0,0.0,0.0,0.0,True
2030,P0072,Heilongjiang,ammonia,0.0,0.0,0.0,0.0,0.0,True
2030,P0073,Liaoning,unabated,1.0,6340931.499999999,5.199563829999999,0.0,0.0,True
2030,P0073,Liaoning,retire,0.0,0.0,0.0,0.0,0.0,True
2030,P0073,Liaoning,ccs,0.0,0.0,0.0,0.0,0.0,True
2030,P0073,Liaoning,biomass,0.0,0.0,0.0,0.0,0.0,True
2030,P0073,Liaoning,beccs,0.0,0.0,0.0,0.0,0.0,True
2030,P0073,Liaoning,ammonia,0.0,0.0,0.0,0.0,0.0,True
2030,P0074,Shaanxi,unabated,1.0,36893940.0,30.253030799999998,0.0,0.0,True
2030,P0074,Shaanxi,retire,0.0,0.0,0.0,0.0,0.0,True
2030,P0074,Shaanxi,ccs,0.0,0.0,0.0,0.0,0.0,True
2030,P0074,Shaanxi,biomass,0.0,0.0,0.0,0.0,0.0,True
2030,P0074,Shaanxi,beccs,0.0,0.0,0.0,0.0,0.0,True
2030,P0074,Shaanxi,ammonia,0.0,0.0,0.0,0.0,0.0,True
2030,P0075,Henan,unabated,1.0,7127208.0,5.844310559999999,0.0,0.0,True
2030,P0075,Henan,retire,0.0,0.0,0.0,0.0,0.0,True
2030,P0075,Henan,ccs,0.0,0.0,0.0,0.0,0.0,True
2030,P0075,Henan,biomass,0.0,0.0,0.0,0.0,0.0,True
2030,P0075,Henan,beccs,0.0,0.0,0.0,0.0,0.0,True
2030,P0075,Henan,ammonia,0.0,0.0,0.0,0.0,0.0,True
2030,P0076,Guangxi,unabated,1.0,13593944.000000002,11.147034080000001,0.0,0.0,True
2030,P0076,Guangxi,retire,0.0,0.0,0.0,0.0,0.0,True
2030,P0076,Guangxi,ccs,0.0,0.0,0.0,0.0,0.0,True
2030,P0076,Guangxi,biomass,0.0,0.0,0.0,0.0,0.0,True
2030,P0076,Guangxi,beccs,0.0,0.0,0.0,0.0,0.0,True
2030,P0076,Guangxi,ammonia,0.0,0.0,0.0,0.0,0.0,True
2030,P0077,Xinjiang,unabated,1.0,41298983.99999999,33.86516688,0.0,0.0,True
2030,P0077,Xinjiang,retire,0.0,0.0,0.0,0.0,0.0,True
2030,P0077,Xinjiang,ccs,0.0,0.0,0.0,0.0,0.0,True
2030,P0077,Xinjiang,biomass,0.0,0.0,0.0,0.0,0.0,True
2030,P0077,Xinjiang,beccs,0.0,0.0,0.0,0.0,0.0,True
2030,P0077,Xinjiang,ammonia,0.0,0.0,0.0,0.0,0.0,True
2030,P0078,Heilongjiang,unabated,1.0,18122985.0,14.860847699999999,0.0,0.0,True
2030,P0078,Heilongjiang,retire,0.0,0.0,0.0,0.0,0.0,True
2030,P0078,Heilongjiang,ccs,0.0,0.0,0.0,0.0,0.0,True
2030,P0078,Heilongjiang,biomass,0.0,0.0,0.0,0.0,0.0,True
2030,P0078,Heilongjiang,beccs,0.0,0.0,0.0,0.0,0.0,True
2030,P0078,Heilongjiang,ammonia,0.0,0.0,0.0,0.0,0.0,True
2030,P0079,Guangxi,unabated,1.0,42505008.0,34.85410656,0.0,0.0,True
2030,P0079,Guangxi,retire,0.0,0.0,0.0,0.0,0.0,True
2030,P0079,Guangxi,ccs,0.0,0.0,0.0,0.0,0.0,True
2030,P0079,Guangxi,biomass,0.0,0.0,0.0,0.0,0.0,True
2030,P0079,Guangxi,beccs,0.0,0.0,0.0,0.0,0.0,True
2030,P0079,Guangxi,ammonia,0.0,0.0,0.0,0.0,0.0,True
2030,P0080,Shandong,unabated,1.0,21587445.000000004,17.701704900000003,0.0,0.0,True
2030,P0080,Shandong,retire,0.0,0.0,0.0,0.0,0.0,True
2030,P0080,Shandong,ccs,0.0,0.0,0.0,0.0,0.0,True
2030,P0080,Shandong,biomass,0.0,0.0,0.0,0.0,0.0,True
2030,P0080,Shandong,beccs,0.0,0.0,0.0,0.0,0.0,True
2030,P0080,Shandong,ammonia,0.0,0.0,0.0,0.0,0.0,True
2030,P0081,Gansu,unabated,1.0,8798160.0,7.214491199999999,0.0,0.0,True
2030,P0081,Gansu,retire,0.0,0.0,0.0,0.0,0.0,True
2030,P0081,Gansu,ccs,0.0,0.0,0.0,0.0,0.0,True
2030,P0081,Gansu,biomass,0.0,0.0,0.0,0.0,0.0,True
2030,P0081,Gansu,beccs,0.0,0.0,0.0,0.0,0.0,True
2030,P0081,Gansu,ammonia,0.0,0.0,0.0,0.0,0.0,True
2030,P0082,Liaoning,unabated,1.0,7751749.999999999,6.356434999999999,0.0,0.0,True
2030,P0082,Liaoning,retire,0.0,0.0,0.0,0.0,0.0,True
2030,P0082,Liaoning,ccs,0.0,0.0,0.0,0.0,0.0,True
2030,P0082,Liaoning,biomass,0.0,0.0,0.0,0.0,0.0,True
2030,P0082,Liaoning,beccs,0.0,0.0,0.0,0.0,0.0,True
2030,P0082,Liaoning,ammonia,0.0,0.0,0.0,0.0,0.0,True
2030,P0083,Shaanxi,unabated,1.0,58041020.0,47.5936364,0.0,0.0,True
2030,P0083,Shaanxi,retire,0.0,0.0,0.0,0.0,0.0,True
2030,P0083,Shaanxi,ccs,0.0,0.0,0.0,0.0,0.0,True
2030,P0083,Shaanxi,biomass,0.0,0.0,0.0,0.0,0.0,True
2030,P0083,Shaanxi,beccs,0.0,0.0,0.0,0.0,0.0,True
2030,P0083,Shaanxi,ammonia,0.0,0.0,0.0,0.0,0.0,True
2030,P0084,Shaanxi,unabated,1.0,12207220.0,10.009920399999999,0.0,0.0,True
2030,P0084,Shaanxi,retire,0.0,0.0,0.0,0.0,0.0,True
2030,P0084,Shaanxi,ccs,0.0,0.0,0.0,0.0,0.0,True
2030,P0084,Shaanxi,biomass,0.0,0.0,0.0,0.0,0.0,True
2030,P0084,Shaanxi,beccs,0.0,0.0,0.0,0.0,0.0,True
2030,P0084,Shaanxi,ammonia,0.0,0.0,0.0,0.0,0.0,True
2030,P0085,Jiangsu,unabated,1.0,50405775.00000001,41.3327355,0.0,0.0,True
2030,P0085,Jiangsu,retire,0.0,0.0,0.0,0.0,0.0,True
2030,P0085,Jiangsu,ccs,0.0,0.0,0.0,0.0,0.0,True
2030,P0085,Jiangsu,biomass,0.0,0.0,0.0,0.0,0.0,True
2030,P0085,Jiangsu,beccs,0.0,0.0,0.0,0.0,0.0,True
2030,P0085,Jiangsu,ammonia,0.0,0.0,0.0,0.0,0.0,True
2030,P0086,Shaanxi,unabated,1.0,42929480.0,35.2021736,0.0,0.0,True
2030,P0086,Shaanxi,retire,0.0,0.0,0.0,0.0,0.0,True
2030,P0086,Shaanxi,ccs,0.0,0.0,0.0,0.0,0.0,True
2030,P0086,Shaanxi,biomass,0.0,0.0,0.0,0.0,0.0,True
2030,P0086,Shaanxi,beccs,0.0,0.0,0.0,0.0,0.0,True
2030,P0086,Shaanxi,ammonia,0.0,0.0,0.0,0.0,0.0,True
2030,P0087,Hebei,unabated,1.0,13588055.000000002,11.142205100000002,0.0,0.0,True
2030,P0087,Hebei,retire,0.0,0.0,0.0,0.0,0.0,True
2030,P0087,Hebei,ccs,0.0,0.0,0.0,0.0,0.0,True
2030,P0087,Hebei,biomass,0.0,0.0,0.0,0.0,0.0,True
2030,P0087,Hebei,beccs,0.0,0.0,0.0,0.0,0.0,True
2030,P0087,Hebei,ammonia,0.0,0.0,0.0,0.0,0.0,True
2030,P0088,Zhejiang,unabated,1.0,15775605.0,12.935996099999999,0.0,0.0,True
2030,P0088,Zhejiang,retire,0.0,0.0,0.0,0.0,0.0,True
2030,P0088,Zhejiang,ccs,0.0,0.0,0.0,0.0,0.0,True
2030,P0088,Zhejiang,biomass,0.0,0.0,0.0,0.0,0.0,True
2030,P0088,Zhejiang,beccs,0.0,0.0,0.0,0.0,0.0,True
2030,P0088,Zhejiang,ammonia,0.0,0.0,0.0,0.0,0.0,True
2030,P0089,Ningxia,unabated,1.0,131480305.0,107.8138501,0.0,0.0,True
2030,P0089,Ningxia,retire,0.0,0.0,0.0,0.0,0.0,True
2030,P0089,Ningxia,ccs,0.0,0.0,0.0,0.0,0.0,True
2030,P0089,Ningxia,biomass,0.0,0.0,0.0,0.0,0.0,True
2030,P0089,Ningxia,beccs,0.0,0.0,0.0,0.0,0.0,True
2030,P0089,Ningxia,ammonia,0.0,0.0,0.0,0.0,0.0,True
2030,P0090,Guangdong,unabated,1.0,34962181.2,28.668988584,0.0,0.0,True
2030,P0090,Guangdong,retire,0.0,0.0,0.0,0.0,0.0,True
2030,P0090,Guangdong,ccs,0.0,0.0,0.0,0.0,0.0,True
2030,P0090,Guangdong,biomass,0.0,0.0,0.0,0.0,0.0,True
2030,P0090,Guangdong,beccs,0.0,0.0,0.0,0.0,0.0,True
2030,P0090,Guangdong,ammonia,0.0,0.0,0.0,0.0,0.0,True
2030,P0091,Guangdong,unabated,1.0,35657946.0,29.23951572,0.0,0.0,True
2030,P0091,Guangdong,retire,0.0,0.0,0.0,0.0,0.0,True
2030,P0091,Guangdong,ccs,0.0,0.0,0.0,0.0,0.0,True
2030,P0091,Guangdong,biomass,0.0,0.0,0.0,0.0,0.0,True
2030,P0091,Guangdong,beccs,0.0,0.0,0.0,0.0,0.0,True
2030,P0091,Guangdong,ammonia,0.0,0.0,0.0,0.0,0.0,True
2030,P0092,Jiangxi,unabated,1.0,36462960.0,29.899627199999998,0.0,0.0,True
2030,P0092,Jiangxi,retire,0.0,0.0,0.0,0.0,0.0,True
2030,P0092,Jiangxi,ccs,0.0,0.0,0.0,0.0,0.0,True
2030,P0092,Jiangxi,biomass,0.0,0.0,0.0,0.0,0.0,True
2030,P0092,Jiangxi,beccs,0.0,0.0,0.0,0.0,0.0,True
2030,P0092,Jiangxi,ammonia,0.0,0.0,0.0,0.0,0.0,True
2030,P0093,Hunan,unabated,1.0,18069412.5,14.81691825,0.0,0.0,True
2030,P0093,Hunan,retire,0.0,0.0,0.0,0.0,0.0,True
2030,P0093,Hunan,ccs,0.0,0.0,0.0,0.0,0.0,True
2030,P0093,Hunan,biomass,0.0,0.0,0.0,0.0,0.0,True
2030,P0093,Hunan,beccs,0.0,0.0,0.0,0.0,0.0,True
2030,P0093,Hunan,ammonia,0.0,0.0,0.0,0.0,0.0,True
2030,P0094,Fujian,unabated,1.0,6459012.0,5.29638984,0.0,0.0,True
2030,P0094,Fujian,retire,0.0,0.0,0.0,0.0,0.0,True
2030,P0094,Fujian,ccs,0.0,0.0,0.0,0.0,0.0,True
2030,P0094,Fujian,biomass,0.0,0.0,0.0,0.0,0.0,True
2030,P0094,Fujian,beccs,0.0,0.0,0.0,0.0,0.0,True
2030,P0094,Fujian,ammonia,0.0,0.0,0.0,0.0,0.0,True
2030,P0095,Anhui,unabated,1.0,16313541.000000002,13.377103620000002,0.0,0.0,True
2030,P0095,Anhui,retire,0.0,0.0,0.0,0.0,0.0,True
2030,P0095,Anhui,ccs,0.0,0.0,0.0,0.0,0.0,True
2030,P0095,Anhui,biomass,0.0,0.0,0.0,0.0,0.0,True
2030,P0095,Anhui,beccs,0.0,0.0,0.0,0.0,0.0,True
2030,P0095,Anhui,ammonia,0.0,0.0,0.0,0.0,0.0,True
2030,P0096,Guangdong,unabated,1.0,22564039.0,18.50251198,0.0,0.0,True
2030,P0096,Guangdong,retire,0.0,0.0,0.0,0.0,0.0,True
2030,P0096,Guangdong,ccs,0.0,0.0,0.0,0.0,0.0,True
2030,P0096,Guangdong,biomass,0.0,0.0,0.0,0.0,0.0,True
2030,P0096,Guangdong,beccs,0.0,0.0,0.0,0.0,0.0,True
2030,P0096,Guangdong,ammonia,0.0,0.0,0.0,0.0,0.0,True
2030,P0097,Gansu,unabated,1.0,8881952.0,7.28320064,0.0,0.0,True
2030,P0097,Gansu,retire,0.0,0.0,0.0,0.0,0.0,True
2030,P0097,Gansu,ccs,0.0,0.0,0.0,0.0,0.0,True
2030,P0097,Gansu,biomass,0.0,0.0,0.0,0.0,0.0,True
2030,P0097,Gansu,beccs,0.0,0.0,0.0,0.0,0.0,True
2030,P0097,Gansu,ammonia,0.0,0.0,0.0,0.0,0.0,True
2030,P0098,Xinjiang,unabated,1.0,128966903.99999999,105.75286127999999,0.0,0.0,True
2030,P0098,Xinjiang,retire,0.0,0.0,0.0,0.0,0.0,True
2030,P0098,Xinjiang,ccs,0.0,0.0,0.0,0.0,0.0,True
2030,P0098,Xinjiang,biomass,0.0,0.0,0.0,0.0,0.0,True
2030,P0098,Xinjiang,beccs,0.0,0.0,0.0,0.0,0.0,True
2030,P0098,Xinjiang,ammonia,0.0,0.0,0.0,0.0,0.0,True
2030,P0099,Sichuan,unabated,1.0,4996399.999999999,4.097047999999999,0.0,0.0,True
2030,P0099,Sichuan,retire,0.0,0.0,0.0,0.0,0.0,True
2030,P0099,Sichuan,ccs,0.0,0.0,0.0,0.0,0.0,True
2030,P0099,Sichuan,biomass,0.0,0.0,0.0,0.0,0.0,True
2030,P0099,Sichuan,beccs,0.0,0.0,0.0,0.0,0.0,True
2030,P0099,Sichuan,ammonia,0.0,0.0,0.0,0.0,0.0,True
2030,P0100,Jiangxi,unabated,1.0,15157152.0,12.428864639999999,0.0,0.0,True
2030,P0100,Jiangxi,retire,0.0,0.0,0.0,0.0,0.0,True
2030,P0100,Jiangxi,ccs,0.0,0.0,0.0,0.0,0.0,True
2030,P0100,Jiangxi,biomass,0.0,0.0,0.0,0.0,0.0,True
2030,P0100,Jiangxi,beccs,0.0,0.0,0.0,0.0,0.0,True
2030,P0100,Jiangxi,ammonia,0.0,0.0,0.0,0.0,0.0,True
2030,P0101,Qinghai,unabated,1.0,19952390.0,16.3609598,0.0,0.0,True
2030,P0101,Qinghai,retire,0.0,0.0,0.0,0.0,0.0,True
2030,P0101,Qinghai,ccs,0.0,0.0,0.0,0.0,0.0,True
2030,P0101,Qinghai,biomass,0.0,0.0,0.0,0.0,0.0,True
2030,P0101,Qinghai,beccs,0.0,0.0,0.0,0.0,0.0,True
2030,P0101,Qinghai,ammonia,0.0,0.0,0.0,0.0,0.0,True
2030,P0102,Hunan,unabated,1.0,9845388.0,8.07321816,0.0,0.0,True
2030,P0102,Hunan,retire,0.0,0.0,0.0,0.0,0.0,True
2030,P0102,Hunan,ccs,0.0,0.0,0.0,0.0,0.0,True
2030,P0102,Hunan,biomass,0.0,0.0,0.0,0.0,0.0,True
2030,P0102,Hunan,beccs,0.0,0.0,0.0,0.0,0.0,True
2030,P0102,Hunan,ammonia,0.0,0.0,0.0,0.0,0.0,True
2030,P0103,Inner Mongolia,unabated,1.0,19119700.0,15.678153999999997,0.0,0.0,True
2030,P0103,Inner Mongolia,retire,0.0,0.0,0.0,0.0,0.0,True
2030,P0103,Inner Mongolia,ccs,0.0,0.0,0.0,0.0,0.0,True
2030,P0103,Inner Mongolia,biomass,0.0,0.0,0.0,0.0,0.0,True
2030,P0103,Inner Mongolia,beccs,0.0,0.0,0.0,0.0,0.0,True
2030,P0103,Inner Mongolia,ammonia,0.0,0.0,0.0,0.0,0.0,True
2030,P0104,Inner Mongolia,unabated,1.0,22843010.0,18.7312682,0.0,0.0,True
2030,P0104,Inner Mongolia,retire,0.0,0.0,0.0,0.0,0.0,True
2030,P0104,Inner Mongolia,ccs,0.0,0.0,0.0,0.0,0.0,True
2030,P0104,Inner Mongolia,biomass,0.0,0.0,0.0,0.0,0.0,True
2030,P0104,Inner Mongolia,beccs,0.0,0.0,0.0,0.0,0.0,True
2030,P0104,Inner Mongolia,ammonia,0.0,0.0,0.0,0.0,0.0,True
2030,P0105,Liaoning,unabated,1.0,4030910.0,3.3053462,0.0,0.0,True
2030,P0105,Liaoning,retire,0.0,0.0,0.0,0.0,0.0,True
2030,P0105,Liaoning,ccs,0.0,0.0,0.0,0.0,0.0,True
2030,P0105,Liaoning,biomass,0.0,0.0,0.0,0.0,0.0,True
2030,P0105,Liaoning,beccs,0.0,0.0,0.0,0.0,0.0,True
2030,P0105,Liaoning,ammonia,0.0,0.0,0.0,0.0,0.0,True
2030,P0106,Hubei,unabated,1.0,39558279.99999999,32.43778959999999,0.0,0.0,True
2030,P0106,Hubei,retire,0.0,0.0,0.0,0.0,0.0,True
2030,P0106,Hubei,ccs,0.0,0.0,0.0,0.0,0.0,True
2030,P0106,Hubei,biomass,0.0,0.0,0.0,0.0,0.0,True
2030,P0106,Hubei,beccs,0.0,0.0,0.0,0.0,0.0,True
2030,P0106,Hubei,ammonia,0.0,0.0,0.0,0.0,0.0,True
2030,P0107,Liaoning,unabated,1.0,14387248.0,11.797543359999999,0.0,0.0,True
2030,P0107,Liaoning,retire,0.0,0.0,0.0,0.0,0.0,True
2030,P0107,Liaoning,ccs,0.0,0.0,0.0,0.0,0.0,True
2030,P0107,Liaoning,biomass,0.0,0.0,0.0,0.0,0.0,True
2030,P0107,Liaoning,beccs,0.0,0.0,0.0,0.0,0.0,True
2030,P0107,Liaoning,ammonia,0.0,0.0,0.0,0.0,0.0,True
2030,P0108,Guangdong,unabated,1.0,22805624.0,18.700611679999998,0.0,0.0,True
2030,P0108,Guangdong,retire,0.0,0.0,0.0,0.0,0.0,True
2030,P0108,Guangdong,ccs,0.0,0.0,0.0,0.0,0.0,True
2030,P0108,Guangdong,biomass,0.0,0.0,0.0,0.0,0.0,True
2030,P0108,Guangdong,beccs,0.0,0.0,0.0,0.0,0.0,True
2030,P0108,Guangdong,ammonia,0.0,0.0,0.0,0.0,0.0,True
2030,P0109,Shaanxi,unabated,1.0,37846920.0,31.034474399999997,0.0,0.0,True
2030,P0109,Shaanxi,retire,0.0,0.0,0.0,0.0,0.0,True
2030,P0109,Shaanxi,ccs,0.0,0.0,0.0,0.0,0.0,True
2030,P0109,Shaanxi,biomass,0.0,0.0,0.0,0.0,0.0,True
2030,P0109,Shaanxi,beccs,0.0,0.0,0.0,0.0,0.0,True
2030,P0109,Shaanxi,ammonia,0.0,0.0,0.0,0.0,0.0,True
2030,P0110,Guizhou,unabated,1.0,62946546.0,51.61616772,0.0,0.0,True
2030,P0110,Guizhou,retire,0.0,0.0,0.0,0.0,0.0,True
2030,P0110,Guizhou,ccs,0.0,0.0,0.0,0.0,0.0,True
2030,P0110,Guizhou,biomass,0.0,0.0,0.0,0.0,0.0,True
2030,P0110,Guizhou,beccs,0.0,0.0,0.0,0.0,0.0,True
2030,P0110,Guizhou,ammonia,0.0,0.0,0.0,0.0,0.0,True
2030,P0111,Guangxi,unabated,0.0,0.0,0.0,0.0,0.0,True
2030,P0111,Guangxi,retire,0.0,0.0,0.0,0.0,0.0,True
2030,P0111,Guangxi,ccs,0.0,0.0,0.0,0.0,0.0,True
2030,P0111,Guangxi,biomass,1.0,587794.48,0.48199147359999994,0.48199147359999994,0.0,True
2030,P0111,Guangxi,beccs,0.0,0.0,0.0,0.0,0.0,True
2030,P0111,Guangxi,ammonia,0.0,0.0,0.0,0.0,0.0,True
2030,P0112,Guangdong,unabated,1.0,41166084.0,33.756188879999996,0.0,0.0,True
2030,P0112,Guangdong,retire,0.0,0.0,0.0,0.0,0.0,True
2030,P0112,Guangdong,ccs,0.0,0.0,0.0,0.0,0.0,True
2030,P0112,Guangdong,biomass,0.0,0.0,0.0,0.0,0.0,True
2030,P0112,Guangdong,beccs,0.0,0.0,0.0,0.0,0.0,True
2030,P0112,Guangdong,ammonia,0.0,0.0,0.0,0.0,0.0,True
2030,P0113,Inner Mongolia,unabated,1.0,20126000.0,16.50332,0.0,0.0,True
2030,P0113,Inner Mongolia,retire,0.0,0.0,0.0,0.0,0.0,True
2030,P0113,Inner Mongolia,ccs,0.0,0.0,0.0,0.0,0.0,True
2030,P0113,Inner Mongolia,biomass,0.0,0.0,0.0,0.0,0.0,True
2030,P0113,Inner Mongolia,beccs,0.0,0.0,0.0,0.0,0.0,True
2030,P0113,Inner Mongolia,ammonia,0.0,0.0,0.0,0.0,0.0,True
2030,P0114,Guangxi,unabated,1.0,29485456.0,24.17807392,0.0,0.0,True
2030,P0114,Guangxi,retire,0.0,0.0,0.0,0.0,0.0,True
2030,P0114,Guangxi,ccs,0.0,0.0,0.0,0.0,0.0,True
2030,P0114,Guangxi,biomass,0.0,0.0,0.0,0.0,0.0,True
2030,P0114,Guangxi,beccs,0.0,0.0,0.0,0.0,0.0,True
2030,P0114,Guangxi,ammonia,0.0,0.0,0.0,0.0,0.0,True
2030,P0115,Shandong,unabated,1.0,9550809.0,7.83166338,0.0,0.0,True
2030,P0115,Shandong,retire,0.0,0.0,0.0,0.0,0.0,True
2030,P0115,Shandong,ccs,0.0,0.0,0.0,0.0,0.0,True
2030,P0115,Shandong,biomass,0.0,0.0,0.0,0.0,0.0,True
2030,P0115,Shandong,beccs,0.0,0.0,0.0,0.0,0.0,True
2030,P0115,Shandong,ammonia,0.0,0.0,0.0,0.0,0.0,True
2030,P0116,Liaoning,unabated,1.0,2542573.9999999995,2.0849106799999997,0.0,0.0,True
2030,P0116,Liaoning,retire,0.0,0.0,0.0,0.0,0.0,True
2030,P0116,Liaoning,ccs,0.0,0.0,0.0,0.0,0.0,True
2030,P0116,Liaoning,biomass,0.0,0.0,0.0,0.0,0.0,True
2030,P0116,Liaoning,beccs,0.0,0.0,0.0,0.0,0.0,True
2030,P0116,Liaoning,ammonia,0.0,0.0,0.0,0.0,0.0,True
2030,P0117,Henan,unabated,1.0,8351072.0,6.8478790400000005,0.0,0.0,True
2030,P0117,Henan,retire,0.0,0.0,0.0,0.0,0.0,True
2030,P0117,Henan,ccs,0.0,0.0,0.0,0.0,0.0,True
2030,P0117,Henan,biomass,0.0,0.0,0.0,0.0,0.0,True
2030,P0117,Henan,beccs,0.0,0.0,0.0,0.0,0.0,True
2030,P0117,Henan,ammonia,0.0,0.0,0.0,0.0,0.0,True
2030,P0118,Liaoning,unabated,1.0,16867807.999999996,13.831602559999997,0.0,0.0,True
2030,P0118,Liaoning,retire,0.0,0.0,0.0,0.0,0.0,True
2030,P0118,Liaoning,ccs,0.0,0.0,0.0,0.0,0.0,True
2030,P0118,Liaoning,biomass,0.0,0.0,0.0,0.0,0.0,True
2030,P0118,Liaoning,beccs,0.0,0.0,0.0,0.0,0.0,True
2030,P0118,Liaoning,ammonia,0.0,0.0,0.0,0.0,0.0,True
2030,P0119,Guizhou,unabated,1.0,27248354.0,22.34365028,0.0,0.0,True
2030,P0119,Guizhou,retire,0.0,0.0,0.0,0.0,0.0,True
2030,P0119,Guizhou,ccs,0.0,0.0,0.0,0.0,0.0,True
2030,P0119,Guizhou,biomass,0.0,0.0,0.0,0.0,0.0,True
2030,P0119,Guizhou,beccs,0.0,0.0,0.0,0.0,0.0,True
2030,P0119,Guizhou,ammonia,0.0,0.0,0.0,0.0,0.0,True
2030,P0120,Inner Mongolia,unabated,1.0,23648049.999999996,19.391400999999995,0.0,0.0,True
2030,P0120,Inner Mongolia,retire,0.0,0.0,0.0,0.0,0.0,True
2030,P0120,Inner Mongolia,ccs,0.0,0.0,0.0,0.0,0.0,True
2030,P0120,Inner Mongolia,biomass,0.0,0.0,0.0,0.0,0.0,True
2030,P0120,Inner Mongolia,beccs,0.0,0.0,0.0,0.0,0.0,True
2030,P0120,Inner Mongolia,ammonia,0.0,0.0,0.0,0.0,0.0,True
2030,P0121,Guangdong,unabated,1.0,32662292.0,26.783079439999998,0.0,0.0,True
2030,P0121,Guangdong,retire,0.0,0.0,0.0,0.0,0.0,True
2030,P0121,Guangdong,ccs,0.0,0.0,0.0,0.0,0.0,True
2030,P0121,Guangdong,biomass,0.0,0.0,0.0,0.0,0.0,True
2030,P0121,Guangdong,beccs,0.0,0.0,0.0,0.0,0.0,True
2030,P0121,Guangdong,ammonia,0.0,0.0,0.0,0.0,0.0,True
2030,P0122,Shaanxi,unabated,1.0,33535820.0,27.4993724,0.0,0.0,True
2030,P0122,Shaanxi,retire,0.0,0.0,0.0,0.0,0.0,True
2030,P0122,Shaanxi,ccs,0.0,0.0,0.0,0.0,0.0,True
2030,P0122,Shaanxi,biomass,0.0,0.0,0.0,0.0,0.0,True
2030,P0122,Shaanxi,beccs,0.0,0.0,0.0,0.0,0.0,True
2030,P0122,Shaanxi,ammonia,0.0,0.0,0.0,0.0,0.0,True
2030,P0123,Hebei,unabated,1.0,29973912.800000004,24.578608496000005,0.0,0.0,True
2030,P0123,Hebei,retire,0.0,0.0,0.0,0.0,0.0,True
2030,P0123,Hebei,ccs,0.0,0.0,0.0,0.0,0.0,True
2030,P0123,Hebei,biomass,0.0,0.0,0.0,0.0,0.0,True
2030,P0123,Hebei,beccs,0.0,0.0,0.0,0.0,0.0,True
2030,P0123,Hebei,ammonia,0.0,0.0,0.0,0.0,0.0,True
2030,P0124,Henan,unabated,1.0,42007332.0,34.446012239999995,0.0,0.0,True
2030,P0124,Henan,retire,0.0,0.0,0.0,0.0,0.0,True
2030,P0124,Henan,ccs,0.0,0.0,0.0,0.0,0.0,True
2030,P0124,Henan,biomass,0.0,0.0,0.0,0.0,0.0,True
2030,P0124,Henan,beccs,0.0,0.0,0.0,0.0,0.0,True
2030,P0124,Henan,ammonia,0.0,0.0,0.0,0.0,0.0,True
2030,P0125,Xinjiang,unabated,1.0,62899091.99999999,51.57725543999999,0.0,0.0,True
2030,P0125,Xinjiang,retire,0.0,0.0,0.0,0.0,0.0,True
2030,P0125,Xinjiang,ccs,0.0,0.0,0.0,0.0,0.0,True
2030,P0125,Xinjiang,biomass,0.0,0.0,0.0,0.0,0.0,True
2030,P0125,Xinjiang,beccs,0.0,0.0,0.0,0.0,0.0,True
2030,P0125,Xinjiang,ammonia,0.0,0.0,0.0,0.0,0.0,True
2030,P0126,Jiangsu,unabated,1.0,86326786.00000001,70.78796452000002,0.0,0.0,True
2030,P0126,Jiangsu,retire,0.0,0.0,0.0,0.0,0.0,True
2030,P0126,Jiangsu,ccs,0.0,0.0,0.0,0.0,0.0,True
2030,P0126,Jiangsu,biomass,0.0,0.0,0.0,0.0,0.0,True
2030,P0126,Jiangsu,beccs,0.0,0.0,0.0,0.0,0.0,True
2030,P0126,Jiangsu,ammonia,0.0,0.0,0.0,0.0,0.0,True
2030,P0127,Hebei,unabated,1.0,7796425.000000001,6.3930685,0.0,0.0,True
2030,P0127,Hebei,retire,0.0,0.0,0.0,0.0,0.0,True
2030,P0127,Hebei,ccs,0.0,0.0,0.0,0.0,0.0,True
2030,P0127,Hebei,biomass,0.0,0.0,0.0,0.0,0.0,True
2030,P0127,Hebei,beccs,0.0,0.0,0.0,0.0,0.0,True
2030,P0127,Hebei,ammonia,0.0,0.0,0.0,0.0,0.0,True
2030,P0128,Xinjiang,unabated,1.0,5122764.0,4.20066648,0.0,0.0,True
2030,P0128,Xinjiang,retire,0.0,0.0,0.0,0.0,0.0,True
2030,P0128,Xinjiang,ccs,0.0,0.0,0.0,0.0,0.0,True
2030,P0128,Xinjiang,biomass,0.0,0.0,0.0,0.0,0.0,True
2030,P0128,Xinjiang,beccs,0.0,0.0,0.0,0.0,0.0,True
2030,P0128,Xinjiang,ammonia,0.0,0.0,0.0,0.0,0.0,True
2030,P0129,Inner Mongolia,unabated,1.0,67573045.0,55.4098969,0.0,0.0,True
2030,P0129,Inner Mongolia,retire,0.0,0.0,0.0,0.0,0.0,True
2030,P0129,Inner Mongolia,ccs,0.0,0.0,0.0,0.0,0.0,True
2030,P0129,Inner Mongolia,biomass,0.0,0.0,0.0,0.0,0.0,True
2030,P0129,Inner Mongolia,beccs,0.0,0.0,0.0,0.0,0.0,True
2030,P0129,Inner Mongolia,ammonia,0.0,0.0,0.0,0.0,0.0,True
2030,P0130,Hebei,unabated,1.0,5791630.0,4.7491366,0.0,0.0,True
2030,P0130,Hebei,retire,0.0,0.0,0.0,0.0,0.0,True
2030,P0130,Hebei,ccs,0.0,0.0,0.0,0.0,0.0,True
2030,P0130,Hebei,biomass,0.0,0.0,0.0,0.0,0.0,True
2030,P0130,Hebei,beccs,0.0,0.0,0.0,0.0,0.0,True
2030,P0130,Hebei,ammonia,0.0,0.0,0.0,0.0,0.0,True
2030,P0131,Zhejiang,unabated,1.0,68084190.0,55.8290358,0.0,0.0,True
2030,P0131,Zhejiang,retire,0.0,0.0,0.0,0.0,0.0,True
2030,P0131,Zhejiang,ccs,0.0,0.0,0.0,0.0,0.0,True
2030,P0131,Zhejiang,biomass,0.0,0.0,0.0,0.0,0.0,True
2030,P0131,Zhejiang,beccs,0.0,0.0,0.0,0.0,0.0,True
2030,P0131,Zhejiang,ammonia,0.0,0.0,0.0,0.0,0.0,True
2030,P0132,Jilin,unabated,1.0,6228808.0,5.107622559999999,0.0,0.0,True
2030,P0132,Jilin,retire,0.0,0.0,0.0,0.0,0.0,True
2030,P0132,Jilin,ccs,0.0,0.0,0.0,0.0,0.0,True
2030,P0132,Jilin,biomass,0.0,0.0,0.0,0.0,0.0,True
2030,P0132,Jilin,beccs,0.0,0.0,0.0,0.0,0.0,True
2030,P0132,Jilin,ammonia,0.0,0.0,0.0,0.0,0.0,True
2030,P0133,Anhui,unabated,1.0,31000810.000000004,25.420664200000004,0.0,0.0,True
2030,P0133,Anhui,retire,0.0,0.0,0.0,0.0,0.0,True
2030,P0133,Anhui,ccs,0.0,0.0,0.0,0.0,0.0,True
2030,P0133,Anhui,biomass,0.0,0.0,0.0,0.0,0.0,True
2030,P0133,Anhui,beccs,0.0,0.0,0.0,0.0,0.0,True
2030,P0133,Anhui,ammonia,0.0,0.0,0.0,0.0,0.0,True
2030,P0134,Shanxi,unabated,1.0,14837547.5,12.166788949999999,0.0,0.0,True
2030,P0134,Shanxi,retire,0.0,0.0,0.0,0.0,0.0,True
2030,P0134,Shanxi,ccs,0.0,0.0,0.0,0.0,0.0,True
2030,P0134,Shanxi,biomass,0.0,0.0,0.0,0.0,0.0,True
2030,P0134,Shanxi,beccs,0.0,0.0,0.0,0.0,0.0,True
2030,P0134,Shanxi,ammonia,0.0,0.0,0.0,0.0,0.0,True
2030,P0135,Liaoning,unabated,1.0,5891330.0,4.8308906,0.0,0.0,True
2030,P0135,Liaoning,retire,0.0,0.0,0.0,0.0,0.0,True
2030,P0135,Liaoning,ccs,0.0,0.0,0.0,0.0,0.0,True
2030,P0135,Liaoning,biomass,0.0,0.0,0.0,0.0,0.0,True
2030,P0135,Liaoning,beccs,0.0,0.0,0.0,0.0,0.0,True
2030,P0135,Liaoning,ammonia,0.0,0.0,0.0,0.0,0.0,True
2030,P0136,Inner Mongolia,unabated,1.0,4427720.0,3.6307304,0.0,0.0,True
2030,P0136,Inner Mongolia,retire,0.0,0.0,0.0,0.0,0.0,True
2030,P0136,Inner Mongolia,ccs,0.0,0.0,0.0,0.0,0.0,True
2030,P0136,Inner Mongolia,biomass,0.0,0.0,0.0,0.0,0.0,True
2030,P0136,Inner Mongolia,beccs,0.0,0.0,0.0,0.0,0.0,True
2030,P0136,Inner Mongolia,ammonia,0.0,0.0,0.0,0.0,0.0,True
2030,P0137,Xinjiang,unabated,1.0,7393679.999999999,6.062817599999999,0.0,0.0,True
2030,P0137,Xinjiang,retire,0.0,0.0,0.0,0.0,0.0,True
2030,P0137,Xinjiang,ccs,0.0,0.0,0.0,0.0,0.0,True
2030,P0137,Xinjiang,biomass,0.0,0.0,0.0,0.0,0.0,True
2030,P0137,Xinjiang,beccs,0.0,0.0,0.0,0.0,0.0,True
2030,P0137,Xinjiang,ammonia,0.0,0.0,0.0,0.0,0.0,True
2030,P0138,Jilin,unabated,1.0,4345680.000000001,3.5634576000000004,0.0,0.0,True
2030,P0138,Jilin,retire,0.0,0.0,0.0,0.0,0.0,True
2030,P0138,Jilin,ccs,0.0,0.0,0.0,0.0,0.0,True
2030,P0138,Jilin,biomass,0.0,0.0,0.0,0.0,0.0,True
2030,P0138,Jilin,beccs,0.0,0.0,0.0,0.0,0.0,True
2030,P0138,Jilin,ammonia,0.0,0.0,0.0,0.0,0.0,True
2030,P0139,Heilongjiang,unabated,1.0,4156807.5000000005,3.4085821500000004,0.0,0.0,True
2030,P0139,Heilongjiang,retire,0.0,0.0,0.0,0.0,0.0,True
2030,P0139,Heilongjiang,ccs,0.0,0.0,0.0,0.0,0.0,True
2030,P0139,Heilongjiang,biomass,0.0,0.0,0.0,0.0,0.0,True
2030,P0139,Heilongjiang,beccs,0.0,0.0,0.0,0.0,0.0,True
2030,P0139,Heilongjiang,ammonia,0.0,0.0,0.0,0.0,0.0,True
2030,P0140,Guangdong,unabated,1.0,55467916.0,45.483691119999996,0.0,0.0,True
2030,P0140,Guangdong,retire,0.0,0.0,0.0,0.0,0.0,True
2030,P0140,Guangdong,ccs,0.0,0.0,0.0,0.0,0.0,True
2030,P0140,Guangdong,biomass,0.0,0.0,0.0,0.0,0.0,True
2030,P0140,Guangdong,beccs,0.0,0.0,0.0,0.0,0.0,True
2030,P0140,Guangdong,ammonia,0.0,0.0,0.0,0.0,0.0,True
2030,P0141,Shandong,unabated,1.0,46881825.00000001,38.44309650000001,0.0,0.0,True
2030,P0141,Shandong,retire,0.0,0.0,0.0,0.0,0.0,True
2030,P0141,Shandong,ccs,0.0,0.0,0.0,0.0,0.0,True
2030,P0141,Shandong,biomass,0.0,0.0,0.0,0.0,0.0,True
2030,P0141,Shandong,beccs,0.0,0.0,0.0,0.0,0.0,True
2030,P0141,Shandong,ammonia,0.0,0.0,0.0,0.0,0.0,True
2030,P0142,Jiangsu,unabated,1.0,33453385.000000004,27.431775700000003,0.0,0.0,True
2030,P0142,Jiangsu,retire,0.0,0.0,0.0,0.0,0.0,True
2030,P0142,Jiangsu,ccs,0.0,0.0,0.0,0.0,0.0,True
2030,P0142,Jiangsu,biomass,0.0,0.0,0.0,0.0,0.0,True
2030,P0142,Jiangsu,beccs,0.0,0.0,0.0,0.0,0.0,True
2030,P0142,Jiangsu,ammonia,0.0,0.0,0.0,0.0,0.0,True
2030,P0143,Yunnan,unabated,1.0,11205499.999999998,9.188509999999997,0.0,0.0,True
2030,P0143,Yunnan,retire,0.0,0.0,0.0,0.0,0.0,True
2030,P0143,Yunnan,ccs,0.0,0.0,0.0,0.0,0.0,True
2030,P0143,Yunnan,biomass,0.0,0.0,0.0,0.0,0.0,True
2030,P0143,Yunnan,beccs,0.0,0.0,0.0,0.0,0.0,True
2030,P0143,Yunnan,ammonia,0.0,0.0,0.0,0.0,0.0,True
2030,P0144,Shanxi,unabated,1.0,32892597.499999996,26.971929949999996,0.0,0.0,True
2030,P0144,Shanxi,retire,0.0,0.0,0.0,0.0,0.0,True
2030,P0144,Shanxi,ccs,0.0,0.0,0.0,0.0,0.0,True
2030,P0144,Shanxi,biomass,0.0,0.0,0.0,0.0,0.0,True
2030,P0144,Shanxi,beccs,0.0,0.0,0.0,0.0,0.0,True
2030,P0144,Shanxi,ammonia,0.0,0.0,0.0,0.0,0.0,True
2030,P0145,Liaoning,unabated,1.0,8185847.999999999,6.712395359999999,0.0,0.0,True
2030,P0145,Liaoning,retire,0.0,0.0,0.0,0.0,0.0,True
2030,P0145,Liaoning,ccs,0.0,0.0,0.0,0.0,0.0,True
2030,P0145,Liaoning,biomass,0.0,0.0,0.0,0.0,0.0,True
2030,P0145,Liaoning,beccs,0.0,0.0,0.0,0.0,0.0,True
2030,P0145,Liaoning,ammonia,0.0,0.0,0.0,0.0,0.0,True
2030,P0146,Shanxi,unabated,1.0,19906850.0,16.323617,0.0,0.0,True
2030,P0146,Shanxi,retire,0.0,0.0,0.0,0.0,0.0,True
2030,P0146,Shanxi,ccs,0.0,0.0,0.0,0.0,0.0,True
2030,P0146,Shanxi,biomass,0.0,0.0,0.0,0.0,0.0,True
2030,P0146,Shanxi,beccs,0.0,0.0,0.0,0.0,0.0,True
2030,P0146,Shanxi,ammonia,0.0,0.0,0.0,0.0,0.0,True
2030,P0147,Inner Mongolia,unabated,1.0,15698279.999999998,12.872589599999998,0.0,0.0,True
2030,P0147,Inner Mongolia,retire,0.0,0.0,0.0,0.0,0.0,True
2030,P0147,Inner Mongolia,ccs,0.0,0.0,0.0,0.0,0.0,True
2030,P0147,Inner Mongolia,biomass,0.0,0.0,0.0,0.0,0.0,True
2030,P0147,Inner Mongolia,beccs,0.0,0.0,0.0,0.0,0.0,True
2030,P0147,Inner Mongolia,ammonia,0.0,0.0,0.0,0.0,0.0,True
2030,P0148,Shandong,unabated,1.0,9114699.000000002,7.47405318,0.0,0.0,True
2030,P0148,Shandong,retire,0.0,0.0,0.0,0.0,0.0,True
2030,P0148,Shandong,ccs,0.0,0.0,0.0,0.0,0.0,True
2030,P0148,Shandong,biomass,0.0,0.0,0.0,0.0,0.0,True
2030,P0148,Shandong,beccs,0.0,0.0,0.0,0.0,0.0,True
2030,P0148,Shandong,ammonia,0.0,0.0,0.0,0.0,0.0,True
2030,P0149,Shaanxi,unabated,1.0,42384920.0,34.7556344,0.0,0.0,True
2030,P0149,Shaanxi,retire,0.0,0.0,0.0,0.0,0.0,True
2030,P0149,Shaanxi,ccs,0.0,0.0,0.0,0.0,0.0,True
2030,P0149,Shaanxi,biomass,0.0,0.0,0.0,0.0,0.0,True
2030,P0149,Shaanxi,beccs,0.0,0.0,0.0,0.0,0.0,True
2030,P0149,Shaanxi,ammonia,0.0,0.0,0.0,0.0,0.0,True
2030,P0150,Guizhou,unabated,1.0,664594.0,0.5449670799999999,0.0,0.0,True
2030,P0150,Guizhou,retire,0.0,0.0,0.0,0.0,0.0,True
2030,P0150,Guizhou,ccs,0.0,0.0,0.0,0.0,0.0,True
2030,P0150,Guizhou,biomass,0.0,0.0,0.0,0.0,0.0,True
2030,P0150,Guizhou,beccs,0.0,0.0,0.0,0.0,0.0,True
2030,P0150,Guizhou,ammonia,0.0,0.0,0.0,0.0,0.0,True
2030,P0151,Shandong,unabated,1.0,16899262.500000004,13.857395250000001,0.0,0.0,True
2030,P0151,Shandong,retire,0.0,0.0,0.0,0.0,0.0,True
2030,P0151,Shandong,ccs,0.0,0.0,0.0,0.0,0.0,True
2030,P0151,Shandong,biomass,0.0,0.0,0.0,0.0,0.0,True
2030,P0151,Shandong,beccs,0.0,0.0,0.0,0.0,0.0,True
2030,P0151,Shandong,ammonia,0.0,0.0,0.0,0.0,0.0,True
2030,P0152,Guangdong,unabated,1.0,6426161.0,5.269452019999999,0.0,0.0,True
2030,P0152,Guangdong,retire,0.0,0.0,0.0,0.0,0.0,True
2030,P0152,Guangdong,ccs,0.0,0.0,0.0,0.0,0.0,True
2030,P0152,Guangdong,biomass,0.0,0.0,0.0,0.0,0.0,True
2030,P0152,Guangdong,beccs,0.0,0.0,0.0,0.0,0.0,True
2030,P0152,Guangdong,ammonia,0.0,0.0,0.0,0.0,0.0,True
2030,P0153,Heilongjiang,unabated,1.0,7391812.500000001,6.06128625,0.0,0.0,True
2030,P0153,Heilongjiang,retire,0.0,0.0,0.0,0.0,0.0,True
2030,P0153,Heilongjiang,ccs,0.0,0.0,0.0,0.0,0.0,True
2030,P0153,Heilongjiang,biomass,0.0,0.0,0.0,0.0,0.0,True
2030,P0153,Heilongjiang,beccs,0.0,0.0,0.0,0.0,0.0,True
2030,P0153,Heilongjiang,ammonia,0.0,0.0,0.0,0.0,0.0,True
2030,P0154,Tianjin,unabated,1.0,26537140.0,21.760454799999998,0.0,0.0,True
2030,P0154,Tianjin,retire,0.0,0.0,0.0,0.0,0.0,True
2030,P0154,Tianjin,ccs,0.0,0.0,0.0,0.0,0.0,True
2030,P0154,Tianjin,biomass,0.0,0.0,0.0,0.0,0.0,True
2030,P0154,Tianjin,beccs,0.0,0.0,0.0,0.0,0.0,True
2030,P0154,Tianjin,ammonia,0.0,0.0,0.0,0.0,0.0,True
2030,P0155,Shanxi,unabated,1.0,14175528.999999998,11.623933779999998,0.0,0.0,True
2030,P0155,Shanxi,retire,0.0,0.0,0.0,0.0,0.0,True
2030,P0155,Shanxi,ccs,0.0,0.0,0.0,0.0,0.0,True
2030,P0155,Shanxi,biomass,0.0,0.0,0.0,0.0,0.0,True
2030,P0155,Shanxi,beccs,0.0,0.0,0.0,0.0,0.0,True
2030,P0155,Shanxi,ammonia,0.0,0.0,0.0,0.0,0.0,True
2030,P0156,Yunnan,unabated,1.0,2689319.9999999995,2.2052423999999995,0.0,0.0,True
2030,P0156,Yunnan,retire,0.0,0.0,0.0,0.0,0.0,True
2030,P0156,Yunnan,ccs,0.0,0.0,0.0,0.0,0.0,True
2030,P0156,Yunnan,biomass,0.0,0.0,0.0,0.0,0.0,True
2030,P0156,Yunnan,beccs,0.0,0.0,0.0,0.0,0.0,True
2030,P0156,Yunnan,ammonia,0.0,0.0,0.0,0.0,0.0,True
2030,P0157,Guizhou,unabated,1.0,24495036.0,20.08592952,0.0,0.0,True
2030,P0157,Guizhou,retire,0.0,0.0,0.0,0.0,0.0,True
2030,P0157,Guizhou,ccs,0.0,0.0,0.0,0.0,0.0,True
2030,P0157,Guizhou,biomass,0.0,0.0,0.0,0.0,0.0,True
2030,P0157,Guizhou,beccs,0.0,0.0,0.0,0.0,0.0,True
2030,P0157,Guizhou,ammonia,0.0,0.0,0.0,0.0,0.0,True
2030,P0158,Guangxi,unabated,0.0,0.0,0.0,0.0,0.0,True
2030,P0158,Guangxi,retire,0.0,0.0,0.0,0.0,0.0,True
2030,P0158,Guangxi,ccs,0.0,0.0,0.0,0.0,0.0,True
2030,P0158,Guangxi,biomass,1.0,7299565.0,5.9856432999999996,5.9856432999999996,0.0,True
2030,P0158,Guangxi,beccs,0.0,0.0,0.0,0.0,0.0,True
2030,P0158,Guangxi,ammonia,0.0,0.0,0.0,0.0,0.0,True
2030,P0159,Fujian,unabated,1.0,17480341.999999996,14.333880439999996,0.0,0.0,True
2030,P0159,Fujian,retire,0.0,0.0,0.0,0.0,0.0,True
2030,P0159,Fujian,ccs,0.0,0.0,0.0,0.0,0.0,True
2030,P0159,Fujian,biomass,0.0,0.0,0.0,0.0,0.0,True
2030,P0159,Fujian,beccs,0.0,0.0,0.0,0.0,0.0,True
2030,P0159,Fujian,ammonia,0.0,0.0,0.0,0.0,0.0,True
2030,P0160,Hubei,unabated,1.0,16573231.999999998,13.590050239999998,0.0,0.0,True
2030,P0160,Hubei,retire,0.0,0.0,0.0,0.0,0.0,True
2030,P0160,Hubei,ccs,0.0,0.0,0.0,0.0,0.0,True
2030,P0160,Hubei,biomass,0.0,0.0,0.0,0.0,0.0,True
2030,P0160,Hubei,beccs,0.0,0.0,0.0,0.0,0.0,True
2030,P0160,Hubei,ammonia,0.0,0.0,0.0,0.0,0.0,True
2030,P0161,Zhejiang,unabated,1.0,2629267.5,2.15599935,0.0,0.0,True
2030,P0161,Zhejiang,retire,0.0,0.0,0.0,0.0,0.0,True
2030,P0161,Zhejiang,ccs,0.0,0.0,0.0,0.0,0.0,True
2030,P0161,Zhejiang,biomass,0.0,0.0,0.0,0.0,0.0,True
2030,P0161,Zhejiang,beccs,0.0,0.0,0.0,0.0,0.0,True
2030,P0161,Zhejiang,ammonia,0.0,0.0,0.0,0.0,0.0,True
2030,P0162,Shandong,unabated,1.0,5974707.0,4.899259739999999,0.0,0.0,True
2030,P0162,Shandong,retire,0.0,0.0,0.0,0.0,0.0,True
2030,P0162,Shandong,ccs,0.0,0.0,0.0,0.0,0.0,True
2030,P0162,Shandong,biomass,0.0,0.0,0.0,0.0,0.0,True
2030,P0162,Shandong,beccs,0.0,0.0,0.0,0.0,0.0,True
2030,P0162,Shandong,ammonia,0.0,0.0,0.0,0.0,0.0,True
2030,P0163,Hebei,unabated,1.0,11583260.0,9.4982732,0.0,0.0,True
2030,P0163,Hebei,retire,0.0,0.0,0.0,0.0,0.0,True
2030,P0163,Hebei,ccs,0.0,0.0,0.0,0.0,0.0,True
2030,P0163,Hebei,biomass,0.0,0.0,0.0,0.0,0.0,True
2030,P0163,Hebei,beccs,0.0,0.0,0.0,0.0,0.0,True
2030,P0163,Hebei,ammonia,0.0,0.0,0.0,0.0,0.0,True
2030,P0164,Hunan,unabated,1.0,12502080.0,10.2517056,0.0,0.0,True
2030,P0164,Hunan,retire,0.0,0.0,0.0,0.0,0.0,True
2030,P0164,Hunan,ccs,0.0,0.0,0.0,0.0,0.0,True
2030,P0164,Hunan,biomass,0.0,0.0,0.0,0.0,0.0,True
2030,P0164,Hunan,beccs,0.0,0.0,0.0,0.0,0.0,True
2030,P0164,Hunan,ammonia,0.0,0.0,0.0,0.0,0.0,True
2030,P0165,Hebei,unabated,1.0,5346120.0,4.383818399999999,0.0,0.0,True
2030,P0165,Hebei,retire,0.0,0.0,0.0,0.0,0.0,True
2030,P0165,Hebei,ccs,0.0,0.0,0.0,0.0,0.0,True
2030,P0165,Hebei,biomass,0.0,0.0,0.0,0.0,0.0,True
2030,P0165,Hebei,beccs,0.0,0.0,0.0,0.0,0.0,True
2030,P0165,Hebei,ammonia,0.0,0.0,0.0,0.0,0.0,True
2030,P0166,Guangxi,unabated,1.0,8807344.0,7.2220220799999995,0.0,0.0,True
2030,P0166,Guangxi,retire,0.0,0.0,0.0,0.0,0.0,True
2030,P0166,Guangxi,ccs,0.0,0.0,0.0,0.0,0.0,True
2030,P0166,Guangxi,biomass,0.0,0.0,0.0,0.0,0.0,True
2030,P0166,Guangxi,beccs,0.0,0.0,0.0,0.0,0.0,True
2030,P0166,Guangxi,ammonia,0.0,0.0,0.0,0.0,0.0,True
2030,P0167,Shandong,unabated,1.0,52621032.60000001,43.14924673200001,0.0,0.0,True
2030,P0167,Shandong,retire,0.0,0.0,0.0,0.0,0.0,True
2030,P0167,Shandong,ccs,0.0,0.0,0.0,0.0,0.0,True
2030,P0167,Shandong,biomass,0.0,0.0,0.0,0.0,0.0,True
2030,P0167,Shandong,beccs,0.0,0.0,0.0,0.0,0.0,True
2030,P0167,Shandong,ammonia,0.0,0.0,0.0,0.0,0.0,True
2030,P0168,Xinjiang,unabated,1.0,8555543.999999998,7.015546079999998,0.0,0.0,True
2030,P0168,Xinjiang,retire,0.0,0.0,0.0,0.0,0.0,True
2030,P0168,Xinjiang,ccs,0.0,0.0,0.0,0.0,0.0,True
2030,P0168,Xinjiang,biomass,0.0,0.0,0.0,0.0,0.0,True
2030,P0168,Xinjiang,beccs,0.0,0.0,0.0,0.0,0.0,True
2030,P0168,Xinjiang,ammonia,0.0,0.0,0.0,0.0,0.0,True
2030,P0169,Guizhou,unabated,1.0,7120650.0,5.838933,0.0,0.0,True
2030,P0169,Guizhou,retire,0.0,0.0,0.0,0.0,0.0,True
2030,P0169,Guizhou,ccs,0.0,0.0,0.0,0.0,0.0,True
2030,P0169,Guizhou,biomass,0.0,0.0,0.0,0.0,0.0,True
2030,P0169,Guizhou,beccs,0.0,0.0,0.0,0.0,0.0,True
2030,P0169,Guizhou,ammonia,0.0,0.0,0.0,0.0,0.0,True
2030,P0170,Shandong,unabated,1.0,33013527.000000004,27.07109214,0.0,0.0,True
2030,P0170,Shandong,retire,0.0,0.0,0.0,0.0,0.0,True
2030,P0170,Shandong,ccs,0.0,0.0,0.0,0.0,0.0,True
2030,P0170,Shandong,biomass,0.0,0.0,0.0,0.0,0.0,True
2030,P0170,Shandong,beccs,0.0,0.0,0.0,0.0,0.0,True
2030,P0170,Shandong,ammonia,0.0,0.0,0.0,0.0,0.0,True
2030,P0171,Shaanxi,unabated,1.0,15202300.0,12.465886,0.0,0.0,True
2030,P0171,Shaanxi,retire,0.0,0.0,0.0,0.0,0.0,True
2030,P0171,Shaanxi,ccs,0.0,0.0,0.0,0.0,0.0,True
2030,P0171,Shaanxi,biomass,0.0,0.0,0.0,0.0,0.0,True
2030,P0171,Shaanxi,beccs,0.0,0.0,0.0,0.0,0.0,True
2030,P0171,Shaanxi,ammonia,0.0,0.0,0.0,0.0,0.0,True
2030,P0172,Sichuan,unabated,1.0,16288263.999999998,13.356376479999998,0.0,0.0,True
2030,P0172,Sichuan,retire,0.0,0.0,0.0,0.0,0.0,True
2030,P0172,Sichuan,ccs,0.0,0.0,0.0,0.0,0.0,True
2030,P0172,Sichuan,biomass,0.0,0.0,0.0,0.0,0.0,True
2030,P0172,Sichuan,beccs,0.0,0.0,0.0,0.0,0.0,True
2030,P0172,Sichuan,ammonia,0.0,0.0,0.0,0.0,0.0,True
2030,P0173,Ningxia,unabated,1.0,26644024.0,21.84809968,0.0,0.0,True
2030,P0173,Ningxia,retire,0.0,0.0,0.0,0.0,0.0,True
2030,P0173,Ningxia,ccs,0.0,0.0,0.0,0.0,0.0,True
2030,P0173,Ningxia,biomass,0.0,0.0,0.0,0.0,0.0,True
2030,P0173,Ningxia,beccs,0.0,0.0,0.0,0.0,0.0,True
2030,P0173,Ningxia,ammonia,0.0,0.0,0.0,0.0,0.0,True
2030,P0174,Shanxi,unabated,1.0,37452655.0,30.711177099999997,0.0,0.0,True
2030,P0174,Shanxi,retire,0.0,0.0,0.0,0.0,0.0,True
2030,P0174,Shanxi,ccs,0.0,0.0,0.0,0.0,0.0,True
2030,P0174,Shanxi,biomass,0.0,0.0,0.0,0.0,0.0,True
2030,P0174,Shanxi,beccs,0.0,0.0,0.0,0.0,0.0,True
2030,P0174,Shanxi,ammonia,0.0,0.0,0.0,0.0,0.0,True
2030,P0175,Guizhou,unabated,1.0,8544780.0,7.006719599999999,0.0,0.0,True
2030,P0175,Guizhou,retire,0.0,0.0,0.0,0.0,0.0,True
2030,P0175,Guizhou,ccs,0.0,0.0,0.0,0.0,0.0,True
2030,P0175,Guizhou,biomass,0.0,0.0,0.0,0.0,0.0,True
2030,P0175,Guizhou,beccs,0.0,0.0,0.0,0.0,0.0,True
2030,P0175,Guizhou,ammonia,0.0,0.0,0.0,0.0,0.0,True
2030,P0176,Hubei,unabated,1.0,17623120.0,14.4509584,0.0,0.0,True
2030,P0176,Hubei,retire,0.0,0.0,0.0,0.0,0.0,True
2030,P0176,Hubei,ccs,0.0,0.0,0.0,0.0,0.0,True
2030,P0176,Hubei,biomass,0.0,0.0,0.0,0.0,0.0,True
2030,P0176,Hubei,beccs,0.0,0.0,0.0,0.0,0.0,True
2030,P0176,Hubei,ammonia,0.0,0.0,0.0,0.0,0.0,True
2030,P0177,Jilin,unabated,1.0,7460084.0,6.11726888,0.0,0.0,True
2030,P0177,Jilin,retire,0.0,0.0,0.0,0.0,0.0,True
2030,P0177,Jilin,ccs,0.0,0.0,0.0,0.0,0.0,True
2030,P0177,Jilin,biomass,0.0,0.0,0.0,0.0,0.0,True
2030,P0177,Jilin,beccs,0.0,0.0,0.0,0.0,0.0,True
2030,P0177,Jilin,ammonia,0.0,0.0,0.0,0.0,0.0,True
2030,P0178,Shaanxi,unabated,1.0,6353200.0,5.209624,0.0,0.0,True
2030,P0178,Shaanxi,retire,0.0,0.0,0.0,0.0,0.0,True
2030,P0178,Shaanxi,ccs,0.0,0.0,0.0,0.0,0.0,True
2030,P0178,Shaanxi,biomass,0.0,0.0,0.0,0.0,0.0,True
2030,P0178,Shaanxi,beccs,0.0,0.0,0.0,0.0,0.0,True
2030,P0178,Shaanxi,ammonia,0.0,0.0,0.0,0.0,0.0,True
2030,P0179,Fujian,unabated,1.0,32038749.999999996,26.271774999999995,0.0,0.0,True
2030,P0179,Fujian,retire,0.0,0.0,0.0,0.0,0.0,True
2030,P0179,Fujian,ccs,0.0,0.0,0.0,0.0,0.0,True
2030,P0179,Fujian,biomass,0.0,0.0,0.0,0.0,0.0,True
2030,P0179,Fujian,beccs,0.0,0.0,0.0,0.0,0.0,True
2030,P0179,Fujian,ammonia,0.0,0.0,0.0,0.0,0.0,True
2030,P0180,Inner Mongolia,unabated,1.0,7547250.0,6.188745,0.0,0.0,True
2030,P0180,Inner Mongolia,retire,0.0,0.0,0.0,0.0,0.0,True
2030,P0180,Inner Mongolia,ccs,0.0,0.0,0.0,0.0,0.0,True
2030,P0180,Inner Mongolia,biomass,0.0,0.0,0.0,0.0,0.0,True
2030,P0180,Inner Mongolia,beccs,0.0,0.0,0.0,0.0,0.0,True
2030,P0180,Inner Mongolia,ammonia,0.0,0.0,0.0,0.0,0.0,True
2030,P0181,Xinjiang,unabated,1.0,22999625.999999996,18.859693319999998,0.0,0.0,True
2030,P0181,Xinjiang,retire,0.0,0.0,0.0,0.0,0.0,True
2030,P0181,Xinjiang,ccs,0.0,0.0,0.0,0.0,0.0,True
2030,P0181,Xinjiang,biomass,0.0,0.0,0.0,0.0,0.0,True
2030,P0181,Xinjiang,beccs,0.0,0.0,0.0,0.0,0.0,True
2030,P0181,Xinjiang,ammonia,0.0,0.0,0.0,0.0,0.0,True
2030,P0182,Jiangxi,unabated,1.0,27707083.2,22.719808224,0.0,0.0,True
2030,P0182,Jiangxi,retire,0.0,0.0,0.0,0.0,0.0,True
2030,P0182,Jiangxi,ccs,0.0,0.0,0.0,0.0,0.0,True
2030,P0182,Jiangxi,biomass,0.0,0.0,0.0,0.0,0.0,True
2030,P0182,Jiangxi,beccs,0.0,0.0,0.0,0.0,0.0,True
2030,P0182,Jiangxi,ammonia,0.0,0.0,0.0,0.0,0.0,True
2030,P0183,Xinjiang,unabated,1.0,1425923.9999999998,1.1692576799999996,0.0,0.0,True
2030,P0183,Xinjiang,retire,0.0,0.0,0.0,0.0,0.0,True
2030,P0183,Xinjiang,ccs,0.0,0.0,0.0,0.0,0.0,True
2030,P0183,Xinjiang,biomass,0.0,0.0,0.0,0.0,0.0,True
2030,P0183,Xinjiang,beccs,0.0,0.0,0.0,0.0,0.0,True
2030,P0183,Xinjiang,ammonia,0.0,0.0,0.0,0.0,0.0,True
2030,P0184,Shandong,unabated,1.0,28303539.000000004,23.20890198,0.0,0.0,True
2030,P0184,Shandong,retire,0.0,0.0,0.0,0.0,0.0,True
2030,P0184,Shandong,ccs,0.0,0.0,0.0,0.0,0.0,True
2030,P0184,Shandong,biomass,0.0,0.0,0.0,0.0,0.0,True
2030,P0184,Shandong,beccs,0.0,0.0,0.0,0.0,0.0,True
2030,P0184,Shandong,ammonia,0.0,0.0,0.0,0.0,0.0,True
2030,P0185,Guizhou,unabated,1.0,7120650.0,5.838933,0.0,0.0,True
2030,P0185,Guizhou,retire,0.0,0.0,0.0,0.0,0.0,True
2030,P0185,Guizhou,ccs,0.0,0.0,0.0,0.0,0.0,True
2030,P0185,Guizhou,biomass,0.0,0.0,0.0,0.0,0.0,True
2030,P0185,Guizhou,beccs,0.0,0.0,0.0,0.0,0.0,True
2030,P0185,Guizhou,ammonia,0.0,0.0,0.0,0.0,0.0,True
2030,P0186,Ningxia,unabated,1.0,24108865.0,19.769269299999998,0.0,0.0,True
2030,P0186,Ningxia,retire,0.0,0.0,0.0,0.0,0.0,True
2030,P0186,Ningxia,ccs,0.0,0.0,0.0,0.0,0.0,True
2030,P0186,Ningxia,biomass,0.0,0.0,0.0,0.0,0.0,True
2030,P0186,Ningxia,beccs,0.0,0.0,0.0,0.0,0.0,True
2030,P0186,Ningxia,ammonia,0.0,0.0,0.0,0.0,0.0,True
2030,P0187,Inner Mongolia,unabated,1.0,1006300.0,0.825166,0.0,0.0,True
2030,P0187,Inner Mongolia,retire,0.0,0.0,0.0,0.0,0.0,True
2030,P0187,Inner Mongolia,ccs,0.0,0.0,0.0,0.0,0.0,True
2030,P0187,Inner Mongolia,biomass,0.0,0.0,0.0,0.0,0.0,True
2030,P0187,Inner Mongolia,beccs,0.0,0.0,0.0,0.0,0.0,True
2030,P0187,Inner Mongolia,ammonia,0.0,0.0,0.0,0.0,0.0,True
2030,P0188,Xinjiang,unabated,1.0,21124800.0,17.322336,0.0,0.0,True
2030,P0188,Xinjiang,retire,0.0,0.0,0.0,0.0,0.0,True
2030,P0188,Xinjiang,ccs,0.0,0.0,0.0,0.0,0.0,True
2030,P0188,Xinjiang,biomass,0.0,0.0,0.0,0.0,0.0,True
2030,P0188,Xinjiang,beccs,0.0,0.0,0.0,0.0,0.0,True
2030,P0188,Xinjiang,ammonia,0.0,0.0,0.0,0.0,0.0,True
2030,P0189,Yunnan,unabated,1.0,4482200.0,3.675404,0.0,0.0,True
2030,P0189,Yunnan,retire,0.0,0.0,0.0,0.0,0.0,True
2030,P0189,Yunnan,ccs,0.0,0.0,0.0,0.0,0.0,True
2030,P0189,Yunnan,biomass,0.0,0.0,0.0,0.0,0.0,True
2030,P0189,Yunnan,beccs,0.0,0.0,0.0,0.0,0.0,True
2030,P0189,Yunnan,ammonia,0.0,0.0,0.0,0.0,0.0,True
2030,P0190,Jiangsu,unabated,1.0,11234720.0,9.2124704,0.0,0.0,True
2030,P0190,Jiangsu,retire,0.0,0.0,0.0,0.0,0.0,True
2030,P0190,Jiangsu,ccs,0.0,0.0,0.0,0.0,0.0,True
2030,P0190,Jiangsu,biomass,0.0,0.0,0.0,0.0,0.0,True
2030,P0190,Jiangsu,beccs,0.0,0.0,0.0,0.0,0.0,True
2030,P0190,Jiangsu,ammonia,0.0,0.0,0.0,0.0,0.0,True
2030,P0191,Hunan,unabated,0.2409346523647939,1976745.9459804278,1.620931675703951,0.0,0.0,True
2030,P0191,Hunan,retire,0.0,0.0,0.0,0.0,0.0,True
2030,P0191,Hunan,ccs,0.0,0.0,0.0,0.0,0.0,True
2030,P0191,Hunan,biomass,0.7590653476352066,6227744.054019576,5.1067501242960525,5.1067501242960525,0.0,True
2030,P0191,Hunan,beccs,0.0,0.0,0.0,0.0,0.0,True
2030,P0191,Hunan,ammonia,0.0,0.0,0.0,0.0,0.0,True
2030,P0192,Shaanxi,unabated,1.0,15519960.0,12.726367199999999,0.0,0.0,True
2030,P0192,Shaanxi,retire,0.0,0.0,0.0,0.0,0.0,True
2030,P0192,Shaanxi,ccs,0.0,0.0,0.0,0.0,0.0,True
2030,P0192,Shaanxi,biomass,0.0,0.0,0.0,0.0,0.0,True
2030,P0192,Shaanxi,beccs,0.0,0.0,0.0,0.0,0.0,True
2030,P0192,Shaanxi,ammonia,0.0,0.0,0.0,0.0,0.0,True
2030,P0193,Guangxi,unabated,0.0,0.0,0.0,0.0,0.0,True
2030,P0193,Guangxi,retire,0.0,0.0,0.0,0.0,0.0,True
2030,P0193,Guangxi,ccs,0.0,0.0,0.0,0.0,0.0,True
2030,P0193,Guangxi,biomass,1.0,6557642.0,5.37726644,5.37726644,0.0,True
2030,P0193,Guangxi,beccs,0.0,0.0,0.0,0.0,0.0,True
2030,P0193,Guangxi,ammonia,0.0,0.0,0.0,0.0,0.0,True
2030,P0194,Shaanxi,unabated,1.0,2995080.0,2.4559655999999994,0.0,0.0,True
2030,P0194,Shaanxi,retire,0.0,0.0,0.0,0.0,0.0,True
2030,P0194,Shaanxi,ccs,0.0,0.0,0.0,0.0,0.0,True
2030,P0194,Shaanxi,biomass,0.0,0.0,0.0,0.0,0.0,True
2030,P0194,Shaanxi,beccs,0.0,0.0,0.0,0.0,0.0,True
2030,P0194,Shaanxi,ammonia,0.0,0.0,0.0,0.0,0.0,True
2030,P0195,Sichuan,unabated,0.07605402818048813,227997.8078405945,0.18695820242928746,0.0,0.0,True
2030,P0195,Sichuan,retire,0.0,0.0,0.0,0.0,0.0,True
2030,P0195,Sichuan,ccs,0.0,0.0,0.0,0.0,0.0,True
2030,P0195,Sichuan,biomass,0.9239459718195095,2769842.192159398,2.271270597570706,2.271270597570706,0.0,True
2030,P0195,Sichuan,beccs,0.0,0.0,0.0,0.0,0.0,True
2030,P0195,Sichuan,ammonia,0.0,0.0,0.0,0.0,0.0,True
2030,P0196,Xinjiang,unabated,1.0,633743.9999999999,0.5196700799999999,0.0,0.0,True
2030,P0196,Xinjiang,retire,0.0,0.0,0.0,0.0,0.0,True
2030,P0196,Xinjiang,ccs,0.0,0.0,0.0,0.0,0.0,True
2030,P0196,Xinjiang,biomass,0.0,0.0,0.0,0.0,0.0,True
2030,P0196,Xinjiang,beccs,0.0,0.0,0.0,0.0,0.0,True
2030,P0196,Xinjiang,ammonia,0.0,0.0,0.0,0.0,0.0,True
2030,P0197,Fujian,unabated,1.0,6766584.0,5.54859888,0.0,0.0,True
2030,P0197,Fujian,retire,0.0,0.0,0.0,0.0,0.0,True
2030,P0197,Fujian,ccs,0.0,0.0,0.0,0.0,0.0,True
2030,P0197,Fujian,biomass,0.0,0.0,0.0,0.0,0.0,True
2030,P0197,Fujian,beccs,0.0,0.0,0.0,0.0,0.0,True
2030,P0197,Fujian,ammonia,0.0,0.0,0.0,0.0,0.0,True
2030,P0198,Gansu,unabated,1.0,2765136.0,2.26741152,0.0,0.0,True
2030,P0198,Gansu,retire,0.0,0.0,0.0,0.0,0.0,True
2030,P0198,Gansu,ccs,0.0,0.0,0.0,0.0,0.0,True
2030,P0198,Gansu,biomass,0.0,0.0,0.0,0.0,0.0,True
2030,P0198,Gansu,beccs,0.0,0.0,0.0,0.0,0.0,True
2030,P0198,Gansu,ammonia,0.0,0.0,0.0,0.0,0.0,True
2030,P0199,Inner Mongolia,unabated,1.0,1308190.0,1.0727158,0.0,0.0,True
2030,P0199,Inner Mongolia,retire,0.0,0.0,0.0,0.0,0.0,True
2030,P0199,Inner Mongolia,ccs,0.0,0.0,0.0,0.0,0.0,True
2030,P0199,Inner Mongolia,biomass,0.0,0.0,0.0,0.0,0.0,True
2030,P0199,Inner Mongolia,beccs,0.0,0.0,0.0,0.0,0.0,True
2030,P0199,Inner Mongolia,ammonia,0.0,0.0,0.0,0.0,0.0,True
2030,P0200,Xinjiang,unabated,1.0,10668023.999999998,8.747779679999997,0.0,0.0,True
2030,P0200,Xinjiang,retire,0.0,0.0,0.0,0.0,0.0,True
2030,P0200,Xinjiang,ccs,0.0,0.0,0.0,0.0,0.0,True
2030,P0200,Xinjiang,biomass,0.0,0.0,0.0,0.0,0.0,True
2030,P0200,Xinjiang,beccs,0.0,0.0,0.0,0.0,0.0,True
2030,P0200,Xinjiang,ammonia,0.0,0.0,0.0,0.0,0.0,True
2030,P0201,Heilongjiang,unabated,1.0,2434950.0000000005,1.9966590000000002,0.0,0.0,True
2030,P0201,Heilongjiang,retire,0.0,0.0,0.0,0.0,0.0,True
2030,P0201,Heilongjiang,ccs,0.0,0.0,0.0,0.0,0.0,True
2030,P0201,Heilongjiang,biomass,0.0,0.0,0.0,0.0,0.0,True
2030,P0201,Heilongjiang,beccs,0.0,0.0,0.0,0.0,0.0,True
2030,P0201,Heilongjiang,ammonia,0.0,0.0,0.0,0.0,0.0,True
2030,P0202,Jiangxi,unabated,0.0,0.0,0.0,0.0,0.0,True
2030,P0202,Jiangxi,retire,0.0,0.0,0.0,0.0,0.0,True
2030,P0202,Jiangxi,ccs,0.0,0.0,0.0,0.0,0.0,True
2030,P0202,Jiangxi,biomass,1.0,9151488.0,7.504220159999999,7.504220159999999,0.0,True
2030,P0202,Jiangxi,beccs,0.0,0.0,0.0,0.0,0.0,True
2030,P0202,Jiangxi,ammonia,0.0,0.0,0.0,0.0,0.0,True
2030,P0203,Inner Mongolia,unabated,1.0,6792524.999999999,5.5698704999999995,0.0,0.0,True
2030,P0203,Inner Mongolia,retire,0.0,0.0,0.0,0.0,0.0,True
2030,P0203,Inner Mongolia,ccs,0.0,0.0,0.0,0.0,0.0,True
2030,P0203,Inner Mongolia,biomass,0.0,0.0,0.0,0.0,0.0,True
2030,P0203,Inner Mongolia,beccs,0.0,0.0,0.0,0.0,0.0,True
2030,P0203,Inner Mongolia,ammonia,0.0,0.0,0.0,0.0,0.0,True
2030,P0204,Heilongjiang,unabated,1.0,2434950.0000000005,1.9966590000000002,0.0,0.0,True
2030,P0204,Heilongjiang,retire,0.0,0.0,0.0,0.0,0.0,True
2030,P0204,Heilongjiang,ccs,0.0,0.0,0.0,0.0,0.0,True
2030,P0204,Heilongjiang,biomass,0.0,0.0,0.0,0.0,0.0,True
2030,P0204,Heilongjiang,beccs,0.0,0.0,0.0,0.0,0.0,True
2030,P0204,Heilongjiang,ammonia,0.0,0.0,0.0,0.0,0.0,True
2030,P0205,Inner Mongolia,unabated,1.0,3018899.9999999995,2.4754979999999995,0.0,0.0,True
2030,P0205,Inner Mongolia,retire,0.0,0.0,0.0,0.0,0.0,True
2030,P0205,Inner Mongolia,ccs,0.0,0.0,0.0,0.0,0.0,True
2030,P0205,Inner Mongolia,biomass,0.0,0.0,0.0,0.0,0.0,True
2030,P0205,Inner Mongolia,beccs,0.0,0.0,0.0,0.0,0.0,True
2030,P0205,Inner Mongolia,ammonia,0.0,0.0,0.0,0.0,0.0,True
2030,P0206,Hubei,unabated,1.0,3937080.0,3.2284055999999994,0.0,0.0,True
2030,P0206,Hubei,retire,0.0,0.0,0.0,0.0,0.0,True
2030,P0206,Hubei,ccs,0.0,0.0,0.0,0.0,0.0,True
2030,P0206,Hubei,biomass,0.0,0.0,0.0,0.0,0.0,True
2030,P0206,Hubei,beccs,0.0,0.0,0.0,0.0,0.0,True
2030,P0206,Hubei,ammonia,0.0,0.0,0.0,0.0,0.0,True
2030,P0207,Xinjiang,unabated,1.0,47530800.0,38.975256,0.0,0.0,True
2030,P0207,Xinjiang,retire,0.0,0.0,0.0,0.0,0.0,True
2030,P0207,Xinjiang,ccs,0.0,0.0,0.0,0.0,0.0,True
2030,P0207,Xinjiang,biomass,0.0,0.0,0.0,0.0,0.0,True
2030,P0207,Xinjiang,beccs,0.0,0.0,0.0,0.0,0.0,True
2030,P0207,Xinjiang,ammonia,0.0,0.0,0.0,0.0,0.0,True
2030,P0208,Sichuan,unabated,1.0,1648811.9999999998,1.3520258399999996,0.0,0.0,True
2030,P0208,Sichuan,retire,0.0,0.0,0.0,0.0,0.0,True
2030,P0208,Sichuan,ccs,0.0,0.0,0.0,0.0,0.0,True
2030,P0208,Sichuan,biomass,0.0,0.0,0.0,0.0,0.0,True
2030,P0208,Sichuan,beccs,0.0,0.0,0.0,0.0,0.0,True
2030,P0208,Sichuan,ammonia,0.0,0.0,0.0,0.0,0.0,True
2030,P0209,Zhejiang,unabated,1.0,13284720.000000002,10.8934704,0.0,0.0,True
2030,P0209,Zhejiang,retire,0.0,0.0,0.0,0.0,0.0,True
2030,P0209,Zhejiang,ccs,0.0,0.0,0.0,0.0,0.0,True
2030,P0209,Zhejiang,biomass,0.0,0.0,0.0,0.0,0.0,True
2030,P0209,Zhejiang,beccs,0.0,0.0,0.0,0.0,0.0,True
2030,P0209,Zhejiang,ammonia,0.0,0.0,0.0,0.0,0.0,True
2030,P0210,Anhui,unabated,1.0,6708372.000000001,5.50086504,0.0,0.0,True
2030,P0210,Anhui,retire,0.0,0.0,0.0,0.0,0.0,True
2030,P0210,Anhui,ccs,0.0,0.0,0.0,0.0,0.0,True
2030,P0210,Anhui,biomass,0.0,0.0,0.0,0.0,0.0,True
2030,P0210,Anhui,beccs,0.0,0.0,0.0,0.0,0.0,True
2030,P0210,Anhui,ammonia,0.0,0.0,0.0,0.0,0.0,True
2030,P0211,Henan,unabated,1.0,4535496.0,3.7191067199999996,0.0,0.0,True
2030,P0211,Henan,retire,0.0,0.0,0.0,0.0,0.0,True
2030,P0211,Henan,ccs,0.0,0.0,0.0,0.0,0.0,True
2030,P0211,Henan,biomass,0.0,0.0,0.0,0.0,0.0,True
2030,P0211,Henan,beccs,0.0,0.0,0.0,0.0,0.0,True
2030,P0211,Henan,ammonia,0.0,0.0,0.0,0.0,0.0,True
2030,P0212,Gansu,unabated,1.0,11102440.0,9.1040008,0.0,0.0,True
2030,P0212,Gansu,retire,0.0,0.0,0.0,0.0,0.0,True
2030,P0212,Gansu,ccs,0.0,0.0,0.0,0.0,0.0,True
2030,P0212,Gansu,biomass,0.0,0.0,0.0,0.0,0.0,True
2030,P0212,Gansu,beccs,0.0,0.0,0.0,0.0,0.0,True
2030,P0212,Gansu,ammonia,0.0,0.0,0.0,0.0,0.0,True
2030,P0213,Hubei,unabated,1.0,13761032.0,11.28404624,0.0,0.0,True
2030,P0213,Hubei,retire,0.0,0.0,0.0,0.0,0.0,True
2030,P0213,Hubei,ccs,0.0,0.0,0.0,0.0,0.0,True
2030,P0213,Hubei,biomass,0.0,0.0,0.0,0.0,0.0,True
2030,P0213,Hubei,beccs,0.0,0.0,0.0,0.0,0.0,True
2030,P0213,Hubei,ammonia,0.0,0.0,0.0,0.0,0.0,True
2030,P0214,Xinjiang,unabated,1.0,5096358.0,4.17901356,0.0,0.0,True
2030,P0214,Xinjiang,retire,0.0,0.0,0.0,0.0,0.0,True
2030,P0214,Xinjiang,ccs,0.0,0.0,0.0,0.0,0.0,True
2030,P0214,Xinjiang,biomass,0.0,0.0,0.0,0.0,0.0,True
2030,P0214,Xinjiang,beccs,0.0,0.0,0.0,0.0,0.0,True
2030,P0214,Xinjiang,ammonia,0.0,0.0,0.0,0.0,0.0,True
2030,P0215,Hebei,unabated,1.0,5880732.000000001,4.82220024,0.0,0.0,True
2030,P0215,Hebei,retire,0.0,0.0,0.0,0.0,0.0,True
2030,P0215,Hebei,ccs,0.0,0.0,0.0,0.0,0.0,True
2030,P0215,Hebei,biomass,0.0,0.0,0.0,0.0,0.0,True
2030,P0215,Hebei,beccs,0.0,0.0,0.0,0.0,0.0,True
2030,P0215,Hebei,ammonia,0.0,0.0,0.0,0.0,0.0,True
2030,P0216,Heilongjiang,unabated,1.0,347850.0,0.285237,0.0,0.0,True
2030,P0216,Heilongjiang,retire,0.0,0.0,0.0,0.0,0.0,True
2030,P0216,Heilongjiang,ccs,0.0,0.0,0.0,0.0,0.0,True
2030,P0216,Heilongjiang,biomass,0.0,0.0,0.0,0.0,0.0,True
2030,P0216,Heilongjiang,beccs,0.0,0.0,0.0,0.0,0.0,True
2030,P0216,Heilongjiang,ammonia,0.0,0.0,0.0,0.0,0.0,True
2030,P0217,Hainan,unabated,1.0,1509270.0,1.2376014,0.0,0.0,True
2030,P0217,Hainan,retire,0.0,0.0,0.0,0.0,0.0,True
2030,P0217,Hainan,ccs,0.0,0.0,0.0,0.0,0.0,True
2030,P0217,Hainan,biomass,0.0,0.0,0.0,0.0,0.0,True
2030,P0217,Hainan,beccs,0.0,0.0,0.0,0.0,0.0,True
2030,P0217,Hainan,ammonia,0.0,0.0,0.0,0.0,0.0,True
2030,P0218,Hubei,unabated,1.0,7424207.999999999,6.087850559999999,0.0,0.0,True
2030,P0218,Hubei,retire,0.0,0.0,0.0,0.0,0.0,True
2030,P0218,Hubei,ccs,0.0,0.0,0.0,0.0,0.0,True
2030,P0218,Hubei,biomass,0.0,0.0,0.0,0.0,0.0,True
2030,P0218,Hubei,beccs,0.0,0.0,0.0,0.0,0.0,True
2030,P0218,Hubei,ammonia,0.0,0.0,0.0,0.0,0.0,True
2030,P0219,Jilin,unabated,1.0,2933334.0,2.4053338799999997,0.0,0.0,True
2030,P0219,Jilin,retire,0.0,0.0,0.0,0.0,0.0,True
2030,P0219,Jilin,ccs,0.0,0.0,0.0,0.0,0.0,True
2030,P0219,Jilin,biomass,0.0,0.0,0.0,0.0,0.0,True
2030,P0219,Jilin,beccs,0.0,0.0,0.0,0.0,0.0,True
2030,P0219,Jilin,ammonia,0.0,0.0,0.0,0.0,0.0,True
2030,P0220,Hebei,unabated,1.0,5880732.000000001,4.82220024,0.0,0.0,True
2030,P0220,Hebei,retire,0.0,0.0,0.0,0.0,0.0,True
2030,P0220,Hebei,ccs,0.0,0.0,0.0,0.0,0.0,True
2030,P0220,Hebei,biomass,0.0,0.0,0.0,0.0,0.0,True
2030,P0220,Hebei,beccs,0.0,0.0,0.0,0.0,0.0,True
2030,P0220,Hebei,ammonia,0.0,0.0,0.0,0.0,0.0,True
2030,P0221,Gansu,unabated,1.0,17303048.0,14.18849936,0.0,0.0,True
2030,P0221,Gansu,retire,0.0,0.0,0.0,0.0,0.0,True
2030,P0221,Gansu,ccs,0.0,0.0,0.0,0.0,0.0,True
2030,P0221,Gansu,biomass,0.0,0.0,0.0,0.0,0.0,True
2030,P0221,Gansu,beccs,0.0,0.0,0.0,0.0,0.0,True
2030,P0221,Gansu,ammonia,0.0,0.0,0.0,0.0,0.0,True
2030,P0222,Jiangxi,unabated,1.0,19065600.0,15.633791999999998,0.0,0.0,True
2030,P0222,Jiangxi,retire,0.0,0.0,0.0,0.0,0.0,True
2030,P0222,Jiangxi,ccs,0.0,0.0,0.0,0.0,0.0,True
2030,P0222,Jiangxi,biomass,0.0,0.0,0.0,0.0,0.0,True
2030,P0222,Jiangxi,beccs,0.0,0.0,0.0,0.0,0.0,True
2030,P0222,Jiangxi,ammonia,0.0,0.0,0.0,0.0,0.0,True
2030,P0223,Anhui,unabated,1.0,32652492.500000004,26.775043850000003,0.0,0.0,True
2030,P0223,Anhui,retire,0.0,0.0,0.0,0.0,0.0,True
2030,P0223,Anhui,ccs,0.0,0.0,0.0,0.0,0.0,True
2030,P0223,Anhui,biomass,0.0,0.0,0.0,0.0,0.0,True
2030,P0223,Anhui,beccs,0.0,0.0,0.0,0.0,0.0,True
2030,P0223,Anhui,ammonia,0.0,0.0,0.0,0.0,0.0,True
2030,P0224,Xinjiang,unabated,1.0,5809319.999999999,4.763642399999998,0.0,0.0,True
2030,P0224,Xinjiang,retire,0.0,0.0,0.0,0.0,0.0,True
2030,P0224,Xinjiang,ccs,0.0,0.0,0.0,0.0,0.0,True
2030,P0224,Xinjiang,biomass,0.0,0.0,0.0,0.0,0.0,True
2030,P0224,Xinjiang,beccs,0.0,0.0,0.0,0.0,0.0,True
2030,P0224,Xinjiang,ammonia,0.0,0.0,0.0,0.0,0.0,True
2030,P0225,Heilongjiang,unabated,1.0,4174200.0,3.422844,0.0,0.0,True
2030,P0225,Heilongjiang,retire,0.0,0.0,0.0,0.0,0.0,True
2030,P0225,Heilongjiang,ccs,0.0,0.0,0.0,0.0,0.0,True
2030,P0225,Heilongjiang,biomass,0.0,0.0,0.0,0.0,0.0,True
2030,P0225,Heilongjiang,beccs,0.0,0.0,0.0,0.0,0.0,True
2030,P0225,Heilongjiang,ammonia,0.0,0.0,0.0,0.0,0.0,True
2030,P0226,Anhui,unabated,1.0,13416744.000000002,11.00173008,0.0,0.0,True
2030,P0226,Anhui,retire,0.0,0.0,0.0,0.0,0.0,True
2030,P0226,Anhui,ccs,0.0,0.0,0.0,0.0,0.0,True
2030,P0226,Anhui,biomass,0.0,0.0,0.0,0.0,0.0,True
2030,P0226,Anhui,beccs,0.0,0.0,0.0,0.0,0.0,True
2030,P0226,Anhui,ammonia,0.0,0.0,0.0,0.0,0.0,True
2030,P0227,Shanxi,unabated,1.0,17129150.0,14.045903,0.0,0.0,True
2030,P0227,Shanxi,retire,0.0,0.0,0.0,0.0,0.0,True
2030,P0227,Shanxi,ccs,0.0,0.0,0.0,0.0,0.0,True
2030,P0227,Shanxi,biomass,0.0,0.0,0.0,0.0,0.0,True
2030,P0227,Shanxi,beccs,0.0,0.0,0.0,0.0,0.0,True
2030,P0227,Shanxi,ammonia,0.0,0.0,0.0,0.0,0.0,True
2030,P0228,Liaoning,unabated,1.0,3720839.9999999995,3.051088799999999,0.0,0.0,True
2030,P0228,Liaoning,retire,0.0,0.0,0.0,0.0,0.0,True
2030,P0228,Liaoning,ccs,0.0,0.0,0.0,0.0,0.0,True
2030,P0228,Liaoning,biomass,0.0,0.0,0.0,0.0,0.0,True
2030,P0228,Liaoning,beccs,0.0,0.0,0.0,0.0,0.0,True
2030,P0228,Liaoning,ammonia,0.0,0.0,0.0,0.0,0.0,True
2030,P0229,Henan,unabated,1.0,13426508.0,11.009736559999999,0.0,0.0,True
2030,P0229,Henan,retire,0.0,0.0,0.0,0.0,0.0,True
2030,P0229,Henan,ccs,0.0,0.0,0.0,0.0,0.0,True
2030,P0229,Henan,biomass,0.0,0.0,0.0,0.0,0.0,True
2030,P0229,Henan,beccs,0.0,0.0,0.0,0.0,0.0,True
2030,P0229,Henan,ammonia,0.0,0.0,0.0,0.0,0.0,True
2030,P0230,Inner Mongolia,unabated,1.0,6641580.0,5.4460956,0.0,0.0,True
2030,P0230,Inner Mongolia,retire,0.0,0.0,0.0,0.0,0.0,True
2030,P0230,Inner Mongolia,ccs,0.0,0.0,0.0,0.0,0.0,True
2030,P0230,Inner Mongolia,biomass,0.0,0.0,0.0,0.0,0.0,True
2030,P0230,Inner Mongolia,beccs,0.0,0.0,0.0,0.0,0.0,True
2030,P0230,Inner Mongolia,ammonia,0.0,0.0,0.0,0.0,0.0,True
2030,P0231,Fujian,unabated,1.0,6151440.0,5.0441807999999995,0.0,0.0,True
2030,P0231,Fujian,retire,0.0,0.0,0.0,0.0,0.0,True
2030,P0231,Fujian,ccs,0.0,0.0,0.0,0.0,0.0,True
2030,P0231,Fujian,biomass,0.0,0.0,0.0,0.0,0.0,True
2030,P0231,Fujian,beccs,0.0,0.0,0.0,0.0,0.0,True
2030,P0231,Fujian,ammonia,0.0,0.0,0.0,0.0,0.0,True
2030,P0232,Inner Mongolia,unabated,1.0,6037799.999999999,4.950995999999999,0.0,0.0,True
2030,P0232,Inner Mongolia,retire,0.0,0.0,0.0,0.0,0.0,True
2030,P0232,Inner Mongolia,ccs,0.0,0.0,0.0,0.0,0.0,True
2030,P0232,Inner Mongolia,biomass,0.0,0.0,0.0,0.0,0.0,True
2030,P0232,Inner Mongolia,beccs,0.0,0.0,0.0,0.0,0.0,True
2030,P0232,Inner Mongolia,ammonia,0.0,0.0,0.0,0.0,0.0,True
2030,P0233,Xinjiang,unabated,1.0,3168719.9999999995,2.5983503999999993,0.0,0.0,True
2030,P0233,Xinjiang,retire,0.0,0.0,0.0,0.0,0.0,True
2030,P0233,Xinjiang,ccs,0.0,0.0,0.0,0.0,0.0,True
2030,P0233,Xinjiang,biomass,0.0,0.0,0.0,0.0,0.0,True
2030,P0233,Xinjiang,beccs,0.0,0.0,0.0,0.0,0.0,True
2030,P0233,Xinjiang,ammonia,0.0,0.0,0.0,0.0,0.0,True
2030,P0234,Hunan,unabated,0.0,0.0,0.0,0.0,0.0,True
2030,P0234,Hunan,retire,0.0,0.0,0.0,0.0,0.0,True
2030,P0234,Hunan,ccs,0.0,0.0,0.0,0.0,0.0,True
2030,P0234,Hunan,biomass,1.0,234414.0,0.19221947999999997,0.19221947999999997,0.0,True
2030,P0234,Hunan,beccs,0.0,0.0,0.0,0.0,0.0,True
2030,P0234,Hunan,ammonia,0.0,0.0,0.0,0.0,0.0,True
2030,P0235,Inner Mongolia,unabated,1.0,13283160.0,10.8921912,0.0,0.0,True
2030,P0235,Inner Mongolia,retire,0.0,0.0,0.0,0.0,0.0,True
2030,P0235,Inner Mongolia,ccs,0.0,0.0,0.0,0.0,0.0,True
2030,P0235,Inner Mongolia,biomass,0.0,0.0,0.0,0.0,0.0,True
2030,P0235,Inner Mongolia,beccs,0.0,0.0,0.0,0.0,0.0,True
2030,P0235,Inner Mongolia,ammonia,0.0,0.0,0.0,0.0,0.0,True
2030,P0236,Henan,unabated,1.0,19185868.0,15.73241176,0.0,0.0,True
2030,P0236,Henan,retire,0.0,0.0,0.0,0.0,0.0,True
2030,P0236,Henan,ccs,0.0,0.0,0.0,0.0,0.0,True
2030,P0236,Henan,biomass,0.0,0.0,0.0,0.0,0.0,True
2030,P0236,Henan,beccs,0.0,0.0,0.0,0.0,0.0,True
2030,P0236,Henan,ammonia,0.0,0.0,0.0,0.0,0.0,True
2030,P0237,Jiangxi,unabated,1.0,12869280.0,10.5528096,0.0,0.0,True
2030,P0237,Jiangxi,retire,0.0,0.0,0.0,0.0,0.0,True
2030,P0237,Jiangxi,ccs,0.0,0.0,0.0,0.0,0.0,True
2030,P0237,Jiangxi,biomass,0.0,0.0,0.0,0.0,0.0,True
2030,P0237,Jiangxi,beccs,0.0,0.0,0.0,0.0,0.0,True
2030,P0237,Jiangxi,ammonia,0.0,0.0,0.0,0.0,0.0,True
2030,P0238,Sichuan,unabated,1.0,9992799.999999998,8.194095999999998,0.0,0.0,True
2030,P0238,Sichuan,retire,0.0,0.0,0.0,0.0,0.0,True
2030,P0238,Sichuan,ccs,0.0,0.0,0.0,0.0,0.0,True
2030,P0238,Sichuan,biomass,0.0,0.0,0.0,0.0,0.0,True
2030,P0238,Sichuan,beccs,0.0,0.0,0.0,0.0,0.0,True
2030,P0238,Sichuan,ammonia,0.0,0.0,0.0,0.0,0.0,True
2030,P0239,Guizhou,unabated,1.0,17659212.0,14.48055384,0.0,0.0,True
2030,P0239,Guizhou,retire,0.0,0.0,0.0,0.0,0.0,True
2030,P0239,Guizhou,ccs,0.0,0.0,0.0,0.0,0.0,True
2030,P0239,Guizhou,biomass,0.0,0.0,0.0,0.0,0.0,True
2030,P0239,Guizhou,beccs,0.0,0.0,0.0,0.0,0.0,True
2030,P0239,Guizhou,ammonia,0.0,0.0,0.0,0.0,0.0,True
2030,P0240,Guangdong,unabated,1.0,9663400.0,7.923987999999999,0.0,0.0,True
2030,P0240,Guangdong,retire,0.0,0.0,0.0,0.0,0.0,True
2030,P0240,Guangdong,ccs,0.0,0.0,0.0,0.0,0.0,True
2030,P0240,Guangdong,biomass,0.0,0.0,0.0,0.0,0.0,True
2030,P0240,Guangdong,beccs,0.0,0.0,0.0,0.0,0.0,True
2030,P0240,Guangdong,ammonia,0.0,0.0,0.0,0.0,0.0,True
2030,P0241,Guangxi,unabated,0.0,0.0,0.0,0.0,0.0,True
2030,P0241,Guangxi,retire,0.0,0.0,0.0,0.0,0.0,True
2030,P0241,Guangxi,ccs,0.0,0.0,0.0,0.0,0.0,True
2030,P0241,Guangxi,biomass,1.0,3350620.0,2.7475084,2.7475084,0.0,True
2030,P0241,Guangxi,beccs,0.0,0.0,0.0,0.0,0.0,True
2030,P0241,Guangxi,ammonia,0.0,0.0,0.0,0.0,0.0,True
2030,P0242,Xinjiang,unabated,1.0,27884735.999999996,22.865483519999994,0.0,0.0,True
2030,P0242,Xinjiang,retire,0.0,0.0,0.0,0.0,0.0,True
2030,P0242,Xinjiang,ccs,0.0,0.0,0.0,0.0,0.0,True
2030,P0242,Xinjiang,biomass,0.0,0.0,0.0,0.0,0.0,True
2030,P0242,Xinjiang,beccs,0.0,0.0,0.0,0.0,0.0,True
2030,P0242,Xinjiang,ammonia,0.0,0.0,0.0,0.0,0.0,True
2030,P0243,Anhui,unabated,1.0,124308166.00000001,101.93269612,0.0,0.0,True
2030,P0243,Anhui,retire,0.0,0.0,0.0,0.0,0.0,True
2030,P0243,Anhui,ccs,0.0,0.0,0.0,0.0,0.0,True
2030,P0243,Anhui,biomass,0.0,0.0,0.0,0.0,0.0,True
2030,P0243,Anhui,beccs,0.0,0.0,0.0,0.0,0.0,True
2030,P0243,Anhui,ammonia,0.0,0.0,0.0,0.0,0.0,True
2030,P0244,Gansu,unabated,1.0,15124456.000000002,12.40205392,0.0,0.0,True
2030,P0244,Gansu,retire,0.0,0.0,0.0,0.0,0.0,True
2030,P0244,Gansu,ccs,0.0,0.0,0.0,0.0,0.0,True
2030,P0244,Gansu,biomass,0.0,0.0,0.0,0.0,0.0,True
2030,P0244,Gansu,beccs,0.0,0.0,0.0,0.0,0.0,True
2030,P0244,Gansu,ammonia,0.0,0.0,0.0,0.0,0.0,True
2030,P0245,Hubei,unabated,1.0,7247976.799999999,5.943340975999999,0.0,0.0,True
2030,P0245,Hubei,retire,0.0,0.0,0.0,0.0,0.0,True
2030,P0245,Hubei,ccs,0.0,0.0,0.0,0.0,0.0,True
2030,P0245,Hubei,biomass,0.0,0.0,0.0,0.0,0.0,True
2030,P0245,Hubei,beccs,0.0,0.0,0.0,0.0,0.0,True
2030,P0245,Hubei,ammonia,0.0,0.0,0.0,0.0,0.0,True
2030,P0246,Inner Mongolia,unabated,1.0,41107355.0,33.7080311,0.0,0.0,True
2030,P0246,Inner Mongolia,retire,0.0,0.0,0.0,0.0,0.0,True
2030,P0246,Inner Mongolia,ccs,0.0,0.0,0.0,0.0,0.0,True
2030,P0246,Inner Mongolia,biomass,0.0,0.0,0.0,0.0,0.0,True
2030,P0246,Inner Mongolia,beccs,0.0,0.0,0.0,0.0,0.0,True
2030,P0246,Inner Mongolia,ammonia,0.0,0.0,0.0,0.0,0.0,True
2030,P0247,Shandong,unabated,1.0,8983866.0,7.366770119999999,0.0,0.0,True
2030,P0247,Shandong,retire,0.0,0.0,0.0,0.0,0.0,True
2030,P0247,Shandong,ccs,0.0,0.0,0.0,0.0,0.0,True
2030,P0247,Shandong,biomass,0.0,0.0,0.0,0.0,0.0,True
2030,P0247,Shandong,beccs,0.0,0.0,0.0,0.0,0.0,True
2030,P0247,Shandong,ammonia,0.0,0.0,0.0,0.0,0.0,True
2030,P0248,Henan,unabated,1.0,30200644.0,24.764528079999998,0.0,0.0,True
2030,P0248,Henan,retire,0.0,0.0,0.0,0.0,0.0,True
2030,P0248,Henan,ccs,0.0,0.0,0.0,0.0,0.0,True
2030,P0248,Henan,biomass,0.0,0.0,0.0,0.0,0.0,True
2030,P0248,Henan,beccs,0.0,0.0,0.0,0.0,0.0,True
2030,P0248,Henan,ammonia,0.0,0.0,0.0,0.0,0.0,True
2030,P0249,Gansu,unabated,1.0,2513760.0000000005,2.0612832,0.0,0.0,True
2030,P0249,Gansu,retire,0.0,0.0,0.0,0.0,0.0,True
2030,P0249,Gansu,ccs,0.0,0.0,0.0,0.0,0.0,True
2030,P0249,Gansu,biomass,0.0,0.0,0.0,0.0,0.0,True
2030,P0249,Gansu,beccs,0.0,0.0,0.0,0.0,0.0,True
2030,P0249,Gansu,ammonia,0.0,0.0,0.0,0.0,0.0,True
2030,P0250,Gansu,unabated,1.0,2513760.0000000005,2.0612832,0.0,0.0,True
2030,P0250,Gansu,retire,0.0,0.0,0.0,0.0,0.0,True
2030,P0250,Gansu,ccs,0.0,0.0,0.0,0.0,0.0,True
2030,P0250,Gansu,biomass,0.0,0.0,0.0,0.0,0.0,True
2030,P0250,Gansu,beccs,0.0,0.0,0.0,0.0,0.0,True
2030,P0250,Gansu,ammonia,0.0,0.0,0.0,0.0,0.0,True
2030,P0251,Hebei,unabated,1.0,6058936.000000001,4.968327520000001,0.0,0.0,True
2030,P0251,Hebei,retire,0.0,0.0,0.0,0.0,0.0,True
2030,P0251,Hebei,ccs,0.0,0.0,0.0,0.0,0.0,True
2030,P0251,Hebei,biomass,0.0,0.0,0.0,0.0,0.0,True
2030,P0251,Hebei,beccs,0.0,0.0,0.0,0.0,0.0,True
2030,P0251,Hebei,ammonia,0.0,0.0,0.0,0.0,0.0,True
2030,P0252,Guangxi,unabated,1.0,10003994.0,8.20327508,0.0,0.0,True
2030,P0252,Guangxi,retire,0.0,0.0,0.0,0.0,0.0,True
2030,P0252,Guangxi,ccs,0.0,0.0,0.0,0.0,0.0,True
2030,P0252,Guangxi,biomass,0.0,0.0,0.0,0.0,0.0,True
2030,P0252,Guangxi,beccs,0.0,0.0,0.0,0.0,0.0,True
2030,P0252,Guangxi,ammonia,0.0,0.0,0.0,0.0,0.0,True
2030,P0253,Guangxi,unabated,0.0,0.0,0.0,0.0,0.0,True
2030,P0253,Guangxi,retire,0.0,0.0,0.0,0.0,0.0,True
2030,P0253,Guangxi,ccs,0.0,0.0,0.0,0.0,0.0,True
2030,P0253,Guangxi,biomass,1.0,5456724.0,4.474513679999999,4.474513679999999,0.0,True
2030,P0253,Guangxi,beccs,0.0,0.0,0.0,0.0,0.0,True
2030,P0253,Guangxi,ammonia,0.0,0.0,0.0,0.0,0.0,True
2030,P0254,Jiangxi,unabated,0.0,0.0,0.0,0.0,0.0,True
2030,P0254,Jiangxi,retire,0.0,0.0,0.0,0.0,0.0,True
2030,P0254,Jiangxi,ccs,0.0,0.0,0.0,0.0,0.0,True
2030,P0254,Jiangxi,biomass,1.0,6291647.999999999,5.159151359999998,5.159151359999998,0.0,True
2030,P0254,Jiangxi,beccs,0.0,0.0,0.0,0.0,0.0,True
2030,P0254,Jiangxi,ammonia,0.0,0.0,0.0,0.0,0.0,True
2030,P0255,Anhui,unabated,1.0,25003932.0,20.503224239999998,0.0,0.0,True
2030,P0255,Anhui,retire,0.0,0.0,0.0,0.0,0.0,True
2030,P0255,Anhui,ccs,0.0,0.0,0.0,0.0,0.0,True
2030,P0255,Anhui,biomass,0.0,0.0,0.0,0.0,0.0,True
2030,P0255,Anhui,beccs,0.0,0.0,0.0,0.0,0.0,True
2030,P0255,Anhui,ammonia,0.0,0.0,0.0,0.0,0.0,True
2030,P0256,Heilongjiang,unabated,1.0,194796.0,0.15973272,0.0,0.0,True
2030,P0256,Heilongjiang,retire,0.0,0.0,0.0,0.0,0.0,True
2030,P0256,Heilongjiang,ccs,0.0,0.0,0.0,0.0,0.0,True
2030,P0256,Heilongjiang,biomass,0.0,0.0,0.0,0.0,0.0,True
2030,P0256,Heilongjiang,beccs,0.0,0.0,0.0,0.0,0.0,True
2030,P0256,Heilongjiang,ammonia,0.0,0.0,0.0,0.0,0.0,True
2030,P0257,Inner Mongolia,unabated,1.0,362267.99999999994,0.29705975999999995,0.0,0.0,True
2030,P0257,Inner Mongolia,retire,0.0,0.0,0.0,0.0,0.0,True
2030,P0257,Inner Mongolia,ccs,0.0,0.0,0.0,0.0,0.0,True
2030,P0257,Inner Mongolia,biomass,0.0,0.0,0.0,0.0,0.0,True
2030,P0257,Inner Mongolia,beccs,0.0,0.0,0.0,0.0,0.0,True
2030,P0257,Inner Mongolia,ammonia,0.0,0.0,0.0,0.0,0.0,True
2030,P0258,Xinjiang,unabated,1.0,3696839.9999999995,3.0314087999999995,0.0,0.0,True
2030,P0258,Xinjiang,retire,0.0,0.0,0.0,0.0,0.0,True
2030,P0258,Xinjiang,ccs,0.0,0.0,0.0,0.0,0.0,True
2030,P0258,Xinjiang,biomass,0.0,0.0,0.0,0.0,0.0,True
2030,P0258,Xinjiang,beccs,0.0,0.0,0.0,0.0,0.0,True
2030,P0258,Xinjiang,ammonia,0.0,0.0,0.0,0.0,0.0,True
2030,P0259,Guizhou,unabated,1.0,20792298.0,17.04968436,0.0,0.0,True
2030,P0259,Guizhou,retire,0.0,0.0,0.0,0.0,0.0,True
2030,P0259,Guizhou,ccs,0.0,0.0,0.0,0.0,0.0,True
2030,P0259,Guizhou,biomass,0.0,0.0,0.0,0.0,0.0,True
2030,P0259,Guizhou,beccs,0.0,0.0,0.0,0.0,0.0,True
2030,P0259,Guizhou,ammonia,0.0,0.0,0.0,0.0,0.0,True
2030,P0260,Ningxia,unabated,1.0,13222594.0,10.84252708,0.0,0.0,True
2030,P0260,Ningxia,retire,0.0,0.0,0.0,0.0,0.0,True
2030,P0260,Ningxia,ccs,0.0,0.0,0.0,0.0,0.0,True
2030,P0260,Ningxia,biomass,0.0,0.0,0.0,0.0,0.0,True
2030,P0260,Ningxia,beccs,0.0,0.0,0.0,0.0,0.0,True
2030,P0260,Ningxia,ammonia,0.0,0.0,0.0,0.0,0.0,True
2030,P0261,Xinjiang,unabated,1.0,3696839.9999999995,3.0314087999999995,0.0,0.0,True
2030,P0261,Xinjiang,retire,0.0,0.0,0.0,0.0,0.0,True
2030,P0261,Xinjiang,ccs,0.0,0.0,0.0,0.0,0.0,True
2030,P0261,Xinjiang,biomass,0.0,0.0,0.0,0.0,0.0,True
2030,P0261,Xinjiang,beccs,0.0,0.0,0.0,0.0,0.0,True
2030,P0261,Xinjiang,ammonia,0.0,0.0,0.0,0.0,0.0,True
2030,P0262,Guizhou,unabated,1.0,5696520.0,4.6711464,0.0,0.0,True
2030,P0262,Guizhou,retire,0.0,0.0,0.0,0.0,0.0,True
2030,P0262,Guizhou,ccs,0.0,0.0,0.0,0.0,0.0,True
2030,P0262,Guizhou,biomass,0.0,0.0,0.0,0.0,0.0,True
2030,P0262,Guizhou,beccs,0.0,0.0,0.0,0.0,0.0,True
2030,P0262,Guizhou,ammonia,0.0,0.0,0.0,0.0,0.0,True
2030,P0263,Shaanxi,unabated,1.0,3176600.0,2.604812,0.0,0.0,True
2030,P0263,Shaanxi,retire,0.0,0.0,0.0,0.0,0.0,True
2030,P0263,Shaanxi,ccs,0.0,0.0,0.0,0.0,0.0,True
2030,P0263,Shaanxi,biomass,0.0,0.0,0.0,0.0,0.0,True
2030,P0263,Shaanxi,beccs,0.0,0.0,0.0,0.0,0.0,True
2030,P0263,Shaanxi,ammonia,0.0,0.0,0.0,0.0,0.0,True
2030,P0264,Sichuan,unabated,1.0,5995679.999999999,4.916457599999998,0.0,0.0,True
2030,P0264,Sichuan,retire,0.0,0.0,0.0,0.0,0.0,True
2030,P0264,Sichuan,ccs,0.0,0.0,0.0,0.0,0.0,True
2030,P0264,Sichuan,biomass,0.0,0.0,0.0,0.0,0.0,True
2030,P0264,Sichuan,beccs,0.0,0.0,0.0,0.0,0.0,True
2030,P0264,Sichuan,ammonia,0.0,0.0,0.0,0.0,0.0,True
2030,P0265,Gansu,unabated,1.0,2932720.0,2.4048304,0.0,0.0,True
2030,P0265,Gansu,retire,0.0,0.0,0.0,0.0,0.0,True
2030,P0265,Gansu,ccs,0.0,0.0,0.0,0.0,0.0,True
2030,P0265,Gansu,biomass,0.0,0.0,0.0,0.0,0.0,True
2030,P0265,Gansu,beccs,0.0,0.0,0.0,0.0,0.0,True
2030,P0265,Gansu,ammonia,0.0,0.0,0.0,0.0,0.0,True
2030,P0266,Heilongjiang,unabated,1.0,939195.0000000001,0.7701399,0.0,0.0,True
2030,P0266,Heilongjiang,retire,0.0,0.0,0.0,0.0,0.0,True
2030,P0266,Heilongjiang,ccs,0.0,0.0,0.0,0.0,0.0,True
2030,P0266,Heilongjiang,biomass,0.0,0.0,0.0,0.0,0.0,True
2030,P0266,Heilongjiang,beccs,0.0,0.0,0.0,0.0,0.0,True
2030,P0266,Heilongjiang,ammonia,0.0,0.0,0.0,0.0,0.0,True
2030,P0267,Hubei,unabated,1.0,17473136.0,14.32797152,0.0,0.0,True
2030,P0267,Hubei,retire,0.0,0.0,0.0,0.0,0.0,True
2030,P0267,Hubei,ccs,0.0,0.0,0.0,0.0,0.0,True
2030,P0267,Hubei,biomass,0.0,0.0,0.0,0.0,0.0,True
2030,P0267,Hubei,beccs,0.0,0.0,0.0,0.0,0.0,True
2030,P0267,Hubei,ammonia,0.0,0.0,0.0,0.0,0.0,True
2030,P0268,Inner Mongolia,unabated,1.0,452835.0,0.37132469999999995,0.0,0.0,True
2030,P0268,Inner Mongolia,retire,0.0,0.0,0.0,0.0,0.0,True
2030,P0268,Inner Mongolia,ccs,0.0,0.0,0.0,0.0,0.0,True
2030,P0268,Inner Mongolia,biomass,0.0,0.0,0.0,0.0,0.0,True
2030,P0268,Inner Mongolia,beccs,0.0,0.0,0.0,0.0,0.0,True
2030,P0268,Inner Mongolia,ammonia,0.0,0.0,0.0,0.0,0.0,True
2030,P0269,Guangdong,unabated,1.0,77191239.2,63.296816144000005,0.0,0.0,True
2030,P0269,Guangdong,retire,0.0,0.0,0.0,0.0,0.0,True
2030,P0269,Guangdong,ccs,0.0,0.0,0.0,0.0,0.0,True
2030,P0269,Guangdong,biomass,0.0,0.0,0.0,0.0,0.0,True
2030,P0269,Guangdong,beccs,0.0,0.0,0.0,0.0,0.0,True
2030,P0269,Guangdong,ammonia,0.0,0.0,0.0,0.0,0.0,True
2030,P0270,Xinjiang,unabated,1.0,3168719.9999999995,2.5983503999999993,0.0,0.0,True
2030,P0270,Xinjiang,retire,0.0,0.0,0.0,0.0,0.0,True
2030,P0270,Xinjiang,ccs,0.0,0.0,0.0,0.0,0.0,True
2030,P0270,Xinjiang,biomass,0.0,0.0,0.0,0.0,0.0,True
2030,P0270,Xinjiang,beccs,0.0,0.0,0.0,0.0,0.0,True
2030,P0270,Xinjiang,ammonia,0.0,0.0,0.0,0.0,0.0,True
2030,P0271,Guangdong,unabated,1.0,2899020.0,2.3771964,0.0,0.0,True
2030,P0271,Guangdong,retire,0.0,0.0,0.0,0.0,0.0,True
2030,P0271,Guangdong,ccs,0.0,0.0,0.0,0.0,0.0,True
2030,P0271,Guangdong,biomass,0.0,0.0,0.0,0.0,0.0,True
2030,P0271,Guangdong,beccs,0.0,0.0,0.0,0.0,0.0,True
2030,P0271,Guangdong,ammonia,0.0,0.0,0.0,0.0,0.0,True
2030,P0272,Qinghai,unabated,1.0,5408039.999999999,4.434592799999999,0.0,0.0,True
2030,P0272,Qinghai,retire,0.0,0.0,0.0,0.0,0.0,True
2030,P0272,Qinghai,ccs,0.0,0.0,0.0,0.0,0.0,True
2030,P0272,Qinghai,biomass,0.0,0.0,0.0,0.0,0.0,True
2030,P0272,Qinghai,beccs,0.0,0.0,0.0,0.0,0.0,True
2030,P0272,Qinghai,ammonia,0.0,0.0,0.0,0.0,0.0,True
2030,P0273,Fujian,unabated,1.0,3075720.0,2.5220903999999997,0.0,0.0,True
2030,P0273,Fujian,retire,0.0,0.0,0.0,0.0,0.0,True
2030,P0273,Fujian,ccs,0.0,0.0,0.0,0.0,0.0,True
2030,P0273,Fujian,biomass,0.0,0.0,0.0,0.0,0.0,True
2030,P0273,Fujian,beccs,0.0,0.0,0.0,0.0,0.0,True
2030,P0273,Fujian,ammonia,0.0,0.0,0.0,0.0,0.0,True
2030,P0274,Hebei,unabated,1.0,6237140.0,5.1144548,0.0,0.0,True
2030,P0274,Hebei,retire,0.0,0.0,0.0,0.0,0.0,True
2030,P0274,Hebei,ccs,0.0,0.0,0.0,0.0,0.0,True
2030,P0274,Hebei,biomass,0.0,0.0,0.0,0.0,0.0,True
2030,P0274,Hebei,beccs,0.0,0.0,0.0,0.0,0.0,True
2030,P0274,Hebei,ammonia,0.0,0.0,0.0,0.0,0.0,True
2030,P0275,Gansu,unabated,1.0,15166352.000000002,12.43640864,0.0,0.0,True
2030,P0275,Gansu,retire,0.0,0.0,0.0,0.0,0.0,True
2030,P0275,Gansu,ccs,0.0,0.0,0.0,0.0,0.0,True
2030,P0275,Gansu,biomass,0.0,0.0,0.0,0.0,0.0,True
2030,P0275,Gansu,beccs,0.0,0.0,0.0,0.0,0.0,True
2030,P0275,Gansu,ammonia,0.0,0.0,0.0,0.0,0.0,True
2030,P0276,Xinjiang,unabated,1.0,3168719.9999999995,2.5983503999999993,0.0,0.0,True
2030,P0276,Xinjiang,retire,0.0,0.0,0.0,0.0,0.0,True
2030,P0276,Xinjiang,ccs,0.0,0.0,0.0,0.0,0.0,True
2030,P0276,Xinjiang,biomass,0.0,0.0,0.0,0.0,0.0,True
2030,P0276,Xinjiang,beccs,0.0,0.0,0.0,0.0,0.0,True
2030,P0276,Xinjiang,ammonia,0.0,0.0,0.0,0.0,0.0,True
2030,P0277,Guangxi,unabated,0.0,0.0,0.0,0.0,0.0,True
2030,P0277,Guangxi,retire,0.0,0.0,0.0,0.0,0.0,True
2030,P0277,Guangxi,ccs,0.0,0.0,0.0,0.0,0.0,True
2030,P0277,Guangxi,biomass,1.0,3350620.0,2.7475084,2.7475084,0.0,True
2030,P0277,Guangxi,beccs,0.0,0.0,0.0,0.0,0.0,True
2030,P0277,Guangxi,ammonia,0.0,0.0,0.0,0.0,0.0,True
2030,P0278,Inner Mongolia,unabated,1.0,8151030.0,6.6838446,0.0,0.0,True
2030,P0278,Inner Mongolia,retire,0.0,0.0,0.0,0.0,0.0,True
2030,P0278,Inner Mongolia,ccs,0.0,0.0,0.0,0.0,0.0,True
2030,P0278,Inner Mongolia,biomass,0.0,0.0,0.0,0.0,0.0,True
2030,P0278,Inner Mongolia,beccs,0.0,0.0,0.0,0.0,0.0,True
2030,P0278,Inner Mongolia,ammonia,0.0,0.0,0.0,0.0,0.0,True
2030,P0279,Guangxi,unabated,0.0,0.0,0.0,0.0,0.0,True
2030,P0279,Guangxi,retire,0.0,0.0,0.0,0.0,0.0,True
2030,P0279,Guangxi,ccs,0.0,0.0,0.0,0.0,0.0,True
2030,P0279,Guangxi,biomass,1.0,5743920.0,4.7100143999999995,4.7100143999999995,0.0,True
2030,P0279,Guangxi,beccs,0.0,0.0,0.0,0.0,0.0,True
2030,P0279,Guangxi,ammonia,0.0,0.0,0.0,0.0,0.0,True
2030,P0280,Anhui,unabated,1.0,6708372.000000001,5.50086504,0.0,0.0,True
2030,P0280,Anhui,retire,0.0,0.0,0.0,0.0,0.0,True
2030,P0280,Anhui,ccs,0.0,0.0,0.0,0.0,0.0,True
2030,P0280,Anhui,biomass,0.0,0.0,0.0,0.0,0.0,True
2030,P0280,Anhui,beccs,0.0,0.0,0.0,0.0,0.0,True
2030,P0280,Anhui,ammonia,0.0,0.0,0.0,0.0,0.0,True
2030,P0281,Xinjiang,unabated,1.0,10668023.999999998,8.747779679999997,0.0,0.0,True
2030,P0281,Xinjiang,retire,0.0,0.0,0.0,0.0,0.0,True
2030,P0281,Xinjiang,ccs,0.0,0.0,0.0,0.0,0.0,True
2030,P0281,Xinjiang,biomass,0.0,0.0,0.0,0.0,0.0,True
2030,P0281,Xinjiang,beccs,0.0,0.0,0.0,0.0,0.0,True
2030,P0281,Xinjiang,ammonia,0.0,0.0,0.0,0.0,0.0,True
2030,P0282,Shandong,unabated,1.0,3532491.0000000005,2.89664262,0.0,0.0,True
2030,P0282,Shandong,retire,0.0,0.0,0.0,0.0,0.0,True
2030,P0282,Shandong,ccs,0.0,0.0,0.0,0.0,0.0,True
2030,P0282,Shandong,biomass,0.0,0.0,0.0,0.0,0.0,True
2030,P0282,Shandong,beccs,0.0,0.0,0.0,0.0,0.0,True
2030,P0282,Shandong,ammonia,0.0,0.0,0.0,0.0,0.0,True
2030,P0283,Hubei,unabated,1.0,4949472.0,4.05856704,0.0,0.0,True
2030,P0283,Hubei,retire,0.0,0.0,0.0,0.0,0.0,True
2030,P0283,Hubei,ccs,0.0,0.0,0.0,0.0,0.0,True
2030,P0283,Hubei,biomass,0.0,0.0,0.0,0.0,0.0,True
2030,P0283,Hubei,beccs,0.0,0.0,0.0,0.0,0.0,True
2030,P0283,Hubei,ammonia,0.0,0.0,0.0,0.0,0.0,True
2030,P0284,Shandong,unabated,1.0,38377680.00000001,31.469697600000003,0.0,0.0,True
2030,P0284,Shandong,retire,0.0,0.0,0.0,0.0,0.0,True
2030,P0284,Shandong,ccs,0.0,0.0,0.0,0.0,0.0,True
2030,P0284,Shandong,biomass,0.0,0.0,0.0,0.0,0.0,True
2030,P0284,Shandong,beccs,0.0,0.0,0.0,0.0,0.0,True
2030,P0284,Shandong,ammonia,0.0,0.0,0.0,0.0,0.0,True
2030,P0285,Yunnan,unabated,1.0,5378639.999999999,4.410484799999999,0.0,0.0,True
2030,P0285,Yunnan,retire,0.0,0.0,0.0,0.0,0.0,True
2030,P0285,Yunnan,ccs,0.0,0.0,0.0,0.0,0.0,True
2030,P0285,Yunnan,biomass,0.0,0.0,0.0,0.0,0.0,True
2030,P0285,Yunnan,beccs,0.0,0.0,0.0,0.0,0.0,True
2030,P0285,Yunnan,ammonia,0.0,0.0,0.0,0.0,0.0,True
2030,P0286,Jiangxi,unabated,0.0,0.0,0.0,0.0,0.0,True
2030,P0286,Jiangxi,retire,0.0,0.0,0.0,0.0,0.0,True
2030,P0286,Jiangxi,ccs,0.0,0.0,0.0,0.0,0.0,True
2030,P0286,Jiangxi,biomass,1.0,7149600.0,5.862672,5.862672,0.0,True
2030,P0286,Jiangxi,beccs,0.0,0.0,0.0,0.0,0.0,True
2030,P0286,Jiangxi,ammonia,0.0,0.0,0.0,0.0,0.0,True
2030,P0287,Gansu,unabated,1.0,5530272.0,4.53482304,0.0,0.0,True
2030,P0287,Gansu,retire,0.0,0.0,0.0,0.0,0.0,True
2030,P0287,Gansu,ccs,0.0,0.0,0.0,0.0,0.0,True
2030,P0287,Gansu,biomass,0.0,0.0,0.0,0.0,0.0,True
2030,P0287,Gansu,beccs,0.0,0.0,0.0,0.0,0.0,True
2030,P0287,Gansu,ammonia,0.0,0.0,0.0,0.0,0.0,True
2030,P0288,Inner Mongolia,unabated,1.0,6641580.0,5.4460956,0.0,0.0,True
2030,P0288,Inner Mongolia,retire,0.0,0.0,0.0,0.0,0.0,True
2030,P0288,Inner Mongolia,ccs,0.0,0.0,0.0,0.0,0.0,True
2030,P0288,Inner Mongolia,biomass,0.0,0.0,0.0,0.0,0.0,True
2030,P0288,Inner Mongolia,beccs,0.0,0.0,0.0,0.0,0.0,True
2030,P0288,Inner Mongolia,ammonia,0.0,0.0,0.0,0.0,0.0,True
2030,P0289,Inner Mongolia,unabated,1.0,2566065.0,2.1041733,0.0,0.0,True
2030,P0289,Inner Mongolia,retire,0.0,0.0,0.0,0.0,0.0,True
2030,P0289,Inner Mongolia,ccs,0.0,0.0,0.0,0.0,0.0,True
2030,P0289,Inner Mongolia,biomass,0.0,0.0,0.0,0.0,0.0,True
2030,P0289,Inner Mongolia,beccs,0.0,0.0,0.0,0.0,0.0,True
2030,P0289,Inner Mongolia,ammonia,0.0,0.0,0.0,0.0,0.0,True
2030,P0290,Guizhou,unabated,1.0,8829606.0,7.24027692,0.0,0.0,True
2030,P0290,Guizhou,retire,0.0,0.0,0.0,0.0,0.0,True
2030,P0290,Guizhou,ccs,0.0,0.0,0.0,0.0,0.0,True
2030,P0290,Guizhou,biomass,0.0,0.0,0.0,0.0,0.0,True
2030,P0290,Guizhou,beccs,0.0,0.0,0.0,0.0,0.0,True
2030,P0290,Guizhou,ammonia,0.0,0.0,0.0,0.0,0.0,True
2030,P0291,Shanxi,unabated,1.0,4490615.0,3.6823042999999998,0.0,0.0,True
2030,P0291,Shanxi,retire,0.0,0.0,0.0,0.0,0.0,True
2030,P0291,Shanxi,ccs,0.0,0.0,0.0,0.0,0.0,True
2030,P0291,Shanxi,biomass,0.0,0.0,0.0,0.0,0.0,True
2030,P0291,Shanxi,beccs,0.0,0.0,0.0,0.0,0.0,True
2030,P0291,Shanxi,ammonia,0.0,0.0,0.0,0.0,0.0,True
2030,P0292,Chongqing,unabated,1.0,2876520.0,2.3587464,0.0,0.0,True
2030,P0292,Chongqing,retire,0.0,0.0,0.0,0.0,0.0,True
2030,P0292,Chongqing,ccs,0.0,0.0,0.0,0.0,0.0,True
2030,P0292,Chongqing,biomass,0.0,0.0,0.0,0.0,0.0,True
2030,P0292,Chongqing,beccs,0.0,0.0,0.0,0.0,0.0,True
2030,P0292,Chongqing,ammonia,0.0,0.0,0.0,0.0,0.0,True
2030,P0293,Chongqing,unabated,1.0,958840.0,0.7862488,0.0,0.0,True
2030,P0293,Chongqing,retire,0.0,0.0,0.0,0.0,0.0,True
2030,P0293,Chongqing,ccs,0.0,0.0,0.0,0.0,0.0,True
2030,P0293,Chongqing,biomass,0.0,0.0,0.0,0.0,0.0,True
2030,P0293,Chongqing,beccs,0.0,0.0,0.0,0.0,0.0,True
2030,P0293,Chongqing,ammonia,0.0,0.0,0.0,0.0,0.0,True
2030,P0294,Jiangxi,unabated,0.0,0.0,0.0,0.0,0.0,True
2030,P0294,Jiangxi,retire,0.0,0.0,0.0,0.0,0.0,True
2030,P0294,Jiangxi,ccs,0.0,0.0,0.0,0.0,0.0,True
2030,P0294,Jiangxi,biomass,1.0,6291647.999999999,5.159151359999998,5.159151359999998,0.0,True
2030,P0294,Jiangxi,beccs,0.0,0.0,0.0,0.0,0.0,True
2030,P0294,Jiangxi,ammonia,0.0,0.0,0.0,0.0,0.0,True
2030,P0295,Guangdong,unabated,1.0,14857477.5,12.183131549999999,0.0,0.0,True
2030,P0295,Guangdong,retire,0.0,0.0,0.0,0.0,0.0,True
2030,P0295,Guangdong,ccs,0.0,0.0,0.0,0.0,0.0,True
2030,P0295,Guangdong,biomass,0.0,0.0,0.0,0.0,0.0,True
2030,P0295,Guangdong,beccs,0.0,0.0,0.0,0.0,0.0,True
2030,P0295,Guangdong,ammonia,0.0,0.0,0.0,0.0,0.0,True
2030,P0296,Henan,unabated,1.0,14182424.0,11.62958768,0.0,0.0,True
2030,P0296,Henan,retire,0.0,0.0,0.0,0.0,0.0,True
2030,P0296,Henan,ccs,0.0,0.0,0.0,0.0,0.0,True
2030,P0296,Henan,biomass,0.0,0.0,0.0,0.0,0.0,True
2030,P0296,Henan,beccs,0.0,0.0,0.0,0.0,0.0,True
2030,P0296,Henan,ammonia,0.0,0.0,0.0,0.0,0.0,True
2030,P0297,Jiangxi,unabated,1.0,9532800.0,7.816895999999999,0.0,0.0,True
2030,P0297,Jiangxi,retire,0.0,0.0,0.0,0.0,0.0,True
2030,P0297,Jiangxi,ccs,0.0,0.0,0.0,0.0,0.0,True
2030,P0297,Jiangxi,biomass,0.0,0.0,0.0,0.0,0.0,True
2030,P0297,Jiangxi,beccs,0.0,0.0,0.0,0.0,0.0,True
2030,P0297,Jiangxi,ammonia,0.0,0.0,0.0,0.0,0.0,True
2030,P0298,Xinjiang,unabated,1.0,5281200.0,4.330584,0.0,0.0,True
2030,P0298,Xinjiang,retire,0.0,0.0,0.0,0.0,0.0,True
2030,P0298,Xinjiang,ccs,0.0,0.0,0.0,0.0,0.0,True
2030,P0298,Xinjiang,biomass,0.0,0.0,0.0,0.0,0.0,True
2030,P0298,Xinjiang,beccs,0.0,0.0,0.0,0.0,0.0,True
2030,P0298,Xinjiang,ammonia,0.0,0.0,0.0,0.0,0.0,True
2030,P0299,Liaoning,unabated,1.0,1612363.9999999998,1.3221384799999998,0.0,0.0,True
2030,P0299,Liaoning,retire,0.0,0.0,0.0,0.0,0.0,True
2030,P0299,Liaoning,ccs,0.0,0.0,0.0,0.0,0.0,True
2030,P0299,Liaoning,biomass,0.0,0.0,0.0,0.0,0.0,True
2030,P0299,Liaoning,beccs,0.0,0.0,0.0,0.0,0.0,True
2030,P0299,Liaoning,ammonia,0.0,0.0,0.0,0.0,0.0,True
2030,P0300,Guangxi,unabated,1.0,6318312.0,5.18101584,0.0,0.0,True
2030,P0300,Guangxi,retire,0.0,0.0,0.0,0.0,0.0,True
2030,P0300,Guangxi,ccs,0.0,0.0,0.0,0.0,0.0,True
2030,P0300,Guangxi,biomass,0.0,0.0,0.0,0.0,0.0,True
2030,P0300,Guangxi,beccs,0.0,0.0,0.0,0.0,0.0,True
2030,P0300,Guangxi,ammonia,0.0,0.0,0.0,0.0,0.0,True
2030,P0301,Jiangsu,unabated,1.0,320992.0,0.26321344,0.0,0.0,True
2030,P0301,Jiangsu,retire,0.0,0.0,0.0,0.0,0.0,True
2030,P0301,Jiangsu,ccs,0.0,0.0,0.0,0.0,0.0,True
2030,P0301,Jiangsu,biomass,0.0,0.0,0.0,0.0,0.0,True
2030,P0301,Jiangsu,beccs,0.0,0.0,0.0,0.0,0.0,True
2030,P0301,Jiangsu,ammonia,0.0,0.0,0.0,0.0,0.0,True
2030,P0302,Xinjiang,unabated,1.0,3696839.9999999995,3.0314087999999995,0.0,0.0,True
2030,P0302,Xinjiang,retire,0.0,0.0,0.0,0.0,0.0,True
2030,P0302,Xinjiang,ccs,0.0,0.0,0.0,0.0,0.0,True
2030,P0302,Xinjiang,biomass,0.0,0.0,0.0,0.0,0.0,True
2030,P0302,Xinjiang,beccs,0.0,0.0,0.0,0.0,0.0,True
2030,P0302,Xinjiang,ammonia,0.0,0.0,0.0,0.0,0.0,True
2030,P0303,Henan,unabated,1.0,4679480.0,3.8371735999999994,0.0,0.0,True
2030,P0303,Henan,retire,0.0,0.0,0.0,0.0,0.0,True
2030,P0303,Henan,ccs,0.0,0.0,0.0,0.0,0.0,True
2030,P0303,Henan,biomass,0.0,0.0,0.0,0.0,0.0,True
2030,P0303,Henan,beccs,0.0,0.0,0.0,0.0,0.0,True
2030,P0303,Henan,ammonia,0.0,0.0,0.0,0.0,0.0,True
2030,P0304,Inner Mongolia,unabated,1.0,503150.0,0.412583,0.0,0.0,True
2030,P0304,Inner Mongolia,retire,0.0,0.0,0.0,0.0,0.0,True
2030,P0304,Inner Mongolia,ccs,0.0,0.0,0.0,0.0,0.0,True
2030,P0304,Inner Mongolia,biomass,0.0,0.0,0.0,0.0,0.0,True
2030,P0304,Inner Mongolia,beccs,0.0,0.0,0.0,0.0,0.0,True
2030,P0304,Inner Mongolia,ammonia,0.0,0.0,0.0,0.0,0.0,True
2030,P0305,Inner Mongolia,unabated,1.0,1509449.9999999998,1.2377489999999998,0.0,0.0,True
2030,P0305,Inner Mongolia,retire,0.0,0.0,0.0,0.0,0.0,True
2030,P0305,Inner Mongolia,ccs,0.0,0.0,0.0,0.0,0.0,True
2030,P0305,Inner Mongolia,biomass,0.0,0.0,0.0,0.0,0.0,True
2030,P0305,Inner Mongolia,beccs,0.0,0.0,0.0,0.0,0.0,True
2030,P0305,Inner Mongolia,ammonia,0.0,0.0,0.0,0.0,0.0,True
2030,P0306,Inner Mongolia,unabated,1.0,3320790.0,2.7230478,0.0,0.0,True
2030,P0306,Inner Mongolia,retire,0.0,0.0,0.0,0.0,0.0,True
2030,P0306,Inner Mongolia,ccs,0.0,0.0,0.0,0.0,0.0,True
2030,P0306,Inner Mongolia,biomass,0.0,0.0,0.0,0.0,0.0,True
2030,P0306,Inner Mongolia,beccs,0.0,0.0,0.0,0.0,0.0,True
2030,P0306,Inner Mongolia,ammonia,0.0,0.0,0.0,0.0,0.0,True
2030,P0307,Hunan,unabated,1.0,15627600.0,12.814632,0.0,0.0,True
2030,P0307,Hunan,retire,0.0,0.0,0.0,0.0,0.0,True
2030,P0307,Hunan,ccs,0.0,0.0,0.0,0.0,0.0,True
2030,P0307,Hunan,biomass,0.0,0.0,0.0,0.0,0.0,True
2030,P0307,Hunan,beccs,0.0,0.0,0.0,0.0,0.0,True
2030,P0307,Hunan,ammonia,0.0,0.0,0.0,0.0,0.0,True
2030,P0308,Qinghai,unabated,1.0,1106190.0,0.9070757999999999,0.0,0.0,True
2030,P0308,Qinghai,retire,0.0,0.0,0.0,0.0,0.0,True
2030,P0308,Qinghai,ccs,0.0,0.0,0.0,0.0,0.0,True
2030,P0308,Qinghai,biomass,0.0,0.0,0.0,0.0,0.0,True
2030,P0308,Qinghai,beccs,0.0,0.0,0.0,0.0,0.0,True
2030,P0308,Qinghai,ammonia,0.0,0.0,0.0,0.0,0.0,True
2030,P0309,Inner Mongolia,unabated,1.0,10063000.0,8.25166,0.0,0.0,True
2030,P0309,Inner Mongolia,retire,0.0,0.0,0.0,0.0,0.0,True
2030,P0309,Inner Mongolia,ccs,0.0,0.0,0.0,0.0,0.0,True
2030,P0309,Inner Mongolia,biomass,0.0,0.0,0.0,0.0,0.0,True
2030,P0309,Inner Mongolia,beccs,0.0,0.0,0.0,0.0,0.0,True
2030,P0309,Inner Mongolia,ammonia,0.0,0.0,0.0,0.0,0.0,True
2030,P0310,Shaanxi,unabated,1.0,11980320.0,9.823862399999998,0.0,0.0,True
2030,P0310,Shaanxi,retire,0.0,0.0,0.0,0.0,0.0,True
2030,P0310,Shaanxi,ccs,0.0,0.0,0.0,0.0,0.0,True
2030,P0310,Shaanxi,biomass,0.0,0.0,0.0,0.0,0.0,True
2030,P0310,Shaanxi,beccs,0.0,0.0,0.0,0.0,0.0,True
2030,P0310,Shaanxi,ammonia,0.0,0.0,0.0,0.0,0.0,True
2030,P0311,Hunan,unabated,0.0,0.0,0.0,0.0,0.0,True
2030,P0311,Hunan,retire,0.0,0.0,0.0,0.0,0.0,True
2030,P0311,Hunan,ccs,0.0,0.0,0.0,0.0,0.0,True
2030,P0311,Hunan,biomass,1.0,5157108.0,4.228828559999999,4.228828559999999,0.0,True
2030,P0311,Hunan,beccs,0.0,0.0,0.0,0.0,0.0,True
2030,P0311,Hunan,ammonia,0.0,0.0,0.0,0.0,0.0,True
2030,P0312,Shanxi,unabated,1.0,2777700.0,2.277714,0.0,0.0,True
2030,P0312,Shanxi,retire,0.0,0.0,0.0,0.0,0.0,True
2030,P0312,Shanxi,ccs,0.0,0.0,0.0,0.0,0.0,True
2030,P0312,Shanxi,biomass,0.0,0.0,0.0,0.0,0.0,True
2030,P0312,Shanxi,beccs,0.0,0.0,0.0,0.0,0.0,True
2030,P0312,Shanxi,ammonia,0.0,0.0,0.0,0.0,0.0,True
2030,P0313,Xinjiang,unabated,1.0,4224959.999999999,3.464467199999999,0.0,0.0,True
2030,P0313,Xinjiang,retire,0.0,0.0,0.0,0.0,0.0,True
2030,P0313,Xinjiang,ccs,0.0,0.0,0.0,0.0,0.0,True
2030,P0313,Xinjiang,biomass,0.0,0.0,0.0,0.0,0.0,True
2030,P0313,Xinjiang,beccs,0.0,0.0,0.0,0.0,0.0,True
2030,P0313,Xinjiang,ammonia,0.0,0.0,0.0,0.0,0.0,True
2030,P0314,Inner Mongolia,unabated,1.0,6037799.999999999,4.950995999999999,0.0,0.0,True
2030,P0314,Inner Mongolia,retire,0.0,0.0,0.0,0.0,0.0,True
2030,P0314,Inner Mongolia,ccs,0.0,0.0,0.0,0.0,0.0,True
2030,P0314,Inner Mongolia,biomass,0.0,0.0,0.0,0.0,0.0,True
2030,P0314,Inner Mongolia,beccs,0.0,0.0,0.0,0.0,0.0,True
2030,P0314,Inner Mongolia,ammonia,0.0,0.0,0.0,0.0,0.0,True
2030,P0315,Jiangxi,unabated,1.0,22974048.0,18.83871936,0.0,0.0,True
2030,P0315,Jiangxi,retire,0.0,0.0,0.0,0.0,0.0,True
2030,P0315,Jiangxi,ccs,0.0,0.0,0.0,0.0,0.0,True
2030,P0315,Jiangxi,biomass,0.0,0.0,0.0,0.0,0.0,True
2030,P0315,Jiangxi,beccs,0.0,0.0,0.0,0.0,0.0,True
2030,P0315,Jiangxi,ammonia,0.0,0.0,0.0,0.0,0.0,True
2030,P0316,Chongqing,unabated,1.0,5753040.0,4.7174928,0.0,0.0,True
2030,P0316,Chongqing,retire,0.0,0.0,0.0,0.0,0.0,True
2030,P0316,Chongqing,ccs,0.0,0.0,0.0,0.0,0.0,True
2030,P0316,Chongqing,biomass,0.0,0.0,0.0,0.0,0.0,True
2030,P0316,Chongqing,beccs,0.0,0.0,0.0,0.0,0.0,True
2030,P0316,Chongqing,ammonia,0.0,0.0,0.0,0.0,0.0,True
2030,P0317,Jiangsu,unabated,1.0,6871235.0,5.6344126999999995,0.0,0.0,True
2030,P0317,Jiangsu,retire,0.0,0.0,0.0,0.0,0.0,True
2030,P0317,Jiangsu,ccs,0.0,0.0,0.0,0.0,0.0,True
2030,P0317,Jiangsu,biomass,0.0,0.0,0.0,0.0,0.0,True
2030,P0317,Jiangsu,beccs,0.0,0.0,0.0,0.0,0.0,True
2030,P0317,Jiangsu,ammonia,0.0,0.0,0.0,0.0,0.0,True
2030,P0318,Jilin,unabated,1.0,1991770.0000000002,1.6332514000000002,0.0,0.0,True
2030,P0318,Jilin,retire,0.0,0.0,0.0,0.0,0.0,True
2030,P0318,Jilin,ccs,0.0,0.0,0.0,0.0,0.0,True
2030,P0318,Jilin,biomass,0.0,0.0,0.0,0.0,0.0,True
2030,P0318,Jilin,beccs,0.0,0.0,0.0,0.0,0.0,True
2030,P0318,Jilin,ammonia,0.0,0.0,0.0,0.0,0.0,True
2030,P0319,Inner Mongolia,unabated,1.0,3522049.9999999995,2.8880809999999997,0.0,0.0,True
2030,P0319,Inner Mongolia,retire,0.0,0.0,0.0,0.0,0.0,True
2030,P0319,Inner Mongolia,ccs,0.0,0.0,0.0,0.0,0.0,True
2030,P0319,Inner Mongolia,biomass,0.0,0.0,0.0,0.0,0.0,True
2030,P0319,Inner Mongolia,beccs,0.0,0.0,0.0,0.0,0.0,True
2030,P0319,Inner Mongolia,ammonia,0.0,0.0,0.0,0.0,0.0,True
2030,P0320,Guizhou,unabated,1.0,1424130.0,1.1677866,0.0,0.0,True
2030,P0320,Guizhou,retire,0.0,0.0,0.0,0.0,0.0,True
2030,P0320,Guizhou,ccs,0.0,0.0,0.0,0.0,0.0,True
2030,P0320,Guizhou,biomass,0.0,0.0,0.0,0.0,0.0,True
2030,P0320,Guizhou,beccs,0.0,0.0,0.0,0.0,0.0,True
2030,P0320,Guizhou,ammonia,0.0,0.0,0.0,0.0,0.0,True
2030,P0321,Jilin,unabated,1.0,2390124.0000000005,1.9599016800000002,0.0,0.0,True
2030,P0321,Jilin,retire,0.0,0.0,0.0,0.0,0.0,True
2030,P0321,Jilin,ccs,0.0,0.0,0.0,0.0,0.0,True
2030,P0321,Jilin,biomass,0.0,0.0,0.0,0.0,0.0,True
2030,P0321,Jilin,beccs,0.0,0.0,0.0,0.0,0.0,True
2030,P0321,Jilin,ammonia,0.0,0.0,0.0,0.0,0.0,True
2030,P0322,Xinjiang,unabated,1.0,3696839.9999999995,3.0314087999999995,0.0,0.0,True
2030,P0322,Xinjiang,retire,0.0,0.0,0.0,0.0,0.0,True
2030,P0322,Xinjiang,ccs,0.0,0.0,0.0,0.0,0.0,True
2030,P0322,Xinjiang,biomass,0.0,0.0,0.0,0.0,0.0,True
2030,P0322,Xinjiang,beccs,0.0,0.0,0.0,0.0,0.0,True
2030,P0322,Xinjiang,ammonia,0.0,0.0,0.0,0.0,0.0,True
2030,P0323,Henan,unabated,1.0,14398400.0,11.806688,0.0,0.0,True
2030,P0323,Henan,retire,0.0,0.0,0.0,0.0,0.0,True
2030,P0323,Henan,ccs,0.0,0.0,0.0,0.0,0.0,True
2030,P0323,Henan,biomass,0.0,0.0,0.0,0.0,0.0,True
2030,P0323,Henan,beccs,0.0,0.0,0.0,0.0,0.0,True
2030,P0323,Henan,ammonia,0.0,0.0,0.0,0.0,0.0,True
2030,P0324,Shaanxi,unabated,1.0,14430840.0,11.833288799999998,0.0,0.0,True
2030,P0324,Shaanxi,retire,0.0,0.0,0.0,0.0,0.0,True
2030,P0324,Shaanxi,ccs,0.0,0.0,0.0,0.0,0.0,True
2030,P0324,Shaanxi,biomass,0.0,0.0,0.0,0.0,0.0,True
2030,P0324,Shaanxi,beccs,0.0,0.0,0.0,0.0,0.0,True
2030,P0324,Shaanxi,ammonia,0.0,0.0,0.0,0.0,0.0,True
2030,P0325,Zhejiang,unabated,1.0,5529764.7,4.534407054,0.0,0.0,True
2030,P0325,Zhejiang,retire,0.0,0.0,0.0,0.0,0.0,True
2030,P0325,Zhejiang,ccs,0.0,0.0,0.0,0.0,0.0,True
2030,P0325,Zhejiang,biomass,0.0,0.0,0.0,0.0,0.0,True
2030,P0325,Zhejiang,beccs,0.0,0.0,0.0,0.0,0.0,True
2030,P0325,Zhejiang,ammonia,0.0,0.0,0.0,0.0,0.0,True
2030,P0326,Zhejiang,unabated,1.0,37944481.5,31.11447483,0.0,0.0,True
2030,P0326,Zhejiang,retire,0.0,0.0,0.0,0.0,0.0,True
2030,P0326,Zhejiang,ccs,0.0,0.0,0.0,0.0,0.0,True
2030,P0326,Zhejiang,biomass,0.0,0.0,0.0,0.0,0.0,True
2030,P0326,Zhejiang,beccs,0.0,0.0,0.0,0.0,0.0,True
2030,P0326,Zhejiang,ammonia,0.0,0.0,0.0,0.0,0.0,True
2030,P0327,Chongqing,unabated,1.0,13711412.0,11.24335784,0.0,0.0,True
2030,P0327,Chongqing,retire,0.0,0.0,0.0,0.0,0.0,True
2030,P0327,Chongqing,ccs,0.0,0.0,0.0,0.0,0.0,True
2030,P0327,Chongqing,biomass,0.0,0.0,0.0,0.0,0.0,True
2030,P0327,Chongqing,beccs,0.0,0.0,0.0,0.0,0.0,True
2030,P0327,Chongqing,ammonia,0.0,0.0,0.0,0.0,0.0,True
2030,P0328,Inner Mongolia,unabated,1.0,11924655.0,9.778217099999999,0.0,0.0,True
2030,P0328,Inner Mongolia,retire,0.0,0.0,0.0,0.0,0.0,True
2030,P0328,Inner Mongolia,ccs,0.0,0.0,0.0,0.0,0.0,True
2030,P0328,Inner Mongolia,biomass,0.0,0.0,0.0,0.0,0.0,True
2030,P0328,Inner Mongolia,beccs,0.0,0.0,0.0,0.0,0.0,True
2030,P0328,Inner Mongolia,ammonia,0.0,0.0,0.0,0.0,0.0,True
2030,P0329,Xinjiang,unabated,1.0,528119.9999999999,0.4330583999999999,0.0,0.0,True
2030,P0329,Xinjiang,retire,0.0,0.0,0.0,0.0,0.0,True
2030,P0329,Xinjiang,ccs,0.0,0.0,0.0,0.0,0.0,True
2030,P0329,Xinjiang,biomass,0.0,0.0,0.0,0.0,0.0,True
2030,P0329,Xinjiang,beccs,0.0,0.0,0.0,0.0,0.0,True
2030,P0329,Xinjiang,ammonia,0.0,0.0,0.0,0.0,0.0,True
2030,P0330,Gansu,unabated,1.0,25137600.0,20.612832,0.0,0.0,True
2030,P0330,Gansu,retire,0.0,0.0,0.0,0.0,0.0,True
2030,P0330,Gansu,ccs,0.0,0.0,0.0,0.0,0.0,True
2030,P0330,Gansu,biomass,0.0,0.0,0.0,0.0,0.0,True
2030,P0330,Gansu,beccs,0.0,0.0,0.0,0.0,0.0,True
2030,P0330,Gansu,ammonia,0.0,0.0,0.0,0.0,0.0,True
2030,P0331,Guangdong,unabated,1.0,25414742.0,20.84008844,0.0,0.0,True
2030,P0331,Guangdong,retire,0.0,0.0,0.0,0.0,0.0,True
2030,P0331,Guangdong,ccs,0.0,0.0,0.0,0.0,0.0,True
2030,P0331,Guangdong,biomass,0.0,0.0,0.0,0.0,0.0,True
2030,P0331,Guangdong,beccs,0.0,0.0,0.0,0.0,0.0,True
2030,P0331,Guangdong,ammonia,0.0,0.0,0.0,0.0,0.0,True
2030,P0332,Hebei,unabated,1.0,17107584.0,14.028218879999999,0.0,0.0,True
2030,P0332,Hebei,retire,0.0,0.0,0.0,0.0,0.0,True
2030,P0332,Hebei,ccs,0.0,0.0,0.0,0.0,0.0,True
2030,P0332,Hebei,biomass,0.0,0.0,0.0,0.0,0.0,True
2030,P0332,Hebei,beccs,0.0,0.0,0.0,0.0,0.0,True
2030,P0332,Hebei,ammonia,0.0,0.0,0.0,0.0,0.0,True
2030,P0333,Guangdong,unabated,1.0,15675001.14,12.8535009348,0.0,0.0,True
2030,P0333,Guangdong,retire,0.0,0.0,0.0,0.0,0.0,True
2030,P0333,Guangdong,ccs,0.0,0.0,0.0,0.0,0.0,True
2030,P0333,Guangdong,biomass,0.0,0.0,0.0,0.0,0.0,True
2030,P0333,Guangdong,beccs,0.0,0.0,0.0,0.0,0.0,True
2030,P0333,Guangdong,ammonia,0.0,0.0,0.0,0.0,0.0,True
2030,P0334,Hebei,unabated,1.0,3118570.0,2.5572274,0.0,0.0,True
2030,P0334,Hebei,retire,0.0,0.0,0.0,0.0,0.0,True
2030,P0334,Hebei,ccs,0.0,0.0,0.0,0.0,0.0,True
2030,P0334,Hebei,biomass,0.0,0.0,0.0,0.0,0.0,True
2030,P0334,Hebei,beccs,0.0,0.0,0.0,0.0,0.0,True
2030,P0334,Hebei,ammonia,0.0,0.0,0.0,0.0,0.0,True
2030,P0335,Hubei,unabated,1.0,17248159.999999996,14.143491199999996,0.0,0.0,True
2030,P0335,Hubei,retire,0.0,0.0,0.0,0.0,0.0,True
2030,P0335,Hubei,ccs,0.0,0.0,0.0,0.0,0.0,True
2030,P0335,Hubei,biomass,0.0,0.0,0.0,0.0,0.0,True
2030,P0335,Hubei,beccs,0.0,0.0,0.0,0.0,0.0,True
2030,P0335,Hubei,ammonia,0.0,0.0,0.0,0.0,0.0,True
2030,P0336,Inner Mongolia,unabated,1.0,10063000.0,8.25166,0.0,0.0,True
2030,P0336,Inner Mongolia,retire,0.0,0.0,0.0,0.0,0.0,True
2030,P0336,Inner Mongolia,ccs,0.0,0.0,0.0,0.0,0.0,True
2030,P0336,Inner Mongolia,biomass,0.0,0.0,0.0,0.0,0.0,True
2030,P0336,Inner Mongolia,beccs,0.0,0.0,0.0,0.0,0.0,True
2030,P0336,Inner Mongolia,ammonia,0.0,0.0,0.0,0.0,0.0,True
2030,P0337,Guizhou,unabated,1.0,3322970.0,2.7248354,0.0,0.0,True
2030,P0337,Guizhou,retire,0.0,0.0,0.0,0.0,0.0,True
2030,P0337,Guizhou,ccs,0.0,0.0,0.0,0.0,0.0,True
2030,P0337,Guizhou,biomass,0.0,0.0,0.0,0.0,0.0,True
2030,P0337,Guizhou,beccs,0.0,0.0,0.0,0.0,0.0,True
2030,P0337,Guizhou,ammonia,0.0,0.0,0.0,0.0,0.0,True
2030,P0338,Guangxi,unabated,0.0,0.0,0.0,0.0,0.0,True
2030,P0338,Guangxi,retire,0.0,0.0,0.0,0.0,0.0,True
2030,P0338,Guangxi,ccs,0.0,0.0,0.0,0.0,0.0,True
2030,P0338,Guangxi,biomass,1.0,2871960.0,2.3550071999999997,2.3550071999999997,0.0,True
2030,P0338,Guangxi,beccs,0.0,0.0,0.0,0.0,0.0,True
2030,P0338,Guangxi,ammonia,0.0,0.0,0.0,0.0,0.0,True
2030,P0339,Hainan,unabated,1.0,3320394.0,2.7227230799999997,0.0,0.0,True
2030,P0339,Hainan,retire,0.0,0.0,0.0,0.0,0.0,True
2030,P0339,Hainan,ccs,0.0,0.0,0.0,0.0,0.0,True
2030,P0339,Hainan,biomass,0.0,0.0,0.0,0.0,0.0,True
2030,P0339,Hainan,beccs,0.0,0.0,0.0,0.0,0.0,True
2030,P0339,Hainan,ammonia,0.0,0.0,0.0,0.0,0.0,True
2030,P0340,Inner Mongolia,unabated,1.0,18817810.0,15.4306042,0.0,0.0,True
2030,P0340,Inner Mongolia,retire,0.0,0.0,0.0,0.0,0.0,True
2030,P0340,Inner Mongolia,ccs,0.0,0.0,0.0,0.0,0.0,True
2030,P0340,Inner Mongolia,biomass,0.0,0.0,0.0,0.0,0.0,True
2030,P0340,Inner Mongolia,beccs,0.0,0.0,0.0,0.0,0.0,True
2030,P0340,Inner Mongolia,ammonia,0.0,0.0,0.0,0.0,0.0,True
2030,P0341,Hebei,unabated,1.0,445510.0,0.3653181999999999,0.0,0.0,True
2030,P0341,Hebei,retire,0.0,0.0,0.0,0.0,0.0,True
2030,P0341,Hebei,ccs,0.0,0.0,0.0,0.0,0.0,True
2030,P0341,Hebei,biomass,0.0,0.0,0.0,0.0,0.0,True
2030,P0341,Hebei,beccs,0.0,0.0,0.0,0.0,0.0,True
2030,P0341,Hebei,ammonia,0.0,0.0,0.0,0.0,0.0,True
2030,P0342,Zhejiang,unabated,1.0,29115678.0,23.874855959999998,0.0,0.0,True
2030,P0342,Zhejiang,retire,0.0,0.0,0.0,0.0,0.0,True
2030,P0342,Zhejiang,ccs,0.0,0.0,0.0,0.0,0.0,True
2030,P0342,Zhejiang,biomass,0.0,0.0,0.0,0.0,0.0,True
2030,P0342,Zhejiang,beccs,0.0,0.0,0.0,0.0,0.0,True
2030,P0342,Zhejiang,ammonia,0.0,0.0,0.0,0.0,0.0,True
2030,P0343,Hunan,unabated,1.0,15315048.0,12.55833936,0.0,0.0,True
2030,P0343,Hunan,retire,0.0,0.0,0.0,0.0,0.0,True
2030,P0343,Hunan,ccs,0.0,0.0,0.0,0.0,0.0,True
2030,P0343,Hunan,biomass,0.0,0.0,0.0,0.0,0.0,True
2030,P0343,Hunan,beccs,0.0,0.0,0.0,0.0,0.0,True
2030,P0343,Hunan,ammonia,0.0,0.0,0.0,0.0,0.0,True
2030,P0344,Xinjiang,unabated,1.0,20913551.999999996,17.14911264,0.0,0.0,True
2030,P0344,Xinjiang,retire,0.0,0.0,0.0,0.0,0.0,True
2030,P0344,Xinjiang,ccs,0.0,0.0,0.0,0.0,0.0,True
2030,P0344,Xinjiang,biomass,0.0,0.0,0.0,0.0,0.0,True
2030,P0344,Xinjiang,beccs,0.0,0.0,0.0,0.0,0.0,True
2030,P0344,Xinjiang,ammonia,0.0,0.0,0.0,0.0,0.0,True
2030,P0345,Gansu,unabated,1.0,8379200.0,6.870944,0.0,0.0,True
2030,P0345,Gansu,retire,0.0,0.0,0.0,0.0,0.0,True
2030,P0345,Gansu,ccs,0.0,0.0,0.0,0.0,0.0,True
2030,P0345,Gansu,biomass,0.0,0.0,0.0,0.0,0.0,True
2030,P0345,Gansu,beccs,0.0,0.0,0.0,0.0,0.0,True
2030,P0345,Gansu,ammonia,0.0,0.0,0.0,0.0,0.0,True
2030,P0346,Inner Mongolia,unabated,1.0,26465690.0,21.701865799999997,0.0,0.0,True
2030,P0346,Inner Mongolia,retire,0.0,0.0,0.0,0.0,0.0,True
2030,P0346,Inner Mongolia,ccs,0.0,0.0,0.0,0.0,0.0,True
2030,P0346,Inner Mongolia,biomass,0.0,0.0,0.0,0.0,0.0,True
2030,P0346,Inner Mongolia,beccs,0.0,0.0,0.0,0.0,0.0,True
2030,P0346,Inner Mongolia,ammonia,0.0,0.0,0.0,0.0,0.0,True
2030,P0347,Ningxia,unabated,1.0,3777884.0,3.09786488,0.0,0.0,True
2030,P0347,Ningxia,retire,0.0,0.0,0.0,0.0,0.0,True
2030,P0347,Ningxia,ccs,0.0,0.0,0.0,0.0,0.0,True
2030,P0347,Ningxia,biomass,0.0,0.0,0.0,0.0,0.0,True
2030,P0347,Ningxia,beccs,0.0,0.0,0.0,0.0,0.0,True
2030,P0347,Ningxia,ammonia,0.0,0.0,0.0,0.0,0.0,True
2030,P0348,Jiangsu,unabated,1.0,25729515.0,21.098202299999997,0.0,0.0,True
2030,P0348,Jiangsu,retire,0.0,0.0,0.0,0.0,0.0,True
2030,P0348,Jiangsu,ccs,0.0,0.0,0.0,0.0,0.0,True
2030,P0348,Jiangsu,biomass,0.0,0.0,0.0,0.0,0.0,True
2030,P0348,Jiangsu,beccs,0.0,0.0,0.0,0.0,0.0,True
2030,P0348,Jiangsu,ammonia,0.0,0.0,0.0,0.0,0.0,True
2030,P0349,Guangdong,unabated,1.0,6281210.0,5.150592199999999,0.0,0.0,True
2030,P0349,Guangdong,retire,0.0,0.0,0.0,0.0,0.0,True
2030,P0349,Guangdong,ccs,0.0,0.0,0.0,0.0,0.0,True
2030,P0349,Guangdong,biomass,0.0,0.0,0.0,0.0,0.0,True
2030,P0349,Guangdong,beccs,0.0,0.0,0.0,0.0,0.0,True
2030,P0349,Guangdong,ammonia,0.0,0.0,0.0,0.0,0.0,True
2030,P0350,Guangxi,unabated,0.0,0.0,0.0,0.0,0.0,True
2030,P0350,Guangxi,retire,0.0,0.0,0.0,0.0,0.0,True
2030,P0350,Guangxi,ccs,0.0,0.0,0.0,0.0,0.0,True
2030,P0350,Guangxi,biomass,1.0,622258.0,0.51025156,0.51025156,0.0,True
2030,P0350,Guangxi,beccs,0.0,0.0,0.0,0.0,0.0,True
2030,P0350,Guangxi,ammonia,0.0,0.0,0.0,0.0,0.0,True
2040,P0001,Fujian,unabated,0.5624912987618149,35351009.90143912,28.987828119180076,0.0,0.0,True
2040,P0001,Fujian,retire,0.0,0.0,0.0,0.0,0.0,True
2040,P0001,Fujian,ccs,0.0,0.0,0.0,0.0,0.0,True
2040,P0001,Fujian,biomass,0.0,0.0,0.0,0.0,0.0,True
2040,P0001,Fujian,beccs,0.43750870123818475,27496202.09856086,22.5468857208199,42.839082869557814,23.336026721048597,True
2040,P0001,Fujian,ammonia,0.0,0.0,0.0,0.0,0.0,True
2040,P0002,Shanxi,unabated,0.5896828283138007,38301011.25111272,31.40682922591243,0.0,0.0,True
2040,P0002,Shanxi,retire,0.4103171716861995,26650873.748887286,21.85371647408757,21.85371647408757,0.0,True
2040,P0002,Shanxi,ccs,0.0,0.0,0.0,0.0,0.0,True
2040,P0002,Shanxi,biomass,0.0,0.0,0.0,0.0,0.0,True
2040,P0002,Shanxi,beccs,0.0,0.0,0.0,0.0,0.0,True
2040,P0002,Shanxi,ammonia,0.0,0.0,0.0,0.0,0.0,True
2040,P0003,Chongqing,unabated,0.0,0.0,0.0,0.0,0.0,True
2040,P0003,Chongqing,retire,0.0,0.0,0.0,0.0,0.0,True
2040,P0003,Chongqing,ccs,0.0,0.0,0.0,0.0,0.0,True
2040,P0003,Chongqing,biomass,0.06666666666666667,2162184.2,1.772991044,1.772991044,0.0,True
2040,P0003,Chongqing,beccs,0.9333333333333333,30270578.8,24.821874616,47.1615617704,25.69064022755681,True
2040,P0003,Chongqing,ammonia,0.0,0.0,0.0,0.0,0.0,True
2040,P0004,Inner Mongolia,unabated,0.6868741736469907,7464975.99416244,6.1212803152132,0.0,0.0,True
2040,P0004,Inner Mongolia,retire,0.0,0.0,0.0,0.0,0.0,True
2040,P0004,Inner Mongolia,ccs,0.31312582635300945,3403064.0058375606,2.7905124847867997,2.51146123630812,2.8881804217543374,True
2040,P0004,Inner Mongolia,biomass,0.0,0.0,0.0,0.0,0.0,True
2040,P0004,Inner Mongolia,beccs,0.0,0.0,0.0,0.0,0.0,True
2040,P0004,Inner Mongolia,ammonia,0.0,0.0,0.0,0.0,0.0,True
2040,P0005,Sichuan,unabated,0.0,0.0,0.0,0.0,0.0,True
2040,P0005,Sichuan,retire,0.0,0.0,0.0,0.0,0.0,True
2040,P0005,Sichuan,ccs,0.0,0.0,0.0,0.0,0.0,True
2040,P0005,Sichuan,biomass,0.3415295657999105,6424664.984448462,5.2682252872477395,5.2682252872477395,0.0,True
2040,P0005,Sichuan,beccs,0.6584704342000901,12386781.015551547,10.157160432752269,19.298604822229308,10.512661047898597,True
2040,P0005,Sichuan,ammonia,0.0,0.0,0.0,0.0,0.0,True
2040,P0006,Hebei,unabated,1.0,22899214.0,18.77735548,0.0,0.0,True
2040,P0006,Hebei,retire,0.0,0.0,0.0,0.0,0.0,True
2040,P0006,Hebei,ccs,0.0,0.0,0.0,0.0,0.0,True
2040,P0006,Hebei,biomass,0.0,0.0,0.0,0.0,0.0,True
2040,P0006,Hebei,beccs,0.0,0.0,0.0,0.0,0.0,True
2040,P0006,Hebei,ammonia,0.0,0.0,0.0,0.0,0.0,True
2040,P0007,Hebei,unabated,1.0,38741549.6,31.768070671999997,0.0,0.0,True
2040,P0007,Hebei,retire,0.0,0.0,0.0,0.0,0.0,True
2040,P0007,Hebei,ccs,0.0,0.0,0.0,0.0,0.0,True
2040,P0007,Hebei,biomass,0.0,0.0,0.0,0.0,0.0,True
2040,P0007,Hebei,beccs,0.0,0.0,0.0,0.0,0.0,True
2040,P0007,Hebei,ammonia,0.0,0.0,0.0,0.0,0.0,True
2040,P0008,Shandong,unabated,0.18168428597684202,2167851.3770733858,1.777638129200176,0.0,0.0,True
2040,P0008,Shandong,retire,0.0,0.0,0.0,0.0,0.0,True
2040,P0008,Shandong,ccs,0.0,0.0,0.0,0.0,0.0,True
2040,P0008,Shandong,biomass,0.8183157140231583,9764118.22292662,8.006576942799827,8.006576942799827,0.0,True
2040,P0008,Shandong,beccs,0.0,0.0,0.0,0.0,0.0,True
2040,P0008,Shandong,ammonia,0.0,0.0,0.0,0.0,0.0,True
2040,P0009,Inner Mongolia,unabated,1.0,107372210.0,88.0452122,0.0,0.0,True
2040,P0009,Inner Mongolia,retire,0.0,0.0,0.0,0.0,0.0,True
2040,P0009,Inner Mongolia,ccs,0.0,0.0,0.0,0.0,0.0,True
2040,P0009,Inner Mongolia,biomass,0.0,0.0,0.0,0.0,0.0,True
2040,P0009,Inner Mongolia,beccs,0.0,0.0,0.0,0.0,0.0,True
2040,P0009,Inner Mongolia,ammonia,0.0,0.0,0.0,0.0,0.0,True
2040,P0010,Yunnan,unabated,0.3697952247565854,6165885.701822757,5.05602627549466,0.0,0.0,True
2040,P0010,Yunnan,retire,0.0,0.0,0.0,0.0,0.0,True
2040,P0010,Yunnan,ccs,0.0,0.0,0.0,0.0,0.0,True
2040,P0010,Yunnan,biomass,0.6302047752434148,10507898.298177244,8.61647660450534,8.61647660450534,0.0,True
2040,P0010,Yunnan,beccs,0.0,0.0,0.0,0.0,0.0,True
2040,P0010,Yunnan,ammonia,0.0,0.0,0.0,0.0,0.0,True
2040,P0011,Guangdong,unabated,0.925627791372746,38149194.97038069,31.282339875712168,0.0,0.0,True
2040,P0011,Guangdong,retire,0.0,0.0,0.0,0.0,0.0,True
2040,P0011,Guangdong,ccs,0.07437220862725426,3065206.0296193166,2.5134689442878395,2.2621220498590553,2.6014403573379137,True
2040,P0011,Guangdong,biomass,0.0,0.0,0.0,0.0,0.0,True
2040,P0011,Guangdong,beccs,0.0,0.0,0.0,0.0,0.0,True
2040,P0011,Guangdong,ammonia,0.0,0.0,0.0,0.0,0.0,True
2040,P0012,Liaoning,unabated,0.0,0.0,0.0,0.0,0.0,True
2040,P0012,Liaoning,retire,0.0,0.0,0.0,0.0,0.0,True
2040,P0012,Liaoning,ccs,0.0,0.0,0.0,0.0,0.0,True
2040,P0012,Liaoning,biomass,1.0,17363920.0,14.238414399999998,14.238414399999998,0.0,True
2040,P0012,Liaoning,beccs,0.0,0.0,0.0,0.0,0.0,True
2040,P0012,Liaoning,ammonia,0.0,0.0,0.0,0.0,0.0,True
2040,P0013,Shanxi,unabated,1.0,81340315.0,66.69905829999999,0.0,0.0,True
2040,P0013,Shanxi,retire,0.0,0.0,0.0,0.0,0.0,True
2040,P0013,Shanxi,ccs,0.0,0.0,0.0,0.0,0.0,True
2040,P0013,Shanxi,biomass,0.0,0.0,0.0,0.0,0.0,True
2040,P0013,Shanxi,beccs,0.0,0.0,0.0,0.0,0.0,True
2040,P0013,Shanxi,ammonia,0.0,0.0,0.0,0.0,0.0,True
2040,P0014,Guangdong,unabated,0.0,0.0,0.0,0.0,0.0,True
2040,P0014,Guangdong,retire,0.0,0.0,0.0,0.0,0.0,True
2040,P0014,Guangdong,ccs,0.0,0.0,0.0,0.0,0.0,True
2040,P0014,Guangdong,biomass,0.0,0.0,0.0,0.0,0.0,True
2040,P0014,Guangdong,beccs,1.0,11885982.0,9.74650524,18.518359955999998,10.087632923399998,True
2040,P0014,Guangdong,ammonia,0.0,0.0,0.0,0.0,0.0,True
2040,P0015,Hunan,unabated,0.0,0.0,0.0,0.0,0.0,True
2040,P0015,Hunan,retire,0.0,0.0,0.0,0.0,0.0,True
2040,P0015,Hunan,ccs,0.0,0.0,0.0,0.0,0.0,True
2040,P0015,Hunan,biomass,1.0,9884457.0,8.10525474,8.10525474,0.0,True
2040,P0015,Hunan,beccs,0.0,0.0,0.0,0.0,0.0,True
2040,P0015,Hunan,ammonia,0.0,0.0,0.0,0.0,0.0,True
2040,P0016,Hubei,unabated,0.006652983490380017,211542.30807408516,0.17346469262074982,0.0,0.0,True
2040,P0016,Hubei,retire,0.0,0.0,0.0,0.0,0.0,True
2040,P0016,Hubei,ccs,0.0,0.0,0.0,0.0,0.0,True
2040,P0016,Hubei,biomass,0.9933470165096197,31585065.691925902,25.899753867379236,25.899753867379236,0.0,True
2040,P0016,Hubei,beccs,0.0,0.0,0.0,0.0,0.0,True
2040,P0016,Hubei,ammonia,0.0,0.0,0.0,0.0,0.0,True
2040,P0017,Jiangsu,unabated,0.5009077329083045,23414661.48462292,19.200022417390795,0.0,0.0,True
2040,P0017,Jiangsu,retire,0.0,0.0,0.0,0.0,0.0,True
2040,P0017,Jiangsu,ccs,0.0,0.0,0.0,0.0,0.0,True
2040,P0017,Jiangsu,biomass,0.0,0.0,0.0,0.0,0.0,True
2040,P0017,Jiangsu,beccs,0.4990922670916955,23329798.51537708,19.130434782609203,36.34782608695748,19.8,True
2040,P0017,Jiangsu,ammonia,0.0,0.0,0.0,0.0,0.0,True
2040,P0018,Jilin,unabated,0.0,0.0,0.0,0.0,0.0,True
2040,P0018,Jilin,retire,0.0,0.0,0.0,0.0,0.0,True
2040,P0018,Jilin,ccs,0.0,0.0,0.0,0.0,0.0,True
2040,P0018,Jilin,biomass,1.0,3838684.0,3.14772088,3.14772088,0.0,True
2040,P0018,Jilin,beccs,0.0,0.0,0.0,0.0,0.0,True
2040,P0018,Jilin,ammonia,0.0,0.0,0.0,0.0,0.0,True
2040,P0019,Hunan,unabated,0.0,0.0,0.0,0.0,0.0,True
2040,P0019,Hunan,retire,0.0,0.0,0.0,0.0,0.0,True
2040,P0019,Hunan,ccs,0.0,0.0,0.0,0.0,0.0,True
2040,P0019,Hunan,biomass,1.0,15119703.0,12.39815646,12.39815646,0.0,True
2040,P0019,Hunan,beccs,0.0,0.0,0.0,0.0,0.0,True
2040,P0019,Hunan,ammonia,0.0,0.0,0.0,0.0,0.0,True
2040,P0020,Zhejiang,unabated,1.0,67514054.1,55.36152436199999,0.0,0.0,True
2040,P0020,Zhejiang,retire,0.0,0.0,0.0,0.0,0.0,True
2040,P0020,Zhejiang,ccs,0.0,0.0,0.0,0.0,0.0,True
2040,P0020,Zhejiang,biomass,0.0,0.0,0.0,0.0,0.0,True
2040,P0020,Zhejiang,beccs,0.0,0.0,0.0,0.0,0.0,True
2040,P0020,Zhejiang,ammonia,0.0,0.0,0.0,0.0,0.0,True
2040,P0021,Shandong,unabated,1.0,45246412.50000001,37.102058250000006,0.0,0.0,True
2040,P0021,Shandong,retire,0.0,0.0,0.0,0.0,0.0,True
2040,P0021,Shandong,ccs,0.0,0.0,0.0,0.0,0.0,True
2040,P0021,Shandong,biomass,0.0,0.0,0.0,0.0,0.0,True
2040,P0021,Shandong,beccs,0.0,0.0,0.0,0.0,0.0,True
2040,P0021,Shandong,ammonia,0.0,0.0,0.0,0.0,0.0,True
2040,P0022,Shandong,unabated,0.0,0.0,0.0,0.0,0.0,True
2040,P0022,Shandong,retire,0.0,0.0,0.0,0.0,0.0,True
2040,P0022,Shandong,ccs,0.0,0.0,0.0,0.0,0.0,True
2040,P0022,Shandong,biomass,1.0,15896209.500000002,13.034891790000001,13.034891790000001,0.0,True
2040,P0022,Shandong,beccs,0.0,0.0,0.0,0.0,0.0,True
2040,P0022,Shandong,ammonia,0.0,0.0,0.0,0.0,0.0,True
2040,P0023,Henan,unabated,0.0,0.0,0.0,0.0,0.0,True
2040,P0023,Henan,retire,0.0,0.0,0.0,0.0,0.0,True
2040,P0023,Henan,ccs,0.0,0.0,0.0,0.0,0.0,True
2040,P0023,Henan,biomass,1.0,20013776.0,16.411296319999998,16.411296319999998,0.0,True
2040,P0023,Henan,beccs,0.0,0.0,0.0,0.0,0.0,True
2040,P0023,Henan,ammonia,0.0,0.0,0.0,0.0,0.0,True
2040,P0024,Chongqing,unabated,0.0,0.0,0.0,0.0,0.0,True
2040,P0024,Chongqing,retire,0.0,0.0,0.0,0.0,0.0,True
2040,P0024,Chongqing,ccs,0.0,0.0,0.0,0.0,0.0,True
2040,P0024,Chongqing,biomass,1.0,5892071.800000001,4.831498876,4.831498876,0.0,True
2040,P0024,Chongqing,beccs,0.0,0.0,0.0,0.0,0.0,True
2040,P0024,Chongqing,ammonia,0.0,0.0,0.0,0.0,0.0,True
2040,P0025,Jilin,unabated,0.0,0.0,0.0,0.0,0.0,True
2040,P0025,Jilin,retire,0.0,0.0,0.0,0.0,0.0,True
2040,P0025,Jilin,ccs,0.0,0.0,0.0,0.0,0.0,True
2040,P0025,Jilin,biomass,0.0,0.0,0.0,0.0,0.0,True
2040,P0025,Jilin,beccs,1.0,15572020.000000002,12.7690564,24.261207159999998,13.215973373999999,True
2040,P0025,Jilin,ammonia,0.0,0.0,0.0,0.0,0.0,True
2040,P0026,Hainan,unabated,0.0,0.0,0.0,0.0,0.0,True
2040,P0026,Hainan,retire,0.0,0.0,0.0,0.0,0.0,True
2040,P0026,Hainan,ccs,0.005069721837242414,53561.053541064015,0.043920063903672486,0.03952805751330524,0.045457266140301024,True
2040,P0026,Hainan,biomass,0.0,0.0,0.0,0.0,0.0,True
2040,P0026,Hainan,beccs,0.9949302781627578,10511328.946458938,8.619289736096329,16.37665049858302,8.9209648768597,True
2040,P0026,Hainan,ammonia,0.0,0.0,0.0,0.0,0.0,True
2040,P0027,Shandong,unabated,0.2614972799167376,15241656.99920088,12.498158739344722,0.0,0.0,True
2040,P0027,Shandong,retire,0.0,0.0,0.0,0.0,0.0,True
2040,P0027,Shandong,ccs,0.0,0.0,0.0,0.0,0.0,True
2040,P0027,Shandong,biomass,0.7385027200832626,43044444.500799134,35.29644449065529,35.29644449065529,0.0,True
2040,P0027,Shandong,beccs,0.0,0.0,0.0,0.0,0.0,True
2040,P0027,Shandong,ammonia,0.0,0.0,0.0,0.0,0.0,True
2040,P0028,Hunan,unabated,0.0,0.0,0.0,0.0,0.0,True
2040,P0028,Hunan,retire,0.0,0.0,0.0,0.0,0.0,True
2040,P0028,Hunan,ccs,0.0,0.0,0.0,0.0,0.0,True
2040,P0028,Hunan,biomass,1.0,22425606.0,18.388996919999997,18.388996919999997,0.0,True
2040,P0028,Hunan,beccs,0.0,0.0,0.0,0.0,0.0,True
2040,P0028,Hunan,ammonia,0.0,0.0,0.0,0.0,0.0,True
2040,P0029,Jilin,unabated,0.0,0.0,0.0,0.0,0.0,True
2040,P0029,Jilin,retire,0.0,0.0,0.0,0.0,0.0,True
2040,P0029,Jilin,ccs,0.0,0.0,0.0,0.0,0.0,True
2040,P0029,Jilin,biomass,0.0,0.0,0.0,0.0,0.0,True
2040,P0029,Jilin,beccs,1.0,434568.0,0.35634575999999996,0.6770569439999999,0.3688178615999999,True
2040,P0029,Jilin,ammonia,0.0,0.0,0.0,0.0,0.0,True
2040,P0030,Jilin,unabated,0.0,0.0,0.0,0.0,0.0,True
2040,P0030,Jilin,retire,0.0,0.0,0.0,0.0,0.0,True
2040,P0030,Jilin,ccs,0.0,0.0,0.0,0.0,0.0,True
2040,P0030,Jilin,biomass,0.0,0.0,0.0,0.0,0.0,True
2040,P0030,Jilin,beccs,1.0,16227493.4,13.306544588,25.282434717199997,13.772273648579999,True
2040,P0030,Jilin,ammonia,0.0,0.0,0.0,0.0,0.0,True
2040,P0031,Shanxi,unabated,0.10806636623706645,2451436.8882230455,2.010178248342897,0.0,0.0,True
2040,P0031,Shanxi,retire,0.0,0.0,0.0,0.0,0.0,True
2040,P0031,Shanxi,ccs,0.0,0.0,0.0,0.0,0.0,True
2040,P0031,Shanxi,biomass,0.0,0.0,0.0,0.0,0.0,True
2040,P0031,Shanxi,beccs,0.8919336337629336,20233113.111776955,16.591152751657102,31.523190228148493,17.1718430979651,True
2040,P0031,Shanxi,ammonia,0.0,0.0,0.0,0.0,0.0,True
2040,P0032,Henan,unabated,0.0,0.0,0.0,0.0,0.0,True
2040,P0032,Henan,retire,0.0,0.0,0.0,0.0,0.0,True
2040,P0032,Henan,ccs,0.0,0.0,0.0,0.0,0.0,True
2040,P0032,Henan,biomass,1.0,8531052.0,6.9954626399999995,6.9954626399999995,0.0,True
2040,P0032,Henan,beccs,0.0,0.0,0.0,0.0,0.0,True
2040,P0032,Henan,ammonia,0.0,0.0,0.0,0.0,0.0,True
2040,P0033,Henan,unabated,0.0,0.0,0.0,0.0,0.0,True
2040,P0033,Henan,retire,0.0,0.0,0.0,0.0,0.0,True
2040,P0033,Henan,ccs,0.0,0.0,0.0,0.0,0.0,True
2040,P0033,Henan,biomass,1.0,22569492.0,18.50698344,18.50698344,0.0,True
2040,P0033,Henan,beccs,0.0,0.0,0.0,0.0,0.0,True
2040,P0033,Henan,ammonia,0.0,0.0,0.0,0.0,0.0,True
2040,P0034,Shandong,unabated,1.0,18403842.0,15.09115044,0.0,0.0,True
2040,P0034,Shandong,retire,0.0,0.0,0.0,0.0,0.0,True
2040,P0034,Shandong,ccs,0.0,0.0,0.0,0.0,0.0,True
2040,P0034,Shandong,biomass,0.0,0.0,0.0,0.0,0.0,True
2040,P0034,Shandong,beccs,0.0,0.0,0.0,0.0,0.0,True
2040,P0034,Shandong,ammonia,0.0,0.0,0.0,0.0,0.0,True
2040,P0035,Anhui,unabated,1.0,46348752.00000001,38.00597664,0.0,0.0,True
2040,P0035,Anhui,retire,0.0,0.0,0.0,0.0,0.0,True
2040,P0035,Anhui,ccs,0.0,0.0,0.0,0.0,0.0,True
2040,P0035,Anhui,biomass,0.0,0.0,0.0,0.0,0.0,True
2040,P0035,Anhui,beccs,0.0,0.0,0.0,0.0,0.0,True
2040,P0035,Anhui,ammonia,0.0,0.0,0.0,0.0,0.0,True
2040,P0036,Jiangsu,unabated,1.0,140042791.0,114.83508862,0.0,0.0,True
2040,P0036,Jiangsu,retire,0.0,0.0,0.0,0.0,0.0,True
2040,P0036,Jiangsu,ccs,0.0,0.0,0.0,0.0,0.0,True
2040,P0036,Jiangsu,biomass,0.0,0.0,0.0,0.0,0.0,True
2040,P0036,Jiangsu,beccs,0.0,0.0,0.0,0.0,0.0,True
2040,P0036,Jiangsu,ammonia,0.0,0.0,0.0,0.0,0.0,True
2040,P0037,Inner Mongolia,unabated,1.0,41962710.0,34.409422199999995,0.0,0.0,True
2040,P0037,Inner Mongolia,retire,0.0,0.0,0.0,0.0,0.0,True
2040,P0037,Inner Mongolia,ccs,0.0,0.0,0.0,0.0,0.0,True
2040,P0037,Inner Mongolia,biomass,0.0,0.0,0.0,0.0,0.0,True
2040,P0037,Inner Mongolia,beccs,0.0,0.0,0.0,0.0,0.0,True
2040,P0037,Inner Mongolia,ammonia,0.0,0.0,0.0,0.0,0.0,True
2040,P0038,Sichuan,unabated,0.0,0.0,0.0,0.0,0.0,True
2040,P0038,Sichuan,retire,0.0,0.0,0.0,0.0,0.0,True
2040,P0038,Sichuan,ccs,0.0,0.0,0.0,0.0,0.0,True
2040,P0038,Sichuan,biomass,0.0,0.0,0.0,0.0,0.0,True
2040,P0038,Sichuan,beccs,1.0,24582287.999999996,20.157476159999998,38.299204704,20.862987825599998,True
2040,P0038,Sichuan,ammonia,0.0,0.0,0.0,0.0,0.0,True
2040,P0039,Heilongjiang,unabated,0.0,0.0,0.0,0.0,0.0,True
2040,P0039,Heilongjiang,retire,0.0,0.0,0.0,0.0,0.0,True
2040,P0039,Heilongjiang,ccs,0.0,0.0,0.0,0.0,0.0,True
2040,P0039,Heilongjiang,biomass,0.0,0.0,0.0,0.0,0.0,True
2040,P0039,Heilongjiang,beccs,1.0,7478775.0,6.1325955,11.65193145,5.924087252999999,True
2040,P0039,Heilongjiang,ammonia,0.0,0.0,0.0,0.0,0.0,True
2040,P0040,Shanxi,unabated,1.0,29397324.999999996,24.105806499999996,0.0,0.0,True
2040,P0040,Shanxi,retire,0.0,0.0,0.0,0.0,0.0,True
2040,P0040,Shanxi,ccs,0.0,0.0,0.0,0.0,0.0,True
2040,P0040,Shanxi,biomass,0.0,0.0,0.0,0.0,0.0,True
2040,P0040,Shanxi,beccs,0.0,0.0,0.0,0.0,0.0,True
2040,P0040,Shanxi,ammonia,0.0,0.0,0.0,0.0,0.0,True
2040,P0041,Hebei,unabated,0.40805098318709465,7071661.867915651,5.798762731690833,0.0,0.0,True
2040,P0041,Hebei,retire,0.0,0.0,0.0,0.0,0.0,True
2040,P0041,Hebei,ccs,0.0,0.0,0.0,0.0,0.0,True
2040,P0041,Hebei,biomass,0.0,0.0,0.0,0.0,0.0,True
2040,P0041,Hebei,beccs,0.5919490168129056,10258677.132084353,8.412115248309169,15.98301897178742,8.70653928199999,True
2040,P0041,Hebei,ammonia,0.0,0.0,0.0,0.0,0.0,True
2040,P0042,Shandong,unabated,0.0,0.0,0.0,0.0,0.0,True
2040,P0042,Shandong,retire,0.0,0.0,0.0,0.0,0.0,True
2040,P0042,Shandong,ccs,0.0,0.0,0.0,0.0,0.0,True
2040,P0042,Shandong,biomass,1.0,27562152.000000004,22.60096464,22.60096464,0.0,True
2040,P0042,Shandong,beccs,0.0,0.0,0.0,0.0,0.0,True
2040,P0042,Shandong,ammonia,0.0,0.0,0.0,0.0,0.0,True
2040,P0043,Anhui,unabated,0.0,0.0,0.0,0.0,0.0,True
2040,P0043,Anhui,retire,0.0,0.0,0.0,0.0,0.0,True
2040,P0043,Anhui,ccs,0.0,0.0,0.0,0.0,0.0,True
2040,P0043,Anhui,biomass,1.0,71657610.0,58.759240199999994,58.759240199999994,0.0,True
2040,P0043,Anhui,beccs,0.0,0.0,0.0,0.0,0.0,True
2040,P0043,Anhui,ammonia,0.0,0.0,0.0,0.0,0.0,True
2040,P0044,Heilongjiang,unabated,0.0,0.0,0.0,0.0,0.0,True
2040,P0044,Heilongjiang,retire,0.0,0.0,0.0,0.0,0.0,True
2040,P0044,Heilongjiang,ccs,0.0,0.0,0.0,0.0,0.0,True
2040,P0044,Heilongjiang,biomass,0.0,0.0,0.0,0.0,0.0,True
2040,P0044,Heilongjiang,beccs,1.0,10278967.500000002,8.428753350000001,16.014631365,8.142175736099999,True
2040,P0044,Heilongjiang,ammonia,0.0,0.0,0.0,0.0,0.0,True
2040,P0045,Henan,unabated,1.0,50070436.0,41.057757519999996,0.0,0.0,True
2040,P0045,Henan,retire,0.0,0.0,0.0,0.0,0.0,True
2040,P0045,Henan,ccs,0.0,0.0,0.0,0.0,0.0,True
2040,P0045,Henan,biomass,0.0,0.0,0.0,0.0,0.0,True
2040,P0045,Henan,beccs,0.0,0.0,0.0,0.0,0.0,True
2040,P0045,Henan,ammonia,0.0,0.0,0.0,0.0,0.0,True
2040,P0046,Zhejiang,unabated,0.7022966851436907,71796034.9709558,58.87274867618377,0.0,0.0,True
2040,P0046,Zhejiang,retire,0.0,0.0,0.0,0.0,0.0,True
2040,P0046,Zhejiang,ccs,0.29770331485630946,30434313.669044208,24.95613720861625,22.460523487754624,25.829602010917817,True
2040,P0046,Zhejiang,biomass,0.0,0.0,0.0,0.0,0.0,True
2040,P0046,Zhejiang,beccs,0.0,0.0,0.0,0.0,0.0,True
2040,P0046,Zhejiang,ammonia,0.0,0.0,0.0,0.0,0.0,True
2040,P0047,Liaoning,unabated,0.0,0.0,0.0,0.0,0.0,True
2040,P0047,Liaoning,retire,0.0,0.0,0.0,0.0,0.0,True
2040,P0047,Liaoning,ccs,0.0,0.0,0.0,0.0,0.0,True
2040,P0047,Liaoning,biomass,1.0,10170295.999999998,8.339642719999999,8.339642719999999,0.0,True
2040,P0047,Liaoning,beccs,0.0,0.0,0.0,0.0,0.0,True
2040,P0047,Liaoning,ammonia,0.0,0.0,0.0,0.0,0.0,True
2040,P0048,Shanxi,unabated,0.0,0.0,0.0,0.0,0.0,True
2040,P0048,Shanxi,retire,0.0,0.0,0.0,0.0,0.0,True
2040,P0048,Shanxi,ccs,0.0,0.0,0.0,0.0,0.0,True
2040,P0048,Shanxi,biomass,0.0,0.0,0.0,0.0,0.0,True
2040,P0048,Shanxi,beccs,1.0,6481300.0,5.314666,10.0978654,5.50067931,True
2040,P0048,Shanxi,ammonia,0.0,0.0,0.0,0.0,0.0,True
2040,P0049,Xinjiang,unabated,0.01142137973366253,82033.28328320922,0.06726729229223156,0.0,0.0,True
2040,P0049,Xinjiang,retire,0.0,0.0,0.0,0.0,0.0,True
2040,P0049,Xinjiang,ccs,0.9885786202663377,7100398.7167167915,5.822326947707769,5.240094252936992,6.026108390877541,True
2040,P0049,Xinjiang,biomass,0.0,0.0,0.0,0.0,0.0,True
2040,P0049,Xinjiang,beccs,0.0,0.0,0.0,0.0,0.0,True
2040,P0049,Xinjiang,ammonia,0.0,0.0,0.0,0.0,0.0,True
2040,P0050,Henan,unabated,0.0,0.0,0.0,0.0,0.0,True
2040,P0050,Henan,retire,0.0,0.0,0.0,0.0,0.0,True
2040,P0050,Henan,ccs,0.0,0.0,0.0,0.0,0.0,True
2040,P0050,Henan,biomass,1.0,7055216.0,5.78527712,5.78527712,0.0,True
2040,P0050,Henan,beccs,0.0,0.0,0.0,0.0,0.0,True
2040,P0050,Henan,ammonia,0.0,0.0,0.0,0.0,0.0,True
2040,P0051,Hebei,unabated,1.0,36442718.0,29.88302876,0.0,0.0,True
2040,P0051,Hebei,retire,0.0,0.0,0.0,0.0,0.0,True
2040,P0051,Hebei,ccs,0.0,0.0,0.0,0.0,0.0,True
2040,P0051,Hebei,biomass,0.0,0.0,0.0,0.0,0.0,True
2040,P0051,Hebei,beccs,0.0,0.0,0.0,0.0,0.0,True
2040,P0051,Hebei,ammonia,0.0,0.0,0.0,0.0,0.0,True
2040,P0052,Jiangsu,unabated,1.0,137274235.0,112.5648727,0.0,0.0,True
2040,P0052,Jiangsu,retire,0.0,0.0,0.0,0.0,0.0,True
2040,P0052,Jiangsu,ccs,0.0,0.0,0.0,0.0,0.0,True
2040,P0052,Jiangsu,biomass,0.0,0.0,0.0,0.0,0.0,True
2040,P0052,Jiangsu,beccs,0.0,0.0,0.0,0.0,0.0,True
2040,P0052,Jiangsu,ammonia,0.0,0.0,0.0,0.0,0.0,True
2040,P0053,Heilongjiang,unabated,0.0,0.0,0.0,0.0,0.0,True
2040,P0053,Heilongjiang,retire,0.0,0.0,0.0,0.0,0.0,True
2040,P0053,Heilongjiang,ccs,0.0,0.0,0.0,0.0,0.0,True
2040,P0053,Heilongjiang,biomass,1.0,9739800.000000002,7.986636000000001,7.986636000000001,0.0,True
2040,P0053,Heilongjiang,beccs,0.0,0.0,0.0,0.0,0.0,True
2040,P0053,Heilongjiang,ammonia,0.0,0.0,0.0,0.0,0.0,True
2040,P0054,Hebei,unabated,0.0,0.0,0.0,0.0,0.0,True
2040,P0054,Hebei,retire,0.0,0.0,0.0,0.0,0.0,True
2040,P0054,Hebei,ccs,0.0,0.0,0.0,0.0,0.0,True
2040,P0054,Hebei,biomass,1.0,19691542.0,16.14706444,16.14706444,0.0,True
2040,P0054,Hebei,beccs,0.0,0.0,0.0,0.0,0.0,True
2040,P0054,Hebei,ammonia,0.0,0.0,0.0,0.0,0.0,True
2040,P0055,Shanxi,unabated,1.0,17129150.0,14.045903,0.0,0.0,True
2040,P0055,Shanxi,retire,0.0,0.0,0.0,0.0,0.0,True
2040,P0055,Shanxi,ccs,0.0,0.0,0.0,0.0,0.0,True
2040,P0055,Shanxi,biomass,0.0,0.0,0.0,0.0,0.0,True
2040,P0055,Shanxi,beccs,0.0,0.0,0.0,0.0,0.0,True
2040,P0055,Shanxi,ammonia,0.0,0.0,0.0,0.0,0.0,True
2040,P0056,Jiangxi,unabated,0.0,0.0,0.0,0.0,0.0,True
2040,P0056,Jiangxi,retire,0.0,0.0,0.0,0.0,0.0,True
2040,P0056,Jiangxi,ccs,0.0,0.0,0.0,0.0,0.0,True
2040,P0056,Jiangxi,biomass,0.13244002843716085,2537673.8492023917,2.080892556345961,2.080892556345961,0.0,True
2040,P0056,Jiangxi,beccs,0.8675599715628404,16623254.150797632,13.631068403654057,25.899029966942706,14.10815579778195,True
2040,P0056,Jiangxi,ammonia,0.0,0.0,0.0,0.0,0.0,True
2040,P0057,Gansu,unabated,0.0,0.0,0.0,0.0,0.0,True
2040,P0057,Gansu,retire,0.0,0.0,0.0,0.0,0.0,True
2040,P0057,Gansu,ccs,0.0,0.0,0.0,0.0,0.0,True
2040,P0057,Gansu,biomass,0.0,0.0,0.0,0.0,0.0,True
2040,P0057,Gansu,beccs,1.0,12233632.0,10.03157824,19.059998655999998,10.3826834784,True
2040,P0057,Gansu,ammonia,0.0,0.0,0.0,0.0,0.0,True
2040,P0058,Jiangsu,unabated,0.48249798593446247,10926158.44777115,8.959449927172344,0.0,0.0,True
2040,P0058,Jiangsu,retire,0.0,0.0,0.0,0.0,0.0,True
2040,P0058,Jiangsu,ccs,0.0,0.0,0.0,0.0,0.0,True
2040,P0058,Jiangsu,biomass,0.5175020140655375,11718824.052228853,9.609435722827659,9.609435722827659,0.0,True
2040,P0058,Jiangsu,beccs,0.0,0.0,0.0,0.0,0.0,True
2040,P0058,Jiangsu,ammonia,0.0,0.0,0.0,0.0,0.0,True
2040,P0059,Inner Mongolia,unabated,1.0,104755830.0,85.8997806,0.0,0.0,True
2040,P0059,Inner Mongolia,retire,0.0,0.0,0.0,0.0,0.0,True
2040,P0059,Inner Mongolia,ccs,0.0,0.0,0.0,0.0,0.0,True
2040,P0059,Inner Mongolia,biomass,0.0,0.0,0.0,0.0,0.0,True
2040,P0059,Inner Mongolia,beccs,0.0,0.0,0.0,0.0,0.0,True
2040,P0059,Inner Mongolia,ammonia,0.0,0.0,0.0,0.0,0.0,True
2040,P0060,Shandong,unabated,0.3478358608078444,7527090.877887826,6.172214519868017,0.0,0.0,True
2040,P0060,Shandong,retire,0.0,0.0,0.0,0.0,0.0,True
2040,P0060,Shandong,ccs,0.0,0.0,0.0,0.0,0.0,True
2040,P0060,Shandong,biomass,0.6521641391921565,14112687.322112197,11.572403604132,11.572403604132,0.0,True
2040,P0060,Shandong,beccs,0.0,0.0,0.0,0.0,0.0,True
2040,P0060,Shandong,ammonia,0.0,0.0,0.0,0.0,0.0,True
2040,P0061,Shandong,unabated,0.0,0.0,0.0,0.0,0.0,True
2040,P0061,Shandong,retire,0.0,0.0,0.0,0.0,0.0,True
2040,P0061,Shandong,ccs,0.0,0.0,0.0,0.0,0.0,True
2040,P0061,Shandong,biomass,0.09485137160595991,1621532.7615061472,1.3296568644350406,1.3296568644350406,0.0,True
2040,P0061,Shandong,beccs,0.905148628394038,15473979.23849382,12.688662975564931,24.10845965357337,13.132766179709703,True
2040,P0061,Shandong,ammonia,0.0,0.0,0.0,0.0,0.0,True
2040,P0062,Xinjiang,unabated,0.0,0.0,0.0,0.0,0.0,True
2040,P0062,Xinjiang,retire,0.0,0.0,0.0,0.0,0.0,True
2040,P0062,Xinjiang,ccs,0.3223098781544862,1651117.4406541884,1.3539163013364344,1.218524671202791,1.4013033718832095,True
2040,P0062,Xinjiang,biomass,0.0,0.0,0.0,0.0,0.0,True
2040,P0062,Xinjiang,beccs,0.6776901218455167,3471646.5593458265,2.8467501786635774,4.6971377947949025,2.9463864349168025,True
2040,P0062,Xinjiang,ammonia,0.0,0.0,0.0,0.0,0.0,True
2040,P0063,Ningxia,unabated,0.335395243776625,2934300.5424290365,2.4061264447918096,0.0,0.0,True
2040,P0063,Ningxia,retire,0.664604756223375,5814483.457570964,4.76787643520819,4.76787643520819,0.0,True
2040,P0063,Ningxia,ccs,0.0,0.0,0.0,0.0,0.0,True
2040,P0063,Ningxia,biomass,0.0,0.0,0.0,0.0,0.0,True
2040,P0063,Ningxia,beccs,0.0,0.0,0.0,0.0,0.0,True
2040,P0063,Ningxia,ammonia,0.0,0.0,0.0,0.0,0.0,True
2040,P0064,Shandong,unabated,0.0,0.0,0.0,0.0,0.0,True
2040,P0064,Shandong,retire,0.0,0.0,0.0,0.0,0.0,True
2040,P0064,Shandong,ccs,0.0,0.0,0.0,0.0,0.0,True
2040,P0064,Shandong,biomass,1.0,18229398.000000004,14.94810636,14.94810636,0.0,True
2040,P0064,Shandong,beccs,0.0,0.0,0.0,0.0,0.0,True
2040,P0064,Shandong,ammonia,0.0,0.0,0.0,0.0,0.0,True
2040,P0065,Xinjiang,unabated,0.0,0.0,0.0,0.0,0.0,True
2040,P0065,Xinjiang,retire,0.0,0.0,0.0,0.0,0.0,True
2040,P0065,Xinjiang,ccs,1.0,17824049.999999996,14.615720999999997,13.154148899999997,15.127271234999995,True
2040,P0065,Xinjiang,biomass,0.0,0.0,0.0,0.0,0.0,True
2040,P0065,Xinjiang,beccs,0.0,0.0,0.0,0.0,0.0,True
2040,P0065,Xinjiang,ammonia,0.0,0.0,0.0,0.0,0.0,True
2040,P0066,Fujian,unabated,1.0,45243841.199999996,37.099949783999996,0.0,0.0,True
2040,P0066,Fujian,retire,0.0,0.0,0.0,0.0,0.0,True
2040,P0066,Fujian,ccs,0.0,0.0,0.0,0.0,0.0,True
2040,P0066,Fujian,biomass,0.0,0.0,0.0,0.0,0.0,True
2040,P0066,Fujian,beccs,0.0,0.0,0.0,0.0,0.0,True
2040,P0066,Fujian,ammonia,0.0,0.0,0.0,0.0,0.0,True
2040,P0067,Hebei,unabated,0.5246711187500798,17951710.47278193,14.72040258768118,0.0,0.0,True
2040,P0067,Hebei,retire,0.0,0.0,0.0,0.0,0.0,True
2040,P0067,Hebei,ccs,0.0,0.0,0.0,0.0,0.0,True
2040,P0067,Hebei,biomass,0.0,0.0,0.0,0.0,0.0,True
2040,P0067,Hebei,beccs,0.4753288812499208,16263457.52721809,13.336035172318832,25.33846682740578,13.802796403349992,True
2040,P0067,Hebei,ammonia,0.0,0.0,0.0,0.0,0.0,True
2040,P0068,Zhejiang,unabated,0.0,0.0,0.0,0.0,0.0,True
2040,P0068,Zhejiang,retire,0.0,0.0,0.0,0.0,0.0,True
2040,P0068,Zhejiang,ccs,0.1811124370532349,4055159.716560019,3.325230967579216,2.992707870821295,3.441614051444489,True
2040,P0068,Zhejiang,biomass,0.0,0.0,0.0,0.0,0.0,True
2040,P0068,Zhejiang,beccs,0.8188875629467653,18335128.783439986,15.034805602420791,28.566130644599504,15.561023798505516,True
2040,P0068,Zhejiang,ammonia,0.0,0.0,0.0,0.0,0.0,True
2040,P0069,Shaanxi,unabated,0.0,0.0,0.0,0.0,0.0,True
2040,P0069,Shaanxi,retire,0.0,0.0,0.0,0.0,0.0,True
2040,P0069,Shaanxi,ccs,0.0,0.0,0.0,0.0,0.0,True
2040,P0069,Shaanxi,biomass,0.0,0.0,0.0,0.0,0.0,True
2040,P0069,Shaanxi,beccs,1.0,18152000.0,14.88464,28.280815999999998,15.4056024,True
2040,P0069,Shaanxi,ammonia,0.0,0.0,0.0,0.0,0.0,True
2040,P0070,Shandong,unabated,0.0,0.0,0.0,0.0,0.0,True
2040,P0070,Shandong,retire,0.0,0.0,0.0,0.0,0.0,True
2040,P0070,Shandong,ccs,0.0,0.0,0.0,0.0,0.0,True
2040,P0070,Shandong,biomass,1.0,25817712.000000004,21.170523840000005,21.170523840000005,0.0,True
2040,P0070,Shandong,beccs,0.0,0.0,0.0,0.0,0.0,True
2040,P0070,Shandong,ammonia,0.0,0.0,0.0,0.0,0.0,True
2040,P0071,Guizhou,unabated,1.0,23735500.0,19.46311,0.0,0.0,True
2040,P0071,Guizhou,retire,0.0,0.0,0.0,0.0,0.0,True
2040,P0071,Guizhou,ccs,0.0,0.0,0.0,0.0,0.0,True
2040,P0071,Guizhou,biomass,0.0,0.0,0.0,0.0,0.0,True
2040,P0071,Guizhou,beccs,0.0,0.0,0.0,0.0,0.0,True
2040,P0071,Guizhou,ammonia,0.0,0.0,0.0,0.0,0.0,True
2040,P0072,Heilongjiang,unabated,0.0,0.0,0.0,0.0,0.0,True
2040,P0072,Heilongjiang,retire,0.0,0.0,0.0,0.0,0.0,True
2040,P0072,Heilongjiang,ccs,0.0,0.0,0.0,0.0,0.0,True
2040,P0072,Heilongjiang,biomass,0.18704776038529403,1041033.0152003925,0.8536470724643218,0.8536470724643218,0.0,True
2040,P0072,Heilongjiang,beccs,0.8129522396147071,4524566.984799614,3.7101449275356835,7.049275362317798,3.839999999999432,True
2040,P0072,Heilongjiang,ammonia,0.0,0.0,0.0,0.0,0.0,True
2040,P0073,Liaoning,unabated,0.0,0.0,0.0,0.0,0.0,True
2040,P0073,Liaoning,retire,0.0,0.0,0.0,0.0,0.0,True
2040,P0073,Liaoning,ccs,0.0,0.0,0.0,0.0,0.0,True
2040,P0073,Liaoning,biomass,1.0,6340931.499999999,5.199563829999999,5.199563829999999,0.0,True
2040,P0073,Liaoning,beccs,0.0,0.0,0.0,0.0,0.0,True
2040,P0073,Liaoning,ammonia,0.0,0.0,0.0,0.0,0.0,True
2040,P0074,Shaanxi,unabated,0.0,0.0,0.0,0.0,0.0,True
2040,P0074,Shaanxi,retire,1.0,36893940.0,30.253030799999998,30.253030799999998,0.0,True
2040,P0074,Shaanxi,ccs,0.0,0.0,0.0,0.0,0.0,True
2040,P0074,Shaanxi,biomass,0.0,0.0,0.0,0.0,0.0,True
2040,P0074,Shaanxi,beccs,0.0,0.0,0.0,0.0,0.0,True
2040,P0074,Shaanxi,ammonia,0.0,0.0,0.0,0.0,0.0,True
2040,P0075,Henan,unabated,0.0,0.0,0.0,0.0,0.0,True
2040,P0075,Henan,retire,0.0,0.0,0.0,0.0,0.0,True
2040,P0075,Henan,ccs,0.0,0.0,0.0,0.0,0.0,True
2040,P0075,Henan,biomass,1.0,7127208.0,5.844310559999999,5.844310559999999,0.0,True
2040,P0075,Henan,beccs,0.0,0.0,0.0,0.0,0.0,True
2040,P0075,Henan,ammonia,0.0,0.0,0.0,0.0,0.0,True
2040,P0076,Guangxi,unabated,0.0,0.0,0.0,0.0,0.0,True
2040,P0076,Guangxi,retire,0.0,0.0,0.0,0.0,0.0,True
2040,P0076,Guangxi,ccs,0.0,0.0,0.0,0.0,0.0,True
2040,P0076,Guangxi,biomass,1.0,13593944.000000002,11.147034080000001,11.147034080000001,0.0,True
2040,P0076,Guangxi,beccs,0.0,0.0,0.0,0.0,0.0,True
2040,P0076,Guangxi,ammonia,0.0,0.0,0.0,0.0,0.0,True
2040,P0077,Xinjiang,unabated,0.9817406041401427,40544889.502534084,33.24680939207795,0.0,0.0,True
2040,P0077,Xinjiang,retire,0.0,0.0,0.0,0.0,0.0,True
2040,P0077,Xinjiang,ccs,0.018259395859606956,754094.4974555738,0.6183574879135706,0.5565217391222135,0.6399999999905455,True
2040,P0077,Xinjiang,biomass,0.0,0.0,0.0,0.0,0.0,True
2040,P0077,Xinjiang,beccs,0.0,0.0,0.0,0.0,0.0,True
2040,P0077,Xinjiang,ammonia,0.0,0.0,0.0,0.0,0.0,True
2040,P0078,Heilongjiang,unabated,0.0,0.0,0.0,0.0,0.0,True
2040,P0078,Heilongjiang,retire,0.0,0.0,0.0,0.0,0.0,True
2040,P0078,Heilongjiang,ccs,0.0,0.0,0.0,0.0,0.0,True
2040,P0078,Heilongjiang,biomass,0.0,0.0,0.0,0.0,0.0,True
2040,P0078,Heilongjiang,beccs,1.0,18122985.0,14.860847699999999,28.235610629999996,15.380977369499998,True
2040,P0078,Heilongjiang,ammonia,0.0,0.0,0.0,0.0,0.0,True
2040,P0079,Guangxi,unabated,0.08577815852900689,3646001.314500706,2.9897210778905787,0.0,0.0,True
2040,P0079,Guangxi,retire,0.29139913664638567,12385922.634347716,10.156456560165127,10.156456560165127,0.0,True
2040,P0079,Guangxi,ccs,0.0,0.0,0.0,0.0,0.0,True
2040,P0079,Guangxi,biomass,0.0,0.0,0.0,0.0,0.0,True
2040,P0079,Guangxi,beccs,0.6228227048246074,26473084.051151577,21.707928921944294,41.245064951694154,22.467706434212346,True
2040,P0079,Guangxi,ammonia,0.0,0.0,0.0,0.0,0.0,True
2040,P0080,Shandong,unabated,0.0,0.0,0.0,0.0,0.0,True
2040,P0080,Shandong,retire,0.0,0.0,0.0,0.0,0.0,True
2040,P0080,Shandong,ccs,0.0,0.0,0.0,0.0,0.0,True
2040,P0080,Shandong,biomass,1.0,21587445.000000004,17.701704900000003,17.701704900000003,0.0,True
2040,P0080,Shandong,beccs,0.0,0.0,0.0,0.0,0.0,True
2040,P0080,Shandong,ammonia,0.0,0.0,0.0,0.0,0.0,True
2040,P0081,Gansu,unabated,1.0,8798160.0,7.214491199999999,0.0,0.0,True
2040,P0081,Gansu,retire,0.0,0.0,0.0,0.0,0.0,True
2040,P0081,Gansu,ccs,0.0,0.0,0.0,0.0,0.0,True
2040,P0081,Gansu,biomass,0.0,0.0,0.0,0.0,0.0,True
2040,P0081,Gansu,beccs,0.0,0.0,0.0,0.0,0.0,True
2040,P0081,Gansu,ammonia,0.0,0.0,0.0,0.0,0.0,True
2040,P0082,Liaoning,unabated,0.0,0.0,0.0,0.0,0.0,True
2040,P0082,Liaoning,retire,0.0,0.0,0.0,0.0,0.0,True
2040,P0082,Liaoning,ccs,0.0,0.0,0.0,0.0,0.0,True
2040,P0082,Liaoning,biomass,1.0,7751749.999999999,6.356434999999999,6.356434999999999,0.0,True
2040,P0082,Liaoning,beccs,0.0,0.0,0.0,0.0,0.0,True
2040,P0082,Liaoning,ammonia,0.0,0.0,0.0,0.0,0.0,True
2040,P0083,Shaanxi,unabated,1.0,58041020.0,47.5936364,0.0,0.0,True
2040,P0083,Shaanxi,retire,0.0,0.0,0.0,0.0,0.0,True
2040,P0083,Shaanxi,ccs,0.0,0.0,0.0,0.0,0.0,True
2040,P0083,Shaanxi,biomass,0.0,0.0,0.0,0.0,0.0,True
2040,P0083,Shaanxi,beccs,0.0,0.0,0.0,0.0,0.0,True
2040,P0083,Shaanxi,ammonia,0.0,0.0,0.0,0.0,0.0,True
2040,P0084,Shaanxi,unabated,1.0,12207220.0,10.009920399999999,0.0,0.0,True
2040,P0084,Shaanxi,retire,0.0,0.0,0.0,0.0,0.0,True
2040,P0084,Shaanxi,ccs,0.0,0.0,0.0,0.0,0.0,True
2040,P0084,Shaanxi,biomass,0.0,0.0,0.0,0.0,0.0,True
2040,P0084,Shaanxi,beccs,0.0,0.0,0.0,0.0,0.0,True
2040,P0084,Shaanxi,ammonia,0.0,0.0,0.0,0.0,0.0,True
2040,P0085,Jiangsu,unabated,1.0,50405775.00000001,41.3327355,0.0,0.0,True
2040,P0085,Jiangsu,retire,0.0,0.0,0.0,0.0,0.0,True
2040,P0085,Jiangsu,ccs,0.0,0.0,0.0,0.0,0.0,True
2040,P0085,Jiangsu,biomass,0.0,0.0,0.0,0.0,0.0,True
2040,P0085,Jiangsu,beccs,0.0,0.0,0.0,0.0,0.0,True
2040,P0085,Jiangsu,ammonia,0.0,0.0,0.0,0.0,0.0,True
2040,P0086,Shaanxi,unabated,0.0,0.0,0.0,0.0,0.0,True
2040,P0086,Shaanxi,retire,1.0,42929480.0,35.2021736,35.2021736,0.0,True
2040,P0086,Shaanxi,ccs,0.0,0.0,0.0,0.0,0.0,True
2040,P0086,Shaanxi,biomass,0.0,0.0,0.0,0.0,0.0,True
2040,P0086,Shaanxi,beccs,0.0,0.0,0.0,0.0,0.0,True
2040,P0086,Shaanxi,ammonia,0.0,0.0,0.0,0.0,0.0,True
2040,P0087,Hebei,unabated,0.245472323841275,3335491.4373330562,2.735102978613106,0.0,0.0,True
2040,P0087,Hebei,retire,0.0,0.0,0.0,0.0,0.0,True
2040,P0087,Hebei,ccs,0.0,0.0,0.0,0.0,0.0,True
2040,P0087,Hebei,biomass,0.7545276761587251,10252563.562666947,8.407102121386897,8.407102121386897,0.0,True
2040,P0087,Hebei,beccs,0.0,0.0,0.0,0.0,0.0,True
2040,P0087,Hebei,ammonia,0.0,0.0,0.0,0.0,0.0,True
2040,P0088,Zhejiang,unabated,0.0,0.0,0.0,0.0,0.0,True
2040,P0088,Zhejiang,retire,0.0,0.0,0.0,0.0,0.0,True
2040,P0088,Zhejiang,ccs,0.0,0.0,0.0,0.0,0.0,True
2040,P0088,Zhejiang,biomass,0.0,0.0,0.0,0.0,0.0,True
2040,P0088,Zhejiang,beccs,1.0,15775605.0,12.935996099999999,24.578392589999996,13.388755963499998,True
2040,P0088,Zhejiang,ammonia,0.0,0.0,0.0,0.0,0.0,True
2040,P0089,Ningxia,unabated,1.0,131480305.0,107.8138501,0.0,0.0,True
2040,P0089,Ningxia,retire,0.0,0.0,0.0,0.0,0.0,True
2040,P0089,Ningxia,ccs,0.0,0.0,0.0,0.0,0.0,True
2040,P0089,Ningxia,biomass,0.0,0.0,0.0,0.0,0.0,True
2040,P0089,Ningxia,beccs,0.0,0.0,0.0,0.0,0.0,True
2040,P0089,Ningxia,ammonia,0.0,0.0,0.0,0.0,0.0,True
2040,P0090,Guangdong,unabated,1.0,34962181.2,28.668988584,0.0,0.0,True
2040,P0090,Guangdong,retire,0.0,0.0,0.0,0.0,0.0,True
2040,P0090,Guangdong,ccs,0.0,0.0,0.0,0.0,0.0,True
2040,P0090,Guangdong,biomass,0.0,0.0,0.0,0.0,0.0,True
2040,P0090,Guangdong,beccs,0.0,0.0,0.0,0.0,0.0,True
2040,P0090,Guangdong,ammonia,0.0,0.0,0.0,0.0,0.0,True
2040,P0091,Guangdong,unabated,0.0,0.0,0.0,0.0,0.0,True
2040,P0091,Guangdong,retire,0.0,0.0,0.0,0.0,0.0,True
2040,P0091,Guangdong,ccs,0.0,0.0,0.0,0.0,0.0,True
2040,P0091,Guangdong,biomass,0.0,0.0,0.0,0.0,0.0,True
2040,P0091,Guangdong,beccs,1.0,35657946.0,29.23951572,55.555079868,30.262898770199996,True
2040,P0091,Guangdong,ammonia,0.0,0.0,0.0,0.0,0.0,True
2040,P0092,Jiangxi,unabated,0.05982837734119974,2181519.7298570722,1.7888461784827991,0.0,0.0,True
2040,P0092,Jiangxi,retire,0.0,0.0,0.0,0.0,0.0,True
2040,P0092,Jiangxi,ccs,0.0,0.0,0.0,0.0,0.0,True
2040,P0092,Jiangxi,biomass,0.9401716226588225,34281440.27014374,28.110781021517862,28.110781021517862,0.0,True
2040,P0092,Jiangxi,beccs,0.0,0.0,0.0,0.0,0.0,True
2040,P0092,Jiangxi,ammonia,0.0,0.0,0.0,0.0,0.0,True
2040,P0093,Hunan,unabated,1.0,18069412.5,14.81691825,0.0,0.0,True
2040,P0093,Hunan,retire,0.0,0.0,0.0,0.0,0.0,True
2040,P0093,Hunan,ccs,0.0,0.0,0.0,0.0,0.0,True
2040,P0093,Hunan,biomass,0.0,0.0,0.0,0.0,0.0,True
2040,P0093,Hunan,beccs,0.0,0.0,0.0,0.0,0.0,True
2040,P0093,Hunan,ammonia,0.0,0.0,0.0,0.0,0.0,True
2040,P0094,Fujian,unabated,0.0571978741594702,369441.7555705079,0.30294223956781646,0.0,0.0,True
2040,P0094,Fujian,retire,0.0,0.0,0.0,0.0,0.0,True
2040,P0094,Fujian,ccs,0.0,0.0,0.0,0.0,0.0,True
2040,P0094,Fujian,biomass,0.9428021258405298,6089570.244429492,4.993447600432184,4.993447600432184,0.0,True
2040,P0094,Fujian,beccs,0.0,0.0,0.0,0.0,0.0,True
2040,P0094,Fujian,ammonia,0.0,0.0,0.0,0.0,0.0,True
2040,P0095,Anhui,unabated,0.0,0.0,0.0,0.0,0.0,True
2040,P0095,Anhui,retire,0.0,0.0,0.0,0.0,0.0,True
2040,P0095,Anhui,ccs,0.0,0.0,0.0,0.0,0.0,True
2040,P0095,Anhui,biomass,1.0,16313541.000000002,13.377103620000002,13.377103620000002,0.0,True
2040,P0095,Anhui,beccs,0.0,0.0,0.0,0.0,0.0,True
2040,P0095,Anhui,ammonia,0.0,0.0,0.0,0.0,0.0,True
2040,P0096,Guangdong,unabated,0.0,0.0,0.0,0.0,0.0,True
2040,P0096,Guangdong,retire,0.0,0.0,0.0,0.0,0.0,True
2040,P0096,Guangdong,ccs,0.0,0.0,0.0,0.0,0.0,True
2040,P0096,Guangdong,biomass,0.0,0.0,0.0,0.0,0.0,True
2040,P0096,Guangdong,beccs,1.0,22564039.0,18.50251198,35.154772762,19.150099899300002,True
2040,P0096,Guangdong,ammonia,0.0,0.0,0.0,0.0,0.0,True
2040,P0097,Gansu,unabated,0.13761574295744552,1222296.4233923692,1.0022830671817426,0.0,0.0,True
2040,P0097,Gansu,retire,0.0,0.0,0.0,0.0,0.0,True
2040,P0097,Gansu,ccs,0.0,0.0,0.0,0.0,0.0,True
2040,P0097,Gansu,biomass,0.862384257042555,7659655.576607635,6.28091757281826,6.28091757281826,0.0,True
2040,P0097,Gansu,beccs,0.0,0.0,0.0,0.0,0.0,True
2040,P0097,Gansu,ammonia,0.0,0.0,0.0,0.0,0.0,True
2040,P0098,Xinjiang,unabated,1.0,128966903.99999999,105.75286127999999,0.0,0.0,True
2040,P0098,Xinjiang,retire,0.0,0.0,0.0,0.0,0.0,True
2040,P0098,Xinjiang,ccs,0.0,0.0,0.0,0.0,0.0,True
2040,P0098,Xinjiang,biomass,0.0,0.0,0.0,0.0,0.0,True
2040,P0098,Xinjiang,beccs,0.0,0.0,0.0,0.0,0.0,True
2040,P0098,Xinjiang,ammonia,0.0,0.0,0.0,0.0,0.0,True
2040,P0099,Sichuan,unabated,0.0,0.0,0.0,0.0,0.0,True
2040,P0099,Sichuan,retire,0.0,0.0,0.0,0.0,0.0,True
2040,P0099,Sichuan,ccs,0.0,0.0,0.0,0.0,0.0,True
2040,P0099,Sichuan,biomass,0.0,0.0,0.0,0.0,0.0,True
2040,P0099,Sichuan,beccs,1.0,4996399.999999999,4.097047999999999,7.784391199999998,4.240444679999999,True
2040,P0099,Sichuan,ammonia,0.0,0.0,0.0,0.0,0.0,True
2040,P0100,Jiangxi,unabated,0.0,0.0,0.0,0.0,0.0,True
2040,P0100,Jiangxi,retire,0.0,0.0,0.0,0.0,0.0,True
2040,P0100,Jiangxi,ccs,0.0,0.0,0.0,0.0,0.0,True
2040,P0100,Jiangxi,biomass,1.0,15157152.0,12.428864639999999,12.428864639999999,0.0,True
2040,P0100,Jiangxi,beccs,0.0,0.0,0.0,0.0,0.0,True
2040,P0100,Jiangxi,ammonia,0.0,0.0,0.0,0.0,0.0,True
2040,P0101,Qinghai,unabated,0.7740715986076363,15444578.423343016,12.664554307141273,0.0,0.0,True
2040,P0101,Qinghai,retire,0.0,0.0,0.0,0.0,0.0,True
2040,P0101,Qinghai,ccs,0.2259284013923637,4507811.576656983,3.6964054928587267,3.326764943572854,3.8257796851087815,True
2040,P0101,Qinghai,biomass,0.0,0.0,0.0,0.0,0.0,True
2040,P0101,Qinghai,beccs,0.0,0.0,0.0,0.0,0.0,True
2040,P0101,Qinghai,ammonia,0.0,0.0,0.0,0.0,0.0,True
2040,P0102,Hunan,unabated,0.0,0.0,0.0,0.0,0.0,True
2040,P0102,Hunan,retire,0.0,0.0,0.0,0.0,0.0,True
2040,P0102,Hunan,ccs,0.0,0.0,0.0,0.0,0.0,True
2040,P0102,Hunan,biomass,1.0,9845388.0,8.07321816,8.07321816,0.0,True
2040,P0102,Hunan,beccs,0.0,0.0,0.0,0.0,0.0,True
2040,P0102,Hunan,ammonia,0.0,0.0,0.0,0.0,0.0,True
2040,P0103,Inner Mongolia,unabated,1.0,19119700.0,15.678153999999997,0.0,0.0,True
2040,P0103,Inner Mongolia,retire,0.0,0.0,0.0,0.0,0.0,True
2040,P0103,Inner Mongolia,ccs,0.0,0.0,0.0,0.0,0.0,True
2040,P0103,Inner Mongolia,biomass,0.0,0.0,0.0,0.0,0.0,True
2040,P0103,Inner Mongolia,beccs,0.0,0.0,0.0,0.0,0.0,True
2040,P0103,Inner Mongolia,ammonia,0.0,0.0,0.0,0.0,0.0,True
2040,P0104,Inner Mongolia,unabated,1.0,22843010.0,18.7312682,0.0,0.0,True
2040,P0104,Inner Mongolia,retire,0.0,0.0,0.0,0.0,0.0,True
2040,P0104,Inner Mongolia,ccs,0.0,0.0,0.0,0.0,0.0,True
2040,P0104,Inner Mongolia,biomass,0.0,0.0,0.0,0.0,0.0,True
2040,P0104,Inner Mongolia,beccs,0.0,0.0,0.0,0.0,0.0,True
2040,P0104,Inner Mongolia,ammonia,0.0,0.0,0.0,0.0,0.0,True
2040,P0105,Liaoning,unabated,0.0,0.0,0.0,0.0,0.0,True
2040,P0105,Liaoning,retire,0.0,0.0,0.0,0.0,0.0,True
2040,P0105,Liaoning,ccs,0.0,0.0,0.0,0.0,0.0,True
2040,P0105,Liaoning,biomass,0.0,0.0,0.0,0.0,0.0,True
2040,P0105,Liaoning,beccs,1.0,4030910.0,3.3053462,6.28015778,3.4210333169999996,True
2040,P0105,Liaoning,ammonia,0.0,0.0,0.0,0.0,0.0,True
2040,P0106,Hubei,unabated,1.0,39558279.99999999,32.43778959999999,0.0,0.0,True
2040,P0106,Hubei,retire,0.0,0.0,0.0,0.0,0.0,True
2040,P0106,Hubei,ccs,0.0,0.0,0.0,0.0,0.0,True
2040,P0106,Hubei,biomass,0.0,0.0,0.0,0.0,0.0,True
2040,P0106,Hubei,beccs,0.0,0.0,0.0,0.0,0.0,True
2040,P0106,Hubei,ammonia,0.0,0.0,0.0,0.0,0.0,True
2040,P0107,Liaoning,unabated,1.0,14387248.0,11.797543359999999,0.0,0.0,True
2040,P0107,Liaoning,retire,0.0,0.0,0.0,0.0,0.0,True
2040,P0107,Liaoning,ccs,0.0,0.0,0.0,0.0,0.0,True
2040,P0107,Liaoning,biomass,0.0,0.0,0.0,0.0,0.0,True
2040,P0107,Liaoning,beccs,0.0,0.0,0.0,0.0,0.0,True
2040,P0107,Liaoning,ammonia,0.0,0.0,0.0,0.0,0.0,True
2040,P0108,Guangdong,unabated,1.0,22805624.0,18.700611679999998,0.0,0.0,True
2040,P0108,Guangdong,retire,0.0,0.0,0.0,0.0,0.0,True
2040,P0108,Guangdong,ccs,0.0,0.0,0.0,0.0,0.0,True
2040,P0108,Guangdong,biomass,0.0,0.0,0.0,0.0,0.0,True
2040,P0108,Guangdong,beccs,0.0,0.0,0.0,0.0,0.0,True
2040,P0108,Guangdong,ammonia,0.0,0.0,0.0,0.0,0.0,True
2040,P0109,Shaanxi,unabated,0.5506038625517629,20838660.337687563,17.087701476903803,0.0,0.0,True
2040,P0109,Shaanxi,retire,0.0,0.0,0.0,0.0,0.0,True
2040,P0109,Shaanxi,ccs,0.0,0.0,0.0,0.0,0.0,True
2040,P0109,Shaanxi,biomass,0.0,0.0,0.0,0.0,0.0,True
2040,P0109,Shaanxi,beccs,0.44939613744823736,17008259.662312444,13.946772923096203,26.498868553882783,14.43490997540457,True
2040,P0109,Shaanxi,ammonia,0.0,0.0,0.0,0.0,0.0,True
2040,P0110,Guizhou,unabated,1.0,62946546.0,51.61616772,0.0,0.0,True
2040,P0110,Guizhou,retire,0.0,0.0,0.0,0.0,0.0,True
2040,P0110,Guizhou,ccs,0.0,0.0,0.0,0.0,0.0,True
2040,P0110,Guizhou,biomass,0.0,0.0,0.0,0.0,0.0,True
2040,P0110,Guizhou,beccs,0.0,0.0,0.0,0.0,0.0,True
2040,P0110,Guizhou,ammonia,0.0,0.0,0.0,0.0,0.0,True
2040,P0111,Guangxi,unabated,0.0,0.0,0.0,0.0,0.0,True
2040,P0111,Guangxi,retire,0.0,0.0,0.0,0.0,0.0,True
2040,P0111,Guangxi,ccs,0.0,0.0,0.0,0.0,0.0,True
2040,P0111,Guangxi,biomass,1.0,587794.48,0.48199147359999994,0.48199147359999994,0.0,True
2040,P0111,Guangxi,beccs,0.0,0.0,0.0,0.0,0.0,True
2040,P0111,Guangxi,ammonia,0.0,0.0,0.0,0.0,0.0,True
2040,P0112,Guangdong,unabated,1.0,41166084.0,33.756188879999996,0.0,0.0,True
2040,P0112,Guangdong,retire,0.0,0.0,0.0,0.0,0.0,True
2040,P0112,Guangdong,ccs,0.0,0.0,0.0,0.0,0.0,True
2040,P0112,Guangdong,biomass,0.0,0.0,0.0,0.0,0.0,True
2040,P0112,Guangdong,beccs,0.0,0.0,0.0,0.0,0.0,True
2040,P0112,Guangdong,ammonia,0.0,0.0,0.0,0.0,0.0,True
2040,P0113,Inner Mongolia,unabated,0.5855028133645196,11783829.621774321,9.662740289854943,0.0,0.0,True
2040,P0113,Inner Mongolia,retire,0.0,0.0,0.0,0.0,0.0,True
2040,P0113,Inner Mongolia,ccs,0.0,0.0,0.0,0.0,0.0,True
2040,P0113,Inner Mongolia,biomass,0.0,0.0,0.0,0.0,0.0,True
2040,P0113,Inner Mongolia,beccs,0.41449718663548346,8342170.37822574,6.840579710145106,12.997101449275702,7.080000000000184,True
2040,P0113,Inner Mongolia,ammonia,0.0,0.0,0.0,0.0,0.0,True
2040,P0114,Guangxi,unabated,0.0,0.0,0.0,0.0,0.0,True
2040,P0114,Guangxi,retire,0.0,0.0,0.0,0.0,0.0,True
2040,P0114,Guangxi,ccs,0.0,0.0,0.0,0.0,0.0,True
2040,P0114,Guangxi,biomass,0.0,0.0,0.0,0.0,0.0,True
2040,P0114,Guangxi,beccs,1.0,29485456.0,24.17807392,45.938340448,25.0243065072,True
2040,P0114,Guangxi,ammonia,0.0,0.0,0.0,0.0,0.0,True
2040,P0115,Shandong,unabated,0.0,0.0,0.0,0.0,0.0,True
2040,P0115,Shandong,retire,0.0,0.0,0.0,0.0,0.0,True
2040,P0115,Shandong,ccs,0.0,0.0,0.0,0.0,0.0,True
2040,P0115,Shandong,biomass,1.0,9550809.0,7.83166338,7.83166338,0.0,True
2040,P0115,Shandong,beccs,0.0,0.0,0.0,0.0,0.0,True
2040,P0115,Shandong,ammonia,0.0,0.0,0.0,0.0,0.0,True
2040,P0116,Liaoning,unabated,0.0,0.0,0.0,0.0,0.0,True
2040,P0116,Liaoning,retire,0.0,0.0,0.0,0.0,0.0,True
2040,P0116,Liaoning,ccs,0.0,0.0,0.0,0.0,0.0,True
2040,P0116,Liaoning,biomass,1.0,2542573.9999999995,2.0849106799999997,2.0849106799999997,0.0,True
2040,P0116,Liaoning,beccs,0.0,0.0,0.0,0.0,0.0,True
2040,P0116,Liaoning,ammonia,0.0,0.0,0.0,0.0,0.0,True
2040,P0117,Henan,unabated,0.0,0.0,0.0,0.0,0.0,True
2040,P0117,Henan,retire,0.0,0.0,0.0,0.0,0.0,True
2040,P0117,Henan,ccs,0.0,0.0,0.0,0.0,0.0,True
2040,P0117,Henan,biomass,1.0,8351072.0,6.8478790400000005,6.8478790400000005,0.0,True
2040,P0117,Henan,beccs,0.0,0.0,0.0,0.0,0.0,True
2040,P0117,Henan,ammonia,0.0,0.0,0.0,0.0,0.0,True
2040,P0118,Liaoning,unabated,0.0,0.0,0.0,0.0,0.0,True
2040,P0118,Liaoning,retire,0.0,0.0,0.0,0.0,0.0,True
2040,P0118,Liaoning,ccs,0.0,0.0,0.0,0.0,0.0,True
2040,P0118,Liaoning,biomass,1.0,16867807.999999996,13.831602559999997,13.831602559999997,0.0,True
2040,P0118,Liaoning,beccs,0.0,0.0,0.0,0.0,0.0,True
2040,P0118,Liaoning,ammonia,0.0,0.0,0.0,0.0,0.0,True
2040,P0119,Guizhou,unabated,1.0,27248354.0,22.34365028,0.0,0.0,True
2040,P0119,Guizhou,retire,0.0,0.0,0.0,0.0,0.0,True
2040,P0119,Guizhou,ccs,0.0,0.0,0.0,0.0,0.0,True
2040,P0119,Guizhou,biomass,0.0,0.0,0.0,0.0,0.0,True
2040,P0119,Guizhou,beccs,0.0,0.0,0.0,0.0,0.0,True
2040,P0119,Guizhou,ammonia,0.0,0.0,0.0,0.0,0.0,True
2040,P0120,Inner Mongolia,unabated,1.0,23648049.999999996,19.391400999999995,0.0,0.0,True
2040,P0120,Inner Mongolia,retire,0.0,0.0,0.0,0.0,0.0,True
2040,P0120,Inner Mongolia,ccs,0.0,0.0,0.0,0.0,0.0,True
2040,P0120,Inner Mongolia,biomass,0.0,0.0,0.0,0.0,0.0,True
2040,P0120,Inner Mongolia,beccs,0.0,0.0,0.0,0.0,0.0,True
2040,P0120,Inner Mongolia,ammonia,0.0,0.0,0.0,0.0,0.0,True
2040,P0121,Guangdong,unabated,1.0,32662292.0,26.783079439999998,0.0,0.0,True
2040,P0121,Guangdong,retire,0.0,0.0,0.0,0.0,0.0,True
2040,P0121,Guangdong,ccs,0.0,0.0,0.0,0.0,0.0,True
2040,P0121,Guangdong,biomass,0.0,0.0,0.0,0.0,0.0,True
2040,P0121,Guangdong,beccs,0.0,0.0,0.0,0.0,0.0,True
2040,P0121,Guangdong,ammonia,0.0,0.0,0.0,0.0,0.0,True
2040,P0122,Shaanxi,unabated,0.807826975583245,27091140.0443041,22.21473483632936,0.0,0.0,True
2040,P0122,Shaanxi,retire,0.0,0.0,0.0,0.0,0.0,True
2040,P0122,Shaanxi,ccs,0.1921730244167552,6444679.955695908,5.284637563670644,4.75617380730358,5.469599878399117,True
2040,P0122,Shaanxi,biomass,0.0,0.0,0.0,0.0,0.0,True
2040,P0122,Shaanxi,beccs,0.0,0.0,0.0,0.0,0.0,True
2040,P0122,Shaanxi,ammonia,0.0,0.0,0.0,0.0,0.0,True
2040,P0123,Hebei,unabated,1.0,29973912.800000004,24.578608496000005,0.0,0.0,True
2040,P0123,Hebei,retire,0.0,0.0,0.0,0.0,0.0,True
2040,P0123,Hebei,ccs,0.0,0.0,0.0,0.0,0.0,True
2040,P0123,Hebei,biomass,0.0,0.0,0.0,0.0,0.0,True
2040,P0123,Hebei,beccs,0.0,0.0,0.0,0.0,0.0,True
2040,P0123,Hebei,ammonia,0.0,0.0,0.0,0.0,0.0,True
2040,P0124,Henan,unabated,1.0,42007332.0,34.446012239999995,0.0,0.0,True
2040,P0124,Henan,retire,0.0,0.0,0.0,0.0,0.0,True
2040,P0124,Henan,ccs,0.0,0.0,0.0,0.0,0.0,True
2040,P0124,Henan,biomass,0.0,0.0,0.0,0.0,0.0,True
2040,P0124,Henan,beccs,0.0,0.0,0.0,0.0,0.0,True
2040,P0124,Henan,ammonia,0.0,0.0,0.0,0.0,0.0,True
2040,P0125,Xinjiang,unabated,0.9041024656804355,56867224.16626055,46.63112381633364,0.0,0.0,True
2040,P0125,Xinjiang,retire,0.0,0.0,0.0,0.0,0.0,True
2040,P0125,Xinjiang,ccs,0.09589753431956474,6031867.8337394595,4.946131623666356,4.451518461299721,5.119246230494679,True
2040,P0125,Xinjiang,biomass,0.0,0.0,0.0,0.0,0.0,True
2040,P0125,Xinjiang,beccs,0.0,0.0,0.0,0.0,0.0,True
2040,P0125,Xinjiang,ammonia,0.0,0.0,0.0,0.0,0.0,True
2040,P0126,Jiangsu,unabated,1.0,86326786.00000001,70.78796452000002,0.0,0.0,True
2040,P0126,Jiangsu,retire,0.0,0.0,0.0,0.0,0.0,True
2040,P0126,Jiangsu,ccs,0.0,0.0,0.0,0.0,0.0,True
2040,P0126,Jiangsu,biomass,0.0,0.0,0.0,0.0,0.0,True
2040,P0126,Jiangsu,beccs,0.0,0.0,0.0,0.0,0.0,True
2040,P0126,Jiangsu,ammonia,0.0,0.0,0.0,0.0,0.0,True
2040,P0127,Hebei,unabated,0.0,0.0,0.0,0.0,0.0,True
2040,P0127,Hebei,retire,0.0,0.0,0.0,0.0,0.0,True
2040,P0127,Hebei,ccs,0.0,0.0,0.0,0.0,0.0,True
2040,P0127,Hebei,biomass,1.0,7796425.000000001,6.3930685,6.3930685,0.0,True
2040,P0127,Hebei,beccs,0.0,0.0,0.0,0.0,0.0,True
2040,P0127,Hebei,ammonia,0.0,0.0,0.0,0.0,0.0,True
2040,P0128,Xinjiang,unabated,0.0,0.0,0.0,0.0,0.0,True
2040,P0128,Xinjiang,retire,0.0,0.0,0.0,0.0,0.0,True
2040,P0128,Xinjiang,ccs,0.5720844280583506,2930653.513017908,2.4031358806746845,2.1628222926072165,2.4872456364982987,True
2040,P0128,Xinjiang,biomass,0.0,0.0,0.0,0.0,0.0,True
2040,P0128,Xinjiang,beccs,0.4279155719416494,2192110.486982092,1.7975305993253152,2.516542839055441,1.8604441703017014,True
2040,P0128,Xinjiang,ammonia,0.0,0.0,0.0,0.0,0.0,True
2040,P0129,Inner Mongolia,unabated,1.0,67573045.0,55.4098969,0.0,0.0,True
2040,P0129,Inner Mongolia,retire,0.0,0.0,0.0,0.0,0.0,True
2040,P0129,Inner Mongolia,ccs,0.0,0.0,0.0,0.0,0.0,True
2040,P0129,Inner Mongolia,biomass,0.0,0.0,0.0,0.0,0.0,True
2040,P0129,Inner Mongolia,beccs,0.0,0.0,0.0,0.0,0.0,True
2040,P0129,Inner Mongolia,ammonia,0.0,0.0,0.0,0.0,0.0,True
2040,P0130,Hebei,unabated,0.0,0.0,0.0,0.0,0.0,True
2040,P0130,Hebei,retire,0.0,0.0,0.0,0.0,0.0,True
2040,P0130,Hebei,ccs,0.0,0.0,0.0,0.0,0.0,True
2040,P0130,Hebei,biomass,1.0,5791630.0,4.7491366,4.7491366,0.0,True
2040,P0130,Hebei,beccs,0.0,0.0,0.0,0.0,0.0,True
2040,P0130,Hebei,ammonia,0.0,0.0,0.0,0.0,0.0,True
2040,P0131,Zhejiang,unabated,1.0,68084190.0,55.8290358,0.0,0.0,True
2040,P0131,Zhejiang,retire,0.0,0.0,0.0,0.0,0.0,True
2040,P0131,Zhejiang,ccs,0.0,0.0,0.0,0.0,0.0,True
2040,P0131,Zhejiang,biomass,0.0,0.0,0.0,0.0,0.0,True
2040,P0131,Zhejiang,beccs,0.0,0.0,0.0,0.0,0.0,True
2040,P0131,Zhejiang,ammonia,0.0,0.0,0.0,0.0,0.0,True
2040,P0132,Jilin,unabated,0.0,0.0,0.0,0.0,0.0,True
2040,P0132,Jilin,retire,0.0,0.0,0.0,0.0,0.0,True
2040,P0132,Jilin,ccs,0.0,0.0,0.0,0.0,0.0,True
2040,P0132,Jilin,biomass,0.0,0.0,0.0,0.0,0.0,True
2040,P0132,Jilin,beccs,1.0,6228808.0,5.107622559999999,9.704482864,5.286389349599999,True
2040,P0132,Jilin,ammonia,0.0,0.0,0.0,0.0,0.0,True
2040,P0133,Anhui,unabated,0.0,0.0,0.0,0.0,0.0,True
2040,P0133,Anhui,retire,0.0,0.0,0.0,0.0,0.0,True
2040,P0133,Anhui,ccs,0.0,0.0,0.0,0.0,0.0,True
2040,P0133,Anhui,biomass,0.47549233063181107,14740647.398373956,12.087330866666646,12.087330866666646,0.0,True
2040,P0133,Anhui,beccs,0.5245076693681892,16260162.601626053,13.333333333333366,25.333333333333393,13.8,True
2040,P0133,Anhui,ammonia,0.0,0.0,0.0,0.0,0.0,True
2040,P0134,Shanxi,unabated,1.0,14837547.5,12.166788949999999,0.0,0.0,True
2040,P0134,Shanxi,retire,0.0,0.0,0.0,0.0,0.0,True
2040,P0134,Shanxi,ccs,0.0,0.0,0.0,0.0,0.0,True
2040,P0134,Shanxi,biomass,0.0,0.0,0.0,0.0,0.0,True
2040,P0134,Shanxi,beccs,0.0,0.0,0.0,0.0,0.0,True
2040,P0134,Shanxi,ammonia,0.0,0.0,0.0,0.0,0.0,True
2040,P0135,Liaoning,unabated,0.0,0.0,0.0,0.0,0.0,True
2040,P0135,Liaoning,retire,0.0,0.0,0.0,0.0,0.0,True
2040,P0135,Liaoning,ccs,0.0,0.0,0.0,0.0,0.0,True
2040,P0135,Liaoning,biomass,1.0,5891330.0,4.8308906,4.8308906,0.0,True
2040,P0135,Liaoning,beccs,0.0,0.0,0.0,0.0,0.0,True
2040,P0135,Liaoning,ammonia,0.0,0.0,0.0,0.0,0.0,True
2040,P0136,Inner Mongolia,unabated,0.0,0.0,0.0,0.0,0.0,True
2040,P0136,Inner Mongolia,retire,0.0,0.0,0.0,0.0,0.0,True
2040,P0136,Inner Mongolia,ccs,0.0,0.0,0.0,0.0,0.0,True
2040,P0136,Inner Mongolia,biomass,0.0,0.0,0.0,0.0,0.0,True
2040,P0136,Inner Mongolia,beccs,1.0,4427720.0,3.6307304,6.898387759999999,3.7578059639999997,True
2040,P0136,Inner Mongolia,ammonia,0.0,0.0,0.0,0.0,0.0,True
2040,P0137,Xinjiang,unabated,1.0,7393679.999999999,6.062817599999999,0.0,0.0,True
2040,P0137,Xinjiang,retire,0.0,0.0,0.0,0.0,0.0,True
2040,P0137,Xinjiang,ccs,0.0,0.0,0.0,0.0,0.0,True
2040,P0137,Xinjiang,biomass,0.0,0.0,0.0,0.0,0.0,True
2040,P0137,Xinjiang,beccs,0.0,0.0,0.0,0.0,0.0,True
2040,P0137,Xinjiang,ammonia,0.0,0.0,0.0,0.0,0.0,True
2040,P0138,Jilin,unabated,0.0,0.0,0.0,0.0,0.0,True
2040,P0138,Jilin,retire,0.0,0.0,0.0,0.0,0.0,True
2040,P0138,Jilin,ccs,0.0,0.0,0.0,0.0,0.0,True
2040,P0138,Jilin,biomass,1.0,4345680.000000001,3.5634576000000004,3.5634576000000004,0.0,True
2040,P0138,Jilin,beccs,0.0,0.0,0.0,0.0,0.0,True
2040,P0138,Jilin,ammonia,0.0,0.0,0.0,0.0,0.0,True
2040,P0139,Heilongjiang,unabated,0.0,0.0,0.0,0.0,0.0,True
2040,P0139,Heilongjiang,retire,0.0,0.0,0.0,0.0,0.0,True
2040,P0139,Heilongjiang,ccs,0.0,0.0,0.0,0.0,0.0,True
2040,P0139,Heilongjiang,biomass,1.0,4156807.5000000005,3.4085821500000004,3.4085821500000004,0.0,True
2040,P0139,Heilongjiang,beccs,0.0,0.0,0.0,0.0,0.0,True
2040,P0139,Heilongjiang,ammonia,0.0,0.0,0.0,0.0,0.0,True
2040,P0140,Guangdong,unabated,0.15030328358328185,8337009.908321656,6.836348124823758,0.0,0.0,True
2040,P0140,Guangdong,retire,0.0,0.0,0.0,0.0,0.0,True
2040,P0140,Guangdong,ccs,0.21537933261110498,11946642.729408832,9.796247038115242,8.816622334303718,10.139115684447397,True
2040,P0140,Guangdong,biomass,0.0,0.0,0.0,0.0,0.0,True
2040,P0140,Guangdong,beccs,0.6343173838056132,35184263.36226951,28.851095957061,47.60430832915064,29.860884315552603,True
2040,P0140,Guangdong,ammonia,0.0,0.0,0.0,0.0,0.0,True
2040,P0141,Shandong,unabated,1.0,46881825.00000001,38.44309650000001,0.0,0.0,True
2040,P0141,Shandong,retire,0.0,0.0,0.0,0.0,0.0,True
2040,P0141,Shandong,ccs,0.0,0.0,0.0,0.0,0.0,True
2040,P0141,Shandong,biomass,0.0,0.0,0.0,0.0,0.0,True
2040,P0141,Shandong,beccs,0.0,0.0,0.0,0.0,0.0,True
2040,P0141,Shandong,ammonia,0.0,0.0,0.0,0.0,0.0,True
2040,P0142,Jiangsu,unabated,0.0,0.0,0.0,0.0,0.0,True
2040,P0142,Jiangsu,retire,0.0,0.0,0.0,0.0,0.0,True
2040,P0142,Jiangsu,ccs,0.0,0.0,0.0,0.0,0.0,True
2040,P0142,Jiangsu,biomass,0.0,0.0,0.0,0.0,0.0,True
2040,P0142,Jiangsu,beccs,1.0,33453385.000000004,27.431775700000003,52.120373830000005,28.3918878495,True
2040,P0142,Jiangsu,ammonia,0.0,0.0,0.0,0.0,0.0,True
2040,P0143,Yunnan,unabated,0.0,0.0,0.0,0.0,0.0,True
2040,P0143,Yunnan,retire,0.0,0.0,0.0,0.0,0.0,True
2040,P0143,Yunnan,ccs,0.0,0.0,0.0,0.0,0.0,True
2040,P0143,Yunnan,biomass,1.0,11205499.999999998,9.188509999999997,9.188509999999997,0.0,True
2040,P0143,Yunnan,beccs,0.0,0.0,0.0,0.0,0.0,True
2040,P0143,Yunnan,ammonia,0.0,0.0,0.0,0.0,0.0,True
2040,P0144,Shanxi,unabated,1.0,32892597.499999996,26.971929949999996,0.0,0.0,True
2040,P0144,Shanxi,retire,0.0,0.0,0.0,0.0,0.0,True
2040,P0144,Shanxi,ccs,0.0,0.0,0.0,0.0,0.0,True
2040,P0144,Shanxi,biomass,0.0,0.0,0.0,0.0,0.0,True
2040,P0144,Shanxi,beccs,0.0,0.0,0.0,0.0,0.0,True
2040,P0144,Shanxi,ammonia,0.0,0.0,0.0,0.0,0.0,True
2040,P0145,Liaoning,unabated,0.0,0.0,0.0,0.0,0.0,True
2040,P0145,Liaoning,retire,0.0,0.0,0.0,0.0,0.0,True
2040,P0145,Liaoning,ccs,0.0,0.0,0.0,0.0,0.0,True
2040,P0145,Liaoning,biomass,1.0,8185847.999999999,6.712395359999999,6.712395359999999,0.0,True
2040,P0145,Liaoning,beccs,0.0,0.0,0.0,0.0,0.0,True
2040,P0145,Liaoning,ammonia,0.0,0.0,0.0,0.0,0.0,True
2040,P0146,Shanxi,unabated,1.0,19906850.0,16.323617,0.0,0.0,True
2040,P0146,Shanxi,retire,0.0,0.0,0.0,0.0,0.0,True
2040,P0146,Shanxi,ccs,0.0,0.0,0.0,0.0,0.0,True
2040,P0146,Shanxi,biomass,0.0,0.0,0.0,0.0,0.0,True
2040,P0146,Shanxi,beccs,0.0,0.0,0.0,0.0,0.0,True
2040,P0146,Shanxi,ammonia,0.0,0.0,0.0,0.0,0.0,True
2040,P0147,Inner Mongolia,unabated,1.0,15698279.999999998,12.872589599999998,0.0,0.0,True
2040,P0147,Inner Mongolia,retire,0.0,0.0,0.0,0.0,0.0,True
2040,P0147,Inner Mongolia,ccs,0.0,0.0,0.0,0.0,0.0,True
2040,P0147,Inner Mongolia,biomass,0.0,0.0,0.0,0.0,0.0,True
2040,P0147,Inner Mongolia,beccs,0.0,0.0,0.0,0.0,0.0,True
2040,P0147,Inner Mongolia,ammonia,0.0,0.0,0.0,0.0,0.0,True
2040,P0148,Shandong,unabated,0.0,0.0,0.0,0.0,0.0,True
2040,P0148,Shandong,retire,0.0,0.0,0.0,0.0,0.0,True
2040,P0148,Shandong,ccs,0.0,0.0,0.0,0.0,0.0,True
2040,P0148,Shandong,biomass,1.0,9114699.000000002,7.47405318,7.47405318,0.0,True
2040,P0148,Shandong,beccs,0.0,0.0,0.0,0.0,0.0,True
2040,P0148,Shandong,ammonia,0.0,0.0,0.0,0.0,0.0,True
2040,P0149,Shaanxi,unabated,1.0,42384920.0,34.7556344,0.0,0.0,True
2040,P0149,Shaanxi,retire,0.0,0.0,0.0,0.0,0.0,True
2040,P0149,Shaanxi,ccs,0.0,0.0,0.0,0.0,0.0,True
2040,P0149,Shaanxi,biomass,0.0,0.0,0.0,0.0,0.0,True
2040,P0149,Shaanxi,beccs,0.0,0.0,0.0,0.0,0.0,True
2040,P0149,Shaanxi,ammonia,0.0,0.0,0.0,0.0,0.0,True
2040,P0150,Guizhou,unabated,0.0,0.0,0.0,0.0,0.0,True
2040,P0150,Guizhou,retire,0.0,0.0,0.0,0.0,0.0,True
2040,P0150,Guizhou,ccs,0.0,0.0,0.0,0.0,0.0,True
2040,P0150,Guizhou,biomass,1.0,664594.0,0.5449670799999999,0.5449670799999999,0.0,True
2040,P0150,Guizhou,beccs,0.0,0.0,0.0,0.0,0.0,True
2040,P0150,Guizhou,ammonia,0.0,0.0,0.0,0.0,0.0,True
2040,P0151,Shandong,unabated,1.0,16899262.500000004,13.857395250000001,0.0,0.0,True
2040,P0151,Shandong,retire,0.0,0.0,0.0,0.0,0.0,True
2040,P0151,Shandong,ccs,0.0,0.0,0.0,0.0,0.0,True
2040,P0151,Shandong,biomass,0.0,0.0,0.0,0.0,0.0,True
2040,P0151,Shandong,beccs,0.0,0.0,0.0,0.0,0.0,True
2040,P0151,Shandong,ammonia,0.0,0.0,0.0,0.0,0.0,True
2040,P0152,Guangdong,unabated,1.0,6426161.0,5.269452019999999,0.0,0.0,True
2040,P0152,Guangdong,retire,0.0,0.0,0.0,0.0,0.0,True
2040,P0152,Guangdong,ccs,0.0,0.0,0.0,0.0,0.0,True
2040,P0152,Guangdong,biomass,0.0,0.0,0.0,0.0,0.0,True
2040,P0152,Guangdong,beccs,0.0,0.0,0.0,0.0,0.0,True
2040,P0152,Guangdong,ammonia,0.0,0.0,0.0,0.0,0.0,True
2040,P0153,Heilongjiang,unabated,0.0,0.0,0.0,0.0,0.0,True
2040,P0153,Heilongjiang,retire,0.0,0.0,0.0,0.0,0.0,True
2040,P0153,Heilongjiang,ccs,0.0,0.0,0.0,0.0,0.0,True
2040,P0153,Heilongjiang,biomass,0.0,0.0,0.0,0.0,0.0,True
2040,P0153,Heilongjiang,beccs,1.0,7391812.500000001,6.06128625,11.516443875,6.27343126875,True
2040,P0153,Heilongjiang,ammonia,0.0,0.0,0.0,0.0,0.0,True
2040,P0154,Tianjin,unabated,0.22579895950176893,5992058.600152772,4.913488052125273,0.0,0.0,True
2040,P0154,Tianjin,retire,0.0,0.0,0.0,0.0,0.0,True
2040,P0154,Tianjin,ccs,0.0,0.0,0.0,0.0,0.0,True
2040,P0154,Tianjin,biomass,0.14184732886644635,3764222.4247549283,3.086662388299041,3.086662388299041,0.0,True
2040,P0154,Tianjin,beccs,0.632353711631785,16780858.975092307,13.76030435957569,26.144578283193812,14.24191501216084,True
2040,P0154,Tianjin,ammonia,0.0,0.0,0.0,0.0,0.0,True
2040,P0155,Shanxi,unabated,0.4843756132067817,6866280.551905516,5.630350052562523,0.0,0.0,True
2040,P0155,Shanxi,retire,0.0,0.0,0.0,0.0,0.0,True
2040,P0155,Shanxi,ccs,0.0,0.0,0.0,0.0,0.0,True
2040,P0155,Shanxi,biomass,0.0,0.0,0.0,0.0,0.0,True
2040,P0155,Shanxi,beccs,0.5156243867932189,7309248.44809449,5.993583727437482,11.387809082131215,6.203359157897794,True
2040,P0155,Shanxi,ammonia,0.0,0.0,0.0,0.0,0.0,True
2040,P0156,Yunnan,unabated,0.0,0.0,0.0,0.0,0.0,True
2040,P0156,Yunnan,retire,0.0,0.0,0.0,0.0,0.0,True
2040,P0156,Yunnan,ccs,0.0,0.0,0.0,0.0,0.0,True
2040,P0156,Yunnan,biomass,1.0,2689319.9999999995,2.2052423999999995,2.2052423999999995,0.0,True
2040,P0156,Yunnan,beccs,0.0,0.0,0.0,0.0,0.0,True
2040,P0156,Yunnan,ammonia,0.0,0.0,0.0,0.0,0.0,True
2040,P0157,Guizhou,unabated,0.004036896292000326,98883.92000081448,0.08108481440066788,0.0,0.0,True
2040,P0157,Guizhou,retire,0.0,0.0,0.0,0.0,0.0,True
2040,P0157,Guizhou,ccs,0.0,0.0,0.0,0.0,0.0,True
2040,P0157,Guizhou,biomass,0.9959631037079999,24396152.07999919,20.004844705599336,20.004844705599336,0.0,True
2040,P0157,Guizhou,beccs,0.0,0.0,0.0,0.0,0.0,True
2040,P0157,Guizhou,ammonia,0.0,0.0,0.0,0.0,0.0,True
2040,P0158,Guangxi,unabated,0.0,0.0,0.0,0.0,0.0,True
2040,P0158,Guangxi,retire,0.0,0.0,0.0,0.0,0.0,True
2040,P0158,Guangxi,ccs,0.0,0.0,0.0,0.0,0.0,True
2040,P0158,Guangxi,biomass,1.0,7299565.0,5.9856432999999996,5.9856432999999996,0.0,True
2040,P0158,Guangxi,beccs,0.0,0.0,0.0,0.0,0.0,True
2040,P0158,Guangxi,ammonia,0.0,0.0,0.0,0.0,0.0,True
2040,P0159,Fujian,unabated,0.2304180930315079,4027787.069178574,3.3027853967264305,0.0,0.0,True
2040,P0159,Fujian,retire,0.0,0.0,0.0,0.0,0.0,True
2040,P0159,Fujian,ccs,0.0,0.0,0.0,0.0,0.0,True
2040,P0159,Fujian,biomass,0.0,0.0,0.0,0.0,0.0,True
2040,P0159,Fujian,beccs,0.7695819069684926,13452554.930821432,11.031095043273574,20.959080582219787,11.417183369788146,True
2040,P0159,Fujian,ammonia,0.0,0.0,0.0,0.0,0.0,True
2040,P0160,Hubei,unabated,0.0,0.0,0.0,0.0,0.0,True
2040,P0160,Hubei,retire,0.0,0.0,0.0,0.0,0.0,True
2040,P0160,Hubei,ccs,0.0,0.0,0.0,0.0,0.0,True
2040,P0160,Hubei,biomass,0.0,0.0,0.0,0.0,0.0,True
2040,P0160,Hubei,beccs,1.0,16573231.999999998,13.590050239999998,25.821095455999995,14.065701998399998,True
2040,P0160,Hubei,ammonia,0.0,0.0,0.0,0.0,0.0,True
2040,P0161,Zhejiang,unabated,0.0,0.0,0.0,0.0,0.0,True
2040,P0161,Zhejiang,retire,0.0,0.0,0.0,0.0,0.0,True
2040,P0161,Zhejiang,ccs,0.0,0.0,0.0,0.0,0.0,True
2040,P0161,Zhejiang,biomass,0.0,0.0,0.0,0.0,0.0,True
2040,P0161,Zhejiang,beccs,1.0,2629267.5,2.15599935,4.096398765,2.23145932725,True
2040,P0161,Zhejiang,ammonia,0.0,0.0,0.0,0.0,0.0,True
2040,P0162,Shandong,unabated,0.0,0.0,0.0,0.0,0.0,True
2040,P0162,Shandong,retire,0.0,0.0,0.0,0.0,0.0,True
2040,P0162,Shandong,ccs,0.0,0.0,0.0,0.0,0.0,True
2040,P0162,Shandong,biomass,1.0,5974707.0,4.899259739999999,4.899259739999999,0.0,True
2040,P0162,Shandong,beccs,0.0,0.0,0.0,0.0,0.0,True
2040,P0162,Shandong,ammonia,0.0,0.0,0.0,0.0,0.0,True
2040,P0163,Hebei,unabated,1.0,11583260.0,9.4982732,0.0,0.0,True
2040,P0163,Hebei,retire,0.0,0.0,0.0,0.0,0.0,True
2040,P0163,Hebei,ccs,0.0,0.0,0.0,0.0,0.0,True
2040,P0163,Hebei,biomass,0.0,0.0,0.0,0.0,0.0,True
2040,P0163,Hebei,beccs,0.0,0.0,0.0,0.0,0.0,True
2040,P0163,Hebei,ammonia,0.0,0.0,0.0,0.0,0.0,True
2040,P0164,Hunan,unabated,0.0,0.0,0.0,0.0,0.0,True
2040,P0164,Hunan,retire,0.0,0.0,0.0,0.0,0.0,True
2040,P0164,Hunan,ccs,0.0,0.0,0.0,0.0,0.0,True
2040,P0164,Hunan,biomass,1.0,12502080.0,10.2517056,10.2517056,0.0,True
2040,P0164,Hunan,beccs,0.0,0.0,0.0,0.0,0.0,True
2040,P0164,Hunan,ammonia,0.0,0.0,0.0,0.0,0.0,True
2040,P0165,Hebei,unabated,0.3395471944158483,1815260.0470104548,1.4885132385485726,0.0,0.0,True
2040,P0165,Hebei,retire,0.0,0.0,0.0,0.0,0.0,True
2040,P0165,Hebei,ccs,0.0,0.0,0.0,0.0,0.0,True
2040,P0165,Hebei,biomass,0.0,0.0,0.0,0.0,0.0,True
2040,P0165,Hebei,beccs,0.6604528055841519,3530859.952989546,2.895305161451427,5.501079806757711,2.996640842102227,True
2040,P0165,Hebei,ammonia,0.0,0.0,0.0,0.0,0.0,True
2040,P0166,Guangxi,unabated,0.0,0.0,0.0,0.0,0.0,True
2040,P0166,Guangxi,retire,0.0,0.0,0.0,0.0,0.0,True
2040,P0166,Guangxi,ccs,0.0,0.0,0.0,0.0,0.0,True
2040,P0166,Guangxi,biomass,1.0,8807344.0,7.2220220799999995,7.2220220799999995,0.0,True
2040,P0166,Guangxi,beccs,0.0,0.0,0.0,0.0,0.0,True
2040,P0166,Guangxi,ammonia,0.0,0.0,0.0,0.0,0.0,True
2040,P0167,Shandong,unabated,1.0,52621032.60000001,43.14924673200001,0.0,0.0,True
2040,P0167,Shandong,retire,0.0,0.0,0.0,0.0,0.0,True
2040,P0167,Shandong,ccs,0.0,0.0,0.0,0.0,0.0,True
2040,P0167,Shandong,biomass,0.0,0.0,0.0,0.0,0.0,True
2040,P0167,Shandong,beccs,0.0,0.0,0.0,0.0,0.0,True
2040,P0167,Shandong,ammonia,0.0,0.0,0.0,0.0,0.0,True
2040,P0168,Xinjiang,unabated,0.0,0.0,0.0,0.0,0.0,True
2040,P0168,Xinjiang,retire,0.0,0.0,0.0,0.0,0.0,True
2040,P0168,Xinjiang,ccs,0.4055698108191116,3469870.3615345843,2.8452936964583593,2.5607643268125235,2.9448789758344023,True
2040,P0168,Xinjiang,biomass,0.0,0.0,0.0,0.0,0.0,True
2040,P0168,Xinjiang,beccs,0.594430189180889,5085673.6384654185,4.170252383541643,5.838353336958299,4.316211216965602,True
2040,P0168,Xinjiang,ammonia,0.0,0.0,0.0,0.0,0.0,True
2040,P0169,Guizhou,unabated,0.0,0.0,0.0,0.0,0.0,True
2040,P0169,Guizhou,retire,0.0,0.0,0.0,0.0,0.0,True
2040,P0169,Guizhou,ccs,0.0,0.0,0.0,0.0,0.0,True
2040,P0169,Guizhou,biomass,1.0,7120650.0,5.838933,5.838933,0.0,True
2040,P0169,Guizhou,beccs,0.0,0.0,0.0,0.0,0.0,True
2040,P0169,Guizhou,ammonia,0.0,0.0,0.0,0.0,0.0,True
2040,P0170,Shandong,unabated,0.9017135355875748,29768744.153385866,24.41037020577641,0.0,0.0,True
2040,P0170,Shandong,retire,0.09828646441242542,3244782.846614146,2.6607219342235995,2.6607219342235995,0.0,True
2040,P0170,Shandong,ccs,0.0,0.0,0.0,0.0,0.0,True
2040,P0170,Shandong,biomass,0.0,0.0,0.0,0.0,0.0,True
2040,P0170,Shandong,beccs,0.0,0.0,0.0,0.0,0.0,True
2040,P0170,Shandong,ammonia,0.0,0.0,0.0,0.0,0.0,True
2040,P0171,Shaanxi,unabated,1.0,15202300.0,12.465886,0.0,0.0,True
2040,P0171,Shaanxi,retire,0.0,0.0,0.0,0.0,0.0,True
2040,P0171,Shaanxi,ccs,0.0,0.0,0.0,0.0,0.0,True
2040,P0171,Shaanxi,biomass,0.0,0.0,0.0,0.0,0.0,True
2040,P0171,Shaanxi,beccs,0.0,0.0,0.0,0.0,0.0,True
2040,P0171,Shaanxi,ammonia,0.0,0.0,0.0,0.0,0.0,True
2040,P0172,Sichuan,unabated,0.0,0.0,0.0,0.0,0.0,True
2040,P0172,Sichuan,retire,0.0,0.0,0.0,0.0,0.0,True
2040,P0172,Sichuan,ccs,0.0,0.0,0.0,0.0,0.0,True
2040,P0172,Sichuan,biomass,0.0,0.0,0.0,0.0,0.0,True
2040,P0172,Sichuan,beccs,1.0,16288263.999999998,13.356376479999998,25.377115311999994,13.823849656799997,True
2040,P0172,Sichuan,ammonia,0.0,0.0,0.0,0.0,0.0,True
2040,P0173,Ningxia,unabated,1.0,26644024.0,21.84809968,0.0,0.0,True
2040,P0173,Ningxia,retire,0.0,0.0,0.0,0.0,0.0,True
2040,P0173,Ningxia,ccs,0.0,0.0,0.0,0.0,0.0,True
2040,P0173,Ningxia,biomass,0.0,0.0,0.0,0.0,0.0,True
2040,P0173,Ningxia,beccs,0.0,0.0,0.0,0.0,0.0,True
2040,P0173,Ningxia,ammonia,0.0,0.0,0.0,0.0,0.0,True
2040,P0174,Shanxi,unabated,1.0,37452655.0,30.711177099999997,0.0,0.0,True
2040,P0174,Shanxi,retire,0.0,0.0,0.0,0.0,0.0,True
2040,P0174,Shanxi,ccs,0.0,0.0,0.0,0.0,0.0,True
2040,P0174,Shanxi,biomass,0.0,0.0,0.0,0.0,0.0,True
2040,P0174,Shanxi,beccs,0.0,0.0,0.0,0.0,0.0,True
2040,P0174,Shanxi,ammonia,0.0,0.0,0.0,0.0,0.0,True
2040,P0175,Guizhou,unabated,0.0,0.0,0.0,0.0,0.0,True
2040,P0175,Guizhou,retire,0.0,0.0,0.0,0.0,0.0,True
2040,P0175,Guizhou,ccs,0.0,0.0,0.0,0.0,0.0,True
2040,P0175,Guizhou,biomass,1.0,8544780.0,7.006719599999999,7.006719599999999,0.0,True
2040,P0175,Guizhou,beccs,0.0,0.0,0.0,0.0,0.0,True
2040,P0175,Guizhou,ammonia,0.0,0.0,0.0,0.0,0.0,True
2040,P0176,Hubei,unabated,0.0,0.0,0.0,0.0,0.0,True
2040,P0176,Hubei,retire,0.0,0.0,0.0,0.0,0.0,True
2040,P0176,Hubei,ccs,0.0,0.0,0.0,0.0,0.0,True
2040,P0176,Hubei,biomass,0.5894827882309561,10388525.914928727,8.518591250241556,8.518591250241556,0.0,True
2040,P0176,Hubei,beccs,0.4105172117690441,7234594.085071277,5.932367149758447,11.271497584541049,6.139999999999992,True
2040,P0176,Hubei,ammonia,0.0,0.0,0.0,0.0,0.0,True
2040,P0177,Jilin,unabated,0.0,0.0,0.0,0.0,0.0,True
2040,P0177,Jilin,retire,0.0,0.0,0.0,0.0,0.0,True
2040,P0177,Jilin,ccs,0.0,0.0,0.0,0.0,0.0,True
2040,P0177,Jilin,biomass,0.0,0.0,0.0,0.0,0.0,True
2040,P0177,Jilin,beccs,1.0,7460084.0,6.11726888,11.622810872,5.909281738079999,True
2040,P0177,Jilin,ammonia,0.0,0.0,0.0,0.0,0.0,True
2040,P0178,Shaanxi,unabated,0.0,0.0,0.0,0.0,0.0,True
2040,P0178,Shaanxi,retire,0.0,0.0,0.0,0.0,0.0,True
2040,P0178,Shaanxi,ccs,0.0,0.0,0.0,0.0,0.0,True
2040,P0178,Shaanxi,biomass,0.0,0.0,0.0,0.0,0.0,True
2040,P0178,Shaanxi,beccs,1.0,6353200.0,5.209624,9.8982856,5.391960839999999,True
2040,P0178,Shaanxi,ammonia,0.0,0.0,0.0,0.0,0.0,True
2040,P0179,Fujian,unabated,1.0,32038749.999999996,26.271774999999995,0.0,0.0,True
2040,P0179,Fujian,retire,0.0,0.0,0.0,0.0,0.0,True
2040,P0179,Fujian,ccs,0.0,0.0,0.0,0.0,0.0,True
2040,P0179,Fujian,biomass,0.0,0.0,0.0,0.0,0.0,True
2040,P0179,Fujian,beccs,0.0,0.0,0.0,0.0,0.0,True
2040,P0179,Fujian,ammonia,0.0,0.0,0.0,0.0,0.0,True
2040,P0180,Inner Mongolia,unabated,1.0,7547250.0,6.188745,0.0,0.0,True
2040,P0180,Inner Mongolia,retire,0.0,0.0,0.0,0.0,0.0,True
2040,P0180,Inner Mongolia,ccs,0.0,0.0,0.0,0.0,0.0,True
2040,P0180,Inner Mongolia,biomass,0.0,0.0,0.0,0.0,0.0,True
2040,P0180,Inner Mongolia,beccs,0.0,0.0,0.0,0.0,0.0,True
2040,P0180,Inner Mongolia,ammonia,0.0,0.0,0.0,0.0,0.0,True
2040,P0181,Xinjiang,unabated,0.0,0.0,0.0,0.0,0.0,True
2040,P0181,Xinjiang,retire,0.0,0.0,0.0,0.0,0.0,True
2040,P0181,Xinjiang,ccs,1.0,22999625.999999996,18.859693319999998,16.973723988,19.519782586199998,True
2040,P0181,Xinjiang,biomass,0.0,0.0,0.0,0.0,0.0,True
2040,P0181,Xinjiang,beccs,0.0,0.0,0.0,0.0,0.0,True
2040,P0181,Xinjiang,ammonia,0.0,0.0,0.0,0.0,0.0,True
2040,P0182,Jiangxi,unabated,0.0,0.0,0.0,0.0,0.0,True
2040,P0182,Jiangxi,retire,0.0,0.0,0.0,0.0,0.0,True
2040,P0182,Jiangxi,ccs,0.0,0.0,0.0,0.0,0.0,True
2040,P0182,Jiangxi,biomass,1.0,27707083.2,22.719808224,22.719808224,0.0,True
2040,P0182,Jiangxi,beccs,0.0,0.0,0.0,0.0,0.0,True
2040,P0182,Jiangxi,ammonia,0.0,0.0,0.0,0.0,0.0,True
2040,P0183,Xinjiang,unabated,0.341297720277841,486664.61048946006,0.3990649806013572,0.0,0.0,True
2040,P0183,Xinjiang,retire,0.0,0.0,0.0,0.0,0.0,True
2040,P0183,Xinjiang,ccs,0.0,0.0,0.0,0.0,0.0,True
2040,P0183,Xinjiang,biomass,0.6587022797221582,939259.3895105385,0.7701926993986415,0.7701926993986415,0.0,True
2040,P0183,Xinjiang,beccs,0.0,0.0,0.0,0.0,0.0,True
2040,P0183,Xinjiang,ammonia,0.0,0.0,0.0,0.0,0.0,True
2040,P0184,Shandong,unabated,0.1469401859735835,4158927.2843705737,3.41032037318387,0.0,0.0,True
2040,P0184,Shandong,retire,0.0,0.0,0.0,0.0,0.0,True
2040,P0184,Shandong,ccs,0.0,0.0,0.0,0.0,0.0,True
2040,P0184,Shandong,biomass,0.3531236500890842,9994649.00211875,8.195612181737374,8.195612181737374,0.0,True
2040,P0184,Shandong,beccs,0.4999361639373301,14149962.713510618,11.602969425078705,22.04564190764954,12.009073354956458,True
2040,P0184,Shandong,ammonia,0.0,0.0,0.0,0.0,0.0,True
2040,P0185,Guizhou,unabated,0.0,0.0,0.0,0.0,0.0,True
2040,P0185,Guizhou,retire,0.0,0.0,0.0,0.0,0.0,True
2040,P0185,Guizhou,ccs,0.0,0.0,0.0,0.0,0.0,True
2040,P0185,Guizhou,biomass,1.0,7120650.0,5.838933,5.838933,0.0,True
2040,P0185,Guizhou,beccs,0.0,0.0,0.0,0.0,0.0,True
2040,P0185,Guizhou,ammonia,0.0,0.0,0.0,0.0,0.0,True
2040,P0186,Ningxia,unabated,1.0,24108865.0,19.769269299999998,0.0,0.0,True
2040,P0186,Ningxia,retire,0.0,0.0,0.0,0.0,0.0,True
2040,P0186,Ningxia,ccs,0.0,0.0,0.0,0.0,0.0,True
2040,P0186,Ningxia,biomass,0.0,0.0,0.0,0.0,0.0,True
2040,P0186,Ningxia,beccs,0.0,0.0,0.0,0.0,0.0,True
2040,P0186,Ningxia,ammonia,0.0,0.0,0.0,0.0,0.0,True
2040,P0187,Inner Mongolia,unabated,0.0,0.0,0.0,0.0,0.0,True
2040,P0187,Inner Mongolia,retire,0.0,0.0,0.0,0.0,0.0,True
2040,P0187,Inner Mongolia,ccs,0.0,0.0,0.0,0.0,0.0,True
2040,P0187,Inner Mongolia,biomass,0.0,0.0,0.0,0.0,0.0,True
2040,P0187,Inner Mongolia,beccs,1.0,1006300.0,0.825166,1.5678153999999997,0.8540468099999999,True
2040,P0187,Inner Mongolia,ammonia,0.0,0.0,0.0,0.0,0.0,True
2040,P0188,Xinjiang,unabated,0.026658188876318434,563148.9083744517,0.46178210486705035,0.0,0.0,True
2040,P0188,Xinjiang,retire,0.0,0.0,0.0,0.0,0.0,True
2040,P0188,Xinjiang,ccs,0.9733418111236822,20561651.091625564,16.860553895132963,15.174498505619667,17.450673281462613,True
2040,P0188,Xinjiang,biomass,0.0,0.0,0.0,0.0,0.0,True
2040,P0188,Xinjiang,beccs,0.0,0.0,0.0,0.0,0.0,True
2040,P0188,Xinjiang,ammonia,0.0,0.0,0.0,0.0,0.0,True
2040,P0189,Yunnan,unabated,0.0,0.0,0.0,0.0,0.0,True
2040,P0189,Yunnan,retire,0.0,0.0,0.0,0.0,0.0,True
2040,P0189,Yunnan,ccs,0.0,0.0,0.0,0.0,0.0,True
2040,P0189,Yunnan,biomass,1.0,4482200.0,3.675404,3.675404,0.0,True
2040,P0189,Yunnan,beccs,0.0,0.0,0.0,0.0,0.0,True
2040,P0189,Yunnan,ammonia,0.0,0.0,0.0,0.0,0.0,True
2040,P0190,Jiangsu,unabated,0.0,0.0,0.0,0.0,0.0,True
2040,P0190,Jiangsu,retire,0.0,0.0,0.0,0.0,0.0,True
2040,P0190,Jiangsu,ccs,0.0,0.0,0.0,0.0,0.0,True
2040,P0190,Jiangsu,biomass,0.3227845861600679,3626394.445824238,2.9736434455758753,2.9736434455758753,0.0,True
2040,P0190,Jiangsu,beccs,0.6772154138399321,7608325.554175762,6.238826954424125,11.853771213405837,6.457185897828969,True
2040,P0190,Jiangsu,ammonia,0.0,0.0,0.0,0.0,0.0,True
2040,P0191,Hunan,unabated,0.0,0.0,0.0,0.0,0.0,True
2040,P0191,Hunan,retire,0.0,0.0,0.0,0.0,0.0,True
2040,P0191,Hunan,ccs,0.0,0.0,0.0,0.0,0.0,True
2040,P0191,Hunan,biomass,1.0,8204490.0,6.7276818,6.7276818,0.0,True
2040,P0191,Hunan,beccs,0.0,0.0,0.0,0.0,0.0,True
2040,P0191,Hunan,ammonia,0.0,0.0,0.0,0.0,0.0,True
2040,P0192,Shaanxi,unabated,0.0,0.0,0.0,0.0,0.0,True
2040,P0192,Shaanxi,retire,0.0,0.0,0.0,0.0,0.0,True
2040,P0192,Shaanxi,ccs,0.0,0.0,0.0,0.0,0.0,True
2040,P0192,Shaanxi,biomass,0.0,0.0,0.0,0.0,0.0,True
2040,P0192,Shaanxi,beccs,1.0,15519960.0,12.726367199999999,24.180097679999996,13.171790051999997,True
2040,P0192,Shaanxi,ammonia,0.0,0.0,0.0,0.0,0.0,True
2040,P0193,Guangxi,unabated,0.0,0.0,0.0,0.0,0.0,True
2040,P0193,Guangxi,retire,0.0,0.0,0.0,0.0,0.0,True
2040,P0193,Guangxi,ccs,0.0,0.0,0.0,0.0,0.0,True
2040,P0193,Guangxi,biomass,0.0,0.0,0.0,0.0,0.0,True
2040,P0193,Guangxi,beccs,1.0,6557642.0,5.37726644,10.216806235999998,5.5654707654,True
2040,P0193,Guangxi,ammonia,0.0,0.0,0.0,0.0,0.0,True
2040,P0194,Shaanxi,unabated,0.0,0.0,0.0,0.0,0.0,True
2040,P0194,Shaanxi,retire,0.0,0.0,0.0,0.0,0.0,True
2040,P0194,Shaanxi,ccs,0.0,0.0,0.0,0.0,0.0,True
2040,P0194,Shaanxi,biomass,1.0,2995080.0,2.4559655999999994,2.4559655999999994,0.0,True
2040,P0194,Shaanxi,beccs,0.0,0.0,0.0,0.0,0.0,True
2040,P0194,Shaanxi,ammonia,0.0,0.0,0.0,0.0,0.0,True
2040,P0195,Sichuan,unabated,0.0,0.0,0.0,0.0,0.0,True
2040,P0195,Sichuan,retire,0.0,0.0,0.0,0.0,0.0,True
2040,P0195,Sichuan,ccs,0.0,0.0,0.0,0.0,0.0,True
2040,P0195,Sichuan,biomass,1.0,2997839.9999999995,2.458228799999999,2.458228799999999,0.0,True
2040,P0195,Sichuan,beccs,0.0,0.0,0.0,0.0,0.0,True
2040,P0195,Sichuan,ammonia,0.0,0.0,0.0,0.0,0.0,True
2040,P0196,Xinjiang,unabated,1.0,633743.9999999999,0.5196700799999999,0.0,0.0,True
2040,P0196,Xinjiang,retire,0.0,0.0,0.0,0.0,0.0,True
2040,P0196,Xinjiang,ccs,0.0,0.0,0.0,0.0,0.0,True
2040,P0196,Xinjiang,biomass,0.0,0.0,0.0,0.0,0.0,True
2040,P0196,Xinjiang,beccs,0.0,0.0,0.0,0.0,0.0,True
2040,P0196,Xinjiang,ammonia,0.0,0.0,0.0,0.0,0.0,True
2040,P0197,Fujian,unabated,0.0,0.0,0.0,0.0,0.0,True
2040,P0197,Fujian,retire,0.0,0.0,0.0,0.0,0.0,True
2040,P0197,Fujian,ccs,0.0,0.0,0.0,0.0,0.0,True
2040,P0197,Fujian,biomass,0.0,0.0,0.0,0.0,0.0,True
2040,P0197,Fujian,beccs,1.0,6766584.0,5.54859888,10.542337872,5.7427998408,True
2040,P0197,Fujian,ammonia,0.0,0.0,0.0,0.0,0.0,True
2040,P0198,Gansu,unabated,0.0,0.0,0.0,0.0,0.0,True
2040,P0198,Gansu,retire,0.0,0.0,0.0,0.0,0.0,True
2040,P0198,Gansu,ccs,0.0,0.0,0.0,0.0,0.0,True
2040,P0198,Gansu,biomass,1.0,2765136.0,2.26741152,2.26741152,0.0,True
2040,P0198,Gansu,beccs,0.0,0.0,0.0,0.0,0.0,True
2040,P0198,Gansu,ammonia,0.0,0.0,0.0,0.0,0.0,True
2040,P0199,Inner Mongolia,unabated,1.0,1308190.0,1.0727158,0.0,0.0,True
2040,P0199,Inner Mongolia,retire,0.0,0.0,0.0,0.0,0.0,True
2040,P0199,Inner Mongolia,ccs,0.0,0.0,0.0,0.0,0.0,True
2040,P0199,Inner Mongolia,biomass,0.0,0.0,0.0,0.0,0.0,True
2040,P0199,Inner Mongolia,beccs,0.0,0.0,0.0,0.0,0.0,True
2040,P0199,Inner Mongolia,ammonia,0.0,0.0,0.0,0.0,0.0,True
2040,P0200,Xinjiang,unabated,0.0,0.0,0.0,0.0,0.0,True
2040,P0200,Xinjiang,retire,0.0,0.0,0.0,0.0,0.0,True
2040,P0200,Xinjiang,ccs,0.48248276001489276,5147137.663425116,4.220652884008594,3.798587595607735,4.368375734948894,True
2040,P0200,Xinjiang,biomass,0.0,0.0,0.0,0.0,0.0,True
2040,P0200,Xinjiang,beccs,0.5175172399851078,5520886.336574889,4.527126795991408,6.337977514387971,4.685576233851107,True
2040,P0200,Xinjiang,ammonia,0.0,0.0,0.0,0.0,0.0,True
2040,P0201,Heilongjiang,unabated,0.0,0.0,0.0,0.0,0.0,True
2040,P0201,Heilongjiang,retire,0.0,0.0,0.0,0.0,0.0,True
2040,P0201,Heilongjiang,ccs,0.0,0.0,0.0,0.0,0.0,True
2040,P0201,Heilongjiang,biomass,0.0,0.0,0.0,0.0,0.0,True
2040,P0201,Heilongjiang,beccs,1.0,2434950.0000000005,1.9966590000000002,3.7936521,2.066542065,True
2040,P0201,Heilongjiang,ammonia,0.0,0.0,0.0,0.0,0.0,True
2040,P0202,Jiangxi,unabated,0.0,0.0,0.0,0.0,0.0,True
2040,P0202,Jiangxi,retire,0.0,0.0,0.0,0.0,0.0,True
2040,P0202,Jiangxi,ccs,0.0,0.0,0.0,0.0,0.0,True
2040,P0202,Jiangxi,biomass,1.0,9151488.0,7.504220159999999,7.504220159999999,0.0,True
2040,P0202,Jiangxi,beccs,0.0,0.0,0.0,0.0,0.0,True
2040,P0202,Jiangxi,ammonia,0.0,0.0,0.0,0.0,0.0,True
2040,P0203,Inner Mongolia,unabated,1.0,6792524.999999999,5.5698704999999995,0.0,0.0,True
2040,P0203,Inner Mongolia,retire,0.0,0.0,0.0,0.0,0.0,True
2040,P0203,Inner Mongolia,ccs,0.0,0.0,0.0,0.0,0.0,True
2040,P0203,Inner Mongolia,biomass,0.0,0.0,0.0,0.0,0.0,True
2040,P0203,Inner Mongolia,beccs,0.0,0.0,0.0,0.0,0.0,True
2040,P0203,Inner Mongolia,ammonia,0.0,0.0,0.0,0.0,0.0,True
2040,P0204,Heilongjiang,unabated,0.0,0.0,0.0,0.0,0.0,True
2040,P0204,Heilongjiang,retire,0.0,0.0,0.0,0.0,0.0,True
2040,P0204,Heilongjiang,ccs,0.0,0.0,0.0,0.0,0.0,True
2040,P0204,Heilongjiang,biomass,0.0,0.0,0.0,0.0,0.0,True
2040,P0204,Heilongjiang,beccs,1.0,2434950.0000000005,1.9966590000000002,3.7936521,2.066542065,True
2040,P0204,Heilongjiang,ammonia,0.0,0.0,0.0,0.0,0.0,True
2040,P0205,Inner Mongolia,unabated,0.0,0.0,0.0,0.0,0.0,True
2040,P0205,Inner Mongolia,retire,0.0,0.0,0.0,0.0,0.0,True
2040,P0205,Inner Mongolia,ccs,0.0,0.0,0.0,0.0,0.0,True
2040,P0205,Inner Mongolia,biomass,0.0,0.0,0.0,0.0,0.0,True
2040,P0205,Inner Mongolia,beccs,1.0,3018899.9999999995,2.4754979999999995,4.703446199999999,2.5621404299999995,True
2040,P0205,Inner Mongolia,ammonia,0.0,0.0,0.0,0.0,0.0,True
2040,P0206,Hubei,unabated,0.0,0.0,0.0,0.0,0.0,True
2040,P0206,Hubei,retire,0.0,0.0,0.0,0.0,0.0,True
2040,P0206,Hubei,ccs,0.0,0.0,0.0,0.0,0.0,True
2040,P0206,Hubei,biomass,1.0,3937080.0,3.2284055999999994,3.2284055999999994,0.0,True
2040,P0206,Hubei,beccs,0.0,0.0,0.0,0.0,0.0,True
2040,P0206,Hubei,ammonia,0.0,0.0,0.0,0.0,0.0,True
2040,P0207,Xinjiang,unabated,0.008413363720152223,399893.90830981126,0.32791300481404523,0.0,0.0,True
2040,P0207,Xinjiang,retire,0.0,0.0,0.0,0.0,0.0,True
2040,P0207,Xinjiang,ccs,0.9915866362798448,47130906.09169005,38.64734299518584,34.78260869566726,40.0,True
2040,P0207,Xinjiang,biomass,0.0,0.0,0.0,0.0,0.0,True
2040,P0207,Xinjiang,beccs,0.0,0.0,0.0,0.0,0.0,True
2040,P0207,Xinjiang,ammonia,0.0,0.0,0.0,0.0,0.0,True
2040,P0208,Sichuan,unabated,0.0,0.0,0.0,0.0,0.0,True
2040,P0208,Sichuan,retire,0.0,0.0,0.0,0.0,0.0,True
2040,P0208,Sichuan,ccs,0.0,0.0,0.0,0.0,0.0,True
2040,P0208,Sichuan,biomass,1.0,1648811.9999999998,1.3520258399999996,1.3520258399999996,0.0,True
2040,P0208,Sichuan,beccs,0.0,0.0,0.0,0.0,0.0,True
2040,P0208,Sichuan,ammonia,0.0,0.0,0.0,0.0,0.0,True
2040,P0209,Zhejiang,unabated,0.0,0.0,0.0,0.0,0.0,True
2040,P0209,Zhejiang,retire,0.0,0.0,0.0,0.0,0.0,True
2040,P0209,Zhejiang,ccs,0.0,0.0,0.0,0.0,0.0,True
2040,P0209,Zhejiang,biomass,0.0,0.0,0.0,0.0,0.0,True
2040,P0209,Zhejiang,beccs,1.0,13284720.000000002,10.8934704,20.69759376,11.274741864,True
2040,P0209,Zhejiang,ammonia,0.0,0.0,0.0,0.0,0.0,True
2040,P0210,Anhui,unabated,0.0,0.0,0.0,0.0,0.0,True
2040,P0210,Anhui,retire,0.0,0.0,0.0,0.0,0.0,True
2040,P0210,Anhui,ccs,0.0,0.0,0.0,0.0,0.0,True
2040,P0210,Anhui,biomass,1.0,6708372.000000001,5.50086504,5.50086504,0.0,True
2040,P0210,Anhui,beccs,0.0,0.0,0.0,0.0,0.0,True
2040,P0210,Anhui,ammonia,0.0,0.0,0.0,0.0,0.0,True
2040,P0211,Henan,unabated,0.0,0.0,0.0,0.0,0.0,True
2040,P0211,Henan,retire,0.0,0.0,0.0,0.0,0.0,True
2040,P0211,Henan,ccs,0.0,0.0,0.0,0.0,0.0,True
2040,P0211,Henan,biomass,1.0,4535496.0,3.7191067199999996,3.7191067199999996,0.0,True
2040,P0211,Henan,beccs,0.0,0.0,0.0,0.0,0.0,True
2040,P0211,Henan,ammonia,0.0,0.0,0.0,0.0,0.0,True
2040,P0212,Gansu,unabated,0.0,0.0,0.0,0.0,0.0,True
2040,P0212,Gansu,retire,0.0,0.0,0.0,0.0,0.0,True
2040,P0212,Gansu,ccs,1.0,11102440.0,9.1040008,8.19360072,9.422640828,True
2040,P0212,Gansu,biomass,0.0,0.0,0.0,0.0,0.0,True
2040,P0212,Gansu,beccs,0.0,0.0,0.0,0.0,0.0,True
2040,P0212,Gansu,ammonia,0.0,0.0,0.0,0.0,0.0,True
2040,P0213,Hubei,unabated,0.0,0.0,0.0,0.0,0.0,True
2040,P0213,Hubei,retire,0.0,0.0,0.0,0.0,0.0,True
2040,P0213,Hubei,ccs,0.0,0.0,0.0,0.0,0.0,True
2040,P0213,Hubei,biomass,1.0,13761032.0,11.28404624,11.28404624,0.0,True
2040,P0213,Hubei,beccs,0.0,0.0,0.0,0.0,0.0,True
2040,P0213,Hubei,ammonia,0.0,0.0,0.0,0.0,0.0,True
2040,P0214,Xinjiang,unabated,0.0,0.0,0.0,0.0,0.0,True
2040,P0214,Xinjiang,retire,0.0,0.0,0.0,0.0,0.0,True
2040,P0214,Xinjiang,ccs,1.0,5096358.0,4.17901356,3.761112204,4.325279034599999,True
2040,P0214,Xinjiang,biomass,0.0,0.0,0.0,0.0,0.0,True
2040,P0214,Xinjiang,beccs,0.0,0.0,0.0,0.0,0.0,True
2040,P0214,Xinjiang,ammonia,0.0,0.0,0.0,0.0,0.0,True
2040,P0215,Hebei,unabated,0.0,0.0,0.0,0.0,0.0,True
2040,P0215,Hebei,retire,0.0,0.0,0.0,0.0,0.0,True
2040,P0215,Hebei,ccs,0.0,0.0,0.0,0.0,0.0,True
2040,P0215,Hebei,biomass,1.0,5880732.000000001,4.82220024,4.82220024,0.0,True
2040,P0215,Hebei,beccs,0.0,0.0,0.0,0.0,0.0,True
2040,P0215,Hebei,ammonia,0.0,0.0,0.0,0.0,0.0,True
2040,P0216,Heilongjiang,unabated,0.0,0.0,0.0,0.0,0.0,True
2040,P0216,Heilongjiang,retire,0.0,0.0,0.0,0.0,0.0,True
2040,P0216,Heilongjiang,ccs,0.0,0.0,0.0,0.0,0.0,True
2040,P0216,Heilongjiang,biomass,1.0,347850.0,0.285237,0.285237,0.0,True
2040,P0216,Heilongjiang,beccs,0.0,0.0,0.0,0.0,0.0,True
2040,P0216,Heilongjiang,ammonia,0.0,0.0,0.0,0.0,0.0,True
2040,P0217,Hainan,unabated,0.0,0.0,0.0,0.0,0.0,True
2040,P0217,Hainan,retire,0.0,0.0,0.0,0.0,0.0,True
2040,P0217,Hainan,ccs,0.0,0.0,0.0,0.0,0.0,True
2040,P0217,Hainan,biomass,0.0,0.0,0.0,0.0,0.0,True
2040,P0217,Hainan,beccs,1.0,1509270.0,1.2376014,2.35144266,1.280917449,True
2040,P0217,Hainan,ammonia,0.0,0.0,0.0,0.0,0.0,True
2040,P0218,Hubei,unabated,0.0,0.0,0.0,0.0,0.0,True
2040,P0218,Hubei,retire,0.0,0.0,0.0,0.0,0.0,True
2040,P0218,Hubei,ccs,0.0,0.0,0.0,0.0,0.0,True
2040,P0218,Hubei,biomass,1.0,7424207.999999999,6.087850559999999,6.087850559999999,0.0,True
2040,P0218,Hubei,beccs,0.0,0.0,0.0,0.0,0.0,True
2040,P0218,Hubei,ammonia,0.0,0.0,0.0,0.0,0.0,True
2040,P0219,Jilin,unabated,0.0,0.0,0.0,0.0,0.0,True
2040,P0219,Jilin,retire,0.0,0.0,0.0,0.0,0.0,True
2040,P0219,Jilin,ccs,0.0,0.0,0.0,0.0,0.0,True
2040,P0219,Jilin,biomass,0.0,0.0,0.0,0.0,0.0,True
2040,P0219,Jilin,beccs,1.0,2933334.0,2.4053338799999997,4.570134371999999,2.4895205658,True
2040,P0219,Jilin,ammonia,0.0,0.0,0.0,0.0,0.0,True
2040,P0220,Hebei,unabated,0.0,0.0,0.0,0.0,0.0,True
2040,P0220,Hebei,retire,0.0,0.0,0.0,0.0,0.0,True
2040,P0220,Hebei,ccs,0.0,0.0,0.0,0.0,0.0,True
2040,P0220,Hebei,biomass,1.0,5880732.000000001,4.82220024,4.82220024,0.0,True
2040,P0220,Hebei,beccs,0.0,0.0,0.0,0.0,0.0,True
2040,P0220,Hebei,ammonia,0.0,0.0,0.0,0.0,0.0,True
2040,P0221,Gansu,unabated,0.2863673697832163,4955028.344992741,4.063123242894048,0.0,0.0,True
2040,P0221,Gansu,retire,0.0,0.0,0.0,0.0,0.0,True
2040,P0221,Gansu,ccs,0.0,0.0,0.0,0.0,0.0,True
2040,P0221,Gansu,biomass,0.0,0.0,0.0,0.0,0.0,True
2040,P0221,Gansu,beccs,0.7136326302167837,12348019.655007258,10.125376117105953,19.238214622501307,10.47976428120466,True
2040,P0221,Gansu,ammonia,0.0,0.0,0.0,0.0,0.0,True
2040,P0222,Jiangxi,unabated,0.0,0.0,0.0,0.0,0.0,True
2040,P0222,Jiangxi,retire,0.0,0.0,0.0,0.0,0.0,True
2040,P0222,Jiangxi,ccs,0.0,0.0,0.0,0.0,0.0,True
2040,P0222,Jiangxi,biomass,1.0,19065600.0,15.633791999999998,15.633791999999998,0.0,True
2040,P0222,Jiangxi,beccs,0.0,0.0,0.0,0.0,0.0,True
2040,P0222,Jiangxi,ammonia,0.0,0.0,0.0,0.0,0.0,True
2040,P0223,Anhui,unabated,1.0,32652492.500000004,26.775043850000003,0.0,0.0,True
2040,P0223,Anhui,retire,0.0,0.0,0.0,0.0,0.0,True
2040,P0223,Anhui,ccs,0.0,0.0,0.0,0.0,0.0,True
2040,P0223,Anhui,biomass,0.0,0.0,0.0,0.0,0.0,True
2040,P0223,Anhui,beccs,0.0,0.0,0.0,0.0,0.0,True
2040,P0223,Anhui,ammonia,0.0,0.0,0.0,0.0,0.0,True
2040,P0224,Xinjiang,unabated,0.0,0.0,0.0,0.0,0.0,True
2040,P0224,Xinjiang,retire,0.0,0.0,0.0,0.0,0.0,True
2040,P0224,Xinjiang,ccs,0.17380742780524994,1009702.9664975944,0.8279564325280273,0.7451607892752246,0.8569349076665081,True
2040,P0224,Xinjiang,biomass,0.0,0.0,0.0,0.0,0.0,True
2040,P0224,Xinjiang,beccs,0.8261925721947511,4799617.03350241,3.9356859674719757,7.477803338196754,4.073434976333495,True
2040,P0224,Xinjiang,ammonia,0.0,0.0,0.0,0.0,0.0,True
2040,P0225,Heilongjiang,unabated,0.0,0.0,0.0,0.0,0.0,True
2040,P0225,Heilongjiang,retire,0.0,0.0,0.0,0.0,0.0,True
2040,P0225,Heilongjiang,ccs,0.0,0.0,0.0,0.0,0.0,True
2040,P0225,Heilongjiang,biomass,1.0,4174200.0,3.422844,3.422844,0.0,True
2040,P0225,Heilongjiang,beccs,0.0,0.0,0.0,0.0,0.0,True
2040,P0225,Heilongjiang,ammonia,0.0,0.0,0.0,0.0,0.0,True
2040,P0226,Anhui,unabated,0.0,0.0,0.0,0.0,0.0,True
2040,P0226,Anhui,retire,0.0,0.0,0.0,0.0,0.0,True
2040,P0226,Anhui,ccs,0.0,0.0,0.0,0.0,0.0,True
2040,P0226,Anhui,biomass,1.0,13416744.000000002,11.00173008,11.00173008,0.0,True
2040,P0226,Anhui,beccs,0.0,0.0,0.0,0.0,0.0,True
2040,P0226,Anhui,ammonia,0.0,0.0,0.0,0.0,0.0,True
2040,P0227,Shanxi,unabated,0.11699930357318422,2004098.6208006085,1.643360869056499,0.0,0.0,True
2040,P0227,Shanxi,retire,0.0,0.0,0.0,0.0,0.0,True
2040,P0227,Shanxi,ccs,0.0,0.0,0.0,0.0,0.0,True
2040,P0227,Shanxi,biomass,0.0,0.0,0.0,0.0,0.0,True
2040,P0227,Shanxi,beccs,0.8830006964268149,15125051.379199376,12.402542130943488,23.564830048792626,12.83663110552651,True
2040,P0227,Shanxi,ammonia,0.0,0.0,0.0,0.0,0.0,True
2040,P0228,Liaoning,unabated,0.0,0.0,0.0,0.0,0.0,True
2040,P0228,Liaoning,retire,0.0,0.0,0.0,0.0,0.0,True
2040,P0228,Liaoning,ccs,0.0,0.0,0.0,0.0,0.0,True
2040,P0228,Liaoning,biomass,0.2909898807873274,1082726.7880287191,0.8878359661835495,0.8878359661835495,0.0,True
2040,P0228,Liaoning,beccs,0.7090101192126728,2638113.211971281,2.16325283381645,4.1101803842512545,2.238966683000026,True
2040,P0228,Liaoning,ammonia,0.0,0.0,0.0,0.0,0.0,True
2040,P0229,Henan,unabated,0.0,0.0,0.0,0.0,0.0,True
2040,P0229,Henan,retire,0.0,0.0,0.0,0.0,0.0,True
2040,P0229,Henan,ccs,0.0,0.0,0.0,0.0,0.0,True
2040,P0229,Henan,biomass,1.0,13426508.0,11.009736559999999,11.009736559999999,0.0,True
2040,P0229,Henan,beccs,0.0,0.0,0.0,0.0,0.0,True
2040,P0229,Henan,ammonia,0.0,0.0,0.0,0.0,0.0,True
2040,P0230,Inner Mongolia,unabated,1.0,6641580.0,5.4460956,0.0,0.0,True
2040,P0230,Inner Mongolia,retire,0.0,0.0,0.0,0.0,0.0,True
2040,P0230,Inner Mongolia,ccs,0.0,0.0,0.0,0.0,0.0,True
2040,P0230,Inner Mongolia,biomass,0.0,0.0,0.0,0.0,0.0,True
2040,P0230,Inner Mongolia,beccs,0.0,0.0,0.0,0.0,0.0,True
2040,P0230,Inner Mongolia,ammonia,0.0,0.0,0.0,0.0,0.0,True
2040,P0231,Fujian,unabated,0.0,0.0,0.0,0.0,0.0,True
2040,P0231,Fujian,retire,0.0,0.0,0.0,0.0,0.0,True
2040,P0231,Fujian,ccs,0.0,0.0,0.0,0.0,0.0,True
2040,P0231,Fujian,biomass,1.0,6151440.0,5.0441807999999995,5.0441807999999995,0.0,True
2040,P0231,Fujian,beccs,0.0,0.0,0.0,0.0,0.0,True
2040,P0231,Fujian,ammonia,0.0,0.0,0.0,0.0,0.0,True
2040,P0232,Inner Mongolia,unabated,0.1342831602154976,810774.8647491313,0.6648353890942876,0.0,0.0,True
2040,P0232,Inner Mongolia,retire,0.0,0.0,0.0,0.0,0.0,True
2040,P0232,Inner Mongolia,ccs,0.0,0.0,0.0,0.0,0.0,True
2040,P0232,Inner Mongolia,biomass,0.0,0.0,0.0,0.0,0.0,True
2040,P0232,Inner Mongolia,beccs,0.8657168397845024,5227025.135250868,4.2861606109057115,8.143705160720852,4.436176232287411,True
2040,P0232,Inner Mongolia,ammonia,0.0,0.0,0.0,0.0,0.0,True
2040,P0233,Xinjiang,unabated,0.0,0.0,0.0,0.0,0.0,True
2040,P0233,Xinjiang,retire,0.0,0.0,0.0,0.0,0.0,True
2040,P0233,Xinjiang,ccs,0.036642576787785826,116110.06591899268,0.09521025405357399,0.08568922864821658,0.0985426129454491,True
2040,P0233,Xinjiang,biomass,0.0,0.0,0.0,0.0,0.0,True
2040,P0233,Xinjiang,beccs,0.9633574232122146,3052609.934081008,2.5031401459464266,4.75596627729821,2.5907500510545516,True
2040,P0233,Xinjiang,ammonia,0.0,0.0,0.0,0.0,0.0,True
2040,P0234,Hunan,unabated,0.0,0.0,0.0,0.0,0.0,True
2040,P0234,Hunan,retire,0.0,0.0,0.0,0.0,0.0,True
2040,P0234,Hunan,ccs,0.0,0.0,0.0,0.0,0.0,True
2040,P0234,Hunan,biomass,1.0,234414.0,0.19221947999999997,0.19221947999999997,0.0,True
2040,P0234,Hunan,beccs,0.0,0.0,0.0,0.0,0.0,True
2040,P0234,Hunan,ammonia,0.0,0.0,0.0,0.0,0.0,True
2040,P0235,Inner Mongolia,unabated,1.0,13283160.0,10.8921912,0.0,0.0,True
2040,P0235,Inner Mongolia,retire,0.0,0.0,0.0,0.0,0.0,True
2040,P0235,Inner Mongolia,ccs,0.0,0.0,0.0,0.0,0.0,True
2040,P0235,Inner Mongolia,biomass,0.0,0.0,0.0,0.0,0.0,True
2040,P0235,Inner Mongolia,beccs,0.0,0.0,0.0,0.0,0.0,True
2040,P0235,Inner Mongolia,ammonia,0.0,0.0,0.0,0.0,0.0,True
2040,P0236,Henan,unabated,0.0,0.0,0.0,0.0,0.0,True
2040,P0236,Henan,retire,0.0,0.0,0.0,0.0,0.0,True
2040,P0236,Henan,ccs,0.0,0.0,0.0,0.0,0.0,True
2040,P0236,Henan,biomass,1.0,19185868.0,15.73241176,15.73241176,0.0,True
2040,P0236,Henan,beccs,0.0,0.0,0.0,0.0,0.0,True
2040,P0236,Henan,ammonia,0.0,0.0,0.0,0.0,0.0,True
2040,P0237,Jiangxi,unabated,0.0,0.0,0.0,0.0,0.0,True
2040,P0237,Jiangxi,retire,0.0,0.0,0.0,0.0,0.0,True
2040,P0237,Jiangxi,ccs,0.0,0.0,0.0,0.0,0.0,True
2040,P0237,Jiangxi,biomass,1.0,12869280.0,10.5528096,10.5528096,0.0,True
2040,P0237,Jiangxi,beccs,0.0,0.0,0.0,0.0,0.0,True
2040,P0237,Jiangxi,ammonia,0.0,0.0,0.0,0.0,0.0,True
2040,P0238,Sichuan,unabated,0.0,0.0,0.0,0.0,0.0,True
2040,P0238,Sichuan,retire,0.0,0.0,0.0,0.0,0.0,True
2040,P0238,Sichuan,ccs,0.0,0.0,0.0,0.0,0.0,True
2040,P0238,Sichuan,biomass,0.0,0.0,0.0,0.0,0.0,True
2040,P0238,Sichuan,beccs,1.0,9992799.999999998,8.194095999999998,15.568782399999996,8.480889359999997,True
2040,P0238,Sichuan,ammonia,0.0,0.0,0.0,0.0,0.0,True
2040,P0239,Guizhou,unabated,0.30299070019365054,5350577.008748116,4.387473147173456,0.0,0.0,True
2040,P0239,Guizhou,retire,0.0,0.0,0.0,0.0,0.0,True
2040,P0239,Guizhou,ccs,0.0,0.0,0.0,0.0,0.0,True
2040,P0239,Guizhou,biomass,0.69700929980635,12308634.991251893,10.093080692826552,10.093080692826552,0.0,True
2040,P0239,Guizhou,beccs,0.0,0.0,0.0,0.0,0.0,True
2040,P0239,Guizhou,ammonia,0.0,0.0,0.0,0.0,0.0,True
2040,P0240,Guangdong,unabated,0.0,0.0,0.0,0.0,0.0,True
2040,P0240,Guangdong,retire,0.0,0.0,0.0,0.0,0.0,True
2040,P0240,Guangdong,ccs,0.0,0.0,0.0,0.0,0.0,True
2040,P0240,Guangdong,biomass,0.0,0.0,0.0,0.0,0.0,True
2040,P0240,Guangdong,beccs,1.0,9663400.0,7.923987999999999,15.055577199999997,8.201327579999997,True
2040,P0240,Guangdong,ammonia,0.0,0.0,0.0,0.0,0.0,True
2040,P0241,Guangxi,unabated,0.0,0.0,0.0,0.0,0.0,True
2040,P0241,Guangxi,retire,0.0,0.0,0.0,0.0,0.0,True
2040,P0241,Guangxi,ccs,0.0,0.0,0.0,0.0,0.0,True
2040,P0241,Guangxi,biomass,1.0,3350620.0,2.7475084,2.7475084,0.0,True
2040,P0241,Guangxi,beccs,0.0,0.0,0.0,0.0,0.0,True
2040,P0241,Guangxi,ammonia,0.0,0.0,0.0,0.0,0.0,True
2040,P0242,Xinjiang,unabated,0.8542483120058245,23820488.658728044,19.532800700156994,0.0,0.0,True
2040,P0242,Xinjiang,retire,0.0,0.0,0.0,0.0,0.0,True
2040,P0242,Xinjiang,ccs,0.14575168799417573,4064247.3412719592,3.332682819843006,2.9994145378587054,3.449326718537511,True
2040,P0242,Xinjiang,biomass,0.0,0.0,0.0,0.0,0.0,True
2040,P0242,Xinjiang,beccs,0.0,0.0,0.0,0.0,0.0,True
2040,P0242,Xinjiang,ammonia,0.0,0.0,0.0,0.0,0.0,True
2040,P0243,Anhui,unabated,1.0,124308166.00000001,101.93269612,0.0,0.0,True
2040,P0243,Anhui,retire,0.0,0.0,0.0,0.0,0.0,True
2040,P0243,Anhui,ccs,0.0,0.0,0.0,0.0,0.0,True
2040,P0243,Anhui,biomass,0.0,0.0,0.0,0.0,0.0,True
2040,P0243,Anhui,beccs,0.0,0.0,0.0,0.0,0.0,True
2040,P0243,Anhui,ammonia,0.0,0.0,0.0,0.0,0.0,True
2040,P0244,Gansu,unabated,0.0,0.0,0.0,0.0,0.0,True
2040,P0244,Gansu,retire,0.0,0.0,0.0,0.0,0.0,True
2040,P0244,Gansu,ccs,1.0,15124456.000000002,12.40205392,11.161848528,12.836125807199998,True
2040,P0244,Gansu,biomass,0.0,0.0,0.0,0.0,0.0,True
2040,P0244,Gansu,beccs,0.0,0.0,0.0,0.0,0.0,True
2040,P0244,Gansu,ammonia,0.0,0.0,0.0,0.0,0.0,True
2040,P0245,Hubei,unabated,0.0,0.0,0.0,0.0,0.0,True
2040,P0245,Hubei,retire,0.0,0.0,0.0,0.0,0.0,True
2040,P0245,Hubei,ccs,0.0,0.0,0.0,0.0,0.0,True
2040,P0245,Hubei,biomass,1.0,7247976.799999999,5.943340975999999,5.943340975999999,0.0,True
2040,P0245,Hubei,beccs,0.0,0.0,0.0,0.0,0.0,True
2040,P0245,Hubei,ammonia,0.0,0.0,0.0,0.0,0.0,True
2040,P0246,Inner Mongolia,unabated,1.0,41107355.0,33.7080311,0.0,0.0,True
2040,P0246,Inner Mongolia,retire,0.0,0.0,0.0,0.0,0.0,True
2040,P0246,Inner Mongolia,ccs,0.0,0.0,0.0,0.0,0.0,True
2040,P0246,Inner Mongolia,biomass,0.0,0.0,0.0,0.0,0.0,True
2040,P0246,Inner Mongolia,beccs,0.0,0.0,0.0,0.0,0.0,True
2040,P0246,Inner Mongolia,ammonia,0.0,0.0,0.0,0.0,0.0,True
2040,P0247,Shandong,unabated,0.7347608269622546,6600992.811478083,5.412814105412028,0.0,0.0,True
2040,P0247,Shandong,retire,0.0,0.0,0.0,0.0,0.0,True
2040,P0247,Shandong,ccs,0.0,0.0,0.0,0.0,0.0,True
2040,P0247,Shandong,biomass,0.014282103223899893,128308.50156168464,0.10521297128058138,0.10521297128058138,0.0,True
2040,P0247,Shandong,beccs,0.2509570698138456,2254564.686960234,1.8487430433073913,3.512611782284043,1.9134490498231498,True
2040,P0247,Shandong,ammonia,0.0,0.0,0.0,0.0,0.0,True
2040,P0248,Henan,unabated,0.03850182913981227,1162780.0352002964,0.9534796288642431,0.0,0.0,True
2040,P0248,Henan,retire,0.0,0.0,0.0,0.0,0.0,True
2040,P0248,Henan,ccs,0.0,0.0,0.0,0.0,0.0,True
2040,P0248,Henan,biomass,0.9614981708601886,29037863.964799732,23.811048451135775,23.811048451135775,0.0,True
2040,P0248,Henan,beccs,0.0,0.0,0.0,0.0,0.0,True
2040,P0248,Henan,ammonia,0.0,0.0,0.0,0.0,0.0,True
2040,P0249,Gansu,unabated,0.0,0.0,0.0,0.0,0.0,True
2040,P0249,Gansu,retire,0.0,0.0,0.0,0.0,0.0,True
2040,P0249,Gansu,ccs,0.0,0.0,0.0,0.0,0.0,True
2040,P0249,Gansu,biomass,0.0,0.0,0.0,0.0,0.0,True
2040,P0249,Gansu,beccs,1.0,2513760.0000000005,2.0612832,3.91643808,2.133428112,True
2040,P0249,Gansu,ammonia,0.0,0.0,0.0,0.0,0.0,True
2040,P0250,Gansu,unabated,1.0,2513760.0000000005,2.0612832,0.0,0.0,True
2040,P0250,Gansu,retire,0.0,0.0,0.0,0.0,0.0,True
2040,P0250,Gansu,ccs,0.0,0.0,0.0,0.0,0.0,True
2040,P0250,Gansu,biomass,0.0,0.0,0.0,0.0,0.0,True
2040,P0250,Gansu,beccs,0.0,0.0,0.0,0.0,0.0,True
2040,P0250,Gansu,ammonia,0.0,0.0,0.0,0.0,0.0,True
2040,P0251,Hebei,unabated,0.3508776173640708,2125945.027441394,1.743274922501943,0.0,0.0,True
2040,P0251,Hebei,retire,0.0,0.0,0.0,0.0,0.0,True
2040,P0251,Hebei,ccs,0.0,0.0,0.0,0.0,0.0,True
2040,P0251,Hebei,biomass,0.6180074105737227,3744467.3481919095,3.070463225517366,3.070463225517366,0.0,True
2040,P0251,Hebei,beccs,0.031114972062206758,188523.6243666988,0.154589371980693,0.29371980676331666,0.16000000000001724,True
2040,P0251,Hebei,ammonia,0.0,0.0,0.0,0.0,0.0,True
2040,P0252,Guangxi,unabated,0.0,0.0,0.0,0.0,0.0,True
2040,P0252,Guangxi,retire,0.0,0.0,0.0,0.0,0.0,True
2040,P0252,Guangxi,ccs,0.0,0.0,0.0,0.0,0.0,True
2040,P0252,Guangxi,biomass,1.0,10003994.0,8.20327508,8.20327508,0.0,True
2040,P0252,Guangxi,beccs,0.0,0.0,0.0,0.0,0.0,True
2040,P0252,Guangxi,ammonia,0.0,0.0,0.0,0.0,0.0,True
2040,P0253,Guangxi,unabated,0.0,0.0,0.0,0.0,0.0,True
2040,P0253,Guangxi,retire,0.0,0.0,0.0,0.0,0.0,True
2040,P0253,Guangxi,ccs,0.0,0.0,0.0,0.0,0.0,True
2040,P0253,Guangxi,biomass,1.0,5456724.0,4.474513679999999,4.474513679999999,0.0,True
2040,P0253,Guangxi,beccs,0.0,0.0,0.0,0.0,0.0,True
2040,P0253,Guangxi,ammonia,0.0,0.0,0.0,0.0,0.0,True
2040,P0254,Jiangxi,unabated,0.0,0.0,0.0,0.0,0.0,True
2040,P0254,Jiangxi,retire,0.0,0.0,0.0,0.0,0.0,True
2040,P0254,Jiangxi,ccs,0.0,0.0,0.0,0.0,0.0,True
2040,P0254,Jiangxi,biomass,1.0,6291647.999999999,5.159151359999998,5.159151359999998,0.0,True
2040,P0254,Jiangxi,beccs,0.0,0.0,0.0,0.0,0.0,True
2040,P0254,Jiangxi,ammonia,0.0,0.0,0.0,0.0,0.0,True
2040,P0255,Anhui,unabated,0.0,0.0,0.0,0.0,0.0,True
2040,P0255,Anhui,retire,0.0,0.0,0.0,0.0,0.0,True
2040,P0255,Anhui,ccs,0.0,0.0,0.0,0.0,0.0,True
2040,P0255,Anhui,biomass,1.0,25003932.0,20.503224239999998,20.503224239999998,0.0,True
2040,P0255,Anhui,beccs,0.0,0.0,0.0,0.0,0.0,True
2040,P0255,Anhui,ammonia,0.0,0.0,0.0,0.0,0.0,True
2040,P0256,Heilongjiang,unabated,0.0,0.0,0.0,0.0,0.0,True
2040,P0256,Heilongjiang,retire,0.0,0.0,0.0,0.0,0.0,True
2040,P0256,Heilongjiang,ccs,0.0,0.0,0.0,0.0,0.0,True
2040,P0256,Heilongjiang,biomass,0.0,0.0,0.0,0.0,0.0,True
2040,P0256,Heilongjiang,beccs,1.0,194796.0,0.15973272,0.30349216799999995,0.1653233652,True
2040,P0256,Heilongjiang,ammonia,0.0,0.0,0.0,0.0,0.0,True
2040,P0257,Inner Mongolia,unabated,0.0,0.0,0.0,0.0,0.0,True
2040,P0257,Inner Mongolia,retire,0.0,0.0,0.0,0.0,0.0,True
2040,P0257,Inner Mongolia,ccs,0.0,0.0,0.0,0.0,0.0,True
2040,P0257,Inner Mongolia,biomass,1.0,362267.99999999994,0.29705975999999995,0.29705975999999995,0.0,True
2040,P0257,Inner Mongolia,beccs,0.0,0.0,0.0,0.0,0.0,True
2040,P0257,Inner Mongolia,ammonia,0.0,0.0,0.0,0.0,0.0,True
2040,P0258,Xinjiang,unabated,0.0,0.0,0.0,0.0,0.0,True
2040,P0258,Xinjiang,retire,0.0,0.0,0.0,0.0,0.0,True
2040,P0258,Xinjiang,ccs,1.0,3696839.9999999995,3.0314087999999995,2.7282679199999995,3.137508107999999,True
2040,P0258,Xinjiang,biomass,0.0,0.0,0.0,0.0,0.0,True
2040,P0258,Xinjiang,beccs,0.0,0.0,0.0,0.0,0.0,True
2040,P0258,Xinjiang,ammonia,0.0,0.0,0.0,0.0,0.0,True
2040,P0259,Guizhou,unabated,1.0,20792298.0,17.04968436,0.0,0.0,True
2040,P0259,Guizhou,retire,0.0,0.0,0.0,0.0,0.0,True
2040,P0259,Guizhou,ccs,0.0,0.0,0.0,0.0,0.0,True
2040,P0259,Guizhou,biomass,0.0,0.0,0.0,0.0,0.0,True
2040,P0259,Guizhou,beccs,0.0,0.0,0.0,0.0,0.0,True
2040,P0259,Guizhou,ammonia,0.0,0.0,0.0,0.0,0.0,True
2040,P0260,Ningxia,unabated,0.0,0.0,0.0,0.0,0.0,True
2040,P0260,Ningxia,retire,0.0,0.0,0.0,0.0,0.0,True
2040,P0260,Ningxia,ccs,0.0,0.0,0.0,0.0,0.0,True
2040,P0260,Ningxia,biomass,0.0,0.0,0.0,0.0,0.0,True
2040,P0260,Ningxia,beccs,1.0,13222594.0,10.84252708,20.600801452,11.2220155278,True
2040,P0260,Ningxia,ammonia,0.0,0.0,0.0,0.0,0.0,True
2040,P0261,Xinjiang,unabated,0.0,0.0,0.0,0.0,0.0,True
2040,P0261,Xinjiang,retire,0.0,0.0,0.0,0.0,0.0,True
2040,P0261,Xinjiang,ccs,1.0,3696839.9999999995,3.0314087999999995,2.7282679199999995,3.137508107999999,True
2040,P0261,Xinjiang,biomass,0.0,0.0,0.0,0.0,0.0,True
2040,P0261,Xinjiang,beccs,0.0,0.0,0.0,0.0,0.0,True
2040,P0261,Xinjiang,ammonia,0.0,0.0,0.0,0.0,0.0,True
2040,P0262,Guizhou,unabated,0.0,0.0,0.0,0.0,0.0,True
2040,P0262,Guizhou,retire,0.0,0.0,0.0,0.0,0.0,True
2040,P0262,Guizhou,ccs,0.0,0.0,0.0,0.0,0.0,True
2040,P0262,Guizhou,biomass,1.0,5696520.0,4.6711464,4.6711464,0.0,True
2040,P0262,Guizhou,beccs,0.0,0.0,0.0,0.0,0.0,True
2040,P0262,Guizhou,ammonia,0.0,0.0,0.0,0.0,0.0,True
2040,P0263,Shaanxi,unabated,0.0,0.0,0.0,0.0,0.0,True
2040,P0263,Shaanxi,retire,0.0,0.0,0.0,0.0,0.0,True
2040,P0263,Shaanxi,ccs,0.0,0.0,0.0,0.0,0.0,True
2040,P0263,Shaanxi,biomass,1.0,3176600.0,2.604812,2.604812,0.0,True
2040,P0263,Shaanxi,beccs,0.0,0.0,0.0,0.0,0.0,True
2040,P0263,Shaanxi,ammonia,0.0,0.0,0.0,0.0,0.0,True
2040,P0264,Sichuan,unabated,0.0,0.0,0.0,0.0,0.0,True
2040,P0264,Sichuan,retire,0.0,0.0,0.0,0.0,0.0,True
2040,P0264,Sichuan,ccs,0.0,0.0,0.0,0.0,0.0,True
2040,P0264,Sichuan,biomass,0.0,0.0,0.0,0.0,0.0,True
2040,P0264,Sichuan,beccs,1.0,5995679.999999999,4.916457599999998,9.341269439999996,5.0885336159999985,True
2040,P0264,Sichuan,ammonia,0.0,0.0,0.0,0.0,0.0,True
2040,P0265,Gansu,unabated,0.0,0.0,0.0,0.0,0.0,True
2040,P0265,Gansu,retire,0.0,0.0,0.0,0.0,0.0,True
2040,P0265,Gansu,ccs,0.0,0.0,0.0,0.0,0.0,True
2040,P0265,Gansu,biomass,0.0,0.0,0.0,0.0,0.0,True
2040,P0265,Gansu,beccs,1.0,2932720.0,2.4048304,4.56917776,2.488999464,True
2040,P0265,Gansu,ammonia,0.0,0.0,0.0,0.0,0.0,True
2040,P0266,Heilongjiang,unabated,0.0,0.0,0.0,0.0,0.0,True
2040,P0266,Heilongjiang,retire,0.0,0.0,0.0,0.0,0.0,True
2040,P0266,Heilongjiang,ccs,0.0,0.0,0.0,0.0,0.0,True
2040,P0266,Heilongjiang,biomass,1.0,939195.0000000001,0.7701399,0.7701399,0.0,True
2040,P0266,Heilongjiang,beccs,0.0,0.0,0.0,0.0,0.0,True
2040,P0266,Heilongjiang,ammonia,0.0,0.0,0.0,0.0,0.0,True
2040,P0267,Hubei,unabated,0.0,0.0,0.0,0.0,0.0,True
2040,P0267,Hubei,retire,0.0,0.0,0.0,0.0,0.0,True
2040,P0267,Hubei,ccs,0.0,0.0,0.0,0.0,0.0,True
2040,P0267,Hubei,biomass,1.0,17473136.0,14.32797152,14.32797152,0.0,True
2040,P0267,Hubei,beccs,0.0,0.0,0.0,0.0,0.0,True
2040,P0267,Hubei,ammonia,0.0,0.0,0.0,0.0,0.0,True
2040,P0268,Inner Mongolia,unabated,0.0,0.0,0.0,0.0,0.0,True
2040,P0268,Inner Mongolia,retire,0.0,0.0,0.0,0.0,0.0,True
2040,P0268,Inner Mongolia,ccs,0.0,0.0,0.0,0.0,0.0,True
2040,P0268,Inner Mongolia,biomass,1.0,452835.0,0.37132469999999995,0.37132469999999995,0.0,True
2040,P0268,Inner Mongolia,beccs,0.0,0.0,0.0,0.0,0.0,True
2040,P0268,Inner Mongolia,ammonia,0.0,0.0,0.0,0.0,0.0,True
2040,P0269,Guangdong,unabated,1.0,77191239.2,63.296816144000005,0.0,0.0,True
2040,P0269,Guangdong,retire,0.0,0.0,0.0,0.0,0.0,True
2040,P0269,Guangdong,ccs,0.0,0.0,0.0,0.0,0.0,True
2040,P0269,Guangdong,biomass,0.0,0.0,0.0,0.0,0.0,True
2040,P0269,Guangdong,beccs,0.0,0.0,0.0,0.0,0.0,True
2040,P0269,Guangdong,ammonia,0.0,0.0,0.0,0.0,0.0,True
2040,P0270,Xinjiang,unabated,1.0,3168719.9999999995,2.5983503999999993,0.0,0.0,True
2040,P0270,Xinjiang,retire,0.0,0.0,0.0,0.0,0.0,True
2040,P0270,Xinjiang,ccs,0.0,0.0,0.0,0.0,0.0,True
2040,P0270,Xinjiang,biomass,0.0,0.0,0.0,0.0,0.0,True
2040,P0270,Xinjiang,beccs,0.0,0.0,0.0,0.0,0.0,True
2040,P0270,Xinjiang,ammonia,0.0,0.0,0.0,0.0,0.0,True
2040,P0271,Guangdong,unabated,0.0,0.0,0.0,0.0,0.0,True
2040,P0271,Guangdong,retire,0.0,0.0,0.0,0.0,0.0,True
2040,P0271,Guangdong,ccs,0.0,0.0,0.0,0.0,0.0,True
2040,P0271,Guangdong,biomass,1.0,2899020.0,2.3771964,2.3771964,0.0,True
2040,P0271,Guangdong,beccs,0.0,0.0,0.0,0.0,0.0,True
2040,P0271,Guangdong,ammonia,0.0,0.0,0.0,0.0,0.0,True
2040,P0272,Qinghai,unabated,0.0,0.0,0.0,0.0,0.0,True
2040,P0272,Qinghai,retire,0.0,0.0,0.0,0.0,0.0,True
2040,P0272,Qinghai,ccs,1.0,5408039.999999999,4.434592799999999,3.991133519999999,4.589803547999999,True
2040,P0272,Qinghai,biomass,0.0,0.0,0.0,0.0,0.0,True
2040,P0272,Qinghai,beccs,0.0,0.0,0.0,0.0,0.0,True
2040,P0272,Qinghai,ammonia,0.0,0.0,0.0,0.0,0.0,True
2040,P0273,Fujian,unabated,0.0,0.0,0.0,0.0,0.0,True
2040,P0273,Fujian,retire,0.0,0.0,0.0,0.0,0.0,True
2040,P0273,Fujian,ccs,0.0,0.0,0.0,0.0,0.0,True
2040,P0273,Fujian,biomass,1.0,3075720.0,2.5220903999999997,2.5220903999999997,0.0,True
2040,P0273,Fujian,beccs,0.0,0.0,0.0,0.0,0.0,True
2040,P0273,Fujian,ammonia,0.0,0.0,0.0,0.0,0.0,True
2040,P0274,Hebei,unabated,0.0,0.0,0.0,0.0,0.0,True
2040,P0274,Hebei,retire,0.0,0.0,0.0,0.0,0.0,True
2040,P0274,Hebei,ccs,0.0,0.0,0.0,0.0,0.0,True
2040,P0274,Hebei,biomass,0.0,0.0,0.0,0.0,0.0,True
2040,P0274,Hebei,beccs,1.0,6237140.0,5.1144548,9.717464119999999,5.2934607179999995,True
2040,P0274,Hebei,ammonia,0.0,0.0,0.0,0.0,0.0,True
2040,P0275,Gansu,unabated,0.642522557183027,9744723.270177918,7.99067308154589,0.0,0.0,True
2040,P0275,Gansu,retire,0.0,0.0,0.0,0.0,0.0,True
2040,P0275,Gansu,ccs,0.35747744281697347,5421628.729822092,4.445735558454115,4.001162002608703,4.601336303000009,True
2040,P0275,Gansu,biomass,0.0,0.0,0.0,0.0,0.0,True
2040,P0275,Gansu,beccs,0.0,0.0,0.0,0.0,0.0,True
2040,P0275,Gansu,ammonia,0.0,0.0,0.0,0.0,0.0,True
2040,P0276,Xinjiang,unabated,0.0,0.0,0.0,0.0,0.0,True
2040,P0276,Xinjiang,retire,0.0,0.0,0.0,0.0,0.0,True
2040,P0276,Xinjiang,ccs,1.0,3168719.9999999995,2.5983503999999993,2.3385153599999993,2.6892926639999994,True
2040,P0276,Xinjiang,biomass,0.0,0.0,0.0,0.0,0.0,True
2040,P0276,Xinjiang,beccs,0.0,0.0,0.0,0.0,0.0,True
2040,P0276,Xinjiang,ammonia,0.0,0.0,0.0,0.0,0.0,True
2040,P0277,Guangxi,unabated,0.0,0.0,0.0,0.0,0.0,True
2040,P0277,Guangxi,retire,0.0,0.0,0.0,0.0,0.0,True
2040,P0277,Guangxi,ccs,0.0,0.0,0.0,0.0,0.0,True
2040,P0277,Guangxi,biomass,1.0,3350620.0,2.7475084,2.7475084,0.0,True
2040,P0277,Guangxi,beccs,0.0,0.0,0.0,0.0,0.0,True
2040,P0277,Guangxi,ammonia,0.0,0.0,0.0,0.0,0.0,True
2040,P0278,Inner Mongolia,unabated,1.0,8151030.0,6.6838446,0.0,0.0,True
2040,P0278,Inner Mongolia,retire,0.0,0.0,0.0,0.0,0.0,True
2040,P0278,Inner Mongolia,ccs,0.0,0.0,0.0,0.0,0.0,True
2040,P0278,Inner Mongolia,biomass,0.0,0.0,0.0,0.0,0.0,True
2040,P0278,Inner Mongolia,beccs,0.0,0.0,0.0,0.0,0.0,True
2040,P0278,Inner Mongolia,ammonia,0.0,0.0,0.0,0.0,0.0,True
2040,P0279,Guangxi,unabated,0.0,0.0,0.0,0.0,0.0,True
2040,P0279,Guangxi,retire,0.0,0.0,0.0,0.0,0.0,True
2040,P0279,Guangxi,ccs,0.0,0.0,0.0,0.0,0.0,True
2040,P0279,Guangxi,biomass,0.0,0.0,0.0,0.0,0.0,True
2040,P0279,Guangxi,beccs,1.0,5743920.0,4.7100143999999995,8.949027359999999,4.874864903999999,True
2040,P0279,Guangxi,ammonia,0.0,0.0,0.0,0.0,0.0,True
2040,P0280,Anhui,unabated,0.0,0.0,0.0,0.0,0.0,True
2040,P0280,Anhui,retire,0.0,0.0,0.0,0.0,0.0,True
2040,P0280,Anhui,ccs,0.0,0.0,0.0,0.0,0.0,True
2040,P0280,Anhui,biomass,1.0,6708372.000000001,5.50086504,5.50086504,0.0,True
2040,P0280,Anhui,beccs,0.0,0.0,0.0,0.0,0.0,True
2040,P0280,Anhui,ammonia,0.0,0.0,0.0,0.0,0.0,True
2040,P0281,Xinjiang,unabated,0.0,0.0,0.0,0.0,0.0,True
2040,P0281,Xinjiang,retire,0.0,0.0,0.0,0.0,0.0,True
2040,P0281,Xinjiang,ccs,1.0,10668023.999999998,8.747779679999997,7.873001711999998,9.053951968799996,True
2040,P0281,Xinjiang,biomass,0.0,0.0,0.0,0.0,0.0,True
2040,P0281,Xinjiang,beccs,0.0,0.0,0.0,0.0,0.0,True
2040,P0281,Xinjiang,ammonia,0.0,0.0,0.0,0.0,0.0,True
2040,P0282,Shandong,unabated,0.0,0.0,0.0,0.0,0.0,True
2040,P0282,Shandong,retire,0.0,0.0,0.0,0.0,0.0,True
2040,P0282,Shandong,ccs,0.0,0.0,0.0,0.0,0.0,True
2040,P0282,Shandong,biomass,1.0,3532491.0000000005,2.89664262,2.89664262,0.0,True
2040,P0282,Shandong,beccs,0.0,0.0,0.0,0.0,0.0,True
2040,P0282,Shandong,ammonia,0.0,0.0,0.0,0.0,0.0,True
2040,P0283,Hubei,unabated,0.0,0.0,0.0,0.0,0.0,True
2040,P0283,Hubei,retire,0.0,0.0,0.0,0.0,0.0,True
2040,P0283,Hubei,ccs,0.0,0.0,0.0,0.0,0.0,True
2040,P0283,Hubei,biomass,1.0,4949472.0,4.05856704,4.05856704,0.0,True
2040,P0283,Hubei,beccs,0.0,0.0,0.0,0.0,0.0,True
2040,P0283,Hubei,ammonia,0.0,0.0,0.0,0.0,0.0,True
2040,P0284,Shandong,unabated,1.0,38377680.00000001,31.469697600000003,0.0,0.0,True
2040,P0284,Shandong,retire,0.0,0.0,0.0,0.0,0.0,True
2040,P0284,Shandong,ccs,0.0,0.0,0.0,0.0,0.0,True
2040,P0284,Shandong,biomass,0.0,0.0,0.0,0.0,0.0,True
2040,P0284,Shandong,beccs,0.0,0.0,0.0,0.0,0.0,True
2040,P0284,Shandong,ammonia,0.0,0.0,0.0,0.0,0.0,True
2040,P0285,Yunnan,unabated,0.0,0.0,0.0,0.0,0.0,True
2040,P0285,Yunnan,retire,0.0,0.0,0.0,0.0,0.0,True
2040,P0285,Yunnan,ccs,0.0,0.0,0.0,0.0,0.0,True
2040,P0285,Yunnan,biomass,1.0,5378639.999999999,4.410484799999999,4.410484799999999,0.0,True
2040,P0285,Yunnan,beccs,0.0,0.0,0.0,0.0,0.0,True
2040,P0285,Yunnan,ammonia,0.0,0.0,0.0,0.0,0.0,True
2040,P0286,Jiangxi,unabated,0.0,0.0,0.0,0.0,0.0,True
2040,P0286,Jiangxi,retire,0.0,0.0,0.0,0.0,0.0,True
2040,P0286,Jiangxi,ccs,0.0,0.0,0.0,0.0,0.0,True
2040,P0286,Jiangxi,biomass,1.0,7149600.0,5.862672,5.862672,0.0,True
2040,P0286,Jiangxi,beccs,0.0,0.0,0.0,0.0,0.0,True
2040,P0286,Jiangxi,ammonia,0.0,0.0,0.0,0.0,0.0,True
2040,P0287,Gansu,unabated,1.0,5530272.0,4.53482304,0.0,0.0,True
2040,P0287,Gansu,retire,0.0,0.0,0.0,0.0,0.0,True
2040,P0287,Gansu,ccs,0.0,0.0,0.0,0.0,0.0,True
2040,P0287,Gansu,biomass,0.0,0.0,0.0,0.0,0.0,True
2040,P0287,Gansu,beccs,0.0,0.0,0.0,0.0,0.0,True
2040,P0287,Gansu,ammonia,0.0,0.0,0.0,0.0,0.0,True
2040,P0288,Inner Mongolia,unabated,1.0,6641580.0,5.4460956,0.0,0.0,True
2040,P0288,Inner Mongolia,retire,0.0,0.0,0.0,0.0,0.0,True
2040,P0288,Inner Mongolia,ccs,0.0,0.0,0.0,0.0,0.0,True
2040,P0288,Inner Mongolia,biomass,0.0,0.0,0.0,0.0,0.0,True
2040,P0288,Inner Mongolia,beccs,0.0,0.0,0.0,0.0,0.0,True
2040,P0288,Inner Mongolia,ammonia,0.0,0.0,0.0,0.0,0.0,True
2040,P0289,Inner Mongolia,unabated,0.0,0.0,0.0,0.0,0.0,True
2040,P0289,Inner Mongolia,retire,0.0,0.0,0.0,0.0,0.0,True
2040,P0289,Inner Mongolia,ccs,0.0,0.0,0.0,0.0,0.0,True
2040,P0289,Inner Mongolia,biomass,0.0,0.0,0.0,0.0,0.0,True
2040,P0289,Inner Mongolia,beccs,1.0,2566065.0,2.1041733,3.9979292699999993,2.1778193655,True
2040,P0289,Inner Mongolia,ammonia,0.0,0.0,0.0,0.0,0.0,True
2040,P0290,Guizhou,unabated,0.29247593249459064,2582447.2484098324,2.117606743696063,0.0,0.0,True
2040,P0290,Guizhou,retire,0.0,0.0,0.0,0.0,0.0,True
2040,P0290,Guizhou,ccs,0.0,0.0,0.0,0.0,0.0,True
2040,P0290,Guizhou,biomass,0.7075240675054095,6247158.751590169,5.122670176303939,5.122670176303939,0.0,True
2040,P0290,Guizhou,beccs,0.0,0.0,0.0,0.0,0.0,True
2040,P0290,Guizhou,ammonia,0.0,0.0,0.0,0.0,0.0,True
2040,P0291,Shanxi,unabated,0.0,0.0,0.0,0.0,0.0,True
2040,P0291,Shanxi,retire,0.0,0.0,0.0,0.0,0.0,True
2040,P0291,Shanxi,ccs,0.0,0.0,0.0,0.0,0.0,True
2040,P0291,Shanxi,biomass,0.0,0.0,0.0,0.0,0.0,True
2040,P0291,Shanxi,beccs,1.0,4490615.0,3.6823042999999998,6.996378169999999,3.8111849504999995,True
2040,P0291,Shanxi,ammonia,0.0,0.0,0.0,0.0,0.0,True
2040,P0292,Chongqing,unabated,0.0,0.0,0.0,0.0,0.0,True
2040,P0292,Chongqing,retire,0.0,0.0,0.0,0.0,0.0,True
2040,P0292,Chongqing,ccs,0.0,0.0,0.0,0.0,0.0,True
2040,P0292,Chongqing,biomass,1.0,2876520.0,2.3587464,2.3587464,0.0,True
2040,P0292,Chongqing,beccs,0.0,0.0,0.0,0.0,0.0,True
2040,P0292,Chongqing,ammonia,0.0,0.0,0.0,0.0,0.0,True
2040,P0293,Chongqing,unabated,0.0,0.0,0.0,0.0,0.0,True
2040,P0293,Chongqing,retire,0.0,0.0,0.0,0.0,0.0,True
2040,P0293,Chongqing,ccs,0.0,0.0,0.0,0.0,0.0,True
2040,P0293,Chongqing,biomass,0.0,0.0,0.0,0.0,0.0,True
2040,P0293,Chongqing,beccs,1.0,958840.0,0.7862488,1.49387272,0.8137675079999999,True
2040,P0293,Chongqing,ammonia,0.0,0.0,0.0,0.0,0.0,True
2040,P0294,Jiangxi,unabated,0.0,0.0,0.0,0.0,0.0,True
2040,P0294,Jiangxi,retire,0.0,0.0,0.0,0.0,0.0,True
2040,P0294,Jiangxi,ccs,0.0,0.0,0.0,0.0,0.0,True
2040,P0294,Jiangxi,biomass,1.0,6291647.999999999,5.159151359999998,5.159151359999998,0.0,True
2040,P0294,Jiangxi,beccs,0.0,0.0,0.0,0.0,0.0,True
2040,P0294,Jiangxi,ammonia,0.0,0.0,0.0,0.0,0.0,True
2040,P0295,Guangdong,unabated,0.0,0.0,0.0,0.0,0.0,True
2040,P0295,Guangdong,retire,0.0,0.0,0.0,0.0,0.0,True
2040,P0295,Guangdong,ccs,0.0,0.0,0.0,0.0,0.0,True
2040,P0295,Guangdong,biomass,0.0,0.0,0.0,0.0,0.0,True
2040,P0295,Guangdong,beccs,1.0,14857477.5,12.183131549999999,23.147949944999997,12.609541154249998,True
2040,P0295,Guangdong,ammonia,0.0,0.0,0.0,0.0,0.0,True
2040,P0296,Henan,unabated,0.0,0.0,0.0,0.0,0.0,True
2040,P0296,Henan,retire,0.0,0.0,0.0,0.0,0.0,True
2040,P0296,Henan,ccs,0.0,0.0,0.0,0.0,0.0,True
2040,P0296,Henan,biomass,1.0,14182424.0,11.62958768,11.62958768,0.0,True
2040,P0296,Henan,beccs,0.0,0.0,0.0,0.0,0.0,True
2040,P0296,Henan,ammonia,0.0,0.0,0.0,0.0,0.0,True
2040,P0297,Jiangxi,unabated,0.0,0.0,0.0,0.0,0.0,True
2040,P0297,Jiangxi,retire,0.0,0.0,0.0,0.0,0.0,True
2040,P0297,Jiangxi,ccs,0.0,0.0,0.0,0.0,0.0,True
2040,P0297,Jiangxi,biomass,0.11129285204766677,1060932.499999998,0.8699646499999981,0.8699646499999981,0.0,True
2040,P0297,Jiangxi,beccs,0.8887071479523331,8471867.5,6.94693135,13.199169565,7.19007394725,True
2040,P0297,Jiangxi,ammonia,0.0,0.0,0.0,0.0,0.0,True
2040,P0298,Xinjiang,unabated,1.0,5281200.0,4.330584,0.0,0.0,True
2040,P0298,Xinjiang,retire,0.0,0.0,0.0,0.0,0.0,True
2040,P0298,Xinjiang,ccs,0.0,0.0,0.0,0.0,0.0,True
2040,P0298,Xinjiang,biomass,0.0,0.0,0.0,0.0,0.0,True
2040,P0298,Xinjiang,beccs,0.0,0.0,0.0,0.0,0.0,True
2040,P0298,Xinjiang,ammonia,0.0,0.0,0.0,0.0,0.0,True
2040,P0299,Liaoning,unabated,0.0,0.0,0.0,0.0,0.0,True
2040,P0299,Liaoning,retire,0.0,0.0,0.0,0.0,0.0,True
2040,P0299,Liaoning,ccs,0.0,0.0,0.0,0.0,0.0,True
2040,P0299,Liaoning,biomass,1.0,1612363.9999999998,1.3221384799999998,1.3221384799999998,0.0,True
2040,P0299,Liaoning,beccs,0.0,0.0,0.0,0.0,0.0,True
2040,P0299,Liaoning,ammonia,0.0,0.0,0.0,0.0,0.0,True
2040,P0300,Guangxi,unabated,0.0,0.0,0.0,0.0,0.0,True
2040,P0300,Guangxi,retire,0.0,0.0,0.0,0.0,0.0,True
2040,P0300,Guangxi,ccs,0.0,0.0,0.0,0.0,0.0,True
2040,P0300,Guangxi,biomass,0.0,0.0,0.0,0.0,0.0,True
2040,P0300,Guangxi,beccs,1.0,6318312.0,5.18101584,9.843930096,5.362351394399999,True
2040,P0300,Guangxi,ammonia,0.0,0.0,0.0,0.0,0.0,True
2040,P0301,Jiangsu,unabated,0.0,0.0,0.0,0.0,0.0,True
2040,P0301,Jiangsu,retire,0.0,0.0,0.0,0.0,0.0,True
2040,P0301,Jiangsu,ccs,0.0,0.0,0.0,0.0,0.0,True
2040,P0301,Jiangsu,biomass,1.0,320992.0,0.26321344,0.26321344,0.0,True
2040,P0301,Jiangsu,beccs,0.0,0.0,0.0,0.0,0.0,True
2040,P0301,Jiangsu,ammonia,0.0,0.0,0.0,0.0,0.0,True
2040,P0302,Xinjiang,unabated,1.0,3696839.9999999995,3.0314087999999995,0.0,0.0,True
2040,P0302,Xinjiang,retire,0.0,0.0,0.0,0.0,0.0,True
2040,P0302,Xinjiang,ccs,0.0,0.0,0.0,0.0,0.0,True
2040,P0302,Xinjiang,biomass,0.0,0.0,0.0,0.0,0.0,True
2040,P0302,Xinjiang,beccs,0.0,0.0,0.0,0.0,0.0,True
2040,P0302,Xinjiang,ammonia,0.0,0.0,0.0,0.0,0.0,True
2040,P0303,Henan,unabated,0.0,0.0,0.0,0.0,0.0,True
2040,P0303,Henan,retire,0.0,0.0,0.0,0.0,0.0,True
2040,P0303,Henan,ccs,0.0,0.0,0.0,0.0,0.0,True
2040,P0303,Henan,biomass,1.0,4679480.0,3.8371735999999994,3.8371735999999994,0.0,True
2040,P0303,Henan,beccs,0.0,0.0,0.0,0.0,0.0,True
2040,P0303,Henan,ammonia,0.0,0.0,0.0,0.0,0.0,True
2040,P0304,Inner Mongolia,unabated,0.0,0.0,0.0,0.0,0.0,True
2040,P0304,Inner Mongolia,retire,0.0,0.0,0.0,0.0,0.0,True
2040,P0304,Inner Mongolia,ccs,1.0,503150.0,0.412583,0.3713247,0.42702340499999997,True
2040,P0304,Inner Mongolia,biomass,0.0,0.0,0.0,0.0,0.0,True
2040,P0304,Inner Mongolia,beccs,0.0,0.0,0.0,0.0,0.0,True
2040,P0304,Inner Mongolia,ammonia,0.0,0.0,0.0,0.0,0.0,True
2040,P0305,Inner Mongolia,unabated,1.0,1509449.9999999998,1.2377489999999998,0.0,0.0,True
2040,P0305,Inner Mongolia,retire,0.0,0.0,0.0,0.0,0.0,True
2040,P0305,Inner Mongolia,ccs,0.0,0.0,0.0,0.0,0.0,True
2040,P0305,Inner Mongolia,biomass,0.0,0.0,0.0,0.0,0.0,True
2040,P0305,Inner Mongolia,beccs,0.0,0.0,0.0,0.0,0.0,True
2040,P0305,Inner Mongolia,ammonia,0.0,0.0,0.0,0.0,0.0,True
2040,P0306,Inner Mongolia,unabated,1.0,3320790.0,2.7230478,0.0,0.0,True
2040,P0306,Inner Mongolia,retire,0.0,0.0,0.0,0.0,0.0,True
2040,P0306,Inner Mongolia,ccs,0.0,0.0,0.0,0.0,0.0,True
2040,P0306,Inner Mongolia,biomass,0.0,0.0,0.0,0.0,0.0,True
2040,P0306,Inner Mongolia,beccs,0.0,0.0,0.0,0.0,0.0,True
2040,P0306,Inner Mongolia,ammonia,0.0,0.0,0.0,0.0,0.0,True
2040,P0307,Hunan,unabated,0.0,0.0,0.0,0.0,0.0,True
2040,P0307,Hunan,retire,0.0,0.0,0.0,0.0,0.0,True
2040,P0307,Hunan,ccs,0.0,0.0,0.0,0.0,0.0,True
2040,P0307,Hunan,biomass,1.0,15627600.0,12.814632,12.814632,0.0,True
2040,P0307,Hunan,beccs,0.0,0.0,0.0,0.0,0.0,True
2040,P0307,Hunan,ammonia,0.0,0.0,0.0,0.0,0.0,True
2040,P0308,Qinghai,unabated,0.0,0.0,0.0,0.0,0.0,True
2040,P0308,Qinghai,retire,0.0,0.0,0.0,0.0,0.0,True
2040,P0308,Qinghai,ccs,0.0,0.0,0.0,0.0,0.0,True
2040,P0308,Qinghai,biomass,0.0,0.0,0.0,0.0,0.0,True
2040,P0308,Qinghai,beccs,1.0,1106190.0,0.9070757999999999,1.7234440199999996,0.9388234529999999,True
2040,P0308,Qinghai,ammonia,0.0,0.0,0.0,0.0,0.0,True
2040,P0309,Inner Mongolia,unabated,0.0,0.0,0.0,0.0,0.0,True
2040,P0309,Inner Mongolia,retire,0.0,0.0,0.0,0.0,0.0,True
2040,P0309,Inner Mongolia,ccs,0.05011308337749744,504287.9580277567,0.41351612558276046,0.37216451302448444,0.4279891899781571,True
2040,P0309,Inner Mongolia,biomass,0.0,0.0,0.0,0.0,0.0,True
2040,P0309,Inner Mongolia,beccs,0.9498869166225008,9558712.041972226,7.8381438744172245,14.892473361392724,8.112478910021826,True
2040,P0309,Inner Mongolia,ammonia,0.0,0.0,0.0,0.0,0.0,True
2040,P0310,Shaanxi,unabated,0.0,0.0,0.0,0.0,0.0,True
2040,P0310,Shaanxi,retire,0.0,0.0,0.0,0.0,0.0,True
2040,P0310,Shaanxi,ccs,0.0,0.0,0.0,0.0,0.0,True
2040,P0310,Shaanxi,biomass,1.0,11980320.0,9.823862399999998,9.823862399999998,0.0,True
2040,P0310,Shaanxi,beccs,0.0,0.0,0.0,0.0,0.0,True
2040,P0310,Shaanxi,ammonia,0.0,0.0,0.0,0.0,0.0,True
2040,P0311,Hunan,unabated,0.0,0.0,0.0,0.0,0.0,True
2040,P0311,Hunan,retire,0.0,0.0,0.0,0.0,0.0,True
2040,P0311,Hunan,ccs,0.0,0.0,0.0,0.0,0.0,True
2040,P0311,Hunan,biomass,1.0,5157108.0,4.228828559999999,4.228828559999999,0.0,True
2040,P0311,Hunan,beccs,0.0,0.0,0.0,0.0,0.0,True
2040,P0311,Hunan,ammonia,0.0,0.0,0.0,0.0,0.0,True
2040,P0312,Shanxi,unabated,0.0,0.0,0.0,0.0,0.0,True
2040,P0312,Shanxi,retire,0.0,0.0,0.0,0.0,0.0,True
2040,P0312,Shanxi,ccs,0.0,0.0,0.0,0.0,0.0,True
2040,P0312,Shanxi,biomass,1.0,2777700.0,2.277714,2.277714,0.0,True
2040,P0312,Shanxi,beccs,0.0,0.0,0.0,0.0,0.0,True
2040,P0312,Shanxi,ammonia,0.0,0.0,0.0,0.0,0.0,True
2040,P0313,Xinjiang,unabated,0.0,0.0,0.0,0.0,0.0,True
2040,P0313,Xinjiang,retire,0.0,0.0,0.0,0.0,0.0,True
2040,P0313,Xinjiang,ccs,1.0,4224959.999999999,3.464467199999999,3.1180204799999993,3.585723551999999,True
2040,P0313,Xinjiang,biomass,0.0,0.0,0.0,0.0,0.0,True
2040,P0313,Xinjiang,beccs,0.0,0.0,0.0,0.0,0.0,True
2040,P0313,Xinjiang,ammonia,0.0,0.0,0.0,0.0,0.0,True
2040,P0314,Inner Mongolia,unabated,1.0,6037799.999999999,4.950995999999999,0.0,0.0,True
2040,P0314,Inner Mongolia,retire,0.0,0.0,0.0,0.0,0.0,True
2040,P0314,Inner Mongolia,ccs,0.0,0.0,0.0,0.0,0.0,True
2040,P0314,Inner Mongolia,biomass,0.0,0.0,0.0,0.0,0.0,True
2040,P0314,Inner Mongolia,beccs,0.0,0.0,0.0,0.0,0.0,True
2040,P0314,Inner Mongolia,ammonia,0.0,0.0,0.0,0.0,0.0,True
2040,P0315,Jiangxi,unabated,1.0,22974048.0,18.83871936,0.0,0.0,True
2040,P0315,Jiangxi,retire,0.0,0.0,0.0,0.0,0.0,True
2040,P0315,Jiangxi,ccs,0.0,0.0,0.0,0.0,0.0,True
2040,P0315,Jiangxi,biomass,0.0,0.0,0.0,0.0,0.0,True
2040,P0315,Jiangxi,beccs,0.0,0.0,0.0,0.0,0.0,True
2040,P0315,Jiangxi,ammonia,0.0,0.0,0.0,0.0,0.0,True
2040,P0316,Chongqing,unabated,0.0,0.0,0.0,0.0,0.0,True
2040,P0316,Chongqing,retire,0.0,0.0,0.0,0.0,0.0,True
2040,P0316,Chongqing,ccs,0.0,0.0,0.0,0.0,0.0,True
2040,P0316,Chongqing,biomass,1.0,5753040.0,4.7174928,4.7174928,0.0,True
2040,P0316,Chongqing,beccs,0.0,0.0,0.0,0.0,0.0,True
2040,P0316,Chongqing,ammonia,0.0,0.0,0.0,0.0,0.0,True
2040,P0317,Jiangsu,unabated,0.0,0.0,0.0,0.0,0.0,True
2040,P0317,Jiangsu,retire,0.0,0.0,0.0,0.0,0.0,True
2040,P0317,Jiangsu,ccs,0.0,0.0,0.0,0.0,0.0,True
2040,P0317,Jiangsu,biomass,0.0,0.0,0.0,0.0,0.0,True
2040,P0317,Jiangsu,beccs,1.0,6871235.0,5.6344126999999995,10.705384129999999,5.831617144499999,True
2040,P0317,Jiangsu,ammonia,0.0,0.0,0.0,0.0,0.0,True
2040,P0318,Jilin,unabated,0.0,0.0,0.0,0.0,0.0,True
2040,P0318,Jilin,retire,0.0,0.0,0.0,0.0,0.0,True
2040,P0318,Jilin,ccs,0.0,0.0,0.0,0.0,0.0,True
2040,P0318,Jilin,biomass,1.0,1991770.0000000002,1.6332514000000002,1.6332514000000002,0.0,True
2040,P0318,Jilin,beccs,0.0,0.0,0.0,0.0,0.0,True
2040,P0318,Jilin,ammonia,0.0,0.0,0.0,0.0,0.0,True
2040,P0319,Inner Mongolia,unabated,1.0,3522049.9999999995,2.8880809999999997,0.0,0.0,True
2040,P0319,Inner Mongolia,retire,0.0,0.0,0.0,0.0,0.0,True
2040,P0319,Inner Mongolia,ccs,0.0,0.0,0.0,0.0,0.0,True
2040,P0319,Inner Mongolia,biomass,0.0,0.0,0.0,0.0,0.0,True
2040,P0319,Inner Mongolia,beccs,0.0,0.0,0.0,0.0,0.0,True
2040,P0319,Inner Mongolia,ammonia,0.0,0.0,0.0,0.0,0.0,True
2040,P0320,Guizhou,unabated,0.0,0.0,0.0,0.0,0.0,True
2040,P0320,Guizhou,retire,0.0,0.0,0.0,0.0,0.0,True
2040,P0320,Guizhou,ccs,0.0,0.0,0.0,0.0,0.0,True
2040,P0320,Guizhou,biomass,1.0,1424130.0,1.1677866,1.1677866,0.0,True
2040,P0320,Guizhou,beccs,0.0,0.0,0.0,0.0,0.0,True
2040,P0320,Guizhou,ammonia,0.0,0.0,0.0,0.0,0.0,True
2040,P0321,Jilin,unabated,0.0,0.0,0.0,0.0,0.0,True
2040,P0321,Jilin,retire,0.0,0.0,0.0,0.0,0.0,True
2040,P0321,Jilin,ccs,0.0,0.0,0.0,0.0,0.0,True
2040,P0321,Jilin,biomass,0.0,0.0,0.0,0.0,0.0,True
2040,P0321,Jilin,beccs,1.0,2390124.0000000005,1.9599016800000002,3.723813192,2.0284982388,True
2040,P0321,Jilin,ammonia,0.0,0.0,0.0,0.0,0.0,True
2040,P0322,Xinjiang,unabated,0.9043827172159067,3343358.204312452,2.7415537275362105,0.0,0.0,True
2040,P0322,Xinjiang,retire,0.0,0.0,0.0,0.0,0.0,True
2040,P0322,Xinjiang,ccs,0.09561728278409068,353481.79568753776,0.28985507246378095,0.26086956521740284,0.3,True
2040,P0322,Xinjiang,biomass,0.0,0.0,0.0,0.0,0.0,True
2040,P0322,Xinjiang,beccs,0.0,0.0,0.0,0.0,0.0,True
2040,P0322,Xinjiang,ammonia,0.0,0.0,0.0,0.0,0.0,True
2040,P0323,Henan,unabated,0.0,0.0,0.0,0.0,0.0,True
2040,P0323,Henan,retire,0.0,0.0,0.0,0.0,0.0,True
2040,P0323,Henan,ccs,0.0,0.0,0.0,0.0,0.0,True
2040,P0323,Henan,biomass,1.0,14398400.0,11.806688,11.806688,0.0,True
2040,P0323,Henan,beccs,0.0,0.0,0.0,0.0,0.0,True
2040,P0323,Henan,ammonia,0.0,0.0,0.0,0.0,0.0,True
2040,P0324,Shaanxi,unabated,0.005957378572591047,85969.97700048979,0.07049538114040162,0.0,0.0,True
2040,P0324,Shaanxi,retire,0.0,0.0,0.0,0.0,0.0,True
2040,P0324,Shaanxi,ccs,0.0,0.0,0.0,0.0,0.0,True
2040,P0324,Shaanxi,biomass,0.0,0.0,0.0,0.0,0.0,True
2040,P0324,Shaanxi,beccs,0.9940426214274092,14344870.022999514,11.7627934188596,22.349307495833237,12.174491188519685,True
2040,P0324,Shaanxi,ammonia,0.0,0.0,0.0,0.0,0.0,True
2040,P0325,Zhejiang,unabated,0.0,0.0,0.0,0.0,0.0,True
2040,P0325,Zhejiang,retire,0.0,0.0,0.0,0.0,0.0,True
2040,P0325,Zhejiang,ccs,0.0,0.0,0.0,0.0,0.0,True
2040,P0325,Zhejiang,biomass,0.0,0.0,0.0,0.0,0.0,True
2040,P0325,Zhejiang,beccs,1.0,5529764.7,4.534407054,8.6153734026,4.693111300889999,True
2040,P0325,Zhejiang,ammonia,0.0,0.0,0.0,0.0,0.0,True
2040,P0326,Zhejiang,unabated,1.0,37944481.5,31.11447483,0.0,0.0,True
2040,P0326,Zhejiang,retire,0.0,0.0,0.0,0.0,0.0,True
2040,P0326,Zhejiang,ccs,0.0,0.0,0.0,0.0,0.0,True
2040,P0326,Zhejiang,biomass,0.0,0.0,0.0,0.0,0.0,True
2040,P0326,Zhejiang,beccs,0.0,0.0,0.0,0.0,0.0,True
2040,P0326,Zhejiang,ammonia,0.0,0.0,0.0,0.0,0.0,True
2040,P0327,Chongqing,unabated,0.0,0.0,0.0,0.0,0.0,True
2040,P0327,Chongqing,retire,0.0,0.0,0.0,0.0,0.0,True
2040,P0327,Chongqing,ccs,0.0,0.0,0.0,0.0,0.0,True
2040,P0327,Chongqing,biomass,1.0,13711412.0,11.24335784,11.24335784,0.0,True
2040,P0327,Chongqing,beccs,0.0,0.0,0.0,0.0,0.0,True
2040,P0327,Chongqing,ammonia,0.0,0.0,0.0,0.0,0.0,True
2040,P0328,Inner Mongolia,unabated,0.0,0.0,0.0,0.0,0.0,True
2040,P0328,Inner Mongolia,retire,0.0,0.0,0.0,0.0,0.0,True
2040,P0328,Inner Mongolia,ccs,0.014924305027942734,177967.18857298247,0.1459330946298456,0.13133978516686107,0.1510407529418902,True
2040,P0328,Inner Mongolia,biomass,0.0,0.0,0.0,0.0,0.0,True
2040,P0328,Inner Mongolia,beccs,0.9850756949720577,11746687.811427023,9.632284005370158,18.3013396102033,9.969413945558113,True
2040,P0328,Inner Mongolia,ammonia,0.0,0.0,0.0,0.0,0.0,True
2040,P0329,Xinjiang,unabated,0.0,0.0,0.0,0.0,0.0,True
2040,P0329,Xinjiang,retire,0.0,0.0,0.0,0.0,0.0,True
2040,P0329,Xinjiang,ccs,0.0,0.0,0.0,0.0,0.0,True
2040,P0329,Xinjiang,biomass,1.0,528119.9999999999,0.4330583999999999,0.4330583999999999,0.0,True
2040,P0329,Xinjiang,beccs,0.0,0.0,0.0,0.0,0.0,True
2040,P0329,Xinjiang,ammonia,0.0,0.0,0.0,0.0,0.0,True
2040,P0330,Gansu,unabated,0.005912227437414153,148619.208430742,0.12186775091320845,0.0,0.0,True
2040,P0330,Gansu,retire,0.20159691247725425,5067662.547088226,4.155483288612346,4.155483288612346,0.0,True
2040,P0330,Gansu,ccs,0.7924908600853269,19921318.24448091,16.33548096047435,14.701932864426915,16.907222794090952,True
2040,P0330,Gansu,biomass,0.0,0.0,0.0,0.0,0.0,True
2040,P0330,Gansu,beccs,0.0,0.0,0.0,0.0,0.0,True
2040,P0330,Gansu,ammonia,0.0,0.0,0.0,0.0,0.0,True
2040,P0331,Guangdong,unabated,1.0,25414742.0,20.84008844,0.0,0.0,True
2040,P0331,Guangdong,retire,0.0,0.0,0.0,0.0,0.0,True
2040,P0331,Guangdong,ccs,0.0,0.0,0.0,0.0,0.0,True
2040,P0331,Guangdong,biomass,0.0,0.0,0.0,0.0,0.0,True
2040,P0331,Guangdong,beccs,0.0,0.0,0.0,0.0,0.0,True
2040,P0331,Guangdong,ammonia,0.0,0.0,0.0,0.0,0.0,True
2040,P0332,Hebei,unabated,0.0,0.0,0.0,0.0,0.0,True
2040,P0332,Hebei,retire,0.0,0.0,0.0,0.0,0.0,True
2040,P0332,Hebei,ccs,0.0,0.0,0.0,0.0,0.0,True
2040,P0332,Hebei,biomass,0.0,0.0,0.0,0.0,0.0,True
2040,P0332,Hebei,beccs,1.0,17107584.0,14.028218879999999,26.653615871999996,14.519206540799999,True
2040,P0332,Hebei,ammonia,0.0,0.0,0.0,0.0,0.0,True
2040,P0333,Guangdong,unabated,0.0,0.0,0.0,0.0,0.0,True
2040,P0333,Guangdong,retire,0.0,0.0,0.0,0.0,0.0,True
2040,P0333,Guangdong,ccs,0.0,0.0,0.0,0.0,0.0,True
2040,P0333,Guangdong,biomass,0.0,0.0,0.0,0.0,0.0,True
2040,P0333,Guangdong,beccs,1.0,15675001.14,12.8535009348,24.421651776119997,13.303373467517998,True
2040,P0333,Guangdong,ammonia,0.0,0.0,0.0,0.0,0.0,True
2040,P0334,Hebei,unabated,0.0,0.0,0.0,0.0,0.0,True
2040,P0334,Hebei,retire,0.0,0.0,0.0,0.0,0.0,True
2040,P0334,Hebei,ccs,0.0,0.0,0.0,0.0,0.0,True
2040,P0334,Hebei,biomass,1.0,3118570.0,2.5572274,2.5572274,0.0,True
2040,P0334,Hebei,beccs,0.0,0.0,0.0,0.0,0.0,True
2040,P0334,Hebei,ammonia,0.0,0.0,0.0,0.0,0.0,True
2040,P0335,Hubei,unabated,0.0,0.0,0.0,0.0,0.0,True
2040,P0335,Hubei,retire,0.0,0.0,0.0,0.0,0.0,True
2040,P0335,Hubei,ccs,0.0,0.0,0.0,0.0,0.0,True
2040,P0335,Hubei,biomass,1.0,17248159.999999996,14.143491199999996,14.143491199999996,0.0,True
2040,P0335,Hubei,beccs,0.0,0.0,0.0,0.0,0.0,True
2040,P0335,Hubei,ammonia,0.0,0.0,0.0,0.0,0.0,True
2040,P0336,Inner Mongolia,unabated,0.16776012923800954,1688170.18052209,1.3842995480281137,0.0,0.0,True
2040,P0336,Inner Mongolia,retire,0.0,0.0,0.0,0.0,0.0,True
2040,P0336,Inner Mongolia,ccs,0.8322398707619849,8374829.819477854,6.86736045197184,6.1806244067746565,7.107718067790853,True
2040,P0336,Inner Mongolia,biomass,0.0,0.0,0.0,0.0,0.0,True
2040,P0336,Inner Mongolia,beccs,0.0,0.0,0.0,0.0,0.0,True
2040,P0336,Inner Mongolia,ammonia,0.0,0.0,0.0,0.0,0.0,True
2040,P0337,Guizhou,unabated,0.0,0.0,0.0,0.0,0.0,True
2040,P0337,Guizhou,retire,0.0,0.0,0.0,0.0,0.0,True
2040,P0337,Guizhou,ccs,0.0,0.0,0.0,0.0,0.0,True
2040,P0337,Guizhou,biomass,1.0,3322970.0,2.7248354,2.7248354,0.0,True
2040,P0337,Guizhou,beccs,0.0,0.0,0.0,0.0,0.0,True
2040,P0337,Guizhou,ammonia,0.0,0.0,0.0,0.0,0.0,True
2040,P0338,Guangxi,unabated,0.0,0.0,0.0,0.0,0.0,True
2040,P0338,Guangxi,retire,0.0,0.0,0.0,0.0,0.0,True
2040,P0338,Guangxi,ccs,0.0,0.0,0.0,0.0,0.0,True
2040,P0338,Guangxi,biomass,1.0,2871960.0,2.3550071999999997,2.3550071999999997,0.0,True
2040,P0338,Guangxi,beccs,0.0,0.0,0.0,0.0,0.0,True
2040,P0338,Guangxi,ammonia,0.0,0.0,0.0,0.0,0.0,True
2040,P0339,Hainan,unabated,0.0,0.0,0.0,0.0,0.0,True
2040,P0339,Hainan,retire,0.0,0.0,0.0,0.0,0.0,True
2040,P0339,Hainan,ccs,0.0,0.0,0.0,0.0,0.0,True
2040,P0339,Hainan,biomass,0.0,0.0,0.0,0.0,0.0,True
2040,P0339,Hainan,beccs,1.0,3320394.0,2.7227230799999997,5.173173852,2.8180183877999996,True
2040,P0339,Hainan,ammonia,0.0,0.0,0.0,0.0,0.0,True
2040,P0340,Inner Mongolia,unabated,0.4420091241341896,8317643.716223594,6.820467847303346,0.0,0.0,True
2040,P0340,Inner Mongolia,retire,0.0,0.0,0.0,0.0,0.0,True
2040,P0340,Inner Mongolia,ccs,0.0,0.0,0.0,0.0,0.0,True
2040,P0340,Inner Mongolia,biomass,0.0,0.0,0.0,0.0,0.0,True
2040,P0340,Inner Mongolia,beccs,0.5579908758658104,10500166.283776406,8.610136352696653,16.359259070123642,8.911491125041035,True
2040,P0340,Inner Mongolia,ammonia,0.0,0.0,0.0,0.0,0.0,True
2040,P0341,Hebei,unabated,0.0,0.0,0.0,0.0,0.0,True
2040,P0341,Hebei,retire,0.0,0.0,0.0,0.0,0.0,True
2040,P0341,Hebei,ccs,0.0,0.0,0.0,0.0,0.0,True
2040,P0341,Hebei,biomass,1.0,445510.0,0.3653181999999999,0.3653181999999999,0.0,True
2040,P0341,Hebei,beccs,0.0,0.0,0.0,0.0,0.0,True
2040,P0341,Hebei,ammonia,0.0,0.0,0.0,0.0,0.0,True
2040,P0342,Zhejiang,unabated,0.0,0.0,0.0,0.0,0.0,True
2040,P0342,Zhejiang,retire,0.0,0.0,0.0,0.0,0.0,True
2040,P0342,Zhejiang,ccs,0.13893782263757132,4045268.905936637,3.3171205028680424,2.9854084525812383,3.433219720468424,True
2040,P0342,Zhejiang,biomass,0.0,0.0,0.0,0.0,0.0,True
2040,P0342,Zhejiang,beccs,0.8610621773624255,25070409.09406327,20.55773545713188,39.059697368550566,21.277256198131493,True
2040,P0342,Zhejiang,ammonia,0.0,0.0,0.0,0.0,0.0,True
2040,P0343,Hunan,unabated,0.0,0.0,0.0,0.0,0.0,True
2040,P0343,Hunan,retire,0.0,0.0,0.0,0.0,0.0,True
2040,P0343,Hunan,ccs,0.0,0.0,0.0,0.0,0.0,True
2040,P0343,Hunan,biomass,1.0,15315048.0,12.55833936,12.55833936,0.0,True
2040,P0343,Hunan,beccs,0.0,0.0,0.0,0.0,0.0,True
2040,P0343,Hunan,ammonia,0.0,0.0,0.0,0.0,0.0,True
2040,P0344,Xinjiang,unabated,0.0,0.0,0.0,0.0,0.0,True
2040,P0344,Xinjiang,retire,0.0,0.0,0.0,0.0,0.0,True
2040,P0344,Xinjiang,ccs,1.0,20913551.999999996,17.14911264,15.434201375999999,17.749331582399996,True
2040,P0344,Xinjiang,biomass,0.0,0.0,0.0,0.0,0.0,True
2040,P0344,Xinjiang,beccs,0.0,0.0,0.0,0.0,0.0,True
2040,P0344,Xinjiang,ammonia,0.0,0.0,0.0,0.0,0.0,True
2040,P0345,Gansu,unabated,1.0,8379200.0,6.870944,0.0,0.0,True
2040,P0345,Gansu,retire,0.0,0.0,0.0,0.0,0.0,True
2040,P0345,Gansu,ccs,0.0,0.0,0.0,0.0,0.0,True
2040,P0345,Gansu,biomass,0.0,0.0,0.0,0.0,0.0,True
2040,P0345,Gansu,beccs,0.0,0.0,0.0,0.0,0.0,True
2040,P0345,Gansu,ammonia,0.0,0.0,0.0,0.0,0.0,True
2040,P0346,Inner Mongolia,unabated,0.6393818380112876,16921681.516436953,13.8757788434783,0.0,0.0,True
2040,P0346,Inner Mongolia,retire,0.0,0.0,0.0,0.0,0.0,True
2040,P0346,Inner Mongolia,ccs,0.36061816198871255,9544008.48356305,7.826086956521699,7.04347826086953,8.1,True
2040,P0346,Inner Mongolia,biomass,0.0,0.0,0.0,0.0,0.0,True
2040,P0346,Inner Mongolia,beccs,0.0,0.0,0.0,0.0,0.0,True
2040,P0346,Inner Mongolia,ammonia,0.0,0.0,0.0,0.0,0.0,True
2040,P0347,Ningxia,unabated,0.06042523548129575,228279.5303210195,0.18718921486323598,0.0,0.0,True
2040,P0347,Ningxia,retire,0.6100210056905464,2304588.597062224,1.8897626495910238,1.8897626495910238,0.0,True
2040,P0347,Ningxia,ccs,0.0,0.0,0.0,0.0,0.0,True
2040,P0347,Ningxia,biomass,0.32955375882815785,1245015.8726167562,1.0209130155457402,1.0209130155457402,0.0,True
2040,P0347,Ningxia,beccs,0.0,0.0,0.0,0.0,0.0,True
2040,P0347,Ningxia,ammonia,0.0,0.0,0.0,0.0,0.0,True
2040,P0348,Jiangsu,unabated,0.0,0.0,0.0,0.0,0.0,True
2040,P0348,Jiangsu,retire,0.0,0.0,0.0,0.0,0.0,True
2040,P0348,Jiangsu,ccs,0.0,0.0,0.0,0.0,0.0,True
2040,P0348,Jiangsu,biomass,0.0,0.0,0.0,0.0,0.0,True
2040,P0348,Jiangsu,beccs,1.0,25729515.0,21.098202299999997,40.08658436999999,21.836639380499996,True
2040,P0348,Jiangsu,ammonia,0.0,0.0,0.0,0.0,0.0,True
2040,P0349,Guangdong,unabated,0.0,0.0,0.0,0.0,0.0,True
2040,P0349,Guangdong,retire,0.0,0.0,0.0,0.0,0.0,True
2040,P0349,Guangdong,ccs,0.0,0.0,0.0,0.0,0.0,True
2040,P0349,Guangdong,biomass,0.0,0.0,0.0,0.0,0.0,True
2040,P0349,Guangdong,beccs,1.0,6281210.0,5.150592199999999,9.786125179999997,4.975472065199999,True
2040,P0349,Guangdong,ammonia,0.0,0.0,0.0,0.0,0.0,True
2040,P0350,Guangxi,unabated,0.0,0.0,0.0,0.0,0.0,True
2040,P0350,Guangxi,retire,0.0,0.0,0.0,0.0,0.0,True
2040,P0350,Guangxi,ccs,0.0,0.0,0.0,0.0,0.0,True
2040,P0350,Guangxi,biomass,1.0,622258.0,0.51025156,0.51025156,0.0,True
2040,P0350,Guangxi,beccs,0.0,0.0,0.0,0.0,0.0,True
2040,P0350,Guangxi,ammonia,0.0,0.0,0.0,0.0,0.0,True
2050,P0001,Fujian,unabated,0.00836971140075149,526013.0267818458,0.4313306819611135,0.0,0.0,True
2050,P0001,Fujian,retire,0.4781728208591184,30051828.645171035,24.642499489040247,24.642499489040247,0.0,True
2050,P0001,Fujian,ccs,0.0,0.0,0.0,0.0,0.0,True
2050,P0001,Fujian,biomass,0.0,0.0,0.0,0.0,0.0,True
2050,P0001,Fujian,beccs,0.5134574677401298,32269370.328047097,26.46088366899862,50.27567897109737,27.387014597413568,True
2050,P0001,Fujian,ammonia,0.0,0.0,0.0,0.0,0.0,True
2050,P0002,Shanxi,unabated,0.22192723550674343,14414592.279001914,11.819965668781569,0.0,0.0,True
2050,P0002,Shanxi,retire,0.7780727644932557,50537292.72099802,41.440580031218374,41.440580031218374,0.0,True
2050,P0002,Shanxi,ccs,0.0,0.0,0.0,0.0,0.0,True
2050,P0002,Shanxi,biomass,0.0,0.0,0.0,0.0,0.0,True
2050,P0002,Shanxi,beccs,0.0,0.0,0.0,0.0,0.0,True
2050,P0002,Shanxi,ammonia,0.0,0.0,0.0,0.0,0.0,True
2050,P0003,Chongqing,unabated,0.0,0.0,0.0,0.0,0.0,True
2050,P0003,Chongqing,retire,0.0,0.0,0.0,0.0,0.0,True
2050,P0003,Chongqing,ccs,0.0,0.0,0.0,0.0,0.0,True
2050,P0003,Chongqing,biomass,0.0,0.0,0.0,0.0,0.0,True
2050,P0003,Chongqing,beccs,1.0,32432763.0,26.59486566,50.530244753999995,25.69064022756,True
2050,P0003,Chongqing,ammonia,0.0,0.0,0.0,0.0,0.0,True
2050,P0004,Inner Mongolia,unabated,0.30068278693451334,3267832.555715768,2.6796226956869296,0.0,0.0,True
2050,P0004,Inner Mongolia,retire,0.0,0.0,0.0,0.0,0.0,True
2050,P0004,Inner Mongolia,ccs,0.3131258263530095,3403064.0058375616,2.7905124847868,2.5114612363081203,2.8881804217543383,True
2050,P0004,Inner Mongolia,biomass,0.0,0.0,0.0,0.0,0.0,True
2050,P0004,Inner Mongolia,beccs,0.3861913867124773,4197143.438446672,3.4416576195262705,6.539149477099914,3.56211563620969,True
2050,P0004,Inner Mongolia,ammonia,0.0,0.0,0.0,0.0,0.0,True
2050,P0005,Sichuan,unabated,0.0,0.0,0.0,0.0,0.0,True
2050,P0005,Sichuan,retire,0.0,0.0,0.0,0.0,0.0,True
2050,P0005,Sichuan,ccs,0.0,0.0,0.0,0.0,0.0,True
2050,P0005,Sichuan,biomass,0.09392859146706059,1766932.6262386707,1.44888475351571,1.44888475351571,0.0,True
2050,P0005,Sichuan,beccs,0.9060714085329397,17044513.37376133,13.976500966484291,26.555351836320153,13.501299933623821,True
2050,P0005,Sichuan,ammonia,0.0,0.0,0.0,0.0,0.0,True
2050,P0006,Hebei,unabated,0.0,0.0,0.0,0.0,0.0,True
2050,P0006,Hebei,retire,1.0,22899214.0,18.77735548,18.77735548,0.0,True
2050,P0006,Hebei,ccs,0.0,0.0,0.0,0.0,0.0,True
2050,P0006,Hebei,biomass,0.0,0.0,0.0,0.0,0.0,True
2050,P0006,Hebei,beccs,0.0,0.0,0.0,0.0,0.0,True
2050,P0006,Hebei,ammonia,0.0,0.0,0.0,0.0,0.0,True
2050,P0007,Hebei,unabated,0.0,0.0,0.0,0.0,0.0,True
2050,P0007,Hebei,retire,1.0,38741549.6,31.768070671999997,31.768070671999997,0.0,True
2050,P0007,Hebei,ccs,0.0,0.0,0.0,0.0,0.0,True
2050,P0007,Hebei,biomass,0.0,0.0,0.0,0.0,0.0,True
2050,P0007,Hebei,beccs,0.0,0.0,0.0,0.0,0.0,True
2050,P0007,Hebei,ammonia,0.0,0.0,0.0,0.0,0.0,True
2050,P0008,Shandong,unabated,0.0,0.0,0.0,0.0,0.0,True
2050,P0008,Shandong,retire,0.07930346791808762,946246.5683731969,0.7759221860660214,0.7759221860660214,0.0,True
2050,P0008,Shandong,ccs,0.0,0.0,0.0,0.0,0.0,True
2050,P0008,Shandong,biomass,0.9206965320819124,10985723.031626804,9.00829288593398,9.00829288593398,0.0,True
2050,P0008,Shandong,beccs,0.0,0.0,0.0,0.0,0.0,True
2050,P0008,Shandong,ammonia,0.0,0.0,0.0,0.0,0.0,True
2050,P0009,Inner Mongolia,unabated,0.0,0.0,0.0,0.0,0.0,True
2050,P0009,Inner Mongolia,retire,1.0,107372210.0,88.0452122,88.0452122,0.0,True
2050,P0009,Inner Mongolia,ccs,0.0,0.0,0.0,0.0,0.0,True
2050,P0009,Inner Mongolia,biomass,0.0,0.0,0.0,0.0,0.0,True
2050,P0009,Inner Mongolia,beccs,0.0,0.0,0.0,0.0,0.0,True
2050,P0009,Inner Mongolia,ammonia,0.0,0.0,0.0,0.0,0.0,True
2050,P0010,Yunnan,unabated,0.0,0.0,0.0,0.0,0.0,True
2050,P0010,Yunnan,retire,0.0,0.0,0.0,0.0,0.0,True
2050,P0010,Yunnan,ccs,0.0,0.0,0.0,0.0,0.0,True
2050,P0010,Yunnan,biomass,1.0,16673783.999999998,13.672502879999998,13.672502879999998,0.0,True
2050,P0010,Yunnan,beccs,0.0,0.0,0.0,0.0,0.0,True
2050,P0010,Yunnan,ammonia,0.0,0.0,0.0,0.0,0.0,True
2050,P0011,Guangdong,unabated,0.0,0.0,0.0,0.0,0.0,True
2050,P0011,Guangdong,retire,1.0,41214401.0,33.79580882,33.79580882,0.0,True
2050,P0011,Guangdong,ccs,0.0,0.0,0.0,0.0,0.0,True
2050,P0011,Guangdong,biomass,0.0,0.0,0.0,0.0,0.0,True
2050,P0011,Guangdong,beccs,0.0,0.0,0.0,0.0,0.0,True
2050,P0011,Guangdong,ammonia,0.0,0.0,0.0,0.0,0.0,True
2050,P0012,Liaoning,unabated,0.0,0.0,0.0,0.0,0.0,True
2050,P0012,Liaoning,retire,0.0,0.0,0.0,0.0,0.0,True
2050,P0012,Liaoning,ccs,0.0,0.0,0.0,0.0,0.0,True
2050,P0012,Liaoning,biomass,1.0,17363920.0,14.238414399999998,14.238414399999998,0.0,True
2050,P0012,Liaoning,beccs,0.0,0.0,0.0,0.0,0.0,True
2050,P0012,Liaoning,ammonia,0.0,0.0,0.0,0.0,0.0,True
2050,P0013,Shanxi,unabated,0.0,0.0,0.0,0.0,0.0,True
2050,P0013,Shanxi,retire,1.0,81340315.0,66.69905829999999,66.69905829999999,0.0,True
2050,P0013,Shanxi,ccs,0.0,0.0,0.0,0.0,0.0,True
2050,P0013,Shanxi,biomass,0.0,0.0,0.0,0.0,0.0,True
2050,P0013,Shanxi,beccs,0.0,0.0,0.0,0.0,0.0,True
2050,P0013,Shanxi,ammonia,0.0,0.0,0.0,0.0,0.0,True
2050,P0014,Guangdong,unabated,0.0,0.0,0.0,0.0,0.0,True
2050,P0014,Guangdong,retire,0.0,0.0,0.0,0.0,0.0,True
2050,P0014,Guangdong,ccs,0.0,0.0,0.0,0.0,0.0,True
2050,P0014,Guangdong,biomass,0.0,0.0,0.0,0.0,0.0,True
2050,P0014,Guangdong,beccs,1.0,11885982.0,9.74650524,18.518359955999998,9.415124061839999,True
2050,P0014,Guangdong,ammonia,0.0,0.0,0.0,0.0,0.0,True
2050,P0015,Hunan,unabated,0.0,0.0,0.0,0.0,0.0,True
2050,P0015,Hunan,retire,0.0,0.0,0.0,0.0,0.0,True
2050,P0015,Hunan,ccs,0.0,0.0,0.0,0.0,0.0,True
2050,P0015,Hunan,biomass,1.0,9884457.0,8.10525474,8.10525474,0.0,True
2050,P0015,Hunan,beccs,0.0,0.0,0.0,0.0,0.0,True
2050,P0015,Hunan,ammonia,0.0,0.0,0.0,0.0,0.0,True
2050,P0016,Hubei,unabated,0.0,0.0,0.0,0.0,0.0,True
2050,P0016,Hubei,retire,0.0,0.0,0.0,0.0,0.0,True
2050,P0016,Hubei,ccs,0.0,0.0,0.0,0.0,0.0,True
2050,P0016,Hubei,biomass,1.0,31796607.999999996,26.073218559999994,26.073218559999994,0.0,True
2050,P0016,Hubei,beccs,0.0,0.0,0.0,0.0,0.0,True
2050,P0016,Hubei,ammonia,0.0,0.0,0.0,0.0,0.0,True
2050,P0017,Jiangsu,unabated,0.0,0.0,0.0,0.0,0.0,True
2050,P0017,Jiangsu,retire,0.0,0.0,0.0,0.0,0.0,True
2050,P0017,Jiangsu,ccs,0.0,0.0,0.0,0.0,0.0,True
2050,P0017,Jiangsu,biomass,0.0,0.0,0.0,0.0,0.0,True
2050,P0017,Jiangsu,beccs,1.0,46744460.0,38.3304572,72.82786868,39.67202320199999,True
2050,P0017,Jiangsu,ammonia,0.0,0.0,0.0,0.0,0.0,True
2050,P0018,Jilin,unabated,0.0,0.0,0.0,0.0,0.0,True
2050,P0018,Jilin,retire,0.0,0.0,0.0,0.0,0.0,True
2050,P0018,Jilin,ccs,0.0,0.0,0.0,0.0,0.0,True
2050,P0018,Jilin,biomass,1.0,3838684.0,3.14772088,3.14772088,0.0,True
2050,P0018,Jilin,beccs,0.0,0.0,0.0,0.0,0.0,True
2050,P0018,Jilin,ammonia,0.0,0.0,0.0,0.0,0.0,True
2050,P0019,Hunan,unabated,0.0,0.0,0.0,0.0,0.0,True
2050,P0019,Hunan,retire,0.0,0.0,0.0,0.0,0.0,True
2050,P0019,Hunan,ccs,0.0,0.0,0.0,0.0,0.0,True
2050,P0019,Hunan,biomass,1.0,15119703.0,12.39815646,12.39815646,0.0,True
2050,P0019,Hunan,beccs,0.0,0.0,0.0,0.0,0.0,True
2050,P0019,Hunan,ammonia,0.0,0.0,0.0,0.0,0.0,True
2050,P0020,Zhejiang,unabated,0.0,0.0,0.0,0.0,0.0,True
2050,P0020,Zhejiang,retire,1.0,67514054.1,55.36152436199999,55.36152436199999,0.0,True
2050,P0020,Zhejiang,ccs,0.0,0.0,0.0,0.0,0.0,True
2050,P0020,Zhejiang,biomass,0.0,0.0,0.0,0.0,0.0,True
2050,P0020,Zhejiang,beccs,0.0,0.0,0.0,0.0,0.0,True
2050,P0020,Zhejiang,ammonia,0.0,0.0,0.0,0.0,0.0,True
2050,P0021,Shandong,unabated,0.0,0.0,0.0,0.0,0.0,True
2050,P0021,Shandong,retire,1.0,45246412.50000001,37.102058250000006,37.102058250000006,0.0,True
2050,P0021,Shandong,ccs,0.0,0.0,0.0,0.0,0.0,True
2050,P0021,Shandong,biomass,0.0,0.0,0.0,0.0,0.0,True
2050,P0021,Shandong,beccs,0.0,0.0,0.0,0.0,0.0,True
2050,P0021,Shandong,ammonia,0.0,0.0,0.0,0.0,0.0,True
2050,P0022,Shandong,unabated,0.0,0.0,0.0,0.0,0.0,True
2050,P0022,Shandong,retire,0.05282181809726462,839666.6866450099,0.6885266830489081,0.6885266830489081,0.0,True
2050,P0022,Shandong,ccs,0.0,0.0,0.0,0.0,0.0,True
2050,P0022,Shandong,biomass,0.9471781819027354,15056542.813354991,12.346365106951094,12.346365106951094,0.0,True
2050,P0022,Shandong,beccs,0.0,0.0,0.0,0.0,0.0,True
2050,P0022,Shandong,ammonia,0.0,0.0,0.0,0.0,0.0,True
2050,P0023,Henan,unabated,0.0,0.0,0.0,0.0,0.0,True
2050,P0023,Henan,retire,0.0,0.0,0.0,0.0,0.0,True
2050,P0023,Henan,ccs,0.0,0.0,0.0,0.0,0.0,True
2050,P0023,Henan,biomass,1.0,20013776.0,16.411296319999998,16.411296319999998,0.0,True
2050,P0023,Henan,beccs,0.0,0.0,0.0,0.0,0.0,True
2050,P0023,Henan,ammonia,0.0,0.0,0.0,0.0,0.0,True
2050,P0024,Chongqing,unabated,0.0,0.0,0.0,0.0,0.0,True
2050,P0024,Chongqing,retire,0.0,0.0,0.0,0.0,0.0,True
2050,P0024,Chongqing,ccs,0.0,0.0,0.0,0.0,0.0,True
2050,P0024,Chongqing,biomass,1.0,5892071.800000001,4.831498876,4.831498876,0.0,True
2050,P0024,Chongqing,beccs,0.0,0.0,0.0,0.0,0.0,True
2050,P0024,Chongqing,ammonia,0.0,0.0,0.0,0.0,0.0,True
2050,P0025,Jilin,unabated,0.0,0.0,0.0,0.0,0.0,True
2050,P0025,Jilin,retire,0.0,0.0,0.0,0.0,0.0,True
2050,P0025,Jilin,ccs,0.0,0.0,0.0,0.0,0.0,True
2050,P0025,Jilin,biomass,0.0,0.0,0.0,0.0,0.0,True
2050,P0025,Jilin,beccs,1.0,15572020.000000002,12.7690564,24.261207159999998,12.334908482399998,True
2050,P0025,Jilin,ammonia,0.0,0.0,0.0,0.0,0.0,True
2050,P0026,Hainan,unabated,0.0,0.0,0.0,0.0,0.0,True
2050,P0026,Hainan,retire,0.0,0.0,0.0,0.0,0.0,True
2050,P0026,Hainan,ccs,0.005069721837245079,53561.053541092166,0.043920063903695565,0.03952805751332601,0.045457266140324915,True
2050,P0026,Hainan,biomass,0.0,0.0,0.0,0.0,0.0,True
2050,P0026,Hainan,beccs,0.9949302781627551,10511328.94645891,8.619289736096306,16.37665049858298,8.920964876859676,True
2050,P0026,Hainan,ammonia,0.0,0.0,0.0,0.0,0.0,True
2050,P0027,Shandong,unabated,0.0,0.0,0.0,0.0,0.0,True
2050,P0027,Shandong,retire,0.26050594955705,15183876.217236096,12.4507784981336,12.4507784981336,0.0,True
2050,P0027,Shandong,ccs,0.0,0.0,0.0,0.0,0.0,True
2050,P0027,Shandong,biomass,0.7394940504429275,43102225.282762595,35.34382473186533,35.34382473186533,0.0,True
2050,P0027,Shandong,beccs,0.0,0.0,0.0,0.0,0.0,True
2050,P0027,Shandong,ammonia,0.0,0.0,0.0,0.0,0.0,True
2050,P0028,Hunan,unabated,0.0,0.0,0.0,0.0,0.0,True
2050,P0028,Hunan,retire,0.0,0.0,0.0,0.0,0.0,True
2050,P0028,Hunan,ccs,0.0,0.0,0.0,0.0,0.0,True
2050,P0028,Hunan,biomass,1.0,22425606.0,18.388996919999997,18.388996919999997,0.0,True
2050,P0028,Hunan,beccs,0.0,0.0,0.0,0.0,0.0,True
2050,P0028,Hunan,ammonia,0.0,0.0,0.0,0.0,0.0,True
2050,P0029,Jilin,unabated,0.0,0.0,0.0,0.0,0.0,True
2050,P0029,Jilin,retire,0.0,0.0,0.0,0.0,0.0,True
2050,P0029,Jilin,ccs,0.0,0.0,0.0,0.0,0.0,True
2050,P0029,Jilin,biomass,0.0,0.0,0.0,0.0,0.0,True
2050,P0029,Jilin,beccs,1.0,434568.0,0.35634575999999996,0.6770569439999999,0.3688178615999999,True
2050,P0029,Jilin,ammonia,0.0,0.0,0.0,0.0,0.0,True
2050,P0030,Jilin,unabated,0.0,0.0,0.0,0.0,0.0,True
2050,P0030,Jilin,retire,0.0,0.0,0.0,0.0,0.0,True
2050,P0030,Jilin,ccs,0.0,0.0,0.0,0.0,0.0,True
2050,P0030,Jilin,biomass,0.0,0.0,0.0,0.0,0.0,True
2050,P0030,Jilin,beccs,1.0,16227493.4,13.306544588,25.282434717199997,12.854122072007998,True
2050,P0030,Jilin,ammonia,0.0,0.0,0.0,0.0,0.0,True
2050,P0031,Shanxi,unabated,0.0,0.0,0.0,0.0,0.0,True
2050,P0031,Shanxi,retire,0.0,0.0,0.0,0.0,0.0,True
2050,P0031,Shanxi,ccs,0.0,0.0,0.0,0.0,0.0,True
2050,P0031,Shanxi,biomass,0.0,0.0,0.0,0.0,0.0,True
2050,P0031,Shanxi,beccs,1.0,22684550.0,18.601331,35.3425289,19.252377584999998,True
2050,P0031,Shanxi,ammonia,0.0,0.0,0.0,0.0,0.0,True
2050,P0032,Henan,unabated,0.0,0.0,0.0,0.0,0.0,True
2050,P0032,Henan,retire,0.0,0.0,0.0,0.0,0.0,True
2050,P0032,Henan,ccs,0.0,0.0,0.0,0.0,0.0,True
2050,P0032,Henan,biomass,1.0,8531052.0,6.9954626399999995,6.9954626399999995,0.0,True
2050,P0032,Henan,beccs,0.0,0.0,0.0,0.0,0.0,True
2050,P0032,Henan,ammonia,0.0,0.0,0.0,0.0,0.0,True
2050,P0033,Henan,unabated,0.0,0.0,0.0,0.0,0.0,True
2050,P0033,Henan,retire,0.0,0.0,0.0,0.0,0.0,True
2050,P0033,Henan,ccs,0.0,0.0,0.0,0.0,0.0,True
2050,P0033,Henan,biomass,1.0,22569492.0,18.50698344,18.50698344,0.0,True
2050,P0033,Henan,beccs,0.0,0.0,0.0,0.0,0.0,True
2050,P0033,Henan,ammonia,0.0,0.0,0.0,0.0,0.0,True
2050,P0034,Shandong,unabated,0.0,0.0,0.0,0.0,0.0,True
2050,P0034,Shandong,retire,1.0,18403842.0,15.09115044,15.09115044,0.0,True
2050,P0034,Shandong,ccs,0.0,0.0,0.0,0.0,0.0,True
2050,P0034,Shandong,biomass,0.0,0.0,0.0,0.0,0.0,True
2050,P0034,Shandong,beccs,0.0,0.0,0.0,0.0,0.0,True
2050,P0034,Shandong,ammonia,0.0,0.0,0.0,0.0,0.0,True
2050,P0035,Anhui,unabated,0.0,0.0,0.0,0.0,0.0,True
2050,P0035,Anhui,retire,1.0,46348752.00000001,38.00597664,38.00597664,0.0,True
2050,P0035,Anhui,ccs,0.0,0.0,0.0,0.0,0.0,True
2050,P0035,Anhui,biomass,0.0,0.0,0.0,0.0,0.0,True
2050,P0035,Anhui,beccs,0.0,0.0,0.0,0.0,0.0,True
2050,P0035,Anhui,ammonia,0.0,0.0,0.0,0.0,0.0,True
2050,P0036,Jiangsu,unabated,0.0,0.0,0.0,0.0,0.0,True
2050,P0036,Jiangsu,retire,1.0,140042791.0,114.83508862,114.83508862,0.0,True
2050,P0036,Jiangsu,ccs,0.0,0.0,0.0,0.0,0.0,True
2050,P0036,Jiangsu,biomass,0.0,0.0,0.0,0.0,0.0,True
2050,P0036,Jiangsu,beccs,0.0,0.0,0.0,0.0,0.0,True
2050,P0036,Jiangsu,ammonia,0.0,0.0,0.0,0.0,0.0,True
2050,P0037,Inner Mongolia,unabated,1.0,41962710.0,34.409422199999995,0.0,0.0,True
2050,P0037,Inner Mongolia,retire,0.0,0.0,0.0,0.0,0.0,True
2050,P0037,Inner Mongolia,ccs,0.0,0.0,0.0,0.0,0.0,True
2050,P0037,Inner Mongolia,biomass,0.0,0.0,0.0,0.0,0.0,True
2050,P0037,Inner Mongolia,beccs,0.0,0.0,0.0,0.0,0.0,True
2050,P0037,Inner Mongolia,ammonia,0.0,0.0,0.0,0.0,0.0,True
2050,P0038,Sichuan,unabated,0.0,0.0,0.0,0.0,0.0,True
2050,P0038,Sichuan,retire,0.0,0.0,0.0,0.0,0.0,True
2050,P0038,Sichuan,ccs,0.0,0.0,0.0,0.0,0.0,True
2050,P0038,Sichuan,biomass,0.0,0.0,0.0,0.0,0.0,True
2050,P0038,Sichuan,beccs,1.0,24582287.999999996,20.157476159999998,38.299204704,19.472121970559996,True
2050,P0038,Sichuan,ammonia,0.0,0.0,0.0,0.0,0.0,True
2050,P0039,Heilongjiang,unabated,0.0,0.0,0.0,0.0,0.0,True
2050,P0039,Heilongjiang,retire,0.0,0.0,0.0,0.0,0.0,True
2050,P0039,Heilongjiang,ccs,0.0,0.0,0.0,0.0,0.0,True
2050,P0039,Heilongjiang,biomass,0.0,0.0,0.0,0.0,0.0,True
2050,P0039,Heilongjiang,beccs,1.0,7478775.0,6.1325955,11.65193145,5.924087252999999,True
2050,P0039,Heilongjiang,ammonia,0.0,0.0,0.0,0.0,0.0,True
2050,P0040,Shanxi,unabated,0.0,0.0,0.0,0.0,0.0,True
2050,P0040,Shanxi,retire,1.0,29397324.999999996,24.105806499999996,24.105806499999996,0.0,True
2050,P0040,Shanxi,ccs,0.0,0.0,0.0,0.0,0.0,True
2050,P0040,Shanxi,biomass,0.0,0.0,0.0,0.0,0.0,True
2050,P0040,Shanxi,beccs,0.0,0.0,0.0,0.0,0.0,True
2050,P0040,Shanxi,ammonia,0.0,0.0,0.0,0.0,0.0,True
2050,P0041,Hebei,unabated,0.0,0.0,0.0,0.0,0.0,True
2050,P0041,Hebei,retire,0.0,0.0,0.0,0.0,0.0,True
2050,P0041,Hebei,ccs,0.0,0.0,0.0,0.0,0.0,True
2050,P0041,Hebei,biomass,0.408050983187094,7071661.86791564,5.7987627316908235,5.7987627316908235,0.0,True
2050,P0041,Hebei,beccs,0.5919490168129066,10258677.13208437,8.412115248309183,15.983018971787446,8.706539282000005,True
2050,P0041,Hebei,ammonia,0.0,0.0,0.0,0.0,0.0,True
2050,P0042,Shandong,unabated,0.0,0.0,0.0,0.0,0.0,True
2050,P0042,Shandong,retire,0.09516083831781363,2622837.490163004,2.150726741933663,2.150726741933663,0.0,True
2050,P0042,Shandong,ccs,0.0,0.0,0.0,0.0,0.0,True
2050,P0042,Shandong,biomass,0.9048391616821864,24939314.509836998,20.450237898066337,20.450237898066337,0.0,True
2050,P0042,Shandong,beccs,0.0,0.0,0.0,0.0,0.0,True
2050,P0042,Shandong,ammonia,0.0,0.0,0.0,0.0,0.0,True
2050,P0043,Anhui,unabated,0.0,0.0,0.0,0.0,0.0,True
2050,P0043,Anhui,retire,0.0,0.0,0.0,0.0,0.0,True
2050,P0043,Anhui,ccs,0.0,0.0,0.0,0.0,0.0,True
2050,P0043,Anhui,biomass,1.0,71657610.0,58.759240199999994,58.759240199999994,0.0,True
2050,P0043,Anhui,beccs,0.0,0.0,0.0,0.0,0.0,True
2050,P0043,Anhui,ammonia,0.0,0.0,0.0,0.0,0.0,True
2050,P0044,Heilongjiang,unabated,0.0,0.0,0.0,0.0,0.0,True
2050,P0044,Heilongjiang,retire,0.0,0.0,0.0,0.0,0.0,True
2050,P0044,Heilongjiang,ccs,0.0,0.0,0.0,0.0,0.0,True
2050,P0044,Heilongjiang,biomass,0.0,0.0,0.0,0.0,0.0,True
2050,P0044,Heilongjiang,beccs,1.0,10278967.500000002,8.428753350000001,16.014631365,8.142175736099999,True
2050,P0044,Heilongjiang,ammonia,0.0,0.0,0.0,0.0,0.0,True
2050,P0045,Henan,unabated,0.0,0.0,0.0,0.0,0.0,True
2050,P0045,Henan,retire,1.0,50070436.0,41.057757519999996,41.057757519999996,0.0,True
2050,P0045,Henan,ccs,0.0,0.0,0.0,0.0,0.0,True
2050,P0045,Henan,biomass,0.0,0.0,0.0,0.0,0.0,True
2050,P0045,Henan,beccs,0.0,0.0,0.0,0.0,0.0,True
2050,P0045,Henan,ammonia,0.0,0.0,0.0,0.0,0.0,True
2050,P0046,Zhejiang,unabated,0.0,0.0,0.0,0.0,0.0,True
2050,P0046,Zhejiang,retire,0.9830481812828765,100497358.30246639,82.40783380802245,82.40783380802245,0.0,True
2050,P0046,Zhejiang,ccs,0.016951818717123483,1732990.337533611,1.4210520767775612,1.2789468690998052,1.4707888994647755,True
2050,P0046,Zhejiang,biomass,0.0,0.0,0.0,0.0,0.0,True
2050,P0046,Zhejiang,beccs,0.0,0.0,0.0,0.0,0.0,True
2050,P0046,Zhejiang,ammonia,0.0,0.0,0.0,0.0,0.0,True
2050,P0047,Liaoning,unabated,0.0,0.0,0.0,0.0,0.0,True
2050,P0047,Liaoning,retire,0.0,0.0,0.0,0.0,0.0,True
2050,P0047,Liaoning,ccs,0.0,0.0,0.0,0.0,0.0,True
2050,P0047,Liaoning,biomass,1.0,10170295.999999998,8.339642719999999,8.339642719999999,0.0,True
2050,P0047,Liaoning,beccs,0.0,0.0,0.0,0.0,0.0,True
2050,P0047,Liaoning,ammonia,0.0,0.0,0.0,0.0,0.0,True
2050,P0048,Shanxi,unabated,0.0,0.0,0.0,0.0,0.0,True
2050,P0048,Shanxi,retire,0.0,0.0,0.0,0.0,0.0,True
2050,P0048,Shanxi,ccs,0.0,0.0,0.0,0.0,0.0,True
2050,P0048,Shanxi,biomass,0.0,0.0,0.0,0.0,0.0,True
2050,P0048,Shanxi,beccs,1.0,6481300.0,5.314666,10.0978654,5.50067931,True
2050,P0048,Shanxi,ammonia,0.0,0.0,0.0,0.0,0.0,True
2050,P0049,Xinjiang,unabated,0.011421379733881023,82033.28328477853,0.0672672922935184,0.0,0.0,True
2050,P0049,Xinjiang,retire,0.0,0.0,0.0,0.0,0.0,True
2050,P0049,Xinjiang,ccs,0.9885786202661192,7100398.716715222,5.8223269477064825,5.240094252935834,6.026108390876209,True
2050,P0049,Xinjiang,biomass,0.0,0.0,0.0,0.0,0.0,True
2050,P0049,Xinjiang,beccs,0.0,0.0,0.0,0.0,0.0,True
2050,P0049,Xinjiang,ammonia,0.0,0.0,0.0,0.0,0.0,True
2050,P0050,Henan,unabated,0.0,0.0,0.0,0.0,0.0,True
2050,P0050,Henan,retire,0.0,0.0,0.0,0.0,0.0,True
2050,P0050,Henan,ccs,0.0,0.0,0.0,0.0,0.0,True
2050,P0050,Henan,biomass,1.0,7055216.0,5.78527712,5.78527712,0.0,True
2050,P0050,Henan,beccs,0.0,0.0,0.0,0.0,0.0,True
2050,P0050,Henan,ammonia,0.0,0.0,0.0,0.0,0.0,True
2050,P0051,Hebei,unabated,0.0,0.0,0.0,0.0,0.0,True
2050,P0051,Hebei,retire,1.0,36442718.0,29.88302876,29.88302876,0.0,True
2050,P0051,Hebei,ccs,0.0,0.0,0.0,0.0,0.0,True
2050,P0051,Hebei,biomass,0.0,0.0,0.0,0.0,0.0,True
2050,P0051,Hebei,beccs,0.0,0.0,0.0,0.0,0.0,True
2050,P0051,Hebei,ammonia,0.0,0.0,0.0,0.0,0.0,True
2050,P0052,Jiangsu,unabated,0.0,0.0,0.0,0.0,0.0,True
2050,P0052,Jiangsu,retire,1.0,137274235.0,112.5648727,112.5648727,0.0,True
2050,P0052,Jiangsu,ccs,0.0,0.0,0.0,0.0,0.0,True
2050,P0052,Jiangsu,biomass,0.0,0.0,0.0,0.0,0.0,True
2050,P0052,Jiangsu,beccs,0.0,0.0,0.0,0.0,0.0,True
2050,P0052,Jiangsu,ammonia,0.0,0.0,0.0,0.0,0.0,True
2050,P0053,Heilongjiang,unabated,0.0,0.0,0.0,0.0,0.0,True
2050,P0053,Heilongjiang,retire,0.0,0.0,0.0,0.0,0.0,True
2050,P0053,Heilongjiang,ccs,0.0,0.0,0.0,0.0,0.0,True
2050,P0053,Heilongjiang,biomass,1.0,9739800.000000002,7.986636000000001,7.986636000000001,0.0,True
2050,P0053,Heilongjiang,beccs,0.0,0.0,0.0,0.0,0.0,True
2050,P0053,Heilongjiang,ammonia,0.0,0.0,0.0,0.0,0.0,True
2050,P0054,Hebei,unabated,0.0,0.0,0.0,0.0,0.0,True
2050,P0054,Hebei,retire,0.07827057589606747,1541268.3326216,1.2638400327497121,1.2638400327497121,0.0,True
2050,P0054,Hebei,ccs,0.0,0.0,0.0,0.0,0.0,True
2050,P0054,Hebei,biomass,0.9217294241039325,18150273.6673784,14.883224407250289,14.883224407250289,0.0,True
2050,P0054,Hebei,beccs,0.0,0.0,0.0,0.0,0.0,True
2050,P0054,Hebei,ammonia,0.0,0.0,0.0,0.0,0.0,True
2050,P0055,Shanxi,unabated,0.0,0.0,0.0,0.0,0.0,True
2050,P0055,Shanxi,retire,0.0,0.0,0.0,0.0,0.0,True
2050,P0055,Shanxi,ccs,0.0,0.0,0.0,0.0,0.0,True
2050,P0055,Shanxi,biomass,1.0,17129150.0,14.045903,14.045903,0.0,True
2050,P0055,Shanxi,beccs,0.0,0.0,0.0,0.0,0.0,True
2050,P0055,Shanxi,ammonia,0.0,0.0,0.0,0.0,0.0,True
2050,P0056,Jiangxi,unabated,0.0,0.0,0.0,0.0,0.0,True
2050,P0056,Jiangxi,retire,0.0,0.0,0.0,0.0,0.0,True
2050,P0056,Jiangxi,ccs,0.0,0.0,0.0,0.0,0.0,True
2050,P0056,Jiangxi,biomass,0.13244002843715985,2537673.8492023726,2.0808925563459453,2.0808925563459453,0.0,True
2050,P0056,Jiangxi,beccs,0.8675599715628419,16623254.150797661,13.631068403654082,25.899029966942752,14.108155797781976,True
2050,P0056,Jiangxi,ammonia,0.0,0.0,0.0,0.0,0.0,True
2050,P0057,Gansu,unabated,0.0,0.0,0.0,0.0,0.0,True
2050,P0057,Gansu,retire,0.0,0.0,0.0,0.0,0.0,True
2050,P0057,Gansu,ccs,0.0,0.0,0.0,0.0,0.0,True
2050,P0057,Gansu,biomass,0.0,0.0,0.0,0.0,0.0,True
2050,P0057,Gansu,beccs,1.0,12233632.0,10.03157824,19.059998655999998,9.690504579839997,True
2050,P0057,Gansu,ammonia,0.0,0.0,0.0,0.0,0.0,True
2050,P0058,Jiangsu,unabated,0.0,0.0,0.0,0.0,0.0,True
2050,P0058,Jiangsu,retire,0.3149236261401568,7131440.002780395,5.847780802279923,5.847780802279923,0.0,True
2050,P0058,Jiangsu,ccs,0.0,0.0,0.0,0.0,0.0,True
2050,P0058,Jiangsu,biomass,0.6850763738598418,15513542.497219577,12.721104847720053,12.721104847720053,0.0,True
2050,P0058,Jiangsu,beccs,0.0,0.0,0.0,0.0,0.0,True
2050,P0058,Jiangsu,ammonia,0.0,0.0,0.0,0.0,0.0,True
2050,P0059,Inner Mongolia,unabated,1.0,104755830.0,85.8997806,0.0,0.0,True
2050,P0059,Inner Mongolia,retire,0.0,0.0,0.0,0.0,0.0,True
2050,P0059,Inner Mongolia,ccs,0.0,0.0,0.0,0.0,0.0,True
2050,P0059,Inner Mongolia,biomass,0.0,0.0,0.0,0.0,0.0,True
2050,P0059,Inner Mongolia,beccs,0.0,0.0,0.0,0.0,0.0,True
2050,P0059,Inner Mongolia,ammonia,0.0,0.0,0.0,0.0,0.0,True
2050,P0060,Shandong,unabated,0.0,0.0,0.0,0.0,0.0,True
2050,P0060,Shandong,retire,0.13229039738717854,2862734.8574484037,2.347442583107691,2.347442583107691,0.0,True
2050,P0060,Shandong,ccs,0.0,0.0,0.0,0.0,0.0,True
2050,P0060,Shandong,biomass,0.8677096026128215,18777043.3425516,15.397175540892311,15.397175540892311,0.0,True
2050,P0060,Shandong,beccs,0.0,0.0,0.0,0.0,0.0,True
2050,P0060,Shandong,ammonia,0.0,0.0,0.0,0.0,0.0,True
2050,P0061,Shandong,unabated,0.0,0.0,0.0,0.0,0.0,True
2050,P0061,Shandong,retire,0.0,0.0,0.0,0.0,0.0,True
2050,P0061,Shandong,ccs,0.0,0.0,0.0,0.0,0.0,True
2050,P0061,Shandong,biomass,0.09485137160596294,1621532.761506199,1.329656864435083,1.329656864435083,0.0,True
2050,P0061,Shandong,beccs,0.9051486283940375,15473979.238493813,12.688662975564926,24.10845965357336,13.132766179709696,True
2050,P0061,Shandong,ammonia,0.0,0.0,0.0,0.0,0.0,True
2050,P0062,Xinjiang,unabated,0.0,0.0,0.0,0.0,0.0,True
2050,P0062,Xinjiang,retire,0.0,0.0,0.0,0.0,0.0,True
2050,P0062,Xinjiang,ccs,0.32230987815448614,1651117.440654188,1.3539163013364341,1.2185246712027908,1.4013033718832093,True
2050,P0062,Xinjiang,biomass,0.0,0.0,0.0,0.0,0.0,True
2050,P0062,Xinjiang,beccs,0.6776901218455144,3471646.5593458144,2.8467501786635676,5.408825339460778,2.9463864349167928,True
2050,P0062,Xinjiang,ammonia,0.0,0.0,0.0,0.0,0.0,True
2050,P0063,Ningxia,unabated,0.33539524377662516,2934300.542429038,2.406126444791811,0.0,0.0,True
2050,P0063,Ningxia,retire,0.664604756223375,5814483.457570964,4.76787643520819,4.76787643520819,0.0,True
2050,P0063,Ningxia,ccs,0.0,0.0,0.0,0.0,0.0,True
2050,P0063,Ningxia,biomass,0.0,0.0,0.0,0.0,0.0,True
2050,P0063,Ningxia,beccs,0.0,0.0,0.0,0.0,0.0,True
2050,P0063,Ningxia,ammonia,0.0,0.0,0.0,0.0,0.0,True
2050,P0064,Shandong,unabated,0.0,0.0,0.0,0.0,0.0,True
2050,P0064,Shandong,retire,1.0,18229398.000000004,14.94810636,14.94810636,0.0,True
2050,P0064,Shandong,ccs,0.0,0.0,0.0,0.0,0.0,True
2050,P0064,Shandong,biomass,0.0,0.0,0.0,0.0,0.0,True
2050,P0064,Shandong,beccs,0.0,0.0,0.0,0.0,0.0,True
2050,P0064,Shandong,ammonia,0.0,0.0,0.0,0.0,0.0,True
2050,P0065,Xinjiang,unabated,0.0,0.0,0.0,0.0,0.0,True
2050,P0065,Xinjiang,retire,0.0,0.0,0.0,0.0,0.0,True
2050,P0065,Xinjiang,ccs,1.0,17824049.999999996,14.615720999999997,13.154148899999997,15.127271234999995,True
2050,P0065,Xinjiang,biomass,0.0,0.0,0.0,0.0,0.0,True
2050,P0065,Xinjiang,beccs,0.0,0.0,0.0,0.0,0.0,True
2050,P0065,Xinjiang,ammonia,0.0,0.0,0.0,0.0,0.0,True
2050,P0066,Fujian,unabated,0.0,0.0,0.0,0.0,0.0,True
2050,P0066,Fujian,retire,1.0,45243841.199999996,37.099949783999996,37.099949783999996,0.0,True
2050,P0066,Fujian,ccs,0.0,0.0,0.0,0.0,0.0,True
2050,P0066,Fujian,biomass,0.0,0.0,0.0,0.0,0.0,True
2050,P0066,Fujian,beccs,0.0,0.0,0.0,0.0,0.0,True
2050,P0066,Fujian,ammonia,0.0,0.0,0.0,0.0,0.0,True
2050,P0067,Hebei,unabated,0.0,0.0,0.0,0.0,0.0,True
2050,P0067,Hebei,retire,0.26139453887878306,8943658.062020093,7.3337996108564765,7.3337996108564765,0.0,True
2050,P0067,Hebei,ccs,0.0,0.0,0.0,0.0,0.0,True
2050,P0067,Hebei,biomass,0.2632765798712967,9008052.410761835,7.386602976824705,7.386602976824705,0.0,True
2050,P0067,Hebei,beccs,0.4753288812499141,16263457.527217861,13.336035172318645,25.338466827405426,13.802796403349799,True
2050,P0067,Hebei,ammonia,0.0,0.0,0.0,0.0,0.0,True
2050,P0068,Zhejiang,unabated,0.0,0.0,0.0,0.0,0.0,True
2050,P0068,Zhejiang,retire,0.0,0.0,0.0,0.0,0.0,True
2050,P0068,Zhejiang,ccs,0.18111243705324434,4055159.7165602306,3.3252309675793894,2.9927078708214507,3.4416140514446676,True
2050,P0068,Zhejiang,biomass,0.0,0.0,0.0,0.0,0.0,True
2050,P0068,Zhejiang,beccs,0.8188875629467561,18335128.78343978,15.03480560242062,28.56613064459918,15.561023798505342,True
2050,P0068,Zhejiang,ammonia,0.0,0.0,0.0,0.0,0.0,True
2050,P0069,Shaanxi,unabated,0.0,0.0,0.0,0.0,0.0,True
2050,P0069,Shaanxi,retire,0.0,0.0,0.0,0.0,0.0,True
2050,P0069,Shaanxi,ccs,0.0,0.0,0.0,0.0,0.0,True
2050,P0069,Shaanxi,biomass,0.0,0.0,0.0,0.0,0.0,True
2050,P0069,Shaanxi,beccs,1.0,18152000.0,14.88464,28.280815999999998,15.4056024,True
2050,P0069,Shaanxi,ammonia,0.0,0.0,0.0,0.0,0.0,True
2050,P0070,Shandong,unabated,0.0,0.0,0.0,0.0,0.0,True
2050,P0070,Shandong,retire,0.0,0.0,0.0,0.0,0.0,True
2050,P0070,Shandong,ccs,0.0,0.0,0.0,0.0,0.0,True
2050,P0070,Shandong,biomass,1.0,25817712.000000004,21.170523840000005,21.170523840000005,0.0,True
2050,P0070,Shandong,beccs,0.0,0.0,0.0,0.0,0.0,True
2050,P0070,Shandong,ammonia,0.0,0.0,0.0,0.0,0.0,True
2050,P0071,Guizhou,unabated,0.0,0.0,0.0,0.0,0.0,True
2050,P0071,Guizhou,retire,1.0,23735500.0,19.46311,19.46311,0.0,True
2050,P0071,Guizhou,ccs,0.0,0.0,0.0,0.0,0.0,True
2050,P0071,Guizhou,biomass,0.0,0.0,0.0,0.0,0.0,True
2050,P0071,Guizhou,beccs,0.0,0.0,0.0,0.0,0.0,True
2050,P0071,Guizhou,ammonia,0.0,0.0,0.0,0.0,0.0,True
2050,P0072,Heilongjiang,unabated,0.0,0.0,0.0,0.0,0.0,True
2050,P0072,Heilongjiang,retire,0.0,0.0,0.0,0.0,0.0,True
2050,P0072,Heilongjiang,ccs,0.0,0.0,0.0,0.0,0.0,True
2050,P0072,Heilongjiang,biomass,0.12897974325841502,717849.6590790346,0.5886367204448084,0.5886367204448084,0.0,True
2050,P0072,Heilongjiang,beccs,0.8710202567415852,4847750.340920967,3.975155279555193,7.552795031154866,3.8400000000503156,True
2050,P0072,Heilongjiang,ammonia,0.0,0.0,0.0,0.0,0.0,True
2050,P0073,Liaoning,unabated,0.0,0.0,0.0,0.0,0.0,True
2050,P0073,Liaoning,retire,0.0,0.0,0.0,0.0,0.0,True
2050,P0073,Liaoning,ccs,0.0,0.0,0.0,0.0,0.0,True
2050,P0073,Liaoning,biomass,1.0,6340931.499999999,5.199563829999999,5.199563829999999,0.0,True
2050,P0073,Liaoning,beccs,0.0,0.0,0.0,0.0,0.0,True
2050,P0073,Liaoning,ammonia,0.0,0.0,0.0,0.0,0.0,True
2050,P0074,Shaanxi,unabated,0.0,0.0,0.0,0.0,0.0,True
2050,P0074,Shaanxi,retire,1.0,36893940.0,30.253030799999998,30.253030799999998,0.0,True
2050,P0074,Shaanxi,ccs,0.0,0.0,0.0,0.0,0.0,True
2050,P0074,Shaanxi,biomass,0.0,0.0,0.0,0.0,0.0,True
2050,P0074,Shaanxi,beccs,0.0,0.0,0.0,0.0,0.0,True
2050,P0074,Shaanxi,ammonia,0.0,0.0,0.0,0.0,0.0,True
2050,P0075,Henan,unabated,0.0,0.0,0.0,0.0,0.0,True
2050,P0075,Henan,retire,0.0,0.0,0.0,0.0,0.0,True
2050,P0075,Henan,ccs,0.0,0.0,0.0,0.0,0.0,True
2050,P0075,Henan,biomass,1.0,7127208.0,5.844310559999999,5.844310559999999,0.0,True
2050,P0075,Henan,beccs,0.0,0.0,0.0,0.0,0.0,True
2050,P0075,Henan,ammonia,0.0,0.0,0.0,0.0,0.0,True
2050,P0076,Guangxi,unabated,0.0,0.0,0.0,0.0,0.0,True
2050,P0076,Guangxi,retire,0.0,0.0,0.0,0.0,0.0,True
2050,P0076,Guangxi,ccs,0.0,0.0,0.0,0.0,0.0,True
2050,P0076,Guangxi,biomass,1.0,13593944.000000002,11.147034080000001,11.147034080000001,0.0,True
2050,P0076,Guangxi,beccs,0.0,0.0,0.0,0.0,0.0,True
2050,P0076,Guangxi,ammonia,0.0,0.0,0.0,0.0,0.0,True
2050,P0077,Xinjiang,unabated,0.5083997607730942,20996393.585771844,17.21704274033291,0.0,0.0,True
2050,P0077,Xinjiang,retire,0.4733408433672988,19548495.916772578,16.029766651753516,16.029766651753516,0.0,True
2050,P0077,Xinjiang,ccs,0.018259395859606953,754094.4974555736,0.6183574879135705,0.5565217391222134,0.6399999999905454,True
2050,P0077,Xinjiang,biomass,0.0,0.0,0.0,0.0,0.0,True
2050,P0077,Xinjiang,beccs,0.0,0.0,0.0,0.0,0.0,True
2050,P0077,Xinjiang,ammonia,0.0,0.0,0.0,0.0,0.0,True
2050,P0078,Heilongjiang,unabated,0.0,0.0,0.0,0.0,0.0,True
2050,P0078,Heilongjiang,retire,0.0,0.0,0.0,0.0,0.0,True
2050,P0078,Heilongjiang,ccs,0.0,0.0,0.0,0.0,0.0,True
2050,P0078,Heilongjiang,biomass,0.0,0.0,0.0,0.0,0.0,True
2050,P0078,Heilongjiang,beccs,1.0,18122985.0,14.860847699999999,28.235610629999996,14.355578878199998,True
2050,P0078,Heilongjiang,ammonia,0.0,0.0,0.0,0.0,0.0,True
2050,P0079,Guangxi,unabated,0.0,0.0,0.0,0.0,0.0,True
2050,P0079,Guangxi,retire,0.3057552306369703,12996128.524266267,10.656825389898339,10.656825389898339,0.0,True
2050,P0079,Guangxi,ccs,0.0,0.0,0.0,0.0,0.0,True
2050,P0079,Guangxi,biomass,0.0,0.0,0.0,0.0,0.0,True
2050,P0079,Guangxi,beccs,0.6942447693630297,29508879.47573373,24.19728117010166,45.974834223193156,25.04418601105522,True
2050,P0079,Guangxi,ammonia,0.0,0.0,0.0,0.0,0.0,True
2050,P0080,Shandong,unabated,0.0,0.0,0.0,0.0,0.0,True
2050,P0080,Shandong,retire,0.0,0.0,0.0,0.0,0.0,True
2050,P0080,Shandong,ccs,0.0,0.0,0.0,0.0,0.0,True
2050,P0080,Shandong,biomass,1.0,21587445.000000004,17.701704900000003,17.701704900000003,0.0,True
2050,P0080,Shandong,beccs,0.0,0.0,0.0,0.0,0.0,True
2050,P0080,Shandong,ammonia,0.0,0.0,0.0,0.0,0.0,True
2050,P0081,Gansu,unabated,0.0,0.0,0.0,0.0,0.0,True
2050,P0081,Gansu,retire,1.0,8798160.0,7.214491199999999,7.214491199999999,0.0,True
2050,P0081,Gansu,ccs,0.0,0.0,0.0,0.0,0.0,True
2050,P0081,Gansu,biomass,0.0,0.0,0.0,0.0,0.0,True
2050,P0081,Gansu,beccs,0.0,0.0,0.0,0.0,0.0,True
2050,P0081,Gansu,ammonia,0.0,0.0,0.0,0.0,0.0,True
2050,P0082,Liaoning,unabated,0.0,0.0,0.0,0.0,0.0,True
2050,P0082,Liaoning,retire,0.0,0.0,0.0,0.0,0.0,True
2050,P0082,Liaoning,ccs,0.0,0.0,0.0,0.0,0.0,True
2050,P0082,Liaoning,biomass,1.0,7751749.999999999,6.356434999999999,6.356434999999999,0.0,True
2050,P0082,Liaoning,beccs,0.0,0.0,0.0,0.0,0.0,True
2050,P0082,Liaoning,ammonia,0.0,0.0,0.0,0.0,0.0,True
2050,P0083,Shaanxi,unabated,0.0,0.0,0.0,0.0,0.0,True
2050,P0083,Shaanxi,retire,1.0,58041020.0,47.5936364,47.5936364,0.0,True
2050,P0083,Shaanxi,ccs,0.0,0.0,0.0,0.0,0.0,True
2050,P0083,Shaanxi,biomass,0.0,0.0,0.0,0.0,0.0,True
2050,P0083,Shaanxi,beccs,0.0,0.0,0.0,0.0,0.0,True
2050,P0083,Shaanxi,ammonia,0.0,0.0,0.0,0.0,0.0,True
2050,P0084,Shaanxi,unabated,0.0,0.0,0.0,0.0,0.0,True
2050,P0084,Shaanxi,retire,1.0,12207220.0,10.009920399999999,10.009920399999999,0.0,True
2050,P0084,Shaanxi,ccs,0.0,0.0,0.0,0.0,0.0,True
2050,P0084,Shaanxi,biomass,0.0,0.0,0.0,0.0,0.0,True
2050,P0084,Shaanxi,beccs,0.0,0.0,0.0,0.0,0.0,True
2050,P0084,Shaanxi,ammonia,0.0,0.0,0.0,0.0,0.0,True
2050,P0085,Jiangsu,unabated,0.0,0.0,0.0,0.0,0.0,True
2050,P0085,Jiangsu,retire,1.0,50405775.00000001,41.3327355,41.3327355,0.0,True
2050,P0085,Jiangsu,ccs,0.0,0.0,0.0,0.0,0.0,True
2050,P0085,Jiangsu,biomass,0.0,0.0,0.0,0.0,0.0,True
2050,P0085,Jiangsu,beccs,0.0,0.0,0.0,0.0,0.0,True
2050,P0085,Jiangsu,ammonia,0.0,0.0,0.0,0.0,0.0,True
2050,P0086,Shaanxi,unabated,0.0,0.0,0.0,0.0,0.0,True
2050,P0086,Shaanxi,retire,1.0,42929480.0,35.2021736,35.2021736,0.0,True
2050,P0086,Shaanxi,ccs,0.0,0.0,0.0,0.0,0.0,True
2050,P0086,Shaanxi,biomass,0.0,0.0,0.0,0.0,0.0,True
2050,P0086,Shaanxi,beccs,0.0,0.0,0.0,0.0,0.0,True
2050,P0086,Shaanxi,ammonia,0.0,0.0,0.0,0.0,0.0,True
2050,P0087,Hebei,unabated,0.0,0.0,0.0,0.0,0.0,True
2050,P0087,Hebei,retire,0.0,0.0,0.0,0.0,0.0,True
2050,P0087,Hebei,ccs,0.0,0.0,0.0,0.0,0.0,True
2050,P0087,Hebei,biomass,1.0,13588055.000000002,11.142205100000002,11.142205100000002,0.0,True
2050,P0087,Hebei,beccs,0.0,0.0,0.0,0.0,0.0,True
2050,P0087,Hebei,ammonia,0.0,0.0,0.0,0.0,0.0,True
2050,P0088,Zhejiang,unabated,0.0,0.0,0.0,0.0,0.0,True
2050,P0088,Zhejiang,retire,0.0,0.0,0.0,0.0,0.0,True
2050,P0088,Zhejiang,ccs,0.0,0.0,0.0,0.0,0.0,True
2050,P0088,Zhejiang,biomass,0.0,0.0,0.0,0.0,0.0,True
2050,P0088,Zhejiang,beccs,1.0,15775605.0,12.935996099999999,24.578392589999996,12.496172232599998,True
2050,P0088,Zhejiang,ammonia,0.0,0.0,0.0,0.0,0.0,True
2050,P0089,Ningxia,unabated,1.0,131480305.0,107.8138501,0.0,0.0,True
2050,P0089,Ningxia,retire,0.0,0.0,0.0,0.0,0.0,True
2050,P0089,Ningxia,ccs,0.0,0.0,0.0,0.0,0.0,True
2050,P0089,Ningxia,biomass,0.0,0.0,0.0,0.0,0.0,True
2050,P0089,Ningxia,beccs,0.0,0.0,0.0,0.0,0.0,True
2050,P0089,Ningxia,ammonia,0.0,0.0,0.0,0.0,0.0,True
2050,P0090,Guangdong,unabated,0.0,0.0,0.0,0.0,0.0,True
2050,P0090,Guangdong,retire,1.0,34962181.2,28.668988584,28.668988584,0.0,True
2050,P0090,Guangdong,ccs,0.0,0.0,0.0,0.0,0.0,True
2050,P0090,Guangdong,biomass,0.0,0.0,0.0,0.0,0.0,True
2050,P0090,Guangdong,beccs,0.0,0.0,0.0,0.0,0.0,True
2050,P0090,Guangdong,ammonia,0.0,0.0,0.0,0.0,0.0,True
2050,P0091,Guangdong,unabated,0.0,0.0,0.0,0.0,0.0,True
2050,P0091,Guangdong,retire,0.0,0.0,0.0,0.0,0.0,True
2050,P0091,Guangdong,ccs,0.0,0.0,0.0,0.0,0.0,True
2050,P0091,Guangdong,biomass,0.0,0.0,0.0,0.0,0.0,True
2050,P0091,Guangdong,beccs,1.0,35657946.0,29.23951572,55.555079868,30.262898770199996,True
2050,P0091,Guangdong,ammonia,0.0,0.0,0.0,0.0,0.0,True
2050,P0092,Jiangxi,unabated,0.0,0.0,0.0,0.0,0.0,True
2050,P0092,Jiangxi,retire,0.0,0.0,0.0,0.0,0.0,True
2050,P0092,Jiangxi,ccs,0.0,0.0,0.0,0.0,0.0,True
2050,P0092,Jiangxi,biomass,1.0,36462960.0,29.899627199999998,29.899627199999998,0.0,True
2050,P0092,Jiangxi,beccs,0.0,0.0,0.0,0.0,0.0,True
2050,P0092,Jiangxi,ammonia,0.0,0.0,0.0,0.0,0.0,True
2050,P0093,Hunan,unabated,0.0,0.0,0.0,0.0,0.0,True
2050,P0093,Hunan,retire,1.0,18069412.5,14.81691825,14.81691825,0.0,True
2050,P0093,Hunan,ccs,0.0,0.0,0.0,0.0,0.0,True
2050,P0093,Hunan,biomass,0.0,0.0,0.0,0.0,0.0,True
2050,P0093,Hunan,beccs,0.0,0.0,0.0,0.0,0.0,True
2050,P0093,Hunan,ammonia,0.0,0.0,0.0,0.0,0.0,True
2050,P0094,Fujian,unabated,0.0,0.0,0.0,0.0,0.0,True
2050,P0094,Fujian,retire,0.0,0.0,0.0,0.0,0.0,True
2050,P0094,Fujian,ccs,0.0,0.0,0.0,0.0,0.0,True
2050,P0094,Fujian,biomass,1.0,6459012.0,5.29638984,5.29638984,0.0,True
2050,P0094,Fujian,beccs,0.0,0.0,0.0,0.0,0.0,True
2050,P0094,Fujian,ammonia,0.0,0.0,0.0,0.0,0.0,True
2050,P0095,Anhui,unabated,0.0,0.0,0.0,0.0,0.0,True
2050,P0095,Anhui,retire,0.0,0.0,0.0,0.0,0.0,True
2050,P0095,Anhui,ccs,0.0,0.0,0.0,0.0,0.0,True
2050,P0095,Anhui,biomass,1.0,16313541.000000002,13.377103620000002,13.377103620000002,0.0,True
2050,P0095,Anhui,beccs,0.0,0.0,0.0,0.0,0.0,True
2050,P0095,Anhui,ammonia,0.0,0.0,0.0,0.0,0.0,True
2050,P0096,Guangdong,unabated,0.0,0.0,0.0,0.0,0.0,True
2050,P0096,Guangdong,retire,0.0,0.0,0.0,0.0,0.0,True
2050,P0096,Guangdong,ccs,0.0,0.0,0.0,0.0,0.0,True
2050,P0096,Guangdong,biomass,0.0,0.0,0.0,0.0,0.0,True
2050,P0096,Guangdong,beccs,1.0,22564039.0,18.50251198,35.154772762,19.150099899300002,True
2050,P0096,Guangdong,ammonia,0.0,0.0,0.0,0.0,0.0,True
2050,P0097,Gansu,unabated,0.0,0.0,0.0,0.0,0.0,True
2050,P0097,Gansu,retire,0.7804358082011353,6931793.38752369,5.684070577769425,5.684070577769425,0.0,True
2050,P0097,Gansu,ccs,0.0,0.0,0.0,0.0,0.0,True
2050,P0097,Gansu,biomass,0.21956419179886466,1950158.6124763095,1.5991300622305737,1.5991300622305737,0.0,True
2050,P0097,Gansu,beccs,0.0,0.0,0.0,0.0,0.0,True
2050,P0097,Gansu,ammonia,0.0,0.0,0.0,0.0,0.0,True
2050,P0098,Xinjiang,unabated,1.0,128966903.99999999,105.75286127999999,0.0,0.0,True
2050,P0098,Xinjiang,retire,0.0,0.0,0.0,0.0,0.0,True
2050,P0098,Xinjiang,ccs,0.0,0.0,0.0,0.0,0.0,True
2050,P0098,Xinjiang,biomass,0.0,0.0,0.0,0.0,0.0,True
2050,P0098,Xinjiang,beccs,0.0,0.0,0.0,0.0,0.0,True
2050,P0098,Xinjiang,ammonia,0.0,0.0,0.0,0.0,0.0,True
2050,P0099,Sichuan,unabated,0.0,0.0,0.0,0.0,0.0,True
2050,P0099,Sichuan,retire,0.0,0.0,0.0,0.0,0.0,True
2050,P0099,Sichuan,ccs,0.0,0.0,0.0,0.0,0.0,True
2050,P0099,Sichuan,biomass,0.0,0.0,0.0,0.0,0.0,True
2050,P0099,Sichuan,beccs,1.0,4996399.999999999,4.097047999999999,7.784391199999998,3.9577483679999985,True
2050,P0099,Sichuan,ammonia,0.0,0.0,0.0,0.0,0.0,True
2050,P0100,Jiangxi,unabated,0.0,0.0,0.0,0.0,0.0,True
2050,P0100,Jiangxi,retire,0.0,0.0,0.0,0.0,0.0,True
2050,P0100,Jiangxi,ccs,0.0,0.0,0.0,0.0,0.0,True
2050,P0100,Jiangxi,biomass,1.0,15157152.0,12.428864639999999,12.428864639999999,0.0,True
2050,P0100,Jiangxi,beccs,0.0,0.0,0.0,0.0,0.0,True
2050,P0100,Jiangxi,ammonia,0.0,0.0,0.0,0.0,0.0,True
2050,P0101,Qinghai,unabated,0.0,0.0,0.0,0.0,0.0,True
2050,P0101,Qinghai,retire,1.0,19952390.0,16.3609598,16.3609598,0.0,True
2050,P0101,Qinghai,ccs,0.0,0.0,0.0,0.0,0.0,True
2050,P0101,Qinghai,biomass,0.0,0.0,0.0,0.0,0.0,True
2050,P0101,Qinghai,beccs,0.0,0.0,0.0,0.0,0.0,True
2050,P0101,Qinghai,ammonia,0.0,0.0,0.0,0.0,0.0,True
2050,P0102,Hunan,unabated,0.0,0.0,0.0,0.0,0.0,True
2050,P0102,Hunan,retire,0.0,0.0,0.0,0.0,0.0,True
2050,P0102,Hunan,ccs,0.0,0.0,0.0,0.0,0.0,True
2050,P0102,Hunan,biomass,1.0,9845388.0,8.07321816,8.07321816,0.0,True
2050,P0102,Hunan,beccs,0.0,0.0,0.0,0.0,0.0,True
2050,P0102,Hunan,ammonia,0.0,0.0,0.0,0.0,0.0,True
2050,P0103,Inner Mongolia,unabated,1.0,19119700.0,15.678153999999997,0.0,0.0,True
2050,P0103,Inner Mongolia,retire,0.0,0.0,0.0,0.0,0.0,True
2050,P0103,Inner Mongolia,ccs,0.0,0.0,0.0,0.0,0.0,True
2050,P0103,Inner Mongolia,biomass,0.0,0.0,0.0,0.0,0.0,True
2050,P0103,Inner Mongolia,beccs,0.0,0.0,0.0,0.0,0.0,True
2050,P0103,Inner Mongolia,ammonia,0.0,0.0,0.0,0.0,0.0,True
2050,P0104,Inner Mongolia,unabated,1.0,22843010.0,18.7312682,0.0,0.0,True
2050,P0104,Inner Mongolia,retire,0.0,0.0,0.0,0.0,0.0,True
2050,P0104,Inner Mongolia,ccs,0.0,0.0,0.0,0.0,0.0,True
2050,P0104,Inner Mongolia,biomass,0.0,0.0,0.0,0.0,0.0,True
2050,P0104,Inner Mongolia,beccs,0.0,0.0,0.0,0.0,0.0,True
2050,P0104,Inner Mongolia,ammonia,0.0,0.0,0.0,0.0,0.0,True
2050,P0105,Liaoning,unabated,0.0,0.0,0.0,0.0,0.0,True
2050,P0105,Liaoning,retire,0.0,0.0,0.0,0.0,0.0,True
2050,P0105,Liaoning,ccs,0.0,0.0,0.0,0.0,0.0,True
2050,P0105,Liaoning,biomass,0.0,0.0,0.0,0.0,0.0,True
2050,P0105,Liaoning,beccs,1.0,4030910.0,3.3053462,6.28015778,3.1929644291999995,True
2050,P0105,Liaoning,ammonia,0.0,0.0,0.0,0.0,0.0,True
2050,P0106,Hubei,unabated,0.0,0.0,0.0,0.0,0.0,True
2050,P0106,Hubei,retire,1.0,39558279.99999999,32.43778959999999,32.43778959999999,0.0,True
2050,P0106,Hubei,ccs,0.0,0.0,0.0,0.0,0.0,True
2050,P0106,Hubei,biomass,0.0,0.0,0.0,0.0,0.0,True
2050,P0106,Hubei,beccs,0.0,0.0,0.0,0.0,0.0,True
2050,P0106,Hubei,ammonia,0.0,0.0,0.0,0.0,0.0,True
2050,P0107,Liaoning,unabated,0.0,0.0,0.0,0.0,0.0,True
2050,P0107,Liaoning,retire,1.0,14387248.0,11.797543359999999,11.797543359999999,0.0,True
2050,P0107,Liaoning,ccs,0.0,0.0,0.0,0.0,0.0,True
2050,P0107,Liaoning,biomass,0.0,0.0,0.0,0.0,0.0,True
2050,P0107,Liaoning,beccs,0.0,0.0,0.0,0.0,0.0,True
2050,P0107,Liaoning,ammonia,0.0,0.0,0.0,0.0,0.0,True
2050,P0108,Guangdong,unabated,0.0,0.0,0.0,0.0,0.0,True
2050,P0108,Guangdong,retire,1.0,22805624.0,18.700611679999998,18.700611679999998,0.0,True
2050,P0108,Guangdong,ccs,0.0,0.0,0.0,0.0,0.0,True
2050,P0108,Guangdong,biomass,0.0,0.0,0.0,0.0,0.0,True
2050,P0108,Guangdong,beccs,0.0,0.0,0.0,0.0,0.0,True
2050,P0108,Guangdong,ammonia,0.0,0.0,0.0,0.0,0.0,True
2050,P0109,Shaanxi,unabated,0.08512933305901373,3221883.057937848,2.641944107509035,0.0,0.0,True
2050,P0109,Shaanxi,retire,0.0,0.0,0.0,0.0,0.0,True
2050,P0109,Shaanxi,ccs,0.0,0.0,0.0,0.0,0.0,True
2050,P0109,Shaanxi,biomass,0.0,0.0,0.0,0.0,0.0,True
2050,P0109,Shaanxi,beccs,0.9148706669409865,34625036.94206216,28.39253029249097,53.94580755573284,29.386268852728154,True
2050,P0109,Shaanxi,ammonia,0.0,0.0,0.0,0.0,0.0,True
2050,P0110,Guizhou,unabated,0.0,0.0,0.0,0.0,0.0,True
2050,P0110,Guizhou,retire,0.1393715003836296,8772954.55998716,7.1938227391894705,7.1938227391894705,0.0,True
2050,P0110,Guizhou,ccs,0.0,0.0,0.0,0.0,0.0,True
2050,P0110,Guizhou,biomass,0.8606284996163704,54173591.44001284,44.422344980810536,44.422344980810536,0.0,True
2050,P0110,Guizhou,beccs,0.0,0.0,0.0,0.0,0.0,True
2050,P0110,Guizhou,ammonia,0.0,0.0,0.0,0.0,0.0,True
2050,P0111,Guangxi,unabated,0.0,0.0,0.0,0.0,0.0,True
2050,P0111,Guangxi,retire,0.0,0.0,0.0,0.0,0.0,True
2050,P0111,Guangxi,ccs,0.0,0.0,0.0,0.0,0.0,True
2050,P0111,Guangxi,biomass,1.0,587794.48,0.48199147359999994,0.48199147359999994,0.0,True
2050,P0111,Guangxi,beccs,0.0,0.0,0.0,0.0,0.0,True
2050,P0111,Guangxi,ammonia,0.0,0.0,0.0,0.0,0.0,True
2050,P0112,Guangdong,unabated,0.0,0.0,0.0,0.0,0.0,True
2050,P0112,Guangdong,retire,1.0,41166084.0,33.756188879999996,33.756188879999996,0.0,True
2050,P0112,Guangdong,ccs,0.0,0.0,0.0,0.0,0.0,True
2050,P0112,Guangdong,biomass,0.0,0.0,0.0,0.0,0.0,True
2050,P0112,Guangdong,beccs,0.0,0.0,0.0,0.0,0.0,True
2050,P0112,Guangdong,ammonia,0.0,0.0,0.0,0.0,0.0,True
2050,P0113,Inner Mongolia,unabated,0.4561945694211266,9181371.904169593,7.528724961419066,0.0,0.0,True
2050,P0113,Inner Mongolia,retire,0.0,0.0,0.0,0.0,0.0,True
2050,P0113,Inner Mongolia,ccs,0.0,0.0,0.0,0.0,0.0,True
2050,P0113,Inner Mongolia,biomass,0.035720198780571755,718904.7206577872,0.5895018709393854,0.5895018709393854,0.0,True
2050,P0113,Inner Mongolia,beccs,0.5080852317983031,10225723.375172649,8.385093167641571,15.931677018518984,8.1,True
2050,P0113,Inner Mongolia,ammonia,0.0,0.0,0.0,0.0,0.0,True
2050,P0114,Guangxi,unabated,0.0,0.0,0.0,0.0,0.0,True
2050,P0114,Guangxi,retire,0.0,0.0,0.0,0.0,0.0,True
2050,P0114,Guangxi,ccs,0.0,0.0,0.0,0.0,0.0,True
2050,P0114,Guangxi,biomass,0.0,0.0,0.0,0.0,0.0,True
2050,P0114,Guangxi,beccs,1.0,29485456.0,24.17807392,45.938340448,25.0243065072,True
2050,P0114,Guangxi,ammonia,0.0,0.0,0.0,0.0,0.0,True
2050,P0115,Shandong,unabated,0.0,0.0,0.0,0.0,0.0,True
2050,P0115,Shandong,retire,0.0,0.0,0.0,0.0,0.0,True
2050,P0115,Shandong,ccs,0.0,0.0,0.0,0.0,0.0,True
2050,P0115,Shandong,biomass,1.0,9550809.0,7.83166338,7.83166338,0.0,True
2050,P0115,Shandong,beccs,0.0,0.0,0.0,0.0,0.0,True
2050,P0115,Shandong,ammonia,0.0,0.0,0.0,0.0,0.0,True
2050,P0116,Liaoning,unabated,0.0,0.0,0.0,0.0,0.0,True
2050,P0116,Liaoning,retire,0.0,0.0,0.0,0.0,0.0,True
2050,P0116,Liaoning,ccs,0.0,0.0,0.0,0.0,0.0,True
2050,P0116,Liaoning,biomass,1.0,2542573.9999999995,2.0849106799999997,2.0849106799999997,0.0,True
2050,P0116,Liaoning,beccs,0.0,0.0,0.0,0.0,0.0,True
2050,P0116,Liaoning,ammonia,0.0,0.0,0.0,0.0,0.0,True
2050,P0117,Henan,unabated,0.0,0.0,0.0,0.0,0.0,True
2050,P0117,Henan,retire,0.0,0.0,0.0,0.0,0.0,True
2050,P0117,Henan,ccs,0.0,0.0,0.0,0.0,0.0,True
2050,P0117,Henan,biomass,1.0,8351072.0,6.8478790400000005,6.8478790400000005,0.0,True
2050,P0117,Henan,beccs,0.0,0.0,0.0,0.0,0.0,True
2050,P0117,Henan,ammonia,0.0,0.0,0.0,0.0,0.0,True
2050,P0118,Liaoning,unabated,0.0,0.0,0.0,0.0,0.0,True
2050,P0118,Liaoning,retire,0.0,0.0,0.0,0.0,0.0,True
2050,P0118,Liaoning,ccs,0.0,0.0,0.0,0.0,0.0,True
2050,P0118,Liaoning,biomass,1.0,16867807.999999996,13.831602559999997,13.831602559999997,0.0,True
2050,P0118,Liaoning,beccs,0.0,0.0,0.0,0.0,0.0,True
2050,P0118,Liaoning,ammonia,0.0,0.0,0.0,0.0,0.0,True
2050,P0119,Guizhou,unabated,0.0,0.0,0.0,0.0,0.0,True
2050,P0119,Guizhou,retire,1.0,27248354.0,22.34365028,22.34365028,0.0,True
2050,P0119,Guizhou,ccs,0.0,0.0,0.0,0.0,0.0,True
2050,P0119,Guizhou,biomass,0.0,0.0,0.0,0.0,0.0,True
2050,P0119,Guizhou,beccs,0.0,0.0,0.0,0.0,0.0,True
2050,P0119,Guizhou,ammonia,0.0,0.0,0.0,0.0,0.0,True
2050,P0120,Inner Mongolia,unabated,0.0,0.0,0.0,0.0,0.0,True
2050,P0120,Inner Mongolia,retire,1.0,23648049.999999996,19.391400999999995,19.391400999999995,0.0,True
2050,P0120,Inner Mongolia,ccs,0.0,0.0,0.0,0.0,0.0,True
2050,P0120,Inner Mongolia,biomass,0.0,0.0,0.0,0.0,0.0,True
2050,P0120,Inner Mongolia,beccs,0.0,0.0,0.0,0.0,0.0,True
2050,P0120,Inner Mongolia,ammonia,0.0,0.0,0.0,0.0,0.0,True
2050,P0121,Guangdong,unabated,0.0,0.0,0.0,0.0,0.0,True
2050,P0121,Guangdong,retire,1.0,32662292.0,26.783079439999998,26.783079439999998,0.0,True
2050,P0121,Guangdong,ccs,0.0,0.0,0.0,0.0,0.0,True
2050,P0121,Guangdong,biomass,0.0,0.0,0.0,0.0,0.0,True
2050,P0121,Guangdong,beccs,0.0,0.0,0.0,0.0,0.0,True
2050,P0121,Guangdong,ammonia,0.0,0.0,0.0,0.0,0.0,True
2050,P0122,Shaanxi,unabated,0.0,0.0,0.0,0.0,0.0,True
2050,P0122,Shaanxi,retire,1.0,33535820.0,27.4993724,27.4993724,0.0,True
2050,P0122,Shaanxi,ccs,0.0,0.0,0.0,0.0,0.0,True
2050,P0122,Shaanxi,biomass,0.0,0.0,0.0,0.0,0.0,True
2050,P0122,Shaanxi,beccs,0.0,0.0,0.0,0.0,0.0,True
2050,P0122,Shaanxi,ammonia,0.0,0.0,0.0,0.0,0.0,True
2050,P0123,Hebei,unabated,0.08460802499149446,2536033.563275276,2.0795475218857264,0.0,0.0,True
2050,P0123,Hebei,retire,0.0,0.0,0.0,0.0,0.0,True
2050,P0123,Hebei,ccs,0.0,0.0,0.0,0.0,0.0,True
2050,P0123,Hebei,biomass,0.9153919750085058,27437879.236724734,22.499060974114283,22.499060974114283,0.0,True
2050,P0123,Hebei,beccs,0.0,0.0,0.0,0.0,0.0,True
2050,P0123,Hebei,ammonia,0.0,0.0,0.0,0.0,0.0,True
2050,P0124,Henan,unabated,0.0,0.0,0.0,0.0,0.0,True
2050,P0124,Henan,retire,1.0,42007332.0,34.446012239999995,34.446012239999995,0.0,True
2050,P0124,Henan,ccs,0.0,0.0,0.0,0.0,0.0,True
2050,P0124,Henan,biomass,0.0,0.0,0.0,0.0,0.0,True
2050,P0124,Henan,beccs,0.0,0.0,0.0,0.0,0.0,True
2050,P0124,Henan,ammonia,0.0,0.0,0.0,0.0,0.0,True
2050,P0125,Xinjiang,unabated,0.0,0.0,0.0,0.0,0.0,True
2050,P0125,Xinjiang,retire,0.44988498859459336,28297357.287030276,23.203832975364822,23.203832975364822,0.0,True
2050,P0125,Xinjiang,ccs,0.5501150114054068,34601734.71296973,28.37342246463517,25.536080218171655,27.40872610083757,True
2050,P0125,Xinjiang,biomass,0.0,0.0,0.0,0.0,0.0,True
2050,P0125,Xinjiang,beccs,0.0,0.0,0.0,0.0,0.0,True
2050,P0125,Xinjiang,ammonia,0.0,0.0,0.0,0.0,0.0,True
2050,P0126,Jiangsu,unabated,0.0,0.0,0.0,0.0,0.0,True
2050,P0126,Jiangsu,retire,1.0,86326786.00000001,70.78796452000002,70.78796452000002,0.0,True
2050,P0126,Jiangsu,ccs,0.0,0.0,0.0,0.0,0.0,True
2050,P0126,Jiangsu,biomass,0.0,0.0,0.0,0.0,0.0,True
2050,P0126,Jiangsu,beccs,0.0,0.0,0.0,0.0,0.0,True
2050,P0126,Jiangsu,ammonia,0.0,0.0,0.0,0.0,0.0,True
2050,P0127,Hebei,unabated,0.0,0.0,0.0,0.0,0.0,True
2050,P0127,Hebei,retire,0.0,0.0,0.0,0.0,0.0,True
2050,P0127,Hebei,ccs,0.0,0.0,0.0,0.0,0.0,True
2050,P0127,Hebei,biomass,1.0,7796425.000000001,6.3930685,6.3930685,0.0,True
2050,P0127,Hebei,beccs,0.0,0.0,0.0,0.0,0.0,True
2050,P0127,Hebei,ammonia,0.0,0.0,0.0,0.0,0.0,True
2050,P0128,Xinjiang,unabated,0.0,0.0,0.0,0.0,0.0,True
2050,P0128,Xinjiang,retire,0.0,0.0,0.0,0.0,0.0,True
2050,P0128,Xinjiang,ccs,0.57208442805836,2930653.5130179566,2.403135880674724,2.162822292607252,2.48724563649834,True
2050,P0128,Xinjiang,biomass,0.0,0.0,0.0,0.0,0.0,True
2050,P0128,Xinjiang,beccs,0.427915571941641,2192110.4869820485,1.7975305993252797,2.9659254888867115,1.8604441703016648,True
2050,P0128,Xinjiang,ammonia,0.0,0.0,0.0,0.0,0.0,True
2050,P0129,Inner Mongolia,unabated,0.0,0.0,0.0,0.0,0.0,True
2050,P0129,Inner Mongolia,retire,1.0,67573045.0,55.4098969,55.4098969,0.0,True
2050,P0129,Inner Mongolia,ccs,0.0,0.0,0.0,0.0,0.0,True
2050,P0129,Inner Mongolia,biomass,0.0,0.0,0.0,0.0,0.0,True
2050,P0129,Inner Mongolia,beccs,0.0,0.0,0.0,0.0,0.0,True
2050,P0129,Inner Mongolia,ammonia,0.0,0.0,0.0,0.0,0.0,True
2050,P0130,Hebei,unabated,0.0,0.0,0.0,0.0,0.0,True
2050,P0130,Hebei,retire,0.0,0.0,0.0,0.0,0.0,True
2050,P0130,Hebei,ccs,0.0,0.0,0.0,0.0,0.0,True
2050,P0130,Hebei,biomass,1.0,5791630.0,4.7491366,4.7491366,0.0,True
2050,P0130,Hebei,beccs,0.0,0.0,0.0,0.0,0.0,True
2050,P0130,Hebei,ammonia,0.0,0.0,0.0,0.0,0.0,True
2050,P0131,Zhejiang,unabated,0.0,0.0,0.0,0.0,0.0,True
2050,P0131,Zhejiang,retire,1.0,68084190.0,55.8290358,55.8290358,0.0,True
2050,P0131,Zhejiang,ccs,0.0,0.0,0.0,0.0,0.0,True
2050,P0131,Zhejiang,biomass,0.0,0.0,0.0,0.0,0.0,True
2050,P0131,Zhejiang,beccs,0.0,0.0,0.0,0.0,0.0,True
2050,P0131,Zhejiang,ammonia,0.0,0.0,0.0,0.0,0.0,True
2050,P0132,Jilin,unabated,0.0,0.0,0.0,0.0,0.0,True
2050,P0132,Jilin,retire,0.0,0.0,0.0,0.0,0.0,True
2050,P0132,Jilin,ccs,0.0,0.0,0.0,0.0,0.0,True
2050,P0132,Jilin,biomass,0.0,0.0,0.0,0.0,0.0,True
2050,P0132,Jilin,beccs,1.0,6228808.0,5.107622559999999,9.704482864,4.933963392959998,True
2050,P0132,Jilin,ammonia,0.0,0.0,0.0,0.0,0.0,True
2050,P0133,Anhui,unabated,0.0,0.0,0.0,0.0,0.0,True
2050,P0133,Anhui,retire,0.0,0.0,0.0,0.0,0.0,True
2050,P0133,Anhui,ccs,0.0,0.0,0.0,0.0,0.0,True
2050,P0133,Anhui,biomass,0.4754923306185834,14740647.397963889,12.08733086633039,12.08733086633039,0.0,True
2050,P0133,Anhui,beccs,0.5245076693814168,16260162.602036122,13.33333333366962,25.333333333972277,13.8,True
2050,P0133,Anhui,ammonia,0.0,0.0,0.0,0.0,0.0,True
2050,P0134,Shanxi,unabated,0.0,0.0,0.0,0.0,0.0,True
2050,P0134,Shanxi,retire,1.0,14837547.5,12.166788949999999,12.166788949999999,0.0,True
2050,P0134,Shanxi,ccs,0.0,0.0,0.0,0.0,0.0,True
2050,P0134,Shanxi,biomass,0.0,0.0,0.0,0.0,0.0,True
2050,P0134,Shanxi,beccs,0.0,0.0,0.0,0.0,0.0,True
2050,P0134,Shanxi,ammonia,0.0,0.0,0.0,0.0,0.0,True
2050,P0135,Liaoning,unabated,0.0,0.0,0.0,0.0,0.0,True
2050,P0135,Liaoning,retire,0.0,0.0,0.0,0.0,0.0,True
2050,P0135,Liaoning,ccs,0.0,0.0,0.0,0.0,0.0,True
2050,P0135,Liaoning,biomass,1.0,5891330.0,4.8308906,4.8308906,0.0,True
2050,P0135,Liaoning,beccs,0.0,0.0,0.0,0.0,0.0,True
2050,P0135,Liaoning,ammonia,0.0,0.0,0.0,0.0,0.0,True
2050,P0136,Inner Mongolia,unabated,0.0,0.0,0.0,0.0,0.0,True
2050,P0136,Inner Mongolia,retire,0.0,0.0,0.0,0.0,0.0,True
2050,P0136,Inner Mongolia,ccs,0.0,0.0,0.0,0.0,0.0,True
2050,P0136,Inner Mongolia,biomass,0.0,0.0,0.0,0.0,0.0,True
2050,P0136,Inner Mongolia,beccs,1.0,4427720.0,3.6307304,6.898387759999999,3.507285566399999,True
2050,P0136,Inner Mongolia,ammonia,0.0,0.0,0.0,0.0,0.0,True
2050,P0137,Xinjiang,unabated,0.0,0.0,0.0,0.0,0.0,True
2050,P0137,Xinjiang,retire,0.0,0.0,0.0,0.0,0.0,True
2050,P0137,Xinjiang,ccs,1.0,7393679.999999999,6.062817599999999,5.456535839999999,6.275016215999998,True
2050,P0137,Xinjiang,biomass,0.0,0.0,0.0,0.0,0.0,True
2050,P0137,Xinjiang,beccs,0.0,0.0,0.0,0.0,0.0,True
2050,P0137,Xinjiang,ammonia,0.0,0.0,0.0,0.0,0.0,True
2050,P0138,Jilin,unabated,0.0,0.0,0.0,0.0,0.0,True
2050,P0138,Jilin,retire,0.0,0.0,0.0,0.0,0.0,True
2050,P0138,Jilin,ccs,0.0,0.0,0.0,0.0,0.0,True
2050,P0138,Jilin,biomass,1.0,4345680.000000001,3.5634576000000004,3.5634576000000004,0.0,True
2050,P0138,Jilin,beccs,0.0,0.0,0.0,0.0,0.0,True
2050,P0138,Jilin,ammonia,0.0,0.0,0.0,0.0,0.0,True
2050,P0139,Heilongjiang,unabated,0.0,0.0,0.0,0.0,0.0,True
2050,P0139,Heilongjiang,retire,0.0,0.0,0.0,0.0,0.0,True
2050,P0139,Heilongjiang,ccs,0.0,0.0,0.0,0.0,0.0,True
2050,P0139,Heilongjiang,biomass,1.0,4156807.5000000005,3.4085821500000004,3.4085821500000004,0.0,True
2050,P0139,Heilongjiang,beccs,0.0,0.0,0.0,0.0,0.0,True
2050,P0139,Heilongjiang,ammonia,0.0,0.0,0.0,0.0,0.0,True
2050,P0140,Guangdong,unabated,0.007587612519820458,420869.0538899495,0.3451126241897586,0.0,0.0,True
2050,P0140,Guangdong,retire,0.08961066098225526,4970516.616068212,4.075823625175934,4.075823625175934,0.0,True
2050,P0140,Guangdong,ccs,0.1854164664562079,10284664.986409757,8.433425288856,7.590082759970401,8.728595173965962,True
2050,P0140,Guangdong,biomass,0.007723577235771162,428410.733333267,0.3512968013332789,0.3512968013332789,0.0,True
2050,P0140,Guangdong,beccs,0.7096616828059453,39363454.61029882,32.27803278044503,61.32826228284555,33.407763927760605,True
2050,P0140,Guangdong,ammonia,0.0,0.0,0.0,0.0,0.0,True
2050,P0141,Shandong,unabated,0.0,0.0,0.0,0.0,0.0,True
2050,P0141,Shandong,retire,1.0,46881825.00000001,38.44309650000001,38.44309650000001,0.0,True
2050,P0141,Shandong,ccs,0.0,0.0,0.0,0.0,0.0,True
2050,P0141,Shandong,biomass,0.0,0.0,0.0,0.0,0.0,True
2050,P0141,Shandong,beccs,0.0,0.0,0.0,0.0,0.0,True
2050,P0141,Shandong,ammonia,0.0,0.0,0.0,0.0,0.0,True
2050,P0142,Jiangsu,unabated,0.0,0.0,0.0,0.0,0.0,True
2050,P0142,Jiangsu,retire,0.0,0.0,0.0,0.0,0.0,True
2050,P0142,Jiangsu,ccs,0.0,0.0,0.0,0.0,0.0,True
2050,P0142,Jiangsu,biomass,0.0,0.0,0.0,0.0,0.0,True
2050,P0142,Jiangsu,beccs,1.0,33453385.000000004,27.431775700000003,52.120373830000005,28.3918878495,True
2050,P0142,Jiangsu,ammonia,0.0,0.0,0.0,0.0,0.0,True
2050,P0143,Yunnan,unabated,0.0,0.0,0.0,0.0,0.0,True
2050,P0143,Yunnan,retire,0.0,0.0,0.0,0.0,0.0,True
2050,P0143,Yunnan,ccs,0.0,0.0,0.0,0.0,0.0,True
2050,P0143,Yunnan,biomass,1.0,11205499.999999998,9.188509999999997,9.188509999999997,0.0,True
2050,P0143,Yunnan,beccs,0.0,0.0,0.0,0.0,0.0,True
2050,P0143,Yunnan,ammonia,0.0,0.0,0.0,0.0,0.0,True
2050,P0144,Shanxi,unabated,0.0,0.0,0.0,0.0,0.0,True
2050,P0144,Shanxi,retire,1.0,32892597.499999996,26.971929949999996,26.971929949999996,0.0,True
2050,P0144,Shanxi,ccs,0.0,0.0,0.0,0.0,0.0,True
2050,P0144,Shanxi,biomass,0.0,0.0,0.0,0.0,0.0,True
2050,P0144,Shanxi,beccs,0.0,0.0,0.0,0.0,0.0,True
2050,P0144,Shanxi,ammonia,0.0,0.0,0.0,0.0,0.0,True
2050,P0145,Liaoning,unabated,0.0,0.0,0.0,0.0,0.0,True
2050,P0145,Liaoning,retire,0.0,0.0,0.0,0.0,0.0,True
2050,P0145,Liaoning,ccs,0.0,0.0,0.0,0.0,0.0,True
2050,P0145,Liaoning,biomass,1.0,8185847.999999999,6.712395359999999,6.712395359999999,0.0,True
2050,P0145,Liaoning,beccs,0.0,0.0,0.0,0.0,0.0,True
2050,P0145,Liaoning,ammonia,0.0,0.0,0.0,0.0,0.0,True
2050,P0146,Shanxi,unabated,0.0,0.0,0.0,0.0,0.0,True
2050,P0146,Shanxi,retire,1.0,19906850.0,16.323617,16.323617,0.0,True
2050,P0146,Shanxi,ccs,0.0,0.0,0.0,0.0,0.0,True
2050,P0146,Shanxi,biomass,0.0,0.0,0.0,0.0,0.0,True
2050,P0146,Shanxi,beccs,0.0,0.0,0.0,0.0,0.0,True
2050,P0146,Shanxi,ammonia,0.0,0.0,0.0,0.0,0.0,True
2050,P0147,Inner Mongolia,unabated,0.06255010405667495,981929.0475108192,0.8051818189588716,0.0,0.0,True
2050,P0147,Inner Mongolia,retire,0.0,0.0,0.0,0.0,0.0,True
2050,P0147,Inner Mongolia,ccs,0.0,0.0,0.0,0.0,0.0,True
2050,P0147,Inner Mongolia,biomass,0.40604324640630374,6374180.574195149,5.226828070840022,5.226828070840022,0.0,True
2050,P0147,Inner Mongolia,beccs,0.5314066495370219,8342170.378294039,6.840579710201111,12.99710144938211,7.08000000005815,True
2050,P0147,Inner Mongolia,ammonia,0.0,0.0,0.0,0.0,0.0,True
2050,P0148,Shandong,unabated,0.0,0.0,0.0,0.0,0.0,True
2050,P0148,Shandong,retire,0.0,0.0,0.0,0.0,0.0,True
2050,P0148,Shandong,ccs,0.0,0.0,0.0,0.0,0.0,True
2050,P0148,Shandong,biomass,1.0,9114699.000000002,7.47405318,7.47405318,0.0,True
2050,P0148,Shandong,beccs,0.0,0.0,0.0,0.0,0.0,True
2050,P0148,Shandong,ammonia,0.0,0.0,0.0,0.0,0.0,True
2050,P0149,Shaanxi,unabated,1.0,42384920.0,34.7556344,0.0,0.0,True
2050,P0149,Shaanxi,retire,0.0,0.0,0.0,0.0,0.0,True
2050,P0149,Shaanxi,ccs,0.0,0.0,0.0,0.0,0.0,True
2050,P0149,Shaanxi,biomass,0.0,0.0,0.0,0.0,0.0,True
2050,P0149,Shaanxi,beccs,0.0,0.0,0.0,0.0,0.0,True
2050,P0149,Shaanxi,ammonia,0.0,0.0,0.0,0.0,0.0,True
2050,P0150,Guizhou,unabated,0.0,0.0,0.0,0.0,0.0,True
2050,P0150,Guizhou,retire,0.0,0.0,0.0,0.0,0.0,True
2050,P0150,Guizhou,ccs,0.0,0.0,0.0,0.0,0.0,True
2050,P0150,Guizhou,biomass,1.0,664594.0,0.5449670799999999,0.5449670799999999,0.0,True
2050,P0150,Guizhou,beccs,0.0,0.0,0.0,0.0,0.0,True
2050,P0150,Guizhou,ammonia,0.0,0.0,0.0,0.0,0.0,True
2050,P0151,Shandong,unabated,0.0,0.0,0.0,0.0,0.0,True
2050,P0151,Shandong,retire,1.0,16899262.500000004,13.857395250000001,13.857395250000001,0.0,True
2050,P0151,Shandong,ccs,0.0,0.0,0.0,0.0,0.0,True
2050,P0151,Shandong,biomass,0.0,0.0,0.0,0.0,0.0,True
2050,P0151,Shandong,beccs,0.0,0.0,0.0,0.0,0.0,True
2050,P0151,Shandong,ammonia,0.0,0.0,0.0,0.0,0.0,True
2050,P0152,Guangdong,unabated,0.0,0.0,0.0,0.0,0.0,True
2050,P0152,Guangdong,retire,1.0,6426161.0,5.269452019999999,5.269452019999999,0.0,True
2050,P0152,Guangdong,ccs,0.0,0.0,0.0,0.0,0.0,True
2050,P0152,Guangdong,biomass,0.0,0.0,0.0,0.0,0.0,True
2050,P0152,Guangdong,beccs,0.0,0.0,0.0,0.0,0.0,True
2050,P0152,Guangdong,ammonia,0.0,0.0,0.0,0.0,0.0,True
2050,P0153,Heilongjiang,unabated,0.0,0.0,0.0,0.0,0.0,True
2050,P0153,Heilongjiang,retire,0.0,0.0,0.0,0.0,0.0,True
2050,P0153,Heilongjiang,ccs,0.0,0.0,0.0,0.0,0.0,True
2050,P0153,Heilongjiang,biomass,0.0,0.0,0.0,0.0,0.0,True
2050,P0153,Heilongjiang,beccs,1.0,7391812.500000001,6.06128625,11.516443875,5.855202517499999,True
2050,P0153,Heilongjiang,ammonia,0.0,0.0,0.0,0.0,0.0,True
2050,P0154,Tianjin,unabated,0.0,0.0,0.0,0.0,0.0,True
2050,P0154,Tianjin,retire,0.3676462883682151,9756281.024907695,8.00015044042431,8.00015044042431,0.0,True
2050,P0154,Tianjin,ccs,0.0,0.0,0.0,0.0,0.0,True
2050,P0154,Tianjin,biomass,0.0,0.0,0.0,0.0,0.0,True
2050,P0154,Tianjin,beccs,0.6323537116317841,16780858.975092284,13.76030435957567,26.144578283193777,14.24191501216082,True
2050,P0154,Tianjin,ammonia,0.0,0.0,0.0,0.0,0.0,True
2050,P0155,Shanxi,unabated,0.0,0.0,0.0,0.0,0.0,True
2050,P0155,Shanxi,retire,0.4297537745988277,6091987.094685145,4.995429417641819,4.995429417641819,0.0,True
2050,P0155,Shanxi,ccs,0.0,0.0,0.0,0.0,0.0,True
2050,P0155,Shanxi,biomass,0.0,0.0,0.0,0.0,0.0,True
2050,P0155,Shanxi,beccs,0.5702462254011723,8083541.905314853,6.628504362358179,12.594158288480541,6.4031352140380005,True
2050,P0155,Shanxi,ammonia,0.0,0.0,0.0,0.0,0.0,True
2050,P0156,Yunnan,unabated,0.0,0.0,0.0,0.0,0.0,True
2050,P0156,Yunnan,retire,0.0,0.0,0.0,0.0,0.0,True
2050,P0156,Yunnan,ccs,0.0,0.0,0.0,0.0,0.0,True
2050,P0156,Yunnan,biomass,1.0,2689319.9999999995,2.2052423999999995,2.2052423999999995,0.0,True
2050,P0156,Yunnan,beccs,0.0,0.0,0.0,0.0,0.0,True
2050,P0156,Yunnan,ammonia,0.0,0.0,0.0,0.0,0.0,True
2050,P0157,Guizhou,unabated,0.0,0.0,0.0,0.0,0.0,True
2050,P0157,Guizhou,retire,0.0,0.0,0.0,0.0,0.0,True
2050,P0157,Guizhou,ccs,0.0,0.0,0.0,0.0,0.0,True
2050,P0157,Guizhou,biomass,1.0,24495036.0,20.08592952,20.08592952,0.0,True
2050,P0157,Guizhou,beccs,0.0,0.0,0.0,0.0,0.0,True
2050,P0157,Guizhou,ammonia,0.0,0.0,0.0,0.0,0.0,True
2050,P0158,Guangxi,unabated,0.0,0.0,0.0,0.0,0.0,True
2050,P0158,Guangxi,retire,0.0,0.0,0.0,0.0,0.0,True
2050,P0158,Guangxi,ccs,0.0,0.0,0.0,0.0,0.0,True
2050,P0158,Guangxi,biomass,1.0,7299565.0,5.9856432999999996,5.9856432999999996,0.0,True
2050,P0158,Guangxi,beccs,0.0,0.0,0.0,0.0,0.0,True
2050,P0158,Guangxi,ammonia,0.0,0.0,0.0,0.0,0.0,True
2050,P0159,Fujian,unabated,0.04589102478638818,802190.8079965422,0.6577964625571645,0.0,0.0,True
2050,P0159,Fujian,retire,0.0,0.0,0.0,0.0,0.0,True
2050,P0159,Fujian,ccs,0.0,0.0,0.0,0.0,0.0,True
2050,P0159,Fujian,biomass,0.10392333447371424,1816615.4283809145,1.4896246512723499,1.4896246512723499,0.0,True
2050,P0159,Fujian,beccs,0.8501856407398939,14861535.763622476,12.186459326170429,23.154272719723814,12.612985402586393,True
2050,P0159,Fujian,ammonia,0.0,0.0,0.0,0.0,0.0,True
2050,P0160,Hubei,unabated,0.0,0.0,0.0,0.0,0.0,True
2050,P0160,Hubei,retire,0.0,0.0,0.0,0.0,0.0,True
2050,P0160,Hubei,ccs,0.0,0.0,0.0,0.0,0.0,True
2050,P0160,Hubei,biomass,0.0,0.0,0.0,0.0,0.0,True
2050,P0160,Hubei,beccs,1.0,16573231.999999998,13.590050239999998,25.821095455999995,14.065701998399998,True
2050,P0160,Hubei,ammonia,0.0,0.0,0.0,0.0,0.0,True
2050,P0161,Zhejiang,unabated,0.0,0.0,0.0,0.0,0.0,True
2050,P0161,Zhejiang,retire,0.0,0.0,0.0,0.0,0.0,True
2050,P0161,Zhejiang,ccs,0.0,0.0,0.0,0.0,0.0,True
2050,P0161,Zhejiang,biomass,0.0,0.0,0.0,0.0,0.0,True
2050,P0161,Zhejiang,beccs,1.0,2629267.5,2.15599935,4.096398765,2.0826953721,True
2050,P0161,Zhejiang,ammonia,0.0,0.0,0.0,0.0,0.0,True
2050,P0162,Shandong,unabated,0.0,0.0,0.0,0.0,0.0,True
2050,P0162,Shandong,retire,0.0,0.0,0.0,0.0,0.0,True
2050,P0162,Shandong,ccs,0.0,0.0,0.0,0.0,0.0,True
2050,P0162,Shandong,biomass,1.0,5974707.0,4.899259739999999,4.899259739999999,0.0,True
2050,P0162,Shandong,beccs,0.0,0.0,0.0,0.0,0.0,True
2050,P0162,Shandong,ammonia,0.0,0.0,0.0,0.0,0.0,True
2050,P0163,Hebei,unabated,0.0,0.0,0.0,0.0,0.0,True
2050,P0163,Hebei,retire,1.0,11583260.0,9.4982732,9.4982732,0.0,True
2050,P0163,Hebei,ccs,0.0,0.0,0.0,0.0,0.0,True
2050,P0163,Hebei,biomass,0.0,0.0,0.0,0.0,0.0,True
2050,P0163,Hebei,beccs,0.0,0.0,0.0,0.0,0.0,True
2050,P0163,Hebei,ammonia,0.0,0.0,0.0,0.0,0.0,True
2050,P0164,Hunan,unabated,0.0,0.0,0.0,0.0,0.0,True
2050,P0164,Hunan,retire,0.0,0.0,0.0,0.0,0.0,True
2050,P0164,Hunan,ccs,0.0,0.0,0.0,0.0,0.0,True
2050,P0164,Hunan,biomass,1.0,12502080.0,10.2517056,10.2517056,0.0,True
2050,P0164,Hunan,beccs,0.0,0.0,0.0,0.0,0.0,True
2050,P0164,Hunan,ammonia,0.0,0.0,0.0,0.0,0.0,True
2050,P0165,Hebei,unabated,0.0,0.0,0.0,0.0,0.0,True
2050,P0165,Hebei,retire,0.0,0.0,0.0,0.0,0.0,True
2050,P0165,Hebei,ccs,0.0,0.0,0.0,0.0,0.0,True
2050,P0165,Hebei,biomass,0.33954719441584896,1815260.0470104585,1.4885132385485755,1.4885132385485755,0.0,True
2050,P0165,Hebei,beccs,0.6604528055841508,3530859.95298954,2.8953051614514225,5.501079806757702,2.796864785962074,True
2050,P0165,Hebei,ammonia,0.0,0.0,0.0,0.0,0.0,True
2050,P0166,Guangxi,unabated,0.0,0.0,0.0,0.0,0.0,True
2050,P0166,Guangxi,retire,0.0,0.0,0.0,0.0,0.0,True
2050,P0166,Guangxi,ccs,0.0,0.0,0.0,0.0,0.0,True
2050,P0166,Guangxi,biomass,1.0,8807344.0,7.2220220799999995,7.2220220799999995,0.0,True
2050,P0166,Guangxi,beccs,0.0,0.0,0.0,0.0,0.0,True
2050,P0166,Guangxi,ammonia,0.0,0.0,0.0,0.0,0.0,True
2050,P0167,Shandong,unabated,0.0,0.0,0.0,0.0,0.0,True
2050,P0167,Shandong,retire,1.0,52621032.60000001,43.14924673200001,43.14924673200001,0.0,True
2050,P0167,Shandong,ccs,0.0,0.0,0.0,0.0,0.0,True
2050,P0167,Shandong,biomass,0.0,0.0,0.0,0.0,0.0,True
2050,P0167,Shandong,beccs,0.0,0.0,0.0,0.0,0.0,True
2050,P0167,Shandong,ammonia,0.0,0.0,0.0,0.0,0.0,True
2050,P0168,Xinjiang,unabated,0.0,0.0,0.0,0.0,0.0,True
2050,P0168,Xinjiang,retire,0.0,0.0,0.0,0.0,0.0,True
2050,P0168,Xinjiang,ccs,0.06439422720498501,550927.6441982462,0.45176066824256184,0.4065846014183057,0.4675722916310515,True
2050,P0168,Xinjiang,biomass,0.0,0.0,0.0,0.0,0.0,True
2050,P0168,Xinjiang,beccs,0.9356057727950159,8004616.355801759,6.563785411757443,12.47119228233914,6.793517901168953,True
2050,P0168,Xinjiang,ammonia,0.0,0.0,0.0,0.0,0.0,True
2050,P0169,Guizhou,unabated,0.0,0.0,0.0,0.0,0.0,True
2050,P0169,Guizhou,retire,0.0,0.0,0.0,0.0,0.0,True
2050,P0169,Guizhou,ccs,0.0,0.0,0.0,0.0,0.0,True
2050,P0169,Guizhou,biomass,1.0,7120650.0,5.838933,5.838933,0.0,True
2050,P0169,Guizhou,beccs,0.0,0.0,0.0,0.0,0.0,True
2050,P0169,Guizhou,ammonia,0.0,0.0,0.0,0.0,0.0,True
2050,P0170,Shandong,unabated,0.0,0.0,0.0,0.0,0.0,True
2050,P0170,Shandong,retire,1.0,33013527.000000004,27.07109214,27.07109214,0.0,True
2050,P0170,Shandong,ccs,0.0,0.0,0.0,0.0,0.0,True
2050,P0170,Shandong,biomass,0.0,0.0,0.0,0.0,0.0,True
2050,P0170,Shandong,beccs,0.0,0.0,0.0,0.0,0.0,True
2050,P0170,Shandong,ammonia,0.0,0.0,0.0,0.0,0.0,True
2050,P0171,Shaanxi,unabated,0.0,0.0,0.0,0.0,0.0,True
2050,P0171,Shaanxi,retire,1.0,15202300.0,12.465886,12.465886,0.0,True
2050,P0171,Shaanxi,ccs,0.0,0.0,0.0,0.0,0.0,True
2050,P0171,Shaanxi,biomass,0.0,0.0,0.0,0.0,0.0,True
2050,P0171,Shaanxi,beccs,0.0,0.0,0.0,0.0,0.0,True
2050,P0171,Shaanxi,ammonia,0.0,0.0,0.0,0.0,0.0,True
2050,P0172,Sichuan,unabated,0.0,0.0,0.0,0.0,0.0,True
2050,P0172,Sichuan,retire,0.0,0.0,0.0,0.0,0.0,True
2050,P0172,Sichuan,ccs,0.0,0.0,0.0,0.0,0.0,True
2050,P0172,Sichuan,biomass,0.0,0.0,0.0,0.0,0.0,True
2050,P0172,Sichuan,beccs,1.0,16288263.999999998,13.356376479999998,25.377115311999994,12.902259679679995,True
2050,P0172,Sichuan,ammonia,0.0,0.0,0.0,0.0,0.0,True
2050,P0173,Ningxia,unabated,0.0,0.0,0.0,0.0,0.0,True
2050,P0173,Ningxia,retire,1.0,26644024.0,21.84809968,21.84809968,0.0,True
2050,P0173,Ningxia,ccs,0.0,0.0,0.0,0.0,0.0,True
2050,P0173,Ningxia,biomass,0.0,0.0,0.0,0.0,0.0,True
2050,P0173,Ningxia,beccs,0.0,0.0,0.0,0.0,0.0,True
2050,P0173,Ningxia,ammonia,0.0,0.0,0.0,0.0,0.0,True
2050,P0174,Shanxi,unabated,0.0,0.0,0.0,0.0,0.0,True
2050,P0174,Shanxi,retire,1.0,37452655.0,30.711177099999997,30.711177099999997,0.0,True
2050,P0174,Shanxi,ccs,0.0,0.0,0.0,0.0,0.0,True
2050,P0174,Shanxi,biomass,0.0,0.0,0.0,0.0,0.0,True
2050,P0174,Shanxi,beccs,0.0,0.0,0.0,0.0,0.0,True
2050,P0174,Shanxi,ammonia,0.0,0.0,0.0,0.0,0.0,True
2050,P0175,Guizhou,unabated,0.0,0.0,0.0,0.0,0.0,True
2050,P0175,Guizhou,retire,0.0,0.0,0.0,0.0,0.0,True
2050,P0175,Guizhou,ccs,0.0,0.0,0.0,0.0,0.0,True
2050,P0175,Guizhou,biomass,1.0,8544780.0,7.006719599999999,7.006719599999999,0.0,True
2050,P0175,Guizhou,beccs,0.0,0.0,0.0,0.0,0.0,True
2050,P0175,Guizhou,ammonia,0.0,0.0,0.0,0.0,0.0,True
2050,P0176,Hubei,unabated,0.0,0.0,0.0,0.0,0.0,True
2050,P0176,Hubei,retire,0.0,0.0,0.0,0.0,0.0,True
2050,P0176,Hubei,ccs,0.0,0.0,0.0,0.0,0.0,True
2050,P0176,Hubei,biomass,0.5601601302474469,9871769.194566388,8.094850739544437,8.094850739544437,0.0,True
2050,P0176,Hubei,beccs,0.4398398697525533,7751350.805433617,6.3561076604555655,12.076604554865574,6.140000000000075,True
2050,P0176,Hubei,ammonia,0.0,0.0,0.0,0.0,0.0,True
2050,P0177,Jilin,unabated,0.0,0.0,0.0,0.0,0.0,True
2050,P0177,Jilin,retire,0.0,0.0,0.0,0.0,0.0,True
2050,P0177,Jilin,ccs,0.0,0.0,0.0,0.0,0.0,True
2050,P0177,Jilin,biomass,0.0,0.0,0.0,0.0,0.0,True
2050,P0177,Jilin,beccs,1.0,7460084.0,6.11726888,11.622810872,5.909281738079999,True
2050,P0177,Jilin,ammonia,0.0,0.0,0.0,0.0,0.0,True
2050,P0178,Shaanxi,unabated,0.0,0.0,0.0,0.0,0.0,True
2050,P0178,Shaanxi,retire,0.0,0.0,0.0,0.0,0.0,True
2050,P0178,Shaanxi,ccs,0.0,0.0,0.0,0.0,0.0,True
2050,P0178,Shaanxi,biomass,0.0,0.0,0.0,0.0,0.0,True
2050,P0178,Shaanxi,beccs,1.0,6353200.0,5.209624,9.8982856,5.391960839999999,True
2050,P0178,Shaanxi,ammonia,0.0,0.0,0.0,0.0,0.0,True
2050,P0179,Fujian,unabated,0.0,0.0,0.0,0.0,0.0,True
2050,P0179,Fujian,retire,1.0,32038749.999999996,26.271774999999995,26.271774999999995,0.0,True
2050,P0179,Fujian,ccs,0.0,0.0,0.0,0.0,0.0,True
2050,P0179,Fujian,biomass,0.0,0.0,0.0,0.0,0.0,True
2050,P0179,Fujian,beccs,0.0,0.0,0.0,0.0,0.0,True
2050,P0179,Fujian,ammonia,0.0,0.0,0.0,0.0,0.0,True
2050,P0180,Inner Mongolia,unabated,1.0,7547250.0,6.188745,0.0,0.0,True
2050,P0180,Inner Mongolia,retire,0.0,0.0,0.0,0.0,0.0,True
2050,P0180,Inner Mongolia,ccs,0.0,0.0,0.0,0.0,0.0,True
2050,P0180,Inner Mongolia,biomass,0.0,0.0,0.0,0.0,0.0,True
2050,P0180,Inner Mongolia,beccs,0.0,0.0,0.0,0.0,0.0,True
2050,P0180,Inner Mongolia,ammonia,0.0,0.0,0.0,0.0,0.0,True
2050,P0181,Xinjiang,unabated,0.0,0.0,0.0,0.0,0.0,True
2050,P0181,Xinjiang,retire,0.0,0.0,0.0,0.0,0.0,True
2050,P0181,Xinjiang,ccs,1.0,22999625.999999996,18.859693319999998,16.973723988,19.519782586199998,True
2050,P0181,Xinjiang,biomass,0.0,0.0,0.0,0.0,0.0,True
2050,P0181,Xinjiang,beccs,0.0,0.0,0.0,0.0,0.0,True
2050,P0181,Xinjiang,ammonia,0.0,0.0,0.0,0.0,0.0,True
2050,P0182,Jiangxi,unabated,0.0,0.0,0.0,0.0,0.0,True
2050,P0182,Jiangxi,retire,0.0,0.0,0.0,0.0,0.0,True
2050,P0182,Jiangxi,ccs,0.0,0.0,0.0,0.0,0.0,True
2050,P0182,Jiangxi,biomass,1.0,27707083.2,22.719808224,22.719808224,0.0,True
2050,P0182,Jiangxi,beccs,0.0,0.0,0.0,0.0,0.0,True
2050,P0182,Jiangxi,ammonia,0.0,0.0,0.0,0.0,0.0,True
2050,P0183,Xinjiang,unabated,0.0,0.0,0.0,0.0,0.0,True
2050,P0183,Xinjiang,retire,0.0,0.0,0.0,0.0,0.0,True
2050,P0183,Xinjiang,ccs,0.0,0.0,0.0,0.0,0.0,True
2050,P0183,Xinjiang,biomass,1.0,1425923.9999999998,1.1692576799999996,1.1692576799999996,0.0,True
2050,P0183,Xinjiang,beccs,0.0,0.0,0.0,0.0,0.0,True
2050,P0183,Xinjiang,ammonia,0.0,0.0,0.0,0.0,0.0,True
2050,P0184,Shandong,unabated,0.0,0.0,0.0,0.0,0.0,True
2050,P0184,Shandong,retire,0.0,0.0,0.0,0.0,0.0,True
2050,P0184,Shandong,ccs,0.0,0.0,0.0,0.0,0.0,True
2050,P0184,Shandong,biomass,0.500063836062673,14153576.286489474,11.605932554921367,11.605932554921367,0.0,True
2050,P0184,Shandong,beccs,0.49993616393732754,14149962.713510545,11.602969425078646,22.045641907649426,12.009073354956397,True
2050,P0184,Shandong,ammonia,0.0,0.0,0.0,0.0,0.0,True
2050,P0185,Guizhou,unabated,0.0,0.0,0.0,0.0,0.0,True
2050,P0185,Guizhou,retire,0.0,0.0,0.0,0.0,0.0,True
2050,P0185,Guizhou,ccs,0.0,0.0,0.0,0.0,0.0,True
2050,P0185,Guizhou,biomass,1.0,7120650.0,5.838933,5.838933,0.0,True
2050,P0185,Guizhou,beccs,0.0,0.0,0.0,0.0,0.0,True
2050,P0185,Guizhou,ammonia,0.0,0.0,0.0,0.0,0.0,True
2050,P0186,Ningxia,unabated,0.465862372277247,11231413.04181189,9.20975869428575,0.0,0.0,True
2050,P0186,Ningxia,retire,0.0,0.0,0.0,0.0,0.0,True
2050,P0186,Ningxia,ccs,0.0,0.0,0.0,0.0,0.0,True
2050,P0186,Ningxia,biomass,0.0,0.0,0.0,0.0,0.0,True
2050,P0186,Ningxia,beccs,0.5341376277227528,12877451.958188104,10.559510605714244,20.06307015085706,10.929093476914241,True
2050,P0186,Ningxia,ammonia,0.0,0.0,0.0,0.0,0.0,True
2050,P0187,Inner Mongolia,unabated,0.0,0.0,0.0,0.0,0.0,True
2050,P0187,Inner Mongolia,retire,0.0,0.0,0.0,0.0,0.0,True
2050,P0187,Inner Mongolia,ccs,0.0,0.0,0.0,0.0,0.0,True
2050,P0187,Inner Mongolia,biomass,0.0,0.0,0.0,0.0,0.0,True
2050,P0187,Inner Mongolia,beccs,1.0,1006300.0,0.825166,1.5678153999999997,0.8540468099999999,True
2050,P0187,Inner Mongolia,ammonia,0.0,0.0,0.0,0.0,0.0,True
2050,P0188,Xinjiang,unabated,0.0,0.0,0.0,0.0,0.0,True
2050,P0188,Xinjiang,retire,0.0,0.0,0.0,0.0,0.0,True
2050,P0188,Xinjiang,ccs,1.0,21124800.0,17.322336,15.590102400000001,17.928617759999998,True
2050,P0188,Xinjiang,biomass,0.0,0.0,0.0,0.0,0.0,True
2050,P0188,Xinjiang,beccs,0.0,0.0,0.0,0.0,0.0,True
2050,P0188,Xinjiang,ammonia,0.0,0.0,0.0,0.0,0.0,True
2050,P0189,Yunnan,unabated,0.0,0.0,0.0,0.0,0.0,True
2050,P0189,Yunnan,retire,0.0,0.0,0.0,0.0,0.0,True
2050,P0189,Yunnan,ccs,0.0,0.0,0.0,0.0,0.0,True
2050,P0189,Yunnan,biomass,1.0,4482200.0,3.675404,3.675404,0.0,True
2050,P0189,Yunnan,beccs,0.0,0.0,0.0,0.0,0.0,True
2050,P0189,Yunnan,ammonia,0.0,0.0,0.0,0.0,0.0,True
2050,P0190,Jiangsu,unabated,0.0,0.0,0.0,0.0,0.0,True
2050,P0190,Jiangsu,retire,0.0,0.0,0.0,0.0,0.0,True
2050,P0190,Jiangsu,ccs,0.0,0.0,0.0,0.0,0.0,True
2050,P0190,Jiangsu,biomass,0.0,0.0,0.0,0.0,0.0,True
2050,P0190,Jiangsu,beccs,1.0,11234720.0,9.2124704,17.50369376,8.8992464064,True
2050,P0190,Jiangsu,ammonia,0.0,0.0,0.0,0.0,0.0,True
2050,P0191,Hunan,unabated,0.0,0.0,0.0,0.0,0.0,True
2050,P0191,Hunan,retire,0.0,0.0,0.0,0.0,0.0,True
2050,P0191,Hunan,ccs,0.0,0.0,0.0,0.0,0.0,True
2050,P0191,Hunan,biomass,1.0,8204490.0,6.7276818,6.7276818,0.0,True
2050,P0191,Hunan,beccs,0.0,0.0,0.0,0.0,0.0,True
2050,P0191,Hunan,ammonia,0.0,0.0,0.0,0.0,0.0,True
2050,P0192,Shaanxi,unabated,0.0,0.0,0.0,0.0,0.0,True
2050,P0192,Shaanxi,retire,0.0,0.0,0.0,0.0,0.0,True
2050,P0192,Shaanxi,ccs,0.0,0.0,0.0,0.0,0.0,True
2050,P0192,Shaanxi,biomass,0.0,0.0,0.0,0.0,0.0,True
2050,P0192,Shaanxi,beccs,1.0,15519960.0,12.726367199999999,24.180097679999996,13.171790051999997,True
2050,P0192,Shaanxi,ammonia,0.0,0.0,0.0,0.0,0.0,True
2050,P0193,Guangxi,unabated,0.0,0.0,0.0,0.0,0.0,True
2050,P0193,Guangxi,retire,0.0,0.0,0.0,0.0,0.0,True
2050,P0193,Guangxi,ccs,0.0,0.0,0.0,0.0,0.0,True
2050,P0193,Guangxi,biomass,0.0,0.0,0.0,0.0,0.0,True
2050,P0193,Guangxi,beccs,1.0,6557642.0,5.37726644,10.216806235999998,5.5654707654,True
2050,P0193,Guangxi,ammonia,0.0,0.0,0.0,0.0,0.0,True
2050,P0194,Shaanxi,unabated,0.0,0.0,0.0,0.0,0.0,True
2050,P0194,Shaanxi,retire,0.0,0.0,0.0,0.0,0.0,True
2050,P0194,Shaanxi,ccs,0.0,0.0,0.0,0.0,0.0,True
2050,P0194,Shaanxi,biomass,1.0,2995080.0,2.4559655999999994,2.4559655999999994,0.0,True
2050,P0194,Shaanxi,beccs,0.0,0.0,0.0,0.0,0.0,True
2050,P0194,Shaanxi,ammonia,0.0,0.0,0.0,0.0,0.0,True
2050,P0195,Sichuan,unabated,0.0,0.0,0.0,0.0,0.0,True
2050,P0195,Sichuan,retire,0.0,0.0,0.0,0.0,0.0,True
2050,P0195,Sichuan,ccs,0.0,0.0,0.0,0.0,0.0,True
2050,P0195,Sichuan,biomass,1.0,2997839.9999999995,2.458228799999999,2.458228799999999,0.0,True
2050,P0195,Sichuan,beccs,0.0,0.0,0.0,0.0,0.0,True
2050,P0195,Sichuan,ammonia,0.0,0.0,0.0,0.0,0.0,True
2050,P0196,Xinjiang,unabated,0.0,0.0,0.0,0.0,0.0,True
2050,P0196,Xinjiang,retire,0.0,0.0,0.0,0.0,0.0,True
2050,P0196,Xinjiang,ccs,0.0,0.0,0.0,0.0,0.0,True
2050,P0196,Xinjiang,biomass,1.0,633743.9999999999,0.5196700799999999,0.5196700799999999,0.0,True
2050,P0196,Xinjiang,beccs,0.0,0.0,0.0,0.0,0.0,True
2050,P0196,Xinjiang,ammonia,0.0,0.0,0.0,0.0,0.0,True
2050,P0197,Fujian,unabated,0.0,0.0,0.0,0.0,0.0,True
2050,P0197,Fujian,retire,0.0,0.0,0.0,0.0,0.0,True
2050,P0197,Fujian,ccs,0.0,0.0,0.0,0.0,0.0,True
2050,P0197,Fujian,biomass,0.0,0.0,0.0,0.0,0.0,True
2050,P0197,Fujian,beccs,1.0,6766584.0,5.54859888,10.542337872,5.7427998408,True
2050,P0197,Fujian,ammonia,0.0,0.0,0.0,0.0,0.0,True
2050,P0198,Gansu,unabated,0.0,0.0,0.0,0.0,0.0,True
2050,P0198,Gansu,retire,0.0,0.0,0.0,0.0,0.0,True
2050,P0198,Gansu,ccs,0.0,0.0,0.0,0.0,0.0,True
2050,P0198,Gansu,biomass,1.0,2765136.0,2.26741152,2.26741152,0.0,True
2050,P0198,Gansu,beccs,0.0,0.0,0.0,0.0,0.0,True
2050,P0198,Gansu,ammonia,0.0,0.0,0.0,0.0,0.0,True
2050,P0199,Inner Mongolia,unabated,0.0,0.0,0.0,0.0,0.0,True
2050,P0199,Inner Mongolia,retire,0.0,0.0,0.0,0.0,0.0,True
2050,P0199,Inner Mongolia,ccs,0.0,0.0,0.0,0.0,0.0,True
2050,P0199,Inner Mongolia,biomass,1.0,1308190.0,1.0727158,1.0727158,0.0,True
2050,P0199,Inner Mongolia,beccs,0.0,0.0,0.0,0.0,0.0,True
2050,P0199,Inner Mongolia,ammonia,0.0,0.0,0.0,0.0,0.0,True
2050,P0200,Xinjiang,unabated,0.0,0.0,0.0,0.0,0.0,True
2050,P0200,Xinjiang,retire,0.0,0.0,0.0,0.0,0.0,True
2050,P0200,Xinjiang,ccs,0.48248276001489043,5147137.663425091,4.220652884008573,3.7985875956077164,4.368375734948874,True
2050,P0200,Xinjiang,biomass,0.0,0.0,0.0,0.0,0.0,True
2050,P0200,Xinjiang,beccs,0.5175172399851098,5520886.33657491,4.527126795991426,8.601540912383708,4.685576233851126,True
2050,P0200,Xinjiang,ammonia,0.0,0.0,0.0,0.0,0.0,True
2050,P0201,Heilongjiang,unabated,0.0,0.0,0.0,0.0,0.0,True
2050,P0201,Heilongjiang,retire,0.0,0.0,0.0,0.0,0.0,True
2050,P0201,Heilongjiang,ccs,0.0,0.0,0.0,0.0,0.0,True
2050,P0201,Heilongjiang,biomass,0.0,0.0,0.0,0.0,0.0,True
2050,P0201,Heilongjiang,beccs,1.0,2434950.0000000005,1.9966590000000002,3.7936521,2.066542065,True
2050,P0201,Heilongjiang,ammonia,0.0,0.0,0.0,0.0,0.0,True
2050,P0202,Jiangxi,unabated,0.0,0.0,0.0,0.0,0.0,True
2050,P0202,Jiangxi,retire,0.0,0.0,0.0,0.0,0.0,True
2050,P0202,Jiangxi,ccs,0.0,0.0,0.0,0.0,0.0,True
2050,P0202,Jiangxi,biomass,1.0,9151488.0,7.504220159999999,7.504220159999999,0.0,True
2050,P0202,Jiangxi,beccs,0.0,0.0,0.0,0.0,0.0,True
2050,P0202,Jiangxi,ammonia,0.0,0.0,0.0,0.0,0.0,True
2050,P0203,Inner Mongolia,unabated,0.0,0.0,0.0,0.0,0.0,True
2050,P0203,Inner Mongolia,retire,0.0,0.0,0.0,0.0,0.0,True
2050,P0203,Inner Mongolia,ccs,0.23536199545400416,1598702.2381712093,1.3109358353003917,1.1798422517703526,1.2663640169001777,True
2050,P0203,Inner Mongolia,biomass,0.0,0.0,0.0,0.0,0.0,True
2050,P0203,Inner Mongolia,beccs,0.7646380045459965,5193822.761828794,4.258934664699612,8.091975862929262,4.114130886099822,True
2050,P0203,Inner Mongolia,ammonia,0.0,0.0,0.0,0.0,0.0,True
2050,P0204,Heilongjiang,unabated,0.0,0.0,0.0,0.0,0.0,True
2050,P0204,Heilongjiang,retire,0.0,0.0,0.0,0.0,0.0,True
2050,P0204,Heilongjiang,ccs,0.0,0.0,0.0,0.0,0.0,True
2050,P0204,Heilongjiang,biomass,0.0,0.0,0.0,0.0,0.0,True
2050,P0204,Heilongjiang,beccs,1.0,2434950.0000000005,1.9966590000000002,3.7936521,2.066542065,True
2050,P0204,Heilongjiang,ammonia,0.0,0.0,0.0,0.0,0.0,True
2050,P0205,Inner Mongolia,unabated,0.0,0.0,0.0,0.0,0.0,True
2050,P0205,Inner Mongolia,retire,0.0,0.0,0.0,0.0,0.0,True
2050,P0205,Inner Mongolia,ccs,0.0,0.0,0.0,0.0,0.0,True
2050,P0205,Inner Mongolia,biomass,0.0,0.0,0.0,0.0,0.0,True
2050,P0205,Inner Mongolia,beccs,1.0,3018899.9999999995,2.4754979999999995,4.703446199999999,2.391331067999999,True
2050,P0205,Inner Mongolia,ammonia,0.0,0.0,0.0,0.0,0.0,True
2050,P0206,Hubei,unabated,0.0,0.0,0.0,0.0,0.0,True
2050,P0206,Hubei,retire,0.0,0.0,0.0,0.0,0.0,True
2050,P0206,Hubei,ccs,0.0,0.0,0.0,0.0,0.0,True
2050,P0206,Hubei,biomass,1.0,3937080.0,3.2284055999999994,3.2284055999999994,0.0,True
2050,P0206,Hubei,beccs,0.0,0.0,0.0,0.0,0.0,True
2050,P0206,Hubei,ammonia,0.0,0.0,0.0,0.0,0.0,True
2050,P0207,Xinjiang,unabated,0.008413363720155666,399893.90830997494,0.32791300481417945,0.0,0.0,True
2050,P0207,Xinjiang,retire,0.0,0.0,0.0,0.0,0.0,True
2050,P0207,Xinjiang,ccs,0.9915866362798446,47130906.09169003,38.64734299518583,34.78260869566725,40.0,True
2050,P0207,Xinjiang,biomass,0.0,0.0,0.0,0.0,0.0,True
2050,P0207,Xinjiang,beccs,0.0,0.0,0.0,0.0,0.0,True
2050,P0207,Xinjiang,ammonia,0.0,0.0,0.0,0.0,0.0,True
2050,P0208,Sichuan,unabated,0.0,0.0,0.0,0.0,0.0,True
2050,P0208,Sichuan,retire,0.0,0.0,0.0,0.0,0.0,True
2050,P0208,Sichuan,ccs,0.0,0.0,0.0,0.0,0.0,True
2050,P0208,Sichuan,biomass,1.0,1648811.9999999998,1.3520258399999996,1.3520258399999996,0.0,True
2050,P0208,Sichuan,beccs,0.0,0.0,0.0,0.0,0.0,True
2050,P0208,Sichuan,ammonia,0.0,0.0,0.0,0.0,0.0,True
2050,P0209,Zhejiang,unabated,0.0,0.0,0.0,0.0,0.0,True
2050,P0209,Zhejiang,retire,0.0,0.0,0.0,0.0,0.0,True
2050,P0209,Zhejiang,ccs,0.0,0.0,0.0,0.0,0.0,True
2050,P0209,Zhejiang,biomass,0.0,0.0,0.0,0.0,0.0,True
2050,P0209,Zhejiang,beccs,1.0,13284720.000000002,10.8934704,20.69759376,10.523092406399998,True
2050,P0209,Zhejiang,ammonia,0.0,0.0,0.0,0.0,0.0,True
2050,P0210,Anhui,unabated,0.0,0.0,0.0,0.0,0.0,True
2050,P0210,Anhui,retire,0.0,0.0,0.0,0.0,0.0,True
2050,P0210,Anhui,ccs,0.0,0.0,0.0,0.0,0.0,True
2050,P0210,Anhui,biomass,1.0,6708372.000000001,5.50086504,5.50086504,0.0,True
2050,P0210,Anhui,beccs,0.0,0.0,0.0,0.0,0.0,True
2050,P0210,Anhui,ammonia,0.0,0.0,0.0,0.0,0.0,True
2050,P0211,Henan,unabated,0.0,0.0,0.0,0.0,0.0,True
2050,P0211,Henan,retire,0.0,0.0,0.0,0.0,0.0,True
2050,P0211,Henan,ccs,0.0,0.0,0.0,0.0,0.0,True
2050,P0211,Henan,biomass,1.0,4535496.0,3.7191067199999996,3.7191067199999996,0.0,True
2050,P0211,Henan,beccs,0.0,0.0,0.0,0.0,0.0,True
2050,P0211,Henan,ammonia,0.0,0.0,0.0,0.0,0.0,True
2050,P0212,Gansu,unabated,0.0,0.0,0.0,0.0,0.0,True
2050,P0212,Gansu,retire,0.6715481667422619,7455823.228365959,6.113775047260086,6.113775047260086,0.0,True
2050,P0212,Gansu,ccs,0.32845183325773813,3646616.7716340423,2.9902257527399145,2.6912031774659226,3.0948836540858116,True
2050,P0212,Gansu,biomass,0.0,0.0,0.0,0.0,0.0,True
2050,P0212,Gansu,beccs,0.0,0.0,0.0,0.0,0.0,True
2050,P0212,Gansu,ammonia,0.0,0.0,0.0,0.0,0.0,True
2050,P0213,Hubei,unabated,0.0,0.0,0.0,0.0,0.0,True
2050,P0213,Hubei,retire,0.0,0.0,0.0,0.0,0.0,True
2050,P0213,Hubei,ccs,0.0,0.0,0.0,0.0,0.0,True
2050,P0213,Hubei,biomass,1.0,13761032.0,11.28404624,11.28404624,0.0,True
2050,P0213,Hubei,beccs,0.0,0.0,0.0,0.0,0.0,True
2050,P0213,Hubei,ammonia,0.0,0.0,0.0,0.0,0.0,True
2050,P0214,Xinjiang,unabated,0.0,0.0,0.0,0.0,0.0,True
2050,P0214,Xinjiang,retire,0.0,0.0,0.0,0.0,0.0,True
2050,P0214,Xinjiang,ccs,0.9998912022664843,5095803.527800416,4.178558892796341,3.7607030035167064,4.324808454044212,True
2050,P0214,Xinjiang,biomass,0.0,0.0,0.0,0.0,0.0,True
2050,P0214,Xinjiang,beccs,0.00010879773351590852,554.4721995856685,0.00045466720366024813,0.0005228672842092853,0.00047058055578835675,True
2050,P0214,Xinjiang,ammonia,0.0,0.0,0.0,0.0,0.0,True
2050,P0215,Hebei,unabated,0.0,0.0,0.0,0.0,0.0,True
2050,P0215,Hebei,retire,0.0,0.0,0.0,0.0,0.0,True
2050,P0215,Hebei,ccs,0.0,0.0,0.0,0.0,0.0,True
2050,P0215,Hebei,biomass,1.0,5880732.000000001,4.82220024,4.82220024,0.0,True
2050,P0215,Hebei,beccs,0.0,0.0,0.0,0.0,0.0,True
2050,P0215,Hebei,ammonia,0.0,0.0,0.0,0.0,0.0,True
2050,P0216,Heilongjiang,unabated,0.0,0.0,0.0,0.0,0.0,True
2050,P0216,Heilongjiang,retire,0.0,0.0,0.0,0.0,0.0,True
2050,P0216,Heilongjiang,ccs,0.0,0.0,0.0,0.0,0.0,True
2050,P0216,Heilongjiang,biomass,1.0,347850.0,0.285237,0.285237,0.0,True
2050,P0216,Heilongjiang,beccs,0.0,0.0,0.0,0.0,0.0,True
2050,P0216,Heilongjiang,ammonia,0.0,0.0,0.0,0.0,0.0,True
2050,P0217,Hainan,unabated,0.0,0.0,0.0,0.0,0.0,True
2050,P0217,Hainan,retire,0.0,0.0,0.0,0.0,0.0,True
2050,P0217,Hainan,ccs,0.0,0.0,0.0,0.0,0.0,True
2050,P0217,Hainan,biomass,0.0,0.0,0.0,0.0,0.0,True
2050,P0217,Hainan,beccs,1.0,1509270.0,1.2376014,2.35144266,1.1955229524,True
2050,P0217,Hainan,ammonia,0.0,0.0,0.0,0.0,0.0,True
2050,P0218,Hubei,unabated,0.0,0.0,0.0,0.0,0.0,True
2050,P0218,Hubei,retire,0.0,0.0,0.0,0.0,0.0,True
2050,P0218,Hubei,ccs,0.0,0.0,0.0,0.0,0.0,True
2050,P0218,Hubei,biomass,1.0,7424207.999999999,6.087850559999999,6.087850559999999,0.0,True
2050,P0218,Hubei,beccs,0.0,0.0,0.0,0.0,0.0,True
2050,P0218,Hubei,ammonia,0.0,0.0,0.0,0.0,0.0,True
2050,P0219,Jilin,unabated,0.0,0.0,0.0,0.0,0.0,True
2050,P0219,Jilin,retire,0.0,0.0,0.0,0.0,0.0,True
2050,P0219,Jilin,ccs,0.0,0.0,0.0,0.0,0.0,True
2050,P0219,Jilin,biomass,0.0,0.0,0.0,0.0,0.0,True
2050,P0219,Jilin,beccs,1.0,2933334.0,2.4053338799999997,4.570134371999999,2.323552528079999,True
2050,P0219,Jilin,ammonia,0.0,0.0,0.0,0.0,0.0,True
2050,P0220,Hebei,unabated,0.0,0.0,0.0,0.0,0.0,True
2050,P0220,Hebei,retire,0.0,0.0,0.0,0.0,0.0,True
2050,P0220,Hebei,ccs,0.0,0.0,0.0,0.0,0.0,True
2050,P0220,Hebei,biomass,1.0,5880732.000000001,4.82220024,4.82220024,0.0,True
2050,P0220,Hebei,beccs,0.0,0.0,0.0,0.0,0.0,True
2050,P0220,Hebei,ammonia,0.0,0.0,0.0,0.0,0.0,True
2050,P0221,Gansu,unabated,0.0,0.0,0.0,0.0,0.0,True
2050,P0221,Gansu,retire,0.2863673697832163,4955028.344992741,4.063123242894048,4.063123242894048,0.0,True
2050,P0221,Gansu,ccs,0.0,0.0,0.0,0.0,0.0,True
2050,P0221,Gansu,biomass,0.0,0.0,0.0,0.0,0.0,True
2050,P0221,Gansu,beccs,0.7136326302167837,12348019.655007258,10.125376117105953,19.238214622501307,9.781113329124349,True
2050,P0221,Gansu,ammonia,0.0,0.0,0.0,0.0,0.0,True
2050,P0222,Jiangxi,unabated,0.0,0.0,0.0,0.0,0.0,True
2050,P0222,Jiangxi,retire,0.0,0.0,0.0,0.0,0.0,True
2050,P0222,Jiangxi,ccs,0.0,0.0,0.0,0.0,0.0,True
2050,P0222,Jiangxi,biomass,1.0,19065600.0,15.633791999999998,15.633791999999998,0.0,True
2050,P0222,Jiangxi,beccs,0.0,0.0,0.0,0.0,0.0,True
2050,P0222,Jiangxi,ammonia,0.0,0.0,0.0,0.0,0.0,True
2050,P0223,Anhui,unabated,0.0,0.0,0.0,0.0,0.0,True
2050,P0223,Anhui,retire,1.0,32652492.500000004,26.775043850000003,26.775043850000003,0.0,True
2050,P0223,Anhui,ccs,0.0,0.0,0.0,0.0,0.0,True
2050,P0223,Anhui,biomass,0.0,0.0,0.0,0.0,0.0,True
2050,P0223,Anhui,beccs,0.0,0.0,0.0,0.0,0.0,True
2050,P0223,Anhui,ammonia,0.0,0.0,0.0,0.0,0.0,True
2050,P0224,Xinjiang,unabated,0.0,0.0,0.0,0.0,0.0,True
2050,P0224,Xinjiang,retire,0.0,0.0,0.0,0.0,0.0,True
2050,P0224,Xinjiang,ccs,0.17380742780525407,1009702.9664976185,0.827956432528047,0.7451607892752423,0.8569349076665285,True
2050,P0224,Xinjiang,biomass,0.0,0.0,0.0,0.0,0.0,True
2050,P0224,Xinjiang,beccs,0.8261925721947464,4799617.033502383,3.9356859674719535,7.477803338196711,4.073434976333472,True
2050,P0224,Xinjiang,ammonia,0.0,0.0,0.0,0.0,0.0,True
2050,P0225,Heilongjiang,unabated,0.0,0.0,0.0,0.0,0.0,True
2050,P0225,Heilongjiang,retire,0.0,0.0,0.0,0.0,0.0,True
2050,P0225,Heilongjiang,ccs,0.0,0.0,0.0,0.0,0.0,True
2050,P0225,Heilongjiang,biomass,1.0,4174200.0,3.422844,3.422844,0.0,True
2050,P0225,Heilongjiang,beccs,0.0,0.0,0.0,0.0,0.0,True
2050,P0225,Heilongjiang,ammonia,0.0,0.0,0.0,0.0,0.0,True
2050,P0226,Anhui,unabated,0.0,0.0,0.0,0.0,0.0,True
2050,P0226,Anhui,retire,0.0,0.0,0.0,0.0,0.0,True
2050,P0226,Anhui,ccs,0.0,0.0,0.0,0.0,0.0,True
2050,P0226,Anhui,biomass,1.0,13416744.000000002,11.00173008,11.00173008,0.0,True
2050,P0226,Anhui,beccs,0.0,0.0,0.0,0.0,0.0,True
2050,P0226,Anhui,ammonia,0.0,0.0,0.0,0.0,0.0,True
2050,P0227,Shanxi,unabated,0.11379713371606107,1949248.1729924674,1.5983835018538233,0.0,0.0,True
2050,P0227,Shanxi,retire,0.0,0.0,0.0,0.0,0.0,True
2050,P0227,Shanxi,ccs,0.0,0.0,0.0,0.0,0.0,True
2050,P0227,Shanxi,biomass,0.0032021698514412564,54850.447710814995,0.044977367122868296,0.044977367122868296,0.0,True
2050,P0227,Shanxi,beccs,0.8830006964324981,15125051.379296726,12.402542131023313,23.564830048944295,12.836631105609131,True
2050,P0227,Shanxi,ammonia,0.0,0.0,0.0,0.0,0.0,True
2050,P0228,Liaoning,unabated,0.0,0.0,0.0,0.0,0.0,True
2050,P0228,Liaoning,retire,0.0,0.0,0.0,0.0,0.0,True
2050,P0228,Liaoning,ccs,0.0,0.0,0.0,0.0,0.0,True
2050,P0228,Liaoning,biomass,0.1629653484626085,606367.9871736121,0.49722174948236186,0.49722174948236186,0.0,True
2050,P0228,Liaoning,beccs,0.837034651537392,3114472.012826389,2.553867050517639,4.8523473959835135,2.4670355708000384,True
2050,P0228,Liaoning,ammonia,0.0,0.0,0.0,0.0,0.0,True
2050,P0229,Henan,unabated,0.0,0.0,0.0,0.0,0.0,True
2050,P0229,Henan,retire,0.01158673896637197,155569.443425905,0.12756694360924206,0.12756694360924206,0.0,True
2050,P0229,Henan,ccs,0.0,0.0,0.0,0.0,0.0,True
2050,P0229,Henan,biomass,0.9884132610336268,13270938.556574078,10.882169616390742,10.882169616390742,0.0,True
2050,P0229,Henan,beccs,0.0,0.0,0.0,0.0,0.0,True
2050,P0229,Henan,ammonia,0.0,0.0,0.0,0.0,0.0,True
2050,P0230,Inner Mongolia,unabated,1.0,6641580.0,5.4460956,0.0,0.0,True
2050,P0230,Inner Mongolia,retire,0.0,0.0,0.0,0.0,0.0,True
2050,P0230,Inner Mongolia,ccs,0.0,0.0,0.0,0.0,0.0,True
2050,P0230,Inner Mongolia,biomass,0.0,0.0,0.0,0.0,0.0,True
2050,P0230,Inner Mongolia,beccs,0.0,0.0,0.0,0.0,0.0,True
2050,P0230,Inner Mongolia,ammonia,0.0,0.0,0.0,0.0,0.0,True
2050,P0231,Fujian,unabated,0.0,0.0,0.0,0.0,0.0,True
2050,P0231,Fujian,retire,0.0,0.0,0.0,0.0,0.0,True
2050,P0231,Fujian,ccs,0.0,0.0,0.0,0.0,0.0,True
2050,P0231,Fujian,biomass,1.0,6151440.0,5.0441807999999995,5.0441807999999995,0.0,True
2050,P0231,Fujian,beccs,0.0,0.0,0.0,0.0,0.0,True
2050,P0231,Fujian,ammonia,0.0,0.0,0.0,0.0,0.0,True
2050,P0232,Inner Mongolia,unabated,0.0,0.0,0.0,0.0,0.0,True
2050,P0232,Inner Mongolia,retire,0.0,0.0,0.0,0.0,0.0,True
2050,P0232,Inner Mongolia,ccs,0.0,0.0,0.0,0.0,0.0,True
2050,P0232,Inner Mongolia,biomass,0.0,0.0,0.0,0.0,0.0,True
2050,P0232,Inner Mongolia,beccs,1.0,6037799.999999999,4.950995999999999,9.406892399999998,5.124280859999999,True
2050,P0232,Inner Mongolia,ammonia,0.0,0.0,0.0,0.0,0.0,True
2050,P0233,Xinjiang,unabated,0.0,0.0,0.0,0.0,0.0,True
2050,P0233,Xinjiang,retire,0.0,0.0,0.0,0.0,0.0,True
2050,P0233,Xinjiang,ccs,0.03664257678801731,116110.06591972618,0.09521025405417546,0.08568922864875791,0.09854261294607163,True
2050,P0233,Xinjiang,biomass,0.0,0.0,0.0,0.0,0.0,True
2050,P0233,Xinjiang,beccs,0.9633574232119829,3052609.934080274,2.5031401459458245,4.755966277297066,2.5907500510539285,True
2050,P0233,Xinjiang,ammonia,0.0,0.0,0.0,0.0,0.0,True
2050,P0234,Hunan,unabated,0.0,0.0,0.0,0.0,0.0,True
2050,P0234,Hunan,retire,0.0,0.0,0.0,0.0,0.0,True
2050,P0234,Hunan,ccs,0.0,0.0,0.0,0.0,0.0,True
2050,P0234,Hunan,biomass,1.0,234414.0,0.19221947999999997,0.19221947999999997,0.0,True
2050,P0234,Hunan,beccs,0.0,0.0,0.0,0.0,0.0,True
2050,P0234,Hunan,ammonia,0.0,0.0,0.0,0.0,0.0,True
2050,P0235,Inner Mongolia,unabated,1.0,13283160.0,10.8921912,0.0,0.0,True
2050,P0235,Inner Mongolia,retire,0.0,0.0,0.0,0.0,0.0,True
2050,P0235,Inner Mongolia,ccs,0.0,0.0,0.0,0.0,0.0,True
2050,P0235,Inner Mongolia,biomass,0.0,0.0,0.0,0.0,0.0,True
2050,P0235,Inner Mongolia,beccs,0.0,0.0,0.0,0.0,0.0,True
2050,P0235,Inner Mongolia,ammonia,0.0,0.0,0.0,0.0,0.0,True
2050,P0236,Henan,unabated,0.0,0.0,0.0,0.0,0.0,True
2050,P0236,Henan,retire,1.0,19185868.0,15.73241176,15.73241176,0.0,True
2050,P0236,Henan,ccs,0.0,0.0,0.0,0.0,0.0,True
2050,P0236,Henan,biomass,0.0,0.0,0.0,0.0,0.0,True
2050,P0236,Henan,beccs,0.0,0.0,0.0,0.0,0.0,True
2050,P0236,Henan,ammonia,0.0,0.0,0.0,0.0,0.0,True
2050,P0237,Jiangxi,unabated,0.0,0.0,0.0,0.0,0.0,True
2050,P0237,Jiangxi,retire,0.0,0.0,0.0,0.0,0.0,True
2050,P0237,Jiangxi,ccs,0.0,0.0,0.0,0.0,0.0,True
2050,P0237,Jiangxi,biomass,1.0,12869280.0,10.5528096,10.5528096,0.0,True
2050,P0237,Jiangxi,beccs,0.0,0.0,0.0,0.0,0.0,True
2050,P0237,Jiangxi,ammonia,0.0,0.0,0.0,0.0,0.0,True
2050,P0238,Sichuan,unabated,0.0,0.0,0.0,0.0,0.0,True
2050,P0238,Sichuan,retire,0.0,0.0,0.0,0.0,0.0,True
2050,P0238,Sichuan,ccs,0.0,0.0,0.0,0.0,0.0,True
2050,P0238,Sichuan,biomass,0.0,0.0,0.0,0.0,0.0,True
2050,P0238,Sichuan,beccs,1.0,9992799.999999998,8.194095999999998,15.568782399999996,8.480889359999997,True
2050,P0238,Sichuan,ammonia,0.0,0.0,0.0,0.0,0.0,True
2050,P0239,Guizhou,unabated,0.0,0.0,0.0,0.0,0.0,True
2050,P0239,Guizhou,retire,0.0,0.0,0.0,0.0,0.0,True
2050,P0239,Guizhou,ccs,0.0,0.0,0.0,0.0,0.0,True
2050,P0239,Guizhou,biomass,1.0,17659212.0,14.48055384,14.48055384,0.0,True
2050,P0239,Guizhou,beccs,0.0,0.0,0.0,0.0,0.0,True
2050,P0239,Guizhou,ammonia,0.0,0.0,0.0,0.0,0.0,True
2050,P0240,Guangdong,unabated,0.0,0.0,0.0,0.0,0.0,True
2050,P0240,Guangdong,retire,0.0,0.0,0.0,0.0,0.0,True
2050,P0240,Guangdong,ccs,0.0,0.0,0.0,0.0,0.0,True
2050,P0240,Guangdong,biomass,0.0,0.0,0.0,0.0,0.0,True
2050,P0240,Guangdong,beccs,1.0,9663400.0,7.923987999999999,15.055577199999997,8.201327579999997,True
2050,P0240,Guangdong,ammonia,0.0,0.0,0.0,0.0,0.0,True
2050,P0241,Guangxi,unabated,0.0,0.0,0.0,0.0,0.0,True
2050,P0241,Guangxi,retire,0.0,0.0,0.0,0.0,0.0,True
2050,P0241,Guangxi,ccs,0.0,0.0,0.0,0.0,0.0,True
2050,P0241,Guangxi,biomass,1.0,3350620.0,2.7475084,2.7475084,0.0,True
2050,P0241,Guangxi,beccs,0.0,0.0,0.0,0.0,0.0,True
2050,P0241,Guangxi,ammonia,0.0,0.0,0.0,0.0,0.0,True
2050,P0242,Xinjiang,unabated,0.24564217705502772,6849667.257644705,5.616727151268657,0.0,0.0,True
2050,P0242,Xinjiang,retire,0.0,0.0,0.0,0.0,0.0,True
2050,P0242,Xinjiang,ccs,0.7543578229449729,21035068.74235531,17.24875636873135,15.523880731858215,17.852462841636946,True
2050,P0242,Xinjiang,biomass,0.0,0.0,0.0,0.0,0.0,True
2050,P0242,Xinjiang,beccs,0.0,0.0,0.0,0.0,0.0,True
2050,P0242,Xinjiang,ammonia,0.0,0.0,0.0,0.0,0.0,True
2050,P0243,Anhui,unabated,0.0,0.0,0.0,0.0,0.0,True
2050,P0243,Anhui,retire,1.0,124308166.00000001,101.93269612,101.93269612,0.0,True
2050,P0243,Anhui,ccs,0.0,0.0,0.0,0.0,0.0,True
2050,P0243,Anhui,biomass,0.0,0.0,0.0,0.0,0.0,True
2050,P0243,Anhui,beccs,0.0,0.0,0.0,0.0,0.0,True
2050,P0243,Anhui,ammonia,0.0,0.0,0.0,0.0,0.0,True
2050,P0244,Gansu,unabated,0.0,0.0,0.0,0.0,0.0,True
2050,P0244,Gansu,retire,1.0,15124456.000000002,12.40205392,12.40205392,0.0,True
2050,P0244,Gansu,ccs,0.0,0.0,0.0,0.0,0.0,True
2050,P0244,Gansu,biomass,0.0,0.0,0.0,0.0,0.0,True
2050,P0244,Gansu,beccs,0.0,0.0,0.0,0.0,0.0,True
2050,P0244,Gansu,ammonia,0.0,0.0,0.0,0.0,0.0,True
2050,P0245,Hubei,unabated,0.0,0.0,0.0,0.0,0.0,True
2050,P0245,Hubei,retire,0.0,0.0,0.0,0.0,0.0,True
2050,P0245,Hubei,ccs,0.0,0.0,0.0,0.0,0.0,True
2050,P0245,Hubei,biomass,1.0,7247976.799999999,5.943340975999999,5.943340975999999,0.0,True
2050,P0245,Hubei,beccs,0.0,0.0,0.0,0.0,0.0,True
2050,P0245,Hubei,ammonia,0.0,0.0,0.0,0.0,0.0,True
2050,P0246,Inner Mongolia,unabated,1.0,41107355.0,33.7080311,0.0,0.0,True
2050,P0246,Inner Mongolia,retire,0.0,0.0,0.0,0.0,0.0,True
2050,P0246,Inner Mongolia,ccs,0.0,0.0,0.0,0.0,0.0,True
2050,P0246,Inner Mongolia,biomass,0.0,0.0,0.0,0.0,0.0,True
2050,P0246,Inner Mongolia,beccs,0.0,0.0,0.0,0.0,0.0,True
2050,P0246,Inner Mongolia,ammonia,0.0,0.0,0.0,0.0,0.0,True
2050,P0247,Shandong,unabated,0.0,0.0,0.0,0.0,0.0,True
2050,P0247,Shandong,retire,0.7490429301861533,6729301.313039756,5.5180270766926,5.5180270766926,0.0,True
2050,P0247,Shandong,ccs,0.0,0.0,0.0,0.0,0.0,True
2050,P0247,Shandong,biomass,0.0,0.0,0.0,0.0,0.0,True
2050,P0247,Shandong,beccs,0.2509570698138467,2254564.6869602436,1.8487430433073995,3.5126117822840586,1.9134490498231582,True
2050,P0247,Shandong,ammonia,0.0,0.0,0.0,0.0,0.0,True
2050,P0248,Henan,unabated,0.0,0.0,0.0,0.0,0.0,True
2050,P0248,Henan,retire,0.04732840042504817,1429348.1723263285,1.1720655013075894,1.1720655013075894,0.0,True
2050,P0248,Henan,ccs,0.0,0.0,0.0,0.0,0.0,True
2050,P0248,Henan,biomass,0.9526715995749517,28771295.82767367,23.592462578692405,23.592462578692405,0.0,True
2050,P0248,Henan,beccs,0.0,0.0,0.0,0.0,0.0,True
2050,P0248,Henan,ammonia,0.0,0.0,0.0,0.0,0.0,True
2050,P0249,Gansu,unabated,0.0,0.0,0.0,0.0,0.0,True
2050,P0249,Gansu,retire,0.0,0.0,0.0,0.0,0.0,True
2050,P0249,Gansu,ccs,0.0,0.0,0.0,0.0,0.0,True
2050,P0249,Gansu,biomass,0.0,0.0,0.0,0.0,0.0,True
2050,P0249,Gansu,beccs,1.0,2513760.0000000005,2.0612832,3.91643808,1.9911995711999997,True
2050,P0249,Gansu,ammonia,0.0,0.0,0.0,0.0,0.0,True
2050,P0250,Gansu,unabated,0.3116633002445115,783446.7376226434,0.6424263248505675,0.0,0.0,True
2050,P0250,Gansu,retire,0.6883366997554885,1730313.262377357,1.4188568751494326,1.4188568751494326,0.0,True
2050,P0250,Gansu,ccs,0.0,0.0,0.0,0.0,0.0,True
2050,P0250,Gansu,biomass,0.0,0.0,0.0,0.0,0.0,True
2050,P0250,Gansu,beccs,0.0,0.0,0.0,0.0,0.0,True
2050,P0250,Gansu,ammonia,0.0,0.0,0.0,0.0,0.0,True
2050,P0251,Hebei,unabated,0.0,0.0,0.0,0.0,0.0,True
2050,P0251,Hebei,retire,0.0,0.0,0.0,0.0,0.0,True
2050,P0251,Hebei,ccs,0.0,0.0,0.0,0.0,0.0,True
2050,P0251,Hebei,biomass,0.9688850279377917,5870412.375633293,4.813738148019301,4.813738148019301,0.0,True
2050,P0251,Hebei,beccs,0.031114972062208278,188523.624366708,0.15458937198070055,0.29371980676333104,0.16000000000002507,True
2050,P0251,Hebei,ammonia,0.0,0.0,0.0,0.0,0.0,True
2050,P0252,Guangxi,unabated,0.0,0.0,0.0,0.0,0.0,True
2050,P0252,Guangxi,retire,0.0,0.0,0.0,0.0,0.0,True
2050,P0252,Guangxi,ccs,0.0,0.0,0.0,0.0,0.0,True
2050,P0252,Guangxi,biomass,1.0,10003994.0,8.20327508,8.20327508,0.0,True
2050,P0252,Guangxi,beccs,0.0,0.0,0.0,0.0,0.0,True
2050,P0252,Guangxi,ammonia,0.0,0.0,0.0,0.0,0.0,True
2050,P0253,Guangxi,unabated,0.0,0.0,0.0,0.0,0.0,True
2050,P0253,Guangxi,retire,0.0,0.0,0.0,0.0,0.0,True
2050,P0253,Guangxi,ccs,0.0,0.0,0.0,0.0,0.0,True
2050,P0253,Guangxi,biomass,1.0,5456724.0,4.474513679999999,4.474513679999999,0.0,True
2050,P0253,Guangxi,beccs,0.0,0.0,0.0,0.0,0.0,True
2050,P0253,Guangxi,ammonia,0.0,0.0,0.0,0.0,0.0,True
2050,P0254,Jiangxi,unabated,0.0,0.0,0.0,0.0,0.0,True
2050,P0254,Jiangxi,retire,0.0,0.0,0.0,0.0,0.0,True
2050,P0254,Jiangxi,ccs,0.0,0.0,0.0,0.0,0.0,True
2050,P0254,Jiangxi,biomass,1.0,6291647.999999999,5.159151359999998,5.159151359999998,0.0,True
2050,P0254,Jiangxi,beccs,0.0,0.0,0.0,0.0,0.0,True
2050,P0254,Jiangxi,ammonia,0.0,0.0,0.0,0.0,0.0,True
2050,P0255,Anhui,unabated,0.0,0.0,0.0,0.0,0.0,True
2050,P0255,Anhui,retire,0.0,0.0,0.0,0.0,0.0,True
2050,P0255,Anhui,ccs,0.0,0.0,0.0,0.0,0.0,True
2050,P0255,Anhui,biomass,1.0,25003932.0,20.503224239999998,20.503224239999998,0.0,True
2050,P0255,Anhui,beccs,0.0,0.0,0.0,0.0,0.0,True
2050,P0255,Anhui,ammonia,0.0,0.0,0.0,0.0,0.0,True
2050,P0256,Heilongjiang,unabated,0.0,0.0,0.0,0.0,0.0,True
2050,P0256,Heilongjiang,retire,0.0,0.0,0.0,0.0,0.0,True
2050,P0256,Heilongjiang,ccs,0.0,0.0,0.0,0.0,0.0,True
2050,P0256,Heilongjiang,biomass,0.0,0.0,0.0,0.0,0.0,True
2050,P0256,Heilongjiang,beccs,1.0,194796.0,0.15973272,0.30349216799999995,0.1653233652,True
2050,P0256,Heilongjiang,ammonia,0.0,0.0,0.0,0.0,0.0,True
2050,P0257,Inner Mongolia,unabated,0.0,0.0,0.0,0.0,0.0,True
2050,P0257,Inner Mongolia,retire,0.0,0.0,0.0,0.0,0.0,True
2050,P0257,Inner Mongolia,ccs,0.0,0.0,0.0,0.0,0.0,True
2050,P0257,Inner Mongolia,biomass,1.0,362267.99999999994,0.29705975999999995,0.29705975999999995,0.0,True
2050,P0257,Inner Mongolia,beccs,0.0,0.0,0.0,0.0,0.0,True
2050,P0257,Inner Mongolia,ammonia,0.0,0.0,0.0,0.0,0.0,True
2050,P0258,Xinjiang,unabated,0.0,0.0,0.0,0.0,0.0,True
2050,P0258,Xinjiang,retire,0.0,0.0,0.0,0.0,0.0,True
2050,P0258,Xinjiang,ccs,0.667884742476922,2469063.0313783837,2.0246316857302746,1.8221685171572473,2.095493794730834,True
2050,P0258,Xinjiang,biomass,0.0,0.0,0.0,0.0,0.0,True
2050,P0258,Xinjiang,beccs,0.3321152575230782,1227776.9686216163,1.0067771142697253,1.912876517112478,1.0420143132691655,True
2050,P0258,Xinjiang,ammonia,0.0,0.0,0.0,0.0,0.0,True
2050,P0259,Guizhou,unabated,0.0,0.0,0.0,0.0,0.0,True
2050,P0259,Guizhou,retire,1.0,20792298.0,17.04968436,17.04968436,0.0,True
2050,P0259,Guizhou,ccs,0.0,0.0,0.0,0.0,0.0,True
2050,P0259,Guizhou,biomass,0.0,0.0,0.0,0.0,0.0,True
2050,P0259,Guizhou,beccs,0.0,0.0,0.0,0.0,0.0,True
2050,P0259,Guizhou,ammonia,0.0,0.0,0.0,0.0,0.0,True
2050,P0260,Ningxia,unabated,0.0,0.0,0.0,0.0,0.0,True
2050,P0260,Ningxia,retire,0.0,0.0,0.0,0.0,0.0,True
2050,P0260,Ningxia,ccs,0.0,0.0,0.0,0.0,0.0,True
2050,P0260,Ningxia,biomass,0.0,0.0,0.0,0.0,0.0,True
2050,P0260,Ningxia,beccs,1.0,13222594.0,10.84252708,20.600801452,11.2220155278,True
2050,P0260,Ningxia,ammonia,0.0,0.0,0.0,0.0,0.0,True
2050,P0261,Xinjiang,unabated,0.0,0.0,0.0,0.0,0.0,True
2050,P0261,Xinjiang,retire,0.0,0.0,0.0,0.0,0.0,True
2050,P0261,Xinjiang,ccs,1.0,3696839.9999999995,3.0314087999999995,2.7282679199999995,3.137508107999999,True
2050,P0261,Xinjiang,biomass,0.0,0.0,0.0,0.0,0.0,True
2050,P0261,Xinjiang,beccs,0.0,0.0,0.0,0.0,0.0,True
2050,P0261,Xinjiang,ammonia,0.0,0.0,0.0,0.0,0.0,True
2050,P0262,Guizhou,unabated,0.0,0.0,0.0,0.0,0.0,True
2050,P0262,Guizhou,retire,0.0,0.0,0.0,0.0,0.0,True
2050,P0262,Guizhou,ccs,0.0,0.0,0.0,0.0,0.0,True
2050,P0262,Guizhou,biomass,1.0,5696520.0,4.6711464,4.6711464,0.0,True
2050,P0262,Guizhou,beccs,0.0,0.0,0.0,0.0,0.0,True
2050,P0262,Guizhou,ammonia,0.0,0.0,0.0,0.0,0.0,True
2050,P0263,Shaanxi,unabated,0.0,0.0,0.0,0.0,0.0,True
2050,P0263,Shaanxi,retire,0.0,0.0,0.0,0.0,0.0,True
2050,P0263,Shaanxi,ccs,0.0,0.0,0.0,0.0,0.0,True
2050,P0263,Shaanxi,biomass,1.0,3176600.0,2.604812,2.604812,0.0,True
2050,P0263,Shaanxi,beccs,0.0,0.0,0.0,0.0,0.0,True
2050,P0263,Shaanxi,ammonia,0.0,0.0,0.0,0.0,0.0,True
2050,P0264,Sichuan,unabated,0.0,0.0,0.0,0.0,0.0,True
2050,P0264,Sichuan,retire,0.0,0.0,0.0,0.0,0.0,True
2050,P0264,Sichuan,ccs,0.0,0.0,0.0,0.0,0.0,True
2050,P0264,Sichuan,biomass,0.0,0.0,0.0,0.0,0.0,True
2050,P0264,Sichuan,beccs,1.0,5995679.999999999,4.916457599999998,9.341269439999996,4.749298041599998,True
2050,P0264,Sichuan,ammonia,0.0,0.0,0.0,0.0,0.0,True
2050,P0265,Gansu,unabated,0.0,0.0,0.0,0.0,0.0,True
2050,P0265,Gansu,retire,0.0,0.0,0.0,0.0,0.0,True
2050,P0265,Gansu,ccs,0.0,0.0,0.0,0.0,0.0,True
2050,P0265,Gansu,biomass,0.0,0.0,0.0,0.0,0.0,True
2050,P0265,Gansu,beccs,1.0,2932720.0,2.4048304,4.56917776,2.488999464,True
2050,P0265,Gansu,ammonia,0.0,0.0,0.0,0.0,0.0,True
2050,P0266,Heilongjiang,unabated,0.0,0.0,0.0,0.0,0.0,True
2050,P0266,Heilongjiang,retire,0.0,0.0,0.0,0.0,0.0,True
2050,P0266,Heilongjiang,ccs,0.0,0.0,0.0,0.0,0.0,True
2050,P0266,Heilongjiang,biomass,1.0,939195.0000000001,0.7701399,0.7701399,0.0,True
2050,P0266,Heilongjiang,beccs,0.0,0.0,0.0,0.0,0.0,True
2050,P0266,Heilongjiang,ammonia,0.0,0.0,0.0,0.0,0.0,True
2050,P0267,Hubei,unabated,0.0,0.0,0.0,0.0,0.0,True
2050,P0267,Hubei,retire,0.0,0.0,0.0,0.0,0.0,True
2050,P0267,Hubei,ccs,0.0,0.0,0.0,0.0,0.0,True
2050,P0267,Hubei,biomass,1.0,17473136.0,14.32797152,14.32797152,0.0,True
2050,P0267,Hubei,beccs,0.0,0.0,0.0,0.0,0.0,True
2050,P0267,Hubei,ammonia,0.0,0.0,0.0,0.0,0.0,True
2050,P0268,Inner Mongolia,unabated,0.0,0.0,0.0,0.0,0.0,True
2050,P0268,Inner Mongolia,retire,0.0,0.0,0.0,0.0,0.0,True
2050,P0268,Inner Mongolia,ccs,0.0,0.0,0.0,0.0,0.0,True
2050,P0268,Inner Mongolia,biomass,1.0,452835.0,0.37132469999999995,0.37132469999999995,0.0,True
2050,P0268,Inner Mongolia,beccs,0.0,0.0,0.0,0.0,0.0,True
2050,P0268,Inner Mongolia,ammonia,0.0,0.0,0.0,0.0,0.0,True
2050,P0269,Guangdong,unabated,0.0,0.0,0.0,0.0,0.0,True
2050,P0269,Guangdong,retire,1.0,77191239.2,63.296816144000005,63.296816144000005,0.0,True
2050,P0269,Guangdong,ccs,0.0,0.0,0.0,0.0,0.0,True
2050,P0269,Guangdong,biomass,0.0,0.0,0.0,0.0,0.0,True
2050,P0269,Guangdong,beccs,0.0,0.0,0.0,0.0,0.0,True
2050,P0269,Guangdong,ammonia,0.0,0.0,0.0,0.0,0.0,True
2050,P0270,Xinjiang,unabated,0.2783247612024979,881933.237317579,0.7231852546004146,0.0,0.0,True
2050,P0270,Xinjiang,retire,0.0,0.0,0.0,0.0,0.0,True
2050,P0270,Xinjiang,ccs,0.0,0.0,0.0,0.0,0.0,True
2050,P0270,Xinjiang,biomass,0.7216752387975026,2286786.762682422,1.875165145399586,1.875165145399586,0.0,True
2050,P0270,Xinjiang,beccs,0.0,0.0,0.0,0.0,0.0,True
2050,P0270,Xinjiang,ammonia,0.0,0.0,0.0,0.0,0.0,True
2050,P0271,Guangdong,unabated,0.0,0.0,0.0,0.0,0.0,True
2050,P0271,Guangdong,retire,0.0,0.0,0.0,0.0,0.0,True
2050,P0271,Guangdong,ccs,0.0,0.0,0.0,0.0,0.0,True
2050,P0271,Guangdong,biomass,1.0,2899020.0,2.3771964,2.3771964,0.0,True
2050,P0271,Guangdong,beccs,0.0,0.0,0.0,0.0,0.0,True
2050,P0271,Guangdong,ammonia,0.0,0.0,0.0,0.0,0.0,True
2050,P0272,Qinghai,unabated,0.0,0.0,0.0,0.0,0.0,True
2050,P0272,Qinghai,retire,0.0,0.0,0.0,0.0,0.0,True
2050,P0272,Qinghai,ccs,1.0,5408039.999999999,4.434592799999999,3.991133519999999,4.589803547999999,True
2050,P0272,Qinghai,biomass,0.0,0.0,0.0,0.0,0.0,True
2050,P0272,Qinghai,beccs,0.0,0.0,0.0,0.0,0.0,True
2050,P0272,Qinghai,ammonia,0.0,0.0,0.0,0.0,0.0,True
2050,P0273,Fujian,unabated,0.0,0.0,0.0,0.0,0.0,True
2050,P0273,Fujian,retire,0.0,0.0,0.0,0.0,0.0,True
2050,P0273,Fujian,ccs,0.0,0.0,0.0,0.0,0.0,True
2050,P0273,Fujian,biomass,1.0,3075720.0,2.5220903999999997,2.5220903999999997,0.0,True
2050,P0273,Fujian,beccs,0.0,0.0,0.0,0.0,0.0,True
2050,P0273,Fujian,ammonia,0.0,0.0,0.0,0.0,0.0,True
2050,P0274,Hebei,unabated,0.0,0.0,0.0,0.0,0.0,True
2050,P0274,Hebei,retire,0.0,0.0,0.0,0.0,0.0,True
2050,P0274,Hebei,ccs,0.0,0.0,0.0,0.0,0.0,True
2050,P0274,Hebei,biomass,0.0,0.0,0.0,0.0,0.0,True
2050,P0274,Hebei,beccs,1.0,6237140.0,5.1144548,9.717464119999999,5.2934607179999995,True
2050,P0274,Hebei,ammonia,0.0,0.0,0.0,0.0,0.0,True
2050,P0275,Gansu,unabated,0.0,0.0,0.0,0.0,0.0,True
2050,P0275,Gansu,retire,1.0,15166352.000000002,12.43640864,12.43640864,0.0,True
2050,P0275,Gansu,ccs,0.0,0.0,0.0,0.0,0.0,True
2050,P0275,Gansu,biomass,0.0,0.0,0.0,0.0,0.0,True
2050,P0275,Gansu,beccs,0.0,0.0,0.0,0.0,0.0,True
2050,P0275,Gansu,ammonia,0.0,0.0,0.0,0.0,0.0,True
2050,P0276,Xinjiang,unabated,0.0,0.0,0.0,0.0,0.0,True
2050,P0276,Xinjiang,retire,0.0,0.0,0.0,0.0,0.0,True
2050,P0276,Xinjiang,ccs,1.0,3168719.9999999995,2.5983503999999993,2.3385153599999993,2.6892926639999994,True
2050,P0276,Xinjiang,biomass,0.0,0.0,0.0,0.0,0.0,True
2050,P0276,Xinjiang,beccs,0.0,0.0,0.0,0.0,0.0,True
2050,P0276,Xinjiang,ammonia,0.0,0.0,0.0,0.0,0.0,True
2050,P0277,Guangxi,unabated,0.0,0.0,0.0,0.0,0.0,True
2050,P0277,Guangxi,retire,0.0,0.0,0.0,0.0,0.0,True
2050,P0277,Guangxi,ccs,0.0,0.0,0.0,0.0,0.0,True
2050,P0277,Guangxi,biomass,1.0,3350620.0,2.7475084,2.7475084,0.0,True
2050,P0277,Guangxi,beccs,0.0,0.0,0.0,0.0,0.0,True
2050,P0277,Guangxi,ammonia,0.0,0.0,0.0,0.0,0.0,True
2050,P0278,Inner Mongolia,unabated,1.0,8151030.0,6.6838446,0.0,0.0,True
2050,P0278,Inner Mongolia,retire,0.0,0.0,0.0,0.0,0.0,True
2050,P0278,Inner Mongolia,ccs,0.0,0.0,0.0,0.0,0.0,True
2050,P0278,Inner Mongolia,biomass,0.0,0.0,0.0,0.0,0.0,True
2050,P0278,Inner Mongolia,beccs,0.0,0.0,0.0,0.0,0.0,True
2050,P0278,Inner Mongolia,ammonia,0.0,0.0,0.0,0.0,0.0,True
2050,P0279,Guangxi,unabated,0.0,0.0,0.0,0.0,0.0,True
2050,P0279,Guangxi,retire,0.0,0.0,0.0,0.0,0.0,True
2050,P0279,Guangxi,ccs,0.0,0.0,0.0,0.0,0.0,True
2050,P0279,Guangxi,biomass,0.0,0.0,0.0,0.0,0.0,True
2050,P0279,Guangxi,beccs,1.0,5743920.0,4.7100143999999995,8.949027359999999,4.549873910399999,True
2050,P0279,Guangxi,ammonia,0.0,0.0,0.0,0.0,0.0,True
2050,P0280,Anhui,unabated,0.0,0.0,0.0,0.0,0.0,True
2050,P0280,Anhui,retire,0.0,0.0,0.0,0.0,0.0,True
2050,P0280,Anhui,ccs,0.0,0.0,0.0,0.0,0.0,True
2050,P0280,Anhui,biomass,1.0,6708372.000000001,5.50086504,5.50086504,0.0,True
2050,P0280,Anhui,beccs,0.0,0.0,0.0,0.0,0.0,True
2050,P0280,Anhui,ammonia,0.0,0.0,0.0,0.0,0.0,True
2050,P0281,Xinjiang,unabated,0.0,0.0,0.0,0.0,0.0,True
2050,P0281,Xinjiang,retire,0.0,0.0,0.0,0.0,0.0,True
2050,P0281,Xinjiang,ccs,0.1624479525379258,1732998.656425453,1.4210588982688712,1.2789530084419842,1.4707959597082814,True
2050,P0281,Xinjiang,biomass,0.0,0.0,0.0,0.0,0.0,True
2050,P0281,Xinjiang,beccs,0.8375520474620747,8935025.34357455,7.32672078173113,13.920769485289147,7.583156009091719,True
2050,P0281,Xinjiang,ammonia,0.0,0.0,0.0,0.0,0.0,True
2050,P0282,Shandong,unabated,0.0,0.0,0.0,0.0,0.0,True
2050,P0282,Shandong,retire,0.0,0.0,0.0,0.0,0.0,True
2050,P0282,Shandong,ccs,0.0,0.0,0.0,0.0,0.0,True
2050,P0282,Shandong,biomass,1.0,3532491.0000000005,2.89664262,2.89664262,0.0,True
2050,P0282,Shandong,beccs,0.0,0.0,0.0,0.0,0.0,True
2050,P0282,Shandong,ammonia,0.0,0.0,0.0,0.0,0.0,True
2050,P0283,Hubei,unabated,0.0,0.0,0.0,0.0,0.0,True
2050,P0283,Hubei,retire,0.0,0.0,0.0,0.0,0.0,True
2050,P0283,Hubei,ccs,0.0,0.0,0.0,0.0,0.0,True
2050,P0283,Hubei,biomass,1.0,4949472.0,4.05856704,4.05856704,0.0,True
2050,P0283,Hubei,beccs,0.0,0.0,0.0,0.0,0.0,True
2050,P0283,Hubei,ammonia,0.0,0.0,0.0,0.0,0.0,True
2050,P0284,Shandong,unabated,0.0,0.0,0.0,0.0,0.0,True
2050,P0284,Shandong,retire,1.0,38377680.00000001,31.469697600000003,31.469697600000003,0.0,True
2050,P0284,Shandong,ccs,0.0,0.0,0.0,0.0,0.0,True
2050,P0284,Shandong,biomass,0.0,0.0,0.0,0.0,0.0,True
2050,P0284,Shandong,beccs,0.0,0.0,0.0,0.0,0.0,True
2050,P0284,Shandong,ammonia,0.0,0.0,0.0,0.0,0.0,True
2050,P0285,Yunnan,unabated,0.0,0.0,0.0,0.0,0.0,True
2050,P0285,Yunnan,retire,0.0,0.0,0.0,0.0,0.0,True
2050,P0285,Yunnan,ccs,0.0,0.0,0.0,0.0,0.0,True
2050,P0285,Yunnan,biomass,1.0,5378639.999999999,4.410484799999999,4.410484799999999,0.0,True
2050,P0285,Yunnan,beccs,0.0,0.0,0.0,0.0,0.0,True
2050,P0285,Yunnan,ammonia,0.0,0.0,0.0,0.0,0.0,True
2050,P0286,Jiangxi,unabated,0.0,0.0,0.0,0.0,0.0,True
2050,P0286,Jiangxi,retire,0.0,0.0,0.0,0.0,0.0,True
2050,P0286,Jiangxi,ccs,0.0,0.0,0.0,0.0,0.0,True
2050,P0286,Jiangxi,biomass,1.0,7149600.0,5.862672,5.862672,0.0,True
2050,P0286,Jiangxi,beccs,0.0,0.0,0.0,0.0,0.0,True
2050,P0286,Jiangxi,ammonia,0.0,0.0,0.0,0.0,0.0,True
2050,P0287,Gansu,unabated,0.0,0.0,0.0,0.0,0.0,True
2050,P0287,Gansu,retire,1.0,5530272.0,4.53482304,4.53482304,0.0,True
2050,P0287,Gansu,ccs,0.0,0.0,0.0,0.0,0.0,True
2050,P0287,Gansu,biomass,0.0,0.0,0.0,0.0,0.0,True
2050,P0287,Gansu,beccs,0.0,0.0,0.0,0.0,0.0,True
2050,P0287,Gansu,ammonia,0.0,0.0,0.0,0.0,0.0,True
2050,P0288,Inner Mongolia,unabated,1.0,6641580.0,5.4460956,0.0,0.0,True
2050,P0288,Inner Mongolia,retire,0.0,0.0,0.0,0.0,0.0,True
2050,P0288,Inner Mongolia,ccs,0.0,0.0,0.0,0.0,0.0,True
2050,P0288,Inner Mongolia,biomass,0.0,0.0,0.0,0.0,0.0,True
2050,P0288,Inner Mongolia,beccs,0.0,0.0,0.0,0.0,0.0,True
2050,P0288,Inner Mongolia,ammonia,0.0,0.0,0.0,0.0,0.0,True
2050,P0289,Inner Mongolia,unabated,0.0,0.0,0.0,0.0,0.0,True
2050,P0289,Inner Mongolia,retire,0.0,0.0,0.0,0.0,0.0,True
2050,P0289,Inner Mongolia,ccs,0.0,0.0,0.0,0.0,0.0,True
2050,P0289,Inner Mongolia,biomass,0.0,0.0,0.0,0.0,0.0,True
2050,P0289,Inner Mongolia,beccs,1.0,2566065.0,2.1041733,3.9979292699999993,2.0326314077999994,True
2050,P0289,Inner Mongolia,ammonia,0.0,0.0,0.0,0.0,0.0,True
2050,P0290,Guizhou,unabated,0.0,0.0,0.0,0.0,0.0,True
2050,P0290,Guizhou,retire,0.0,0.0,0.0,0.0,0.0,True
2050,P0290,Guizhou,ccs,0.0,0.0,0.0,0.0,0.0,True
2050,P0290,Guizhou,biomass,1.0,8829606.0,7.24027692,7.24027692,0.0,True
2050,P0290,Guizhou,beccs,0.0,0.0,0.0,0.0,0.0,True
2050,P0290,Guizhou,ammonia,0.0,0.0,0.0,0.0,0.0,True
2050,P0291,Shanxi,unabated,0.0,0.0,0.0,0.0,0.0,True
2050,P0291,Shanxi,retire,0.0,0.0,0.0,0.0,0.0,True
2050,P0291,Shanxi,ccs,0.0,0.0,0.0,0.0,0.0,True
2050,P0291,Shanxi,biomass,0.0,0.0,0.0,0.0,0.0,True
2050,P0291,Shanxi,beccs,1.0,4490615.0,3.6823042999999998,6.996378169999999,3.8111849504999995,True
2050,P0291,Shanxi,ammonia,0.0,0.0,0.0,0.0,0.0,True
2050,P0292,Chongqing,unabated,0.0,0.0,0.0,0.0,0.0,True
2050,P0292,Chongqing,retire,0.0,0.0,0.0,0.0,0.0,True
2050,P0292,Chongqing,ccs,0.0,0.0,0.0,0.0,0.0,True
2050,P0292,Chongqing,biomass,1.0,2876520.0,2.3587464,2.3587464,0.0,True
2050,P0292,Chongqing,beccs,0.0,0.0,0.0,0.0,0.0,True
2050,P0292,Chongqing,ammonia,0.0,0.0,0.0,0.0,0.0,True
2050,P0293,Chongqing,unabated,0.0,0.0,0.0,0.0,0.0,True
2050,P0293,Chongqing,retire,0.0,0.0,0.0,0.0,0.0,True
2050,P0293,Chongqing,ccs,0.0,0.0,0.0,0.0,0.0,True
2050,P0293,Chongqing,biomass,0.0,0.0,0.0,0.0,0.0,True
2050,P0293,Chongqing,beccs,1.0,958840.0,0.7862488,1.49387272,0.7595163407999999,True
2050,P0293,Chongqing,ammonia,0.0,0.0,0.0,0.0,0.0,True
2050,P0294,Jiangxi,unabated,0.0,0.0,0.0,0.0,0.0,True
2050,P0294,Jiangxi,retire,0.0,0.0,0.0,0.0,0.0,True
2050,P0294,Jiangxi,ccs,0.0,0.0,0.0,0.0,0.0,True
2050,P0294,Jiangxi,biomass,1.0,6291647.999999999,5.159151359999998,5.159151359999998,0.0,True
2050,P0294,Jiangxi,beccs,0.0,0.0,0.0,0.0,0.0,True
2050,P0294,Jiangxi,ammonia,0.0,0.0,0.0,0.0,0.0,True
2050,P0295,Guangdong,unabated,0.0,0.0,0.0,0.0,0.0,True
2050,P0295,Guangdong,retire,0.0,0.0,0.0,0.0,0.0,True
2050,P0295,Guangdong,ccs,0.0,0.0,0.0,0.0,0.0,True
2050,P0295,Guangdong,biomass,0.0,0.0,0.0,0.0,0.0,True
2050,P0295,Guangdong,beccs,1.0,14857477.5,12.183131549999999,23.147949944999997,11.768905077299998,True
2050,P0295,Guangdong,ammonia,0.0,0.0,0.0,0.0,0.0,True
2050,P0296,Henan,unabated,0.0,0.0,0.0,0.0,0.0,True
2050,P0296,Henan,retire,0.0,0.0,0.0,0.0,0.0,True
2050,P0296,Henan,ccs,0.0,0.0,0.0,0.0,0.0,True
2050,P0296,Henan,biomass,1.0,14182424.0,11.62958768,11.62958768,0.0,True
2050,P0296,Henan,beccs,0.0,0.0,0.0,0.0,0.0,True
2050,P0296,Henan,ammonia,0.0,0.0,0.0,0.0,0.0,True
2050,P0297,Jiangxi,unabated,0.0,0.0,0.0,0.0,0.0,True
2050,P0297,Jiangxi,retire,0.0,0.0,0.0,0.0,0.0,True
2050,P0297,Jiangxi,ccs,0.0,0.0,0.0,0.0,0.0,True
2050,P0297,Jiangxi,biomass,0.0,0.0,0.0,0.0,0.0,True
2050,P0297,Jiangxi,beccs,1.0,9532800.0,7.816895999999999,14.852102399999998,8.09048736,True
2050,P0297,Jiangxi,ammonia,0.0,0.0,0.0,0.0,0.0,True
2050,P0298,Xinjiang,unabated,0.0,0.0,0.0,0.0,0.0,True
2050,P0298,Xinjiang,retire,0.0,0.0,0.0,0.0,0.0,True
2050,P0298,Xinjiang,ccs,0.0,0.0,0.0,0.0,0.0,True
2050,P0298,Xinjiang,biomass,0.30763112823743155,1624661.5144475235,1.3322224418469693,1.3322224418469693,0.0,True
2050,P0298,Xinjiang,beccs,0.6923688717625686,3656538.485552477,2.9983615581530314,5.696886960490759,3.103304212688387,True
2050,P0298,Xinjiang,ammonia,0.0,0.0,0.0,0.0,0.0,True
2050,P0299,Liaoning,unabated,0.0,0.0,0.0,0.0,0.0,True
2050,P0299,Liaoning,retire,0.0,0.0,0.0,0.0,0.0,True
2050,P0299,Liaoning,ccs,0.0,0.0,0.0,0.0,0.0,True
2050,P0299,Liaoning,biomass,1.0,1612363.9999999998,1.3221384799999998,1.3221384799999998,0.0,True
2050,P0299,Liaoning,beccs,0.0,0.0,0.0,0.0,0.0,True
2050,P0299,Liaoning,ammonia,0.0,0.0,0.0,0.0,0.0,True
2050,P0300,Guangxi,unabated,0.0,0.0,0.0,0.0,0.0,True
2050,P0300,Guangxi,retire,0.0,0.0,0.0,0.0,0.0,True
2050,P0300,Guangxi,ccs,0.0,0.0,0.0,0.0,0.0,True
2050,P0300,Guangxi,biomass,0.0,0.0,0.0,0.0,0.0,True
2050,P0300,Guangxi,beccs,1.0,6318312.0,5.18101584,9.843930096,5.362351394399999,True
2050,P0300,Guangxi,ammonia,0.0,0.0,0.0,0.0,0.0,True
2050,P0301,Jiangsu,unabated,0.0,0.0,0.0,0.0,0.0,True
2050,P0301,Jiangsu,retire,0.0,0.0,0.0,0.0,0.0,True
2050,P0301,Jiangsu,ccs,0.0,0.0,0.0,0.0,0.0,True
2050,P0301,Jiangsu,biomass,0.9555813369422065,306733.96450775274,0.25152185089635726,0.25152185089635726,0.0,True
2050,P0301,Jiangsu,beccs,0.044418663057794225,14258.035492247483,0.011691589103642938,0.02221401929692158,0.012100794722270438,True
2050,P0301,Jiangsu,ammonia,0.0,0.0,0.0,0.0,0.0,True
2050,P0302,Xinjiang,unabated,0.07426967520221918,274563.1060745719,0.22514174698114897,0.0,0.0,True
2050,P0302,Xinjiang,retire,0.0,0.0,0.0,0.0,0.0,True
2050,P0302,Xinjiang,ccs,0.0,0.0,0.0,0.0,0.0,True
2050,P0302,Xinjiang,biomass,0.9257303247977811,3422276.8939254284,2.806267053018851,2.806267053018851,0.0,True
2050,P0302,Xinjiang,beccs,0.0,0.0,0.0,0.0,0.0,True
2050,P0302,Xinjiang,ammonia,0.0,0.0,0.0,0.0,0.0,True
2050,P0303,Henan,unabated,0.0,0.0,0.0,0.0,0.0,True
2050,P0303,Henan,retire,0.0,0.0,0.0,0.0,0.0,True
2050,P0303,Henan,ccs,0.0,0.0,0.0,0.0,0.0,True
2050,P0303,Henan,biomass,1.0,4679480.0,3.8371735999999994,3.8371735999999994,0.0,True
2050,P0303,Henan,beccs,0.0,0.0,0.0,0.0,0.0,True
2050,P0303,Henan,ammonia,0.0,0.0,0.0,0.0,0.0,True
2050,P0304,Inner Mongolia,unabated,0.0,0.0,0.0,0.0,0.0,True
2050,P0304,Inner Mongolia,retire,0.0,0.0,0.0,0.0,0.0,True
2050,P0304,Inner Mongolia,ccs,0.8701784243839357,437830.2742287772,0.3590208248675973,0.3231187423808376,0.37158655373796323,True
2050,P0304,Inner Mongolia,biomass,0.0,0.0,0.0,0.0,0.0,True
2050,P0304,Inner Mongolia,beccs,0.12982157561606458,65319.7257712229,0.05356217513240277,0.10176813275156525,0.05543685126203687,True
2050,P0304,Inner Mongolia,ammonia,0.0,0.0,0.0,0.0,0.0,True
2050,P0305,Inner Mongolia,unabated,1.0,1509449.9999999998,1.2377489999999998,0.0,0.0,True
2050,P0305,Inner Mongolia,retire,0.0,0.0,0.0,0.0,0.0,True
2050,P0305,Inner Mongolia,ccs,0.0,0.0,0.0,0.0,0.0,True
2050,P0305,Inner Mongolia,biomass,0.0,0.0,0.0,0.0,0.0,True
2050,P0305,Inner Mongolia,beccs,0.0,0.0,0.0,0.0,0.0,True
2050,P0305,Inner Mongolia,ammonia,0.0,0.0,0.0,0.0,0.0,True
2050,P0306,Inner Mongolia,unabated,0.0,0.0,0.0,0.0,0.0,True
2050,P0306,Inner Mongolia,retire,0.0,0.0,0.0,0.0,0.0,True
2050,P0306,Inner Mongolia,ccs,0.0,0.0,0.0,0.0,0.0,True
2050,P0306,Inner Mongolia,biomass,0.0,0.0,0.0,0.0,0.0,True
2050,P0306,Inner Mongolia,beccs,1.0,3320790.0,2.7230478,5.17379082,2.8183544729999994,True
2050,P0306,Inner Mongolia,ammonia,0.0,0.0,0.0,0.0,0.0,True
2050,P0307,Hunan,unabated,0.0,0.0,0.0,0.0,0.0,True
2050,P0307,Hunan,retire,0.0,0.0,0.0,0.0,0.0,True
2050,P0307,Hunan,ccs,0.0,0.0,0.0,0.0,0.0,True
2050,P0307,Hunan,biomass,1.0,15627600.0,12.814632,12.814632,0.0,True
2050,P0307,Hunan,beccs,0.0,0.0,0.0,0.0,0.0,True
2050,P0307,Hunan,ammonia,0.0,0.0,0.0,0.0,0.0,True
2050,P0308,Qinghai,unabated,0.0,0.0,0.0,0.0,0.0,True
2050,P0308,Qinghai,retire,0.0,0.0,0.0,0.0,0.0,True
2050,P0308,Qinghai,ccs,0.0,0.0,0.0,0.0,0.0,True
2050,P0308,Qinghai,biomass,0.0,0.0,0.0,0.0,0.0,True
2050,P0308,Qinghai,beccs,1.0,1106190.0,0.9070757999999999,1.7234440199999996,0.8762352227999997,True
2050,P0308,Qinghai,ammonia,0.0,0.0,0.0,0.0,0.0,True
2050,P0309,Inner Mongolia,unabated,0.0,0.0,0.0,0.0,0.0,True
2050,P0309,Inner Mongolia,retire,0.0,0.0,0.0,0.0,0.0,True
2050,P0309,Inner Mongolia,ccs,0.0,0.0,0.0,0.0,0.0,True
2050,P0309,Inner Mongolia,biomass,0.0,0.0,0.0,0.0,0.0,True
2050,P0309,Inner Mongolia,beccs,1.0,10063000.0,8.25166,15.678153999999997,8.540468099999998,True
2050,P0309,Inner Mongolia,ammonia,0.0,0.0,0.0,0.0,0.0,True
2050,P0310,Shaanxi,unabated,0.0,0.0,0.0,0.0,0.0,True
2050,P0310,Shaanxi,retire,0.0,0.0,0.0,0.0,0.0,True
2050,P0310,Shaanxi,ccs,0.0,0.0,0.0,0.0,0.0,True
2050,P0310,Shaanxi,biomass,1.0,11980320.0,9.823862399999998,9.823862399999998,0.0,True
2050,P0310,Shaanxi,beccs,0.0,0.0,0.0,0.0,0.0,True
2050,P0310,Shaanxi,ammonia,0.0,0.0,0.0,0.0,0.0,True
2050,P0311,Hunan,unabated,0.0,0.0,0.0,0.0,0.0,True
2050,P0311,Hunan,retire,0.0,0.0,0.0,0.0,0.0,True
2050,P0311,Hunan,ccs,0.0,0.0,0.0,0.0,0.0,True
2050,P0311,Hunan,biomass,1.0,5157108.0,4.228828559999999,4.228828559999999,0.0,True
2050,P0311,Hunan,beccs,0.0,0.0,0.0,0.0,0.0,True
2050,P0311,Hunan,ammonia,0.0,0.0,0.0,0.0,0.0,True
2050,P0312,Shanxi,unabated,0.0,0.0,0.0,0.0,0.0,True
2050,P0312,Shanxi,retire,0.0,0.0,0.0,0.0,0.0,True
2050,P0312,Shanxi,ccs,0.0,0.0,0.0,0.0,0.0,True
2050,P0312,Shanxi,biomass,1.0,2777700.0,2.277714,2.277714,0.0,True
2050,P0312,Shanxi,beccs,0.0,0.0,0.0,0.0,0.0,True
2050,P0312,Shanxi,ammonia,0.0,0.0,0.0,0.0,0.0,True
2050,P0313,Xinjiang,unabated,0.0,0.0,0.0,0.0,0.0,True
2050,P0313,Xinjiang,retire,0.0,0.0,0.0,0.0,0.0,True
2050,P0313,Xinjiang,ccs,0.6912433341823488,2920475.437187056,2.394789858493386,2.1553108726440473,2.4786075035406543,True
2050,P0313,Xinjiang,biomass,0.0,0.0,0.0,0.0,0.0,True
2050,P0313,Xinjiang,beccs,0.3087566658176517,1304484.5628129456,1.0696773415066152,2.0323869488625688,1.107116048459347,True
2050,P0313,Xinjiang,ammonia,0.0,0.0,0.0,0.0,0.0,True
2050,P0314,Inner Mongolia,unabated,0.0,0.0,0.0,0.0,0.0,True
2050,P0314,Inner Mongolia,retire,0.0,0.0,0.0,0.0,0.0,True
2050,P0314,Inner Mongolia,ccs,0.0,0.0,0.0,0.0,0.0,True
2050,P0314,Inner Mongolia,biomass,1.0,6037799.999999999,4.950995999999999,4.950995999999999,0.0,True
2050,P0314,Inner Mongolia,beccs,0.0,0.0,0.0,0.0,0.0,True
2050,P0314,Inner Mongolia,ammonia,0.0,0.0,0.0,0.0,0.0,True
2050,P0315,Jiangxi,unabated,0.0,0.0,0.0,0.0,0.0,True
2050,P0315,Jiangxi,retire,1.0,22974048.0,18.83871936,18.83871936,0.0,True
2050,P0315,Jiangxi,ccs,0.0,0.0,0.0,0.0,0.0,True
2050,P0315,Jiangxi,biomass,0.0,0.0,0.0,0.0,0.0,True
2050,P0315,Jiangxi,beccs,0.0,0.0,0.0,0.0,0.0,True
2050,P0315,Jiangxi,ammonia,0.0,0.0,0.0,0.0,0.0,True
2050,P0316,Chongqing,unabated,0.0,0.0,0.0,0.0,0.0,True
2050,P0316,Chongqing,retire,0.0,0.0,0.0,0.0,0.0,True
2050,P0316,Chongqing,ccs,0.0,0.0,0.0,0.0,0.0,True
2050,P0316,Chongqing,biomass,1.0,5753040.0,4.7174928,4.7174928,0.0,True
2050,P0316,Chongqing,beccs,0.0,0.0,0.0,0.0,0.0,True
2050,P0316,Chongqing,ammonia,0.0,0.0,0.0,0.0,0.0,True
2050,P0317,Jiangsu,unabated,0.0,0.0,0.0,0.0,0.0,True
2050,P0317,Jiangsu,retire,0.0,0.0,0.0,0.0,0.0,True
2050,P0317,Jiangsu,ccs,0.0,0.0,0.0,0.0,0.0,True
2050,P0317,Jiangsu,biomass,0.0,0.0,0.0,0.0,0.0,True
2050,P0317,Jiangsu,beccs,1.0,6871235.0,5.6344126999999995,10.705384129999999,5.831617144499999,True
2050,P0317,Jiangsu,ammonia,0.0,0.0,0.0,0.0,0.0,True
2050,P0318,Jilin,unabated,0.0,0.0,0.0,0.0,0.0,True
2050,P0318,Jilin,retire,0.0,0.0,0.0,0.0,0.0,True
2050,P0318,Jilin,ccs,0.0,0.0,0.0,0.0,0.0,True
2050,P0318,Jilin,biomass,1.0,1991770.0000000002,1.6332514000000002,1.6332514000000002,0.0,True
2050,P0318,Jilin,beccs,0.0,0.0,0.0,0.0,0.0,True
2050,P0318,Jilin,ammonia,0.0,0.0,0.0,0.0,0.0,True
2050,P0319,Inner Mongolia,unabated,0.0,0.0,0.0,0.0,0.0,True
2050,P0319,Inner Mongolia,retire,0.0,0.0,0.0,0.0,0.0,True
2050,P0319,Inner Mongolia,ccs,0.0,0.0,0.0,0.0,0.0,True
2050,P0319,Inner Mongolia,biomass,1.0,3522049.9999999995,2.8880809999999997,2.8880809999999997,0.0,True
2050,P0319,Inner Mongolia,beccs,0.0,0.0,0.0,0.0,0.0,True
2050,P0319,Inner Mongolia,ammonia,0.0,0.0,0.0,0.0,0.0,True
2050,P0320,Guizhou,unabated,0.0,0.0,0.0,0.0,0.0,True
2050,P0320,Guizhou,retire,0.0,0.0,0.0,0.0,0.0,True
2050,P0320,Guizhou,ccs,0.0,0.0,0.0,0.0,0.0,True
2050,P0320,Guizhou,biomass,1.0,1424130.0,1.1677866,1.1677866,0.0,True
2050,P0320,Guizhou,beccs,0.0,0.0,0.0,0.0,0.0,True
2050,P0320,Guizhou,ammonia,0.0,0.0,0.0,0.0,0.0,True
2050,P0321,Jilin,unabated,0.0,0.0,0.0,0.0,0.0,True
2050,P0321,Jilin,retire,0.0,0.0,0.0,0.0,0.0,True
2050,P0321,Jilin,ccs,0.0,0.0,0.0,0.0,0.0,True
2050,P0321,Jilin,biomass,0.0,0.0,0.0,0.0,0.0,True
2050,P0321,Jilin,beccs,1.0,2390124.0000000005,1.9599016800000002,3.723813192,1.8932650228799999,True
2050,P0321,Jilin,ammonia,0.0,0.0,0.0,0.0,0.0,True
2050,P0322,Xinjiang,unabated,0.0,0.0,0.0,0.0,0.0,True
2050,P0322,Xinjiang,retire,0.0,0.0,0.0,0.0,0.0,True
2050,P0322,Xinjiang,ccs,1.0,3696839.9999999995,3.0314087999999995,2.7282679199999995,3.137508107999999,True
2050,P0322,Xinjiang,biomass,0.0,0.0,0.0,0.0,0.0,True
2050,P0322,Xinjiang,beccs,0.0,0.0,0.0,0.0,0.0,True
2050,P0322,Xinjiang,ammonia,0.0,0.0,0.0,0.0,0.0,True
2050,P0323,Henan,unabated,0.0,0.0,0.0,0.0,0.0,True
2050,P0323,Henan,retire,0.0,0.0,0.0,0.0,0.0,True
2050,P0323,Henan,ccs,0.0,0.0,0.0,0.0,0.0,True
2050,P0323,Henan,biomass,1.0,14398400.0,11.806688,11.806688,0.0,True
2050,P0323,Henan,beccs,0.0,0.0,0.0,0.0,0.0,True
2050,P0323,Henan,ammonia,0.0,0.0,0.0,0.0,0.0,True
2050,P0324,Shaanxi,unabated,0.0,0.0,0.0,0.0,0.0,True
2050,P0324,Shaanxi,retire,0.0,0.0,0.0,0.0,0.0,True
2050,P0324,Shaanxi,ccs,0.0,0.0,0.0,0.0,0.0,True
2050,P0324,Shaanxi,biomass,0.0,0.0,0.0,0.0,0.0,True
2050,P0324,Shaanxi,beccs,1.0,14430840.0,11.833288799999998,22.483248719999995,11.430956980799998,True
2050,P0324,Shaanxi,ammonia,0.0,0.0,0.0,0.0,0.0,True
2050,P0325,Zhejiang,unabated,0.0,0.0,0.0,0.0,0.0,True
2050,P0325,Zhejiang,retire,0.0,0.0,0.0,0.0,0.0,True
2050,P0325,Zhejiang,ccs,0.0,0.0,0.0,0.0,0.0,True
2050,P0325,Zhejiang,biomass,0.0,0.0,0.0,0.0,0.0,True
2050,P0325,Zhejiang,beccs,1.0,5529764.7,4.534407054,8.6153734026,4.693111300889999,True
2050,P0325,Zhejiang,ammonia,0.0,0.0,0.0,0.0,0.0,True
2050,P0326,Zhejiang,unabated,0.0,0.0,0.0,0.0,0.0,True
2050,P0326,Zhejiang,retire,1.0,37944481.5,31.11447483,31.11447483,0.0,True
2050,P0326,Zhejiang,ccs,0.0,0.0,0.0,0.0,0.0,True
2050,P0326,Zhejiang,biomass,0.0,0.0,0.0,0.0,0.0,True
2050,P0326,Zhejiang,beccs,0.0,0.0,0.0,0.0,0.0,True
2050,P0326,Zhejiang,ammonia,0.0,0.0,0.0,0.0,0.0,True
2050,P0327,Chongqing,unabated,0.0,0.0,0.0,0.0,0.0,True
2050,P0327,Chongqing,retire,0.0,0.0,0.0,0.0,0.0,True
2050,P0327,Chongqing,ccs,0.0,0.0,0.0,0.0,0.0,True
2050,P0327,Chongqing,biomass,1.0,13711412.0,11.24335784,11.24335784,0.0,True
2050,P0327,Chongqing,beccs,0.0,0.0,0.0,0.0,0.0,True
2050,P0327,Chongqing,ammonia,0.0,0.0,0.0,0.0,0.0,True
2050,P0328,Inner Mongolia,unabated,0.0,0.0,0.0,0.0,0.0,True
2050,P0328,Inner Mongolia,retire,0.0,0.0,0.0,0.0,0.0,True
2050,P0328,Inner Mongolia,ccs,0.0,0.0,0.0,0.0,0.0,True
2050,P0328,Inner Mongolia,biomass,0.0,0.0,0.0,0.0,0.0,True
2050,P0328,Inner Mongolia,beccs,1.0,11924655.0,9.778217099999999,18.578612489999998,9.445757718599998,True
2050,P0328,Inner Mongolia,ammonia,0.0,0.0,0.0,0.0,0.0,True
2050,P0329,Xinjiang,unabated,0.0,0.0,0.0,0.0,0.0,True
2050,P0329,Xinjiang,retire,0.0,0.0,0.0,0.0,0.0,True
2050,P0329,Xinjiang,ccs,0.0,0.0,0.0,0.0,0.0,True
2050,P0329,Xinjiang,biomass,1.0,528119.9999999999,0.4330583999999999,0.4330583999999999,0.0,True
2050,P0329,Xinjiang,beccs,0.0,0.0,0.0,0.0,0.0,True
2050,P0329,Xinjiang,ammonia,0.0,0.0,0.0,0.0,0.0,True
2050,P0330,Gansu,unabated,0.0,0.0,0.0,0.0,0.0,True
2050,P0330,Gansu,retire,0.20159691247725425,5067662.547088226,4.155483288612346,4.155483288612346,0.0,True
2050,P0330,Gansu,ccs,0.798403087522746,20069937.45291178,16.45734871138766,14.811613840248896,17.03335591628623,True
2050,P0330,Gansu,biomass,0.0,0.0,0.0,0.0,0.0,True
2050,P0330,Gansu,beccs,0.0,0.0,0.0,0.0,0.0,True
2050,P0330,Gansu,ammonia,0.0,0.0,0.0,0.0,0.0,True
2050,P0331,Guangdong,unabated,0.0,0.0,0.0,0.0,0.0,True
2050,P0331,Guangdong,retire,1.0,25414742.0,20.84008844,20.84008844,0.0,True
2050,P0331,Guangdong,ccs,0.0,0.0,0.0,0.0,0.0,True
2050,P0331,Guangdong,biomass,0.0,0.0,0.0,0.0,0.0,True
2050,P0331,Guangdong,beccs,0.0,0.0,0.0,0.0,0.0,True
2050,P0331,Guangdong,ammonia,0.0,0.0,0.0,0.0,0.0,True
2050,P0332,Hebei,unabated,0.0,0.0,0.0,0.0,0.0,True
2050,P0332,Hebei,retire,0.0,0.0,0.0,0.0,0.0,True
2050,P0332,Hebei,ccs,0.0,0.0,0.0,0.0,0.0,True
2050,P0332,Hebei,biomass,0.0,0.0,0.0,0.0,0.0,True
2050,P0332,Hebei,beccs,1.0,17107584.0,14.028218879999999,26.653615871999996,14.519206540799999,True
2050,P0332,Hebei,ammonia,0.0,0.0,0.0,0.0,0.0,True
2050,P0333,Guangdong,unabated,0.0,0.0,0.0,0.0,0.0,True
2050,P0333,Guangdong,retire,0.0,0.0,0.0,0.0,0.0,True
2050,P0333,Guangdong,ccs,0.0,0.0,0.0,0.0,0.0,True
2050,P0333,Guangdong,biomass,0.0,0.0,0.0,0.0,0.0,True
2050,P0333,Guangdong,beccs,1.0,15675001.14,12.8535009348,24.421651776119997,13.303373467517998,True
2050,P0333,Guangdong,ammonia,0.0,0.0,0.0,0.0,0.0,True
2050,P0334,Hebei,unabated,0.0,0.0,0.0,0.0,0.0,True
2050,P0334,Hebei,retire,0.0,0.0,0.0,0.0,0.0,True
2050,P0334,Hebei,ccs,0.0,0.0,0.0,0.0,0.0,True
2050,P0334,Hebei,biomass,0.9395480542329785,2930046.3754893397,2.4026380279012587,2.4026380279012587,0.0,True
2050,P0334,Hebei,beccs,0.060451945767021745,188523.624510661,0.15458937209874202,0.2937198069876098,0.16000000012219798,True
2050,P0334,Hebei,ammonia,0.0,0.0,0.0,0.0,0.0,True
2050,P0335,Hubei,unabated,0.0,0.0,0.0,0.0,0.0,True
2050,P0335,Hubei,retire,0.0,0.0,0.0,0.0,0.0,True
2050,P0335,Hubei,ccs,0.0,0.0,0.0,0.0,0.0,True
2050,P0335,Hubei,biomass,1.0,17248159.999999996,14.143491199999996,14.143491199999996,0.0,True
2050,P0335,Hubei,beccs,0.0,0.0,0.0,0.0,0.0,True
2050,P0335,Hubei,ammonia,0.0,0.0,0.0,0.0,0.0,True
2050,P0336,Inner Mongolia,unabated,0.3733192590947672,3756711.7042706423,3.0805035975019264,0.0,0.0,True
2050,P0336,Inner Mongolia,retire,0.0,0.0,0.0,0.0,0.0,True
2050,P0336,Inner Mongolia,ccs,0.0,0.0,0.0,0.0,0.0,True
2050,P0336,Inner Mongolia,biomass,0.0,0.0,0.0,0.0,0.0,True
2050,P0336,Inner Mongolia,beccs,0.626680740905233,6306288.29572936,5.171156402498074,9.82519716474634,5.352146876585506,True
2050,P0336,Inner Mongolia,ammonia,0.0,0.0,0.0,0.0,0.0,True
2050,P0337,Guizhou,unabated,0.0,0.0,0.0,0.0,0.0,True
2050,P0337,Guizhou,retire,0.0,0.0,0.0,0.0,0.0,True
2050,P0337,Guizhou,ccs,0.0,0.0,0.0,0.0,0.0,True
2050,P0337,Guizhou,biomass,1.0,3322970.0,2.7248354,2.7248354,0.0,True
2050,P0337,Guizhou,beccs,0.0,0.0,0.0,0.0,0.0,True
2050,P0337,Guizhou,ammonia,0.0,0.0,0.0,0.0,0.0,True
2050,P0338,Guangxi,unabated,0.0,0.0,0.0,0.0,0.0,True
2050,P0338,Guangxi,retire,0.0,0.0,0.0,0.0,0.0,True
2050,P0338,Guangxi,ccs,0.0,0.0,0.0,0.0,0.0,True
2050,P0338,Guangxi,biomass,1.0,2871960.0,2.3550071999999997,2.3550071999999997,0.0,True
2050,P0338,Guangxi,beccs,0.0,0.0,0.0,0.0,0.0,True
2050,P0338,Guangxi,ammonia,0.0,0.0,0.0,0.0,0.0,True
2050,P0339,Hainan,unabated,0.0,0.0,0.0,0.0,0.0,True
2050,P0339,Hainan,retire,0.0,0.0,0.0,0.0,0.0,True
2050,P0339,Hainan,ccs,0.0,0.0,0.0,0.0,0.0,True
2050,P0339,Hainan,biomass,0.0,0.0,0.0,0.0,0.0,True
2050,P0339,Hainan,beccs,1.0,3320394.0,2.7227230799999997,5.173173852,2.6301504952799997,True
2050,P0339,Hainan,ammonia,0.0,0.0,0.0,0.0,0.0,True
2050,P0340,Inner Mongolia,unabated,0.0,0.0,0.0,0.0,0.0,True
2050,P0340,Inner Mongolia,retire,0.0,0.0,0.0,0.0,0.0,True
2050,P0340,Inner Mongolia,ccs,0.0,0.0,0.0,0.0,0.0,True
2050,P0340,Inner Mongolia,biomass,0.16551070068477602,3114548.918452985,2.5539301131314476,2.5539301131314476,0.0,True
2050,P0340,Inner Mongolia,beccs,0.8344892993152246,15703261.081547027,12.876674086868562,24.46568076505027,12.43886716791503,True
2050,P0340,Inner Mongolia,ammonia,0.0,0.0,0.0,0.0,0.0,True
2050,P0341,Hebei,unabated,0.0,0.0,0.0,0.0,0.0,True
2050,P0341,Hebei,retire,0.0,0.0,0.0,0.0,0.0,True
2050,P0341,Hebei,ccs,0.0,0.0,0.0,0.0,0.0,True
2050,P0341,Hebei,biomass,1.0,445510.0,0.3653181999999999,0.3653181999999999,0.0,True
2050,P0341,Hebei,beccs,0.0,0.0,0.0,0.0,0.0,True
2050,P0341,Hebei,ammonia,0.0,0.0,0.0,0.0,0.0,True
2050,P0342,Zhejiang,unabated,0.0,0.0,0.0,0.0,0.0,True
2050,P0342,Zhejiang,retire,0.0,0.0,0.0,0.0,0.0,True
2050,P0342,Zhejiang,ccs,0.1389378226375713,4045268.9059366365,3.3171205028680415,2.985408452581238,3.433219720468423,True
2050,P0342,Zhejiang,biomass,0.0,0.0,0.0,0.0,0.0,True
2050,P0342,Zhejiang,beccs,0.861062177362429,25070409.09406337,20.55773545713196,39.05969736855072,21.27725619813158,True
2050,P0342,Zhejiang,ammonia,0.0,0.0,0.0,0.0,0.0,True
2050,P0343,Hunan,unabated,0.0,0.0,0.0,0.0,0.0,True
2050,P0343,Hunan,retire,0.0,0.0,0.0,0.0,0.0,True
2050,P0343,Hunan,ccs,0.0,0.0,0.0,0.0,0.0,True
2050,P0343,Hunan,biomass,1.0,15315048.0,12.55833936,12.55833936,0.0,True
2050,P0343,Hunan,beccs,0.0,0.0,0.0,0.0,0.0,True
2050,P0343,Hunan,ammonia,0.0,0.0,0.0,0.0,0.0,True
2050,P0344,Xinjiang,unabated,0.0,0.0,0.0,0.0,0.0,True
2050,P0344,Xinjiang,retire,0.0,0.0,0.0,0.0,0.0,True
2050,P0344,Xinjiang,ccs,1.0,20913551.999999996,17.14911264,15.434201375999999,17.749331582399996,True
2050,P0344,Xinjiang,biomass,0.0,0.0,0.0,0.0,0.0,True
2050,P0344,Xinjiang,beccs,0.0,0.0,0.0,0.0,0.0,True
2050,P0344,Xinjiang,ammonia,0.0,0.0,0.0,0.0,0.0,True
2050,P0345,Gansu,unabated,0.0,0.0,0.0,0.0,0.0,True
2050,P0345,Gansu,retire,1.0,8379200.0,6.870944,6.870944,0.0,True
2050,P0345,Gansu,ccs,0.0,0.0,0.0,0.0,0.0,True
2050,P0345,Gansu,biomass,0.0,0.0,0.0,0.0,0.0,True
2050,P0345,Gansu,beccs,0.0,0.0,0.0,0.0,0.0,True
2050,P0345,Gansu,ammonia,0.0,0.0,0.0,0.0,0.0,True
2050,P0346,Inner Mongolia,unabated,1.0,26465690.0,21.701865799999997,0.0,0.0,True
2050,P0346,Inner Mongolia,retire,0.0,0.0,0.0,0.0,0.0,True
2050,P0346,Inner Mongolia,ccs,0.0,0.0,0.0,0.0,0.0,True
2050,P0346,Inner Mongolia,biomass,0.0,0.0,0.0,0.0,0.0,True
2050,P0346,Inner Mongolia,beccs,0.0,0.0,0.0,0.0,0.0,True
2050,P0346,Inner Mongolia,ammonia,0.0,0.0,0.0,0.0,0.0,True
2050,P0347,Ningxia,unabated,0.0,0.0,0.0,0.0,0.0,True
2050,P0347,Ningxia,retire,0.6100210056905464,2304588.597062224,1.8897626495910238,1.8897626495910238,0.0,True
2050,P0347,Ningxia,ccs,0.0,0.0,0.0,0.0,0.0,True
2050,P0347,Ningxia,biomass,0.0,0.0,0.0,0.0,0.0,True
2050,P0347,Ningxia,beccs,0.38997899430945454,1473295.4029377794,1.208102230408979,2.29539423777706,1.2503858084732933,True
2050,P0347,Ningxia,ammonia,0.0,0.0,0.0,0.0,0.0,True
2050,P0348,Jiangsu,unabated,0.0,0.0,0.0,0.0,0.0,True
2050,P0348,Jiangsu,retire,0.0,0.0,0.0,0.0,0.0,True
2050,P0348,Jiangsu,ccs,0.0,0.0,0.0,0.0,0.0,True
2050,P0348,Jiangsu,biomass,0.0,0.0,0.0,0.0,0.0,True
2050,P0348,Jiangsu,beccs,1.0,25729515.0,21.098202299999997,40.08658436999999,20.380863421799994,True
2050,P0348,Jiangsu,ammonia,0.0,0.0,0.0,0.0,0.0,True
2050,P0349,Guangdong,unabated,0.0,0.0,0.0,0.0,0.0,True
2050,P0349,Guangdong,retire,0.0,0.0,0.0,0.0,0.0,True
2050,P0349,Guangdong,ccs,0.0,0.0,0.0,0.0,0.0,True
2050,P0349,Guangdong,biomass,0.0,0.0,0.0,0.0,0.0,True
2050,P0349,Guangdong,beccs,1.0,6281210.0,5.150592199999999,9.786125179999997,4.975472065199999,True
2050,P0349,Guangdong,ammonia,0.0,0.0,0.0,0.0,0.0,True
2050,P0350,Guangxi,unabated,0.0,0.0,0.0,0.0,0.0,True
2050,P0350,Guangxi,retire,0.0,0.0,0.0,0.0,0.0,True
2050,P0350,Guangxi,ccs,0.0,0.0,0.0,0.0,0.0,True
2050,P0350,Guangxi,biomass,1.0,622258.0,0.51025156,0.51025156,0.0,True
2050,P0350,Guangxi,beccs,0.0,0.0,0.0,0.0,0.0,True
2050,P0350,Guangxi,ammonia,0.0,0.0,0.0,0.0,0.0,True
2060,P0001,Fujian,unabated,0.0,0.0,0.0,0.0,0.0,True
2060,P0001,Fujian,retire,0.47817282085911805,30051828.645171013,24.64249948904023,24.64249948904023,0.0,True
2060,P0001,Fujian,ccs,0.0,0.0,0.0,0.0,0.0,True
2060,P0001,Fujian,biomass,0.0,0.0,0.0,0.0,0.0,True
2060,P0001,Fujian,beccs,0.5218271791408822,32795383.354829,26.892214350959776,51.09520726682358,25.977879063027142,True
2060,P0001,Fujian,ammonia,0.0,0.0,0.0,0.0,0.0,True
2060,P0002,Shanxi,unabated,0.0,0.0,0.0,0.0,0.0,True
2060,P0002,Shanxi,retire,1.0,64951884.99999999,53.26054569999999,53.26054569999999,0.0,True
2060,P0002,Shanxi,ccs,0.0,0.0,0.0,0.0,0.0,True
2060,P0002,Shanxi,biomass,0.0,0.0,0.0,0.0,0.0,True
2060,P0002,Shanxi,beccs,0.0,0.0,0.0,0.0,0.0,True
2060,P0002,Shanxi,ammonia,0.0,0.0,0.0,0.0,0.0,True
2060,P0003,Chongqing,unabated,0.0,0.0,0.0,0.0,0.0,True
2060,P0003,Chongqing,retire,0.0,0.0,0.0,0.0,0.0,True
2060,P0003,Chongqing,ccs,0.0,0.0,0.0,0.0,0.0,True
2060,P0003,Chongqing,biomass,0.0,0.0,0.0,0.0,0.0,True
2060,P0003,Chongqing,beccs,1.0,32432763.0,26.59486566,50.530244753999995,25.69064022756,True
2060,P0003,Chongqing,ammonia,0.0,0.0,0.0,0.0,0.0,True
2060,P0004,Inner Mongolia,unabated,0.0,0.0,0.0,0.0,0.0,True
2060,P0004,Inner Mongolia,retire,0.41790455604573784,4541803.43128732,3.7242788136556024,3.7242788136556024,0.0,True
2060,P0004,Inner Mongolia,ccs,0.022232038521125323,241618.68392913084,0.19812732082188728,0.17831458873969855,0.19139099191394304,True
2060,P0004,Inner Mongolia,biomass,0.0,0.0,0.0,0.0,0.0,True
2060,P0004,Inner Mongolia,beccs,0.5598634054331367,6084617.884783547,4.989386665522508,9.479834664492765,4.819747518894742,True
2060,P0004,Inner Mongolia,ammonia,0.0,0.0,0.0,0.0,0.0,True
2060,P0005,Sichuan,unabated,0.0,0.0,0.0,0.0,0.0,True
2060,P0005,Sichuan,retire,0.0,0.0,0.0,0.0,0.0,True
2060,P0005,Sichuan,ccs,0.0,0.0,0.0,0.0,0.0,True
2060,P0005,Sichuan,biomass,0.09392859146699706,1766932.6262374755,1.44888475351473,1.44888475351473,0.0,True
2060,P0005,Sichuan,beccs,0.9060714085330036,17044513.373762533,13.976500966485277,26.555351836322025,13.501299933624773,True
2060,P0005,Sichuan,ammonia,0.0,0.0,0.0,0.0,0.0,True
2060,P0006,Hebei,unabated,0.0,0.0,0.0,0.0,0.0,True
2060,P0006,Hebei,retire,1.0,22899214.0,18.77735548,18.77735548,0.0,True
2060,P0006,Hebei,ccs,0.0,0.0,0.0,0.0,0.0,True
2060,P0006,Hebei,biomass,0.0,0.0,0.0,0.0,0.0,True
2060,P0006,Hebei,beccs,0.0,0.0,0.0,0.0,0.0,True
2060,P0006,Hebei,ammonia,0.0,0.0,0.0,0.0,0.0,True
2060,P0007,Hebei,unabated,0.0,0.0,0.0,0.0,0.0,True
2060,P0007,Hebei,retire,1.0,38741549.6,31.768070671999997,31.768070671999997,0.0,True
2060,P0007,Hebei,ccs,0.0,0.0,0.0,0.0,0.0,True
2060,P0007,Hebei,biomass,0.0,0.0,0.0,0.0,0.0,True
2060,P0007,Hebei,beccs,0.0,0.0,0.0,0.0,0.0,True
2060,P0007,Hebei,ammonia,0.0,0.0,0.0,0.0,0.0,True
2060,P0008,Shandong,unabated,0.0,0.0,0.0,0.0,0.0,True
2060,P0008,Shandong,retire,0.07930346791808784,946246.5683731996,0.7759221860660236,0.7759221860660236,0.0,True
2060,P0008,Shandong,ccs,0.0,0.0,0.0,0.0,0.0,True
2060,P0008,Shandong,biomass,0.9206965320819122,10985723.031626802,9.008292885933976,9.008292885933976,0.0,True
2060,P0008,Shandong,beccs,0.0,0.0,0.0,0.0,0.0,True
2060,P0008,Shandong,ammonia,0.0,0.0,0.0,0.0,0.0,True
2060,P0009,Inner Mongolia,unabated,0.0,0.0,0.0,0.0,0.0,True
2060,P0009,Inner Mongolia,retire,1.0,107372210.0,88.0452122,88.0452122,0.0,True
2060,P0009,Inner Mongolia,ccs,0.0,0.0,0.0,0.0,0.0,True
2060,P0009,Inner Mongolia,biomass,0.0,0.0,0.0,0.0,0.0,True
2060,P0009,Inner Mongolia,beccs,0.0,0.0,0.0,0.0,0.0,True
2060,P0009,Inner Mongolia,ammonia,0.0,0.0,0.0,0.0,0.0,True
2060,P0010,Yunnan,unabated,0.0,0.0,0.0,0.0,0.0,True
2060,P0010,Yunnan,retire,0.0,0.0,0.0,0.0,0.0,True
2060,P0010,Yunnan,ccs,0.0,0.0,0.0,0.0,0.0,True
2060,P0010,Yunnan,biomass,1.0,16673783.999999998,13.672502879999998,13.672502879999998,0.0,True
2060,P0010,Yunnan,beccs,0.0,0.0,0.0,0.0,0.0,True
2060,P0010,Yunnan,ammonia,0.0,0.0,0.0,0.0,0.0,True
2060,P0011,Guangdong,unabated,0.0,0.0,0.0,0.0,0.0,True
2060,P0011,Guangdong,retire,1.0,41214401.0,33.79580882,33.79580882,0.0,True
2060,P0011,Guangdong,ccs,0.0,0.0,0.0,0.0,0.0,True
2060,P0011,Guangdong,biomass,0.0,0.0,0.0,0.0,0.0,True
2060,P0011,Guangdong,beccs,0.0,0.0,0.0,0.0,0.0,True
2060,P0011,Guangdong,ammonia,0.0,0.0,0.0,0.0,0.0,True
2060,P0012,Liaoning,unabated,0.0,0.0,0.0,0.0,0.0,True
2060,P0012,Liaoning,retire,0.0,0.0,0.0,0.0,0.0,True
2060,P0012,Liaoning,ccs,0.0,0.0,0.0,0.0,0.0,True
2060,P0012,Liaoning,biomass,1.0,17363920.0,14.238414399999998,14.238414399999998,0.0,True
2060,P0012,Liaoning,beccs,0.0,0.0,0.0,0.0,0.0,True
2060,P0012,Liaoning,ammonia,0.0,0.0,0.0,0.0,0.0,True
2060,P0013,Shanxi,unabated,0.0,0.0,0.0,0.0,0.0,True
2060,P0013,Shanxi,retire,1.0,81340315.0,66.69905829999999,66.69905829999999,0.0,True
2060,P0013,Shanxi,ccs,0.0,0.0,0.0,0.0,0.0,True
2060,P0013,Shanxi,biomass,0.0,0.0,0.0,0.0,0.0,True
2060,P0013,Shanxi,beccs,0.0,0.0,0.0,0.0,0.0,True
2060,P0013,Shanxi,ammonia,0.0,0.0,0.0,0.0,0.0,True
2060,P0014,Guangdong,unabated,0.0,0.0,0.0,0.0,0.0,True
2060,P0014,Guangdong,retire,0.0,0.0,0.0,0.0,0.0,True
2060,P0014,Guangdong,ccs,0.0,0.0,0.0,0.0,0.0,True
2060,P0014,Guangdong,biomass,0.0,0.0,0.0,0.0,0.0,True
2060,P0014,Guangdong,beccs,1.0,11885982.0,9.74650524,18.518359955999998,9.415124061839999,True
2060,P0014,Guangdong,ammonia,0.0,0.0,0.0,0.0,0.0,True
2060,P0015,Hunan,unabated,0.0,0.0,0.0,0.0,0.0,True
2060,P0015,Hunan,retire,0.0,0.0,0.0,0.0,0.0,True
2060,P0015,Hunan,ccs,0.0,0.0,0.0,0.0,0.0,True
2060,P0015,Hunan,biomass,1.0,9884457.0,8.10525474,8.10525474,0.0,True
2060,P0015,Hunan,beccs,0.0,0.0,0.0,0.0,0.0,True
2060,P0015,Hunan,ammonia,0.0,0.0,0.0,0.0,0.0,True
2060,P0016,Hubei,unabated,0.0,0.0,0.0,0.0,0.0,True
2060,P0016,Hubei,retire,0.0,0.0,0.0,0.0,0.0,True
2060,P0016,Hubei,ccs,0.0,0.0,0.0,0.0,0.0,True
2060,P0016,Hubei,biomass,0.9574374480040208,30443263.218704227,24.963475839337463,24.963475839337463,0.0,True
2060,P0016,Hubei,beccs,0.04256255199597922,1353344.7812957687,1.10974272066253,2.1085111692588074,1.072011468160004,True
2060,P0016,Hubei,ammonia,0.0,0.0,0.0,0.0,0.0,True
2060,P0017,Jiangsu,unabated,0.0,0.0,0.0,0.0,0.0,True
2060,P0017,Jiangsu,retire,0.0,0.0,0.0,0.0,0.0,True
2060,P0017,Jiangsu,ccs,0.0,0.0,0.0,0.0,0.0,True
2060,P0017,Jiangsu,biomass,0.0,0.0,0.0,0.0,0.0,True
2060,P0017,Jiangsu,beccs,1.0,46744460.0,38.3304572,72.82786868,37.027221655199995,True
2060,P0017,Jiangsu,ammonia,0.0,0.0,0.0,0.0,0.0,True
2060,P0018,Jilin,unabated,0.0,0.0,0.0,0.0,0.0,True
2060,P0018,Jilin,retire,0.0,0.0,0.0,0.0,0.0,True
2060,P0018,Jilin,ccs,0.0,0.0,0.0,0.0,0.0,True
2060,P0018,Jilin,biomass,1.0,3838684.0,3.14772088,3.14772088,0.0,True
2060,P0018,Jilin,beccs,0.0,0.0,0.0,0.0,0.0,True
2060,P0018,Jilin,ammonia,0.0,0.0,0.0,0.0,0.0,True
2060,P0019,Hunan,unabated,0.0,0.0,0.0,0.0,0.0,True
2060,P0019,Hunan,retire,0.0,0.0,0.0,0.0,0.0,True
2060,P0019,Hunan,ccs,0.0,0.0,0.0,0.0,0.0,True
2060,P0019,Hunan,biomass,1.0,15119703.0,12.39815646,12.39815646,0.0,True
2060,P0019,Hunan,beccs,0.0,0.0,0.0,0.0,0.0,True
2060,P0019,Hunan,ammonia,0.0,0.0,0.0,0.0,0.0,True
2060,P0020,Zhejiang,unabated,0.0,0.0,0.0,0.0,0.0,True
2060,P0020,Zhejiang,retire,1.0,67514054.1,55.36152436199999,55.36152436199999,0.0,True
2060,P0020,Zhejiang,ccs,0.0,0.0,0.0,0.0,0.0,True
2060,P0020,Zhejiang,biomass,0.0,0.0,0.0,0.0,0.0,True
2060,P0020,Zhejiang,beccs,0.0,0.0,0.0,0.0,0.0,True
2060,P0020,Zhejiang,ammonia,0.0,0.0,0.0,0.0,0.0,True
2060,P0021,Shandong,unabated,0.0,0.0,0.0,0.0,0.0,True
2060,P0021,Shandong,retire,1.0,45246412.50000001,37.102058250000006,37.102058250000006,0.0,True
2060,P0021,Shandong,ccs,0.0,0.0,0.0,0.0,0.0,True
2060,P0021,Shandong,biomass,0.0,0.0,0.0,0.0,0.0,True
2060,P0021,Shandong,beccs,0.0,0.0,0.0,0.0,0.0,True
2060,P0021,Shandong,ammonia,0.0,0.0,0.0,0.0,0.0,True
2060,P0022,Shandong,unabated,0.0,0.0,0.0,0.0,0.0,True
2060,P0022,Shandong,retire,0.05282181809726283,839666.6866449814,0.6885266830488848,0.6885266830488848,0.0,True
2060,P0022,Shandong,ccs,0.0,0.0,0.0,0.0,0.0,True
2060,P0022,Shandong,biomass,0.9471781819027372,15056542.813355021,12.346365106951117,12.346365106951117,0.0,True
2060,P0022,Shandong,beccs,0.0,0.0,0.0,0.0,0.0,True
2060,P0022,Shandong,ammonia,0.0,0.0,0.0,0.0,0.0,True
2060,P0023,Henan,unabated,0.0,0.0,0.0,0.0,0.0,True
2060,P0023,Henan,retire,0.0,0.0,0.0,0.0,0.0,True
2060,P0023,Henan,ccs,0.0,0.0,0.0,0.0,0.0,True
2060,P0023,Henan,biomass,1.0,20013776.0,16.411296319999998,16.411296319999998,0.0,True
2060,P0023,Henan,beccs,0.0,0.0,0.0,0.0,0.0,True
2060,P0023,Henan,ammonia,0.0,0.0,0.0,0.0,0.0,True
2060,P0024,Chongqing,unabated,0.0,0.0,0.0,0.0,0.0,True
2060,P0024,Chongqing,retire,0.0,0.0,0.0,0.0,0.0,True
2060,P0024,Chongqing,ccs,0.0,0.0,0.0,0.0,0.0,True
2060,P0024,Chongqing,biomass,1.0,5892071.800000001,4.831498876,4.831498876,0.0,True
2060,P0024,Chongqing,beccs,0.0,0.0,0.0,0.0,0.0,True
2060,P0024,Chongqing,ammonia,0.0,0.0,0.0,0.0,0.0,True
2060,P0025,Jilin,unabated,0.0,0.0,0.0,0.0,0.0,True
2060,P0025,Jilin,retire,0.0,0.0,0.0,0.0,0.0,True
2060,P0025,Jilin,ccs,0.0,0.0,0.0,0.0,0.0,True
2060,P0025,Jilin,biomass,0.0,0.0,0.0,0.0,0.0,True
2060,P0025,Jilin,beccs,1.0,15572020.000000002,12.7690564,24.261207159999998,12.334908482399998,True
2060,P0025,Jilin,ammonia,0.0,0.0,0.0,0.0,0.0,True
2060,P0026,Hainan,unabated,0.0,0.0,0.0,0.0,0.0,True
2060,P0026,Hainan,retire,0.0,0.0,0.0,0.0,0.0,True
2060,P0026,Hainan,ccs,0.0,0.0,0.0,0.0,0.0,True
2060,P0026,Hainan,biomass,0.0,0.0,0.0,0.0,0.0,True
2060,P0026,Hainan,beccs,1.0,10564890.0,8.663209799999999,16.460098619999997,8.368660666799999,True
2060,P0026,Hainan,ammonia,0.0,0.0,0.0,0.0,0.0,True
2060,P0027,Shandong,unabated,0.0,0.0,0.0,0.0,0.0,True
2060,P0027,Shandong,retire,0.2605059495570499,15183876.217236094,12.450778498133596,12.450778498133596,0.0,True
2060,P0027,Shandong,ccs,0.0,0.0,0.0,0.0,0.0,True
2060,P0027,Shandong,biomass,0.7394940504429502,43102225.28276392,35.34382473186642,35.34382473186642,0.0,True
2060,P0027,Shandong,beccs,0.0,0.0,0.0,0.0,0.0,True
2060,P0027,Shandong,ammonia,0.0,0.0,0.0,0.0,0.0,True
2060,P0028,Hunan,unabated,0.0,0.0,0.0,0.0,0.0,True
2060,P0028,Hunan,retire,0.0,0.0,0.0,0.0,0.0,True
2060,P0028,Hunan,ccs,0.0,0.0,0.0,0.0,0.0,True
2060,P0028,Hunan,biomass,1.0,22425606.0,18.388996919999997,18.388996919999997,0.0,True
2060,P0028,Hunan,beccs,0.0,0.0,0.0,0.0,0.0,True
2060,P0028,Hunan,ammonia,0.0,0.0,0.0,0.0,0.0,True
2060,P0029,Jilin,unabated,0.0,0.0,0.0,0.0,0.0,True
2060,P0029,Jilin,retire,0.0,0.0,0.0,0.0,0.0,True
2060,P0029,Jilin,ccs,0.0,0.0,0.0,0.0,0.0,True
2060,P0029,Jilin,biomass,0.0,0.0,0.0,0.0,0.0,True
2060,P0029,Jilin,beccs,1.0,434568.0,0.35634575999999996,0.6770569439999999,0.34423000415999994,True
2060,P0029,Jilin,ammonia,0.0,0.0,0.0,0.0,0.0,True
2060,P0030,Jilin,unabated,0.0,0.0,0.0,0.0,0.0,True
2060,P0030,Jilin,retire,0.0,0.0,0.0,0.0,0.0,True
2060,P0030,Jilin,ccs,0.0,0.0,0.0,0.0,0.0,True
2060,P0030,Jilin,biomass,0.0,0.0,0.0,0.0,0.0,True
2060,P0030,Jilin,beccs,1.0,16227493.4,13.306544588,25.282434717199997,12.854122072007998,True
2060,P0030,Jilin,ammonia,0.0,0.0,0.0,0.0,0.0,True
2060,P0031,Shanxi,unabated,0.0,0.0,0.0,0.0,0.0,True
2060,P0031,Shanxi,retire,0.0,0.0,0.0,0.0,0.0,True
2060,P0031,Shanxi,ccs,0.0,0.0,0.0,0.0,0.0,True
2060,P0031,Shanxi,biomass,0.0,0.0,0.0,0.0,0.0,True
2060,P0031,Shanxi,beccs,1.0,22684550.0,18.601331,35.3425289,17.968885745999998,True
2060,P0031,Shanxi,ammonia,0.0,0.0,0.0,0.0,0.0,True
2060,P0032,Henan,unabated,0.0,0.0,0.0,0.0,0.0,True
2060,P0032,Henan,retire,0.0,0.0,0.0,0.0,0.0,True
2060,P0032,Henan,ccs,0.0,0.0,0.0,0.0,0.0,True
2060,P0032,Henan,biomass,1.0,8531052.0,6.9954626399999995,6.9954626399999995,0.0,True
2060,P0032,Henan,beccs,0.0,0.0,0.0,0.0,0.0,True
2060,P0032,Henan,ammonia,0.0,0.0,0.0,0.0,0.0,True
2060,P0033,Henan,unabated,0.0,0.0,0.0,0.0,0.0,True
2060,P0033,Henan,retire,0.0,0.0,0.0,0.0,0.0,True
2060,P0033,Henan,ccs,0.0,0.0,0.0,0.0,0.0,True
2060,P0033,Henan,biomass,1.0,22569492.0,18.50698344,18.50698344,0.0,True
2060,P0033,Henan,beccs,0.0,0.0,0.0,0.0,0.0,True
2060,P0033,Henan,ammonia,0.0,0.0,0.0,0.0,0.0,True
2060,P0034,Shandong,unabated,0.0,0.0,0.0,0.0,0.0,True
2060,P0034,Shandong,retire,1.0,18403842.0,15.09115044,15.09115044,0.0,True
2060,P0034,Shandong,ccs,0.0,0.0,0.0,0.0,0.0,True
2060,P0034,Shandong,biomass,0.0,0.0,0.0,0.0,0.0,True
2060,P0034,Shandong,beccs,0.0,0.0,0.0,0.0,0.0,True
2060,P0034,Shandong,ammonia,0.0,0.0,0.0,0.0,0.0,True
2060,P0035,Anhui,unabated,0.0,0.0,0.0,0.0,0.0,True
2060,P0035,Anhui,retire,1.0,46348752.00000001,38.00597664,38.00597664,0.0,True
2060,P0035,Anhui,ccs,0.0,0.0,0.0,0.0,0.0,True
2060,P0035,Anhui,biomass,0.0,0.0,0.0,0.0,0.0,True
2060,P0035,Anhui,beccs,0.0,0.0,0.0,0.0,0.0,True
2060,P0035,Anhui,ammonia,0.0,0.0,0.0,0.0,0.0,True
2060,P0036,Jiangsu,unabated,0.0,0.0,0.0,0.0,0.0,True
2060,P0036,Jiangsu,retire,1.0,140042791.0,114.83508862,114.83508862,0.0,True
2060,P0036,Jiangsu,ccs,0.0,0.0,0.0,0.0,0.0,True
2060,P0036,Jiangsu,biomass,0.0,0.0,0.0,0.0,0.0,True
2060,P0036,Jiangsu,beccs,0.0,0.0,0.0,0.0,0.0,True
2060,P0036,Jiangsu,ammonia,0.0,0.0,0.0,0.0,0.0,True
2060,P0037,Inner Mongolia,unabated,0.0,0.0,0.0,0.0,0.0,True
2060,P0037,Inner Mongolia,retire,1.0,41962710.0,34.409422199999995,34.409422199999995,0.0,True
2060,P0037,Inner Mongolia,ccs,0.0,0.0,0.0,0.0,0.0,True
2060,P0037,Inner Mongolia,biomass,0.0,0.0,0.0,0.0,0.0,True
2060,P0037,Inner Mongolia,beccs,0.0,0.0,0.0,0.0,0.0,True
2060,P0037,Inner Mongolia,ammonia,0.0,0.0,0.0,0.0,0.0,True
2060,P0038,Sichuan,unabated,0.0,0.0,0.0,0.0,0.0,True
2060,P0038,Sichuan,retire,0.0,0.0,0.0,0.0,0.0,True
2060,P0038,Sichuan,ccs,0.0,0.0,0.0,0.0,0.0,True
2060,P0038,Sichuan,biomass,0.0,0.0,0.0,0.0,0.0,True
2060,P0038,Sichuan,beccs,1.0,24582287.999999996,20.157476159999998,38.299204704,19.472121970559996,True
2060,P0038,Sichuan,ammonia,0.0,0.0,0.0,0.0,0.0,True
2060,P0039,Heilongjiang,unabated,0.0,0.0,0.0,0.0,0.0,True
2060,P0039,Heilongjiang,retire,0.0,0.0,0.0,0.0,0.0,True
2060,P0039,Heilongjiang,ccs,0.0,0.0,0.0,0.0,0.0,True
2060,P0039,Heilongjiang,biomass,0.0,0.0,0.0,0.0,0.0,True
2060,P0039,Heilongjiang,beccs,1.0,7478775.0,6.1325955,11.65193145,5.924087252999999,True
2060,P0039,Heilongjiang,ammonia,0.0,0.0,0.0,0.0,0.0,True
2060,P0040,Shanxi,unabated,0.0,0.0,0.0,0.0,0.0,True
2060,P0040,Shanxi,retire,1.0,29397324.999999996,24.105806499999996,24.105806499999996,0.0,True
2060,P0040,Shanxi,ccs,0.0,0.0,0.0,0.0,0.0,True
2060,P0040,Shanxi,biomass,0.0,0.0,0.0,0.0,0.0,True
2060,P0040,Shanxi,beccs,0.0,0.0,0.0,0.0,0.0,True
2060,P0040,Shanxi,ammonia,0.0,0.0,0.0,0.0,0.0,True
2060,P0041,Hebei,unabated,0.0,0.0,0.0,0.0,0.0,True
2060,P0041,Hebei,retire,0.0,0.0,0.0,0.0,0.0,True
2060,P0041,Hebei,ccs,0.0,0.0,0.0,0.0,0.0,True
2060,P0041,Hebei,biomass,0.3400619697035376,5893389.215970036,4.832579157095429,4.832579157095429,0.0,True
2060,P0041,Hebei,beccs,0.6599380302964629,11436949.784029974,9.378298822904577,17.818767763518697,9.059436662925819,True
2060,P0041,Hebei,ammonia,0.0,0.0,0.0,0.0,0.0,True
2060,P0042,Shandong,unabated,0.0,0.0,0.0,0.0,0.0,True
2060,P0042,Shandong,retire,0.09516083831781386,2622837.49016301,2.150726741933668,2.150726741933668,0.0,True
2060,P0042,Shandong,ccs,0.0,0.0,0.0,0.0,0.0,True
2060,P0042,Shandong,biomass,0.9048391616821861,24939314.509836994,20.450237898066334,20.450237898066334,0.0,True
2060,P0042,Shandong,beccs,0.0,0.0,0.0,0.0,0.0,True
2060,P0042,Shandong,ammonia,0.0,0.0,0.0,0.0,0.0,True
2060,P0043,Anhui,unabated,0.0,0.0,0.0,0.0,0.0,True
2060,P0043,Anhui,retire,0.0,0.0,0.0,0.0,0.0,True
2060,P0043,Anhui,ccs,0.0,0.0,0.0,0.0,0.0,True
2060,P0043,Anhui,biomass,1.0,71657610.0,58.759240199999994,58.759240199999994,0.0,True
2060,P0043,Anhui,beccs,0.0,0.0,0.0,0.0,0.0,True
2060,P0043,Anhui,ammonia,0.0,0.0,0.0,0.0,0.0,True
2060,P0044,Heilongjiang,unabated,0.0,0.0,0.0,0.0,0.0,True
2060,P0044,Heilongjiang,retire,0.0,0.0,0.0,0.0,0.0,True
2060,P0044,Heilongjiang,ccs,0.0,0.0,0.0,0.0,0.0,True
2060,P0044,Heilongjiang,biomass,0.0,0.0,0.0,0.0,0.0,True
2060,P0044,Heilongjiang,beccs,1.0,10278967.500000002,8.428753350000001,16.014631365,8.142175736099999,True
2060,P0044,Heilongjiang,ammonia,0.0,0.0,0.0,0.0,0.0,True
2060,P0045,Henan,unabated,0.0,0.0,0.0,0.0,0.0,True
2060,P0045,Henan,retire,1.0,50070436.0,41.057757519999996,41.057757519999996,0.0,True
2060,P0045,Henan,ccs,0.0,0.0,0.0,0.0,0.0,True
2060,P0045,Henan,biomass,0.0,0.0,0.0,0.0,0.0,True
2060,P0045,Henan,beccs,0.0,0.0,0.0,0.0,0.0,True
2060,P0045,Henan,ammonia,0.0,0.0,0.0,0.0,0.0,True
2060,P0046,Zhejiang,unabated,0.0,0.0,0.0,0.0,0.0,True
2060,P0046,Zhejiang,retire,1.0,102230348.64,83.8288858848,83.8288858848,0.0,True
2060,P0046,Zhejiang,ccs,0.0,0.0,0.0,0.0,0.0,True
2060,P0046,Zhejiang,biomass,0.0,0.0,0.0,0.0,0.0,True
2060,P0046,Zhejiang,beccs,0.0,0.0,0.0,0.0,0.0,True
2060,P0046,Zhejiang,ammonia,0.0,0.0,0.0,0.0,0.0,True
2060,P0047,Liaoning,unabated,0.0,0.0,0.0,0.0,0.0,True
2060,P0047,Liaoning,retire,0.0,0.0,0.0,0.0,0.0,True
2060,P0047,Liaoning,ccs,0.0,0.0,0.0,0.0,0.0,True
2060,P0047,Liaoning,biomass,1.0,10170295.999999998,8.339642719999999,8.339642719999999,0.0,True
2060,P0047,Liaoning,beccs,0.0,0.0,0.0,0.0,0.0,True
2060,P0047,Liaoning,ammonia,0.0,0.0,0.0,0.0,0.0,True
2060,P0048,Shanxi,unabated,0.0,0.0,0.0,0.0,0.0,True
2060,P0048,Shanxi,retire,0.0,0.0,0.0,0.0,0.0,True
2060,P0048,Shanxi,ccs,0.0,0.0,0.0,0.0,0.0,True
2060,P0048,Shanxi,biomass,0.0,0.0,0.0,0.0,0.0,True
2060,P0048,Shanxi,beccs,1.0,6481300.0,5.314666,10.0978654,5.50067931,True
2060,P0048,Shanxi,ammonia,0.0,0.0,0.0,0.0,0.0,True
2060,P0049,Xinjiang,unabated,0.0,0.0,0.0,0.0,0.0,True
2060,P0049,Xinjiang,retire,0.01142137973388102,82033.28328477852,0.06726729229351838,0.06726729229351838,0.0,True
2060,P0049,Xinjiang,ccs,0.988578620266119,7100398.71671522,5.822326947706481,5.240094252935833,5.624367831484459,True
2060,P0049,Xinjiang,biomass,0.0,0.0,0.0,0.0,0.0,True
2060,P0049,Xinjiang,beccs,0.0,0.0,0.0,0.0,0.0,True
2060,P0049,Xinjiang,ammonia,0.0,0.0,0.0,0.0,0.0,True
2060,P0050,Henan,unabated,0.0,0.0,0.0,0.0,0.0,True
2060,P0050,Henan,retire,0.0,0.0,0.0,0.0,0.0,True
2060,P0050,Henan,ccs,0.0,0.0,0.0,0.0,0.0,True
2060,P0050,Henan,biomass,1.0,7055216.0,5.78527712,5.78527712,0.0,True
2060,P0050,Henan,beccs,0.0,0.0,0.0,0.0,0.0,True
2060,P0050,Henan,ammonia,0.0,0.0,0.0,0.0,0.0,True
2060,P0051,Hebei,unabated,0.0,0.0,0.0,0.0,0.0,True
2060,P0051,Hebei,retire,1.0,36442718.0,29.88302876,29.88302876,0.0,True
2060,P0051,Hebei,ccs,0.0,0.0,0.0,0.0,0.0,True
2060,P0051,Hebei,biomass,0.0,0.0,0.0,0.0,0.0,True
2060,P0051,Hebei,beccs,0.0,0.0,0.0,0.0,0.0,True
2060,P0051,Hebei,ammonia,0.0,0.0,0.0,0.0,0.0,True
2060,P0052,Jiangsu,unabated,0.0,0.0,0.0,0.0,0.0,True
2060,P0052,Jiangsu,retire,1.0,137274235.0,112.5648727,112.5648727,0.0,True
2060,P0052,Jiangsu,ccs,0.0,0.0,0.0,0.0,0.0,True
2060,P0052,Jiangsu,biomass,0.0,0.0,0.0,0.0,0.0,True
2060,P0052,Jiangsu,beccs,0.0,0.0,0.0,0.0,0.0,True
2060,P0052,Jiangsu,ammonia,0.0,0.0,0.0,0.0,0.0,True
2060,P0053,Heilongjiang,unabated,0.0,0.0,0.0,0.0,0.0,True
2060,P0053,Heilongjiang,retire,0.0,0.0,0.0,0.0,0.0,True
2060,P0053,Heilongjiang,ccs,0.0,0.0,0.0,0.0,0.0,True
2060,P0053,Heilongjiang,biomass,0.16900902045753421,1646114.057452292,1.3498135271108793,1.3498135271108793,0.0,True
2060,P0053,Heilongjiang,beccs,0.8309909795424658,8093685.94254771,6.636822472889121,12.60996269848933,6.411170508810891,True
2060,P0053,Heilongjiang,ammonia,0.0,0.0,0.0,0.0,0.0,True
2060,P0054,Hebei,unabated,0.0,0.0,0.0,0.0,0.0,True
2060,P0054,Hebei,retire,0.07827057589606745,1541268.3326215998,1.263840032749712,1.263840032749712,0.0,True
2060,P0054,Hebei,ccs,0.0,0.0,0.0,0.0,0.0,True
2060,P0054,Hebei,biomass,0.9217294241039325,18150273.6673784,14.883224407250289,14.883224407250289,0.0,True
2060,P0054,Hebei,beccs,0.0,0.0,0.0,0.0,0.0,True
2060,P0054,Hebei,ammonia,0.0,0.0,0.0,0.0,0.0,True
2060,P0055,Shanxi,unabated,0.0,0.0,0.0,0.0,0.0,True
2060,P0055,Shanxi,retire,0.0,0.0,0.0,0.0,0.0,True
2060,P0055,Shanxi,ccs,0.0,0.0,0.0,0.0,0.0,True
2060,P0055,Shanxi,biomass,0.0,0.0,0.0,0.0,0.0,True
2060,P0055,Shanxi,beccs,1.0,17129150.0,14.045903,26.687215699999996,13.568342298,True
2060,P0055,Shanxi,ammonia,0.0,0.0,0.0,0.0,0.0,True
2060,P0056,Jiangxi,unabated,0.0,0.0,0.0,0.0,0.0,True
2060,P0056,Jiangxi,retire,0.0,0.0,0.0,0.0,0.0,True
2060,P0056,Jiangxi,ccs,0.0,0.0,0.0,0.0,0.0,True
2060,P0056,Jiangxi,biomass,0.0,0.0,0.0,0.0,0.0,True
2060,P0056,Jiangxi,beccs,1.0,19160928.0,15.711960959999999,29.852725823999997,16.2618795936,True
2060,P0056,Jiangxi,ammonia,0.0,0.0,0.0,0.0,0.0,True
2060,P0057,Gansu,unabated,0.0,0.0,0.0,0.0,0.0,True
2060,P0057,Gansu,retire,0.0,0.0,0.0,0.0,0.0,True
2060,P0057,Gansu,ccs,0.0,0.0,0.0,0.0,0.0,True
2060,P0057,Gansu,biomass,0.0,0.0,0.0,0.0,0.0,True
2060,P0057,Gansu,beccs,1.0,12233632.0,10.03157824,19.059998655999998,9.690504579839997,True
2060,P0057,Gansu,ammonia,0.0,0.0,0.0,0.0,0.0,True
2060,P0058,Jiangsu,unabated,0.0,0.0,0.0,0.0,0.0,True
2060,P0058,Jiangsu,retire,0.31492362614015673,7131440.002780393,5.847780802279922,5.847780802279922,0.0,True
2060,P0058,Jiangsu,ccs,0.0,0.0,0.0,0.0,0.0,True
2060,P0058,Jiangsu,biomass,0.6850763738598438,15513542.497219622,12.72110484772009,12.72110484772009,0.0,True
2060,P0058,Jiangsu,beccs,0.0,0.0,0.0,0.0,0.0,True
2060,P0058,Jiangsu,ammonia,0.0,0.0,0.0,0.0,0.0,True
2060,P0059,Inner Mongolia,unabated,0.0,0.0,0.0,0.0,0.0,True
2060,P0059,Inner Mongolia,retire,1.0,104755830.0,85.8997806,85.8997806,0.0,True
2060,P0059,Inner Mongolia,ccs,0.0,0.0,0.0,0.0,0.0,True
2060,P0059,Inner Mongolia,biomass,0.0,0.0,0.0,0.0,0.0,True
2060,P0059,Inner Mongolia,beccs,0.0,0.0,0.0,0.0,0.0,True
2060,P0059,Inner Mongolia,ammonia,0.0,0.0,0.0,0.0,0.0,True
2060,P0060,Shandong,unabated,0.0,0.0,0.0,0.0,0.0,True
2060,P0060,Shandong,retire,0.13229039738717896,2862734.8574484126,2.347442583107698,2.347442583107698,0.0,True
2060,P0060,Shandong,ccs,0.0,0.0,0.0,0.0,0.0,True
2060,P0060,Shandong,biomass,0.8677096026128212,18777043.342551593,15.397175540892306,15.397175540892306,0.0,True
2060,P0060,Shandong,beccs,0.0,0.0,0.0,0.0,0.0,True
2060,P0060,Shandong,ammonia,0.0,0.0,0.0,0.0,0.0,True
2060,P0061,Shandong,unabated,0.0,0.0,0.0,0.0,0.0,True
2060,P0061,Shandong,retire,0.0,0.0,0.0,0.0,0.0,True
2060,P0061,Shandong,ccs,0.0,0.0,0.0,0.0,0.0,True
2060,P0061,Shandong,biomass,0.0948513716059618,1621532.7615061796,1.329656864435067,1.329656864435067,0.0,True
2060,P0061,Shandong,beccs,0.9051486283940385,15473979.23849383,12.68866297556494,24.108459653573384,12.25724843439573,True
2060,P0061,Shandong,ammonia,0.0,0.0,0.0,0.0,0.0,True
2060,P0062,Xinjiang,unabated,0.0,0.0,0.0,0.0,0.0,True
2060,P0062,Xinjiang,retire,0.0,0.0,0.0,0.0,0.0,True
2060,P0062,Xinjiang,ccs,0.2944068874784918,1508177.0045268687,1.2367051437120322,1.113034629340829,1.1946571688258227,True
2060,P0062,Xinjiang,biomass,0.0,0.0,0.0,0.0,0.0,True
2060,P0062,Xinjiang,beccs,0.7055931125215109,3614586.9954731455,2.963961336287979,5.63152653894716,2.8631866508541868,True
2060,P0062,Xinjiang,ammonia,0.0,0.0,0.0,0.0,0.0,True
2060,P0063,Ningxia,unabated,0.0,0.0,0.0,0.0,0.0,True
2060,P0063,Ningxia,retire,1.0,8748784.0,7.17400288,7.17400288,0.0,True
2060,P0063,Ningxia,ccs,0.0,0.0,0.0,0.0,0.0,True
2060,P0063,Ningxia,biomass,0.0,0.0,0.0,0.0,0.0,True
2060,P0063,Ningxia,beccs,0.0,0.0,0.0,0.0,0.0,True
2060,P0063,Ningxia,ammonia,0.0,0.0,0.0,0.0,0.0,True
2060,P0064,Shandong,unabated,0.0,0.0,0.0,0.0,0.0,True
2060,P0064,Shandong,retire,1.0,18229398.000000004,14.94810636,14.94810636,0.0,True
2060,P0064,Shandong,ccs,0.0,0.0,0.0,0.0,0.0,True
2060,P0064,Shandong,biomass,0.0,0.0,0.0,0.0,0.0,True
2060,P0064,Shandong,beccs,0.0,0.0,0.0,0.0,0.0,True
2060,P0064,Shandong,ammonia,0.0,0.0,0.0,0.0,0.0,True
2060,P0065,Xinjiang,unabated,0.0,0.0,0.0,0.0,0.0,True
2060,P0065,Xinjiang,retire,0.0,0.0,0.0,0.0,0.0,True
2060,P0065,Xinjiang,ccs,1.0,17824049.999999996,14.615720999999997,13.154148899999997,14.118786485999996,True
2060,P0065,Xinjiang,biomass,0.0,0.0,0.0,0.0,0.0,True
2060,P0065,Xinjiang,beccs,0.0,0.0,0.0,0.0,0.0,True
2060,P0065,Xinjiang,ammonia,0.0,0.0,0.0,0.0,0.0,True
2060,P0066,Fujian,unabated,0.0,0.0,0.0,0.0,0.0,True
2060,P0066,Fujian,retire,1.0,45243841.199999996,37.099949783999996,37.099949783999996,0.0,True
2060,P0066,Fujian,ccs,0.0,0.0,0.0,0.0,0.0,True
2060,P0066,Fujian,biomass,0.0,0.0,0.0,0.0,0.0,True
2060,P0066,Fujian,beccs,0.0,0.0,0.0,0.0,0.0,True
2060,P0066,Fujian,ammonia,0.0,0.0,0.0,0.0,0.0,True
2060,P0067,Hebei,unabated,0.0,0.0,0.0,0.0,0.0,True
2060,P0067,Hebei,retire,0.2613945388787827,8943658.062020082,7.333799610856467,7.333799610856467,0.0,True
2060,P0067,Hebei,ccs,0.0,0.0,0.0,0.0,0.0,True
2060,P0067,Hebei,biomass,0.06184810238869598,2116143.2137104343,1.735237435242556,1.735237435242556,0.0,True
2060,P0067,Hebei,beccs,0.6767573587325222,23155366.724269513,18.987400713901,36.0760613564119,18.341829089628362,True
2060,P0067,Hebei,ammonia,0.0,0.0,0.0,0.0,0.0,True
2060,P0068,Zhejiang,unabated,0.0,0.0,0.0,0.0,0.0,True
2060,P0068,Zhejiang,retire,0.0,0.0,0.0,0.0,0.0,True
2060,P0068,Zhejiang,ccs,0.01514797866517602,339167.612505136,0.27811744225421153,0.2503056980287904,0.26866144921756824,True
2060,P0068,Zhejiang,biomass,0.0,0.0,0.0,0.0,0.0,True
2060,P0068,Zhejiang,beccs,0.9848520213348242,22051120.88749487,18.081919127745795,34.35564634271701,17.467133877402432,True
2060,P0068,Zhejiang,ammonia,0.0,0.0,0.0,0.0,0.0,True
2060,P0069,Shaanxi,unabated,0.0,0.0,0.0,0.0,0.0,True
2060,P0069,Shaanxi,retire,0.0,0.0,0.0,0.0,0.0,True
2060,P0069,Shaanxi,ccs,0.0,0.0,0.0,0.0,0.0,True
2060,P0069,Shaanxi,biomass,0.0,0.0,0.0,0.0,0.0,True
2060,P0069,Shaanxi,beccs,1.0,18152000.0,14.88464,28.280815999999998,14.378562239999997,True
2060,P0069,Shaanxi,ammonia,0.0,0.0,0.0,0.0,0.0,True
2060,P0070,Shandong,unabated,0.0,0.0,0.0,0.0,0.0,True
2060,P0070,Shandong,retire,0.0,0.0,0.0,0.0,0.0,True
2060,P0070,Shandong,ccs,0.0,0.0,0.0,0.0,0.0,True
2060,P0070,Shandong,biomass,1.0,25817712.000000004,21.170523840000005,21.170523840000005,0.0,True
2060,P0070,Shandong,beccs,0.0,0.0,0.0,0.0,0.0,True
2060,P0070,Shandong,ammonia,0.0,0.0,0.0,0.0,0.0,True
2060,P0071,Guizhou,unabated,0.0,0.0,0.0,0.0,0.0,True
2060,P0071,Guizhou,retire,1.0,23735500.0,19.46311,19.46311,0.0,True
2060,P0071,Guizhou,ccs,0.0,0.0,0.0,0.0,0.0,True
2060,P0071,Guizhou,biomass,0.0,0.0,0.0,0.0,0.0,True
2060,P0071,Guizhou,beccs,0.0,0.0,0.0,0.0,0.0,True
2060,P0071,Guizhou,ammonia,0.0,0.0,0.0,0.0,0.0,True
2060,P0072,Heilongjiang,unabated,0.0,0.0,0.0,0.0,0.0,True
2060,P0072,Heilongjiang,retire,0.0,0.0,0.0,0.0,0.0,True
2060,P0072,Heilongjiang,ccs,0.0,0.0,0.0,0.0,0.0,True
2060,P0072,Heilongjiang,biomass,0.12897974325842365,717849.6590790827,0.5886367204448478,0.5886367204448478,0.0,True
2060,P0072,Heilongjiang,beccs,0.871020256741577,4847750.340920921,3.9751552795551555,7.552795031154795,3.840000000050279,True
2060,P0072,Heilongjiang,ammonia,0.0,0.0,0.0,0.0,0.0,True
2060,P0073,Liaoning,unabated,0.0,0.0,0.0,0.0,0.0,True
2060,P0073,Liaoning,retire,0.0,0.0,0.0,0.0,0.0,True
2060,P0073,Liaoning,ccs,0.0,0.0,0.0,0.0,0.0,True
2060,P0073,Liaoning,biomass,1.0,6340931.499999999,5.199563829999999,5.199563829999999,0.0,True
2060,P0073,Liaoning,beccs,0.0,0.0,0.0,0.0,0.0,True
2060,P0073,Liaoning,ammonia,0.0,0.0,0.0,0.0,0.0,True
2060,P0074,Shaanxi,unabated,0.0,0.0,0.0,0.0,0.0,True
2060,P0074,Shaanxi,retire,1.0,36893940.0,30.253030799999998,30.253030799999998,0.0,True
2060,P0074,Shaanxi,ccs,0.0,0.0,0.0,0.0,0.0,True
2060,P0074,Shaanxi,biomass,0.0,0.0,0.0,0.0,0.0,True
2060,P0074,Shaanxi,beccs,0.0,0.0,0.0,0.0,0.0,True
2060,P0074,Shaanxi,ammonia,0.0,0.0,0.0,0.0,0.0,True
2060,P0075,Henan,unabated,0.0,0.0,0.0,0.0,0.0,True
2060,P0075,Henan,retire,0.0,0.0,0.0,0.0,0.0,True
2060,P0075,Henan,ccs,0.0,0.0,0.0,0.0,0.0,True
2060,P0075,Henan,biomass,1.0,7127208.0,5.844310559999999,5.844310559999999,0.0,True
2060,P0075,Henan,beccs,0.0,0.0,0.0,0.0,0.0,True
2060,P0075,Henan,ammonia,0.0,0.0,0.0,0.0,0.0,True
2060,P0076,Guangxi,unabated,0.0,0.0,0.0,0.0,0.0,True
2060,P0076,Guangxi,retire,0.0,0.0,0.0,0.0,0.0,True
2060,P0076,Guangxi,ccs,0.0,0.0,0.0,0.0,0.0,True
2060,P0076,Guangxi,biomass,1.0,13593944.000000002,11.147034080000001,11.147034080000001,0.0,True
2060,P0076,Guangxi,beccs,0.0,0.0,0.0,0.0,0.0,True
2060,P0076,Guangxi,ammonia,0.0,0.0,0.0,0.0,0.0,True
2060,P0077,Xinjiang,unabated,0.0,0.0,0.0,0.0,0.0,True
2060,P0077,Xinjiang,retire,1.0,41298983.99999999,33.86516688,33.86516688,0.0,True
2060,P0077,Xinjiang,ccs,0.0,0.0,0.0,0.0,0.0,True
2060,P0077,Xinjiang,biomass,0.0,0.0,0.0,0.0,0.0,True
2060,P0077,Xinjiang,beccs,0.0,0.0,0.0,0.0,0.0,True
2060,P0077,Xinjiang,ammonia,0.0,0.0,0.0,0.0,0.0,True
2060,P0078,Heilongjiang,unabated,0.0,0.0,0.0,0.0,0.0,True
2060,P0078,Heilongjiang,retire,0.0,0.0,0.0,0.0,0.0,True
2060,P0078,Heilongjiang,ccs,0.0,0.0,0.0,0.0,0.0,True
2060,P0078,Heilongjiang,biomass,0.0,0.0,0.0,0.0,0.0,True
2060,P0078,Heilongjiang,beccs,1.0,18122985.0,14.860847699999999,28.235610629999996,14.355578878199998,True
2060,P0078,Heilongjiang,ammonia,0.0,0.0,0.0,0.0,0.0,True
2060,P0079,Guangxi,unabated,0.0,0.0,0.0,0.0,0.0,True
2060,P0079,Guangxi,retire,0.3057552306369703,12996128.524266267,10.656825389898339,10.656825389898339,0.0,True
2060,P0079,Guangxi,ccs,0.0,0.0,0.0,0.0,0.0,True
2060,P0079,Guangxi,biomass,0.0,0.0,0.0,0.0,0.0,True
2060,P0079,Guangxi,beccs,0.6942447693630299,29508879.475733742,24.197281170101668,45.97483422319317,23.37457361031821,True
2060,P0079,Guangxi,ammonia,0.0,0.0,0.0,0.0,0.0,True
2060,P0080,Shandong,unabated,0.0,0.0,0.0,0.0,0.0,True
2060,P0080,Shandong,retire,0.0,0.0,0.0,0.0,0.0,True
2060,P0080,Shandong,ccs,0.0,0.0,0.0,0.0,0.0,True
2060,P0080,Shandong,biomass,1.0,21587445.000000004,17.701704900000003,17.701704900000003,0.0,True
2060,P0080,Shandong,beccs,0.0,0.0,0.0,0.0,0.0,True
2060,P0080,Shandong,ammonia,0.0,0.0,0.0,0.0,0.0,True
2060,P0081,Gansu,unabated,0.0,0.0,0.0,0.0,0.0,True
2060,P0081,Gansu,retire,1.0,8798160.0,7.214491199999999,7.214491199999999,0.0,True
2060,P0081,Gansu,ccs,0.0,0.0,0.0,0.0,0.0,True
2060,P0081,Gansu,biomass,0.0,0.0,0.0,0.0,0.0,True
2060,P0081,Gansu,beccs,0.0,0.0,0.0,0.0,0.0,True
2060,P0081,Gansu,ammonia,0.0,0.0,0.0,0.0,0.0,True
2060,P0082,Liaoning,unabated,0.0,0.0,0.0,0.0,0.0,True
2060,P0082,Liaoning,retire,0.0,0.0,0.0,0.0,0.0,True
2060,P0082,Liaoning,ccs,0.0,0.0,0.0,0.0,0.0,True
2060,P0082,Liaoning,biomass,1.0,7751749.999999999,6.356434999999999,6.356434999999999,0.0,True
2060,P0082,Liaoning,beccs,0.0,0.0,0.0,0.0,0.0,True
2060,P0082,Liaoning,ammonia,0.0,0.0,0.0,0.0,0.0,True
2060,P0083,Shaanxi,unabated,0.0,0.0,0.0,0.0,0.0,True
2060,P0083,Shaanxi,retire,1.0,58041020.0,47.5936364,47.5936364,0.0,True
2060,P0083,Shaanxi,ccs,0.0,0.0,0.0,0.0,0.0,True
2060,P0083,Shaanxi,biomass,0.0,0.0,0.0,0.0,0.0,True
2060,P0083,Shaanxi,beccs,0.0,0.0,0.0,0.0,0.0,True
2060,P0083,Shaanxi,ammonia,0.0,0.0,0.0,0.0,0.0,True
2060,P0084,Shaanxi,unabated,0.0,0.0,0.0,0.0,0.0,True
2060,P0084,Shaanxi,retire,1.0,12207220.0,10.009920399999999,10.009920399999999,0.0,True
2060,P0084,Shaanxi,ccs,0.0,0.0,0.0,0.0,0.0,True
2060,P0084,Shaanxi,biomass,0.0,0.0,0.0,0.0,0.0,True
2060,P0084,Shaanxi,beccs,0.0,0.0,0.0,0.0,0.0,True
2060,P0084,Shaanxi,ammonia,0.0,0.0,0.0,0.0,0.0,True
2060,P0085,Jiangsu,unabated,0.0,0.0,0.0,0.0,0.0,True
2060,P0085,Jiangsu,retire,1.0,50405775.00000001,41.3327355,41.3327355,0.0,True
2060,P0085,Jiangsu,ccs,0.0,0.0,0.0,0.0,0.0,True
2060,P0085,Jiangsu,biomass,0.0,0.0,0.0,0.0,0.0,True
2060,P0085,Jiangsu,beccs,0.0,0.0,0.0,0.0,0.0,True
2060,P0085,Jiangsu,ammonia,0.0,0.0,0.0,0.0,0.0,True
2060,P0086,Shaanxi,unabated,0.0,0.0,0.0,0.0,0.0,True
2060,P0086,Shaanxi,retire,1.0,42929480.0,35.2021736,35.2021736,0.0,True
2060,P0086,Shaanxi,ccs,0.0,0.0,0.0,0.0,0.0,True
2060,P0086,Shaanxi,biomass,0.0,0.0,0.0,0.0,0.0,True
2060,P0086,Shaanxi,beccs,0.0,0.0,0.0,0.0,0.0,True
2060,P0086,Shaanxi,ammonia,0.0,0.0,0.0,0.0,0.0,True
2060,P0087,Hebei,unabated,0.0,0.0,0.0,0.0,0.0,True
2060,P0087,Hebei,retire,0.0,0.0,0.0,0.0,0.0,True
2060,P0087,Hebei,ccs,0.0,0.0,0.0,0.0,0.0,True
2060,P0087,Hebei,biomass,1.0,13588055.000000002,11.142205100000002,11.142205100000002,0.0,True
2060,P0087,Hebei,beccs,0.0,0.0,0.0,0.0,0.0,True
2060,P0087,Hebei,ammonia,0.0,0.0,0.0,0.0,0.0,True
2060,P0088,Zhejiang,unabated,0.0,0.0,0.0,0.0,0.0,True
2060,P0088,Zhejiang,retire,0.0,0.0,0.0,0.0,0.0,True
2060,P0088,Zhejiang,ccs,0.0,0.0,0.0,0.0,0.0,True
2060,P0088,Zhejiang,biomass,0.0,0.0,0.0,0.0,0.0,True
2060,P0088,Zhejiang,beccs,1.0,15775605.0,12.935996099999999,24.578392589999996,12.496172232599998,True
2060,P0088,Zhejiang,ammonia,0.0,0.0,0.0,0.0,0.0,True
2060,P0089,Ningxia,unabated,0.0,0.0,0.0,0.0,0.0,True
2060,P0089,Ningxia,retire,1.0,131480305.0,107.8138501,107.8138501,0.0,True
2060,P0089,Ningxia,ccs,0.0,0.0,0.0,0.0,0.0,True
2060,P0089,Ningxia,biomass,0.0,0.0,0.0,0.0,0.0,True
2060,P0089,Ningxia,beccs,0.0,0.0,0.0,0.0,0.0,True
2060,P0089,Ningxia,ammonia,0.0,0.0,0.0,0.0,0.0,True
2060,P0090,Guangdong,unabated,0.0,0.0,0.0,0.0,0.0,True
2060,P0090,Guangdong,retire,1.0,34962181.2,28.668988584,28.668988584,0.0,True
2060,P0090,Guangdong,ccs,0.0,0.0,0.0,0.0,0.0,True
2060,P0090,Guangdong,biomass,0.0,0.0,0.0,0.0,0.0,True
2060,P0090,Guangdong,beccs,0.0,0.0,0.0,0.0,0.0,True
2060,P0090,Guangdong,ammonia,0.0,0.0,0.0,0.0,0.0,True
2060,P0091,Guangdong,unabated,0.0,0.0,0.0,0.0,0.0,True
2060,P0091,Guangdong,retire,0.0,0.0,0.0,0.0,0.0,True
2060,P0091,Guangdong,ccs,0.0,0.0,0.0,0.0,0.0,True
2060,P0091,Guangdong,biomass,0.0,0.0,0.0,0.0,0.0,True
2060,P0091,Guangdong,beccs,1.0,35657946.0,29.23951572,55.555079868,28.245372185519997,True
2060,P0091,Guangdong,ammonia,0.0,0.0,0.0,0.0,0.0,True
2060,P0092,Jiangxi,unabated,0.0,0.0,0.0,0.0,0.0,True
2060,P0092,Jiangxi,retire,0.0,0.0,0.0,0.0,0.0,True
2060,P0092,Jiangxi,ccs,0.0,0.0,0.0,0.0,0.0,True
2060,P0092,Jiangxi,biomass,1.0,36462960.0,29.899627199999998,29.899627199999998,0.0,True
2060,P0092,Jiangxi,beccs,0.0,0.0,0.0,0.0,0.0,True
2060,P0092,Jiangxi,ammonia,0.0,0.0,0.0,0.0,0.0,True
2060,P0093,Hunan,unabated,0.0,0.0,0.0,0.0,0.0,True
2060,P0093,Hunan,retire,1.0,18069412.5,14.81691825,14.81691825,0.0,True
2060,P0093,Hunan,ccs,0.0,0.0,0.0,0.0,0.0,True
2060,P0093,Hunan,biomass,0.0,0.0,0.0,0.0,0.0,True
2060,P0093,Hunan,beccs,0.0,0.0,0.0,0.0,0.0,True
2060,P0093,Hunan,ammonia,0.0,0.0,0.0,0.0,0.0,True
2060,P0094,Fujian,unabated,0.0,0.0,0.0,0.0,0.0,True
2060,P0094,Fujian,retire,0.0944735649755657,610205.8898599586,0.5003688296851659,0.5003688296851659,0.0,True
2060,P0094,Fujian,ccs,0.0,0.0,0.0,0.0,0.0,True
2060,P0094,Fujian,biomass,0.9055264350244343,5848806.110140041,4.796021010314834,4.796021010314834,0.0,True
2060,P0094,Fujian,beccs,0.0,0.0,0.0,0.0,0.0,True
2060,P0094,Fujian,ammonia,0.0,0.0,0.0,0.0,0.0,True
2060,P0095,Anhui,unabated,0.0,0.0,0.0,0.0,0.0,True
2060,P0095,Anhui,retire,0.0,0.0,0.0,0.0,0.0,True
2060,P0095,Anhui,ccs,0.0,0.0,0.0,0.0,0.0,True
2060,P0095,Anhui,biomass,1.0,16313541.000000002,13.377103620000002,13.377103620000002,0.0,True
2060,P0095,Anhui,beccs,0.0,0.0,0.0,0.0,0.0,True
2060,P0095,Anhui,ammonia,0.0,0.0,0.0,0.0,0.0,True
2060,P0096,Guangdong,unabated,0.0,0.0,0.0,0.0,0.0,True
2060,P0096,Guangdong,retire,0.0,0.0,0.0,0.0,0.0,True
2060,P0096,Guangdong,ccs,0.0,0.0,0.0,0.0,0.0,True
2060,P0096,Guangdong,biomass,0.0,0.0,0.0,0.0,0.0,True
2060,P0096,Guangdong,beccs,1.0,22564039.0,18.50251198,35.154772762,17.87342657268,True
2060,P0096,Guangdong,ammonia,0.0,0.0,0.0,0.0,0.0,True
2060,P0097,Gansu,unabated,0.0,0.0,0.0,0.0,0.0,True
2060,P0097,Gansu,retire,0.883634241499391,7848396.918553999,6.435685473214279,6.435685473214279,0.0,True
2060,P0097,Gansu,ccs,0.0,0.0,0.0,0.0,0.0,True
2060,P0097,Gansu,biomass,0.11636575850060901,1033555.0814460012,0.8475151667857209,0.8475151667857209,0.0,True
2060,P0097,Gansu,beccs,0.0,0.0,0.0,0.0,0.0,True
2060,P0097,Gansu,ammonia,0.0,0.0,0.0,0.0,0.0,True
2060,P0098,Xinjiang,unabated,0.0,0.0,0.0,0.0,0.0,True
2060,P0098,Xinjiang,retire,1.0,128966903.99999999,105.75286127999999,105.75286127999999,0.0,True
2060,P0098,Xinjiang,ccs,0.0,0.0,0.0,0.0,0.0,True
2060,P0098,Xinjiang,biomass,0.0,0.0,0.0,0.0,0.0,True
2060,P0098,Xinjiang,beccs,0.0,0.0,0.0,0.0,0.0,True
2060,P0098,Xinjiang,ammonia,0.0,0.0,0.0,0.0,0.0,True
2060,P0099,Sichuan,unabated,0.0,0.0,0.0,0.0,0.0,True
2060,P0099,Sichuan,retire,0.0,0.0,0.0,0.0,0.0,True
2060,P0099,Sichuan,ccs,0.0,0.0,0.0,0.0,0.0,True
2060,P0099,Sichuan,biomass,0.0,0.0,0.0,0.0,0.0,True
2060,P0099,Sichuan,beccs,1.0,4996399.999999999,4.097047999999999,7.784391199999998,3.9577483679999985,True
2060,P0099,Sichuan,ammonia,0.0,0.0,0.0,0.0,0.0,True
2060,P0100,Jiangxi,unabated,0.0,0.0,0.0,0.0,0.0,True
2060,P0100,Jiangxi,retire,0.0,0.0,0.0,0.0,0.0,True
2060,P0100,Jiangxi,ccs,0.0,0.0,0.0,0.0,0.0,True
2060,P0100,Jiangxi,biomass,1.0,15157152.0,12.428864639999999,12.428864639999999,0.0,True
2060,P0100,Jiangxi,beccs,0.0,0.0,0.0,0.0,0.0,True
2060,P0100,Jiangxi,ammonia,0.0,0.0,0.0,0.0,0.0,True
2060,P0101,Qinghai,unabated,0.0,0.0,0.0,0.0,0.0,True
2060,P0101,Qinghai,retire,1.0,19952390.0,16.3609598,16.3609598,0.0,True
2060,P0101,Qinghai,ccs,0.0,0.0,0.0,0.0,0.0,True
2060,P0101,Qinghai,biomass,0.0,0.0,0.0,0.0,0.0,True
2060,P0101,Qinghai,beccs,0.0,0.0,0.0,0.0,0.0,True
2060,P0101,Qinghai,ammonia,0.0,0.0,0.0,0.0,0.0,True
2060,P0102,Hunan,unabated,0.0,0.0,0.0,0.0,0.0,True
2060,P0102,Hunan,retire,0.0,0.0,0.0,0.0,0.0,True
2060,P0102,Hunan,ccs,0.0,0.0,0.0,0.0,0.0,True
2060,P0102,Hunan,biomass,1.0,9845388.0,8.07321816,8.07321816,0.0,True
2060,P0102,Hunan,beccs,0.0,0.0,0.0,0.0,0.0,True
2060,P0102,Hunan,ammonia,0.0,0.0,0.0,0.0,0.0,True
2060,P0103,Inner Mongolia,unabated,0.0,0.0,0.0,0.0,0.0,True
2060,P0103,Inner Mongolia,retire,1.0,19119700.0,15.678153999999997,15.678153999999997,0.0,True
2060,P0103,Inner Mongolia,ccs,0.0,0.0,0.0,0.0,0.0,True
2060,P0103,Inner Mongolia,biomass,0.0,0.0,0.0,0.0,0.0,True
2060,P0103,Inner Mongolia,beccs,0.0,0.0,0.0,0.0,0.0,True
2060,P0103,Inner Mongolia,ammonia,0.0,0.0,0.0,0.0,0.0,True
2060,P0104,Inner Mongolia,unabated,0.0,0.0,0.0,0.0,0.0,True
2060,P0104,Inner Mongolia,retire,1.0,22843010.0,18.7312682,18.7312682,0.0,True
2060,P0104,Inner Mongolia,ccs,0.0,0.0,0.0,0.0,0.0,True
2060,P0104,Inner Mongolia,biomass,0.0,0.0,0.0,0.0,0.0,True
2060,P0104,Inner Mongolia,beccs,0.0,0.0,0.0,0.0,0.0,True
2060,P0104,Inner Mongolia,ammonia,0.0,0.0,0.0,0.0,0.0,True
2060,P0105,Liaoning,unabated,0.0,0.0,0.0,0.0,0.0,True
2060,P0105,Liaoning,retire,0.0,0.0,0.0,0.0,0.0,True
2060,P0105,Liaoning,ccs,0.0,0.0,0.0,0.0,0.0,True
2060,P0105,Liaoning,biomass,0.0,0.0,0.0,0.0,0.0,True
2060,P0105,Liaoning,beccs,1.0,4030910.0,3.3053462,6.28015778,3.1929644291999995,True
2060,P0105,Liaoning,ammonia,0.0,0.0,0.0,0.0,0.0,True
2060,P0106,Hubei,unabated,0.0,0.0,0.0,0.0,0.0,True
2060,P0106,Hubei,retire,1.0,39558279.99999999,32.43778959999999,32.43778959999999,0.0,True
2060,P0106,Hubei,ccs,0.0,0.0,0.0,0.0,0.0,True
2060,P0106,Hubei,biomass,0.0,0.0,0.0,0.0,0.0,True
2060,P0106,Hubei,beccs,0.0,0.0,0.0,0.0,0.0,True
2060,P0106,Hubei,ammonia,0.0,0.0,0.0,0.0,0.0,True
2060,P0107,Liaoning,unabated,0.0,0.0,0.0,0.0,0.0,True
2060,P0107,Liaoning,retire,1.0,14387248.0,11.797543359999999,11.797543359999999,0.0,True
2060,P0107,Liaoning,ccs,0.0,0.0,0.0,0.0,0.0,True
2060,P0107,Liaoning,biomass,0.0,0.0,0.0,0.0,0.0,True
2060,P0107,Liaoning,beccs,0.0,0.0,0.0,0.0,0.0,True
2060,P0107,Liaoning,ammonia,0.0,0.0,0.0,0.0,0.0,True
2060,P0108,Guangdong,unabated,0.0,0.0,0.0,0.0,0.0,True
2060,P0108,Guangdong,retire,1.0,22805624.0,18.700611679999998,18.700611679999998,0.0,True
2060,P0108,Guangdong,ccs,0.0,0.0,0.0,0.0,0.0,True
2060,P0108,Guangdong,biomass,0.0,0.0,0.0,0.0,0.0,True
2060,P0108,Guangdong,beccs,0.0,0.0,0.0,0.0,0.0,True
2060,P0108,Guangdong,ammonia,0.0,0.0,0.0,0.0,0.0,True
2060,P0109,Shaanxi,unabated,0.0,0.0,0.0,0.0,0.0,True
2060,P0109,Shaanxi,retire,0.0,0.0,0.0,0.0,0.0,True
2060,P0109,Shaanxi,ccs,0.0,0.0,0.0,0.0,0.0,True
2060,P0109,Shaanxi,biomass,0.0,0.0,0.0,0.0,0.0,True
2060,P0109,Shaanxi,beccs,1.0,37846920.0,31.034474399999997,58.96550135999999,29.979302270399995,True
2060,P0109,Shaanxi,ammonia,0.0,0.0,0.0,0.0,0.0,True
2060,P0110,Guizhou,unabated,0.0,0.0,0.0,0.0,0.0,True
2060,P0110,Guizhou,retire,0.13937150038364424,8772954.55998808,7.193822739190225,7.193822739190225,0.0,True
2060,P0110,Guizhou,ccs,0.0,0.0,0.0,0.0,0.0,True
2060,P0110,Guizhou,biomass,0.8606284996163558,54173591.44001192,44.422344980809775,44.422344980809775,0.0,True
2060,P0110,Guizhou,beccs,0.0,0.0,0.0,0.0,0.0,True
2060,P0110,Guizhou,ammonia,0.0,0.0,0.0,0.0,0.0,True
2060,P0111,Guangxi,unabated,0.0,0.0,0.0,0.0,0.0,True
2060,P0111,Guangxi,retire,0.0,0.0,0.0,0.0,0.0,True
2060,P0111,Guangxi,ccs,0.0,0.0,0.0,0.0,0.0,True
2060,P0111,Guangxi,biomass,1.0,587794.48,0.48199147359999994,0.48199147359999994,0.0,True
2060,P0111,Guangxi,beccs,0.0,0.0,0.0,0.0,0.0,True
2060,P0111,Guangxi,ammonia,0.0,0.0,0.0,0.0,0.0,True
2060,P0112,Guangdong,unabated,0.0,0.0,0.0,0.0,0.0,True
2060,P0112,Guangdong,retire,1.0,41166084.0,33.756188879999996,33.756188879999996,0.0,True
2060,P0112,Guangdong,ccs,0.0,0.0,0.0,0.0,0.0,True
2060,P0112,Guangdong,biomass,0.0,0.0,0.0,0.0,0.0,True
2060,P0112,Guangdong,beccs,0.0,0.0,0.0,0.0,0.0,True
2060,P0112,Guangdong,ammonia,0.0,0.0,0.0,0.0,0.0,True
2060,P0113,Inner Mongolia,unabated,0.0,0.0,0.0,0.0,0.0,True
2060,P0113,Inner Mongolia,retire,0.0,0.0,0.0,0.0,0.0,True
2060,P0113,Inner Mongolia,ccs,0.0,0.0,0.0,0.0,0.0,True
2060,P0113,Inner Mongolia,biomass,0.0,0.0,0.0,0.0,0.0,True
2060,P0113,Inner Mongolia,beccs,1.0,20126000.0,16.50332,31.356307999999995,15.942207119999994,True
2060,P0113,Inner Mongolia,ammonia,0.0,0.0,0.0,0.0,0.0,True
2060,P0114,Guangxi,unabated,0.0,0.0,0.0,0.0,0.0,True
2060,P0114,Guangxi,retire,0.0,0.0,0.0,0.0,0.0,True
2060,P0114,Guangxi,ccs,0.0,0.0,0.0,0.0,0.0,True
2060,P0114,Guangxi,biomass,0.0,0.0,0.0,0.0,0.0,True
2060,P0114,Guangxi,beccs,1.0,29485456.0,24.17807392,45.938340448,23.356019406719994,True
2060,P0114,Guangxi,ammonia,0.0,0.0,0.0,0.0,0.0,True
2060,P0115,Shandong,unabated,0.0,0.0,0.0,0.0,0.0,True
2060,P0115,Shandong,retire,0.0,0.0,0.0,0.0,0.0,True
2060,P0115,Shandong,ccs,0.0,0.0,0.0,0.0,0.0,True
2060,P0115,Shandong,biomass,1.0,9550809.0,7.83166338,7.83166338,0.0,True
2060,P0115,Shandong,beccs,0.0,0.0,0.0,0.0,0.0,True
2060,P0115,Shandong,ammonia,0.0,0.0,0.0,0.0,0.0,True
2060,P0116,Liaoning,unabated,0.0,0.0,0.0,0.0,0.0,True
2060,P0116,Liaoning,retire,0.0,0.0,0.0,0.0,0.0,True
2060,P0116,Liaoning,ccs,0.0,0.0,0.0,0.0,0.0,True
2060,P0116,Liaoning,biomass,1.0,2542573.9999999995,2.0849106799999997,2.0849106799999997,0.0,True
2060,P0116,Liaoning,beccs,0.0,0.0,0.0,0.0,0.0,True
2060,P0116,Liaoning,ammonia,0.0,0.0,0.0,0.0,0.0,True
2060,P0117,Henan,unabated,0.0,0.0,0.0,0.0,0.0,True
2060,P0117,Henan,retire,0.0,0.0,0.0,0.0,0.0,True
2060,P0117,Henan,ccs,0.0,0.0,0.0,0.0,0.0,True
2060,P0117,Henan,biomass,1.0,8351072.0,6.8478790400000005,6.8478790400000005,0.0,True
2060,P0117,Henan,beccs,0.0,0.0,0.0,0.0,0.0,True
2060,P0117,Henan,ammonia,0.0,0.0,0.0,0.0,0.0,True
2060,P0118,Liaoning,unabated,0.0,0.0,0.0,0.0,0.0,True
2060,P0118,Liaoning,retire,0.0,0.0,0.0,0.0,0.0,True
2060,P0118,Liaoning,ccs,0.0,0.0,0.0,0.0,0.0,True
2060,P0118,Liaoning,biomass,1.0,16867807.999999996,13.831602559999997,13.831602559999997,0.0,True
2060,P0118,Liaoning,beccs,0.0,0.0,0.0,0.0,0.0,True
2060,P0118,Liaoning,ammonia,0.0,0.0,0.0,0.0,0.0,True
2060,P0119,Guizhou,unabated,0.0,0.0,0.0,0.0,0.0,True
2060,P0119,Guizhou,retire,1.0,27248354.0,22.34365028,22.34365028,0.0,True
2060,P0119,Guizhou,ccs,0.0,0.0,0.0,0.0,0.0,True
2060,P0119,Guizhou,biomass,0.0,0.0,0.0,0.0,0.0,True
2060,P0119,Guizhou,beccs,0.0,0.0,0.0,0.0,0.0,True
2060,P0119,Guizhou,ammonia,0.0,0.0,0.0,0.0,0.0,True
2060,P0120,Inner Mongolia,unabated,0.0,0.0,0.0,0.0,0.0,True
2060,P0120,Inner Mongolia,retire,1.0,23648049.999999996,19.391400999999995,19.391400999999995,0.0,True
2060,P0120,Inner Mongolia,ccs,0.0,0.0,0.0,0.0,0.0,True
2060,P0120,Inner Mongolia,biomass,0.0,0.0,0.0,0.0,0.0,True
2060,P0120,Inner Mongolia,beccs,0.0,0.0,0.0,0.0,0.0,True
2060,P0120,Inner Mongolia,ammonia,0.0,0.0,0.0,0.0,0.0,True
2060,P0121,Guangdong,unabated,0.0,0.0,0.0,0.0,0.0,True
2060,P0121,Guangdong,retire,1.0,32662292.0,26.783079439999998,26.783079439999998,0.0,True
2060,P0121,Guangdong,ccs,0.0,0.0,0.0,0.0,0.0,True
2060,P0121,Guangdong,biomass,0.0,0.0,0.0,0.0,0.0,True
2060,P0121,Guangdong,beccs,0.0,0.0,0.0,0.0,0.0,True
2060,P0121,Guangdong,ammonia,0.0,0.0,0.0,0.0,0.0,True
2060,P0122,Shaanxi,unabated,0.0,0.0,0.0,0.0,0.0,True
2060,P0122,Shaanxi,retire,1.0,33535820.0,27.4993724,27.4993724,0.0,True
2060,P0122,Shaanxi,ccs,0.0,0.0,0.0,0.0,0.0,True
2060,P0122,Shaanxi,biomass,0.0,0.0,0.0,0.0,0.0,True
2060,P0122,Shaanxi,beccs,0.0,0.0,0.0,0.0,0.0,True
2060,P0122,Shaanxi,ammonia,0.0,0.0,0.0,0.0,0.0,True
2060,P0123,Hebei,unabated,0.0,0.0,0.0,0.0,0.0,True
2060,P0123,Hebei,retire,0.0,0.0,0.0,0.0,0.0,True
2060,P0123,Hebei,ccs,0.0,0.0,0.0,0.0,0.0,True
2060,P0123,Hebei,biomass,1.0,29973912.800000004,24.578608496000005,24.578608496000005,0.0,True
2060,P0123,Hebei,beccs,0.0,0.0,0.0,0.0,0.0,True
2060,P0123,Hebei,ammonia,0.0,0.0,0.0,0.0,0.0,True
2060,P0124,Henan,unabated,0.0,0.0,0.0,0.0,0.0,True
2060,P0124,Henan,retire,1.0,42007332.0,34.446012239999995,34.446012239999995,0.0,True
2060,P0124,Henan,ccs,0.0,0.0,0.0,0.0,0.0,True
2060,P0124,Henan,biomass,0.0,0.0,0.0,0.0,0.0,True
2060,P0124,Henan,beccs,0.0,0.0,0.0,0.0,0.0,True
2060,P0124,Henan,ammonia,0.0,0.0,0.0,0.0,0.0,True
2060,P0125,Xinjiang,unabated,0.0,0.0,0.0,0.0,0.0,True
2060,P0125,Xinjiang,retire,0.4498849885945936,28297357.28703029,23.203832975364833,23.203832975364833,0.0,True
2060,P0125,Xinjiang,ccs,0.5501150114054064,34601734.712969705,28.373422464635155,25.53608021817164,27.40872610083755,True
2060,P0125,Xinjiang,biomass,0.0,0.0,0.0,0.0,0.0,True
2060,P0125,Xinjiang,beccs,0.0,0.0,0.0,0.0,0.0,True
2060,P0125,Xinjiang,ammonia,0.0,0.0,0.0,0.0,0.0,True
2060,P0126,Jiangsu,unabated,0.0,0.0,0.0,0.0,0.0,True
2060,P0126,Jiangsu,retire,1.0,86326786.00000001,70.78796452000002,70.78796452000002,0.0,True
2060,P0126,Jiangsu,ccs,0.0,0.0,0.0,0.0,0.0,True
2060,P0126,Jiangsu,biomass,0.0,0.0,0.0,0.0,0.0,True
2060,P0126,Jiangsu,beccs,0.0,0.0,0.0,0.0,0.0,True
2060,P0126,Jiangsu,ammonia,0.0,0.0,0.0,0.0,0.0,True
2060,P0127,Hebei,unabated,0.0,0.0,0.0,0.0,0.0,True
2060,P0127,Hebei,retire,0.0,0.0,0.0,0.0,0.0,True
2060,P0127,Hebei,ccs,0.0,0.0,0.0,0.0,0.0,True
2060,P0127,Hebei,biomass,1.0,7796425.000000001,6.3930685,6.3930685,0.0,True
2060,P0127,Hebei,beccs,0.0,0.0,0.0,0.0,0.0,True
2060,P0127,Hebei,ammonia,0.0,0.0,0.0,0.0,0.0,True
2060,P0128,Xinjiang,unabated,0.0,0.0,0.0,0.0,0.0,True
2060,P0128,Xinjiang,retire,0.0,0.0,0.0,0.0,0.0,True
2060,P0128,Xinjiang,ccs,0.5415415178881717,2774189.392342882,2.274835301721163,2.0473517715490472,2.197490901462643,True
2060,P0128,Xinjiang,biomass,0.0,0.0,0.0,0.0,0.0,True
2060,P0128,Xinjiang,beccs,0.4584584821118285,2348574.607657119,1.9258311782788375,3.1776214441600814,1.8603529182173564,True
2060,P0128,Xinjiang,ammonia,0.0,0.0,0.0,0.0,0.0,True
2060,P0129,Inner Mongolia,unabated,0.0,0.0,0.0,0.0,0.0,True
2060,P0129,Inner Mongolia,retire,1.0,67573045.0,55.4098969,55.4098969,0.0,True
2060,P0129,Inner Mongolia,ccs,0.0,0.0,0.0,0.0,0.0,True
2060,P0129,Inner Mongolia,biomass,0.0,0.0,0.0,0.0,0.0,True
2060,P0129,Inner Mongolia,beccs,0.0,0.0,0.0,0.0,0.0,True
2060,P0129,Inner Mongolia,ammonia,0.0,0.0,0.0,0.0,0.0,True
2060,P0130,Hebei,unabated,0.0,0.0,0.0,0.0,0.0,True
2060,P0130,Hebei,retire,0.0,0.0,0.0,0.0,0.0,True
2060,P0130,Hebei,ccs,0.0,0.0,0.0,0.0,0.0,True
2060,P0130,Hebei,biomass,1.0,5791630.0,4.7491366,4.7491366,0.0,True
2060,P0130,Hebei,beccs,0.0,0.0,0.0,0.0,0.0,True
2060,P0130,Hebei,ammonia,0.0,0.0,0.0,0.0,0.0,True
2060,P0131,Zhejiang,unabated,0.0,0.0,0.0,0.0,0.0,True
2060,P0131,Zhejiang,retire,1.0,68084190.0,55.8290358,55.8290358,0.0,True
2060,P0131,Zhejiang,ccs,0.0,0.0,0.0,0.0,0.0,True
2060,P0131,Zhejiang,biomass,0.0,0.0,0.0,0.0,0.0,True
2060,P0131,Zhejiang,beccs,0.0,0.0,0.0,0.0,0.0,True
2060,P0131,Zhejiang,ammonia,0.0,0.0,0.0,0.0,0.0,True
2060,P0132,Jilin,unabated,0.0,0.0,0.0,0.0,0.0,True
2060,P0132,Jilin,retire,0.0,0.0,0.0,0.0,0.0,True
2060,P0132,Jilin,ccs,0.0,0.0,0.0,0.0,0.0,True
2060,P0132,Jilin,biomass,0.0,0.0,0.0,0.0,0.0,True
2060,P0132,Jilin,beccs,1.0,6228808.0,5.107622559999999,9.704482864,4.933963392959998,True
2060,P0132,Jilin,ammonia,0.0,0.0,0.0,0.0,0.0,True
2060,P0133,Anhui,unabated,0.0,0.0,0.0,0.0,0.0,True
2060,P0133,Anhui,retire,0.0,0.0,0.0,0.0,0.0,True
2060,P0133,Anhui,ccs,0.0,0.0,0.0,0.0,0.0,True
2060,P0133,Anhui,biomass,0.4380274971055136,13579207.212543579,11.134949914285734,11.134949914285734,0.0,True
2060,P0133,Anhui,beccs,0.5619725028944866,17421602.78745643,14.285714285714276,27.14285714285712,13.8,True
2060,P0133,Anhui,ammonia,0.0,0.0,0.0,0.0,0.0,True
2060,P0134,Shanxi,unabated,0.0,0.0,0.0,0.0,0.0,True
2060,P0134,Shanxi,retire,1.0,14837547.5,12.166788949999999,12.166788949999999,0.0,True
2060,P0134,Shanxi,ccs,0.0,0.0,0.0,0.0,0.0,True
2060,P0134,Shanxi,biomass,0.0,0.0,0.0,0.0,0.0,True
2060,P0134,Shanxi,beccs,0.0,0.0,0.0,0.0,0.0,True
2060,P0134,Shanxi,ammonia,0.0,0.0,0.0,0.0,0.0,True
2060,P0135,Liaoning,unabated,0.0,0.0,0.0,0.0,0.0,True
2060,P0135,Liaoning,retire,0.0,0.0,0.0,0.0,0.0,True
2060,P0135,Liaoning,ccs,0.0,0.0,0.0,0.0,0.0,True
2060,P0135,Liaoning,biomass,1.0,5891330.0,4.8308906,4.8308906,0.0,True
2060,P0135,Liaoning,beccs,0.0,0.0,0.0,0.0,0.0,True
2060,P0135,Liaoning,ammonia,0.0,0.0,0.0,0.0,0.0,True
2060,P0136,Inner Mongolia,unabated,0.0,0.0,0.0,0.0,0.0,True
2060,P0136,Inner Mongolia,retire,0.0,0.0,0.0,0.0,0.0,True
2060,P0136,Inner Mongolia,ccs,0.0,0.0,0.0,0.0,0.0,True
2060,P0136,Inner Mongolia,biomass,0.0,0.0,0.0,0.0,0.0,True
2060,P0136,Inner Mongolia,beccs,1.0,4427720.0,3.6307304,6.898387759999999,3.507285566399999,True
2060,P0136,Inner Mongolia,ammonia,0.0,0.0,0.0,0.0,0.0,True
2060,P0137,Xinjiang,unabated,0.0,0.0,0.0,0.0,0.0,True
2060,P0137,Xinjiang,retire,0.0,0.0,0.0,0.0,0.0,True
2060,P0137,Xinjiang,ccs,1.0,7393679.999999999,6.062817599999999,5.456535839999999,6.275016215999998,True
2060,P0137,Xinjiang,biomass,0.0,0.0,0.0,0.0,0.0,True
2060,P0137,Xinjiang,beccs,0.0,0.0,0.0,0.0,0.0,True
2060,P0137,Xinjiang,ammonia,0.0,0.0,0.0,0.0,0.0,True
2060,P0138,Jilin,unabated,0.0,0.0,0.0,0.0,0.0,True
2060,P0138,Jilin,retire,0.0,0.0,0.0,0.0,0.0,True
2060,P0138,Jilin,ccs,0.0,0.0,0.0,0.0,0.0,True
2060,P0138,Jilin,biomass,1.0,4345680.000000001,3.5634576000000004,3.5634576000000004,0.0,True
2060,P0138,Jilin,beccs,0.0,0.0,0.0,0.0,0.0,True
2060,P0138,Jilin,ammonia,0.0,0.0,0.0,0.0,0.0,True
2060,P0139,Heilongjiang,unabated,0.0,0.0,0.0,0.0,0.0,True
2060,P0139,Heilongjiang,retire,0.0,0.0,0.0,0.0,0.0,True
2060,P0139,Heilongjiang,ccs,0.0,0.0,0.0,0.0,0.0,True
2060,P0139,Heilongjiang,biomass,1.0,4156807.5000000005,3.4085821500000004,3.4085821500000004,0.0,True
2060,P0139,Heilongjiang,beccs,0.0,0.0,0.0,0.0,0.0,True
2060,P0139,Heilongjiang,ammonia,0.0,0.0,0.0,0.0,0.0,True
2060,P0140,Guangdong,unabated,0.0,0.0,0.0,0.0,0.0,True
2060,P0140,Guangdong,retire,0.08961066098225502,4970516.616068199,4.075823625175923,4.075823625175923,0.0,True
2060,P0140,Guangdong,ccs,0.040778273062443526,2261885.8248526803,1.8547463763791976,1.669271738741278,1.7916849995823025,True
2060,P0140,Guangdong,biomass,0.0,0.0,0.0,0.0,0.0,True
2060,P0140,Guangdong,beccs,0.8696110659553015,48235513.55907912,39.55312111844488,75.15093012504526,38.2083150004177,True
2060,P0140,Guangdong,ammonia,0.0,0.0,0.0,0.0,0.0,True
2060,P0141,Shandong,unabated,0.0,0.0,0.0,0.0,0.0,True
2060,P0141,Shandong,retire,1.0,46881825.00000001,38.44309650000001,38.44309650000001,0.0,True
2060,P0141,Shandong,ccs,0.0,0.0,0.0,0.0,0.0,True
2060,P0141,Shandong,biomass,0.0,0.0,0.0,0.0,0.0,True
2060,P0141,Shandong,beccs,0.0,0.0,0.0,0.0,0.0,True
2060,P0141,Shandong,ammonia,0.0,0.0,0.0,0.0,0.0,True
2060,P0142,Jiangsu,unabated,0.0,0.0,0.0,0.0,0.0,True
2060,P0142,Jiangsu,retire,0.0,0.0,0.0,0.0,0.0,True
2060,P0142,Jiangsu,ccs,0.0,0.0,0.0,0.0,0.0,True
2060,P0142,Jiangsu,biomass,0.0,0.0,0.0,0.0,0.0,True
2060,P0142,Jiangsu,beccs,1.0,33453385.000000004,27.431775700000003,52.120373830000005,26.4990953262,True
2060,P0142,Jiangsu,ammonia,0.0,0.0,0.0,0.0,0.0,True
2060,P0143,Yunnan,unabated,0.0,0.0,0.0,0.0,0.0,True
2060,P0143,Yunnan,retire,0.0,0.0,0.0,0.0,0.0,True
2060,P0143,Yunnan,ccs,0.0,0.0,0.0,0.0,0.0,True
2060,P0143,Yunnan,biomass,1.0,11205499.999999998,9.188509999999997,9.188509999999997,0.0,True
2060,P0143,Yunnan,beccs,0.0,0.0,0.0,0.0,0.0,True
2060,P0143,Yunnan,ammonia,0.0,0.0,0.0,0.0,0.0,True
2060,P0144,Shanxi,unabated,0.0,0.0,0.0,0.0,0.0,True
2060,P0144,Shanxi,retire,1.0,32892597.499999996,26.971929949999996,26.971929949999996,0.0,True
2060,P0144,Shanxi,ccs,0.0,0.0,0.0,0.0,0.0,True
2060,P0144,Shanxi,biomass,0.0,0.0,0.0,0.0,0.0,True
2060,P0144,Shanxi,beccs,0.0,0.0,0.0,0.0,0.0,True
2060,P0144,Shanxi,ammonia,0.0,0.0,0.0,0.0,0.0,True
2060,P0145,Liaoning,unabated,0.0,0.0,0.0,0.0,0.0,True
2060,P0145,Liaoning,retire,0.0,0.0,0.0,0.0,0.0,True
2060,P0145,Liaoning,ccs,0.0,0.0,0.0,0.0,0.0,True
2060,P0145,Liaoning,biomass,1.0,8185847.999999999,6.712395359999999,6.712395359999999,0.0,True
2060,P0145,Liaoning,beccs,0.0,0.0,0.0,0.0,0.0,True
2060,P0145,Liaoning,ammonia,0.0,0.0,0.0,0.0,0.0,True
2060,P0146,Shanxi,unabated,0.0,0.0,0.0,0.0,0.0,True
2060,P0146,Shanxi,retire,1.0,19906850.0,16.323617,16.323617,0.0,True
2060,P0146,Shanxi,ccs,0.0,0.0,0.0,0.0,0.0,True
2060,P0146,Shanxi,biomass,0.0,0.0,0.0,0.0,0.0,True
2060,P0146,Shanxi,beccs,0.0,0.0,0.0,0.0,0.0,True
2060,P0146,Shanxi,ammonia,0.0,0.0,0.0,0.0,0.0,True
2060,P0147,Inner Mongolia,unabated,0.0,0.0,0.0,0.0,0.0,True
2060,P0147,Inner Mongolia,retire,0.0,0.0,0.0,0.0,0.0,True
2060,P0147,Inner Mongolia,ccs,0.0,0.0,0.0,0.0,0.0,True
2060,P0147,Inner Mongolia,biomass,0.0,0.0,0.0,0.0,0.0,True
2060,P0147,Inner Mongolia,beccs,1.0,15698279.999999998,12.872589599999998,24.457920239999993,12.434921553599995,True
2060,P0147,Inner Mongolia,ammonia,0.0,0.0,0.0,0.0,0.0,True
2060,P0148,Shandong,unabated,0.0,0.0,0.0,0.0,0.0,True
2060,P0148,Shandong,retire,0.0,0.0,0.0,0.0,0.0,True
2060,P0148,Shandong,ccs,0.0,0.0,0.0,0.0,0.0,True
2060,P0148,Shandong,biomass,1.0,9114699.000000002,7.47405318,7.47405318,0.0,True
2060,P0148,Shandong,beccs,0.0,0.0,0.0,0.0,0.0,True
2060,P0148,Shandong,ammonia,0.0,0.0,0.0,0.0,0.0,True
2060,P0149,Shaanxi,unabated,0.0,0.0,0.0,0.0,0.0,True
2060,P0149,Shaanxi,retire,1.0,42384920.0,34.7556344,34.7556344,0.0,True
2060,P0149,Shaanxi,ccs,0.0,0.0,0.0,0.0,0.0,True
2060,P0149,Shaanxi,biomass,0.0,0.0,0.0,0.0,0.0,True
2060,P0149,Shaanxi,beccs,0.0,0.0,0.0,0.0,0.0,True
2060,P0149,Shaanxi,ammonia,0.0,0.0,0.0,0.0,0.0,True
2060,P0150,Guizhou,unabated,0.0,0.0,0.0,0.0,0.0,True
2060,P0150,Guizhou,retire,0.0,0.0,0.0,0.0,0.0,True
2060,P0150,Guizhou,ccs,0.0,0.0,0.0,0.0,0.0,True
2060,P0150,Guizhou,biomass,1.0,664594.0,0.5449670799999999,0.5449670799999999,0.0,True
2060,P0150,Guizhou,beccs,0.0,0.0,0.0,0.0,0.0,True
2060,P0150,Guizhou,ammonia,0.0,0.0,0.0,0.0,0.0,True
2060,P0151,Shandong,unabated,0.0,0.0,0.0,0.0,0.0,True
2060,P0151,Shandong,retire,1.0,16899262.500000004,13.857395250000001,13.857395250000001,0.0,True
2060,P0151,Shandong,ccs,0.0,0.0,0.0,0.0,0.0,True
2060,P0151,Shandong,biomass,0.0,0.0,0.0,0.0,0.0,True
2060,P0151,Shandong,beccs,0.0,0.0,0.0,0.0,0.0,True
2060,P0151,Shandong,ammonia,0.0,0.0,0.0,0.0,0.0,True
2060,P0152,Guangdong,unabated,0.0,0.0,0.0,0.0,0.0,True
2060,P0152,Guangdong,retire,1.0,6426161.0,5.269452019999999,5.269452019999999,0.0,True
2060,P0152,Guangdong,ccs,0.0,0.0,0.0,0.0,0.0,True
2060,P0152,Guangdong,biomass,0.0,0.0,0.0,0.0,0.0,True
2060,P0152,Guangdong,beccs,0.0,0.0,0.0,0.0,0.0,True
2060,P0152,Guangdong,ammonia,0.0,0.0,0.0,0.0,0.0,True
2060,P0153,Heilongjiang,unabated,0.0,0.0,0.0,0.0,0.0,True
2060,P0153,Heilongjiang,retire,0.0,0.0,0.0,0.0,0.0,True
2060,P0153,Heilongjiang,ccs,0.0,0.0,0.0,0.0,0.0,True
2060,P0153,Heilongjiang,biomass,0.0,0.0,0.0,0.0,0.0,True
2060,P0153,Heilongjiang,beccs,1.0,7391812.500000001,6.06128625,11.516443875,5.855202517499999,True
2060,P0153,Heilongjiang,ammonia,0.0,0.0,0.0,0.0,0.0,True
2060,P0154,Tianjin,unabated,0.0,0.0,0.0,0.0,0.0,True
2060,P0154,Tianjin,retire,0.36764628836821506,9756281.024907695,8.000150440424308,8.000150440424308,0.0,True
2060,P0154,Tianjin,ccs,0.0,0.0,0.0,0.0,0.0,True
2060,P0154,Tianjin,biomass,0.0,0.0,0.0,0.0,0.0,True
2060,P0154,Tianjin,beccs,0.6323537116317854,16780858.975092318,13.7603043595757,26.14457828319383,13.292454011350125,True
2060,P0154,Tianjin,ammonia,0.0,0.0,0.0,0.0,0.0,True
2060,P0155,Shanxi,unabated,0.0,0.0,0.0,0.0,0.0,True
2060,P0155,Shanxi,retire,0.42975377459882746,6091987.094685141,4.995429417641816,4.995429417641816,0.0,True
2060,P0155,Shanxi,ccs,0.0,0.0,0.0,0.0,0.0,True
2060,P0155,Shanxi,biomass,0.0,0.0,0.0,0.0,0.0,True
2060,P0155,Shanxi,beccs,0.5702462254011725,8083541.905314857,6.628504362358182,12.594158288480546,6.403135214038003,True
2060,P0155,Shanxi,ammonia,0.0,0.0,0.0,0.0,0.0,True
2060,P0156,Yunnan,unabated,0.0,0.0,0.0,0.0,0.0,True
2060,P0156,Yunnan,retire,0.0,0.0,0.0,0.0,0.0,True
2060,P0156,Yunnan,ccs,0.0,0.0,0.0,0.0,0.0,True
2060,P0156,Yunnan,biomass,1.0,2689319.9999999995,2.2052423999999995,2.2052423999999995,0.0,True
2060,P0156,Yunnan,beccs,0.0,0.0,0.0,0.0,0.0,True
2060,P0156,Yunnan,ammonia,0.0,0.0,0.0,0.0,0.0,True
2060,P0157,Guizhou,unabated,0.0,0.0,0.0,0.0,0.0,True
2060,P0157,Guizhou,retire,0.0,0.0,0.0,0.0,0.0,True
2060,P0157,Guizhou,ccs,0.0,0.0,0.0,0.0,0.0,True
2060,P0157,Guizhou,biomass,1.0,24495036.0,20.08592952,20.08592952,0.0,True
2060,P0157,Guizhou,beccs,0.0,0.0,0.0,0.0,0.0,True
2060,P0157,Guizhou,ammonia,0.0,0.0,0.0,0.0,0.0,True
2060,P0158,Guangxi,unabated,0.0,0.0,0.0,0.0,0.0,True
2060,P0158,Guangxi,retire,0.0,0.0,0.0,0.0,0.0,True
2060,P0158,Guangxi,ccs,0.0,0.0,0.0,0.0,0.0,True
2060,P0158,Guangxi,biomass,0.0,0.0,0.0,0.0,0.0,True
2060,P0158,Guangxi,beccs,1.0,7299565.0,5.9856432999999996,11.372722269999999,5.782131427799999,True
2060,P0158,Guangxi,ammonia,0.0,0.0,0.0,0.0,0.0,True
2060,P0159,Fujian,unabated,0.0,0.0,0.0,0.0,0.0,True
2060,P0159,Fujian,retire,0.0,0.0,0.0,0.0,0.0,True
2060,P0159,Fujian,ccs,0.0,0.0,0.0,0.0,0.0,True
2060,P0159,Fujian,biomass,0.0,0.0,0.0,0.0,0.0,True
2060,P0159,Fujian,beccs,1.0,17480341.999999996,14.333880439999996,27.23437283599999,13.846528505039995,True
2060,P0159,Fujian,ammonia,0.0,0.0,0.0,0.0,0.0,True
2060,P0160,Hubei,unabated,0.0,0.0,0.0,0.0,0.0,True
2060,P0160,Hubei,retire,0.0,0.0,0.0,0.0,0.0,True
2060,P0160,Hubei,ccs,0.0,0.0,0.0,0.0,0.0,True
2060,P0160,Hubei,biomass,0.0,0.0,0.0,0.0,0.0,True
2060,P0160,Hubei,beccs,1.0,16573231.999999998,13.590050239999998,25.821095455999995,13.127988531839998,True
2060,P0160,Hubei,ammonia,0.0,0.0,0.0,0.0,0.0,True
2060,P0161,Zhejiang,unabated,0.0,0.0,0.0,0.0,0.0,True
2060,P0161,Zhejiang,retire,0.0,0.0,0.0,0.0,0.0,True
2060,P0161,Zhejiang,ccs,0.0,0.0,0.0,0.0,0.0,True
2060,P0161,Zhejiang,biomass,0.0,0.0,0.0,0.0,0.0,True
2060,P0161,Zhejiang,beccs,1.0,2629267.5,2.15599935,4.096398765,2.0826953721,True
2060,P0161,Zhejiang,ammonia,0.0,0.0,0.0,0.0,0.0,True
2060,P0162,Shandong,unabated,0.0,0.0,0.0,0.0,0.0,True
2060,P0162,Shandong,retire,0.0,0.0,0.0,0.0,0.0,True
2060,P0162,Shandong,ccs,0.0,0.0,0.0,0.0,0.0,True
2060,P0162,Shandong,biomass,1.0,5974707.0,4.899259739999999,4.899259739999999,0.0,True
2060,P0162,Shandong,beccs,0.0,0.0,0.0,0.0,0.0,True
2060,P0162,Shandong,ammonia,0.0,0.0,0.0,0.0,0.0,True
2060,P0163,Hebei,unabated,0.0,0.0,0.0,0.0,0.0,True
2060,P0163,Hebei,retire,1.0,11583260.0,9.4982732,9.4982732,0.0,True
2060,P0163,Hebei,ccs,0.0,0.0,0.0,0.0,0.0,True
2060,P0163,Hebei,biomass,0.0,0.0,0.0,0.0,0.0,True
2060,P0163,Hebei,beccs,0.0,0.0,0.0,0.0,0.0,True
2060,P0163,Hebei,ammonia,0.0,0.0,0.0,0.0,0.0,True
2060,P0164,Hunan,unabated,0.0,0.0,0.0,0.0,0.0,True
2060,P0164,Hunan,retire,0.0,0.0,0.0,0.0,0.0,True
2060,P0164,Hunan,ccs,0.0,0.0,0.0,0.0,0.0,True
2060,P0164,Hunan,biomass,1.0,12502080.0,10.2517056,10.2517056,0.0,True
2060,P0164,Hunan,beccs,0.0,0.0,0.0,0.0,0.0,True
2060,P0164,Hunan,ammonia,0.0,0.0,0.0,0.0,0.0,True
2060,P0165,Hebei,unabated,0.0,0.0,0.0,0.0,0.0,True
2060,P0165,Hebei,retire,0.0,0.0,0.0,0.0,0.0,True
2060,P0165,Hebei,ccs,0.0,0.0,0.0,0.0,0.0,True
2060,P0165,Hebei,biomass,0.33954719441584913,1815260.0470104592,1.4885132385485764,1.4885132385485764,0.0,True
2060,P0165,Hebei,beccs,0.6604528055841513,3530859.952989543,2.8953051614514247,5.501079806757707,2.7968647859620765,True
2060,P0165,Hebei,ammonia,0.0,0.0,0.0,0.0,0.0,True
2060,P0166,Guangxi,unabated,0.0,0.0,0.0,0.0,0.0,True
2060,P0166,Guangxi,retire,0.0,0.0,0.0,0.0,0.0,True
2060,P0166,Guangxi,ccs,0.0,0.0,0.0,0.0,0.0,True
2060,P0166,Guangxi,biomass,1.0,8807344.0,7.2220220799999995,7.2220220799999995,0.0,True
2060,P0166,Guangxi,beccs,0.0,0.0,0.0,0.0,0.0,True
2060,P0166,Guangxi,ammonia,0.0,0.0,0.0,0.0,0.0,True
2060,P0167,Shandong,unabated,0.0,0.0,0.0,0.0,0.0,True
2060,P0167,Shandong,retire,1.0,52621032.60000001,43.14924673200001,43.14924673200001,0.0,True
2060,P0167,Shandong,ccs,0.0,0.0,0.0,0.0,0.0,True
2060,P0167,Shandong,biomass,0.0,0.0,0.0,0.0,0.0,True
2060,P0167,Shandong,beccs,0.0,0.0,0.0,0.0,0.0,True
2060,P0167,Shandong,ammonia,0.0,0.0,0.0,0.0,0.0,True
2060,P0168,Xinjiang,unabated,0.0,0.0,0.0,0.0,0.0,True
2060,P0168,Xinjiang,retire,0.0,0.0,0.0,0.0,0.0,True
2060,P0168,Xinjiang,ccs,0.0,0.0,0.0,0.0,0.0,True
2060,P0168,Xinjiang,biomass,0.0,0.0,0.0,0.0,0.0,True
2060,P0168,Xinjiang,beccs,1.0,8555543.999999998,7.015546079999998,13.329537551999996,7.2610901927999985,True
2060,P0168,Xinjiang,ammonia,0.0,0.0,0.0,0.0,0.0,True
2060,P0169,Guizhou,unabated,0.0,0.0,0.0,0.0,0.0,True
2060,P0169,Guizhou,retire,0.0,0.0,0.0,0.0,0.0,True
2060,P0169,Guizhou,ccs,0.0,0.0,0.0,0.0,0.0,True
2060,P0169,Guizhou,biomass,1.0,7120650.0,5.838933,5.838933,0.0,True
2060,P0169,Guizhou,beccs,0.0,0.0,0.0,0.0,0.0,True
2060,P0169,Guizhou,ammonia,0.0,0.0,0.0,0.0,0.0,True
2060,P0170,Shandong,unabated,0.0,0.0,0.0,0.0,0.0,True
2060,P0170,Shandong,retire,1.0,33013527.000000004,27.07109214,27.07109214,0.0,True
2060,P0170,Shandong,ccs,0.0,0.0,0.0,0.0,0.0,True
2060,P0170,Shandong,biomass,0.0,0.0,0.0,0.0,0.0,True
2060,P0170,Shandong,beccs,0.0,0.0,0.0,0.0,0.0,True
2060,P0170,Shandong,ammonia,0.0,0.0,0.0,0.0,0.0,True
2060,P0171,Shaanxi,unabated,0.0,0.0,0.0,0.0,0.0,True
2060,P0171,Shaanxi,retire,1.0,15202300.0,12.465886,12.465886,0.0,True
2060,P0171,Shaanxi,ccs,0.0,0.0,0.0,0.0,0.0,True
2060,P0171,Shaanxi,biomass,0.0,0.0,0.0,0.0,0.0,True
2060,P0171,Shaanxi,beccs,0.0,0.0,0.0,0.0,0.0,True
2060,P0171,Shaanxi,ammonia,0.0,0.0,0.0,0.0,0.0,True
2060,P0172,Sichuan,unabated,0.0,0.0,0.0,0.0,0.0,True
2060,P0172,Sichuan,retire,0.0,0.0,0.0,0.0,0.0,True
2060,P0172,Sichuan,ccs,0.0,0.0,0.0,0.0,0.0,True
2060,P0172,Sichuan,biomass,0.0,0.0,0.0,0.0,0.0,True
2060,P0172,Sichuan,beccs,1.0,16288263.999999998,13.356376479999998,25.377115311999994,12.902259679679995,True
2060,P0172,Sichuan,ammonia,0.0,0.0,0.0,0.0,0.0,True
2060,P0173,Ningxia,unabated,0.0,0.0,0.0,0.0,0.0,True
2060,P0173,Ningxia,retire,1.0,26644024.0,21.84809968,21.84809968,0.0,True
2060,P0173,Ningxia,ccs,0.0,0.0,0.0,0.0,0.0,True
2060,P0173,Ningxia,biomass,0.0,0.0,0.0,0.0,0.0,True
2060,P0173,Ningxia,beccs,0.0,0.0,0.0,0.0,0.0,True
2060,P0173,Ningxia,ammonia,0.0,0.0,0.0,0.0,0.0,True
2060,P0174,Shanxi,unabated,0.0,0.0,0.0,0.0,0.0,True
2060,P0174,Shanxi,retire,1.0,37452655.0,30.711177099999997,30.711177099999997,0.0,True
2060,P0174,Shanxi,ccs,0.0,0.0,0.0,0.0,0.0,True
2060,P0174,Shanxi,biomass,0.0,0.0,0.0,0.0,0.0,True
2060,P0174,Shanxi,beccs,0.0,0.0,0.0,0.0,0.0,True
2060,P0174,Shanxi,ammonia,0.0,0.0,0.0,0.0,0.0,True
2060,P0175,Guizhou,unabated,0.0,0.0,0.0,0.0,0.0,True
2060,P0175,Guizhou,retire,0.0,0.0,0.0,0.0,0.0,True
2060,P0175,Guizhou,ccs,0.0,0.0,0.0,0.0,0.0,True
2060,P0175,Guizhou,biomass,1.0,8544780.0,7.006719599999999,7.006719599999999,0.0,True
2060,P0175,Guizhou,beccs,0.0,0.0,0.0,0.0,0.0,True
2060,P0175,Guizhou,ammonia,0.0,0.0,0.0,0.0,0.0,True
2060,P0176,Hubei,unabated,0.0,0.0,0.0,0.0,0.0,True
2060,P0176,Hubei,retire,0.0,0.0,0.0,0.0,0.0,True
2060,P0176,Hubei,ccs,0.0,0.0,0.0,0.0,0.0,True
2060,P0176,Hubei,biomass,0.5601601302474473,9871769.194566393,8.094850739544441,8.094850739544441,0.0,True
2060,P0176,Hubei,beccs,0.4398398697525533,7751350.805433617,6.3561076604555655,12.076604554865574,6.140000000000075,True
2060,P0176,Hubei,ammonia,0.0,0.0,0.0,0.0,0.0,True
2060,P0177,Jilin,unabated,0.0,0.0,0.0,0.0,0.0,True
2060,P0177,Jilin,retire,0.0,0.0,0.0,0.0,0.0,True
2060,P0177,Jilin,ccs,0.0,0.0,0.0,0.0,0.0,True
2060,P0177,Jilin,biomass,0.0,0.0,0.0,0.0,0.0,True
2060,P0177,Jilin,beccs,1.0,7460084.0,6.11726888,11.622810872,5.909281738079999,True
2060,P0177,Jilin,ammonia,0.0,0.0,0.0,0.0,0.0,True
2060,P0178,Shaanxi,unabated,0.0,0.0,0.0,0.0,0.0,True
2060,P0178,Shaanxi,retire,0.0,0.0,0.0,0.0,0.0,True
2060,P0178,Shaanxi,ccs,0.0,0.0,0.0,0.0,0.0,True
2060,P0178,Shaanxi,biomass,0.0,0.0,0.0,0.0,0.0,True
2060,P0178,Shaanxi,beccs,1.0,6353200.0,5.209624,9.8982856,5.391960839999999,True
2060,P0178,Shaanxi,ammonia,0.0,0.0,0.0,0.0,0.0,True
2060,P0179,Fujian,unabated,0.0,0.0,0.0,0.0,0.0,True
2060,P0179,Fujian,retire,1.0,32038749.999999996,26.271774999999995,26.271774999999995,0.0,True
2060,P0179,Fujian,ccs,0.0,0.0,0.0,0.0,0.0,True
2060,P0179,Fujian,biomass,0.0,0.0,0.0,0.0,0.0,True
2060,P0179,Fujian,beccs,0.0,0.0,0.0,0.0,0.0,True
2060,P0179,Fujian,ammonia,0.0,0.0,0.0,0.0,0.0,True
2060,P0180,Inner Mongolia,unabated,0.0,0.0,0.0,0.0,0.0,True
2060,P0180,Inner Mongolia,retire,1.0,7547250.0,6.188745,6.188745,0.0,True
2060,P0180,Inner Mongolia,ccs,0.0,0.0,0.0,0.0,0.0,True
2060,P0180,Inner Mongolia,biomass,0.0,0.0,0.0,0.0,0.0,True
2060,P0180,Inner Mongolia,beccs,0.0,0.0,0.0,0.0,0.0,True
2060,P0180,Inner Mongolia,ammonia,0.0,0.0,0.0,0.0,0.0,True
2060,P0181,Xinjiang,unabated,0.0,0.0,0.0,0.0,0.0,True
2060,P0181,Xinjiang,retire,0.0,0.0,0.0,0.0,0.0,True
2060,P0181,Xinjiang,ccs,1.0,22999625.999999996,18.859693319999998,16.973723988,18.218463747119994,True
2060,P0181,Xinjiang,biomass,0.0,0.0,0.0,0.0,0.0,True
2060,P0181,Xinjiang,beccs,0.0,0.0,0.0,0.0,0.0,True
2060,P0181,Xinjiang,ammonia,0.0,0.0,0.0,0.0,0.0,True
2060,P0182,Jiangxi,unabated,0.0,0.0,0.0,0.0,0.0,True
2060,P0182,Jiangxi,retire,0.0,0.0,0.0,0.0,0.0,True
2060,P0182,Jiangxi,ccs,0.0,0.0,0.0,0.0,0.0,True
2060,P0182,Jiangxi,biomass,1.0,27707083.2,22.719808224,22.719808224,0.0,True
2060,P0182,Jiangxi,beccs,0.0,0.0,0.0,0.0,0.0,True
2060,P0182,Jiangxi,ammonia,0.0,0.0,0.0,0.0,0.0,True
2060,P0183,Xinjiang,unabated,0.0,0.0,0.0,0.0,0.0,True
2060,P0183,Xinjiang,retire,0.0,0.0,0.0,0.0,0.0,True
2060,P0183,Xinjiang,ccs,0.0,0.0,0.0,0.0,0.0,True
2060,P0183,Xinjiang,biomass,1.0,1425923.9999999998,1.1692576799999996,1.1692576799999996,0.0,True
2060,P0183,Xinjiang,beccs,0.0,0.0,0.0,0.0,0.0,True
2060,P0183,Xinjiang,ammonia,0.0,0.0,0.0,0.0,0.0,True
2060,P0184,Shandong,unabated,0.0,0.0,0.0,0.0,0.0,True
2060,P0184,Shandong,retire,0.0,0.0,0.0,0.0,0.0,True
2060,P0184,Shandong,ccs,0.0,0.0,0.0,0.0,0.0,True
2060,P0184,Shandong,biomass,0.5000638360626738,14153576.286489496,11.605932554921385,11.605932554921385,0.0,True
2060,P0184,Shandong,beccs,0.49993616393732676,14149962.713510523,11.602969425078628,22.045641907649394,11.208468464625954,True
2060,P0184,Shandong,ammonia,0.0,0.0,0.0,0.0,0.0,True
2060,P0185,Guizhou,unabated,0.0,0.0,0.0,0.0,0.0,True
2060,P0185,Guizhou,retire,0.0,0.0,0.0,0.0,0.0,True
2060,P0185,Guizhou,ccs,0.0,0.0,0.0,0.0,0.0,True
2060,P0185,Guizhou,biomass,1.0,7120650.0,5.838933,5.838933,0.0,True
2060,P0185,Guizhou,beccs,0.0,0.0,0.0,0.0,0.0,True
2060,P0185,Guizhou,ammonia,0.0,0.0,0.0,0.0,0.0,True
2060,P0186,Ningxia,unabated,0.0,0.0,0.0,0.0,0.0,True
2060,P0186,Ningxia,retire,0.23844472876794948,5748631.77582811,4.71387805617905,4.71387805617905,0.0,True
2060,P0186,Ningxia,ccs,0.0,0.0,0.0,0.0,0.0,True
2060,P0186,Ningxia,biomass,0.0,0.0,0.0,0.0,0.0,True
2060,P0186,Ningxia,beccs,0.7615552712320506,18360233.22417189,15.05539124382095,28.6052433632598,14.543507941531033,True
2060,P0186,Ningxia,ammonia,0.0,0.0,0.0,0.0,0.0,True
2060,P0187,Inner Mongolia,unabated,0.0,0.0,0.0,0.0,0.0,True
2060,P0187,Inner Mongolia,retire,0.0,0.0,0.0,0.0,0.0,True
2060,P0187,Inner Mongolia,ccs,0.0,0.0,0.0,0.0,0.0,True
2060,P0187,Inner Mongolia,biomass,0.0,0.0,0.0,0.0,0.0,True
2060,P0187,Inner Mongolia,beccs,1.0,1006300.0,0.825166,1.5678153999999997,0.8540468099999999,True
2060,P0187,Inner Mongolia,ammonia,0.0,0.0,0.0,0.0,0.0,True
2060,P0188,Xinjiang,unabated,0.0,0.0,0.0,0.0,0.0,True
2060,P0188,Xinjiang,retire,0.0,0.0,0.0,0.0,0.0,True
2060,P0188,Xinjiang,ccs,1.0,21124800.0,17.322336,15.590102400000001,17.928617759999998,True
2060,P0188,Xinjiang,biomass,0.0,0.0,0.0,0.0,0.0,True
2060,P0188,Xinjiang,beccs,0.0,0.0,0.0,0.0,0.0,True
2060,P0188,Xinjiang,ammonia,0.0,0.0,0.0,0.0,0.0,True
2060,P0189,Yunnan,unabated,0.0,0.0,0.0,0.0,0.0,True
2060,P0189,Yunnan,retire,0.0,0.0,0.0,0.0,0.0,True
2060,P0189,Yunnan,ccs,0.0,0.0,0.0,0.0,0.0,True
2060,P0189,Yunnan,biomass,1.0,4482200.0,3.675404,3.675404,0.0,True
2060,P0189,Yunnan,beccs,0.0,0.0,0.0,0.0,0.0,True
2060,P0189,Yunnan,ammonia,0.0,0.0,0.0,0.0,0.0,True
2060,P0190,Jiangsu,unabated,0.0,0.0,0.0,0.0,0.0,True
2060,P0190,Jiangsu,retire,0.0,0.0,0.0,0.0,0.0,True
2060,P0190,Jiangsu,ccs,0.0,0.0,0.0,0.0,0.0,True
2060,P0190,Jiangsu,biomass,0.0,0.0,0.0,0.0,0.0,True
2060,P0190,Jiangsu,beccs,1.0,11234720.0,9.2124704,17.50369376,8.8992464064,True
2060,P0190,Jiangsu,ammonia,0.0,0.0,0.0,0.0,0.0,True
2060,P0191,Hunan,unabated,0.0,0.0,0.0,0.0,0.0,True
2060,P0191,Hunan,retire,0.0,0.0,0.0,0.0,0.0,True
2060,P0191,Hunan,ccs,0.0,0.0,0.0,0.0,0.0,True
2060,P0191,Hunan,biomass,1.0,8204490.0,6.7276818,6.7276818,0.0,True
2060,P0191,Hunan,beccs,0.0,0.0,0.0,0.0,0.0,True
2060,P0191,Hunan,ammonia,0.0,0.0,0.0,0.0,0.0,True
2060,P0192,Shaanxi,unabated,0.0,0.0,0.0,0.0,0.0,True
2060,P0192,Shaanxi,retire,0.0,0.0,0.0,0.0,0.0,True
2060,P0192,Shaanxi,ccs,0.0,0.0,0.0,0.0,0.0,True
2060,P0192,Shaanxi,biomass,0.0,0.0,0.0,0.0,0.0,True
2060,P0192,Shaanxi,beccs,1.0,15519960.0,12.726367199999999,24.180097679999996,12.293670715199998,True
2060,P0192,Shaanxi,ammonia,0.0,0.0,0.0,0.0,0.0,True
2060,P0193,Guangxi,unabated,0.0,0.0,0.0,0.0,0.0,True
2060,P0193,Guangxi,retire,0.0,0.0,0.0,0.0,0.0,True
2060,P0193,Guangxi,ccs,0.0,0.0,0.0,0.0,0.0,True
2060,P0193,Guangxi,biomass,0.0,0.0,0.0,0.0,0.0,True
2060,P0193,Guangxi,beccs,1.0,6557642.0,5.37726644,10.216806235999998,5.194439381039999,True
2060,P0193,Guangxi,ammonia,0.0,0.0,0.0,0.0,0.0,True
2060,P0194,Shaanxi,unabated,0.0,0.0,0.0,0.0,0.0,True
2060,P0194,Shaanxi,retire,0.0,0.0,0.0,0.0,0.0,True
2060,P0194,Shaanxi,ccs,0.0,0.0,0.0,0.0,0.0,True
2060,P0194,Shaanxi,biomass,1.0,2995080.0,2.4559655999999994,2.4559655999999994,0.0,True
2060,P0194,Shaanxi,beccs,0.0,0.0,0.0,0.0,0.0,True
2060,P0194,Shaanxi,ammonia,0.0,0.0,0.0,0.0,0.0,True
2060,P0195,Sichuan,unabated,0.0,0.0,0.0,0.0,0.0,True
2060,P0195,Sichuan,retire,0.0,0.0,0.0,0.0,0.0,True
2060,P0195,Sichuan,ccs,0.0,0.0,0.0,0.0,0.0,True
2060,P0195,Sichuan,biomass,1.0,2997839.9999999995,2.458228799999999,2.458228799999999,0.0,True
2060,P0195,Sichuan,beccs,0.0,0.0,0.0,0.0,0.0,True
2060,P0195,Sichuan,ammonia,0.0,0.0,0.0,0.0,0.0,True
2060,P0196,Xinjiang,unabated,0.0,0.0,0.0,0.0,0.0,True
2060,P0196,Xinjiang,retire,0.0,0.0,0.0,0.0,0.0,True
2060,P0196,Xinjiang,ccs,0.0,0.0,0.0,0.0,0.0,True
2060,P0196,Xinjiang,biomass,1.0,633743.9999999999,0.5196700799999999,0.5196700799999999,0.0,True
2060,P0196,Xinjiang,beccs,0.0,0.0,0.0,0.0,0.0,True
2060,P0196,Xinjiang,ammonia,0.0,0.0,0.0,0.0,0.0,True
2060,P0197,Fujian,unabated,0.0,0.0,0.0,0.0,0.0,True
2060,P0197,Fujian,retire,0.0,0.0,0.0,0.0,0.0,True
2060,P0197,Fujian,ccs,0.0,0.0,0.0,0.0,0.0,True
2060,P0197,Fujian,biomass,0.0,0.0,0.0,0.0,0.0,True
2060,P0197,Fujian,beccs,1.0,6766584.0,5.54859888,10.542337872,5.359946518079999,True
2060,P0197,Fujian,ammonia,0.0,0.0,0.0,0.0,0.0,True
2060,P0198,Gansu,unabated,0.0,0.0,0.0,0.0,0.0,True
2060,P0198,Gansu,retire,0.0,0.0,0.0,0.0,0.0,True
2060,P0198,Gansu,ccs,0.0,0.0,0.0,0.0,0.0,True
2060,P0198,Gansu,biomass,0.0,0.0,0.0,0.0,0.0,True
2060,P0198,Gansu,beccs,1.0,2765136.0,2.26741152,4.308081888,2.19031952832,True
2060,P0198,Gansu,ammonia,0.0,0.0,0.0,0.0,0.0,True
2060,P0199,Inner Mongolia,unabated,0.0,0.0,0.0,0.0,0.0,True
2060,P0199,Inner Mongolia,retire,0.0,0.0,0.0,0.0,0.0,True
2060,P0199,Inner Mongolia,ccs,0.0,0.0,0.0,0.0,0.0,True
2060,P0199,Inner Mongolia,biomass,1.0,1308190.0,1.0727158,1.0727158,0.0,True
2060,P0199,Inner Mongolia,beccs,0.0,0.0,0.0,0.0,0.0,True
2060,P0199,Inner Mongolia,ammonia,0.0,0.0,0.0,0.0,0.0,True
2060,P0200,Xinjiang,unabated,0.0,0.0,0.0,0.0,0.0,True
2060,P0200,Xinjiang,retire,0.0,0.0,0.0,0.0,0.0,True
2060,P0200,Xinjiang,ccs,0.46248524238655453,4933803.66542558,4.045719005648975,3.641147105084078,3.9081645594569085,True
2060,P0200,Xinjiang,biomass,0.0,0.0,0.0,0.0,0.0,True
2060,P0200,Xinjiang,beccs,0.537514757613446,5734220.334574424,4.702060674351027,8.933915281266952,4.5421906114230906,True
2060,P0200,Xinjiang,ammonia,0.0,0.0,0.0,0.0,0.0,True
2060,P0201,Heilongjiang,unabated,0.0,0.0,0.0,0.0,0.0,True
2060,P0201,Heilongjiang,retire,0.0,0.0,0.0,0.0,0.0,True
2060,P0201,Heilongjiang,ccs,0.0,0.0,0.0,0.0,0.0,True
2060,P0201,Heilongjiang,biomass,0.0,0.0,0.0,0.0,0.0,True
2060,P0201,Heilongjiang,beccs,1.0,2434950.0000000005,1.9966590000000002,3.7936521,1.928772594,True
2060,P0201,Heilongjiang,ammonia,0.0,0.0,0.0,0.0,0.0,True
2060,P0202,Jiangxi,unabated,0.0,0.0,0.0,0.0,0.0,True
2060,P0202,Jiangxi,retire,0.0,0.0,0.0,0.0,0.0,True
2060,P0202,Jiangxi,ccs,0.0,0.0,0.0,0.0,0.0,True
2060,P0202,Jiangxi,biomass,1.0,9151488.0,7.504220159999999,7.504220159999999,0.0,True
2060,P0202,Jiangxi,beccs,0.0,0.0,0.0,0.0,0.0,True
2060,P0202,Jiangxi,ammonia,0.0,0.0,0.0,0.0,0.0,True
2060,P0203,Inner Mongolia,unabated,0.0,0.0,0.0,0.0,0.0,True
2060,P0203,Inner Mongolia,retire,0.0,0.0,0.0,0.0,0.0,True
2060,P0203,Inner Mongolia,ccs,0.23536199545400383,1598702.238171207,1.31093583530039,1.1798422517703508,1.2663640169001764,True
2060,P0203,Inner Mongolia,biomass,0.0,0.0,0.0,0.0,0.0,True
2060,P0203,Inner Mongolia,beccs,0.7646380045459953,5193822.761828786,4.258934664699605,8.09197586292925,4.114130886099817,True
2060,P0203,Inner Mongolia,ammonia,0.0,0.0,0.0,0.0,0.0,True
2060,P0204,Heilongjiang,unabated,0.0,0.0,0.0,0.0,0.0,True
2060,P0204,Heilongjiang,retire,0.0,0.0,0.0,0.0,0.0,True
2060,P0204,Heilongjiang,ccs,0.0,0.0,0.0,0.0,0.0,True
2060,P0204,Heilongjiang,biomass,0.0,0.0,0.0,0.0,0.0,True
2060,P0204,Heilongjiang,beccs,1.0,2434950.0000000005,1.9966590000000002,3.7936521,1.928772594,True
2060,P0204,Heilongjiang,ammonia,0.0,0.0,0.0,0.0,0.0,True
2060,P0205,Inner Mongolia,unabated,0.0,0.0,0.0,0.0,0.0,True
2060,P0205,Inner Mongolia,retire,0.0,0.0,0.0,0.0,0.0,True
2060,P0205,Inner Mongolia,ccs,0.0,0.0,0.0,0.0,0.0,True
2060,P0205,Inner Mongolia,biomass,0.0,0.0,0.0,0.0,0.0,True
2060,P0205,Inner Mongolia,beccs,1.0,3018899.9999999995,2.4754979999999995,4.703446199999999,2.391331067999999,True
2060,P0205,Inner Mongolia,ammonia,0.0,0.0,0.0,0.0,0.0,True
2060,P0206,Hubei,unabated,0.0,0.0,0.0,0.0,0.0,True
2060,P0206,Hubei,retire,0.0,0.0,0.0,0.0,0.0,True
2060,P0206,Hubei,ccs,0.0,0.0,0.0,0.0,0.0,True
2060,P0206,Hubei,biomass,1.0,3937080.0,3.2284055999999994,3.2284055999999994,0.0,True
2060,P0206,Hubei,beccs,0.0,0.0,0.0,0.0,0.0,True
2060,P0206,Hubei,ammonia,0.0,0.0,0.0,0.0,0.0,True
2060,P0207,Xinjiang,unabated,0.0,0.0,0.0,0.0,0.0,True
2060,P0207,Xinjiang,retire,0.0,0.0,0.0,0.0,0.0,True
2060,P0207,Xinjiang,ccs,1.0,47530800.0,38.975256,35.0777304,37.650097296,True
2060,P0207,Xinjiang,biomass,0.0,0.0,0.0,0.0,0.0,True
2060,P0207,Xinjiang,beccs,0.0,0.0,0.0,0.0,0.0,True
2060,P0207,Xinjiang,ammonia,0.0,0.0,0.0,0.0,0.0,True
2060,P0208,Sichuan,unabated,0.0,0.0,0.0,0.0,0.0,True
2060,P0208,Sichuan,retire,0.0,0.0,0.0,0.0,0.0,True
2060,P0208,Sichuan,ccs,0.0,0.0,0.0,0.0,0.0,True
2060,P0208,Sichuan,biomass,1.0,1648811.9999999998,1.3520258399999996,1.3520258399999996,0.0,True
2060,P0208,Sichuan,beccs,0.0,0.0,0.0,0.0,0.0,True
2060,P0208,Sichuan,ammonia,0.0,0.0,0.0,0.0,0.0,True
2060,P0209,Zhejiang,unabated,0.0,0.0,0.0,0.0,0.0,True
2060,P0209,Zhejiang,retire,0.0,0.0,0.0,0.0,0.0,True
2060,P0209,Zhejiang,ccs,0.0,0.0,0.0,0.0,0.0,True
2060,P0209,Zhejiang,biomass,0.0,0.0,0.0,0.0,0.0,True
2060,P0209,Zhejiang,beccs,1.0,13284720.000000002,10.8934704,20.69759376,10.523092406399998,True
2060,P0209,Zhejiang,ammonia,0.0,0.0,0.0,0.0,0.0,True
2060,P0210,Anhui,unabated,0.0,0.0,0.0,0.0,0.0,True
2060,P0210,Anhui,retire,0.0,0.0,0.0,0.0,0.0,True
2060,P0210,Anhui,ccs,0.0,0.0,0.0,0.0,0.0,True
2060,P0210,Anhui,biomass,1.0,6708372.000000001,5.50086504,5.50086504,0.0,True
2060,P0210,Anhui,beccs,0.0,0.0,0.0,0.0,0.0,True
2060,P0210,Anhui,ammonia,0.0,0.0,0.0,0.0,0.0,True
2060,P0211,Henan,unabated,0.0,0.0,0.0,0.0,0.0,True
2060,P0211,Henan,retire,0.0,0.0,0.0,0.0,0.0,True
2060,P0211,Henan,ccs,0.0,0.0,0.0,0.0,0.0,True
2060,P0211,Henan,biomass,1.0,4535496.0,3.7191067199999996,3.7191067199999996,0.0,True
2060,P0211,Henan,beccs,0.0,0.0,0.0,0.0,0.0,True
2060,P0211,Henan,ammonia,0.0,0.0,0.0,0.0,0.0,True
2060,P0212,Gansu,unabated,0.0,0.0,0.0,0.0,0.0,True
2060,P0212,Gansu,retire,1.0,11102440.0,9.1040008,9.1040008,0.0,True
2060,P0212,Gansu,ccs,0.0,0.0,0.0,0.0,0.0,True
2060,P0212,Gansu,biomass,0.0,0.0,0.0,0.0,0.0,True
2060,P0212,Gansu,beccs,0.0,0.0,0.0,0.0,0.0,True
2060,P0212,Gansu,ammonia,0.0,0.0,0.0,0.0,0.0,True
2060,P0213,Hubei,unabated,0.0,0.0,0.0,0.0,0.0,True
2060,P0213,Hubei,retire,0.0,0.0,0.0,0.0,0.0,True
2060,P0213,Hubei,ccs,0.0,0.0,0.0,0.0,0.0,True
2060,P0213,Hubei,biomass,1.0,13761032.0,11.28404624,11.28404624,0.0,True
2060,P0213,Hubei,beccs,0.0,0.0,0.0,0.0,0.0,True
2060,P0213,Hubei,ammonia,0.0,0.0,0.0,0.0,0.0,True
2060,P0214,Xinjiang,unabated,0.0,0.0,0.0,0.0,0.0,True
2060,P0214,Xinjiang,retire,0.0,0.0,0.0,0.0,0.0,True
2060,P0214,Xinjiang,ccs,0.8751218269016254,4459934.123504714,3.657145981273865,3.2914313831464788,3.532803017910553,True
2060,P0214,Xinjiang,biomass,0.0,0.0,0.0,0.0,0.0,True
2060,P0214,Xinjiang,beccs,0.1248781730983746,636423.8764952861,0.5218675787261345,0.6001477155350547,0.504124081049446,True
2060,P0214,Xinjiang,ammonia,0.0,0.0,0.0,0.0,0.0,True
2060,P0215,Hebei,unabated,0.0,0.0,0.0,0.0,0.0,True
2060,P0215,Hebei,retire,0.0,0.0,0.0,0.0,0.0,True
2060,P0215,Hebei,ccs,0.0,0.0,0.0,0.0,0.0,True
2060,P0215,Hebei,biomass,1.0,5880732.000000001,4.82220024,4.82220024,0.0,True
2060,P0215,Hebei,beccs,0.0,0.0,0.0,0.0,0.0,True
2060,P0215,Hebei,ammonia,0.0,0.0,0.0,0.0,0.0,True
2060,P0216,Heilongjiang,unabated,0.0,0.0,0.0,0.0,0.0,True
2060,P0216,Heilongjiang,retire,0.0,0.0,0.0,0.0,0.0,True
2060,P0216,Heilongjiang,ccs,0.0,0.0,0.0,0.0,0.0,True
2060,P0216,Heilongjiang,biomass,1.0,347850.0,0.285237,0.285237,0.0,True
2060,P0216,Heilongjiang,beccs,0.0,0.0,0.0,0.0,0.0,True
2060,P0216,Heilongjiang,ammonia,0.0,0.0,0.0,0.0,0.0,True
2060,P0217,Hainan,unabated,0.0,0.0,0.0,0.0,0.0,True
2060,P0217,Hainan,retire,0.0,0.0,0.0,0.0,0.0,True
2060,P0217,Hainan,ccs,0.0,0.0,0.0,0.0,0.0,True
2060,P0217,Hainan,biomass,0.0,0.0,0.0,0.0,0.0,True
2060,P0217,Hainan,beccs,1.0,1509270.0,1.2376014,2.35144266,1.1955229524,True
2060,P0217,Hainan,ammonia,0.0,0.0,0.0,0.0,0.0,True
2060,P0218,Hubei,unabated,0.0,0.0,0.0,0.0,0.0,True
2060,P0218,Hubei,retire,0.0,0.0,0.0,0.0,0.0,True
2060,P0218,Hubei,ccs,0.0,0.0,0.0,0.0,0.0,True
2060,P0218,Hubei,biomass,1.0,7424207.999999999,6.087850559999999,6.087850559999999,0.0,True
2060,P0218,Hubei,beccs,0.0,0.0,0.0,0.0,0.0,True
2060,P0218,Hubei,ammonia,0.0,0.0,0.0,0.0,0.0,True
2060,P0219,Jilin,unabated,0.0,0.0,0.0,0.0,0.0,True
2060,P0219,Jilin,retire,0.0,0.0,0.0,0.0,0.0,True
2060,P0219,Jilin,ccs,0.0,0.0,0.0,0.0,0.0,True
2060,P0219,Jilin,biomass,0.0,0.0,0.0,0.0,0.0,True
2060,P0219,Jilin,beccs,1.0,2933334.0,2.4053338799999997,4.570134371999999,2.323552528079999,True
2060,P0219,Jilin,ammonia,0.0,0.0,0.0,0.0,0.0,True
2060,P0220,Hebei,unabated,0.0,0.0,0.0,0.0,0.0,True
2060,P0220,Hebei,retire,0.0,0.0,0.0,0.0,0.0,True
2060,P0220,Hebei,ccs,0.0,0.0,0.0,0.0,0.0,True
2060,P0220,Hebei,biomass,1.0,5880732.000000001,4.82220024,4.82220024,0.0,True
2060,P0220,Hebei,beccs,0.0,0.0,0.0,0.0,0.0,True
2060,P0220,Hebei,ammonia,0.0,0.0,0.0,0.0,0.0,True
2060,P0221,Gansu,unabated,0.0,0.0,0.0,0.0,0.0,True
2060,P0221,Gansu,retire,0.28636736978322175,4955028.344992835,4.063123242894125,4.063123242894125,0.0,True
2060,P0221,Gansu,ccs,0.0,0.0,0.0,0.0,0.0,True
2060,P0221,Gansu,biomass,0.0,0.0,0.0,0.0,0.0,True
2060,P0221,Gansu,beccs,0.7136326302167783,12348019.655007165,10.125376117105874,19.23821462250116,9.781113329124274,True
2060,P0221,Gansu,ammonia,0.0,0.0,0.0,0.0,0.0,True
2060,P0222,Jiangxi,unabated,0.0,0.0,0.0,0.0,0.0,True
2060,P0222,Jiangxi,retire,0.0,0.0,0.0,0.0,0.0,True
2060,P0222,Jiangxi,ccs,0.0,0.0,0.0,0.0,0.0,True
2060,P0222,Jiangxi,biomass,1.0,19065600.0,15.633791999999998,15.633791999999998,0.0,True
2060,P0222,Jiangxi,beccs,0.0,0.0,0.0,0.0,0.0,True
2060,P0222,Jiangxi,ammonia,0.0,0.0,0.0,0.0,0.0,True
2060,P0223,Anhui,unabated,0.0,0.0,0.0,0.0,0.0,True
2060,P0223,Anhui,retire,1.0,32652492.500000004,26.775043850000003,26.775043850000003,0.0,True
2060,P0223,Anhui,ccs,0.0,0.0,0.0,0.0,0.0,True
2060,P0223,Anhui,biomass,0.0,0.0,0.0,0.0,0.0,True
2060,P0223,Anhui,beccs,0.0,0.0,0.0,0.0,0.0,True
2060,P0223,Anhui,ammonia,0.0,0.0,0.0,0.0,0.0,True
2060,P0224,Xinjiang,unabated,0.0,0.0,0.0,0.0,0.0,True
2060,P0224,Xinjiang,retire,0.0,0.0,0.0,0.0,0.0,True
2060,P0224,Xinjiang,ccs,0.09616624014570865,558660.4622032681,0.45810157900667975,0.4122914211060118,0.44252612532045255,True
2060,P0224,Xinjiang,biomass,0.0,0.0,0.0,0.0,0.0,True
2060,P0224,Xinjiang,beccs,0.9038337598542916,5250659.537796732,4.30554082099332,8.180527559887308,4.159152433079546,True
2060,P0224,Xinjiang,ammonia,0.0,0.0,0.0,0.0,0.0,True
2060,P0225,Heilongjiang,unabated,0.0,0.0,0.0,0.0,0.0,True
2060,P0225,Heilongjiang,retire,0.0,0.0,0.0,0.0,0.0,True
2060,P0225,Heilongjiang,ccs,0.0,0.0,0.0,0.0,0.0,True
2060,P0225,Heilongjiang,biomass,1.0,4174200.0,3.422844,3.422844,0.0,True
2060,P0225,Heilongjiang,beccs,0.0,0.0,0.0,0.0,0.0,True
2060,P0225,Heilongjiang,ammonia,0.0,0.0,0.0,0.0,0.0,True
2060,P0226,Anhui,unabated,0.0,0.0,0.0,0.0,0.0,True
2060,P0226,Anhui,retire,0.0,0.0,0.0,0.0,0.0,True
2060,P0226,Anhui,ccs,0.0,0.0,0.0,0.0,0.0,True
2060,P0226,Anhui,biomass,1.0,13416744.000000002,11.00173008,11.00173008,0.0,True
2060,P0226,Anhui,beccs,0.0,0.0,0.0,0.0,0.0,True
2060,P0226,Anhui,ammonia,0.0,0.0,0.0,0.0,0.0,True
2060,P0227,Shanxi,unabated,0.0,0.0,0.0,0.0,0.0,True
2060,P0227,Shanxi,retire,0.0,0.0,0.0,0.0,0.0,True
2060,P0227,Shanxi,ccs,0.0,0.0,0.0,0.0,0.0,True
2060,P0227,Shanxi,biomass,0.0,0.0,0.0,0.0,0.0,True
2060,P0227,Shanxi,beccs,1.0,17129150.0,14.045903,26.687215699999996,13.568342298,True
2060,P0227,Shanxi,ammonia,0.0,0.0,0.0,0.0,0.0,True
2060,P0228,Liaoning,unabated,0.0,0.0,0.0,0.0,0.0,True
2060,P0228,Liaoning,retire,0.0,0.0,0.0,0.0,0.0,True
2060,P0228,Liaoning,ccs,0.0,0.0,0.0,0.0,0.0,True
2060,P0228,Liaoning,biomass,0.16296534846260638,606367.9871736042,0.4972217494823554,0.4972217494823554,0.0,True
2060,P0228,Liaoning,beccs,0.8370346515373941,3114472.012826397,2.553867050517645,4.852347395983525,2.4670355708000447,True
2060,P0228,Liaoning,ammonia,0.0,0.0,0.0,0.0,0.0,True
2060,P0229,Henan,unabated,0.0,0.0,0.0,0.0,0.0,True
2060,P0229,Henan,retire,0.011586738966371746,155569.44342590196,0.1275669436092396,0.1275669436092396,0.0,True
2060,P0229,Henan,ccs,0.0,0.0,0.0,0.0,0.0,True
2060,P0229,Henan,biomass,0.9884132610336283,13270938.556574099,10.882169616390758,10.882169616390758,0.0,True
2060,P0229,Henan,beccs,0.0,0.0,0.0,0.0,0.0,True
2060,P0229,Henan,ammonia,0.0,0.0,0.0,0.0,0.0,True
2060,P0230,Inner Mongolia,unabated,0.0,0.0,0.0,0.0,0.0,True
2060,P0230,Inner Mongolia,retire,1.0,6641580.0,5.4460956,5.4460956,0.0,True
2060,P0230,Inner Mongolia,ccs,0.0,0.0,0.0,0.0,0.0,True
2060,P0230,Inner Mongolia,biomass,0.0,0.0,0.0,0.0,0.0,True
2060,P0230,Inner Mongolia,beccs,0.0,0.0,0.0,0.0,0.0,True
2060,P0230,Inner Mongolia,ammonia,0.0,0.0,0.0,0.0,0.0,True
2060,P0231,Fujian,unabated,0.0,0.0,0.0,0.0,0.0,True
2060,P0231,Fujian,retire,0.0,0.0,0.0,0.0,0.0,True
2060,P0231,Fujian,ccs,0.0,0.0,0.0,0.0,0.0,True
2060,P0231,Fujian,biomass,1.0,6151440.0,5.0441807999999995,5.0441807999999995,0.0,True
2060,P0231,Fujian,beccs,0.0,0.0,0.0,0.0,0.0,True
2060,P0231,Fujian,ammonia,0.0,0.0,0.0,0.0,0.0,True
2060,P0232,Inner Mongolia,unabated,0.0,0.0,0.0,0.0,0.0,True
2060,P0232,Inner Mongolia,retire,0.0,0.0,0.0,0.0,0.0,True
2060,P0232,Inner Mongolia,ccs,0.0,0.0,0.0,0.0,0.0,True
2060,P0232,Inner Mongolia,biomass,0.0,0.0,0.0,0.0,0.0,True
2060,P0232,Inner Mongolia,beccs,1.0,6037799.999999999,4.950995999999999,9.406892399999998,4.782662135999998,True
2060,P0232,Inner Mongolia,ammonia,0.0,0.0,0.0,0.0,0.0,True
2060,P0233,Xinjiang,unabated,0.0,0.0,0.0,0.0,0.0,True
2060,P0233,Xinjiang,retire,0.0,0.0,0.0,0.0,0.0,True
2060,P0233,Xinjiang,ccs,0.03664257678778116,116110.06591897791,0.09521025405356187,0.08568922864820568,0.09197310541574077,True
2060,P0233,Xinjiang,biomass,0.0,0.0,0.0,0.0,0.0,True
2060,P0233,Xinjiang,beccs,0.9633574232122191,3052609.934081022,2.503140145946438,4.755966277298231,2.418033380984259,True
2060,P0233,Xinjiang,ammonia,0.0,0.0,0.0,0.0,0.0,True
2060,P0234,Hunan,unabated,0.0,0.0,0.0,0.0,0.0,True
2060,P0234,Hunan,retire,0.0,0.0,0.0,0.0,0.0,True
2060,P0234,Hunan,ccs,0.0,0.0,0.0,0.0,0.0,True
2060,P0234,Hunan,biomass,1.0,234414.0,0.19221947999999997,0.19221947999999997,0.0,True
2060,P0234,Hunan,beccs,0.0,0.0,0.0,0.0,0.0,True
2060,P0234,Hunan,ammonia,0.0,0.0,0.0,0.0,0.0,True
2060,P0235,Inner Mongolia,unabated,0.0,0.0,0.0,0.0,0.0,True
2060,P0235,Inner Mongolia,retire,1.0,13283160.0,10.8921912,10.8921912,0.0,True
2060,P0235,Inner Mongolia,ccs,0.0,0.0,0.0,0.0,0.0,True
2060,P0235,Inner Mongolia,biomass,0.0,0.0,0.0,0.0,0.0,True
2060,P0235,Inner Mongolia,beccs,0.0,0.0,0.0,0.0,0.0,True
2060,P0235,Inner Mongolia,ammonia,0.0,0.0,0.0,0.0,0.0,True
2060,P0236,Henan,unabated,0.0,0.0,0.0,0.0,0.0,True
2060,P0236,Henan,retire,1.0,19185868.0,15.73241176,15.73241176,0.0,True
2060,P0236,Henan,ccs,0.0,0.0,0.0,0.0,0.0,True
2060,P0236,Henan,biomass,0.0,0.0,0.0,0.0,0.0,True
2060,P0236,Henan,beccs,0.0,0.0,0.0,0.0,0.0,True
2060,P0236,Henan,ammonia,0.0,0.0,0.0,0.0,0.0,True
2060,P0237,Jiangxi,unabated,0.0,0.0,0.0,0.0,0.0,True
2060,P0237,Jiangxi,retire,0.0,0.0,0.0,0.0,0.0,True
2060,P0237,Jiangxi,ccs,0.0,0.0,0.0,0.0,0.0,True
2060,P0237,Jiangxi,biomass,1.0,12869280.0,10.5528096,10.5528096,0.0,True
2060,P0237,Jiangxi,beccs,0.0,0.0,0.0,0.0,0.0,True
2060,P0237,Jiangxi,ammonia,0.0,0.0,0.0,0.0,0.0,True
2060,P0238,Sichuan,unabated,0.0,0.0,0.0,0.0,0.0,True
2060,P0238,Sichuan,retire,0.0,0.0,0.0,0.0,0.0,True
2060,P0238,Sichuan,ccs,0.0,0.0,0.0,0.0,0.0,True
2060,P0238,Sichuan,biomass,0.0,0.0,0.0,0.0,0.0,True
2060,P0238,Sichuan,beccs,1.0,9992799.999999998,8.194095999999998,15.568782399999996,8.480889359999997,True
2060,P0238,Sichuan,ammonia,0.0,0.0,0.0,0.0,0.0,True
2060,P0239,Guizhou,unabated,0.0,0.0,0.0,0.0,0.0,True
2060,P0239,Guizhou,retire,0.0,0.0,0.0,0.0,0.0,True
2060,P0239,Guizhou,ccs,0.0,0.0,0.0,0.0,0.0,True
2060,P0239,Guizhou,biomass,1.0,17659212.0,14.48055384,14.48055384,0.0,True
2060,P0239,Guizhou,beccs,0.0,0.0,0.0,0.0,0.0,True
2060,P0239,Guizhou,ammonia,0.0,0.0,0.0,0.0,0.0,True
2060,P0240,Guangdong,unabated,0.0,0.0,0.0,0.0,0.0,True
2060,P0240,Guangdong,retire,0.0,0.0,0.0,0.0,0.0,True
2060,P0240,Guangdong,ccs,0.0,0.0,0.0,0.0,0.0,True
2060,P0240,Guangdong,biomass,0.0,0.0,0.0,0.0,0.0,True
2060,P0240,Guangdong,beccs,1.0,9663400.0,7.923987999999999,15.055577199999997,7.654572407999996,True
2060,P0240,Guangdong,ammonia,0.0,0.0,0.0,0.0,0.0,True
2060,P0241,Guangxi,unabated,0.0,0.0,0.0,0.0,0.0,True
2060,P0241,Guangxi,retire,0.0,0.0,0.0,0.0,0.0,True
2060,P0241,Guangxi,ccs,0.0,0.0,0.0,0.0,0.0,True
2060,P0241,Guangxi,biomass,1.0,3350620.0,2.7475084,2.7475084,0.0,True
2060,P0241,Guangxi,beccs,0.0,0.0,0.0,0.0,0.0,True
2060,P0241,Guangxi,ammonia,0.0,0.0,0.0,0.0,0.0,True
2060,P0242,Xinjiang,unabated,0.0,0.0,0.0,0.0,0.0,True
2060,P0242,Xinjiang,retire,0.24564217705502667,6849667.257644675,5.616727151268633,5.616727151268633,0.0,True
2060,P0242,Xinjiang,ccs,0.7543578229449733,21035068.74235532,17.24875636873136,15.523880731858224,17.852462841636957,True
2060,P0242,Xinjiang,biomass,0.0,0.0,0.0,0.0,0.0,True
2060,P0242,Xinjiang,beccs,0.0,0.0,0.0,0.0,0.0,True
2060,P0242,Xinjiang,ammonia,0.0,0.0,0.0,0.0,0.0,True
2060,P0243,Anhui,unabated,0.0,0.0,0.0,0.0,0.0,True
2060,P0243,Anhui,retire,1.0,124308166.00000001,101.93269612,101.93269612,0.0,True
2060,P0243,Anhui,ccs,0.0,0.0,0.0,0.0,0.0,True
2060,P0243,Anhui,biomass,0.0,0.0,0.0,0.0,0.0,True
2060,P0243,Anhui,beccs,0.0,0.0,0.0,0.0,0.0,True
2060,P0243,Anhui,ammonia,0.0,0.0,0.0,0.0,0.0,True
2060,P0244,Gansu,unabated,0.0,0.0,0.0,0.0,0.0,True
2060,P0244,Gansu,retire,1.0,15124456.000000002,12.40205392,12.40205392,0.0,True
2060,P0244,Gansu,ccs,0.0,0.0,0.0,0.0,0.0,True
2060,P0244,Gansu,biomass,0.0,0.0,0.0,0.0,0.0,True
2060,P0244,Gansu,beccs,0.0,0.0,0.0,0.0,0.0,True
2060,P0244,Gansu,ammonia,0.0,0.0,0.0,0.0,0.0,True
2060,P0245,Hubei,unabated,0.0,0.0,0.0,0.0,0.0,True
2060,P0245,Hubei,retire,0.0,0.0,0.0,0.0,0.0,True
2060,P0245,Hubei,ccs,0.0,0.0,0.0,0.0,0.0,True
2060,P0245,Hubei,biomass,1.0,7247976.799999999,5.943340975999999,5.943340975999999,0.0,True
2060,P0245,Hubei,beccs,0.0,0.0,0.0,0.0,0.0,True
2060,P0245,Hubei,ammonia,0.0,0.0,0.0,0.0,0.0,True
2060,P0246,Inner Mongolia,unabated,0.0,0.0,0.0,0.0,0.0,True
2060,P0246,Inner Mongolia,retire,1.0,41107355.0,33.7080311,33.7080311,0.0,True
2060,P0246,Inner Mongolia,ccs,0.0,0.0,0.0,0.0,0.0,True
2060,P0246,Inner Mongolia,biomass,0.0,0.0,0.0,0.0,0.0,True
2060,P0246,Inner Mongolia,beccs,0.0,0.0,0.0,0.0,0.0,True
2060,P0246,Inner Mongolia,ammonia,0.0,0.0,0.0,0.0,0.0,True
2060,P0247,Shandong,unabated,0.0,0.0,0.0,0.0,0.0,True
2060,P0247,Shandong,retire,1.0,8983866.0,7.366770119999999,7.366770119999999,0.0,True
2060,P0247,Shandong,ccs,0.0,0.0,0.0,0.0,0.0,True
2060,P0247,Shandong,biomass,0.0,0.0,0.0,0.0,0.0,True
2060,P0247,Shandong,beccs,0.0,0.0,0.0,0.0,0.0,True
2060,P0247,Shandong,ammonia,0.0,0.0,0.0,0.0,0.0,True
2060,P0248,Henan,unabated,0.0,0.0,0.0,0.0,0.0,True
2060,P0248,Henan,retire,0.047328400425049044,1429348.1723263548,1.172065501307611,1.172065501307611,0.0,True
2060,P0248,Henan,ccs,0.0,0.0,0.0,0.0,0.0,True
2060,P0248,Henan,biomass,0.952671599574951,28771295.827673644,23.592462578692388,23.592462578692388,0.0,True
2060,P0248,Henan,beccs,0.0,0.0,0.0,0.0,0.0,True
2060,P0248,Henan,ammonia,0.0,0.0,0.0,0.0,0.0,True
2060,P0249,Gansu,unabated,0.0,0.0,0.0,0.0,0.0,True
2060,P0249,Gansu,retire,0.0,0.0,0.0,0.0,0.0,True
2060,P0249,Gansu,ccs,0.0,0.0,0.0,0.0,0.0,True
2060,P0249,Gansu,biomass,0.0,0.0,0.0,0.0,0.0,True
2060,P0249,Gansu,beccs,1.0,2513760.0000000005,2.0612832,3.91643808,1.9911995711999997,True
2060,P0249,Gansu,ammonia,0.0,0.0,0.0,0.0,0.0,True
2060,P0250,Gansu,unabated,0.0,0.0,0.0,0.0,0.0,True
2060,P0250,Gansu,retire,0.6883366997554883,1730313.2623773566,1.4188568751494322,1.4188568751494322,0.0,True
2060,P0250,Gansu,ccs,0.0,0.0,0.0,0.0,0.0,True
2060,P0250,Gansu,biomass,0.0,0.0,0.0,0.0,0.0,True
2060,P0250,Gansu,beccs,0.3116633002445117,783446.7376226439,0.6424263248505679,1.220610017216079,0.6205838298056485,True
2060,P0250,Gansu,ammonia,0.0,0.0,0.0,0.0,0.0,True
2060,P0251,Hebei,unabated,0.0,0.0,0.0,0.0,0.0,True
2060,P0251,Hebei,retire,0.0,0.0,0.0,0.0,0.0,True
2060,P0251,Hebei,ccs,0.0,0.0,0.0,0.0,0.0,True
2060,P0251,Hebei,biomass,0.9666625299333428,5856946.402464209,4.802696050020652,4.802696050020652,0.0,True
2060,P0251,Hebei,beccs,0.033337470066657444,201989.59753579323,0.16563146997935044,0.3146997929607658,0.1600000000000525,True
2060,P0251,Hebei,ammonia,0.0,0.0,0.0,0.0,0.0,True
2060,P0252,Guangxi,unabated,0.0,0.0,0.0,0.0,0.0,True
2060,P0252,Guangxi,retire,0.0,0.0,0.0,0.0,0.0,True
2060,P0252,Guangxi,ccs,0.0,0.0,0.0,0.0,0.0,True
2060,P0252,Guangxi,biomass,1.0,10003994.0,8.20327508,8.20327508,0.0,True
2060,P0252,Guangxi,beccs,0.0,0.0,0.0,0.0,0.0,True
2060,P0252,Guangxi,ammonia,0.0,0.0,0.0,0.0,0.0,True
2060,P0253,Guangxi,unabated,0.0,0.0,0.0,0.0,0.0,True
2060,P0253,Guangxi,retire,0.0,0.0,0.0,0.0,0.0,True
2060,P0253,Guangxi,ccs,0.0,0.0,0.0,0.0,0.0,True
2060,P0253,Guangxi,biomass,1.0,5456724.0,4.474513679999999,4.474513679999999,0.0,True
2060,P0253,Guangxi,beccs,0.0,0.0,0.0,0.0,0.0,True
2060,P0253,Guangxi,ammonia,0.0,0.0,0.0,0.0,0.0,True
2060,P0254,Jiangxi,unabated,0.0,0.0,0.0,0.0,0.0,True
2060,P0254,Jiangxi,retire,0.0,0.0,0.0,0.0,0.0,True
2060,P0254,Jiangxi,ccs,0.0,0.0,0.0,0.0,0.0,True
2060,P0254,Jiangxi,biomass,1.0,6291647.999999999,5.159151359999998,5.159151359999998,0.0,True
2060,P0254,Jiangxi,beccs,0.0,0.0,0.0,0.0,0.0,True
2060,P0254,Jiangxi,ammonia,0.0,0.0,0.0,0.0,0.0,True
2060,P0255,Anhui,unabated,0.0,0.0,0.0,0.0,0.0,True
2060,P0255,Anhui,retire,0.0,0.0,0.0,0.0,0.0,True
2060,P0255,Anhui,ccs,0.0,0.0,0.0,0.0,0.0,True
2060,P0255,Anhui,biomass,1.0,25003932.0,20.503224239999998,20.503224239999998,0.0,True
2060,P0255,Anhui,beccs,0.0,0.0,0.0,0.0,0.0,True
2060,P0255,Anhui,ammonia,0.0,0.0,0.0,0.0,0.0,True
2060,P0256,Heilongjiang,unabated,0.0,0.0,0.0,0.0,0.0,True
2060,P0256,Heilongjiang,retire,0.0,0.0,0.0,0.0,0.0,True
2060,P0256,Heilongjiang,ccs,0.0,0.0,0.0,0.0,0.0,True
2060,P0256,Heilongjiang,biomass,0.0,0.0,0.0,0.0,0.0,True
2060,P0256,Heilongjiang,beccs,1.0,194796.0,0.15973272,0.30349216799999995,0.15430180751999997,True
2060,P0256,Heilongjiang,ammonia,0.0,0.0,0.0,0.0,0.0,True
2060,P0257,Inner Mongolia,unabated,0.0,0.0,0.0,0.0,0.0,True
2060,P0257,Inner Mongolia,retire,0.0,0.0,0.0,0.0,0.0,True
2060,P0257,Inner Mongolia,ccs,0.0,0.0,0.0,0.0,0.0,True
2060,P0257,Inner Mongolia,biomass,1.0,362267.99999999994,0.29705975999999995,0.29705975999999995,0.0,True
2060,P0257,Inner Mongolia,beccs,0.0,0.0,0.0,0.0,0.0,True
2060,P0257,Inner Mongolia,ammonia,0.0,0.0,0.0,0.0,0.0,True
2060,P0258,Xinjiang,unabated,0.0,0.0,0.0,0.0,0.0,True
2060,P0258,Xinjiang,retire,0.0,0.0,0.0,0.0,0.0,True
2060,P0258,Xinjiang,ccs,0.6151310303545143,2274040.9982557823,1.8647136185697415,1.6782422567127673,1.80131335553837,True
2060,P0258,Xinjiang,biomass,0.0,0.0,0.0,0.0,0.0,True
2060,P0258,Xinjiang,beccs,0.3848689696454859,1422799.001744218,1.1666951814302586,2.2167208447174915,1.1270275452616294,True
2060,P0258,Xinjiang,ammonia,0.0,0.0,0.0,0.0,0.0,True
2060,P0259,Guizhou,unabated,0.0,0.0,0.0,0.0,0.0,True
2060,P0259,Guizhou,retire,1.0,20792298.0,17.04968436,17.04968436,0.0,True
2060,P0259,Guizhou,ccs,0.0,0.0,0.0,0.0,0.0,True
2060,P0259,Guizhou,biomass,0.0,0.0,0.0,0.0,0.0,True
2060,P0259,Guizhou,beccs,0.0,0.0,0.0,0.0,0.0,True
2060,P0259,Guizhou,ammonia,0.0,0.0,0.0,0.0,0.0,True
2060,P0260,Ningxia,unabated,0.0,0.0,0.0,0.0,0.0,True
2060,P0260,Ningxia,retire,0.0,0.0,0.0,0.0,0.0,True
2060,P0260,Ningxia,ccs,0.0,0.0,0.0,0.0,0.0,True
2060,P0260,Ningxia,biomass,0.0,0.0,0.0,0.0,0.0,True
2060,P0260,Ningxia,beccs,1.0,13222594.0,10.84252708,20.600801452,10.473881159279998,True
2060,P0260,Ningxia,ammonia,0.0,0.0,0.0,0.0,0.0,True
2060,P0261,Xinjiang,unabated,0.0,0.0,0.0,0.0,0.0,True
2060,P0261,Xinjiang,retire,1.0,3696839.9999999995,3.0314087999999995,3.0314087999999995,0.0,True
2060,P0261,Xinjiang,ccs,0.0,0.0,0.0,0.0,0.0,True
2060,P0261,Xinjiang,biomass,0.0,0.0,0.0,0.0,0.0,True
2060,P0261,Xinjiang,beccs,0.0,0.0,0.0,0.0,0.0,True
2060,P0261,Xinjiang,ammonia,0.0,0.0,0.0,0.0,0.0,True
2060,P0262,Guizhou,unabated,0.0,0.0,0.0,0.0,0.0,True
2060,P0262,Guizhou,retire,0.0,0.0,0.0,0.0,0.0,True
2060,P0262,Guizhou,ccs,0.0,0.0,0.0,0.0,0.0,True
2060,P0262,Guizhou,biomass,1.0,5696520.0,4.6711464,4.6711464,0.0,True
2060,P0262,Guizhou,beccs,0.0,0.0,0.0,0.0,0.0,True
2060,P0262,Guizhou,ammonia,0.0,0.0,0.0,0.0,0.0,True
2060,P0263,Shaanxi,unabated,0.0,0.0,0.0,0.0,0.0,True
2060,P0263,Shaanxi,retire,0.0,0.0,0.0,0.0,0.0,True
2060,P0263,Shaanxi,ccs,0.0,0.0,0.0,0.0,0.0,True
2060,P0263,Shaanxi,biomass,1.0,3176600.0,2.604812,2.604812,0.0,True
2060,P0263,Shaanxi,beccs,0.0,0.0,0.0,0.0,0.0,True
2060,P0263,Shaanxi,ammonia,0.0,0.0,0.0,0.0,0.0,True
2060,P0264,Sichuan,unabated,0.0,0.0,0.0,0.0,0.0,True
2060,P0264,Sichuan,retire,0.0,0.0,0.0,0.0,0.0,True
2060,P0264,Sichuan,ccs,0.0,0.0,0.0,0.0,0.0,True
2060,P0264,Sichuan,biomass,0.0,0.0,0.0,0.0,0.0,True
2060,P0264,Sichuan,beccs,1.0,5995679.999999999,4.916457599999998,9.341269439999996,4.749298041599998,True
2060,P0264,Sichuan,ammonia,0.0,0.0,0.0,0.0,0.0,True
2060,P0265,Gansu,unabated,0.0,0.0,0.0,0.0,0.0,True
2060,P0265,Gansu,retire,0.0,0.0,0.0,0.0,0.0,True
2060,P0265,Gansu,ccs,0.0,0.0,0.0,0.0,0.0,True
2060,P0265,Gansu,biomass,0.0,0.0,0.0,0.0,0.0,True
2060,P0265,Gansu,beccs,1.0,2932720.0,2.4048304,4.56917776,2.3230661663999994,True
2060,P0265,Gansu,ammonia,0.0,0.0,0.0,0.0,0.0,True
2060,P0266,Heilongjiang,unabated,0.0,0.0,0.0,0.0,0.0,True
2060,P0266,Heilongjiang,retire,0.0,0.0,0.0,0.0,0.0,True
2060,P0266,Heilongjiang,ccs,0.0,0.0,0.0,0.0,0.0,True
2060,P0266,Heilongjiang,biomass,1.0,939195.0000000001,0.7701399,0.7701399,0.0,True
2060,P0266,Heilongjiang,beccs,0.0,0.0,0.0,0.0,0.0,True
2060,P0266,Heilongjiang,ammonia,0.0,0.0,0.0,0.0,0.0,True
2060,P0267,Hubei,unabated,0.0,0.0,0.0,0.0,0.0,True
2060,P0267,Hubei,retire,0.0,0.0,0.0,0.0,0.0,True
2060,P0267,Hubei,ccs,0.0,0.0,0.0,0.0,0.0,True
2060,P0267,Hubei,biomass,1.0,17473136.0,14.32797152,14.32797152,0.0,True
2060,P0267,Hubei,beccs,0.0,0.0,0.0,0.0,0.0,True
2060,P0267,Hubei,ammonia,0.0,0.0,0.0,0.0,0.0,True
2060,P0268,Inner Mongolia,unabated,0.0,0.0,0.0,0.0,0.0,True
2060,P0268,Inner Mongolia,retire,0.0,0.0,0.0,0.0,0.0,True
2060,P0268,Inner Mongolia,ccs,0.0,0.0,0.0,0.0,0.0,True
2060,P0268,Inner Mongolia,biomass,1.0,452835.0,0.37132469999999995,0.37132469999999995,0.0,True
2060,P0268,Inner Mongolia,beccs,0.0,0.0,0.0,0.0,0.0,True
2060,P0268,Inner Mongolia,ammonia,0.0,0.0,0.0,0.0,0.0,True
2060,P0269,Guangdong,unabated,0.0,0.0,0.0,0.0,0.0,True
2060,P0269,Guangdong,retire,1.0,77191239.2,63.296816144000005,63.296816144000005,0.0,True
2060,P0269,Guangdong,ccs,0.0,0.0,0.0,0.0,0.0,True
2060,P0269,Guangdong,biomass,0.0,0.0,0.0,0.0,0.0,True
2060,P0269,Guangdong,beccs,0.0,0.0,0.0,0.0,0.0,True
2060,P0269,Guangdong,ammonia,0.0,0.0,0.0,0.0,0.0,True
2060,P0270,Xinjiang,unabated,0.0,0.0,0.0,0.0,0.0,True
2060,P0270,Xinjiang,retire,0.23094487332136066,731799.6389908618,0.6000757039725066,0.6000757039725066,0.0,True
2060,P0270,Xinjiang,ccs,0.0,0.0,0.0,0.0,0.0,True
2060,P0270,Xinjiang,biomass,0.7690551266786394,2436920.3610091377,1.9982746960274929,1.9982746960274929,0.0,True
2060,P0270,Xinjiang,beccs,0.0,0.0,0.0,0.0,0.0,True
2060,P0270,Xinjiang,ammonia,0.0,0.0,0.0,0.0,0.0,True
2060,P0271,Guangdong,unabated,0.0,0.0,0.0,0.0,0.0,True
2060,P0271,Guangdong,retire,0.0,0.0,0.0,0.0,0.0,True
2060,P0271,Guangdong,ccs,0.0,0.0,0.0,0.0,0.0,True
2060,P0271,Guangdong,biomass,1.0,2899020.0,2.3771964,2.3771964,0.0,True
2060,P0271,Guangdong,beccs,0.0,0.0,0.0,0.0,0.0,True
2060,P0271,Guangdong,ammonia,0.0,0.0,0.0,0.0,0.0,True
2060,P0272,Qinghai,unabated,0.0,0.0,0.0,0.0,0.0,True
2060,P0272,Qinghai,retire,0.0,0.0,0.0,0.0,0.0,True
2060,P0272,Qinghai,ccs,1.0,5408039.999999999,4.434592799999999,3.991133519999999,4.589803547999999,True
2060,P0272,Qinghai,biomass,0.0,0.0,0.0,0.0,0.0,True
2060,P0272,Qinghai,beccs,0.0,0.0,0.0,0.0,0.0,True
2060,P0272,Qinghai,ammonia,0.0,0.0,0.0,0.0,0.0,True
2060,P0273,Fujian,unabated,0.0,0.0,0.0,0.0,0.0,True
2060,P0273,Fujian,retire,0.0,0.0,0.0,0.0,0.0,True
2060,P0273,Fujian,ccs,0.0,0.0,0.0,0.0,0.0,True
2060,P0273,Fujian,biomass,1.0,3075720.0,2.5220903999999997,2.5220903999999997,0.0,True
2060,P0273,Fujian,beccs,0.0,0.0,0.0,0.0,0.0,True
2060,P0273,Fujian,ammonia,0.0,0.0,0.0,0.0,0.0,True
2060,P0274,Hebei,unabated,0.0,0.0,0.0,0.0,0.0,True
2060,P0274,Hebei,retire,0.0,0.0,0.0,0.0,0.0,True
2060,P0274,Hebei,ccs,0.0,0.0,0.0,0.0,0.0,True
2060,P0274,Hebei,biomass,0.0,0.0,0.0,0.0,0.0,True
2060,P0274,Hebei,beccs,1.0,6237140.0,5.1144548,9.717464119999999,4.9405633367999995,True
2060,P0274,Hebei,ammonia,0.0,0.0,0.0,0.0,0.0,True
2060,P0275,Gansu,unabated,0.0,0.0,0.0,0.0,0.0,True
2060,P0275,Gansu,retire,1.0,15166352.000000002,12.43640864,12.43640864,0.0,True
2060,P0275,Gansu,ccs,0.0,0.0,0.0,0.0,0.0,True
2060,P0275,Gansu,biomass,0.0,0.0,0.0,0.0,0.0,True
2060,P0275,Gansu,beccs,0.0,0.0,0.0,0.0,0.0,True
2060,P0275,Gansu,ammonia,0.0,0.0,0.0,0.0,0.0,True
2060,P0276,Xinjiang,unabated,0.0,0.0,0.0,0.0,0.0,True
2060,P0276,Xinjiang,retire,0.0,0.0,0.0,0.0,0.0,True
2060,P0276,Xinjiang,ccs,1.0,3168719.9999999995,2.5983503999999993,2.3385153599999993,2.510006486399999,True
2060,P0276,Xinjiang,biomass,0.0,0.0,0.0,0.0,0.0,True
2060,P0276,Xinjiang,beccs,0.0,0.0,0.0,0.0,0.0,True
2060,P0276,Xinjiang,ammonia,0.0,0.0,0.0,0.0,0.0,True
2060,P0277,Guangxi,unabated,0.0,0.0,0.0,0.0,0.0,True
2060,P0277,Guangxi,retire,0.0,0.0,0.0,0.0,0.0,True
2060,P0277,Guangxi,ccs,0.0,0.0,0.0,0.0,0.0,True
2060,P0277,Guangxi,biomass,1.0,3350620.0,2.7475084,2.7475084,0.0,True
2060,P0277,Guangxi,beccs,0.0,0.0,0.0,0.0,0.0,True
2060,P0277,Guangxi,ammonia,0.0,0.0,0.0,0.0,0.0,True
2060,P0278,Inner Mongolia,unabated,0.0,0.0,0.0,0.0,0.0,True
2060,P0278,Inner Mongolia,retire,0.0041471060084830045,33803.18548832522,0.02771861210042668,0.02771861210042668,0.0,True
2060,P0278,Inner Mongolia,ccs,0.0,0.0,0.0,0.0,0.0,True
2060,P0278,Inner Mongolia,biomass,0.0,0.0,0.0,0.0,0.0,True
2060,P0278,Inner Mongolia,beccs,0.995852893991517,8117226.814511674,6.656125987899573,12.646639377009189,6.429817704310987,True
2060,P0278,Inner Mongolia,ammonia,0.0,0.0,0.0,0.0,0.0,True
2060,P0279,Guangxi,unabated,0.0,0.0,0.0,0.0,0.0,True
2060,P0279,Guangxi,retire,0.0,0.0,0.0,0.0,0.0,True
2060,P0279,Guangxi,ccs,0.0,0.0,0.0,0.0,0.0,True
2060,P0279,Guangxi,biomass,0.0,0.0,0.0,0.0,0.0,True
2060,P0279,Guangxi,beccs,1.0,5743920.0,4.7100143999999995,8.949027359999999,4.549873910399999,True
2060,P0279,Guangxi,ammonia,0.0,0.0,0.0,0.0,0.0,True
2060,P0280,Anhui,unabated,0.0,0.0,0.0,0.0,0.0,True
2060,P0280,Anhui,retire,0.0,0.0,0.0,0.0,0.0,True
2060,P0280,Anhui,ccs,0.0,0.0,0.0,0.0,0.0,True
2060,P0280,Anhui,biomass,1.0,6708372.000000001,5.50086504,5.50086504,0.0,True
2060,P0280,Anhui,beccs,0.0,0.0,0.0,0.0,0.0,True
2060,P0280,Anhui,ammonia,0.0,0.0,0.0,0.0,0.0,True
2060,P0281,Xinjiang,unabated,0.0,0.0,0.0,0.0,0.0,True
2060,P0281,Xinjiang,retire,0.0,0.0,0.0,0.0,0.0,True
2060,P0281,Xinjiang,ccs,0.06904841847542743,736610.1854579032,0.6040203520754804,0.5436183168679325,0.5834836601049139,True
2060,P0281,Xinjiang,biomass,0.0,0.0,0.0,0.0,0.0,True
2060,P0281,Xinjiang,beccs,0.9309515815245728,9931413.814542098,8.143759327924519,15.473142723056585,7.866871510775082,True
2060,P0281,Xinjiang,ammonia,0.0,0.0,0.0,0.0,0.0,True
2060,P0282,Shandong,unabated,0.0,0.0,0.0,0.0,0.0,True
2060,P0282,Shandong,retire,0.0,0.0,0.0,0.0,0.0,True
2060,P0282,Shandong,ccs,0.0,0.0,0.0,0.0,0.0,True
2060,P0282,Shandong,biomass,1.0,3532491.0000000005,2.89664262,2.89664262,0.0,True
2060,P0282,Shandong,beccs,0.0,0.0,0.0,0.0,0.0,True
2060,P0282,Shandong,ammonia,0.0,0.0,0.0,0.0,0.0,True
2060,P0283,Hubei,unabated,0.0,0.0,0.0,0.0,0.0,True
2060,P0283,Hubei,retire,0.0,0.0,0.0,0.0,0.0,True
2060,P0283,Hubei,ccs,0.0,0.0,0.0,0.0,0.0,True
2060,P0283,Hubei,biomass,1.0,4949472.0,4.05856704,4.05856704,0.0,True
2060,P0283,Hubei,beccs,0.0,0.0,0.0,0.0,0.0,True
2060,P0283,Hubei,ammonia,0.0,0.0,0.0,0.0,0.0,True
2060,P0284,Shandong,unabated,0.0,0.0,0.0,0.0,0.0,True
2060,P0284,Shandong,retire,1.0,38377680.00000001,31.469697600000003,31.469697600000003,0.0,True
2060,P0284,Shandong,ccs,0.0,0.0,0.0,0.0,0.0,True
2060,P0284,Shandong,biomass,0.0,0.0,0.0,0.0,0.0,True
2060,P0284,Shandong,beccs,0.0,0.0,0.0,0.0,0.0,True
2060,P0284,Shandong,ammonia,0.0,0.0,0.0,0.0,0.0,True
2060,P0285,Yunnan,unabated,0.0,0.0,0.0,0.0,0.0,True
2060,P0285,Yunnan,retire,0.0,0.0,0.0,0.0,0.0,True
2060,P0285,Yunnan,ccs,0.0,0.0,0.0,0.0,0.0,True
2060,P0285,Yunnan,biomass,1.0,5378639.999999999,4.410484799999999,4.410484799999999,0.0,True
2060,P0285,Yunnan,beccs,0.0,0.0,0.0,0.0,0.0,True
2060,P0285,Yunnan,ammonia,0.0,0.0,0.0,0.0,0.0,True
2060,P0286,Jiangxi,unabated,0.0,0.0,0.0,0.0,0.0,True
2060,P0286,Jiangxi,retire,0.0,0.0,0.0,0.0,0.0,True
2060,P0286,Jiangxi,ccs,0.0,0.0,0.0,0.0,0.0,True
2060,P0286,Jiangxi,biomass,0.3762024483554953,2689697.0247624493,2.2055515603052083,2.2055515603052083,0.0,True
2060,P0286,Jiangxi,beccs,0.6237975516445049,4459902.975237552,3.657120439694793,6.948528835420106,3.5327783447451693,True
2060,P0286,Jiangxi,ammonia,0.0,0.0,0.0,0.0,0.0,True
2060,P0287,Gansu,unabated,0.0,0.0,0.0,0.0,0.0,True
2060,P0287,Gansu,retire,1.0,5530272.0,4.53482304,4.53482304,0.0,True
2060,P0287,Gansu,ccs,0.0,0.0,0.0,0.0,0.0,True
2060,P0287,Gansu,biomass,0.0,0.0,0.0,0.0,0.0,True
2060,P0287,Gansu,beccs,0.0,0.0,0.0,0.0,0.0,True
2060,P0287,Gansu,ammonia,0.0,0.0,0.0,0.0,0.0,True
2060,P0288,Inner Mongolia,unabated,0.0,0.0,0.0,0.0,0.0,True
2060,P0288,Inner Mongolia,retire,1.0,6641580.0,5.4460956,5.4460956,0.0,True
2060,P0288,Inner Mongolia,ccs,0.0,0.0,0.0,0.0,0.0,True
2060,P0288,Inner Mongolia,biomass,0.0,0.0,0.0,0.0,0.0,True
2060,P0288,Inner Mongolia,beccs,0.0,0.0,0.0,0.0,0.0,True
2060,P0288,Inner Mongolia,ammonia,0.0,0.0,0.0,0.0,0.0,True
2060,P0289,Inner Mongolia,unabated,0.0,0.0,0.0,0.0,0.0,True
2060,P0289,Inner Mongolia,retire,0.0,0.0,0.0,0.0,0.0,True
2060,P0289,Inner Mongolia,ccs,0.0,0.0,0.0,0.0,0.0,True
2060,P0289,Inner Mongolia,biomass,0.0,0.0,0.0,0.0,0.0,True
2060,P0289,Inner Mongolia,beccs,1.0,2566065.0,2.1041733,3.9979292699999993,2.0326314077999994,True
2060,P0289,Inner Mongolia,ammonia,0.0,0.0,0.0,0.0,0.0,True
2060,P0290,Guizhou,unabated,0.0,0.0,0.0,0.0,0.0,True
2060,P0290,Guizhou,retire,0.0,0.0,0.0,0.0,0.0,True
2060,P0290,Guizhou,ccs,0.0,0.0,0.0,0.0,0.0,True
2060,P0290,Guizhou,biomass,1.0,8829606.0,7.24027692,7.24027692,0.0,True
2060,P0290,Guizhou,beccs,0.0,0.0,0.0,0.0,0.0,True
2060,P0290,Guizhou,ammonia,0.0,0.0,0.0,0.0,0.0,True
2060,P0291,Shanxi,unabated,0.0,0.0,0.0,0.0,0.0,True
2060,P0291,Shanxi,retire,0.0,0.0,0.0,0.0,0.0,True
2060,P0291,Shanxi,ccs,0.0,0.0,0.0,0.0,0.0,True
2060,P0291,Shanxi,biomass,0.0,0.0,0.0,0.0,0.0,True
2060,P0291,Shanxi,beccs,1.0,4490615.0,3.6823042999999998,6.996378169999999,3.557105953799999,True
2060,P0291,Shanxi,ammonia,0.0,0.0,0.0,0.0,0.0,True
2060,P0292,Chongqing,unabated,0.0,0.0,0.0,0.0,0.0,True
2060,P0292,Chongqing,retire,0.0,0.0,0.0,0.0,0.0,True
2060,P0292,Chongqing,ccs,0.0,0.0,0.0,0.0,0.0,True
2060,P0292,Chongqing,biomass,1.0,2876520.0,2.3587464,2.3587464,0.0,True
2060,P0292,Chongqing,beccs,0.0,0.0,0.0,0.0,0.0,True
2060,P0292,Chongqing,ammonia,0.0,0.0,0.0,0.0,0.0,True
2060,P0293,Chongqing,unabated,0.0,0.0,0.0,0.0,0.0,True
2060,P0293,Chongqing,retire,0.0,0.0,0.0,0.0,0.0,True
2060,P0293,Chongqing,ccs,0.0,0.0,0.0,0.0,0.0,True
2060,P0293,Chongqing,biomass,0.0,0.0,0.0,0.0,0.0,True
2060,P0293,Chongqing,beccs,1.0,958840.0,0.7862488,1.49387272,0.7595163407999999,True
2060,P0293,Chongqing,ammonia,0.0,0.0,0.0,0.0,0.0,True
2060,P0294,Jiangxi,unabated,0.0,0.0,0.0,0.0,0.0,True
2060,P0294,Jiangxi,retire,0.0,0.0,0.0,0.0,0.0,True
2060,P0294,Jiangxi,ccs,0.0,0.0,0.0,0.0,0.0,True
2060,P0294,Jiangxi,biomass,1.0,6291647.999999999,5.159151359999998,5.159151359999998,0.0,True
2060,P0294,Jiangxi,beccs,0.0,0.0,0.0,0.0,0.0,True
2060,P0294,Jiangxi,ammonia,0.0,0.0,0.0,0.0,0.0,True
2060,P0295,Guangdong,unabated,0.0,0.0,0.0,0.0,0.0,True
2060,P0295,Guangdong,retire,0.0,0.0,0.0,0.0,0.0,True
2060,P0295,Guangdong,ccs,0.0,0.0,0.0,0.0,0.0,True
2060,P0295,Guangdong,biomass,0.0,0.0,0.0,0.0,0.0,True
2060,P0295,Guangdong,beccs,1.0,14857477.5,12.183131549999999,23.147949944999997,11.768905077299998,True
2060,P0295,Guangdong,ammonia,0.0,0.0,0.0,0.0,0.0,True
2060,P0296,Henan,unabated,0.0,0.0,0.0,0.0,0.0,True
2060,P0296,Henan,retire,0.0,0.0,0.0,0.0,0.0,True
2060,P0296,Henan,ccs,0.0,0.0,0.0,0.0,0.0,True
2060,P0296,Henan,biomass,1.0,14182424.0,11.62958768,11.62958768,0.0,True
2060,P0296,Henan,beccs,0.0,0.0,0.0,0.0,0.0,True
2060,P0296,Henan,ammonia,0.0,0.0,0.0,0.0,0.0,True
2060,P0297,Jiangxi,unabated,0.0,0.0,0.0,0.0,0.0,True
2060,P0297,Jiangxi,retire,0.0,0.0,0.0,0.0,0.0,True
2060,P0297,Jiangxi,ccs,0.0,0.0,0.0,0.0,0.0,True
2060,P0297,Jiangxi,biomass,0.0,0.0,0.0,0.0,0.0,True
2060,P0297,Jiangxi,beccs,1.0,9532800.0,7.816895999999999,14.852102399999998,8.09048736,True
2060,P0297,Jiangxi,ammonia,0.0,0.0,0.0,0.0,0.0,True
2060,P0298,Xinjiang,unabated,0.0,0.0,0.0,0.0,0.0,True
2060,P0298,Xinjiang,retire,0.0,0.0,0.0,0.0,0.0,True
2060,P0298,Xinjiang,ccs,0.0,0.0,0.0,0.0,0.0,True
2060,P0298,Xinjiang,biomass,0.0,0.0,0.0,0.0,0.0,True
2060,P0298,Xinjiang,beccs,1.0,5281200.0,4.330584,8.2281096,4.183344144,True
2060,P0298,Xinjiang,ammonia,0.0,0.0,0.0,0.0,0.0,True
2060,P0299,Liaoning,unabated,0.0,0.0,0.0,0.0,0.0,True
2060,P0299,Liaoning,retire,0.0,0.0,0.0,0.0,0.0,True
2060,P0299,Liaoning,ccs,0.0,0.0,0.0,0.0,0.0,True
2060,P0299,Liaoning,biomass,1.0,1612363.9999999998,1.3221384799999998,1.3221384799999998,0.0,True
2060,P0299,Liaoning,beccs,0.0,0.0,0.0,0.0,0.0,True
2060,P0299,Liaoning,ammonia,0.0,0.0,0.0,0.0,0.0,True
2060,P0300,Guangxi,unabated,0.0,0.0,0.0,0.0,0.0,True
2060,P0300,Guangxi,retire,0.0,0.0,0.0,0.0,0.0,True
2060,P0300,Guangxi,ccs,0.0,0.0,0.0,0.0,0.0,True
2060,P0300,Guangxi,biomass,0.0,0.0,0.0,0.0,0.0,True
2060,P0300,Guangxi,beccs,1.0,6318312.0,5.18101584,9.843930096,5.362351394399999,True
2060,P0300,Guangxi,ammonia,0.0,0.0,0.0,0.0,0.0,True
2060,P0301,Jiangsu,unabated,0.0,0.0,0.0,0.0,0.0,True
2060,P0301,Jiangsu,retire,0.0,0.0,0.0,0.0,0.0,True
2060,P0301,Jiangsu,ccs,0.0,0.0,0.0,0.0,0.0,True
2060,P0301,Jiangsu,biomass,0.9555813369421972,306733.96450774977,0.2515218508963548,0.2515218508963548,0.0,True
2060,P0301,Jiangsu,beccs,0.044418663057803294,14258.035492250396,0.011691589103645325,0.022214019296926114,0.01210079472227291,True
2060,P0301,Jiangsu,ammonia,0.0,0.0,0.0,0.0,0.0,True
2060,P0302,Xinjiang,unabated,0.0,0.0,0.0,0.0,0.0,True
2060,P0302,Xinjiang,retire,0.39930831594539795,1476178.9547195847,1.2104667428700595,1.2104667428700595,0.0,True
2060,P0302,Xinjiang,ccs,0.0,0.0,0.0,0.0,0.0,True
2060,P0302,Xinjiang,biomass,0.600691684054602,2220661.0452804146,1.82094205712994,1.82094205712994,0.0,True
2060,P0302,Xinjiang,beccs,0.0,0.0,0.0,0.0,0.0,True
2060,P0302,Xinjiang,ammonia,0.0,0.0,0.0,0.0,0.0,True
2060,P0303,Henan,unabated,0.0,0.0,0.0,0.0,0.0,True
2060,P0303,Henan,retire,0.0,0.0,0.0,0.0,0.0,True
2060,P0303,Henan,ccs,0.0,0.0,0.0,0.0,0.0,True
2060,P0303,Henan,biomass,1.0,4679480.0,3.8371735999999994,3.8371735999999994,0.0,True
2060,P0303,Henan,beccs,0.0,0.0,0.0,0.0,0.0,True
2060,P0303,Henan,ammonia,0.0,0.0,0.0,0.0,0.0,True
2060,P0304,Inner Mongolia,unabated,0.0,0.0,0.0,0.0,0.0,True
2060,P0304,Inner Mongolia,retire,0.8280518322676206,416634.2794054533,0.34164010911247167,0.34164010911247167,0.0,True
2060,P0304,Inner Mongolia,ccs,0.04212659211616808,21195.99482324997,0.017380715755064974,0.015642644179558476,0.017989040806492246,True
2060,P0304,Inner Mongolia,biomass,0.0,0.0,0.0,0.0,0.0,True
2060,P0304,Inner Mongolia,beccs,0.12982157561621133,65319.725771296726,0.053562175132463315,0.10176813275168028,0.055436851262099525,True
2060,P0304,Inner Mongolia,ammonia,0.0,0.0,0.0,0.0,0.0,True
2060,P0305,Inner Mongolia,unabated,0.0,0.0,0.0,0.0,0.0,True
2060,P0305,Inner Mongolia,retire,0.0,0.0,0.0,0.0,0.0,True
2060,P0305,Inner Mongolia,ccs,0.0,0.0,0.0,0.0,0.0,True
2060,P0305,Inner Mongolia,biomass,1.0,1509449.9999999998,1.2377489999999998,1.2377489999999998,0.0,True
2060,P0305,Inner Mongolia,beccs,0.0,0.0,0.0,0.0,0.0,True
2060,P0305,Inner Mongolia,ammonia,0.0,0.0,0.0,0.0,0.0,True
2060,P0306,Inner Mongolia,unabated,0.0,0.0,0.0,0.0,0.0,True
2060,P0306,Inner Mongolia,retire,0.0,0.0,0.0,0.0,0.0,True
2060,P0306,Inner Mongolia,ccs,0.0,0.0,0.0,0.0,0.0,True
2060,P0306,Inner Mongolia,biomass,0.0,0.0,0.0,0.0,0.0,True
2060,P0306,Inner Mongolia,beccs,1.0,3320790.0,2.7230478,5.17379082,2.6304641747999993,True
2060,P0306,Inner Mongolia,ammonia,0.0,0.0,0.0,0.0,0.0,True
2060,P0307,Hunan,unabated,0.0,0.0,0.0,0.0,0.0,True
2060,P0307,Hunan,retire,0.0,0.0,0.0,0.0,0.0,True
2060,P0307,Hunan,ccs,0.0,0.0,0.0,0.0,0.0,True
2060,P0307,Hunan,biomass,1.0,15627600.0,12.814632,12.814632,0.0,True
2060,P0307,Hunan,beccs,0.0,0.0,0.0,0.0,0.0,True
2060,P0307,Hunan,ammonia,0.0,0.0,0.0,0.0,0.0,True
2060,P0308,Qinghai,unabated,0.0,0.0,0.0,0.0,0.0,True
2060,P0308,Qinghai,retire,0.0,0.0,0.0,0.0,0.0,True
2060,P0308,Qinghai,ccs,0.0,0.0,0.0,0.0,0.0,True
2060,P0308,Qinghai,biomass,0.0,0.0,0.0,0.0,0.0,True
2060,P0308,Qinghai,beccs,1.0,1106190.0,0.9070757999999999,1.7234440199999996,0.8762352227999997,True
2060,P0308,Qinghai,ammonia,0.0,0.0,0.0,0.0,0.0,True
2060,P0309,Inner Mongolia,unabated,0.0,0.0,0.0,0.0,0.0,True
2060,P0309,Inner Mongolia,retire,0.0,0.0,0.0,0.0,0.0,True
2060,P0309,Inner Mongolia,ccs,0.0,0.0,0.0,0.0,0.0,True
2060,P0309,Inner Mongolia,biomass,0.0,0.0,0.0,0.0,0.0,True
2060,P0309,Inner Mongolia,beccs,1.0,10063000.0,8.25166,15.678153999999997,7.971103559999997,True
2060,P0309,Inner Mongolia,ammonia,0.0,0.0,0.0,0.0,0.0,True
2060,P0310,Shaanxi,unabated,0.0,0.0,0.0,0.0,0.0,True
2060,P0310,Shaanxi,retire,0.0,0.0,0.0,0.0,0.0,True
2060,P0310,Shaanxi,ccs,0.0,0.0,0.0,0.0,0.0,True
2060,P0310,Shaanxi,biomass,1.0,11980320.0,9.823862399999998,9.823862399999998,0.0,True
2060,P0310,Shaanxi,beccs,0.0,0.0,0.0,0.0,0.0,True
2060,P0310,Shaanxi,ammonia,0.0,0.0,0.0,0.0,0.0,True
2060,P0311,Hunan,unabated,0.0,0.0,0.0,0.0,0.0,True
2060,P0311,Hunan,retire,0.0,0.0,0.0,0.0,0.0,True
2060,P0311,Hunan,ccs,0.0,0.0,0.0,0.0,0.0,True
2060,P0311,Hunan,biomass,1.0,5157108.0,4.228828559999999,4.228828559999999,0.0,True
2060,P0311,Hunan,beccs,0.0,0.0,0.0,0.0,0.0,True
2060,P0311,Hunan,ammonia,0.0,0.0,0.0,0.0,0.0,True
2060,P0312,Shanxi,unabated,0.0,0.0,0.0,0.0,0.0,True
2060,P0312,Shanxi,retire,0.0,0.0,0.0,0.0,0.0,True
2060,P0312,Shanxi,ccs,0.0,0.0,0.0,0.0,0.0,True
2060,P0312,Shanxi,biomass,1.0,2777700.0,2.277714,2.277714,0.0,True
2060,P0312,Shanxi,beccs,0.0,0.0,0.0,0.0,0.0,True
2060,P0312,Shanxi,ammonia,0.0,0.0,0.0,0.0,0.0,True
2060,P0313,Xinjiang,unabated,0.0,0.0,0.0,0.0,0.0,True
2060,P0313,Xinjiang,retire,0.0,0.0,0.0,0.0,0.0,True
2060,P0313,Xinjiang,ccs,0.456917746183377,1930459.20091492,1.5829765447502344,1.424678890275211,1.5291553422287258,True
2060,P0313,Xinjiang,biomass,0.0,0.0,0.0,0.0,0.0,True
2060,P0313,Xinjiang,beccs,0.5430822538166232,2294500.79908508,1.8814906552497654,3.574832244974554,1.817519972971273,True
2060,P0313,Xinjiang,ammonia,0.0,0.0,0.0,0.0,0.0,True
2060,P0314,Inner Mongolia,unabated,0.0,0.0,0.0,0.0,0.0,True
2060,P0314,Inner Mongolia,retire,0.0,0.0,0.0,0.0,0.0,True
2060,P0314,Inner Mongolia,ccs,0.0,0.0,0.0,0.0,0.0,True
2060,P0314,Inner Mongolia,biomass,1.0,6037799.999999999,4.950995999999999,4.950995999999999,0.0,True
2060,P0314,Inner Mongolia,beccs,0.0,0.0,0.0,0.0,0.0,True
2060,P0314,Inner Mongolia,ammonia,0.0,0.0,0.0,0.0,0.0,True
2060,P0315,Jiangxi,unabated,0.0,0.0,0.0,0.0,0.0,True
2060,P0315,Jiangxi,retire,1.0,22974048.0,18.83871936,18.83871936,0.0,True
2060,P0315,Jiangxi,ccs,0.0,0.0,0.0,0.0,0.0,True
2060,P0315,Jiangxi,biomass,0.0,0.0,0.0,0.0,0.0,True
2060,P0315,Jiangxi,beccs,0.0,0.0,0.0,0.0,0.0,True
2060,P0315,Jiangxi,ammonia,0.0,0.0,0.0,0.0,0.0,True
2060,P0316,Chongqing,unabated,0.0,0.0,0.0,0.0,0.0,True
2060,P0316,Chongqing,retire,0.0,0.0,0.0,0.0,0.0,True
2060,P0316,Chongqing,ccs,0.0,0.0,0.0,0.0,0.0,True
2060,P0316,Chongqing,biomass,1.0,5753040.0,4.7174928,4.7174928,0.0,True
2060,P0316,Chongqing,beccs,0.0,0.0,0.0,0.0,0.0,True
2060,P0316,Chongqing,ammonia,0.0,0.0,0.0,0.0,0.0,True
2060,P0317,Jiangsu,unabated,0.0,0.0,0.0,0.0,0.0,True
2060,P0317,Jiangsu,retire,0.0,0.0,0.0,0.0,0.0,True
2060,P0317,Jiangsu,ccs,0.0,0.0,0.0,0.0,0.0,True
2060,P0317,Jiangsu,biomass,0.0,0.0,0.0,0.0,0.0,True
2060,P0317,Jiangsu,beccs,1.0,6871235.0,5.6344126999999995,10.705384129999999,5.831617144499999,True
2060,P0317,Jiangsu,ammonia,0.0,0.0,0.0,0.0,0.0,True
2060,P0318,Jilin,unabated,0.0,0.0,0.0,0.0,0.0,True
2060,P0318,Jilin,retire,0.0,0.0,0.0,0.0,0.0,True
2060,P0318,Jilin,ccs,0.0,0.0,0.0,0.0,0.0,True
2060,P0318,Jilin,biomass,1.0,1991770.0000000002,1.6332514000000002,1.6332514000000002,0.0,True
2060,P0318,Jilin,beccs,0.0,0.0,0.0,0.0,0.0,True
2060,P0318,Jilin,ammonia,0.0,0.0,0.0,0.0,0.0,True
2060,P0319,Inner Mongolia,unabated,0.0,0.0,0.0,0.0,0.0,True
2060,P0319,Inner Mongolia,retire,0.0,0.0,0.0,0.0,0.0,True
2060,P0319,Inner Mongolia,ccs,0.0,0.0,0.0,0.0,0.0,True
2060,P0319,Inner Mongolia,biomass,1.0,3522049.9999999995,2.8880809999999997,2.8880809999999997,0.0,True
2060,P0319,Inner Mongolia,beccs,0.0,0.0,0.0,0.0,0.0,True
2060,P0319,Inner Mongolia,ammonia,0.0,0.0,0.0,0.0,0.0,True
2060,P0320,Guizhou,unabated,0.0,0.0,0.0,0.0,0.0,True
2060,P0320,Guizhou,retire,0.0,0.0,0.0,0.0,0.0,True
2060,P0320,Guizhou,ccs,0.0,0.0,0.0,0.0,0.0,True
2060,P0320,Guizhou,biomass,1.0,1424130.0,1.1677866,1.1677866,0.0,True
2060,P0320,Guizhou,beccs,0.0,0.0,0.0,0.0,0.0,True
2060,P0320,Guizhou,ammonia,0.0,0.0,0.0,0.0,0.0,True
2060,P0321,Jilin,unabated,0.0,0.0,0.0,0.0,0.0,True
2060,P0321,Jilin,retire,0.0,0.0,0.0,0.0,0.0,True
2060,P0321,Jilin,ccs,0.0,0.0,0.0,0.0,0.0,True
2060,P0321,Jilin,biomass,0.0,0.0,0.0,0.0,0.0,True
2060,P0321,Jilin,beccs,1.0,2390124.0000000005,1.9599016800000002,3.723813192,1.8932650228799999,True
2060,P0321,Jilin,ammonia,0.0,0.0,0.0,0.0,0.0,True
2060,P0322,Xinjiang,unabated,0.0,0.0,0.0,0.0,0.0,True
2060,P0322,Xinjiang,retire,0.0,0.0,0.0,0.0,0.0,True
2060,P0322,Xinjiang,ccs,1.0,3696839.9999999995,3.0314087999999995,2.7282679199999995,2.928340900799999,True
2060,P0322,Xinjiang,biomass,0.0,0.0,0.0,0.0,0.0,True
2060,P0322,Xinjiang,beccs,0.0,0.0,0.0,0.0,0.0,True
2060,P0322,Xinjiang,ammonia,0.0,0.0,0.0,0.0,0.0,True
2060,P0323,Henan,unabated,0.0,0.0,0.0,0.0,0.0,True
2060,P0323,Henan,retire,0.0,0.0,0.0,0.0,0.0,True
2060,P0323,Henan,ccs,0.0,0.0,0.0,0.0,0.0,True
2060,P0323,Henan,biomass,1.0,14398400.0,11.806688,11.806688,0.0,True
2060,P0323,Henan,beccs,0.0,0.0,0.0,0.0,0.0,True
2060,P0323,Henan,ammonia,0.0,0.0,0.0,0.0,0.0,True
2060,P0324,Shaanxi,unabated,0.0,0.0,0.0,0.0,0.0,True
2060,P0324,Shaanxi,retire,0.0,0.0,0.0,0.0,0.0,True
2060,P0324,Shaanxi,ccs,0.0,0.0,0.0,0.0,0.0,True
2060,P0324,Shaanxi,biomass,0.0,0.0,0.0,0.0,0.0,True
2060,P0324,Shaanxi,beccs,1.0,14430840.0,11.833288799999998,22.483248719999995,11.430956980799998,True
2060,P0324,Shaanxi,ammonia,0.0,0.0,0.0,0.0,0.0,True
2060,P0325,Zhejiang,unabated,0.0,0.0,0.0,0.0,0.0,True
2060,P0325,Zhejiang,retire,0.0,0.0,0.0,0.0,0.0,True
2060,P0325,Zhejiang,ccs,0.0,0.0,0.0,0.0,0.0,True
2060,P0325,Zhejiang,biomass,0.0,0.0,0.0,0.0,0.0,True
2060,P0325,Zhejiang,beccs,1.0,5529764.7,4.534407054,8.6153734026,4.380237214164,True
2060,P0325,Zhejiang,ammonia,0.0,0.0,0.0,0.0,0.0,True
2060,P0326,Zhejiang,unabated,0.0,0.0,0.0,0.0,0.0,True
2060,P0326,Zhejiang,retire,1.0,37944481.5,31.11447483,31.11447483,0.0,True
2060,P0326,Zhejiang,ccs,0.0,0.0,0.0,0.0,0.0,True
2060,P0326,Zhejiang,biomass,0.0,0.0,0.0,0.0,0.0,True
2060,P0326,Zhejiang,beccs,0.0,0.0,0.0,0.0,0.0,True
2060,P0326,Zhejiang,ammonia,0.0,0.0,0.0,0.0,0.0,True
2060,P0327,Chongqing,unabated,0.0,0.0,0.0,0.0,0.0,True
2060,P0327,Chongqing,retire,0.0,0.0,0.0,0.0,0.0,True
2060,P0327,Chongqing,ccs,0.0,0.0,0.0,0.0,0.0,True
2060,P0327,Chongqing,biomass,1.0,13711412.0,11.24335784,11.24335784,0.0,True
2060,P0327,Chongqing,beccs,0.0,0.0,0.0,0.0,0.0,True
2060,P0327,Chongqing,ammonia,0.0,0.0,0.0,0.0,0.0,True
2060,P0328,Inner Mongolia,unabated,0.0,0.0,0.0,0.0,0.0,True
2060,P0328,Inner Mongolia,retire,0.0,0.0,0.0,0.0,0.0,True
2060,P0328,Inner Mongolia,ccs,0.0,0.0,0.0,0.0,0.0,True
2060,P0328,Inner Mongolia,biomass,0.0,0.0,0.0,0.0,0.0,True
2060,P0328,Inner Mongolia,beccs,1.0,11924655.0,9.778217099999999,18.578612489999998,9.445757718599998,True
2060,P0328,Inner Mongolia,ammonia,0.0,0.0,0.0,0.0,0.0,True
2060,P0329,Xinjiang,unabated,0.0,0.0,0.0,0.0,0.0,True
2060,P0329,Xinjiang,retire,0.0,0.0,0.0,0.0,0.0,True
2060,P0329,Xinjiang,ccs,0.0,0.0,0.0,0.0,0.0,True
2060,P0329,Xinjiang,biomass,1.0,528119.9999999999,0.4330583999999999,0.4330583999999999,0.0,True
2060,P0329,Xinjiang,beccs,0.0,0.0,0.0,0.0,0.0,True
2060,P0329,Xinjiang,ammonia,0.0,0.0,0.0,0.0,0.0,True
2060,P0330,Gansu,unabated,0.0,0.0,0.0,0.0,0.0,True
2060,P0330,Gansu,retire,0.9661127532382472,24285755.94580176,19.914319875557446,19.914319875557446,0.0,True
2060,P0330,Gansu,ccs,0.03388724676175292,851844.0541982402,0.6985121244425571,0.6286609119983013,0.7229600487980464,True
2060,P0330,Gansu,biomass,0.0,0.0,0.0,0.0,0.0,True
2060,P0330,Gansu,beccs,0.0,0.0,0.0,0.0,0.0,True
2060,P0330,Gansu,ammonia,0.0,0.0,0.0,0.0,0.0,True
2060,P0331,Guangdong,unabated,0.0,0.0,0.0,0.0,0.0,True
2060,P0331,Guangdong,retire,1.0,25414742.0,20.84008844,20.84008844,0.0,True
2060,P0331,Guangdong,ccs,0.0,0.0,0.0,0.0,0.0,True
2060,P0331,Guangdong,biomass,0.0,0.0,0.0,0.0,0.0,True
2060,P0331,Guangdong,beccs,0.0,0.0,0.0,0.0,0.0,True
2060,P0331,Guangdong,ammonia,0.0,0.0,0.0,0.0,0.0,True
2060,P0332,Hebei,unabated,0.0,0.0,0.0,0.0,0.0,True
2060,P0332,Hebei,retire,0.0,0.0,0.0,0.0,0.0,True
2060,P0332,Hebei,ccs,0.0,0.0,0.0,0.0,0.0,True
2060,P0332,Hebei,biomass,0.0,0.0,0.0,0.0,0.0,True
2060,P0332,Hebei,beccs,1.0,17107584.0,14.028218879999999,26.653615871999996,13.551259438079997,True
2060,P0332,Hebei,ammonia,0.0,0.0,0.0,0.0,0.0,True
2060,P0333,Guangdong,unabated,0.0,0.0,0.0,0.0,0.0,True
2060,P0333,Guangdong,retire,0.0,0.0,0.0,0.0,0.0,True
2060,P0333,Guangdong,ccs,0.0,0.0,0.0,0.0,0.0,True
2060,P0333,Guangdong,biomass,0.0,0.0,0.0,0.0,0.0,True
2060,P0333,Guangdong,beccs,1.0,15675001.14,12.8535009348,24.421651776119997,12.416481903016797,True
2060,P0333,Guangdong,ammonia,0.0,0.0,0.0,0.0,0.0,True
2060,P0334,Hebei,unabated,0.0,0.0,0.0,0.0,0.0,True
2060,P0334,Hebei,retire,0.0,0.0,0.0,0.0,0.0,True
2060,P0334,Hebei,ccs,0.0,0.0,0.0,0.0,0.0,True
2060,P0334,Hebei,biomass,0.9352300580555155,2916580.402150189,2.391595929763155,2.391595929763155,0.0,True
2060,P0334,Hebei,beccs,0.06476994194448549,201989.5978498141,0.16563147023684757,0.31469979345001037,0.16000000024879474,True
2060,P0334,Hebei,ammonia,0.0,0.0,0.0,0.0,0.0,True
2060,P0335,Hubei,unabated,0.0,0.0,0.0,0.0,0.0,True
2060,P0335,Hubei,retire,0.0,0.0,0.0,0.0,0.0,True
2060,P0335,Hubei,ccs,0.0,0.0,0.0,0.0,0.0,True
2060,P0335,Hubei,biomass,1.0,17248159.999999996,14.143491199999996,14.143491199999996,0.0,True
2060,P0335,Hubei,beccs,0.0,0.0,0.0,0.0,0.0,True
2060,P0335,Hubei,ammonia,0.0,0.0,0.0,0.0,0.0,True
2060,P0336,Inner Mongolia,unabated,0.0,0.0,0.0,0.0,0.0,True
2060,P0336,Inner Mongolia,retire,0.37331925909478936,3756711.7042708653,3.0805035975021093,3.0805035975021093,0.0,True
2060,P0336,Inner Mongolia,ccs,0.0,0.0,0.0,0.0,0.0,True
2060,P0336,Inner Mongolia,biomass,0.0,0.0,0.0,0.0,0.0,True
2060,P0336,Inner Mongolia,beccs,0.6266807409052106,6306288.295729134,5.17115640249789,9.82519716474599,5.352146876585316,True
2060,P0336,Inner Mongolia,ammonia,0.0,0.0,0.0,0.0,0.0,True
2060,P0337,Guizhou,unabated,0.0,0.0,0.0,0.0,0.0,True
2060,P0337,Guizhou,retire,0.0,0.0,0.0,0.0,0.0,True
2060,P0337,Guizhou,ccs,0.0,0.0,0.0,0.0,0.0,True
2060,P0337,Guizhou,biomass,1.0,3322970.0,2.7248354,2.7248354,0.0,True
2060,P0337,Guizhou,beccs,0.0,0.0,0.0,0.0,0.0,True
2060,P0337,Guizhou,ammonia,0.0,0.0,0.0,0.0,0.0,True
2060,P0338,Guangxi,unabated,0.0,0.0,0.0,0.0,0.0,True
2060,P0338,Guangxi,retire,0.0,0.0,0.0,0.0,0.0,True
2060,P0338,Guangxi,ccs,0.0,0.0,0.0,0.0,0.0,True
2060,P0338,Guangxi,biomass,1.0,2871960.0,2.3550071999999997,2.3550071999999997,0.0,True
2060,P0338,Guangxi,beccs,0.0,0.0,0.0,0.0,0.0,True
2060,P0338,Guangxi,ammonia,0.0,0.0,0.0,0.0,0.0,True
2060,P0339,Hainan,unabated,0.0,0.0,0.0,0.0,0.0,True
2060,P0339,Hainan,retire,0.0,0.0,0.0,0.0,0.0,True
2060,P0339,Hainan,ccs,0.0,0.0,0.0,0.0,0.0,True
2060,P0339,Hainan,biomass,0.0,0.0,0.0,0.0,0.0,True
2060,P0339,Hainan,beccs,1.0,3320394.0,2.7227230799999997,5.173173852,2.6301504952799997,True
2060,P0339,Hainan,ammonia,0.0,0.0,0.0,0.0,0.0,True
2060,P0340,Inner Mongolia,unabated,0.0,0.0,0.0,0.0,0.0,True
2060,P0340,Inner Mongolia,retire,0.0,0.0,0.0,0.0,0.0,True
2060,P0340,Inner Mongolia,ccs,0.0,0.0,0.0,0.0,0.0,True
2060,P0340,Inner Mongolia,biomass,0.14259244247239966,2683277.489881547,2.2002875417028687,2.2002875417028687,0.0,True
2060,P0340,Inner Mongolia,beccs,0.857407557527601,16134532.510118466,13.230316658297141,25.13760165076457,12.780485891915037,True
2060,P0340,Inner Mongolia,ammonia,0.0,0.0,0.0,0.0,0.0,True
2060,P0341,Hebei,unabated,0.0,0.0,0.0,0.0,0.0,True
2060,P0341,Hebei,retire,0.0,0.0,0.0,0.0,0.0,True
2060,P0341,Hebei,ccs,0.0,0.0,0.0,0.0,0.0,True
2060,P0341,Hebei,biomass,1.0,445510.0,0.3653181999999999,0.3653181999999999,0.0,True
2060,P0341,Hebei,beccs,0.0,0.0,0.0,0.0,0.0,True
2060,P0341,Hebei,ammonia,0.0,0.0,0.0,0.0,0.0,True
2060,P0342,Zhejiang,unabated,0.0,0.0,0.0,0.0,0.0,True
2060,P0342,Zhejiang,retire,0.0,0.0,0.0,0.0,0.0,True
2060,P0342,Zhejiang,ccs,0.0,0.0,0.0,0.0,0.0,True
2060,P0342,Zhejiang,biomass,0.0,0.0,0.0,0.0,0.0,True
2060,P0342,Zhejiang,beccs,1.0,29115678.0,23.874855959999998,45.36222632399999,23.063110857359995,True
2060,P0342,Zhejiang,ammonia,0.0,0.0,0.0,0.0,0.0,True
2060,P0343,Hunan,unabated,0.0,0.0,0.0,0.0,0.0,True
2060,P0343,Hunan,retire,0.0,0.0,0.0,0.0,0.0,True
2060,P0343,Hunan,ccs,0.0,0.0,0.0,0.0,0.0,True
2060,P0343,Hunan,biomass,1.0,15315048.0,12.55833936,12.55833936,0.0,True
2060,P0343,Hunan,beccs,0.0,0.0,0.0,0.0,0.0,True
2060,P0343,Hunan,ammonia,0.0,0.0,0.0,0.0,0.0,True
2060,P0344,Xinjiang,unabated,0.0,0.0,0.0,0.0,0.0,True
2060,P0344,Xinjiang,retire,0.0,0.0,0.0,0.0,0.0,True
2060,P0344,Xinjiang,ccs,1.0,20913551.999999996,17.14911264,15.434201375999999,17.749331582399996,True
2060,P0344,Xinjiang,biomass,0.0,0.0,0.0,0.0,0.0,True
2060,P0344,Xinjiang,beccs,0.0,0.0,0.0,0.0,0.0,True
2060,P0344,Xinjiang,ammonia,0.0,0.0,0.0,0.0,0.0,True
2060,P0345,Gansu,unabated,0.0,0.0,0.0,0.0,0.0,True
2060,P0345,Gansu,retire,1.0,8379200.0,6.870944,6.870944,0.0,True
2060,P0345,Gansu,ccs,0.0,0.0,0.0,0.0,0.0,True
2060,P0345,Gansu,biomass,0.0,0.0,0.0,0.0,0.0,True
2060,P0345,Gansu,beccs,0.0,0.0,0.0,0.0,0.0,True
2060,P0345,Gansu,ammonia,0.0,0.0,0.0,0.0,0.0,True
2060,P0346,Inner Mongolia,unabated,0.0,0.0,0.0,0.0,0.0,True
2060,P0346,Inner Mongolia,retire,1.0,26465690.0,21.701865799999997,21.701865799999997,0.0,True
2060,P0346,Inner Mongolia,ccs,0.0,0.0,0.0,0.0,0.0,True
2060,P0346,Inner Mongolia,biomass,0.0,0.0,0.0,0.0,0.0,True
2060,P0346,Inner Mongolia,beccs,0.0,0.0,0.0,0.0,0.0,True
2060,P0346,Inner Mongolia,ammonia,0.0,0.0,0.0,0.0,0.0,True
2060,P0347,Ningxia,unabated,0.0,0.0,0.0,0.0,0.0,True
2060,P0347,Ningxia,retire,0.6100210056905462,2304588.5970622236,1.8897626495910231,1.8897626495910231,0.0,True
2060,P0347,Ningxia,ccs,0.0,0.0,0.0,0.0,0.0,True
2060,P0347,Ningxia,biomass,0.0,0.0,0.0,0.0,0.0,True
2060,P0347,Ningxia,beccs,0.38997899430945454,1473295.4029377794,1.208102230408979,2.29539423777706,1.1670267545750737,True
2060,P0347,Ningxia,ammonia,0.0,0.0,0.0,0.0,0.0,True
2060,P0348,Jiangsu,unabated,0.0,0.0,0.0,0.0,0.0,True
2060,P0348,Jiangsu,retire,0.0,0.0,0.0,0.0,0.0,True
2060,P0348,Jiangsu,ccs,0.0,0.0,0.0,0.0,0.0,True
2060,P0348,Jiangsu,biomass,0.0,0.0,0.0,0.0,0.0,True
2060,P0348,Jiangsu,beccs,1.0,25729515.0,21.098202299999997,40.08658436999999,20.380863421799994,True
2060,P0348,Jiangsu,ammonia,0.0,0.0,0.0,0.0,0.0,True
2060,P0349,Guangdong,unabated,0.0,0.0,0.0,0.0,0.0,True
2060,P0349,Guangdong,retire,0.0,0.0,0.0,0.0,0.0,True
2060,P0349,Guangdong,ccs,0.0,0.0,0.0,0.0,0.0,True
2060,P0349,Guangdong,biomass,0.0,0.0,0.0,0.0,0.0,True
2060,P0349,Guangdong,beccs,1.0,6281210.0,5.150592199999999,9.786125179999997,4.975472065199999,True
2060,P0349,Guangdong,ammonia,0.0,0.0,0.0,0.0,0.0,True
2060,P0350,Guangxi,unabated,0.0,0.0,0.0,0.0,0.0,True
2060,P0350,Guangxi,retire,0.0,0.0,0.0,0.0,0.0,True
2060,P0350,Guangxi,ccs,0.0,0.0,0.0,0.0,0.0,True
2060,P0350,Guangxi,biomass,1.0,622258.0,0.51025156,0.51025156,0.0,True
2060,P0350,Guangxi,beccs,0.0,0.0,0.0,0.0,0.0,True
2060,P0350,Guangxi,ammonia,0.0,0.0,0.0,0.0,0.0,True
