year,plant_id,province_name,pathway,share,annual_generation_mwh,baseline_emissions_mt,abatement_mt,captured_mt,enabled
2030,P0001,Fujian,unabated,1.0,62847212.0,51.534713839999995,0.0,0.0,True
2030,P0001,Fujian,retire,0.0,0.0,0.0,0.0,0.0,True
2030,P0001,Fujian,ccs,0.0,0.0,0.0,0.0,0.0,True
2030,P0001,Fujian,biomass,0.0,0.0,0.0,0.0,0.0,True
2030,P0001,Fujian,beccs,0.0,0.0,0.0,0.0,0.0,True
2030,P0001,Fujian,ammonia,0.0,0.0,0.0,0.0,0.0,True
2030,P0002,Shanxi,unabated,1.0,64951884.99999999,53.26054569999999,0.0,0.0,True
2030,P0002,Shanxi,retire,0.0,0.0,0.0,0.0,0.0,True
2030,P0002,Shanxi,ccs,0.0,0.0,0.0,0.0,0.0,True
2030,P0002,Shanxi,biomass,0.0,0.0,0.0,0.0,0.0,True
2030,P0002,Shanxi,beccs,0.0,0.0,0.0,0.0,0.0,True
2030,P0002,Shanxi,ammonia,0.0,0.0,0.0,0.0,0.0,True
2030,P0003,Chongqing,unabated,1.0,32432763.0,26.59486566,0.0,0.0,True
2030,P0003,Chongqing,retire,0.0,0.0,0.0,0.0,0.0,True
2030,P0003,Chongqing,ccs,0.0,0.0,0.0,0.0,0.0,True
2030,P0003,Chongqing,biomass,0.0,0.0,0.0,0.0,0.0,True
2030,P0003,Chongqing,beccs,0.0,0.0,0.0,0.0,0.0,True
2030,P0003,Chongqing,ammonia,0.0,0.0,0.0,0.0,0.0,True
2030,P0004,Inner Mongolia,unabated,1.0,10868040.0,8.911792799999999,0.0,0.0,True
2030,P0004,Inner Mongolia,retire,0.0,0.0,0.0,0.0,0.0,True
2030,P0004,Inner Mongolia,ccs,0.0,0.0,0.0,0.0,0.0,True
2030,P0004,Inner Mongolia,biomass,0.0,0.0,0.0,0.0,0.0,True
2030,P0004,Inner Mongolia,beccs,0.0,0.0,0.0,0.0,0.0,True
2030,P0004,Inner Mongolia,ammonia,0.0,0.0,0.0,0.0,0.0,True
2030,P0005,Sichuan,unabated,1.0,18811445.999999996,15.425385719999998,0.0,0.0,True
2030,P0005,Sichuan,retire,0.0,0.0,0.0,0.0,0.0,True
2030,P0005,Sichuan,ccs,0.0,0.0,0.0,0.0,0.0,True
2030,P0005,Sichuan,biomass,0.0,0.0,0.0,0.0,0.0,True
2030,P0005,Sichuan,beccs,0.0,0.0,0.0,0.0,0.0,True
2030,P0005,Sichuan,ammonia,0.0,0.0,0.0,0.0,0.0,True
2030,P0006,Hebei,unabated,1.0,22899214.0,18.77735548,0.0,0.0,True
2030,P0006,Hebei,retire,0.0,0.0,0.0,0.0,0.0,True
2030,P0006,Hebei,ccs,0.0,0.0,0.0,0.0,0.0,True
2030,P0006,Hebei,biomass,0.0,0.0,0.0,0.0,0.0,True
2030,P0006,Hebei,beccs,0.0,0.0,0.0,0.0,0.0,True
2030,P0006,Hebei,ammonia,0.0,0.0,0.0,0.0,0.0,True
2030,P0007,Hebei,unabated,1.0,38741549.6,31.768070671999997,0.0,0.0,True
2030,P0007,Hebei,retire,0.0,0.0,0.0,0.0,0.0,True
2030,P0007,Hebei,ccs,0.0,0.0,0.0,0.0,0.0,True
2030,P0007,Hebei,biomass,0.0,0.0,0.0,0.0,0.0,True
2030,P0007,Hebei,beccs,0.0,0.0,0.0,0.0,0.0,True
2030,P0007,Hebei,ammonia,0.0,0.0,0.0,0.0,0.0,True
2030,P0008,Shandong,unabated,1.0,11931969.600000001,9.784215072,0.0,0.0,True
2030,P0008,Shandong,retire,0.0,0.0,0.0,0.0,0.0,True
2030,P0008,Shandong,ccs,0.0,0.0,0.0,0.0,0.0,True
2030,P0008,Shandong,biomass,0.0,0.0,0.0,0.0,0.0,True
2030,P0008,Shandong,beccs,0.0,0.0,0.0,0.0,0.0,True
2030,P0008,Shandong,ammonia,0.0,0.0,0.0,0.0,0.0,True
2030,P0009,Inner Mongolia,unabated,1.0,107372210.0,88.0452122,0.0,0.0,True
2030,P0009,Inner Mongolia,retire,0.0,0.0,0.0,0.0,0.0,True
2030,P0009,Inner Mongolia,ccs,0.0,0.0,0.0,0.0,0.0,True
2030,P0009,Inner Mongolia,biomass,0.0,0.0,0.0,0.0,0.0,True
2030,P0009,Inner Mongolia,beccs,0.0,0.0,0.0,0.0,0.0,True
2030,P0009,Inner Mongolia,ammonia,0.0,0.0,0.0,0.0,0.0,True
2030,P0010,Yunnan,unabated,1.0,16673783.999999998,13.672502879999998,0.0,0.0,True
2030,P0010,Yunnan,retire,0.0,0.0,0.0,0.0,0.0,True
2030,P0010,Yunnan,ccs,0.0,0.0,0.0,0.0,0.0,True
2030,P0010,Yunnan,biomass,0.0,0.0,0.0,0.0,0.0,True
2030,P0010,Yunnan,beccs,0.0,0.0,0.0,0.0,0.0,True
2030,P0010,Yunnan,ammonia,0.0,0.0,0.0,0.0,0.0,True
2030,P0011,Guangdong,unabated,1.0,41214401.0,33.79580882,0.0,0.0,True
2030,P0011,Guangdong,retire,0.0,0.0,0.0,0.0,0.0,True
2030,P0011,Guangdong,ccs,0.0,0.0,0.0,0.0,0.0,True
2030,P0011,Guangdong,biomass,0.0,0.0,0.0,0.0,0.0,True
2030,P0011,Guangdong,beccs,0.0,0.0,0.0,0.0,0.0,True
2030,P0011,Guangdong,ammonia,0.0,0.0,0.0,0.0,0.0,True
2030,P0012,Liaoning,unabated,1.0,17363920.0,14.238414399999998,0.0,0.0,True
2030,P0012,Liaoning,retire,0.0,0.0,0.0,0.0,0.0,True
2030,P0012,Liaoning,ccs,0.0,0.0,0.0,0.0,0.0,True
2030,P0012,Liaoning,biomass,0.0,0.0,0.0,0.0,0.0,True
2030,P0012,Liaoning,beccs,0.0,0.0,0.0,0.0,0.0,True
2030,P0012,Liaoning,ammonia,0.0,0.0,0.0,0.0,0.0,True
2030,P0013,Shanxi,unabated,1.0,81340315.0,66.69905829999999,0.0,0.0,True
2030,P0013,Shanxi,retire,0.0,0.0,0.0,0.0,0.0,True
2030,P0013,Shanxi,ccs,0.0,0.0,0.0,0.0,0.0,True
2030,P0013,Shanxi,biomass,0.0,0.0,0.0,0.0,0.0,True
2030,P0013,Shanxi,beccs,0.0,0.0,0.0,0.0,0.0,True
2030,P0013,Shanxi,ammonia,0.0,0.0,0.0,0.0,0.0,True
2030,P0014,Guangdong,unabated,1.0,11885982.0,9.74650524,0.0,0.0,True
2030,P0014,Guangdong,retire,0.0,0.0,0.0,0.0,0.0,True
2030,P0014,Guangdong,ccs,0.0,0.0,0.0,0.0,0.0,True
2030,P0014,Guangdong,biomass,0.0,0.0,0.0,0.0,0.0,True
2030,P0014,Guangdong,beccs,0.0,0.0,0.0,0.0,0.0,True
2030,P0014,Guangdong,ammonia,0.0,0.0,0.0,0.0,0.0,True
2030,P0015,Hunan,unabated,1.0,9884457.0,8.10525474,0.0,0.0,True
2030,P0015,Hunan,retire,0.0,0.0,0.0,0.0,0.0,True
2030,P0015,Hunan,ccs,0.0,0.0,0.0,0.0,0.0,True
2030,P0015,Hunan,biomass,0.0,0.0,0.0,0.0,0.0,True
2030,P0015,Hunan,beccs,0.0,0.0,0.0,0.0,0.0,True
2030,P0015,Hunan,ammonia,0.0,0.0,0.0,0.0,0.0,True
2030,P0016,Hubei,unabated,1.0,31796607.999999996,26.073218559999994,0.0,0.0,True
2030,P0016,Hubei,retire,0.0,0.0,0.0,0.0,0.0,True
2030,P0016,Hubei,ccs,0.0,0.0,0.0,0.0,0.0,True
2030,P0016,Hubei,biomass,0.0,0.0,0.0,0.0,0.0,True
2030,P0016,Hubei,beccs,0.0,0.0,0.0,0.0,0.0,True
2030,P0016,Hubei,ammonia,0.0,0.0,0.0,0.0,0.0,True
2030,P0017,Jiangsu,unabated,1.0,46744460.0,38.3304572,0.0,0.0,True
2030,P0017,Jiangsu,retire,0.0,0.0,0.0,0.0,0.0,True
2030,P0017,Jiangsu,ccs,0.0,0.0,0.0,0.0,0.0,True
2030,P0017,Jiangsu,biomass,0.0,0.0,0.0,0.0,0.0,True
2030,P0017,Jiangsu,beccs,0.0,0.0,0.0,0.0,0.0,True
2030,P0017,Jiangsu,ammonia,0.0,0.0,0.0,0.0,0.0,True
2030,P0018,Jilin,unabated,1.0,3838684.0,3.14772088,0.0,0.0,True
2030,P0018,Jilin,retire,0.0,0.0,0.0,0.0,0.0,True
2030,P0018,Jilin,ccs,0.0,0.0,0.0,0.0,0.0,True
2030,P0018,Jilin,biomass,0.0,0.0,0.0,0.0,0.0,True
2030,P0018,Jilin,beccs,0.0,0.0,0.0,0.0,0.0,True
2030,P0018,Jilin,ammonia,0.0,0.0,0.0,0.0,0.0,True
2030,P0019,Hunan,unabated,1.0,15119703.0,12.39815646,0.0,0.0,True
2030,P0019,Hunan,retire,0.0,0.0,0.0,0.0,0.0,True
2030,P0019,Hunan,ccs,0.0,0.0,0.0,0.0,0.0,True
2030,P0019,Hunan,biomass,0.0,0.0,0.0,0.0,0.0,True
2030,P0019,Hunan,beccs,0.0,0.0,0.0,0.0,0.0,True
2030,P0019,Hunan,ammonia,0.0,0.0,0.0,0.0,0.0,True
2030,P0020,Zhejiang,unabated,1.0,67514054.1,55.36152436199999,0.0,0.0,True
2030,P0020,Zhejiang,retire,0.0,0.0,0.0,0.0,0.0,True
2030,P0020,Zhejiang,ccs,0.0,0.0,0.0,0.0,0.0,True
2030,P0020,Zhejiang,biomass,0.0,0.0,0.0,0.0,0.0,True
2030,P0020,Zhejiang,beccs,0.0,0.0,0.0,0.0,0.0,True
2030,P0020,Zhejiang,ammonia,0.0,0.0,0.0,0.0,0.0,True
2030,P0021,Shandong,unabated,1.0,45246412.50000001,37.102058250000006,0.0,0.0,True
2030,P0021,Shandong,retire,0.0,0.0,0.0,0.0,0.0,True
2030,P0021,Shandong,ccs,0.0,0.0,0.0,0.0,0.0,True
2030,P0021,Shandong,biomass,0.0,0.0,0.0,0.0,0.0,True
2030,P0021,Shandong,beccs,0.0,0.0,0.0,0.0,0.0,True
2030,P0021,Shandong,ammonia,0.0,0.0,0.0,0.0,0.0,True
2030,P0022,Shandong,unabated,1.0,15896209.500000002,13.034891790000001,0.0,0.0,True
2030,P0022,Shandong,retire,0.0,0.0,0.0,0.0,0.0,True
2030,P0022,Shandong,ccs,0.0,0.0,0.0,0.0,0.0,True
2030,P0022,Shandong,biomass,0.0,0.0,0.0,0.0,0.0,True
2030,P0022,Shandong,beccs,0.0,0.0,0.0,0.0,0.0,True
2030,P0022,Shandong,ammonia,0.0,0.0,0.0,0.0,0.0,True
2030,P0023,Henan,unabated,1.0,20013776.0,16.411296319999998,0.0,0.0,True
2030,P0023,Henan,retire,0.0,0.0,0.0,0.0,0.0,True
2030,P0023,Henan,ccs,0.0,0.0,0.0,0.0,0.0,True
2030,P0023,Henan,biomass,0.0,0.0,0.0,0.0,0.0,True
2030,P0023,Henan,beccs,0.0,0.0,0.0,0.0,0.0,True
2030,P0023,Henan,ammonia,0.0,0.0,0.0,0.0,0.0,True
2030,P0024,Chongqing,unabated,1.0,5892071.800000001,4.831498876,0.0,0.0,True
2030,P0024,Chongqing,retire,0.0,0.0,0.0,0.0,0.0,True
2030,P0024,Chongqing,ccs,0.0,0.0,0.0,0.0,0.0,True
2030,P0024,Chongqing,biomass,0.0,0.0,0.0,0.0,0.0,True
2030,P0024,Chongqing,beccs,0.0,0.0,0.0,0.0,0.0,True
2030,P0024,Chongqing,ammonia,0.0,0.0,0.0,0.0,0.0,True
2030,P0025,Jilin,unabated,1.0,15572020.000000002,12.7690564,0.0,0.0,True
2030,P0025,Jilin,retire,0.0,0.0,0.0,0.0,0.0,True
2030,P0025,Jilin,ccs,0.0,0.0,0.0,0.0,0.0,True
2030,P0025,Jilin,biomass,0.0,0.0,0.0,0.0,0.0,True
2030,P0025,Jilin,beccs,0.0,0.0,0.0,0.0,0.0,True
2030,P0025,Jilin,ammonia,0.0,0.0,0.0,0.0,0.0,True
2030,P0026,Hainan,unabated,1.0,10564890.0,8.663209799999999,0.0,0.0,True
2030,P0026,Hainan,retire,0.0,0.0,0.0,0.0,0.0,True
2030,P0026,Hainan,ccs,0.0,0.0,0.0,0.0,0.0,True
2030,P0026,Hainan,biomass,0.0,0.0,0.0,0.0,0.0,True
2030,P0026,Hainan,beccs,0.0,0.0,0.0,0.0,0.0,True
2030,P0026,Hainan,ammonia,0.0,0.0,0.0,0.0,0.0,True
2030,P0027,Shandong,unabated,1.0,58286101.50000001,47.79460323000001,0.0,0.0,True
2030,P0027,Shandong,retire,0.0,0.0,0.0,0.0,0.0,True
2030,P0027,Shandong,ccs,0.0,0.0,0.0,0.0,0.0,True
2030,P0027,Shandong,biomass,0.0,0.0,0.0,0.0,0.0,True
2030,P0027,Shandong,beccs,0.0,0.0,0.0,0.0,0.0,True
2030,P0027,Shandong,ammonia,0.0,0.0,0.0,0.0,0.0,True
2030,P0028,Hunan,unabated,1.0,22425606.0,18.388996919999997,0.0,0.0,True
2030,P0028,Hunan,retire,0.0,0.0,0.0,0.0,0.0,True
2030,P0028,Hunan,ccs,0.0,0.0,0.0,0.0,0.0,True
2030,P0028,Hunan,biomass,0.0,0.0,0.0,0.0,0.0,True
2030,P0028,Hunan,beccs,0.0,0.0,0.0,0.0,0.0,True
2030,P0028,Hunan,ammonia,0.0,0.0,0.0,0.0,0.0,True
2030,P0029,Jilin,unabated,1.0,434568.0,0.35634575999999996,0.0,0.0,True
2030,P0029,Jilin,retire,0.0,0.0,0.0,0.0,0.0,True
2030,P0029,Jilin,ccs,0.0,0.0,0.0,0.0,0.0,True
2030,P0029,Jilin,biomass,0.0,0.0,0.0,0.0,0.0,True
2030,P0029,Jilin,beccs,0.0,0.0,0.0,0.0,0.0,True
2030,P0029,Jilin,ammonia,0.0,0.0,0.0,0.0,0.0,True
2030,P0030,Jilin,unabated,1.0,16227493.4,13.306544588,0.0,0.0,True
2030,P0030,Jilin,retire,0.0,0.0,0.0,0.0,0.0,True
2030,P0030,Jilin,ccs,0.0,0.0,0.0,0.0,0.0,True
2030,P0030,Jilin,biomass,0.0,0.0,0.0,0.0,0.0,True
2030,P0030,Jilin,beccs,0.0,0.0,0.0,0.0,0.0,True
2030,P0030,Jilin,ammonia,0.0,0.0,0.0,0.0,0.0,True
2030,P0031,Shanxi,unabated,1.0,22684550.0,18.601331,0.0,0.0,True
2030,P0031,Shanxi,retire,0.0,0.0,0.0,0.0,0.0,True
2030,P0031,Shanxi,ccs,0.0,0.0,0.0,0.0,0.0,True
2030,P0031,Shanxi,biomass,0.0,0.0,0.0,0.0,0.0,True
2030,P0031,Shanxi,beccs,0.0,0.0,0.0,0.0,0.0,True
2030,P0031,Shanxi,ammonia,0.0,0.0,0.0,0.0,0.0,True
2030,P0032,Henan,unabated,1.0,8531052.0,6.9954626399999995,0.0,0.0,True
2030,P0032,Henan,retire,0.0,0.0,0.0,0.0,0.0,True
2030,P0032,Henan,ccs,0.0,0.0,0.0,0.0,0.0,True
2030,P0032,Henan,biomass,0.0,0.0,0.0,0.0,0.0,True
2030,P0032,Henan,beccs,0.0,0.0,0.0,0.0,0.0,True
2030,P0032,Henan,ammonia,0.0,0.0,0.0,0.0,0.0,True
2030,P0033,Henan,unabated,1.0,22569492.0,18.50698344,0.0,0.0,True
2030,P0033,Henan,retire,0.0,0.0,0.0,0.0,0.0,True
2030,P0033,Henan,ccs,0.0,0.0,0.0,0.0,0.0,True
2030,P0033,Henan,biomass,0.0,0.0,0.0,0.0,0.0,True
2030,P0033,Henan,beccs,0.0,0.0,0.0,0.0,0.0,True
2030,P0033,Henan,ammonia,0.0,0.0,0.0,0.0,0.0,True
2030,P0034,Shandong,unabated,1.0,18403842.0,15.09115044,0.0,0.0,True
2030,P0034,Shandong,retire,0.0,0.0,0.0,0.0,0.0,True
2030,P0034,Shandong,ccs,0.0,0.0,0.0,0.0,0.0,True
2030,P0034,Shandong,biomass,0.0,0.0,0.0,0.0,0.0,True
2030,P0034,Shandong,beccs,0.0,0.0,0.0,0.0,0.0,True
2030,P0034,Shandong,ammonia,0.0,0.0,0.0,0.0,0.0,True
2030,P0035,Anhui,unabated,1.0,46348752.00000001,38.00597664,0.0,0.0,True
2030,P0035,Anhui,retire,0.0,0.0,0.0,0.0,0.0,True
2030,P0035,Anhui,ccs,0.0,0.0,0.0,0.0,0.0,True
2030,P0035,Anhui,biomass,0.0,0.0,0.0,0.0,0.0,True
2030,P0035,Anhui,beccs,0.0,0.0,0.0,0.0,0.0,True
2030,P0035,Anhui,ammonia,0.0,0.0,0.0,0.0,0.0,True
2030,P0036,Jiangsu,unabated,1.0,140042791.0,114.83508862,0.0,0.0,True
2030,P0036,Jiangsu,retire,0.0,0.0,0.0,0.0,0.0,True
2030,P0036,Jiangsu,ccs,0.0,0.0,0.0,0.0,0.0,True
2030,P0036,Jiangsu,biomass,0.0,0.0,0.0,0.0,0.0,True
2030,P0036,Jiangsu,beccs,0.0,0.0,0.0,0.0,0.0,True
2030,P0036,Jiangsu,ammonia,0.0,0.0,0.0,0.0,0.0,True
2030,P0037,Inner Mongolia,unabated,1.0,41962710.0,34.409422199999995,0.0,0.0,True
2030,P0037,Inner Mongolia,retire,0.0,0.0,0.0,0.0,0.0,True
2030,P0037,Inner Mongolia,ccs,0.0,0.0,0.0,0.0,0.0,True
2030,P0037,Inner Mongolia,biomass,0.0,0.0,0.0,0.0,0.0,True
2030,P0037,Inner Mongolia,beccs,0.0,0.0,0.0,0.0,0.0,True
2030,P0037,Inner Mongolia,ammonia,0.0,0.0,0.0,0.0,0.0,True
2030,P0038,Sichuan,unabated,1.0,24582287.999999996,20.157476159999998,0.0,0.0,True
2030,P0038,Sichuan,retire,0.0,0.0,0.0,0.0,0.0,True
2030,P0038,Sichuan,ccs,0.0,0.0,0.0,0.0,0.0,True
2030,P0038,Sichuan,biomass,0.0,0.0,0.0,0.0,0.0,True
2030,P0038,Sichuan,beccs,0.0,0.0,0.0,0.0,0.0,True
2030,P0038,Sichuan,ammonia,0.0,0.0,0.0,0.0,0.0,True
2030,P0039,Heilongjiang,unabated,1.0,7478775.0,6.1325955,0.0,0.0,True
2030,P0039,Heilongjiang,retire,0.0,0.0,0.0,0.0,0.0,True
2030,P0039,Heilongjiang,ccs,0.0,0.0,0.0,0.0,0.0,True
2030,P0039,Heilongjiang,biomass,0.0,0.0,0.0,0.0,0.0,True
2030,P0039,Heilongjiang,beccs,0.0,0.0,0.0,0.0,0.0,True
2030,P0039,Heilongjiang,ammonia,0.0,0.0,0.0,0.0,0.0,True
2030,P0040,Shanxi,unabated,1.0,29397324.999999996,24.105806499999996,0.0,0.0,True
2030,P0040,Shanxi,retire,0.0,0.0,0.0,0.0,0.0,True
2030,P0040,Shanxi,ccs,0.0,0.0,0.0,0.0,0.0,True
2030,P0040,Shanxi,biomass,0.0,0.0,0.0,0.0,0.0,True
2030,P0040,Shanxi,beccs,0.0,0.0,0.0,0.0,0.0,True
2030,P0040,Shanxi,ammonia,0.0,0.0,0.0,0.0,0.0,True
2030,P0041,Hebei,unabated,1.0,17330339.0,14.21087798,0.0,0.0,True
2030,P0041,Hebei,retire,0.0,0.0,0.0,0.0,0.0,True
2030,P0041,Hebei,ccs,0.0,0.0,0.0,0.0,0.0,True
2030,P0041,Hebei,biomass,0.0,0.0,0.0,0.0,0.0,True
2030,P0041,Hebei,beccs,0.0,0.0,0.0,0.0,0.0,True
2030,P0041,Hebei,ammonia,0.0,0.0,0.0,0.0,0.0,True
2030,P0042,Shandong,unabated,1.0,27562152.000000004,22.60096464,0.0,0.0,True
2030,P0042,Shandong,retire,0.0,0.0,0.0,0.0,0.0,True
2030,P0042,Shandong,ccs,0.0,0.0,0.0,0.0,0.0,True
2030,P0042,Shandong,biomass,0.0,0.0,0.0,0.0,0.0,True
2030,P0042,Shandong,beccs,0.0,0.0,0.0,0.0,0.0,True
2030,P0042,Shandong,ammonia,0.0,0.0,0.0,0.0,0.0,True
2030,P0043,Anhui,unabated,1.0,71657610.0,58.759240199999994,0.0,0.0,True
2030,P0043,Anhui,retire,0.0,0.0,0.0,0.0,0.0,True
2030,P0043,Anhui,ccs,0.0,0.0,0.0,0.0,0.0,True
2030,P0043,Anhui,biomass,0.0,0.0,0.0,0.0,0.0,True
2030,P0043,Anhui,beccs,0.0,0.0,0.0,0.0,0.0,True
2030,P0043,Anhui,ammonia,0.0,0.0,0.0,0.0,0.0,True
2030,P0044,Heilongjiang,unabated,1.0,10278967.500000002,8.428753350000001,0.0,0.0,True
2030,P0044,Heilongjiang,retire,0.0,0.0,0.0,0.0,0.0,True
2030,P0044,Heilongjiang,ccs,0.0,0.0,0.0,0.0,0.0,True
2030,P0044,Heilongjiang,biomass,0.0,0.0,0.0,0.0,0.0,True
2030,P0044,Heilongjiang,beccs,0.0,0.0,0.0,0.0,0.0,True
2030,P0044,Heilongjiang,ammonia,0.0,0.0,0.0,0.0,0.0,True
2030,P0045,Henan,unabated,1.0,50070436.0,41.057757519999996,0.0,0.0,True
2030,P0045,Henan,retire,0.0,0.0,0.0,0.0,0.0,True
2030,P0045,Henan,ccs,0.0,0.0,0.0,0.0,0.0,True
2030,P0045,Henan,biomass,0.0,0.0,0.0,0.0,0.0,True
2030,P0045,Henan,beccs,0.0,0.0,0.0,0.0,0.0,True
2030,P0045,Henan,ammonia,0.0,0.0,0.0,0.0,0.0,True
2030,P0046,Zhejiang,unabated,1.0,102230348.64,83.8288858848,0.0,0.0,True
2030,P0046,Zhejiang,retire,0.0,0.0,0.0,0.0,0.0,True
2030,P0046,Zhejiang,ccs,0.0,0.0,0.0,0.0,0.0,True
2030,P0046,Zhejiang,biomass,0.0,0.0,0.0,0.0,0.0,True
2030,P0046,Zhejiang,beccs,0.0,0.0,0.0,0.0,0.0,True
2030,P0046,Zhejiang,ammonia,0.0,0.0,0.0,0.0,0.0,True
2030,P0047,Liaoning,unabated,1.0,10170295.999999998,8.339642719999999,0.0,0.0,True
2030,P0047,Liaoning,retire,0.0,0.0,0.0,0.0,0.0,True
2030,P0047,Liaoning,ccs,0.0,0.0,0.0,0.0,0.0,True
2030,P0047,Liaoning,biomass,0.0,0.0,0.0,0.0,0.0,True
2030,P0047,Liaoning,beccs,0.0,0.0,0.0,0.0,0.0,True
2030,P0047,Liaoning,ammonia,0.0,0.0,0.0,0.0,0.0,True
2030,P0048,Shanxi,unabated,1.0,6481300.0,5.314666,0.0,0.0,True
2030,P0048,Shanxi,retire,0.0,0.0,0.0,0.0,0.0,True
2030,P0048,Shanxi,ccs,0.0,0.0,0.0,0.0,0.0,True
2030,P0048,Shanxi,biomass,0.0,0.0,0.0,0.0,0.0,True
2030,P0048,Shanxi,beccs,0.0,0.0,0.0,0.0,0.0,True
2030,P0048,Shanxi,ammonia,0.0,0.0,0.0,0.0,0.0,True
2030,P0049,Xinjiang,unabated,1.0,7182431.999999999,5.889594239999999,0.0,0.0,True
2030,P0049,Xinjiang,retire,0.0,0.0,0.0,0.0,0.0,True
2030,P0049,Xinjiang,ccs,0.0,0.0,0.0,0.0,0.0,True
2030,P0049,Xinjiang,biomass,0.0,0.0,0.0,0.0,0.0,True
2030,P0049,Xinjiang,beccs,0.0,0.0,0.0,0.0,0.0,True
2030,P0049,Xinjiang,ammonia,0.0,0.0,0.0,0.0,0.0,True
2030,P0050,Henan,unabated,1.0,7055216.0,5.78527712,0.0,0.0,True
2030,P0050,Henan,retire,0.0,0.0,0.0,0.0,0.0,True
2030,P0050,Henan,ccs,0.0,0.0,0.0,0.0,0.0,True
2030,P0050,Henan,biomass,0.0,0.0,0.0,0.0,0.0,True
2030,P0050,Henan,beccs,0.0,0.0,0.0,0.0,0.0,True
2030,P0050,Henan,ammonia,0.0,0.0,0.0,0.0,0.0,True
2030,P0051,Hebei,unabated,1.0,36442718.0,29.88302876,0.0,0.0,True
2030,P0051,Hebei,retire,0.0,0.0,0.0,0.0,0.0,True
2030,P0051,Hebei,ccs,0.0,0.0,0.0,0.0,0.0,True
2030,P0051,Hebei,biomass,0.0,0.0,0.0,0.0,0.0,True
2030,P0051,Hebei,beccs,0.0,0.0,0.0,0.0,0.0,True
2030,P0051,Hebei,ammonia,0.0,0.0,0.0,0.0,0.0,True
2030,P0052,Jiangsu,unabated,1.0,137274235.0,112.5648727,0.0,0.0,True
2030,P0052,Jiangsu,retire,0.0,0.0,0.0,0.0,0.0,True
2030,P0052,Jiangsu,ccs,0.0,0.0,0.0,0.0,0.0,True
2030,P0052,Jiangsu,biomass,0.0,0.0,0.0,0.0,0.0,True
2030,P0052,Jiangsu,beccs,0.0,0.0,0.0,0.0,0.0,True
2030,P0052,Jiangsu,ammonia,0.0,0.0,0.0,0.0,0.0,True
2030,P0053,Heilongjiang,unabated,1.0,9739800.000000002,7.986636000000001,0.0,0.0,True
2030,P0053,Heilongjiang,retire,0.0,0.0,0.0,0.0,0.0,True
2030,P0053,Heilongjiang,ccs,0.0,0.0,0.0,0.0,0.0,True
2030,P0053,Heilongjiang,biomass,0.0,0.0,0.0,0.0,0.0,True
2030,P0053,Heilongjiang,beccs,0.0,0.0,0.0,0.0,0.0,True
2030,P0053,Heilongjiang,ammonia,0.0,0.0,0.0,0.0,0.0,True
2030,P0054,Hebei,unabated,1.0,19691542.0,16.14706444,0.0,0.0,True
2030,P0054,Hebei,retire,0.0,0.0,0.0,0.0,0.0,True
2030,P0054,Hebei,ccs,0.0,0.0,0.0,0.0,0.0,True
2030,P0054,Hebei,biomass,0.0,0.0,0.0,0.0,0.0,True
2030,P0054,Hebei,beccs,0.0,0.0,0.0,0.0,0.0,True
2030,P0054,Hebei,ammonia,0.0,0.0,0.0,0.0,0.0,True
2030,P0055,Shanxi,unabated,1.0,17129150.0,14.045903,0.0,0.0,True
2030,P0055,Shanxi,retire,0.0,0.0,0.0,0.0,0.0,True
2030,P0055,Shanxi,ccs,0.0,0.0,0.0,0.0,0.0,True
2030,P0055,Shanxi,biomass,0.0,0.0,0.0,0.0,0.0,True
2030,P0055,Shanxi,beccs,0.0,0.0,0.0,0.0,0.0,True
2030,P0055,Shanxi,ammonia,0.0,0.0,0.0,0.0,0.0,True
2030,P0056,Jiangxi,unabated,1.0,19160928.0,15.711960959999999,0.0,0.0,True
2030,P0056,Jiangxi,retire,0.0,0.0,0.0,0.0,0.0,True
2030,P0056,Jiangxi,ccs,0.0,0.0,0.0,0.0,0.0,True
2030,P0056,Jiangxi,biomass,0.0,0.0,0.0,0.0,0.0,True
2030,P0056,Jiangxi,beccs,0.0,0.0,0.0,0.0,0.0,True
2030,P0056,Jiangxi,ammonia,0.0,0.0,0.0,0.0,0.0,True
2030,P0057,Gansu,unabated,1.0,12233632.0,10.03157824,0.0,0.0,True
2030,P0057,Gansu,retire,0.0,0.0,0.0,0.0,0.0,True
2030,P0057,Gansu,ccs,0.0,0.0,0.0,0.0,0.0,True
2030,P0057,Gansu,biomass,0.0,0.0,0.0,0.0,0.0,True
2030,P0057,Gansu,beccs,0.0,0.0,0.0,0.0,0.0,True
2030,P0057,Gansu,ammonia,0.0,0.0,0.0,0.0,0.0,True
2030,P0058,Jiangsu,unabated,1.0,22644982.500000004,18.568885650000002,0.0,0.0,True
2030,P0058,Jiangsu,retire,0.0,0.0,0.0,0.0,0.0,True
2030,P0058,Jiangsu,ccs,0.0,0.0,0.0,0.0,0.0,True
2030,P0058,Jiangsu,biomass,0.0,0.0,0.0,0.0,0.0,True
2030,P0058,Jiangsu,beccs,0.0,0.0,0.0,0.0,0.0,True
2030,P0058,Jiangsu,ammonia,0.0,0.0,0.0,0.0,0.0,True
2030,P0059,Inner Mongolia,unabated,1.0,104755830.0,85.8997806,0.0,0.0,True
2030,P0059,Inner Mongolia,retire,0.0,0.0,0.0,0.0,0.0,True
2030,P0059,Inner Mongolia,ccs,0.0,0.0,0.0,0.0,0.0,True
2030,P0059,Inner Mongolia,biomass,0.0,0.0,0.0,0.0,0.0,True
2030,P0059,Inner Mongolia,beccs,0.0,0.0,0.0,0.0,0.0,True
2030,P0059,Inner Mongolia,ammonia,0.0,0.0,0.0,0.0,0.0,True
2030,P0060,Shandong,unabated,1.0,21639778.200000003,17.744618124000002,0.0,0.0,True
2030,P0060,Shandong,retire,0.0,0.0,0.0,0.0,0.0,True
2030,P0060,Shandong,ccs,0.0,0.0,0.0,0.0,0.0,True
2030,P0060,Shandong,biomass,0.0,0.0,0.0,0.0,0.0,True
2030,P0060,Shandong,beccs,0.0,0.0,0.0,0.0,0.0,True
2030,P0060,Shandong,ammonia,0.0,0.0,0.0,0.0,0.0,True
2030,P0061,Shandong,unabated,1.0,17095512.000000004,14.018319840000002,0.0,0.0,True
2030,P0061,Shandong,retire,0.0,0.0,0.0,0.0,0.0,True
2030,P0061,Shandong,ccs,0.0,0.0,0.0,0.0,0.0,True
2030,P0061,Shandong,biomass,0.0,0.0,0.0,0.0,0.0,True
2030,P0061,Shandong,beccs,0.0,0.0,0.0,0.0,0.0,True
2030,P0061,Shandong,ammonia,0.0,0.0,0.0,0.0,0.0,True
2030,P0062,Xinjiang,unabated,1.0,5122764.0,4.20066648,0.0,0.0,True
2030,P0062,Xinjiang,retire,0.0,0.0,0.0,0.0,0.0,True
2030,P0062,Xinjiang,ccs,0.0,0.0,0.0,0.0,0.0,True
2030,P0062,Xinjiang,biomass,0.0,0.0,0.0,0.0,0.0,True
2030,P0062,Xinjiang,beccs,0.0,0.0,0.0,0.0,0.0,True
2030,P0062,Xinjiang,ammonia,0.0,0.0,0.0,0.0,0.0,True
2030,P0063,Ningxia,unabated,1.0,8748784.0,7.17400288,0.0,0.0,True
2030,P0063,Ningxia,retire,0.0,0.0,0.0,0.0,0.0,True
2030,P0063,Ningxia,ccs,0.0,0.0,0.0,0.0,0.0,True
2030,P0063,Ningxia,biomass,0.0,0.0,0.0,0.0,0.0,True
2030,P0063,Ningxia,beccs,0.0,0.0,0.0,0.0,0.0,True
2030,P0063,Ningxia,ammonia,0.0,0.0,0.0,0.0,0.0,True
2030,P0064,Shandong,unabated,1.0,18229398.000000004,14.94810636,0.0,0.0,True
2030,P0064,Shandong,retire,0.0,0.0,0.0,0.0,0.0,True
2030,P0064,Shandong,ccs,0.0,0.0,0.0,0.0,0.0,True
2030,P0064,Shandong,biomass,0.0,0.0,0.0,0.0,0.0,True
2030,P0064,Shandong,beccs,0.0,0.0,0.0,0.0,0.0,True
2030,P0064,Shandong,ammonia,0.0,0.0,0.0,0.0,0.0,True
2030,P0065,Xinjiang,unabated,1.0,17824049.999999996,14.615720999999997,0.0,0.0,True
2030,P0065,Xinjiang,retire,0.0,0.0,0.0,0.0,0.0,True
2030,P0065,Xinjiang,ccs,0.0,0.0,0.0,0.0,0.0,True
2030,P0065,Xinjiang,biomass,0.0,0.0,0.0,0.0,0.0,True
2030,P0065,Xinjiang,beccs,0.0,0.0,0.0,0.0,0.0,True
2030,P0065,Xinjiang,ammonia,0.0,0.0,0.0,0.0,0.0,True
2030,P0066,Fujian,unabated,1.0,45243841.199999996,37.099949783999996,0.0,0.0,True
2030,P0066,Fujian,retire,0.0,0.0,0.0,0.0,0.0,True
2030,P0066,Fujian,ccs,0.0,0.0,0.0,0.0,0.0,True
2030,P0066,Fujian,biomass,0.0,0.0,0.0,0.0,0.0,True
2030,P0066,Fujian,beccs,0.0,0.0,0.0,0.0,0.0,True
2030,P0066,Fujian,ammonia,0.0,0.0,0.0,0.0,0.0,True
2030,P0067,Hebei,unabated,1.0,34215168.0,28.056437759999998,0.0,0.0,True
2030,P0067,Hebei,retire,0.0,0.0,0.0,0.0,0.0,True
2030,P0067,Hebei,ccs,0.0,0.0,0.0,0.0,0.0,True
2030,P0067,Hebei,biomass,0.0,0.0,0.0,0.0,0.0,True
2030,P0067,Hebei,beccs,0.0,0.0,0.0,0.0,0.0,True
2030,P0067,Hebei,ammonia,0.0,0.0,0.0,0.0,0.0,True
2030,P0068,Zhejiang,unabated,1.0,22390288.5,18.360036570000002,0.0,0.0,True
2030,P0068,Zhejiang,retire,0.0,0.0,0.0,0.0,0.0,True
2030,P0068,Zhejiang,ccs,0.0,0.0,0.0,0.0,0.0,True
2030,P0068,Zhejiang,biomass,0.0,0.0,0.0,0.0,0.0,True
2030,P0068,Zhejiang,beccs,0.0,0.0,0.0,0.0,0.0,True
2030,P0068,Zhejiang,ammonia,0.0,0.0,0.0,0.0,0.0,True
2030,P0069,Shaanxi,unabated,1.0,18152000.0,14.88464,0.0,0.0,True
2030,P0069,Shaanxi,retire,0.0,0.0,0.0,0.0,0.0,True
2030,P0069,Shaanxi,ccs,0.0,0.0,0.0,0.0,0.0,True
2030,P0069,Shaanxi,biomass,0.0,0.0,0.0,0.0,0.0,True
2030,P0069,Shaanxi,beccs,0.0,0.0,0.0,0.0,0.0,True
2030,P0069,Shaanxi,ammonia,0.0,0.0,0.0,0.0,0.0,True
2030,P0070,Shandong,unabated,1.0,25817712.000000004,21.170523840000005,0.0,0.0,True
2030,P0070,Shandong,retire,0.0,0.0,0.0,0.0,0.0,True
2030,P0070,Shandong,ccs,0.0,0.0,0.0,0.0,0.0,True
2030,P0070,Shandong,biomass,0.0,0.0,0.0,0.0,0.0,True
2030,P0070,Shandong,beccs,0.0,0.0,0.0,0.0,0.0,True
2030,P0070,Shandong,ammonia,0.0,0.0,0.0,0.0,0.0,True
2030,P0071,Guizhou,unabated,1.0,23735500.0,19.46311,0.0,0.0,True
2030,P0071,Guizhou,retire,0.0,0.0,0.0,0.0,0.0,True
2030,P0071,Guizhou,ccs,0.0,0.0,0.0,0.0,0.0,True
2030,P0071,Guizhou,biomass,0.0,0.0,0.0,0.0,0.0,True
2030,P0071,Guizhou,beccs,0.0,0.0,0.0,0.0,0.0,True
2030,P0071,Guizhou,ammonia,0.0,0.0,0.0,0.0,0.0,True
2030,P0072,Heilongjiang,unabated,1.0,5565600.0,4.563792,0.0,0.0,True
2030,P0072,Heilongjiang,retire,0.0,0.0,0.0,0.0,0.0,True
2030,P0072,Heilongjiang,ccs,0.0,0.0,0.0,0.0,0.0,True
2030,P0072,Heilongjiang,biomass,0.0,0.0,0.0,0.0,0.0,True
2030,P0072,Heilongjiang,beccs,0.0,0.0,0.0,0.0,0.0,True
2030,P0072,Heilongjiang,ammonia,0.0,0.0,0.0,0.0,0.0,True
2030,P0073,Liaoning,unabated,1.0,6340931.499999999,5.199563829999999,0.0,0.0,True
2030,P0073,Liaoning,retire,0.0,0.0,0.0,0.0,0.0,True
2030,P0073,Liaoning,ccs,0.0,0.0,0.0,0.0,0.0,True
2030,P0073,Liaoning,biomass,0.0,0.0,0.0,0.0,0.0,True
2030,P0073,Liaoning,beccs,0.0,0.0,0.0,0.0,0.0,True
2030,P0073,Liaoning,ammonia,0.0,0.0,0.0,0.0,0.0,True
2030,P0074,Shaanxi,unabated,1.0,36893940.0,30.253030799999998,0.0,0.0,True
2030,P0074,Shaanxi,retire,0.0,0.0,0.0,0.0,0.0,True
2030,P0074,Shaanxi,ccs,0.0,0.0,0.0,0.0,0.0,True
2030,P0074,Shaanxi,biomass,0.0,0.0,0.0,0.0,0.0,True
2030,P0074,Shaanxi,beccs,0.0,0.0,0.0,0.0,0.0,True
2030,P0074,Shaanxi,ammonia,0.0,0.0,0.0,0.0,0.0,True
2030,P0075,Henan,unabated,1.0,7127208.0,5.844310559999999,0.0,0.0,True
2030,P0075,Henan,retire,0.0,0.0,0.0,0.0,0.0,True
2030,P0075,Henan,ccs,0.0,0.0,0.0,0.0,0.0,True
2030,P0075,Henan,biomass,0.0,0.0,0.0,0.0,0.0,True
2030,P0075,Henan,beccs,0.0,0.0,0.0,0.0,0.0,True
2030,P0075,Henan,ammonia,0.0,0.0,0.0,0.0,0.0,True
2030,P0076,Guangxi,unabated,1.0,13593944.000000002,11.147034080000001,0.0,0.0,True
2030,P0076,Guangxi,retire,0.0,0.0,0.0,0.0,0.0,True
2030,P0076,Guangxi,ccs,0.0,0.0,0.0,0.0,0.0,True
2030,P0076,Guangxi,biomass,0.0,0.0,0.0,0.0,0.0,True
2030,P0076,Guangxi,beccs,0.0,0.0,0.0,0.0,0.0,True
2030,P0076,Guangxi,ammonia,0.0,0.0,0.0,0.0,0.0,True
2030,P0077,Xinjiang,unabated,1.0,41298983.99999999,33.86516688,0.0,0.0,True
2030,P0077,Xinjiang,retire,0.0,0.0,0.0,0.0,0.0,True
2030,P0077,Xinjiang,ccs,0.0,0.0,0.0,0.0,0.0,True
2030,P0077,Xinjiang,biomass,0.0,0.0,0.0,0.0,0.0,True
2030,P0077,Xinjiang,beccs,0.0,0.0,0.0,0.0,0.0,True
2030,P0077,Xinjiang,ammonia,0.0,0.0,0.0,0.0,0.0,True
2030,P0078,Heilongjiang,unabated,1.0,18122985.0,14.860847699999999,0.0,0.0,True
2030,P0078,Heilongjiang,retire,0.0,0.0,0.0,0.0,0.0,True
2030,P0078,Heilongjiang,ccs,0.0,0.0,0.0,0.0,0.0,True
2030,P0078,Heilongjiang,biomass,0.0,0.0,0.0,0.0,0.0,True
2030,P0078,Heilongjiang,beccs,0.0,0.0,0.0,0.0,0.0,True
2030,P0078,Heilongjiang,ammonia,0.0,0.0,0.0,0.0,0.0,True
2030,P0079,Guangxi,unabated,1.0,42505008.0,34.85410656,0.0,0.0,True
2030,P0079,Guangxi,retire,0.0,0.0,0.0,0.0,0.0,True
2030,P0079,Guangxi,ccs,0.0,0.0,0.0,0.0,0.0,True
2030,P0079,Guangxi,biomass,0.0,0.0,0.0,0.0,0.0,True
2030,P0079,Guangxi,beccs,0.0,0.0,0.0,0.0,0.0,True
2030,P0079,Guangxi,ammonia,0.0,0.0,0.0,0.0,0.0,True
2030,P0080,Shandong,unabated,1.0,21587445.000000004,17.701704900000003,0.0,0.0,True
2030,P0080,Shandong,retire,0.0,0.0,0.0,0.0,0.0,True
2030,P0080,Shandong,ccs,0.0,0.0,0.0,0.0,0.0,True
2030,P0080,Shandong,biomass,0.0,0.0,0.0,0.0,0.0,True
2030,P0080,Shandong,beccs,0.0,0.0,0.0,0.0,0.0,True
2030,P0080,Shandong,ammonia,0.0,0.0,0.0,0.0,0.0,True
2030,P0081,Gansu,unabated,1.0,8798160.0,7.214491199999999,0.0,0.0,True
2030,P0081,Gansu,retire,0.0,0.0,0.0,0.0,0.0,True
2030,P0081,Gansu,ccs,0.0,0.0,0.0,0.0,0.0,True
2030,P0081,Gansu,biomass,0.0,0.0,0.0,0.0,0.0,True
2030,P0081,Gansu,beccs,0.0,0.0,0.0,0.0,0.0,True
2030,P0081,Gansu,ammonia,0.0,0.0,0.0,0.0,0.0,True
2030,P0082,Liaoning,unabated,1.0,7751749.999999999,6.356434999999999,0.0,0.0,True
2030,P0082,Liaoning,retire,0.0,0.0,0.0,0.0,0.0,True
2030,P0082,Liaoning,ccs,0.0,0.0,0.0,0.0,0.0,True
2030,P0082,Liaoning,biomass,0.0,0.0,0.0,0.0,0.0,True
2030,P0082,Liaoning,beccs,0.0,0.0,0.0,0.0,0.0,True
2030,P0082,Liaoning,ammonia,0.0,0.0,0.0,0.0,0.0,True
2030,P0083,Shaanxi,unabated,1.0,58041020.0,47.5936364,0.0,0.0,True
2030,P0083,Shaanxi,retire,0.0,0.0,0.0,0.0,0.0,True
2030,P0083,Shaanxi,ccs,0.0,0.0,0.0,0.0,0.0,True
2030,P0083,Shaanxi,biomass,0.0,0.0,0.0,0.0,0.0,True
2030,P0083,Shaanxi,beccs,0.0,0.0,0.0,0.0,0.0,True
2030,P0083,Shaanxi,ammonia,0.0,0.0,0.0,0.0,0.0,True
2030,P0084,Shaanxi,unabated,1.0,12207220.0,10.009920399999999,0.0,0.0,True
2030,P0084,Shaanxi,retire,0.0,0.0,0.0,0.0,0.0,True
2030,P0084,Shaanxi,ccs,0.0,0.0,0.0,0.0,0.0,True
2030,P0084,Shaanxi,biomass,0.0,0.0,0.0,0.0,0.0,True
2030,P0084,Shaanxi,beccs,0.0,0.0,0.0,0.0,0.0,True
2030,P0084,Shaanxi,ammonia,0.0,0.0,0.0,0.0,0.0,True
2030,P0085,Jiangsu,unabated,1.0,50405775.00000001,41.3327355,0.0,0.0,True
2030,P0085,Jiangsu,retire,0.0,0.0,0.0,0.0,0.0,True
2030,P0085,Jiangsu,ccs,0.0,0.0,0.0,0.0,0.0,True
2030,P0085,Jiangsu,biomass,0.0,0.0,0.0,0.0,0.0,True
2030,P0085,Jiangsu,beccs,0.0,0.0,0.0,0.0,0.0,True
2030,P0085,Jiangsu,ammonia,0.0,0.0,0.0,0.0,0.0,True
2030,P0086,Shaanxi,unabated,1.0,42929480.0,35.2021736,0.0,0.0,True
2030,P0086,Shaanxi,retire,0.0,0.0,0.0,0.0,0.0,True
2030,P0086,Shaanxi,ccs,0.0,0.0,0.0,0.0,0.0,True
2030,P0086,Shaanxi,biomass,0.0,0.0,0.0,0.0,0.0,True
2030,P0086,Shaanxi,beccs,0.0,0.0,0.0,0.0,0.0,True
2030,P0086,Shaanxi,ammonia,0.0,0.0,0.0,0.0,0.0,True
2030,P0087,Hebei,unabated,1.0,13588055.000000002,11.142205100000002,0.0,0.0,True
2030,P0087,Hebei,retire,0.0,0.0,0.0,0.0,0.0,True
2030,P0087,Hebei,ccs,0.0,0.0,0.0,0.0,0.0,True
2030,P0087,Hebei,biomass,0.0,0.0,0.0,0.0,0.0,True
2030,P0087,Hebei,beccs,0.0,0.0,0.0,0.0,0.0,True
2030,P0087,Hebei,ammonia,0.0,0.0,0.0,0.0,0.0,True
2030,P0088,Zhejiang,unabated,1.0,15775605.0,12.935996099999999,0.0,0.0,True
2030,P0088,Zhejiang,retire,0.0,0.0,0.0,0.0,0.0,True
2030,P0088,Zhejiang,ccs,0.0,0.0,0.0,0.0,0.0,True
2030,P0088,Zhejiang,biomass,0.0,0.0,0.0,0.0,0.0,True
2030,P0088,Zhejiang,beccs,0.0,0.0,0.0,0.0,0.0,True
2030,P0088,Zhejiang,ammonia,0.0,0.0,0.0,0.0,0.0,True
2030,P0089,Ningxia,unabated,1.0,131480305.0,107.8138501,0.0,0.0,True
2030,P0089,Ningxia,retire,0.0,0.0,0.0,0.0,0.0,True
2030,P0089,Ningxia,ccs,0.0,0.0,0.0,0.0,0.0,True
2030,P0089,Ningxia,biomass,0.0,0.0,0.0,0.0,0.0,True
2030,P0089,Ningxia,beccs,0.0,0.0,0.0,0.0,0.0,True
2030,P0089,Ningxia,ammonia,0.0,0.0,0.0,0.0,0.0,True
2030,P0090,Guangdong,unabated,1.0,34962181.2,28.668988584,0.0,0.0,True
2030,P0090,Guangdong,retire,0.0,0.0,0.0,0.0,0.0,True
2030,P0090,Guangdong,ccs,0.0,0.0,0.0,0.0,0.0,True
2030,P0090,Guangdong,biomass,0.0,0.0,0.0,0.0,0.0,True
2030,P0090,Guangdong,beccs,0.0,0.0,0.0,0.0,0.0,True
2030,P0090,Guangdong,ammonia,0.0,0.0,0.0,0.0,0.0,True
2030,P0091,Guangdong,unabated,1.0,35657946.0,29.23951572,0.0,0.0,True
2030,P0091,Guangdong,retire,0.0,0.0,0.0,0.0,0.0,True
2030,P0091,Guangdong,ccs,0.0,0.0,0.0,0.0,0.0,True
2030,P0091,Guangdong,biomass,0.0,0.0,0.0,0.0,0.0,True
2030,P0091,Guangdong,beccs,0.0,0.0,0.0,0.0,0.0,True
2030,P0091,Guangdong,ammonia,0.0,0.0,0.0,0.0,0.0,True
2030,P0092,Jiangxi,unabated,1.0,36462960.0,29.899627199999998,0.0,0.0,True
2030,P0092,Jiangxi,retire,0.0,0.0,0.0,0.0,0.0,True
2030,P0092,Jiangxi,ccs,0.0,0.0,0.0,0.0,0.0,True
2030,P0092,Jiangxi,biomass,0.0,0.0,0.0,0.0,0.0,True
2030,P0092,Jiangxi,beccs,0.0,0.0,0.0,0.0,0.0,True
2030,P0092,Jiangxi,ammonia,0.0,0.0,0.0,0.0,0.0,True
2030,P0093,Hunan,unabated,1.0,18069412.5,14.81691825,0.0,0.0,True
2030,P0093,Hunan,retire,0.0,0.0,0.0,0.0,0.0,True
2030,P0093,Hunan,ccs,0.0,0.0,0.0,0.0,0.0,True
2030,P0093,Hunan,biomass,0.0,0.0,0.0,0.0,0.0,True
2030,P0093,Hunan,beccs,0.0,0.0,0.0,0.0,0.0,True
2030,P0093,Hunan,ammonia,0.0,0.0,0.0,0.0,0.0,True
2030,P0094,Fujian,unabated,1.0,6459012.0,5.29638984,0.0,0.0,True
2030,P0094,Fujian,retire,0.0,0.0,0.0,0.0,0.0,True
2030,P0094,Fujian,ccs,0.0,0.0,0.0,0.0,0.0,True
2030,P0094,Fujian,biomass,0.0,0.0,0.0,0.0,0.0,True
2030,P0094,Fujian,beccs,0.0,0.0,0.0,0.0,0.0,True
2030,P0094,Fujian,ammonia,0.0,0.0,0.0,0.0,0.0,True
2030,P0095,Anhui,unabated,1.0,16313541.000000002,13.377103620000002,0.0,0.0,True
2030,P0095,Anhui,retire,0.0,0.0,0.0,0.0,0.0,True
2030,P0095,Anhui,ccs,0.0,0.0,0.0,0.0,0.0,True
2030,P0095,Anhui,biomass,0.0,0.0,0.0,0.0,0.0,True
2030,P0095,Anhui,beccs,0.0,0.0,0.0,0.0,0.0,True
2030,P0095,Anhui,ammonia,0.0,0.0,0.0,0.0,0.0,True
2030,P0096,Guangdong,unabated,1.0,22564039.0,18.50251198,0.0,0.0,True
2030,P0096,Guangdong,retire,0.0,0.0,0.0,0.0,0.0,True
2030,P0096,Guangdong,ccs,0.0,0.0,0.0,0.0,0.0,True
2030,P0096,Guangdong,biomass,0.0,0.0,0.0,0.0,0.0,True
2030,P0096,Guangdong,beccs,0.0,0.0,0.0,0.0,0.0,True
2030,P0096,Guangdong,ammonia,0.0,0.0,0.0,0.0,0.0,True
2030,P0097,Gansu,unabated,1.0,8881952.0,7.28320064,0.0,0.0,True
2030,P0097,Gansu,retire,0.0,0.0,0.0,0.0,0.0,True
2030,P0097,Gansu,ccs,0.0,0.0,0.0,0.0,0.0,True
2030,P0097,Gansu,biomass,0.0,0.0,0.0,0.0,0.0,True
2030,P0097,Gansu,beccs,0.0,0.0,0.0,0.0,0.0,True
2030,P0097,Gansu,ammonia,0.0,0.0,0.0,0.0,0.0,True
2030,P0098,Xinjiang,unabated,1.0,128966903.99999999,105.75286127999999,0.0,0.0,True
2030,P0098,Xinjiang,retire,0.0,0.0,0.0,0.0,0.0,True
2030,P0098,Xinjiang,ccs,0.0,0.0,0.0,0.0,0.0,True
2030,P0098,Xinjiang,biomass,0.0,0.0,0.0,0.0,0.0,True
2030,P0098,Xinjiang,beccs,0.0,0.0,0.0,0.0,0.0,True
2030,P0098,Xinjiang,ammonia,0.0,0.0,0.0,0.0,0.0,True
2030,P0099,Sichuan,unabated,1.0,4996399.999999999,4.097047999999999,0.0,0.0,True
2030,P0099,Sichuan,retire,0.0,0.0,0.0,0.0,0.0,True
2030,P0099,Sichuan,ccs,0.0,0.0,0.0,0.0,0.0,True
2030,P0099,Sichuan,biomass,0.0,0.0,0.0,0.0,0.0,True
2030,P0099,Sichuan,beccs,0.0,0.0,0.0,0.0,0.0,True
2030,P0099,Sichuan,ammonia,0.0,0.0,0.0,0.0,0.0,True
2030,P0100,Jiangxi,unabated,1.0,15157152.0,12.428864639999999,0.0,0.0,True
2030,P0100,Jiangxi,retire,0.0,0.0,0.0,0.0,0.0,True
2030,P0100,Jiangxi,ccs,0.0,0.0,0.0,0.0,0.0,True
2030,P0100,Jiangxi,biomass,0.0,0.0,0.0,0.0,0.0,True
2030,P0100,Jiangxi,beccs,0.0,0.0,0.0,0.0,0.0,True
2030,P0100,Jiangxi,ammonia,0.0,0.0,0.0,0.0,0.0,True
2030,P0101,Qinghai,unabated,1.0,19952390.0,16.3609598,0.0,0.0,True
2030,P0101,Qinghai,retire,0.0,0.0,0.0,0.0,0.0,True
2030,P0101,Qinghai,ccs,0.0,0.0,0.0,0.0,0.0,True
2030,P0101,Qinghai,biomass,0.0,0.0,0.0,0.0,0.0,True
2030,P0101,Qinghai,beccs,0.0,0.0,0.0,0.0,0.0,True
2030,P0101,Qinghai,ammonia,0.0,0.0,0.0,0.0,0.0,True
2030,P0102,Hunan,unabated,1.0,9845388.0,8.07321816,0.0,0.0,True
2030,P0102,Hunan,retire,0.0,0.0,0.0,0.0,0.0,True
2030,P0102,Hunan,ccs,0.0,0.0,0.0,0.0,0.0,True
2030,P0102,Hunan,biomass,0.0,0.0,0.0,0.0,0.0,True
2030,P0102,Hunan,beccs,0.0,0.0,0.0,0.0,0.0,True
2030,P0102,Hunan,ammonia,0.0,0.0,0.0,0.0,0.0,True
2030,P0103,Inner Mongolia,unabated,1.0,19119700.0,15.678153999999997,0.0,0.0,True
2030,P0103,Inner Mongolia,retire,0.0,0.0,0.0,0.0,0.0,True
2030,P0103,Inner Mongolia,ccs,0.0,0.0,0.0,0.0,0.0,True
2030,P0103,Inner Mongolia,biomass,0.0,0.0,0.0,0.0,0.0,True
2030,P0103,Inner Mongolia,beccs,0.0,0.0,0.0,0.0,0.0,True
2030,P0103,Inner Mongolia,ammonia,0.0,0.0,0.0,0.0,0.0,True
2030,P0104,Inner Mongolia,unabated,1.0,22843010.0,18.7312682,0.0,0.0,True
2030,P0104,Inner Mongolia,retire,0.0,0.0,0.0,0.0,0.0,True
2030,P0104,Inner Mongolia,ccs,0.0,0.0,0.0,0.0,0.0,True
2030,P0104,Inner Mongolia,biomass,0.0,0.0,0.0,0.0,0.0,True
2030,P0104,Inner Mongolia,beccs,0.0,0.0,0.0,0.0,0.0,True
2030,P0104,Inner Mongolia,ammonia,0.0,0.0,0.0,0.0,0.0,True
2030,P0105,Liaoning,unabated,1.0,4030910.0,3.3053462,0.0,0.0,True
2030,P0105,Liaoning,retire,0.0,0.0,0.0,0.0,0.0,True
2030,P0105,Liaoning,ccs,0.0,0.0,0.0,0.0,0.0,True
2030,P0105,Liaoning,biomass,0.0,0.0,0.0,0.0,0.0,True
2030,P0105,Liaoning,beccs,0.0,0.0,0.0,0.0,0.0,True
2030,P0105,Liaoning,ammonia,0.0,0.0,0.0,0.0,0.0,True
2030,P0106,Hubei,unabated,1.0,39558279.99999999,32.43778959999999,0.0,0.0,True
2030,P0106,Hubei,retire,0.0,0.0,0.0,0.0,0.0,True
2030,P0106,Hubei,ccs,0.0,0.0,0.0,0.0,0.0,True
2030,P0106,Hubei,biomass,0.0,0.0,0.0,0.0,0.0,True
2030,P0106,Hubei,beccs,0.0,0.0,0.0,0.0,0.0,True
2030,P0106,Hubei,ammonia,0.0,0.0,0.0,0.0,0.0,True
2030,P0107,Liaoning,unabated,1.0,14387248.0,11.797543359999999,0.0,0.0,True
2030,P0107,Liaoning,retire,0.0,0.0,0.0,0.0,0.0,True
2030,P0107,Liaoning,ccs,0.0,0.0,0.0,0.0,0.0,True
2030,P0107,Liaoning,biomass,0.0,0.0,0.0,0.0,0.0,True
2030,P0107,Liaoning,beccs,0.0,0.0,0.0,0.0,0.0,True
2030,P0107,Liaoning,ammonia,0.0,0.0,0.0,0.0,0.0,True
2030,P0108,Guangdong,unabated,1.0,22805624.0,18.700611679999998,0.0,0.0,True
2030,P0108,Guangdong,retire,0.0,0.0,0.0,0.0,0.0,True
2030,P0108,Guangdong,ccs,0.0,0.0,0.0,0.0,0.0,True
2030,P0108,Guangdong,biomass,0.0,0.0,0.0,0.0,0.0,True
2030,P0108,Guangdong,beccs,0.0,0.0,0.0,0.0,0.0,True
2030,P0108,Guangdong,ammonia,0.0,0.0,0.0,0.0,0.0,True
2030,P0109,Shaanxi,unabated,1.0,37846920.0,31.034474399999997,0.0,0.0,True
2030,P0109,Shaanxi,retire,0.0,0.0,0.0,0.0,0.0,True
2030,P0109,Shaanxi,ccs,0.0,0.0,0.0,0.0,0.0,True
2030,P0109,Shaanxi,biomass,0.0,0.0,0.0,0.0,0.0,True
2030,P0109,Shaanxi,beccs,0.0,0.0,0.0,0.0,0.0,True
2030,P0109,Shaanxi,ammonia,0.0,0.0,0.0,0.0,0.0,True
2030,P0110,Guizhou,unabated,1.0,62946546.0,51.61616772,0.0,0.0,True
2030,P0110,Guizhou,retire,0.0,0.0,0.0,0.0,0.0,True
2030,P0110,Guizhou,ccs,0.0,0.0,0.0,0.0,0.0,True
2030,P0110,Guizhou,biomass,0.0,0.0,0.0,0.0,0.0,True
2030,P0110,Guizhou,beccs,0.0,0.0,0.0,0.0,0.0,True
2030,P0110,Guizhou,ammonia,0.0,0.0,0.0,0.0,0.0,True
2030,P0111,Guangxi,unabated,0.0,0.0,0.0,0.0,0.0,True
2030,P0111,Guangxi,retire,0.0,0.0,0.0,0.0,0.0,True
2030,P0111,Guangxi,ccs,0.0,0.0,0.0,0.0,0.0,True
2030,P0111,Guangxi,biomass,1.0,587794.48,0.48199147359999994,0.48199147359999994,0.0,True
2030,P0111,Guangxi,beccs,0.0,0.0,0.0,0.0,0.0,True
2030,P0111,Guangxi,ammonia,0.0,0.0,0.0,0.0,0.0,True
2030,P0112,Guangdong,unabated,1.0,41166084.0,33.756188879999996,0.0,0.0,True
2030,P0112,Guangdong,retire,0.0,0.0,0.0,0.0,0.0,True
2030,P0112,Guangdong,ccs,0.0,0.0,0.0,0.0,0.0,True
2030,P0112,Guangdong,biomass,0.0,0.0,0.0,0.0,0.0,True
2030,P0112,Guangdong,beccs,0.0,0.0,0.0,0.0,0.0,True
2030,P0112,Guangdong,ammonia,0.0,0.0,0.0,0.0,0.0,True
2030,P0113,Inner Mongolia,unabated,1.0,20126000.0,16.50332,0.0,0.0,True
2030,P0113,Inner Mongolia,retire,0.0,0.0,0.0,0.0,0.0,True
2030,P0113,Inner Mongolia,ccs,0.0,0.0,0.0,0.0,0.0,True
2030,P0113,Inner Mongolia,biomass,0.0,0.0,0.0,0.0,0.0,True
2030,P0113,Inner Mongolia,beccs,0.0,0.0,0.0,0.0,0.0,True
2030,P0113,Inner Mongolia,ammonia,0.0,0.0,0.0,0.0,0.0,True
2030,P0114,Guangxi,unabated,1.0,29485456.0,24.17807392,0.0,0.0,True
2030,P0114,Guangxi,retire,0.0,0.0,0.0,0.0,0.0,True
2030,P0114,Guangxi,ccs,0.0,0.0,0.0,0.0,0.0,True
2030,P0114,Guangxi,biomass,0.0,0.0,0.0,0.0,0.0,True
2030,P0114,Guangxi,beccs,0.0,0.0,0.0,0.0,0.0,True
2030,P0114,Guangxi,ammonia,0.0,0.0,0.0,0.0,0.0,True
2030,P0115,Shandong,unabated,1.0,9550809.0,7.83166338,0.0,0.0,True
2030,P0115,Shandong,retire,0.0,0.0,0.0,0.0,0.0,True
2030,P0115,Shandong,ccs,0.0,0.0,0.0,0.0,0.0,True
2030,P0115,Shandong,biomass,0.0,0.0,0.0,0.0,0.0,True
2030,P0115,Shandong,beccs,0.0,0.0,0.0,0.0,0.0,True
2030,P0115,Shandong,ammonia,0.0,0.0,0.0,0.0,0.0,True
2030,P0116,Liaoning,unabated,1.0,2542573.9999999995,2.0849106799999997,0.0,0.0,True
2030,P0116,Liaoning,retire,0.0,0.0,0.0,0.0,0.0,True
2030,P0116,Liaoning,ccs,0.0,0.0,0.0,0.0,0.0,True
2030,P0116,Liaoning,biomass,0.0,0.0,0.0,0.0,0.0,True
2030,P0116,Liaoning,beccs,0.0,0.0,0.0,0.0,0.0,True
2030,P0116,Liaoning,ammonia,0.0,0.0,0.0,0.0,0.0,True
2030,P0117,Henan,unabated,1.0,8351072.0,6.8478790400000005,0.0,0.0,True
2030,P0117,Henan,retire,0.0,0.0,0.0,0.0,0.0,True
2030,P0117,Henan,ccs,0.0,0.0,0.0,0.0,0.0,True
2030,P0117,Henan,biomass,0.0,0.0,0.0,0.0,0.0,True
2030,P0117,Henan,beccs,0.0,0.0,0.0,0.0,0.0,True
2030,P0117,Henan,ammonia,0.0,0.0,0.0,0.0,0.0,True
2030,P0118,Liaoning,unabated,1.0,16867807.999999996,13.831602559999997,0.0,0.0,True
2030,P0118,Liaoning,retire,0.0,0.0,0.0,0.0,0.0,True
2030,P0118,Liaoning,ccs,0.0,0.0,0.0,0.0,0.0,True
2030,P0118,Liaoning,biomass,0.0,0.0,0.0,0.0,0.0,True
2030,P0118,Liaoning,beccs,0.0,0.0,0.0,0.0,0.0,True
2030,P0118,Liaoning,ammonia,0.0,0.0,0.0,0.0,0.0,True
2030,P0119,Guizhou,unabated,1.0,27248354.0,22.34365028,0.0,0.0,True
2030,P0119,Guizhou,retire,0.0,0.0,0.0,0.0,0.0,True
2030,P0119,Guizhou,ccs,0.0,0.0,0.0,0.0,0.0,True
2030,P0119,Guizhou,biomass,0.0,0.0,0.0,0.0,0.0,True
2030,P0119,Guizhou,beccs,0.0,0.0,0.0,0.0,0.0,True
2030,P0119,Guizhou,ammonia,0.0,0.0,0.0,0.0,0.0,True
2030,P0120,Inner Mongolia,unabated,1.0,23648049.999999996,19.391400999999995,0.0,0.0,True
2030,P0120,Inner Mongolia,retire,0.0,0.0,0.0,0.0,0.0,True
2030,P0120,Inner Mongolia,ccs,0.0,0.0,0.0,0.0,0.0,True
2030,P0120,Inner Mongolia,biomass,0.0,0.0,0.0,0.0,0.0,True
2030,P0120,Inner Mongolia,beccs,0.0,0.0,0.0,0.0,0.0,True
2030,P0120,Inner Mongolia,ammonia,0.0,0.0,0.0,0.0,0.0,True
2030,P0121,Guangdong,unabated,1.0,32662292.0,26.783079439999998,0.0,0.0,True
2030,P0121,Guangdong,retire,0.0,0.0,0.0,0.0,0.0,True
2030,P0121,Guangdong,ccs,0.0,0.0,0.0,0.0,0.0,True
2030,P0121,Guangdong,biomass,0.0,0.0,0.0,0.0,0.0,True
2030,P0121,Guangdong,beccs,0.0,0.0,0.0,0.0,0.0,True
2030,P0121,Guangdong,ammonia,0.0,0.0,0.0,0.0,0.0,True
2030,P0122,Shaanxi,unabated,1.0,33535820.0,27.4993724,0.0,0.0,True
2030,P0122,Shaanxi,retire,0.0,0.0,0.0,0.0,0.0,True
2030,P0122,Shaanxi,ccs,0.0,0.0,0.0,0.0,0.0,True
2030,P0122,Shaanxi,biomass,0.0,0.0,0.0,0.0,0.0,True
2030,P0122,Shaanxi,beccs,0.0,0.0,0.0,0.0,0.0,True
2030,P0122,Shaanxi,ammonia,0.0,0.0,0.0,0.0,0.0,True
2030,P0123,Hebei,unabated,1.0,29973912.800000004,24.578608496000005,0.0,0.0,True
2030,P0123,Hebei,retire,0.0,0.0,0.0,0.0,0.0,True
2030,P0123,Hebei,ccs,0.0,0.0,0.0,0.0,0.0,True
2030,P0123,Hebei,biomass,0.0,0.0,0.0,0.0,0.0,True
2030,P0123,Hebei,beccs,0.0,0.0,0.0,0.0,0.0,True
2030,P0123,Hebei,ammonia,0.0,0.0,0.0,0.0,0.0,True
2030,P0124,Henan,unabated,1.0,42007332.0,34.446012239999995,0.0,0.0,True
2030,P0124,Henan,retire,0.0,0.0,0.0,0.0,0.0,True
2030,P0124,Henan,ccs,0.0,0.0,0.0,0.0,0.0,True
2030,P0124,Henan,biomass,0.0,0.0,0.0,0.0,0.0,True
2030,P0124,Henan,beccs,0.0,0.0,0.0,0.0,0.0,True
2030,P0124,Henan,ammonia,0.0,0.0,0.0,0.0,0.0,True
2030,P0125,Xinjiang,unabated,1.0,62899091.99999999,51.57725543999999,0.0,0.0,True
2030,P0125,Xinjiang,retire,0.0,0.0,0.0,0.0,0.0,True
2030,P0125,Xinjiang,ccs,0.0,0.0,0.0,0.0,0.0,True
2030,P0125,Xinjiang,biomass,0.0,0.0,0.0,0.0,0.0,True
2030,P0125,Xinjiang,beccs,0.0,0.0,0.0,0.0,0.0,True
2030,P0125,Xinjiang,ammonia,0.0,0.0,0.0,0.0,0.0,True
2030,P0126,Jiangsu,unabated,1.0,86326786.00000001,70.78796452000002,0.0,0.0,True
2030,P0126,Jiangsu,retire,0.0,0.0,0.0,0.0,0.0,True
2030,P0126,Jiangsu,ccs,0.0,0.0,0.0,0.0,0.0,True
2030,P0126,Jiangsu,biomass,0.0,0.0,0.0,0.0,0.0,True
2030,P0126,Jiangsu,beccs,0.0,0.0,0.0,0.0,0.0,True
2030,P0126,Jiangsu,ammonia,0.0,0.0,0.0,0.0,0.0,True
2030,P0127,Hebei,unabated,1.0,7796425.000000001,6.3930685,0.0,0.0,True
2030,P0127,Hebei,retire,0.0,0.0,0.0,0.0,0.0,True
2030,P0127,Hebei,ccs,0.0,0.0,0.0,0.0,0.0,True
2030,P0127,Hebei,biomass,0.0,0.0,0.0,0.0,0.0,True
2030,P0127,Hebei,beccs,0.0,0.0,0.0,0.0,0.0,True
2030,P0127,Hebei,ammonia,0.0,0.0,0.0,0.0,0.0,True
2030,P0128,Xinjiang,unabated,1.0,5122764.0,4.20066648,0.0,0.0,True
2030,P0128,Xinjiang,retire,0.0,0.0,0.0,0.0,0.0,True
2030,P0128,Xinjiang,ccs,0.0,0.0,0.0,0.0,0.0,True
2030,P0128,Xinjiang,biomass,0.0,0.0,0.0,0.0,0.0,True
2030,P0128,Xinjiang,beccs,0.0,0.0,0.0,0.0,0.0,True
2030,P0128,Xinjiang,ammonia,0.0,0.0,0.0,0.0,0.0,True
2030,P0129,Inner Mongolia,unabated,1.0,67573045.0,55.4098969,0.0,0.0,True
2030,P0129,Inner Mongolia,retire,0.0,0.0,0.0,0.0,0.0,True
2030,P0129,Inner Mongolia,ccs,0.0,0.0,0.0,0.0,0.0,True
2030,P0129,Inner Mongolia,biomass,0.0,0.0,0.0,0.0,0.0,True
2030,P0129,Inner Mongolia,beccs,0.0,0.0,0.0,0.0,0.0,True
2030,P0129,Inner Mongolia,ammonia,0.0,0.0,0.0,0.0,0.0,True
2030,P0130,Hebei,unabated,1.0,5791630.0,4.7491366,0.0,0.0,True
2030,P0130,Hebei,retire,0.0,0.0,0.0,0.0,0.0,True
2030,P0130,Hebei,ccs,0.0,0.0,0.0,0.0,0.0,True
2030,P0130,Hebei,biomass,0.0,0.0,0.0,0.0,0.0,True
2030,P0130,Hebei,beccs,0.0,0.0,0.0,0.0,0.0,True
2030,P0130,Hebei,ammonia,0.0,0.0,0.0,0.0,0.0,True
2030,P0131,Zhejiang,unabated,1.0,68084190.0,55.8290358,0.0,0.0,True
2030,P0131,Zhejiang,retire,0.0,0.0,0.0,0.0,0.0,True
2030,P0131,Zhejiang,ccs,0.0,0.0,0.0,0.0,0.0,True
2030,P0131,Zhejiang,biomass,0.0,0.0,0.0,0.0,0.0,True
2030,P0131,Zhejiang,beccs,0.0,0.0,0.0,0.0,0.0,True
2030,P0131,Zhejiang,ammonia,0.0,0.0,0.0,0.0,0.0,True
2030,P0132,Jilin,unabated,1.0,6228808.0,5.107622559999999,0.0,0.0,True
2030,P0132,Jilin,retire,0.0,0.0,0.0,0.0,0.0,True
2030,P0132,Jilin,ccs,0.0,0.0,0.0,0.0,0.0,True
2030,P0132,Jilin,biomass,0.0,0.0,0.0,0.0,0.0,True
2030,P0132,Jilin,beccs,0.0,0.0,0.0,0.0,0.0,True
2030,P0132,Jilin,ammonia,0.0,0.0,0.0,0.0,0.0,True
2030,P0133,Anhui,unabated,1.0,31000810.000000004,25.420664200000004,0.0,0.0,True
2030,P0133,Anhui,retire,0.0,0.0,0.0,0.0,0.0,True
2030,P0133,Anhui,ccs,0.0,0.0,0.0,0.0,0.0,True
2030,P0133,Anhui,biomass,0.0,0.0,0.0,0.0,0.0,True
2030,P0133,Anhui,beccs,0.0,0.0,0.0,0.0,0.0,True
2030,P0133,Anhui,ammonia,0.0,0.0,0.0,0.0,0.0,True
2030,P0134,Shanxi,unabated,1.0,14837547.5,12.166788949999999,0.0,0.0,True
2030,P0134,Shanxi,retire,0.0,0.0,0.0,0.0,0.0,True
2030,P0134,Shanxi,ccs,0.0,0.0,0.0,0.0,0.0,True
2030,P0134,Shanxi,biomass,0.0,0.0,0.0,0.0,0.0,True
2030,P0134,Shanxi,beccs,0.0,0.0,0.0,0.0,0.0,True
2030,P0134,Shanxi,ammonia,0.0,0.0,0.0,0.0,0.0,True
2030,P0135,Liaoning,unabated,1.0,5891330.0,4.8308906,0.0,0.0,True
2030,P0135,Liaoning,retire,0.0,0.0,0.0,0.0,0.0,True
2030,P0135,Liaoning,ccs,0.0,0.0,0.0,0.0,0.0,True
2030,P0135,Liaoning,biomass,0.0,0.0,0.0,0.0,0.0,True
2030,P0135,Liaoning,beccs,0.0,0.0,0.0,0.0,0.0,True
2030,P0135,Liaoning,ammonia,0.0,0.0,0.0,0.0,0.0,True
2030,P0136,Inner Mongolia,unabated,1.0,4427720.0,3.6307304,0.0,0.0,True
2030,P0136,Inner Mongolia,retire,0.0,0.0,0.0,0.0,0.0,True
2030,P0136,Inner Mongolia,ccs,0.0,0.0,0.0,0.0,0.0,True
2030,P0136,Inner Mongolia,biomass,0.0,0.0,0.0,0.0,0.0,True
2030,P0136,Inner Mongolia,beccs,0.0,0.0,0.0,0.0,0.0,True
2030,P0136,Inner Mongolia,ammonia,0.0,0.0,0.0,0.0,0.0,True
2030,P0137,Xinjiang,unabated,1.0,7393679.999999999,6.062817599999999,0.0,0.0,True
2030,P0137,Xinjiang,retire,0.0,0.0,0.0,0.0,0.0,True
2030,P0137,Xinjiang,ccs,0.0,0.0,0.0,0.0,0.0,True
2030,P0137,Xinjiang,biomass,0.0,0.0,0.0,0.0,0.0,True
2030,P0137,Xinjiang,beccs,0.0,0.0,0.0,0.0,0.0,True
2030,P0137,Xinjiang,ammonia,0.0,0.0,0.0,0.0,0.0,True
2030,P0138,Jilin,unabated,1.0,4345680.000000001,3.5634576000000004,0.0,0.0,True
2030,P0138,Jilin,retire,0.0,0.0,0.0,0.0,0.0,True
2030,P0138,Jilin,ccs,0.0,0.0,0.0,0.0,0.0,True
2030,P0138,Jilin,biomass,0.0,0.0,0.0,0.0,0.0,True
2030,P0138,Jilin,beccs,0.0,0.0,0.0,0.0,0.0,True
2030,P0138,Jilin,ammonia,0.0,0.0,0.0,0.0,0.0,True
2030,P0139,Heilongjiang,unabated,1.0,4156807.5000000005,3.4085821500000004,0.0,0.0,True
2030,P0139,Heilongjiang,retire,0.0,0.0,0.0,0.0,0.0,True
2030,P0139,Heilongjiang,ccs,0.0,0.0,0.0,0.0,0.0,True
2030,P0139,Heilongjiang,biomass,0.0,0.0,0.0,0.0,0.0,True
2030,P0139,Heilongjiang,beccs,0.0,0.0,0.0,0.0,0.0,True
2030,P0139,Heilongjiang,ammonia,0.0,0.0,0.0,0.0,0.0,True
2030,P0140,Guangdong,unabated,1.0,55467916.0,45.483691119999996,0.0,0.0,True
2030,P0140,Guangdong,retire,0.0,0.0,0.0,0.0,0.0,True
2030,P0140,Guangdong,ccs,0.0,0.0,0.0,0.0,0.0,True
2030,P0140,Guangdong,biomass,0.0,0.0,0.0,0.0,0.0,True
2030,P0140,Guangdong,beccs,0.0,0.0,0.0,0.0,0.0,True
2030,P0140,Guangdong,ammonia,0.0,0.0,0.0,0.0,0.0,True
2030,P0141,Shandong,unabated,1.0,46881825.00000001,38.44309650000001,0.0,0.0,True
2030,P0141,Shandong,retire,0.0,0.0,0.0,0.0,0.0,True
2030,P0141,Shandong,ccs,0.0,0.0,0.0,0.0,0.0,True
2030,P0141,Shandong,biomass,0.0,0.0,0.0,0.0,0.0,True
2030,P0141,Shandong,beccs,0.0,0.0,0.0,0.0,0.0,True
2030,P0141,Shandong,ammonia,0.0,0.0,0.0,0.0,0.0,True
2030,P0142,Jiangsu,unabated,1.0,33453385.000000004,27.431775700000003,0.0,0.0,True
2030,P0142,Jiangsu,retire,0.0,0.0,0.0,0.0,0.0,True
2030,P0142,Jiangsu,ccs,0.0,0.0,0.0,0.0,0.0,True
2030,P0142,Jiangsu,biomass,0.0,0.0,0.0,0.0,0.0,True
2030,P0142,Jiangsu,beccs,0.0,0.0,0.0,0.0,0.0,True
2030,P0142,Jiangsu,ammonia,0.0,0.0,0.0,0.0,0.0,True
2030,P0143,Yunnan,unabated,1.0,11205499.999999998,9.188509999999997,0.0,0.0,True
2030,P0143,Yunnan,retire,0.0,0.0,0.0,0.0,0.0,True
2030,P0143,Yunnan,ccs,0.0,0.0,0.0,0.0,0.0,True
2030,P0143,Yunnan,biomass,0.0,0.0,0.0,0.0,0.0,True
2030,P0143,Yunnan,beccs,0.0,0.0,0.0,0.0,0.0,True
2030,P0143,Yunnan,ammonia,0.0,0.0,0.0,0.0,0.0,True
2030,P0144,Shanxi,unabated,1.0,32892597.499999996,26.971929949999996,0.0,0.0,True
2030,P0144,Shanxi,retire,0.0,0.0,0.0,0.0,0.0,True
2030,P0144,Shanxi,ccs,0.0,0.0,0.0,0.0,0.0,True
2030,P0144,Shanxi,biomass,0.0,0.0,0.0,0.0,0.0,True
2030,P0144,Shanxi,beccs,0.0,0.0,0.0,0.0,0.0,True
2030,P0144,Shanxi,ammonia,0.0,0.0,0.0,0.0,0.0,True
2030,P0145,Liaoning,unabated,1.0,8185847.999999999,6.712395359999999,0.0,0.0,True
2030,P0145,Liaoning,retire,0.0,0.0,0.0,0.0,0.0,True
2030,P0145,Liaoning,ccs,0.0,0.0,0.0,0.0,0.0,True
2030,P0145,Liaoning,biomass,0.0,0.0,0.0,0.0,0.0,True
2030,P0145,Liaoning,beccs,0.0,0.0,0.0,0.0,0.0,True
2030,P0145,Liaoning,ammonia,0.0,0.0,0.0,0.0,0.0,True
2030,P0146,Shanxi,unabated,1.0,19906850.0,16.323617,0.0,0.0,True
2030,P0146,Shanxi,retire,0.0,0.0,0.0,0.0,0.0,True
2030,P0146,Shanxi,ccs,0.0,0.0,0.0,0.0,0.0,True
2030,P0146,Shanxi,biomass,0.0,0.0,0.0,0.0,0.0,True
2030,P0146,Shanxi,beccs,0.0,0.0,0.0,0.0,0.0,True
2030,P0146,Shanxi,ammonia,0.0,0.0,0.0,0.0,0.0,True
2030,P0147,Inner Mongolia,unabated,1.0,15698279.999999998,12.872589599999998,0.0,0.0,True
2030,P0147,Inner Mongolia,retire,0.0,0.0,0.0,0.0,0.0,True
2030,P0147,Inner Mongolia,ccs,0.0,0.0,0.0,0.0,0.0,True
2030,P0147,Inner Mongolia,biomass,0.0,0.0,0.0,0.0,0.0,True
2030,P0147,Inner Mongolia,beccs,0.0,0.0,0.0,0.0,0.0,True
2030,P0147,Inner Mongolia,ammonia,0.0,0.0,0.0,0.0,0.0,True
2030,P0148,Shandong,unabated,1.0,9114699.000000002,7.47405318,0.0,0.0,True
2030,P0148,Shandong,retire,0.0,0.0,0.0,0.0,0.0,True
2030,P0148,Shandong,ccs,0.0,0.0,0.0,0.0,0.0,True
2030,P0148,Shandong,biomass,0.0,0.0,0.0,0.0,0.0,True
2030,P0148,Shandong,beccs,0.0,0.0,0.0,0.0,0.0,True
2030,P0148,Shandong,ammonia,0.0,0.0,0.0,0.0,0.0,True
2030,P0149,Shaanxi,unabated,1.0,42384920.0,34.7556344,0.0,0.0,True
2030,P0149,Shaanxi,retire,0.0,0.0,0.0,0.0,0.0,True
2030,P0149,Shaanxi,ccs,0.0,0.0,0.0,0.0,0.0,True
2030,P0149,Shaanxi,biomass,0.0,0.0,0.0,0.0,0.0,True
2030,P0149,Shaanxi,beccs,0.0,0.0,0.0,0.0,0.0,True
2030,P0149,Shaanxi,ammonia,0.0,0.0,0.0,0.0,0.0,True
2030,P0150,Guizhou,unabated,1.0,664594.0,0.5449670799999999,0.0,0.0,True
2030,P0150,Guizhou,retire,0.0,0.0,0.0,0.0,0.0,True
2030,P0150,Guizhou,ccs,0.0,0.0,0.0,0.0,0.0,True
2030,P0150,Guizhou,biomass,0.0,0.0,0.0,0.0,0.0,True
2030,P0150,Guizhou,beccs,0.0,0.0,0.0,0.0,0.0,True
2030,P0150,Guizhou,ammonia,0.0,0.0,0.0,0.0,0.0,True
2030,P0151,Shandong,unabated,1.0,16899262.500000004,13.857395250000001,0.0,0.0,True
2030,P0151,Shandong,retire,0.0,0.0,0.0,0.0,0.0,True
2030,P0151,Shandong,ccs,0.0,0.0,0.0,0.0,0.0,True
2030,P0151,Shandong,biomass,0.0,0.0,0.0,0.0,0.0,True
2030,P0151,Shandong,beccs,0.0,0.0,0.0,0.0,0.0,True
2030,P0151,Shandong,ammonia,0.0,0.0,0.0,0.0,0.0,True
2030,P0152,Guangdong,unabated,1.0,6426161.0,5.269452019999999,0.0,0.0,True
2030,P0152,Guangdong,retire,0.0,0.0,0.0,0.0,0.0,True
2030,P0152,Guangdong,ccs,0.0,0.0,0.0,0.0,0.0,True
2030,P0152,Guangdong,biomass,0.0,0.0,0.0,0.0,0.0,True
2030,P0152,Guangdong,beccs,0.0,0.0,0.0,0.0,0.0,True
2030,P0152,Guangdong,ammonia,0.0,0.0,0.0,0.0,0.0,True
2030,P0153,Heilongjiang,unabated,1.0,7391812.500000001,6.06128625,0.0,0.0,True
2030,P0153,Heilongjiang,retire,0.0,0.0,0.0,0.0,0.0,True
2030,P0153,Heilongjiang,ccs,0.0,0.0,0.0,0.0,0.0,True
2030,P0153,Heilongjiang,biomass,0.0,0.0,0.0,0.0,0.0,True
2030,P0153,Heilongjiang,beccs,0.0,0.0,0.0,0.0,0.0,True
2030,P0153,Heilongjiang,ammonia,0.0,0.0,0.0,0.0,0.0,True
2030,P0154,Tianjin,unabated,1.0,26537140.0,21.760454799999998,0.0,0.0,True
2030,P0154,Tianjin,retire,0.0,0.0,0.0,0.0,0.0,True
2030,P0154,Tianjin,ccs,0.0,0.0,0.0,0.0,0.0,True
2030,P0154,Tianjin,biomass,0.0,0.0,0.0,0.0,0.0,True
2030,P0154,Tianjin,beccs,0.0,0.0,0.0,0.0,0.0,True
2030,P0154,Tianjin,ammonia,0.0,0.0,0.0,0.0,0.0,True
2030,P0155,Shanxi,unabated,1.0,14175528.999999998,11.623933779999998,0.0,0.0,True
2030,P0155,Shanxi,retire,0.0,0.0,0.0,0.0,0.0,True
2030,P0155,Shanxi,ccs,0.0,0.0,0.0,0.0,0.0,True
2030,P0155,Shanxi,biomass,0.0,0.0,0.0,0.0,0.0,True
2030,P0155,Shanxi,beccs,0.0,0.0,0.0,0.0,0.0,True
2030,P0155,Shanxi,ammonia,0.0,0.0,0.0,0.0,0.0,True
2030,P0156,Yunnan,unabated,1.0,2689319.9999999995,2.2052423999999995,0.0,0.0,True
2030,P0156,Yunnan,retire,0.0,0.0,0.0,0.0,0.0,True
2030,P0156,Yunnan,ccs,0.0,0.0,0.0,0.0,0.0,True
2030,P0156,Yunnan,biomass,0.0,0.0,0.0,0.0,0.0,True
2030,P0156,Yunnan,beccs,0.0,0.0,0.0,0.0,0.0,True
2030,P0156,Yunnan,ammonia,0.0,0.0,0.0,0.0,0.0,True
2030,P0157,Guizhou,unabated,1.0,24495036.0,20.08592952,0.0,0.0,True
2030,P0157,Guizhou,retire,0.0,0.0,0.0,0.0,0.0,True
2030,P0157,Guizhou,ccs,0.0,0.0,0.0,0.0,0.0,True
2030,P0157,Guizhou,biomass,0.0,0.0,0.0,0.0,0.0,True
2030,P0157,Guizhou,beccs,0.0,0.0,0.0,0.0,0.0,True
2030,P0157,Guizhou,ammonia,0.0,0.0,0.0,0.0,0.0,True
2030,P0158,Guangxi,unabated,0.21532197367004824,1571756.7427328057,1.2888405290409006,0.0,0.0,True
2030,P0158,Guangxi,retire,0.0,0.0,0.0,0.0,0.0,True
2030,P0158,Guangxi,ccs,0.0,0.0,0.0,0.0,0.0,True
2030,P0158,Guangxi,biomass,0.7846780263299518,5727808.257267194,4.696802770959099,4.696802770959099,0.0,True
2030,P0158,Guangxi,beccs,0.0,0.0,0.0,0.0,0.0,True
2030,P0158,Guangxi,ammonia,0.0,0.0,0.0,0.0,0.0,True
2030,P0159,Fujian,unabated,1.0,17480341.999999996,14.333880439999996,0.0,0.0,True
2030,P0159,Fujian,retire,0.0,0.0,0.0,0.0,0.0,True
2030,P0159,Fujian,ccs,0.0,0.0,0.0,0.0,0.0,True
2030,P0159,Fujian,biomass,0.0,0.0,0.0,0.0,0.0,True
2030,P0159,Fujian,beccs,0.0,0.0,0.0,0.0,0.0,True
2030,P0159,Fujian,ammonia,0.0,0.0,0.0,0.0,0.0,True
2030,P0160,Hubei,unabated,1.0,16573231.999999998,13.590050239999998,0.0,0.0,True
2030,P0160,Hubei,retire,0.0,0.0,0.0,0.0,0.0,True
2030,P0160,Hubei,ccs,0.0,0.0,0.0,0.0,0.0,True
2030,P0160,Hubei,biomass,0.0,0.0,0.0,0.0,0.0,True
2030,P0160,Hubei,beccs,0.0,0.0,0.0,0.0,0.0,True
2030,P0160,Hubei,ammonia,0.0,0.0,0.0,0.0,0.0,True
2030,P0161,Zhejiang,unabated,1.0,2629267.5,2.15599935,0.0,0.0,True
2030,P0161,Zhejiang,retire,0.0,0.0,0.0,0.0,0.0,True
2030,P0161,Zhejiang,ccs,0.0,0.0,0.0,0.0,0.0,True
2030,P0161,Zhejiang,biomass,0.0,0.0,0.0,0.0,0.0,True
2030,P0161,Zhejiang,beccs,0.0,0.0,0.0,0.0,0.0,True
2030,P0161,Zhejiang,ammonia,0.0,0.0,0.0,0.0,0.0,True
2030,P0162,Shandong,unabated,1.0,5974707.0,4.899259739999999,0.0,0.0,True
2030,P0162,Shandong,retire,0.0,0.0,0.0,0.0,0.0,True
2030,P0162,Shandong,ccs,0.0,0.0,0.0,0.0,0.0,True
2030,P0162,Shandong,biomass,0.0,0.0,0.0,0.0,0.0,True
2030,P0162,Shandong,beccs,0.0,0.0,0.0,0.0,0.0,True
2030,P0162,Shandong,ammonia,0.0,0.0,0.0,0.0,0.0,True
2030,P0163,Hebei,unabated,1.0,11583260.0,9.4982732,0.0,0.0,True
2030,P0163,Hebei,retire,0.0,0.0,0.0,0.0,0.0,True
2030,P0163,Hebei,ccs,0.0,0.0,0.0,0.0,0.0,True
2030,P0163,Hebei,biomass,0.0,0.0,0.0,0.0,0.0,True
2030,P0163,Hebei,beccs,0.0,0.0,0.0,0.0,0.0,True
2030,P0163,Hebei,ammonia,0.0,0.0,0.0,0.0,0.0,True
2030,P0164,Hunan,unabated,1.0,12502080.0,10.2517056,0.0,0.0,True
2030,P0164,Hunan,retire,0.0,0.0,0.0,0.0,0.0,True
2030,P0164,Hunan,ccs,0.0,0.0,0.0,0.0,0.0,True
2030,P0164,Hunan,biomass,0.0,0.0,0.0,0.0,0.0,True
2030,P0164,Hunan,beccs,0.0,0.0,0.0,0.0,0.0,True
2030,P0164,Hunan,ammonia,0.0,0.0,0.0,0.0,0.0,True
2030,P0165,Hebei,unabated,1.0,5346120.0,4.383818399999999,0.0,0.0,True
2030,P0165,Hebei,retire,0.0,0.0,0.0,0.0,0.0,True
2030,P0165,Hebei,ccs,0.0,0.0,0.0,0.0,0.0,True
2030,P0165,Hebei,biomass,0.0,0.0,0.0,0.0,0.0,True
2030,P0165,Hebei,beccs,0.0,0.0,0.0,0.0,0.0,True
2030,P0165,Hebei,ammonia,0.0,0.0,0.0,0.0,0.0,True
2030,P0166,Guangxi,unabated,1.0,8807344.0,7.2220220799999995,0.0,0.0,True
2030,P0166,Guangxi,retire,0.0,0.0,0.0,0.0,0.0,True
2030,P0166,Guangxi,ccs,0.0,0.0,0.0,0.0,0.0,True
2030,P0166,Guangxi,biomass,0.0,0.0,0.0,0.0,0.0,True
2030,P0166,Guangxi,beccs,0.0,0.0,0.0,0.0,0.0,True
2030,P0166,Guangxi,ammonia,0.0,0.0,0.0,0.0,0.0,True
2030,P0167,Shandong,unabated,1.0,52621032.60000001,43.14924673200001,0.0,0.0,True
2030,P0167,Shandong,retire,0.0,0.0,0.0,0.0,0.0,True
2030,P0167,Shandong,ccs,0.0,0.0,0.0,0.0,0.0,True
2030,P0167,Shandong,biomass,0.0,0.0,0.0,0.0,0.0,True
2030,P0167,Shandong,beccs,0.0,0.0,0.0,0.0,0.0,True
2030,P0167,Shandong,ammonia,0.0,0.0,0.0,0.0,0.0,True
2030,P0168,Xinjiang,unabated,1.0,8555543.999999998,7.015546079999998,0.0,0.0,True
2030,P0168,Xinjiang,retire,0.0,0.0,0.0,0.0,0.0,True
2030,P0168,Xinjiang,ccs,0.0,0.0,0.0,0.0,0.0,True
2030,P0168,Xinjiang,biomass,0.0,0.0,0.0,0.0,0.0,True
2030,P0168,Xinjiang,beccs,0.0,0.0,0.0,0.0,0.0,True
2030,P0168,Xinjiang,ammonia,0.0,0.0,0.0,0.0,0.0,True
2030,P0169,Guizhou,unabated,1.0,7120650.0,5.838933,0.0,0.0,True
2030,P0169,Guizhou,retire,0.0,0.0,0.0,0.0,0.0,True
2030,P0169,Guizhou,ccs,0.0,0.0,0.0,0.0,0.0,True
2030,P0169,Guizhou,biomass,0.0,0.0,0.0,0.0,0.0,True
2030,P0169,Guizhou,beccs,0.0,0.0,0.0,0.0,0.0,True
2030,P0169,Guizhou,ammonia,0.0,0.0,0.0,0.0,0.0,True
2030,P0170,Shandong,unabated,1.0,33013527.000000004,27.07109214,0.0,0.0,True
2030,P0170,Shandong,retire,0.0,0.0,0.0,0.0,0.0,True
2030,P0170,Shandong,ccs,0.0,0.0,0.0,0.0,0.0,True
2030,P0170,Shandong,biomass,0.0,0.0,0.0,0.0,0.0,True
2030,P0170,Shandong,beccs,0.0,0.0,0.0,0.0,0.0,True
2030,P0170,Shandong,ammonia,0.0,0.0,0.0,0.0,0.0,True
2030,P0171,Shaanxi,unabated,1.0,15202300.0,12.465886,0.0,0.0,True
2030,P0171,Shaanxi,retire,0.0,0.0,0.0,0.0,0.0,True
2030,P0171,Shaanxi,ccs,0.0,0.0,0.0,0.0,0.0,True
2030,P0171,Shaanxi,biomass,0.0,0.0,0.0,0.0,0.0,True
2030,P0171,Shaanxi,beccs,0.0,0.0,0.0,0.0,0.0,True
2030,P0171,Shaanxi,ammonia,0.0,0.0,0.0,0.0,0.0,True
2030,P0172,Sichuan,unabated,1.0,16288263.999999998,13.356376479999998,0.0,0.0,True
2030,P0172,Sichuan,retire,0.0,0.0,0.0,0.0,0.0,True
2030,P0172,Sichuan,ccs,0.0,0.0,0.0,0.0,0.0,True
2030,P0172,Sichuan,biomass,0.0,0.0,0.0,0.0,0.0,True
2030,P0172,Sichuan,beccs,0.0,0.0,0.0,0.0,0.0,True
2030,P0172,Sichuan,ammonia,0.0,0.0,0.0,0.0,0.0,True
2030,P0173,Ningxia,unabated,1.0,26644024.0,21.84809968,0.0,0.0,True
2030,P0173,Ningxia,retire,0.0,0.0,0.0,0.0,0.0,True
2030,P0173,Ningxia,ccs,0.0,0.0,0.0,0.0,0.0,True
2030,P0173,Ningxia,biomass,0.0,0.0,0.0,0.0,0.0,True
2030,P0173,Ningxia,beccs,0.0,0.0,0.0,0.0,0.0,True
2030,P0173,Ningxia,ammonia,0.0,0.0,0.0,0.0,0.0,True
2030,P0174,Shanxi,unabated,1.0,37452655.0,30.711177099999997,0.0,0.0,True
2030,P0174,Shanxi,retire,0.0,0.0,0.0,0.0,0.0,True
2030,P0174,Shanxi,ccs,0.0,0.0,0.0,0.0,0.0,True
2030,P0174,Shanxi,biomass,0.0,0.0,0.0,0.0,0.0,True
2030,P0174,Shanxi,beccs,0.0,0.0,0.0,0.0,0.0,True
2030,P0174,Shanxi,ammonia,0.0,0.0,0.0,0.0,0.0,True
2030,P0175,Guizhou,unabated,1.0,8544780.0,7.006719599999999,0.0,0.0,True
2030,P0175,Guizhou,retire,0.0,0.0,0.0,0.0,0.0,True
2030,P0175,Guizhou,ccs,0.0,0.0,0.0,0.0,0.0,True
2030,P0175,Guizhou,biomass,0.0,0.0,0.0,0.0,0.0,True
2030,P0175,Guizhou,beccs,0.0,0.0,0.0,0.0,0.0,True
2030,P0175,Guizhou,ammonia,0.0,0.0,0.0,0.0,0.0,True
2030,P0176,Hubei,unabated,1.0,17623120.0,14.4509584,0.0,0.0,True
2030,P0176,Hubei,retire,0.0,0.0,0.0,0.0,0.0,True
2030,P0176,Hubei,ccs,0.0,0.0,0.0,0.0,0.0,True
2030,P0176,Hubei,biomass,0.0,0.0,0.0,0.0,0.0,True
2030,P0176,Hubei,beccs,0.0,0.0,0.0,0.0,0.0,True
2030,P0176,Hubei,ammonia,0.0,0.0,0.0,0.0,0.0,True
2030,P0177,Jilin,unabated,1.0,7460084.0,6.11726888,0.0,0.0,True
2030,P0177,Jilin,retire,0.0,0.0,0.0,0.0,0.0,True
2030,P0177,Jilin,ccs,0.0,0.0,0.0,0.0,0.0,True
2030,P0177,Jilin,biomass,0.0,0.0,0.0,0.0,0.0,True
2030,P0177,Jilin,beccs,0.0,0.0,0.0,0.0,0.0,True
2030,P0177,Jilin,ammonia,0.0,0.0,0.0,0.0,0.0,True
2030,P0178,Shaanxi,unabated,1.0,6353200.0,5.209624,0.0,0.0,True
2030,P0178,Shaanxi,retire,0.0,0.0,0.0,0.0,0.0,True
2030,P0178,Shaanxi,ccs,0.0,0.0,0.0,0.0,0.0,True
2030,P0178,Shaanxi,biomass,0.0,0.0,0.0,0.0,0.0,True
2030,P0178,Shaanxi,beccs,0.0,0.0,0.0,0.0,0.0,True
2030,P0178,Shaanxi,ammonia,0.0,0.0,0.0,0.0,0.0,True
2030,P0179,Fujian,unabated,1.0,32038749.999999996,26.271774999999995,0.0,0.0,True
2030,P0179,Fujian,retire,0.0,0.0,0.0,0.0,0.0,True
2030,P0179,Fujian,ccs,0.0,0.0,0.0,0.0,0.0,True
2030,P0179,Fujian,biomass,0.0,0.0,0.0,0.0,0.0,True
2030,P0179,Fujian,beccs,0.0,0.0,0.0,0.0,0.0,True
2030,P0179,Fujian,ammonia,0.0,0.0,0.0,0.0,0.0,True
2030,P0180,Inner Mongolia,unabated,1.0,7547250.0,6.188745,0.0,0.0,True
2030,P0180,Inner Mongolia,retire,0.0,0.0,0.0,0.0,0.0,True
2030,P0180,Inner Mongolia,ccs,0.0,0.0,0.0,0.0,0.0,True
2030,P0180,Inner Mongolia,biomass,0.0,0.0,0.0,0.0,0.0,True
2030,P0180,Inner Mongolia,beccs,0.0,0.0,0.0,0.0,0.0,True
2030,P0180,Inner Mongolia,ammonia,0.0,0.0,0.0,0.0,0.0,True
2030,P0181,Xinjiang,unabated,1.0,22999625.999999996,18.859693319999998,0.0,0.0,True
2030,P0181,Xinjiang,retire,0.0,0.0,0.0,0.0,0.0,True
2030,P0181,Xinjiang,ccs,0.0,0.0,0.0,0.0,0.0,True
2030,P0181,Xinjiang,biomass,0.0,0.0,0.0,0.0,0.0,True
2030,P0181,Xinjiang,beccs,0.0,0.0,0.0,0.0,0.0,True
2030,P0181,Xinjiang,ammonia,0.0,0.0,0.0,0.0,0.0,True
2030,P0182,Jiangxi,unabated,1.0,27707083.2,22.719808224,0.0,0.0,True
2030,P0182,Jiangxi,retire,0.0,0.0,0.0,0.0,0.0,True
2030,P0182,Jiangxi,ccs,0.0,0.0,0.0,0.0,0.0,True
2030,P0182,Jiangxi,biomass,0.0,0.0,0.0,0.0,0.0,True
2030,P0182,Jiangxi,beccs,0.0,0.0,0.0,0.0,0.0,True
2030,P0182,Jiangxi,ammonia,0.0,0.0,0.0,0.0,0.0,True
2030,P0183,Xinjiang,unabated,1.0,1425923.9999999998,1.1692576799999996,0.0,0.0,True
2030,P0183,Xinjiang,retire,0.0,0.0,0.0,0.0,0.0,True
2030,P0183,Xinjiang,ccs,0.0,0.0,0.0,0.0,0.0,True
2030,P0183,Xinjiang,biomass,0.0,0.0,0.0,0.0,0.0,True
2030,P0183,Xinjiang,beccs,0.0,0.0,0.0,0.0,0.0,True
2030,P0183,Xinjiang,ammonia,0.0,0.0,0.0,0.0,0.0,True
2030,P0184,Shandong,unabated,1.0,28303539.000000004,23.20890198,0.0,0.0,True
2030,P0184,Shandong,retire,0.0,0.0,0.0,0.0,0.0,True
2030,P0184,Shandong,ccs,0.0,0.0,0.0,0.0,0.0,True
2030,P0184,Shandong,biomass,0.0,0.0,0.0,0.0,0.0,True
2030,P0184,Shandong,beccs,0.0,0.0,0.0,0.0,0.0,True
2030,P0184,Shandong,ammonia,0.0,0.0,0.0,0.0,0.0,True
2030,P0185,Guizhou,unabated,1.0,7120650.0,5.838933,0.0,0.0,True
2030,P0185,Guizhou,retire,0.0,0.0,0.0,0.0,0.0,True
2030,P0185,Guizhou,ccs,0.0,0.0,0.0,0.0,0.0,True
2030,P0185,Guizhou,biomass,0.0,0.0,0.0,0.0,0.0,True
2030,P0185,Guizhou,beccs,0.0,0.0,0.0,0.0,0.0,True
2030,P0185,Guizhou,ammonia,0.0,0.0,0.0,0.0,0.0,True
2030,P0186,Ningxia,unabated,1.0,24108865.0,19.769269299999998,0.0,0.0,True
2030,P0186,Ningxia,retire,0.0,0.0,0.0,0.0,0.0,True
2030,P0186,Ningxia,ccs,0.0,0.0,0.0,0.0,0.0,True
2030,P0186,Ningxia,biomass,0.0,0.0,0.0,0.0,0.0,True
2030,P0186,Ningxia,beccs,0.0,0.0,0.0,0.0,0.0,True
2030,P0186,Ningxia,ammonia,0.0,0.0,0.0,0.0,0.0,True
2030,P0187,Inner Mongolia,unabated,1.0,1006300.0,0.825166,0.0,0.0,True
2030,P0187,Inner Mongolia,retire,0.0,0.0,0.0,0.0,0.0,True
2030,P0187,Inner Mongolia,ccs,0.0,0.0,0.0,0.0,0.0,True
2030,P0187,Inner Mongolia,biomass,0.0,0.0,0.0,0.0,0.0,True
2030,P0187,Inner Mongolia,beccs,0.0,0.0,0.0,0.0,0.0,True
2030,P0187,Inner Mongolia,ammonia,0.0,0.0,0.0,0.0,0.0,True
2030,P0188,Xinjiang,unabated,1.0,21124800.0,17.322336,0.0,0.0,True
2030,P0188,Xinjiang,retire,0.0,0.0,0.0,0.0,0.0,True
2030,P0188,Xinjiang,ccs,0.0,0.0,0.0,0.0,0.0,True
2030,P0188,Xinjiang,biomass,0.0,0.0,0.0,0.0,0.0,True
2030,P0188,Xinjiang,beccs,0.0,0.0,0.0,0.0,0.0,True
2030,P0188,Xinjiang,ammonia,0.0,0.0,0.0,0.0,0.0,True
2030,P0189,Yunnan,unabated,1.0,4482200.0,3.675404,0.0,0.0,True
2030,P0189,Yunnan,retire,0.0,0.0,0.0,0.0,0.0,True
2030,P0189,Yunnan,ccs,0.0,0.0,0.0,0.0,0.0,True
2030,P0189,Yunnan,biomass,0.0,0.0,0.0,0.0,0.0,True
2030,P0189,Yunnan,beccs,0.0,0.0,0.0,0.0,0.0,True
2030,P0189,Yunnan,ammonia,0.0,0.0,0.0,0.0,0.0,True
2030,P0190,Jiangsu,unabated,1.0,11234720.0,9.2124704,0.0,0.0,True
2030,P0190,Jiangsu,retire,0.0,0.0,0.0,0.0,0.0,True
2030,P0190,Jiangsu,ccs,0.0,0.0,0.0,0.0,0.0,True
2030,P0190,Jiangsu,biomass,0.0,0.0,0.0,0.0,0.0,True
2030,P0190,Jiangsu,beccs,0.0,0.0,0.0,0.0,0.0,True
2030,P0190,Jiangsu,ammonia,0.0,0.0,0.0,0.0,0.0,True
2030,P0191,Hunan,unabated,0.0,0.0,0.0,0.0,0.0,True
2030,P0191,Hunan,retire,0.0,0.0,0.0,0.0,0.0,True
2030,P0191,Hunan,ccs,0.0,0.0,0.0,0.0,0.0,True
2030,P0191,Hunan,biomass,1.0,8204490.0,6.7276818,6.7276818,0.0,True
2030,P0191,Hunan,beccs,0.0,0.0,0.0,0.0,0.0,True
2030,P0191,Hunan,ammonia,0.0,0.0,0.0,0.0,0.0,True
2030,P0192,Shaanxi,unabated,1.0,15519960.0,12.726367199999999,0.0,0.0,True
2030,P0192,Shaanxi,retire,0.0,0.0,0.0,0.0,0.0,True
2030,P0192,Shaanxi,ccs,0.0,0.0,0.0,0.0,0.0,True
2030,P0192,Shaanxi,biomass,0.0,0.0,0.0,0.0,0.0,True
2030,P0192,Shaanxi,beccs,0.0,0.0,0.0,0.0,0.0,True
2030,P0192,Shaanxi,ammonia,0.0,0.0,0.0,0.0,0.0,True
2030,P0193,Guangxi,unabated,0.0,0.0,0.0,0.0,0.0,True
2030,P0193,Guangxi,retire,0.0,0.0,0.0,0.0,0.0,True
2030,P0193,Guangxi,ccs,0.0,0.0,0.0,0.0,0.0,True
2030,P0193,Guangxi,biomass,1.0,6557642.0,5.37726644,5.37726644,0.0,True
2030,P0193,Guangxi,beccs,0.0,0.0,0.0,0.0,0.0,True
2030,P0193,Guangxi,ammonia,0.0,0.0,0.0,0.0,0.0,True
2030,P0194,Shaanxi,unabated,1.0,2995080.0,2.4559655999999994,0.0,0.0,True
2030,P0194,Shaanxi,retire,0.0,0.0,0.0,0.0,0.0,True
2030,P0194,Shaanxi,ccs,0.0,0.0,0.0,0.0,0.0,True
2030,P0194,Shaanxi,biomass,0.0,0.0,0.0,0.0,0.0,True
2030,P0194,Shaanxi,beccs,0.0,0.0,0.0,0.0,0.0,True
2030,P0194,Shaanxi,ammonia,0.0,0.0,0.0,0.0,0.0,True
2030,P0195,Sichuan,unabated,0.07605402818050044,227997.8078406314,0.18695820242931774,0.0,0.0,True
2030,P0195,Sichuan,retire,0.0,0.0,0.0,0.0,0.0,True
2030,P0195,Sichuan,ccs,0.0,0.0,0.0,0.0,0.0,True
2030,P0195,Sichuan,biomass,0.9239459718194996,2769842.192159368,2.2712705975706813,2.2712705975706813,0.0,True
2030,P0195,Sichuan,beccs,0.0,0.0,0.0,0.0,0.0,True
2030,P0195,Sichuan,ammonia,0.0,0.0,0.0,0.0,0.0,True
2030,P0196,Xinjiang,unabated,1.0,633743.9999999999,0.5196700799999999,0.0,0.0,True
2030,P0196,Xinjiang,retire,0.0,0.0,0.0,0.0,0.0,True
2030,P0196,Xinjiang,ccs,0.0,0.0,0.0,0.0,0.0,True
2030,P0196,Xinjiang,biomass,0.0,0.0,0.0,0.0,0.0,True
2030,P0196,Xinjiang,beccs,0.0,0.0,0.0,0.0,0.0,True
2030,P0196,Xinjiang,ammonia,0.0,0.0,0.0,0.0,0.0,True
2030,P0197,Fujian,unabated,1.0,6766584.0,5.54859888,0.0,0.0,True
2030,P0197,Fujian,retire,0.0,0.0,0.0,0.0,0.0,True
2030,P0197,Fujian,ccs,0.0,0.0,0.0,0.0,0.0,True
2030,P0197,Fujian,biomass,0.0,0.0,0.0,0.0,0.0,True
2030,P0197,Fujian,beccs,0.0,0.0,0.0,0.0,0.0,True
2030,P0197,Fujian,ammonia,0.0,0.0,0.0,0.0,0.0,True
2030,P0198,Gansu,unabated,1.0,2765136.0,2.26741152,0.0,0.0,True
2030,P0198,Gansu,retire,0.0,0.0,0.0,0.0,0.0,True
2030,P0198,Gansu,ccs,0.0,0.0,0.0,0.0,0.0,True
2030,P0198,Gansu,biomass,0.0,0.0,0.0,0.0,0.0,True
2030,P0198,Gansu,beccs,0.0,0.0,0.0,0.0,0.0,True
2030,P0198,Gansu,ammonia,0.0,0.0,0.0,0.0,0.0,True
2030,P0199,Inner Mongolia,unabated,1.0,1308190.0,1.0727158,0.0,0.0,True
2030,P0199,Inner Mongolia,retire,0.0,0.0,0.0,0.0,0.0,True
2030,P0199,Inner Mongolia,ccs,0.0,0.0,0.0,0.0,0.0,True
2030,P0199,Inner Mongolia,biomass,0.0,0.0,0.0,0.0,0.0,True
2030,P0199,Inner Mongolia,beccs,0.0,0.0,0.0,0.0,0.0,True
2030,P0199,Inner Mongolia,ammonia,0.0,0.0,0.0,0.0,0.0,True
2030,P0200,Xinjiang,unabated,1.0,10668023.999999998,8.747779679999997,0.0,0.0,True
2030,P0200,Xinjiang,retire,0.0,0.0,0.0,0.0,0.0,True
2030,P0200,Xinjiang,ccs,0.0,0.0,0.0,0.0,0.0,True
2030,P0200,Xinjiang,biomass,0.0,0.0,0.0,0.0,0.0,True
2030,P0200,Xinjiang,beccs,0.0,0.0,0.0,0.0,0.0,True
2030,P0200,Xinjiang,ammonia,0.0,0.0,0.0,0.0,0.0,True
2030,P0201,Heilongjiang,unabated,1.0,2434950.0000000005,1.9966590000000002,0.0,0.0,True
2030,P0201,Heilongjiang,retire,0.0,0.0,0.0,0.0,0.0,True
2030,P0201,Heilongjiang,ccs,0.0,0.0,0.0,0.0,0.0,True
2030,P0201,Heilongjiang,biomass,0.0,0.0,0.0,0.0,0.0,True
2030,P0201,Heilongjiang,beccs,0.0,0.0,0.0,0.0,0.0,True
2030,P0201,Heilongjiang,ammonia,0.0,0.0,0.0,0.0,0.0,True
2030,P0202,Jiangxi,unabated,0.0,0.0,0.0,0.0,0.0,True
2030,P0202,Jiangxi,retire,0.0,0.0,0.0,0.0,0.0,True
2030,P0202,Jiangxi,ccs,0.0,0.0,0.0,0.0,0.0,True
2030,P0202,Jiangxi,biomass,1.0,9151488.0,7.504220159999999,7.504220159999999,0.0,True
2030,P0202,Jiangxi,beccs,0.0,0.0,0.0,0.0,0.0,True
2030,P0202,Jiangxi,ammonia,0.0,0.0,0.0,0.0,0.0,True
2030,P0203,Inner Mongolia,unabated,1.0,6792524.999999999,5.5698704999999995,0.0,0.0,True
2030,P0203,Inner Mongolia,retire,0.0,0.0,0.0,0.0,0.0,True
2030,P0203,Inner Mongolia,ccs,0.0,0.0,0.0,0.0,0.0,True
2030,P0203,Inner Mongolia,biomass,0.0,0.0,0.0,0.0,0.0,True
2030,P0203,Inner Mongolia,beccs,0.0,0.0,0.0,0.0,0.0,True
2030,P0203,Inner Mongolia,ammonia,0.0,0.0,0.0,0.0,0.0,True
2030,P0204,Heilongjiang,unabated,1.0,2434950.0000000005,1.9966590000000002,0.0,0.0,True
2030,P0204,Heilongjiang,retire,0.0,0.0,0.0,0.0,0.0,True
2030,P0204,Heilongjiang,ccs,0.0,0.0,0.0,0.0,0.0,True
2030,P0204,Heilongjiang,biomass,0.0,0.0,0.0,0.0,0.0,True
2030,P0204,Heilongjiang,beccs,0.0,0.0,0.0,0.0,0.0,True
2030,P0204,Heilongjiang,ammonia,0.0,0.0,0.0,0.0,0.0,True
2030,P0205,Inner Mongolia,unabated,1.0,3018899.9999999995,2.4754979999999995,0.0,0.0,True
2030,P0205,Inner Mongolia,retire,0.0,0.0,0.0,0.0,0.0,True
2030,P0205,Inner Mongolia,ccs,0.0,0.0,0.0,0.0,0.0,True
2030,P0205,Inner Mongolia,biomass,0.0,0.0,0.0,0.0,0.0,True
2030,P0205,Inner Mongolia,beccs,0.0,0.0,0.0,0.0,0.0,True
2030,P0205,Inner Mongolia,ammonia,0.0,0.0,0.0,0.0,0.0,True
2030,P0206,Hubei,unabated,1.0,3937080.0,3.2284055999999994,0.0,0.0,True
2030,P0206,Hubei,retire,0.0,0.0,0.0,0.0,0.0,True
2030,P0206,Hubei,ccs,0.0,0.0,0.0,0.0,0.0,True
2030,P0206,Hubei,biomass,0.0,0.0,0.0,0.0,0.0,True
2030,P0206,Hubei,beccs,0.0,0.0,0.0,0.0,0.0,True
2030,P0206,Hubei,ammonia,0.0,0.0,0.0,0.0,0.0,True
2030,P0207,Xinjiang,unabated,1.0,47530800.0,38.975256,0.0,0.0,True
2030,P0207,Xinjiang,retire,0.0,0.0,0.0,0.0,0.0,True
2030,P0207,Xinjiang,ccs,0.0,0.0,0.0,0.0,0.0,True
2030,P0207,Xinjiang,biomass,0.0,0.0,0.0,0.0,0.0,True
2030,P0207,Xinjiang,beccs,0.0,0.0,0.0,0.0,0.0,True
2030,P0207,Xinjiang,ammonia,0.0,0.0,0.0,0.0,0.0,True
2030,P0208,Sichuan,unabated,1.0,1648811.9999999998,1.3520258399999996,0.0,0.0,True
2030,P0208,Sichuan,retire,0.0,0.0,0.0,0.0,0.0,True
2030,P0208,Sichuan,ccs,0.0,0.0,0.0,0.0,0.0,True
2030,P0208,Sichuan,biomass,0.0,0.0,0.0,0.0,0.0,True
2030,P0208,Sichuan,beccs,0.0,0.0,0.0,0.0,0.0,True
2030,P0208,Sichuan,ammonia,0.0,0.0,0.0,0.0,0.0,True
2030,P0209,Zhejiang,unabated,1.0,13284720.000000002,10.8934704,0.0,0.0,True
2030,P0209,Zhejiang,retire,0.0,0.0,0.0,0.0,0.0,True
2030,P0209,Zhejiang,ccs,0.0,0.0,0.0,0.0,0.0,True
2030,P0209,Zhejiang,biomass,0.0,0.0,0.0,0.0,0.0,True
2030,P0209,Zhejiang,beccs,0.0,0.0,0.0,0.0,0.0,True
2030,P0209,Zhejiang,ammonia,0.0,0.0,0.0,0.0,0.0,True
2030,P0210,Anhui,unabated,1.0,6708372.000000001,5.50086504,0.0,0.0,True
2030,P0210,Anhui,retire,0.0,0.0,0.0,0.0,0.0,True
2030,P0210,Anhui,ccs,0.0,0.0,0.0,0.0,0.0,True
2030,P0210,Anhui,biomass,0.0,0.0,0.0,0.0,0.0,True
2030,P0210,Anhui,beccs,0.0,0.0,0.0,0.0,0.0,True
2030,P0210,Anhui,ammonia,0.0,0.0,0.0,0.0,0.0,True
2030,P0211,Henan,unabated,1.0,4535496.0,3.7191067199999996,0.0,0.0,True
2030,P0211,Henan,retire,0.0,0.0,0.0,0.0,0.0,True
2030,P0211,Henan,ccs,0.0,0.0,0.0,0.0,0.0,True
2030,P0211,Henan,biomass,0.0,0.0,0.0,0.0,0.0,True
2030,P0211,Henan,beccs,0.0,0.0,0.0,0.0,0.0,True
2030,P0211,Henan,ammonia,0.0,0.0,0.0,0.0,0.0,True
2030,P0212,Gansu,unabated,1.0,11102440.0,9.1040008,0.0,0.0,True
2030,P0212,Gansu,retire,0.0,0.0,0.0,0.0,0.0,True
2030,P0212,Gansu,ccs,0.0,0.0,0.0,0.0,0.0,True
2030,P0212,Gansu,biomass,0.0,0.0,0.0,0.0,0.0,True
2030,P0212,Gansu,beccs,0.0,0.0,0.0,0.0,0.0,True
2030,P0212,Gansu,ammonia,0.0,0.0,0.0,0.0,0.0,True
2030,P0213,Hubei,unabated,1.0,13761032.0,11.28404624,0.0,0.0,True
2030,P0213,Hubei,retire,0.0,0.0,0.0,0.0,0.0,True
2030,P0213,Hubei,ccs,0.0,0.0,0.0,0.0,0.0,True
2030,P0213,Hubei,biomass,0.0,0.0,0.0,0.0,0.0,True
2030,P0213,Hubei,beccs,0.0,0.0,0.0,0.0,0.0,True
2030,P0213,Hubei,ammonia,0.0,0.0,0.0,0.0,0.0,True
2030,P0214,Xinjiang,unabated,1.0,5096358.0,4.17901356,0.0,0.0,True
2030,P0214,Xinjiang,retire,0.0,0.0,0.0,0.0,0.0,True
2030,P0214,Xinjiang,ccs,0.0,0.0,0.0,0.0,0.0,True
2030,P0214,Xinjiang,biomass,0.0,0.0,0.0,0.0,0.0,True
2030,P0214,Xinjiang,beccs,0.0,0.0,0.0,0.0,0.0,True
2030,P0214,Xinjiang,ammonia,0.0,0.0,0.0,0.0,0.0,True
2030,P0215,Hebei,unabated,1.0,5880732.000000001,4.82220024,0.0,0.0,True
2030,P0215,Hebei,retire,0.0,0.0,0.0,0.0,0.0,True
2030,P0215,Hebei,ccs,0.0,0.0,0.0,0.0,0.0,True
2030,P0215,Hebei,biomass,0.0,0.0,0.0,0.0,0.0,True
2030,P0215,Hebei,beccs,0.0,0.0,0.0,0.0,0.0,True
2030,P0215,Hebei,ammonia,0.0,0.0,0.0,0.0,0.0,True
2030,P0216,Heilongjiang,unabated,1.0,347850.0,0.285237,0.0,0.0,True
2030,P0216,Heilongjiang,retire,0.0,0.0,0.0,0.0,0.0,True
2030,P0216,Heilongjiang,ccs,0.0,0.0,0.0,0.0,0.0,True
2030,P0216,Heilongjiang,biomass,0.0,0.0,0.0,0.0,0.0,True
2030,P0216,Heilongjiang,beccs,0.0,0.0,0.0,0.0,0.0,True
2030,P0216,Heilongjiang,ammonia,0.0,0.0,0.0,0.0,0.0,True
2030,P0217,Hainan,unabated,1.0,1509270.0,1.2376014,0.0,0.0,True
2030,P0217,Hainan,retire,0.0,0.0,0.0,0.0,0.0,True
2030,P0217,Hainan,ccs,0.0,0.0,0.0,0.0,0.0,True
2030,P0217,Hainan,biomass,0.0,0.0,0.0,0.0,0.0,True
2030,P0217,Hainan,beccs,0.0,0.0,0.0,0.0,0.0,True
2030,P0217,Hainan,ammonia,0.0,0.0,0.0,0.0,0.0,True
2030,P0218,Hubei,unabated,1.0,7424207.999999999,6.087850559999999,0.0,0.0,True
2030,P0218,Hubei,retire,0.0,0.0,0.0,0.0,0.0,True
2030,P0218,Hubei,ccs,0.0,0.0,0.0,0.0,0.0,True
2030,P0218,Hubei,biomass,0.0,0.0,0.0,0.0,0.0,True
2030,P0218,Hubei,beccs,0.0,0.0,0.0,0.0,0.0,True
2030,P0218,Hubei,ammonia,0.0,0.0,0.0,0.0,0.0,True
2030,P0219,Jilin,unabated,1.0,2933334.0,2.4053338799999997,0.0,0.0,True
2030,P0219,Jilin,retire,0.0,0.0,0.0,0.0,0.0,True
2030,P0219,Jilin,ccs,0.0,0.0,0.0,0.0,0.0,True
2030,P0219,Jilin,biomass,0.0,0.0,0.0,0.0,0.0,True
2030,P0219,Jilin,beccs,0.0,0.0,0.0,0.0,0.0,True
2030,P0219,Jilin,ammonia,0.0,0.0,0.0,0.0,0.0,True
2030,P0220,Hebei,unabated,1.0,5880732.000000001,4.82220024,0.0,0.0,True
2030,P0220,Hebei,retire,0.0,0.0,0.0,0.0,0.0,True
2030,P0220,Hebei,ccs,0.0,0.0,0.0,0.0,0.0,True
2030,P0220,Hebei,biomass,0.0,0.0,0.0,0.0,0.0,True
2030,P0220,Hebei,beccs,0.0,0.0,0.0,0.0,0.0,True
2030,P0220,Hebei,ammonia,0.0,0.0,0.0,0.0,0.0,True
2030,P0221,Gansu,unabated,1.0,17303048.0,14.18849936,0.0,0.0,True
2030,P0221,Gansu,retire,0.0,0.0,0.0,0.0,0.0,True
2030,P0221,Gansu,ccs,0.0,0.0,0.0,0.0,0.0,True
2030,P0221,Gansu,biomass,0.0,0.0,0.0,0.0,0.0,True
2030,P0221,Gansu,beccs,0.0,0.0,0.0,0.0,0.0,True
2030,P0221,Gansu,ammonia,0.0,0.0,0.0,0.0,0.0,True
2030,P0222,Jiangxi,unabated,1.0,19065600.0,15.633791999999998,0.0,0.0,True
2030,P0222,Jiangxi,retire,0.0,0.0,0.0,0.0,0.0,True
2030,P0222,Jiangxi,ccs,0.0,0.0,0.0,0.0,0.0,True
2030,P0222,Jiangxi,biomass,0.0,0.0,0.0,0.0,0.0,True
2030,P0222,Jiangxi,beccs,0.0,0.0,0.0,0.0,0.0,True
2030,P0222,Jiangxi,ammonia,0.0,0.0,0.0,0.0,0.0,True
2030,P0223,Anhui,unabated,1.0,32652492.500000004,26.775043850000003,0.0,0.0,True
2030,P0223,Anhui,retire,0.0,0.0,0.0,0.0,0.0,True
2030,P0223,Anhui,ccs,0.0,0.0,0.0,0.0,0.0,True
2030,P0223,Anhui,biomass,0.0,0.0,0.0,0.0,0.0,True
2030,P0223,Anhui,beccs,0.0,0.0,0.0,0.0,0.0,True
2030,P0223,Anhui,ammonia,0.0,0.0,0.0,0.0,0.0,True
2030,P0224,Xinjiang,unabated,1.0,5809319.999999999,4.763642399999998,0.0,0.0,True
2030,P0224,Xinjiang,retire,0.0,0.0,0.0,0.0,0.0,True
2030,P0224,Xinjiang,ccs,0.0,0.0,0.0,0.0,0.0,True
2030,P0224,Xinjiang,biomass,0.0,0.0,0.0,0.0,0.0,True
2030,P0224,Xinjiang,beccs,0.0,0.0,0.0,0.0,0.0,True
2030,P0224,Xinjiang,ammonia,0.0,0.0,0.0,0.0,0.0,True
2030,P0225,Heilongjiang,unabated,1.0,4174200.0,3.422844,0.0,0.0,True
2030,P0225,Heilongjiang,retire,0.0,0.0,0.0,0.0,0.0,True
2030,P0225,Heilongjiang,ccs,0.0,0.0,0.0,0.0,0.0,True
2030,P0225,Heilongjiang,biomass,0.0,0.0,0.0,0.0,0.0,True
2030,P0225,Heilongjiang,beccs,0.0,0.0,0.0,0.0,0.0,True
2030,P0225,Heilongjiang,ammonia,0.0,0.0,0.0,0.0,0.0,True
2030,P0226,Anhui,unabated,1.0,13416744.000000002,11.00173008,0.0,0.0,True
2030,P0226,Anhui,retire,0.0,0.0,0.0,0.0,0.0,True
2030,P0226,Anhui,ccs,0.0,0.0,0.0,0.0,0.0,True
2030,P0226,Anhui,biomass,0.0,0.0,0.0,0.0,0.0,True
2030,P0226,Anhui,beccs,0.0,0.0,0.0,0.0,0.0,True
2030,P0226,Anhui,ammonia,0.0,0.0,0.0,0.0,0.0,True
2030,P0227,Shanxi,unabated,1.0,17129150.0,14.045903,0.0,0.0,True
2030,P0227,Shanxi,retire,0.0,0.0,0.0,0.0,0.0,True
2030,P0227,Shanxi,ccs,0.0,0.0,0.0,0.0,0.0,True
2030,P0227,Shanxi,biomass,0.0,0.0,0.0,0.0,0.0,True
2030,P0227,Shanxi,beccs,0.0,0.0,0.0,0.0,0.0,True
2030,P0227,Shanxi,ammonia,0.0,0.0,0.0,0.0,0.0,True
2030,P0228,Liaoning,unabated,1.0,3720839.9999999995,3.051088799999999,0.0,0.0,True
2030,P0228,Liaoning,retire,0.0,0.0,0.0,0.0,0.0,True
2030,P0228,Liaoning,ccs,0.0,0.0,0.0,0.0,0.0,True
2030,P0228,Liaoning,biomass,0.0,0.0,0.0,0.0,0.0,True
2030,P0228,Liaoning,beccs,0.0,0.0,0.0,0.0,0.0,True
2030,P0228,Liaoning,ammonia,0.0,0.0,0.0,0.0,0.0,True
2030,P0229,Henan,unabated,1.0,13426508.0,11.009736559999999,0.0,0.0,True
2030,P0229,Henan,retire,0.0,0.0,0.0,0.0,0.0,True
2030,P0229,Henan,ccs,0.0,0.0,0.0,0.0,0.0,True
2030,P0229,Henan,biomass,0.0,0.0,0.0,0.0,0.0,True
2030,P0229,Henan,beccs,0.0,0.0,0.0,0.0,0.0,True
2030,P0229,Henan,ammonia,0.0,0.0,0.0,0.0,0.0,True
2030,P0230,Inner Mongolia,unabated,1.0,6641580.0,5.4460956,0.0,0.0,True
2030,P0230,Inner Mongolia,retire,0.0,0.0,0.0,0.0,0.0,True
2030,P0230,Inner Mongolia,ccs,0.0,0.0,0.0,0.0,0.0,True
2030,P0230,Inner Mongolia,biomass,0.0,0.0,0.0,0.0,0.0,True
2030,P0230,Inner Mongolia,beccs,0.0,0.0,0.0,0.0,0.0,True
2030,P0230,Inner Mongolia,ammonia,0.0,0.0,0.0,0.0,0.0,True
2030,P0231,Fujian,unabated,1.0,6151440.0,5.0441807999999995,0.0,0.0,True
2030,P0231,Fujian,retire,0.0,0.0,0.0,0.0,0.0,True
2030,P0231,Fujian,ccs,0.0,0.0,0.0,0.0,0.0,True
2030,P0231,Fujian,biomass,0.0,0.0,0.0,0.0,0.0,True
2030,P0231,Fujian,beccs,0.0,0.0,0.0,0.0,0.0,True
2030,P0231,Fujian,ammonia,0.0,0.0,0.0,0.0,0.0,True
2030,P0232,Inner Mongolia,unabated,1.0,6037799.999999999,4.950995999999999,0.0,0.0,True
2030,P0232,Inner Mongolia,retire,0.0,0.0,0.0,0.0,0.0,True
2030,P0232,Inner Mongolia,ccs,0.0,0.0,0.0,0.0,0.0,True
2030,P0232,Inner Mongolia,biomass,0.0,0.0,0.0,0.0,0.0,True
2030,P0232,Inner Mongolia,beccs,0.0,0.0,0.0,0.0,0.0,True
2030,P0232,Inner Mongolia,ammonia,0.0,0.0,0.0,0.0,0.0,True
2030,P0233,Xinjiang,unabated,1.0,3168719.9999999995,2.5983503999999993,0.0,0.0,True
2030,P0233,Xinjiang,retire,0.0,0.0,0.0,0.0,0.0,True
2030,P0233,Xinjiang,ccs,0.0,0.0,0.0,0.0,0.0,True
2030,P0233,Xinjiang,biomass,0.0,0.0,0.0,0.0,0.0,True
2030,P0233,Xinjiang,beccs,0.0,0.0,0.0,0.0,0.0,True
2030,P0233,Xinjiang,ammonia,0.0,0.0,0.0,0.0,0.0,True
2030,P0234,Hunan,unabated,0.0,0.0,0.0,0.0,0.0,True
2030,P0234,Hunan,retire,0.0,0.0,0.0,0.0,0.0,True
2030,P0234,Hunan,ccs,0.0,0.0,0.0,0.0,0.0,True
2030,P0234,Hunan,biomass,1.0,234414.0,0.19221947999999997,0.19221947999999997,0.0,True
2030,P0234,Hunan,beccs,0.0,0.0,0.0,0.0,0.0,True
2030,P0234,Hunan,ammonia,0.0,0.0,0.0,0.0,0.0,True
2030,P0235,Inner Mongolia,unabated,1.0,13283160.0,10.8921912,0.0,0.0,True
2030,P0235,Inner Mongolia,retire,0.0,0.0,0.0,0.0,0.0,True
2030,P0235,Inner Mongolia,ccs,0.0,0.0,0.0,0.0,0.0,True
2030,P0235,Inner Mongolia,biomass,0.0,0.0,0.0,0.0,0.0,True
2030,P0235,Inner Mongolia,beccs,0.0,0.0,0.0,0.0,0.0,True
2030,P0235,Inner Mongolia,ammonia,0.0,0.0,0.0,0.0,0.0,True
2030,P0236,Henan,unabated,1.0,19185868.0,15.73241176,0.0,0.0,True
2030,P0236,Henan,retire,0.0,0.0,0.0,0.0,0.0,True
2030,P0236,Henan,ccs,0.0,0.0,0.0,0.0,0.0,True
2030,P0236,Henan,biomass,0.0,0.0,0.0,0.0,0.0,True
2030,P0236,Henan,beccs,0.0,0.0,0.0,0.0,0.0,True
2030,P0236,Henan,ammonia,0.0,0.0,0.0,0.0,0.0,True
2030,P0237,Jiangxi,unabated,1.0,12869280.0,10.5528096,0.0,0.0,True
2030,P0237,Jiangxi,retire,0.0,0.0,0.0,0.0,0.0,True
2030,P0237,Jiangxi,ccs,0.0,0.0,0.0,0.0,0.0,True
2030,P0237,Jiangxi,biomass,0.0,0.0,0.0,0.0,0.0,True
2030,P0237,Jiangxi,beccs,0.0,0.0,0.0,0.0,0.0,True
2030,P0237,Jiangxi,ammonia,0.0,0.0,0.0,0.0,0.0,True
2030,P0238,Sichuan,unabated,1.0,9992799.999999998,8.194095999999998,0.0,0.0,True
2030,P0238,Sichuan,retire,0.0,0.0,0.0,0.0,0.0,True
2030,P0238,Sichuan,ccs,0.0,0.0,0.0,0.0,0.0,True
2030,P0238,Sichuan,biomass,0.0,0.0,0.0,0.0,0.0,True
2030,P0238,Sichuan,beccs,0.0,0.0,0.0,0.0,0.0,True
2030,P0238,Sichuan,ammonia,0.0,0.0,0.0,0.0,0.0,True
2030,P0239,Guizhou,unabated,1.0,17659212.0,14.48055384,0.0,0.0,True
2030,P0239,Guizhou,retire,0.0,0.0,0.0,0.0,0.0,True
2030,P0239,Guizhou,ccs,0.0,0.0,0.0,0.0,0.0,True
2030,P0239,Guizhou,biomass,0.0,0.0,0.0,0.0,0.0,True
2030,P0239,Guizhou,beccs,0.0,0.0,0.0,0.0,0.0,True
2030,P0239,Guizhou,ammonia,0.0,0.0,0.0,0.0,0.0,True
2030,P0240,Guangdong,unabated,1.0,9663400.0,7.923987999999999,0.0,0.0,True
2030,P0240,Guangdong,retire,0.0,0.0,0.0,0.0,0.0,True
2030,P0240,Guangdong,ccs,0.0,0.0,0.0,0.0,0.0,True
2030,P0240,Guangdong,biomass,0.0,0.0,0.0,0.0,0.0,True
2030,P0240,Guangdong,beccs,0.0,0.0,0.0,0.0,0.0,True
2030,P0240,Guangdong,ammonia,0.0,0.0,0.0,0.0,0.0,True
2030,P0241,Guangxi,unabated,0.0,0.0,0.0,0.0,0.0,True
2030,P0241,Guangxi,retire,0.0,0.0,0.0,0.0,0.0,True
2030,P0241,Guangxi,ccs,0.0,0.0,0.0,0.0,0.0,True
2030,P0241,Guangxi,biomass,1.0,3350620.0,2.7475084,2.7475084,0.0,True
2030,P0241,Guangxi,beccs,0.0,0.0,0.0,0.0,0.0,True
2030,P0241,Guangxi,ammonia,0.0,0.0,0.0,0.0,0.0,True
2030,P0242,Xinjiang,unabated,1.0,27884735.999999996,22.865483519999994,0.0,0.0,True
2030,P0242,Xinjiang,retire,0.0,0.0,0.0,0.0,0.0,True
2030,P0242,Xinjiang,ccs,0.0,0.0,0.0,0.0,0.0,True
2030,P0242,Xinjiang,biomass,0.0,0.0,0.0,0.0,0.0,True
2030,P0242,Xinjiang,beccs,0.0,0.0,0.0,0.0,0.0,True
2030,P0242,Xinjiang,ammonia,0.0,0.0,0.0,0.0,0.0,True
2030,P0243,Anhui,unabated,1.0,124308166.00000001,101.93269612,0.0,0.0,True
2030,P0243,Anhui,retire,0.0,0.0,0.0,0.0,0.0,True
2030,P0243,Anhui,ccs,0.0,0.0,0.0,0.0,0.0,True
2030,P0243,Anhui,biomass,0.0,0.0,0.0,0.0,0.0,True
2030,P0243,Anhui,beccs,0.0,0.0,0.0,0.0,0.0,True
2030,P0243,Anhui,ammonia,0.0,0.0,0.0,0.0,0.0,True
2030,P0244,Gansu,unabated,1.0,15124456.000000002,12.40205392,0.0,0.0,True
2030,P0244,Gansu,retire,0.0,0.0,0.0,0.0,0.0,True
2030,P0244,Gansu,ccs,0.0,0.0,0.0,0.0,0.0,True
2030,P0244,Gansu,biomass,0.0,0.0,0.0,0.0,0.0,True
2030,P0244,Gansu,beccs,0.0,0.0,0.0,0.0,0.0,True
2030,P0244,Gansu,ammonia,0.0,0.0,0.0,0.0,0.0,True
2030,P0245,Hubei,unabated,1.0,7247976.799999999,5.943340975999999,0.0,0.0,True
2030,P0245,Hubei,retire,0.0,0.0,0.0,0.0,0.0,True
2030,P0245,Hubei,ccs,0.0,0.0,0.0,0.0,0.0,True
2030,P0245,Hubei,biomass,0.0,0.0,0.0,0.0,0.0,True
2030,P0245,Hubei,beccs,0.0,0.0,0.0,0.0,0.0,True
2030,P0245,Hubei,ammonia,0.0,0.0,0.0,0.0,0.0,True
2030,P0246,Inner Mongolia,unabated,1.0,41107355.0,33.7080311,0.0,0.0,True
2030,P0246,Inner Mongolia,retire,0.0,0.0,0.0,0.0,0.0,True
2030,P0246,Inner Mongolia,ccs,0.0,0.0,0.0,0.0,0.0,True
2030,P0246,Inner Mongolia,biomass,0.0,0.0,0.0,0.0,0.0,True
2030,P0246,Inner Mongolia,beccs,0.0,0.0,0.0,0.0,0.0,True
2030,P0246,Inner Mongolia,ammonia,0.0,0.0,0.0,0.0,0.0,True
2030,P0247,Shandong,unabated,1.0,8983866.0,7.366770119999999,0.0,0.0,True
2030,P0247,Shandong,retire,0.0,0.0,0.0,0.0,0.0,True
2030,P0247,Shandong,ccs,0.0,0.0,0.0,0.0,0.0,True
2030,P0247,Shandong,biomass,0.0,0.0,0.0,0.0,0.0,True
2030,P0247,Shandong,beccs,0.0,0.0,0.0,0.0,0.0,True
2030,P0247,Shandong,ammonia,0.0,0.0,0.0,0.0,0.0,True
2030,P0248,Henan,unabated,1.0,30200644.0,24.764528079999998,0.0,0.0,True
2030,P0248,Henan,retire,0.0,0.0,0.0,0.0,0.0,True
2030,P0248,Henan,ccs,0.0,0.0,0.0,0.0,0.0,True
2030,P0248,Henan,biomass,0.0,0.0,0.0,0.0,0.0,True
2030,P0248,Henan,beccs,0.0,0.0,0.0,0.0,0.0,True
2030,P0248,Henan,ammonia,0.0,0.0,0.0,0.0,0.0,True
2030,P0249,Gansu,unabated,1.0,2513760.0000000005,2.0612832,0.0,0.0,True
2030,P0249,Gansu,retire,0.0,0.0,0.0,0.0,0.0,True
2030,P0249,Gansu,ccs,0.0,0.0,0.0,0.0,0.0,True
2030,P0249,Gansu,biomass,0.0,0.0,0.0,0.0,0.0,True
2030,P0249,Gansu,beccs,0.0,0.0,0.0,0.0,0.0,True
2030,P0249,Gansu,ammonia,0.0,0.0,0.0,0.0,0.0,True
2030,P0250,Gansu,unabated,1.0,2513760.0000000005,2.0612832,0.0,0.0,True
2030,P0250,Gansu,retire,0.0,0.0,0.0,0.0,0.0,True
2030,P0250,Gansu,ccs,0.0,0.0,0.0,0.0,0.0,True
2030,P0250,Gansu,biomass,0.0,0.0,0.0,0.0,0.0,True
2030,P0250,Gansu,beccs,0.0,0.0,0.0,0.0,0.0,True
2030,P0250,Gansu,ammonia,0.0,0.0,0.0,0.0,0.0,True
2030,P0251,Hebei,unabated,1.0,6058936.000000001,4.968327520000001,0.0,0.0,True
2030,P0251,Hebei,retire,0.0,0.0,0.0,0.0,0.0,True
2030,P0251,Hebei,ccs,0.0,0.0,0.0,0.0,0.0,True
2030,P0251,Hebei,biomass,0.0,0.0,0.0,0.0,0.0,True
2030,P0251,Hebei,beccs,0.0,0.0,0.0,0.0,0.0,True
2030,P0251,Hebei,ammonia,0.0,0.0,0.0,0.0,0.0,True
2030,P0252,Guangxi,unabated,1.0,10003994.0,8.20327508,0.0,0.0,True
2030,P0252,Guangxi,retire,0.0,0.0,0.0,0.0,0.0,True
2030,P0252,Guangxi,ccs,0.0,0.0,0.0,0.0,0.0,True
2030,P0252,Guangxi,biomass,0.0,0.0,0.0,0.0,0.0,True
2030,P0252,Guangxi,beccs,0.0,0.0,0.0,0.0,0.0,True
2030,P0252,Guangxi,ammonia,0.0,0.0,0.0,0.0,0.0,True
2030,P0253,Guangxi,unabated,0.0,0.0,0.0,0.0,0.0,True
2030,P0253,Guangxi,retire,0.0,0.0,0.0,0.0,0.0,True
2030,P0253,Guangxi,ccs,0.0,0.0,0.0,0.0,0.0,True
2030,P0253,Guangxi,biomass,1.0,5456724.0,4.474513679999999,4.474513679999999,0.0,True
2030,P0253,Guangxi,beccs,0.0,0.0,0.0,0.0,0.0,True
2030,P0253,Guangxi,ammonia,0.0,0.0,0.0,0.0,0.0,True
2030,P0254,Jiangxi,unabated,0.0,0.0,0.0,0.0,0.0,True
2030,P0254,Jiangxi,retire,0.0,0.0,0.0,0.0,0.0,True
2030,P0254,Jiangxi,ccs,0.0,0.0,0.0,0.0,0.0,True
2030,P0254,Jiangxi,biomass,1.0,6291647.999999999,5.159151359999998,5.159151359999998,0.0,True
2030,P0254,Jiangxi,beccs,0.0,0.0,0.0,0.0,0.0,True
2030,P0254,Jiangxi,ammonia,0.0,0.0,0.0,0.0,0.0,True
2030,P0255,Anhui,unabated,1.0,25003932.0,20.503224239999998,0.0,0.0,True
2030,P0255,Anhui,retire,0.0,0.0,0.0,0.0,0.0,True
2030,P0255,Anhui,ccs,0.0,0.0,0.0,0.0,0.0,True
2030,P0255,Anhui,biomass,0.0,0.0,0.0,0.0,0.0,True
2030,P0255,Anhui,beccs,0.0,0.0,0.0,0.0,0.0,True
2030,P0255,Anhui,ammonia,0.0,0.0,0.0,0.0,0.0,True
2030,P0256,Heilongjiang,unabated,1.0,194796.0,0.15973272,0.0,0.0,True
2030,P0256,Heilongjiang,retire,0.0,0.0,0.0,0.0,0.0,True
2030,P0256,Heilongjiang,ccs,0.0,0.0,0.0,0.0,0.0,True
2030,P0256,Heilongjiang,biomass,0.0,0.0,0.0,0.0,0.0,True
2030,P0256,Heilongjiang,beccs,0.0,0.0,0.0,0.0,0.0,True
2030,P0256,Heilongjiang,ammonia,0.0,0.0,0.0,0.0,0.0,True
2030,P0257,Inner Mongolia,unabated,1.0,362267.99999999994,0.29705975999999995,0.0,0.0,True
2030,P0257,Inner Mongolia,retire,0.0,0.0,0.0,0.0,0.0,True
2030,P0257,Inner Mongolia,ccs,0.0,0.0,0.0,0.0,0.0,True
2030,P0257,Inner Mongolia,biomass,0.0,0.0,0.0,0.0,0.0,True
2030,P0257,Inner Mongolia,beccs,0.0,0.0,0.0,0.0,0.0,True
2030,P0257,Inner Mongolia,ammonia,0.0,0.0,0.0,0.0,0.0,True
2030,P0258,Xinjiang,unabated,1.0,3696839.9999999995,3.0314087999999995,0.0,0.0,True
2030,P0258,Xinjiang,retire,0.0,0.0,0.0,0.0,0.0,True
2030,P0258,Xinjiang,ccs,0.0,0.0,0.0,0.0,0.0,True
2030,P0258,Xinjiang,biomass,0.0,0.0,0.0,0.0,0.0,True
2030,P0258,Xinjiang,beccs,0.0,0.0,0.0,0.0,0.0,True
2030,P0258,Xinjiang,ammonia,0.0,0.0,0.0,0.0,0.0,True
2030,P0259,Guizhou,unabated,1.0,20792298.0,17.04968436,0.0,0.0,True
2030,P0259,Guizhou,retire,0.0,0.0,0.0,0.0,0.0,True
2030,P0259,Guizhou,ccs,0.0,0.0,0.0,0.0,0.0,True
2030,P0259,Guizhou,biomass,0.0,0.0,0.0,0.0,0.0,True
2030,P0259,Guizhou,beccs,0.0,0.0,0.0,0.0,0.0,True
2030,P0259,Guizhou,ammonia,0.0,0.0,0.0,0.0,0.0,True
2030,P0260,Ningxia,unabated,1.0,13222594.0,10.84252708,0.0,0.0,True
2030,P0260,Ningxia,retire,0.0,0.0,0.0,0.0,0.0,True
2030,P0260,Ningxia,ccs,0.0,0.0,0.0,0.0,0.0,True
2030,P0260,Ningxia,biomass,0.0,0.0,0.0,0.0,0.0,True
2030,P0260,Ningxia,beccs,0.0,0.0,0.0,0.0,0.0,True
2030,P0260,Ningxia,ammonia,0.0,0.0,0.0,0.0,0.0,True
2030,P0261,Xinjiang,unabated,1.0,3696839.9999999995,3.0314087999999995,0.0,0.0,True
2030,P0261,Xinjiang,retire,0.0,0.0,0.0,0.0,0.0,True
2030,P0261,Xinjiang,ccs,0.0,0.0,0.0,0.0,0.0,True
2030,P0261,Xinjiang,biomass,0.0,0.0,0.0,0.0,0.0,True
2030,P0261,Xinjiang,beccs,0.0,0.0,0.0,0.0,0.0,True
2030,P0261,Xinjiang,ammonia,0.0,0.0,0.0,0.0,0.0,True
2030,P0262,Guizhou,unabated,1.0,5696520.0,4.6711464,0.0,0.0,True
2030,P0262,Guizhou,retire,0.0,0.0,0.0,0.0,0.0,True
2030,P0262,Guizhou,ccs,0.0,0.0,0.0,0.0,0.0,True
2030,P0262,Guizhou,biomass,0.0,0.0,0.0,0.0,0.0,True
2030,P0262,Guizhou,beccs,0.0,0.0,0.0,0.0,0.0,True
2030,P0262,Guizhou,ammonia,0.0,0.0,0.0,0.0,0.0,True
2030,P0263,Shaanxi,unabated,1.0,3176600.0,2.604812,0.0,0.0,True
2030,P0263,Shaanxi,retire,0.0,0.0,0.0,0.0,0.0,True
2030,P0263,Shaanxi,ccs,0.0,0.0,0.0,0.0,0.0,True
2030,P0263,Shaanxi,biomass,0.0,0.0,0.0,0.0,0.0,True
2030,P0263,Shaanxi,beccs,0.0,0.0,0.0,0.0,0.0,True
2030,P0263,Shaanxi,ammonia,0.0,0.0,0.0,0.0,0.0,True
2030,P0264,Sichuan,unabated,1.0,5995679.999999999,4.916457599999998,0.0,0.0,True
2030,P0264,Sichuan,retire,0.0,0.0,0.0,0.0,0.0,True
2030,P0264,Sichuan,ccs,0.0,0.0,0.0,0.0,0.0,True
2030,P0264,Sichuan,biomass,0.0,0.0,0.0,0.0,0.0,True
2030,P0264,Sichuan,beccs,0.0,0.0,0.0,0.0,0.0,True
2030,P0264,Sichuan,ammonia,0.0,0.0,0.0,0.0,0.0,True
2030,P0265,Gansu,unabated,1.0,2932720.0,2.4048304,0.0,0.0,True
2030,P0265,Gansu,retire,0.0,0.0,0.0,0.0,0.0,True
2030,P0265,Gansu,ccs,0.0,0.0,0.0,0.0,0.0,True
2030,P0265,Gansu,biomass,0.0,0.0,0.0,0.0,0.0,True
2030,P0265,Gansu,beccs,0.0,0.0,0.0,0.0,0.0,True
2030,P0265,Gansu,ammonia,0.0,0.0,0.0,0.0,0.0,True
2030,P0266,Heilongjiang,unabated,1.0,939195.0000000001,0.7701399,0.0,0.0,True
2030,P0266,Heilongjiang,retire,0.0,0.0,0.0,0.0,0.0,True
2030,P0266,Heilongjiang,ccs,0.0,0.0,0.0,0.0,0.0,True
2030,P0266,Heilongjiang,biomass,0.0,0.0,0.0,0.0,0.0,True
2030,P0266,Heilongjiang,beccs,0.0,0.0,0.0,0.0,0.0,True
2030,P0266,Heilongjiang,ammonia,0.0,0.0,0.0,0.0,0.0,True
2030,P0267,Hubei,unabated,1.0,17473136.0,14.32797152,0.0,0.0,True
2030,P0267,Hubei,retire,0.0,0.0,0.0,0.0,0.0,True
2030,P0267,Hubei,ccs,0.0,0.0,0.0,0.0,0.0,True
2030,P0267,Hubei,biomass,0.0,0.0,0.0,0.0,0.0,True
2030,P0267,Hubei,beccs,0.0,0.0,0.0,0.0,0.0,True
2030,P0267,Hubei,ammonia,0.0,0.0,0.0,0.0,0.0,True
2030,P0268,Inner Mongolia,unabated,1.0,452835.0,0.37132469999999995,0.0,0.0,True
2030,P0268,Inner Mongolia,retire,0.0,0.0,0.0,0.0,0.0,True
2030,P0268,Inner Mongolia,ccs,0.0,0.0,0.0,0.0,0.0,True
2030,P0268,Inner Mongolia,biomass,0.0,0.0,0.0,0.0,0.0,True
2030,P0268,Inner Mongolia,beccs,0.0,0.0,0.0,0.0,0.0,True
2030,P0268,Inner Mongolia,ammonia,0.0,0.0,0.0,0.0,0.0,True
2030,P0269,Guangdong,unabated,1.0,77191239.2,63.296816144000005,0.0,0.0,True
2030,P0269,Guangdong,retire,0.0,0.0,0.0,0.0,0.0,True
2030,P0269,Guangdong,ccs,0.0,0.0,0.0,0.0,0.0,True
2030,P0269,Guangdong,biomass,0.0,0.0,0.0,0.0,0.0,True
2030,P0269,Guangdong,beccs,0.0,0.0,0.0,0.0,0.0,True
2030,P0269,Guangdong,ammonia,0.0,0.0,0.0,0.0,0.0,True
2030,P0270,Xinjiang,unabated,1.0,3168719.9999999995,2.5983503999999993,0.0,0.0,True
2030,P0270,Xinjiang,retire,0.0,0.0,0.0,0.0,0.0,True
2030,P0270,Xinjiang,ccs,0.0,0.0,0.0,0.0,0.0,True
2030,P0270,Xinjiang,biomass,0.0,0.0,0.0,0.0,0.0,True
2030,P0270,Xinjiang,beccs,0.0,0.0,0.0,0.0,0.0,True
2030,P0270,Xinjiang,ammonia,0.0,0.0,0.0,0.0,0.0,True
2030,P0271,Guangdong,unabated,1.0,2899020.0,2.3771964,0.0,0.0,True
2030,P0271,Guangdong,retire,0.0,0.0,0.0,0.0,0.0,True
2030,P0271,Guangdong,ccs,0.0,0.0,0.0,0.0,0.0,True
2030,P0271,Guangdong,biomass,0.0,0.0,0.0,0.0,0.0,True
2030,P0271,Guangdong,beccs,0.0,0.0,0.0,0.0,0.0,True
2030,P0271,Guangdong,ammonia,0.0,0.0,0.0,0.0,0.0,True
2030,P0272,Qinghai,unabated,1.0,5408039.999999999,4.434592799999999,0.0,0.0,True
2030,P0272,Qinghai,retire,0.0,0.0,0.0,0.0,0.0,True
2030,P0272,Qinghai,ccs,0.0,0.0,0.0,0.0,0.0,True
2030,P0272,Qinghai,biomass,0.0,0.0,0.0,0.0,0.0,True
2030,P0272,Qinghai,beccs,0.0,0.0,0.0,0.0,0.0,True
2030,P0272,Qinghai,ammonia,0.0,0.0,0.0,0.0,0.0,True
2030,P0273,Fujian,unabated,1.0,3075720.0,2.5220903999999997,0.0,0.0,True
2030,P0273,Fujian,retire,0.0,0.0,0.0,0.0,0.0,True
2030,P0273,Fujian,ccs,0.0,0.0,0.0,0.0,0.0,True
2030,P0273,Fujian,biomass,0.0,0.0,0.0,0.0,0.0,True
2030,P0273,Fujian,beccs,0.0,0.0,0.0,0.0,0.0,True
2030,P0273,Fujian,ammonia,0.0,0.0,0.0,0.0,0.0,True
2030,P0274,Hebei,unabated,1.0,6237140.0,5.1144548,0.0,0.0,True
2030,P0274,Hebei,retire,0.0,0.0,0.0,0.0,0.0,True
2030,P0274,Hebei,ccs,0.0,0.0,0.0,0.0,0.0,True
2030,P0274,Hebei,biomass,0.0,0.0,0.0,0.0,0.0,True
2030,P0274,Hebei,beccs,0.0,0.0,0.0,0.0,0.0,True
2030,P0274,Hebei,ammonia,0.0,0.0,0.0,0.0,0.0,True
2030,P0275,Gansu,unabated,1.0,15166352.000000002,12.43640864,0.0,0.0,True
2030,P0275,Gansu,retire,0.0,0.0,0.0,0.0,0.0,True
2030,P0275,Gansu,ccs,0.0,0.0,0.0,0.0,0.0,True
2030,P0275,Gansu,biomass,0.0,0.0,0.0,0.0,0.0,True
2030,P0275,Gansu,beccs,0.0,0.0,0.0,0.0,0.0,True
2030,P0275,Gansu,ammonia,0.0,0.0,0.0,0.0,0.0,True
2030,P0276,Xinjiang,unabated,1.0,3168719.9999999995,2.5983503999999993,0.0,0.0,True
2030,P0276,Xinjiang,retire,0.0,0.0,0.0,0.0,0.0,True
2030,P0276,Xinjiang,ccs,0.0,0.0,0.0,0.0,0.0,True
2030,P0276,Xinjiang,biomass,0.0,0.0,0.0,0.0,0.0,True
2030,P0276,Xinjiang,beccs,0.0,0.0,0.0,0.0,0.0,True
2030,P0276,Xinjiang,ammonia,0.0,0.0,0.0,0.0,0.0,True
2030,P0277,Guangxi,unabated,0.0,0.0,0.0,0.0,0.0,True
2030,P0277,Guangxi,retire,0.0,0.0,0.0,0.0,0.0,True
2030,P0277,Guangxi,ccs,0.0,0.0,0.0,0.0,0.0,True
2030,P0277,Guangxi,biomass,1.0,3350620.0,2.7475084,2.7475084,0.0,True
2030,P0277,Guangxi,beccs,0.0,0.0,0.0,0.0,0.0,True
2030,P0277,Guangxi,ammonia,0.0,0.0,0.0,0.0,0.0,True
2030,P0278,Inner Mongolia,unabated,1.0,8151030.0,6.6838446,0.0,0.0,True
2030,P0278,Inner Mongolia,retire,0.0,0.0,0.0,0.0,0.0,True
2030,P0278,Inner Mongolia,ccs,0.0,0.0,0.0,0.0,0.0,True
2030,P0278,Inner Mongolia,biomass,0.0,0.0,0.0,0.0,0.0,True
2030,P0278,Inner Mongolia,beccs,0.0,0.0,0.0,0.0,0.0,True
2030,P0278,Inner Mongolia,ammonia,0.0,0.0,0.0,0.0,0.0,True
2030,P0279,Guangxi,unabated,0.0,0.0,0.0,0.0,0.0,True
2030,P0279,Guangxi,retire,0.0,0.0,0.0,0.0,0.0,True
2030,P0279,Guangxi,ccs,0.0,0.0,0.0,0.0,0.0,True
2030,P0279,Guangxi,biomass,1.0,5743920.0,4.7100143999999995,4.7100143999999995,0.0,True
2030,P0279,Guangxi,beccs,0.0,0.0,0.0,0.0,0.0,True
2030,P0279,Guangxi,ammonia,0.0,0.0,0.0,0.0,0.0,True
2030,P0280,Anhui,unabated,1.0,6708372.000000001,5.50086504,0.0,0.0,True
2030,P0280,Anhui,retire,0.0,0.0,0.0,0.0,0.0,True
2030,P0280,Anhui,ccs,0.0,0.0,0.0,0.0,0.0,True
2030,P0280,Anhui,biomass,0.0,0.0,0.0,0.0,0.0,True
2030,P0280,Anhui,beccs,0.0,0.0,0.0,0.0,0.0,True
2030,P0280,Anhui,ammonia,0.0,0.0,0.0,0.0,0.0,True
2030,P0281,Xinjiang,unabated,1.0,10668023.999999998,8.747779679999997,0.0,0.0,True
2030,P0281,Xinjiang,retire,0.0,0.0,0.0,0.0,0.0,True
2030,P0281,Xinjiang,ccs,0.0,0.0,0.0,0.0,0.0,True
2030,P0281,Xinjiang,biomass,0.0,0.0,0.0,0.0,0.0,True
2030,P0281,Xinjiang,beccs,0.0,0.0,0.0,0.0,0.0,True
2030,P0281,Xinjiang,ammonia,0.0,0.0,0.0,0.0,0.0,True
2030,P0282,Shandong,unabated,1.0,3532491.0000000005,2.89664262,0.0,0.0,True
2030,P0282,Shandong,retire,0.0,0.0,0.0,0.0,0.0,True
2030,P0282,Shandong,ccs,0.0,0.0,0.0,0.0,0.0,True
2030,P0282,Shandong,biomass,0.0,0.0,0.0,0.0,0.0,True
2030,P0282,Shandong,beccs,0.0,0.0,0.0,0.0,0.0,True
2030,P0282,Shandong,ammonia,0.0,0.0,0.0,0.0,0.0,True
2030,P0283,Hubei,unabated,1.0,4949472.0,4.05856704,0.0,0.0,True
2030,P0283,Hubei,retire,0.0,0.0,0.0,0.0,0.0,True
2030,P0283,Hubei,ccs,0.0,0.0,0.0,0.0,0.0,True
2030,P0283,Hubei,biomass,0.0,0.0,0.0,0.0,0.0,True
2030,P0283,Hubei,beccs,0.0,0.0,0.0,0.0,0.0,True
2030,P0283,Hubei,ammonia,0.0,0.0,0.0,0.0,0.0,True
2030,P0284,Shandong,unabated,1.0,38377680.00000001,31.469697600000003,0.0,0.0,True
2030,P0284,Shandong,retire,0.0,0.0,0.0,0.0,0.0,True
2030,P0284,Shandong,ccs,0.0,0.0,0.0,0.0,0.0,True
2030,P0284,Shandong,biomass,0.0,0.0,0.0,0.0,0.0,True
2030,P0284,Shandong,beccs,0.0,0.0,0.0,0.0,0.0,True
2030,P0284,Shandong,ammonia,0.0,0.0,0.0,0.0,0.0,True
2030,P0285,Yunnan,unabated,1.0,5378639.999999999,4.410484799999999,0.0,0.0,True
2030,P0285,Yunnan,retire,0.0,0.0,0.0,0.0,0.0,True
2030,P0285,Yunnan,ccs,0.0,0.0,0.0,0.0,0.0,True
2030,P0285,Yunnan,biomass,0.0,0.0,0.0,0.0,0.0,True
2030,P0285,Yunnan,beccs,0.0,0.0,0.0,0.0,0.0,True
2030,P0285,Yunnan,ammonia,0.0,0.0,0.0,0.0,0.0,True
2030,P0286,Jiangxi,unabated,0.0,0.0,0.0,0.0,0.0,True
2030,P0286,Jiangxi,retire,0.0,0.0,0.0,0.0,0.0,True
2030,P0286,Jiangxi,ccs,0.0,0.0,0.0,0.0,0.0,True
2030,P0286,Jiangxi,biomass,1.0,7149600.0,5.862672,5.862672,0.0,True
2030,P0286,Jiangxi,beccs,0.0,0.0,0.0,0.0,0.0,True
2030,P0286,Jiangxi,ammonia,0.0,0.0,0.0,0.0,0.0,True
2030,P0287,Gansu,unabated,1.0,5530272.0,4.53482304,0.0,0.0,True
2030,P0287,Gansu,retire,0.0,0.0,0.0,0.0,0.0,True
2030,P0287,Gansu,ccs,0.0,0.0,0.0,0.0,0.0,True
2030,P0287,Gansu,biomass,0.0,0.0,0.0,0.0,0.0,True
2030,P0287,Gansu,beccs,0.0,0.0,0.0,0.0,0.0,True
2030,P0287,Gansu,ammonia,0.0,0.0,0.0,0.0,0.0,True
2030,P0288,Inner Mongolia,unabated,1.0,6641580.0,5.4460956,0.0,0.0,True
2030,P0288,Inner Mongolia,retire,0.0,0.0,0.0,0.0,0.0,True
2030,P0288,Inner Mongolia,ccs,0.0,0.0,0.0,0.0,0.0,True
2030,P0288,Inner Mongolia,biomass,0.0,0.0,0.0,0.0,0.0,True
2030,P0288,Inner Mongolia,beccs,0.0,0.0,0.0,0.0,0.0,True
2030,P0288,Inner Mongolia,ammonia,0.0,0.0,0.0,0.0,0.0,True
2030,P0289,Inner Mongolia,unabated,1.0,2566065.0,2.1041733,0.0,0.0,True
2030,P0289,Inner Mongolia,retire,0.0,0.0,0.0,0.0,0.0,True
2030,P0289,Inner Mongolia,ccs,0.0,0.0,0.0,0.0,0.0,True
2030,P0289,Inner Mongolia,biomass,0.0,0.0,0.0,0.0,0.0,True
2030,P0289,Inner Mongolia,beccs,0.0,0.0,0.0,0.0,0.0,True
2030,P0289,Inner Mongolia,ammonia,0.0,0.0,0.0,0.0,0.0,True
2030,P0290,Guizhou,unabated,1.0,8829606.0,7.24027692,0.0,0.0,True
2030,P0290,Guizhou,retire,0.0,0.0,0.0,0.0,0.0,True
2030,P0290,Guizhou,ccs,0.0,0.0,0.0,0.0,0.0,True
2030,P0290,Guizhou,biomass,0.0,0.0,0.0,0.0,0.0,True
2030,P0290,Guizhou,beccs,0.0,0.0,0.0,0.0,0.0,True
2030,P0290,Guizhou,ammonia,0.0,0.0,0.0,0.0,0.0,True
2030,P0291,Shanxi,unabated,1.0,4490615.0,3.6823042999999998,0.0,0.0,True
2030,P0291,Shanxi,retire,0.0,0.0,0.0,0.0,0.0,True
2030,P0291,Shanxi,ccs,0.0,0.0,0.0,0.0,0.0,True
2030,P0291,Shanxi,biomass,0.0,0.0,0.0,0.0,0.0,True
2030,P0291,Shanxi,beccs,0.0,0.0,0.0,0.0,0.0,True
2030,P0291,Shanxi,ammonia,0.0,0.0,0.0,0.0,0.0,True
2030,P0292,Chongqing,unabated,1.0,2876520.0,2.3587464,0.0,0.0,True
2030,P0292,Chongqing,retire,0.0,0.0,0.0,0.0,0.0,True
2030,P0292,Chongqing,ccs,0.0,0.0,0.0,0.0,0.0,True
2030,P0292,Chongqing,biomass,0.0,0.0,0.0,0.0,0.0,True
2030,P0292,Chongqing,beccs,0.0,0.0,0.0,0.0,0.0,True
2030,P0292,Chongqing,ammonia,0.0,0.0,0.0,0.0,0.0,True
2030,P0293,Chongqing,unabated,1.0,958840.0,0.7862488,0.0,0.0,True
2030,P0293,Chongqing,retire,0.0,0.0,0.0,0.0,0.0,True
2030,P0293,Chongqing,ccs,0.0,0.0,0.0,0.0,0.0,True
2030,P0293,Chongqing,biomass,0.0,0.0,0.0,0.0,0.0,True
2030,P0293,Chongqing,beccs,0.0,0.0,0.0,0.0,0.0,True
2030,P0293,Chongqing,ammonia,0.0,0.0,0.0,0.0,0.0,True
2030,P0294,Jiangxi,unabated,0.0,0.0,0.0,0.0,0.0,True
2030,P0294,Jiangxi,retire,0.0,0.0,0.0,0.0,0.0,True
2030,P0294,Jiangxi,ccs,0.0,0.0,0.0,0.0,0.0,True
2030,P0294,Jiangxi,biomass,1.0,6291647.999999999,5.159151359999998,5.159151359999998,0.0,True
2030,P0294,Jiangxi,beccs,0.0,0.0,0.0,0.0,0.0,True
2030,P0294,Jiangxi,ammonia,0.0,0.0,0.0,0.0,0.0,True
2030,P0295,Guangdong,unabated,1.0,14857477.5,12.183131549999999,0.0,0.0,True
2030,P0295,Guangdong,retire,0.0,0.0,0.0,0.0,0.0,True
2030,P0295,Guangdong,ccs,0.0,0.0,0.0,0.0,0.0,True
2030,P0295,Guangdong,biomass,0.0,0.0,0.0,0.0,0.0,True
2030,P0295,Guangdong,beccs,0.0,0.0,0.0,0.0,0.0,True
2030,P0295,Guangdong,ammonia,0.0,0.0,0.0,0.0,0.0,True
2030,P0296,Henan,unabated,1.0,14182424.0,11.62958768,0.0,0.0,True
2030,P0296,Henan,retire,0.0,0.0,0.0,0.0,0.0,True
2030,P0296,Henan,ccs,0.0,0.0,0.0,0.0,0.0,True
2030,P0296,Henan,biomass,0.0,0.0,0.0,0.0,0.0,True
2030,P0296,Henan,beccs,0.0,0.0,0.0,0.0,0.0,True
2030,P0296,Henan,ammonia,0.0,0.0,0.0,0.0,0.0,True
2030,P0297,Jiangxi,unabated,1.0,9532800.0,7.816895999999999,0.0,0.0,True
2030,P0297,Jiangxi,retire,0.0,0.0,0.0,0.0,0.0,True
2030,P0297,Jiangxi,ccs,0.0,0.0,0.0,0.0,0.0,True
2030,P0297,Jiangxi,biomass,0.0,0.0,0.0,0.0,0.0,True
2030,P0297,Jiangxi,beccs,0.0,0.0,0.0,0.0,0.0,True
2030,P0297,Jiangxi,ammonia,0.0,0.0,0.0,0.0,0.0,True
2030,P0298,Xinjiang,unabated,1.0,5281200.0,4.330584,0.0,0.0,True
2030,P0298,Xinjiang,retire,0.0,0.0,0.0,0.0,0.0,True
2030,P0298,Xinjiang,ccs,0.0,0.0,0.0,0.0,0.0,True
2030,P0298,Xinjiang,biomass,0.0,0.0,0.0,0.0,0.0,True
2030,P0298,Xinjiang,beccs,0.0,0.0,0.0,0.0,0.0,True
2030,P0298,Xinjiang,ammonia,0.0,0.0,0.0,0.0,0.0,True
2030,P0299,Liaoning,unabated,1.0,1612363.9999999998,1.3221384799999998,0.0,0.0,True
2030,P0299,Liaoning,retire,0.0,0.0,0.0,0.0,0.0,True
2030,P0299,Liaoning,ccs,0.0,0.0,0.0,0.0,0.0,True
2030,P0299,Liaoning,biomass,0.0,0.0,0.0,0.0,0.0,True
2030,P0299,Liaoning,beccs,0.0,0.0,0.0,0.0,0.0,True
2030,P0299,Liaoning,ammonia,0.0,0.0,0.0,0.0,0.0,True
2030,P0300,Guangxi,unabated,1.0,6318312.0,5.18101584,0.0,0.0,True
2030,P0300,Guangxi,retire,0.0,0.0,0.0,0.0,0.0,True
2030,P0300,Guangxi,ccs,0.0,0.0,0.0,0.0,0.0,True
2030,P0300,Guangxi,biomass,0.0,0.0,0.0,0.0,0.0,True
2030,P0300,Guangxi,beccs,0.0,0.0,0.0,0.0,0.0,True
2030,P0300,Guangxi,ammonia,0.0,0.0,0.0,0.0,0.0,True
2030,P0301,Jiangsu,unabated,1.0,320992.0,0.26321344,0.0,0.0,True
2030,P0301,Jiangsu,retire,0.0,0.0,0.0,0.0,0.0,True
2030,P0301,Jiangsu,ccs,0.0,0.0,0.0,0.0,0.0,True
2030,P0301,Jiangsu,biomass,0.0,0.0,0.0,0.0,0.0,True
2030,P0301,Jiangsu,beccs,0.0,0.0,0.0,0.0,0.0,True
2030,P0301,Jiangsu,ammonia,0.0,0.0,0.0,0.0,0.0,True
2030,P0302,Xinjiang,unabated,1.0,3696839.9999999995,3.0314087999999995,0.0,0.0,True
2030,P0302,Xinjiang,retire,0.0,0.0,0.0,0.0,0.0,True
2030,P0302,Xinjiang,ccs,0.0,0.0,0.0,0.0,0.0,True
2030,P0302,Xinjiang,biomass,0.0,0.0,0.0,0.0,0.0,True
2030,P0302,Xinjiang,beccs,0.0,0.0,0.0,0.0,0.0,True
2030,P0302,Xinjiang,ammonia,0.0,0.0,0.0,0.0,0.0,True
2030,P0303,Henan,unabated,1.0,4679480.0,3.8371735999999994,0.0,0.0,True
2030,P0303,Henan,retire,0.0,0.0,0.0,0.0,0.0,True
2030,P0303,Henan,ccs,0.0,0.0,0.0,0.0,0.0,True
2030,P0303,Henan,biomass,0.0,0.0,0.0,0.0,0.0,True
2030,P0303,Henan,beccs,0.0,0.0,0.0,0.0,0.0,True
2030,P0303,Henan,ammonia,0.0,0.0,0.0,0.0,0.0,True
2030,P0304,Inner Mongolia,unabated,1.0,503150.0,0.412583,0.0,0.0,True
2030,P0304,Inner Mongolia,retire,0.0,0.0,0.0,0.0,0.0,True
2030,P0304,Inner Mongolia,ccs,0.0,0.0,0.0,0.0,0.0,True
2030,P0304,Inner Mongolia,biomass,0.0,0.0,0.0,0.0,0.0,True
2030,P0304,Inner Mongolia,beccs,0.0,0.0,0.0,0.0,0.0,True
2030,P0304,Inner Mongolia,ammonia,0.0,0.0,0.0,0.0,0.0,True
2030,P0305,Inner Mongolia,unabated,1.0,1509449.9999999998,1.2377489999999998,0.0,0.0,True
2030,P0305,Inner Mongolia,retire,0.0,0.0,0.0,0.0,0.0,True
2030,P0305,Inner Mongolia,ccs,0.0,0.0,0.0,0.0,0.0,True
2030,P0305,Inner Mongolia,biomass,0.0,0.0,0.0,0.0,0.0,True
2030,P0305,Inner Mongolia,beccs,0.0,0.0,0.0,0.0,0.0,True
2030,P0305,Inner Mongolia,ammonia,0.0,0.0,0.0,0.0,0.0,True
2030,P0306,Inner Mongolia,unabated,1.0,3320790.0,2.7230478,0.0,0.0,True
2030,P0306,Inner Mongolia,retire,0.0,0.0,0.0,0.0,0.0,True
2030,P0306,Inner Mongolia,ccs,0.0,0.0,0.0,0.0,0.0,True
2030,P0306,Inner Mongolia,biomass,0.0,0.0,0.0,0.0,0.0,True
2030,P0306,Inner Mongolia,beccs,0.0,0.0,0.0,0.0,0.0,True
2030,P0306,Inner Mongolia,ammonia,0.0,0.0,0.0,0.0,0.0,True
2030,P0307,Hunan,unabated,1.0,15627600.0,12.814632,0.0,0.0,True
2030,P0307,Hunan,retire,0.0,0.0,0.0,0.0,0.0,True
2030,P0307,Hunan,ccs,0.0,0.0,0.0,0.0,0.0,True
2030,P0307,Hunan,biomass,0.0,0.0,0.0,0.0,0.0,True
2030,P0307,Hunan,beccs,0.0,0.0,0.0,0.0,0.0,True
2030,P0307,Hunan,ammonia,0.0,0.0,0.0,0.0,0.0,True
2030,P0308,Qinghai,unabated,1.0,1106190.0,0.9070757999999999,0.0,0.0,True
2030,P0308,Qinghai,retire,0.0,0.0,0.0,0.0,0.0,True
2030,P0308,Qinghai,ccs,0.0,0.0,0.0,0.0,0.0,True
2030,P0308,Qinghai,biomass,0.0,0.0,0.0,0.0,0.0,True
2030,P0308,Qinghai,beccs,0.0,0.0,0.0,0.0,0.0,True
2030,P0308,Qinghai,ammonia,0.0,0.0,0.0,0.0,0.0,True
2030,P0309,Inner Mongolia,unabated,1.0,10063000.0,8.25166,0.0,0.0,True
2030,P0309,Inner Mongolia,retire,0.0,0.0,0.0,0.0,0.0,True
2030,P0309,Inner Mongolia,ccs,0.0,0.0,0.0,0.0,0.0,True
2030,P0309,Inner Mongolia,biomass,0.0,0.0,0.0,0.0,0.0,True
2030,P0309,Inner Mongolia,beccs,0.0,0.0,0.0,0.0,0.0,True
2030,P0309,Inner Mongolia,ammonia,0.0,0.0,0.0,0.0,0.0,True
2030,P0310,Shaanxi,unabated,1.0,11980320.0,9.823862399999998,0.0,0.0,True
2030,P0310,Shaanxi,retire,0.0,0.0,0.0,0.0,0.0,True
2030,P0310,Shaanxi,ccs,0.0,0.0,0.0,0.0,0.0,True
2030,P0310,Shaanxi,biomass,0.0,0.0,0.0,0.0,0.0,True
2030,P0310,Shaanxi,beccs,0.0,0.0,0.0,0.0,0.0,True
2030,P0310,Shaanxi,ammonia,0.0,0.0,0.0,0.0,0.0,True
2030,P0311,Hunan,unabated,0.0,0.0,0.0,0.0,0.0,True
2030,P0311,Hunan,retire,0.0,0.0,0.0,0.0,0.0,True
2030,P0311,Hunan,ccs,0.0,0.0,0.0,0.0,0.0,True
2030,P0311,Hunan,biomass,1.0,5157108.0,4.228828559999999,4.228828559999999,0.0,True
2030,P0311,Hunan,beccs,0.0,0.0,0.0,0.0,0.0,True
2030,P0311,Hunan,ammonia,0.0,0.0,0.0,0.0,0.0,True
2030,P0312,Shanxi,unabated,1.0,2777700.0,2.277714,0.0,0.0,True
2030,P0312,Shanxi,retire,0.0,0.0,0.0,0.0,0.0,True
2030,P0312,Shanxi,ccs,0.0,0.0,0.0,0.0,0.0,True
2030,P0312,Shanxi,biomass,0.0,0.0,0.0,0.0,0.0,True
2030,P0312,Shanxi,beccs,0.0,0.0,0.0,0.0,0.0,True
2030,P0312,Shanxi,ammonia,0.0,0.0,0.0,0.0,0.0,True
2030,P0313,Xinjiang,unabated,1.0,4224959.999999999,3.464467199999999,0.0,0.0,True
2030,P0313,Xinjiang,retire,0.0,0.0,0.0,0.0,0.0,True
2030,P0313,Xinjiang,ccs,0.0,0.0,0.0,0.0,0.0,True
2030,P0313,Xinjiang,biomass,0.0,0.0,0.0,0.0,0.0,True
2030,P0313,Xinjiang,beccs,0.0,0.0,0.0,0.0,0.0,True
2030,P0313,Xinjiang,ammonia,0.0,0.0,0.0,0.0,0.0,True
2030,P0314,Inner Mongolia,unabated,1.0,6037799.999999999,4.950995999999999,0.0,0.0,True
2030,P0314,Inner Mongolia,retire,0.0,0.0,0.0,0.0,0.0,True
2030,P0314,Inner Mongolia,ccs,0.0,0.0,0.0,0.0,0.0,True
2030,P0314,Inner Mongolia,biomass,0.0,0.0,0.0,0.0,0.0,True
2030,P0314,Inner Mongolia,beccs,0.0,0.0,0.0,0.0,0.0,True
2030,P0314,Inner Mongolia,ammonia,0.0,0.0,0.0,0.0,0.0,True
2030,P0315,Jiangxi,unabated,1.0,22974048.0,18.83871936,0.0,0.0,True
2030,P0315,Jiangxi,retire,0.0,0.0,0.0,0.0,0.0,True
2030,P0315,Jiangxi,ccs,0.0,0.0,0.0,0.0,0.0,True
2030,P0315,Jiangxi,biomass,0.0,0.0,0.0,0.0,0.0,True
2030,P0315,Jiangxi,beccs,0.0,0.0,0.0,0.0,0.0,True
2030,P0315,Jiangxi,ammonia,0.0,0.0,0.0,0.0,0.0,True
2030,P0316,Chongqing,unabated,1.0,5753040.0,4.7174928,0.0,0.0,True
2030,P0316,Chongqing,retire,0.0,0.0,0.0,0.0,0.0,True
2030,P0316,Chongqing,ccs,0.0,0.0,0.0,0.0,0.0,True
2030,P0316,Chongqing,biomass,0.0,0.0,0.0,0.0,0.0,True
2030,P0316,Chongqing,beccs,0.0,0.0,0.0,0.0,0.0,True
2030,P0316,Chongqing,ammonia,0.0,0.0,0.0,0.0,0.0,True
2030,P0317,Jiangsu,unabated,1.0,6871235.0,5.6344126999999995,0.0,0.0,True
2030,P0317,Jiangsu,retire,0.0,0.0,0.0,0.0,0.0,True
2030,P0317,Jiangsu,ccs,0.0,0.0,0.0,0.0,0.0,True
2030,P0317,Jiangsu,biomass,0.0,0.0,0.0,0.0,0.0,True
2030,P0317,Jiangsu,beccs,0.0,0.0,0.0,0.0,0.0,True
2030,P0317,Jiangsu,ammonia,0.0,0.0,0.0,0.0,0.0,True
2030,P0318,Jilin,unabated,1.0,1991770.0000000002,1.6332514000000002,0.0,0.0,True
2030,P0318,Jilin,retire,0.0,0.0,0.0,0.0,0.0,True
2030,P0318,Jilin,ccs,0.0,0.0,0.0,0.0,0.0,True
2030,P0318,Jilin,biomass,0.0,0.0,0.0,0.0,0.0,True
2030,P0318,Jilin,beccs,0.0,0.0,0.0,0.0,0.0,True
2030,P0318,Jilin,ammonia,0.0,0.0,0.0,0.0,0.0,True
2030,P0319,Inner Mongolia,unabated,1.0,3522049.9999999995,2.8880809999999997,0.0,0.0,True
2030,P0319,Inner Mongolia,retire,0.0,0.0,0.0,0.0,0.0,True
2030,P0319,Inner Mongolia,ccs,0.0,0.0,0.0,0.0,0.0,True
2030,P0319,Inner Mongolia,biomass,0.0,0.0,0.0,0.0,0.0,True
2030,P0319,Inner Mongolia,beccs,0.0,0.0,0.0,0.0,0.0,True
2030,P0319,Inner Mongolia,ammonia,0.0,0.0,0.0,0.0,0.0,True
2030,P0320,Guizhou,unabated,1.0,1424130.0,1.1677866,0.0,0.0,True
2030,P0320,Guizhou,retire,0.0,0.0,0.0,0.0,0.0,True
2030,P0320,Guizhou,ccs,0.0,0.0,0.0,0.0,0.0,True
2030,P0320,Guizhou,biomass,0.0,0.0,0.0,0.0,0.0,True
2030,P0320,Guizhou,beccs,0.0,0.0,0.0,0.0,0.0,True
2030,P0320,Guizhou,ammonia,0.0,0.0,0.0,0.0,0.0,True
2030,P0321,Jilin,unabated,1.0,2390124.0000000005,1.9599016800000002,0.0,0.0,True
2030,P0321,Jilin,retire,0.0,0.0,0.0,0.0,0.0,True
2030,P0321,Jilin,ccs,0.0,0.0,0.0,0.0,0.0,True
2030,P0321,Jilin,biomass,0.0,0.0,0.0,0.0,0.0,True
2030,P0321,Jilin,beccs,0.0,0.0,0.0,0.0,0.0,True
2030,P0321,Jilin,ammonia,0.0,0.0,0.0,0.0,0.0,True
2030,P0322,Xinjiang,unabated,1.0,3696839.9999999995,3.0314087999999995,0.0,0.0,True
2030,P0322,Xinjiang,retire,0.0,0.0,0.0,0.0,0.0,True
2030,P0322,Xinjiang,ccs,0.0,0.0,0.0,0.0,0.0,True
2030,P0322,Xinjiang,biomass,0.0,0.0,0.0,0.0,0.0,True
2030,P0322,Xinjiang,beccs,0.0,0.0,0.0,0.0,0.0,True
2030,P0322,Xinjiang,ammonia,0.0,0.0,0.0,0.0,0.0,True
2030,P0323,Henan,unabated,1.0,14398400.0,11.806688,0.0,0.0,True
2030,P0323,Henan,retire,0.0,0.0,0.0,0.0,0.0,True
2030,P0323,Henan,ccs,0.0,0.0,0.0,0.0,0.0,True
2030,P0323,Henan,biomass,0.0,0.0,0.0,0.0,0.0,True
2030,P0323,Henan,beccs,0.0,0.0,0.0,0.0,0.0,True
2030,P0323,Henan,ammonia,0.0,0.0,0.0,0.0,0.0,True
2030,P0324,Shaanxi,unabated,1.0,14430840.0,11.833288799999998,0.0,0.0,True
2030,P0324,Shaanxi,retire,0.0,0.0,0.0,0.0,0.0,True
2030,P0324,Shaanxi,ccs,0.0,0.0,0.0,0.0,0.0,True
2030,P0324,Shaanxi,biomass,0.0,0.0,0.0,0.0,0.0,True
2030,P0324,Shaanxi,beccs,0.0,0.0,0.0,0.0,0.0,True
2030,P0324,Shaanxi,ammonia,0.0,0.0,0.0,0.0,0.0,True
2030,P0325,Zhejiang,unabated,1.0,5529764.7,4.534407054,0.0,0.0,True
2030,P0325,Zhejiang,retire,0.0,0.0,0.0,0.0,0.0,True
2030,P0325,Zhejiang,ccs,0.0,0.0,0.0,0.0,0.0,True
2030,P0325,Zhejiang,biomass,0.0,0.0,0.0,0.0,0.0,True
2030,P0325,Zhejiang,beccs,0.0,0.0,0.0,0.0,0.0,True
2030,P0325,Zhejiang,ammonia,0.0,0.0,0.0,0.0,0.0,True
2030,P0326,Zhejiang,unabated,1.0,37944481.5,31.11447483,0.0,0.0,True
2030,P0326,Zhejiang,retire,0.0,0.0,0.0,0.0,0.0,True
2030,P0326,Zhejiang,ccs,0.0,0.0,0.0,0.0,0.0,True
2030,P0326,Zhejiang,biomass,0.0,0.0,0.0,0.0,0.0,True
2030,P0326,Zhejiang,beccs,0.0,0.0,0.0,0.0,0.0,True
2030,P0326,Zhejiang,ammonia,0.0,0.0,0.0,0.0,0.0,True
2030,P0327,Chongqing,unabated,1.0,13711412.0,11.24335784,0.0,0.0,True
2030,P0327,Chongqing,retire,0.0,0.0,0.0,0.0,0.0,True
2030,P0327,Chongqing,ccs,0.0,0.0,0.0,0.0,0.0,True
2030,P0327,Chongqing,biomass,0.0,0.0,0.0,0.0,0.0,True
2030,P0327,Chongqing,beccs,0.0,0.0,0.0,0.0,0.0,True
2030,P0327,Chongqing,ammonia,0.0,0.0,0.0,0.0,0.0,True
2030,P0328,Inner Mongolia,unabated,1.0,11924655.0,9.778217099999999,0.0,0.0,True
2030,P0328,Inner Mongolia,retire,0.0,0.0,0.0,0.0,0.0,True
2030,P0328,Inner Mongolia,ccs,0.0,0.0,0.0,0.0,0.0,True
2030,P0328,Inner Mongolia,biomass,0.0,0.0,0.0,0.0,0.0,True
2030,P0328,Inner Mongolia,beccs,0.0,0.0,0.0,0.0,0.0,True
2030,P0328,Inner Mongolia,ammonia,0.0,0.0,0.0,0.0,0.0,True
2030,P0329,Xinjiang,unabated,1.0,528119.9999999999,0.4330583999999999,0.0,0.0,True
2030,P0329,Xinjiang,retire,0.0,0.0,0.0,0.0,0.0,True
2030,P0329,Xinjiang,ccs,0.0,0.0,0.0,0.0,0.0,True
2030,P0329,Xinjiang,biomass,0.0,0.0,0.0,0.0,0.0,True
2030,P0329,Xinjiang,beccs,0.0,0.0,0.0,0.0,0.0,True
2030,P0329,Xinjiang,ammonia,0.0,0.0,0.0,0.0,0.0,True
2030,P0330,Gansu,unabated,1.0,25137600.0,20.612832,0.0,0.0,True
2030,P0330,Gansu,retire,0.0,0.0,0.0,0.0,0.0,True
2030,P0330,Gansu,ccs,0.0,0.0,0.0,0.0,0.0,True
2030,P0330,Gansu,biomass,0.0,0.0,0.0,0.0,0.0,True
2030,P0330,Gansu,beccs,0.0,0.0,0.0,0.0,0.0,True
2030,P0330,Gansu,ammonia,0.0,0.0,0.0,0.0,0.0,True
2030,P0331,Guangdong,unabated,1.0,25414742.0,20.84008844,0.0,0.0,True
2030,P0331,Guangdong,retire,0.0,0.0,0.0,0.0,0.0,True
2030,P0331,Guangdong,ccs,0.0,0.0,0.0,0.0,0.0,True
2030,P0331,Guangdong,biomass,0.0,0.0,0.0,0.0,0.0,True
2030,P0331,Guangdong,beccs,0.0,0.0,0.0,0.0,0.0,True
2030,P0331,Guangdong,ammonia,0.0,0.0,0.0,0.0,0.0,True
2030,P0332,Hebei,unabated,1.0,17107584.0,14.028218879999999,0.0,0.0,True
2030,P0332,Hebei,retire,0.0,0.0,0.0,0.0,0.0,True
2030,P0332,Hebei,ccs,0.0,0.0,0.0,0.0,0.0,True
2030,P0332,Hebei,biomass,0.0,0.0,0.0,0.0,0.0,True
2030,P0332,Hebei,beccs,0.0,0.0,0.0,0.0,0.0,True
2030,P0332,Hebei,ammonia,0.0,0.0,0.0,0.0,0.0,True
2030,P0333,Guangdong,unabated,1.0,15675001.14,12.8535009348,0.0,0.0,True
2030,P0333,Guangdong,retire,0.0,0.0,0.0,0.0,0.0,True
2030,P0333,Guangdong,ccs,0.0,0.0,0.0,0.0,0.0,True
2030,P0333,Guangdong,biomass,0.0,0.0,0.0,0.0,0.0,True
2030,P0333,Guangdong,beccs,0.0,0.0,0.0,0.0,0.0,True
2030,P0333,Guangdong,ammonia,0.0,0.0,0.0,0.0,0.0,True
2030,P0334,Hebei,unabated,1.0,3118570.0,2.5572274,0.0,0.0,True
2030,P0334,Hebei,retire,0.0,0.0,0.0,0.0,0.0,True
2030,P0334,Hebei,ccs,0.0,0.0,0.0,0.0,0.0,True
2030,P0334,Hebei,biomass,0.0,0.0,0.0,0.0,0.0,True
2030,P0334,Hebei,beccs,0.0,0.0,0.0,0.0,0.0,True
2030,P0334,Hebei,ammonia,0.0,0.0,0.0,0.0,0.0,True
2030,P0335,Hubei,unabated,1.0,17248159.999999996,14.143491199999996,0.0,0.0,True
2030,P0335,Hubei,retire,0.0,0.0,0.0,0.0,0.0,True
2030,P0335,Hubei,ccs,0.0,0.0,0.0,0.0,0.0,True
2030,P0335,Hubei,biomass,0.0,0.0,0.0,0.0,0.0,True
2030,P0335,Hubei,beccs,0.0,0.0,0.0,0.0,0.0,True
2030,P0335,Hubei,ammonia,0.0,0.0,0.0,0.0,0.0,True
2030,P0336,Inner Mongolia,unabated,1.0,10063000.0,8.25166,0.0,0.0,True
2030,P0336,Inner Mongolia,retire,0.0,0.0,0.0,0.0,0.0,True
2030,P0336,Inner Mongolia,ccs,0.0,0.0,0.0,0.0,0.0,True
2030,P0336,Inner Mongolia,biomass,0.0,0.0,0.0,0.0,0.0,True
2030,P0336,Inner Mongolia,beccs,0.0,0.0,0.0,0.0,0.0,True
2030,P0336,Inner Mongolia,ammonia,0.0,0.0,0.0,0.0,0.0,True
2030,P0337,Guizhou,unabated,1.0,3322970.0,2.7248354,0.0,0.0,True
2030,P0337,Guizhou,retire,0.0,0.0,0.0,0.0,0.0,True
2030,P0337,Guizhou,ccs,0.0,0.0,0.0,0.0,0.0,True
2030,P0337,Guizhou,biomass,0.0,0.0,0.0,0.0,0.0,True
2030,P0337,Guizhou,beccs,0.0,0.0,0.0,0.0,0.0,True
2030,P0337,Guizhou,ammonia,0.0,0.0,0.0,0.0,0.0,True
2030,P0338,Guangxi,unabated,0.0,0.0,0.0,0.0,0.0,True
2030,P0338,Guangxi,retire,0.0,0.0,0.0,0.0,0.0,True
2030,P0338,Guangxi,ccs,0.0,0.0,0.0,0.0,0.0,True
2030,P0338,Guangxi,biomass,1.0,2871960.0,2.3550071999999997,2.3550071999999997,0.0,True
2030,P0338,Guangxi,beccs,0.0,0.0,0.0,0.0,0.0,True
2030,P0338,Guangxi,ammonia,0.0,0.0,0.0,0.0,0.0,True
2030,P0339,Hainan,unabated,1.0,3320394.0,2.7227230799999997,0.0,0.0,True
2030,P0339,Hainan,retire,0.0,0.0,0.0,0.0,0.0,True
2030,P0339,Hainan,ccs,0.0,0.0,0.0,0.0,0.0,True
2030,P0339,Hainan,biomass,0.0,0.0,0.0,0.0,0.0,True
2030,P0339,Hainan,beccs,0.0,0.0,0.0,0.0,0.0,True
2030,P0339,Hainan,ammonia,0.0,0.0,0.0,0.0,0.0,True
2030,P0340,Inner Mongolia,unabated,1.0,18817810.0,15.4306042,0.0,0.0,True
2030,P0340,Inner Mongolia,retire,0.0,0.0,0.0,0.0,0.0,True
2030,P0340,Inner Mongolia,ccs,0.0,0.0,0.0,0.0,0.0,True
2030,P0340,Inner Mongolia,biomass,0.0,0.0,0.0,0.0,0.0,True
2030,P0340,Inner Mongolia,beccs,0.0,0.0,0.0,0.0,0.0,True
2030,P0340,Inner Mongolia,ammonia,0.0,0.0,0.0,0.0,0.0,True
2030,P0341,Hebei,unabated,1.0,445510.0,0.3653181999999999,0.0,0.0,True
2030,P0341,Hebei,retire,0.0,0.0,0.0,0.0,0.0,True
2030,P0341,Hebei,ccs,0.0,0.0,0.0,0.0,0.0,True
2030,P0341,Hebei,biomass,0.0,0.0,0.0,0.0,0.0,True
2030,P0341,Hebei,beccs,0.0,0.0,0.0,0.0,0.0,True
2030,P0341,Hebei,ammonia,0.0,0.0,0.0,0.0,0.0,True
2030,P0342,Zhejiang,unabated,1.0,29115678.0,23.874855959999998,0.0,0.0,True
2030,P0342,Zhejiang,retire,0.0,0.0,0.0,0.0,0.0,True
2030,P0342,Zhejiang,ccs,0.0,0.0,0.0,0.0,0.0,True
2030,P0342,Zhejiang,biomass,0.0,0.0,0.0,0.0,0.0,True
2030,P0342,Zhejiang,beccs,0.0,0.0,0.0,0.0,0.0,True
2030,P0342,Zhejiang,ammonia,0.0,0.0,0.0,0.0,0.0,True
2030,P0343,Hunan,unabated,1.0,15315048.0,12.55833936,0.0,0.0,True
2030,P0343,Hunan,retire,0.0,0.0,0.0,0.0,0.0,True
2030,P0343,Hunan,ccs,0.0,0.0,0.0,0.0,0.0,True
2030,P0343,Hunan,biomass,0.0,0.0,0.0,0.0,0.0,True
2030,P0343,Hunan,beccs,0.0,0.0,0.0,0.0,0.0,True
2030,P0343,Hunan,ammonia,0.0,0.0,0.0,0.0,0.0,True
2030,P0344,Xinjiang,unabated,1.0,20913551.999999996,17.14911264,0.0,0.0,True
2030,P0344,Xinjiang,retire,0.0,0.0,0.0,0.0,0.0,True
2030,P0344,Xinjiang,ccs,0.0,0.0,0.0,0.0,0.0,True
2030,P0344,Xinjiang,biomass,0.0,0.0,0.0,0.0,0.0,True
2030,P0344,Xinjiang,beccs,0.0,0.0,0.0,0.0,0.0,True
2030,P0344,Xinjiang,ammonia,0.0,0.0,0.0,0.0,0.0,True
2030,P0345,Gansu,unabated,1.0,8379200.0,6.870944,0.0,0.0,True
2030,P0345,Gansu,retire,0.0,0.0,0.0,0.0,0.0,True
2030,P0345,Gansu,ccs,0.0,0.0,0.0,0.0,0.0,True
2030,P0345,Gansu,biomass,0.0,0.0,0.0,0.0,0.0,True
2030,P0345,Gansu,beccs,0.0,0.0,0.0,0.0,0.0,True
2030,P0345,Gansu,ammonia,0.0,0.0,0.0,0.0,0.0,True
2030,P0346,Inner Mongolia,unabated,1.0,26465690.0,21.701865799999997,0.0,0.0,True
2030,P0346,Inner Mongolia,retire,0.0,0.0,0.0,0.0,0.0,True
2030,P0346,Inner Mongolia,ccs,0.0,0.0,0.0,0.0,0.0,True
2030,P0346,Inner Mongolia,biomass,0.0,0.0,0.0,0.0,0.0,True
2030,P0346,Inner Mongolia,beccs,0.0,0.0,0.0,0.0,0.0,True
2030,P0346,Inner Mongolia,ammonia,0.0,0.0,0.0,0.0,0.0,True
2030,P0347,Ningxia,unabated,1.0,3777884.0,3.09786488,0.0,0.0,True
2030,P0347,Ningxia,retire,0.0,0.0,0.0,0.0,0.0,True
2030,P0347,Ningxia,ccs,0.0,0.0,0.0,0.0,0.0,True
2030,P0347,Ningxia,biomass,0.0,0.0,0.0,0.0,0.0,True
2030,P0347,Ningxia,beccs,0.0,0.0,0.0,0.0,0.0,True
2030,P0347,Ningxia,ammonia,0.0,0.0,0.0,0.0,0.0,True
2030,P0348,Jiangsu,unabated,1.0,25729515.0,21.098202299999997,0.0,0.0,True
2030,P0348,Jiangsu,retire,0.0,0.0,0.0,0.0,0.0,True
2030,P0348,Jiangsu,ccs,0.0,0.0,0.0,0.0,0.0,True
2030,P0348,Jiangsu,biomass,0.0,0.0,0.0,0.0,0.0,True
2030,P0348,Jiangsu,beccs,0.0,0.0,0.0,0.0,0.0,True
2030,P0348,Jiangsu,ammonia,0.0,0.0,0.0,0.0,0.0,True
2030,P0349,Guangdong,unabated,1.0,6281210.0,5.150592199999999,0.0,0.0,True
2030,P0349,Guangdong,retire,0.0,0.0,0.0,0.0,0.0,True
2030,P0349,Guangdong,ccs,0.0,0.0,0.0,0.0,0.0,True
2030,P0349,Guangdong,biomass,0.0,0.0,0.0,0.0,0.0,True
2030,P0349,Guangdong,beccs,0.0,0.0,0.0,0.0,0.0,True
2030,P0349,Guangdong,ammonia,0.0,0.0,0.0,0.0,0.0,True
2030,P0350,Guangxi,unabated,0.0,0.0,0.0,0.0,0.0,True
2030,P0350,Guangxi,retire,0.0,0.0,0.0,0.0,0.0,True
2030,P0350,Guangxi,ccs,0.0,0.0,0.0,0.0,0.0,True
2030,P0350,Guangxi,biomass,1.0,622258.0,0.51025156,0.51025156,0.0,True
2030,P0350,Guangxi,beccs,0.0,0.0,0.0,0.0,0.0,True
2030,P0350,Guangxi,ammonia,0.0,0.0,0.0,0.0,0.0,True
2040,P0001,Fujian,unabated,1.0,62847212.0,51.534713839999995,0.0,0.0,True
2040,P0001,Fujian,retire,0.0,0.0,0.0,0.0,0.0,True
2040,P0001,Fujian,ccs,0.0,0.0,0.0,0.0,0.0,True
2040,P0001,Fujian,biomass,0.0,0.0,0.0,0.0,0.0,True
2040,P0001,Fujian,beccs,0.0,0.0,0.0,0.0,0.0,True
2040,P0001,Fujian,ammonia,0.0,0.0,0.0,0.0,0.0,True
2040,P0002,Shanxi,unabated,0.5896828283131902,38301011.25107307,31.406829225879914,0.0,0.0,True
2040,P0002,Shanxi,retire,0.4103171716868098,26650873.748926923,21.853716474120073,21.853716474120073,0.0,True
2040,P0002,Shanxi,ccs,0.0,0.0,0.0,0.0,0.0,True
2040,P0002,Shanxi,biomass,0.0,0.0,0.0,0.0,0.0,True
2040,P0002,Shanxi,beccs,0.0,0.0,0.0,0.0,0.0,True
2040,P0002,Shanxi,ammonia,0.0,0.0,0.0,0.0,0.0,True
2040,P0003,Chongqing,unabated,0.0,0.0,0.0,0.0,0.0,True
2040,P0003,Chongqing,retire,0.0,0.0,0.0,0.0,0.0,True
2040,P0003,Chongqing,ccs,0.0,0.0,0.0,0.0,0.0,True
2040,P0003,Chongqing,biomass,0.06666666666666667,2162184.2,1.772991044,1.772991044,0.0,True
2040,P0003,Chongqing,beccs,0.9333333333333333,30270578.8,24.821874616,47.1615617704,25.69064022756,True
2040,P0003,Chongqing,ammonia,0.0,0.0,0.0,0.0,0.0,True
2040,P0004,Inner Mongolia,unabated,0.6868741736469959,7464975.994162497,6.121280315213247,0.0,0.0,True
2040,P0004,Inner Mongolia,retire,0.0,0.0,0.0,0.0,0.0,True
2040,P0004,Inner Mongolia,ccs,0.3131258263530041,3403064.005837503,2.790512484786752,2.511461236308077,2.888180421754288,True
2040,P0004,Inner Mongolia,biomass,0.0,0.0,0.0,0.0,0.0,True
2040,P0004,Inner Mongolia,beccs,0.0,0.0,0.0,0.0,0.0,True
2040,P0004,Inner Mongolia,ammonia,0.0,0.0,0.0,0.0,0.0,True
2040,P0005,Sichuan,unabated,0.0,0.0,0.0,0.0,0.0,True
2040,P0005,Sichuan,retire,0.0,0.0,0.0,0.0,0.0,True
2040,P0005,Sichuan,ccs,0.0,0.0,0.0,0.0,0.0,True
2040,P0005,Sichuan,biomass,0.34152956579998506,6424664.984449864,5.268225287248889,5.268225287248889,0.0,True
2040,P0005,Sichuan,beccs,0.6584704342000155,12386781.015550142,10.157160432751118,19.298604822227123,10.512661047897405,True
2040,P0005,Sichuan,ammonia,0.0,0.0,0.0,0.0,0.0,True
2040,P0006,Hebei,unabated,1.0,22899214.0,18.77735548,0.0,0.0,True
2040,P0006,Hebei,retire,0.0,0.0,0.0,0.0,0.0,True
2040,P0006,Hebei,ccs,0.0,0.0,0.0,0.0,0.0,True
2040,P0006,Hebei,biomass,0.0,0.0,0.0,0.0,0.0,True
2040,P0006,Hebei,beccs,0.0,0.0,0.0,0.0,0.0,True
2040,P0006,Hebei,ammonia,0.0,0.0,0.0,0.0,0.0,True
2040,P0007,Hebei,unabated,1.0,38741549.6,31.768070671999997,0.0,0.0,True
2040,P0007,Hebei,retire,0.0,0.0,0.0,0.0,0.0,True
2040,P0007,Hebei,ccs,0.0,0.0,0.0,0.0,0.0,True
2040,P0007,Hebei,biomass,0.0,0.0,0.0,0.0,0.0,True
2040,P0007,Hebei,beccs,0.0,0.0,0.0,0.0,0.0,True
2040,P0007,Hebei,ammonia,0.0,0.0,0.0,0.0,0.0,True
2040,P0008,Shandong,unabated,0.16801212346522898,2004715.5496185592,1.6438667506872182,0.0,0.0,True
2040,P0008,Shandong,retire,0.0,0.0,0.0,0.0,0.0,True
2040,P0008,Shandong,ccs,0.0,0.0,0.0,0.0,0.0,True
2040,P0008,Shandong,biomass,0.831987876534771,9927254.050381443,8.140348321312782,8.140348321312782,0.0,True
2040,P0008,Shandong,beccs,0.0,0.0,0.0,0.0,0.0,True
2040,P0008,Shandong,ammonia,0.0,0.0,0.0,0.0,0.0,True
2040,P0009,Inner Mongolia,unabated,1.0,107372210.0,88.0452122,0.0,0.0,True
2040,P0009,Inner Mongolia,retire,0.0,0.0,0.0,0.0,0.0,True
2040,P0009,Inner Mongolia,ccs,0.0,0.0,0.0,0.0,0.0,True
2040,P0009,Inner Mongolia,biomass,0.0,0.0,0.0,0.0,0.0,True
2040,P0009,Inner Mongolia,beccs,0.0,0.0,0.0,0.0,0.0,True
2040,P0009,Inner Mongolia,ammonia,0.0,0.0,0.0,0.0,0.0,True
2040,P0010,Yunnan,unabated,0.3078367665649495,5132803.75296239,4.20889907742916,0.0,0.0,True
2040,P0010,Yunnan,retire,0.0,0.0,0.0,0.0,0.0,True
2040,P0010,Yunnan,ccs,0.0,0.0,0.0,0.0,0.0,True
2040,P0010,Yunnan,biomass,0.6921632334350505,11540980.247037608,9.463603802570839,9.463603802570839,0.0,True
2040,P0010,Yunnan,beccs,0.0,0.0,0.0,0.0,0.0,True
2040,P0010,Yunnan,ammonia,0.0,0.0,0.0,0.0,0.0,True
2040,P0011,Guangdong,unabated,0.8204772266104146,33815477.4288895,27.728691491689386,0.0,0.0,True
2040,P0011,Guangdong,retire,0.0,0.0,0.0,0.0,0.0,True
2040,P0011,Guangdong,ccs,0.17952277338958547,7398923.571110505,6.067117328310614,5.4604055954795525,6.279466434801485,True
2040,P0011,Guangdong,biomass,0.0,0.0,0.0,0.0,0.0,True
2040,P0011,Guangdong,beccs,0.0,0.0,0.0,0.0,0.0,True
2040,P0011,Guangdong,ammonia,0.0,0.0,0.0,0.0,0.0,True
2040,P0012,Liaoning,unabated,0.0,0.0,0.0,0.0,0.0,True
2040,P0012,Liaoning,retire,0.0,0.0,0.0,0.0,0.0,True
2040,P0012,Liaoning,ccs,0.0,0.0,0.0,0.0,0.0,True
2040,P0012,Liaoning,biomass,1.0,17363920.0,14.238414399999998,14.238414399999998,0.0,True
2040,P0012,Liaoning,beccs,0.0,0.0,0.0,0.0,0.0,True
2040,P0012,Liaoning,ammonia,0.0,0.0,0.0,0.0,0.0,True
2040,P0013,Shanxi,unabated,1.0,81340315.0,66.69905829999999,0.0,0.0,True
2040,P0013,Shanxi,retire,0.0,0.0,0.0,0.0,0.0,True
2040,P0013,Shanxi,ccs,0.0,0.0,0.0,0.0,0.0,True
2040,P0013,Shanxi,biomass,0.0,0.0,0.0,0.0,0.0,True
2040,P0013,Shanxi,beccs,0.0,0.0,0.0,0.0,0.0,True
2040,P0013,Shanxi,ammonia,0.0,0.0,0.0,0.0,0.0,True
2040,P0014,Guangdong,unabated,0.0,0.0,0.0,0.0,0.0,True
2040,P0014,Guangdong,retire,0.0,0.0,0.0,0.0,0.0,True
2040,P0014,Guangdong,ccs,0.0,0.0,0.0,0.0,0.0,True
2040,P0014,Guangdong,biomass,0.0,0.0,0.0,0.0,0.0,True
2040,P0014,Guangdong,beccs,1.0,11885982.0,9.74650524,18.518359955999998,10.087632923399998,True
2040,P0014,Guangdong,ammonia,0.0,0.0,0.0,0.0,0.0,True
2040,P0015,Hunan,unabated,0.0,0.0,0.0,0.0,0.0,True
2040,P0015,Hunan,retire,0.0,0.0,0.0,0.0,0.0,True
2040,P0015,Hunan,ccs,0.0,0.0,0.0,0.0,0.0,True
2040,P0015,Hunan,biomass,1.0,9884457.0,8.10525474,8.10525474,0.0,True
2040,P0015,Hunan,beccs,0.0,0.0,0.0,0.0,0.0,True
2040,P0015,Hunan,ammonia,0.0,0.0,0.0,0.0,0.0,True
2040,P0016,Hubei,unabated,0.0172079837752952,547155.5145734214,0.44866752195020554,0.0,0.0,True
2040,P0016,Hubei,retire,0.0,0.0,0.0,0.0,0.0,True
2040,P0016,Hubei,ccs,0.0,0.0,0.0,0.0,0.0,True
2040,P0016,Hubei,biomass,0.9827920162247048,31249452.485426575,25.624551038049788,25.624551038049788,0.0,True
2040,P0016,Hubei,beccs,0.0,0.0,0.0,0.0,0.0,True
2040,P0016,Hubei,ammonia,0.0,0.0,0.0,0.0,0.0,True
2040,P0017,Jiangsu,unabated,0.31090520249692366,14533095.801909348,11.917138557565664,0.0,0.0,True
2040,P0017,Jiangsu,retire,0.0,0.0,0.0,0.0,0.0,True
2040,P0017,Jiangsu,ccs,0.0,0.0,0.0,0.0,0.0,True
2040,P0017,Jiangsu,biomass,0.1708454534928452,7986078.4669781625,6.5485843429220925,6.5485843429220925,0.0,True
2040,P0017,Jiangsu,beccs,0.5182493440102311,24225285.73111249,19.86473429951224,37.742995169073254,20.559999999995167,True
2040,P0017,Jiangsu,ammonia,0.0,0.0,0.0,0.0,0.0,True
2040,P0018,Jilin,unabated,0.0,0.0,0.0,0.0,0.0,True
2040,P0018,Jilin,retire,0.0,0.0,0.0,0.0,0.0,True
2040,P0018,Jilin,ccs,0.0,0.0,0.0,0.0,0.0,True
2040,P0018,Jilin,biomass,1.0,3838684.0,3.14772088,3.14772088,0.0,True
2040,P0018,Jilin,beccs,0.0,0.0,0.0,0.0,0.0,True
2040,P0018,Jilin,ammonia,0.0,0.0,0.0,0.0,0.0,True
2040,P0019,Hunan,unabated,0.0,0.0,0.0,0.0,0.0,True
2040,P0019,Hunan,retire,0.0,0.0,0.0,0.0,0.0,True
2040,P0019,Hunan,ccs,0.0,0.0,0.0,0.0,0.0,True
2040,P0019,Hunan,biomass,1.0,15119703.0,12.39815646,12.39815646,0.0,True
2040,P0019,Hunan,beccs,0.0,0.0,0.0,0.0,0.0,True
2040,P0019,Hunan,ammonia,0.0,0.0,0.0,0.0,0.0,True
2040,P0020,Zhejiang,unabated,1.0,67514054.1,55.36152436199999,0.0,0.0,True
2040,P0020,Zhejiang,retire,0.0,0.0,0.0,0.0,0.0,True
2040,P0020,Zhejiang,ccs,0.0,0.0,0.0,0.0,0.0,True
2040,P0020,Zhejiang,biomass,0.0,0.0,0.0,0.0,0.0,True
2040,P0020,Zhejiang,beccs,0.0,0.0,0.0,0.0,0.0,True
2040,P0020,Zhejiang,ammonia,0.0,0.0,0.0,0.0,0.0,True
2040,P0021,Shandong,unabated,1.0,45246412.50000001,37.102058250000006,0.0,0.0,True
2040,P0021,Shandong,retire,0.0,0.0,0.0,0.0,0.0,True
2040,P0021,Shandong,ccs,0.0,0.0,0.0,0.0,0.0,True
2040,P0021,Shandong,biomass,0.0,0.0,0.0,0.0,0.0,True
2040,P0021,Shandong,beccs,0.0,0.0,0.0,0.0,0.0,True
2040,P0021,Shandong,ammonia,0.0,0.0,0.0,0.0,0.0,True
2040,P0022,Shandong,unabated,0.0,0.0,0.0,0.0,0.0,True
2040,P0022,Shandong,retire,0.0,0.0,0.0,0.0,0.0,True
2040,P0022,Shandong,ccs,0.0,0.0,0.0,0.0,0.0,True
2040,P0022,Shandong,biomass,1.0,15896209.500000002,13.034891790000001,13.034891790000001,0.0,True
2040,P0022,Shandong,beccs,0.0,0.0,0.0,0.0,0.0,True
2040,P0022,Shandong,ammonia,0.0,0.0,0.0,0.0,0.0,True
2040,P0023,Henan,unabated,0.0,0.0,0.0,0.0,0.0,True
2040,P0023,Henan,retire,0.0,0.0,0.0,0.0,0.0,True
2040,P0023,Henan,ccs,0.0,0.0,0.0,0.0,0.0,True
2040,P0023,Henan,biomass,1.0,20013776.0,16.411296319999998,16.411296319999998,0.0,True
2040,P0023,Henan,beccs,0.0,0.0,0.0,0.0,0.0,True
2040,P0023,Henan,ammonia,0.0,0.0,0.0,0.0,0.0,True
2040,P0024,Chongqing,unabated,0.0,0.0,0.0,0.0,0.0,True
2040,P0024,Chongqing,retire,0.0,0.0,0.0,0.0,0.0,True
2040,P0024,Chongqing,ccs,0.0,0.0,0.0,0.0,0.0,True
2040,P0024,Chongqing,biomass,1.0,5892071.800000001,4.831498876,4.831498876,0.0,True
2040,P0024,Chongqing,beccs,0.0,0.0,0.0,0.0,0.0,True
2040,P0024,Chongqing,ammonia,0.0,0.0,0.0,0.0,0.0,True
2040,P0025,Jilin,unabated,0.0,0.0,0.0,0.0,0.0,True
2040,P0025,Jilin,retire,0.0,0.0,0.0,0.0,0.0,True
2040,P0025,Jilin,ccs,0.0,0.0,0.0,0.0,0.0,True
2040,P0025,Jilin,biomass,0.0,0.0,0.0,0.0,0.0,True
2040,P0025,Jilin,beccs,1.0,15572020.000000002,12.7690564,24.261207159999998,13.215973373999999,True
2040,P0025,Jilin,ammonia,0.0,0.0,0.0,0.0,0.0,True
2040,P0026,Hainan,unabated,0.0,0.0,0.0,0.0,0.0,True
2040,P0026,Hainan,retire,0.0,0.0,0.0,0.0,0.0,True
2040,P0026,Hainan,ccs,0.011057519577554409,116821.4780097088,0.0957936119679612,0.08621425077116508,0.09914638838683985,True
2040,P0026,Hainan,biomass,0.0,0.0,0.0,0.0,0.0,True
2040,P0026,Hainan,beccs,0.9889424804224456,10448068.521990292,8.567416188032038,16.27809075726087,8.867275754613159,True
2040,P0026,Hainan,ammonia,0.0,0.0,0.0,0.0,0.0,True
2040,P0027,Shandong,unabated,0.09990389661771468,5823008.658505625,4.774867099974613,0.0,0.0,True
2040,P0027,Shandong,retire,0.07264901274206917,4234427.730559037,3.4722307390584106,3.4722307390584106,0.0,True
2040,P0027,Shandong,ccs,0.0,0.0,0.0,0.0,0.0,True
2040,P0027,Shandong,biomass,0.8274470906402162,48228665.110935345,39.54750539096698,39.54750539096698,0.0,True
2040,P0027,Shandong,beccs,0.0,0.0,0.0,0.0,0.0,True
2040,P0027,Shandong,ammonia,0.0,0.0,0.0,0.0,0.0,True
2040,P0028,Hunan,unabated,0.0,0.0,0.0,0.0,0.0,True
2040,P0028,Hunan,retire,0.0,0.0,0.0,0.0,0.0,True
2040,P0028,Hunan,ccs,0.0,0.0,0.0,0.0,0.0,True
2040,P0028,Hunan,biomass,1.0,22425606.0,18.388996919999997,18.388996919999997,0.0,True
2040,P0028,Hunan,beccs,0.0,0.0,0.0,0.0,0.0,True
2040,P0028,Hunan,ammonia,0.0,0.0,0.0,0.0,0.0,True
2040,P0029,Jilin,unabated,0.0,0.0,0.0,0.0,0.0,True
2040,P0029,Jilin,retire,0.0,0.0,0.0,0.0,0.0,True
2040,P0029,Jilin,ccs,0.0,0.0,0.0,0.0,0.0,True
2040,P0029,Jilin,biomass,0.0,0.0,0.0,0.0,0.0,True
2040,P0029,Jilin,beccs,1.0,434568.0,0.35634575999999996,0.6770569439999999,0.3688178615999999,True
2040,P0029,Jilin,ammonia,0.0,0.0,0.0,0.0,0.0,True
2040,P0030,Jilin,unabated,0.0,0.0,0.0,0.0,0.0,True
2040,P0030,Jilin,retire,0.0,0.0,0.0,0.0,0.0,True
2040,P0030,Jilin,ccs,0.0,0.0,0.0,0.0,0.0,True
2040,P0030,Jilin,biomass,0.0,0.0,0.0,0.0,0.0,True
2040,P0030,Jilin,beccs,1.0,16227493.4,13.306544588,25.282434717199997,13.772273648579999,True
2040,P0030,Jilin,ammonia,0.0,0.0,0.0,0.0,0.0,True
2040,P0031,Shanxi,unabated,0.1694957461989287,3844934.7294369084,3.1528464781382644,0.0,0.0,True
2040,P0031,Shanxi,retire,0.0,0.0,0.0,0.0,0.0,True
2040,P0031,Shanxi,ccs,0.0,0.0,0.0,0.0,0.0,True
2040,P0031,Shanxi,biomass,0.0,0.0,0.0,0.0,0.0,True
2040,P0031,Shanxi,beccs,0.8305042538010713,18839615.270563092,15.448484521861733,29.352120591537297,15.989181480126895,True
2040,P0031,Shanxi,ammonia,0.0,0.0,0.0,0.0,0.0,True
2040,P0032,Henan,unabated,0.0,0.0,0.0,0.0,0.0,True
2040,P0032,Henan,retire,0.0,0.0,0.0,0.0,0.0,True
2040,P0032,Henan,ccs,0.0,0.0,0.0,0.0,0.0,True
2040,P0032,Henan,biomass,0.9558029597365755,8154004.751266631,6.6862838960386375,6.6862838960386375,0.0,True
2040,P0032,Henan,beccs,0.044197040263424754,377047.2487333703,0.3091787439613636,0.5874396135265908,0.32000000000001133,True
2040,P0032,Henan,ammonia,0.0,0.0,0.0,0.0,0.0,True
2040,P0033,Henan,unabated,0.0,0.0,0.0,0.0,0.0,True
2040,P0033,Henan,retire,0.0,0.0,0.0,0.0,0.0,True
2040,P0033,Henan,ccs,0.0,0.0,0.0,0.0,0.0,True
2040,P0033,Henan,biomass,1.0,22569492.0,18.50698344,18.50698344,0.0,True
2040,P0033,Henan,beccs,0.0,0.0,0.0,0.0,0.0,True
2040,P0033,Henan,ammonia,0.0,0.0,0.0,0.0,0.0,True
2040,P0034,Shandong,unabated,1.0,18403842.0,15.09115044,0.0,0.0,True
2040,P0034,Shandong,retire,0.0,0.0,0.0,0.0,0.0,True
2040,P0034,Shandong,ccs,0.0,0.0,0.0,0.0,0.0,True
2040,P0034,Shandong,biomass,0.0,0.0,0.0,0.0,0.0,True
2040,P0034,Shandong,beccs,0.0,0.0,0.0,0.0,0.0,True
2040,P0034,Shandong,ammonia,0.0,0.0,0.0,0.0,0.0,True
2040,P0035,Anhui,unabated,1.0,46348752.00000001,38.00597664,0.0,0.0,True
2040,P0035,Anhui,retire,0.0,0.0,0.0,0.0,0.0,True
2040,P0035,Anhui,ccs,0.0,0.0,0.0,0.0,0.0,True
2040,P0035,Anhui,biomass,0.0,0.0,0.0,0.0,0.0,True
2040,P0035,Anhui,beccs,0.0,0.0,0.0,0.0,0.0,True
2040,P0035,Anhui,ammonia,0.0,0.0,0.0,0.0,0.0,True
2040,P0036,Jiangsu,unabated,1.0,140042791.0,114.83508862,0.0,0.0,True
2040,P0036,Jiangsu,retire,0.0,0.0,0.0,0.0,0.0,True
2040,P0036,Jiangsu,ccs,0.0,0.0,0.0,0.0,0.0,True
2040,P0036,Jiangsu,biomass,0.0,0.0,0.0,0.0,0.0,True
2040,P0036,Jiangsu,beccs,0.0,0.0,0.0,0.0,0.0,True
2040,P0036,Jiangsu,ammonia,0.0,0.0,0.0,0.0,0.0,True
2040,P0037,Inner Mongolia,unabated,1.0,41962710.0,34.409422199999995,0.0,0.0,True
2040,P0037,Inner Mongolia,retire,0.0,0.0,0.0,0.0,0.0,True
2040,P0037,Inner Mongolia,ccs,0.0,0.0,0.0,0.0,0.0,True
2040,P0037,Inner Mongolia,biomass,0.0,0.0,0.0,0.0,0.0,True
2040,P0037,Inner Mongolia,beccs,0.0,0.0,0.0,0.0,0.0,True
2040,P0037,Inner Mongolia,ammonia,0.0,0.0,0.0,0.0,0.0,True
2040,P0038,Sichuan,unabated,0.0,0.0,0.0,0.0,0.0,True
2040,P0038,Sichuan,retire,0.0,0.0,0.0,0.0,0.0,True
2040,P0038,Sichuan,ccs,0.0,0.0,0.0,0.0,0.0,True
2040,P0038,Sichuan,biomass,0.0,0.0,0.0,0.0,0.0,True
2040,P0038,Sichuan,beccs,1.0,24582287.999999996,20.157476159999998,38.299204704,20.862987825599998,True
2040,P0038,Sichuan,ammonia,0.0,0.0,0.0,0.0,0.0,True
2040,P0039,Heilongjiang,unabated,0.0,0.0,0.0,0.0,0.0,True
2040,P0039,Heilongjiang,retire,0.0,0.0,0.0,0.0,0.0,True
2040,P0039,Heilongjiang,ccs,0.0,0.0,0.0,0.0,0.0,True
2040,P0039,Heilongjiang,biomass,0.0,0.0,0.0,0.0,0.0,True
2040,P0039,Heilongjiang,beccs,1.0,7478775.0,6.1325955,11.65193145,5.924087252999999,True
2040,P0039,Heilongjiang,ammonia,0.0,0.0,0.0,0.0,0.0,True
2040,P0040,Shanxi,unabated,1.0,29397324.999999996,24.105806499999996,0.0,0.0,True
2040,P0040,Shanxi,retire,0.0,0.0,0.0,0.0,0.0,True
2040,P0040,Shanxi,ccs,0.0,0.0,0.0,0.0,0.0,True
2040,P0040,Shanxi,biomass,0.0,0.0,0.0,0.0,0.0,True
2040,P0040,Shanxi,beccs,0.0,0.0,0.0,0.0,0.0,True
2040,P0040,Shanxi,ammonia,0.0,0.0,0.0,0.0,0.0,True
2040,P0041,Hebei,unabated,0.3992169900729172,6918565.7725232905,5.673223933469098,0.0,0.0,True
2040,P0041,Hebei,retire,0.0,0.0,0.0,0.0,0.0,True
2040,P0041,Hebei,ccs,0.0,0.0,0.0,0.0,0.0,True
2040,P0041,Hebei,biomass,0.0,0.0,0.0,0.0,0.0,True
2040,P0041,Hebei,beccs,0.600783009927083,10411773.227476714,8.537654046530905,16.221542688408718,8.836471938159486,True
2040,P0041,Hebei,ammonia,0.0,0.0,0.0,0.0,0.0,True
2040,P0042,Shandong,unabated,0.09582137984250885,2641043.4360689656,2.1656556175765513,0.0,0.0,True
2040,P0042,Shandong,retire,0.0,0.0,0.0,0.0,0.0,True
2040,P0042,Shandong,ccs,0.0,0.0,0.0,0.0,0.0,True
2040,P0042,Shandong,biomass,0.9041786201574914,24921108.563931044,20.435309022423453,20.435309022423453,0.0,True
2040,P0042,Shandong,beccs,0.0,0.0,0.0,0.0,0.0,True
2040,P0042,Shandong,ammonia,0.0,0.0,0.0,0.0,0.0,True
2040,P0043,Anhui,unabated,0.0,0.0,0.0,0.0,0.0,True
2040,P0043,Anhui,retire,0.0,0.0,0.0,0.0,0.0,True
2040,P0043,Anhui,ccs,0.0,0.0,0.0,0.0,0.0,True
2040,P0043,Anhui,biomass,1.0,71657610.0,58.759240199999994,58.759240199999994,0.0,True
2040,P0043,Anhui,beccs,0.0,0.0,0.0,0.0,0.0,True
2040,P0043,Anhui,ammonia,0.0,0.0,0.0,0.0,0.0,True
2040,P0044,Heilongjiang,unabated,0.0,0.0,0.0,0.0,0.0,True
2040,P0044,Heilongjiang,retire,0.0,0.0,0.0,0.0,0.0,True
2040,P0044,Heilongjiang,ccs,0.0,0.0,0.0,0.0,0.0,True
2040,P0044,Heilongjiang,biomass,0.0,0.0,0.0,0.0,0.0,True
2040,P0044,Heilongjiang,beccs,1.0,10278967.500000002,8.428753350000001,16.014631365,8.142175736099999,True
2040,P0044,Heilongjiang,ammonia,0.0,0.0,0.0,0.0,0.0,True
2040,P0045,Henan,unabated,1.0,50070436.0,41.057757519999996,0.0,0.0,True
2040,P0045,Henan,retire,0.0,0.0,0.0,0.0,0.0,True
2040,P0045,Henan,ccs,0.0,0.0,0.0,0.0,0.0,True
2040,P0045,Henan,biomass,0.0,0.0,0.0,0.0,0.0,True
2040,P0045,Henan,beccs,0.0,0.0,0.0,0.0,0.0,True
2040,P0045,Henan,ammonia,0.0,0.0,0.0,0.0,0.0,True
2040,P0046,Zhejiang,unabated,0.6554415329423198,67006016.425829396,54.94493346918011,0.0,0.0,True
2040,P0046,Zhejiang,retire,0.0,0.0,0.0,0.0,0.0,True
2040,P0046,Zhejiang,ccs,0.3445584670576802,35224332.2141706,28.88395241561989,25.995557174057904,29.894890750166585,True
2040,P0046,Zhejiang,biomass,0.0,0.0,0.0,0.0,0.0,True
2040,P0046,Zhejiang,beccs,0.0,0.0,0.0,0.0,0.0,True
2040,P0046,Zhejiang,ammonia,0.0,0.0,0.0,0.0,0.0,True
2040,P0047,Liaoning,unabated,0.0,0.0,0.0,0.0,0.0,True
2040,P0047,Liaoning,retire,0.0,0.0,0.0,0.0,0.0,True
2040,P0047,Liaoning,ccs,0.0,0.0,0.0,0.0,0.0,True
2040,P0047,Liaoning,biomass,1.0,10170295.999999998,8.339642719999999,8.339642719999999,0.0,True
2040,P0047,Liaoning,beccs,0.0,0.0,0.0,0.0,0.0,True
2040,P0047,Liaoning,ammonia,0.0,0.0,0.0,0.0,0.0,True
2040,P0048,Shanxi,unabated,0.0,0.0,0.0,0.0,0.0,True
2040,P0048,Shanxi,retire,0.0,0.0,0.0,0.0,0.0,True
2040,P0048,Shanxi,ccs,0.0,0.0,0.0,0.0,0.0,True
2040,P0048,Shanxi,biomass,0.0,0.0,0.0,0.0,0.0,True
2040,P0048,Shanxi,beccs,1.0,6481300.0,5.314666,10.0978654,5.50067931,True
2040,P0048,Shanxi,ammonia,0.0,0.0,0.0,0.0,0.0,True
2040,P0049,Xinjiang,unabated,0.0,0.0,0.0,0.0,0.0,True
2040,P0049,Xinjiang,retire,0.0,0.0,0.0,0.0,0.0,True
2040,P0049,Xinjiang,ccs,1.0,7182431.999999999,5.889594239999999,5.300634816,6.095730038399999,True
2040,P0049,Xinjiang,biomass,0.0,0.0,0.0,0.0,0.0,True
2040,P0049,Xinjiang,beccs,0.0,0.0,0.0,0.0,0.0,True
2040,P0049,Xinjiang,ammonia,0.0,0.0,0.0,0.0,0.0,True
2040,P0050,Henan,unabated,0.0,0.0,0.0,0.0,0.0,True
2040,P0050,Henan,retire,0.0,0.0,0.0,0.0,0.0,True
2040,P0050,Henan,ccs,0.0,0.0,0.0,0.0,0.0,True
2040,P0050,Henan,biomass,1.0,7055216.0,5.78527712,5.78527712,0.0,True
2040,P0050,Henan,beccs,0.0,0.0,0.0,0.0,0.0,True
2040,P0050,Henan,ammonia,0.0,0.0,0.0,0.0,0.0,True
2040,P0051,Hebei,unabated,1.0,36442718.0,29.88302876,0.0,0.0,True
2040,P0051,Hebei,retire,0.0,0.0,0.0,0.0,0.0,True
2040,P0051,Hebei,ccs,0.0,0.0,0.0,0.0,0.0,True
2040,P0051,Hebei,biomass,0.0,0.0,0.0,0.0,0.0,True
2040,P0051,Hebei,beccs,0.0,0.0,0.0,0.0,0.0,True
2040,P0051,Hebei,ammonia,0.0,0.0,0.0,0.0,0.0,True
2040,P0052,Jiangsu,unabated,1.0,137274235.0,112.5648727,0.0,0.0,True
2040,P0052,Jiangsu,retire,0.0,0.0,0.0,0.0,0.0,True
2040,P0052,Jiangsu,ccs,0.0,0.0,0.0,0.0,0.0,True
2040,P0052,Jiangsu,biomass,0.0,0.0,0.0,0.0,0.0,True
2040,P0052,Jiangsu,beccs,0.0,0.0,0.0,0.0,0.0,True
2040,P0052,Jiangsu,ammonia,0.0,0.0,0.0,0.0,0.0,True
2040,P0053,Heilongjiang,unabated,0.0,0.0,0.0,0.0,0.0,True
2040,P0053,Heilongjiang,retire,0.0,0.0,0.0,0.0,0.0,True
2040,P0053,Heilongjiang,ccs,0.0,0.0,0.0,0.0,0.0,True
2040,P0053,Heilongjiang,biomass,1.0,9739800.000000002,7.986636000000001,7.986636000000001,0.0,True
2040,P0053,Heilongjiang,beccs,0.0,0.0,0.0,0.0,0.0,True
2040,P0053,Heilongjiang,ammonia,0.0,0.0,0.0,0.0,0.0,True
2040,P0054,Hebei,unabated,0.0,0.0,0.0,0.0,0.0,True
2040,P0054,Hebei,retire,0.0,0.0,0.0,0.0,0.0,True
2040,P0054,Hebei,ccs,0.0,0.0,0.0,0.0,0.0,True
2040,P0054,Hebei,biomass,1.0,19691542.0,16.14706444,16.14706444,0.0,True
2040,P0054,Hebei,beccs,0.0,0.0,0.0,0.0,0.0,True
2040,P0054,Hebei,ammonia,0.0,0.0,0.0,0.0,0.0,True
2040,P0055,Shanxi,unabated,1.0,17129150.0,14.045903,0.0,0.0,True
2040,P0055,Shanxi,retire,0.0,0.0,0.0,0.0,0.0,True
2040,P0055,Shanxi,ccs,0.0,0.0,0.0,0.0,0.0,True
2040,P0055,Shanxi,biomass,0.0,0.0,0.0,0.0,0.0,True
2040,P0055,Shanxi,beccs,0.0,0.0,0.0,0.0,0.0,True
2040,P0055,Shanxi,ammonia,0.0,0.0,0.0,0.0,0.0,True
2040,P0056,Jiangxi,unabated,0.0,0.0,0.0,0.0,0.0,True
2040,P0056,Jiangxi,retire,0.0,0.0,0.0,0.0,0.0,True
2040,P0056,Jiangxi,ccs,0.0,0.0,0.0,0.0,0.0,True
2040,P0056,Jiangxi,biomass,0.13244002843714586,2537673.8492021044,2.0808925563457255,2.0808925563457255,0.0,True
2040,P0056,Jiangxi,beccs,0.8675599715628485,16623254.150797786,13.631068403654185,25.89902996694295,14.108155797782082,True
2040,P0056,Jiangxi,ammonia,0.0,0.0,0.0,0.0,0.0,True
2040,P0057,Gansu,unabated,0.0,0.0,0.0,0.0,0.0,True
2040,P0057,Gansu,retire,0.0,0.0,0.0,0.0,0.0,True
2040,P0057,Gansu,ccs,0.0,0.0,0.0,0.0,0.0,True
2040,P0057,Gansu,biomass,0.0,0.0,0.0,0.0,0.0,True
2040,P0057,Gansu,beccs,1.0,12233632.0,10.03157824,19.059998655999998,10.3826834784,True
2040,P0057,Gansu,ammonia,0.0,0.0,0.0,0.0,0.0,True
2040,P0058,Jiangsu,unabated,1.0,22644982.500000004,18.568885650000002,0.0,0.0,True
2040,P0058,Jiangsu,retire,0.0,0.0,0.0,0.0,0.0,True
2040,P0058,Jiangsu,ccs,0.0,0.0,0.0,0.0,0.0,True
2040,P0058,Jiangsu,biomass,0.0,0.0,0.0,0.0,0.0,True
2040,P0058,Jiangsu,beccs,0.0,0.0,0.0,0.0,0.0,True
2040,P0058,Jiangsu,ammonia,0.0,0.0,0.0,0.0,0.0,True
2040,P0059,Inner Mongolia,unabated,1.0,104755830.0,85.8997806,0.0,0.0,True
2040,P0059,Inner Mongolia,retire,0.0,0.0,0.0,0.0,0.0,True
2040,P0059,Inner Mongolia,ccs,0.0,0.0,0.0,0.0,0.0,True
2040,P0059,Inner Mongolia,biomass,0.0,0.0,0.0,0.0,0.0,True
2040,P0059,Inner Mongolia,beccs,0.0,0.0,0.0,0.0,0.0,True
2040,P0059,Inner Mongolia,ammonia,0.0,0.0,0.0,0.0,0.0,True
2040,P0060,Shandong,unabated,0.0866226222285359,1874494.3321279068,1.5370853523448835,0.0,0.0,True
2040,P0060,Shandong,retire,0.0,0.0,0.0,0.0,0.0,True
2040,P0060,Shandong,ccs,0.0,0.0,0.0,0.0,0.0,True
2040,P0060,Shandong,biomass,0.9133773777714641,19765283.867872097,16.207532771655117,16.207532771655117,0.0,True
2040,P0060,Shandong,beccs,0.0,0.0,0.0,0.0,0.0,True
2040,P0060,Shandong,ammonia,0.0,0.0,0.0,0.0,0.0,True
2040,P0061,Shandong,unabated,0.0,0.0,0.0,0.0,0.0,True
2040,P0061,Shandong,retire,0.0,0.0,0.0,0.0,0.0,True
2040,P0061,Shandong,ccs,0.0,0.0,0.0,0.0,0.0,True
2040,P0061,Shandong,biomass,0.19891078207781898,3400481.66194074,2.788394962791407,2.788394962791407,0.0,True
2040,P0061,Shandong,beccs,0.801089217922181,13695030.338059263,11.229924877208596,21.33685726669633,11.622972247910894,True
2040,P0061,Shandong,ammonia,0.0,0.0,0.0,0.0,0.0,True
2040,P0062,Xinjiang,unabated,0.0,0.0,0.0,0.0,0.0,True
2040,P0062,Xinjiang,retire,0.0,0.0,0.0,0.0,0.0,True
2040,P0062,Xinjiang,ccs,0.3215350250795033,1647148.0512163767,1.3506614019974288,1.215595261797686,1.397934551067339,True
2040,P0062,Xinjiang,biomass,0.0,0.0,0.0,0.0,0.0,True
2040,P0062,Xinjiang,beccs,0.6784649749204968,3475615.948783624,2.8500050780025714,4.702508378704243,2.949755255732662,True
2040,P0062,Xinjiang,ammonia,0.0,0.0,0.0,0.0,0.0,True
2040,P0063,Ningxia,unabated,0.6048633879425656,5291819.130617711,4.339291687106522,0.0,0.0,True
2040,P0063,Ningxia,retire,0.39513661205743444,3456964.8693822897,2.834711192893477,2.834711192893477,0.0,True
2040,P0063,Ningxia,ccs,0.0,0.0,0.0,0.0,0.0,True
2040,P0063,Ningxia,biomass,0.0,0.0,0.0,0.0,0.0,True
2040,P0063,Ningxia,beccs,0.0,0.0,0.0,0.0,0.0,True
2040,P0063,Ningxia,ammonia,0.0,0.0,0.0,0.0,0.0,True
2040,P0064,Shandong,unabated,0.0,0.0,0.0,0.0,0.0,True
2040,P0064,Shandong,retire,0.0,0.0,0.0,0.0,0.0,True
2040,P0064,Shandong,ccs,0.0,0.0,0.0,0.0,0.0,True
2040,P0064,Shandong,biomass,1.0,18229398.000000004,14.94810636,14.94810636,0.0,True
2040,P0064,Shandong,beccs,0.0,0.0,0.0,0.0,0.0,True
2040,P0064,Shandong,ammonia,0.0,0.0,0.0,0.0,0.0,True
2040,P0065,Xinjiang,unabated,0.0,0.0,0.0,0.0,0.0,True
2040,P0065,Xinjiang,retire,0.0,0.0,0.0,0.0,0.0,True
2040,P0065,Xinjiang,ccs,1.0,17824049.999999996,14.615720999999997,13.154148899999997,15.127271234999995,True
2040,P0065,Xinjiang,biomass,0.0,0.0,0.0,0.0,0.0,True
2040,P0065,Xinjiang,beccs,0.0,0.0,0.0,0.0,0.0,True
2040,P0065,Xinjiang,ammonia,0.0,0.0,0.0,0.0,0.0,True
2040,P0066,Fujian,unabated,0.3306350564713599,14959199.990143238,12.266543991917455,0.0,0.0,True
2040,P0066,Fujian,retire,0.0,0.0,0.0,0.0,0.0,True
2040,P0066,Fujian,ccs,0.0,0.0,0.0,0.0,0.0,True
2040,P0066,Fujian,biomass,0.0,0.0,0.0,0.0,0.0,True
2040,P0066,Fujian,beccs,0.6693649435286406,30284641.209856782,24.83340579208256,47.183471004956864,25.70257499480545,True
2040,P0066,Fujian,ammonia,0.0,0.0,0.0,0.0,0.0,True
2040,P0067,Hebei,unabated,0.5394609283990502,18457746.294609476,15.135351961579769,0.0,0.0,True
2040,P0067,Hebei,retire,0.0,0.0,0.0,0.0,0.0,True
2040,P0067,Hebei,ccs,0.0,0.0,0.0,0.0,0.0,True
2040,P0067,Hebei,biomass,0.0,0.0,0.0,0.0,0.0,True
2040,P0067,Hebei,beccs,0.46053907160094976,15757421.705390524,12.92108579842023,24.550063016998433,13.373323801364938,True
2040,P0067,Hebei,ammonia,0.0,0.0,0.0,0.0,0.0,True
2040,P0068,Zhejiang,unabated,0.0,0.0,0.0,0.0,0.0,True
2040,P0068,Zhejiang,retire,0.0,0.0,0.0,0.0,0.0,True
2040,P0068,Zhejiang,ccs,0.0,0.0,0.0,0.0,0.0,True
2040,P0068,Zhejiang,biomass,0.0,0.0,0.0,0.0,0.0,True
2040,P0068,Zhejiang,beccs,1.0,22390288.5,18.360036570000002,34.884069483000005,19.002637849950002,True
2040,P0068,Zhejiang,ammonia,0.0,0.0,0.0,0.0,0.0,True
2040,P0069,Shaanxi,unabated,0.0,0.0,0.0,0.0,0.0,True
2040,P0069,Shaanxi,retire,0.0,0.0,0.0,0.0,0.0,True
2040,P0069,Shaanxi,ccs,0.0,0.0,0.0,0.0,0.0,True
2040,P0069,Shaanxi,biomass,0.0,0.0,0.0,0.0,0.0,True
2040,P0069,Shaanxi,beccs,1.0,18152000.0,14.88464,28.280815999999998,15.4056024,True
2040,P0069,Shaanxi,ammonia,0.0,0.0,0.0,0.0,0.0,True
2040,P0070,Shandong,unabated,0.0,0.0,0.0,0.0,0.0,True
2040,P0070,Shandong,retire,0.0,0.0,0.0,0.0,0.0,True
2040,P0070,Shandong,ccs,0.0,0.0,0.0,0.0,0.0,True
2040,P0070,Shandong,biomass,1.0,25817712.000000004,21.170523840000005,21.170523840000005,0.0,True
2040,P0070,Shandong,beccs,0.0,0.0,0.0,0.0,0.0,True
2040,P0070,Shandong,ammonia,0.0,0.0,0.0,0.0,0.0,True
2040,P0071,Guizhou,unabated,1.0,23735500.0,19.46311,0.0,0.0,True
2040,P0071,Guizhou,retire,0.0,0.0,0.0,0.0,0.0,True
2040,P0071,Guizhou,ccs,0.0,0.0,0.0,0.0,0.0,True
2040,P0071,Guizhou,biomass,0.0,0.0,0.0,0.0,0.0,True
2040,P0071,Guizhou,beccs,0.0,0.0,0.0,0.0,0.0,True
2040,P0071,Guizhou,ammonia,0.0,0.0,0.0,0.0,0.0,True
2040,P0072,Heilongjiang,unabated,0.0,0.0,0.0,0.0,0.0,True
2040,P0072,Heilongjiang,retire,0.0,0.0,0.0,0.0,0.0,True
2040,P0072,Heilongjiang,ccs,0.0,0.0,0.0,0.0,0.0,True
2040,P0072,Heilongjiang,biomass,0.18704776038513626,1041033.0151995143,0.8536470724636018,0.8536470724636018,0.0,True
2040,P0072,Heilongjiang,beccs,0.8129522396148637,4524566.984800486,3.7101449275363985,7.049275362319157,3.8400000000001717,True
2040,P0072,Heilongjiang,ammonia,0.0,0.0,0.0,0.0,0.0,True
2040,P0073,Liaoning,unabated,0.0,0.0,0.0,0.0,0.0,True
2040,P0073,Liaoning,retire,0.0,0.0,0.0,0.0,0.0,True
2040,P0073,Liaoning,ccs,0.0,0.0,0.0,0.0,0.0,True
2040,P0073,Liaoning,biomass,1.0,6340931.499999999,5.199563829999999,5.199563829999999,0.0,True
2040,P0073,Liaoning,beccs,0.0,0.0,0.0,0.0,0.0,True
2040,P0073,Liaoning,ammonia,0.0,0.0,0.0,0.0,0.0,True
2040,P0074,Shaanxi,unabated,0.0,0.0,0.0,0.0,0.0,True
2040,P0074,Shaanxi,retire,1.0,36893940.0,30.253030799999998,30.253030799999998,0.0,True
2040,P0074,Shaanxi,ccs,0.0,0.0,0.0,0.0,0.0,True
2040,P0074,Shaanxi,biomass,0.0,0.0,0.0,0.0,0.0,True
2040,P0074,Shaanxi,beccs,0.0,0.0,0.0,0.0,0.0,True
2040,P0074,Shaanxi,ammonia,0.0,0.0,0.0,0.0,0.0,True
2040,P0075,Henan,unabated,0.0,0.0,0.0,0.0,0.0,True
2040,P0075,Henan,retire,0.0,0.0,0.0,0.0,0.0,True
2040,P0075,Henan,ccs,0.0,0.0,0.0,0.0,0.0,True
2040,P0075,Henan,biomass,1.0,7127208.0,5.844310559999999,5.844310559999999,0.0,True
2040,P0075,Henan,beccs,0.0,0.0,0.0,0.0,0.0,True
2040,P0075,Henan,ammonia,0.0,0.0,0.0,0.0,0.0,True
2040,P0076,Guangxi,unabated,0.0,0.0,0.0,0.0,0.0,True
2040,P0076,Guangxi,retire,0.0,0.0,0.0,0.0,0.0,True
2040,P0076,Guangxi,ccs,0.0,0.0,0.0,0.0,0.0,True
2040,P0076,Guangxi,biomass,1.0,13593944.000000002,11.147034080000001,11.147034080000001,0.0,True
2040,P0076,Guangxi,beccs,0.0,0.0,0.0,0.0,0.0,True
2040,P0076,Guangxi,ammonia,0.0,0.0,0.0,0.0,0.0,True
2040,P0077,Xinjiang,unabated,0.9817406041401232,40544889.50253327,33.24680939207729,0.0,0.0,True
2040,P0077,Xinjiang,retire,0.0,0.0,0.0,0.0,0.0,True
2040,P0077,Xinjiang,ccs,0.018259395859877018,754094.497466727,0.6183574879227163,0.5565217391304446,0.6400000000000112,True
2040,P0077,Xinjiang,biomass,0.0,0.0,0.0,0.0,0.0,True
2040,P0077,Xinjiang,beccs,0.0,0.0,0.0,0.0,0.0,True
2040,P0077,Xinjiang,ammonia,0.0,0.0,0.0,0.0,0.0,True
2040,P0078,Heilongjiang,unabated,0.0,0.0,0.0,0.0,0.0,True
2040,P0078,Heilongjiang,retire,0.0,0.0,0.0,0.0,0.0,True
2040,P0078,Heilongjiang,ccs,0.0,0.0,0.0,0.0,0.0,True
2040,P0078,Heilongjiang,biomass,0.0,0.0,0.0,0.0,0.0,True
2040,P0078,Heilongjiang,beccs,1.0,18122985.0,14.860847699999999,28.235610629999996,15.380977369499998,True
2040,P0078,Heilongjiang,ammonia,0.0,0.0,0.0,0.0,0.0,True
2040,P0079,Guangxi,unabated,0.12088346750251355,5138152.753262078,4.2132852576749045,0.0,0.0,True
2040,P0079,Guangxi,retire,0.22311650281498774,9483568.737083076,7.776526364408122,7.776526364408122,0.0,True
2040,P0079,Guangxi,ccs,0.0,0.0,0.0,0.0,0.0,True
2040,P0079,Guangxi,biomass,0.0,0.0,0.0,0.0,0.0,True
2040,P0079,Guangxi,beccs,0.6560000296824987,27883286.509654846,22.864294937916974,43.442160382042246,23.664545260744067,True
2040,P0079,Guangxi,ammonia,0.0,0.0,0.0,0.0,0.0,True
2040,P0080,Shandong,unabated,0.0,0.0,0.0,0.0,0.0,True
2040,P0080,Shandong,retire,0.0,0.0,0.0,0.0,0.0,True
2040,P0080,Shandong,ccs,0.0,0.0,0.0,0.0,0.0,True
2040,P0080,Shandong,biomass,1.0,21587445.000000004,17.701704900000003,17.701704900000003,0.0,True
2040,P0080,Shandong,beccs,0.0,0.0,0.0,0.0,0.0,True
2040,P0080,Shandong,ammonia,0.0,0.0,0.0,0.0,0.0,True
2040,P0081,Gansu,unabated,1.0,8798160.0,7.214491199999999,0.0,0.0,True
2040,P0081,Gansu,retire,0.0,0.0,0.0,0.0,0.0,True
2040,P0081,Gansu,ccs,0.0,0.0,0.0,0.0,0.0,True
2040,P0081,Gansu,biomass,0.0,0.0,0.0,0.0,0.0,True
2040,P0081,Gansu,beccs,0.0,0.0,0.0,0.0,0.0,True
2040,P0081,Gansu,ammonia,0.0,0.0,0.0,0.0,0.0,True
2040,P0082,Liaoning,unabated,0.0,0.0,0.0,0.0,0.0,True
2040,P0082,Liaoning,retire,0.0,0.0,0.0,0.0,0.0,True
2040,P0082,Liaoning,ccs,0.0,0.0,0.0,0.0,0.0,True
2040,P0082,Liaoning,biomass,1.0,7751749.999999999,6.356434999999999,6.356434999999999,0.0,True
2040,P0082,Liaoning,beccs,0.0,0.0,0.0,0.0,0.0,True
2040,P0082,Liaoning,ammonia,0.0,0.0,0.0,0.0,0.0,True
2040,P0083,Shaanxi,unabated,1.0,58041020.0,47.5936364,0.0,0.0,True
2040,P0083,Shaanxi,retire,0.0,0.0,0.0,0.0,0.0,True
2040,P0083,Shaanxi,ccs,0.0,0.0,0.0,0.0,0.0,True
2040,P0083,Shaanxi,biomass,0.0,0.0,0.0,0.0,0.0,True
2040,P0083,Shaanxi,beccs,0.0,0.0,0.0,0.0,0.0,True
2040,P0083,Shaanxi,ammonia,0.0,0.0,0.0,0.0,0.0,True
2040,P0084,Shaanxi,unabated,1.0,12207220.0,10.009920399999999,0.0,0.0,True
2040,P0084,Shaanxi,retire,0.0,0.0,0.0,0.0,0.0,True
2040,P0084,Shaanxi,ccs,0.0,0.0,0.0,0.0,0.0,True
2040,P0084,Shaanxi,biomass,0.0,0.0,0.0,0.0,0.0,True
2040,P0084,Shaanxi,beccs,0.0,0.0,0.0,0.0,0.0,True
2040,P0084,Shaanxi,ammonia,0.0,0.0,0.0,0.0,0.0,True
2040,P0085,Jiangsu,unabated,1.0,50405775.00000001,41.3327355,0.0,0.0,True
2040,P0085,Jiangsu,retire,0.0,0.0,0.0,0.0,0.0,True
2040,P0085,Jiangsu,ccs,0.0,0.0,0.0,0.0,0.0,True
2040,P0085,Jiangsu,biomass,0.0,0.0,0.0,0.0,0.0,True
2040,P0085,Jiangsu,beccs,0.0,0.0,0.0,0.0,0.0,True
2040,P0085,Jiangsu,ammonia,0.0,0.0,0.0,0.0,0.0,True
2040,P0086,Shaanxi,unabated,0.0,0.0,0.0,0.0,0.0,True
2040,P0086,Shaanxi,retire,1.0,42929480.0,35.2021736,35.2021736,0.0,True
2040,P0086,Shaanxi,ccs,0.0,0.0,0.0,0.0,0.0,True
2040,P0086,Shaanxi,biomass,0.0,0.0,0.0,0.0,0.0,True
2040,P0086,Shaanxi,beccs,0.0,0.0,0.0,0.0,0.0,True
2040,P0086,Shaanxi,ammonia,0.0,0.0,0.0,0.0,0.0,True
2040,P0087,Hebei,unabated,0.23783681268501966,3231739.691788745,2.650026547266771,0.0,0.0,True
2040,P0087,Hebei,retire,0.0,0.0,0.0,0.0,0.0,True
2040,P0087,Hebei,ccs,0.0,0.0,0.0,0.0,0.0,True
2040,P0087,Hebei,biomass,0.7621631873149803,10356315.308211256,8.49217855273323,8.49217855273323,0.0,True
2040,P0087,Hebei,beccs,0.0,0.0,0.0,0.0,0.0,True
2040,P0087,Hebei,ammonia,0.0,0.0,0.0,0.0,0.0,True
2040,P0088,Zhejiang,unabated,0.0,0.0,0.0,0.0,0.0,True
2040,P0088,Zhejiang,retire,0.0,0.0,0.0,0.0,0.0,True
2040,P0088,Zhejiang,ccs,0.0,0.0,0.0,0.0,0.0,True
2040,P0088,Zhejiang,biomass,0.0,0.0,0.0,0.0,0.0,True
2040,P0088,Zhejiang,beccs,1.0,15775605.0,12.935996099999999,24.578392589999996,13.388755963499998,True
2040,P0088,Zhejiang,ammonia,0.0,0.0,0.0,0.0,0.0,True
2040,P0089,Ningxia,unabated,1.0,131480305.0,107.8138501,0.0,0.0,True
2040,P0089,Ningxia,retire,0.0,0.0,0.0,0.0,0.0,True
2040,P0089,Ningxia,ccs,0.0,0.0,0.0,0.0,0.0,True
2040,P0089,Ningxia,biomass,0.0,0.0,0.0,0.0,0.0,True
2040,P0089,Ningxia,beccs,0.0,0.0,0.0,0.0,0.0,True
2040,P0089,Ningxia,ammonia,0.0,0.0,0.0,0.0,0.0,True
2040,P0090,Guangdong,unabated,1.0,34962181.2,28.668988584,0.0,0.0,True
2040,P0090,Guangdong,retire,0.0,0.0,0.0,0.0,0.0,True
2040,P0090,Guangdong,ccs,0.0,0.0,0.0,0.0,0.0,True
2040,P0090,Guangdong,biomass,0.0,0.0,0.0,0.0,0.0,True
2040,P0090,Guangdong,beccs,0.0,0.0,0.0,0.0,0.0,True
2040,P0090,Guangdong,ammonia,0.0,0.0,0.0,0.0,0.0,True
2040,P0091,Guangdong,unabated,0.0,0.0,0.0,0.0,0.0,True
2040,P0091,Guangdong,retire,0.0,0.0,0.0,0.0,0.0,True
2040,P0091,Guangdong,ccs,0.0,0.0,0.0,0.0,0.0,True
2040,P0091,Guangdong,biomass,0.0,0.0,0.0,0.0,0.0,True
2040,P0091,Guangdong,beccs,1.0,35657946.0,29.23951572,55.555079868,30.262898770199996,True
2040,P0091,Guangdong,ammonia,0.0,0.0,0.0,0.0,0.0,True
2040,P0092,Jiangxi,unabated,0.0,0.0,0.0,0.0,0.0,True
2040,P0092,Jiangxi,retire,0.0,0.0,0.0,0.0,0.0,True
2040,P0092,Jiangxi,ccs,0.0,0.0,0.0,0.0,0.0,True
2040,P0092,Jiangxi,biomass,1.0,36462960.0,29.899627199999998,29.899627199999998,0.0,True
2040,P0092,Jiangxi,beccs,0.0,0.0,0.0,0.0,0.0,True
2040,P0092,Jiangxi,ammonia,0.0,0.0,0.0,0.0,0.0,True
2040,P0093,Hunan,unabated,1.0,18069412.5,14.81691825,0.0,0.0,True
2040,P0093,Hunan,retire,0.0,0.0,0.0,0.0,0.0,True
2040,P0093,Hunan,ccs,0.0,0.0,0.0,0.0,0.0,True
2040,P0093,Hunan,biomass,0.0,0.0,0.0,0.0,0.0,True
2040,P0093,Hunan,beccs,0.0,0.0,0.0,0.0,0.0,True
2040,P0093,Hunan,ammonia,0.0,0.0,0.0,0.0,0.0,True
2040,P0094,Fujian,unabated,0.0,0.0,0.0,0.0,0.0,True
2040,P0094,Fujian,retire,0.0,0.0,0.0,0.0,0.0,True
2040,P0094,Fujian,ccs,0.0,0.0,0.0,0.0,0.0,True
2040,P0094,Fujian,biomass,1.0,6459012.0,5.29638984,5.29638984,0.0,True
2040,P0094,Fujian,beccs,0.0,0.0,0.0,0.0,0.0,True
2040,P0094,Fujian,ammonia,0.0,0.0,0.0,0.0,0.0,True
2040,P0095,Anhui,unabated,0.0,0.0,0.0,0.0,0.0,True
2040,P0095,Anhui,retire,0.0,0.0,0.0,0.0,0.0,True
2040,P0095,Anhui,ccs,0.0,0.0,0.0,0.0,0.0,True
2040,P0095,Anhui,biomass,1.0,16313541.000000002,13.377103620000002,13.377103620000002,0.0,True
2040,P0095,Anhui,beccs,0.0,0.0,0.0,0.0,0.0,True
2040,P0095,Anhui,ammonia,0.0,0.0,0.0,0.0,0.0,True
2040,P0096,Guangdong,unabated,0.0,0.0,0.0,0.0,0.0,True
2040,P0096,Guangdong,retire,0.0,0.0,0.0,0.0,0.0,True
2040,P0096,Guangdong,ccs,0.0,0.0,0.0,0.0,0.0,True
2040,P0096,Guangdong,biomass,0.0,0.0,0.0,0.0,0.0,True
2040,P0096,Guangdong,beccs,1.0,22564039.0,18.50251198,35.154772762,19.150099899300002,True
2040,P0096,Guangdong,ammonia,0.0,0.0,0.0,0.0,0.0,True
2040,P0097,Gansu,unabated,0.05124339933220823,455141.41318550555,0.3732159588121145,0.0,0.0,True
2040,P0097,Gansu,retire,0.0,0.0,0.0,0.0,0.0,True
2040,P0097,Gansu,ccs,0.0,0.0,0.0,0.0,0.0,True
2040,P0097,Gansu,biomass,0.9487566006677918,8426810.586814495,6.909984681187885,6.909984681187885,0.0,True
2040,P0097,Gansu,beccs,0.0,0.0,0.0,0.0,0.0,True
2040,P0097,Gansu,ammonia,0.0,0.0,0.0,0.0,0.0,True
2040,P0098,Xinjiang,unabated,1.0,128966903.99999999,105.75286127999999,0.0,0.0,True
2040,P0098,Xinjiang,retire,0.0,0.0,0.0,0.0,0.0,True
2040,P0098,Xinjiang,ccs,0.0,0.0,0.0,0.0,0.0,True
2040,P0098,Xinjiang,biomass,0.0,0.0,0.0,0.0,0.0,True
2040,P0098,Xinjiang,beccs,0.0,0.0,0.0,0.0,0.0,True
2040,P0098,Xinjiang,ammonia,0.0,0.0,0.0,0.0,0.0,True
2040,P0099,Sichuan,unabated,0.0,0.0,0.0,0.0,0.0,True
2040,P0099,Sichuan,retire,0.0,0.0,0.0,0.0,0.0,True
2040,P0099,Sichuan,ccs,0.0,0.0,0.0,0.0,0.0,True
2040,P0099,Sichuan,biomass,0.0,0.0,0.0,0.0,0.0,True
2040,P0099,Sichuan,beccs,1.0,4996399.999999999,4.097047999999999,7.784391199999998,4.240444679999999,True
2040,P0099,Sichuan,ammonia,0.0,0.0,0.0,0.0,0.0,True
2040,P0100,Jiangxi,unabated,0.0,0.0,0.0,0.0,0.0,True
2040,P0100,Jiangxi,retire,0.0,0.0,0.0,0.0,0.0,True
2040,P0100,Jiangxi,ccs,0.0,0.0,0.0,0.0,0.0,True
2040,P0100,Jiangxi,biomass,1.0,15157152.0,12.428864639999999,12.428864639999999,0.0,True
2040,P0100,Jiangxi,beccs,0.0,0.0,0.0,0.0,0.0,True
2040,P0100,Jiangxi,ammonia,0.0,0.0,0.0,0.0,0.0,True
2040,P0101,Qinghai,unabated,0.8931250435686983,17819979.18804966,14.61238293420072,0.0,0.0,True
2040,P0101,Qinghai,retire,0.0,0.0,0.0,0.0,0.0,True
2040,P0101,Qinghai,ccs,0.10687495643130172,2132410.8119503404,1.7485768657992788,1.573719179219351,1.8097770561022537,True
2040,P0101,Qinghai,biomass,0.0,0.0,0.0,0.0,0.0,True
2040,P0101,Qinghai,beccs,0.0,0.0,0.0,0.0,0.0,True
2040,P0101,Qinghai,ammonia,0.0,0.0,0.0,0.0,0.0,True
2040,P0102,Hunan,unabated,0.0,0.0,0.0,0.0,0.0,True
2040,P0102,Hunan,retire,0.0,0.0,0.0,0.0,0.0,True
2040,P0102,Hunan,ccs,0.0,0.0,0.0,0.0,0.0,True
2040,P0102,Hunan,biomass,1.0,9845388.0,8.07321816,8.07321816,0.0,True
2040,P0102,Hunan,beccs,0.0,0.0,0.0,0.0,0.0,True
2040,P0102,Hunan,ammonia,0.0,0.0,0.0,0.0,0.0,True
2040,P0103,Inner Mongolia,unabated,1.0,19119700.0,15.678153999999997,0.0,0.0,True
2040,P0103,Inner Mongolia,retire,0.0,0.0,0.0,0.0,0.0,True
2040,P0103,Inner Mongolia,ccs,0.0,0.0,0.0,0.0,0.0,True
2040,P0103,Inner Mongolia,biomass,0.0,0.0,0.0,0.0,0.0,True
2040,P0103,Inner Mongolia,beccs,0.0,0.0,0.0,0.0,0.0,True
2040,P0103,Inner Mongolia,ammonia,0.0,0.0,0.0,0.0,0.0,True
2040,P0104,Inner Mongolia,unabated,1.0,22843010.0,18.7312682,0.0,0.0,True
2040,P0104,Inner Mongolia,retire,0.0,0.0,0.0,0.0,0.0,True
2040,P0104,Inner Mongolia,ccs,0.0,0.0,0.0,0.0,0.0,True
2040,P0104,Inner Mongolia,biomass,0.0,0.0,0.0,0.0,0.0,True
2040,P0104,Inner Mongolia,beccs,0.0,0.0,0.0,0.0,0.0,True
2040,P0104,Inner Mongolia,ammonia,0.0,0.0,0.0,0.0,0.0,True
2040,P0105,Liaoning,unabated,0.0,0.0,0.0,0.0,0.0,True
2040,P0105,Liaoning,retire,0.0,0.0,0.0,0.0,0.0,True
2040,P0105,Liaoning,ccs,0.0,0.0,0.0,0.0,0.0,True
2040,P0105,Liaoning,biomass,0.0,0.0,0.0,0.0,0.0,True
2040,P0105,Liaoning,beccs,1.0,4030910.0,3.3053462,6.28015778,3.4210333169999996,True
2040,P0105,Liaoning,ammonia,0.0,0.0,0.0,0.0,0.0,True
2040,P0106,Hubei,unabated,1.0,39558279.99999999,32.43778959999999,0.0,0.0,True
2040,P0106,Hubei,retire,0.0,0.0,0.0,0.0,0.0,True
2040,P0106,Hubei,ccs,0.0,0.0,0.0,0.0,0.0,True
2040,P0106,Hubei,biomass,0.0,0.0,0.0,0.0,0.0,True
2040,P0106,Hubei,beccs,0.0,0.0,0.0,0.0,0.0,True
2040,P0106,Hubei,ammonia,0.0,0.0,0.0,0.0,0.0,True
2040,P0107,Liaoning,unabated,1.0,14387248.0,11.797543359999999,0.0,0.0,True
2040,P0107,Liaoning,retire,0.0,0.0,0.0,0.0,0.0,True
2040,P0107,Liaoning,ccs,0.0,0.0,0.0,0.0,0.0,True
2040,P0107,Liaoning,biomass,0.0,0.0,0.0,0.0,0.0,True
2040,P0107,Liaoning,beccs,0.0,0.0,0.0,0.0,0.0,True
2040,P0107,Liaoning,ammonia,0.0,0.0,0.0,0.0,0.0,True
2040,P0108,Guangdong,unabated,1.0,22805624.0,18.700611679999998,0.0,0.0,True
2040,P0108,Guangdong,retire,0.0,0.0,0.0,0.0,0.0,True
2040,P0108,Guangdong,ccs,0.0,0.0,0.0,0.0,0.0,True
2040,P0108,Guangdong,biomass,0.0,0.0,0.0,0.0,0.0,True
2040,P0108,Guangdong,beccs,0.0,0.0,0.0,0.0,0.0,True
2040,P0108,Guangdong,ammonia,0.0,0.0,0.0,0.0,0.0,True
2040,P0109,Shaanxi,unabated,0.8995253547781268,34044264.140259385,27.916296595012692,0.0,0.0,True
2040,P0109,Shaanxi,retire,0.0,0.0,0.0,0.0,0.0,True
2040,P0109,Shaanxi,ccs,0.0,0.0,0.0,0.0,0.0,True
2040,P0109,Shaanxi,biomass,0.09238017175888182,3496304.9701446593,2.8669700755186205,2.8669700755186205,0.0,True
2040,P0109,Shaanxi,beccs,0.00809447346299186,306350.88959597587,0.2512077294687002,0.4772946859905303,0.2600000000001047,True
2040,P0109,Shaanxi,ammonia,0.0,0.0,0.0,0.0,0.0,True
2040,P0110,Guizhou,unabated,1.0,62946546.0,51.61616772,0.0,0.0,True
2040,P0110,Guizhou,retire,0.0,0.0,0.0,0.0,0.0,True
2040,P0110,Guizhou,ccs,0.0,0.0,0.0,0.0,0.0,True
2040,P0110,Guizhou,biomass,0.0,0.0,0.0,0.0,0.0,True
2040,P0110,Guizhou,beccs,0.0,0.0,0.0,0.0,0.0,True
2040,P0110,Guizhou,ammonia,0.0,0.0,0.0,0.0,0.0,True
2040,P0111,Guangxi,unabated,0.0,0.0,0.0,0.0,0.0,True
2040,P0111,Guangxi,retire,0.0,0.0,0.0,0.0,0.0,True
2040,P0111,Guangxi,ccs,0.0,0.0,0.0,0.0,0.0,True
2040,P0111,Guangxi,biomass,1.0,587794.48,0.48199147359999994,0.48199147359999994,0.0,True
2040,P0111,Guangxi,beccs,0.0,0.0,0.0,0.0,0.0,True
2040,P0111,Guangxi,ammonia,0.0,0.0,0.0,0.0,0.0,True
2040,P0112,Guangdong,unabated,1.0,41166084.0,33.756188879999996,0.0,0.0,True
2040,P0112,Guangdong,retire,0.0,0.0,0.0,0.0,0.0,True
2040,P0112,Guangdong,ccs,0.0,0.0,0.0,0.0,0.0,True
2040,P0112,Guangdong,biomass,0.0,0.0,0.0,0.0,0.0,True
2040,P0112,Guangdong,beccs,0.0,0.0,0.0,0.0,0.0,True
2040,P0112,Guangdong,ammonia,0.0,0.0,0.0,0.0,0.0,True
2040,P0113,Inner Mongolia,unabated,0.5855028133645337,11783829.621774605,9.662740289855176,0.0,0.0,True
2040,P0113,Inner Mongolia,retire,0.0,0.0,0.0,0.0,0.0,True
2040,P0113,Inner Mongolia,ccs,0.0,0.0,0.0,0.0,0.0,True
2040,P0113,Inner Mongolia,biomass,0.0,0.0,0.0,0.0,0.0,True
2040,P0113,Inner Mongolia,beccs,0.4144971866354663,8342170.3782253945,6.840579710144823,12.997101449275164,7.079999999999891,True
2040,P0113,Inner Mongolia,ammonia,0.0,0.0,0.0,0.0,0.0,True
2040,P0114,Guangxi,unabated,0.0,0.0,0.0,0.0,0.0,True
2040,P0114,Guangxi,retire,0.0,0.0,0.0,0.0,0.0,True
2040,P0114,Guangxi,ccs,0.0,0.0,0.0,0.0,0.0,True
2040,P0114,Guangxi,biomass,0.0,0.0,0.0,0.0,0.0,True
2040,P0114,Guangxi,beccs,1.0,29485456.0,24.17807392,45.938340448,25.0243065072,True
2040,P0114,Guangxi,ammonia,0.0,0.0,0.0,0.0,0.0,True
2040,P0115,Shandong,unabated,0.0,0.0,0.0,0.0,0.0,True
2040,P0115,Shandong,retire,0.0,0.0,0.0,0.0,0.0,True
2040,P0115,Shandong,ccs,0.0,0.0,0.0,0.0,0.0,True
2040,P0115,Shandong,biomass,1.0,9550809.0,7.83166338,7.83166338,0.0,True
2040,P0115,Shandong,beccs,0.0,0.0,0.0,0.0,0.0,True
2040,P0115,Shandong,ammonia,0.0,0.0,0.0,0.0,0.0,True
2040,P0116,Liaoning,unabated,0.0,0.0,0.0,0.0,0.0,True
2040,P0116,Liaoning,retire,0.0,0.0,0.0,0.0,0.0,True
2040,P0116,Liaoning,ccs,0.0,0.0,0.0,0.0,0.0,True
2040,P0116,Liaoning,biomass,1.0,2542573.9999999995,2.0849106799999997,2.0849106799999997,0.0,True
2040,P0116,Liaoning,beccs,0.0,0.0,0.0,0.0,0.0,True
2040,P0116,Liaoning,ammonia,0.0,0.0,0.0,0.0,0.0,True
2040,P0117,Henan,unabated,0.0,0.0,0.0,0.0,0.0,True
2040,P0117,Henan,retire,0.0,0.0,0.0,0.0,0.0,True
2040,P0117,Henan,ccs,0.0,0.0,0.0,0.0,0.0,True
2040,P0117,Henan,biomass,1.0,8351072.0,6.8478790400000005,6.8478790400000005,0.0,True
2040,P0117,Henan,beccs,0.0,0.0,0.0,0.0,0.0,True
2040,P0117,Henan,ammonia,0.0,0.0,0.0,0.0,0.0,True
2040,P0118,Liaoning,unabated,0.0,0.0,0.0,0.0,0.0,True
2040,P0118,Liaoning,retire,0.0,0.0,0.0,0.0,0.0,True
2040,P0118,Liaoning,ccs,0.0,0.0,0.0,0.0,0.0,True
2040,P0118,Liaoning,biomass,1.0,16867807.999999996,13.831602559999997,13.831602559999997,0.0,True
2040,P0118,Liaoning,beccs,0.0,0.0,0.0,0.0,0.0,True
2040,P0118,Liaoning,ammonia,0.0,0.0,0.0,0.0,0.0,True
2040,P0119,Guizhou,unabated,1.0,27248354.0,22.34365028,0.0,0.0,True
2040,P0119,Guizhou,retire,0.0,0.0,0.0,0.0,0.0,True
2040,P0119,Guizhou,ccs,0.0,0.0,0.0,0.0,0.0,True
2040,P0119,Guizhou,biomass,0.0,0.0,0.0,0.0,0.0,True
2040,P0119,Guizhou,beccs,0.0,0.0,0.0,0.0,0.0,True
2040,P0119,Guizhou,ammonia,0.0,0.0,0.0,0.0,0.0,True
2040,P0120,Inner Mongolia,unabated,1.0,23648049.999999996,19.391400999999995,0.0,0.0,True
2040,P0120,Inner Mongolia,retire,0.0,0.0,0.0,0.0,0.0,True
2040,P0120,Inner Mongolia,ccs,0.0,0.0,0.0,0.0,0.0,True
2040,P0120,Inner Mongolia,biomass,0.0,0.0,0.0,0.0,0.0,True
2040,P0120,Inner Mongolia,beccs,0.0,0.0,0.0,0.0,0.0,True
2040,P0120,Inner Mongolia,ammonia,0.0,0.0,0.0,0.0,0.0,True
2040,P0121,Guangdong,unabated,1.0,32662292.0,26.783079439999998,0.0,0.0,True
2040,P0121,Guangdong,retire,0.0,0.0,0.0,0.0,0.0,True
2040,P0121,Guangdong,ccs,0.0,0.0,0.0,0.0,0.0,True
2040,P0121,Guangdong,biomass,0.0,0.0,0.0,0.0,0.0,True
2040,P0121,Guangdong,beccs,0.0,0.0,0.0,0.0,0.0,True
2040,P0121,Guangdong,ammonia,0.0,0.0,0.0,0.0,0.0,True
2040,P0122,Shaanxi,unabated,0.6269844761857495,21026438.536159582,17.241679599650855,0.0,0.0,True
2040,P0122,Shaanxi,retire,0.0,0.0,0.0,0.0,0.0,True
2040,P0122,Shaanxi,ccs,0.3730155238142505,12509381.46384042,10.257692800349142,9.23192352031423,10.616712048361363,True
2040,P0122,Shaanxi,biomass,0.0,0.0,0.0,0.0,0.0,True
2040,P0122,Shaanxi,beccs,0.0,0.0,0.0,0.0,0.0,True
2040,P0122,Shaanxi,ammonia,0.0,0.0,0.0,0.0,0.0,True
2040,P0123,Hebei,unabated,1.0,29973912.800000004,24.578608496000005,0.0,0.0,True
2040,P0123,Hebei,retire,0.0,0.0,0.0,0.0,0.0,True
2040,P0123,Hebei,ccs,0.0,0.0,0.0,0.0,0.0,True
2040,P0123,Hebei,biomass,0.0,0.0,0.0,0.0,0.0,True
2040,P0123,Hebei,beccs,0.0,0.0,0.0,0.0,0.0,True
2040,P0123,Hebei,ammonia,0.0,0.0,0.0,0.0,0.0,True
2040,P0124,Henan,unabated,0.0,0.0,0.0,0.0,0.0,True
2040,P0124,Henan,retire,0.0,0.0,0.0,0.0,0.0,True
2040,P0124,Henan,ccs,0.0,0.0,0.0,0.0,0.0,True
2040,P0124,Henan,biomass,1.0,42007332.0,34.446012239999995,34.446012239999995,0.0,True
2040,P0124,Henan,beccs,0.0,0.0,0.0,0.0,0.0,True
2040,P0124,Henan,ammonia,0.0,0.0,0.0,0.0,0.0,True
2040,P0125,Xinjiang,unabated,0.9080670121881024,57116590.54178456,46.83560424426334,0.0,0.0,True
2040,P0125,Xinjiang,retire,0.0,0.0,0.0,0.0,0.0,True
2040,P0125,Xinjiang,ccs,0.0919329878118976,5782501.458215425,4.741651195736648,4.267486076162983,4.90760898758743,True
2040,P0125,Xinjiang,biomass,0.0,0.0,0.0,0.0,0.0,True
2040,P0125,Xinjiang,beccs,0.0,0.0,0.0,0.0,0.0,True
2040,P0125,Xinjiang,ammonia,0.0,0.0,0.0,0.0,0.0,True
2040,P0126,Jiangsu,unabated,1.0,86326786.00000001,70.78796452000002,0.0,0.0,True
2040,P0126,Jiangsu,retire,0.0,0.0,0.0,0.0,0.0,True
2040,P0126,Jiangsu,ccs,0.0,0.0,0.0,0.0,0.0,True
2040,P0126,Jiangsu,biomass,0.0,0.0,0.0,0.0,0.0,True
2040,P0126,Jiangsu,beccs,0.0,0.0,0.0,0.0,0.0,True
2040,P0126,Jiangsu,ammonia,0.0,0.0,0.0,0.0,0.0,True
2040,P0127,Hebei,unabated,0.0,0.0,0.0,0.0,0.0,True
2040,P0127,Hebei,retire,0.0,0.0,0.0,0.0,0.0,True
2040,P0127,Hebei,ccs,0.0,0.0,0.0,0.0,0.0,True
2040,P0127,Hebei,biomass,1.0,7796425.000000001,6.3930685,6.3930685,0.0,True
2040,P0127,Hebei,beccs,0.0,0.0,0.0,0.0,0.0,True
2040,P0127,Hebei,ammonia,0.0,0.0,0.0,0.0,0.0,True
2040,P0128,Xinjiang,unabated,0.0,0.0,0.0,0.0,0.0,True
2040,P0128,Xinjiang,retire,0.0,0.0,0.0,0.0,0.0,True
2040,P0128,Xinjiang,ccs,0.572084430384836,2930653.524935944,2.403135890447474,2.162822301402727,2.4872456466131356,True
2040,P0128,Xinjiang,biomass,0.0,0.0,0.0,0.0,0.0,True
2040,P0128,Xinjiang,beccs,0.4279155719371315,2192110.4869589475,1.7975305993063369,2.5165428390288715,1.8604441702820587,True
2040,P0128,Xinjiang,ammonia,0.0,0.0,0.0,0.0,0.0,True
2040,P0129,Inner Mongolia,unabated,1.0,67573045.0,55.4098969,0.0,0.0,True
2040,P0129,Inner Mongolia,retire,0.0,0.0,0.0,0.0,0.0,True
2040,P0129,Inner Mongolia,ccs,0.0,0.0,0.0,0.0,0.0,True
2040,P0129,Inner Mongolia,biomass,0.0,0.0,0.0,0.0,0.0,True
2040,P0129,Inner Mongolia,beccs,0.0,0.0,0.0,0.0,0.0,True
2040,P0129,Inner Mongolia,ammonia,0.0,0.0,0.0,0.0,0.0,True
2040,P0130,Hebei,unabated,0.0,0.0,0.0,0.0,0.0,True
2040,P0130,Hebei,retire,0.0,0.0,0.0,0.0,0.0,True
2040,P0130,Hebei,ccs,0.0,0.0,0.0,0.0,0.0,True
2040,P0130,Hebei,biomass,1.0,5791630.0,4.7491366,4.7491366,0.0,True
2040,P0130,Hebei,beccs,0.0,0.0,0.0,0.0,0.0,True
2040,P0130,Hebei,ammonia,0.0,0.0,0.0,0.0,0.0,True
2040,P0131,Zhejiang,unabated,0.9137230350480722,62210092.7255896,51.01227603498348,0.0,0.0,True
2040,P0131,Zhejiang,retire,0.0,0.0,0.0,0.0,0.0,True
2040,P0131,Zhejiang,ccs,0.08627696495192781,5874097.274410394,4.816759765016523,4.335083788514871,4.985346356792101,True
2040,P0131,Zhejiang,biomass,0.0,0.0,0.0,0.0,0.0,True
2040,P0131,Zhejiang,beccs,0.0,0.0,0.0,0.0,0.0,True
2040,P0131,Zhejiang,ammonia,0.0,0.0,0.0,0.0,0.0,True
2040,P0132,Jilin,unabated,0.0,0.0,0.0,0.0,0.0,True
2040,P0132,Jilin,retire,0.0,0.0,0.0,0.0,0.0,True
2040,P0132,Jilin,ccs,0.0,0.0,0.0,0.0,0.0,True
2040,P0132,Jilin,biomass,0.0,0.0,0.0,0.0,0.0,True
2040,P0132,Jilin,beccs,1.0,6228808.0,5.107622559999999,9.704482864,5.286389349599999,True
2040,P0132,Jilin,ammonia,0.0,0.0,0.0,0.0,0.0,True
2040,P0133,Anhui,unabated,0.0,0.0,0.0,0.0,0.0,True
2040,P0133,Anhui,retire,0.0,0.0,0.0,0.0,0.0,True
2040,P0133,Anhui,ccs,0.0,0.0,0.0,0.0,0.0,True
2040,P0133,Anhui,biomass,0.4754923306318102,14740647.39837393,12.087330866666623,12.087330866666623,0.0,True
2040,P0133,Anhui,beccs,0.5245076693681899,16260162.601626078,13.333333333333385,25.333333333333428,13.8,True
2040,P0133,Anhui,ammonia,0.0,0.0,0.0,0.0,0.0,True
2040,P0134,Shanxi,unabated,0.27690965657075683,4108660.1825772915,3.369101349713379,0.0,0.0,True
2040,P0134,Shanxi,retire,0.0,0.0,0.0,0.0,0.0,True
2040,P0134,Shanxi,ccs,0.0,0.0,0.0,0.0,0.0,True
2040,P0134,Shanxi,biomass,0.0,0.0,0.0,0.0,0.0,True
2040,P0134,Shanxi,beccs,0.7230903434292442,10728887.317422723,8.797687600286633,16.7156064405446,9.105606666296662,True
2040,P0134,Shanxi,ammonia,0.0,0.0,0.0,0.0,0.0,True
2040,P0135,Liaoning,unabated,0.0,0.0,0.0,0.0,0.0,True
2040,P0135,Liaoning,retire,0.0,0.0,0.0,0.0,0.0,True
2040,P0135,Liaoning,ccs,0.0,0.0,0.0,0.0,0.0,True
2040,P0135,Liaoning,biomass,1.0,5891330.0,4.8308906,4.8308906,0.0,True
2040,P0135,Liaoning,beccs,0.0,0.0,0.0,0.0,0.0,True
2040,P0135,Liaoning,ammonia,0.0,0.0,0.0,0.0,0.0,True
2040,P0136,Inner Mongolia,unabated,0.0,0.0,0.0,0.0,0.0,True
2040,P0136,Inner Mongolia,retire,0.0,0.0,0.0,0.0,0.0,True
2040,P0136,Inner Mongolia,ccs,0.0,0.0,0.0,0.0,0.0,True
2040,P0136,Inner Mongolia,biomass,0.0,0.0,0.0,0.0,0.0,True
2040,P0136,Inner Mongolia,beccs,1.0,4427720.0,3.6307304,6.898387759999999,3.7578059639999997,True
2040,P0136,Inner Mongolia,ammonia,0.0,0.0,0.0,0.0,0.0,True
2040,P0137,Xinjiang,unabated,1.0,7393679.999999999,6.062817599999999,0.0,0.0,True
2040,P0137,Xinjiang,retire,0.0,0.0,0.0,0.0,0.0,True
2040,P0137,Xinjiang,ccs,0.0,0.0,0.0,0.0,0.0,True
2040,P0137,Xinjiang,biomass,0.0,0.0,0.0,0.0,0.0,True
2040,P0137,Xinjiang,beccs,0.0,0.0,0.0,0.0,0.0,True
2040,P0137,Xinjiang,ammonia,0.0,0.0,0.0,0.0,0.0,True
2040,P0138,Jilin,unabated,0.0,0.0,0.0,0.0,0.0,True
2040,P0138,Jilin,retire,0.0,0.0,0.0,0.0,0.0,True
2040,P0138,Jilin,ccs,0.0,0.0,0.0,0.0,0.0,True
2040,P0138,Jilin,biomass,1.0,4345680.000000001,3.5634576000000004,3.5634576000000004,0.0,True
2040,P0138,Jilin,beccs,0.0,0.0,0.0,0.0,0.0,True
2040,P0138,Jilin,ammonia,0.0,0.0,0.0,0.0,0.0,True
2040,P0139,Heilongjiang,unabated,0.0,0.0,0.0,0.0,0.0,True
2040,P0139,Heilongjiang,retire,0.0,0.0,0.0,0.0,0.0,True
2040,P0139,Heilongjiang,ccs,0.0,0.0,0.0,0.0,0.0,True
2040,P0139,Heilongjiang,biomass,1.0,4156807.5000000005,3.4085821500000004,3.4085821500000004,0.0,True
2040,P0139,Heilongjiang,beccs,0.0,0.0,0.0,0.0,0.0,True
2040,P0139,Heilongjiang,ammonia,0.0,0.0,0.0,0.0,0.0,True
2040,P0140,Guangdong,unabated,0.2325025739913832,12896433.243937828,10.575075260029017,0.0,0.0,True
2040,P0140,Guangdong,retire,0.0,0.0,0.0,0.0,0.0,True
2040,P0140,Guangdong,ccs,0.20927076061057526,11607812.970803497,9.518406636058867,8.566565972452981,9.851550868320928,True
2040,P0140,Guangdong,biomass,0.0,0.0,0.0,0.0,0.0,True
2040,P0140,Guangdong,beccs,0.5582266653980416,30963669.785258677,25.390209223912112,41.89384521945498,26.278866546749036,True
2040,P0140,Guangdong,ammonia,0.0,0.0,0.0,0.0,0.0,True
2040,P0141,Shandong,unabated,1.0,46881825.00000001,38.44309650000001,0.0,0.0,True
2040,P0141,Shandong,retire,0.0,0.0,0.0,0.0,0.0,True
2040,P0141,Shandong,ccs,0.0,0.0,0.0,0.0,0.0,True
2040,P0141,Shandong,biomass,0.0,0.0,0.0,0.0,0.0,True
2040,P0141,Shandong,beccs,0.0,0.0,0.0,0.0,0.0,True
2040,P0141,Shandong,ammonia,0.0,0.0,0.0,0.0,0.0,True
2040,P0142,Jiangsu,unabated,0.0,0.0,0.0,0.0,0.0,True
2040,P0142,Jiangsu,retire,0.0,0.0,0.0,0.0,0.0,True
2040,P0142,Jiangsu,ccs,0.0,0.0,0.0,0.0,0.0,True
2040,P0142,Jiangsu,biomass,0.0,0.0,0.0,0.0,0.0,True
2040,P0142,Jiangsu,beccs,1.0,33453385.000000004,27.431775700000003,52.120373830000005,28.3918878495,True
2040,P0142,Jiangsu,ammonia,0.0,0.0,0.0,0.0,0.0,True
2040,P0143,Yunnan,unabated,0.0,0.0,0.0,0.0,0.0,True
2040,P0143,Yunnan,retire,0.0,0.0,0.0,0.0,0.0,True
2040,P0143,Yunnan,ccs,0.0,0.0,0.0,0.0,0.0,True
2040,P0143,Yunnan,biomass,1.0,11205499.999999998,9.188509999999997,9.188509999999997,0.0,True
2040,P0143,Yunnan,beccs,0.0,0.0,0.0,0.0,0.0,True
2040,P0143,Yunnan,ammonia,0.0,0.0,0.0,0.0,0.0,True
2040,P0144,Shanxi,unabated,1.0,32892597.499999996,26.971929949999996,0.0,0.0,True
2040,P0144,Shanxi,retire,0.0,0.0,0.0,0.0,0.0,True
2040,P0144,Shanxi,ccs,0.0,0.0,0.0,0.0,0.0,True
2040,P0144,Shanxi,biomass,0.0,0.0,0.0,0.0,0.0,True
2040,P0144,Shanxi,beccs,0.0,0.0,0.0,0.0,0.0,True
2040,P0144,Shanxi,ammonia,0.0,0.0,0.0,0.0,0.0,True
2040,P0145,Liaoning,unabated,0.0,0.0,0.0,0.0,0.0,True
2040,P0145,Liaoning,retire,0.0,0.0,0.0,0.0,0.0,True
2040,P0145,Liaoning,ccs,0.0,0.0,0.0,0.0,0.0,True
2040,P0145,Liaoning,biomass,1.0,8185847.999999999,6.712395359999999,6.712395359999999,0.0,True
2040,P0145,Liaoning,beccs,0.0,0.0,0.0,0.0,0.0,True
2040,P0145,Liaoning,ammonia,0.0,0.0,0.0,0.0,0.0,True
2040,P0146,Shanxi,unabated,1.0,19906850.0,16.323617,0.0,0.0,True
2040,P0146,Shanxi,retire,0.0,0.0,0.0,0.0,0.0,True
2040,P0146,Shanxi,ccs,0.0,0.0,0.0,0.0,0.0,True
2040,P0146,Shanxi,biomass,0.0,0.0,0.0,0.0,0.0,True
2040,P0146,Shanxi,beccs,0.0,0.0,0.0,0.0,0.0,True
2040,P0146,Shanxi,ammonia,0.0,0.0,0.0,0.0,0.0,True
2040,P0147,Inner Mongolia,unabated,1.0,15698279.999999998,12.872589599999998,0.0,0.0,True
2040,P0147,Inner Mongolia,retire,0.0,0.0,0.0,0.0,0.0,True
2040,P0147,Inner Mongolia,ccs,0.0,0.0,0.0,0.0,0.0,True
2040,P0147,Inner Mongolia,biomass,0.0,0.0,0.0,0.0,0.0,True
2040,P0147,Inner Mongolia,beccs,0.0,0.0,0.0,0.0,0.0,True
2040,P0147,Inner Mongolia,ammonia,0.0,0.0,0.0,0.0,0.0,True
2040,P0148,Shandong,unabated,0.0,0.0,0.0,0.0,0.0,True
2040,P0148,Shandong,retire,0.0,0.0,0.0,0.0,0.0,True
2040,P0148,Shandong,ccs,0.0,0.0,0.0,0.0,0.0,True
2040,P0148,Shandong,biomass,1.0,9114699.000000002,7.47405318,7.47405318,0.0,True
2040,P0148,Shandong,beccs,0.0,0.0,0.0,0.0,0.0,True
2040,P0148,Shandong,ammonia,0.0,0.0,0.0,0.0,0.0,True
2040,P0149,Shaanxi,unabated,1.0,42384920.0,34.7556344,0.0,0.0,True
2040,P0149,Shaanxi,retire,0.0,0.0,0.0,0.0,0.0,True
2040,P0149,Shaanxi,ccs,0.0,0.0,0.0,0.0,0.0,True
2040,P0149,Shaanxi,biomass,0.0,0.0,0.0,0.0,0.0,True
2040,P0149,Shaanxi,beccs,0.0,0.0,0.0,0.0,0.0,True
2040,P0149,Shaanxi,ammonia,0.0,0.0,0.0,0.0,0.0,True
2040,P0150,Guizhou,unabated,0.0,0.0,0.0,0.0,0.0,True
2040,P0150,Guizhou,retire,0.0,0.0,0.0,0.0,0.0,True
2040,P0150,Guizhou,ccs,0.0,0.0,0.0,0.0,0.0,True
2040,P0150,Guizhou,biomass,1.0,664594.0,0.5449670799999999,0.5449670799999999,0.0,True
2040,P0150,Guizhou,beccs,0.0,0.0,0.0,0.0,0.0,True
2040,P0150,Guizhou,ammonia,0.0,0.0,0.0,0.0,0.0,True
2040,P0151,Shandong,unabated,1.0,16899262.500000004,13.857395250000001,0.0,0.0,True
2040,P0151,Shandong,retire,0.0,0.0,0.0,0.0,0.0,True
2040,P0151,Shandong,ccs,0.0,0.0,0.0,0.0,0.0,True
2040,P0151,Shandong,biomass,0.0,0.0,0.0,0.0,0.0,True
2040,P0151,Shandong,beccs,0.0,0.0,0.0,0.0,0.0,True
2040,P0151,Shandong,ammonia,0.0,0.0,0.0,0.0,0.0,True
2040,P0152,Guangdong,unabated,0.29049033542509545,1866737.6643856668,1.5307248847962465,0.0,0.0,True
2040,P0152,Guangdong,retire,0.0,0.0,0.0,0.0,0.0,True
2040,P0152,Guangdong,ccs,0.0,0.0,0.0,0.0,0.0,True
2040,P0152,Guangdong,biomass,0.0,0.0,0.0,0.0,0.0,True
2040,P0152,Guangdong,beccs,0.7095096645749047,4559423.335614334,3.7387271352037534,7.103581556887131,3.8695825849358845,True
2040,P0152,Guangdong,ammonia,0.0,0.0,0.0,0.0,0.0,True
2040,P0153,Heilongjiang,unabated,0.0,0.0,0.0,0.0,0.0,True
2040,P0153,Heilongjiang,retire,0.0,0.0,0.0,0.0,0.0,True
2040,P0153,Heilongjiang,ccs,0.0,0.0,0.0,0.0,0.0,True
2040,P0153,Heilongjiang,biomass,0.0,0.0,0.0,0.0,0.0,True
2040,P0153,Heilongjiang,beccs,1.0,7391812.500000001,6.06128625,11.516443875,6.27343126875,True
2040,P0153,Heilongjiang,ammonia,0.0,0.0,0.0,0.0,0.0,True
2040,P0154,Tianjin,unabated,0.2093291621812431,5554997.282886353,4.5550977719668095,0.0,0.0,True
2040,P0154,Tianjin,retire,0.0,0.0,0.0,0.0,0.0,True
2040,P0154,Tianjin,ccs,0.0,0.0,0.0,0.0,0.0,True
2040,P0154,Tianjin,biomass,0.11051791035542935,2932829.2596094785,2.404919992879772,2.404919992879772,0.0,True
2040,P0154,Tianjin,beccs,0.6801529274633276,18049313.45750417,14.800437035153417,28.12083036679149,15.318452331383787,True
2040,P0154,Tianjin,ammonia,0.0,0.0,0.0,0.0,0.0,True
2040,P0155,Shanxi,unabated,0.2352942594887295,3335420.59891601,2.735044891111128,0.0,0.0,True
2040,P0155,Shanxi,retire,0.0,0.0,0.0,0.0,0.0,True
2040,P0155,Shanxi,ccs,0.05882956453529921,833940.1981275054,0.6838309624645543,0.615447866218099,0.7077650461508151,True
2040,P0155,Shanxi,biomass,0.0,0.0,0.0,0.0,0.0,True
2040,P0155,Shanxi,beccs,0.7058761759759713,10006168.202956483,8.205057926424315,15.5896100602062,8.492234953849184,True
2040,P0155,Shanxi,ammonia,0.0,0.0,0.0,0.0,0.0,True
2040,P0156,Yunnan,unabated,0.0,0.0,0.0,0.0,0.0,True
2040,P0156,Yunnan,retire,0.0,0.0,0.0,0.0,0.0,True
2040,P0156,Yunnan,ccs,0.0,0.0,0.0,0.0,0.0,True
2040,P0156,Yunnan,biomass,1.0,2689319.9999999995,2.2052423999999995,2.2052423999999995,0.0,True
2040,P0156,Yunnan,beccs,0.0,0.0,0.0,0.0,0.0,True
2040,P0156,Yunnan,ammonia,0.0,0.0,0.0,0.0,0.0,True
2040,P0157,Guizhou,unabated,0.019505999277097952,477800.1545084883,0.3917961266969604,0.0,0.0,True
2040,P0157,Guizhou,retire,0.0,0.0,0.0,0.0,0.0,True
2040,P0157,Guizhou,ccs,0.0,0.0,0.0,0.0,0.0,True
2040,P0157,Guizhou,biomass,0.980494000722902,24017235.84549151,19.69413339330304,19.69413339330304,0.0,True
2040,P0157,Guizhou,beccs,0.0,0.0,0.0,0.0,0.0,True
2040,P0157,Guizhou,ammonia,0.0,0.0,0.0,0.0,0.0,True
2040,P0158,Guangxi,unabated,0.0,0.0,0.0,0.0,0.0,True
2040,P0158,Guangxi,retire,0.0,0.0,0.0,0.0,0.0,True
2040,P0158,Guangxi,ccs,0.0,0.0,0.0,0.0,0.0,True
2040,P0158,Guangxi,biomass,1.0,7299565.0,5.9856432999999996,5.9856432999999996,0.0,True
2040,P0158,Guangxi,beccs,0.0,0.0,0.0,0.0,0.0,True
2040,P0158,Guangxi,ammonia,0.0,0.0,0.0,0.0,0.0,True
2040,P0159,Fujian,unabated,1.0,17480341.999999996,14.333880439999996,0.0,0.0,True
2040,P0159,Fujian,retire,0.0,0.0,0.0,0.0,0.0,True
2040,P0159,Fujian,ccs,0.0,0.0,0.0,0.0,0.0,True
2040,P0159,Fujian,biomass,0.0,0.0,0.0,0.0,0.0,True
2040,P0159,Fujian,beccs,0.0,0.0,0.0,0.0,0.0,True
2040,P0159,Fujian,ammonia,0.0,0.0,0.0,0.0,0.0,True
2040,P0160,Hubei,unabated,0.0,0.0,0.0,0.0,0.0,True
2040,P0160,Hubei,retire,0.0,0.0,0.0,0.0,0.0,True
2040,P0160,Hubei,ccs,0.0,0.0,0.0,0.0,0.0,True
2040,P0160,Hubei,biomass,0.0,0.0,0.0,0.0,0.0,True
2040,P0160,Hubei,beccs,1.0,16573231.999999998,13.590050239999998,25.821095455999995,14.065701998399998,True
2040,P0160,Hubei,ammonia,0.0,0.0,0.0,0.0,0.0,True
2040,P0161,Zhejiang,unabated,0.0,0.0,0.0,0.0,0.0,True
2040,P0161,Zhejiang,retire,0.0,0.0,0.0,0.0,0.0,True
2040,P0161,Zhejiang,ccs,0.0,0.0,0.0,0.0,0.0,True
2040,P0161,Zhejiang,biomass,0.0,0.0,0.0,0.0,0.0,True
2040,P0161,Zhejiang,beccs,1.0,2629267.5,2.15599935,4.096398765,2.23145932725,True
2040,P0161,Zhejiang,ammonia,0.0,0.0,0.0,0.0,0.0,True
2040,P0162,Shandong,unabated,0.0,0.0,0.0,0.0,0.0,True
2040,P0162,Shandong,retire,0.0,0.0,0.0,0.0,0.0,True
2040,P0162,Shandong,ccs,0.0,0.0,0.0,0.0,0.0,True
2040,P0162,Shandong,biomass,1.0,5974707.0,4.899259739999999,4.899259739999999,0.0,True
2040,P0162,Shandong,beccs,0.0,0.0,0.0,0.0,0.0,True
2040,P0162,Shandong,ammonia,0.0,0.0,0.0,0.0,0.0,True
2040,P0163,Hebei,unabated,1.0,11583260.0,9.4982732,0.0,0.0,True
2040,P0163,Hebei,retire,0.0,0.0,0.0,0.0,0.0,True
2040,P0163,Hebei,ccs,0.0,0.0,0.0,0.0,0.0,True
2040,P0163,Hebei,biomass,0.0,0.0,0.0,0.0,0.0,True
2040,P0163,Hebei,beccs,0.0,0.0,0.0,0.0,0.0,True
2040,P0163,Hebei,ammonia,0.0,0.0,0.0,0.0,0.0,True
2040,P0164,Hunan,unabated,0.0,0.0,0.0,0.0,0.0,True
2040,P0164,Hunan,retire,0.0,0.0,0.0,0.0,0.0,True
2040,P0164,Hunan,ccs,0.0,0.0,0.0,0.0,0.0,True
2040,P0164,Hunan,biomass,1.0,12502080.0,10.2517056,10.2517056,0.0,True
2040,P0164,Hunan,beccs,0.0,0.0,0.0,0.0,0.0,True
2040,P0164,Hunan,ammonia,0.0,0.0,0.0,0.0,0.0,True
2040,P0165,Hebei,unabated,1.0,5346120.0,4.383818399999999,0.0,0.0,True
2040,P0165,Hebei,retire,0.0,0.0,0.0,0.0,0.0,True
2040,P0165,Hebei,ccs,0.0,0.0,0.0,0.0,0.0,True
2040,P0165,Hebei,biomass,0.0,0.0,0.0,0.0,0.0,True
2040,P0165,Hebei,beccs,0.0,0.0,0.0,0.0,0.0,True
2040,P0165,Hebei,ammonia,0.0,0.0,0.0,0.0,0.0,True
2040,P0166,Guangxi,unabated,0.0,0.0,0.0,0.0,0.0,True
2040,P0166,Guangxi,retire,0.0,0.0,0.0,0.0,0.0,True
2040,P0166,Guangxi,ccs,0.0,0.0,0.0,0.0,0.0,True
2040,P0166,Guangxi,biomass,1.0,8807344.0,7.2220220799999995,7.2220220799999995,0.0,True
2040,P0166,Guangxi,beccs,0.0,0.0,0.0,0.0,0.0,True
2040,P0166,Guangxi,ammonia,0.0,0.0,0.0,0.0,0.0,True
2040,P0167,Shandong,unabated,1.0,52621032.60000001,43.14924673200001,0.0,0.0,True
2040,P0167,Shandong,retire,0.0,0.0,0.0,0.0,0.0,True
2040,P0167,Shandong,ccs,0.0,0.0,0.0,0.0,0.0,True
2040,P0167,Shandong,biomass,0.0,0.0,0.0,0.0,0.0,True
2040,P0167,Shandong,beccs,0.0,0.0,0.0,0.0,0.0,True
2040,P0167,Shandong,ammonia,0.0,0.0,0.0,0.0,0.0,True
2040,P0168,Xinjiang,unabated,0.0,0.0,0.0,0.0,0.0,True
2040,P0168,Xinjiang,retire,0.0,0.0,0.0,0.0,0.0,True
2040,P0168,Xinjiang,ccs,0.4055698108191358,3469870.3615347915,2.845293696458529,2.5607643268126763,2.9448789758345777,True
2040,P0168,Xinjiang,biomass,0.0,0.0,0.0,0.0,0.0,True
2040,P0168,Xinjiang,beccs,0.5944301891808644,5085673.638465209,4.170252383541471,5.8383533369580585,4.3162112169654225,True
2040,P0168,Xinjiang,ammonia,0.0,0.0,0.0,0.0,0.0,True
2040,P0169,Guizhou,unabated,0.0,0.0,0.0,0.0,0.0,True
2040,P0169,Guizhou,retire,0.0,0.0,0.0,0.0,0.0,True
2040,P0169,Guizhou,ccs,0.0,0.0,0.0,0.0,0.0,True
2040,P0169,Guizhou,biomass,1.0,7120650.0,5.838933,5.838933,0.0,True
2040,P0169,Guizhou,beccs,0.0,0.0,0.0,0.0,0.0,True
2040,P0169,Guizhou,ammonia,0.0,0.0,0.0,0.0,0.0,True
2040,P0170,Shandong,unabated,0.9017135355875702,29768744.153385714,24.41037020577628,0.0,0.0,True
2040,P0170,Shandong,retire,0.09828646441243005,3244782.846614299,2.660721934223725,2.660721934223725,0.0,True
2040,P0170,Shandong,ccs,0.0,0.0,0.0,0.0,0.0,True
2040,P0170,Shandong,biomass,0.0,0.0,0.0,0.0,0.0,True
2040,P0170,Shandong,beccs,0.0,0.0,0.0,0.0,0.0,True
2040,P0170,Shandong,ammonia,0.0,0.0,0.0,0.0,0.0,True
2040,P0171,Shaanxi,unabated,1.0,15202300.0,12.465886,0.0,0.0,True
2040,P0171,Shaanxi,retire,0.0,0.0,0.0,0.0,0.0,True
2040,P0171,Shaanxi,ccs,0.0,0.0,0.0,0.0,0.0,True
2040,P0171,Shaanxi,biomass,0.0,0.0,0.0,0.0,0.0,True
2040,P0171,Shaanxi,beccs,0.0,0.0,0.0,0.0,0.0,True
2040,P0171,Shaanxi,ammonia,0.0,0.0,0.0,0.0,0.0,True
2040,P0172,Sichuan,unabated,0.0,0.0,0.0,0.0,0.0,True
2040,P0172,Sichuan,retire,0.0,0.0,0.0,0.0,0.0,True
2040,P0172,Sichuan,ccs,0.0,0.0,0.0,0.0,0.0,True
2040,P0172,Sichuan,biomass,0.0,0.0,0.0,0.0,0.0,True
2040,P0172,Sichuan,beccs,1.0,16288263.999999998,13.356376479999998,25.377115311999994,13.823849656799997,True
2040,P0172,Sichuan,ammonia,0.0,0.0,0.0,0.0,0.0,True
2040,P0173,Ningxia,unabated,1.0,26644024.0,21.84809968,0.0,0.0,True
2040,P0173,Ningxia,retire,0.0,0.0,0.0,0.0,0.0,True
2040,P0173,Ningxia,ccs,0.0,0.0,0.0,0.0,0.0,True
2040,P0173,Ningxia,biomass,0.0,0.0,0.0,0.0,0.0,True
2040,P0173,Ningxia,beccs,0.0,0.0,0.0,0.0,0.0,True
2040,P0173,Ningxia,ammonia,0.0,0.0,0.0,0.0,0.0,True
2040,P0174,Shanxi,unabated,1.0,37452655.0,30.711177099999997,0.0,0.0,True
2040,P0174,Shanxi,retire,0.0,0.0,0.0,0.0,0.0,True
2040,P0174,Shanxi,ccs,0.0,0.0,0.0,0.0,0.0,True
2040,P0174,Shanxi,biomass,0.0,0.0,0.0,0.0,0.0,True
2040,P0174,Shanxi,beccs,0.0,0.0,0.0,0.0,0.0,True
2040,P0174,Shanxi,ammonia,0.0,0.0,0.0,0.0,0.0,True
2040,P0175,Guizhou,unabated,0.0,0.0,0.0,0.0,0.0,True
2040,P0175,Guizhou,retire,0.0,0.0,0.0,0.0,0.0,True
2040,P0175,Guizhou,ccs,0.0,0.0,0.0,0.0,0.0,True
2040,P0175,Guizhou,biomass,1.0,8544780.0,7.006719599999999,7.006719599999999,0.0,True
2040,P0175,Guizhou,beccs,0.0,0.0,0.0,0.0,0.0,True
2040,P0175,Guizhou,ammonia,0.0,0.0,0.0,0.0,0.0,True
2040,P0176,Hubei,unabated,0.0,0.0,0.0,0.0,0.0,True
2040,P0176,Hubei,retire,0.0,0.0,0.0,0.0,0.0,True
2040,P0176,Hubei,ccs,0.0,0.0,0.0,0.0,0.0,True
2040,P0176,Hubei,biomass,0.589482788231016,10388525.914929783,8.518591250242421,8.518591250242421,0.0,True
2040,P0176,Hubei,beccs,0.41051721176898404,7234594.085070218,5.932367149757578,11.271497584539398,6.139999999999094,True
2040,P0176,Hubei,ammonia,0.0,0.0,0.0,0.0,0.0,True
2040,P0177,Jilin,unabated,0.0,0.0,0.0,0.0,0.0,True
2040,P0177,Jilin,retire,0.0,0.0,0.0,0.0,0.0,True
2040,P0177,Jilin,ccs,0.0,0.0,0.0,0.0,0.0,True
2040,P0177,Jilin,biomass,0.0,0.0,0.0,0.0,0.0,True
2040,P0177,Jilin,beccs,1.0,7460084.0,6.11726888,11.622810872,5.909281738079999,True
2040,P0177,Jilin,ammonia,0.0,0.0,0.0,0.0,0.0,True
2040,P0178,Shaanxi,unabated,0.0,0.0,0.0,0.0,0.0,True
2040,P0178,Shaanxi,retire,0.0,0.0,0.0,0.0,0.0,True
2040,P0178,Shaanxi,ccs,0.0,0.0,0.0,0.0,0.0,True
2040,P0178,Shaanxi,biomass,0.0,0.0,0.0,0.0,0.0,True
2040,P0178,Shaanxi,beccs,1.0,6353200.0,5.209624,9.8982856,5.391960839999999,True
2040,P0178,Shaanxi,ammonia,0.0,0.0,0.0,0.0,0.0,True
2040,P0179,Fujian,unabated,1.0,32038749.999999996,26.271774999999995,0.0,0.0,True
2040,P0179,Fujian,retire,0.0,0.0,0.0,0.0,0.0,True
2040,P0179,Fujian,ccs,0.0,0.0,0.0,0.0,0.0,True
2040,P0179,Fujian,biomass,0.0,0.0,0.0,0.0,0.0,True
2040,P0179,Fujian,beccs,0.0,0.0,0.0,0.0,0.0,True
2040,P0179,Fujian,ammonia,0.0,0.0,0.0,0.0,0.0,True
2040,P0180,Inner Mongolia,unabated,1.0,7547250.0,6.188745,0.0,0.0,True
2040,P0180,Inner Mongolia,retire,0.0,0.0,0.0,0.0,0.0,True
2040,P0180,Inner Mongolia,ccs,0.0,0.0,0.0,0.0,0.0,True
2040,P0180,Inner Mongolia,biomass,0.0,0.0,0.0,0.0,0.0,True
2040,P0180,Inner Mongolia,beccs,0.0,0.0,0.0,0.0,0.0,True
2040,P0180,Inner Mongolia,ammonia,0.0,0.0,0.0,0.0,0.0,True
2040,P0181,Xinjiang,unabated,0.0,0.0,0.0,0.0,0.0,True
2040,P0181,Xinjiang,retire,0.0,0.0,0.0,0.0,0.0,True
2040,P0181,Xinjiang,ccs,1.0,22999625.999999996,18.859693319999998,16.973723988,19.519782586199998,True
2040,P0181,Xinjiang,biomass,0.0,0.0,0.0,0.0,0.0,True
2040,P0181,Xinjiang,beccs,0.0,0.0,0.0,0.0,0.0,True
2040,P0181,Xinjiang,ammonia,0.0,0.0,0.0,0.0,0.0,True
2040,P0182,Jiangxi,unabated,0.0,0.0,0.0,0.0,0.0,True
2040,P0182,Jiangxi,retire,0.0,0.0,0.0,0.0,0.0,True
2040,P0182,Jiangxi,ccs,0.0,0.0,0.0,0.0,0.0,True
2040,P0182,Jiangxi,biomass,1.0,27707083.2,22.719808224,22.719808224,0.0,True
2040,P0182,Jiangxi,beccs,0.0,0.0,0.0,0.0,0.0,True
2040,P0182,Jiangxi,ammonia,0.0,0.0,0.0,0.0,0.0,True
2040,P0183,Xinjiang,unabated,0.3412977202778419,486664.61048946134,0.39906498060135825,0.0,0.0,True
2040,P0183,Xinjiang,retire,0.0,0.0,0.0,0.0,0.0,True
2040,P0183,Xinjiang,ccs,0.0,0.0,0.0,0.0,0.0,True
2040,P0183,Xinjiang,biomass,0.6587022797221581,939259.3895105384,0.7701926993986414,0.7701926993986414,0.0,True
2040,P0183,Xinjiang,beccs,0.0,0.0,0.0,0.0,0.0,True
2040,P0183,Xinjiang,ammonia,0.0,0.0,0.0,0.0,0.0,True
2040,P0184,Shandong,unabated,0.0754296570937616,2134926.2413099087,1.7506395178741248,0.0,0.0,True
2040,P0184,Shandong,retire,0.0,0.0,0.0,0.0,0.0,True
2040,P0184,Shandong,ccs,0.0,0.0,0.0,0.0,0.0,True
2040,P0184,Shandong,biomass,0.3090622384137356,8747555.118370464,7.17299519706378,7.17299519706378,0.0,True
2040,P0184,Shandong,beccs,0.6155081044925031,17421057.64031964,14.285267265062103,27.142007803617997,14.785251619339276,True
2040,P0184,Shandong,ammonia,0.0,0.0,0.0,0.0,0.0,True
2040,P0185,Guizhou,unabated,0.0,0.0,0.0,0.0,0.0,True
2040,P0185,Guizhou,retire,0.0,0.0,0.0,0.0,0.0,True
2040,P0185,Guizhou,ccs,0.0,0.0,0.0,0.0,0.0,True
2040,P0185,Guizhou,biomass,1.0,7120650.0,5.838933,5.838933,0.0,True
2040,P0185,Guizhou,beccs,0.0,0.0,0.0,0.0,0.0,True
2040,P0185,Guizhou,ammonia,0.0,0.0,0.0,0.0,0.0,True
2040,P0186,Ningxia,unabated,1.0,24108865.0,19.769269299999998,0.0,0.0,True
2040,P0186,Ningxia,retire,0.0,0.0,0.0,0.0,0.0,True
2040,P0186,Ningxia,ccs,0.0,0.0,0.0,0.0,0.0,True
2040,P0186,Ningxia,biomass,0.0,0.0,0.0,0.0,0.0,True
2040,P0186,Ningxia,beccs,0.0,0.0,0.0,0.0,0.0,True
2040,P0186,Ningxia,ammonia,0.0,0.0,0.0,0.0,0.0,True
2040,P0187,Inner Mongolia,unabated,0.0,0.0,0.0,0.0,0.0,True
2040,P0187,Inner Mongolia,retire,0.0,0.0,0.0,0.0,0.0,True
2040,P0187,Inner Mongolia,ccs,0.0,0.0,0.0,0.0,0.0,True
2040,P0187,Inner Mongolia,biomass,0.0,0.0,0.0,0.0,0.0,True
2040,P0187,Inner Mongolia,beccs,1.0,1006300.0,0.825166,1.5678153999999997,0.8540468099999999,True
2040,P0187,Inner Mongolia,ammonia,0.0,0.0,0.0,0.0,0.0,True
2040,P0188,Xinjiang,unabated,0.0,0.0,0.0,0.0,0.0,True
2040,P0188,Xinjiang,retire,0.0,0.0,0.0,0.0,0.0,True
2040,P0188,Xinjiang,ccs,1.0,21124800.0,17.322336,15.590102400000001,17.928617759999998,True
2040,P0188,Xinjiang,biomass,0.0,0.0,0.0,0.0,0.0,True
2040,P0188,Xinjiang,beccs,0.0,0.0,0.0,0.0,0.0,True
2040,P0188,Xinjiang,ammonia,0.0,0.0,0.0,0.0,0.0,True
2040,P0189,Yunnan,unabated,0.0,0.0,0.0,0.0,0.0,True
2040,P0189,Yunnan,retire,0.0,0.0,0.0,0.0,0.0,True
2040,P0189,Yunnan,ccs,0.0,0.0,0.0,0.0,0.0,True
2040,P0189,Yunnan,biomass,1.0,4482200.0,3.675404,3.675404,0.0,True
2040,P0189,Yunnan,beccs,0.0,0.0,0.0,0.0,0.0,True
2040,P0189,Yunnan,ammonia,0.0,0.0,0.0,0.0,0.0,True
2040,P0190,Jiangsu,unabated,0.0,0.0,0.0,0.0,0.0,True
2040,P0190,Jiangsu,retire,0.0,0.0,0.0,0.0,0.0,True
2040,P0190,Jiangsu,ccs,0.0,0.0,0.0,0.0,0.0,True
2040,P0190,Jiangsu,biomass,0.32278458615954636,3626394.4458183786,2.9736434455710707,2.9736434455710707,0.0,True
2040,P0190,Jiangsu,beccs,0.6772154138404538,7608325.554181623,6.238826954428932,11.85377121341497,6.457185897833943,True
2040,P0190,Jiangsu,ammonia,0.0,0.0,0.0,0.0,0.0,True
2040,P0191,Hunan,unabated,0.0,0.0,0.0,0.0,0.0,True
2040,P0191,Hunan,retire,0.0,0.0,0.0,0.0,0.0,True
2040,P0191,Hunan,ccs,0.0,0.0,0.0,0.0,0.0,True
2040,P0191,Hunan,biomass,1.0,8204490.0,6.7276818,6.7276818,0.0,True
2040,P0191,Hunan,beccs,0.0,0.0,0.0,0.0,0.0,True
2040,P0191,Hunan,ammonia,0.0,0.0,0.0,0.0,0.0,True
2040,P0192,Shaanxi,unabated,0.0,0.0,0.0,0.0,0.0,True
2040,P0192,Shaanxi,retire,0.0,0.0,0.0,0.0,0.0,True
2040,P0192,Shaanxi,ccs,0.0,0.0,0.0,0.0,0.0,True
2040,P0192,Shaanxi,biomass,0.0,0.0,0.0,0.0,0.0,True
2040,P0192,Shaanxi,beccs,1.0,15519960.0,12.726367199999999,24.180097679999996,13.171790051999997,True
2040,P0192,Shaanxi,ammonia,0.0,0.0,0.0,0.0,0.0,True
2040,P0193,Guangxi,unabated,0.0,0.0,0.0,0.0,0.0,True
2040,P0193,Guangxi,retire,0.0,0.0,0.0,0.0,0.0,True
2040,P0193,Guangxi,ccs,0.0,0.0,0.0,0.0,0.0,True
2040,P0193,Guangxi,biomass,0.0,0.0,0.0,0.0,0.0,True
2040,P0193,Guangxi,beccs,1.0,6557642.0,5.37726644,10.216806235999998,5.5654707654,True
2040,P0193,Guangxi,ammonia,0.0,0.0,0.0,0.0,0.0,True
2040,P0194,Shaanxi,unabated,0.0,0.0,0.0,0.0,0.0,True
2040,P0194,Shaanxi,retire,0.0,0.0,0.0,0.0,0.0,True
2040,P0194,Shaanxi,ccs,0.0,0.0,0.0,0.0,0.0,True
2040,P0194,Shaanxi,biomass,1.0,2995080.0,2.4559655999999994,2.4559655999999994,0.0,True
2040,P0194,Shaanxi,beccs,0.0,0.0,0.0,0.0,0.0,True
2040,P0194,Shaanxi,ammonia,0.0,0.0,0.0,0.0,0.0,True
2040,P0195,Sichuan,unabated,0.0,0.0,0.0,0.0,0.0,True
2040,P0195,Sichuan,retire,0.0,0.0,0.0,0.0,0.0,True
2040,P0195,Sichuan,ccs,0.0,0.0,0.0,0.0,0.0,True
2040,P0195,Sichuan,biomass,1.0,2997839.9999999995,2.458228799999999,2.458228799999999,0.0,True
2040,P0195,Sichuan,beccs,0.0,0.0,0.0,0.0,0.0,True
2040,P0195,Sichuan,ammonia,0.0,0.0,0.0,0.0,0.0,True
2040,P0196,Xinjiang,unabated,1.0,633743.9999999999,0.5196700799999999,0.0,0.0,True
2040,P0196,Xinjiang,retire,0.0,0.0,0.0,0.0,0.0,True
2040,P0196,Xinjiang,ccs,0.0,0.0,0.0,0.0,0.0,True
2040,P0196,Xinjiang,biomass,0.0,0.0,0.0,0.0,0.0,True
2040,P0196,Xinjiang,beccs,0.0,0.0,0.0,0.0,0.0,True
2040,P0196,Xinjiang,ammonia,0.0,0.0,0.0,0.0,0.0,True
2040,P0197,Fujian,unabated,0.0,0.0,0.0,0.0,0.0,True
2040,P0197,Fujian,retire,0.0,0.0,0.0,0.0,0.0,True
2040,P0197,Fujian,ccs,0.0,0.0,0.0,0.0,0.0,True
2040,P0197,Fujian,biomass,0.0,0.0,0.0,0.0,0.0,True
2040,P0197,Fujian,beccs,1.0,6766584.0,5.54859888,10.542337872,5.7427998408,True
2040,P0197,Fujian,ammonia,0.0,0.0,0.0,0.0,0.0,True
2040,P0198,Gansu,unabated,0.0,0.0,0.0,0.0,0.0,True
2040,P0198,Gansu,retire,0.0,0.0,0.0,0.0,0.0,True
2040,P0198,Gansu,ccs,0.0,0.0,0.0,0.0,0.0,True
2040,P0198,Gansu,biomass,1.0,2765136.0,2.26741152,2.26741152,0.0,True
2040,P0198,Gansu,beccs,0.0,0.0,0.0,0.0,0.0,True
2040,P0198,Gansu,ammonia,0.0,0.0,0.0,0.0,0.0,True
2040,P0199,Inner Mongolia,unabated,1.0,1308190.0,1.0727158,0.0,0.0,True
2040,P0199,Inner Mongolia,retire,0.0,0.0,0.0,0.0,0.0,True
2040,P0199,Inner Mongolia,ccs,0.0,0.0,0.0,0.0,0.0,True
2040,P0199,Inner Mongolia,biomass,0.0,0.0,0.0,0.0,0.0,True
2040,P0199,Inner Mongolia,beccs,0.0,0.0,0.0,0.0,0.0,True
2040,P0199,Inner Mongolia,ammonia,0.0,0.0,0.0,0.0,0.0,True
2040,P0200,Xinjiang,unabated,0.0,0.0,0.0,0.0,0.0,True
2040,P0200,Xinjiang,retire,0.0,0.0,0.0,0.0,0.0,True
2040,P0200,Xinjiang,ccs,0.4824827600311581,5147137.663598634,4.22065288415088,3.7985875957357917,4.36837573509616,True
2040,P0200,Xinjiang,biomass,0.0,0.0,0.0,0.0,0.0,True
2040,P0200,Xinjiang,beccs,0.5175172399688421,5520886.336401367,4.52712679584912,6.3379775141887675,4.68557623370384,True
2040,P0200,Xinjiang,ammonia,0.0,0.0,0.0,0.0,0.0,True
2040,P0201,Heilongjiang,unabated,0.0,0.0,0.0,0.0,0.0,True
2040,P0201,Heilongjiang,retire,0.0,0.0,0.0,0.0,0.0,True
2040,P0201,Heilongjiang,ccs,0.0,0.0,0.0,0.0,0.0,True
2040,P0201,Heilongjiang,biomass,0.0,0.0,0.0,0.0,0.0,True
2040,P0201,Heilongjiang,beccs,1.0,2434950.0000000005,1.9966590000000002,3.7936521,2.066542065,True
2040,P0201,Heilongjiang,ammonia,0.0,0.0,0.0,0.0,0.0,True
2040,P0202,Jiangxi,unabated,0.0,0.0,0.0,0.0,0.0,True
2040,P0202,Jiangxi,retire,0.0,0.0,0.0,0.0,0.0,True
2040,P0202,Jiangxi,ccs,0.0,0.0,0.0,0.0,0.0,True
2040,P0202,Jiangxi,biomass,1.0,9151488.0,7.504220159999999,7.504220159999999,0.0,True
2040,P0202,Jiangxi,beccs,0.0,0.0,0.0,0.0,0.0,True
2040,P0202,Jiangxi,ammonia,0.0,0.0,0.0,0.0,0.0,True
2040,P0203,Inner Mongolia,unabated,1.0,6792524.999999999,5.5698704999999995,0.0,0.0,True
2040,P0203,Inner Mongolia,retire,0.0,0.0,0.0,0.0,0.0,True
2040,P0203,Inner Mongolia,ccs,0.0,0.0,0.0,0.0,0.0,True
2040,P0203,Inner Mongolia,biomass,0.0,0.0,0.0,0.0,0.0,True
2040,P0203,Inner Mongolia,beccs,0.0,0.0,0.0,0.0,0.0,True
2040,P0203,Inner Mongolia,ammonia,0.0,0.0,0.0,0.0,0.0,True
2040,P0204,Heilongjiang,unabated,0.0,0.0,0.0,0.0,0.0,True
2040,P0204,Heilongjiang,retire,0.0,0.0,0.0,0.0,0.0,True
2040,P0204,Heilongjiang,ccs,0.0,0.0,0.0,0.0,0.0,True
2040,P0204,Heilongjiang,biomass,0.0,0.0,0.0,0.0,0.0,True
2040,P0204,Heilongjiang,beccs,1.0,2434950.0000000005,1.9966590000000002,3.7936521,2.066542065,True
2040,P0204,Heilongjiang,ammonia,0.0,0.0,0.0,0.0,0.0,True
2040,P0205,Inner Mongolia,unabated,0.0,0.0,0.0,0.0,0.0,True
2040,P0205,Inner Mongolia,retire,0.0,0.0,0.0,0.0,0.0,True
2040,P0205,Inner Mongolia,ccs,0.0,0.0,0.0,0.0,0.0,True
2040,P0205,Inner Mongolia,biomass,0.0,0.0,0.0,0.0,0.0,True
2040,P0205,Inner Mongolia,beccs,1.0,3018899.9999999995,2.4754979999999995,4.703446199999999,2.5621404299999995,True
2040,P0205,Inner Mongolia,ammonia,0.0,0.0,0.0,0.0,0.0,True
2040,P0206,Hubei,unabated,0.0,0.0,0.0,0.0,0.0,True
2040,P0206,Hubei,retire,0.0,0.0,0.0,0.0,0.0,True
2040,P0206,Hubei,ccs,0.0,0.0,0.0,0.0,0.0,True
2040,P0206,Hubei,biomass,1.0,3937080.0,3.2284055999999994,3.2284055999999994,0.0,True
2040,P0206,Hubei,beccs,0.0,0.0,0.0,0.0,0.0,True
2040,P0206,Hubei,ammonia,0.0,0.0,0.0,0.0,0.0,True
2040,P0207,Xinjiang,unabated,0.008413363720585099,399893.9083303862,0.3279130048309167,0.0,0.0,True
2040,P0207,Xinjiang,retire,0.0,0.0,0.0,0.0,0.0,True
2040,P0207,Xinjiang,ccs,0.9915866362794149,47130906.09166961,38.64734299516908,34.78260869565217,40.0,True
2040,P0207,Xinjiang,biomass,0.0,0.0,0.0,0.0,0.0,True
2040,P0207,Xinjiang,beccs,0.0,0.0,0.0,0.0,0.0,True
2040,P0207,Xinjiang,ammonia,0.0,0.0,0.0,0.0,0.0,True
2040,P0208,Sichuan,unabated,0.0,0.0,0.0,0.0,0.0,True
2040,P0208,Sichuan,retire,0.0,0.0,0.0,0.0,0.0,True
2040,P0208,Sichuan,ccs,0.0,0.0,0.0,0.0,0.0,True
2040,P0208,Sichuan,biomass,1.0,1648811.9999999998,1.3520258399999996,1.3520258399999996,0.0,True
2040,P0208,Sichuan,beccs,0.0,0.0,0.0,0.0,0.0,True
2040,P0208,Sichuan,ammonia,0.0,0.0,0.0,0.0,0.0,True
2040,P0209,Zhejiang,unabated,0.0,0.0,0.0,0.0,0.0,True
2040,P0209,Zhejiang,retire,0.0,0.0,0.0,0.0,0.0,True
2040,P0209,Zhejiang,ccs,0.0,0.0,0.0,0.0,0.0,True
2040,P0209,Zhejiang,biomass,0.0,0.0,0.0,0.0,0.0,True
2040,P0209,Zhejiang,beccs,1.0,13284720.000000002,10.8934704,20.69759376,11.274741864,True
2040,P0209,Zhejiang,ammonia,0.0,0.0,0.0,0.0,0.0,True
2040,P0210,Anhui,unabated,0.0,0.0,0.0,0.0,0.0,True
2040,P0210,Anhui,retire,0.0,0.0,0.0,0.0,0.0,True
2040,P0210,Anhui,ccs,0.0,0.0,0.0,0.0,0.0,True
2040,P0210,Anhui,biomass,1.0,6708372.000000001,5.50086504,5.50086504,0.0,True
2040,P0210,Anhui,beccs,0.0,0.0,0.0,0.0,0.0,True
2040,P0210,Anhui,ammonia,0.0,0.0,0.0,0.0,0.0,True
2040,P0211,Henan,unabated,0.0,0.0,0.0,0.0,0.0,True
2040,P0211,Henan,retire,0.0,0.0,0.0,0.0,0.0,True
2040,P0211,Henan,ccs,0.0,0.0,0.0,0.0,0.0,True
2040,P0211,Henan,biomass,1.0,4535496.0,3.7191067199999996,3.7191067199999996,0.0,True
2040,P0211,Henan,beccs,0.0,0.0,0.0,0.0,0.0,True
2040,P0211,Henan,ammonia,0.0,0.0,0.0,0.0,0.0,True
2040,P0212,Gansu,unabated,0.0,0.0,0.0,0.0,0.0,True
2040,P0212,Gansu,retire,0.0,0.0,0.0,0.0,0.0,True
2040,P0212,Gansu,ccs,1.0,11102440.0,9.1040008,8.19360072,9.422640828,True
2040,P0212,Gansu,biomass,0.0,0.0,0.0,0.0,0.0,True
2040,P0212,Gansu,beccs,0.0,0.0,0.0,0.0,0.0,True
2040,P0212,Gansu,ammonia,0.0,0.0,0.0,0.0,0.0,True
2040,P0213,Hubei,unabated,0.0,0.0,0.0,0.0,0.0,True
2040,P0213,Hubei,retire,0.0,0.0,0.0,0.0,0.0,True
2040,P0213,Hubei,ccs,0.0,0.0,0.0,0.0,0.0,True
2040,P0213,Hubei,biomass,1.0,13761032.0,11.28404624,11.28404624,0.0,True
2040,P0213,Hubei,beccs,0.0,0.0,0.0,0.0,0.0,True
2040,P0213,Hubei,ammonia,0.0,0.0,0.0,0.0,0.0,True
2040,P0214,Xinjiang,unabated,0.0,0.0,0.0,0.0,0.0,True
2040,P0214,Xinjiang,retire,0.0,0.0,0.0,0.0,0.0,True
2040,P0214,Xinjiang,ccs,1.0,5096358.0,4.17901356,3.761112204,4.325279034599999,True
2040,P0214,Xinjiang,biomass,0.0,0.0,0.0,0.0,0.0,True
2040,P0214,Xinjiang,beccs,0.0,0.0,0.0,0.0,0.0,True
2040,P0214,Xinjiang,ammonia,0.0,0.0,0.0,0.0,0.0,True
2040,P0215,Hebei,unabated,0.0,0.0,0.0,0.0,0.0,True
2040,P0215,Hebei,retire,0.0,0.0,0.0,0.0,0.0,True
2040,P0215,Hebei,ccs,0.0,0.0,0.0,0.0,0.0,True
2040,P0215,Hebei,biomass,1.0,5880732.000000001,4.82220024,4.82220024,0.0,True
2040,P0215,Hebei,beccs,0.0,0.0,0.0,0.0,0.0,True
2040,P0215,Hebei,ammonia,0.0,0.0,0.0,0.0,0.0,True
2040,P0216,Heilongjiang,unabated,0.0,0.0,0.0,0.0,0.0,True
2040,P0216,Heilongjiang,retire,0.0,0.0,0.0,0.0,0.0,True
2040,P0216,Heilongjiang,ccs,0.0,0.0,0.0,0.0,0.0,True
2040,P0216,Heilongjiang,biomass,1.0,347850.0,0.285237,0.285237,0.0,True
2040,P0216,Heilongjiang,beccs,0.0,0.0,0.0,0.0,0.0,True
2040,P0216,Heilongjiang,ammonia,0.0,0.0,0.0,0.0,0.0,True
2040,P0217,Hainan,unabated,0.0,0.0,0.0,0.0,0.0,True
2040,P0217,Hainan,retire,0.0,0.0,0.0,0.0,0.0,True
2040,P0217,Hainan,ccs,0.0,0.0,0.0,0.0,0.0,True
2040,P0217,Hainan,biomass,0.0,0.0,0.0,0.0,0.0,True
2040,P0217,Hainan,beccs,1.0,1509270.0,1.2376014,2.35144266,1.280917449,True
2040,P0217,Hainan,ammonia,0.0,0.0,0.0,0.0,0.0,True
2040,P0218,Hubei,unabated,0.0,0.0,0.0,0.0,0.0,True
2040,P0218,Hubei,retire,0.0,0.0,0.0,0.0,0.0,True
2040,P0218,Hubei,ccs,0.0,0.0,0.0,0.0,0.0,True
2040,P0218,Hubei,biomass,1.0,7424207.999999999,6.087850559999999,6.087850559999999,0.0,True
2040,P0218,Hubei,beccs,0.0,0.0,0.0,0.0,0.0,True
2040,P0218,Hubei,ammonia,0.0,0.0,0.0,0.0,0.0,True
2040,P0219,Jilin,unabated,0.0,0.0,0.0,0.0,0.0,True
2040,P0219,Jilin,retire,0.0,0.0,0.0,0.0,0.0,True
2040,P0219,Jilin,ccs,0.0,0.0,0.0,0.0,0.0,True
2040,P0219,Jilin,biomass,0.0,0.0,0.0,0.0,0.0,True
2040,P0219,Jilin,beccs,1.0,2933334.0,2.4053338799999997,4.570134371999999,2.4895205658,True
2040,P0219,Jilin,ammonia,0.0,0.0,0.0,0.0,0.0,True
2040,P0220,Hebei,unabated,0.0,0.0,0.0,0.0,0.0,True
2040,P0220,Hebei,retire,0.0,0.0,0.0,0.0,0.0,True
2040,P0220,Hebei,ccs,0.0,0.0,0.0,0.0,0.0,True
2040,P0220,Hebei,biomass,1.0,5880732.000000001,4.82220024,4.82220024,0.0,True
2040,P0220,Hebei,beccs,0.0,0.0,0.0,0.0,0.0,True
2040,P0220,Hebei,ammonia,0.0,0.0,0.0,0.0,0.0,True
2040,P0221,Gansu,unabated,0.0,0.0,0.0,0.0,0.0,True
2040,P0221,Gansu,retire,0.0,0.0,0.0,0.0,0.0,True
2040,P0221,Gansu,ccs,0.0,0.0,0.0,0.0,0.0,True
2040,P0221,Gansu,biomass,0.0,0.0,0.0,0.0,0.0,True
2040,P0221,Gansu,beccs,1.0,17303048.0,14.18849936,26.958148784,14.6850968376,True
2040,P0221,Gansu,ammonia,0.0,0.0,0.0,0.0,0.0,True
2040,P0222,Jiangxi,unabated,0.0,0.0,0.0,0.0,0.0,True
2040,P0222,Jiangxi,retire,0.0,0.0,0.0,0.0,0.0,True
2040,P0222,Jiangxi,ccs,0.0,0.0,0.0,0.0,0.0,True
2040,P0222,Jiangxi,biomass,1.0,19065600.0,15.633791999999998,15.633791999999998,0.0,True
2040,P0222,Jiangxi,beccs,0.0,0.0,0.0,0.0,0.0,True
2040,P0222,Jiangxi,ammonia,0.0,0.0,0.0,0.0,0.0,True
2040,P0223,Anhui,unabated,1.0,32652492.500000004,26.775043850000003,0.0,0.0,True
2040,P0223,Anhui,retire,0.0,0.0,0.0,0.0,0.0,True
2040,P0223,Anhui,ccs,0.0,0.0,0.0,0.0,0.0,True
2040,P0223,Anhui,biomass,0.0,0.0,0.0,0.0,0.0,True
2040,P0223,Anhui,beccs,0.0,0.0,0.0,0.0,0.0,True
2040,P0223,Anhui,ammonia,0.0,0.0,0.0,0.0,0.0,True
2040,P0224,Xinjiang,unabated,0.0,0.0,0.0,0.0,0.0,True
2040,P0224,Xinjiang,retire,0.0,0.0,0.0,0.0,0.0,True
2040,P0224,Xinjiang,ccs,0.1602948534111566,931204.0978185001,0.7635873602111699,0.6872286241900529,0.7903129178185607,True
2040,P0224,Xinjiang,biomass,0.0,0.0,0.0,0.0,0.0,True
2040,P0224,Xinjiang,beccs,0.8397051465888437,4878115.902181501,4.00005503978883,7.600104575598776,4.1400569661814375,True
2040,P0224,Xinjiang,ammonia,0.0,0.0,0.0,0.0,0.0,True
2040,P0225,Heilongjiang,unabated,0.0,0.0,0.0,0.0,0.0,True
2040,P0225,Heilongjiang,retire,0.0,0.0,0.0,0.0,0.0,True
2040,P0225,Heilongjiang,ccs,0.0,0.0,0.0,0.0,0.0,True
2040,P0225,Heilongjiang,biomass,1.0,4174200.0,3.422844,3.422844,0.0,True
2040,P0225,Heilongjiang,beccs,0.0,0.0,0.0,0.0,0.0,True
2040,P0225,Heilongjiang,ammonia,0.0,0.0,0.0,0.0,0.0,True
2040,P0226,Anhui,unabated,0.0,0.0,0.0,0.0,0.0,True
2040,P0226,Anhui,retire,0.0,0.0,0.0,0.0,0.0,True
2040,P0226,Anhui,ccs,0.0,0.0,0.0,0.0,0.0,True
2040,P0226,Anhui,biomass,1.0,13416744.000000002,11.00173008,11.00173008,0.0,True
2040,P0226,Anhui,beccs,0.0,0.0,0.0,0.0,0.0,True
2040,P0226,Anhui,ammonia,0.0,0.0,0.0,0.0,0.0,True
2040,P0227,Shanxi,unabated,0.40787530971387465,6986557.361385416,5.72897703633604,0.0,0.0,True
2040,P0227,Shanxi,retire,0.0,0.0,0.0,0.0,0.0,True
2040,P0227,Shanxi,ccs,0.0,0.0,0.0,0.0,0.0,True
2040,P0227,Shanxi,biomass,0.0,0.0,0.0,0.0,0.0,True
2040,P0227,Shanxi,beccs,0.5921246902861254,10142592.638614584,8.316925963663959,15.80215933096152,8.608018372392198,True
2040,P0227,Shanxi,ammonia,0.0,0.0,0.0,0.0,0.0,True
2040,P0228,Liaoning,unabated,0.0,0.0,0.0,0.0,0.0,True
2040,P0228,Liaoning,retire,0.0,0.0,0.0,0.0,0.0,True
2040,P0228,Liaoning,ccs,0.0,0.0,0.0,0.0,0.0,True
2040,P0228,Liaoning,biomass,0.2909898807873355,1082726.7880287494,0.8878359661835743,0.8878359661835743,0.0,True
2040,P0228,Liaoning,beccs,0.7090101192126647,2638113.211971251,2.163252833816425,4.1101803842512075,2.238966683,True
2040,P0228,Liaoning,ammonia,0.0,0.0,0.0,0.0,0.0,True
2040,P0229,Henan,unabated,0.0,0.0,0.0,0.0,0.0,True
2040,P0229,Henan,retire,0.0,0.0,0.0,0.0,0.0,True
2040,P0229,Henan,ccs,0.0,0.0,0.0,0.0,0.0,True
2040,P0229,Henan,biomass,1.0,13426508.0,11.009736559999999,11.009736559999999,0.0,True
2040,P0229,Henan,beccs,0.0,0.0,0.0,0.0,0.0,True
2040,P0229,Henan,ammonia,0.0,0.0,0.0,0.0,0.0,True
2040,P0230,Inner Mongolia,unabated,1.0,6641580.0,5.4460956,0.0,0.0,True
2040,P0230,Inner Mongolia,retire,0.0,0.0,0.0,0.0,0.0,True
2040,P0230,Inner Mongolia,ccs,0.0,0.0,0.0,0.0,0.0,True
2040,P0230,Inner Mongolia,biomass,0.0,0.0,0.0,0.0,0.0,True
2040,P0230,Inner Mongolia,beccs,0.0,0.0,0.0,0.0,0.0,True
2040,P0230,Inner Mongolia,ammonia,0.0,0.0,0.0,0.0,0.0,True
2040,P0231,Fujian,unabated,0.0,0.0,0.0,0.0,0.0,True
2040,P0231,Fujian,retire,0.0,0.0,0.0,0.0,0.0,True
2040,P0231,Fujian,ccs,0.0,0.0,0.0,0.0,0.0,True
2040,P0231,Fujian,biomass,1.0,6151440.0,5.0441807999999995,5.0441807999999995,0.0,True
2040,P0231,Fujian,beccs,0.0,0.0,0.0,0.0,0.0,True
2040,P0231,Fujian,ammonia,0.0,0.0,0.0,0.0,0.0,True
2040,P0232,Inner Mongolia,unabated,0.13428316021431982,810774.8647420201,0.6648353890884565,0.0,0.0,True
2040,P0232,Inner Mongolia,retire,0.0,0.0,0.0,0.0,0.0,True
2040,P0232,Inner Mongolia,ccs,0.0,0.0,0.0,0.0,0.0,True
2040,P0232,Inner Mongolia,biomass,0.0,0.0,0.0,0.0,0.0,True
2040,P0232,Inner Mongolia,beccs,0.8657168397844632,5227025.135250632,4.286160610905518,8.143705160720483,4.4361762322872105,True
2040,P0232,Inner Mongolia,ammonia,0.0,0.0,0.0,0.0,0.0,True
2040,P0233,Xinjiang,unabated,0.0,0.0,0.0,0.0,0.0,True
2040,P0233,Xinjiang,retire,0.0,0.0,0.0,0.0,0.0,True
2040,P0233,Xinjiang,ccs,0.0,0.0,0.0,0.0,0.0,True
2040,P0233,Xinjiang,biomass,0.0,0.0,0.0,0.0,0.0,True
2040,P0233,Xinjiang,beccs,1.0,3168719.9999999995,2.5983503999999993,4.936865759999998,2.6892926639999994,True
2040,P0233,Xinjiang,ammonia,0.0,0.0,0.0,0.0,0.0,True
2040,P0234,Hunan,unabated,0.0,0.0,0.0,0.0,0.0,True
2040,P0234,Hunan,retire,0.0,0.0,0.0,0.0,0.0,True
2040,P0234,Hunan,ccs,0.0,0.0,0.0,0.0,0.0,True
2040,P0234,Hunan,biomass,1.0,234414.0,0.19221947999999997,0.19221947999999997,0.0,True
2040,P0234,Hunan,beccs,0.0,0.0,0.0,0.0,0.0,True
2040,P0234,Hunan,ammonia,0.0,0.0,0.0,0.0,0.0,True
2040,P0235,Inner Mongolia,unabated,1.0,13283160.0,10.8921912,0.0,0.0,True
2040,P0235,Inner Mongolia,retire,0.0,0.0,0.0,0.0,0.0,True
2040,P0235,Inner Mongolia,ccs,0.0,0.0,0.0,0.0,0.0,True
2040,P0235,Inner Mongolia,biomass,0.0,0.0,0.0,0.0,0.0,True
2040,P0235,Inner Mongolia,beccs,0.0,0.0,0.0,0.0,0.0,True
2040,P0235,Inner Mongolia,ammonia,0.0,0.0,0.0,0.0,0.0,True
2040,P0236,Henan,unabated,0.0,0.0,0.0,0.0,0.0,True
2040,P0236,Henan,retire,0.0,0.0,0.0,0.0,0.0,True
2040,P0236,Henan,ccs,0.0,0.0,0.0,0.0,0.0,True
2040,P0236,Henan,biomass,1.0,19185868.0,15.73241176,15.73241176,0.0,True
2040,P0236,Henan,beccs,0.0,0.0,0.0,0.0,0.0,True
2040,P0236,Henan,ammonia,0.0,0.0,0.0,0.0,0.0,True
2040,P0237,Jiangxi,unabated,0.0,0.0,0.0,0.0,0.0,True
2040,P0237,Jiangxi,retire,0.0,0.0,0.0,0.0,0.0,True
2040,P0237,Jiangxi,ccs,0.0,0.0,0.0,0.0,0.0,True
2040,P0237,Jiangxi,biomass,1.0,12869280.0,10.5528096,10.5528096,0.0,True
2040,P0237,Jiangxi,beccs,0.0,0.0,0.0,0.0,0.0,True
2040,P0237,Jiangxi,ammonia,0.0,0.0,0.0,0.0,0.0,True
2040,P0238,Sichuan,unabated,0.0,0.0,0.0,0.0,0.0,True
2040,P0238,Sichuan,retire,0.0,0.0,0.0,0.0,0.0,True
2040,P0238,Sichuan,ccs,0.0,0.0,0.0,0.0,0.0,True
2040,P0238,Sichuan,biomass,0.0,0.0,0.0,0.0,0.0,True
2040,P0238,Sichuan,beccs,1.0,9992799.999999998,8.194095999999998,15.568782399999996,8.480889359999997,True
2040,P0238,Sichuan,ammonia,0.0,0.0,0.0,0.0,0.0,True
2040,P0239,Guizhou,unabated,0.107172050444447,1892573.9592731837,1.5519106466040107,0.0,0.0,True
2040,P0239,Guizhou,retire,0.0,0.0,0.0,0.0,0.0,True
2040,P0239,Guizhou,ccs,0.0,0.0,0.0,0.0,0.0,True
2040,P0239,Guizhou,biomass,0.892827949555553,15766638.040726816,12.92864319339599,12.92864319339599,0.0,True
2040,P0239,Guizhou,beccs,0.0,0.0,0.0,0.0,0.0,True
2040,P0239,Guizhou,ammonia,0.0,0.0,0.0,0.0,0.0,True
2040,P0240,Guangdong,unabated,0.0,0.0,0.0,0.0,0.0,True
2040,P0240,Guangdong,retire,0.0,0.0,0.0,0.0,0.0,True
2040,P0240,Guangdong,ccs,0.0,0.0,0.0,0.0,0.0,True
2040,P0240,Guangdong,biomass,0.0,0.0,0.0,0.0,0.0,True
2040,P0240,Guangdong,beccs,1.0,9663400.0,7.923987999999999,15.055577199999997,8.201327579999997,True
2040,P0240,Guangdong,ammonia,0.0,0.0,0.0,0.0,0.0,True
2040,P0241,Guangxi,unabated,0.0,0.0,0.0,0.0,0.0,True
2040,P0241,Guangxi,retire,0.0,0.0,0.0,0.0,0.0,True
2040,P0241,Guangxi,ccs,0.0,0.0,0.0,0.0,0.0,True
2040,P0241,Guangxi,biomass,1.0,3350620.0,2.7475084,2.7475084,0.0,True
2040,P0241,Guangxi,beccs,0.0,0.0,0.0,0.0,0.0,True
2040,P0241,Guangxi,ammonia,0.0,0.0,0.0,0.0,0.0,True
2040,P0242,Xinjiang,unabated,1.0,27884735.999999996,22.865483519999994,0.0,0.0,True
2040,P0242,Xinjiang,retire,0.0,0.0,0.0,0.0,0.0,True
2040,P0242,Xinjiang,ccs,0.0,0.0,0.0,0.0,0.0,True
2040,P0242,Xinjiang,biomass,0.0,0.0,0.0,0.0,0.0,True
2040,P0242,Xinjiang,beccs,0.0,0.0,0.0,0.0,0.0,True
2040,P0242,Xinjiang,ammonia,0.0,0.0,0.0,0.0,0.0,True
2040,P0243,Anhui,unabated,1.0,124308166.00000001,101.93269612,0.0,0.0,True
2040,P0243,Anhui,retire,0.0,0.0,0.0,0.0,0.0,True
2040,P0243,Anhui,ccs,0.0,0.0,0.0,0.0,0.0,True
2040,P0243,Anhui,biomass,0.0,0.0,0.0,0.0,0.0,True
2040,P0243,Anhui,beccs,0.0,0.0,0.0,0.0,0.0,True
2040,P0243,Anhui,ammonia,0.0,0.0,0.0,0.0,0.0,True
2040,P0244,Gansu,unabated,0.0,0.0,0.0,0.0,0.0,True
2040,P0244,Gansu,retire,0.0,0.0,0.0,0.0,0.0,True
2040,P0244,Gansu,ccs,1.0,15124456.000000002,12.40205392,11.161848528,12.836125807199998,True
2040,P0244,Gansu,biomass,0.0,0.0,0.0,0.0,0.0,True
2040,P0244,Gansu,beccs,0.0,0.0,0.0,0.0,0.0,True
2040,P0244,Gansu,ammonia,0.0,0.0,0.0,0.0,0.0,True
2040,P0245,Hubei,unabated,0.0,0.0,0.0,0.0,0.0,True
2040,P0245,Hubei,retire,0.0,0.0,0.0,0.0,0.0,True
2040,P0245,Hubei,ccs,0.0,0.0,0.0,0.0,0.0,True
2040,P0245,Hubei,biomass,1.0,7247976.799999999,5.943340975999999,5.943340975999999,0.0,True
2040,P0245,Hubei,beccs,0.0,0.0,0.0,0.0,0.0,True
2040,P0245,Hubei,ammonia,0.0,0.0,0.0,0.0,0.0,True
2040,P0246,Inner Mongolia,unabated,1.0,41107355.0,33.7080311,0.0,0.0,True
2040,P0246,Inner Mongolia,retire,0.0,0.0,0.0,0.0,0.0,True
2040,P0246,Inner Mongolia,ccs,0.0,0.0,0.0,0.0,0.0,True
2040,P0246,Inner Mongolia,biomass,0.0,0.0,0.0,0.0,0.0,True
2040,P0246,Inner Mongolia,beccs,0.0,0.0,0.0,0.0,0.0,True
2040,P0246,Inner Mongolia,ammonia,0.0,0.0,0.0,0.0,0.0,True
2040,P0247,Shandong,unabated,1.0,8983866.0,7.366770119999999,0.0,0.0,True
2040,P0247,Shandong,retire,0.0,0.0,0.0,0.0,0.0,True
2040,P0247,Shandong,ccs,0.0,0.0,0.0,0.0,0.0,True
2040,P0247,Shandong,biomass,0.0,0.0,0.0,0.0,0.0,True
2040,P0247,Shandong,beccs,0.0,0.0,0.0,0.0,0.0,True
2040,P0247,Shandong,ammonia,0.0,0.0,0.0,0.0,0.0,True
2040,P0248,Henan,unabated,1.0,30200644.0,24.764528079999998,0.0,0.0,True
2040,P0248,Henan,retire,0.0,0.0,0.0,0.0,0.0,True
2040,P0248,Henan,ccs,0.0,0.0,0.0,0.0,0.0,True
2040,P0248,Henan,biomass,0.0,0.0,0.0,0.0,0.0,True
2040,P0248,Henan,beccs,0.0,0.0,0.0,0.0,0.0,True
2040,P0248,Henan,ammonia,0.0,0.0,0.0,0.0,0.0,True
2040,P0249,Gansu,unabated,0.0,0.0,0.0,0.0,0.0,True
2040,P0249,Gansu,retire,0.0,0.0,0.0,0.0,0.0,True
2040,P0249,Gansu,ccs,0.0,0.0,0.0,0.0,0.0,True
2040,P0249,Gansu,biomass,0.0,0.0,0.0,0.0,0.0,True
2040,P0249,Gansu,beccs,1.0,2513760.0000000005,2.0612832,3.91643808,2.133428112,True
2040,P0249,Gansu,ammonia,0.0,0.0,0.0,0.0,0.0,True
2040,P0250,Gansu,unabated,0.0,0.0,0.0,0.0,0.0,True
2040,P0250,Gansu,retire,0.0,0.0,0.0,0.0,0.0,True
2040,P0250,Gansu,ccs,0.7095135806256772,1783546.8584336026,1.462508423915554,1.3162575815239985,1.5136962187525977,True
2040,P0250,Gansu,biomass,0.0,0.0,0.0,0.0,0.0,True
2040,P0250,Gansu,beccs,0.290486419374323,730213.1415663983,0.5987747760844465,1.1376720745604483,0.619731893247402,True
2040,P0250,Gansu,ammonia,0.0,0.0,0.0,0.0,0.0,True
2040,P0251,Hebei,unabated,0.34509855083908136,2090930.0332267405,1.7145626272459273,0.0,0.0,True
2040,P0251,Hebei,retire,0.0,0.0,0.0,0.0,0.0,True
2040,P0251,Hebei,ccs,0.0,0.0,0.0,0.0,0.0,True
2040,P0251,Hebei,biomass,0.6237864770959778,3779482.3423899957,3.0991755207597964,3.0991755207597964,0.0,True
2040,P0251,Hebei,beccs,0.031114972064941238,188523.62438326684,0.1545893719942788,0.2937198067891297,0.16000000001407855,True
2040,P0251,Hebei,ammonia,0.0,0.0,0.0,0.0,0.0,True
2040,P0252,Guangxi,unabated,0.0,0.0,0.0,0.0,0.0,True
2040,P0252,Guangxi,retire,0.0,0.0,0.0,0.0,0.0,True
2040,P0252,Guangxi,ccs,0.0,0.0,0.0,0.0,0.0,True
2040,P0252,Guangxi,biomass,1.0,10003994.0,8.20327508,8.20327508,0.0,True
2040,P0252,Guangxi,beccs,0.0,0.0,0.0,0.0,0.0,True
2040,P0252,Guangxi,ammonia,0.0,0.0,0.0,0.0,0.0,True
2040,P0253,Guangxi,unabated,0.0,0.0,0.0,0.0,0.0,True
2040,P0253,Guangxi,retire,0.0,0.0,0.0,0.0,0.0,True
2040,P0253,Guangxi,ccs,0.0,0.0,0.0,0.0,0.0,True
2040,P0253,Guangxi,biomass,1.0,5456724.0,4.474513679999999,4.474513679999999,0.0,True
2040,P0253,Guangxi,beccs,0.0,0.0,0.0,0.0,0.0,True
2040,P0253,Guangxi,ammonia,0.0,0.0,0.0,0.0,0.0,True
2040,P0254,Jiangxi,unabated,0.0,0.0,0.0,0.0,0.0,True
2040,P0254,Jiangxi,retire,0.0,0.0,0.0,0.0,0.0,True
2040,P0254,Jiangxi,ccs,0.0,0.0,0.0,0.0,0.0,True
2040,P0254,Jiangxi,biomass,1.0,6291647.999999999,5.159151359999998,5.159151359999998,0.0,True
2040,P0254,Jiangxi,beccs,0.0,0.0,0.0,0.0,0.0,True
2040,P0254,Jiangxi,ammonia,0.0,0.0,0.0,0.0,0.0,True
2040,P0255,Anhui,unabated,0.0,0.0,0.0,0.0,0.0,True
2040,P0255,Anhui,retire,0.0,0.0,0.0,0.0,0.0,True
2040,P0255,Anhui,ccs,0.0,0.0,0.0,0.0,0.0,True
2040,P0255,Anhui,biomass,1.0,25003932.0,20.503224239999998,20.503224239999998,0.0,True
2040,P0255,Anhui,beccs,0.0,0.0,0.0,0.0,0.0,True
2040,P0255,Anhui,ammonia,0.0,0.0,0.0,0.0,0.0,True
2040,P0256,Heilongjiang,unabated,0.0,0.0,0.0,0.0,0.0,True
2040,P0256,Heilongjiang,retire,0.0,0.0,0.0,0.0,0.0,True
2040,P0256,Heilongjiang,ccs,0.0,0.0,0.0,0.0,0.0,True
2040,P0256,Heilongjiang,biomass,0.0,0.0,0.0,0.0,0.0,True
2040,P0256,Heilongjiang,beccs,1.0,194796.0,0.15973272,0.30349216799999995,0.1653233652,True
2040,P0256,Heilongjiang,ammonia,0.0,0.0,0.0,0.0,0.0,True
2040,P0257,Inner Mongolia,unabated,0.0,0.0,0.0,0.0,0.0,True
2040,P0257,Inner Mongolia,retire,0.0,0.0,0.0,0.0,0.0,True
2040,P0257,Inner Mongolia,ccs,0.0,0.0,0.0,0.0,0.0,True
2040,P0257,Inner Mongolia,biomass,1.0,362267.99999999994,0.29705975999999995,0.29705975999999995,0.0,True
2040,P0257,Inner Mongolia,beccs,0.0,0.0,0.0,0.0,0.0,True
2040,P0257,Inner Mongolia,ammonia,0.0,0.0,0.0,0.0,0.0,True
2040,P0258,Xinjiang,unabated,0.0,0.0,0.0,0.0,0.0,True
2040,P0258,Xinjiang,retire,0.0,0.0,0.0,0.0,0.0,True
2040,P0258,Xinjiang,ccs,1.0,3696839.9999999995,3.0314087999999995,2.7282679199999995,3.137508107999999,True
2040,P0258,Xinjiang,biomass,0.0,0.0,0.0,0.0,0.0,True
2040,P0258,Xinjiang,beccs,0.0,0.0,0.0,0.0,0.0,True
2040,P0258,Xinjiang,ammonia,0.0,0.0,0.0,0.0,0.0,True
2040,P0259,Guizhou,unabated,1.0,20792298.0,17.04968436,0.0,0.0,True
2040,P0259,Guizhou,retire,0.0,0.0,0.0,0.0,0.0,True
2040,P0259,Guizhou,ccs,0.0,0.0,0.0,0.0,0.0,True
2040,P0259,Guizhou,biomass,0.0,0.0,0.0,0.0,0.0,True
2040,P0259,Guizhou,beccs,0.0,0.0,0.0,0.0,0.0,True
2040,P0259,Guizhou,ammonia,0.0,0.0,0.0,0.0,0.0,True
2040,P0260,Ningxia,unabated,0.0,0.0,0.0,0.0,0.0,True
2040,P0260,Ningxia,retire,0.0,0.0,0.0,0.0,0.0,True
2040,P0260,Ningxia,ccs,0.0,0.0,0.0,0.0,0.0,True
2040,P0260,Ningxia,biomass,0.0,0.0,0.0,0.0,0.0,True
2040,P0260,Ningxia,beccs,1.0,13222594.0,10.84252708,20.600801452,11.2220155278,True
2040,P0260,Ningxia,ammonia,0.0,0.0,0.0,0.0,0.0,True
2040,P0261,Xinjiang,unabated,0.0,0.0,0.0,0.0,0.0,True
2040,P0261,Xinjiang,retire,0.0,0.0,0.0,0.0,0.0,True
2040,P0261,Xinjiang,ccs,1.0,3696839.9999999995,3.0314087999999995,2.7282679199999995,3.137508107999999,True
2040,P0261,Xinjiang,biomass,0.0,0.0,0.0,0.0,0.0,True
2040,P0261,Xinjiang,beccs,0.0,0.0,0.0,0.0,0.0,True
2040,P0261,Xinjiang,ammonia,0.0,0.0,0.0,0.0,0.0,True
2040,P0262,Guizhou,unabated,0.0,0.0,0.0,0.0,0.0,True
2040,P0262,Guizhou,retire,0.0,0.0,0.0,0.0,0.0,True
2040,P0262,Guizhou,ccs,0.0,0.0,0.0,0.0,0.0,True
2040,P0262,Guizhou,biomass,1.0,5696520.0,4.6711464,4.6711464,0.0,True
2040,P0262,Guizhou,beccs,0.0,0.0,0.0,0.0,0.0,True
2040,P0262,Guizhou,ammonia,0.0,0.0,0.0,0.0,0.0,True
2040,P0263,Shaanxi,unabated,0.0,0.0,0.0,0.0,0.0,True
2040,P0263,Shaanxi,retire,0.0,0.0,0.0,0.0,0.0,True
2040,P0263,Shaanxi,ccs,0.0,0.0,0.0,0.0,0.0,True
2040,P0263,Shaanxi,biomass,0.31548696982005764,1002175.9083303951,0.8217842448309239,0.8217842448309239,0.0,True
2040,P0263,Shaanxi,beccs,0.6845130301799424,2174424.091669605,1.7830277551690759,3.387752734821244,1.8454337265999934,True
2040,P0263,Shaanxi,ammonia,0.0,0.0,0.0,0.0,0.0,True
2040,P0264,Sichuan,unabated,0.0,0.0,0.0,0.0,0.0,True
2040,P0264,Sichuan,retire,0.0,0.0,0.0,0.0,0.0,True
2040,P0264,Sichuan,ccs,0.0,0.0,0.0,0.0,0.0,True
2040,P0264,Sichuan,biomass,0.0,0.0,0.0,0.0,0.0,True
2040,P0264,Sichuan,beccs,1.0,5995679.999999999,4.916457599999998,9.341269439999996,5.0885336159999985,True
2040,P0264,Sichuan,ammonia,0.0,0.0,0.0,0.0,0.0,True
2040,P0265,Gansu,unabated,0.0,0.0,0.0,0.0,0.0,True
2040,P0265,Gansu,retire,0.0,0.0,0.0,0.0,0.0,True
2040,P0265,Gansu,ccs,0.0,0.0,0.0,0.0,0.0,True
2040,P0265,Gansu,biomass,0.0,0.0,0.0,0.0,0.0,True
2040,P0265,Gansu,beccs,1.0,2932720.0,2.4048304,4.56917776,2.488999464,True
2040,P0265,Gansu,ammonia,0.0,0.0,0.0,0.0,0.0,True
2040,P0266,Heilongjiang,unabated,0.0,0.0,0.0,0.0,0.0,True
2040,P0266,Heilongjiang,retire,0.0,0.0,0.0,0.0,0.0,True
2040,P0266,Heilongjiang,ccs,0.0,0.0,0.0,0.0,0.0,True
2040,P0266,Heilongjiang,biomass,1.0,939195.0000000001,0.7701399,0.7701399,0.0,True
2040,P0266,Heilongjiang,beccs,0.0,0.0,0.0,0.0,0.0,True
2040,P0266,Heilongjiang,ammonia,0.0,0.0,0.0,0.0,0.0,True
2040,P0267,Hubei,unabated,0.0,0.0,0.0,0.0,0.0,True
2040,P0267,Hubei,retire,0.0,0.0,0.0,0.0,0.0,True
2040,P0267,Hubei,ccs,0.0,0.0,0.0,0.0,0.0,True
2040,P0267,Hubei,biomass,1.0,17473136.0,14.32797152,14.32797152,0.0,True
2040,P0267,Hubei,beccs,0.0,0.0,0.0,0.0,0.0,True
2040,P0267,Hubei,ammonia,0.0,0.0,0.0,0.0,0.0,True
2040,P0268,Inner Mongolia,unabated,0.0,0.0,0.0,0.0,0.0,True
2040,P0268,Inner Mongolia,retire,0.0,0.0,0.0,0.0,0.0,True
2040,P0268,Inner Mongolia,ccs,0.0,0.0,0.0,0.0,0.0,True
2040,P0268,Inner Mongolia,biomass,1.0,452835.0,0.37132469999999995,0.37132469999999995,0.0,True
2040,P0268,Inner Mongolia,beccs,0.0,0.0,0.0,0.0,0.0,True
2040,P0268,Inner Mongolia,ammonia,0.0,0.0,0.0,0.0,0.0,True
2040,P0269,Guangdong,unabated,1.0,77191239.2,63.296816144000005,0.0,0.0,True
2040,P0269,Guangdong,retire,0.0,0.0,0.0,0.0,0.0,True
2040,P0269,Guangdong,ccs,0.0,0.0,0.0,0.0,0.0,True
2040,P0269,Guangdong,biomass,0.0,0.0,0.0,0.0,0.0,True
2040,P0269,Guangdong,beccs,0.0,0.0,0.0,0.0,0.0,True
2040,P0269,Guangdong,ammonia,0.0,0.0,0.0,0.0,0.0,True
2040,P0270,Xinjiang,unabated,1.0,3168719.9999999995,2.5983503999999993,0.0,0.0,True
2040,P0270,Xinjiang,retire,0.0,0.0,0.0,0.0,0.0,True
2040,P0270,Xinjiang,ccs,0.0,0.0,0.0,0.0,0.0,True
2040,P0270,Xinjiang,biomass,0.0,0.0,0.0,0.0,0.0,True
2040,P0270,Xinjiang,beccs,0.0,0.0,0.0,0.0,0.0,True
2040,P0270,Xinjiang,ammonia,0.0,0.0,0.0,0.0,0.0,True
2040,P0271,Guangdong,unabated,0.0,0.0,0.0,0.0,0.0,True
2040,P0271,Guangdong,retire,0.0,0.0,0.0,0.0,0.0,True
2040,P0271,Guangdong,ccs,0.0,0.0,0.0,0.0,0.0,True
2040,P0271,Guangdong,biomass,1.0,2899020.0,2.3771964,2.3771964,0.0,True
2040,P0271,Guangdong,beccs,0.0,0.0,0.0,0.0,0.0,True
2040,P0271,Guangdong,ammonia,0.0,0.0,0.0,0.0,0.0,True
2040,P0272,Qinghai,unabated,0.0,0.0,0.0,0.0,0.0,True
2040,P0272,Qinghai,retire,0.0,0.0,0.0,0.0,0.0,True
2040,P0272,Qinghai,ccs,1.0,5408039.999999999,4.434592799999999,3.991133519999999,4.589803547999999,True
2040,P0272,Qinghai,biomass,0.0,0.0,0.0,0.0,0.0,True
2040,P0272,Qinghai,beccs,0.0,0.0,0.0,0.0,0.0,True
2040,P0272,Qinghai,ammonia,0.0,0.0,0.0,0.0,0.0,True
2040,P0273,Fujian,unabated,0.0,0.0,0.0,0.0,0.0,True
2040,P0273,Fujian,retire,0.0,0.0,0.0,0.0,0.0,True
2040,P0273,Fujian,ccs,0.0,0.0,0.0,0.0,0.0,True
2040,P0273,Fujian,biomass,1.0,3075720.0,2.5220903999999997,2.5220903999999997,0.0,True
2040,P0273,Fujian,beccs,0.0,0.0,0.0,0.0,0.0,True
2040,P0273,Fujian,ammonia,0.0,0.0,0.0,0.0,0.0,True
2040,P0274,Hebei,unabated,0.0,0.0,0.0,0.0,0.0,True
2040,P0274,Hebei,retire,0.0,0.0,0.0,0.0,0.0,True
2040,P0274,Hebei,ccs,0.0,0.0,0.0,0.0,0.0,True
2040,P0274,Hebei,biomass,0.0,0.0,0.0,0.0,0.0,True
2040,P0274,Hebei,beccs,1.0,6237140.0,5.1144548,9.717464119999999,5.2934607179999995,True
2040,P0274,Hebei,ammonia,0.0,0.0,0.0,0.0,0.0,True
2040,P0275,Gansu,unabated,0.6425225571828951,9744723.270175917,7.990673081544251,0.0,0.0,True
2040,P0275,Gansu,retire,0.0,0.0,0.0,0.0,0.0,True
2040,P0275,Gansu,ccs,0.35747744281710386,5421628.72982407,4.445735558455737,4.001162002610163,4.601336303001687,True
2040,P0275,Gansu,biomass,0.0,0.0,0.0,0.0,0.0,True
2040,P0275,Gansu,beccs,0.0,0.0,0.0,0.0,0.0,True
2040,P0275,Gansu,ammonia,0.0,0.0,0.0,0.0,0.0,True
2040,P0276,Xinjiang,unabated,0.0,0.0,0.0,0.0,0.0,True
2040,P0276,Xinjiang,retire,0.0,0.0,0.0,0.0,0.0,True
2040,P0276,Xinjiang,ccs,1.0,3168719.9999999995,2.5983503999999993,2.3385153599999993,2.6892926639999994,True
2040,P0276,Xinjiang,biomass,0.0,0.0,0.0,0.0,0.0,True
2040,P0276,Xinjiang,beccs,0.0,0.0,0.0,0.0,0.0,True
2040,P0276,Xinjiang,ammonia,0.0,0.0,0.0,0.0,0.0,True
2040,P0277,Guangxi,unabated,0.0,0.0,0.0,0.0,0.0,True
2040,P0277,Guangxi,retire,0.0,0.0,0.0,0.0,0.0,True
2040,P0277,Guangxi,ccs,0.0,0.0,0.0,0.0,0.0,True
2040,P0277,Guangxi,biomass,1.0,3350620.0,2.7475084,2.7475084,0.0,True
2040,P0277,Guangxi,beccs,0.0,0.0,0.0,0.0,0.0,True
2040,P0277,Guangxi,ammonia,0.0,0.0,0.0,0.0,0.0,True
2040,P0278,Inner Mongolia,unabated,1.0,8151030.0,6.6838446,0.0,0.0,True
2040,P0278,Inner Mongolia,retire,0.0,0.0,0.0,0.0,0.0,True
2040,P0278,Inner Mongolia,ccs,0.0,0.0,0.0,0.0,0.0,True
2040,P0278,Inner Mongolia,biomass,0.0,0.0,0.0,0.0,0.0,True
2040,P0278,Inner Mongolia,beccs,0.0,0.0,0.0,0.0,0.0,True
2040,P0278,Inner Mongolia,ammonia,0.0,0.0,0.0,0.0,0.0,True
2040,P0279,Guangxi,unabated,0.0,0.0,0.0,0.0,0.0,True
2040,P0279,Guangxi,retire,0.0,0.0,0.0,0.0,0.0,True
2040,P0279,Guangxi,ccs,0.0,0.0,0.0,0.0,0.0,True
2040,P0279,Guangxi,biomass,1.0,5743920.0,4.7100143999999995,4.7100143999999995,0.0,True
2040,P0279,Guangxi,beccs,0.0,0.0,0.0,0.0,0.0,True
2040,P0279,Guangxi,ammonia,0.0,0.0,0.0,0.0,0.0,True
2040,P0280,Anhui,unabated,0.0,0.0,0.0,0.0,0.0,True
2040,P0280,Anhui,retire,0.0,0.0,0.0,0.0,0.0,True
2040,P0280,Anhui,ccs,0.0,0.0,0.0,0.0,0.0,True
2040,P0280,Anhui,biomass,1.0,6708372.000000001,5.50086504,5.50086504,0.0,True
2040,P0280,Anhui,beccs,0.0,0.0,0.0,0.0,0.0,True
2040,P0280,Anhui,ammonia,0.0,0.0,0.0,0.0,0.0,True
2040,P0281,Xinjiang,unabated,0.0,0.0,0.0,0.0,0.0,True
2040,P0281,Xinjiang,retire,0.0,0.0,0.0,0.0,0.0,True
2040,P0281,Xinjiang,ccs,1.0,10668023.999999998,8.747779679999997,7.873001711999998,9.053951968799996,True
2040,P0281,Xinjiang,biomass,0.0,0.0,0.0,0.0,0.0,True
2040,P0281,Xinjiang,beccs,0.0,0.0,0.0,0.0,0.0,True
2040,P0281,Xinjiang,ammonia,0.0,0.0,0.0,0.0,0.0,True
2040,P0282,Shandong,unabated,0.0,0.0,0.0,0.0,0.0,True
2040,P0282,Shandong,retire,0.0,0.0,0.0,0.0,0.0,True
2040,P0282,Shandong,ccs,0.0,0.0,0.0,0.0,0.0,True
2040,P0282,Shandong,biomass,1.0,3532491.0000000005,2.89664262,2.89664262,0.0,True
2040,P0282,Shandong,beccs,0.0,0.0,0.0,0.0,0.0,True
2040,P0282,Shandong,ammonia,0.0,0.0,0.0,0.0,0.0,True
2040,P0283,Hubei,unabated,0.0,0.0,0.0,0.0,0.0,True
2040,P0283,Hubei,retire,0.0,0.0,0.0,0.0,0.0,True
2040,P0283,Hubei,ccs,0.0,0.0,0.0,0.0,0.0,True
2040,P0283,Hubei,biomass,1.0,4949472.0,4.05856704,4.05856704,0.0,True
2040,P0283,Hubei,beccs,0.0,0.0,0.0,0.0,0.0,True
2040,P0283,Hubei,ammonia,0.0,0.0,0.0,0.0,0.0,True
2040,P0284,Shandong,unabated,1.0,38377680.00000001,31.469697600000003,0.0,0.0,True
2040,P0284,Shandong,retire,0.0,0.0,0.0,0.0,0.0,True
2040,P0284,Shandong,ccs,0.0,0.0,0.0,0.0,0.0,True
2040,P0284,Shandong,biomass,0.0,0.0,0.0,0.0,0.0,True
2040,P0284,Shandong,beccs,0.0,0.0,0.0,0.0,0.0,True
2040,P0284,Shandong,ammonia,0.0,0.0,0.0,0.0,0.0,True
2040,P0285,Yunnan,unabated,0.0,0.0,0.0,0.0,0.0,True
2040,P0285,Yunnan,retire,0.0,0.0,0.0,0.0,0.0,True
2040,P0285,Yunnan,ccs,0.0,0.0,0.0,0.0,0.0,True
2040,P0285,Yunnan,biomass,1.0,5378639.999999999,4.410484799999999,4.410484799999999,0.0,True
2040,P0285,Yunnan,beccs,0.0,0.0,0.0,0.0,0.0,True
2040,P0285,Yunnan,ammonia,0.0,0.0,0.0,0.0,0.0,True
2040,P0286,Jiangxi,unabated,0.0,0.0,0.0,0.0,0.0,True
2040,P0286,Jiangxi,retire,0.0,0.0,0.0,0.0,0.0,True
2040,P0286,Jiangxi,ccs,0.0,0.0,0.0,0.0,0.0,True
2040,P0286,Jiangxi,biomass,1.0,7149600.0,5.862672,5.862672,0.0,True
2040,P0286,Jiangxi,beccs,0.0,0.0,0.0,0.0,0.0,True
2040,P0286,Jiangxi,ammonia,0.0,0.0,0.0,0.0,0.0,True
2040,P0287,Gansu,unabated,1.0,5530272.0,4.53482304,0.0,0.0,True
2040,P0287,Gansu,retire,0.0,0.0,0.0,0.0,0.0,True
2040,P0287,Gansu,ccs,0.0,0.0,0.0,0.0,0.0,True
2040,P0287,Gansu,biomass,0.0,0.0,0.0,0.0,0.0,True
2040,P0287,Gansu,beccs,0.0,0.0,0.0,0.0,0.0,True
2040,P0287,Gansu,ammonia,0.0,0.0,0.0,0.0,0.0,True
2040,P0288,Inner Mongolia,unabated,1.0,6641580.0,5.4460956,0.0,0.0,True
2040,P0288,Inner Mongolia,retire,0.0,0.0,0.0,0.0,0.0,True
2040,P0288,Inner Mongolia,ccs,0.0,0.0,0.0,0.0,0.0,True
2040,P0288,Inner Mongolia,biomass,0.0,0.0,0.0,0.0,0.0,True
2040,P0288,Inner Mongolia,beccs,0.0,0.0,0.0,0.0,0.0,True
2040,P0288,Inner Mongolia,ammonia,0.0,0.0,0.0,0.0,0.0,True
2040,P0289,Inner Mongolia,unabated,0.0,0.0,0.0,0.0,0.0,True
2040,P0289,Inner Mongolia,retire,0.0,0.0,0.0,0.0,0.0,True
2040,P0289,Inner Mongolia,ccs,0.0,0.0,0.0,0.0,0.0,True
2040,P0289,Inner Mongolia,biomass,0.0,0.0,0.0,0.0,0.0,True
2040,P0289,Inner Mongolia,beccs,1.0,2566065.0,2.1041733,3.9979292699999993,2.1778193655,True
2040,P0289,Inner Mongolia,ammonia,0.0,0.0,0.0,0.0,0.0,True
2040,P0290,Guizhou,unabated,1.0,8829606.0,7.24027692,0.0,0.0,True
2040,P0290,Guizhou,retire,0.0,0.0,0.0,0.0,0.0,True
2040,P0290,Guizhou,ccs,0.0,0.0,0.0,0.0,0.0,True
2040,P0290,Guizhou,biomass,0.0,0.0,0.0,0.0,0.0,True
2040,P0290,Guizhou,beccs,0.0,0.0,0.0,0.0,0.0,True
2040,P0290,Guizhou,ammonia,0.0,0.0,0.0,0.0,0.0,True
2040,P0291,Shanxi,unabated,0.0,0.0,0.0,0.0,0.0,True
2040,P0291,Shanxi,retire,0.0,0.0,0.0,0.0,0.0,True
2040,P0291,Shanxi,ccs,0.0,0.0,0.0,0.0,0.0,True
2040,P0291,Shanxi,biomass,0.0,0.0,0.0,0.0,0.0,True
2040,P0291,Shanxi,beccs,1.0,4490615.0,3.6823042999999998,6.996378169999999,3.8111849504999995,True
2040,P0291,Shanxi,ammonia,0.0,0.0,0.0,0.0,0.0,True
2040,P0292,Chongqing,unabated,0.0,0.0,0.0,0.0,0.0,True
2040,P0292,Chongqing,retire,0.0,0.0,0.0,0.0,0.0,True
2040,P0292,Chongqing,ccs,0.0,0.0,0.0,0.0,0.0,True
2040,P0292,Chongqing,biomass,1.0,2876520.0,2.3587464,2.3587464,0.0,True
2040,P0292,Chongqing,beccs,0.0,0.0,0.0,0.0,0.0,True
2040,P0292,Chongqing,ammonia,0.0,0.0,0.0,0.0,0.0,True
2040,P0293,Chongqing,unabated,0.0,0.0,0.0,0.0,0.0,True
2040,P0293,Chongqing,retire,0.0,0.0,0.0,0.0,0.0,True
2040,P0293,Chongqing,ccs,0.0,0.0,0.0,0.0,0.0,True
2040,P0293,Chongqing,biomass,0.0,0.0,0.0,0.0,0.0,True
2040,P0293,Chongqing,beccs,1.0,958840.0,0.7862488,1.49387272,0.8137675079999999,True
2040,P0293,Chongqing,ammonia,0.0,0.0,0.0,0.0,0.0,True
2040,P0294,Jiangxi,unabated,0.0,0.0,0.0,0.0,0.0,True
2040,P0294,Jiangxi,retire,0.0,0.0,0.0,0.0,0.0,True
2040,P0294,Jiangxi,ccs,0.0,0.0,0.0,0.0,0.0,True
2040,P0294,Jiangxi,biomass,1.0,6291647.999999999,5.159151359999998,5.159151359999998,0.0,True
2040,P0294,Jiangxi,beccs,0.0,0.0,0.0,0.0,0.0,True
2040,P0294,Jiangxi,ammonia,0.0,0.0,0.0,0.0,0.0,True
2040,P0295,Guangdong,unabated,0.0,0.0,0.0,0.0,0.0,True
2040,P0295,Guangdong,retire,0.0,0.0,0.0,0.0,0.0,True
2040,P0295,Guangdong,ccs,0.0,0.0,0.0,0.0,0.0,True
2040,P0295,Guangdong,biomass,0.0,0.0,0.0,0.0,0.0,True
2040,P0295,Guangdong,beccs,1.0,14857477.5,12.183131549999999,23.147949944999997,12.609541154249998,True
2040,P0295,Guangdong,ammonia,0.0,0.0,0.0,0.0,0.0,True
2040,P0296,Henan,unabated,0.0,0.0,0.0,0.0,0.0,True
2040,P0296,Henan,retire,0.0,0.0,0.0,0.0,0.0,True
2040,P0296,Henan,ccs,0.0,0.0,0.0,0.0,0.0,True
2040,P0296,Henan,biomass,1.0,14182424.0,11.62958768,11.62958768,0.0,True
2040,P0296,Henan,beccs,0.0,0.0,0.0,0.0,0.0,True
2040,P0296,Henan,ammonia,0.0,0.0,0.0,0.0,0.0,True
2040,P0297,Jiangxi,unabated,0.0,0.0,0.0,0.0,0.0,True
2040,P0297,Jiangxi,retire,0.0,0.0,0.0,0.0,0.0,True
2040,P0297,Jiangxi,ccs,0.0,0.0,0.0,0.0,0.0,True
2040,P0297,Jiangxi,biomass,0.11129285204816874,1060932.500004783,0.869964650003922,0.869964650003922,0.0,True
2040,P0297,Jiangxi,beccs,0.8887071479518315,8471867.499995219,6.9469313499960785,13.19916956499255,7.190073947245942,True
2040,P0297,Jiangxi,ammonia,0.0,0.0,0.0,0.0,0.0,True
2040,P0298,Xinjiang,unabated,1.0,5281200.0,4.330584,0.0,0.0,True
2040,P0298,Xinjiang,retire,0.0,0.0,0.0,0.0,0.0,True
2040,P0298,Xinjiang,ccs,0.0,0.0,0.0,0.0,0.0,True
2040,P0298,Xinjiang,biomass,0.0,0.0,0.0,0.0,0.0,True
2040,P0298,Xinjiang,beccs,0.0,0.0,0.0,0.0,0.0,True
2040,P0298,Xinjiang,ammonia,0.0,0.0,0.0,0.0,0.0,True
2040,P0299,Liaoning,unabated,0.0,0.0,0.0,0.0,0.0,True
2040,P0299,Liaoning,retire,0.0,0.0,0.0,0.0,0.0,True
2040,P0299,Liaoning,ccs,0.0,0.0,0.0,0.0,0.0,True
2040,P0299,Liaoning,biomass,1.0,1612363.9999999998,1.3221384799999998,1.3221384799999998,0.0,True
2040,P0299,Liaoning,beccs,0.0,0.0,0.0,0.0,0.0,True
2040,P0299,Liaoning,ammonia,0.0,0.0,0.0,0.0,0.0,True
2040,P0300,Guangxi,unabated,0.0,0.0,0.0,0.0,0.0,True
2040,P0300,Guangxi,retire,0.0,0.0,0.0,0.0,0.0,True
2040,P0300,Guangxi,ccs,0.0,0.0,0.0,0.0,0.0,True
2040,P0300,Guangxi,biomass,0.0,0.0,0.0,0.0,0.0,True
2040,P0300,Guangxi,beccs,1.0,6318312.0,5.18101584,9.843930096,5.362351394399999,True
2040,P0300,Guangxi,ammonia,0.0,0.0,0.0,0.0,0.0,True
2040,P0301,Jiangsu,unabated,0.0,0.0,0.0,0.0,0.0,True
2040,P0301,Jiangsu,retire,0.0,0.0,0.0,0.0,0.0,True
2040,P0301,Jiangsu,ccs,0.0,0.0,0.0,0.0,0.0,True
2040,P0301,Jiangsu,biomass,1.0,320992.0,0.26321344,0.26321344,0.0,True
2040,P0301,Jiangsu,beccs,0.0,0.0,0.0,0.0,0.0,True
2040,P0301,Jiangsu,ammonia,0.0,0.0,0.0,0.0,0.0,True
2040,P0302,Xinjiang,unabated,1.0,3696839.9999999995,3.0314087999999995,0.0,0.0,True
2040,P0302,Xinjiang,retire,0.0,0.0,0.0,0.0,0.0,True
2040,P0302,Xinjiang,ccs,0.0,0.0,0.0,0.0,0.0,True
2040,P0302,Xinjiang,biomass,0.0,0.0,0.0,0.0,0.0,True
2040,P0302,Xinjiang,beccs,0.0,0.0,0.0,0.0,0.0,True
2040,P0302,Xinjiang,ammonia,0.0,0.0,0.0,0.0,0.0,True
2040,P0303,Henan,unabated,0.0,0.0,0.0,0.0,0.0,True
2040,P0303,Henan,retire,0.0,0.0,0.0,0.0,0.0,True
2040,P0303,Henan,ccs,0.0,0.0,0.0,0.0,0.0,True
2040,P0303,Henan,biomass,1.0,4679480.0,3.8371735999999994,3.8371735999999994,0.0,True
2040,P0303,Henan,beccs,0.0,0.0,0.0,0.0,0.0,True
2040,P0303,Henan,ammonia,0.0,0.0,0.0,0.0,0.0,True
2040,P0304,Inner Mongolia,unabated,0.0,0.0,0.0,0.0,0.0,True
2040,P0304,Inner Mongolia,retire,0.0,0.0,0.0,0.0,0.0,True
2040,P0304,Inner Mongolia,ccs,1.0,503150.0,0.412583,0.3713247,0.42702340499999997,True
2040,P0304,Inner Mongolia,biomass,0.0,0.0,0.0,0.0,0.0,True
2040,P0304,Inner Mongolia,beccs,0.0,0.0,0.0,0.0,0.0,True
2040,P0304,Inner Mongolia,ammonia,0.0,0.0,0.0,0.0,0.0,True
2040,P0305,Inner Mongolia,unabated,1.0,1509449.9999999998,1.2377489999999998,0.0,0.0,True
2040,P0305,Inner Mongolia,retire,0.0,0.0,0.0,0.0,0.0,True
2040,P0305,Inner Mongolia,ccs,0.0,0.0,0.0,0.0,0.0,True
2040,P0305,Inner Mongolia,biomass,0.0,0.0,0.0,0.0,0.0,True
2040,P0305,Inner Mongolia,beccs,0.0,0.0,0.0,0.0,0.0,True
2040,P0305,Inner Mongolia,ammonia,0.0,0.0,0.0,0.0,0.0,True
2040,P0306,Inner Mongolia,unabated,1.0,3320790.0,2.7230478,0.0,0.0,True
2040,P0306,Inner Mongolia,retire,0.0,0.0,0.0,0.0,0.0,True
2040,P0306,Inner Mongolia,ccs,0.0,0.0,0.0,0.0,0.0,True
2040,P0306,Inner Mongolia,biomass,0.0,0.0,0.0,0.0,0.0,True
2040,P0306,Inner Mongolia,beccs,0.0,0.0,0.0,0.0,0.0,True
2040,P0306,Inner Mongolia,ammonia,0.0,0.0,0.0,0.0,0.0,True
2040,P0307,Hunan,unabated,0.0,0.0,0.0,0.0,0.0,True
2040,P0307,Hunan,retire,0.0,0.0,0.0,0.0,0.0,True
2040,P0307,Hunan,ccs,0.0,0.0,0.0,0.0,0.0,True
2040,P0307,Hunan,biomass,1.0,15627600.0,12.814632,12.814632,0.0,True
2040,P0307,Hunan,beccs,0.0,0.0,0.0,0.0,0.0,True
2040,P0307,Hunan,ammonia,0.0,0.0,0.0,0.0,0.0,True
2040,P0308,Qinghai,unabated,0.0,0.0,0.0,0.0,0.0,True
2040,P0308,Qinghai,retire,0.0,0.0,0.0,0.0,0.0,True
2040,P0308,Qinghai,ccs,0.0,0.0,0.0,0.0,0.0,True
2040,P0308,Qinghai,biomass,0.0,0.0,0.0,0.0,0.0,True
2040,P0308,Qinghai,beccs,1.0,1106190.0,0.9070757999999999,1.7234440199999996,0.9388234529999999,True
2040,P0308,Qinghai,ammonia,0.0,0.0,0.0,0.0,0.0,True
2040,P0309,Inner Mongolia,unabated,0.0,0.0,0.0,0.0,0.0,True
2040,P0309,Inner Mongolia,retire,0.0,0.0,0.0,0.0,0.0,True
2040,P0309,Inner Mongolia,ccs,0.05011308337750399,504287.95802782266,0.41351612558281453,0.37216451302453313,0.42798918997821295,True
2040,P0309,Inner Mongolia,biomass,0.0,0.0,0.0,0.0,0.0,True
2040,P0309,Inner Mongolia,beccs,0.9498869166224959,9558712.041972177,7.838143874417184,14.892473361392648,8.112478910021784,True
2040,P0309,Inner Mongolia,ammonia,0.0,0.0,0.0,0.0,0.0,True
2040,P0310,Shaanxi,unabated,0.0,0.0,0.0,0.0,0.0,True
2040,P0310,Shaanxi,retire,0.0,0.0,0.0,0.0,0.0,True
2040,P0310,Shaanxi,ccs,0.0,0.0,0.0,0.0,0.0,True
2040,P0310,Shaanxi,biomass,1.0,11980320.0,9.823862399999998,9.823862399999998,0.0,True
2040,P0310,Shaanxi,beccs,0.0,0.0,0.0,0.0,0.0,True
2040,P0310,Shaanxi,ammonia,0.0,0.0,0.0,0.0,0.0,True
2040,P0311,Hunan,unabated,0.0,0.0,0.0,0.0,0.0,True
2040,P0311,Hunan,retire,0.0,0.0,0.0,0.0,0.0,True
2040,P0311,Hunan,ccs,0.0,0.0,0.0,0.0,0.0,True
2040,P0311,Hunan,biomass,1.0,5157108.0,4.228828559999999,4.228828559999999,0.0,True
2040,P0311,Hunan,beccs,0.0,0.0,0.0,0.0,0.0,True
2040,P0311,Hunan,ammonia,0.0,0.0,0.0,0.0,0.0,True
2040,P0312,Shanxi,unabated,1.0,2777700.0,2.277714,0.0,0.0,True
2040,P0312,Shanxi,retire,0.0,0.0,0.0,0.0,0.0,True
2040,P0312,Shanxi,ccs,0.0,0.0,0.0,0.0,0.0,True
2040,P0312,Shanxi,biomass,0.0,0.0,0.0,0.0,0.0,True
2040,P0312,Shanxi,beccs,0.0,0.0,0.0,0.0,0.0,True
2040,P0312,Shanxi,ammonia,0.0,0.0,0.0,0.0,0.0,True
2040,P0313,Xinjiang,unabated,0.0,0.0,0.0,0.0,0.0,True
2040,P0313,Xinjiang,retire,0.0,0.0,0.0,0.0,0.0,True
2040,P0313,Xinjiang,ccs,1.0,4224959.999999999,3.464467199999999,3.1180204799999993,3.585723551999999,True
2040,P0313,Xinjiang,biomass,0.0,0.0,0.0,0.0,0.0,True
2040,P0313,Xinjiang,beccs,0.0,0.0,0.0,0.0,0.0,True
2040,P0313,Xinjiang,ammonia,0.0,0.0,0.0,0.0,0.0,True
2040,P0314,Inner Mongolia,unabated,1.0,6037799.999999999,4.950995999999999,0.0,0.0,True
2040,P0314,Inner Mongolia,retire,0.0,0.0,0.0,0.0,0.0,True
2040,P0314,Inner Mongolia,ccs,0.0,0.0,0.0,0.0,0.0,True
2040,P0314,Inner Mongolia,biomass,0.0,0.0,0.0,0.0,0.0,True
2040,P0314,Inner Mongolia,beccs,0.0,0.0,0.0,0.0,0.0,True
2040,P0314,Inner Mongolia,ammonia,0.0,0.0,0.0,0.0,0.0,True
2040,P0315,Jiangxi,unabated,1.0,22974048.0,18.83871936,0.0,0.0,True
2040,P0315,Jiangxi,retire,0.0,0.0,0.0,0.0,0.0,True
2040,P0315,Jiangxi,ccs,0.0,0.0,0.0,0.0,0.0,True
2040,P0315,Jiangxi,biomass,0.0,0.0,0.0,0.0,0.0,True
2040,P0315,Jiangxi,beccs,0.0,0.0,0.0,0.0,0.0,True
2040,P0315,Jiangxi,ammonia,0.0,0.0,0.0,0.0,0.0,True
2040,P0316,Chongqing,unabated,0.0,0.0,0.0,0.0,0.0,True
2040,P0316,Chongqing,retire,0.0,0.0,0.0,0.0,0.0,True
2040,P0316,Chongqing,ccs,0.0,0.0,0.0,0.0,0.0,True
2040,P0316,Chongqing,biomass,1.0,5753040.0,4.7174928,4.7174928,0.0,True
2040,P0316,Chongqing,beccs,0.0,0.0,0.0,0.0,0.0,True
2040,P0316,Chongqing,ammonia,0.0,0.0,0.0,0.0,0.0,True
2040,P0317,Jiangsu,unabated,0.0,0.0,0.0,0.0,0.0,True
2040,P0317,Jiangsu,retire,0.0,0.0,0.0,0.0,0.0,True
2040,P0317,Jiangsu,ccs,0.0,0.0,0.0,0.0,0.0,True
2040,P0317,Jiangsu,biomass,0.0,0.0,0.0,0.0,0.0,True
2040,P0317,Jiangsu,beccs,1.0,6871235.0,5.6344126999999995,10.705384129999999,5.831617144499999,True
2040,P0317,Jiangsu,ammonia,0.0,0.0,0.0,0.0,0.0,True
2040,P0318,Jilin,unabated,0.0,0.0,0.0,0.0,0.0,True
2040,P0318,Jilin,retire,0.0,0.0,0.0,0.0,0.0,True
2040,P0318,Jilin,ccs,0.0,0.0,0.0,0.0,0.0,True
2040,P0318,Jilin,biomass,1.0,1991770.0000000002,1.6332514000000002,1.6332514000000002,0.0,True
2040,P0318,Jilin,beccs,0.0,0.0,0.0,0.0,0.0,True
2040,P0318,Jilin,ammonia,0.0,0.0,0.0,0.0,0.0,True
2040,P0319,Inner Mongolia,unabated,1.0,3522049.9999999995,2.8880809999999997,0.0,0.0,True
2040,P0319,Inner Mongolia,retire,0.0,0.0,0.0,0.0,0.0,True
2040,P0319,Inner Mongolia,ccs,0.0,0.0,0.0,0.0,0.0,True
2040,P0319,Inner Mongolia,biomass,0.0,0.0,0.0,0.0,0.0,True
2040,P0319,Inner Mongolia,beccs,0.0,0.0,0.0,0.0,0.0,True
2040,P0319,Inner Mongolia,ammonia,0.0,0.0,0.0,0.0,0.0,True
2040,P0320,Guizhou,unabated,0.0,0.0,0.0,0.0,0.0,True
2040,P0320,Guizhou,retire,0.0,0.0,0.0,0.0,0.0,True
2040,P0320,Guizhou,ccs,0.0,0.0,0.0,0.0,0.0,True
2040,P0320,Guizhou,biomass,1.0,1424130.0,1.1677866,1.1677866,0.0,True
2040,P0320,Guizhou,beccs,0.0,0.0,0.0,0.0,0.0,True
2040,P0320,Guizhou,ammonia,0.0,0.0,0.0,0.0,0.0,True
2040,P0321,Jilin,unabated,0.0,0.0,0.0,0.0,0.0,True
2040,P0321,Jilin,retire,0.0,0.0,0.0,0.0,0.0,True
2040,P0321,Jilin,ccs,0.0,0.0,0.0,0.0,0.0,True
2040,P0321,Jilin,biomass,1.0,2390124.0000000005,1.9599016800000002,1.9599016800000002,0.0,True
2040,P0321,Jilin,beccs,0.0,0.0,0.0,0.0,0.0,True
2040,P0321,Jilin,ammonia,0.0,0.0,0.0,0.0,0.0,True
2040,P0322,Xinjiang,unabated,0.0,0.0,0.0,0.0,0.0,True
2040,P0322,Xinjiang,retire,0.0,0.0,0.0,0.0,0.0,True
2040,P0322,Xinjiang,ccs,1.0,3696839.9999999995,3.0314087999999995,2.7282679199999995,3.137508107999999,True
2040,P0322,Xinjiang,biomass,0.0,0.0,0.0,0.0,0.0,True
2040,P0322,Xinjiang,beccs,0.0,0.0,0.0,0.0,0.0,True
2040,P0322,Xinjiang,ammonia,0.0,0.0,0.0,0.0,0.0,True
2040,P0323,Henan,unabated,0.0,0.0,0.0,0.0,0.0,True
2040,P0323,Henan,retire,0.0,0.0,0.0,0.0,0.0,True
2040,P0323,Henan,ccs,0.0,0.0,0.0,0.0,0.0,True
2040,P0323,Henan,biomass,1.0,14398400.0,11.806688,11.806688,0.0,True
2040,P0323,Henan,beccs,0.0,0.0,0.0,0.0,0.0,True
2040,P0323,Henan,ammonia,0.0,0.0,0.0,0.0,0.0,True
2040,P0324,Shaanxi,unabated,0.0,0.0,0.0,0.0,0.0,True
2040,P0324,Shaanxi,retire,0.0,0.0,0.0,0.0,0.0,True
2040,P0324,Shaanxi,ccs,0.0,0.0,0.0,0.0,0.0,True
2040,P0324,Shaanxi,biomass,0.0,0.0,0.0,0.0,0.0,True
2040,P0324,Shaanxi,beccs,1.0,14430840.0,11.833288799999998,22.483248719999995,12.247453907999997,True
2040,P0324,Shaanxi,ammonia,0.0,0.0,0.0,0.0,0.0,True
2040,P0325,Zhejiang,unabated,0.0,0.0,0.0,0.0,0.0,True
2040,P0325,Zhejiang,retire,0.0,0.0,0.0,0.0,0.0,True
2040,P0325,Zhejiang,ccs,0.0,0.0,0.0,0.0,0.0,True
2040,P0325,Zhejiang,biomass,0.0,0.0,0.0,0.0,0.0,True
2040,P0325,Zhejiang,beccs,1.0,5529764.7,4.534407054,8.6153734026,4.693111300889999,True
2040,P0325,Zhejiang,ammonia,0.0,0.0,0.0,0.0,0.0,True
2040,P0326,Zhejiang,unabated,1.0,37944481.5,31.11447483,0.0,0.0,True
2040,P0326,Zhejiang,retire,0.0,0.0,0.0,0.0,0.0,True
2040,P0326,Zhejiang,ccs,0.0,0.0,0.0,0.0,0.0,True
2040,P0326,Zhejiang,biomass,0.0,0.0,0.0,0.0,0.0,True
2040,P0326,Zhejiang,beccs,0.0,0.0,0.0,0.0,0.0,True
2040,P0326,Zhejiang,ammonia,0.0,0.0,0.0,0.0,0.0,True
2040,P0327,Chongqing,unabated,0.0,0.0,0.0,0.0,0.0,True
2040,P0327,Chongqing,retire,0.0,0.0,0.0,0.0,0.0,True
2040,P0327,Chongqing,ccs,0.0,0.0,0.0,0.0,0.0,True
2040,P0327,Chongqing,biomass,1.0,13711412.0,11.24335784,11.24335784,0.0,True
2040,P0327,Chongqing,beccs,0.0,0.0,0.0,0.0,0.0,True
2040,P0327,Chongqing,ammonia,0.0,0.0,0.0,0.0,0.0,True
2040,P0328,Inner Mongolia,unabated,0.0,0.0,0.0,0.0,0.0,True
2040,P0328,Inner Mongolia,retire,0.0,0.0,0.0,0.0,0.0,True
2040,P0328,Inner Mongolia,ccs,0.02188110303496227,260924.60471137802,0.21395817586332996,0.192562358276997,0.2214467120185465,True
2040,P0328,Inner Mongolia,biomass,0.0,0.0,0.0,0.0,0.0,True
2040,P0328,Inner Mongolia,beccs,0.9781188969650376,11663730.39528862,9.564258924136668,18.172091955859667,9.89900798648145,True
2040,P0328,Inner Mongolia,ammonia,0.0,0.0,0.0,0.0,0.0,True
2040,P0329,Xinjiang,unabated,0.0,0.0,0.0,0.0,0.0,True
2040,P0329,Xinjiang,retire,0.0,0.0,0.0,0.0,0.0,True
2040,P0329,Xinjiang,ccs,0.0,0.0,0.0,0.0,0.0,True
2040,P0329,Xinjiang,biomass,1.0,528119.9999999999,0.4330583999999999,0.4330583999999999,0.0,True
2040,P0329,Xinjiang,beccs,0.0,0.0,0.0,0.0,0.0,True
2040,P0329,Xinjiang,ammonia,0.0,0.0,0.0,0.0,0.0,True
2040,P0330,Gansu,unabated,0.004934362181598041,124038.02277613891,0.10171117867643391,0.0,0.0,True
2040,P0330,Gansu,retire,0.20216662527843626,5081983.759599219,4.16722668287136,4.16722668287136,0.0,True
2040,P0330,Gansu,ccs,0.792899012539966,19931578.21762465,16.343894138452214,14.709504724606992,16.91593043329804,True
2040,P0330,Gansu,biomass,0.0,0.0,0.0,0.0,0.0,True
2040,P0330,Gansu,beccs,0.0,0.0,0.0,0.0,0.0,True
2040,P0330,Gansu,ammonia,0.0,0.0,0.0,0.0,0.0,True
2040,P0331,Guangdong,unabated,1.0,25414742.0,20.84008844,0.0,0.0,True
2040,P0331,Guangdong,retire,0.0,0.0,0.0,0.0,0.0,True
2040,P0331,Guangdong,ccs,0.0,0.0,0.0,0.0,0.0,True
2040,P0331,Guangdong,biomass,0.0,0.0,0.0,0.0,0.0,True
2040,P0331,Guangdong,beccs,0.0,0.0,0.0,0.0,0.0,True
2040,P0331,Guangdong,ammonia,0.0,0.0,0.0,0.0,0.0,True
2040,P0332,Hebei,unabated,0.05856129326681714,1001842.2437107086,0.8215106398427809,0.0,0.0,True
2040,P0332,Hebei,retire,0.0,0.0,0.0,0.0,0.0,True
2040,P0332,Hebei,ccs,0.0,0.0,0.0,0.0,0.0,True
2040,P0332,Hebei,biomass,0.0,0.0,0.0,0.0,0.0,True
2040,P0332,Hebei,beccs,0.941438706733181,16105741.756289259,13.206708240157191,25.09274565629866,13.668943028562694,True
2040,P0332,Hebei,ammonia,0.0,0.0,0.0,0.0,0.0,True
2040,P0333,Guangdong,unabated,0.0,0.0,0.0,0.0,0.0,True
2040,P0333,Guangdong,retire,0.0,0.0,0.0,0.0,0.0,True
2040,P0333,Guangdong,ccs,0.0,0.0,0.0,0.0,0.0,True
2040,P0333,Guangdong,biomass,0.0,0.0,0.0,0.0,0.0,True
2040,P0333,Guangdong,beccs,1.0,15675001.14,12.8535009348,24.421651776119997,13.303373467517998,True
2040,P0333,Guangdong,ammonia,0.0,0.0,0.0,0.0,0.0,True
2040,P0334,Hebei,unabated,0.0,0.0,0.0,0.0,0.0,True
2040,P0334,Hebei,retire,0.0,0.0,0.0,0.0,0.0,True
2040,P0334,Hebei,ccs,0.0,0.0,0.0,0.0,0.0,True
2040,P0334,Hebei,biomass,1.0,3118570.0,2.5572274,2.5572274,0.0,True
2040,P0334,Hebei,beccs,0.0,0.0,0.0,0.0,0.0,True
2040,P0334,Hebei,ammonia,0.0,0.0,0.0,0.0,0.0,True
2040,P0335,Hubei,unabated,0.0,0.0,0.0,0.0,0.0,True
2040,P0335,Hubei,retire,0.0,0.0,0.0,0.0,0.0,True
2040,P0335,Hubei,ccs,0.0,0.0,0.0,0.0,0.0,True
2040,P0335,Hubei,biomass,1.0,17248159.999999996,14.143491199999996,14.143491199999996,0.0,True
2040,P0335,Hubei,beccs,0.0,0.0,0.0,0.0,0.0,True
2040,P0335,Hubei,ammonia,0.0,0.0,0.0,0.0,0.0,True
2040,P0336,Inner Mongolia,unabated,0.0,0.0,0.0,0.0,0.0,True
2040,P0336,Inner Mongolia,retire,0.0,0.0,0.0,0.0,0.0,True
2040,P0336,Inner Mongolia,ccs,1.0,10063000.0,8.25166,7.426494,8.540468099999998,True
2040,P0336,Inner Mongolia,biomass,0.0,0.0,0.0,0.0,0.0,True
2040,P0336,Inner Mongolia,beccs,0.0,0.0,0.0,0.0,0.0,True
2040,P0336,Inner Mongolia,ammonia,0.0,0.0,0.0,0.0,0.0,True
2040,P0337,Guizhou,unabated,0.0,0.0,0.0,0.0,0.0,True
2040,P0337,Guizhou,retire,0.0,0.0,0.0,0.0,0.0,True
2040,P0337,Guizhou,ccs,0.0,0.0,0.0,0.0,0.0,True
2040,P0337,Guizhou,biomass,1.0,3322970.0,2.7248354,2.7248354,0.0,True
2040,P0337,Guizhou,beccs,0.0,0.0,0.0,0.0,0.0,True
2040,P0337,Guizhou,ammonia,0.0,0.0,0.0,0.0,0.0,True
2040,P0338,Guangxi,unabated,0.0,0.0,0.0,0.0,0.0,True
2040,P0338,Guangxi,retire,0.0,0.0,0.0,0.0,0.0,True
2040,P0338,Guangxi,ccs,0.0,0.0,0.0,0.0,0.0,True
2040,P0338,Guangxi,biomass,1.0,2871960.0,2.3550071999999997,2.3550071999999997,0.0,True
2040,P0338,Guangxi,beccs,0.0,0.0,0.0,0.0,0.0,True
2040,P0338,Guangxi,ammonia,0.0,0.0,0.0,0.0,0.0,True
2040,P0339,Hainan,unabated,0.0,0.0,0.0,0.0,0.0,True
2040,P0339,Hainan,retire,0.0,0.0,0.0,0.0,0.0,True
2040,P0339,Hainan,ccs,0.0,0.0,0.0,0.0,0.0,True
2040,P0339,Hainan,biomass,0.0,0.0,0.0,0.0,0.0,True
2040,P0339,Hainan,beccs,1.0,3320394.0,2.7227230799999997,5.173173852,2.8180183877999996,True
2040,P0339,Hainan,ammonia,0.0,0.0,0.0,0.0,0.0,True
2040,P0340,Inner Mongolia,unabated,0.39971251497026816,7521714.161332662,6.167805612292782,0.0,0.0,True
2040,P0340,Inner Mongolia,retire,0.0,0.0,0.0,0.0,0.0,True
2040,P0340,Inner Mongolia,ccs,0.0,0.0,0.0,0.0,0.0,True
2040,P0340,Inner Mongolia,biomass,0.0,0.0,0.0,0.0,0.0,True
2040,P0340,Inner Mongolia,beccs,0.6002874850297318,11296095.838667339,9.262798587707216,17.599317316643713,9.58699653827697,True
2040,P0340,Inner Mongolia,ammonia,0.0,0.0,0.0,0.0,0.0,True
2040,P0341,Hebei,unabated,0.0,0.0,0.0,0.0,0.0,True
2040,P0341,Hebei,retire,0.0,0.0,0.0,0.0,0.0,True
2040,P0341,Hebei,ccs,0.0,0.0,0.0,0.0,0.0,True
2040,P0341,Hebei,biomass,1.0,445510.0,0.3653181999999999,0.3653181999999999,0.0,True
2040,P0341,Hebei,beccs,0.0,0.0,0.0,0.0,0.0,True
2040,P0341,Hebei,ammonia,0.0,0.0,0.0,0.0,0.0,True
2040,P0342,Zhejiang,unabated,0.0,0.0,0.0,0.0,0.0,True
2040,P0342,Zhejiang,retire,0.0,0.0,0.0,0.0,0.0,True
2040,P0342,Zhejiang,ccs,0.0,0.0,0.0,0.0,0.0,True
2040,P0342,Zhejiang,biomass,0.0,0.0,0.0,0.0,0.0,True
2040,P0342,Zhejiang,beccs,1.0,29115678.0,23.874855959999998,45.36222632399999,24.710475918599997,True
2040,P0342,Zhejiang,ammonia,0.0,0.0,0.0,0.0,0.0,True
2040,P0343,Hunan,unabated,0.0,0.0,0.0,0.0,0.0,True
2040,P0343,Hunan,retire,0.0,0.0,0.0,0.0,0.0,True
2040,P0343,Hunan,ccs,0.0,0.0,0.0,0.0,0.0,True
2040,P0343,Hunan,biomass,1.0,15315048.0,12.55833936,12.55833936,0.0,True
2040,P0343,Hunan,beccs,0.0,0.0,0.0,0.0,0.0,True
2040,P0343,Hunan,ammonia,0.0,0.0,0.0,0.0,0.0,True
2040,P0344,Xinjiang,unabated,0.0,0.0,0.0,0.0,0.0,True
2040,P0344,Xinjiang,retire,0.0,0.0,0.0,0.0,0.0,True
2040,P0344,Xinjiang,ccs,1.0,20913551.999999996,17.14911264,15.434201375999999,17.749331582399996,True
2040,P0344,Xinjiang,biomass,0.0,0.0,0.0,0.0,0.0,True
2040,P0344,Xinjiang,beccs,0.0,0.0,0.0,0.0,0.0,True
2040,P0344,Xinjiang,ammonia,0.0,0.0,0.0,0.0,0.0,True
2040,P0345,Gansu,unabated,1.0,8379200.0,6.870944,0.0,0.0,True
2040,P0345,Gansu,retire,0.0,0.0,0.0,0.0,0.0,True
2040,P0345,Gansu,ccs,0.0,0.0,0.0,0.0,0.0,True
2040,P0345,Gansu,biomass,0.0,0.0,0.0,0.0,0.0,True
2040,P0345,Gansu,beccs,0.0,0.0,0.0,0.0,0.0,True
2040,P0345,Gansu,ammonia,0.0,0.0,0.0,0.0,0.0,True
2040,P0346,Inner Mongolia,unabated,0.6393818380112857,16921681.516436905,13.875778843478258,0.0,0.0,True
2040,P0346,Inner Mongolia,retire,0.0,0.0,0.0,0.0,0.0,True
2040,P0346,Inner Mongolia,ccs,0.3606181619887144,9544008.483563099,7.826086956521739,7.043478260869565,8.1,True
2040,P0346,Inner Mongolia,biomass,0.0,0.0,0.0,0.0,0.0,True
2040,P0346,Inner Mongolia,beccs,0.0,0.0,0.0,0.0,0.0,True
2040,P0346,Inner Mongolia,ammonia,0.0,0.0,0.0,0.0,0.0,True
2040,P0347,Ningxia,unabated,0.0,0.0,0.0,0.0,0.0,True
2040,P0347,Ningxia,retire,1.0,3777884.0,3.09786488,3.09786488,0.0,True
2040,P0347,Ningxia,ccs,0.0,0.0,0.0,0.0,0.0,True
2040,P0347,Ningxia,biomass,0.0,0.0,0.0,0.0,0.0,True
2040,P0347,Ningxia,beccs,0.0,0.0,0.0,0.0,0.0,True
2040,P0347,Ningxia,ammonia,0.0,0.0,0.0,0.0,0.0,True
2040,P0348,Jiangsu,unabated,0.0,0.0,0.0,0.0,0.0,True
2040,P0348,Jiangsu,retire,0.0,0.0,0.0,0.0,0.0,True
2040,P0348,Jiangsu,ccs,0.0,0.0,0.0,0.0,0.0,True
2040,P0348,Jiangsu,biomass,0.0,0.0,0.0,0.0,0.0,True
2040,P0348,Jiangsu,beccs,1.0,25729515.0,21.098202299999997,40.08658436999999,21.836639380499996,True
2040,P0348,Jiangsu,ammonia,0.0,0.0,0.0,0.0,0.0,True
2040,P0349,Guangdong,unabated,0.0,0.0,0.0,0.0,0.0,True
2040,P0349,Guangdong,retire,0.0,0.0,0.0,0.0,0.0,True
2040,P0349,Guangdong,ccs,0.0,0.0,0.0,0.0,0.0,True
2040,P0349,Guangdong,biomass,0.0,0.0,0.0,0.0,0.0,True
2040,P0349,Guangdong,beccs,1.0,6281210.0,5.150592199999999,9.786125179999997,4.975472065199999,True
2040,P0349,Guangdong,ammonia,0.0,0.0,0.0,0.0,0.0,True
2040,P0350,Guangxi,unabated,0.0,0.0,0.0,0.0,0.0,True
2040,P0350,Guangxi,retire,0.0,0.0,0.0,0.0,0.0,True
2040,P0350,Guangxi,ccs,0.0,0.0,0.0,0.0,0.0,True
2040,P0350,Guangxi,biomass,1.0,622258.0,0.51025156,0.51025156,0.0,True
2040,P0350,Guangxi,beccs,0.0,0.0,0.0,0.0,0.0,True
2040,P0350,Guangxi,ammonia,0.0,0.0,0.0,0.0,0.0,True
2050,P0001,Fujian,unabated,0.0,0.0,0.0,0.0,0.0,True
2050,P0001,Fujian,retire,1.0,62847212.0,51.534713839999995,51.534713839999995,0.0,True
2050,P0001,Fujian,ccs,0.0,0.0,0.0,0.0,0.0,True
2050,P0001,Fujian,biomass,0.0,0.0,0.0,0.0,0.0,True
2050,P0001,Fujian,beccs,0.0,0.0,0.0,0.0,0.0,True
2050,P0001,Fujian,ammonia,0.0,0.0,0.0,0.0,0.0,True
2050,P0002,Shanxi,unabated,0.27939608545073347,18147302.41164621,14.880787977549891,0.0,0.0,True
2050,P0002,Shanxi,retire,0.7206039145492656,46804582.58835372,38.37975772245005,38.37975772245005,0.0,True
2050,P0002,Shanxi,ccs,0.0,0.0,0.0,0.0,0.0,True
2050,P0002,Shanxi,biomass,0.0,0.0,0.0,0.0,0.0,True
2050,P0002,Shanxi,beccs,0.0,0.0,0.0,0.0,0.0,True
2050,P0002,Shanxi,ammonia,0.0,0.0,0.0,0.0,0.0,True
2050,P0003,Chongqing,unabated,0.0,0.0,0.0,0.0,0.0,True
2050,P0003,Chongqing,retire,0.0,0.0,0.0,0.0,0.0,True
2050,P0003,Chongqing,ccs,0.0,0.0,0.0,0.0,0.0,True
2050,P0003,Chongqing,biomass,0.0,0.0,0.0,0.0,0.0,True
2050,P0003,Chongqing,beccs,1.0,32432763.0,26.59486566,50.530244753999995,25.69064022756,True
2050,P0003,Chongqing,ammonia,0.0,0.0,0.0,0.0,0.0,True
2050,P0004,Inner Mongolia,unabated,0.08833368777957717,960014.0521359559,0.7872115227514838,0.0,0.0,True
2050,P0004,Inner Mongolia,retire,0.0,0.0,0.0,0.0,0.0,True
2050,P0004,Inner Mongolia,ccs,0.5222707433934788,5676059.330030063,4.654368650624651,4.188931785562186,4.817271553396513,True
2050,P0004,Inner Mongolia,biomass,0.021743375719182417,236307.87705110328,0.19377245918190467,0.19377245918190467,0.0,True
2050,P0004,Inner Mongolia,beccs,0.36765219310776165,3995658.740782878,3.2764401674419594,6.225236318139723,3.391115573302428,True
2050,P0004,Inner Mongolia,ammonia,0.0,0.0,0.0,0.0,0.0,True
2050,P0005,Sichuan,unabated,0.0,0.0,0.0,0.0,0.0,True
2050,P0005,Sichuan,retire,0.0,0.0,0.0,0.0,0.0,True
2050,P0005,Sichuan,ccs,0.0,0.0,0.0,0.0,0.0,True
2050,P0005,Sichuan,biomass,0.09392859146276303,1766932.6261578274,1.4488847534494185,1.4488847534494185,0.0,True
2050,P0005,Sichuan,beccs,0.9060714085372377,17044513.373842184,13.97650096655059,26.555351836446118,13.501299933687866,True
2050,P0005,Sichuan,ammonia,0.0,0.0,0.0,0.0,0.0,True
2050,P0006,Hebei,unabated,0.0,0.0,0.0,0.0,0.0,True
2050,P0006,Hebei,retire,1.0,22899214.0,18.77735548,18.77735548,0.0,True
2050,P0006,Hebei,ccs,0.0,0.0,0.0,0.0,0.0,True
2050,P0006,Hebei,biomass,0.0,0.0,0.0,0.0,0.0,True
2050,P0006,Hebei,beccs,0.0,0.0,0.0,0.0,0.0,True
2050,P0006,Hebei,ammonia,0.0,0.0,0.0,0.0,0.0,True
2050,P0007,Hebei,unabated,0.0,0.0,0.0,0.0,0.0,True
2050,P0007,Hebei,retire,1.0,38741549.6,31.768070671999997,31.768070671999997,0.0,True
2050,P0007,Hebei,ccs,0.0,0.0,0.0,0.0,0.0,True
2050,P0007,Hebei,biomass,0.0,0.0,0.0,0.0,0.0,True
2050,P0007,Hebei,beccs,0.0,0.0,0.0,0.0,0.0,True
2050,P0007,Hebei,ammonia,0.0,0.0,0.0,0.0,0.0,True
2050,P0008,Shandong,unabated,0.0,0.0,0.0,0.0,0.0,True
2050,P0008,Shandong,retire,0.01377049595595592,164309.13912338897,0.13473349408117896,0.13473349408117896,0.0,True
2050,P0008,Shandong,ccs,0.0,0.0,0.0,0.0,0.0,True
2050,P0008,Shandong,biomass,0.9862295040440441,11767660.460876612,9.649481577918822,9.649481577918822,0.0,True
2050,P0008,Shandong,beccs,0.0,0.0,0.0,0.0,0.0,True
2050,P0008,Shandong,ammonia,0.0,0.0,0.0,0.0,0.0,True
2050,P0009,Inner Mongolia,unabated,0.0,0.0,0.0,0.0,0.0,True
2050,P0009,Inner Mongolia,retire,1.0,107372210.0,88.0452122,88.0452122,0.0,True
2050,P0009,Inner Mongolia,ccs,0.0,0.0,0.0,0.0,0.0,True
2050,P0009,Inner Mongolia,biomass,0.0,0.0,0.0,0.0,0.0,True
2050,P0009,Inner Mongolia,beccs,0.0,0.0,0.0,0.0,0.0,True
2050,P0009,Inner Mongolia,ammonia,0.0,0.0,0.0,0.0,0.0,True
2050,P0010,Yunnan,unabated,0.0,0.0,0.0,0.0,0.0,True
2050,P0010,Yunnan,retire,0.0,0.0,0.0,0.0,0.0,True
2050,P0010,Yunnan,ccs,0.0,0.0,0.0,0.0,0.0,True
2050,P0010,Yunnan,biomass,1.0,16673783.999999998,13.672502879999998,13.672502879999998,0.0,True
2050,P0010,Yunnan,beccs,0.0,0.0,0.0,0.0,0.0,True
2050,P0010,Yunnan,ammonia,0.0,0.0,0.0,0.0,0.0,True
2050,P0011,Guangdong,unabated,0.0,0.0,0.0,0.0,0.0,True
2050,P0011,Guangdong,retire,1.0,41214401.0,33.79580882,33.79580882,0.0,True
2050,P0011,Guangdong,ccs,0.0,0.0,0.0,0.0,0.0,True
2050,P0011,Guangdong,biomass,0.0,0.0,0.0,0.0,0.0,True
2050,P0011,Guangdong,beccs,0.0,0.0,0.0,0.0,0.0,True
2050,P0011,Guangdong,ammonia,0.0,0.0,0.0,0.0,0.0,True
2050,P0012,Liaoning,unabated,0.0,0.0,0.0,0.0,0.0,True
2050,P0012,Liaoning,retire,0.0,0.0,0.0,0.0,0.0,True
2050,P0012,Liaoning,ccs,0.0,0.0,0.0,0.0,0.0,True
2050,P0012,Liaoning,biomass,1.0,17363920.0,14.238414399999998,14.238414399999998,0.0,True
2050,P0012,Liaoning,beccs,0.0,0.0,0.0,0.0,0.0,True
2050,P0012,Liaoning,ammonia,0.0,0.0,0.0,0.0,0.0,True
2050,P0013,Shanxi,unabated,0.0,0.0,0.0,0.0,0.0,True
2050,P0013,Shanxi,retire,1.0,81340315.0,66.69905829999999,66.69905829999999,0.0,True
2050,P0013,Shanxi,ccs,0.0,0.0,0.0,0.0,0.0,True
2050,P0013,Shanxi,biomass,0.0,0.0,0.0,0.0,0.0,True
2050,P0013,Shanxi,beccs,0.0,0.0,0.0,0.0,0.0,True
2050,P0013,Shanxi,ammonia,0.0,0.0,0.0,0.0,0.0,True
2050,P0014,Guangdong,unabated,0.0,0.0,0.0,0.0,0.0,True
2050,P0014,Guangdong,retire,0.0,0.0,0.0,0.0,0.0,True
2050,P0014,Guangdong,ccs,0.0,0.0,0.0,0.0,0.0,True
2050,P0014,Guangdong,biomass,0.0,0.0,0.0,0.0,0.0,True
2050,P0014,Guangdong,beccs,1.0,11885982.0,9.74650524,18.518359955999998,9.415124061839999,True
2050,P0014,Guangdong,ammonia,0.0,0.0,0.0,0.0,0.0,True
2050,P0015,Hunan,unabated,0.0,0.0,0.0,0.0,0.0,True
2050,P0015,Hunan,retire,0.0,0.0,0.0,0.0,0.0,True
2050,P0015,Hunan,ccs,0.0,0.0,0.0,0.0,0.0,True
2050,P0015,Hunan,biomass,1.0,9884457.0,8.10525474,8.10525474,0.0,True
2050,P0015,Hunan,beccs,0.0,0.0,0.0,0.0,0.0,True
2050,P0015,Hunan,ammonia,0.0,0.0,0.0,0.0,0.0,True
2050,P0016,Hubei,unabated,0.0,0.0,0.0,0.0,0.0,True
2050,P0016,Hubei,retire,0.0,0.0,0.0,0.0,0.0,True
2050,P0016,Hubei,ccs,0.0,0.0,0.0,0.0,0.0,True
2050,P0016,Hubei,biomass,1.0,31796607.999999996,26.073218559999994,26.073218559999994,0.0,True
2050,P0016,Hubei,beccs,0.0,0.0,0.0,0.0,0.0,True
2050,P0016,Hubei,ammonia,0.0,0.0,0.0,0.0,0.0,True
2050,P0017,Jiangsu,unabated,0.0,0.0,0.0,0.0,0.0,True
2050,P0017,Jiangsu,retire,0.0,0.0,0.0,0.0,0.0,True
2050,P0017,Jiangsu,ccs,0.0,0.0,0.0,0.0,0.0,True
2050,P0017,Jiangsu,biomass,0.0,0.0,0.0,0.0,0.0,True
2050,P0017,Jiangsu,beccs,1.0,46744460.0,38.3304572,72.82786868,39.67202320199999,True
2050,P0017,Jiangsu,ammonia,0.0,0.0,0.0,0.0,0.0,True
2050,P0018,Jilin,unabated,0.0,0.0,0.0,0.0,0.0,True
2050,P0018,Jilin,retire,0.0,0.0,0.0,0.0,0.0,True
2050,P0018,Jilin,ccs,0.0,0.0,0.0,0.0,0.0,True
2050,P0018,Jilin,biomass,1.0,3838684.0,3.14772088,3.14772088,0.0,True
2050,P0018,Jilin,beccs,0.0,0.0,0.0,0.0,0.0,True
2050,P0018,Jilin,ammonia,0.0,0.0,0.0,0.0,0.0,True
2050,P0019,Hunan,unabated,0.0,0.0,0.0,0.0,0.0,True
2050,P0019,Hunan,retire,0.0,0.0,0.0,0.0,0.0,True
2050,P0019,Hunan,ccs,0.0,0.0,0.0,0.0,0.0,True
2050,P0019,Hunan,biomass,1.0,15119703.0,12.39815646,12.39815646,0.0,True
2050,P0019,Hunan,beccs,0.0,0.0,0.0,0.0,0.0,True
2050,P0019,Hunan,ammonia,0.0,0.0,0.0,0.0,0.0,True
2050,P0020,Zhejiang,unabated,0.0,0.0,0.0,0.0,0.0,True
2050,P0020,Zhejiang,retire,1.0,67514054.1,55.36152436199999,55.36152436199999,0.0,True
2050,P0020,Zhejiang,ccs,0.0,0.0,0.0,0.0,0.0,True
2050,P0020,Zhejiang,biomass,0.0,0.0,0.0,0.0,0.0,True
2050,P0020,Zhejiang,beccs,0.0,0.0,0.0,0.0,0.0,True
2050,P0020,Zhejiang,ammonia,0.0,0.0,0.0,0.0,0.0,True
2050,P0021,Shandong,unabated,0.0,0.0,0.0,0.0,0.0,True
2050,P0021,Shandong,retire,1.0,45246412.50000001,37.102058250000006,37.102058250000006,0.0,True
2050,P0021,Shandong,ccs,0.0,0.0,0.0,0.0,0.0,True
2050,P0021,Shandong,biomass,0.0,0.0,0.0,0.0,0.0,True
2050,P0021,Shandong,beccs,0.0,0.0,0.0,0.0,0.0,True
2050,P0021,Shandong,ammonia,0.0,0.0,0.0,0.0,0.0,True
2050,P0022,Shandong,unabated,0.0,0.0,0.0,0.0,0.0,True
2050,P0022,Shandong,retire,0.10930552617041378,1737543.5435126303,1.4247857056803568,1.4247857056803568,0.0,True
2050,P0022,Shandong,ccs,0.0,0.0,0.0,0.0,0.0,True
2050,P0022,Shandong,biomass,0.8906944738295862,14158665.95648737,11.610106084319645,11.610106084319645,0.0,True
2050,P0022,Shandong,beccs,0.0,0.0,0.0,0.0,0.0,True
2050,P0022,Shandong,ammonia,0.0,0.0,0.0,0.0,0.0,True
2050,P0023,Henan,unabated,0.0,0.0,0.0,0.0,0.0,True
2050,P0023,Henan,retire,0.0,0.0,0.0,0.0,0.0,True
2050,P0023,Henan,ccs,0.0,0.0,0.0,0.0,0.0,True
2050,P0023,Henan,biomass,1.0,20013776.0,16.411296319999998,16.411296319999998,0.0,True
2050,P0023,Henan,beccs,0.0,0.0,0.0,0.0,0.0,True
2050,P0023,Henan,ammonia,0.0,0.0,0.0,0.0,0.0,True
2050,P0024,Chongqing,unabated,0.0,0.0,0.0,0.0,0.0,True
2050,P0024,Chongqing,retire,0.0,0.0,0.0,0.0,0.0,True
2050,P0024,Chongqing,ccs,0.0,0.0,0.0,0.0,0.0,True
2050,P0024,Chongqing,biomass,1.0,5892071.800000001,4.831498876,4.831498876,0.0,True
2050,P0024,Chongqing,beccs,0.0,0.0,0.0,0.0,0.0,True
2050,P0024,Chongqing,ammonia,0.0,0.0,0.0,0.0,0.0,True
2050,P0025,Jilin,unabated,0.0,0.0,0.0,0.0,0.0,True
2050,P0025,Jilin,retire,0.0,0.0,0.0,0.0,0.0,True
2050,P0025,Jilin,ccs,0.0,0.0,0.0,0.0,0.0,True
2050,P0025,Jilin,biomass,0.0,0.0,0.0,0.0,0.0,True
2050,P0025,Jilin,beccs,1.0,15572020.000000002,12.7690564,24.261207159999998,12.334908482399998,True
2050,P0025,Jilin,ammonia,0.0,0.0,0.0,0.0,0.0,True
2050,P0026,Hainan,unabated,0.0,0.0,0.0,0.0,0.0,True
2050,P0026,Hainan,retire,0.0,0.0,0.0,0.0,0.0,True
2050,P0026,Hainan,ccs,0.0,0.0,0.0,0.0,0.0,True
2050,P0026,Hainan,biomass,0.0,0.0,0.0,0.0,0.0,True
2050,P0026,Hainan,beccs,1.0,10564890.0,8.663209799999999,16.460098619999997,8.966422142999999,True
2050,P0026,Hainan,ammonia,0.0,0.0,0.0,0.0,0.0,True
2050,P0027,Shandong,unabated,0.0,0.0,0.0,0.0,0.0,True
2050,P0027,Shandong,retire,0.13111240573209515,7642030.988410081,6.2664654104962665,6.2664654104962665,0.0,True
2050,P0027,Shandong,ccs,0.0,0.0,0.0,0.0,0.0,True
2050,P0027,Shandong,biomass,0.8688875942679047,50644070.51158992,41.52813781950373,41.52813781950373,0.0,True
2050,P0027,Shandong,beccs,0.0,0.0,0.0,0.0,0.0,True
2050,P0027,Shandong,ammonia,0.0,0.0,0.0,0.0,0.0,True
2050,P0028,Hunan,unabated,0.0,0.0,0.0,0.0,0.0,True
2050,P0028,Hunan,retire,0.0,0.0,0.0,0.0,0.0,True
2050,P0028,Hunan,ccs,0.0,0.0,0.0,0.0,0.0,True
2050,P0028,Hunan,biomass,1.0,22425606.0,18.388996919999997,18.388996919999997,0.0,True
2050,P0028,Hunan,beccs,0.0,0.0,0.0,0.0,0.0,True
2050,P0028,Hunan,ammonia,0.0,0.0,0.0,0.0,0.0,True
2050,P0029,Jilin,unabated,0.0,0.0,0.0,0.0,0.0,True
2050,P0029,Jilin,retire,0.0,0.0,0.0,0.0,0.0,True
2050,P0029,Jilin,ccs,0.0,0.0,0.0,0.0,0.0,True
2050,P0029,Jilin,biomass,0.0,0.0,0.0,0.0,0.0,True
2050,P0029,Jilin,beccs,1.0,434568.0,0.35634575999999996,0.6770569439999999,0.3688178615999999,True
2050,P0029,Jilin,ammonia,0.0,0.0,0.0,0.0,0.0,True
2050,P0030,Jilin,unabated,0.0,0.0,0.0,0.0,0.0,True
2050,P0030,Jilin,retire,0.0,0.0,0.0,0.0,0.0,True
2050,P0030,Jilin,ccs,0.0,0.0,0.0,0.0,0.0,True
2050,P0030,Jilin,biomass,0.0,0.0,0.0,0.0,0.0,True
2050,P0030,Jilin,beccs,1.0,16227493.4,13.306544588,25.282434717199997,12.854122072007998,True
2050,P0030,Jilin,ammonia,0.0,0.0,0.0,0.0,0.0,True
2050,P0031,Shanxi,unabated,0.0,0.0,0.0,0.0,0.0,True
2050,P0031,Shanxi,retire,0.0,0.0,0.0,0.0,0.0,True
2050,P0031,Shanxi,ccs,0.0,0.0,0.0,0.0,0.0,True
2050,P0031,Shanxi,biomass,0.0,0.0,0.0,0.0,0.0,True
2050,P0031,Shanxi,beccs,1.0,22684550.0,18.601331,35.3425289,19.252377584999998,True
2050,P0031,Shanxi,ammonia,0.0,0.0,0.0,0.0,0.0,True
2050,P0032,Henan,unabated,0.0,0.0,0.0,0.0,0.0,True
2050,P0032,Henan,retire,0.0,0.0,0.0,0.0,0.0,True
2050,P0032,Henan,ccs,0.0,0.0,0.0,0.0,0.0,True
2050,P0032,Henan,biomass,0.9558029597365768,8154004.751266643,6.686283896038647,6.686283896038647,0.0,True
2050,P0032,Henan,beccs,0.04419704026342319,377047.24873335694,0.3091787439613527,0.58743961352657,0.32,True
2050,P0032,Henan,ammonia,0.0,0.0,0.0,0.0,0.0,True
2050,P0033,Henan,unabated,0.0,0.0,0.0,0.0,0.0,True
2050,P0033,Henan,retire,0.0,0.0,0.0,0.0,0.0,True
2050,P0033,Henan,ccs,0.0,0.0,0.0,0.0,0.0,True
2050,P0033,Henan,biomass,1.0,22569492.0,18.50698344,18.50698344,0.0,True
2050,P0033,Henan,beccs,0.0,0.0,0.0,0.0,0.0,True
2050,P0033,Henan,ammonia,0.0,0.0,0.0,0.0,0.0,True
2050,P0034,Shandong,unabated,0.0,0.0,0.0,0.0,0.0,True
2050,P0034,Shandong,retire,1.0,18403842.0,15.09115044,15.09115044,0.0,True
2050,P0034,Shandong,ccs,0.0,0.0,0.0,0.0,0.0,True
2050,P0034,Shandong,biomass,0.0,0.0,0.0,0.0,0.0,True
2050,P0034,Shandong,beccs,0.0,0.0,0.0,0.0,0.0,True
2050,P0034,Shandong,ammonia,0.0,0.0,0.0,0.0,0.0,True
2050,P0035,Anhui,unabated,0.0,0.0,0.0,0.0,0.0,True
2050,P0035,Anhui,retire,1.0,46348752.00000001,38.00597664,38.00597664,0.0,True
2050,P0035,Anhui,ccs,0.0,0.0,0.0,0.0,0.0,True
2050,P0035,Anhui,biomass,0.0,0.0,0.0,0.0,0.0,True
2050,P0035,Anhui,beccs,0.0,0.0,0.0,0.0,0.0,True
2050,P0035,Anhui,ammonia,0.0,0.0,0.0,0.0,0.0,True
2050,P0036,Jiangsu,unabated,0.0,0.0,0.0,0.0,0.0,True
2050,P0036,Jiangsu,retire,1.0,140042791.0,114.83508862,114.83508862,0.0,True
2050,P0036,Jiangsu,ccs,0.0,0.0,0.0,0.0,0.0,True
2050,P0036,Jiangsu,biomass,0.0,0.0,0.0,0.0,0.0,True
2050,P0036,Jiangsu,beccs,0.0,0.0,0.0,0.0,0.0,True
2050,P0036,Jiangsu,ammonia,0.0,0.0,0.0,0.0,0.0,True
2050,P0037,Inner Mongolia,unabated,1.0,41962710.0,34.409422199999995,0.0,0.0,True
2050,P0037,Inner Mongolia,retire,0.0,0.0,0.0,0.0,0.0,True
2050,P0037,Inner Mongolia,ccs,0.0,0.0,0.0,0.0,0.0,True
2050,P0037,Inner Mongolia,biomass,0.0,0.0,0.0,0.0,0.0,True
2050,P0037,Inner Mongolia,beccs,0.0,0.0,0.0,0.0,0.0,True
2050,P0037,Inner Mongolia,ammonia,0.0,0.0,0.0,0.0,0.0,True
2050,P0038,Sichuan,unabated,0.0,0.0,0.0,0.0,0.0,True
2050,P0038,Sichuan,retire,0.0,0.0,0.0,0.0,0.0,True
2050,P0038,Sichuan,ccs,0.0,0.0,0.0,0.0,0.0,True
2050,P0038,Sichuan,biomass,0.0,0.0,0.0,0.0,0.0,True
2050,P0038,Sichuan,beccs,1.0,24582287.999999996,20.157476159999998,38.299204704,19.472121970559996,True
2050,P0038,Sichuan,ammonia,0.0,0.0,0.0,0.0,0.0,True
2050,P0039,Heilongjiang,unabated,0.0,0.0,0.0,0.0,0.0,True
2050,P0039,Heilongjiang,retire,0.0,0.0,0.0,0.0,0.0,True
2050,P0039,Heilongjiang,ccs,0.0,0.0,0.0,0.0,0.0,True
2050,P0039,Heilongjiang,biomass,0.0,0.0,0.0,0.0,0.0,True
2050,P0039,Heilongjiang,beccs,1.0,7478775.0,6.1325955,11.65193145,5.924087252999999,True
2050,P0039,Heilongjiang,ammonia,0.0,0.0,0.0,0.0,0.0,True
2050,P0040,Shanxi,unabated,0.0,0.0,0.0,0.0,0.0,True
2050,P0040,Shanxi,retire,1.0,29397324.999999996,24.105806499999996,24.105806499999996,0.0,True
2050,P0040,Shanxi,ccs,0.0,0.0,0.0,0.0,0.0,True
2050,P0040,Shanxi,biomass,0.0,0.0,0.0,0.0,0.0,True
2050,P0040,Shanxi,beccs,0.0,0.0,0.0,0.0,0.0,True
2050,P0040,Shanxi,ammonia,0.0,0.0,0.0,0.0,0.0,True
2050,P0041,Hebei,unabated,0.0,0.0,0.0,0.0,0.0,True
2050,P0041,Hebei,retire,0.0,0.0,0.0,0.0,0.0,True
2050,P0041,Hebei,ccs,0.0,0.0,0.0,0.0,0.0,True
2050,P0041,Hebei,biomass,0.3992169900717625,6918565.772503278,5.673223933452688,5.673223933452688,0.0,True
2050,P0041,Hebei,beccs,0.6007830099282375,10411773.227496723,8.537654046547312,16.22154268843989,8.836471938176468,True
2050,P0041,Hebei,ammonia,0.0,0.0,0.0,0.0,0.0,True
2050,P0042,Shandong,unabated,0.0,0.0,0.0,0.0,0.0,True
2050,P0042,Shandong,retire,0.10818876137830016,2981915.085800439,2.44517037035636,2.44517037035636,0.0,True
2050,P0042,Shandong,ccs,0.0,0.0,0.0,0.0,0.0,True
2050,P0042,Shandong,biomass,0.8918112386216999,24580236.914199565,20.155794269643643,20.155794269643643,0.0,True
2050,P0042,Shandong,beccs,0.0,0.0,0.0,0.0,0.0,True
2050,P0042,Shandong,ammonia,0.0,0.0,0.0,0.0,0.0,True
2050,P0043,Anhui,unabated,0.0,0.0,0.0,0.0,0.0,True
2050,P0043,Anhui,retire,0.0,0.0,0.0,0.0,0.0,True
2050,P0043,Anhui,ccs,0.0,0.0,0.0,0.0,0.0,True
2050,P0043,Anhui,biomass,1.0,71657610.0,58.759240199999994,58.759240199999994,0.0,True
2050,P0043,Anhui,beccs,0.0,0.0,0.0,0.0,0.0,True
2050,P0043,Anhui,ammonia,0.0,0.0,0.0,0.0,0.0,True
2050,P0044,Heilongjiang,unabated,0.0,0.0,0.0,0.0,0.0,True
2050,P0044,Heilongjiang,retire,0.0,0.0,0.0,0.0,0.0,True
2050,P0044,Heilongjiang,ccs,0.0,0.0,0.0,0.0,0.0,True
2050,P0044,Heilongjiang,biomass,0.0,0.0,0.0,0.0,0.0,True
2050,P0044,Heilongjiang,beccs,1.0,10278967.500000002,8.428753350000001,16.014631365,8.142175736099999,True
2050,P0044,Heilongjiang,ammonia,0.0,0.0,0.0,0.0,0.0,True
2050,P0045,Henan,unabated,0.0,0.0,0.0,0.0,0.0,True
2050,P0045,Henan,retire,1.0,50070436.0,41.057757519999996,41.057757519999996,0.0,True
2050,P0045,Henan,ccs,0.0,0.0,0.0,0.0,0.0,True
2050,P0045,Henan,biomass,0.0,0.0,0.0,0.0,0.0,True
2050,P0045,Henan,beccs,0.0,0.0,0.0,0.0,0.0,True
2050,P0045,Henan,ammonia,0.0,0.0,0.0,0.0,0.0,True
2050,P0046,Zhejiang,unabated,0.0,0.0,0.0,0.0,0.0,True
2050,P0046,Zhejiang,retire,0.8757202913389458,89525190.6947028,73.4106563696563,73.4106563696563,0.0,True
2050,P0046,Zhejiang,ccs,0.12427970866105187,12705157.94529696,10.418229515143507,9.376406563629157,10.78286754817353,True
2050,P0046,Zhejiang,biomass,0.0,0.0,0.0,0.0,0.0,True
2050,P0046,Zhejiang,beccs,0.0,0.0,0.0,0.0,0.0,True
2050,P0046,Zhejiang,ammonia,0.0,0.0,0.0,0.0,0.0,True
2050,P0047,Liaoning,unabated,0.0,0.0,0.0,0.0,0.0,True
2050,P0047,Liaoning,retire,0.0,0.0,0.0,0.0,0.0,True
2050,P0047,Liaoning,ccs,0.0,0.0,0.0,0.0,0.0,True
2050,P0047,Liaoning,biomass,1.0,10170295.999999998,8.339642719999999,8.339642719999999,0.0,True
2050,P0047,Liaoning,beccs,0.0,0.0,0.0,0.0,0.0,True
2050,P0047,Liaoning,ammonia,0.0,0.0,0.0,0.0,0.0,True
2050,P0048,Shanxi,unabated,0.0,0.0,0.0,0.0,0.0,True
2050,P0048,Shanxi,retire,0.0,0.0,0.0,0.0,0.0,True
2050,P0048,Shanxi,ccs,0.0,0.0,0.0,0.0,0.0,True
2050,P0048,Shanxi,biomass,0.0,0.0,0.0,0.0,0.0,True
2050,P0048,Shanxi,beccs,1.0,6481300.0,5.314666,10.0978654,5.50067931,True
2050,P0048,Shanxi,ammonia,0.0,0.0,0.0,0.0,0.0,True
2050,P0049,Xinjiang,unabated,0.0,0.0,0.0,0.0,0.0,True
2050,P0049,Xinjiang,retire,0.0,0.0,0.0,0.0,0.0,True
2050,P0049,Xinjiang,ccs,1.0,7182431.999999999,5.889594239999999,5.300634816,6.095730038399999,True
2050,P0049,Xinjiang,biomass,0.0,0.0,0.0,0.0,0.0,True
2050,P0049,Xinjiang,beccs,0.0,0.0,0.0,0.0,0.0,True
2050,P0049,Xinjiang,ammonia,0.0,0.0,0.0,0.0,0.0,True
2050,P0050,Henan,unabated,0.0,0.0,0.0,0.0,0.0,True
2050,P0050,Henan,retire,0.0,0.0,0.0,0.0,0.0,True
2050,P0050,Henan,ccs,0.0,0.0,0.0,0.0,0.0,True
2050,P0050,Henan,biomass,1.0,7055216.0,5.78527712,5.78527712,0.0,True
2050,P0050,Henan,beccs,0.0,0.0,0.0,0.0,0.0,True
2050,P0050,Henan,ammonia,0.0,0.0,0.0,0.0,0.0,True
2050,P0051,Hebei,unabated,0.0,0.0,0.0,0.0,0.0,True
2050,P0051,Hebei,retire,1.0,36442718.0,29.88302876,29.88302876,0.0,True
2050,P0051,Hebei,ccs,0.0,0.0,0.0,0.0,0.0,True
2050,P0051,Hebei,biomass,0.0,0.0,0.0,0.0,0.0,True
2050,P0051,Hebei,beccs,0.0,0.0,0.0,0.0,0.0,True
2050,P0051,Hebei,ammonia,0.0,0.0,0.0,0.0,0.0,True
2050,P0052,Jiangsu,unabated,0.0,0.0,0.0,0.0,0.0,True
2050,P0052,Jiangsu,retire,1.0,137274235.0,112.5648727,112.5648727,0.0,True
2050,P0052,Jiangsu,ccs,0.0,0.0,0.0,0.0,0.0,True
2050,P0052,Jiangsu,biomass,0.0,0.0,0.0,0.0,0.0,True
2050,P0052,Jiangsu,beccs,0.0,0.0,0.0,0.0,0.0,True
2050,P0052,Jiangsu,ammonia,0.0,0.0,0.0,0.0,0.0,True
2050,P0053,Heilongjiang,unabated,0.0,0.0,0.0,0.0,0.0,True
2050,P0053,Heilongjiang,retire,0.0,0.0,0.0,0.0,0.0,True
2050,P0053,Heilongjiang,ccs,0.0,0.0,0.0,0.0,0.0,True
2050,P0053,Heilongjiang,biomass,1.0,9739800.000000002,7.986636000000001,7.986636000000001,0.0,True
2050,P0053,Heilongjiang,beccs,0.0,0.0,0.0,0.0,0.0,True
2050,P0053,Heilongjiang,ammonia,0.0,0.0,0.0,0.0,0.0,True
2050,P0054,Hebei,unabated,0.0,0.0,0.0,0.0,0.0,True
2050,P0054,Hebei,retire,0.10994392162183941,2164965.350261159,1.7752715872141505,1.7752715872141505,0.0,True
2050,P0054,Hebei,ccs,0.0,0.0,0.0,0.0,0.0,True
2050,P0054,Hebei,biomass,0.8900560783781606,17526576.64973884,14.37179285278585,14.37179285278585,0.0,True
2050,P0054,Hebei,beccs,0.0,0.0,0.0,0.0,0.0,True
2050,P0054,Hebei,ammonia,0.0,0.0,0.0,0.0,0.0,True
2050,P0055,Shanxi,unabated,0.0,0.0,0.0,0.0,0.0,True
2050,P0055,Shanxi,retire,1.0,17129150.0,14.045903,14.045903,0.0,True
2050,P0055,Shanxi,ccs,0.0,0.0,0.0,0.0,0.0,True
2050,P0055,Shanxi,biomass,0.0,0.0,0.0,0.0,0.0,True
2050,P0055,Shanxi,beccs,0.0,0.0,0.0,0.0,0.0,True
2050,P0055,Shanxi,ammonia,0.0,0.0,0.0,0.0,0.0,True
2050,P0056,Jiangxi,unabated,0.0,0.0,0.0,0.0,0.0,True
2050,P0056,Jiangxi,retire,0.0,0.0,0.0,0.0,0.0,True
2050,P0056,Jiangxi,ccs,0.0,0.0,0.0,0.0,0.0,True
2050,P0056,Jiangxi,biomass,0.132440028437152,2537673.8492022217,2.080892556345822,2.080892556345822,0.0,True
2050,P0056,Jiangxi,beccs,0.8675599715628483,16623254.150797782,13.631068403654181,25.899029966942944,14.108155797782079,True
2050,P0056,Jiangxi,ammonia,0.0,0.0,0.0,0.0,0.0,True
2050,P0057,Gansu,unabated,0.0,0.0,0.0,0.0,0.0,True
2050,P0057,Gansu,retire,0.0,0.0,0.0,0.0,0.0,True
2050,P0057,Gansu,ccs,0.0,0.0,0.0,0.0,0.0,True
2050,P0057,Gansu,biomass,0.0,0.0,0.0,0.0,0.0,True
2050,P0057,Gansu,beccs,1.0,12233632.0,10.03157824,19.059998655999998,9.690504579839997,True
2050,P0057,Gansu,ammonia,0.0,0.0,0.0,0.0,0.0,True
2050,P0058,Jiangsu,unabated,0.0,0.0,0.0,0.0,0.0,True
2050,P0058,Jiangsu,retire,1.0,22644982.500000004,18.568885650000002,18.568885650000002,0.0,True
2050,P0058,Jiangsu,ccs,0.0,0.0,0.0,0.0,0.0,True
2050,P0058,Jiangsu,biomass,0.0,0.0,0.0,0.0,0.0,True
2050,P0058,Jiangsu,beccs,0.0,0.0,0.0,0.0,0.0,True
2050,P0058,Jiangsu,ammonia,0.0,0.0,0.0,0.0,0.0,True
2050,P0059,Inner Mongolia,unabated,1.0,104755830.0,85.8997806,0.0,0.0,True
2050,P0059,Inner Mongolia,retire,0.0,0.0,0.0,0.0,0.0,True
2050,P0059,Inner Mongolia,ccs,0.0,0.0,0.0,0.0,0.0,True
2050,P0059,Inner Mongolia,biomass,0.0,0.0,0.0,0.0,0.0,True
2050,P0059,Inner Mongolia,beccs,0.0,0.0,0.0,0.0,0.0,True
2050,P0059,Inner Mongolia,ammonia,0.0,0.0,0.0,0.0,0.0,True
2050,P0060,Shandong,unabated,0.0,0.0,0.0,0.0,0.0,True
2050,P0060,Shandong,retire,0.0,0.0,0.0,0.0,0.0,True
2050,P0060,Shandong,ccs,0.0,0.0,0.0,0.0,0.0,True
2050,P0060,Shandong,biomass,1.0,21639778.200000003,17.744618124000002,17.744618124000002,0.0,True
2050,P0060,Shandong,beccs,0.0,0.0,0.0,0.0,0.0,True
2050,P0060,Shandong,ammonia,0.0,0.0,0.0,0.0,0.0,True
2050,P0061,Shandong,unabated,0.0,0.0,0.0,0.0,0.0,True
2050,P0061,Shandong,retire,0.0,0.0,0.0,0.0,0.0,True
2050,P0061,Shandong,ccs,0.0,0.0,0.0,0.0,0.0,True
2050,P0061,Shandong,biomass,0.19891078207338508,3400481.6618649405,2.788394962729251,2.788394962729251,0.0,True
2050,P0061,Shandong,beccs,0.8010892179266149,13695030.338135064,11.22992487727075,21.336857266814427,11.622972247975227,True
2050,P0061,Shandong,ammonia,0.0,0.0,0.0,0.0,0.0,True
2050,P0062,Xinjiang,unabated,0.0,0.0,0.0,0.0,0.0,True
2050,P0062,Xinjiang,retire,0.0,0.0,0.0,0.0,0.0,True
2050,P0062,Xinjiang,ccs,0.321535025079487,1647148.0512162931,1.3506614019973604,1.2155952617976244,1.397934551067268,True
2050,P0062,Xinjiang,biomass,0.0,0.0,0.0,0.0,0.0,True
2050,P0062,Xinjiang,beccs,0.6784649749205132,3475615.948783708,2.8500050780026402,5.415009648205016,2.949755255732733,True
2050,P0062,Xinjiang,ammonia,0.0,0.0,0.0,0.0,0.0,True
2050,P0063,Ningxia,unabated,0.0,0.0,0.0,0.0,0.0,True
2050,P0063,Ningxia,retire,0.39513661205743444,3456964.8693822897,2.834711192893477,2.834711192893477,0.0,True
2050,P0063,Ningxia,ccs,0.0,0.0,0.0,0.0,0.0,True
2050,P0063,Ningxia,biomass,0.0,0.0,0.0,0.0,0.0,True
2050,P0063,Ningxia,beccs,0.6048633879425656,5291819.130617711,4.339291687106522,8.244654205502393,4.49116689615525,True
2050,P0063,Ningxia,ammonia,0.0,0.0,0.0,0.0,0.0,True
2050,P0064,Shandong,unabated,0.0,0.0,0.0,0.0,0.0,True
2050,P0064,Shandong,retire,1.0,18229398.000000004,14.94810636,14.94810636,0.0,True
2050,P0064,Shandong,ccs,0.0,0.0,0.0,0.0,0.0,True
2050,P0064,Shandong,biomass,0.0,0.0,0.0,0.0,0.0,True
2050,P0064,Shandong,beccs,0.0,0.0,0.0,0.0,0.0,True
2050,P0064,Shandong,ammonia,0.0,0.0,0.0,0.0,0.0,True
2050,P0065,Xinjiang,unabated,0.0,0.0,0.0,0.0,0.0,True
2050,P0065,Xinjiang,retire,0.0,0.0,0.0,0.0,0.0,True
2050,P0065,Xinjiang,ccs,1.0,17824049.999999996,14.615720999999997,13.154148899999997,15.127271234999995,True
2050,P0065,Xinjiang,biomass,0.0,0.0,0.0,0.0,0.0,True
2050,P0065,Xinjiang,beccs,0.0,0.0,0.0,0.0,0.0,True
2050,P0065,Xinjiang,ammonia,0.0,0.0,0.0,0.0,0.0,True
2050,P0066,Fujian,unabated,0.026259569102706527,1188083.7744632806,0.97422869505989,0.0,0.0,True
2050,P0066,Fujian,retire,0.14371758694037465,6502335.681177503,5.331915258565553,5.331915258565553,0.0,True
2050,P0066,Fujian,ccs,0.0,0.0,0.0,0.0,0.0,True
2050,P0066,Fujian,biomass,0.030825925101291642,1394683.2601259327,1.143640273303265,1.143640273303265,0.0,True
2050,P0066,Fujian,beccs,0.7991969188556272,36158738.484233275,29.650165557071286,56.33531455843544,30.68792135156878,True
2050,P0066,Fujian,ammonia,0.0,0.0,0.0,0.0,0.0,True
2050,P0067,Hebei,unabated,0.0,0.0,0.0,0.0,0.0,True
2050,P0067,Hebei,retire,0.29655912361311776,10146820.236355592,8.320392593811585,8.320392593811585,0.0,True
2050,P0067,Hebei,ccs,0.0,0.0,0.0,0.0,0.0,True
2050,P0067,Hebei,biomass,0.24290180478619378,8310926.058262824,6.814959367775515,6.814959367775515,0.0,True
2050,P0067,Hebei,beccs,0.46053907160068736,15757421.705381546,12.921085798412868,24.550063016984446,13.373323801357317,True
2050,P0067,Hebei,ammonia,0.0,0.0,0.0,0.0,0.0,True
2050,P0068,Zhejiang,unabated,0.0,0.0,0.0,0.0,0.0,True
2050,P0068,Zhejiang,retire,0.0,0.0,0.0,0.0,0.0,True
2050,P0068,Zhejiang,ccs,0.0,0.0,0.0,0.0,0.0,True
2050,P0068,Zhejiang,biomass,0.0,0.0,0.0,0.0,0.0,True
2050,P0068,Zhejiang,beccs,1.0,22390288.5,18.360036570000002,34.884069483000005,19.002637849950002,True
2050,P0068,Zhejiang,ammonia,0.0,0.0,0.0,0.0,0.0,True
2050,P0069,Shaanxi,unabated,0.0,0.0,0.0,0.0,0.0,True
2050,P0069,Shaanxi,retire,0.0,0.0,0.0,0.0,0.0,True
2050,P0069,Shaanxi,ccs,0.0,0.0,0.0,0.0,0.0,True
2050,P0069,Shaanxi,biomass,0.0,0.0,0.0,0.0,0.0,True
2050,P0069,Shaanxi,beccs,1.0,18152000.0,14.88464,28.280815999999998,15.4056024,True
2050,P0069,Shaanxi,ammonia,0.0,0.0,0.0,0.0,0.0,True
2050,P0070,Shandong,unabated,0.0,0.0,0.0,0.0,0.0,True
2050,P0070,Shandong,retire,0.0,0.0,0.0,0.0,0.0,True
2050,P0070,Shandong,ccs,0.0,0.0,0.0,0.0,0.0,True
2050,P0070,Shandong,biomass,1.0,25817712.000000004,21.170523840000005,21.170523840000005,0.0,True
2050,P0070,Shandong,beccs,0.0,0.0,0.0,0.0,0.0,True
2050,P0070,Shandong,ammonia,0.0,0.0,0.0,0.0,0.0,True
2050,P0071,Guizhou,unabated,0.0,0.0,0.0,0.0,0.0,True
2050,P0071,Guizhou,retire,1.0,23735500.0,19.46311,19.46311,0.0,True
2050,P0071,Guizhou,ccs,0.0,0.0,0.0,0.0,0.0,True
2050,P0071,Guizhou,biomass,0.0,0.0,0.0,0.0,0.0,True
2050,P0071,Guizhou,beccs,0.0,0.0,0.0,0.0,0.0,True
2050,P0071,Guizhou,ammonia,0.0,0.0,0.0,0.0,0.0,True
2050,P0072,Heilongjiang,unabated,0.0,0.0,0.0,0.0,0.0,True
2050,P0072,Heilongjiang,retire,0.0,0.0,0.0,0.0,0.0,True
2050,P0072,Heilongjiang,ccs,0.0,0.0,0.0,0.0,0.0,True
2050,P0072,Heilongjiang,biomass,0.12897974326993714,717849.6591431621,0.588636720497393,0.588636720497393,0.0,True
2050,P0072,Heilongjiang,beccs,0.8710202567300631,4847750.340856839,3.9751552795026086,7.552795031054956,3.839999999999519,True
2050,P0072,Heilongjiang,ammonia,0.0,0.0,0.0,0.0,0.0,True
2050,P0073,Liaoning,unabated,0.0,0.0,0.0,0.0,0.0,True
2050,P0073,Liaoning,retire,0.0,0.0,0.0,0.0,0.0,True
2050,P0073,Liaoning,ccs,0.0,0.0,0.0,0.0,0.0,True
2050,P0073,Liaoning,biomass,1.0,6340931.499999999,5.199563829999999,5.199563829999999,0.0,True
2050,P0073,Liaoning,beccs,0.0,0.0,0.0,0.0,0.0,True
2050,P0073,Liaoning,ammonia,0.0,0.0,0.0,0.0,0.0,True
2050,P0074,Shaanxi,unabated,0.0,0.0,0.0,0.0,0.0,True
2050,P0074,Shaanxi,retire,1.0,36893940.0,30.253030799999998,30.253030799999998,0.0,True
2050,P0074,Shaanxi,ccs,0.0,0.0,0.0,0.0,0.0,True
2050,P0074,Shaanxi,biomass,0.0,0.0,0.0,0.0,0.0,True
2050,P0074,Shaanxi,beccs,0.0,0.0,0.0,0.0,0.0,True
2050,P0074,Shaanxi,ammonia,0.0,0.0,0.0,0.0,0.0,True
2050,P0075,Henan,unabated,0.0,0.0,0.0,0.0,0.0,True
2050,P0075,Henan,retire,0.0,0.0,0.0,0.0,0.0,True
2050,P0075,Henan,ccs,0.0,0.0,0.0,0.0,0.0,True
2050,P0075,Henan,biomass,1.0,7127208.0,5.844310559999999,5.844310559999999,0.0,True
2050,P0075,Henan,beccs,0.0,0.0,0.0,0.0,0.0,True
2050,P0075,Henan,ammonia,0.0,0.0,0.0,0.0,0.0,True
2050,P0076,Guangxi,unabated,0.0,0.0,0.0,0.0,0.0,True
2050,P0076,Guangxi,retire,0.0,0.0,0.0,0.0,0.0,True
2050,P0076,Guangxi,ccs,0.0,0.0,0.0,0.0,0.0,True
2050,P0076,Guangxi,biomass,1.0,13593944.000000002,11.147034080000001,11.147034080000001,0.0,True
2050,P0076,Guangxi,beccs,0.0,0.0,0.0,0.0,0.0,True
2050,P0076,Guangxi,ammonia,0.0,0.0,0.0,0.0,0.0,True
2050,P0077,Xinjiang,unabated,0.42163664853313837,17413165.201583702,14.278795465298638,0.0,0.0,True
2050,P0077,Xinjiang,retire,0.4819100864491807,19902396.94970333,16.31996549875673,16.31996549875673,0.0,True
2050,P0077,Xinjiang,ccs,0.09645326501768088,3983421.8487129617,3.266405915944629,2.939765324350166,3.3807301230026905,True
2050,P0077,Xinjiang,biomass,0.0,0.0,0.0,0.0,0.0,True
2050,P0077,Xinjiang,beccs,0.0,0.0,0.0,0.0,0.0,True
2050,P0077,Xinjiang,ammonia,0.0,0.0,0.0,0.0,0.0,True
2050,P0078,Heilongjiang,unabated,0.0,0.0,0.0,0.0,0.0,True
2050,P0078,Heilongjiang,retire,0.0,0.0,0.0,0.0,0.0,True
2050,P0078,Heilongjiang,ccs,0.0,0.0,0.0,0.0,0.0,True
2050,P0078,Heilongjiang,biomass,0.0,0.0,0.0,0.0,0.0,True
2050,P0078,Heilongjiang,beccs,1.0,18122985.0,14.860847699999999,28.235610629999996,14.355578878199998,True
2050,P0078,Heilongjiang,ammonia,0.0,0.0,0.0,0.0,0.0,True
2050,P0079,Guangxi,unabated,0.0,0.0,0.0,0.0,0.0,True
2050,P0079,Guangxi,retire,0.22311650281498774,9483568.737083076,7.776526364408122,7.776526364408122,0.0,True
2050,P0079,Guangxi,ccs,0.0,0.0,0.0,0.0,0.0,True
2050,P0079,Guangxi,biomass,0.0,0.0,0.0,0.0,0.0,True
2050,P0079,Guangxi,beccs,0.7768834971850106,33021439.26291685,27.077580195591818,51.447402371624456,28.025295502437533,True
2050,P0079,Guangxi,ammonia,0.0,0.0,0.0,0.0,0.0,True
2050,P0080,Shandong,unabated,0.0,0.0,0.0,0.0,0.0,True
2050,P0080,Shandong,retire,0.0,0.0,0.0,0.0,0.0,True
2050,P0080,Shandong,ccs,0.0,0.0,0.0,0.0,0.0,True
2050,P0080,Shandong,biomass,1.0,21587445.000000004,17.701704900000003,17.701704900000003,0.0,True
2050,P0080,Shandong,beccs,0.0,0.0,0.0,0.0,0.0,True
2050,P0080,Shandong,ammonia,0.0,0.0,0.0,0.0,0.0,True
2050,P0081,Gansu,unabated,0.0,0.0,0.0,0.0,0.0,True
2050,P0081,Gansu,retire,1.0,8798160.0,7.214491199999999,7.214491199999999,0.0,True
2050,P0081,Gansu,ccs,0.0,0.0,0.0,0.0,0.0,True
2050,P0081,Gansu,biomass,0.0,0.0,0.0,0.0,0.0,True
2050,P0081,Gansu,beccs,0.0,0.0,0.0,0.0,0.0,True
2050,P0081,Gansu,ammonia,0.0,0.0,0.0,0.0,0.0,True
2050,P0082,Liaoning,unabated,0.0,0.0,0.0,0.0,0.0,True
2050,P0082,Liaoning,retire,0.0,0.0,0.0,0.0,0.0,True
2050,P0082,Liaoning,ccs,0.0,0.0,0.0,0.0,0.0,True
2050,P0082,Liaoning,biomass,1.0,7751749.999999999,6.356434999999999,6.356434999999999,0.0,True
2050,P0082,Liaoning,beccs,0.0,0.0,0.0,0.0,0.0,True
2050,P0082,Liaoning,ammonia,0.0,0.0,0.0,0.0,0.0,True
2050,P0083,Shaanxi,unabated,0.0,0.0,0.0,0.0,0.0,True
2050,P0083,Shaanxi,retire,1.0,58041020.0,47.5936364,47.5936364,0.0,True
2050,P0083,Shaanxi,ccs,0.0,0.0,0.0,0.0,0.0,True
2050,P0083,Shaanxi,biomass,0.0,0.0,0.0,0.0,0.0,True
2050,P0083,Shaanxi,beccs,0.0,0.0,0.0,0.0,0.0,True
2050,P0083,Shaanxi,ammonia,0.0,0.0,0.0,0.0,0.0,True
2050,P0084,Shaanxi,unabated,0.0,0.0,0.0,0.0,0.0,True
2050,P0084,Shaanxi,retire,1.0,12207220.0,10.009920399999999,10.009920399999999,0.0,True
2050,P0084,Shaanxi,ccs,0.0,0.0,0.0,0.0,0.0,True
2050,P0084,Shaanxi,biomass,0.0,0.0,0.0,0.0,0.0,True
2050,P0084,Shaanxi,beccs,0.0,0.0,0.0,0.0,0.0,True
2050,P0084,Shaanxi,ammonia,0.0,0.0,0.0,0.0,0.0,True
2050,P0085,Jiangsu,unabated,0.0,0.0,0.0,0.0,0.0,True
2050,P0085,Jiangsu,retire,1.0,50405775.00000001,41.3327355,41.3327355,0.0,True
2050,P0085,Jiangsu,ccs,0.0,0.0,0.0,0.0,0.0,True
2050,P0085,Jiangsu,biomass,0.0,0.0,0.0,0.0,0.0,True
2050,P0085,Jiangsu,beccs,0.0,0.0,0.0,0.0,0.0,True
2050,P0085,Jiangsu,ammonia,0.0,0.0,0.0,0.0,0.0,True
2050,P0086,Shaanxi,unabated,0.0,0.0,0.0,0.0,0.0,True
2050,P0086,Shaanxi,retire,1.0,42929480.0,35.2021736,35.2021736,0.0,True
2050,P0086,Shaanxi,ccs,0.0,0.0,0.0,0.0,0.0,True
2050,P0086,Shaanxi,biomass,0.0,0.0,0.0,0.0,0.0,True
2050,P0086,Shaanxi,beccs,0.0,0.0,0.0,0.0,0.0,True
2050,P0086,Shaanxi,ammonia,0.0,0.0,0.0,0.0,0.0,True
2050,P0087,Hebei,unabated,0.0,0.0,0.0,0.0,0.0,True
2050,P0087,Hebei,retire,0.0,0.0,0.0,0.0,0.0,True
2050,P0087,Hebei,ccs,0.0,0.0,0.0,0.0,0.0,True
2050,P0087,Hebei,biomass,1.0,13588055.000000002,11.142205100000002,11.142205100000002,0.0,True
2050,P0087,Hebei,beccs,0.0,0.0,0.0,0.0,0.0,True
2050,P0087,Hebei,ammonia,0.0,0.0,0.0,0.0,0.0,True
2050,P0088,Zhejiang,unabated,0.0,0.0,0.0,0.0,0.0,True
2050,P0088,Zhejiang,retire,0.0,0.0,0.0,0.0,0.0,True
2050,P0088,Zhejiang,ccs,0.0,0.0,0.0,0.0,0.0,True
2050,P0088,Zhejiang,biomass,0.0,0.0,0.0,0.0,0.0,True
2050,P0088,Zhejiang,beccs,1.0,15775605.0,12.935996099999999,24.578392589999996,12.496172232599998,True
2050,P0088,Zhejiang,ammonia,0.0,0.0,0.0,0.0,0.0,True
2050,P0089,Ningxia,unabated,1.0,131480305.0,107.8138501,0.0,0.0,True
2050,P0089,Ningxia,retire,0.0,0.0,0.0,0.0,0.0,True
2050,P0089,Ningxia,ccs,0.0,0.0,0.0,0.0,0.0,True
2050,P0089,Ningxia,biomass,0.0,0.0,0.0,0.0,0.0,True
2050,P0089,Ningxia,beccs,0.0,0.0,0.0,0.0,0.0,True
2050,P0089,Ningxia,ammonia,0.0,0.0,0.0,0.0,0.0,True
2050,P0090,Guangdong,unabated,0.0,0.0,0.0,0.0,0.0,True
2050,P0090,Guangdong,retire,1.0,34962181.2,28.668988584,28.668988584,0.0,True
2050,P0090,Guangdong,ccs,0.0,0.0,0.0,0.0,0.0,True
2050,P0090,Guangdong,biomass,0.0,0.0,0.0,0.0,0.0,True
2050,P0090,Guangdong,beccs,0.0,0.0,0.0,0.0,0.0,True
2050,P0090,Guangdong,ammonia,0.0,0.0,0.0,0.0,0.0,True
2050,P0091,Guangdong,unabated,0.0,0.0,0.0,0.0,0.0,True
2050,P0091,Guangdong,retire,0.0,0.0,0.0,0.0,0.0,True
2050,P0091,Guangdong,ccs,0.0,0.0,0.0,0.0,0.0,True
2050,P0091,Guangdong,biomass,0.0,0.0,0.0,0.0,0.0,True
2050,P0091,Guangdong,beccs,1.0,35657946.0,29.23951572,55.555079868,30.262898770199996,True
2050,P0091,Guangdong,ammonia,0.0,0.0,0.0,0.0,0.0,True
2050,P0092,Jiangxi,unabated,0.0,0.0,0.0,0.0,0.0,True
2050,P0092,Jiangxi,retire,0.0,0.0,0.0,0.0,0.0,True
2050,P0092,Jiangxi,ccs,0.0,0.0,0.0,0.0,0.0,True
2050,P0092,Jiangxi,biomass,1.0,36462960.0,29.899627199999998,29.899627199999998,0.0,True
2050,P0092,Jiangxi,beccs,0.0,0.0,0.0,0.0,0.0,True
2050,P0092,Jiangxi,ammonia,0.0,0.0,0.0,0.0,0.0,True
2050,P0093,Hunan,unabated,0.0,0.0,0.0,0.0,0.0,True
2050,P0093,Hunan,retire,1.0,18069412.5,14.81691825,14.81691825,0.0,True
2050,P0093,Hunan,ccs,0.0,0.0,0.0,0.0,0.0,True
2050,P0093,Hunan,biomass,0.0,0.0,0.0,0.0,0.0,True
2050,P0093,Hunan,beccs,0.0,0.0,0.0,0.0,0.0,True
2050,P0093,Hunan,ammonia,0.0,0.0,0.0,0.0,0.0,True
2050,P0094,Fujian,unabated,0.0,0.0,0.0,0.0,0.0,True
2050,P0094,Fujian,retire,0.0,0.0,0.0,0.0,0.0,True
2050,P0094,Fujian,ccs,0.0,0.0,0.0,0.0,0.0,True
2050,P0094,Fujian,biomass,1.0,6459012.0,5.29638984,5.29638984,0.0,True
2050,P0094,Fujian,beccs,0.0,0.0,0.0,0.0,0.0,True
2050,P0094,Fujian,ammonia,0.0,0.0,0.0,0.0,0.0,True
2050,P0095,Anhui,unabated,0.0,0.0,0.0,0.0,0.0,True
2050,P0095,Anhui,retire,0.0,0.0,0.0,0.0,0.0,True
2050,P0095,Anhui,ccs,0.0,0.0,0.0,0.0,0.0,True
2050,P0095,Anhui,biomass,1.0,16313541.000000002,13.377103620000002,13.377103620000002,0.0,True
2050,P0095,Anhui,beccs,0.0,0.0,0.0,0.0,0.0,True
2050,P0095,Anhui,ammonia,0.0,0.0,0.0,0.0,0.0,True
2050,P0096,Guangdong,unabated,0.0,0.0,0.0,0.0,0.0,True
2050,P0096,Guangdong,retire,0.0,0.0,0.0,0.0,0.0,True
2050,P0096,Guangdong,ccs,0.0,0.0,0.0,0.0,0.0,True
2050,P0096,Guangdong,biomass,0.0,0.0,0.0,0.0,0.0,True
2050,P0096,Guangdong,beccs,1.0,22564039.0,18.50251198,35.154772762,19.150099899300002,True
2050,P0096,Guangdong,ammonia,0.0,0.0,0.0,0.0,0.0,True
2050,P0097,Gansu,unabated,0.0,0.0,0.0,0.0,0.0,True
2050,P0097,Gansu,retire,0.3214352847017538,2854972.769827312,2.3410776712583954,2.3410776712583954,0.0,True
2050,P0097,Gansu,ccs,0.0,0.0,0.0,0.0,0.0,True
2050,P0097,Gansu,biomass,0.6785647152982452,6026979.23017268,4.9421229687415975,4.9421229687415975,0.0,True
2050,P0097,Gansu,beccs,0.0,0.0,0.0,0.0,0.0,True
2050,P0097,Gansu,ammonia,0.0,0.0,0.0,0.0,0.0,True
2050,P0098,Xinjiang,unabated,1.0,128966903.99999999,105.75286127999999,0.0,0.0,True
2050,P0098,Xinjiang,retire,0.0,0.0,0.0,0.0,0.0,True
2050,P0098,Xinjiang,ccs,0.0,0.0,0.0,0.0,0.0,True
2050,P0098,Xinjiang,biomass,0.0,0.0,0.0,0.0,0.0,True
2050,P0098,Xinjiang,beccs,0.0,0.0,0.0,0.0,0.0,True
2050,P0098,Xinjiang,ammonia,0.0,0.0,0.0,0.0,0.0,True
2050,P0099,Sichuan,unabated,0.0,0.0,0.0,0.0,0.0,True
2050,P0099,Sichuan,retire,0.0,0.0,0.0,0.0,0.0,True
2050,P0099,Sichuan,ccs,0.0,0.0,0.0,0.0,0.0,True
2050,P0099,Sichuan,biomass,0.0,0.0,0.0,0.0,0.0,True
2050,P0099,Sichuan,beccs,1.0,4996399.999999999,4.097047999999999,7.784391199999998,3.9577483679999985,True
2050,P0099,Sichuan,ammonia,0.0,0.0,0.0,0.0,0.0,True
2050,P0100,Jiangxi,unabated,0.0,0.0,0.0,0.0,0.0,True
2050,P0100,Jiangxi,retire,0.0,0.0,0.0,0.0,0.0,True
2050,P0100,Jiangxi,ccs,0.0,0.0,0.0,0.0,0.0,True
2050,P0100,Jiangxi,biomass,1.0,15157152.0,12.428864639999999,12.428864639999999,0.0,True
2050,P0100,Jiangxi,beccs,0.0,0.0,0.0,0.0,0.0,True
2050,P0100,Jiangxi,ammonia,0.0,0.0,0.0,0.0,0.0,True
2050,P0101,Qinghai,unabated,0.0,0.0,0.0,0.0,0.0,True
2050,P0101,Qinghai,retire,1.0,19952390.0,16.3609598,16.3609598,0.0,True
2050,P0101,Qinghai,ccs,0.0,0.0,0.0,0.0,0.0,True
2050,P0101,Qinghai,biomass,0.0,0.0,0.0,0.0,0.0,True
2050,P0101,Qinghai,beccs,0.0,0.0,0.0,0.0,0.0,True
2050,P0101,Qinghai,ammonia,0.0,0.0,0.0,0.0,0.0,True
2050,P0102,Hunan,unabated,0.0,0.0,0.0,0.0,0.0,True
2050,P0102,Hunan,retire,0.0,0.0,0.0,0.0,0.0,True
2050,P0102,Hunan,ccs,0.0,0.0,0.0,0.0,0.0,True
2050,P0102,Hunan,biomass,1.0,9845388.0,8.07321816,8.07321816,0.0,True
2050,P0102,Hunan,beccs,0.0,0.0,0.0,0.0,0.0,True
2050,P0102,Hunan,ammonia,0.0,0.0,0.0,0.0,0.0,True
2050,P0103,Inner Mongolia,unabated,1.0,19119700.0,15.678153999999997,0.0,0.0,True
2050,P0103,Inner Mongolia,retire,0.0,0.0,0.0,0.0,0.0,True
2050,P0103,Inner Mongolia,ccs,0.0,0.0,0.0,0.0,0.0,True
2050,P0103,Inner Mongolia,biomass,0.0,0.0,0.0,0.0,0.0,True
2050,P0103,Inner Mongolia,beccs,0.0,0.0,0.0,0.0,0.0,True
2050,P0103,Inner Mongolia,ammonia,0.0,0.0,0.0,0.0,0.0,True
2050,P0104,Inner Mongolia,unabated,0.8790679589263923,20080558.17643517,16.46605770467684,0.0,0.0,True
2050,P0104,Inner Mongolia,retire,0.0,0.0,0.0,0.0,0.0,True
2050,P0104,Inner Mongolia,ccs,0.12093204107360768,2762451.823564831,2.2652104953231613,2.0386894457908453,2.3444928626594717,True
2050,P0104,Inner Mongolia,biomass,0.0,0.0,0.0,0.0,0.0,True
2050,P0104,Inner Mongolia,beccs,0.0,0.0,0.0,0.0,0.0,True
2050,P0104,Inner Mongolia,ammonia,0.0,0.0,0.0,0.0,0.0,True
2050,P0105,Liaoning,unabated,0.0,0.0,0.0,0.0,0.0,True
2050,P0105,Liaoning,retire,0.0,0.0,0.0,0.0,0.0,True
2050,P0105,Liaoning,ccs,0.0,0.0,0.0,0.0,0.0,True
2050,P0105,Liaoning,biomass,0.0,0.0,0.0,0.0,0.0,True
2050,P0105,Liaoning,beccs,1.0,4030910.0,3.3053462,6.28015778,3.1929644291999995,True
2050,P0105,Liaoning,ammonia,0.0,0.0,0.0,0.0,0.0,True
2050,P0106,Hubei,unabated,0.0,0.0,0.0,0.0,0.0,True
2050,P0106,Hubei,retire,1.0,39558279.99999999,32.43778959999999,32.43778959999999,0.0,True
2050,P0106,Hubei,ccs,0.0,0.0,0.0,0.0,0.0,True
2050,P0106,Hubei,biomass,0.0,0.0,0.0,0.0,0.0,True
2050,P0106,Hubei,beccs,0.0,0.0,0.0,0.0,0.0,True
2050,P0106,Hubei,ammonia,0.0,0.0,0.0,0.0,0.0,True
2050,P0107,Liaoning,unabated,0.0,0.0,0.0,0.0,0.0,True
2050,P0107,Liaoning,retire,1.0,14387248.0,11.797543359999999,11.797543359999999,0.0,True
2050,P0107,Liaoning,ccs,0.0,0.0,0.0,0.0,0.0,True
2050,P0107,Liaoning,biomass,0.0,0.0,0.0,0.0,0.0,True
2050,P0107,Liaoning,beccs,0.0,0.0,0.0,0.0,0.0,True
2050,P0107,Liaoning,ammonia,0.0,0.0,0.0,0.0,0.0,True
2050,P0108,Guangdong,unabated,0.0,0.0,0.0,0.0,0.0,True
2050,P0108,Guangdong,retire,1.0,22805624.0,18.700611679999998,18.700611679999998,0.0,True
2050,P0108,Guangdong,ccs,0.0,0.0,0.0,0.0,0.0,True
2050,P0108,Guangdong,biomass,0.0,0.0,0.0,0.0,0.0,True
2050,P0108,Guangdong,beccs,0.0,0.0,0.0,0.0,0.0,True
2050,P0108,Guangdong,ammonia,0.0,0.0,0.0,0.0,0.0,True
2050,P0109,Shaanxi,unabated,0.04237742136177236,1603854.8760852895,1.3151609983899373,0.0,0.0,True
2050,P0109,Shaanxi,retire,0.0,0.0,0.0,0.0,0.0,True
2050,P0109,Shaanxi,ccs,0.0,0.0,0.0,0.0,0.0,True
2050,P0109,Shaanxi,biomass,0.4649757306218155,17597899.278785404,14.430277408604029,14.430277408604029,0.0,True
2050,P0109,Shaanxi,beccs,0.4926468480164122,18645165.84512931,15.289035993006033,29.04916838671146,15.824152252761245,True
2050,P0109,Shaanxi,ammonia,0.0,0.0,0.0,0.0,0.0,True
2050,P0110,Guizhou,unabated,0.0,0.0,0.0,0.0,0.0,True
2050,P0110,Guizhou,retire,0.14736103116386118,9275867.92676342,7.606211699946005,7.606211699946005,0.0,True
2050,P0110,Guizhou,ccs,0.0,0.0,0.0,0.0,0.0,True
2050,P0110,Guizhou,biomass,0.8526389688361372,53670678.07323648,44.00995602005391,44.00995602005391,0.0,True
2050,P0110,Guizhou,beccs,0.0,0.0,0.0,0.0,0.0,True
2050,P0110,Guizhou,ammonia,0.0,0.0,0.0,0.0,0.0,True
2050,P0111,Guangxi,unabated,0.0,0.0,0.0,0.0,0.0,True
2050,P0111,Guangxi,retire,0.0,0.0,0.0,0.0,0.0,True
2050,P0111,Guangxi,ccs,0.0,0.0,0.0,0.0,0.0,True
2050,P0111,Guangxi,biomass,1.0,587794.48,0.48199147359999994,0.48199147359999994,0.0,True
2050,P0111,Guangxi,beccs,0.0,0.0,0.0,0.0,0.0,True
2050,P0111,Guangxi,ammonia,0.0,0.0,0.0,0.0,0.0,True
2050,P0112,Guangdong,unabated,0.0,0.0,0.0,0.0,0.0,True
2050,P0112,Guangdong,retire,1.0,41166084.0,33.756188879999996,33.756188879999996,0.0,True
2050,P0112,Guangdong,ccs,0.0,0.0,0.0,0.0,0.0,True
2050,P0112,Guangdong,biomass,0.0,0.0,0.0,0.0,0.0,True
2050,P0112,Guangdong,beccs,0.0,0.0,0.0,0.0,0.0,True
2050,P0112,Guangdong,ammonia,0.0,0.0,0.0,0.0,0.0,True
2050,P0113,Inner Mongolia,unabated,0.40171101380281693,8084835.863795494,6.629565408312304,0.0,0.0,True
2050,P0113,Inner Mongolia,retire,0.0,0.0,0.0,0.0,0.0,True
2050,P0113,Inner Mongolia,ccs,0.0,0.0,0.0,0.0,0.0,True
2050,P0113,Inner Mongolia,biomass,0.09020375439527839,1815440.7609593729,1.4886614239866856,1.4886614239866856,0.0,True
2050,P0113,Inner Mongolia,beccs,0.5080852318019047,10225723.375245133,8.385093167701008,15.931677018631916,8.1,True
2050,P0113,Inner Mongolia,ammonia,0.0,0.0,0.0,0.0,0.0,True
2050,P0114,Guangxi,unabated,0.0,0.0,0.0,0.0,0.0,True
2050,P0114,Guangxi,retire,0.0,0.0,0.0,0.0,0.0,True
2050,P0114,Guangxi,ccs,0.0,0.0,0.0,0.0,0.0,True
2050,P0114,Guangxi,biomass,0.0,0.0,0.0,0.0,0.0,True
2050,P0114,Guangxi,beccs,1.0,29485456.0,24.17807392,45.938340448,25.0243065072,True
2050,P0114,Guangxi,ammonia,0.0,0.0,0.0,0.0,0.0,True
2050,P0115,Shandong,unabated,0.0,0.0,0.0,0.0,0.0,True
2050,P0115,Shandong,retire,0.0,0.0,0.0,0.0,0.0,True
2050,P0115,Shandong,ccs,0.0,0.0,0.0,0.0,0.0,True
2050,P0115,Shandong,biomass,1.0,9550809.0,7.83166338,7.83166338,0.0,True
2050,P0115,Shandong,beccs,0.0,0.0,0.0,0.0,0.0,True
2050,P0115,Shandong,ammonia,0.0,0.0,0.0,0.0,0.0,True
2050,P0116,Liaoning,unabated,0.0,0.0,0.0,0.0,0.0,True
2050,P0116,Liaoning,retire,0.0,0.0,0.0,0.0,0.0,True
2050,P0116,Liaoning,ccs,0.0,0.0,0.0,0.0,0.0,True
2050,P0116,Liaoning,biomass,1.0,2542573.9999999995,2.0849106799999997,2.0849106799999997,0.0,True
2050,P0116,Liaoning,beccs,0.0,0.0,0.0,0.0,0.0,True
2050,P0116,Liaoning,ammonia,0.0,0.0,0.0,0.0,0.0,True
2050,P0117,Henan,unabated,0.0,0.0,0.0,0.0,0.0,True
2050,P0117,Henan,retire,0.0,0.0,0.0,0.0,0.0,True
2050,P0117,Henan,ccs,0.0,0.0,0.0,0.0,0.0,True
2050,P0117,Henan,biomass,1.0,8351072.0,6.8478790400000005,6.8478790400000005,0.0,True
2050,P0117,Henan,beccs,0.0,0.0,0.0,0.0,0.0,True
2050,P0117,Henan,ammonia,0.0,0.0,0.0,0.0,0.0,True
2050,P0118,Liaoning,unabated,0.0,0.0,0.0,0.0,0.0,True
2050,P0118,Liaoning,retire,0.0,0.0,0.0,0.0,0.0,True
2050,P0118,Liaoning,ccs,0.0,0.0,0.0,0.0,0.0,True
2050,P0118,Liaoning,biomass,1.0,16867807.999999996,13.831602559999997,13.831602559999997,0.0,True
2050,P0118,Liaoning,beccs,0.0,0.0,0.0,0.0,0.0,True
2050,P0118,Liaoning,ammonia,0.0,0.0,0.0,0.0,0.0,True
2050,P0119,Guizhou,unabated,0.0,0.0,0.0,0.0,0.0,True
2050,P0119,Guizhou,retire,1.0,27248354.0,22.34365028,22.34365028,0.0,True
2050,P0119,Guizhou,ccs,0.0,0.0,0.0,0.0,0.0,True
2050,P0119,Guizhou,biomass,0.0,0.0,0.0,0.0,0.0,True
2050,P0119,Guizhou,beccs,0.0,0.0,0.0,0.0,0.0,True
2050,P0119,Guizhou,ammonia,0.0,0.0,0.0,0.0,0.0,True
2050,P0120,Inner Mongolia,unabated,0.0,0.0,0.0,0.0,0.0,True
2050,P0120,Inner Mongolia,retire,1.0,23648049.999999996,19.391400999999995,19.391400999999995,0.0,True
2050,P0120,Inner Mongolia,ccs,0.0,0.0,0.0,0.0,0.0,True
2050,P0120,Inner Mongolia,biomass,0.0,0.0,0.0,0.0,0.0,True
2050,P0120,Inner Mongolia,beccs,0.0,0.0,0.0,0.0,0.0,True
2050,P0120,Inner Mongolia,ammonia,0.0,0.0,0.0,0.0,0.0,True
2050,P0121,Guangdong,unabated,0.0,0.0,0.0,0.0,0.0,True
2050,P0121,Guangdong,retire,1.0,32662292.0,26.783079439999998,26.783079439999998,0.0,True
2050,P0121,Guangdong,ccs,0.0,0.0,0.0,0.0,0.0,True
2050,P0121,Guangdong,biomass,0.0,0.0,0.0,0.0,0.0,True
2050,P0121,Guangdong,beccs,0.0,0.0,0.0,0.0,0.0,True
2050,P0121,Guangdong,ammonia,0.0,0.0,0.0,0.0,0.0,True
2050,P0122,Shaanxi,unabated,0.0,0.0,0.0,0.0,0.0,True
2050,P0122,Shaanxi,retire,0.9632976345948027,32304976.080197074,26.4900803857616,26.4900803857616,0.0,True
2050,P0122,Shaanxi,ccs,0.03670236540519734,1230843.919802925,1.0092920142383985,0.9083628128145588,1.0446172347367424,True
2050,P0122,Shaanxi,biomass,0.0,0.0,0.0,0.0,0.0,True
2050,P0122,Shaanxi,beccs,0.0,0.0,0.0,0.0,0.0,True
2050,P0122,Shaanxi,ammonia,0.0,0.0,0.0,0.0,0.0,True
2050,P0123,Hebei,unabated,0.0,0.0,0.0,0.0,0.0,True
2050,P0123,Hebei,retire,0.0638602640401087,1914141.985723194,1.569596428293019,1.569596428293019,0.0,True
2050,P0123,Hebei,ccs,0.0,0.0,0.0,0.0,0.0,True
2050,P0123,Hebei,biomass,0.9361397359598913,28059770.81427681,23.009012067706987,23.009012067706987,0.0,True
2050,P0123,Hebei,beccs,0.0,0.0,0.0,0.0,0.0,True
2050,P0123,Hebei,ammonia,0.0,0.0,0.0,0.0,0.0,True
2050,P0124,Henan,unabated,0.0,0.0,0.0,0.0,0.0,True
2050,P0124,Henan,retire,0.0,0.0,0.0,0.0,0.0,True
2050,P0124,Henan,ccs,0.0,0.0,0.0,0.0,0.0,True
2050,P0124,Henan,biomass,1.0,42007332.0,34.446012239999995,34.446012239999995,0.0,True
2050,P0124,Henan,beccs,0.0,0.0,0.0,0.0,0.0,True
2050,P0124,Henan,ammonia,0.0,0.0,0.0,0.0,0.0,True
2050,P0125,Xinjiang,unabated,0.0,0.0,0.0,0.0,0.0,True
2050,P0125,Xinjiang,retire,0.44584916798925567,28043507.835479643,22.995676425093304,22.995676425093304,0.0,True
2050,P0125,Xinjiang,ccs,0.5541508320105585,34855584.164508656,28.5815790148971,25.72342111340739,27.60980532839059,True
2050,P0125,Xinjiang,biomass,0.0,0.0,0.0,0.0,0.0,True
2050,P0125,Xinjiang,beccs,0.0,0.0,0.0,0.0,0.0,True
2050,P0125,Xinjiang,ammonia,0.0,0.0,0.0,0.0,0.0,True
2050,P0126,Jiangsu,unabated,0.0,0.0,0.0,0.0,0.0,True
2050,P0126,Jiangsu,retire,1.0,86326786.00000001,70.78796452000002,70.78796452000002,0.0,True
2050,P0126,Jiangsu,ccs,0.0,0.0,0.0,0.0,0.0,True
2050,P0126,Jiangsu,biomass,0.0,0.0,0.0,0.0,0.0,True
2050,P0126,Jiangsu,beccs,0.0,0.0,0.0,0.0,0.0,True
2050,P0126,Jiangsu,ammonia,0.0,0.0,0.0,0.0,0.0,True
2050,P0127,Hebei,unabated,0.0,0.0,0.0,0.0,0.0,True
2050,P0127,Hebei,retire,0.0,0.0,0.0,0.0,0.0,True
2050,P0127,Hebei,ccs,0.0,0.0,0.0,0.0,0.0,True
2050,P0127,Hebei,biomass,1.0,7796425.000000001,6.3930685,6.3930685,0.0,True
2050,P0127,Hebei,beccs,0.0,0.0,0.0,0.0,0.0,True
2050,P0127,Hebei,ammonia,0.0,0.0,0.0,0.0,0.0,True
2050,P0128,Xinjiang,unabated,0.0,0.0,0.0,0.0,0.0,True
2050,P0128,Xinjiang,retire,0.0,0.0,0.0,0.0,0.0,True
2050,P0128,Xinjiang,ccs,0.5720844303848359,2930653.5249359435,2.4031358904474738,2.1628223014027266,2.487245646613135,True
2050,P0128,Xinjiang,biomass,0.0,0.0,0.0,0.0,0.0,True
2050,P0128,Xinjiang,beccs,0.4279155696151643,2192110.4750640574,1.797530589552527,2.9659254727616697,1.8604441601868655,True
2050,P0128,Xinjiang,ammonia,0.0,0.0,0.0,0.0,0.0,True
2050,P0129,Inner Mongolia,unabated,0.0,0.0,0.0,0.0,0.0,True
2050,P0129,Inner Mongolia,retire,1.0,67573045.0,55.4098969,55.4098969,0.0,True
2050,P0129,Inner Mongolia,ccs,0.0,0.0,0.0,0.0,0.0,True
2050,P0129,Inner Mongolia,biomass,0.0,0.0,0.0,0.0,0.0,True
2050,P0129,Inner Mongolia,beccs,0.0,0.0,0.0,0.0,0.0,True
2050,P0129,Inner Mongolia,ammonia,0.0,0.0,0.0,0.0,0.0,True
2050,P0130,Hebei,unabated,0.0,0.0,0.0,0.0,0.0,True
2050,P0130,Hebei,retire,0.0,0.0,0.0,0.0,0.0,True
2050,P0130,Hebei,ccs,0.0,0.0,0.0,0.0,0.0,True
2050,P0130,Hebei,biomass,1.0,5791630.0,4.7491366,4.7491366,0.0,True
2050,P0130,Hebei,beccs,0.0,0.0,0.0,0.0,0.0,True
2050,P0130,Hebei,ammonia,0.0,0.0,0.0,0.0,0.0,True
2050,P0131,Zhejiang,unabated,0.0,0.0,0.0,0.0,0.0,True
2050,P0131,Zhejiang,retire,1.0,68084190.0,55.8290358,55.8290358,0.0,True
2050,P0131,Zhejiang,ccs,0.0,0.0,0.0,0.0,0.0,True
2050,P0131,Zhejiang,biomass,0.0,0.0,0.0,0.0,0.0,True
2050,P0131,Zhejiang,beccs,0.0,0.0,0.0,0.0,0.0,True
2050,P0131,Zhejiang,ammonia,0.0,0.0,0.0,0.0,0.0,True
2050,P0132,Jilin,unabated,0.0,0.0,0.0,0.0,0.0,True
2050,P0132,Jilin,retire,0.0,0.0,0.0,0.0,0.0,True
2050,P0132,Jilin,ccs,0.0,0.0,0.0,0.0,0.0,True
2050,P0132,Jilin,biomass,0.0,0.0,0.0,0.0,0.0,True
2050,P0132,Jilin,beccs,1.0,6228808.0,5.107622559999999,9.704482864,4.933963392959998,True
2050,P0132,Jilin,ammonia,0.0,0.0,0.0,0.0,0.0,True
2050,P0133,Anhui,unabated,0.0,0.0,0.0,0.0,0.0,True
2050,P0133,Anhui,retire,0.0,0.0,0.0,0.0,0.0,True
2050,P0133,Anhui,ccs,0.0,0.0,0.0,0.0,0.0,True
2050,P0133,Anhui,biomass,0.4754923306311091,14740647.398352195,12.0873308666488,12.0873308666488,0.0,True
2050,P0133,Anhui,beccs,0.5245076693688909,16260162.60164781,13.333333333351204,25.333333333367285,13.8,True
2050,P0133,Anhui,ammonia,0.0,0.0,0.0,0.0,0.0,True
2050,P0134,Shanxi,unabated,0.0,0.0,0.0,0.0,0.0,True
2050,P0134,Shanxi,retire,0.2170739514627389,3220845.065841083,2.6410929539896877,2.6410929539896877,0.0,True
2050,P0134,Shanxi,ccs,0.0,0.0,0.0,0.0,0.0,True
2050,P0134,Shanxi,biomass,0.0,0.0,0.0,0.0,0.0,True
2050,P0134,Shanxi,beccs,0.7829260485372611,11616702.434158918,9.525695996010311,18.098822392419592,9.201822332145959,True
2050,P0134,Shanxi,ammonia,0.0,0.0,0.0,0.0,0.0,True
2050,P0135,Liaoning,unabated,0.0,0.0,0.0,0.0,0.0,True
2050,P0135,Liaoning,retire,0.0,0.0,0.0,0.0,0.0,True
2050,P0135,Liaoning,ccs,0.0,0.0,0.0,0.0,0.0,True
2050,P0135,Liaoning,biomass,1.0,5891330.0,4.8308906,4.8308906,0.0,True
2050,P0135,Liaoning,beccs,0.0,0.0,0.0,0.0,0.0,True
2050,P0135,Liaoning,ammonia,0.0,0.0,0.0,0.0,0.0,True
2050,P0136,Inner Mongolia,unabated,0.0,0.0,0.0,0.0,0.0,True
2050,P0136,Inner Mongolia,retire,0.0,0.0,0.0,0.0,0.0,True
2050,P0136,Inner Mongolia,ccs,0.0,0.0,0.0,0.0,0.0,True
2050,P0136,Inner Mongolia,biomass,0.0,0.0,0.0,0.0,0.0,True
2050,P0136,Inner Mongolia,beccs,1.0,4427720.0,3.6307304,6.898387759999999,3.507285566399999,True
2050,P0136,Inner Mongolia,ammonia,0.0,0.0,0.0,0.0,0.0,True
2050,P0137,Xinjiang,unabated,0.012726730354962412,94097.37169087847,0.07715984478652034,0.0,0.0,True
2050,P0137,Xinjiang,retire,0.0,0.0,0.0,0.0,0.0,True
2050,P0137,Xinjiang,ccs,0.9872732696450376,7299582.62830912,5.985657755213478,5.387091979692131,6.19515577664595,True
2050,P0137,Xinjiang,biomass,0.0,0.0,0.0,0.0,0.0,True
2050,P0137,Xinjiang,beccs,0.0,0.0,0.0,0.0,0.0,True
2050,P0137,Xinjiang,ammonia,0.0,0.0,0.0,0.0,0.0,True
2050,P0138,Jilin,unabated,0.0,0.0,0.0,0.0,0.0,True
2050,P0138,Jilin,retire,0.0,0.0,0.0,0.0,0.0,True
2050,P0138,Jilin,ccs,0.0,0.0,0.0,0.0,0.0,True
2050,P0138,Jilin,biomass,1.0,4345680.000000001,3.5634576000000004,3.5634576000000004,0.0,True
2050,P0138,Jilin,beccs,0.0,0.0,0.0,0.0,0.0,True
2050,P0138,Jilin,ammonia,0.0,0.0,0.0,0.0,0.0,True
2050,P0139,Heilongjiang,unabated,0.0,0.0,0.0,0.0,0.0,True
2050,P0139,Heilongjiang,retire,0.0,0.0,0.0,0.0,0.0,True
2050,P0139,Heilongjiang,ccs,0.0,0.0,0.0,0.0,0.0,True
2050,P0139,Heilongjiang,biomass,1.0,4156807.5000000005,3.4085821500000004,3.4085821500000004,0.0,True
2050,P0139,Heilongjiang,beccs,0.0,0.0,0.0,0.0,0.0,True
2050,P0139,Heilongjiang,ammonia,0.0,0.0,0.0,0.0,0.0,True
2050,P0140,Guangdong,unabated,0.055212669907260425,3062531.736551649,2.511276023972352,0.0,0.0,True
2050,P0140,Guangdong,retire,0.17180995139031505,9529939.951682078,7.814550760379303,7.814550760379303,0.0,True
2050,P0140,Guangdong,ccs,0.15874440878556048,8805221.53198713,7.220281656229447,6.498253490606502,7.472991514197477,True
2050,P0140,Guangdong,biomass,0.0,0.0,0.0,0.0,0.0,True
2050,P0140,Guangdong,beccs,0.614232969916864,34070222.77977914,27.937582679418895,53.081407090895894,28.915398073198556,True
2050,P0140,Guangdong,ammonia,0.0,0.0,0.0,0.0,0.0,True
2050,P0141,Shandong,unabated,0.0,0.0,0.0,0.0,0.0,True
2050,P0141,Shandong,retire,1.0,46881825.00000001,38.44309650000001,38.44309650000001,0.0,True
2050,P0141,Shandong,ccs,0.0,0.0,0.0,0.0,0.0,True
2050,P0141,Shandong,biomass,0.0,0.0,0.0,0.0,0.0,True
2050,P0141,Shandong,beccs,0.0,0.0,0.0,0.0,0.0,True
2050,P0141,Shandong,ammonia,0.0,0.0,0.0,0.0,0.0,True
2050,P0142,Jiangsu,unabated,0.0,0.0,0.0,0.0,0.0,True
2050,P0142,Jiangsu,retire,0.0,0.0,0.0,0.0,0.0,True
2050,P0142,Jiangsu,ccs,0.0,0.0,0.0,0.0,0.0,True
2050,P0142,Jiangsu,biomass,0.0,0.0,0.0,0.0,0.0,True
2050,P0142,Jiangsu,beccs,1.0,33453385.000000004,27.431775700000003,52.120373830000005,28.3918878495,True
2050,P0142,Jiangsu,ammonia,0.0,0.0,0.0,0.0,0.0,True
2050,P0143,Yunnan,unabated,0.0,0.0,0.0,0.0,0.0,True
2050,P0143,Yunnan,retire,0.0,0.0,0.0,0.0,0.0,True
2050,P0143,Yunnan,ccs,0.0,0.0,0.0,0.0,0.0,True
2050,P0143,Yunnan,biomass,1.0,11205499.999999998,9.188509999999997,9.188509999999997,0.0,True
2050,P0143,Yunnan,beccs,0.0,0.0,0.0,0.0,0.0,True
2050,P0143,Yunnan,ammonia,0.0,0.0,0.0,0.0,0.0,True
2050,P0144,Shanxi,unabated,0.0,0.0,0.0,0.0,0.0,True
2050,P0144,Shanxi,retire,1.0,32892597.499999996,26.971929949999996,26.971929949999996,0.0,True
2050,P0144,Shanxi,ccs,0.0,0.0,0.0,0.0,0.0,True
2050,P0144,Shanxi,biomass,0.0,0.0,0.0,0.0,0.0,True
2050,P0144,Shanxi,beccs,0.0,0.0,0.0,0.0,0.0,True
2050,P0144,Shanxi,ammonia,0.0,0.0,0.0,0.0,0.0,True
2050,P0145,Liaoning,unabated,0.0,0.0,0.0,0.0,0.0,True
2050,P0145,Liaoning,retire,0.0,0.0,0.0,0.0,0.0,True
2050,P0145,Liaoning,ccs,0.0,0.0,0.0,0.0,0.0,True
2050,P0145,Liaoning,biomass,1.0,8185847.999999999,6.712395359999999,6.712395359999999,0.0,True
2050,P0145,Liaoning,beccs,0.0,0.0,0.0,0.0,0.0,True
2050,P0145,Liaoning,ammonia,0.0,0.0,0.0,0.0,0.0,True
2050,P0146,Shanxi,unabated,0.0,0.0,0.0,0.0,0.0,True
2050,P0146,Shanxi,retire,1.0,19906850.0,16.323617,16.323617,0.0,True
2050,P0146,Shanxi,ccs,0.0,0.0,0.0,0.0,0.0,True
2050,P0146,Shanxi,biomass,0.0,0.0,0.0,0.0,0.0,True
2050,P0146,Shanxi,beccs,0.0,0.0,0.0,0.0,0.0,True
2050,P0146,Shanxi,ammonia,0.0,0.0,0.0,0.0,0.0,True
2050,P0147,Inner Mongolia,unabated,0.04482123156631823,703616.2430729021,0.5769653193197797,0.0,0.0,True
2050,P0147,Inner Mongolia,retire,0.0,0.0,0.0,0.0,0.0,True
2050,P0147,Inner Mongolia,ccs,0.0,0.0,0.0,0.0,0.0,True
2050,P0147,Inner Mongolia,biomass,0.42377211890102384,6652493.378701564,5.455044570535282,5.455044570535282,0.0,True
2050,P0147,Inner Mongolia,beccs,0.5314066495326579,8342170.378225532,6.840579710144936,12.997101449275377,7.080000000000009,True
2050,P0147,Inner Mongolia,ammonia,0.0,0.0,0.0,0.0,0.0,True
2050,P0148,Shandong,unabated,0.0,0.0,0.0,0.0,0.0,True
2050,P0148,Shandong,retire,0.0,0.0,0.0,0.0,0.0,True
2050,P0148,Shandong,ccs,0.0,0.0,0.0,0.0,0.0,True
2050,P0148,Shandong,biomass,1.0,9114699.000000002,7.47405318,7.47405318,0.0,True
2050,P0148,Shandong,beccs,0.0,0.0,0.0,0.0,0.0,True
2050,P0148,Shandong,ammonia,0.0,0.0,0.0,0.0,0.0,True
2050,P0149,Shaanxi,unabated,1.0,42384920.0,34.7556344,0.0,0.0,True
2050,P0149,Shaanxi,retire,0.0,0.0,0.0,0.0,0.0,True
2050,P0149,Shaanxi,ccs,0.0,0.0,0.0,0.0,0.0,True
2050,P0149,Shaanxi,biomass,0.0,0.0,0.0,0.0,0.0,True
2050,P0149,Shaanxi,beccs,0.0,0.0,0.0,0.0,0.0,True
2050,P0149,Shaanxi,ammonia,0.0,0.0,0.0,0.0,0.0,True
2050,P0150,Guizhou,unabated,0.0,0.0,0.0,0.0,0.0,True
2050,P0150,Guizhou,retire,0.0,0.0,0.0,0.0,0.0,True
2050,P0150,Guizhou,ccs,0.0,0.0,0.0,0.0,0.0,True
2050,P0150,Guizhou,biomass,1.0,664594.0,0.5449670799999999,0.5449670799999999,0.0,True
2050,P0150,Guizhou,beccs,0.0,0.0,0.0,0.0,0.0,True
2050,P0150,Guizhou,ammonia,0.0,0.0,0.0,0.0,0.0,True
2050,P0151,Shandong,unabated,0.0,0.0,0.0,0.0,0.0,True
2050,P0151,Shandong,retire,1.0,16899262.500000004,13.857395250000001,13.857395250000001,0.0,True
2050,P0151,Shandong,ccs,0.0,0.0,0.0,0.0,0.0,True
2050,P0151,Shandong,biomass,0.0,0.0,0.0,0.0,0.0,True
2050,P0151,Shandong,beccs,0.0,0.0,0.0,0.0,0.0,True
2050,P0151,Shandong,ammonia,0.0,0.0,0.0,0.0,0.0,True
2050,P0152,Guangdong,unabated,0.0,0.0,0.0,0.0,0.0,True
2050,P0152,Guangdong,retire,0.29049033542509856,1866737.6643856869,1.530724884796263,1.530724884796263,0.0,True
2050,P0152,Guangdong,ccs,0.0,0.0,0.0,0.0,0.0,True
2050,P0152,Guangdong,biomass,0.0,0.0,0.0,0.0,0.0,True
2050,P0152,Guangdong,beccs,0.7095096645749014,4559423.335614312,3.738727135203736,7.103581556887098,3.6116104126068085,True
2050,P0152,Guangdong,ammonia,0.0,0.0,0.0,0.0,0.0,True
2050,P0153,Heilongjiang,unabated,0.0,0.0,0.0,0.0,0.0,True
2050,P0153,Heilongjiang,retire,0.0,0.0,0.0,0.0,0.0,True
2050,P0153,Heilongjiang,ccs,0.0,0.0,0.0,0.0,0.0,True
2050,P0153,Heilongjiang,biomass,0.0,0.0,0.0,0.0,0.0,True
2050,P0153,Heilongjiang,beccs,1.0,7391812.500000001,6.06128625,11.516443875,5.855202517499999,True
2050,P0153,Heilongjiang,ammonia,0.0,0.0,0.0,0.0,0.0,True
2050,P0154,Tianjin,unabated,0.0,0.0,0.0,0.0,0.0,True
2050,P0154,Tianjin,retire,0.298630204577751,7924791.54710842,6.4983290686289035,6.4983290686289035,0.0,True
2050,P0154,Tianjin,ccs,0.0,0.0,0.0,0.0,0.0,True
2050,P0154,Tianjin,biomass,0.021216867958918306,563034.9953873294,0.46168869621761,0.46168869621761,0.0,True
2050,P0154,Tianjin,beccs,0.6801529274633276,18049313.45750417,14.800437035153417,28.12083036679149,15.318452331383787,True
2050,P0154,Tianjin,ammonia,0.0,0.0,0.0,0.0,0.0,True
2050,P0155,Shanxi,unabated,0.0,0.0,0.0,0.0,0.0,True
2050,P0155,Shanxi,retire,0.18067242087966043,2561127.141679832,2.100124256177462,2.100124256177462,0.0,True
2050,P0155,Shanxi,ccs,0.0,0.0,0.0,0.0,0.0,True
2050,P0155,Shanxi,biomass,0.0,0.0,0.0,0.0,0.0,True
2050,P0155,Shanxi,beccs,0.8193275791203395,11614401.858320165,9.523809523822536,18.095238095262815,9.2,True
2050,P0155,Shanxi,ammonia,0.0,0.0,0.0,0.0,0.0,True
2050,P0156,Yunnan,unabated,0.0,0.0,0.0,0.0,0.0,True
2050,P0156,Yunnan,retire,0.0,0.0,0.0,0.0,0.0,True
2050,P0156,Yunnan,ccs,0.0,0.0,0.0,0.0,0.0,True
2050,P0156,Yunnan,biomass,1.0,2689319.9999999995,2.2052423999999995,2.2052423999999995,0.0,True
2050,P0156,Yunnan,beccs,0.0,0.0,0.0,0.0,0.0,True
2050,P0156,Yunnan,ammonia,0.0,0.0,0.0,0.0,0.0,True
2050,P0157,Guizhou,unabated,0.0,0.0,0.0,0.0,0.0,True
2050,P0157,Guizhou,retire,0.0,0.0,0.0,0.0,0.0,True
2050,P0157,Guizhou,ccs,0.0,0.0,0.0,0.0,0.0,True
2050,P0157,Guizhou,biomass,1.0,24495036.0,20.08592952,20.08592952,0.0,True
2050,P0157,Guizhou,beccs,0.0,0.0,0.0,0.0,0.0,True
2050,P0157,Guizhou,ammonia,0.0,0.0,0.0,0.0,0.0,True
2050,P0158,Guangxi,unabated,0.0,0.0,0.0,0.0,0.0,True
2050,P0158,Guangxi,retire,0.0,0.0,0.0,0.0,0.0,True
2050,P0158,Guangxi,ccs,0.0,0.0,0.0,0.0,0.0,True
2050,P0158,Guangxi,biomass,1.0,7299565.0,5.9856432999999996,5.9856432999999996,0.0,True
2050,P0158,Guangxi,beccs,0.0,0.0,0.0,0.0,0.0,True
2050,P0158,Guangxi,ammonia,0.0,0.0,0.0,0.0,0.0,True
2050,P0159,Fujian,unabated,0.0,0.0,0.0,0.0,0.0,True
2050,P0159,Fujian,retire,1.0,17480341.999999996,14.333880439999996,14.333880439999996,0.0,True
2050,P0159,Fujian,ccs,0.0,0.0,0.0,0.0,0.0,True
2050,P0159,Fujian,biomass,0.0,0.0,0.0,0.0,0.0,True
2050,P0159,Fujian,beccs,0.0,0.0,0.0,0.0,0.0,True
2050,P0159,Fujian,ammonia,0.0,0.0,0.0,0.0,0.0,True
2050,P0160,Hubei,unabated,0.0,0.0,0.0,0.0,0.0,True
2050,P0160,Hubei,retire,0.0,0.0,0.0,0.0,0.0,True
2050,P0160,Hubei,ccs,0.0,0.0,0.0,0.0,0.0,True
2050,P0160,Hubei,biomass,0.0,0.0,0.0,0.0,0.0,True
2050,P0160,Hubei,beccs,1.0,16573231.999999998,13.590050239999998,25.821095455999995,14.065701998399998,True
2050,P0160,Hubei,ammonia,0.0,0.0,0.0,0.0,0.0,True
2050,P0161,Zhejiang,unabated,0.0,0.0,0.0,0.0,0.0,True
2050,P0161,Zhejiang,retire,0.0,0.0,0.0,0.0,0.0,True
2050,P0161,Zhejiang,ccs,0.0,0.0,0.0,0.0,0.0,True
2050,P0161,Zhejiang,biomass,0.0,0.0,0.0,0.0,0.0,True
2050,P0161,Zhejiang,beccs,1.0,2629267.5,2.15599935,4.096398765,2.0826953721,True
2050,P0161,Zhejiang,ammonia,0.0,0.0,0.0,0.0,0.0,True
2050,P0162,Shandong,unabated,0.0,0.0,0.0,0.0,0.0,True
2050,P0162,Shandong,retire,0.0,0.0,0.0,0.0,0.0,True
2050,P0162,Shandong,ccs,0.0,0.0,0.0,0.0,0.0,True
2050,P0162,Shandong,biomass,1.0,5974707.0,4.899259739999999,4.899259739999999,0.0,True
2050,P0162,Shandong,beccs,0.0,0.0,0.0,0.0,0.0,True
2050,P0162,Shandong,ammonia,0.0,0.0,0.0,0.0,0.0,True
2050,P0163,Hebei,unabated,0.0,0.0,0.0,0.0,0.0,True
2050,P0163,Hebei,retire,1.0,11583260.0,9.4982732,9.4982732,0.0,True
2050,P0163,Hebei,ccs,0.0,0.0,0.0,0.0,0.0,True
2050,P0163,Hebei,biomass,0.0,0.0,0.0,0.0,0.0,True
2050,P0163,Hebei,beccs,0.0,0.0,0.0,0.0,0.0,True
2050,P0163,Hebei,ammonia,0.0,0.0,0.0,0.0,0.0,True
2050,P0164,Hunan,unabated,0.0,0.0,0.0,0.0,0.0,True
2050,P0164,Hunan,retire,0.0,0.0,0.0,0.0,0.0,True
2050,P0164,Hunan,ccs,0.0,0.0,0.0,0.0,0.0,True
2050,P0164,Hunan,biomass,1.0,12502080.0,10.2517056,10.2517056,0.0,True
2050,P0164,Hunan,beccs,0.0,0.0,0.0,0.0,0.0,True
2050,P0164,Hunan,ammonia,0.0,0.0,0.0,0.0,0.0,True
2050,P0165,Hebei,unabated,0.0,0.0,0.0,0.0,0.0,True
2050,P0165,Hebei,retire,1.0,5346120.0,4.383818399999999,4.383818399999999,0.0,True
2050,P0165,Hebei,ccs,0.0,0.0,0.0,0.0,0.0,True
2050,P0165,Hebei,biomass,0.0,0.0,0.0,0.0,0.0,True
2050,P0165,Hebei,beccs,0.0,0.0,0.0,0.0,0.0,True
2050,P0165,Hebei,ammonia,0.0,0.0,0.0,0.0,0.0,True
2050,P0166,Guangxi,unabated,0.0,0.0,0.0,0.0,0.0,True
2050,P0166,Guangxi,retire,0.0,0.0,0.0,0.0,0.0,True
2050,P0166,Guangxi,ccs,0.0,0.0,0.0,0.0,0.0,True
2050,P0166,Guangxi,biomass,1.0,8807344.0,7.2220220799999995,7.2220220799999995,0.0,True
2050,P0166,Guangxi,beccs,0.0,0.0,0.0,0.0,0.0,True
2050,P0166,Guangxi,ammonia,0.0,0.0,0.0,0.0,0.0,True
2050,P0167,Shandong,unabated,0.0,0.0,0.0,0.0,0.0,True
2050,P0167,Shandong,retire,1.0,52621032.60000001,43.14924673200001,43.14924673200001,0.0,True
2050,P0167,Shandong,ccs,0.0,0.0,0.0,0.0,0.0,True
2050,P0167,Shandong,biomass,0.0,0.0,0.0,0.0,0.0,True
2050,P0167,Shandong,beccs,0.0,0.0,0.0,0.0,0.0,True
2050,P0167,Shandong,ammonia,0.0,0.0,0.0,0.0,0.0,True
2050,P0168,Xinjiang,unabated,0.0,0.0,0.0,0.0,0.0,True
2050,P0168,Xinjiang,retire,0.0,0.0,0.0,0.0,0.0,True
2050,P0168,Xinjiang,ccs,0.015632159179269082,133741.6256732405,0.10966813305205719,0.09870131974685148,0.1135065177088792,True
2050,P0168,Xinjiang,biomass,0.0,0.0,0.0,0.0,0.0,True
2050,P0168,Xinjiang,beccs,0.9843678408207311,8421802.37432676,6.9058779469479425,13.12116809920109,7.147583675091121,True
2050,P0168,Xinjiang,ammonia,0.0,0.0,0.0,0.0,0.0,True
2050,P0169,Guizhou,unabated,0.0,0.0,0.0,0.0,0.0,True
2050,P0169,Guizhou,retire,0.0,0.0,0.0,0.0,0.0,True
2050,P0169,Guizhou,ccs,0.0,0.0,0.0,0.0,0.0,True
2050,P0169,Guizhou,biomass,1.0,7120650.0,5.838933,5.838933,0.0,True
2050,P0169,Guizhou,beccs,0.0,0.0,0.0,0.0,0.0,True
2050,P0169,Guizhou,ammonia,0.0,0.0,0.0,0.0,0.0,True
2050,P0170,Shandong,unabated,0.0,0.0,0.0,0.0,0.0,True
2050,P0170,Shandong,retire,1.0,33013527.000000004,27.07109214,27.07109214,0.0,True
2050,P0170,Shandong,ccs,0.0,0.0,0.0,0.0,0.0,True
2050,P0170,Shandong,biomass,0.0,0.0,0.0,0.0,0.0,True
2050,P0170,Shandong,beccs,0.0,0.0,0.0,0.0,0.0,True
2050,P0170,Shandong,ammonia,0.0,0.0,0.0,0.0,0.0,True
2050,P0171,Shaanxi,unabated,0.0,0.0,0.0,0.0,0.0,True
2050,P0171,Shaanxi,retire,1.0,15202300.0,12.465886,12.465886,0.0,True
2050,P0171,Shaanxi,ccs,0.0,0.0,0.0,0.0,0.0,True
2050,P0171,Shaanxi,biomass,0.0,0.0,0.0,0.0,0.0,True
2050,P0171,Shaanxi,beccs,0.0,0.0,0.0,0.0,0.0,True
2050,P0171,Shaanxi,ammonia,0.0,0.0,0.0,0.0,0.0,True
2050,P0172,Sichuan,unabated,0.0,0.0,0.0,0.0,0.0,True
2050,P0172,Sichuan,retire,0.0,0.0,0.0,0.0,0.0,True
2050,P0172,Sichuan,ccs,0.0,0.0,0.0,0.0,0.0,True
2050,P0172,Sichuan,biomass,0.0,0.0,0.0,0.0,0.0,True
2050,P0172,Sichuan,beccs,1.0,16288263.999999998,13.356376479999998,25.377115311999994,12.902259679679995,True
2050,P0172,Sichuan,ammonia,0.0,0.0,0.0,0.0,0.0,True
2050,P0173,Ningxia,unabated,0.0,0.0,0.0,0.0,0.0,True
2050,P0173,Ningxia,retire,1.0,26644024.0,21.84809968,21.84809968,0.0,True
2050,P0173,Ningxia,ccs,0.0,0.0,0.0,0.0,0.0,True
2050,P0173,Ningxia,biomass,0.0,0.0,0.0,0.0,0.0,True
2050,P0173,Ningxia,beccs,0.0,0.0,0.0,0.0,0.0,True
2050,P0173,Ningxia,ammonia,0.0,0.0,0.0,0.0,0.0,True
2050,P0174,Shanxi,unabated,0.0,0.0,0.0,0.0,0.0,True
2050,P0174,Shanxi,retire,1.0,37452655.0,30.711177099999997,30.711177099999997,0.0,True
2050,P0174,Shanxi,ccs,0.0,0.0,0.0,0.0,0.0,True
2050,P0174,Shanxi,biomass,0.0,0.0,0.0,0.0,0.0,True
2050,P0174,Shanxi,beccs,0.0,0.0,0.0,0.0,0.0,True
2050,P0174,Shanxi,ammonia,0.0,0.0,0.0,0.0,0.0,True
2050,P0175,Guizhou,unabated,0.0,0.0,0.0,0.0,0.0,True
2050,P0175,Guizhou,retire,0.0,0.0,0.0,0.0,0.0,True
2050,P0175,Guizhou,ccs,0.0,0.0,0.0,0.0,0.0,True
2050,P0175,Guizhou,biomass,1.0,8544780.0,7.006719599999999,7.006719599999999,0.0,True
2050,P0175,Guizhou,beccs,0.0,0.0,0.0,0.0,0.0,True
2050,P0175,Guizhou,ammonia,0.0,0.0,0.0,0.0,0.0,True
2050,P0176,Hubei,unabated,0.0,0.0,0.0,0.0,0.0,True
2050,P0176,Hubei,retire,0.0,0.0,0.0,0.0,0.0,True
2050,P0176,Hubei,ccs,0.0,0.0,0.0,0.0,0.0,True
2050,P0176,Hubei,biomass,0.560160130247419,9871769.194565894,8.094850739544032,8.094850739544032,0.0,True
2050,P0176,Hubei,beccs,0.43983986975258105,7751350.805434106,6.356107660455967,12.076604554866336,6.140000000000463,True
2050,P0176,Hubei,ammonia,0.0,0.0,0.0,0.0,0.0,True
2050,P0177,Jilin,unabated,0.0,0.0,0.0,0.0,0.0,True
2050,P0177,Jilin,retire,0.0,0.0,0.0,0.0,0.0,True
2050,P0177,Jilin,ccs,0.0,0.0,0.0,0.0,0.0,True
2050,P0177,Jilin,biomass,0.0,0.0,0.0,0.0,0.0,True
2050,P0177,Jilin,beccs,1.0,7460084.0,6.11726888,11.622810872,5.909281738079999,True
2050,P0177,Jilin,ammonia,0.0,0.0,0.0,0.0,0.0,True
2050,P0178,Shaanxi,unabated,0.0,0.0,0.0,0.0,0.0,True
2050,P0178,Shaanxi,retire,0.0,0.0,0.0,0.0,0.0,True
2050,P0178,Shaanxi,ccs,0.0,0.0,0.0,0.0,0.0,True
2050,P0178,Shaanxi,biomass,0.0,0.0,0.0,0.0,0.0,True
2050,P0178,Shaanxi,beccs,1.0,6353200.0,5.209624,9.8982856,5.391960839999999,True
2050,P0178,Shaanxi,ammonia,0.0,0.0,0.0,0.0,0.0,True
2050,P0179,Fujian,unabated,0.0,0.0,0.0,0.0,0.0,True
2050,P0179,Fujian,retire,1.0,32038749.999999996,26.271774999999995,26.271774999999995,0.0,True
2050,P0179,Fujian,ccs,0.0,0.0,0.0,0.0,0.0,True
2050,P0179,Fujian,biomass,0.0,0.0,0.0,0.0,0.0,True
2050,P0179,Fujian,beccs,0.0,0.0,0.0,0.0,0.0,True
2050,P0179,Fujian,ammonia,0.0,0.0,0.0,0.0,0.0,True
2050,P0180,Inner Mongolia,unabated,1.0,7547250.0,6.188745,0.0,0.0,True
2050,P0180,Inner Mongolia,retire,0.0,0.0,0.0,0.0,0.0,True
2050,P0180,Inner Mongolia,ccs,0.0,0.0,0.0,0.0,0.0,True
2050,P0180,Inner Mongolia,biomass,0.0,0.0,0.0,0.0,0.0,True
2050,P0180,Inner Mongolia,beccs,0.0,0.0,0.0,0.0,0.0,True
2050,P0180,Inner Mongolia,ammonia,0.0,0.0,0.0,0.0,0.0,True
2050,P0181,Xinjiang,unabated,0.0,0.0,0.0,0.0,0.0,True
2050,P0181,Xinjiang,retire,0.0,0.0,0.0,0.0,0.0,True
2050,P0181,Xinjiang,ccs,1.0,22999625.999999996,18.859693319999998,16.973723988,19.519782586199998,True
2050,P0181,Xinjiang,biomass,0.0,0.0,0.0,0.0,0.0,True
2050,P0181,Xinjiang,beccs,0.0,0.0,0.0,0.0,0.0,True
2050,P0181,Xinjiang,ammonia,0.0,0.0,0.0,0.0,0.0,True
2050,P0182,Jiangxi,unabated,0.0,0.0,0.0,0.0,0.0,True
2050,P0182,Jiangxi,retire,0.0,0.0,0.0,0.0,0.0,True
2050,P0182,Jiangxi,ccs,0.0,0.0,0.0,0.0,0.0,True
2050,P0182,Jiangxi,biomass,1.0,27707083.2,22.719808224,22.719808224,0.0,True
2050,P0182,Jiangxi,beccs,0.0,0.0,0.0,0.0,0.0,True
2050,P0182,Jiangxi,ammonia,0.0,0.0,0.0,0.0,0.0,True
2050,P0183,Xinjiang,unabated,0.0,0.0,0.0,0.0,0.0,True
2050,P0183,Xinjiang,retire,0.0,0.0,0.0,0.0,0.0,True
2050,P0183,Xinjiang,ccs,0.0,0.0,0.0,0.0,0.0,True
2050,P0183,Xinjiang,biomass,1.0,1425923.9999999998,1.1692576799999996,1.1692576799999996,0.0,True
2050,P0183,Xinjiang,beccs,0.0,0.0,0.0,0.0,0.0,True
2050,P0183,Xinjiang,ammonia,0.0,0.0,0.0,0.0,0.0,True
2050,P0184,Shandong,unabated,0.0,0.0,0.0,0.0,0.0,True
2050,P0184,Shandong,retire,0.0,0.0,0.0,0.0,0.0,True
2050,P0184,Shandong,ccs,0.0,0.0,0.0,0.0,0.0,True
2050,P0184,Shandong,biomass,0.3844918955141253,10882481.359867973,8.923634715091737,8.923634715091737,0.0,True
2050,P0184,Shandong,beccs,0.6155081044858747,17421057.640132032,14.285267264908263,27.1420078033257,14.785251619180052,True
2050,P0184,Shandong,ammonia,0.0,0.0,0.0,0.0,0.0,True
2050,P0185,Guizhou,unabated,0.0,0.0,0.0,0.0,0.0,True
2050,P0185,Guizhou,retire,0.0,0.0,0.0,0.0,0.0,True
2050,P0185,Guizhou,ccs,0.0,0.0,0.0,0.0,0.0,True
2050,P0185,Guizhou,biomass,1.0,7120650.0,5.838933,5.838933,0.0,True
2050,P0185,Guizhou,beccs,0.0,0.0,0.0,0.0,0.0,True
2050,P0185,Guizhou,ammonia,0.0,0.0,0.0,0.0,0.0,True
2050,P0186,Ningxia,unabated,1.0,24108865.0,19.769269299999998,0.0,0.0,True
2050,P0186,Ningxia,retire,0.0,0.0,0.0,0.0,0.0,True
2050,P0186,Ningxia,ccs,0.0,0.0,0.0,0.0,0.0,True
2050,P0186,Ningxia,biomass,0.0,0.0,0.0,0.0,0.0,True
2050,P0186,Ningxia,beccs,0.0,0.0,0.0,0.0,0.0,True
2050,P0186,Ningxia,ammonia,0.0,0.0,0.0,0.0,0.0,True
2050,P0187,Inner Mongolia,unabated,0.0,0.0,0.0,0.0,0.0,True
2050,P0187,Inner Mongolia,retire,0.0,0.0,0.0,0.0,0.0,True
2050,P0187,Inner Mongolia,ccs,0.0,0.0,0.0,0.0,0.0,True
2050,P0187,Inner Mongolia,biomass,0.0,0.0,0.0,0.0,0.0,True
2050,P0187,Inner Mongolia,beccs,1.0,1006300.0,0.825166,1.5678153999999997,0.8540468099999999,True
2050,P0187,Inner Mongolia,ammonia,0.0,0.0,0.0,0.0,0.0,True
2050,P0188,Xinjiang,unabated,0.0,0.0,0.0,0.0,0.0,True
2050,P0188,Xinjiang,retire,0.0,0.0,0.0,0.0,0.0,True
2050,P0188,Xinjiang,ccs,1.0,21124800.0,17.322336,15.590102400000001,17.928617759999998,True
2050,P0188,Xinjiang,biomass,0.0,0.0,0.0,0.0,0.0,True
2050,P0188,Xinjiang,beccs,0.0,0.0,0.0,0.0,0.0,True
2050,P0188,Xinjiang,ammonia,0.0,0.0,0.0,0.0,0.0,True
2050,P0189,Yunnan,unabated,0.0,0.0,0.0,0.0,0.0,True
2050,P0189,Yunnan,retire,0.0,0.0,0.0,0.0,0.0,True
2050,P0189,Yunnan,ccs,0.0,0.0,0.0,0.0,0.0,True
2050,P0189,Yunnan,biomass,1.0,4482200.0,3.675404,3.675404,0.0,True
2050,P0189,Yunnan,beccs,0.0,0.0,0.0,0.0,0.0,True
2050,P0189,Yunnan,ammonia,0.0,0.0,0.0,0.0,0.0,True
2050,P0190,Jiangsu,unabated,0.0,0.0,0.0,0.0,0.0,True
2050,P0190,Jiangsu,retire,0.0,0.0,0.0,0.0,0.0,True
2050,P0190,Jiangsu,ccs,0.0,0.0,0.0,0.0,0.0,True
2050,P0190,Jiangsu,biomass,0.0,0.0,0.0,0.0,0.0,True
2050,P0190,Jiangsu,beccs,1.0,11234720.0,9.2124704,17.50369376,8.8992464064,True
2050,P0190,Jiangsu,ammonia,0.0,0.0,0.0,0.0,0.0,True
2050,P0191,Hunan,unabated,0.0,0.0,0.0,0.0,0.0,True
2050,P0191,Hunan,retire,0.0,0.0,0.0,0.0,0.0,True
2050,P0191,Hunan,ccs,0.0,0.0,0.0,0.0,0.0,True
2050,P0191,Hunan,biomass,1.0,8204490.0,6.7276818,6.7276818,0.0,True
2050,P0191,Hunan,beccs,0.0,0.0,0.0,0.0,0.0,True
2050,P0191,Hunan,ammonia,0.0,0.0,0.0,0.0,0.0,True
2050,P0192,Shaanxi,unabated,0.0,0.0,0.0,0.0,0.0,True
2050,P0192,Shaanxi,retire,0.0,0.0,0.0,0.0,0.0,True
2050,P0192,Shaanxi,ccs,0.0,0.0,0.0,0.0,0.0,True
2050,P0192,Shaanxi,biomass,0.0,0.0,0.0,0.0,0.0,True
2050,P0192,Shaanxi,beccs,1.0,15519960.0,12.726367199999999,24.180097679999996,13.171790051999997,True
2050,P0192,Shaanxi,ammonia,0.0,0.0,0.0,0.0,0.0,True
2050,P0193,Guangxi,unabated,0.0,0.0,0.0,0.0,0.0,True
2050,P0193,Guangxi,retire,0.0,0.0,0.0,0.0,0.0,True
2050,P0193,Guangxi,ccs,0.0,0.0,0.0,0.0,0.0,True
2050,P0193,Guangxi,biomass,0.0,0.0,0.0,0.0,0.0,True
2050,P0193,Guangxi,beccs,1.0,6557642.0,5.37726644,10.216806235999998,5.5654707654,True
2050,P0193,Guangxi,ammonia,0.0,0.0,0.0,0.0,0.0,True
2050,P0194,Shaanxi,unabated,0.0,0.0,0.0,0.0,0.0,True
2050,P0194,Shaanxi,retire,0.0,0.0,0.0,0.0,0.0,True
2050,P0194,Shaanxi,ccs,0.0,0.0,0.0,0.0,0.0,True
2050,P0194,Shaanxi,biomass,1.0,2995080.0,2.4559655999999994,2.4559655999999994,0.0,True
2050,P0194,Shaanxi,beccs,0.0,0.0,0.0,0.0,0.0,True
2050,P0194,Shaanxi,ammonia,0.0,0.0,0.0,0.0,0.0,True
2050,P0195,Sichuan,unabated,0.0,0.0,0.0,0.0,0.0,True
2050,P0195,Sichuan,retire,0.0,0.0,0.0,0.0,0.0,True
2050,P0195,Sichuan,ccs,0.0,0.0,0.0,0.0,0.0,True
2050,P0195,Sichuan,biomass,1.0,2997839.9999999995,2.458228799999999,2.458228799999999,0.0,True
2050,P0195,Sichuan,beccs,0.0,0.0,0.0,0.0,0.0,True
2050,P0195,Sichuan,ammonia,0.0,0.0,0.0,0.0,0.0,True
2050,P0196,Xinjiang,unabated,0.0,0.0,0.0,0.0,0.0,True
2050,P0196,Xinjiang,retire,0.0,0.0,0.0,0.0,0.0,True
2050,P0196,Xinjiang,ccs,0.0,0.0,0.0,0.0,0.0,True
2050,P0196,Xinjiang,biomass,1.0,633743.9999999999,0.5196700799999999,0.5196700799999999,0.0,True
2050,P0196,Xinjiang,beccs,0.0,0.0,0.0,0.0,0.0,True
2050,P0196,Xinjiang,ammonia,0.0,0.0,0.0,0.0,0.0,True
2050,P0197,Fujian,unabated,0.0,0.0,0.0,0.0,0.0,True
2050,P0197,Fujian,retire,0.0,0.0,0.0,0.0,0.0,True
2050,P0197,Fujian,ccs,0.0,0.0,0.0,0.0,0.0,True
2050,P0197,Fujian,biomass,0.0,0.0,0.0,0.0,0.0,True
2050,P0197,Fujian,beccs,1.0,6766584.0,5.54859888,10.542337872,5.7427998408,True
2050,P0197,Fujian,ammonia,0.0,0.0,0.0,0.0,0.0,True
2050,P0198,Gansu,unabated,0.0,0.0,0.0,0.0,0.0,True
2050,P0198,Gansu,retire,0.0,0.0,0.0,0.0,0.0,True
2050,P0198,Gansu,ccs,0.0,0.0,0.0,0.0,0.0,True
2050,P0198,Gansu,biomass,1.0,2765136.0,2.26741152,2.26741152,0.0,True
2050,P0198,Gansu,beccs,0.0,0.0,0.0,0.0,0.0,True
2050,P0198,Gansu,ammonia,0.0,0.0,0.0,0.0,0.0,True
2050,P0199,Inner Mongolia,unabated,0.0,0.0,0.0,0.0,0.0,True
2050,P0199,Inner Mongolia,retire,0.0,0.0,0.0,0.0,0.0,True
2050,P0199,Inner Mongolia,ccs,0.0,0.0,0.0,0.0,0.0,True
2050,P0199,Inner Mongolia,biomass,1.0,1308190.0,1.0727158,1.0727158,0.0,True
2050,P0199,Inner Mongolia,beccs,0.0,0.0,0.0,0.0,0.0,True
2050,P0199,Inner Mongolia,ammonia,0.0,0.0,0.0,0.0,0.0,True
2050,P0200,Xinjiang,unabated,0.0,0.0,0.0,0.0,0.0,True
2050,P0200,Xinjiang,retire,0.0,0.0,0.0,0.0,0.0,True
2050,P0200,Xinjiang,ccs,0.4824827600311603,5147137.663598658,4.220652884150899,3.7985875957358095,4.36837573509618,True
2050,P0200,Xinjiang,biomass,0.0,0.0,0.0,0.0,0.0,True
2050,P0200,Xinjiang,beccs,0.5175172399688399,5520886.336401342,4.5271267958491,8.60154091211329,4.685576233703818,True
2050,P0200,Xinjiang,ammonia,0.0,0.0,0.0,0.0,0.0,True
2050,P0201,Heilongjiang,unabated,0.0,0.0,0.0,0.0,0.0,True
2050,P0201,Heilongjiang,retire,0.0,0.0,0.0,0.0,0.0,True
2050,P0201,Heilongjiang,ccs,0.0,0.0,0.0,0.0,0.0,True
2050,P0201,Heilongjiang,biomass,0.0,0.0,0.0,0.0,0.0,True
2050,P0201,Heilongjiang,beccs,1.0,2434950.0000000005,1.9966590000000002,3.7936521,2.066542065,True
2050,P0201,Heilongjiang,ammonia,0.0,0.0,0.0,0.0,0.0,True
2050,P0202,Jiangxi,unabated,0.0,0.0,0.0,0.0,0.0,True
2050,P0202,Jiangxi,retire,0.0,0.0,0.0,0.0,0.0,True
2050,P0202,Jiangxi,ccs,0.0,0.0,0.0,0.0,0.0,True
2050,P0202,Jiangxi,biomass,1.0,9151488.0,7.504220159999999,7.504220159999999,0.0,True
2050,P0202,Jiangxi,beccs,0.0,0.0,0.0,0.0,0.0,True
2050,P0202,Jiangxi,ammonia,0.0,0.0,0.0,0.0,0.0,True
2050,P0203,Inner Mongolia,unabated,0.0,0.0,0.0,0.0,0.0,True
2050,P0203,Inner Mongolia,retire,0.0,0.0,0.0,0.0,0.0,True
2050,P0203,Inner Mongolia,ccs,0.23536199545359499,1598702.23816843,1.3109358352981126,1.1798422517683014,1.2663640168979766,True
2050,P0203,Inner Mongolia,biomass,0.0,0.0,0.0,0.0,0.0,True
2050,P0203,Inner Mongolia,beccs,0.7646380045464053,5193822.761831571,4.258934664701888,8.091975862933587,4.114130886102023,True
2050,P0203,Inner Mongolia,ammonia,0.0,0.0,0.0,0.0,0.0,True
2050,P0204,Heilongjiang,unabated,0.0,0.0,0.0,0.0,0.0,True
2050,P0204,Heilongjiang,retire,0.0,0.0,0.0,0.0,0.0,True
2050,P0204,Heilongjiang,ccs,0.0,0.0,0.0,0.0,0.0,True
2050,P0204,Heilongjiang,biomass,0.0,0.0,0.0,0.0,0.0,True
2050,P0204,Heilongjiang,beccs,1.0,2434950.0000000005,1.9966590000000002,3.7936521,2.066542065,True
2050,P0204,Heilongjiang,ammonia,0.0,0.0,0.0,0.0,0.0,True
2050,P0205,Inner Mongolia,unabated,0.0,0.0,0.0,0.0,0.0,True
2050,P0205,Inner Mongolia,retire,0.0,0.0,0.0,0.0,0.0,True
2050,P0205,Inner Mongolia,ccs,0.0,0.0,0.0,0.0,0.0,True
2050,P0205,Inner Mongolia,biomass,0.0,0.0,0.0,0.0,0.0,True
2050,P0205,Inner Mongolia,beccs,1.0,3018899.9999999995,2.4754979999999995,4.703446199999999,2.391331067999999,True
2050,P0205,Inner Mongolia,ammonia,0.0,0.0,0.0,0.0,0.0,True
2050,P0206,Hubei,unabated,0.0,0.0,0.0,0.0,0.0,True
2050,P0206,Hubei,retire,0.0,0.0,0.0,0.0,0.0,True
2050,P0206,Hubei,ccs,0.0,0.0,0.0,0.0,0.0,True
2050,P0206,Hubei,biomass,1.0,3937080.0,3.2284055999999994,3.2284055999999994,0.0,True
2050,P0206,Hubei,beccs,0.0,0.0,0.0,0.0,0.0,True
2050,P0206,Hubei,ammonia,0.0,0.0,0.0,0.0,0.0,True
2050,P0207,Xinjiang,unabated,0.008413363720584988,399893.9083303809,0.3279130048309124,0.0,0.0,True
2050,P0207,Xinjiang,retire,0.0,0.0,0.0,0.0,0.0,True
2050,P0207,Xinjiang,ccs,0.991586636279415,47130906.09166962,38.64734299516909,34.78260869565218,40.0,True
2050,P0207,Xinjiang,biomass,0.0,0.0,0.0,0.0,0.0,True
2050,P0207,Xinjiang,beccs,0.0,0.0,0.0,0.0,0.0,True
2050,P0207,Xinjiang,ammonia,0.0,0.0,0.0,0.0,0.0,True
2050,P0208,Sichuan,unabated,0.0,0.0,0.0,0.0,0.0,True
2050,P0208,Sichuan,retire,0.0,0.0,0.0,0.0,0.0,True
2050,P0208,Sichuan,ccs,0.0,0.0,0.0,0.0,0.0,True
2050,P0208,Sichuan,biomass,1.0,1648811.9999999998,1.3520258399999996,1.3520258399999996,0.0,True
2050,P0208,Sichuan,beccs,0.0,0.0,0.0,0.0,0.0,True
2050,P0208,Sichuan,ammonia,0.0,0.0,0.0,0.0,0.0,True
2050,P0209,Zhejiang,unabated,0.0,0.0,0.0,0.0,0.0,True
2050,P0209,Zhejiang,retire,0.0,0.0,0.0,0.0,0.0,True
2050,P0209,Zhejiang,ccs,0.0,0.0,0.0,0.0,0.0,True
2050,P0209,Zhejiang,biomass,0.0,0.0,0.0,0.0,0.0,True
2050,P0209,Zhejiang,beccs,1.0,13284720.000000002,10.8934704,20.69759376,10.523092406399998,True
2050,P0209,Zhejiang,ammonia,0.0,0.0,0.0,0.0,0.0,True
2050,P0210,Anhui,unabated,0.0,0.0,0.0,0.0,0.0,True
2050,P0210,Anhui,retire,0.0,0.0,0.0,0.0,0.0,True
2050,P0210,Anhui,ccs,0.0,0.0,0.0,0.0,0.0,True
2050,P0210,Anhui,biomass,1.0,6708372.000000001,5.50086504,5.50086504,0.0,True
2050,P0210,Anhui,beccs,0.0,0.0,0.0,0.0,0.0,True
2050,P0210,Anhui,ammonia,0.0,0.0,0.0,0.0,0.0,True
2050,P0211,Henan,unabated,0.0,0.0,0.0,0.0,0.0,True
2050,P0211,Henan,retire,0.0,0.0,0.0,0.0,0.0,True
2050,P0211,Henan,ccs,0.0,0.0,0.0,0.0,0.0,True
2050,P0211,Henan,biomass,1.0,4535496.0,3.7191067199999996,3.7191067199999996,0.0,True
2050,P0211,Henan,beccs,0.0,0.0,0.0,0.0,0.0,True
2050,P0211,Henan,ammonia,0.0,0.0,0.0,0.0,0.0,True
2050,P0212,Gansu,unabated,0.0286235336918772,317791.0654020451,0.26058867362967697,0.0,0.0,True
2050,P0212,Gansu,retire,0.5695303802333697,6323176.8747181725,5.185005037268901,5.185005037268901,0.0,True
2050,P0212,Gansu,ccs,0.40184608607475314,4461472.059879783,3.6584070891014213,3.292566380191279,3.7864513372199715,True
2050,P0212,Gansu,biomass,0.0,0.0,0.0,0.0,0.0,True
2050,P0212,Gansu,beccs,0.0,0.0,0.0,0.0,0.0,True
2050,P0212,Gansu,ammonia,0.0,0.0,0.0,0.0,0.0,True
2050,P0213,Hubei,unabated,0.0,0.0,0.0,0.0,0.0,True
2050,P0213,Hubei,retire,0.0,0.0,0.0,0.0,0.0,True
2050,P0213,Hubei,ccs,0.0,0.0,0.0,0.0,0.0,True
2050,P0213,Hubei,biomass,1.0,13761032.0,11.28404624,11.28404624,0.0,True
2050,P0213,Hubei,beccs,0.0,0.0,0.0,0.0,0.0,True
2050,P0213,Hubei,ammonia,0.0,0.0,0.0,0.0,0.0,True
2050,P0214,Xinjiang,unabated,0.0,0.0,0.0,0.0,0.0,True
2050,P0214,Xinjiang,retire,0.0,0.0,0.0,0.0,0.0,True
2050,P0214,Xinjiang,ccs,1.0,5096358.0,4.17901356,3.761112204,4.325279034599999,True
2050,P0214,Xinjiang,biomass,0.0,0.0,0.0,0.0,0.0,True
2050,P0214,Xinjiang,beccs,0.0,0.0,0.0,0.0,0.0,True
2050,P0214,Xinjiang,ammonia,0.0,0.0,0.0,0.0,0.0,True
2050,P0215,Hebei,unabated,0.0,0.0,0.0,0.0,0.0,True
2050,P0215,Hebei,retire,0.0,0.0,0.0,0.0,0.0,True
2050,P0215,Hebei,ccs,0.0,0.0,0.0,0.0,0.0,True
2050,P0215,Hebei,biomass,1.0,5880732.000000001,4.82220024,4.82220024,0.0,True
2050,P0215,Hebei,beccs,0.0,0.0,0.0,0.0,0.0,True
2050,P0215,Hebei,ammonia,0.0,0.0,0.0,0.0,0.0,True
2050,P0216,Heilongjiang,unabated,0.0,0.0,0.0,0.0,0.0,True
2050,P0216,Heilongjiang,retire,0.0,0.0,0.0,0.0,0.0,True
2050,P0216,Heilongjiang,ccs,0.0,0.0,0.0,0.0,0.0,True
2050,P0216,Heilongjiang,biomass,1.0,347850.0,0.285237,0.285237,0.0,True
2050,P0216,Heilongjiang,beccs,0.0,0.0,0.0,0.0,0.0,True
2050,P0216,Heilongjiang,ammonia,0.0,0.0,0.0,0.0,0.0,True
2050,P0217,Hainan,unabated,0.0,0.0,0.0,0.0,0.0,True
2050,P0217,Hainan,retire,0.0,0.0,0.0,0.0,0.0,True
2050,P0217,Hainan,ccs,0.0,0.0,0.0,0.0,0.0,True
2050,P0217,Hainan,biomass,0.0,0.0,0.0,0.0,0.0,True
2050,P0217,Hainan,beccs,1.0,1509270.0,1.2376014,2.35144266,1.1955229524,True
2050,P0217,Hainan,ammonia,0.0,0.0,0.0,0.0,0.0,True
2050,P0218,Hubei,unabated,0.0,0.0,0.0,0.0,0.0,True
2050,P0218,Hubei,retire,0.0,0.0,0.0,0.0,0.0,True
2050,P0218,Hubei,ccs,0.0,0.0,0.0,0.0,0.0,True
2050,P0218,Hubei,biomass,1.0,7424207.999999999,6.087850559999999,6.087850559999999,0.0,True
2050,P0218,Hubei,beccs,0.0,0.0,0.0,0.0,0.0,True
2050,P0218,Hubei,ammonia,0.0,0.0,0.0,0.0,0.0,True
2050,P0219,Jilin,unabated,0.0,0.0,0.0,0.0,0.0,True
2050,P0219,Jilin,retire,0.0,0.0,0.0,0.0,0.0,True
2050,P0219,Jilin,ccs,0.0,0.0,0.0,0.0,0.0,True
2050,P0219,Jilin,biomass,0.0,0.0,0.0,0.0,0.0,True
2050,P0219,Jilin,beccs,1.0,2933334.0,2.4053338799999997,4.570134371999999,2.323552528079999,True
2050,P0219,Jilin,ammonia,0.0,0.0,0.0,0.0,0.0,True
2050,P0220,Hebei,unabated,0.0,0.0,0.0,0.0,0.0,True
2050,P0220,Hebei,retire,0.0,0.0,0.0,0.0,0.0,True
2050,P0220,Hebei,ccs,0.0,0.0,0.0,0.0,0.0,True
2050,P0220,Hebei,biomass,1.0,5880732.000000001,4.82220024,4.82220024,0.0,True
2050,P0220,Hebei,beccs,0.0,0.0,0.0,0.0,0.0,True
2050,P0220,Hebei,ammonia,0.0,0.0,0.0,0.0,0.0,True
2050,P0221,Gansu,unabated,0.0,0.0,0.0,0.0,0.0,True
2050,P0221,Gansu,retire,0.0,0.0,0.0,0.0,0.0,True
2050,P0221,Gansu,ccs,0.0,0.0,0.0,0.0,0.0,True
2050,P0221,Gansu,biomass,0.0,0.0,0.0,0.0,0.0,True
2050,P0221,Gansu,beccs,1.0,17303048.0,14.18849936,26.958148784,13.706090381759997,True
2050,P0221,Gansu,ammonia,0.0,0.0,0.0,0.0,0.0,True
2050,P0222,Jiangxi,unabated,0.0,0.0,0.0,0.0,0.0,True
2050,P0222,Jiangxi,retire,0.0,0.0,0.0,0.0,0.0,True
2050,P0222,Jiangxi,ccs,0.0,0.0,0.0,0.0,0.0,True
2050,P0222,Jiangxi,biomass,1.0,19065600.0,15.633791999999998,15.633791999999998,0.0,True
2050,P0222,Jiangxi,beccs,0.0,0.0,0.0,0.0,0.0,True
2050,P0222,Jiangxi,ammonia,0.0,0.0,0.0,0.0,0.0,True
2050,P0223,Anhui,unabated,0.0,0.0,0.0,0.0,0.0,True
2050,P0223,Anhui,retire,1.0,32652492.500000004,26.775043850000003,26.775043850000003,0.0,True
2050,P0223,Anhui,ccs,0.0,0.0,0.0,0.0,0.0,True
2050,P0223,Anhui,biomass,0.0,0.0,0.0,0.0,0.0,True
2050,P0223,Anhui,beccs,0.0,0.0,0.0,0.0,0.0,True
2050,P0223,Anhui,ammonia,0.0,0.0,0.0,0.0,0.0,True
2050,P0224,Xinjiang,unabated,0.0,0.0,0.0,0.0,0.0,True
2050,P0224,Xinjiang,retire,0.0,0.0,0.0,0.0,0.0,True
2050,P0224,Xinjiang,ccs,0.0,0.0,0.0,0.0,0.0,True
2050,P0224,Xinjiang,biomass,0.0,0.0,0.0,0.0,0.0,True
2050,P0224,Xinjiang,beccs,1.0,5809319.999999999,4.763642399999998,9.050920559999996,4.930369883999997,True
2050,P0224,Xinjiang,ammonia,0.0,0.0,0.0,0.0,0.0,True
2050,P0225,Heilongjiang,unabated,0.0,0.0,0.0,0.0,0.0,True
2050,P0225,Heilongjiang,retire,0.0,0.0,0.0,0.0,0.0,True
2050,P0225,Heilongjiang,ccs,0.0,0.0,0.0,0.0,0.0,True
2050,P0225,Heilongjiang,biomass,1.0,4174200.0,3.422844,3.422844,0.0,True
2050,P0225,Heilongjiang,beccs,0.0,0.0,0.0,0.0,0.0,True
2050,P0225,Heilongjiang,ammonia,0.0,0.0,0.0,0.0,0.0,True
2050,P0226,Anhui,unabated,0.0,0.0,0.0,0.0,0.0,True
2050,P0226,Anhui,retire,0.0,0.0,0.0,0.0,0.0,True
2050,P0226,Anhui,ccs,0.0,0.0,0.0,0.0,0.0,True
2050,P0226,Anhui,biomass,1.0,13416744.000000002,11.00173008,11.00173008,0.0,True
2050,P0226,Anhui,beccs,0.0,0.0,0.0,0.0,0.0,True
2050,P0226,Anhui,ammonia,0.0,0.0,0.0,0.0,0.0,True
2050,P0227,Shanxi,unabated,0.25059437516551364,4292468.641366358,3.5198242859204134,0.0,0.0,True
2050,P0227,Shanxi,retire,0.0,0.0,0.0,0.0,0.0,True
2050,P0227,Shanxi,ccs,0.0,0.0,0.0,0.0,0.0,True
2050,P0227,Shanxi,biomass,0.0,0.0,0.0,0.0,0.0,True
2050,P0227,Shanxi,beccs,0.7494056248344864,12836681.358633641,10.526078714079587,19.999549556751212,10.894491469072372,True
2050,P0227,Shanxi,ammonia,0.0,0.0,0.0,0.0,0.0,True
2050,P0228,Liaoning,unabated,0.0,0.0,0.0,0.0,0.0,True
2050,P0228,Liaoning,retire,0.0,0.0,0.0,0.0,0.0,True
2050,P0228,Liaoning,ccs,0.0,0.0,0.0,0.0,0.0,True
2050,P0228,Liaoning,biomass,0.16296534846261837,606367.9871736489,0.497221749482392,0.497221749482392,0.0,True
2050,P0228,Liaoning,beccs,0.8370346515373819,3114472.0128263514,2.5538670505176078,4.852347395983455,2.4670355708000087,True
2050,P0228,Liaoning,ammonia,0.0,0.0,0.0,0.0,0.0,True
2050,P0229,Henan,unabated,0.0,0.0,0.0,0.0,0.0,True
2050,P0229,Henan,retire,0.0,0.0,0.0,0.0,0.0,True
2050,P0229,Henan,ccs,0.0,0.0,0.0,0.0,0.0,True
2050,P0229,Henan,biomass,1.0,13426508.0,11.009736559999999,11.009736559999999,0.0,True
2050,P0229,Henan,beccs,0.0,0.0,0.0,0.0,0.0,True
2050,P0229,Henan,ammonia,0.0,0.0,0.0,0.0,0.0,True
2050,P0230,Inner Mongolia,unabated,1.0,6641580.0,5.4460956,0.0,0.0,True
2050,P0230,Inner Mongolia,retire,0.0,0.0,0.0,0.0,0.0,True
2050,P0230,Inner Mongolia,ccs,0.0,0.0,0.0,0.0,0.0,True
2050,P0230,Inner Mongolia,biomass,0.0,0.0,0.0,0.0,0.0,True
2050,P0230,Inner Mongolia,beccs,0.0,0.0,0.0,0.0,0.0,True
2050,P0230,Inner Mongolia,ammonia,0.0,0.0,0.0,0.0,0.0,True
2050,P0231,Fujian,unabated,0.0,0.0,0.0,0.0,0.0,True
2050,P0231,Fujian,retire,0.0,0.0,0.0,0.0,0.0,True
2050,P0231,Fujian,ccs,0.0,0.0,0.0,0.0,0.0,True
2050,P0231,Fujian,biomass,1.0,6151440.0,5.0441807999999995,5.0441807999999995,0.0,True
2050,P0231,Fujian,beccs,0.0,0.0,0.0,0.0,0.0,True
2050,P0231,Fujian,ammonia,0.0,0.0,0.0,0.0,0.0,True
2050,P0232,Inner Mongolia,unabated,0.0,0.0,0.0,0.0,0.0,True
2050,P0232,Inner Mongolia,retire,0.0,0.0,0.0,0.0,0.0,True
2050,P0232,Inner Mongolia,ccs,0.0,0.0,0.0,0.0,0.0,True
2050,P0232,Inner Mongolia,biomass,0.0,0.0,0.0,0.0,0.0,True
2050,P0232,Inner Mongolia,beccs,1.0,6037799.999999999,4.950995999999999,9.406892399999998,5.124280859999999,True
2050,P0232,Inner Mongolia,ammonia,0.0,0.0,0.0,0.0,0.0,True
2050,P0233,Xinjiang,unabated,0.0,0.0,0.0,0.0,0.0,True
2050,P0233,Xinjiang,retire,0.0,0.0,0.0,0.0,0.0,True
2050,P0233,Xinjiang,ccs,0.0,0.0,0.0,0.0,0.0,True
2050,P0233,Xinjiang,biomass,0.0,0.0,0.0,0.0,0.0,True
2050,P0233,Xinjiang,beccs,1.0,3168719.9999999995,2.5983503999999993,4.936865759999998,2.6892926639999994,True
2050,P0233,Xinjiang,ammonia,0.0,0.0,0.0,0.0,0.0,True
2050,P0234,Hunan,unabated,0.0,0.0,0.0,0.0,0.0,True
2050,P0234,Hunan,retire,0.0,0.0,0.0,0.0,0.0,True
2050,P0234,Hunan,ccs,0.0,0.0,0.0,0.0,0.0,True
2050,P0234,Hunan,biomass,1.0,234414.0,0.19221947999999997,0.19221947999999997,0.0,True
2050,P0234,Hunan,beccs,0.0,0.0,0.0,0.0,0.0,True
2050,P0234,Hunan,ammonia,0.0,0.0,0.0,0.0,0.0,True
2050,P0235,Inner Mongolia,unabated,1.0,13283160.0,10.8921912,0.0,0.0,True
2050,P0235,Inner Mongolia,retire,0.0,0.0,0.0,0.0,0.0,True
2050,P0235,Inner Mongolia,ccs,0.0,0.0,0.0,0.0,0.0,True
2050,P0235,Inner Mongolia,biomass,0.0,0.0,0.0,0.0,0.0,True
2050,P0235,Inner Mongolia,beccs,0.0,0.0,0.0,0.0,0.0,True
2050,P0235,Inner Mongolia,ammonia,0.0,0.0,0.0,0.0,0.0,True
2050,P0236,Henan,unabated,0.0,0.0,0.0,0.0,0.0,True
2050,P0236,Henan,retire,1.0,19185868.0,15.73241176,15.73241176,0.0,True
2050,P0236,Henan,ccs,0.0,0.0,0.0,0.0,0.0,True
2050,P0236,Henan,biomass,0.0,0.0,0.0,0.0,0.0,True
2050,P0236,Henan,beccs,0.0,0.0,0.0,0.0,0.0,True
2050,P0236,Henan,ammonia,0.0,0.0,0.0,0.0,0.0,True
2050,P0237,Jiangxi,unabated,0.0,0.0,0.0,0.0,0.0,True
2050,P0237,Jiangxi,retire,0.0,0.0,0.0,0.0,0.0,True
2050,P0237,Jiangxi,ccs,0.0,0.0,0.0,0.0,0.0,True
2050,P0237,Jiangxi,biomass,1.0,12869280.0,10.5528096,10.5528096,0.0,True
2050,P0237,Jiangxi,beccs,0.0,0.0,0.0,0.0,0.0,True
2050,P0237,Jiangxi,ammonia,0.0,0.0,0.0,0.0,0.0,True
2050,P0238,Sichuan,unabated,0.0,0.0,0.0,0.0,0.0,True
2050,P0238,Sichuan,retire,0.0,0.0,0.0,0.0,0.0,True
2050,P0238,Sichuan,ccs,0.0,0.0,0.0,0.0,0.0,True
2050,P0238,Sichuan,biomass,0.0,0.0,0.0,0.0,0.0,True
2050,P0238,Sichuan,beccs,1.0,9992799.999999998,8.194095999999998,15.568782399999996,8.480889359999997,True
2050,P0238,Sichuan,ammonia,0.0,0.0,0.0,0.0,0.0,True
2050,P0239,Guizhou,unabated,0.0,0.0,0.0,0.0,0.0,True
2050,P0239,Guizhou,retire,0.0,0.0,0.0,0.0,0.0,True
2050,P0239,Guizhou,ccs,0.0,0.0,0.0,0.0,0.0,True
2050,P0239,Guizhou,biomass,1.0,17659212.0,14.48055384,14.48055384,0.0,True
2050,P0239,Guizhou,beccs,0.0,0.0,0.0,0.0,0.0,True
2050,P0239,Guizhou,ammonia,0.0,0.0,0.0,0.0,0.0,True
2050,P0240,Guangdong,unabated,0.0,0.0,0.0,0.0,0.0,True
2050,P0240,Guangdong,retire,0.0,0.0,0.0,0.0,0.0,True
2050,P0240,Guangdong,ccs,0.0,0.0,0.0,0.0,0.0,True
2050,P0240,Guangdong,biomass,0.0,0.0,0.0,0.0,0.0,True
2050,P0240,Guangdong,beccs,1.0,9663400.0,7.923987999999999,15.055577199999997,8.201327579999997,True
2050,P0240,Guangdong,ammonia,0.0,0.0,0.0,0.0,0.0,True
2050,P0241,Guangxi,unabated,0.0,0.0,0.0,0.0,0.0,True
2050,P0241,Guangxi,retire,0.0,0.0,0.0,0.0,0.0,True
2050,P0241,Guangxi,ccs,0.0,0.0,0.0,0.0,0.0,True
2050,P0241,Guangxi,biomass,1.0,3350620.0,2.7475084,2.7475084,0.0,True
2050,P0241,Guangxi,beccs,0.0,0.0,0.0,0.0,0.0,True
2050,P0241,Guangxi,ammonia,0.0,0.0,0.0,0.0,0.0,True
2050,P0242,Xinjiang,unabated,0.3504755463710709,9772918.08501307,8.013792829710717,0.0,0.0,True
2050,P0242,Xinjiang,retire,0.0,0.0,0.0,0.0,0.0,True
2050,P0242,Xinjiang,ccs,0.6495244536289291,18111817.914986927,14.851690690289278,13.36652162126035,15.371499864449401,True
2050,P0242,Xinjiang,biomass,0.0,0.0,0.0,0.0,0.0,True
2050,P0242,Xinjiang,beccs,0.0,0.0,0.0,0.0,0.0,True
2050,P0242,Xinjiang,ammonia,0.0,0.0,0.0,0.0,0.0,True
2050,P0243,Anhui,unabated,0.0,0.0,0.0,0.0,0.0,True
2050,P0243,Anhui,retire,1.0,124308166.00000001,101.93269612,101.93269612,0.0,True
2050,P0243,Anhui,ccs,0.0,0.0,0.0,0.0,0.0,True
2050,P0243,Anhui,biomass,0.0,0.0,0.0,0.0,0.0,True
2050,P0243,Anhui,beccs,0.0,0.0,0.0,0.0,0.0,True
2050,P0243,Anhui,ammonia,0.0,0.0,0.0,0.0,0.0,True
2050,P0244,Gansu,unabated,0.0,0.0,0.0,0.0,0.0,True
2050,P0244,Gansu,retire,1.0,15124456.000000002,12.40205392,12.40205392,0.0,True
2050,P0244,Gansu,ccs,0.0,0.0,0.0,0.0,0.0,True
2050,P0244,Gansu,biomass,0.0,0.0,0.0,0.0,0.0,True
2050,P0244,Gansu,beccs,0.0,0.0,0.0,0.0,0.0,True
2050,P0244,Gansu,ammonia,0.0,0.0,0.0,0.0,0.0,True
2050,P0245,Hubei,unabated,0.0,0.0,0.0,0.0,0.0,True
2050,P0245,Hubei,retire,0.0,0.0,0.0,0.0,0.0,True
2050,P0245,Hubei,ccs,0.0,0.0,0.0,0.0,0.0,True
2050,P0245,Hubei,biomass,1.0,7247976.799999999,5.943340975999999,5.943340975999999,0.0,True
2050,P0245,Hubei,beccs,0.0,0.0,0.0,0.0,0.0,True
2050,P0245,Hubei,ammonia,0.0,0.0,0.0,0.0,0.0,True
2050,P0246,Inner Mongolia,unabated,1.0,41107355.0,33.7080311,0.0,0.0,True
2050,P0246,Inner Mongolia,retire,0.0,0.0,0.0,0.0,0.0,True
2050,P0246,Inner Mongolia,ccs,0.0,0.0,0.0,0.0,0.0,True
2050,P0246,Inner Mongolia,biomass,0.0,0.0,0.0,0.0,0.0,True
2050,P0246,Inner Mongolia,beccs,0.0,0.0,0.0,0.0,0.0,True
2050,P0246,Inner Mongolia,ammonia,0.0,0.0,0.0,0.0,0.0,True
2050,P0247,Shandong,unabated,0.0,0.0,0.0,0.0,0.0,True
2050,P0247,Shandong,retire,1.0,8983866.0,7.366770119999999,7.366770119999999,0.0,True
2050,P0247,Shandong,ccs,0.0,0.0,0.0,0.0,0.0,True
2050,P0247,Shandong,biomass,0.0,0.0,0.0,0.0,0.0,True
2050,P0247,Shandong,beccs,0.0,0.0,0.0,0.0,0.0,True
2050,P0247,Shandong,ammonia,0.0,0.0,0.0,0.0,0.0,True
2050,P0248,Henan,unabated,0.0,0.0,0.0,0.0,0.0,True
2050,P0248,Henan,retire,1.0,30200644.0,24.764528079999998,24.764528079999998,0.0,True
2050,P0248,Henan,ccs,0.0,0.0,0.0,0.0,0.0,True
2050,P0248,Henan,biomass,0.0,0.0,0.0,0.0,0.0,True
2050,P0248,Henan,beccs,0.0,0.0,0.0,0.0,0.0,True
2050,P0248,Henan,ammonia,0.0,0.0,0.0,0.0,0.0,True
2050,P0249,Gansu,unabated,0.0,0.0,0.0,0.0,0.0,True
2050,P0249,Gansu,retire,0.0,0.0,0.0,0.0,0.0,True
2050,P0249,Gansu,ccs,0.0,0.0,0.0,0.0,0.0,True
2050,P0249,Gansu,biomass,0.0,0.0,0.0,0.0,0.0,True
2050,P0249,Gansu,beccs,1.0,2513760.0000000005,2.0612832,3.91643808,1.9911995711999997,True
2050,P0249,Gansu,ammonia,0.0,0.0,0.0,0.0,0.0,True
2050,P0250,Gansu,unabated,0.0,0.0,0.0,0.0,0.0,True
2050,P0250,Gansu,retire,0.0,0.0,0.0,0.0,0.0,True
2050,P0250,Gansu,ccs,0.7091142530565576,1782543.0447634526,1.461685296706031,1.315516767035428,1.5128442820907417,True
2050,P0250,Gansu,biomass,0.0,0.0,0.0,0.0,0.0,True
2050,P0250,Gansu,beccs,0.2908857469434425,731216.9552365481,0.5995979032939693,1.1392360162585418,0.6205838299092582,True
2050,P0250,Gansu,ammonia,0.0,0.0,0.0,0.0,0.0,True
2050,P0251,Hebei,unabated,0.0,0.0,0.0,0.0,0.0,True
2050,P0251,Hebei,retire,0.0,0.0,0.0,0.0,0.0,True
2050,P0251,Hebei,ccs,0.0,0.0,0.0,0.0,0.0,True
2050,P0251,Hebei,biomass,0.9688850279338698,5870412.37560953,4.813738147999815,4.813738147999815,0.0,True
2050,P0251,Hebei,beccs,0.031114972066130238,188523.6243904709,0.15458937200018613,0.29371980680035364,0.16000000002019266,True
2050,P0251,Hebei,ammonia,0.0,0.0,0.0,0.0,0.0,True
2050,P0252,Guangxi,unabated,0.0,0.0,0.0,0.0,0.0,True
2050,P0252,Guangxi,retire,0.0,0.0,0.0,0.0,0.0,True
2050,P0252,Guangxi,ccs,0.0,0.0,0.0,0.0,0.0,True
2050,P0252,Guangxi,biomass,1.0,10003994.0,8.20327508,8.20327508,0.0,True
2050,P0252,Guangxi,beccs,0.0,0.0,0.0,0.0,0.0,True
2050,P0252,Guangxi,ammonia,0.0,0.0,0.0,0.0,0.0,True
2050,P0253,Guangxi,unabated,0.0,0.0,0.0,0.0,0.0,True
2050,P0253,Guangxi,retire,0.0,0.0,0.0,0.0,0.0,True
2050,P0253,Guangxi,ccs,0.0,0.0,0.0,0.0,0.0,True
2050,P0253,Guangxi,biomass,1.0,5456724.0,4.474513679999999,4.474513679999999,0.0,True
2050,P0253,Guangxi,beccs,0.0,0.0,0.0,0.0,0.0,True
2050,P0253,Guangxi,ammonia,0.0,0.0,0.0,0.0,0.0,True
2050,P0254,Jiangxi,unabated,0.0,0.0,0.0,0.0,0.0,True
2050,P0254,Jiangxi,retire,0.0,0.0,0.0,0.0,0.0,True
2050,P0254,Jiangxi,ccs,0.0,0.0,0.0,0.0,0.0,True
2050,P0254,Jiangxi,biomass,1.0,6291647.999999999,5.159151359999998,5.159151359999998,0.0,True
2050,P0254,Jiangxi,beccs,0.0,0.0,0.0,0.0,0.0,True
2050,P0254,Jiangxi,ammonia,0.0,0.0,0.0,0.0,0.0,True
2050,P0255,Anhui,unabated,0.0,0.0,0.0,0.0,0.0,True
2050,P0255,Anhui,retire,0.0,0.0,0.0,0.0,0.0,True
2050,P0255,Anhui,ccs,0.0,0.0,0.0,0.0,0.0,True
2050,P0255,Anhui,biomass,1.0,25003932.0,20.503224239999998,20.503224239999998,0.0,True
2050,P0255,Anhui,beccs,0.0,0.0,0.0,0.0,0.0,True
2050,P0255,Anhui,ammonia,0.0,0.0,0.0,0.0,0.0,True
2050,P0256,Heilongjiang,unabated,0.0,0.0,0.0,0.0,0.0,True
2050,P0256,Heilongjiang,retire,0.0,0.0,0.0,0.0,0.0,True
2050,P0256,Heilongjiang,ccs,0.0,0.0,0.0,0.0,0.0,True
2050,P0256,Heilongjiang,biomass,0.0,0.0,0.0,0.0,0.0,True
2050,P0256,Heilongjiang,beccs,1.0,194796.0,0.15973272,0.30349216799999995,0.1653233652,True
2050,P0256,Heilongjiang,ammonia,0.0,0.0,0.0,0.0,0.0,True
2050,P0257,Inner Mongolia,unabated,0.0,0.0,0.0,0.0,0.0,True
2050,P0257,Inner Mongolia,retire,0.0,0.0,0.0,0.0,0.0,True
2050,P0257,Inner Mongolia,ccs,0.0,0.0,0.0,0.0,0.0,True
2050,P0257,Inner Mongolia,biomass,1.0,362267.99999999994,0.29705975999999995,0.29705975999999995,0.0,True
2050,P0257,Inner Mongolia,beccs,0.0,0.0,0.0,0.0,0.0,True
2050,P0257,Inner Mongolia,ammonia,0.0,0.0,0.0,0.0,0.0,True
2050,P0258,Xinjiang,unabated,0.0,0.0,0.0,0.0,0.0,True
2050,P0258,Xinjiang,retire,0.0,0.0,0.0,0.0,0.0,True
2050,P0258,Xinjiang,ccs,0.37425077607625956,1383545.2390297593,1.1345070960044026,1.0210563864039623,1.1742148443645564,True
2050,P0258,Xinjiang,biomass,0.0,0.0,0.0,0.0,0.0,True
2050,P0258,Xinjiang,beccs,0.6257492239237407,2313294.760970241,1.8969017039955975,3.6041132375916356,1.9632932636354432,True
2050,P0258,Xinjiang,ammonia,0.0,0.0,0.0,0.0,0.0,True
2050,P0259,Guizhou,unabated,0.0,0.0,0.0,0.0,0.0,True
2050,P0259,Guizhou,retire,1.0,20792298.0,17.04968436,17.04968436,0.0,True
2050,P0259,Guizhou,ccs,0.0,0.0,0.0,0.0,0.0,True
2050,P0259,Guizhou,biomass,0.0,0.0,0.0,0.0,0.0,True
2050,P0259,Guizhou,beccs,0.0,0.0,0.0,0.0,0.0,True
2050,P0259,Guizhou,ammonia,0.0,0.0,0.0,0.0,0.0,True
2050,P0260,Ningxia,unabated,0.0,0.0,0.0,0.0,0.0,True
2050,P0260,Ningxia,retire,0.0,0.0,0.0,0.0,0.0,True
2050,P0260,Ningxia,ccs,0.0,0.0,0.0,0.0,0.0,True
2050,P0260,Ningxia,biomass,0.0,0.0,0.0,0.0,0.0,True
2050,P0260,Ningxia,beccs,1.0,13222594.0,10.84252708,20.600801452,11.2220155278,True
2050,P0260,Ningxia,ammonia,0.0,0.0,0.0,0.0,0.0,True
2050,P0261,Xinjiang,unabated,0.0,0.0,0.0,0.0,0.0,True
2050,P0261,Xinjiang,retire,0.0,0.0,0.0,0.0,0.0,True
2050,P0261,Xinjiang,ccs,1.0,3696839.9999999995,3.0314087999999995,2.7282679199999995,3.137508107999999,True
2050,P0261,Xinjiang,biomass,0.0,0.0,0.0,0.0,0.0,True
2050,P0261,Xinjiang,beccs,0.0,0.0,0.0,0.0,0.0,True
2050,P0261,Xinjiang,ammonia,0.0,0.0,0.0,0.0,0.0,True
2050,P0262,Guizhou,unabated,0.0,0.0,0.0,0.0,0.0,True
2050,P0262,Guizhou,retire,0.0,0.0,0.0,0.0,0.0,True
2050,P0262,Guizhou,ccs,0.0,0.0,0.0,0.0,0.0,True
2050,P0262,Guizhou,biomass,1.0,5696520.0,4.6711464,4.6711464,0.0,True
2050,P0262,Guizhou,beccs,0.0,0.0,0.0,0.0,0.0,True
2050,P0262,Guizhou,ammonia,0.0,0.0,0.0,0.0,0.0,True
2050,P0263,Shaanxi,unabated,0.0,0.0,0.0,0.0,0.0,True
2050,P0263,Shaanxi,retire,0.0,0.0,0.0,0.0,0.0,True
2050,P0263,Shaanxi,ccs,0.0,0.0,0.0,0.0,0.0,True
2050,P0263,Shaanxi,biomass,0.0,0.0,0.0,0.0,0.0,True
2050,P0263,Shaanxi,beccs,1.0,3176600.0,2.604812,4.9491428,2.6959804199999997,True
2050,P0263,Shaanxi,ammonia,0.0,0.0,0.0,0.0,0.0,True
2050,P0264,Sichuan,unabated,0.0,0.0,0.0,0.0,0.0,True
2050,P0264,Sichuan,retire,0.0,0.0,0.0,0.0,0.0,True
2050,P0264,Sichuan,ccs,0.0,0.0,0.0,0.0,0.0,True
2050,P0264,Sichuan,biomass,0.0,0.0,0.0,0.0,0.0,True
2050,P0264,Sichuan,beccs,1.0,5995679.999999999,4.916457599999998,9.341269439999996,4.749298041599998,True
2050,P0264,Sichuan,ammonia,0.0,0.0,0.0,0.0,0.0,True
2050,P0265,Gansu,unabated,0.0,0.0,0.0,0.0,0.0,True
2050,P0265,Gansu,retire,0.0,0.0,0.0,0.0,0.0,True
2050,P0265,Gansu,ccs,0.0,0.0,0.0,0.0,0.0,True
2050,P0265,Gansu,biomass,0.0,0.0,0.0,0.0,0.0,True
2050,P0265,Gansu,beccs,1.0,2932720.0,2.4048304,4.56917776,2.488999464,True
2050,P0265,Gansu,ammonia,0.0,0.0,0.0,0.0,0.0,True
2050,P0266,Heilongjiang,unabated,0.0,0.0,0.0,0.0,0.0,True
2050,P0266,Heilongjiang,retire,0.0,0.0,0.0,0.0,0.0,True
2050,P0266,Heilongjiang,ccs,0.0,0.0,0.0,0.0,0.0,True
2050,P0266,Heilongjiang,biomass,1.0,939195.0000000001,0.7701399,0.7701399,0.0,True
2050,P0266,Heilongjiang,beccs,0.0,0.0,0.0,0.0,0.0,True
2050,P0266,Heilongjiang,ammonia,0.0,0.0,0.0,0.0,0.0,True
2050,P0267,Hubei,unabated,0.0,0.0,0.0,0.0,0.0,True
2050,P0267,Hubei,retire,0.0,0.0,0.0,0.0,0.0,True
2050,P0267,Hubei,ccs,0.0,0.0,0.0,0.0,0.0,True
2050,P0267,Hubei,biomass,1.0,17473136.0,14.32797152,14.32797152,0.0,True
2050,P0267,Hubei,beccs,0.0,0.0,0.0,0.0,0.0,True
2050,P0267,Hubei,ammonia,0.0,0.0,0.0,0.0,0.0,True
2050,P0268,Inner Mongolia,unabated,0.0,0.0,0.0,0.0,0.0,True
2050,P0268,Inner Mongolia,retire,0.0,0.0,0.0,0.0,0.0,True
2050,P0268,Inner Mongolia,ccs,0.0,0.0,0.0,0.0,0.0,True
2050,P0268,Inner Mongolia,biomass,1.0,452835.0,0.37132469999999995,0.37132469999999995,0.0,True
2050,P0268,Inner Mongolia,beccs,0.0,0.0,0.0,0.0,0.0,True
2050,P0268,Inner Mongolia,ammonia,0.0,0.0,0.0,0.0,0.0,True
2050,P0269,Guangdong,unabated,0.0,0.0,0.0,0.0,0.0,True
2050,P0269,Guangdong,retire,1.0,77191239.2,63.296816144000005,63.296816144000005,0.0,True
2050,P0269,Guangdong,ccs,0.0,0.0,0.0,0.0,0.0,True
2050,P0269,Guangdong,biomass,0.0,0.0,0.0,0.0,0.0,True
2050,P0269,Guangdong,beccs,0.0,0.0,0.0,0.0,0.0,True
2050,P0269,Guangdong,ammonia,0.0,0.0,0.0,0.0,0.0,True
2050,P0270,Xinjiang,unabated,0.2813451120641117,891503.883499792,0.7310331844698293,0.0,0.0,True
2050,P0270,Xinjiang,retire,0.0,0.0,0.0,0.0,0.0,True
2050,P0270,Xinjiang,ccs,0.0,0.0,0.0,0.0,0.0,True
2050,P0270,Xinjiang,biomass,0.7186548879358883,2277216.1165002077,1.86731721553017,1.86731721553017,0.0,True
2050,P0270,Xinjiang,beccs,0.0,0.0,0.0,0.0,0.0,True
2050,P0270,Xinjiang,ammonia,0.0,0.0,0.0,0.0,0.0,True
2050,P0271,Guangdong,unabated,0.0,0.0,0.0,0.0,0.0,True
2050,P0271,Guangdong,retire,0.0,0.0,0.0,0.0,0.0,True
2050,P0271,Guangdong,ccs,0.0,0.0,0.0,0.0,0.0,True
2050,P0271,Guangdong,biomass,1.0,2899020.0,2.3771964,2.3771964,0.0,True
2050,P0271,Guangdong,beccs,0.0,0.0,0.0,0.0,0.0,True
2050,P0271,Guangdong,ammonia,0.0,0.0,0.0,0.0,0.0,True
2050,P0272,Qinghai,unabated,0.0,0.0,0.0,0.0,0.0,True
2050,P0272,Qinghai,retire,0.0,0.0,0.0,0.0,0.0,True
2050,P0272,Qinghai,ccs,1.0,5408039.999999999,4.434592799999999,3.991133519999999,4.589803547999999,True
2050,P0272,Qinghai,biomass,0.0,0.0,0.0,0.0,0.0,True
2050,P0272,Qinghai,beccs,0.0,0.0,0.0,0.0,0.0,True
2050,P0272,Qinghai,ammonia,0.0,0.0,0.0,0.0,0.0,True
2050,P0273,Fujian,unabated,0.0,0.0,0.0,0.0,0.0,True
2050,P0273,Fujian,retire,0.0,0.0,0.0,0.0,0.0,True
2050,P0273,Fujian,ccs,0.0,0.0,0.0,0.0,0.0,True
2050,P0273,Fujian,biomass,1.0,3075720.0,2.5220903999999997,2.5220903999999997,0.0,True
2050,P0273,Fujian,beccs,0.0,0.0,0.0,0.0,0.0,True
2050,P0273,Fujian,ammonia,0.0,0.0,0.0,0.0,0.0,True
2050,P0274,Hebei,unabated,0.0,0.0,0.0,0.0,0.0,True
2050,P0274,Hebei,retire,0.0,0.0,0.0,0.0,0.0,True
2050,P0274,Hebei,ccs,0.0,0.0,0.0,0.0,0.0,True
2050,P0274,Hebei,biomass,0.0,0.0,0.0,0.0,0.0,True
2050,P0274,Hebei,beccs,1.0,6237140.0,5.1144548,9.717464119999999,5.2934607179999995,True
2050,P0274,Hebei,ammonia,0.0,0.0,0.0,0.0,0.0,True
2050,P0275,Gansu,unabated,0.0,0.0,0.0,0.0,0.0,True
2050,P0275,Gansu,retire,1.0,15166352.000000002,12.43640864,12.43640864,0.0,True
2050,P0275,Gansu,ccs,0.0,0.0,0.0,0.0,0.0,True
2050,P0275,Gansu,biomass,0.0,0.0,0.0,0.0,0.0,True
2050,P0275,Gansu,beccs,0.0,0.0,0.0,0.0,0.0,True
2050,P0275,Gansu,ammonia,0.0,0.0,0.0,0.0,0.0,True
2050,P0276,Xinjiang,unabated,0.0,0.0,0.0,0.0,0.0,True
2050,P0276,Xinjiang,retire,0.0,0.0,0.0,0.0,0.0,True
2050,P0276,Xinjiang,ccs,1.0,3168719.9999999995,2.5983503999999993,2.3385153599999993,2.6892926639999994,True
2050,P0276,Xinjiang,biomass,0.0,0.0,0.0,0.0,0.0,True
2050,P0276,Xinjiang,beccs,0.0,0.0,0.0,0.0,0.0,True
2050,P0276,Xinjiang,ammonia,0.0,0.0,0.0,0.0,0.0,True
2050,P0277,Guangxi,unabated,0.0,0.0,0.0,0.0,0.0,True
2050,P0277,Guangxi,retire,0.0,0.0,0.0,0.0,0.0,True
2050,P0277,Guangxi,ccs,0.0,0.0,0.0,0.0,0.0,True
2050,P0277,Guangxi,biomass,1.0,3350620.0,2.7475084,2.7475084,0.0,True
2050,P0277,Guangxi,beccs,0.0,0.0,0.0,0.0,0.0,True
2050,P0277,Guangxi,ammonia,0.0,0.0,0.0,0.0,0.0,True
2050,P0278,Inner Mongolia,unabated,1.0,8151030.0,6.6838446,0.0,0.0,True
2050,P0278,Inner Mongolia,retire,0.0,0.0,0.0,0.0,0.0,True
2050,P0278,Inner Mongolia,ccs,0.0,0.0,0.0,0.0,0.0,True
2050,P0278,Inner Mongolia,biomass,0.0,0.0,0.0,0.0,0.0,True
2050,P0278,Inner Mongolia,beccs,0.0,0.0,0.0,0.0,0.0,True
2050,P0278,Inner Mongolia,ammonia,0.0,0.0,0.0,0.0,0.0,True
2050,P0279,Guangxi,unabated,0.0,0.0,0.0,0.0,0.0,True
2050,P0279,Guangxi,retire,0.0,0.0,0.0,0.0,0.0,True
2050,P0279,Guangxi,ccs,0.0,0.0,0.0,0.0,0.0,True
2050,P0279,Guangxi,biomass,1.0,5743920.0,4.7100143999999995,4.7100143999999995,0.0,True
2050,P0279,Guangxi,beccs,0.0,0.0,0.0,0.0,0.0,True
2050,P0279,Guangxi,ammonia,0.0,0.0,0.0,0.0,0.0,True
2050,P0280,Anhui,unabated,0.0,0.0,0.0,0.0,0.0,True
2050,P0280,Anhui,retire,0.0,0.0,0.0,0.0,0.0,True
2050,P0280,Anhui,ccs,0.0,0.0,0.0,0.0,0.0,True
2050,P0280,Anhui,biomass,1.0,6708372.000000001,5.50086504,5.50086504,0.0,True
2050,P0280,Anhui,beccs,0.0,0.0,0.0,0.0,0.0,True
2050,P0280,Anhui,ammonia,0.0,0.0,0.0,0.0,0.0,True
2050,P0281,Xinjiang,unabated,0.0,0.0,0.0,0.0,0.0,True
2050,P0281,Xinjiang,retire,0.0,0.0,0.0,0.0,0.0,True
2050,P0281,Xinjiang,ccs,0.10251985010563949,1093684.2214033646,0.8968210615507587,0.8071389553956829,0.9282097987050352,True
2050,P0281,Xinjiang,biomass,0.0,0.0,0.0,0.0,0.0,True
2050,P0281,Xinjiang,beccs,0.8974801498943608,9574339.778596636,7.850958618449241,14.916821375053557,8.125742170094963,True
2050,P0281,Xinjiang,ammonia,0.0,0.0,0.0,0.0,0.0,True
2050,P0282,Shandong,unabated,0.0,0.0,0.0,0.0,0.0,True
2050,P0282,Shandong,retire,0.0,0.0,0.0,0.0,0.0,True
2050,P0282,Shandong,ccs,0.0,0.0,0.0,0.0,0.0,True
2050,P0282,Shandong,biomass,1.0,3532491.0000000005,2.89664262,2.89664262,0.0,True
2050,P0282,Shandong,beccs,0.0,0.0,0.0,0.0,0.0,True
2050,P0282,Shandong,ammonia,0.0,0.0,0.0,0.0,0.0,True
2050,P0283,Hubei,unabated,0.0,0.0,0.0,0.0,0.0,True
2050,P0283,Hubei,retire,0.0,0.0,0.0,0.0,0.0,True
2050,P0283,Hubei,ccs,0.0,0.0,0.0,0.0,0.0,True
2050,P0283,Hubei,biomass,1.0,4949472.0,4.05856704,4.05856704,0.0,True
2050,P0283,Hubei,beccs,0.0,0.0,0.0,0.0,0.0,True
2050,P0283,Hubei,ammonia,0.0,0.0,0.0,0.0,0.0,True
2050,P0284,Shandong,unabated,0.0,0.0,0.0,0.0,0.0,True
2050,P0284,Shandong,retire,1.0,38377680.00000001,31.469697600000003,31.469697600000003,0.0,True
2050,P0284,Shandong,ccs,0.0,0.0,0.0,0.0,0.0,True
2050,P0284,Shandong,biomass,0.0,0.0,0.0,0.0,0.0,True
2050,P0284,Shandong,beccs,0.0,0.0,0.0,0.0,0.0,True
2050,P0284,Shandong,ammonia,0.0,0.0,0.0,0.0,0.0,True
2050,P0285,Yunnan,unabated,0.0,0.0,0.0,0.0,0.0,True
2050,P0285,Yunnan,retire,0.0,0.0,0.0,0.0,0.0,True
2050,P0285,Yunnan,ccs,0.0,0.0,0.0,0.0,0.0,True
2050,P0285,Yunnan,biomass,1.0,5378639.999999999,4.410484799999999,4.410484799999999,0.0,True
2050,P0285,Yunnan,beccs,0.0,0.0,0.0,0.0,0.0,True
2050,P0285,Yunnan,ammonia,0.0,0.0,0.0,0.0,0.0,True
2050,P0286,Jiangxi,unabated,0.0,0.0,0.0,0.0,0.0,True
2050,P0286,Jiangxi,retire,0.0,0.0,0.0,0.0,0.0,True
2050,P0286,Jiangxi,ccs,0.0,0.0,0.0,0.0,0.0,True
2050,P0286,Jiangxi,biomass,1.0,7149600.0,5.862672,5.862672,0.0,True
2050,P0286,Jiangxi,beccs,0.0,0.0,0.0,0.0,0.0,True
2050,P0286,Jiangxi,ammonia,0.0,0.0,0.0,0.0,0.0,True
2050,P0287,Gansu,unabated,0.0,0.0,0.0,0.0,0.0,True
2050,P0287,Gansu,retire,1.0,5530272.0,4.53482304,4.53482304,0.0,True
2050,P0287,Gansu,ccs,0.0,0.0,0.0,0.0,0.0,True
2050,P0287,Gansu,biomass,0.0,0.0,0.0,0.0,0.0,True
2050,P0287,Gansu,beccs,0.0,0.0,0.0,0.0,0.0,True
2050,P0287,Gansu,ammonia,0.0,0.0,0.0,0.0,0.0,True
2050,P0288,Inner Mongolia,unabated,1.0,6641580.0,5.4460956,0.0,0.0,True
2050,P0288,Inner Mongolia,retire,0.0,0.0,0.0,0.0,0.0,True
2050,P0288,Inner Mongolia,ccs,0.0,0.0,0.0,0.0,0.0,True
2050,P0288,Inner Mongolia,biomass,0.0,0.0,0.0,0.0,0.0,True
2050,P0288,Inner Mongolia,beccs,0.0,0.0,0.0,0.0,0.0,True
2050,P0288,Inner Mongolia,ammonia,0.0,0.0,0.0,0.0,0.0,True
2050,P0289,Inner Mongolia,unabated,0.0,0.0,0.0,0.0,0.0,True
2050,P0289,Inner Mongolia,retire,0.0,0.0,0.0,0.0,0.0,True
2050,P0289,Inner Mongolia,ccs,0.0,0.0,0.0,0.0,0.0,True
2050,P0289,Inner Mongolia,biomass,0.0,0.0,0.0,0.0,0.0,True
2050,P0289,Inner Mongolia,beccs,1.0,2566065.0,2.1041733,3.9979292699999993,2.0326314077999994,True
2050,P0289,Inner Mongolia,ammonia,0.0,0.0,0.0,0.0,0.0,True
2050,P0290,Guizhou,unabated,0.0,0.0,0.0,0.0,0.0,True
2050,P0290,Guizhou,retire,0.0,0.0,0.0,0.0,0.0,True
2050,P0290,Guizhou,ccs,0.0,0.0,0.0,0.0,0.0,True
2050,P0290,Guizhou,biomass,1.0,8829606.0,7.24027692,7.24027692,0.0,True
2050,P0290,Guizhou,beccs,0.0,0.0,0.0,0.0,0.0,True
2050,P0290,Guizhou,ammonia,0.0,0.0,0.0,0.0,0.0,True
2050,P0291,Shanxi,unabated,0.0,0.0,0.0,0.0,0.0,True
2050,P0291,Shanxi,retire,0.0,0.0,0.0,0.0,0.0,True
2050,P0291,Shanxi,ccs,0.0,0.0,0.0,0.0,0.0,True
2050,P0291,Shanxi,biomass,0.0,0.0,0.0,0.0,0.0,True
2050,P0291,Shanxi,beccs,1.0,4490615.0,3.6823042999999998,6.996378169999999,3.8111849504999995,True
2050,P0291,Shanxi,ammonia,0.0,0.0,0.0,0.0,0.0,True
2050,P0292,Chongqing,unabated,0.0,0.0,0.0,0.0,0.0,True
2050,P0292,Chongqing,retire,0.0,0.0,0.0,0.0,0.0,True
2050,P0292,Chongqing,ccs,0.0,0.0,0.0,0.0,0.0,True
2050,P0292,Chongqing,biomass,1.0,2876520.0,2.3587464,2.3587464,0.0,True
2050,P0292,Chongqing,beccs,0.0,0.0,0.0,0.0,0.0,True
2050,P0292,Chongqing,ammonia,0.0,0.0,0.0,0.0,0.0,True
2050,P0293,Chongqing,unabated,0.0,0.0,0.0,0.0,0.0,True
2050,P0293,Chongqing,retire,0.0,0.0,0.0,0.0,0.0,True
2050,P0293,Chongqing,ccs,0.0,0.0,0.0,0.0,0.0,True
2050,P0293,Chongqing,biomass,0.0,0.0,0.0,0.0,0.0,True
2050,P0293,Chongqing,beccs,1.0,958840.0,0.7862488,1.49387272,0.7595163407999999,True
2050,P0293,Chongqing,ammonia,0.0,0.0,0.0,0.0,0.0,True
2050,P0294,Jiangxi,unabated,0.0,0.0,0.0,0.0,0.0,True
2050,P0294,Jiangxi,retire,0.0,0.0,0.0,0.0,0.0,True
2050,P0294,Jiangxi,ccs,0.0,0.0,0.0,0.0,0.0,True
2050,P0294,Jiangxi,biomass,1.0,6291647.999999999,5.159151359999998,5.159151359999998,0.0,True
2050,P0294,Jiangxi,beccs,0.0,0.0,0.0,0.0,0.0,True
2050,P0294,Jiangxi,ammonia,0.0,0.0,0.0,0.0,0.0,True
2050,P0295,Guangdong,unabated,0.0,0.0,0.0,0.0,0.0,True
2050,P0295,Guangdong,retire,0.0,0.0,0.0,0.0,0.0,True
2050,P0295,Guangdong,ccs,0.0,0.0,0.0,0.0,0.0,True
2050,P0295,Guangdong,biomass,0.0,0.0,0.0,0.0,0.0,True
2050,P0295,Guangdong,beccs,1.0,14857477.5,12.183131549999999,23.147949944999997,11.768905077299998,True
2050,P0295,Guangdong,ammonia,0.0,0.0,0.0,0.0,0.0,True
2050,P0296,Henan,unabated,0.0,0.0,0.0,0.0,0.0,True
2050,P0296,Henan,retire,0.0,0.0,0.0,0.0,0.0,True
2050,P0296,Henan,ccs,0.0,0.0,0.0,0.0,0.0,True
2050,P0296,Henan,biomass,1.0,14182424.0,11.62958768,11.62958768,0.0,True
2050,P0296,Henan,beccs,0.0,0.0,0.0,0.0,0.0,True
2050,P0296,Henan,ammonia,0.0,0.0,0.0,0.0,0.0,True
2050,P0297,Jiangxi,unabated,0.0,0.0,0.0,0.0,0.0,True
2050,P0297,Jiangxi,retire,0.0,0.0,0.0,0.0,0.0,True
2050,P0297,Jiangxi,ccs,0.0,0.0,0.0,0.0,0.0,True
2050,P0297,Jiangxi,biomass,0.0,0.0,0.0,0.0,0.0,True
2050,P0297,Jiangxi,beccs,1.0,9532800.0,7.816895999999999,14.852102399999998,8.09048736,True
2050,P0297,Jiangxi,ammonia,0.0,0.0,0.0,0.0,0.0,True
2050,P0298,Xinjiang,unabated,0.08314355660236022,439097.75112838484,0.36006015592527557,0.0,0.0,True
2050,P0298,Xinjiang,retire,0.02607390291291701,137701.4960636973,0.11291522677223179,0.11291522677223179,0.0,True
2050,P0298,Xinjiang,ccs,0.0,0.0,0.0,0.0,0.0,True
2050,P0298,Xinjiang,biomass,0.2540851894889877,1341874.7027292417,1.1003372562379783,1.1003372562379783,0.0,True
2050,P0298,Xinjiang,beccs,0.6366973509957351,3362526.050078676,2.7572713610645145,5.238815586022578,2.853775858701772,True
2050,P0298,Xinjiang,ammonia,0.0,0.0,0.0,0.0,0.0,True
2050,P0299,Liaoning,unabated,0.0,0.0,0.0,0.0,0.0,True
2050,P0299,Liaoning,retire,0.0,0.0,0.0,0.0,0.0,True
2050,P0299,Liaoning,ccs,0.0,0.0,0.0,0.0,0.0,True
2050,P0299,Liaoning,biomass,1.0,1612363.9999999998,1.3221384799999998,1.3221384799999998,0.0,True
2050,P0299,Liaoning,beccs,0.0,0.0,0.0,0.0,0.0,True
2050,P0299,Liaoning,ammonia,0.0,0.0,0.0,0.0,0.0,True
2050,P0300,Guangxi,unabated,0.0,0.0,0.0,0.0,0.0,True
2050,P0300,Guangxi,retire,0.0,0.0,0.0,0.0,0.0,True
2050,P0300,Guangxi,ccs,0.0,0.0,0.0,0.0,0.0,True
2050,P0300,Guangxi,biomass,0.0,0.0,0.0,0.0,0.0,True
2050,P0300,Guangxi,beccs,1.0,6318312.0,5.18101584,9.843930096,5.362351394399999,True
2050,P0300,Guangxi,ammonia,0.0,0.0,0.0,0.0,0.0,True
2050,P0301,Jiangsu,unabated,0.0,0.0,0.0,0.0,0.0,True
2050,P0301,Jiangsu,retire,0.0,0.0,0.0,0.0,0.0,True
2050,P0301,Jiangsu,ccs,0.0,0.0,0.0,0.0,0.0,True
2050,P0301,Jiangsu,biomass,0.9555813370237949,306733.964533942,0.2515218509178324,0.2515218509178324,0.0,True
2050,P0301,Jiangsu,beccs,0.04441866297620534,14258.035466058105,0.011691589082167648,0.022214019256118527,0.012100794700043513,True
2050,P0301,Jiangsu,ammonia,0.0,0.0,0.0,0.0,0.0,True
2050,P0302,Xinjiang,unabated,0.0,0.0,0.0,0.0,0.0,True
2050,P0302,Xinjiang,retire,0.0,0.0,0.0,0.0,0.0,True
2050,P0302,Xinjiang,ccs,0.8642030193634488,3194820.2901035715,2.6197526378849285,2.3577773740964356,2.711443980210901,True
2050,P0302,Xinjiang,biomass,0.13579698063655377,502019.70989643736,0.4116561621150786,0.4116561621150786,0.0,True
2050,P0302,Xinjiang,beccs,0.0,0.0,0.0,0.0,0.0,True
2050,P0302,Xinjiang,ammonia,0.0,0.0,0.0,0.0,0.0,True
2050,P0303,Henan,unabated,0.0,0.0,0.0,0.0,0.0,True
2050,P0303,Henan,retire,0.0,0.0,0.0,0.0,0.0,True
2050,P0303,Henan,ccs,0.0,0.0,0.0,0.0,0.0,True
2050,P0303,Henan,biomass,1.0,4679480.0,3.8371735999999994,3.8371735999999994,0.0,True
2050,P0303,Henan,beccs,0.0,0.0,0.0,0.0,0.0,True
2050,P0303,Henan,ammonia,0.0,0.0,0.0,0.0,0.0,True
2050,P0304,Inner Mongolia,unabated,0.0,0.0,0.0,0.0,0.0,True
2050,P0304,Inner Mongolia,retire,0.0,0.0,0.0,0.0,0.0,True
2050,P0304,Inner Mongolia,ccs,0.8701784243821193,437830.27422786335,0.35902082486684794,0.32311874238016314,0.3715865537371876,True
2050,P0304,Inner Mongolia,biomass,0.0,0.0,0.0,0.0,0.0,True
2050,P0304,Inner Mongolia,beccs,0.12982157561788096,65319.72577213681,0.05356217513315218,0.10176813275298913,0.0554368512628125,True
2050,P0304,Inner Mongolia,ammonia,0.0,0.0,0.0,0.0,0.0,True
2050,P0305,Inner Mongolia,unabated,1.0,1509449.9999999998,1.2377489999999998,0.0,0.0,True
2050,P0305,Inner Mongolia,retire,0.0,0.0,0.0,0.0,0.0,True
2050,P0305,Inner Mongolia,ccs,0.0,0.0,0.0,0.0,0.0,True
2050,P0305,Inner Mongolia,biomass,0.0,0.0,0.0,0.0,0.0,True
2050,P0305,Inner Mongolia,beccs,0.0,0.0,0.0,0.0,0.0,True
2050,P0305,Inner Mongolia,ammonia,0.0,0.0,0.0,0.0,0.0,True
2050,P0306,Inner Mongolia,unabated,0.0,0.0,0.0,0.0,0.0,True
2050,P0306,Inner Mongolia,retire,0.0,0.0,0.0,0.0,0.0,True
2050,P0306,Inner Mongolia,ccs,0.0,0.0,0.0,0.0,0.0,True
2050,P0306,Inner Mongolia,biomass,0.0,0.0,0.0,0.0,0.0,True
2050,P0306,Inner Mongolia,beccs,1.0,3320790.0,2.7230478,5.17379082,2.8183544729999994,True
2050,P0306,Inner Mongolia,ammonia,0.0,0.0,0.0,0.0,0.0,True
2050,P0307,Hunan,unabated,0.0,0.0,0.0,0.0,0.0,True
2050,P0307,Hunan,retire,0.0,0.0,0.0,0.0,0.0,True
2050,P0307,Hunan,ccs,0.0,0.0,0.0,0.0,0.0,True
2050,P0307,Hunan,biomass,1.0,15627600.0,12.814632,12.814632,0.0,True
2050,P0307,Hunan,beccs,0.0,0.0,0.0,0.0,0.0,True
2050,P0307,Hunan,ammonia,0.0,0.0,0.0,0.0,0.0,True
2050,P0308,Qinghai,unabated,0.0,0.0,0.0,0.0,0.0,True
2050,P0308,Qinghai,retire,0.0,0.0,0.0,0.0,0.0,True
2050,P0308,Qinghai,ccs,0.0,0.0,0.0,0.0,0.0,True
2050,P0308,Qinghai,biomass,0.0,0.0,0.0,0.0,0.0,True
2050,P0308,Qinghai,beccs,1.0,1106190.0,0.9070757999999999,1.7234440199999996,0.8762352227999997,True
2050,P0308,Qinghai,ammonia,0.0,0.0,0.0,0.0,0.0,True
2050,P0309,Inner Mongolia,unabated,0.0,0.0,0.0,0.0,0.0,True
2050,P0309,Inner Mongolia,retire,0.0,0.0,0.0,0.0,0.0,True
2050,P0309,Inner Mongolia,ccs,0.0,0.0,0.0,0.0,0.0,True
2050,P0309,Inner Mongolia,biomass,0.0,0.0,0.0,0.0,0.0,True
2050,P0309,Inner Mongolia,beccs,1.0,10063000.0,8.25166,15.678153999999997,8.540468099999998,True
2050,P0309,Inner Mongolia,ammonia,0.0,0.0,0.0,0.0,0.0,True
2050,P0310,Shaanxi,unabated,0.0,0.0,0.0,0.0,0.0,True
2050,P0310,Shaanxi,retire,0.0,0.0,0.0,0.0,0.0,True
2050,P0310,Shaanxi,ccs,0.0,0.0,0.0,0.0,0.0,True
2050,P0310,Shaanxi,biomass,1.0,11980320.0,9.823862399999998,9.823862399999998,0.0,True
2050,P0310,Shaanxi,beccs,0.0,0.0,0.0,0.0,0.0,True
2050,P0310,Shaanxi,ammonia,0.0,0.0,0.0,0.0,0.0,True
2050,P0311,Hunan,unabated,0.0,0.0,0.0,0.0,0.0,True
2050,P0311,Hunan,retire,0.0,0.0,0.0,0.0,0.0,True
2050,P0311,Hunan,ccs,0.0,0.0,0.0,0.0,0.0,True
2050,P0311,Hunan,biomass,1.0,5157108.0,4.228828559999999,4.228828559999999,0.0,True
2050,P0311,Hunan,beccs,0.0,0.0,0.0,0.0,0.0,True
2050,P0311,Hunan,ammonia,0.0,0.0,0.0,0.0,0.0,True
2050,P0312,Shanxi,unabated,0.0,0.0,0.0,0.0,0.0,True
2050,P0312,Shanxi,retire,0.0,0.0,0.0,0.0,0.0,True
2050,P0312,Shanxi,ccs,0.0,0.0,0.0,0.0,0.0,True
2050,P0312,Shanxi,biomass,1.0,2777700.0,2.277714,2.277714,0.0,True
2050,P0312,Shanxi,beccs,0.0,0.0,0.0,0.0,0.0,True
2050,P0312,Shanxi,ammonia,0.0,0.0,0.0,0.0,0.0,True
2050,P0313,Xinjiang,unabated,0.0,0.0,0.0,0.0,0.0,True
2050,P0313,Xinjiang,retire,0.0,0.0,0.0,0.0,0.0,True
2050,P0313,Xinjiang,ccs,0.6356297810342102,2685510.399678296,2.2021185277362028,1.9819066749625824,2.2791926762069696,True
2050,P0313,Xinjiang,biomass,0.0,0.0,0.0,0.0,0.0,True
2050,P0313,Xinjiang,beccs,0.3643702189657898,1539449.600321703,1.2623486722637964,2.398462477301213,1.3065308757930292,True
2050,P0313,Xinjiang,ammonia,0.0,0.0,0.0,0.0,0.0,True
2050,P0314,Inner Mongolia,unabated,0.0,0.0,0.0,0.0,0.0,True
2050,P0314,Inner Mongolia,retire,0.0,0.0,0.0,0.0,0.0,True
2050,P0314,Inner Mongolia,ccs,0.0,0.0,0.0,0.0,0.0,True
2050,P0314,Inner Mongolia,biomass,1.0,6037799.999999999,4.950995999999999,4.950995999999999,0.0,True
2050,P0314,Inner Mongolia,beccs,0.0,0.0,0.0,0.0,0.0,True
2050,P0314,Inner Mongolia,ammonia,0.0,0.0,0.0,0.0,0.0,True
2050,P0315,Jiangxi,unabated,0.0,0.0,0.0,0.0,0.0,True
2050,P0315,Jiangxi,retire,1.0,22974048.0,18.83871936,18.83871936,0.0,True
2050,P0315,Jiangxi,ccs,0.0,0.0,0.0,0.0,0.0,True
2050,P0315,Jiangxi,biomass,0.0,0.0,0.0,0.0,0.0,True
2050,P0315,Jiangxi,beccs,0.0,0.0,0.0,0.0,0.0,True
2050,P0315,Jiangxi,ammonia,0.0,0.0,0.0,0.0,0.0,True
2050,P0316,Chongqing,unabated,0.0,0.0,0.0,0.0,0.0,True
2050,P0316,Chongqing,retire,0.0,0.0,0.0,0.0,0.0,True
2050,P0316,Chongqing,ccs,0.0,0.0,0.0,0.0,0.0,True
2050,P0316,Chongqing,biomass,1.0,5753040.0,4.7174928,4.7174928,0.0,True
2050,P0316,Chongqing,beccs,0.0,0.0,0.0,0.0,0.0,True
2050,P0316,Chongqing,ammonia,0.0,0.0,0.0,0.0,0.0,True
2050,P0317,Jiangsu,unabated,0.0,0.0,0.0,0.0,0.0,True
2050,P0317,Jiangsu,retire,0.0,0.0,0.0,0.0,0.0,True
2050,P0317,Jiangsu,ccs,0.0,0.0,0.0,0.0,0.0,True
2050,P0317,Jiangsu,biomass,0.0,0.0,0.0,0.0,0.0,True
2050,P0317,Jiangsu,beccs,1.0,6871235.0,5.6344126999999995,10.705384129999999,5.831617144499999,True
2050,P0317,Jiangsu,ammonia,0.0,0.0,0.0,0.0,0.0,True
2050,P0318,Jilin,unabated,0.0,0.0,0.0,0.0,0.0,True
2050,P0318,Jilin,retire,0.0,0.0,0.0,0.0,0.0,True
2050,P0318,Jilin,ccs,0.0,0.0,0.0,0.0,0.0,True
2050,P0318,Jilin,biomass,1.0,1991770.0000000002,1.6332514000000002,1.6332514000000002,0.0,True
2050,P0318,Jilin,beccs,0.0,0.0,0.0,0.0,0.0,True
2050,P0318,Jilin,ammonia,0.0,0.0,0.0,0.0,0.0,True
2050,P0319,Inner Mongolia,unabated,0.0,0.0,0.0,0.0,0.0,True
2050,P0319,Inner Mongolia,retire,0.0,0.0,0.0,0.0,0.0,True
2050,P0319,Inner Mongolia,ccs,0.0,0.0,0.0,0.0,0.0,True
2050,P0319,Inner Mongolia,biomass,1.0,3522049.9999999995,2.8880809999999997,2.8880809999999997,0.0,True
2050,P0319,Inner Mongolia,beccs,0.0,0.0,0.0,0.0,0.0,True
2050,P0319,Inner Mongolia,ammonia,0.0,0.0,0.0,0.0,0.0,True
2050,P0320,Guizhou,unabated,0.0,0.0,0.0,0.0,0.0,True
2050,P0320,Guizhou,retire,0.0,0.0,0.0,0.0,0.0,True
2050,P0320,Guizhou,ccs,0.0,0.0,0.0,0.0,0.0,True
2050,P0320,Guizhou,biomass,1.0,1424130.0,1.1677866,1.1677866,0.0,True
2050,P0320,Guizhou,beccs,0.0,0.0,0.0,0.0,0.0,True
2050,P0320,Guizhou,ammonia,0.0,0.0,0.0,0.0,0.0,True
2050,P0321,Jilin,unabated,0.0,0.0,0.0,0.0,0.0,True
2050,P0321,Jilin,retire,0.0,0.0,0.0,0.0,0.0,True
2050,P0321,Jilin,ccs,0.0,0.0,0.0,0.0,0.0,True
2050,P0321,Jilin,biomass,1.0,2390124.0000000005,1.9599016800000002,1.9599016800000002,0.0,True
2050,P0321,Jilin,beccs,0.0,0.0,0.0,0.0,0.0,True
2050,P0321,Jilin,ammonia,0.0,0.0,0.0,0.0,0.0,True
2050,P0322,Xinjiang,unabated,0.0,0.0,0.0,0.0,0.0,True
2050,P0322,Xinjiang,retire,0.0,0.0,0.0,0.0,0.0,True
2050,P0322,Xinjiang,ccs,1.0,3696839.9999999995,3.0314087999999995,2.7282679199999995,3.137508107999999,True
2050,P0322,Xinjiang,biomass,0.0,0.0,0.0,0.0,0.0,True
2050,P0322,Xinjiang,beccs,0.0,0.0,0.0,0.0,0.0,True
2050,P0322,Xinjiang,ammonia,0.0,0.0,0.0,0.0,0.0,True
2050,P0323,Henan,unabated,0.0,0.0,0.0,0.0,0.0,True
2050,P0323,Henan,retire,0.0,0.0,0.0,0.0,0.0,True
2050,P0323,Henan,ccs,0.0,0.0,0.0,0.0,0.0,True
2050,P0323,Henan,biomass,1.0,14398400.0,11.806688,11.806688,0.0,True
2050,P0323,Henan,beccs,0.0,0.0,0.0,0.0,0.0,True
2050,P0323,Henan,ammonia,0.0,0.0,0.0,0.0,0.0,True
2050,P0324,Shaanxi,unabated,0.0,0.0,0.0,0.0,0.0,True
2050,P0324,Shaanxi,retire,0.0,0.0,0.0,0.0,0.0,True
2050,P0324,Shaanxi,ccs,0.0,0.0,0.0,0.0,0.0,True
2050,P0324,Shaanxi,biomass,0.0,0.0,0.0,0.0,0.0,True
2050,P0324,Shaanxi,beccs,1.0,14430840.0,11.833288799999998,22.483248719999995,11.430956980799998,True
2050,P0324,Shaanxi,ammonia,0.0,0.0,0.0,0.0,0.0,True
2050,P0325,Zhejiang,unabated,0.0,0.0,0.0,0.0,0.0,True
2050,P0325,Zhejiang,retire,0.0,0.0,0.0,0.0,0.0,True
2050,P0325,Zhejiang,ccs,0.0,0.0,0.0,0.0,0.0,True
2050,P0325,Zhejiang,biomass,0.0,0.0,0.0,0.0,0.0,True
2050,P0325,Zhejiang,beccs,1.0,5529764.7,4.534407054,8.6153734026,4.693111300889999,True
2050,P0325,Zhejiang,ammonia,0.0,0.0,0.0,0.0,0.0,True
2050,P0326,Zhejiang,unabated,0.0,0.0,0.0,0.0,0.0,True
2050,P0326,Zhejiang,retire,1.0,37944481.5,31.11447483,31.11447483,0.0,True
2050,P0326,Zhejiang,ccs,0.0,0.0,0.0,0.0,0.0,True
2050,P0326,Zhejiang,biomass,0.0,0.0,0.0,0.0,0.0,True
2050,P0326,Zhejiang,beccs,0.0,0.0,0.0,0.0,0.0,True
2050,P0326,Zhejiang,ammonia,0.0,0.0,0.0,0.0,0.0,True
2050,P0327,Chongqing,unabated,0.0,0.0,0.0,0.0,0.0,True
2050,P0327,Chongqing,retire,0.0,0.0,0.0,0.0,0.0,True
2050,P0327,Chongqing,ccs,0.0,0.0,0.0,0.0,0.0,True
2050,P0327,Chongqing,biomass,1.0,13711412.0,11.24335784,11.24335784,0.0,True
2050,P0327,Chongqing,beccs,0.0,0.0,0.0,0.0,0.0,True
2050,P0327,Chongqing,ammonia,0.0,0.0,0.0,0.0,0.0,True
2050,P0328,Inner Mongolia,unabated,0.0,0.0,0.0,0.0,0.0,True
2050,P0328,Inner Mongolia,retire,0.0,0.0,0.0,0.0,0.0,True
2050,P0328,Inner Mongolia,ccs,0.0,0.0,0.0,0.0,0.0,True
2050,P0328,Inner Mongolia,biomass,0.0,0.0,0.0,0.0,0.0,True
2050,P0328,Inner Mongolia,beccs,1.0,11924655.0,9.778217099999999,18.578612489999998,9.445757718599998,True
2050,P0328,Inner Mongolia,ammonia,0.0,0.0,0.0,0.0,0.0,True
2050,P0329,Xinjiang,unabated,0.0,0.0,0.0,0.0,0.0,True
2050,P0329,Xinjiang,retire,0.0,0.0,0.0,0.0,0.0,True
2050,P0329,Xinjiang,ccs,0.0,0.0,0.0,0.0,0.0,True
2050,P0329,Xinjiang,biomass,1.0,528119.9999999999,0.4330583999999999,0.4330583999999999,0.0,True
2050,P0329,Xinjiang,beccs,0.0,0.0,0.0,0.0,0.0,True
2050,P0329,Xinjiang,ammonia,0.0,0.0,0.0,0.0,0.0,True
2050,P0330,Gansu,unabated,0.0,0.0,0.0,0.0,0.0,True
2050,P0330,Gansu,retire,0.20710098746003364,5206021.782375341,4.26893786154778,4.26893786154778,0.0,True
2050,P0330,Gansu,ccs,0.7928990125399664,19931578.21762466,16.34389413845222,14.709504724607001,16.915930433298048,True
2050,P0330,Gansu,biomass,0.0,0.0,0.0,0.0,0.0,True
2050,P0330,Gansu,beccs,0.0,0.0,0.0,0.0,0.0,True
2050,P0330,Gansu,ammonia,0.0,0.0,0.0,0.0,0.0,True
2050,P0331,Guangdong,unabated,0.0,0.0,0.0,0.0,0.0,True
2050,P0331,Guangdong,retire,1.0,25414742.0,20.84008844,20.84008844,0.0,True
2050,P0331,Guangdong,ccs,0.0,0.0,0.0,0.0,0.0,True
2050,P0331,Guangdong,biomass,0.0,0.0,0.0,0.0,0.0,True
2050,P0331,Guangdong,beccs,0.0,0.0,0.0,0.0,0.0,True
2050,P0331,Guangdong,ammonia,0.0,0.0,0.0,0.0,0.0,True
2050,P0332,Hebei,unabated,0.0,0.0,0.0,0.0,0.0,True
2050,P0332,Hebei,retire,0.0,0.0,0.0,0.0,0.0,True
2050,P0332,Hebei,ccs,0.0,0.0,0.0,0.0,0.0,True
2050,P0332,Hebei,biomass,0.0,0.0,0.0,0.0,0.0,True
2050,P0332,Hebei,beccs,1.0,17107584.0,14.028218879999999,26.653615871999996,14.519206540799999,True
2050,P0332,Hebei,ammonia,0.0,0.0,0.0,0.0,0.0,True
2050,P0333,Guangdong,unabated,0.0,0.0,0.0,0.0,0.0,True
2050,P0333,Guangdong,retire,0.0,0.0,0.0,0.0,0.0,True
2050,P0333,Guangdong,ccs,0.0,0.0,0.0,0.0,0.0,True
2050,P0333,Guangdong,biomass,0.0,0.0,0.0,0.0,0.0,True
2050,P0333,Guangdong,beccs,1.0,15675001.14,12.8535009348,24.421651776119997,13.303373467517998,True
2050,P0333,Guangdong,ammonia,0.0,0.0,0.0,0.0,0.0,True
2050,P0334,Hebei,unabated,0.0,0.0,0.0,0.0,0.0,True
2050,P0334,Hebei,retire,0.0,0.0,0.0,0.0,0.0,True
2050,P0334,Hebei,ccs,0.0,0.0,0.0,0.0,0.0,True
2050,P0334,Hebei,biomass,1.0,3118570.0,2.5572274,2.5572274,0.0,True
2050,P0334,Hebei,beccs,0.0,0.0,0.0,0.0,0.0,True
2050,P0334,Hebei,ammonia,0.0,0.0,0.0,0.0,0.0,True
2050,P0335,Hubei,unabated,0.0,0.0,0.0,0.0,0.0,True
2050,P0335,Hubei,retire,0.0,0.0,0.0,0.0,0.0,True
2050,P0335,Hubei,ccs,0.0,0.0,0.0,0.0,0.0,True
2050,P0335,Hubei,biomass,1.0,17248159.999999996,14.143491199999996,14.143491199999996,0.0,True
2050,P0335,Hubei,beccs,0.0,0.0,0.0,0.0,0.0,True
2050,P0335,Hubei,ammonia,0.0,0.0,0.0,0.0,0.0,True
2050,P0336,Inner Mongolia,unabated,0.0,0.0,0.0,0.0,0.0,True
2050,P0336,Inner Mongolia,retire,0.0,0.0,0.0,0.0,0.0,True
2050,P0336,Inner Mongolia,ccs,0.37720243630043215,3795788.116491249,3.112546255522824,2.8012916299705415,3.221485374466122,True
2050,P0336,Inner Mongolia,biomass,0.0,0.0,0.0,0.0,0.0,True
2050,P0336,Inner Mongolia,beccs,0.6227975636995678,6267211.883508751,5.139113744477176,9.764316114506633,5.318982725533876,True
2050,P0336,Inner Mongolia,ammonia,0.0,0.0,0.0,0.0,0.0,True
2050,P0337,Guizhou,unabated,0.0,0.0,0.0,0.0,0.0,True
2050,P0337,Guizhou,retire,0.0,0.0,0.0,0.0,0.0,True
2050,P0337,Guizhou,ccs,0.0,0.0,0.0,0.0,0.0,True
2050,P0337,Guizhou,biomass,1.0,3322970.0,2.7248354,2.7248354,0.0,True
2050,P0337,Guizhou,beccs,0.0,0.0,0.0,0.0,0.0,True
2050,P0337,Guizhou,ammonia,0.0,0.0,0.0,0.0,0.0,True
2050,P0338,Guangxi,unabated,0.0,0.0,0.0,0.0,0.0,True
2050,P0338,Guangxi,retire,0.0,0.0,0.0,0.0,0.0,True
2050,P0338,Guangxi,ccs,0.0,0.0,0.0,0.0,0.0,True
2050,P0338,Guangxi,biomass,1.0,2871960.0,2.3550071999999997,2.3550071999999997,0.0,True
2050,P0338,Guangxi,beccs,0.0,0.0,0.0,0.0,0.0,True
2050,P0338,Guangxi,ammonia,0.0,0.0,0.0,0.0,0.0,True
2050,P0339,Hainan,unabated,0.0,0.0,0.0,0.0,0.0,True
2050,P0339,Hainan,retire,0.0,0.0,0.0,0.0,0.0,True
2050,P0339,Hainan,ccs,0.0,0.0,0.0,0.0,0.0,True
2050,P0339,Hainan,biomass,0.0,0.0,0.0,0.0,0.0,True
2050,P0339,Hainan,beccs,1.0,3320394.0,2.7227230799999997,5.173173852,2.6301504952799997,True
2050,P0339,Hainan,ammonia,0.0,0.0,0.0,0.0,0.0,True
2050,P0340,Inner Mongolia,unabated,0.0,0.0,0.0,0.0,0.0,True
2050,P0340,Inner Mongolia,retire,0.0,0.0,0.0,0.0,0.0,True
2050,P0340,Inner Mongolia,ccs,0.0,0.0,0.0,0.0,0.0,True
2050,P0340,Inner Mongolia,biomass,0.03193271845646773,600903.8286973031,0.49274113953178844,0.49274113953178844,0.0,True
2050,P0340,Inner Mongolia,beccs,0.9680672815435327,18216906.171302706,14.937863060468217,28.381939814889613,14.429975716412297,True
2050,P0340,Inner Mongolia,ammonia,0.0,0.0,0.0,0.0,0.0,True
2050,P0341,Hebei,unabated,0.0,0.0,0.0,0.0,0.0,True
2050,P0341,Hebei,retire,0.0,0.0,0.0,0.0,0.0,True
2050,P0341,Hebei,ccs,0.0,0.0,0.0,0.0,0.0,True
2050,P0341,Hebei,biomass,1.0,445510.0,0.3653181999999999,0.3653181999999999,0.0,True
2050,P0341,Hebei,beccs,0.0,0.0,0.0,0.0,0.0,True
2050,P0341,Hebei,ammonia,0.0,0.0,0.0,0.0,0.0,True
2050,P0342,Zhejiang,unabated,0.0,0.0,0.0,0.0,0.0,True
2050,P0342,Zhejiang,retire,0.0,0.0,0.0,0.0,0.0,True
2050,P0342,Zhejiang,ccs,0.0,0.0,0.0,0.0,0.0,True
2050,P0342,Zhejiang,biomass,0.0,0.0,0.0,0.0,0.0,True
2050,P0342,Zhejiang,beccs,1.0,29115678.0,23.874855959999998,45.36222632399999,24.710475918599997,True
2050,P0342,Zhejiang,ammonia,0.0,0.0,0.0,0.0,0.0,True
2050,P0343,Hunan,unabated,0.0,0.0,0.0,0.0,0.0,True
2050,P0343,Hunan,retire,0.0,0.0,0.0,0.0,0.0,True
2050,P0343,Hunan,ccs,0.0,0.0,0.0,0.0,0.0,True
2050,P0343,Hunan,biomass,1.0,15315048.0,12.55833936,12.55833936,0.0,True
2050,P0343,Hunan,beccs,0.0,0.0,0.0,0.0,0.0,True
2050,P0343,Hunan,ammonia,0.0,0.0,0.0,0.0,0.0,True
2050,P0344,Xinjiang,unabated,0.0,0.0,0.0,0.0,0.0,True
2050,P0344,Xinjiang,retire,0.0,0.0,0.0,0.0,0.0,True
2050,P0344,Xinjiang,ccs,1.0,20913551.999999996,17.14911264,15.434201375999999,17.749331582399996,True
2050,P0344,Xinjiang,biomass,0.0,0.0,0.0,0.0,0.0,True
2050,P0344,Xinjiang,beccs,0.0,0.0,0.0,0.0,0.0,True
2050,P0344,Xinjiang,ammonia,0.0,0.0,0.0,0.0,0.0,True
2050,P0345,Gansu,unabated,0.0,0.0,0.0,0.0,0.0,True
2050,P0345,Gansu,retire,0.7352701960050023,6160976.026365115,5.052000341619395,5.052000341619395,0.0,True
2050,P0345,Gansu,ccs,0.0,0.0,0.0,0.0,0.0,True
2050,P0345,Gansu,biomass,0.011684923516245949,97910.31112732805,0.080286455124409,0.080286455124409,0.0,True
2050,P0345,Gansu,beccs,0.25304488047875173,2120313.6625075564,1.7386572032561962,3.3034486861867727,1.7995102053701628,True
2050,P0345,Gansu,ammonia,0.0,0.0,0.0,0.0,0.0,True
2050,P0346,Inner Mongolia,unabated,1.0,26465690.0,21.701865799999997,0.0,0.0,True
2050,P0346,Inner Mongolia,retire,0.0,0.0,0.0,0.0,0.0,True
2050,P0346,Inner Mongolia,ccs,0.0,0.0,0.0,0.0,0.0,True
2050,P0346,Inner Mongolia,biomass,0.0,0.0,0.0,0.0,0.0,True
2050,P0346,Inner Mongolia,beccs,0.0,0.0,0.0,0.0,0.0,True
2050,P0346,Inner Mongolia,ammonia,0.0,0.0,0.0,0.0,0.0,True
2050,P0347,Ningxia,unabated,0.0,0.0,0.0,0.0,0.0,True
2050,P0347,Ningxia,retire,1.0,3777884.0,3.09786488,3.09786488,0.0,True
2050,P0347,Ningxia,ccs,0.0,0.0,0.0,0.0,0.0,True
2050,P0347,Ningxia,biomass,0.0,0.0,0.0,0.0,0.0,True
2050,P0347,Ningxia,beccs,0.0,0.0,0.0,0.0,0.0,True
2050,P0347,Ningxia,ammonia,0.0,0.0,0.0,0.0,0.0,True
2050,P0348,Jiangsu,unabated,0.0,0.0,0.0,0.0,0.0,True
2050,P0348,Jiangsu,retire,0.0,0.0,0.0,0.0,0.0,True
2050,P0348,Jiangsu,ccs,0.0,0.0,0.0,0.0,0.0,True
2050,P0348,Jiangsu,biomass,0.0,0.0,0.0,0.0,0.0,True
2050,P0348,Jiangsu,beccs,1.0,25729515.0,21.098202299999997,40.08658436999999,20.380863421799994,True
2050,P0348,Jiangsu,ammonia,0.0,0.0,0.0,0.0,0.0,True
2050,P0349,Guangdong,unabated,0.0,0.0,0.0,0.0,0.0,True
2050,P0349,Guangdong,retire,0.0,0.0,0.0,0.0,0.0,True
2050,P0349,Guangdong,ccs,0.0,0.0,0.0,0.0,0.0,True
2050,P0349,Guangdong,biomass,0.0,0.0,0.0,0.0,0.0,True
2050,P0349,Guangdong,beccs,1.0,6281210.0,5.150592199999999,9.786125179999997,4.975472065199999,True
2050,P0349,Guangdong,ammonia,0.0,0.0,0.0,0.0,0.0,True
2050,P0350,Guangxi,unabated,0.0,0.0,0.0,0.0,0.0,True
2050,P0350,Guangxi,retire,0.0,0.0,0.0,0.0,0.0,True
2050,P0350,Guangxi,ccs,0.0,0.0,0.0,0.0,0.0,True
2050,P0350,Guangxi,biomass,1.0,622258.0,0.51025156,0.51025156,0.0,True
2050,P0350,Guangxi,beccs,0.0,0.0,0.0,0.0,0.0,True
2050,P0350,Guangxi,ammonia,0.0,0.0,0.0,0.0,0.0,True
2060,P0001,Fujian,unabated,0.0,0.0,0.0,0.0,0.0,True
2060,P0001,Fujian,retire,1.0,62847212.0,51.534713839999995,51.534713839999995,0.0,True
2060,P0001,Fujian,ccs,0.0,0.0,0.0,0.0,0.0,True
2060,P0001,Fujian,biomass,0.0,0.0,0.0,0.0,0.0,True
2060,P0001,Fujian,beccs,0.0,0.0,0.0,0.0,0.0,True
2060,P0001,Fujian,ammonia,0.0,0.0,0.0,0.0,0.0,True
2060,P0002,Shanxi,unabated,0.0,0.0,0.0,0.0,0.0,True
2060,P0002,Shanxi,retire,1.0,64951884.99999999,53.26054569999999,53.26054569999999,0.0,True
2060,P0002,Shanxi,ccs,0.0,0.0,0.0,0.0,0.0,True
2060,P0002,Shanxi,biomass,0.0,0.0,0.0,0.0,0.0,True
2060,P0002,Shanxi,beccs,0.0,0.0,0.0,0.0,0.0,True
2060,P0002,Shanxi,ammonia,0.0,0.0,0.0,0.0,0.0,True
2060,P0003,Chongqing,unabated,0.0,0.0,0.0,0.0,0.0,True
2060,P0003,Chongqing,retire,0.0,0.0,0.0,0.0,0.0,True
2060,P0003,Chongqing,ccs,0.0,0.0,0.0,0.0,0.0,True
2060,P0003,Chongqing,biomass,0.0,0.0,0.0,0.0,0.0,True
2060,P0003,Chongqing,beccs,1.0,32432763.0,26.59486566,50.530244753999995,25.69064022756,True
2060,P0003,Chongqing,ammonia,0.0,0.0,0.0,0.0,0.0,True
2060,P0004,Inner Mongolia,unabated,0.0,0.0,0.0,0.0,0.0,True
2060,P0004,Inner Mongolia,retire,0.0,0.0,0.0,0.0,0.0,True
2060,P0004,Inner Mongolia,ccs,0.38946311173581605,4232700.676869318,3.4708145550328404,3.1237330995295567,3.352806860161723,True
2060,P0004,Inner Mongolia,biomass,0.0,0.0,0.0,0.0,0.0,True
2060,P0004,Inner Mongolia,beccs,0.6105368882641842,6635339.323130684,5.440978244967161,10.337858665437604,5.255984984638276,True
2060,P0004,Inner Mongolia,ammonia,0.0,0.0,0.0,0.0,0.0,True
2060,P0005,Sichuan,unabated,0.0,0.0,0.0,0.0,0.0,True
2060,P0005,Sichuan,retire,0.0,0.0,0.0,0.0,0.0,True
2060,P0005,Sichuan,ccs,0.0,0.0,0.0,0.0,0.0,True
2060,P0005,Sichuan,biomass,0.09392859146285837,1766932.626159621,1.448884753450889,1.448884753450889,0.0,True
2060,P0005,Sichuan,beccs,0.9060714085371416,17044513.373840377,13.976500966549109,26.555351836443304,13.501299933686434,True
2060,P0005,Sichuan,ammonia,0.0,0.0,0.0,0.0,0.0,True
2060,P0006,Hebei,unabated,0.0,0.0,0.0,0.0,0.0,True
2060,P0006,Hebei,retire,1.0,22899214.0,18.77735548,18.77735548,0.0,True
2060,P0006,Hebei,ccs,0.0,0.0,0.0,0.0,0.0,True
2060,P0006,Hebei,biomass,0.0,0.0,0.0,0.0,0.0,True
2060,P0006,Hebei,beccs,0.0,0.0,0.0,0.0,0.0,True
2060,P0006,Hebei,ammonia,0.0,0.0,0.0,0.0,0.0,True
2060,P0007,Hebei,unabated,0.0,0.0,0.0,0.0,0.0,True
2060,P0007,Hebei,retire,1.0,38741549.6,31.768070671999997,31.768070671999997,0.0,True
2060,P0007,Hebei,ccs,0.0,0.0,0.0,0.0,0.0,True
2060,P0007,Hebei,biomass,0.0,0.0,0.0,0.0,0.0,True
2060,P0007,Hebei,beccs,0.0,0.0,0.0,0.0,0.0,True
2060,P0007,Hebei,ammonia,0.0,0.0,0.0,0.0,0.0,True
2060,P0008,Shandong,unabated,0.0,0.0,0.0,0.0,0.0,True
2060,P0008,Shandong,retire,0.01377049595595592,164309.13912338897,0.13473349408117896,0.13473349408117896,0.0,True
2060,P0008,Shandong,ccs,0.0,0.0,0.0,0.0,0.0,True
2060,P0008,Shandong,biomass,0.9862295040440441,11767660.460876612,9.649481577918822,9.649481577918822,0.0,True
2060,P0008,Shandong,beccs,0.0,0.0,0.0,0.0,0.0,True
2060,P0008,Shandong,ammonia,0.0,0.0,0.0,0.0,0.0,True
2060,P0009,Inner Mongolia,unabated,0.0,0.0,0.0,0.0,0.0,True
2060,P0009,Inner Mongolia,retire,1.0,107372210.0,88.0452122,88.0452122,0.0,True
2060,P0009,Inner Mongolia,ccs,0.0,0.0,0.0,0.0,0.0,True
2060,P0009,Inner Mongolia,biomass,0.0,0.0,0.0,0.0,0.0,True
2060,P0009,Inner Mongolia,beccs,0.0,0.0,0.0,0.0,0.0,True
2060,P0009,Inner Mongolia,ammonia,0.0,0.0,0.0,0.0,0.0,True
2060,P0010,Yunnan,unabated,0.0,0.0,0.0,0.0,0.0,True
2060,P0010,Yunnan,retire,0.0,0.0,0.0,0.0,0.0,True
2060,P0010,Yunnan,ccs,0.0,0.0,0.0,0.0,0.0,True
2060,P0010,Yunnan,biomass,1.0,16673783.999999998,13.672502879999998,13.672502879999998,0.0,True
2060,P0010,Yunnan,beccs,0.0,0.0,0.0,0.0,0.0,True
2060,P0010,Yunnan,ammonia,0.0,0.0,0.0,0.0,0.0,True
2060,P0011,Guangdong,unabated,0.0,0.0,0.0,0.0,0.0,True
2060,P0011,Guangdong,retire,1.0,41214401.0,33.79580882,33.79580882,0.0,True
2060,P0011,Guangdong,ccs,0.0,0.0,0.0,0.0,0.0,True
2060,P0011,Guangdong,biomass,0.0,0.0,0.0,0.0,0.0,True
2060,P0011,Guangdong,beccs,0.0,0.0,0.0,0.0,0.0,True
2060,P0011,Guangdong,ammonia,0.0,0.0,0.0,0.0,0.0,True
2060,P0012,Liaoning,unabated,0.0,0.0,0.0,0.0,0.0,True
2060,P0012,Liaoning,retire,0.0,0.0,0.0,0.0,0.0,True
2060,P0012,Liaoning,ccs,0.0,0.0,0.0,0.0,0.0,True
2060,P0012,Liaoning,biomass,1.0,17363920.0,14.238414399999998,14.238414399999998,0.0,True
2060,P0012,Liaoning,beccs,0.0,0.0,0.0,0.0,0.0,True
2060,P0012,Liaoning,ammonia,0.0,0.0,0.0,0.0,0.0,True
2060,P0013,Shanxi,unabated,0.0,0.0,0.0,0.0,0.0,True
2060,P0013,Shanxi,retire,1.0,81340315.0,66.69905829999999,66.69905829999999,0.0,True
2060,P0013,Shanxi,ccs,0.0,0.0,0.0,0.0,0.0,True
2060,P0013,Shanxi,biomass,0.0,0.0,0.0,0.0,0.0,True
2060,P0013,Shanxi,beccs,0.0,0.0,0.0,0.0,0.0,True
2060,P0013,Shanxi,ammonia,0.0,0.0,0.0,0.0,0.0,True
2060,P0014,Guangdong,unabated,0.0,0.0,0.0,0.0,0.0,True
2060,P0014,Guangdong,retire,0.0,0.0,0.0,0.0,0.0,True
2060,P0014,Guangdong,ccs,0.0,0.0,0.0,0.0,0.0,True
2060,P0014,Guangdong,biomass,0.0,0.0,0.0,0.0,0.0,True
2060,P0014,Guangdong,beccs,1.0,11885982.0,9.74650524,18.518359955999998,9.415124061839999,True
2060,P0014,Guangdong,ammonia,0.0,0.0,0.0,0.0,0.0,True
2060,P0015,Hunan,unabated,0.0,0.0,0.0,0.0,0.0,True
2060,P0015,Hunan,retire,0.0,0.0,0.0,0.0,0.0,True
2060,P0015,Hunan,ccs,0.0,0.0,0.0,0.0,0.0,True
2060,P0015,Hunan,biomass,1.0,9884457.0,8.10525474,8.10525474,0.0,True
2060,P0015,Hunan,beccs,0.0,0.0,0.0,0.0,0.0,True
2060,P0015,Hunan,ammonia,0.0,0.0,0.0,0.0,0.0,True
2060,P0016,Hubei,unabated,0.0,0.0,0.0,0.0,0.0,True
2060,P0016,Hubei,retire,0.0,0.0,0.0,0.0,0.0,True
2060,P0016,Hubei,ccs,0.0,0.0,0.0,0.0,0.0,True
2060,P0016,Hubei,biomass,1.0,31796607.999999996,26.073218559999994,26.073218559999994,0.0,True
2060,P0016,Hubei,beccs,0.0,0.0,0.0,0.0,0.0,True
2060,P0016,Hubei,ammonia,0.0,0.0,0.0,0.0,0.0,True
2060,P0017,Jiangsu,unabated,0.0,0.0,0.0,0.0,0.0,True
2060,P0017,Jiangsu,retire,0.0,0.0,0.0,0.0,0.0,True
2060,P0017,Jiangsu,ccs,0.0,0.0,0.0,0.0,0.0,True
2060,P0017,Jiangsu,biomass,0.0,0.0,0.0,0.0,0.0,True
2060,P0017,Jiangsu,beccs,1.0,46744460.0,38.3304572,72.82786868,37.027221655199995,True
2060,P0017,Jiangsu,ammonia,0.0,0.0,0.0,0.0,0.0,True
2060,P0018,Jilin,unabated,0.0,0.0,0.0,0.0,0.0,True
2060,P0018,Jilin,retire,0.0,0.0,0.0,0.0,0.0,True
2060,P0018,Jilin,ccs,0.0,0.0,0.0,0.0,0.0,True
2060,P0018,Jilin,biomass,1.0,3838684.0,3.14772088,3.14772088,0.0,True
2060,P0018,Jilin,beccs,0.0,0.0,0.0,0.0,0.0,True
2060,P0018,Jilin,ammonia,0.0,0.0,0.0,0.0,0.0,True
2060,P0019,Hunan,unabated,0.0,0.0,0.0,0.0,0.0,True
2060,P0019,Hunan,retire,0.0,0.0,0.0,0.0,0.0,True
2060,P0019,Hunan,ccs,0.0,0.0,0.0,0.0,0.0,True
2060,P0019,Hunan,biomass,1.0,15119703.0,12.39815646,12.39815646,0.0,True
2060,P0019,Hunan,beccs,0.0,0.0,0.0,0.0,0.0,True
2060,P0019,Hunan,ammonia,0.0,0.0,0.0,0.0,0.0,True
2060,P0020,Zhejiang,unabated,0.0,0.0,0.0,0.0,0.0,True
2060,P0020,Zhejiang,retire,1.0,67514054.1,55.36152436199999,55.36152436199999,0.0,True
2060,P0020,Zhejiang,ccs,0.0,0.0,0.0,0.0,0.0,True
2060,P0020,Zhejiang,biomass,0.0,0.0,0.0,0.0,0.0,True
2060,P0020,Zhejiang,beccs,0.0,0.0,0.0,0.0,0.0,True
2060,P0020,Zhejiang,ammonia,0.0,0.0,0.0,0.0,0.0,True
2060,P0021,Shandong,unabated,0.0,0.0,0.0,0.0,0.0,True
2060,P0021,Shandong,retire,1.0,45246412.50000001,37.102058250000006,37.102058250000006,0.0,True
2060,P0021,Shandong,ccs,0.0,0.0,0.0,0.0,0.0,True
2060,P0021,Shandong,biomass,0.0,0.0,0.0,0.0,0.0,True
2060,P0021,Shandong,beccs,0.0,0.0,0.0,0.0,0.0,True
2060,P0021,Shandong,ammonia,0.0,0.0,0.0,0.0,0.0,True
2060,P0022,Shandong,unabated,0.0,0.0,0.0,0.0,0.0,True
2060,P0022,Shandong,retire,0.109305526170414,1737543.543512634,1.4247857056803597,1.4247857056803597,0.0,True
2060,P0022,Shandong,ccs,0.0,0.0,0.0,0.0,0.0,True
2060,P0022,Shandong,biomass,0.890694473829586,14158665.956487369,11.610106084319641,11.610106084319641,0.0,True
2060,P0022,Shandong,beccs,0.0,0.0,0.0,0.0,0.0,True
2060,P0022,Shandong,ammonia,0.0,0.0,0.0,0.0,0.0,True
2060,P0023,Henan,unabated,0.0,0.0,0.0,0.0,0.0,True
2060,P0023,Henan,retire,0.0,0.0,0.0,0.0,0.0,True
2060,P0023,Henan,ccs,0.0,0.0,0.0,0.0,0.0,True
2060,P0023,Henan,biomass,1.0,20013776.0,16.411296319999998,16.411296319999998,0.0,True
2060,P0023,Henan,beccs,0.0,0.0,0.0,0.0,0.0,True
2060,P0023,Henan,ammonia,0.0,0.0,0.0,0.0,0.0,True
2060,P0024,Chongqing,unabated,0.0,0.0,0.0,0.0,0.0,True
2060,P0024,Chongqing,retire,0.0,0.0,0.0,0.0,0.0,True
2060,P0024,Chongqing,ccs,0.0,0.0,0.0,0.0,0.0,True
2060,P0024,Chongqing,biomass,1.0,5892071.800000001,4.831498876,4.831498876,0.0,True
2060,P0024,Chongqing,beccs,0.0,0.0,0.0,0.0,0.0,True
2060,P0024,Chongqing,ammonia,0.0,0.0,0.0,0.0,0.0,True
2060,P0025,Jilin,unabated,0.0,0.0,0.0,0.0,0.0,True
2060,P0025,Jilin,retire,0.0,0.0,0.0,0.0,0.0,True
2060,P0025,Jilin,ccs,0.0,0.0,0.0,0.0,0.0,True
2060,P0025,Jilin,biomass,0.0,0.0,0.0,0.0,0.0,True
2060,P0025,Jilin,beccs,1.0,15572020.000000002,12.7690564,24.261207159999998,12.334908482399998,True
2060,P0025,Jilin,ammonia,0.0,0.0,0.0,0.0,0.0,True
2060,P0026,Hainan,unabated,0.0,0.0,0.0,0.0,0.0,True
2060,P0026,Hainan,retire,0.0,0.0,0.0,0.0,0.0,True
2060,P0026,Hainan,ccs,0.0,0.0,0.0,0.0,0.0,True
2060,P0026,Hainan,biomass,0.0,0.0,0.0,0.0,0.0,True
2060,P0026,Hainan,beccs,1.0,10564890.0,8.663209799999999,16.460098619999997,8.368660666799999,True
2060,P0026,Hainan,ammonia,0.0,0.0,0.0,0.0,0.0,True
2060,P0027,Shandong,unabated,0.0,0.0,0.0,0.0,0.0,True
2060,P0027,Shandong,retire,0.13111240573209515,7642030.988410081,6.2664654104962665,6.2664654104962665,0.0,True
2060,P0027,Shandong,ccs,0.0,0.0,0.0,0.0,0.0,True
2060,P0027,Shandong,biomass,0.8688875942679049,50644070.51158993,41.52813781950374,41.52813781950374,0.0,True
2060,P0027,Shandong,beccs,0.0,0.0,0.0,0.0,0.0,True
2060,P0027,Shandong,ammonia,0.0,0.0,0.0,0.0,0.0,True
2060,P0028,Hunan,unabated,0.0,0.0,0.0,0.0,0.0,True
2060,P0028,Hunan,retire,0.0,0.0,0.0,0.0,0.0,True
2060,P0028,Hunan,ccs,0.0,0.0,0.0,0.0,0.0,True
2060,P0028,Hunan,biomass,1.0,22425606.0,18.388996919999997,18.388996919999997,0.0,True
2060,P0028,Hunan,beccs,0.0,0.0,0.0,0.0,0.0,True
2060,P0028,Hunan,ammonia,0.0,0.0,0.0,0.0,0.0,True
2060,P0029,Jilin,unabated,0.0,0.0,0.0,0.0,0.0,True
2060,P0029,Jilin,retire,0.0,0.0,0.0,0.0,0.0,True
2060,P0029,Jilin,ccs,0.0,0.0,0.0,0.0,0.0,True
2060,P0029,Jilin,biomass,0.0,0.0,0.0,0.0,0.0,True
2060,P0029,Jilin,beccs,1.0,434568.0,0.35634575999999996,0.6770569439999999,0.34423000415999994,True
2060,P0029,Jilin,ammonia,0.0,0.0,0.0,0.0,0.0,True
2060,P0030,Jilin,unabated,0.0,0.0,0.0,0.0,0.0,True
2060,P0030,Jilin,retire,0.0,0.0,0.0,0.0,0.0,True
2060,P0030,Jilin,ccs,0.0,0.0,0.0,0.0,0.0,True
2060,P0030,Jilin,biomass,0.0,0.0,0.0,0.0,0.0,True
2060,P0030,Jilin,beccs,1.0,16227493.4,13.306544588,25.282434717199997,12.854122072007998,True
2060,P0030,Jilin,ammonia,0.0,0.0,0.0,0.0,0.0,True
2060,P0031,Shanxi,unabated,0.0,0.0,0.0,0.0,0.0,True
2060,P0031,Shanxi,retire,0.0,0.0,0.0,0.0,0.0,True
2060,P0031,Shanxi,ccs,0.0,0.0,0.0,0.0,0.0,True
2060,P0031,Shanxi,biomass,0.0,0.0,0.0,0.0,0.0,True
2060,P0031,Shanxi,beccs,1.0,22684550.0,18.601331,35.3425289,17.968885745999998,True
2060,P0031,Shanxi,ammonia,0.0,0.0,0.0,0.0,0.0,True
2060,P0032,Henan,unabated,0.0,0.0,0.0,0.0,0.0,True
2060,P0032,Henan,retire,0.0,0.0,0.0,0.0,0.0,True
2060,P0032,Henan,ccs,0.0,0.0,0.0,0.0,0.0,True
2060,P0032,Henan,biomass,0.95264602828919,8127072.8049285505,6.6641997000414115,6.6641997000414115,0.0,True
2060,P0032,Henan,beccs,0.04735397171081068,403979.1950714549,0.331262939958593,0.6293995859213267,0.3200000000000008,True
2060,P0032,Henan,ammonia,0.0,0.0,0.0,0.0,0.0,True
2060,P0033,Henan,unabated,0.0,0.0,0.0,0.0,0.0,True
2060,P0033,Henan,retire,0.0,0.0,0.0,0.0,0.0,True
2060,P0033,Henan,ccs,0.0,0.0,0.0,0.0,0.0,True
2060,P0033,Henan,biomass,1.0,22569492.0,18.50698344,18.50698344,0.0,True
2060,P0033,Henan,beccs,0.0,0.0,0.0,0.0,0.0,True
2060,P0033,Henan,ammonia,0.0,0.0,0.0,0.0,0.0,True
2060,P0034,Shandong,unabated,0.0,0.0,0.0,0.0,0.0,True
2060,P0034,Shandong,retire,1.0,18403842.0,15.09115044,15.09115044,0.0,True
2060,P0034,Shandong,ccs,0.0,0.0,0.0,0.0,0.0,True
2060,P0034,Shandong,biomass,0.0,0.0,0.0,0.0,0.0,True
2060,P0034,Shandong,beccs,0.0,0.0,0.0,0.0,0.0,True
2060,P0034,Shandong,ammonia,0.0,0.0,0.0,0.0,0.0,True
2060,P0035,Anhui,unabated,0.0,0.0,0.0,0.0,0.0,True
2060,P0035,Anhui,retire,1.0,46348752.00000001,38.00597664,38.00597664,0.0,True
2060,P0035,Anhui,ccs,0.0,0.0,0.0,0.0,0.0,True
2060,P0035,Anhui,biomass,0.0,0.0,0.0,0.0,0.0,True
2060,P0035,Anhui,beccs,0.0,0.0,0.0,0.0,0.0,True
2060,P0035,Anhui,ammonia,0.0,0.0,0.0,0.0,0.0,True
2060,P0036,Jiangsu,unabated,0.0,0.0,0.0,0.0,0.0,True
2060,P0036,Jiangsu,retire,1.0,140042791.0,114.83508862,114.83508862,0.0,True
2060,P0036,Jiangsu,ccs,0.0,0.0,0.0,0.0,0.0,True
2060,P0036,Jiangsu,biomass,0.0,0.0,0.0,0.0,0.0,True
2060,P0036,Jiangsu,beccs,0.0,0.0,0.0,0.0,0.0,True
2060,P0036,Jiangsu,ammonia,0.0,0.0,0.0,0.0,0.0,True
2060,P0037,Inner Mongolia,unabated,0.0,0.0,0.0,0.0,0.0,True
2060,P0037,Inner Mongolia,retire,1.0,41962710.0,34.409422199999995,34.409422199999995,0.0,True
2060,P0037,Inner Mongolia,ccs,0.0,0.0,0.0,0.0,0.0,True
2060,P0037,Inner Mongolia,biomass,0.0,0.0,0.0,0.0,0.0,True
2060,P0037,Inner Mongolia,beccs,0.0,0.0,0.0,0.0,0.0,True
2060,P0037,Inner Mongolia,ammonia,0.0,0.0,0.0,0.0,0.0,True
2060,P0038,Sichuan,unabated,0.0,0.0,0.0,0.0,0.0,True
2060,P0038,Sichuan,retire,0.0,0.0,0.0,0.0,0.0,True
2060,P0038,Sichuan,ccs,0.0,0.0,0.0,0.0,0.0,True
2060,P0038,Sichuan,biomass,0.0,0.0,0.0,0.0,0.0,True
2060,P0038,Sichuan,beccs,1.0,24582287.999999996,20.157476159999998,38.299204704,19.472121970559996,True
2060,P0038,Sichuan,ammonia,0.0,0.0,0.0,0.0,0.0,True
2060,P0039,Heilongjiang,unabated,0.0,0.0,0.0,0.0,0.0,True
2060,P0039,Heilongjiang,retire,0.0,0.0,0.0,0.0,0.0,True
2060,P0039,Heilongjiang,ccs,0.0,0.0,0.0,0.0,0.0,True
2060,P0039,Heilongjiang,biomass,0.0,0.0,0.0,0.0,0.0,True
2060,P0039,Heilongjiang,beccs,1.0,7478775.0,6.1325955,11.65193145,5.924087252999999,True
2060,P0039,Heilongjiang,ammonia,0.0,0.0,0.0,0.0,0.0,True
2060,P0040,Shanxi,unabated,0.0,0.0,0.0,0.0,0.0,True
2060,P0040,Shanxi,retire,1.0,29397324.999999996,24.105806499999996,24.105806499999996,0.0,True
2060,P0040,Shanxi,ccs,0.0,0.0,0.0,0.0,0.0,True
2060,P0040,Shanxi,biomass,0.0,0.0,0.0,0.0,0.0,True
2060,P0040,Shanxi,beccs,0.0,0.0,0.0,0.0,0.0,True
2060,P0040,Shanxi,ammonia,0.0,0.0,0.0,0.0,0.0,True
2060,P0041,Hebei,unabated,0.0,0.0,0.0,0.0,0.0,True
2060,P0041,Hebei,retire,0.0,0.0,0.0,0.0,0.0,True
2060,P0041,Hebei,ccs,0.04370722296731501,757460.990772155,0.6211180124331671,0.5590062111898504,0.6000000000104393,True
2060,P0041,Hebei,biomass,0.2963547467162515,5135928.224851775,4.211461144378456,4.211461144378456,0.0,True
2060,P0041,Hebei,beccs,0.6599380303164335,11436949.78437607,9.378298823188377,17.818767764057913,9.05943666319997,True
2060,P0041,Hebei,ammonia,0.0,0.0,0.0,0.0,0.0,True
2060,P0042,Shandong,unabated,0.0,0.0,0.0,0.0,0.0,True
2060,P0042,Shandong,retire,0.1081887613782998,2981915.085800429,2.4451703703563514,2.4451703703563514,0.0,True
2060,P0042,Shandong,ccs,0.0,0.0,0.0,0.0,0.0,True
2060,P0042,Shandong,biomass,0.24491436901047792,6750367.065650883,5.535300993833723,5.535300993833723,0.0,True
2060,P0042,Shandong,beccs,0.6468968696112223,17829869.84854869,14.620493275809926,27.77893722403886,14.123396504432387,True
2060,P0042,Shandong,ammonia,0.0,0.0,0.0,0.0,0.0,True
2060,P0043,Anhui,unabated,0.0,0.0,0.0,0.0,0.0,True
2060,P0043,Anhui,retire,0.0,0.0,0.0,0.0,0.0,True
2060,P0043,Anhui,ccs,0.0,0.0,0.0,0.0,0.0,True
2060,P0043,Anhui,biomass,1.0,71657610.0,58.759240199999994,58.759240199999994,0.0,True
2060,P0043,Anhui,beccs,0.0,0.0,0.0,0.0,0.0,True
2060,P0043,Anhui,ammonia,0.0,0.0,0.0,0.0,0.0,True
2060,P0044,Heilongjiang,unabated,0.0,0.0,0.0,0.0,0.0,True
2060,P0044,Heilongjiang,retire,0.0,0.0,0.0,0.0,0.0,True
2060,P0044,Heilongjiang,ccs,0.0,0.0,0.0,0.0,0.0,True
2060,P0044,Heilongjiang,biomass,0.0,0.0,0.0,0.0,0.0,True
2060,P0044,Heilongjiang,beccs,1.0,10278967.500000002,8.428753350000001,16.014631365,8.142175736099999,True
2060,P0044,Heilongjiang,ammonia,0.0,0.0,0.0,0.0,0.0,True
2060,P0045,Henan,unabated,0.0,0.0,0.0,0.0,0.0,True
2060,P0045,Henan,retire,1.0,50070436.0,41.057757519999996,41.057757519999996,0.0,True
2060,P0045,Henan,ccs,0.0,0.0,0.0,0.0,0.0,True
2060,P0045,Henan,biomass,0.0,0.0,0.0,0.0,0.0,True
2060,P0045,Henan,beccs,0.0,0.0,0.0,0.0,0.0,True
2060,P0045,Henan,ammonia,0.0,0.0,0.0,0.0,0.0,True
2060,P0046,Zhejiang,unabated,0.0,0.0,0.0,0.0,0.0,True
2060,P0046,Zhejiang,retire,1.0,102230348.64,83.8288858848,83.8288858848,0.0,True
2060,P0046,Zhejiang,ccs,0.0,0.0,0.0,0.0,0.0,True
2060,P0046,Zhejiang,biomass,0.0,0.0,0.0,0.0,0.0,True
2060,P0046,Zhejiang,beccs,0.0,0.0,0.0,0.0,0.0,True
2060,P0046,Zhejiang,ammonia,0.0,0.0,0.0,0.0,0.0,True
2060,P0047,Liaoning,unabated,0.0,0.0,0.0,0.0,0.0,True
2060,P0047,Liaoning,retire,0.0,0.0,0.0,0.0,0.0,True
2060,P0047,Liaoning,ccs,0.0,0.0,0.0,0.0,0.0,True
2060,P0047,Liaoning,biomass,1.0,10170295.999999998,8.339642719999999,8.339642719999999,0.0,True
2060,P0047,Liaoning,beccs,0.0,0.0,0.0,0.0,0.0,True
2060,P0047,Liaoning,ammonia,0.0,0.0,0.0,0.0,0.0,True
2060,P0048,Shanxi,unabated,0.0,0.0,0.0,0.0,0.0,True
2060,P0048,Shanxi,retire,0.0,0.0,0.0,0.0,0.0,True
2060,P0048,Shanxi,ccs,0.0,0.0,0.0,0.0,0.0,True
2060,P0048,Shanxi,biomass,0.0,0.0,0.0,0.0,0.0,True
2060,P0048,Shanxi,beccs,1.0,6481300.0,5.314666,10.0978654,5.50067931,True
2060,P0048,Shanxi,ammonia,0.0,0.0,0.0,0.0,0.0,True
2060,P0049,Xinjiang,unabated,0.0,0.0,0.0,0.0,0.0,True
2060,P0049,Xinjiang,retire,6.718682583839453e-06,48.25648078801116,3.9570314246169155e-05,3.9570314246169155e-05,0.0,True
2060,P0049,Xinjiang,ccs,0.9999932813174162,7182383.743519211,5.8895546696857535,5.300599202717178,5.689309810916437,True
2060,P0049,Xinjiang,biomass,0.0,0.0,0.0,0.0,0.0,True
2060,P0049,Xinjiang,beccs,0.0,0.0,0.0,0.0,0.0,True
2060,P0049,Xinjiang,ammonia,0.0,0.0,0.0,0.0,0.0,True
2060,P0050,Henan,unabated,0.0,0.0,0.0,0.0,0.0,True
2060,P0050,Henan,retire,0.0,0.0,0.0,0.0,0.0,True
2060,P0050,Henan,ccs,0.0,0.0,0.0,0.0,0.0,True
2060,P0050,Henan,biomass,1.0,7055216.0,5.78527712,5.78527712,0.0,True
2060,P0050,Henan,beccs,0.0,0.0,0.0,0.0,0.0,True
2060,P0050,Henan,ammonia,0.0,0.0,0.0,0.0,0.0,True
2060,P0051,Hebei,unabated,0.0,0.0,0.0,0.0,0.0,True
2060,P0051,Hebei,retire,1.0,36442718.0,29.88302876,29.88302876,0.0,True
2060,P0051,Hebei,ccs,0.0,0.0,0.0,0.0,0.0,True
2060,P0051,Hebei,biomass,0.0,0.0,0.0,0.0,0.0,True
2060,P0051,Hebei,beccs,0.0,0.0,0.0,0.0,0.0,True
2060,P0051,Hebei,ammonia,0.0,0.0,0.0,0.0,0.0,True
2060,P0052,Jiangsu,unabated,0.0,0.0,0.0,0.0,0.0,True
2060,P0052,Jiangsu,retire,1.0,137274235.0,112.5648727,112.5648727,0.0,True
2060,P0052,Jiangsu,ccs,0.0,0.0,0.0,0.0,0.0,True
2060,P0052,Jiangsu,biomass,0.0,0.0,0.0,0.0,0.0,True
2060,P0052,Jiangsu,beccs,0.0,0.0,0.0,0.0,0.0,True
2060,P0052,Jiangsu,ammonia,0.0,0.0,0.0,0.0,0.0,True
2060,P0053,Heilongjiang,unabated,0.0,0.0,0.0,0.0,0.0,True
2060,P0053,Heilongjiang,retire,0.0,0.0,0.0,0.0,0.0,True
2060,P0053,Heilongjiang,ccs,0.0,0.0,0.0,0.0,0.0,True
2060,P0053,Heilongjiang,biomass,1.0,9739800.000000002,7.986636000000001,7.986636000000001,0.0,True
2060,P0053,Heilongjiang,beccs,0.0,0.0,0.0,0.0,0.0,True
2060,P0053,Heilongjiang,ammonia,0.0,0.0,0.0,0.0,0.0,True
2060,P0054,Hebei,unabated,0.0,0.0,0.0,0.0,0.0,True
2060,P0054,Hebei,retire,0.10994392162183941,2164965.350261159,1.7752715872141505,1.7752715872141505,0.0,True
2060,P0054,Hebei,ccs,0.0,0.0,0.0,0.0,0.0,True
2060,P0054,Hebei,biomass,0.8900560783781606,17526576.64973884,14.37179285278585,14.37179285278585,0.0,True
2060,P0054,Hebei,beccs,0.0,0.0,0.0,0.0,0.0,True
2060,P0054,Hebei,ammonia,0.0,0.0,0.0,0.0,0.0,True
2060,P0055,Shanxi,unabated,0.0,0.0,0.0,0.0,0.0,True
2060,P0055,Shanxi,retire,1.0,17129150.0,14.045903,14.045903,0.0,True
2060,P0055,Shanxi,ccs,0.0,0.0,0.0,0.0,0.0,True
2060,P0055,Shanxi,biomass,0.0,0.0,0.0,0.0,0.0,True
2060,P0055,Shanxi,beccs,0.0,0.0,0.0,0.0,0.0,True
2060,P0055,Shanxi,ammonia,0.0,0.0,0.0,0.0,0.0,True
2060,P0056,Jiangxi,unabated,0.0,0.0,0.0,0.0,0.0,True
2060,P0056,Jiangxi,retire,0.0,0.0,0.0,0.0,0.0,True
2060,P0056,Jiangxi,ccs,0.0,0.0,0.0,0.0,0.0,True
2060,P0056,Jiangxi,biomass,0.0,0.0,0.0,0.0,0.0,True
2060,P0056,Jiangxi,beccs,1.0,19160928.0,15.711960959999999,29.852725823999997,16.2618795936,True
2060,P0056,Jiangxi,ammonia,0.0,0.0,0.0,0.0,0.0,True
2060,P0057,Gansu,unabated,0.0,0.0,0.0,0.0,0.0,True
2060,P0057,Gansu,retire,0.0,0.0,0.0,0.0,0.0,True
2060,P0057,Gansu,ccs,0.0,0.0,0.0,0.0,0.0,True
2060,P0057,Gansu,biomass,0.0,0.0,0.0,0.0,0.0,True
2060,P0057,Gansu,beccs,1.0,12233632.0,10.03157824,19.059998655999998,9.690504579839997,True
2060,P0057,Gansu,ammonia,0.0,0.0,0.0,0.0,0.0,True
2060,P0058,Jiangsu,unabated,0.0,0.0,0.0,0.0,0.0,True
2060,P0058,Jiangsu,retire,1.0,22644982.500000004,18.568885650000002,18.568885650000002,0.0,True
2060,P0058,Jiangsu,ccs,0.0,0.0,0.0,0.0,0.0,True
2060,P0058,Jiangsu,biomass,0.0,0.0,0.0,0.0,0.0,True
2060,P0058,Jiangsu,beccs,0.0,0.0,0.0,0.0,0.0,True
2060,P0058,Jiangsu,ammonia,0.0,0.0,0.0,0.0,0.0,True
2060,P0059,Inner Mongolia,unabated,0.0,0.0,0.0,0.0,0.0,True
2060,P0059,Inner Mongolia,retire,1.0,104755830.0,85.8997806,85.8997806,0.0,True
2060,P0059,Inner Mongolia,ccs,0.0,0.0,0.0,0.0,0.0,True
2060,P0059,Inner Mongolia,biomass,0.0,0.0,0.0,0.0,0.0,True
2060,P0059,Inner Mongolia,beccs,0.0,0.0,0.0,0.0,0.0,True
2060,P0059,Inner Mongolia,ammonia,0.0,0.0,0.0,0.0,0.0,True
2060,P0060,Shandong,unabated,0.0,0.0,0.0,0.0,0.0,True
2060,P0060,Shandong,retire,0.0,0.0,0.0,0.0,0.0,True
2060,P0060,Shandong,ccs,0.0,0.0,0.0,0.0,0.0,True
2060,P0060,Shandong,biomass,1.0,21639778.200000003,17.744618124000002,17.744618124000002,0.0,True
2060,P0060,Shandong,beccs,0.0,0.0,0.0,0.0,0.0,True
2060,P0060,Shandong,ammonia,0.0,0.0,0.0,0.0,0.0,True
2060,P0061,Shandong,unabated,0.0,0.0,0.0,0.0,0.0,True
2060,P0061,Shandong,retire,0.0,0.0,0.0,0.0,0.0,True
2060,P0061,Shandong,ccs,0.0,0.0,0.0,0.0,0.0,True
2060,P0061,Shandong,biomass,0.1989107820778221,3400481.661940793,2.7883949627914504,2.7883949627914504,0.0,True
2060,P0061,Shandong,beccs,0.8010892179221787,13695030.338059224,11.229924877208562,21.336857266696267,10.84810743138347,True
2060,P0061,Shandong,ammonia,0.0,0.0,0.0,0.0,0.0,True
2060,P0062,Xinjiang,unabated,0.0,0.0,0.0,0.0,0.0,True
2060,P0062,Xinjiang,retire,0.0,0.0,0.0,0.0,0.0,True
2060,P0062,Xinjiang,ccs,0.2891848902267172,1481425.9449973786,1.2147692748978502,1.0932923474080654,1.1734671195513229,True
2060,P0062,Xinjiang,biomass,0.0,0.0,0.0,0.0,0.0,True
2060,P0062,Xinjiang,beccs,0.710815109773283,3641338.0550026223,2.98589720510215,5.673204689694085,2.8843767001286755,True
2060,P0062,Xinjiang,ammonia,0.0,0.0,0.0,0.0,0.0,True
2060,P0063,Ningxia,unabated,0.0,0.0,0.0,0.0,0.0,True
2060,P0063,Ningxia,retire,0.39513661205743444,3456964.8693822897,2.834711192893477,2.834711192893477,0.0,True
2060,P0063,Ningxia,ccs,0.0,0.0,0.0,0.0,0.0,True
2060,P0063,Ningxia,biomass,0.0,0.0,0.0,0.0,0.0,True
2060,P0063,Ningxia,beccs,0.6048633879425656,5291819.130617711,4.339291687106522,8.244654205502393,4.1917557697448995,True
2060,P0063,Ningxia,ammonia,0.0,0.0,0.0,0.0,0.0,True
2060,P0064,Shandong,unabated,0.0,0.0,0.0,0.0,0.0,True
2060,P0064,Shandong,retire,1.0,18229398.000000004,14.94810636,14.94810636,0.0,True
2060,P0064,Shandong,ccs,0.0,0.0,0.0,0.0,0.0,True
2060,P0064,Shandong,biomass,0.0,0.0,0.0,0.0,0.0,True
2060,P0064,Shandong,beccs,0.0,0.0,0.0,0.0,0.0,True
2060,P0064,Shandong,ammonia,0.0,0.0,0.0,0.0,0.0,True
2060,P0065,Xinjiang,unabated,0.0,0.0,0.0,0.0,0.0,True
2060,P0065,Xinjiang,retire,0.0,0.0,0.0,0.0,0.0,True
2060,P0065,Xinjiang,ccs,1.0,17824049.999999996,14.615720999999997,13.154148899999997,14.118786485999996,True
2060,P0065,Xinjiang,biomass,0.0,0.0,0.0,0.0,0.0,True
2060,P0065,Xinjiang,beccs,0.0,0.0,0.0,0.0,0.0,True
2060,P0065,Xinjiang,ammonia,0.0,0.0,0.0,0.0,0.0,True
2060,P0066,Fujian,unabated,0.0,0.0,0.0,0.0,0.0,True
2060,P0066,Fujian,retire,0.14371758694037465,6502335.681177503,5.331915258565553,5.331915258565553,0.0,True
2060,P0066,Fujian,ccs,0.0,0.0,0.0,0.0,0.0,True
2060,P0066,Fujian,biomass,0.0,0.0,0.0,0.0,0.0,True
2060,P0066,Fujian,beccs,0.8562824130596254,38741505.51882249,31.768034525434445,60.359265598325436,30.68792135156967,True
2060,P0066,Fujian,ammonia,0.0,0.0,0.0,0.0,0.0,True
2060,P0067,Hebei,unabated,0.0,0.0,0.0,0.0,0.0,True
2060,P0067,Hebei,retire,0.29655912361311654,10146820.236355549,8.32039259381155,8.32039259381155,0.0,True
2060,P0067,Hebei,ccs,0.0,0.0,0.0,0.0,0.0,True
2060,P0067,Hebei,biomass,0.10736704692416443,3673581.5481741694,3.0123368695028185,3.0123368695028185,0.0,True
2060,P0067,Hebei,beccs,0.596073829462719,20394766.21547028,16.72370829668563,31.775045763702693,16.155102214598315,True
2060,P0067,Hebei,ammonia,0.0,0.0,0.0,0.0,0.0,True
2060,P0068,Zhejiang,unabated,0.0,0.0,0.0,0.0,0.0,True
2060,P0068,Zhejiang,retire,0.0,0.0,0.0,0.0,0.0,True
2060,P0068,Zhejiang,ccs,0.0,0.0,0.0,0.0,0.0,True
2060,P0068,Zhejiang,biomass,0.0,0.0,0.0,0.0,0.0,True
2060,P0068,Zhejiang,beccs,1.0,22390288.5,18.360036570000002,34.884069483000005,17.735795326619996,True
2060,P0068,Zhejiang,ammonia,0.0,0.0,0.0,0.0,0.0,True
2060,P0069,Shaanxi,unabated,0.0,0.0,0.0,0.0,0.0,True
2060,P0069,Shaanxi,retire,0.0,0.0,0.0,0.0,0.0,True
2060,P0069,Shaanxi,ccs,0.0,0.0,0.0,0.0,0.0,True
2060,P0069,Shaanxi,biomass,0.0,0.0,0.0,0.0,0.0,True
2060,P0069,Shaanxi,beccs,1.0,18152000.0,14.88464,28.280815999999998,14.378562239999997,True
2060,P0069,Shaanxi,ammonia,0.0,0.0,0.0,0.0,0.0,True
2060,P0070,Shandong,unabated,0.0,0.0,0.0,0.0,0.0,True
2060,P0070,Shandong,retire,0.0,0.0,0.0,0.0,0.0,True
2060,P0070,Shandong,ccs,0.0,0.0,0.0,0.0,0.0,True
2060,P0070,Shandong,biomass,1.0,25817712.000000004,21.170523840000005,21.170523840000005,0.0,True
2060,P0070,Shandong,beccs,0.0,0.0,0.0,0.0,0.0,True
2060,P0070,Shandong,ammonia,0.0,0.0,0.0,0.0,0.0,True
2060,P0071,Guizhou,unabated,0.0,0.0,0.0,0.0,0.0,True
2060,P0071,Guizhou,retire,1.0,23735500.0,19.46311,19.46311,0.0,True
2060,P0071,Guizhou,ccs,0.0,0.0,0.0,0.0,0.0,True
2060,P0071,Guizhou,biomass,0.0,0.0,0.0,0.0,0.0,True
2060,P0071,Guizhou,beccs,0.0,0.0,0.0,0.0,0.0,True
2060,P0071,Guizhou,ammonia,0.0,0.0,0.0,0.0,0.0,True
2060,P0072,Heilongjiang,unabated,0.0,0.0,0.0,0.0,0.0,True
2060,P0072,Heilongjiang,retire,0.0,0.0,0.0,0.0,0.0,True
2060,P0072,Heilongjiang,ccs,0.0,0.0,0.0,0.0,0.0,True
2060,P0072,Heilongjiang,biomass,0.12897974326983644,717849.6591426017,0.5886367204969334,0.5886367204969334,0.0,True
2060,P0072,Heilongjiang,beccs,0.8710202567301638,4847750.3408574,3.975155279503068,7.552795031055829,3.839999999999963,True
2060,P0072,Heilongjiang,ammonia,0.0,0.0,0.0,0.0,0.0,True
2060,P0073,Liaoning,unabated,0.0,0.0,0.0,0.0,0.0,True
2060,P0073,Liaoning,retire,0.0,0.0,0.0,0.0,0.0,True
2060,P0073,Liaoning,ccs,0.0,0.0,0.0,0.0,0.0,True
2060,P0073,Liaoning,biomass,1.0,6340931.499999999,5.199563829999999,5.199563829999999,0.0,True
2060,P0073,Liaoning,beccs,0.0,0.0,0.0,0.0,0.0,True
2060,P0073,Liaoning,ammonia,0.0,0.0,0.0,0.0,0.0,True
2060,P0074,Shaanxi,unabated,0.0,0.0,0.0,0.0,0.0,True
2060,P0074,Shaanxi,retire,1.0,36893940.0,30.253030799999998,30.253030799999998,0.0,True
2060,P0074,Shaanxi,ccs,0.0,0.0,0.0,0.0,0.0,True
2060,P0074,Shaanxi,biomass,0.0,0.0,0.0,0.0,0.0,True
2060,P0074,Shaanxi,beccs,0.0,0.0,0.0,0.0,0.0,True
2060,P0074,Shaanxi,ammonia,0.0,0.0,0.0,0.0,0.0,True
2060,P0075,Henan,unabated,0.0,0.0,0.0,0.0,0.0,True
2060,P0075,Henan,retire,0.0,0.0,0.0,0.0,0.0,True
2060,P0075,Henan,ccs,0.0,0.0,0.0,0.0,0.0,True
2060,P0075,Henan,biomass,1.0,7127208.0,5.844310559999999,5.844310559999999,0.0,True
2060,P0075,Henan,beccs,0.0,0.0,0.0,0.0,0.0,True
2060,P0075,Henan,ammonia,0.0,0.0,0.0,0.0,0.0,True
2060,P0076,Guangxi,unabated,0.0,0.0,0.0,0.0,0.0,True
2060,P0076,Guangxi,retire,0.0,0.0,0.0,0.0,0.0,True
2060,P0076,Guangxi,ccs,0.0,0.0,0.0,0.0,0.0,True
2060,P0076,Guangxi,biomass,1.0,13593944.000000002,11.147034080000001,11.147034080000001,0.0,True
2060,P0076,Guangxi,beccs,0.0,0.0,0.0,0.0,0.0,True
2060,P0076,Guangxi,ammonia,0.0,0.0,0.0,0.0,0.0,True
2060,P0077,Xinjiang,unabated,0.0,0.0,0.0,0.0,0.0,True
2060,P0077,Xinjiang,retire,1.0,41298983.99999999,33.86516688,33.86516688,0.0,True
2060,P0077,Xinjiang,ccs,0.0,0.0,0.0,0.0,0.0,True
2060,P0077,Xinjiang,biomass,0.0,0.0,0.0,0.0,0.0,True
2060,P0077,Xinjiang,beccs,0.0,0.0,0.0,0.0,0.0,True
2060,P0077,Xinjiang,ammonia,0.0,0.0,0.0,0.0,0.0,True
2060,P0078,Heilongjiang,unabated,0.0,0.0,0.0,0.0,0.0,True
2060,P0078,Heilongjiang,retire,0.0,0.0,0.0,0.0,0.0,True
2060,P0078,Heilongjiang,ccs,0.0,0.0,0.0,0.0,0.0,True
2060,P0078,Heilongjiang,biomass,0.0,0.0,0.0,0.0,0.0,True
2060,P0078,Heilongjiang,beccs,1.0,18122985.0,14.860847699999999,28.235610629999996,14.355578878199998,True
2060,P0078,Heilongjiang,ammonia,0.0,0.0,0.0,0.0,0.0,True
2060,P0079,Guangxi,unabated,0.0,0.0,0.0,0.0,0.0,True
2060,P0079,Guangxi,retire,0.2849798955214017,12113072.738976343,9.932719645960601,9.932719645960601,0.0,True
2060,P0079,Guangxi,ccs,0.0,0.0,0.0,0.0,0.0,True
2060,P0079,Guangxi,biomass,0.0,0.0,0.0,0.0,0.0,True
2060,P0079,Guangxi,beccs,0.7150201044785983,30391935.261023656,24.9213869140394,47.35063513667485,24.074059758962054,True
2060,P0079,Guangxi,ammonia,0.0,0.0,0.0,0.0,0.0,True
2060,P0080,Shandong,unabated,0.0,0.0,0.0,0.0,0.0,True
2060,P0080,Shandong,retire,0.0,0.0,0.0,0.0,0.0,True
2060,P0080,Shandong,ccs,0.0,0.0,0.0,0.0,0.0,True
2060,P0080,Shandong,biomass,1.0,21587445.000000004,17.701704900000003,17.701704900000003,0.0,True
2060,P0080,Shandong,beccs,0.0,0.0,0.0,0.0,0.0,True
2060,P0080,Shandong,ammonia,0.0,0.0,0.0,0.0,0.0,True
2060,P0081,Gansu,unabated,0.0,0.0,0.0,0.0,0.0,True
2060,P0081,Gansu,retire,1.0,8798160.0,7.214491199999999,7.214491199999999,0.0,True
2060,P0081,Gansu,ccs,0.0,0.0,0.0,0.0,0.0,True
2060,P0081,Gansu,biomass,0.0,0.0,0.0,0.0,0.0,True
2060,P0081,Gansu,beccs,0.0,0.0,0.0,0.0,0.0,True
2060,P0081,Gansu,ammonia,0.0,0.0,0.0,0.0,0.0,True
2060,P0082,Liaoning,unabated,0.0,0.0,0.0,0.0,0.0,True
2060,P0082,Liaoning,retire,0.0,0.0,0.0,0.0,0.0,True
2060,P0082,Liaoning,ccs,0.0,0.0,0.0,0.0,0.0,True
2060,P0082,Liaoning,biomass,1.0,7751749.999999999,6.356434999999999,6.356434999999999,0.0,True
2060,P0082,Liaoning,beccs,0.0,0.0,0.0,0.0,0.0,True
2060,P0082,Liaoning,ammonia,0.0,0.0,0.0,0.0,0.0,True
2060,P0083,Shaanxi,unabated,0.0,0.0,0.0,0.0,0.0,True
2060,P0083,Shaanxi,retire,1.0,58041020.0,47.5936364,47.5936364,0.0,True
2060,P0083,Shaanxi,ccs,0.0,0.0,0.0,0.0,0.0,True
2060,P0083,Shaanxi,biomass,0.0,0.0,0.0,0.0,0.0,True
2060,P0083,Shaanxi,beccs,0.0,0.0,0.0,0.0,0.0,True
2060,P0083,Shaanxi,ammonia,0.0,0.0,0.0,0.0,0.0,True
2060,P0084,Shaanxi,unabated,0.0,0.0,0.0,0.0,0.0,True
2060,P0084,Shaanxi,retire,1.0,12207220.0,10.009920399999999,10.009920399999999,0.0,True
2060,P0084,Shaanxi,ccs,0.0,0.0,0.0,0.0,0.0,True
2060,P0084,Shaanxi,biomass,0.0,0.0,0.0,0.0,0.0,True
2060,P0084,Shaanxi,beccs,0.0,0.0,0.0,0.0,0.0,True
2060,P0084,Shaanxi,ammonia,0.0,0.0,0.0,0.0,0.0,True
2060,P0085,Jiangsu,unabated,0.0,0.0,0.0,0.0,0.0,True
2060,P0085,Jiangsu,retire,1.0,50405775.00000001,41.3327355,41.3327355,0.0,True
2060,P0085,Jiangsu,ccs,0.0,0.0,0.0,0.0,0.0,True
2060,P0085,Jiangsu,biomass,0.0,0.0,0.0,0.0,0.0,True
2060,P0085,Jiangsu,beccs,0.0,0.0,0.0,0.0,0.0,True
2060,P0085,Jiangsu,ammonia,0.0,0.0,0.0,0.0,0.0,True
2060,P0086,Shaanxi,unabated,0.0,0.0,0.0,0.0,0.0,True
2060,P0086,Shaanxi,retire,1.0,42929480.0,35.2021736,35.2021736,0.0,True
2060,P0086,Shaanxi,ccs,0.0,0.0,0.0,0.0,0.0,True
2060,P0086,Shaanxi,biomass,0.0,0.0,0.0,0.0,0.0,True
2060,P0086,Shaanxi,beccs,0.0,0.0,0.0,0.0,0.0,True
2060,P0086,Shaanxi,ammonia,0.0,0.0,0.0,0.0,0.0,True
2060,P0087,Hebei,unabated,0.0,0.0,0.0,0.0,0.0,True
2060,P0087,Hebei,retire,0.0,0.0,0.0,0.0,0.0,True
2060,P0087,Hebei,ccs,0.0,0.0,0.0,0.0,0.0,True
2060,P0087,Hebei,biomass,1.0,13588055.000000002,11.142205100000002,11.142205100000002,0.0,True
2060,P0087,Hebei,beccs,0.0,0.0,0.0,0.0,0.0,True
2060,P0087,Hebei,ammonia,0.0,0.0,0.0,0.0,0.0,True
2060,P0088,Zhejiang,unabated,0.0,0.0,0.0,0.0,0.0,True
2060,P0088,Zhejiang,retire,0.0,0.0,0.0,0.0,0.0,True
2060,P0088,Zhejiang,ccs,0.0,0.0,0.0,0.0,0.0,True
2060,P0088,Zhejiang,biomass,0.0,0.0,0.0,0.0,0.0,True
2060,P0088,Zhejiang,beccs,1.0,15775605.0,12.935996099999999,24.578392589999996,12.496172232599998,True
2060,P0088,Zhejiang,ammonia,0.0,0.0,0.0,0.0,0.0,True
2060,P0089,Ningxia,unabated,0.0,0.0,0.0,0.0,0.0,True
2060,P0089,Ningxia,retire,1.0,131480305.0,107.8138501,107.8138501,0.0,True
2060,P0089,Ningxia,ccs,0.0,0.0,0.0,0.0,0.0,True
2060,P0089,Ningxia,biomass,0.0,0.0,0.0,0.0,0.0,True
2060,P0089,Ningxia,beccs,0.0,0.0,0.0,0.0,0.0,True
2060,P0089,Ningxia,ammonia,0.0,0.0,0.0,0.0,0.0,True
2060,P0090,Guangdong,unabated,0.0,0.0,0.0,0.0,0.0,True
2060,P0090,Guangdong,retire,1.0,34962181.2,28.668988584,28.668988584,0.0,True
2060,P0090,Guangdong,ccs,0.0,0.0,0.0,0.0,0.0,True
2060,P0090,Guangdong,biomass,0.0,0.0,0.0,0.0,0.0,True
2060,P0090,Guangdong,beccs,0.0,0.0,0.0,0.0,0.0,True
2060,P0090,Guangdong,ammonia,0.0,0.0,0.0,0.0,0.0,True
2060,P0091,Guangdong,unabated,0.0,0.0,0.0,0.0,0.0,True
2060,P0091,Guangdong,retire,0.0,0.0,0.0,0.0,0.0,True
2060,P0091,Guangdong,ccs,0.0,0.0,0.0,0.0,0.0,True
2060,P0091,Guangdong,biomass,0.0,0.0,0.0,0.0,0.0,True
2060,P0091,Guangdong,beccs,1.0,35657946.0,29.23951572,55.555079868,28.245372185519997,True
2060,P0091,Guangdong,ammonia,0.0,0.0,0.0,0.0,0.0,True
2060,P0092,Jiangxi,unabated,0.0,0.0,0.0,0.0,0.0,True
2060,P0092,Jiangxi,retire,0.0,0.0,0.0,0.0,0.0,True
2060,P0092,Jiangxi,ccs,0.0,0.0,0.0,0.0,0.0,True
2060,P0092,Jiangxi,biomass,1.0,36462960.0,29.899627199999998,29.899627199999998,0.0,True
2060,P0092,Jiangxi,beccs,0.0,0.0,0.0,0.0,0.0,True
2060,P0092,Jiangxi,ammonia,0.0,0.0,0.0,0.0,0.0,True
2060,P0093,Hunan,unabated,0.0,0.0,0.0,0.0,0.0,True
2060,P0093,Hunan,retire,1.0,18069412.5,14.81691825,14.81691825,0.0,True
2060,P0093,Hunan,ccs,0.0,0.0,0.0,0.0,0.0,True
2060,P0093,Hunan,biomass,0.0,0.0,0.0,0.0,0.0,True
2060,P0093,Hunan,beccs,0.0,0.0,0.0,0.0,0.0,True
2060,P0093,Hunan,ammonia,0.0,0.0,0.0,0.0,0.0,True
2060,P0094,Fujian,unabated,0.0,0.0,0.0,0.0,0.0,True
2060,P0094,Fujian,retire,0.0,0.0,0.0,0.0,0.0,True
2060,P0094,Fujian,ccs,0.0,0.0,0.0,0.0,0.0,True
2060,P0094,Fujian,biomass,1.0,6459012.0,5.29638984,5.29638984,0.0,True
2060,P0094,Fujian,beccs,0.0,0.0,0.0,0.0,0.0,True
2060,P0094,Fujian,ammonia,0.0,0.0,0.0,0.0,0.0,True
2060,P0095,Anhui,unabated,0.0,0.0,0.0,0.0,0.0,True
2060,P0095,Anhui,retire,0.0,0.0,0.0,0.0,0.0,True
2060,P0095,Anhui,ccs,0.0,0.0,0.0,0.0,0.0,True
2060,P0095,Anhui,biomass,1.0,16313541.000000002,13.377103620000002,13.377103620000002,0.0,True
2060,P0095,Anhui,beccs,0.0,0.0,0.0,0.0,0.0,True
2060,P0095,Anhui,ammonia,0.0,0.0,0.0,0.0,0.0,True
2060,P0096,Guangdong,unabated,0.0,0.0,0.0,0.0,0.0,True
2060,P0096,Guangdong,retire,0.0,0.0,0.0,0.0,0.0,True
2060,P0096,Guangdong,ccs,0.0,0.0,0.0,0.0,0.0,True
2060,P0096,Guangdong,biomass,0.0,0.0,0.0,0.0,0.0,True
2060,P0096,Guangdong,beccs,1.0,22564039.0,18.50251198,35.154772762,17.87342657268,True
2060,P0096,Guangdong,ammonia,0.0,0.0,0.0,0.0,0.0,True
2060,P0097,Gansu,unabated,0.0,0.0,0.0,0.0,0.0,True
2060,P0097,Gansu,retire,0.32143528470175364,2854972.76982731,2.341077671258394,2.341077671258394,0.0,True
2060,P0097,Gansu,ccs,0.0,0.0,0.0,0.0,0.0,True
2060,P0097,Gansu,biomass,0.6785647152982464,6026979.23017269,4.9421229687416055,4.9421229687416055,0.0,True
2060,P0097,Gansu,beccs,0.0,0.0,0.0,0.0,0.0,True
2060,P0097,Gansu,ammonia,0.0,0.0,0.0,0.0,0.0,True
2060,P0098,Xinjiang,unabated,0.0,0.0,0.0,0.0,0.0,True
2060,P0098,Xinjiang,retire,1.0,128966903.99999999,105.75286127999999,105.75286127999999,0.0,True
2060,P0098,Xinjiang,ccs,0.0,0.0,0.0,0.0,0.0,True
2060,P0098,Xinjiang,biomass,0.0,0.0,0.0,0.0,0.0,True
2060,P0098,Xinjiang,beccs,0.0,0.0,0.0,0.0,0.0,True
2060,P0098,Xinjiang,ammonia,0.0,0.0,0.0,0.0,0.0,True
2060,P0099,Sichuan,unabated,0.0,0.0,0.0,0.0,0.0,True
2060,P0099,Sichuan,retire,0.0,0.0,0.0,0.0,0.0,True
2060,P0099,Sichuan,ccs,0.0,0.0,0.0,0.0,0.0,True
2060,P0099,Sichuan,biomass,0.0,0.0,0.0,0.0,0.0,True
2060,P0099,Sichuan,beccs,1.0,4996399.999999999,4.097047999999999,7.784391199999998,3.9577483679999985,True
2060,P0099,Sichuan,ammonia,0.0,0.0,0.0,0.0,0.0,True
2060,P0100,Jiangxi,unabated,0.0,0.0,0.0,0.0,0.0,True
2060,P0100,Jiangxi,retire,0.0,0.0,0.0,0.0,0.0,True
2060,P0100,Jiangxi,ccs,0.0,0.0,0.0,0.0,0.0,True
2060,P0100,Jiangxi,biomass,1.0,15157152.0,12.428864639999999,12.428864639999999,0.0,True
2060,P0100,Jiangxi,beccs,0.0,0.0,0.0,0.0,0.0,True
2060,P0100,Jiangxi,ammonia,0.0,0.0,0.0,0.0,0.0,True
2060,P0101,Qinghai,unabated,0.0,0.0,0.0,0.0,0.0,True
2060,P0101,Qinghai,retire,1.0,19952390.0,16.3609598,16.3609598,0.0,True
2060,P0101,Qinghai,ccs,0.0,0.0,0.0,0.0,0.0,True
2060,P0101,Qinghai,biomass,0.0,0.0,0.0,0.0,0.0,True
2060,P0101,Qinghai,beccs,0.0,0.0,0.0,0.0,0.0,True
2060,P0101,Qinghai,ammonia,0.0,0.0,0.0,0.0,0.0,True
2060,P0102,Hunan,unabated,0.0,0.0,0.0,0.0,0.0,True
2060,P0102,Hunan,retire,0.0,0.0,0.0,0.0,0.0,True
2060,P0102,Hunan,ccs,0.0,0.0,0.0,0.0,0.0,True
2060,P0102,Hunan,biomass,1.0,9845388.0,8.07321816,8.07321816,0.0,True
2060,P0102,Hunan,beccs,0.0,0.0,0.0,0.0,0.0,True
2060,P0102,Hunan,ammonia,0.0,0.0,0.0,0.0,0.0,True
2060,P0103,Inner Mongolia,unabated,0.0,0.0,0.0,0.0,0.0,True
2060,P0103,Inner Mongolia,retire,1.0,19119700.0,15.678153999999997,15.678153999999997,0.0,True
2060,P0103,Inner Mongolia,ccs,0.0,0.0,0.0,0.0,0.0,True
2060,P0103,Inner Mongolia,biomass,0.0,0.0,0.0,0.0,0.0,True
2060,P0103,Inner Mongolia,beccs,0.0,0.0,0.0,0.0,0.0,True
2060,P0103,Inner Mongolia,ammonia,0.0,0.0,0.0,0.0,0.0,True
2060,P0104,Inner Mongolia,unabated,0.0,0.0,0.0,0.0,0.0,True
2060,P0104,Inner Mongolia,retire,1.0,22843010.0,18.7312682,18.7312682,0.0,True
2060,P0104,Inner Mongolia,ccs,0.0,0.0,0.0,0.0,0.0,True
2060,P0104,Inner Mongolia,biomass,0.0,0.0,0.0,0.0,0.0,True
2060,P0104,Inner Mongolia,beccs,0.0,0.0,0.0,0.0,0.0,True
2060,P0104,Inner Mongolia,ammonia,0.0,0.0,0.0,0.0,0.0,True
2060,P0105,Liaoning,unabated,0.0,0.0,0.0,0.0,0.0,True
2060,P0105,Liaoning,retire,0.0,0.0,0.0,0.0,0.0,True
2060,P0105,Liaoning,ccs,0.0,0.0,0.0,0.0,0.0,True
2060,P0105,Liaoning,biomass,0.0,0.0,0.0,0.0,0.0,True
2060,P0105,Liaoning,beccs,1.0,4030910.0,3.3053462,6.28015778,3.1929644291999995,True
2060,P0105,Liaoning,ammonia,0.0,0.0,0.0,0.0,0.0,True
2060,P0106,Hubei,unabated,0.0,0.0,0.0,0.0,0.0,True
2060,P0106,Hubei,retire,1.0,39558279.99999999,32.43778959999999,32.43778959999999,0.0,True
2060,P0106,Hubei,ccs,0.0,0.0,0.0,0.0,0.0,True
2060,P0106,Hubei,biomass,0.0,0.0,0.0,0.0,0.0,True
2060,P0106,Hubei,beccs,0.0,0.0,0.0,0.0,0.0,True
2060,P0106,Hubei,ammonia,0.0,0.0,0.0,0.0,0.0,True
2060,P0107,Liaoning,unabated,0.0,0.0,0.0,0.0,0.0,True
2060,P0107,Liaoning,retire,1.0,14387248.0,11.797543359999999,11.797543359999999,0.0,True
2060,P0107,Liaoning,ccs,0.0,0.0,0.0,0.0,0.0,True
2060,P0107,Liaoning,biomass,0.0,0.0,0.0,0.0,0.0,True
2060,P0107,Liaoning,beccs,0.0,0.0,0.0,0.0,0.0,True
2060,P0107,Liaoning,ammonia,0.0,0.0,0.0,0.0,0.0,True
2060,P0108,Guangdong,unabated,0.0,0.0,0.0,0.0,0.0,True
2060,P0108,Guangdong,retire,1.0,22805624.0,18.700611679999998,18.700611679999998,0.0,True
2060,P0108,Guangdong,ccs,0.0,0.0,0.0,0.0,0.0,True
2060,P0108,Guangdong,biomass,0.0,0.0,0.0,0.0,0.0,True
2060,P0108,Guangdong,beccs,0.0,0.0,0.0,0.0,0.0,True
2060,P0108,Guangdong,ammonia,0.0,0.0,0.0,0.0,0.0,True
2060,P0109,Shaanxi,unabated,0.0,0.0,0.0,0.0,0.0,True
2060,P0109,Shaanxi,retire,0.0,0.0,0.0,0.0,0.0,True
2060,P0109,Shaanxi,ccs,0.0,0.0,0.0,0.0,0.0,True
2060,P0109,Shaanxi,biomass,0.07525151532802776,2848038.0804986404,2.335391226008885,2.335391226008885,0.0,True
2060,P0109,Shaanxi,beccs,0.924748484671972,34998881.91950135,28.699083173991106,54.528258030583096,27.723314346075405,True
2060,P0109,Shaanxi,ammonia,0.0,0.0,0.0,0.0,0.0,True
2060,P0110,Guizhou,unabated,0.0,0.0,0.0,0.0,0.0,True
2060,P0110,Guizhou,retire,0.14736103116386068,9275867.92676339,7.6062116999459795,7.6062116999459795,0.0,True
2060,P0110,Guizhou,ccs,0.0,0.0,0.0,0.0,0.0,True
2060,P0110,Guizhou,biomass,0.8526389688361401,53670678.07323666,44.00995602005406,44.00995602005406,0.0,True
2060,P0110,Guizhou,beccs,0.0,0.0,0.0,0.0,0.0,True
2060,P0110,Guizhou,ammonia,0.0,0.0,0.0,0.0,0.0,True
2060,P0111,Guangxi,unabated,0.0,0.0,0.0,0.0,0.0,True
2060,P0111,Guangxi,retire,0.0,0.0,0.0,0.0,0.0,True
2060,P0111,Guangxi,ccs,0.0,0.0,0.0,0.0,0.0,True
2060,P0111,Guangxi,biomass,1.0,587794.48,0.48199147359999994,0.48199147359999994,0.0,True
2060,P0111,Guangxi,beccs,0.0,0.0,0.0,0.0,0.0,True
2060,P0111,Guangxi,ammonia,0.0,0.0,0.0,0.0,0.0,True
2060,P0112,Guangdong,unabated,0.0,0.0,0.0,0.0,0.0,True
2060,P0112,Guangdong,retire,1.0,41166084.0,33.756188879999996,33.756188879999996,0.0,True
2060,P0112,Guangdong,ccs,0.0,0.0,0.0,0.0,0.0,True
2060,P0112,Guangdong,biomass,0.0,0.0,0.0,0.0,0.0,True
2060,P0112,Guangdong,beccs,0.0,0.0,0.0,0.0,0.0,True
2060,P0112,Guangdong,ammonia,0.0,0.0,0.0,0.0,0.0,True
2060,P0113,Inner Mongolia,unabated,0.0,0.0,0.0,0.0,0.0,True
2060,P0113,Inner Mongolia,retire,0.0,0.0,0.0,0.0,0.0,True
2060,P0113,Inner Mongolia,ccs,0.0,0.0,0.0,0.0,0.0,True
2060,P0113,Inner Mongolia,biomass,0.0,0.0,0.0,0.0,0.0,True
2060,P0113,Inner Mongolia,beccs,1.0,20126000.0,16.50332,31.356307999999995,15.942207119999994,True
2060,P0113,Inner Mongolia,ammonia,0.0,0.0,0.0,0.0,0.0,True
2060,P0114,Guangxi,unabated,0.0,0.0,0.0,0.0,0.0,True
2060,P0114,Guangxi,retire,0.0,0.0,0.0,0.0,0.0,True
2060,P0114,Guangxi,ccs,0.0,0.0,0.0,0.0,0.0,True
2060,P0114,Guangxi,biomass,0.0,0.0,0.0,0.0,0.0,True
2060,P0114,Guangxi,beccs,1.0,29485456.0,24.17807392,45.938340448,23.356019406719994,True
2060,P0114,Guangxi,ammonia,0.0,0.0,0.0,0.0,0.0,True
2060,P0115,Shandong,unabated,0.0,0.0,0.0,0.0,0.0,True
2060,P0115,Shandong,retire,0.0,0.0,0.0,0.0,0.0,True
2060,P0115,Shandong,ccs,0.0,0.0,0.0,0.0,0.0,True
2060,P0115,Shandong,biomass,1.0,9550809.0,7.83166338,7.83166338,0.0,True
2060,P0115,Shandong,beccs,0.0,0.0,0.0,0.0,0.0,True
2060,P0115,Shandong,ammonia,0.0,0.0,0.0,0.0,0.0,True
2060,P0116,Liaoning,unabated,0.0,0.0,0.0,0.0,0.0,True
2060,P0116,Liaoning,retire,0.0,0.0,0.0,0.0,0.0,True
2060,P0116,Liaoning,ccs,0.0,0.0,0.0,0.0,0.0,True
2060,P0116,Liaoning,biomass,1.0,2542573.9999999995,2.0849106799999997,2.0849106799999997,0.0,True
2060,P0116,Liaoning,beccs,0.0,0.0,0.0,0.0,0.0,True
2060,P0116,Liaoning,ammonia,0.0,0.0,0.0,0.0,0.0,True
2060,P0117,Henan,unabated,0.0,0.0,0.0,0.0,0.0,True
2060,P0117,Henan,retire,0.0,0.0,0.0,0.0,0.0,True
2060,P0117,Henan,ccs,0.0,0.0,0.0,0.0,0.0,True
2060,P0117,Henan,biomass,1.0,8351072.0,6.8478790400000005,6.8478790400000005,0.0,True
2060,P0117,Henan,beccs,0.0,0.0,0.0,0.0,0.0,True
2060,P0117,Henan,ammonia,0.0,0.0,0.0,0.0,0.0,True
2060,P0118,Liaoning,unabated,0.0,0.0,0.0,0.0,0.0,True
2060,P0118,Liaoning,retire,0.0,0.0,0.0,0.0,0.0,True
2060,P0118,Liaoning,ccs,0.0,0.0,0.0,0.0,0.0,True
2060,P0118,Liaoning,biomass,1.0,16867807.999999996,13.831602559999997,13.831602559999997,0.0,True
2060,P0118,Liaoning,beccs,0.0,0.0,0.0,0.0,0.0,True
2060,P0118,Liaoning,ammonia,0.0,0.0,0.0,0.0,0.0,True
2060,P0119,Guizhou,unabated,0.0,0.0,0.0,0.0,0.0,True
2060,P0119,Guizhou,retire,1.0,27248354.0,22.34365028,22.34365028,0.0,True
2060,P0119,Guizhou,ccs,0.0,0.0,0.0,0.0,0.0,True
2060,P0119,Guizhou,biomass,0.0,0.0,0.0,0.0,0.0,True
2060,P0119,Guizhou,beccs,0.0,0.0,0.0,0.0,0.0,True
2060,P0119,Guizhou,ammonia,0.0,0.0,0.0,0.0,0.0,True
2060,P0120,Inner Mongolia,unabated,0.0,0.0,0.0,0.0,0.0,True
2060,P0120,Inner Mongolia,retire,1.0,23648049.999999996,19.391400999999995,19.391400999999995,0.0,True
2060,P0120,Inner Mongolia,ccs,0.0,0.0,0.0,0.0,0.0,True
2060,P0120,Inner Mongolia,biomass,0.0,0.0,0.0,0.0,0.0,True
2060,P0120,Inner Mongolia,beccs,0.0,0.0,0.0,0.0,0.0,True
2060,P0120,Inner Mongolia,ammonia,0.0,0.0,0.0,0.0,0.0,True
2060,P0121,Guangdong,unabated,0.0,0.0,0.0,0.0,0.0,True
2060,P0121,Guangdong,retire,1.0,32662292.0,26.783079439999998,26.783079439999998,0.0,True
2060,P0121,Guangdong,ccs,0.0,0.0,0.0,0.0,0.0,True
2060,P0121,Guangdong,biomass,0.0,0.0,0.0,0.0,0.0,True
2060,P0121,Guangdong,beccs,0.0,0.0,0.0,0.0,0.0,True
2060,P0121,Guangdong,ammonia,0.0,0.0,0.0,0.0,0.0,True
2060,P0122,Shaanxi,unabated,0.0,0.0,0.0,0.0,0.0,True
2060,P0122,Shaanxi,retire,1.0,33535820.0,27.4993724,27.4993724,0.0,True
2060,P0122,Shaanxi,ccs,0.0,0.0,0.0,0.0,0.0,True
2060,P0122,Shaanxi,biomass,0.0,0.0,0.0,0.0,0.0,True
2060,P0122,Shaanxi,beccs,0.0,0.0,0.0,0.0,0.0,True
2060,P0122,Shaanxi,ammonia,0.0,0.0,0.0,0.0,0.0,True
2060,P0123,Hebei,unabated,0.0,0.0,0.0,0.0,0.0,True
2060,P0123,Hebei,retire,0.06386026404010825,1914141.9857231807,1.5695964282930082,1.5695964282930082,0.0,True
2060,P0123,Hebei,ccs,0.0,0.0,0.0,0.0,0.0,True
2060,P0123,Hebei,biomass,0.9361397359598913,28059770.81427681,23.009012067706987,23.009012067706987,0.0,True
2060,P0123,Hebei,beccs,0.0,0.0,0.0,0.0,0.0,True
2060,P0123,Hebei,ammonia,0.0,0.0,0.0,0.0,0.0,True
2060,P0124,Henan,unabated,0.0,0.0,0.0,0.0,0.0,True
2060,P0124,Henan,retire,0.0,0.0,0.0,0.0,0.0,True
2060,P0124,Henan,ccs,0.0,0.0,0.0,0.0,0.0,True
2060,P0124,Henan,biomass,1.0,42007332.0,34.446012239999995,34.446012239999995,0.0,True
2060,P0124,Henan,beccs,0.0,0.0,0.0,0.0,0.0,True
2060,P0124,Henan,ammonia,0.0,0.0,0.0,0.0,0.0,True
2060,P0125,Xinjiang,unabated,0.0,0.0,0.0,0.0,0.0,True
2060,P0125,Xinjiang,retire,0.44584916798925545,28043507.83547963,22.995676425093293,22.995676425093293,0.0,True
2060,P0125,Xinjiang,ccs,0.5541508320107446,34855584.16452036,28.581579014906694,25.723421113416027,27.609805328399858,True
2060,P0125,Xinjiang,biomass,0.0,0.0,0.0,0.0,0.0,True
2060,P0125,Xinjiang,beccs,0.0,0.0,0.0,0.0,0.0,True
2060,P0125,Xinjiang,ammonia,0.0,0.0,0.0,0.0,0.0,True
2060,P0126,Jiangsu,unabated,0.0,0.0,0.0,0.0,0.0,True
2060,P0126,Jiangsu,retire,1.0,86326786.00000001,70.78796452000002,70.78796452000002,0.0,True
2060,P0126,Jiangsu,ccs,0.0,0.0,0.0,0.0,0.0,True
2060,P0126,Jiangsu,biomass,0.0,0.0,0.0,0.0,0.0,True
2060,P0126,Jiangsu,beccs,0.0,0.0,0.0,0.0,0.0,True
2060,P0126,Jiangsu,ammonia,0.0,0.0,0.0,0.0,0.0,True
2060,P0127,Hebei,unabated,0.0,0.0,0.0,0.0,0.0,True
2060,P0127,Hebei,retire,0.0,0.0,0.0,0.0,0.0,True
2060,P0127,Hebei,ccs,0.0,0.0,0.0,0.0,0.0,True
2060,P0127,Hebei,biomass,1.0,7796425.000000001,6.3930685,6.3930685,0.0,True
2060,P0127,Hebei,beccs,0.0,0.0,0.0,0.0,0.0,True
2060,P0127,Hebei,ammonia,0.0,0.0,0.0,0.0,0.0,True
2060,P0128,Xinjiang,unabated,0.0,0.0,0.0,0.0,0.0,True
2060,P0128,Xinjiang,retire,0.0,0.0,0.0,0.0,0.0,True
2060,P0128,Xinjiang,ccs,0.5415415179075972,2774189.392442394,2.274835301802763,2.047351771622487,2.1974909015414688,True
2060,P0128,Xinjiang,biomass,0.0,0.0,0.0,0.0,0.0,True
2060,P0128,Xinjiang,beccs,0.4584584820924028,2348574.607557606,1.9258311781972366,3.1776214440254402,1.86035291813853,True
2060,P0128,Xinjiang,ammonia,0.0,0.0,0.0,0.0,0.0,True
2060,P0129,Inner Mongolia,unabated,0.0,0.0,0.0,0.0,0.0,True
2060,P0129,Inner Mongolia,retire,1.0,67573045.0,55.4098969,55.4098969,0.0,True
2060,P0129,Inner Mongolia,ccs,0.0,0.0,0.0,0.0,0.0,True
2060,P0129,Inner Mongolia,biomass,0.0,0.0,0.0,0.0,0.0,True
2060,P0129,Inner Mongolia,beccs,0.0,0.0,0.0,0.0,0.0,True
2060,P0129,Inner Mongolia,ammonia,0.0,0.0,0.0,0.0,0.0,True
2060,P0130,Hebei,unabated,0.0,0.0,0.0,0.0,0.0,True
2060,P0130,Hebei,retire,0.0,0.0,0.0,0.0,0.0,True
2060,P0130,Hebei,ccs,0.0,0.0,0.0,0.0,0.0,True
2060,P0130,Hebei,biomass,1.0,5791630.0,4.7491366,4.7491366,0.0,True
2060,P0130,Hebei,beccs,0.0,0.0,0.0,0.0,0.0,True
2060,P0130,Hebei,ammonia,0.0,0.0,0.0,0.0,0.0,True
2060,P0131,Zhejiang,unabated,0.0,0.0,0.0,0.0,0.0,True
2060,P0131,Zhejiang,retire,1.0,68084190.0,55.8290358,55.8290358,0.0,True
2060,P0131,Zhejiang,ccs,0.0,0.0,0.0,0.0,0.0,True
2060,P0131,Zhejiang,biomass,0.0,0.0,0.0,0.0,0.0,True
2060,P0131,Zhejiang,beccs,0.0,0.0,0.0,0.0,0.0,True
2060,P0131,Zhejiang,ammonia,0.0,0.0,0.0,0.0,0.0,True
2060,P0132,Jilin,unabated,0.0,0.0,0.0,0.0,0.0,True
2060,P0132,Jilin,retire,0.0,0.0,0.0,0.0,0.0,True
2060,P0132,Jilin,ccs,0.0,0.0,0.0,0.0,0.0,True
2060,P0132,Jilin,biomass,0.0,0.0,0.0,0.0,0.0,True
2060,P0132,Jilin,beccs,1.0,6228808.0,5.107622559999999,9.704482864,4.933963392959998,True
2060,P0132,Jilin,ammonia,0.0,0.0,0.0,0.0,0.0,True
2060,P0133,Anhui,unabated,0.0,0.0,0.0,0.0,0.0,True
2060,P0133,Anhui,retire,0.0,0.0,0.0,0.0,0.0,True
2060,P0133,Anhui,ccs,0.0,0.0,0.0,0.0,0.0,True
2060,P0133,Anhui,biomass,0.4380274971055481,13579207.212544648,11.134949914286613,11.134949914286613,0.0,True
2060,P0133,Anhui,beccs,0.5619725028944521,17421602.78745536,14.285714285713398,27.142857142855455,13.8,True
2060,P0133,Anhui,ammonia,0.0,0.0,0.0,0.0,0.0,True
2060,P0134,Shanxi,unabated,0.0,0.0,0.0,0.0,0.0,True
2060,P0134,Shanxi,retire,0.2170739514627389,3220845.065841083,2.6410929539896877,2.6410929539896877,0.0,True
2060,P0134,Shanxi,ccs,0.0,0.0,0.0,0.0,0.0,True
2060,P0134,Shanxi,biomass,0.0373443753118069,554098.9425467622,0.45436113288834495,0.45436113288834495,0.0,True
2060,P0134,Shanxi,beccs,0.7455816732254542,11062603.491612155,9.071334863121967,17.235536239931736,8.762909477775818,True
2060,P0134,Shanxi,ammonia,0.0,0.0,0.0,0.0,0.0,True
2060,P0135,Liaoning,unabated,0.0,0.0,0.0,0.0,0.0,True
2060,P0135,Liaoning,retire,0.0,0.0,0.0,0.0,0.0,True
2060,P0135,Liaoning,ccs,0.0,0.0,0.0,0.0,0.0,True
2060,P0135,Liaoning,biomass,1.0,5891330.0,4.8308906,4.8308906,0.0,True
2060,P0135,Liaoning,beccs,0.0,0.0,0.0,0.0,0.0,True
2060,P0135,Liaoning,ammonia,0.0,0.0,0.0,0.0,0.0,True
2060,P0136,Inner Mongolia,unabated,0.0,0.0,0.0,0.0,0.0,True
2060,P0136,Inner Mongolia,retire,0.0,0.0,0.0,0.0,0.0,True
2060,P0136,Inner Mongolia,ccs,0.0,0.0,0.0,0.0,0.0,True
2060,P0136,Inner Mongolia,biomass,0.0,0.0,0.0,0.0,0.0,True
2060,P0136,Inner Mongolia,beccs,1.0,4427720.0,3.6307304,6.898387759999999,3.507285566399999,True
2060,P0136,Inner Mongolia,ammonia,0.0,0.0,0.0,0.0,0.0,True
2060,P0137,Xinjiang,unabated,0.0,0.0,0.0,0.0,0.0,True
2060,P0137,Xinjiang,retire,0.012726730354962412,94097.37169087847,0.07715984478652034,0.07715984478652034,0.0,True
2060,P0137,Xinjiang,ccs,0.9872732696450376,7299582.62830912,5.985657755213478,5.387091979692131,6.19515577664595,True
2060,P0137,Xinjiang,biomass,0.0,0.0,0.0,0.0,0.0,True
2060,P0137,Xinjiang,beccs,0.0,0.0,0.0,0.0,0.0,True
2060,P0137,Xinjiang,ammonia,0.0,0.0,0.0,0.0,0.0,True
2060,P0138,Jilin,unabated,0.0,0.0,0.0,0.0,0.0,True
2060,P0138,Jilin,retire,0.0,0.0,0.0,0.0,0.0,True
2060,P0138,Jilin,ccs,0.0,0.0,0.0,0.0,0.0,True
2060,P0138,Jilin,biomass,1.0,4345680.000000001,3.5634576000000004,3.5634576000000004,0.0,True
2060,P0138,Jilin,beccs,0.0,0.0,0.0,0.0,0.0,True
2060,P0138,Jilin,ammonia,0.0,0.0,0.0,0.0,0.0,True
2060,P0139,Heilongjiang,unabated,0.0,0.0,0.0,0.0,0.0,True
2060,P0139,Heilongjiang,retire,0.0,0.0,0.0,0.0,0.0,True
2060,P0139,Heilongjiang,ccs,0.0,0.0,0.0,0.0,0.0,True
2060,P0139,Heilongjiang,biomass,0.0,0.0,0.0,0.0,0.0,True
2060,P0139,Heilongjiang,beccs,1.0,4156807.5000000005,3.4085821500000004,6.476306085000001,3.2926903569,True
2060,P0139,Heilongjiang,ammonia,0.0,0.0,0.0,0.0,0.0,True
2060,P0140,Guangdong,unabated,0.0,0.0,0.0,0.0,0.0,True
2060,P0140,Guangdong,retire,0.17180995139031463,9529939.951682055,7.8145507603792845,7.8145507603792845,0.0,True
2060,P0140,Guangdong,ccs,0.056698391375842,3144941.6101703285,2.578852120339669,2.3209669083057025,2.49117114824812,True
2060,P0140,Guangdong,biomass,0.0,0.0,0.0,0.0,0.0,True
2060,P0140,Guangdong,beccs,0.7714916572338439,42793034.43814765,35.090288239281065,66.67154765463403,33.897218439145504,True
2060,P0140,Guangdong,ammonia,0.0,0.0,0.0,0.0,0.0,True
2060,P0141,Shandong,unabated,0.0,0.0,0.0,0.0,0.0,True
2060,P0141,Shandong,retire,1.0,46881825.00000001,38.44309650000001,38.44309650000001,0.0,True
2060,P0141,Shandong,ccs,0.0,0.0,0.0,0.0,0.0,True
2060,P0141,Shandong,biomass,0.0,0.0,0.0,0.0,0.0,True
2060,P0141,Shandong,beccs,0.0,0.0,0.0,0.0,0.0,True
2060,P0141,Shandong,ammonia,0.0,0.0,0.0,0.0,0.0,True
2060,P0142,Jiangsu,unabated,0.0,0.0,0.0,0.0,0.0,True
2060,P0142,Jiangsu,retire,0.0,0.0,0.0,0.0,0.0,True
2060,P0142,Jiangsu,ccs,0.0,0.0,0.0,0.0,0.0,True
2060,P0142,Jiangsu,biomass,0.0,0.0,0.0,0.0,0.0,True
2060,P0142,Jiangsu,beccs,1.0,33453385.000000004,27.431775700000003,52.120373830000005,26.4990953262,True
2060,P0142,Jiangsu,ammonia,0.0,0.0,0.0,0.0,0.0,True
2060,P0143,Yunnan,unabated,0.0,0.0,0.0,0.0,0.0,True
2060,P0143,Yunnan,retire,0.0,0.0,0.0,0.0,0.0,True
2060,P0143,Yunnan,ccs,0.0,0.0,0.0,0.0,0.0,True
2060,P0143,Yunnan,biomass,1.0,11205499.999999998,9.188509999999997,9.188509999999997,0.0,True
2060,P0143,Yunnan,beccs,0.0,0.0,0.0,0.0,0.0,True
2060,P0143,Yunnan,ammonia,0.0,0.0,0.0,0.0,0.0,True
2060,P0144,Shanxi,unabated,0.0,0.0,0.0,0.0,0.0,True
2060,P0144,Shanxi,retire,1.0,32892597.499999996,26.971929949999996,26.971929949999996,0.0,True
2060,P0144,Shanxi,ccs,0.0,0.0,0.0,0.0,0.0,True
2060,P0144,Shanxi,biomass,0.0,0.0,0.0,0.0,0.0,True
2060,P0144,Shanxi,beccs,0.0,0.0,0.0,0.0,0.0,True
2060,P0144,Shanxi,ammonia,0.0,0.0,0.0,0.0,0.0,True
2060,P0145,Liaoning,unabated,0.0,0.0,0.0,0.0,0.0,True
2060,P0145,Liaoning,retire,0.0,0.0,0.0,0.0,0.0,True
2060,P0145,Liaoning,ccs,0.0,0.0,0.0,0.0,0.0,True
2060,P0145,Liaoning,biomass,1.0,8185847.999999999,6.712395359999999,6.712395359999999,0.0,True
2060,P0145,Liaoning,beccs,0.0,0.0,0.0,0.0,0.0,True
2060,P0145,Liaoning,ammonia,0.0,0.0,0.0,0.0,0.0,True
2060,P0146,Shanxi,unabated,0.0,0.0,0.0,0.0,0.0,True
2060,P0146,Shanxi,retire,1.0,19906850.0,16.323617,16.323617,0.0,True
2060,P0146,Shanxi,ccs,0.0,0.0,0.0,0.0,0.0,True
2060,P0146,Shanxi,biomass,0.0,0.0,0.0,0.0,0.0,True
2060,P0146,Shanxi,beccs,0.0,0.0,0.0,0.0,0.0,True
2060,P0146,Shanxi,ammonia,0.0,0.0,0.0,0.0,0.0,True
2060,P0147,Inner Mongolia,unabated,0.0,0.0,0.0,0.0,0.0,True
2060,P0147,Inner Mongolia,retire,0.0,0.0,0.0,0.0,0.0,True
2060,P0147,Inner Mongolia,ccs,0.0,0.0,0.0,0.0,0.0,True
2060,P0147,Inner Mongolia,biomass,0.0,0.0,0.0,0.0,0.0,True
2060,P0147,Inner Mongolia,beccs,1.0,15698279.999999998,12.872589599999998,24.457920239999993,12.434921553599995,True
2060,P0147,Inner Mongolia,ammonia,0.0,0.0,0.0,0.0,0.0,True
2060,P0148,Shandong,unabated,0.0,0.0,0.0,0.0,0.0,True
2060,P0148,Shandong,retire,0.0,0.0,0.0,0.0,0.0,True
2060,P0148,Shandong,ccs,0.0,0.0,0.0,0.0,0.0,True
2060,P0148,Shandong,biomass,1.0,9114699.000000002,7.47405318,7.47405318,0.0,True
2060,P0148,Shandong,beccs,0.0,0.0,0.0,0.0,0.0,True
2060,P0148,Shandong,ammonia,0.0,0.0,0.0,0.0,0.0,True
2060,P0149,Shaanxi,unabated,0.0,0.0,0.0,0.0,0.0,True
2060,P0149,Shaanxi,retire,1.0,42384920.0,34.7556344,34.7556344,0.0,True
2060,P0149,Shaanxi,ccs,0.0,0.0,0.0,0.0,0.0,True
2060,P0149,Shaanxi,biomass,0.0,0.0,0.0,0.0,0.0,True
2060,P0149,Shaanxi,beccs,0.0,0.0,0.0,0.0,0.0,True
2060,P0149,Shaanxi,ammonia,0.0,0.0,0.0,0.0,0.0,True
2060,P0150,Guizhou,unabated,0.0,0.0,0.0,0.0,0.0,True
2060,P0150,Guizhou,retire,0.0,0.0,0.0,0.0,0.0,True
2060,P0150,Guizhou,ccs,0.0,0.0,0.0,0.0,0.0,True
2060,P0150,Guizhou,biomass,1.0,664594.0,0.5449670799999999,0.5449670799999999,0.0,True
2060,P0150,Guizhou,beccs,0.0,0.0,0.0,0.0,0.0,True
2060,P0150,Guizhou,ammonia,0.0,0.0,0.0,0.0,0.0,True
2060,P0151,Shandong,unabated,0.0,0.0,0.0,0.0,0.0,True
2060,P0151,Shandong,retire,1.0,16899262.500000004,13.857395250000001,13.857395250000001,0.0,True
2060,P0151,Shandong,ccs,0.0,0.0,0.0,0.0,0.0,True
2060,P0151,Shandong,biomass,0.0,0.0,0.0,0.0,0.0,True
2060,P0151,Shandong,beccs,0.0,0.0,0.0,0.0,0.0,True
2060,P0151,Shandong,ammonia,0.0,0.0,0.0,0.0,0.0,True
2060,P0152,Guangdong,unabated,0.0,0.0,0.0,0.0,0.0,True
2060,P0152,Guangdong,retire,0.29049033542509617,1866737.6643856715,1.5307248847962502,1.5307248847962502,0.0,True
2060,P0152,Guangdong,ccs,0.0,0.0,0.0,0.0,0.0,True
2060,P0152,Guangdong,biomass,0.0,0.0,0.0,0.0,0.0,True
2060,P0152,Guangdong,beccs,0.7095096645749038,4559423.335614328,3.738727135203749,7.103581556887122,3.611610412606821,True
2060,P0152,Guangdong,ammonia,0.0,0.0,0.0,0.0,0.0,True
2060,P0153,Heilongjiang,unabated,0.0,0.0,0.0,0.0,0.0,True
2060,P0153,Heilongjiang,retire,0.0,0.0,0.0,0.0,0.0,True
2060,P0153,Heilongjiang,ccs,0.0,0.0,0.0,0.0,0.0,True
2060,P0153,Heilongjiang,biomass,0.0,0.0,0.0,0.0,0.0,True
2060,P0153,Heilongjiang,beccs,1.0,7391812.500000001,6.06128625,11.516443875,5.855202517499999,True
2060,P0153,Heilongjiang,ammonia,0.0,0.0,0.0,0.0,0.0,True
2060,P0154,Tianjin,unabated,0.0,0.0,0.0,0.0,0.0,True
2060,P0154,Tianjin,retire,0.2986302045777507,7924791.547108411,6.498329068628896,6.498329068628896,0.0,True
2060,P0154,Tianjin,ccs,0.0,0.0,0.0,0.0,0.0,True
2060,P0154,Tianjin,biomass,0.02121686795892064,563034.9953873913,0.46168869621766084,0.46168869621766084,0.0,True
2060,P0154,Tianjin,beccs,0.6801529274633291,18049313.45750421,14.80043703515345,28.120830366791555,14.297222175958233,True
2060,P0154,Tianjin,ammonia,0.0,0.0,0.0,0.0,0.0,True
2060,P0155,Shanxi,unabated,0.0,0.0,0.0,0.0,0.0,True
2060,P0155,Shanxi,retire,0.1806724208796613,2561127.141679844,2.100124256177472,2.100124256177472,0.0,True
2060,P0155,Shanxi,ccs,0.0,0.0,0.0,0.0,0.0,True
2060,P0155,Shanxi,biomass,0.0,0.0,0.0,0.0,0.0,True
2060,P0155,Shanxi,beccs,0.8193275791203387,11614401.858320154,9.523809523822527,18.0952380952628,9.2,True
2060,P0155,Shanxi,ammonia,0.0,0.0,0.0,0.0,0.0,True
2060,P0156,Yunnan,unabated,0.0,0.0,0.0,0.0,0.0,True
2060,P0156,Yunnan,retire,0.0,0.0,0.0,0.0,0.0,True
2060,P0156,Yunnan,ccs,0.0,0.0,0.0,0.0,0.0,True
2060,P0156,Yunnan,biomass,1.0,2689319.9999999995,2.2052423999999995,2.2052423999999995,0.0,True
2060,P0156,Yunnan,beccs,0.0,0.0,0.0,0.0,0.0,True
2060,P0156,Yunnan,ammonia,0.0,0.0,0.0,0.0,0.0,True
2060,P0157,Guizhou,unabated,0.0,0.0,0.0,0.0,0.0,True
2060,P0157,Guizhou,retire,0.0,0.0,0.0,0.0,0.0,True
2060,P0157,Guizhou,ccs,0.0,0.0,0.0,0.0,0.0,True
2060,P0157,Guizhou,biomass,1.0,24495036.0,20.08592952,20.08592952,0.0,True
2060,P0157,Guizhou,beccs,0.0,0.0,0.0,0.0,0.0,True
2060,P0157,Guizhou,ammonia,0.0,0.0,0.0,0.0,0.0,True
2060,P0158,Guangxi,unabated,0.0,0.0,0.0,0.0,0.0,True
2060,P0158,Guangxi,retire,0.0,0.0,0.0,0.0,0.0,True
2060,P0158,Guangxi,ccs,0.0,0.0,0.0,0.0,0.0,True
2060,P0158,Guangxi,biomass,0.0,0.0,0.0,0.0,0.0,True
2060,P0158,Guangxi,beccs,1.0,7299565.0,5.9856432999999996,11.372722269999999,5.782131427799999,True
2060,P0158,Guangxi,ammonia,0.0,0.0,0.0,0.0,0.0,True
2060,P0159,Fujian,unabated,0.0,0.0,0.0,0.0,0.0,True
2060,P0159,Fujian,retire,1.0,17480341.999999996,14.333880439999996,14.333880439999996,0.0,True
2060,P0159,Fujian,ccs,0.0,0.0,0.0,0.0,0.0,True
2060,P0159,Fujian,biomass,0.0,0.0,0.0,0.0,0.0,True
2060,P0159,Fujian,beccs,0.0,0.0,0.0,0.0,0.0,True
2060,P0159,Fujian,ammonia,0.0,0.0,0.0,0.0,0.0,True
2060,P0160,Hubei,unabated,0.0,0.0,0.0,0.0,0.0,True
2060,P0160,Hubei,retire,0.0,0.0,0.0,0.0,0.0,True
2060,P0160,Hubei,ccs,0.0,0.0,0.0,0.0,0.0,True
2060,P0160,Hubei,biomass,0.0,0.0,0.0,0.0,0.0,True
2060,P0160,Hubei,beccs,1.0,16573231.999999998,13.590050239999998,25.821095455999995,13.127988531839998,True
2060,P0160,Hubei,ammonia,0.0,0.0,0.0,0.0,0.0,True
2060,P0161,Zhejiang,unabated,0.0,0.0,0.0,0.0,0.0,True
2060,P0161,Zhejiang,retire,0.0,0.0,0.0,0.0,0.0,True
2060,P0161,Zhejiang,ccs,0.0,0.0,0.0,0.0,0.0,True
2060,P0161,Zhejiang,biomass,0.0,0.0,0.0,0.0,0.0,True
2060,P0161,Zhejiang,beccs,1.0,2629267.5,2.15599935,4.096398765,2.0826953721,True
2060,P0161,Zhejiang,ammonia,0.0,0.0,0.0,0.0,0.0,True
2060,P0162,Shandong,unabated,0.0,0.0,0.0,0.0,0.0,True
2060,P0162,Shandong,retire,0.0,0.0,0.0,0.0,0.0,True
2060,P0162,Shandong,ccs,0.0,0.0,0.0,0.0,0.0,True
2060,P0162,Shandong,biomass,1.0,5974707.0,4.899259739999999,4.899259739999999,0.0,True
2060,P0162,Shandong,beccs,0.0,0.0,0.0,0.0,0.0,True
2060,P0162,Shandong,ammonia,0.0,0.0,0.0,0.0,0.0,True
2060,P0163,Hebei,unabated,0.0,0.0,0.0,0.0,0.0,True
2060,P0163,Hebei,retire,1.0,11583260.0,9.4982732,9.4982732,0.0,True
2060,P0163,Hebei,ccs,0.0,0.0,0.0,0.0,0.0,True
2060,P0163,Hebei,biomass,0.0,0.0,0.0,0.0,0.0,True
2060,P0163,Hebei,beccs,0.0,0.0,0.0,0.0,0.0,True
2060,P0163,Hebei,ammonia,0.0,0.0,0.0,0.0,0.0,True
2060,P0164,Hunan,unabated,0.0,0.0,0.0,0.0,0.0,True
2060,P0164,Hunan,retire,0.0,0.0,0.0,0.0,0.0,True
2060,P0164,Hunan,ccs,0.0,0.0,0.0,0.0,0.0,True
2060,P0164,Hunan,biomass,1.0,12502080.0,10.2517056,10.2517056,0.0,True
2060,P0164,Hunan,beccs,0.0,0.0,0.0,0.0,0.0,True
2060,P0164,Hunan,ammonia,0.0,0.0,0.0,0.0,0.0,True
2060,P0165,Hebei,unabated,0.0,0.0,0.0,0.0,0.0,True
2060,P0165,Hebei,retire,1.0,5346120.0,4.383818399999999,4.383818399999999,0.0,True
2060,P0165,Hebei,ccs,0.0,0.0,0.0,0.0,0.0,True
2060,P0165,Hebei,biomass,0.0,0.0,0.0,0.0,0.0,True
2060,P0165,Hebei,beccs,0.0,0.0,0.0,0.0,0.0,True
2060,P0165,Hebei,ammonia,0.0,0.0,0.0,0.0,0.0,True
2060,P0166,Guangxi,unabated,0.0,0.0,0.0,0.0,0.0,True
2060,P0166,Guangxi,retire,0.0,0.0,0.0,0.0,0.0,True
2060,P0166,Guangxi,ccs,0.0,0.0,0.0,0.0,0.0,True
2060,P0166,Guangxi,biomass,1.0,8807344.0,7.2220220799999995,7.2220220799999995,0.0,True
2060,P0166,Guangxi,beccs,0.0,0.0,0.0,0.0,0.0,True
2060,P0166,Guangxi,ammonia,0.0,0.0,0.0,0.0,0.0,True
2060,P0167,Shandong,unabated,0.0,0.0,0.0,0.0,0.0,True
2060,P0167,Shandong,retire,1.0,52621032.60000001,43.14924673200001,43.14924673200001,0.0,True
2060,P0167,Shandong,ccs,0.0,0.0,0.0,0.0,0.0,True
2060,P0167,Shandong,biomass,0.0,0.0,0.0,0.0,0.0,True
2060,P0167,Shandong,beccs,0.0,0.0,0.0,0.0,0.0,True
2060,P0167,Shandong,ammonia,0.0,0.0,0.0,0.0,0.0,True
2060,P0168,Xinjiang,unabated,0.0,0.0,0.0,0.0,0.0,True
2060,P0168,Xinjiang,retire,0.0,0.0,0.0,0.0,0.0,True
2060,P0168,Xinjiang,ccs,0.0,0.0,0.0,0.0,0.0,True
2060,P0168,Xinjiang,biomass,0.0,0.0,0.0,0.0,0.0,True
2060,P0168,Xinjiang,beccs,1.0,8555543.999999998,7.015546079999998,13.329537551999996,7.2610901927999985,True
2060,P0168,Xinjiang,ammonia,0.0,0.0,0.0,0.0,0.0,True
2060,P0169,Guizhou,unabated,0.0,0.0,0.0,0.0,0.0,True
2060,P0169,Guizhou,retire,0.0,0.0,0.0,0.0,0.0,True
2060,P0169,Guizhou,ccs,0.0,0.0,0.0,0.0,0.0,True
2060,P0169,Guizhou,biomass,1.0,7120650.0,5.838933,5.838933,0.0,True
2060,P0169,Guizhou,beccs,0.0,0.0,0.0,0.0,0.0,True
2060,P0169,Guizhou,ammonia,0.0,0.0,0.0,0.0,0.0,True
2060,P0170,Shandong,unabated,0.0,0.0,0.0,0.0,0.0,True
2060,P0170,Shandong,retire,1.0,33013527.000000004,27.07109214,27.07109214,0.0,True
2060,P0170,Shandong,ccs,0.0,0.0,0.0,0.0,0.0,True
2060,P0170,Shandong,biomass,0.0,0.0,0.0,0.0,0.0,True
2060,P0170,Shandong,beccs,0.0,0.0,0.0,0.0,0.0,True
2060,P0170,Shandong,ammonia,0.0,0.0,0.0,0.0,0.0,True
2060,P0171,Shaanxi,unabated,0.0,0.0,0.0,0.0,0.0,True
2060,P0171,Shaanxi,retire,1.0,15202300.0,12.465886,12.465886,0.0,True
2060,P0171,Shaanxi,ccs,0.0,0.0,0.0,0.0,0.0,True
2060,P0171,Shaanxi,biomass,0.0,0.0,0.0,0.0,0.0,True
2060,P0171,Shaanxi,beccs,0.0,0.0,0.0,0.0,0.0,True
2060,P0171,Shaanxi,ammonia,0.0,0.0,0.0,0.0,0.0,True
2060,P0172,Sichuan,unabated,0.0,0.0,0.0,0.0,0.0,True
2060,P0172,Sichuan,retire,0.0,0.0,0.0,0.0,0.0,True
2060,P0172,Sichuan,ccs,0.0,0.0,0.0,0.0,0.0,True
2060,P0172,Sichuan,biomass,0.0,0.0,0.0,0.0,0.0,True
2060,P0172,Sichuan,beccs,1.0,16288263.999999998,13.356376479999998,25.377115311999994,12.902259679679995,True
2060,P0172,Sichuan,ammonia,0.0,0.0,0.0,0.0,0.0,True
2060,P0173,Ningxia,unabated,0.0,0.0,0.0,0.0,0.0,True
2060,P0173,Ningxia,retire,1.0,26644024.0,21.84809968,21.84809968,0.0,True
2060,P0173,Ningxia,ccs,0.0,0.0,0.0,0.0,0.0,True
2060,P0173,Ningxia,biomass,0.0,0.0,0.0,0.0,0.0,True
2060,P0173,Ningxia,beccs,0.0,0.0,0.0,0.0,0.0,True
2060,P0173,Ningxia,ammonia,0.0,0.0,0.0,0.0,0.0,True
2060,P0174,Shanxi,unabated,0.0,0.0,0.0,0.0,0.0,True
2060,P0174,Shanxi,retire,1.0,37452655.0,30.711177099999997,30.711177099999997,0.0,True
2060,P0174,Shanxi,ccs,0.0,0.0,0.0,0.0,0.0,True
2060,P0174,Shanxi,biomass,0.0,0.0,0.0,0.0,0.0,True
2060,P0174,Shanxi,beccs,0.0,0.0,0.0,0.0,0.0,True
2060,P0174,Shanxi,ammonia,0.0,0.0,0.0,0.0,0.0,True
2060,P0175,Guizhou,unabated,0.0,0.0,0.0,0.0,0.0,True
2060,P0175,Guizhou,retire,0.0,0.0,0.0,0.0,0.0,True
2060,P0175,Guizhou,ccs,0.0,0.0,0.0,0.0,0.0,True
2060,P0175,Guizhou,biomass,1.0,8544780.0,7.006719599999999,7.006719599999999,0.0,True
2060,P0175,Guizhou,beccs,0.0,0.0,0.0,0.0,0.0,True
2060,P0175,Guizhou,ammonia,0.0,0.0,0.0,0.0,0.0,True
2060,P0176,Hubei,unabated,0.0,0.0,0.0,0.0,0.0,True
2060,P0176,Hubei,retire,0.0,0.0,0.0,0.0,0.0,True
2060,P0176,Hubei,ccs,0.0,0.0,0.0,0.0,0.0,True
2060,P0176,Hubei,biomass,0.5601601302474195,9871769.194565903,8.094850739544041,8.094850739544041,0.0,True
2060,P0176,Hubei,beccs,0.43983986975258055,7751350.805434098,6.35610766045596,12.076604554866323,6.140000000000456,True
2060,P0176,Hubei,ammonia,0.0,0.0,0.0,0.0,0.0,True
2060,P0177,Jilin,unabated,0.0,0.0,0.0,0.0,0.0,True
2060,P0177,Jilin,retire,0.0,0.0,0.0,0.0,0.0,True
2060,P0177,Jilin,ccs,0.0,0.0,0.0,0.0,0.0,True
2060,P0177,Jilin,biomass,0.0,0.0,0.0,0.0,0.0,True
2060,P0177,Jilin,beccs,1.0,7460084.0,6.11726888,11.622810872,5.909281738079999,True
2060,P0177,Jilin,ammonia,0.0,0.0,0.0,0.0,0.0,True
2060,P0178,Shaanxi,unabated,0.0,0.0,0.0,0.0,0.0,True
2060,P0178,Shaanxi,retire,0.0,0.0,0.0,0.0,0.0,True
2060,P0178,Shaanxi,ccs,0.0,0.0,0.0,0.0,0.0,True
2060,P0178,Shaanxi,biomass,0.0,0.0,0.0,0.0,0.0,True
2060,P0178,Shaanxi,beccs,1.0,6353200.0,5.209624,9.8982856,5.391960839999999,True
2060,P0178,Shaanxi,ammonia,0.0,0.0,0.0,0.0,0.0,True
2060,P0179,Fujian,unabated,0.0,0.0,0.0,0.0,0.0,True
2060,P0179,Fujian,retire,1.0,32038749.999999996,26.271774999999995,26.271774999999995,0.0,True
2060,P0179,Fujian,ccs,0.0,0.0,0.0,0.0,0.0,True
2060,P0179,Fujian,biomass,0.0,0.0,0.0,0.0,0.0,True
2060,P0179,Fujian,beccs,0.0,0.0,0.0,0.0,0.0,True
2060,P0179,Fujian,ammonia,0.0,0.0,0.0,0.0,0.0,True
2060,P0180,Inner Mongolia,unabated,0.0,0.0,0.0,0.0,0.0,True
2060,P0180,Inner Mongolia,retire,1.0,7547250.0,6.188745,6.188745,0.0,True
2060,P0180,Inner Mongolia,ccs,0.0,0.0,0.0,0.0,0.0,True
2060,P0180,Inner Mongolia,biomass,0.0,0.0,0.0,0.0,0.0,True
2060,P0180,Inner Mongolia,beccs,0.0,0.0,0.0,0.0,0.0,True
2060,P0180,Inner Mongolia,ammonia,0.0,0.0,0.0,0.0,0.0,True
2060,P0181,Xinjiang,unabated,0.0,0.0,0.0,0.0,0.0,True
2060,P0181,Xinjiang,retire,0.0,0.0,0.0,0.0,0.0,True
2060,P0181,Xinjiang,ccs,1.0,22999625.999999996,18.859693319999998,16.973723988,18.218463747119994,True
2060,P0181,Xinjiang,biomass,0.0,0.0,0.0,0.0,0.0,True
2060,P0181,Xinjiang,beccs,0.0,0.0,0.0,0.0,0.0,True
2060,P0181,Xinjiang,ammonia,0.0,0.0,0.0,0.0,0.0,True
2060,P0182,Jiangxi,unabated,0.0,0.0,0.0,0.0,0.0,True
2060,P0182,Jiangxi,retire,0.0,0.0,0.0,0.0,0.0,True
2060,P0182,Jiangxi,ccs,0.0,0.0,0.0,0.0,0.0,True
2060,P0182,Jiangxi,biomass,1.0,27707083.2,22.719808224,22.719808224,0.0,True
2060,P0182,Jiangxi,beccs,0.0,0.0,0.0,0.0,0.0,True
2060,P0182,Jiangxi,ammonia,0.0,0.0,0.0,0.0,0.0,True
2060,P0183,Xinjiang,unabated,0.0,0.0,0.0,0.0,0.0,True
2060,P0183,Xinjiang,retire,0.0,0.0,0.0,0.0,0.0,True
2060,P0183,Xinjiang,ccs,0.0,0.0,0.0,0.0,0.0,True
2060,P0183,Xinjiang,biomass,1.0,1425923.9999999998,1.1692576799999996,1.1692576799999996,0.0,True
2060,P0183,Xinjiang,beccs,0.0,0.0,0.0,0.0,0.0,True
2060,P0183,Xinjiang,ammonia,0.0,0.0,0.0,0.0,0.0,True
2060,P0184,Shandong,unabated,0.0,0.0,0.0,0.0,0.0,True
2060,P0184,Shandong,retire,0.0,0.0,0.0,0.0,0.0,True
2060,P0184,Shandong,ccs,0.0,0.0,0.0,0.0,0.0,True
2060,P0184,Shandong,biomass,0.38449189550749774,10882481.359680388,8.923634714937917,8.923634714937917,0.0,True
2060,P0184,Shandong,beccs,0.6155081044925028,17421057.64031963,14.285267265062096,27.142007803617982,13.799568178049983,True
2060,P0184,Shandong,ammonia,0.0,0.0,0.0,0.0,0.0,True
2060,P0185,Guizhou,unabated,0.0,0.0,0.0,0.0,0.0,True
2060,P0185,Guizhou,retire,0.0,0.0,0.0,0.0,0.0,True
2060,P0185,Guizhou,ccs,0.0,0.0,0.0,0.0,0.0,True
2060,P0185,Guizhou,biomass,1.0,7120650.0,5.838933,5.838933,0.0,True
2060,P0185,Guizhou,beccs,0.0,0.0,0.0,0.0,0.0,True
2060,P0185,Guizhou,ammonia,0.0,0.0,0.0,0.0,0.0,True
2060,P0186,Ningxia,unabated,0.0,0.0,0.0,0.0,0.0,True
2060,P0186,Ningxia,retire,1.0,24108865.0,19.769269299999998,19.769269299999998,0.0,True
2060,P0186,Ningxia,ccs,0.0,0.0,0.0,0.0,0.0,True
2060,P0186,Ningxia,biomass,0.0,0.0,0.0,0.0,0.0,True
2060,P0186,Ningxia,beccs,0.0,0.0,0.0,0.0,0.0,True
2060,P0186,Ningxia,ammonia,0.0,0.0,0.0,0.0,0.0,True
2060,P0187,Inner Mongolia,unabated,0.0,0.0,0.0,0.0,0.0,True
2060,P0187,Inner Mongolia,retire,0.0,0.0,0.0,0.0,0.0,True
2060,P0187,Inner Mongolia,ccs,0.0,0.0,0.0,0.0,0.0,True
2060,P0187,Inner Mongolia,biomass,0.0,0.0,0.0,0.0,0.0,True
2060,P0187,Inner Mongolia,beccs,1.0,1006300.0,0.825166,1.5678153999999997,0.8540468099999999,True
2060,P0187,Inner Mongolia,ammonia,0.0,0.0,0.0,0.0,0.0,True
2060,P0188,Xinjiang,unabated,0.0,0.0,0.0,0.0,0.0,True
2060,P0188,Xinjiang,retire,0.0,0.0,0.0,0.0,0.0,True
2060,P0188,Xinjiang,ccs,1.0,21124800.0,17.322336,15.590102400000001,17.928617759999998,True
2060,P0188,Xinjiang,biomass,0.0,0.0,0.0,0.0,0.0,True
2060,P0188,Xinjiang,beccs,0.0,0.0,0.0,0.0,0.0,True
2060,P0188,Xinjiang,ammonia,0.0,0.0,0.0,0.0,0.0,True
2060,P0189,Yunnan,unabated,0.0,0.0,0.0,0.0,0.0,True
2060,P0189,Yunnan,retire,0.0,0.0,0.0,0.0,0.0,True
2060,P0189,Yunnan,ccs,0.0,0.0,0.0,0.0,0.0,True
2060,P0189,Yunnan,biomass,1.0,4482200.0,3.675404,3.675404,0.0,True
2060,P0189,Yunnan,beccs,0.0,0.0,0.0,0.0,0.0,True
2060,P0189,Yunnan,ammonia,0.0,0.0,0.0,0.0,0.0,True
2060,P0190,Jiangsu,unabated,0.0,0.0,0.0,0.0,0.0,True
2060,P0190,Jiangsu,retire,0.0,0.0,0.0,0.0,0.0,True
2060,P0190,Jiangsu,ccs,0.0,0.0,0.0,0.0,0.0,True
2060,P0190,Jiangsu,biomass,0.0,0.0,0.0,0.0,0.0,True
2060,P0190,Jiangsu,beccs,1.0,11234720.0,9.2124704,17.50369376,8.8992464064,True
2060,P0190,Jiangsu,ammonia,0.0,0.0,0.0,0.0,0.0,True
2060,P0191,Hunan,unabated,0.0,0.0,0.0,0.0,0.0,True
2060,P0191,Hunan,retire,0.0,0.0,0.0,0.0,0.0,True
2060,P0191,Hunan,ccs,0.0,0.0,0.0,0.0,0.0,True
2060,P0191,Hunan,biomass,1.0,8204490.0,6.7276818,6.7276818,0.0,True
2060,P0191,Hunan,beccs,0.0,0.0,0.0,0.0,0.0,True
2060,P0191,Hunan,ammonia,0.0,0.0,0.0,0.0,0.0,True
2060,P0192,Shaanxi,unabated,0.0,0.0,0.0,0.0,0.0,True
2060,P0192,Shaanxi,retire,0.0,0.0,0.0,0.0,0.0,True
2060,P0192,Shaanxi,ccs,0.0,0.0,0.0,0.0,0.0,True
2060,P0192,Shaanxi,biomass,0.0,0.0,0.0,0.0,0.0,True
2060,P0192,Shaanxi,beccs,1.0,15519960.0,12.726367199999999,24.180097679999996,12.293670715199998,True
2060,P0192,Shaanxi,ammonia,0.0,0.0,0.0,0.0,0.0,True
2060,P0193,Guangxi,unabated,0.0,0.0,0.0,0.0,0.0,True
2060,P0193,Guangxi,retire,0.0,0.0,0.0,0.0,0.0,True
2060,P0193,Guangxi,ccs,0.0,0.0,0.0,0.0,0.0,True
2060,P0193,Guangxi,biomass,0.0,0.0,0.0,0.0,0.0,True
2060,P0193,Guangxi,beccs,1.0,6557642.0,5.37726644,10.216806235999998,5.194439381039999,True
2060,P0193,Guangxi,ammonia,0.0,0.0,0.0,0.0,0.0,True
2060,P0194,Shaanxi,unabated,0.0,0.0,0.0,0.0,0.0,True
2060,P0194,Shaanxi,retire,0.0,0.0,0.0,0.0,0.0,True
2060,P0194,Shaanxi,ccs,0.0,0.0,0.0,0.0,0.0,True
2060,P0194,Shaanxi,biomass,1.0,2995080.0,2.4559655999999994,2.4559655999999994,0.0,True
2060,P0194,Shaanxi,beccs,0.0,0.0,0.0,0.0,0.0,True
2060,P0194,Shaanxi,ammonia,0.0,0.0,0.0,0.0,0.0,True
2060,P0195,Sichuan,unabated,0.0,0.0,0.0,0.0,0.0,True
2060,P0195,Sichuan,retire,0.0,0.0,0.0,0.0,0.0,True
2060,P0195,Sichuan,ccs,0.0,0.0,0.0,0.0,0.0,True
2060,P0195,Sichuan,biomass,1.0,2997839.9999999995,2.458228799999999,2.458228799999999,0.0,True
2060,P0195,Sichuan,beccs,0.0,0.0,0.0,0.0,0.0,True
2060,P0195,Sichuan,ammonia,0.0,0.0,0.0,0.0,0.0,True
2060,P0196,Xinjiang,unabated,0.0,0.0,0.0,0.0,0.0,True
2060,P0196,Xinjiang,retire,0.0,0.0,0.0,0.0,0.0,True
2060,P0196,Xinjiang,ccs,0.0,0.0,0.0,0.0,0.0,True
2060,P0196,Xinjiang,biomass,0.14140809829382586,89616.53384512237,0.07348555775300034,0.07348555775300034,0.0,True
2060,P0196,Xinjiang,beccs,0.8585919017061744,544127.4661548777,0.4461845222469997,0.8477505922692994,0.43101424849060166,True
2060,P0196,Xinjiang,ammonia,0.0,0.0,0.0,0.0,0.0,True
2060,P0197,Fujian,unabated,0.0,0.0,0.0,0.0,0.0,True
2060,P0197,Fujian,retire,0.0,0.0,0.0,0.0,0.0,True
2060,P0197,Fujian,ccs,0.0,0.0,0.0,0.0,0.0,True
2060,P0197,Fujian,biomass,0.0,0.0,0.0,0.0,0.0,True
2060,P0197,Fujian,beccs,1.0,6766584.0,5.54859888,10.542337872,5.359946518079999,True
2060,P0197,Fujian,ammonia,0.0,0.0,0.0,0.0,0.0,True
2060,P0198,Gansu,unabated,0.0,0.0,0.0,0.0,0.0,True
2060,P0198,Gansu,retire,0.0,0.0,0.0,0.0,0.0,True
2060,P0198,Gansu,ccs,0.0,0.0,0.0,0.0,0.0,True
2060,P0198,Gansu,biomass,1.0,2765136.0,2.26741152,2.26741152,0.0,True
2060,P0198,Gansu,beccs,0.0,0.0,0.0,0.0,0.0,True
2060,P0198,Gansu,ammonia,0.0,0.0,0.0,0.0,0.0,True
2060,P0199,Inner Mongolia,unabated,0.0,0.0,0.0,0.0,0.0,True
2060,P0199,Inner Mongolia,retire,0.0,0.0,0.0,0.0,0.0,True
2060,P0199,Inner Mongolia,ccs,0.0,0.0,0.0,0.0,0.0,True
2060,P0199,Inner Mongolia,biomass,1.0,1308190.0,1.0727158,1.0727158,0.0,True
2060,P0199,Inner Mongolia,beccs,0.0,0.0,0.0,0.0,0.0,True
2060,P0199,Inner Mongolia,ammonia,0.0,0.0,0.0,0.0,0.0,True
2060,P0200,Xinjiang,unabated,0.0,0.0,0.0,0.0,0.0,True
2060,P0200,Xinjiang,retire,0.0,0.0,0.0,0.0,0.0,True
2060,P0200,Xinjiang,ccs,0.4594570794118893,4901499.15013594,4.01922930311147,3.6173063728003236,3.882575506805679,True
2060,P0200,Xinjiang,biomass,0.0,0.0,0.0,0.0,0.0,True
2060,P0200,Xinjiang,beccs,0.5405429205881107,5766524.849864058,4.728550376888527,8.984245716088202,4.567779664074315,True
2060,P0200,Xinjiang,ammonia,0.0,0.0,0.0,0.0,0.0,True
2060,P0201,Heilongjiang,unabated,0.0,0.0,0.0,0.0,0.0,True
2060,P0201,Heilongjiang,retire,0.0,0.0,0.0,0.0,0.0,True
2060,P0201,Heilongjiang,ccs,0.0,0.0,0.0,0.0,0.0,True
2060,P0201,Heilongjiang,biomass,0.0,0.0,0.0,0.0,0.0,True
2060,P0201,Heilongjiang,beccs,1.0,2434950.0000000005,1.9966590000000002,3.7936521,1.928772594,True
2060,P0201,Heilongjiang,ammonia,0.0,0.0,0.0,0.0,0.0,True
2060,P0202,Jiangxi,unabated,0.0,0.0,0.0,0.0,0.0,True
2060,P0202,Jiangxi,retire,0.0,0.0,0.0,0.0,0.0,True
2060,P0202,Jiangxi,ccs,0.0,0.0,0.0,0.0,0.0,True
2060,P0202,Jiangxi,biomass,1.0,9151488.0,7.504220159999999,7.504220159999999,0.0,True
2060,P0202,Jiangxi,beccs,0.0,0.0,0.0,0.0,0.0,True
2060,P0202,Jiangxi,ammonia,0.0,0.0,0.0,0.0,0.0,True
2060,P0203,Inner Mongolia,unabated,0.0,0.0,0.0,0.0,0.0,True
2060,P0203,Inner Mongolia,retire,0.0,0.0,0.0,0.0,0.0,True
2060,P0203,Inner Mongolia,ccs,0.23536199545410902,1598702.2381719216,1.310935835300976,1.1798422517708782,1.2663640169007424,True
2060,P0203,Inner Mongolia,biomass,0.0,0.0,0.0,0.0,0.0,True
2060,P0203,Inner Mongolia,beccs,0.7646380045458915,5193822.761828081,4.2589346646990265,8.09197586292815,4.114130886099258,True
2060,P0203,Inner Mongolia,ammonia,0.0,0.0,0.0,0.0,0.0,True
2060,P0204,Heilongjiang,unabated,0.0,0.0,0.0,0.0,0.0,True
2060,P0204,Heilongjiang,retire,0.0,0.0,0.0,0.0,0.0,True
2060,P0204,Heilongjiang,ccs,0.0,0.0,0.0,0.0,0.0,True
2060,P0204,Heilongjiang,biomass,0.0,0.0,0.0,0.0,0.0,True
2060,P0204,Heilongjiang,beccs,1.0,2434950.0000000005,1.9966590000000002,3.7936521,1.928772594,True
2060,P0204,Heilongjiang,ammonia,0.0,0.0,0.0,0.0,0.0,True
2060,P0205,Inner Mongolia,unabated,0.0,0.0,0.0,0.0,0.0,True
2060,P0205,Inner Mongolia,retire,0.0,0.0,0.0,0.0,0.0,True
2060,P0205,Inner Mongolia,ccs,0.0,0.0,0.0,0.0,0.0,True
2060,P0205,Inner Mongolia,biomass,0.0,0.0,0.0,0.0,0.0,True
2060,P0205,Inner Mongolia,beccs,1.0,3018899.9999999995,2.4754979999999995,4.703446199999999,2.391331067999999,True
2060,P0205,Inner Mongolia,ammonia,0.0,0.0,0.0,0.0,0.0,True
2060,P0206,Hubei,unabated,0.0,0.0,0.0,0.0,0.0,True
2060,P0206,Hubei,retire,0.0,0.0,0.0,0.0,0.0,True
2060,P0206,Hubei,ccs,0.0,0.0,0.0,0.0,0.0,True
2060,P0206,Hubei,biomass,1.0,3937080.0,3.2284055999999994,3.2284055999999994,0.0,True
2060,P0206,Hubei,beccs,0.0,0.0,0.0,0.0,0.0,True
2060,P0206,Hubei,ammonia,0.0,0.0,0.0,0.0,0.0,True
2060,P0207,Xinjiang,unabated,0.0,0.0,0.0,0.0,0.0,True
2060,P0207,Xinjiang,retire,0.0,0.0,0.0,0.0,0.0,True
2060,P0207,Xinjiang,ccs,1.0,47530800.0,38.975256,35.0777304,37.650097296,True
2060,P0207,Xinjiang,biomass,0.0,0.0,0.0,0.0,0.0,True
2060,P0207,Xinjiang,beccs,0.0,0.0,0.0,0.0,0.0,True
2060,P0207,Xinjiang,ammonia,0.0,0.0,0.0,0.0,0.0,True
2060,P0208,Sichuan,unabated,0.0,0.0,0.0,0.0,0.0,True
2060,P0208,Sichuan,retire,0.0,0.0,0.0,0.0,0.0,True
2060,P0208,Sichuan,ccs,0.0,0.0,0.0,0.0,0.0,True
2060,P0208,Sichuan,biomass,1.0,1648811.9999999998,1.3520258399999996,1.3520258399999996,0.0,True
2060,P0208,Sichuan,beccs,0.0,0.0,0.0,0.0,0.0,True
2060,P0208,Sichuan,ammonia,0.0,0.0,0.0,0.0,0.0,True
2060,P0209,Zhejiang,unabated,0.0,0.0,0.0,0.0,0.0,True
2060,P0209,Zhejiang,retire,0.0,0.0,0.0,0.0,0.0,True
2060,P0209,Zhejiang,ccs,0.0,0.0,0.0,0.0,0.0,True
2060,P0209,Zhejiang,biomass,0.0,0.0,0.0,0.0,0.0,True
2060,P0209,Zhejiang,beccs,1.0,13284720.000000002,10.8934704,20.69759376,10.523092406399998,True
2060,P0209,Zhejiang,ammonia,0.0,0.0,0.0,0.0,0.0,True
2060,P0210,Anhui,unabated,0.0,0.0,0.0,0.0,0.0,True
2060,P0210,Anhui,retire,0.0,0.0,0.0,0.0,0.0,True
2060,P0210,Anhui,ccs,0.0,0.0,0.0,0.0,0.0,True
2060,P0210,Anhui,biomass,1.0,6708372.000000001,5.50086504,5.50086504,0.0,True
2060,P0210,Anhui,beccs,0.0,0.0,0.0,0.0,0.0,True
2060,P0210,Anhui,ammonia,0.0,0.0,0.0,0.0,0.0,True
2060,P0211,Henan,unabated,0.0,0.0,0.0,0.0,0.0,True
2060,P0211,Henan,retire,0.0,0.0,0.0,0.0,0.0,True
2060,P0211,Henan,ccs,0.0,0.0,0.0,0.0,0.0,True
2060,P0211,Henan,biomass,1.0,4535496.0,3.7191067199999996,3.7191067199999996,0.0,True
2060,P0211,Henan,beccs,0.0,0.0,0.0,0.0,0.0,True
2060,P0211,Henan,ammonia,0.0,0.0,0.0,0.0,0.0,True
2060,P0212,Gansu,unabated,0.0,0.0,0.0,0.0,0.0,True
2060,P0212,Gansu,retire,1.0,11102440.0,9.1040008,9.1040008,0.0,True
2060,P0212,Gansu,ccs,0.0,0.0,0.0,0.0,0.0,True
2060,P0212,Gansu,biomass,0.0,0.0,0.0,0.0,0.0,True
2060,P0212,Gansu,beccs,0.0,0.0,0.0,0.0,0.0,True
2060,P0212,Gansu,ammonia,0.0,0.0,0.0,0.0,0.0,True
2060,P0213,Hubei,unabated,0.0,0.0,0.0,0.0,0.0,True
2060,P0213,Hubei,retire,0.0,0.0,0.0,0.0,0.0,True
2060,P0213,Hubei,ccs,0.0,0.0,0.0,0.0,0.0,True
2060,P0213,Hubei,biomass,1.0,13761032.0,11.28404624,11.28404624,0.0,True
2060,P0213,Hubei,beccs,0.0,0.0,0.0,0.0,0.0,True
2060,P0213,Hubei,ammonia,0.0,0.0,0.0,0.0,0.0,True
2060,P0214,Xinjiang,unabated,0.0,0.0,0.0,0.0,0.0,True
2060,P0214,Xinjiang,retire,0.0,0.0,0.0,0.0,0.0,True
2060,P0214,Xinjiang,ccs,1.0,5096358.0,4.17901356,3.761112204,4.036927098959999,True
2060,P0214,Xinjiang,biomass,0.0,0.0,0.0,0.0,0.0,True
2060,P0214,Xinjiang,beccs,0.0,0.0,0.0,0.0,0.0,True
2060,P0214,Xinjiang,ammonia,0.0,0.0,0.0,0.0,0.0,True
2060,P0215,Hebei,unabated,0.0,0.0,0.0,0.0,0.0,True
2060,P0215,Hebei,retire,0.0,0.0,0.0,0.0,0.0,True
2060,P0215,Hebei,ccs,0.0,0.0,0.0,0.0,0.0,True
2060,P0215,Hebei,biomass,1.0,5880732.000000001,4.82220024,4.82220024,0.0,True
2060,P0215,Hebei,beccs,0.0,0.0,0.0,0.0,0.0,True
2060,P0215,Hebei,ammonia,0.0,0.0,0.0,0.0,0.0,True
2060,P0216,Heilongjiang,unabated,0.0,0.0,0.0,0.0,0.0,True
2060,P0216,Heilongjiang,retire,0.0,0.0,0.0,0.0,0.0,True
2060,P0216,Heilongjiang,ccs,0.0,0.0,0.0,0.0,0.0,True
2060,P0216,Heilongjiang,biomass,1.0,347850.0,0.285237,0.285237,0.0,True
2060,P0216,Heilongjiang,beccs,0.0,0.0,0.0,0.0,0.0,True
2060,P0216,Heilongjiang,ammonia,0.0,0.0,0.0,0.0,0.0,True
2060,P0217,Hainan,unabated,0.0,0.0,0.0,0.0,0.0,True
2060,P0217,Hainan,retire,0.0,0.0,0.0,0.0,0.0,True
2060,P0217,Hainan,ccs,0.0,0.0,0.0,0.0,0.0,True
2060,P0217,Hainan,biomass,0.0,0.0,0.0,0.0,0.0,True
2060,P0217,Hainan,beccs,1.0,1509270.0,1.2376014,2.35144266,1.1955229524,True
2060,P0217,Hainan,ammonia,0.0,0.0,0.0,0.0,0.0,True
2060,P0218,Hubei,unabated,0.0,0.0,0.0,0.0,0.0,True
2060,P0218,Hubei,retire,0.0,0.0,0.0,0.0,0.0,True
2060,P0218,Hubei,ccs,0.0,0.0,0.0,0.0,0.0,True
2060,P0218,Hubei,biomass,1.0,7424207.999999999,6.087850559999999,6.087850559999999,0.0,True
2060,P0218,Hubei,beccs,0.0,0.0,0.0,0.0,0.0,True
2060,P0218,Hubei,ammonia,0.0,0.0,0.0,0.0,0.0,True
2060,P0219,Jilin,unabated,0.0,0.0,0.0,0.0,0.0,True
2060,P0219,Jilin,retire,0.0,0.0,0.0,0.0,0.0,True
2060,P0219,Jilin,ccs,0.0,0.0,0.0,0.0,0.0,True
2060,P0219,Jilin,biomass,0.0,0.0,0.0,0.0,0.0,True
2060,P0219,Jilin,beccs,1.0,2933334.0,2.4053338799999997,4.570134371999999,2.323552528079999,True
2060,P0219,Jilin,ammonia,0.0,0.0,0.0,0.0,0.0,True
2060,P0220,Hebei,unabated,0.0,0.0,0.0,0.0,0.0,True
2060,P0220,Hebei,retire,0.0,0.0,0.0,0.0,0.0,True
2060,P0220,Hebei,ccs,0.0,0.0,0.0,0.0,0.0,True
2060,P0220,Hebei,biomass,1.0,5880732.000000001,4.82220024,4.82220024,0.0,True
2060,P0220,Hebei,beccs,0.0,0.0,0.0,0.0,0.0,True
2060,P0220,Hebei,ammonia,0.0,0.0,0.0,0.0,0.0,True
2060,P0221,Gansu,unabated,0.0,0.0,0.0,0.0,0.0,True
2060,P0221,Gansu,retire,0.0,0.0,0.0,0.0,0.0,True
2060,P0221,Gansu,ccs,0.0,0.0,0.0,0.0,0.0,True
2060,P0221,Gansu,biomass,0.0,0.0,0.0,0.0,0.0,True
2060,P0221,Gansu,beccs,1.0,17303048.0,14.18849936,26.958148784,13.706090381759997,True
2060,P0221,Gansu,ammonia,0.0,0.0,0.0,0.0,0.0,True
2060,P0222,Jiangxi,unabated,0.0,0.0,0.0,0.0,0.0,True
2060,P0222,Jiangxi,retire,0.0,0.0,0.0,0.0,0.0,True
2060,P0222,Jiangxi,ccs,0.0,0.0,0.0,0.0,0.0,True
2060,P0222,Jiangxi,biomass,1.0,19065600.0,15.633791999999998,15.633791999999998,0.0,True
2060,P0222,Jiangxi,beccs,0.0,0.0,0.0,0.0,0.0,True
2060,P0222,Jiangxi,ammonia,0.0,0.0,0.0,0.0,0.0,True
2060,P0223,Anhui,unabated,0.0,0.0,0.0,0.0,0.0,True
2060,P0223,Anhui,retire,1.0,32652492.500000004,26.775043850000003,26.775043850000003,0.0,True
2060,P0223,Anhui,ccs,0.0,0.0,0.0,0.0,0.0,True
2060,P0223,Anhui,biomass,0.0,0.0,0.0,0.0,0.0,True
2060,P0223,Anhui,beccs,0.0,0.0,0.0,0.0,0.0,True
2060,P0223,Anhui,ammonia,0.0,0.0,0.0,0.0,0.0,True
2060,P0224,Xinjiang,unabated,0.0,0.0,0.0,0.0,0.0,True
2060,P0224,Xinjiang,retire,0.0,0.0,0.0,0.0,0.0,True
2060,P0224,Xinjiang,ccs,0.015325425711142818,89030.30209225618,0.07300484771565005,0.06570436294408505,0.07052268289331796,True
2060,P0224,Xinjiang,biomass,0.0,0.0,0.0,0.0,0.0,True
2060,P0224,Xinjiang,beccs,0.9846745742888574,5720289.697907744,4.6906375522843495,8.912211349340263,4.531155875506681,True
2060,P0224,Xinjiang,ammonia,0.0,0.0,0.0,0.0,0.0,True
2060,P0225,Heilongjiang,unabated,0.0,0.0,0.0,0.0,0.0,True
2060,P0225,Heilongjiang,retire,0.0,0.0,0.0,0.0,0.0,True
2060,P0225,Heilongjiang,ccs,0.0,0.0,0.0,0.0,0.0,True
2060,P0225,Heilongjiang,biomass,1.0,4174200.0,3.422844,3.422844,0.0,True
2060,P0225,Heilongjiang,beccs,0.0,0.0,0.0,0.0,0.0,True
2060,P0225,Heilongjiang,ammonia,0.0,0.0,0.0,0.0,0.0,True
2060,P0226,Anhui,unabated,0.0,0.0,0.0,0.0,0.0,True
2060,P0226,Anhui,retire,0.0,0.0,0.0,0.0,0.0,True
2060,P0226,Anhui,ccs,0.0,0.0,0.0,0.0,0.0,True
2060,P0226,Anhui,biomass,1.0,13416744.000000002,11.00173008,11.00173008,0.0,True
2060,P0226,Anhui,beccs,0.0,0.0,0.0,0.0,0.0,True
2060,P0226,Anhui,ammonia,0.0,0.0,0.0,0.0,0.0,True
2060,P0227,Shanxi,unabated,0.0,0.0,0.0,0.0,0.0,True
2060,P0227,Shanxi,retire,0.05047005027645668,864509.0616929679,0.7088974305882336,0.7088974305882336,0.0,True
2060,P0227,Shanxi,ccs,0.0,0.0,0.0,0.0,0.0,True
2060,P0227,Shanxi,biomass,0.0,0.0,0.0,0.0,0.0,True
2060,P0227,Shanxi,beccs,0.9495299497235433,16264640.938307032,13.337005569411765,25.340310581882353,12.883547380051766,True
2060,P0227,Shanxi,ammonia,0.0,0.0,0.0,0.0,0.0,True
2060,P0228,Liaoning,unabated,0.0,0.0,0.0,0.0,0.0,True
2060,P0228,Liaoning,retire,0.0,0.0,0.0,0.0,0.0,True
2060,P0228,Liaoning,ccs,0.0,0.0,0.0,0.0,0.0,True
2060,P0228,Liaoning,biomass,0.16296534846261712,606367.9871736442,0.4972217494823882,0.4972217494823882,0.0,True
2060,P0228,Liaoning,beccs,0.8370346515373829,3114472.012826355,2.553867050517611,4.85234739598346,2.467035570800012,True
2060,P0228,Liaoning,ammonia,0.0,0.0,0.0,0.0,0.0,True
2060,P0229,Henan,unabated,0.0,0.0,0.0,0.0,0.0,True
2060,P0229,Henan,retire,0.0,0.0,0.0,0.0,0.0,True
2060,P0229,Henan,ccs,0.0,0.0,0.0,0.0,0.0,True
2060,P0229,Henan,biomass,1.0,13426508.0,11.009736559999999,11.009736559999999,0.0,True
2060,P0229,Henan,beccs,0.0,0.0,0.0,0.0,0.0,True
2060,P0229,Henan,ammonia,0.0,0.0,0.0,0.0,0.0,True
2060,P0230,Inner Mongolia,unabated,0.0,0.0,0.0,0.0,0.0,True
2060,P0230,Inner Mongolia,retire,0.9983617651908641,6630699.532456339,5.4371736166141975,5.4371736166141975,0.0,True
2060,P0230,Inner Mongolia,ccs,0.0016382348091359335,10880.467543661034,0.008921983385802046,0.008029785047221842,0.009234252804305117,True
2060,P0230,Inner Mongolia,biomass,0.0,0.0,0.0,0.0,0.0,True
2060,P0230,Inner Mongolia,beccs,0.0,0.0,0.0,0.0,0.0,True
2060,P0230,Inner Mongolia,ammonia,0.0,0.0,0.0,0.0,0.0,True
2060,P0231,Fujian,unabated,0.0,0.0,0.0,0.0,0.0,True
2060,P0231,Fujian,retire,0.0,0.0,0.0,0.0,0.0,True
2060,P0231,Fujian,ccs,0.0,0.0,0.0,0.0,0.0,True
2060,P0231,Fujian,biomass,1.0,6151440.0,5.0441807999999995,5.0441807999999995,0.0,True
2060,P0231,Fujian,beccs,0.0,0.0,0.0,0.0,0.0,True
2060,P0231,Fujian,ammonia,0.0,0.0,0.0,0.0,0.0,True
2060,P0232,Inner Mongolia,unabated,0.0,0.0,0.0,0.0,0.0,True
2060,P0232,Inner Mongolia,retire,0.0,0.0,0.0,0.0,0.0,True
2060,P0232,Inner Mongolia,ccs,0.0,0.0,0.0,0.0,0.0,True
2060,P0232,Inner Mongolia,biomass,0.0,0.0,0.0,0.0,0.0,True
2060,P0232,Inner Mongolia,beccs,1.0,6037799.999999999,4.950995999999999,9.406892399999998,4.782662135999998,True
2060,P0232,Inner Mongolia,ammonia,0.0,0.0,0.0,0.0,0.0,True
2060,P0233,Xinjiang,unabated,0.0,0.0,0.0,0.0,0.0,True
2060,P0233,Xinjiang,retire,0.0,0.0,0.0,0.0,0.0,True
2060,P0233,Xinjiang,ccs,0.0,0.0,0.0,0.0,0.0,True
2060,P0233,Xinjiang,biomass,0.0,0.0,0.0,0.0,0.0,True
2060,P0233,Xinjiang,beccs,1.0,3168719.9999999995,2.5983503999999993,4.936865759999998,2.510006486399999,True
2060,P0233,Xinjiang,ammonia,0.0,0.0,0.0,0.0,0.0,True
2060,P0234,Hunan,unabated,0.0,0.0,0.0,0.0,0.0,True
2060,P0234,Hunan,retire,0.0,0.0,0.0,0.0,0.0,True
2060,P0234,Hunan,ccs,0.0,0.0,0.0,0.0,0.0,True
2060,P0234,Hunan,biomass,1.0,234414.0,0.19221947999999997,0.19221947999999997,0.0,True
2060,P0234,Hunan,beccs,0.0,0.0,0.0,0.0,0.0,True
2060,P0234,Hunan,ammonia,0.0,0.0,0.0,0.0,0.0,True
2060,P0235,Inner Mongolia,unabated,0.0,0.0,0.0,0.0,0.0,True
2060,P0235,Inner Mongolia,retire,1.0,13283160.0,10.8921912,10.8921912,0.0,True
2060,P0235,Inner Mongolia,ccs,0.0,0.0,0.0,0.0,0.0,True
2060,P0235,Inner Mongolia,biomass,0.0,0.0,0.0,0.0,0.0,True
2060,P0235,Inner Mongolia,beccs,0.0,0.0,0.0,0.0,0.0,True
2060,P0235,Inner Mongolia,ammonia,0.0,0.0,0.0,0.0,0.0,True
2060,P0236,Henan,unabated,0.0,0.0,0.0,0.0,0.0,True
2060,P0236,Henan,retire,1.0,19185868.0,15.73241176,15.73241176,0.0,True
2060,P0236,Henan,ccs,0.0,0.0,0.0,0.0,0.0,True
2060,P0236,Henan,biomass,0.0,0.0,0.0,0.0,0.0,True
2060,P0236,Henan,beccs,0.0,0.0,0.0,0.0,0.0,True
2060,P0236,Henan,ammonia,0.0,0.0,0.0,0.0,0.0,True
2060,P0237,Jiangxi,unabated,0.0,0.0,0.0,0.0,0.0,True
2060,P0237,Jiangxi,retire,0.0,0.0,0.0,0.0,0.0,True
2060,P0237,Jiangxi,ccs,0.0,0.0,0.0,0.0,0.0,True
2060,P0237,Jiangxi,biomass,0.8011217499459382,10309860.114144264,8.454085293598297,8.454085293598297,0.0,True
2060,P0237,Jiangxi,beccs,0.19887825005406182,2559419.8858557367,2.098724306401704,3.9875761821632376,2.027367679984046,True
2060,P0237,Jiangxi,ammonia,0.0,0.0,0.0,0.0,0.0,True
2060,P0238,Sichuan,unabated,0.0,0.0,0.0,0.0,0.0,True
2060,P0238,Sichuan,retire,0.0,0.0,0.0,0.0,0.0,True
2060,P0238,Sichuan,ccs,0.0,0.0,0.0,0.0,0.0,True
2060,P0238,Sichuan,biomass,0.0,0.0,0.0,0.0,0.0,True
2060,P0238,Sichuan,beccs,1.0,9992799.999999998,8.194095999999998,15.568782399999996,8.480889359999997,True
2060,P0238,Sichuan,ammonia,0.0,0.0,0.0,0.0,0.0,True
2060,P0239,Guizhou,unabated,0.0,0.0,0.0,0.0,0.0,True
2060,P0239,Guizhou,retire,0.0,0.0,0.0,0.0,0.0,True
2060,P0239,Guizhou,ccs,0.0,0.0,0.0,0.0,0.0,True
2060,P0239,Guizhou,biomass,1.0,17659212.0,14.48055384,14.48055384,0.0,True
2060,P0239,Guizhou,beccs,0.0,0.0,0.0,0.0,0.0,True
2060,P0239,Guizhou,ammonia,0.0,0.0,0.0,0.0,0.0,True
2060,P0240,Guangdong,unabated,0.0,0.0,0.0,0.0,0.0,True
2060,P0240,Guangdong,retire,0.0,0.0,0.0,0.0,0.0,True
2060,P0240,Guangdong,ccs,0.0,0.0,0.0,0.0,0.0,True
2060,P0240,Guangdong,biomass,0.0,0.0,0.0,0.0,0.0,True
2060,P0240,Guangdong,beccs,1.0,9663400.0,7.923987999999999,15.055577199999997,7.654572407999996,True
2060,P0240,Guangdong,ammonia,0.0,0.0,0.0,0.0,0.0,True
2060,P0241,Guangxi,unabated,0.0,0.0,0.0,0.0,0.0,True
2060,P0241,Guangxi,retire,0.0,0.0,0.0,0.0,0.0,True
2060,P0241,Guangxi,ccs,0.0,0.0,0.0,0.0,0.0,True
2060,P0241,Guangxi,biomass,1.0,3350620.0,2.7475084,2.7475084,0.0,True
2060,P0241,Guangxi,beccs,0.0,0.0,0.0,0.0,0.0,True
2060,P0241,Guangxi,ammonia,0.0,0.0,0.0,0.0,0.0,True
2060,P0242,Xinjiang,unabated,0.0,0.0,0.0,0.0,0.0,True
2060,P0242,Xinjiang,retire,0.35047554637106804,9772918.08501299,8.01379282971065,8.01379282971065,0.0,True
2060,P0242,Xinjiang,ccs,0.649524453628932,18111817.91498701,14.851690690289344,13.366521621260409,15.371499864449468,True
2060,P0242,Xinjiang,biomass,0.0,0.0,0.0,0.0,0.0,True
2060,P0242,Xinjiang,beccs,0.0,0.0,0.0,0.0,0.0,True
2060,P0242,Xinjiang,ammonia,0.0,0.0,0.0,0.0,0.0,True
2060,P0243,Anhui,unabated,0.0,0.0,0.0,0.0,0.0,True
2060,P0243,Anhui,retire,1.0,124308166.00000001,101.93269612,101.93269612,0.0,True
2060,P0243,Anhui,ccs,0.0,0.0,0.0,0.0,0.0,True
2060,P0243,Anhui,biomass,0.0,0.0,0.0,0.0,0.0,True
2060,P0243,Anhui,beccs,0.0,0.0,0.0,0.0,0.0,True
2060,P0243,Anhui,ammonia,0.0,0.0,0.0,0.0,0.0,True
2060,P0244,Gansu,unabated,0.0,0.0,0.0,0.0,0.0,True
2060,P0244,Gansu,retire,1.0,15124456.000000002,12.40205392,12.40205392,0.0,True
2060,P0244,Gansu,ccs,0.0,0.0,0.0,0.0,0.0,True
2060,P0244,Gansu,biomass,0.0,0.0,0.0,0.0,0.0,True
2060,P0244,Gansu,beccs,0.0,0.0,0.0,0.0,0.0,True
2060,P0244,Gansu,ammonia,0.0,0.0,0.0,0.0,0.0,True
2060,P0245,Hubei,unabated,0.0,0.0,0.0,0.0,0.0,True
2060,P0245,Hubei,retire,0.0,0.0,0.0,0.0,0.0,True
2060,P0245,Hubei,ccs,0.0,0.0,0.0,0.0,0.0,True
2060,P0245,Hubei,biomass,1.0,7247976.799999999,5.943340975999999,5.943340975999999,0.0,True
2060,P0245,Hubei,beccs,0.0,0.0,0.0,0.0,0.0,True
2060,P0245,Hubei,ammonia,0.0,0.0,0.0,0.0,0.0,True
2060,P0246,Inner Mongolia,unabated,0.0,0.0,0.0,0.0,0.0,True
2060,P0246,Inner Mongolia,retire,1.0,41107355.0,33.7080311,33.7080311,0.0,True
2060,P0246,Inner Mongolia,ccs,0.0,0.0,0.0,0.0,0.0,True
2060,P0246,Inner Mongolia,biomass,0.0,0.0,0.0,0.0,0.0,True
2060,P0246,Inner Mongolia,beccs,0.0,0.0,0.0,0.0,0.0,True
2060,P0246,Inner Mongolia,ammonia,0.0,0.0,0.0,0.0,0.0,True
2060,P0247,Shandong,unabated,0.0,0.0,0.0,0.0,0.0,True
2060,P0247,Shandong,retire,1.0,8983866.0,7.366770119999999,7.366770119999999,0.0,True
2060,P0247,Shandong,ccs,0.0,0.0,0.0,0.0,0.0,True
2060,P0247,Shandong,biomass,0.0,0.0,0.0,0.0,0.0,True
2060,P0247,Shandong,beccs,0.0,0.0,0.0,0.0,0.0,True
2060,P0247,Shandong,ammonia,0.0,0.0,0.0,0.0,0.0,True
2060,P0248,Henan,unabated,0.0,0.0,0.0,0.0,0.0,True
2060,P0248,Henan,retire,1.0,30200644.0,24.764528079999998,24.764528079999998,0.0,True
2060,P0248,Henan,ccs,0.0,0.0,0.0,0.0,0.0,True
2060,P0248,Henan,biomass,0.0,0.0,0.0,0.0,0.0,True
2060,P0248,Henan,beccs,0.0,0.0,0.0,0.0,0.0,True
2060,P0248,Henan,ammonia,0.0,0.0,0.0,0.0,0.0,True
2060,P0249,Gansu,unabated,0.0,0.0,0.0,0.0,0.0,True
2060,P0249,Gansu,retire,0.0,0.0,0.0,0.0,0.0,True
2060,P0249,Gansu,ccs,0.0,0.0,0.0,0.0,0.0,True
2060,P0249,Gansu,biomass,0.0,0.0,0.0,0.0,0.0,True
2060,P0249,Gansu,beccs,1.0,2513760.0000000005,2.0612832,3.91643808,1.9911995711999997,True
2060,P0249,Gansu,ammonia,0.0,0.0,0.0,0.0,0.0,True
2060,P0250,Gansu,unabated,0.0,0.0,0.0,0.0,0.0,True
2060,P0250,Gansu,retire,0.29362093726459343,738092.5672582445,0.6052359051517604,0.6052359051517604,0.0,True
2060,P0250,Gansu,ccs,0.3947157624692979,992220.6950648224,0.8136209699531544,0.732258872957839,0.7859578569747471,True
2060,P0250,Gansu,biomass,0.0,0.0,0.0,0.0,0.0,True
2060,P0250,Gansu,beccs,0.31166330026610867,783446.7376769335,0.6424263248950853,1.220610017300662,0.6205838298486523,True
2060,P0250,Gansu,ammonia,0.0,0.0,0.0,0.0,0.0,True
2060,P0251,Hebei,unabated,0.0,0.0,0.0,0.0,0.0,True
2060,P0251,Hebei,retire,0.0,0.0,0.0,0.0,0.0,True
2060,P0251,Hebei,ccs,0.0,0.0,0.0,0.0,0.0,True
2060,P0251,Hebei,biomass,0.9666625299333543,5856946.402464279,4.8026960500207085,4.8026960500207085,0.0,True
2060,P0251,Hebei,beccs,0.03333747006664589,201989.5975357232,0.16563146997929304,0.31469979296065675,0.15999999999999703,True
2060,P0251,Hebei,ammonia,0.0,0.0,0.0,0.0,0.0,True
2060,P0252,Guangxi,unabated,0.0,0.0,0.0,0.0,0.0,True
2060,P0252,Guangxi,retire,0.0,0.0,0.0,0.0,0.0,True
2060,P0252,Guangxi,ccs,0.0,0.0,0.0,0.0,0.0,True
2060,P0252,Guangxi,biomass,1.0,10003994.0,8.20327508,8.20327508,0.0,True
2060,P0252,Guangxi,beccs,0.0,0.0,0.0,0.0,0.0,True
2060,P0252,Guangxi,ammonia,0.0,0.0,0.0,0.0,0.0,True
2060,P0253,Guangxi,unabated,0.0,0.0,0.0,0.0,0.0,True
2060,P0253,Guangxi,retire,0.0,0.0,0.0,0.0,0.0,True
2060,P0253,Guangxi,ccs,0.0,0.0,0.0,0.0,0.0,True
2060,P0253,Guangxi,biomass,1.0,5456724.0,4.474513679999999,4.474513679999999,0.0,True
2060,P0253,Guangxi,beccs,0.0,0.0,0.0,0.0,0.0,True
2060,P0253,Guangxi,ammonia,0.0,0.0,0.0,0.0,0.0,True
2060,P0254,Jiangxi,unabated,0.0,0.0,0.0,0.0,0.0,True
2060,P0254,Jiangxi,retire,0.0,0.0,0.0,0.0,0.0,True
2060,P0254,Jiangxi,ccs,0.0,0.0,0.0,0.0,0.0,True
2060,P0254,Jiangxi,biomass,1.0,6291647.999999999,5.159151359999998,5.159151359999998,0.0,True
2060,P0254,Jiangxi,beccs,0.0,0.0,0.0,0.0,0.0,True
2060,P0254,Jiangxi,ammonia,0.0,0.0,0.0,0.0,0.0,True
2060,P0255,Anhui,unabated,0.0,0.0,0.0,0.0,0.0,True
2060,P0255,Anhui,retire,0.0,0.0,0.0,0.0,0.0,True
2060,P0255,Anhui,ccs,0.0,0.0,0.0,0.0,0.0,True
2060,P0255,Anhui,biomass,1.0,25003932.0,20.503224239999998,20.503224239999998,0.0,True
2060,P0255,Anhui,beccs,0.0,0.0,0.0,0.0,0.0,True
2060,P0255,Anhui,ammonia,0.0,0.0,0.0,0.0,0.0,True
2060,P0256,Heilongjiang,unabated,0.0,0.0,0.0,0.0,0.0,True
2060,P0256,Heilongjiang,retire,0.0,0.0,0.0,0.0,0.0,True
2060,P0256,Heilongjiang,ccs,0.0,0.0,0.0,0.0,0.0,True
2060,P0256,Heilongjiang,biomass,0.0,0.0,0.0,0.0,0.0,True
2060,P0256,Heilongjiang,beccs,1.0,194796.0,0.15973272,0.30349216799999995,0.15430180751999997,True
2060,P0256,Heilongjiang,ammonia,0.0,0.0,0.0,0.0,0.0,True
2060,P0257,Inner Mongolia,unabated,0.0,0.0,0.0,0.0,0.0,True
2060,P0257,Inner Mongolia,retire,0.0,0.0,0.0,0.0,0.0,True
2060,P0257,Inner Mongolia,ccs,0.0,0.0,0.0,0.0,0.0,True
2060,P0257,Inner Mongolia,biomass,1.0,362267.99999999994,0.29705975999999995,0.29705975999999995,0.0,True
2060,P0257,Inner Mongolia,beccs,0.0,0.0,0.0,0.0,0.0,True
2060,P0257,Inner Mongolia,ammonia,0.0,0.0,0.0,0.0,0.0,True
2060,P0258,Xinjiang,unabated,0.0,0.0,0.0,0.0,0.0,True
2060,P0258,Xinjiang,retire,0.0,0.0,0.0,0.0,0.0,True
2060,P0258,Xinjiang,ccs,0.14779724536771802,546382.7685651946,0.44803387022345953,0.4032304832011136,0.43280071863586184,True
2060,P0258,Xinjiang,biomass,0.0,0.0,0.0,0.0,0.0,True
2060,P0258,Xinjiang,beccs,0.8522027546322822,3150457.231434806,2.5833749297765407,4.908412366575427,2.4955401821641376,True
2060,P0258,Xinjiang,ammonia,0.0,0.0,0.0,0.0,0.0,True
2060,P0259,Guizhou,unabated,0.0,0.0,0.0,0.0,0.0,True
2060,P0259,Guizhou,retire,1.0,20792298.0,17.04968436,17.04968436,0.0,True
2060,P0259,Guizhou,ccs,0.0,0.0,0.0,0.0,0.0,True
2060,P0259,Guizhou,biomass,0.0,0.0,0.0,0.0,0.0,True
2060,P0259,Guizhou,beccs,0.0,0.0,0.0,0.0,0.0,True
2060,P0259,Guizhou,ammonia,0.0,0.0,0.0,0.0,0.0,True
2060,P0260,Ningxia,unabated,0.0,0.0,0.0,0.0,0.0,True
2060,P0260,Ningxia,retire,0.0,0.0,0.0,0.0,0.0,True
2060,P0260,Ningxia,ccs,0.0,0.0,0.0,0.0,0.0,True
2060,P0260,Ningxia,biomass,0.0,0.0,0.0,0.0,0.0,True
2060,P0260,Ningxia,beccs,1.0,13222594.0,10.84252708,20.600801452,10.473881159279998,True
2060,P0260,Ningxia,ammonia,0.0,0.0,0.0,0.0,0.0,True
2060,P0261,Xinjiang,unabated,0.0,0.0,0.0,0.0,0.0,True
2060,P0261,Xinjiang,retire,0.0,0.0,0.0,0.0,0.0,True
2060,P0261,Xinjiang,ccs,1.0,3696839.9999999995,3.0314087999999995,2.7282679199999995,3.137508107999999,True
2060,P0261,Xinjiang,biomass,0.0,0.0,0.0,0.0,0.0,True
2060,P0261,Xinjiang,beccs,0.0,0.0,0.0,0.0,0.0,True
2060,P0261,Xinjiang,ammonia,0.0,0.0,0.0,0.0,0.0,True
2060,P0262,Guizhou,unabated,0.0,0.0,0.0,0.0,0.0,True
2060,P0262,Guizhou,retire,0.0,0.0,0.0,0.0,0.0,True
2060,P0262,Guizhou,ccs,0.0,0.0,0.0,0.0,0.0,True
2060,P0262,Guizhou,biomass,1.0,5696520.0,4.6711464,4.6711464,0.0,True
2060,P0262,Guizhou,beccs,0.0,0.0,0.0,0.0,0.0,True
2060,P0262,Guizhou,ammonia,0.0,0.0,0.0,0.0,0.0,True
2060,P0263,Shaanxi,unabated,0.0,0.0,0.0,0.0,0.0,True
2060,P0263,Shaanxi,retire,0.0,0.0,0.0,0.0,0.0,True
2060,P0263,Shaanxi,ccs,0.0,0.0,0.0,0.0,0.0,True
2060,P0263,Shaanxi,biomass,0.0,0.0,0.0,0.0,0.0,True
2060,P0263,Shaanxi,beccs,1.0,3176600.0,2.604812,4.9491428,2.516248391999999,True
2060,P0263,Shaanxi,ammonia,0.0,0.0,0.0,0.0,0.0,True
2060,P0264,Sichuan,unabated,0.0,0.0,0.0,0.0,0.0,True
2060,P0264,Sichuan,retire,0.0,0.0,0.0,0.0,0.0,True
2060,P0264,Sichuan,ccs,0.0,0.0,0.0,0.0,0.0,True
2060,P0264,Sichuan,biomass,0.0,0.0,0.0,0.0,0.0,True
2060,P0264,Sichuan,beccs,1.0,5995679.999999999,4.916457599999998,9.341269439999996,4.749298041599998,True
2060,P0264,Sichuan,ammonia,0.0,0.0,0.0,0.0,0.0,True
2060,P0265,Gansu,unabated,0.0,0.0,0.0,0.0,0.0,True
2060,P0265,Gansu,retire,0.0,0.0,0.0,0.0,0.0,True
2060,P0265,Gansu,ccs,0.0,0.0,0.0,0.0,0.0,True
2060,P0265,Gansu,biomass,0.0,0.0,0.0,0.0,0.0,True
2060,P0265,Gansu,beccs,1.0,2932720.0,2.4048304,4.56917776,2.3230661663999994,True
2060,P0265,Gansu,ammonia,0.0,0.0,0.0,0.0,0.0,True
2060,P0266,Heilongjiang,unabated,0.0,0.0,0.0,0.0,0.0,True
2060,P0266,Heilongjiang,retire,0.0,0.0,0.0,0.0,0.0,True
2060,P0266,Heilongjiang,ccs,0.0,0.0,0.0,0.0,0.0,True
2060,P0266,Heilongjiang,biomass,1.0,939195.0000000001,0.7701399,0.7701399,0.0,True
2060,P0266,Heilongjiang,beccs,0.0,0.0,0.0,0.0,0.0,True
2060,P0266,Heilongjiang,ammonia,0.0,0.0,0.0,0.0,0.0,True
2060,P0267,Hubei,unabated,0.0,0.0,0.0,0.0,0.0,True
2060,P0267,Hubei,retire,0.0,0.0,0.0,0.0,0.0,True
2060,P0267,Hubei,ccs,0.0,0.0,0.0,0.0,0.0,True
2060,P0267,Hubei,biomass,0.9225471156780407,16119791.218650138,13.218228799293113,13.218228799293113,0.0,True
2060,P0267,Hubei,beccs,0.07745288432195935,1353344.7813498634,1.109742720706888,2.108511169343087,1.0720114682028536,True
2060,P0267,Hubei,ammonia,0.0,0.0,0.0,0.0,0.0,True
2060,P0268,Inner Mongolia,unabated,0.0,0.0,0.0,0.0,0.0,True
2060,P0268,Inner Mongolia,retire,0.0,0.0,0.0,0.0,0.0,True
2060,P0268,Inner Mongolia,ccs,0.0,0.0,0.0,0.0,0.0,True
2060,P0268,Inner Mongolia,biomass,1.0,452835.0,0.37132469999999995,0.37132469999999995,0.0,True
2060,P0268,Inner Mongolia,beccs,0.0,0.0,0.0,0.0,0.0,True
2060,P0268,Inner Mongolia,ammonia,0.0,0.0,0.0,0.0,0.0,True
2060,P0269,Guangdong,unabated,0.0,0.0,0.0,0.0,0.0,True
2060,P0269,Guangdong,retire,1.0,77191239.2,63.296816144000005,63.296816144000005,0.0,True
2060,P0269,Guangdong,ccs,0.0,0.0,0.0,0.0,0.0,True
2060,P0269,Guangdong,biomass,0.0,0.0,0.0,0.0,0.0,True
2060,P0269,Guangdong,beccs,0.0,0.0,0.0,0.0,0.0,True
2060,P0269,Guangdong,ammonia,0.0,0.0,0.0,0.0,0.0,True
2060,P0270,Xinjiang,unabated,0.0,0.0,0.0,0.0,0.0,True
2060,P0270,Xinjiang,retire,0.2649950627525973,839695.15524541,0.6885500273012362,0.6885500273012362,0.0,True
2060,P0270,Xinjiang,ccs,0.0,0.0,0.0,0.0,0.0,True
2060,P0270,Xinjiang,biomass,0.7350049372474027,2329024.8447545893,1.9098003726987631,1.9098003726987631,0.0,True
2060,P0270,Xinjiang,beccs,0.0,0.0,0.0,0.0,0.0,True
2060,P0270,Xinjiang,ammonia,0.0,0.0,0.0,0.0,0.0,True
2060,P0271,Guangdong,unabated,0.0,0.0,0.0,0.0,0.0,True
2060,P0271,Guangdong,retire,0.0,0.0,0.0,0.0,0.0,True
2060,P0271,Guangdong,ccs,0.0,0.0,0.0,0.0,0.0,True
2060,P0271,Guangdong,biomass,1.0,2899020.0,2.3771964,2.3771964,0.0,True
2060,P0271,Guangdong,beccs,0.0,0.0,0.0,0.0,0.0,True
2060,P0271,Guangdong,ammonia,0.0,0.0,0.0,0.0,0.0,True
2060,P0272,Qinghai,unabated,0.0,0.0,0.0,0.0,0.0,True
2060,P0272,Qinghai,retire,0.8298604894974666,4487918.721621878,3.68009335172994,3.68009335172994,0.0,True
2060,P0272,Qinghai,ccs,0.17013951050253343,920121.2783781207,0.754499448270059,0.679049503443053,0.780906928959511,True
2060,P0272,Qinghai,biomass,0.0,0.0,0.0,0.0,0.0,True
2060,P0272,Qinghai,beccs,0.0,0.0,0.0,0.0,0.0,True
2060,P0272,Qinghai,ammonia,0.0,0.0,0.0,0.0,0.0,True
2060,P0273,Fujian,unabated,0.0,0.0,0.0,0.0,0.0,True
2060,P0273,Fujian,retire,0.0,0.0,0.0,0.0,0.0,True
2060,P0273,Fujian,ccs,0.0,0.0,0.0,0.0,0.0,True
2060,P0273,Fujian,biomass,1.0,3075720.0,2.5220903999999997,2.5220903999999997,0.0,True
2060,P0273,Fujian,beccs,0.0,0.0,0.0,0.0,0.0,True
2060,P0273,Fujian,ammonia,0.0,0.0,0.0,0.0,0.0,True
2060,P0274,Hebei,unabated,0.0,0.0,0.0,0.0,0.0,True
2060,P0274,Hebei,retire,0.0,0.0,0.0,0.0,0.0,True
2060,P0274,Hebei,ccs,0.0,0.0,0.0,0.0,0.0,True
2060,P0274,Hebei,biomass,0.0,0.0,0.0,0.0,0.0,True
2060,P0274,Hebei,beccs,1.0,6237140.0,5.1144548,9.717464119999999,4.9405633367999995,True
2060,P0274,Hebei,ammonia,0.0,0.0,0.0,0.0,0.0,True
2060,P0275,Gansu,unabated,0.0,0.0,0.0,0.0,0.0,True
2060,P0275,Gansu,retire,1.0,15166352.000000002,12.43640864,12.43640864,0.0,True
2060,P0275,Gansu,ccs,0.0,0.0,0.0,0.0,0.0,True
2060,P0275,Gansu,biomass,0.0,0.0,0.0,0.0,0.0,True
2060,P0275,Gansu,beccs,0.0,0.0,0.0,0.0,0.0,True
2060,P0275,Gansu,ammonia,0.0,0.0,0.0,0.0,0.0,True
2060,P0276,Xinjiang,unabated,0.0,0.0,0.0,0.0,0.0,True
2060,P0276,Xinjiang,retire,0.0,0.0,0.0,0.0,0.0,True
2060,P0276,Xinjiang,ccs,1.0,3168719.9999999995,2.5983503999999993,2.3385153599999993,2.510006486399999,True
2060,P0276,Xinjiang,biomass,0.0,0.0,0.0,0.0,0.0,True
2060,P0276,Xinjiang,beccs,0.0,0.0,0.0,0.0,0.0,True
2060,P0276,Xinjiang,ammonia,0.0,0.0,0.0,0.0,0.0,True
2060,P0277,Guangxi,unabated,0.0,0.0,0.0,0.0,0.0,True
2060,P0277,Guangxi,retire,0.0,0.0,0.0,0.0,0.0,True
2060,P0277,Guangxi,ccs,0.0,0.0,0.0,0.0,0.0,True
2060,P0277,Guangxi,biomass,1.0,3350620.0,2.7475084,2.7475084,0.0,True
2060,P0277,Guangxi,beccs,0.0,0.0,0.0,0.0,0.0,True
2060,P0277,Guangxi,ammonia,0.0,0.0,0.0,0.0,0.0,True
2060,P0278,Inner Mongolia,unabated,0.0,0.0,0.0,0.0,0.0,True
2060,P0278,Inner Mongolia,retire,0.0,0.0,0.0,0.0,0.0,True
2060,P0278,Inner Mongolia,ccs,0.0,0.0,0.0,0.0,0.0,True
2060,P0278,Inner Mongolia,biomass,0.0,0.0,0.0,0.0,0.0,True
2060,P0278,Inner Mongolia,beccs,1.0,8151030.0,6.6838446,12.699304739999999,6.456593883599999,True
2060,P0278,Inner Mongolia,ammonia,0.0,0.0,0.0,0.0,0.0,True
2060,P0279,Guangxi,unabated,0.0,0.0,0.0,0.0,0.0,True
2060,P0279,Guangxi,retire,0.0,0.0,0.0,0.0,0.0,True
2060,P0279,Guangxi,ccs,0.0,0.0,0.0,0.0,0.0,True
2060,P0279,Guangxi,biomass,1.0,5743920.0,4.7100143999999995,4.7100143999999995,0.0,True
2060,P0279,Guangxi,beccs,0.0,0.0,0.0,0.0,0.0,True
2060,P0279,Guangxi,ammonia,0.0,0.0,0.0,0.0,0.0,True
2060,P0280,Anhui,unabated,0.0,0.0,0.0,0.0,0.0,True
2060,P0280,Anhui,retire,0.0,0.0,0.0,0.0,0.0,True
2060,P0280,Anhui,ccs,0.0,0.0,0.0,0.0,0.0,True
2060,P0280,Anhui,biomass,1.0,6708372.000000001,5.50086504,5.50086504,0.0,True
2060,P0280,Anhui,beccs,0.0,0.0,0.0,0.0,0.0,True
2060,P0280,Anhui,ammonia,0.0,0.0,0.0,0.0,0.0,True
2060,P0281,Xinjiang,unabated,0.0,0.0,0.0,0.0,0.0,True
2060,P0281,Xinjiang,retire,0.0,0.0,0.0,0.0,0.0,True
2060,P0281,Xinjiang,ccs,0.015999683870769447,170685.01152578133,0.13996170945114067,0.1259655385060266,0.13520301132980184,True
2060,P0281,Xinjiang,biomass,0.0,0.0,0.0,0.0,0.0,True
2060,P0281,Xinjiang,beccs,0.9840003161292308,10497338.98847422,8.607817970548858,16.354854144042832,8.315152159550195,True
2060,P0281,Xinjiang,ammonia,0.0,0.0,0.0,0.0,0.0,True
2060,P0282,Shandong,unabated,0.0,0.0,0.0,0.0,0.0,True
2060,P0282,Shandong,retire,0.0,0.0,0.0,0.0,0.0,True
2060,P0282,Shandong,ccs,0.0,0.0,0.0,0.0,0.0,True
2060,P0282,Shandong,biomass,1.0,3532491.0000000005,2.89664262,2.89664262,0.0,True
2060,P0282,Shandong,beccs,0.0,0.0,0.0,0.0,0.0,True
2060,P0282,Shandong,ammonia,0.0,0.0,0.0,0.0,0.0,True
2060,P0283,Hubei,unabated,0.0,0.0,0.0,0.0,0.0,True
2060,P0283,Hubei,retire,0.0,0.0,0.0,0.0,0.0,True
2060,P0283,Hubei,ccs,0.0,0.0,0.0,0.0,0.0,True
2060,P0283,Hubei,biomass,1.0,4949472.0,4.05856704,4.05856704,0.0,True
2060,P0283,Hubei,beccs,0.0,0.0,0.0,0.0,0.0,True
2060,P0283,Hubei,ammonia,0.0,0.0,0.0,0.0,0.0,True
2060,P0284,Shandong,unabated,0.0,0.0,0.0,0.0,0.0,True
2060,P0284,Shandong,retire,1.0,38377680.00000001,31.469697600000003,31.469697600000003,0.0,True
2060,P0284,Shandong,ccs,0.0,0.0,0.0,0.0,0.0,True
2060,P0284,Shandong,biomass,0.0,0.0,0.0,0.0,0.0,True
2060,P0284,Shandong,beccs,0.0,0.0,0.0,0.0,0.0,True
2060,P0284,Shandong,ammonia,0.0,0.0,0.0,0.0,0.0,True
2060,P0285,Yunnan,unabated,0.0,0.0,0.0,0.0,0.0,True
2060,P0285,Yunnan,retire,0.0,0.0,0.0,0.0,0.0,True
2060,P0285,Yunnan,ccs,0.0,0.0,0.0,0.0,0.0,True
2060,P0285,Yunnan,biomass,1.0,5378639.999999999,4.410484799999999,4.410484799999999,0.0,True
2060,P0285,Yunnan,beccs,0.0,0.0,0.0,0.0,0.0,True
2060,P0285,Yunnan,ammonia,0.0,0.0,0.0,0.0,0.0,True
2060,P0286,Jiangxi,unabated,0.0,0.0,0.0,0.0,0.0,True
2060,P0286,Jiangxi,retire,0.0,0.0,0.0,0.0,0.0,True
2060,P0286,Jiangxi,ccs,0.0,0.0,0.0,0.0,0.0,True
2060,P0286,Jiangxi,biomass,1.0,7149600.0,5.862672,5.862672,0.0,True
2060,P0286,Jiangxi,beccs,0.0,0.0,0.0,0.0,0.0,True
2060,P0286,Jiangxi,ammonia,0.0,0.0,0.0,0.0,0.0,True
2060,P0287,Gansu,unabated,0.0,0.0,0.0,0.0,0.0,True
2060,P0287,Gansu,retire,1.0,5530272.0,4.53482304,4.53482304,0.0,True
2060,P0287,Gansu,ccs,0.0,0.0,0.0,0.0,0.0,True
2060,P0287,Gansu,biomass,0.0,0.0,0.0,0.0,0.0,True
2060,P0287,Gansu,beccs,0.0,0.0,0.0,0.0,0.0,True
2060,P0287,Gansu,ammonia,0.0,0.0,0.0,0.0,0.0,True
2060,P0288,Inner Mongolia,unabated,0.0,0.0,0.0,0.0,0.0,True
2060,P0288,Inner Mongolia,retire,1.0,6641580.0,5.4460956,5.4460956,0.0,True
2060,P0288,Inner Mongolia,ccs,0.0,0.0,0.0,0.0,0.0,True
2060,P0288,Inner Mongolia,biomass,0.0,0.0,0.0,0.0,0.0,True
2060,P0288,Inner Mongolia,beccs,0.0,0.0,0.0,0.0,0.0,True
2060,P0288,Inner Mongolia,ammonia,0.0,0.0,0.0,0.0,0.0,True
2060,P0289,Inner Mongolia,unabated,0.0,0.0,0.0,0.0,0.0,True
2060,P0289,Inner Mongolia,retire,0.0,0.0,0.0,0.0,0.0,True
2060,P0289,Inner Mongolia,ccs,0.0,0.0,0.0,0.0,0.0,True
2060,P0289,Inner Mongolia,biomass,0.0,0.0,0.0,0.0,0.0,True
2060,P0289,Inner Mongolia,beccs,1.0,2566065.0,2.1041733,3.9979292699999993,2.0326314077999994,True
2060,P0289,Inner Mongolia,ammonia,0.0,0.0,0.0,0.0,0.0,True
2060,P0290,Guizhou,unabated,0.0,0.0,0.0,0.0,0.0,True
2060,P0290,Guizhou,retire,0.0,0.0,0.0,0.0,0.0,True
2060,P0290,Guizhou,ccs,0.0,0.0,0.0,0.0,0.0,True
2060,P0290,Guizhou,biomass,1.0,8829606.0,7.24027692,7.24027692,0.0,True
2060,P0290,Guizhou,beccs,0.0,0.0,0.0,0.0,0.0,True
2060,P0290,Guizhou,ammonia,0.0,0.0,0.0,0.0,0.0,True
2060,P0291,Shanxi,unabated,0.0,0.0,0.0,0.0,0.0,True
2060,P0291,Shanxi,retire,0.0,0.0,0.0,0.0,0.0,True
2060,P0291,Shanxi,ccs,0.0,0.0,0.0,0.0,0.0,True
2060,P0291,Shanxi,biomass,0.0,0.0,0.0,0.0,0.0,True
2060,P0291,Shanxi,beccs,1.0,4490615.0,3.6823042999999998,6.996378169999999,3.557105953799999,True
2060,P0291,Shanxi,ammonia,0.0,0.0,0.0,0.0,0.0,True
2060,P0292,Chongqing,unabated,0.0,0.0,0.0,0.0,0.0,True
2060,P0292,Chongqing,retire,0.0,0.0,0.0,0.0,0.0,True
2060,P0292,Chongqing,ccs,0.0,0.0,0.0,0.0,0.0,True
2060,P0292,Chongqing,biomass,1.0,2876520.0,2.3587464,2.3587464,0.0,True
2060,P0292,Chongqing,beccs,0.0,0.0,0.0,0.0,0.0,True
2060,P0292,Chongqing,ammonia,0.0,0.0,0.0,0.0,0.0,True
2060,P0293,Chongqing,unabated,0.0,0.0,0.0,0.0,0.0,True
2060,P0293,Chongqing,retire,0.0,0.0,0.0,0.0,0.0,True
2060,P0293,Chongqing,ccs,0.0,0.0,0.0,0.0,0.0,True
2060,P0293,Chongqing,biomass,0.0,0.0,0.0,0.0,0.0,True
2060,P0293,Chongqing,beccs,1.0,958840.0,0.7862488,1.49387272,0.7595163407999999,True
2060,P0293,Chongqing,ammonia,0.0,0.0,0.0,0.0,0.0,True
2060,P0294,Jiangxi,unabated,0.0,0.0,0.0,0.0,0.0,True
2060,P0294,Jiangxi,retire,0.0,0.0,0.0,0.0,0.0,True
2060,P0294,Jiangxi,ccs,0.0,0.0,0.0,0.0,0.0,True
2060,P0294,Jiangxi,biomass,1.0,6291647.999999999,5.159151359999998,5.159151359999998,0.0,True
2060,P0294,Jiangxi,beccs,0.0,0.0,0.0,0.0,0.0,True
2060,P0294,Jiangxi,ammonia,0.0,0.0,0.0,0.0,0.0,True
2060,P0295,Guangdong,unabated,0.0,0.0,0.0,0.0,0.0,True
2060,P0295,Guangdong,retire,0.0,0.0,0.0,0.0,0.0,True
2060,P0295,Guangdong,ccs,0.0,0.0,0.0,0.0,0.0,True
2060,P0295,Guangdong,biomass,0.0,0.0,0.0,0.0,0.0,True
2060,P0295,Guangdong,beccs,1.0,14857477.5,12.183131549999999,23.147949944999997,11.768905077299998,True
2060,P0295,Guangdong,ammonia,0.0,0.0,0.0,0.0,0.0,True
2060,P0296,Henan,unabated,0.0,0.0,0.0,0.0,0.0,True
2060,P0296,Henan,retire,0.0,0.0,0.0,0.0,0.0,True
2060,P0296,Henan,ccs,0.0,0.0,0.0,0.0,0.0,True
2060,P0296,Henan,biomass,1.0,14182424.0,11.62958768,11.62958768,0.0,True
2060,P0296,Henan,beccs,0.0,0.0,0.0,0.0,0.0,True
2060,P0296,Henan,ammonia,0.0,0.0,0.0,0.0,0.0,True
2060,P0297,Jiangxi,unabated,0.0,0.0,0.0,0.0,0.0,True
2060,P0297,Jiangxi,retire,0.0,0.0,0.0,0.0,0.0,True
2060,P0297,Jiangxi,ccs,0.0,0.0,0.0,0.0,0.0,True
2060,P0297,Jiangxi,biomass,0.0,0.0,0.0,0.0,0.0,True
2060,P0297,Jiangxi,beccs,1.0,9532800.0,7.816895999999999,14.852102399999998,8.09048736,True
2060,P0297,Jiangxi,ammonia,0.0,0.0,0.0,0.0,0.0,True
2060,P0298,Xinjiang,unabated,0.0,0.0,0.0,0.0,0.0,True
2060,P0298,Xinjiang,retire,0.03219079190807694,170006.01022493595,0.13940492838444749,0.13940492838444749,0.0,True
2060,P0298,Xinjiang,ccs,0.0,0.0,0.0,0.0,0.0,True
2060,P0298,Xinjiang,biomass,0.0,0.0,0.0,0.0,0.0,True
2060,P0298,Xinjiang,beccs,0.9678092080919231,5111193.989775064,4.191179071615553,7.96324023606955,4.048678983180624,True
2060,P0298,Xinjiang,ammonia,0.0,0.0,0.0,0.0,0.0,True
2060,P0299,Liaoning,unabated,0.0,0.0,0.0,0.0,0.0,True
2060,P0299,Liaoning,retire,0.0,0.0,0.0,0.0,0.0,True
2060,P0299,Liaoning,ccs,0.0,0.0,0.0,0.0,0.0,True
2060,P0299,Liaoning,biomass,1.0,1612363.9999999998,1.3221384799999998,1.3221384799999998,0.0,True
2060,P0299,Liaoning,beccs,0.0,0.0,0.0,0.0,0.0,True
2060,P0299,Liaoning,ammonia,0.0,0.0,0.0,0.0,0.0,True
2060,P0300,Guangxi,unabated,0.0,0.0,0.0,0.0,0.0,True
2060,P0300,Guangxi,retire,0.0,0.0,0.0,0.0,0.0,True
2060,P0300,Guangxi,ccs,0.0,0.0,0.0,0.0,0.0,True
2060,P0300,Guangxi,biomass,0.0,0.0,0.0,0.0,0.0,True
2060,P0300,Guangxi,beccs,1.0,6318312.0,5.18101584,9.843930096,5.362351394399999,True
2060,P0300,Guangxi,ammonia,0.0,0.0,0.0,0.0,0.0,True
2060,P0301,Jiangsu,unabated,0.0,0.0,0.0,0.0,0.0,True
2060,P0301,Jiangsu,retire,0.0,0.0,0.0,0.0,0.0,True
2060,P0301,Jiangsu,ccs,0.0,0.0,0.0,0.0,0.0,True
2060,P0301,Jiangsu,biomass,0.9555813370238949,306733.96453397407,0.2515218509178588,0.2515218509178588,0.0,True
2060,P0301,Jiangsu,beccs,0.04441866297610542,14258.035466026033,0.011691589082141348,0.022214019256068557,0.012100794700016291,True
2060,P0301,Jiangsu,ammonia,0.0,0.0,0.0,0.0,0.0,True
2060,P0302,Xinjiang,unabated,0.0,0.0,0.0,0.0,0.0,True
2060,P0302,Xinjiang,retire,0.0,0.0,0.0,0.0,0.0,True
2060,P0302,Xinjiang,ccs,0.8901794367502774,3290850.9489558954,2.698497778143834,2.4286480003294506,2.7929452003788677,True
2060,P0302,Xinjiang,biomass,0.10982056324972277,405989.0510441051,0.3329110218561661,0.3329110218561661,0.0,True
2060,P0302,Xinjiang,beccs,0.0,0.0,0.0,0.0,0.0,True
2060,P0302,Xinjiang,ammonia,0.0,0.0,0.0,0.0,0.0,True
2060,P0303,Henan,unabated,0.0,0.0,0.0,0.0,0.0,True
2060,P0303,Henan,retire,0.0,0.0,0.0,0.0,0.0,True
2060,P0303,Henan,ccs,0.0,0.0,0.0,0.0,0.0,True
2060,P0303,Henan,biomass,1.0,4679480.0,3.8371735999999994,3.8371735999999994,0.0,True
2060,P0303,Henan,beccs,0.0,0.0,0.0,0.0,0.0,True
2060,P0303,Henan,ammonia,0.0,0.0,0.0,0.0,0.0,True
2060,P0304,Inner Mongolia,unabated,0.0,0.0,0.0,0.0,0.0,True
2060,P0304,Inner Mongolia,retire,0.0,0.0,0.0,0.0,0.0,True
2060,P0304,Inner Mongolia,ccs,0.8701784243842184,437830.27422891953,0.359020824867714,0.3231187423809426,0.37158655373808397,True
2060,P0304,Inner Mongolia,biomass,0.0,0.0,0.0,0.0,0.0,True
2060,P0304,Inner Mongolia,beccs,0.12982157561578156,65319.72577108049,0.053562175132286,0.10176813275134339,0.05543685126191601,True
2060,P0304,Inner Mongolia,ammonia,0.0,0.0,0.0,0.0,0.0,True
2060,P0305,Inner Mongolia,unabated,0.0,0.0,0.0,0.0,0.0,True
2060,P0305,Inner Mongolia,retire,1.0,1509449.9999999998,1.2377489999999998,1.2377489999999998,0.0,True
2060,P0305,Inner Mongolia,ccs,0.0,0.0,0.0,0.0,0.0,True
2060,P0305,Inner Mongolia,biomass,0.0,0.0,0.0,0.0,0.0,True
2060,P0305,Inner Mongolia,beccs,0.0,0.0,0.0,0.0,0.0,True
2060,P0305,Inner Mongolia,ammonia,0.0,0.0,0.0,0.0,0.0,True
2060,P0306,Inner Mongolia,unabated,0.0,0.0,0.0,0.0,0.0,True
2060,P0306,Inner Mongolia,retire,0.0,0.0,0.0,0.0,0.0,True
2060,P0306,Inner Mongolia,ccs,0.0,0.0,0.0,0.0,0.0,True
2060,P0306,Inner Mongolia,biomass,0.0,0.0,0.0,0.0,0.0,True
2060,P0306,Inner Mongolia,beccs,1.0,3320790.0,2.7230478,5.17379082,2.6304641747999993,True
2060,P0306,Inner Mongolia,ammonia,0.0,0.0,0.0,0.0,0.0,True
2060,P0307,Hunan,unabated,0.0,0.0,0.0,0.0,0.0,True
2060,P0307,Hunan,retire,0.0,0.0,0.0,0.0,0.0,True
2060,P0307,Hunan,ccs,0.0,0.0,0.0,0.0,0.0,True
2060,P0307,Hunan,biomass,1.0,15627600.0,12.814632,12.814632,0.0,True
2060,P0307,Hunan,beccs,0.0,0.0,0.0,0.0,0.0,True
2060,P0307,Hunan,ammonia,0.0,0.0,0.0,0.0,0.0,True
2060,P0308,Qinghai,unabated,0.0,0.0,0.0,0.0,0.0,True
2060,P0308,Qinghai,retire,0.0,0.0,0.0,0.0,0.0,True
2060,P0308,Qinghai,ccs,0.0,0.0,0.0,0.0,0.0,True
2060,P0308,Qinghai,biomass,0.0,0.0,0.0,0.0,0.0,True
2060,P0308,Qinghai,beccs,1.0,1106190.0,0.9070757999999999,1.7234440199999996,0.8762352227999997,True
2060,P0308,Qinghai,ammonia,0.0,0.0,0.0,0.0,0.0,True
2060,P0309,Inner Mongolia,unabated,0.0,0.0,0.0,0.0,0.0,True
2060,P0309,Inner Mongolia,retire,0.0,0.0,0.0,0.0,0.0,True
2060,P0309,Inner Mongolia,ccs,0.0,0.0,0.0,0.0,0.0,True
2060,P0309,Inner Mongolia,biomass,0.0,0.0,0.0,0.0,0.0,True
2060,P0309,Inner Mongolia,beccs,1.0,10063000.0,8.25166,15.678153999999997,7.971103559999997,True
2060,P0309,Inner Mongolia,ammonia,0.0,0.0,0.0,0.0,0.0,True
2060,P0310,Shaanxi,unabated,0.0,0.0,0.0,0.0,0.0,True
2060,P0310,Shaanxi,retire,0.0,0.0,0.0,0.0,0.0,True
2060,P0310,Shaanxi,ccs,0.0,0.0,0.0,0.0,0.0,True
2060,P0310,Shaanxi,biomass,1.0,11980320.0,9.823862399999998,9.823862399999998,0.0,True
2060,P0310,Shaanxi,beccs,0.0,0.0,0.0,0.0,0.0,True
2060,P0310,Shaanxi,ammonia,0.0,0.0,0.0,0.0,0.0,True
2060,P0311,Hunan,unabated,0.0,0.0,0.0,0.0,0.0,True
2060,P0311,Hunan,retire,0.0,0.0,0.0,0.0,0.0,True
2060,P0311,Hunan,ccs,0.0,0.0,0.0,0.0,0.0,True
2060,P0311,Hunan,biomass,1.0,5157108.0,4.228828559999999,4.228828559999999,0.0,True
2060,P0311,Hunan,beccs,0.0,0.0,0.0,0.0,0.0,True
2060,P0311,Hunan,ammonia,0.0,0.0,0.0,0.0,0.0,True
2060,P0312,Shanxi,unabated,0.0,0.0,0.0,0.0,0.0,True
2060,P0312,Shanxi,retire,0.0,0.0,0.0,0.0,0.0,True
2060,P0312,Shanxi,ccs,0.0,0.0,0.0,0.0,0.0,True
2060,P0312,Shanxi,biomass,1.0,2777700.0,2.277714,2.277714,0.0,True
2060,P0312,Shanxi,beccs,0.0,0.0,0.0,0.0,0.0,True
2060,P0312,Shanxi,ammonia,0.0,0.0,0.0,0.0,0.0,True
2060,P0313,Xinjiang,unabated,0.0,0.0,0.0,0.0,0.0,True
2060,P0313,Xinjiang,retire,0.0,0.0,0.0,0.0,0.0,True
2060,P0313,Xinjiang,ccs,0.588772316736349,2487539.4873184045,2.0397823796010917,1.8358041416409825,1.9704297786946539,True
2060,P0313,Xinjiang,biomass,0.0,0.0,0.0,0.0,0.0,True
2060,P0313,Xinjiang,beccs,0.4112276832636512,1737420.5126815955,1.4246848203989082,2.7069011587579257,1.376245536505345,True
2060,P0313,Xinjiang,ammonia,0.0,0.0,0.0,0.0,0.0,True
2060,P0314,Inner Mongolia,unabated,0.0,0.0,0.0,0.0,0.0,True
2060,P0314,Inner Mongolia,retire,0.0,0.0,0.0,0.0,0.0,True
2060,P0314,Inner Mongolia,ccs,0.0,0.0,0.0,0.0,0.0,True
2060,P0314,Inner Mongolia,biomass,1.0,6037799.999999999,4.950995999999999,4.950995999999999,0.0,True
2060,P0314,Inner Mongolia,beccs,0.0,0.0,0.0,0.0,0.0,True
2060,P0314,Inner Mongolia,ammonia,0.0,0.0,0.0,0.0,0.0,True
2060,P0315,Jiangxi,unabated,0.0,0.0,0.0,0.0,0.0,True
2060,P0315,Jiangxi,retire,1.0,22974048.0,18.83871936,18.83871936,0.0,True
2060,P0315,Jiangxi,ccs,0.0,0.0,0.0,0.0,0.0,True
2060,P0315,Jiangxi,biomass,0.0,0.0,0.0,0.0,0.0,True
2060,P0315,Jiangxi,beccs,0.0,0.0,0.0,0.0,0.0,True
2060,P0315,Jiangxi,ammonia,0.0,0.0,0.0,0.0,0.0,True
2060,P0316,Chongqing,unabated,0.0,0.0,0.0,0.0,0.0,True
2060,P0316,Chongqing,retire,0.0,0.0,0.0,0.0,0.0,True
2060,P0316,Chongqing,ccs,0.0,0.0,0.0,0.0,0.0,True
2060,P0316,Chongqing,biomass,1.0,5753040.0,4.7174928,4.7174928,0.0,True
2060,P0316,Chongqing,beccs,0.0,0.0,0.0,0.0,0.0,True
2060,P0316,Chongqing,ammonia,0.0,0.0,0.0,0.0,0.0,True
2060,P0317,Jiangsu,unabated,0.0,0.0,0.0,0.0,0.0,True
2060,P0317,Jiangsu,retire,0.0,0.0,0.0,0.0,0.0,True
2060,P0317,Jiangsu,ccs,0.0,0.0,0.0,0.0,0.0,True
2060,P0317,Jiangsu,biomass,0.0,0.0,0.0,0.0,0.0,True
2060,P0317,Jiangsu,beccs,1.0,6871235.0,5.6344126999999995,10.705384129999999,5.831617144499999,True
2060,P0317,Jiangsu,ammonia,0.0,0.0,0.0,0.0,0.0,True
2060,P0318,Jilin,unabated,0.0,0.0,0.0,0.0,0.0,True
2060,P0318,Jilin,retire,0.0,0.0,0.0,0.0,0.0,True
2060,P0318,Jilin,ccs,0.0,0.0,0.0,0.0,0.0,True
2060,P0318,Jilin,biomass,1.0,1991770.0000000002,1.6332514000000002,1.6332514000000002,0.0,True
2060,P0318,Jilin,beccs,0.0,0.0,0.0,0.0,0.0,True
2060,P0318,Jilin,ammonia,0.0,0.0,0.0,0.0,0.0,True
2060,P0319,Inner Mongolia,unabated,0.0,0.0,0.0,0.0,0.0,True
2060,P0319,Inner Mongolia,retire,0.0,0.0,0.0,0.0,0.0,True
2060,P0319,Inner Mongolia,ccs,0.0,0.0,0.0,0.0,0.0,True
2060,P0319,Inner Mongolia,biomass,1.0,3522049.9999999995,2.8880809999999997,2.8880809999999997,0.0,True
2060,P0319,Inner Mongolia,beccs,0.0,0.0,0.0,0.0,0.0,True
2060,P0319,Inner Mongolia,ammonia,0.0,0.0,0.0,0.0,0.0,True
2060,P0320,Guizhou,unabated,0.0,0.0,0.0,0.0,0.0,True
2060,P0320,Guizhou,retire,0.0,0.0,0.0,0.0,0.0,True
2060,P0320,Guizhou,ccs,0.0,0.0,0.0,0.0,0.0,True
2060,P0320,Guizhou,biomass,1.0,1424130.0,1.1677866,1.1677866,0.0,True
2060,P0320,Guizhou,beccs,0.0,0.0,0.0,0.0,0.0,True
2060,P0320,Guizhou,ammonia,0.0,0.0,0.0,0.0,0.0,True
2060,P0321,Jilin,unabated,0.0,0.0,0.0,0.0,0.0,True
2060,P0321,Jilin,retire,0.0,0.0,0.0,0.0,0.0,True
2060,P0321,Jilin,ccs,0.0,0.0,0.0,0.0,0.0,True
2060,P0321,Jilin,biomass,1.0,2390124.0000000005,1.9599016800000002,1.9599016800000002,0.0,True
2060,P0321,Jilin,beccs,0.0,0.0,0.0,0.0,0.0,True
2060,P0321,Jilin,ammonia,0.0,0.0,0.0,0.0,0.0,True
2060,P0322,Xinjiang,unabated,0.0,0.0,0.0,0.0,0.0,True
2060,P0322,Xinjiang,retire,0.0685834227898936,253541.94070659022,0.20790439137940397,0.20790439137940397,0.0,True
2060,P0322,Xinjiang,ccs,0.9314165772101064,3443298.0592934093,2.8235044086205954,2.541153967758536,2.727505258727495,True
2060,P0322,Xinjiang,biomass,0.0,0.0,0.0,0.0,0.0,True
2060,P0322,Xinjiang,beccs,0.0,0.0,0.0,0.0,0.0,True
2060,P0322,Xinjiang,ammonia,0.0,0.0,0.0,0.0,0.0,True
2060,P0323,Henan,unabated,0.0,0.0,0.0,0.0,0.0,True
2060,P0323,Henan,retire,0.0,0.0,0.0,0.0,0.0,True
2060,P0323,Henan,ccs,0.0,0.0,0.0,0.0,0.0,True
2060,P0323,Henan,biomass,1.0,14398400.0,11.806688,11.806688,0.0,True
2060,P0323,Henan,beccs,0.0,0.0,0.0,0.0,0.0,True
2060,P0323,Henan,ammonia,0.0,0.0,0.0,0.0,0.0,True
2060,P0324,Shaanxi,unabated,0.0,0.0,0.0,0.0,0.0,True
2060,P0324,Shaanxi,retire,0.0,0.0,0.0,0.0,0.0,True
2060,P0324,Shaanxi,ccs,0.0,0.0,0.0,0.0,0.0,True
2060,P0324,Shaanxi,biomass,0.0,0.0,0.0,0.0,0.0,True
2060,P0324,Shaanxi,beccs,1.0,14430840.0,11.833288799999998,22.483248719999995,11.430956980799998,True
2060,P0324,Shaanxi,ammonia,0.0,0.0,0.0,0.0,0.0,True
2060,P0325,Zhejiang,unabated,0.0,0.0,0.0,0.0,0.0,True
2060,P0325,Zhejiang,retire,0.0,0.0,0.0,0.0,0.0,True
2060,P0325,Zhejiang,ccs,0.0,0.0,0.0,0.0,0.0,True
2060,P0325,Zhejiang,biomass,0.0,0.0,0.0,0.0,0.0,True
2060,P0325,Zhejiang,beccs,1.0,5529764.7,4.534407054,8.6153734026,4.380237214164,True
2060,P0325,Zhejiang,ammonia,0.0,0.0,0.0,0.0,0.0,True
2060,P0326,Zhejiang,unabated,0.0,0.0,0.0,0.0,0.0,True
2060,P0326,Zhejiang,retire,1.0,37944481.5,31.11447483,31.11447483,0.0,True
2060,P0326,Zhejiang,ccs,0.0,0.0,0.0,0.0,0.0,True
2060,P0326,Zhejiang,biomass,0.0,0.0,0.0,0.0,0.0,True
2060,P0326,Zhejiang,beccs,0.0,0.0,0.0,0.0,0.0,True
2060,P0326,Zhejiang,ammonia,0.0,0.0,0.0,0.0,0.0,True
2060,P0327,Chongqing,unabated,0.0,0.0,0.0,0.0,0.0,True
2060,P0327,Chongqing,retire,0.0,0.0,0.0,0.0,0.0,True
2060,P0327,Chongqing,ccs,0.0,0.0,0.0,0.0,0.0,True
2060,P0327,Chongqing,biomass,1.0,13711412.0,11.24335784,11.24335784,0.0,True
2060,P0327,Chongqing,beccs,0.0,0.0,0.0,0.0,0.0,True
2060,P0327,Chongqing,ammonia,0.0,0.0,0.0,0.0,0.0,True
2060,P0328,Inner Mongolia,unabated,0.0,0.0,0.0,0.0,0.0,True
2060,P0328,Inner Mongolia,retire,0.0,0.0,0.0,0.0,0.0,True
2060,P0328,Inner Mongolia,ccs,0.0,0.0,0.0,0.0,0.0,True
2060,P0328,Inner Mongolia,biomass,0.0,0.0,0.0,0.0,0.0,True
2060,P0328,Inner Mongolia,beccs,1.0,11924655.0,9.778217099999999,18.578612489999998,9.445757718599998,True
2060,P0328,Inner Mongolia,ammonia,0.0,0.0,0.0,0.0,0.0,True
2060,P0329,Xinjiang,unabated,0.0,0.0,0.0,0.0,0.0,True
2060,P0329,Xinjiang,retire,0.0,0.0,0.0,0.0,0.0,True
2060,P0329,Xinjiang,ccs,0.0,0.0,0.0,0.0,0.0,True
2060,P0329,Xinjiang,biomass,1.0,528119.9999999999,0.4330583999999999,0.4330583999999999,0.0,True
2060,P0329,Xinjiang,beccs,0.0,0.0,0.0,0.0,0.0,True
2060,P0329,Xinjiang,ammonia,0.0,0.0,0.0,0.0,0.0,True
2060,P0330,Gansu,unabated,0.0,0.0,0.0,0.0,0.0,True
2060,P0330,Gansu,retire,0.91294993997789,22949370.411188208,18.81848373717433,18.81848373717433,0.0,True
2060,P0330,Gansu,ccs,0.08705006002211002,2188229.588811793,1.7943482628256702,1.6149134365431033,1.8571504520245685,True
2060,P0330,Gansu,biomass,0.0,0.0,0.0,0.0,0.0,True
2060,P0330,Gansu,beccs,0.0,0.0,0.0,0.0,0.0,True
2060,P0330,Gansu,ammonia,0.0,0.0,0.0,0.0,0.0,True
2060,P0331,Guangdong,unabated,0.0,0.0,0.0,0.0,0.0,True
2060,P0331,Guangdong,retire,1.0,25414742.0,20.84008844,20.84008844,0.0,True
2060,P0331,Guangdong,ccs,0.0,0.0,0.0,0.0,0.0,True
2060,P0331,Guangdong,biomass,0.0,0.0,0.0,0.0,0.0,True
2060,P0331,Guangdong,beccs,0.0,0.0,0.0,0.0,0.0,True
2060,P0331,Guangdong,ammonia,0.0,0.0,0.0,0.0,0.0,True
2060,P0332,Hebei,unabated,0.0,0.0,0.0,0.0,0.0,True
2060,P0332,Hebei,retire,0.0,0.0,0.0,0.0,0.0,True
2060,P0332,Hebei,ccs,0.0,0.0,0.0,0.0,0.0,True
2060,P0332,Hebei,biomass,0.0,0.0,0.0,0.0,0.0,True
2060,P0332,Hebei,beccs,1.0,17107584.0,14.028218879999999,26.653615871999996,13.551259438079997,True
2060,P0332,Hebei,ammonia,0.0,0.0,0.0,0.0,0.0,True
2060,P0333,Guangdong,unabated,0.0,0.0,0.0,0.0,0.0,True
2060,P0333,Guangdong,retire,0.0,0.0,0.0,0.0,0.0,True
2060,P0333,Guangdong,ccs,0.0,0.0,0.0,0.0,0.0,True
2060,P0333,Guangdong,biomass,0.0,0.0,0.0,0.0,0.0,True
2060,P0333,Guangdong,beccs,1.0,15675001.14,12.8535009348,24.421651776119997,12.416481903016797,True
2060,P0333,Guangdong,ammonia,0.0,0.0,0.0,0.0,0.0,True
2060,P0334,Hebei,unabated,0.0,0.0,0.0,0.0,0.0,True
2060,P0334,Hebei,retire,0.0,0.0,0.0,0.0,0.0,True
2060,P0334,Hebei,ccs,0.0,0.0,0.0,0.0,0.0,True
2060,P0334,Hebei,biomass,1.0,3118570.0,2.5572274,2.5572274,0.0,True
2060,P0334,Hebei,beccs,0.0,0.0,0.0,0.0,0.0,True
2060,P0334,Hebei,ammonia,0.0,0.0,0.0,0.0,0.0,True
2060,P0335,Hubei,unabated,0.0,0.0,0.0,0.0,0.0,True
2060,P0335,Hubei,retire,0.0,0.0,0.0,0.0,0.0,True
2060,P0335,Hubei,ccs,0.0,0.0,0.0,0.0,0.0,True
2060,P0335,Hubei,biomass,1.0,17248159.999999996,14.143491199999996,14.143491199999996,0.0,True
2060,P0335,Hubei,beccs,0.0,0.0,0.0,0.0,0.0,True
2060,P0335,Hubei,ammonia,0.0,0.0,0.0,0.0,0.0,True
2060,P0336,Inner Mongolia,unabated,0.0,0.0,0.0,0.0,0.0,True
2060,P0336,Inner Mongolia,retire,0.023658400401868895,238074.4832440067,0.19522107626008547,0.19522107626008547,0.0,True
2060,P0336,Inner Mongolia,ccs,0.3413397543333872,3434901.9478568756,2.8166195972426378,2.534957637518374,2.91520128314613,True
2060,P0336,Inner Mongolia,biomass,0.0,0.0,0.0,0.0,0.0,True
2060,P0336,Inner Mongolia,beccs,0.6350018452647439,6390023.568899118,5.239819326497276,9.955656720344825,5.4232130029246814,True
2060,P0336,Inner Mongolia,ammonia,0.0,0.0,0.0,0.0,0.0,True
2060,P0337,Guizhou,unabated,0.0,0.0,0.0,0.0,0.0,True
2060,P0337,Guizhou,retire,0.0,0.0,0.0,0.0,0.0,True
2060,P0337,Guizhou,ccs,0.0,0.0,0.0,0.0,0.0,True
2060,P0337,Guizhou,biomass,1.0,3322970.0,2.7248354,2.7248354,0.0,True
2060,P0337,Guizhou,beccs,0.0,0.0,0.0,0.0,0.0,True
2060,P0337,Guizhou,ammonia,0.0,0.0,0.0,0.0,0.0,True
2060,P0338,Guangxi,unabated,0.0,0.0,0.0,0.0,0.0,True
2060,P0338,Guangxi,retire,0.0,0.0,0.0,0.0,0.0,True
2060,P0338,Guangxi,ccs,0.0,0.0,0.0,0.0,0.0,True
2060,P0338,Guangxi,biomass,1.0,2871960.0,2.3550071999999997,2.3550071999999997,0.0,True
2060,P0338,Guangxi,beccs,0.0,0.0,0.0,0.0,0.0,True
2060,P0338,Guangxi,ammonia,0.0,0.0,0.0,0.0,0.0,True
2060,P0339,Hainan,unabated,0.0,0.0,0.0,0.0,0.0,True
2060,P0339,Hainan,retire,0.0,0.0,0.0,0.0,0.0,True
2060,P0339,Hainan,ccs,0.0,0.0,0.0,0.0,0.0,True
2060,P0339,Hainan,biomass,0.0,0.0,0.0,0.0,0.0,True
2060,P0339,Hainan,beccs,1.0,3320394.0,2.7227230799999997,5.173173852,2.6301504952799997,True
2060,P0339,Hainan,ammonia,0.0,0.0,0.0,0.0,0.0,True
2060,P0340,Inner Mongolia,unabated,0.0,0.0,0.0,0.0,0.0,True
2060,P0340,Inner Mongolia,retire,0.0,0.0,0.0,0.0,0.0,True
2060,P0340,Inner Mongolia,ccs,0.0,0.0,0.0,0.0,0.0,True
2060,P0340,Inner Mongolia,biomass,0.0,0.0,0.0,0.0,0.0,True
2060,P0340,Inner Mongolia,beccs,1.0,18817810.0,15.4306042,29.31814798,14.905963657199997,True
2060,P0340,Inner Mongolia,ammonia,0.0,0.0,0.0,0.0,0.0,True
2060,P0341,Hebei,unabated,0.0,0.0,0.0,0.0,0.0,True
2060,P0341,Hebei,retire,0.0,0.0,0.0,0.0,0.0,True
2060,P0341,Hebei,ccs,0.0,0.0,0.0,0.0,0.0,True
2060,P0341,Hebei,biomass,1.0,445510.0,0.3653181999999999,0.3653181999999999,0.0,True
2060,P0341,Hebei,beccs,0.0,0.0,0.0,0.0,0.0,True
2060,P0341,Hebei,ammonia,0.0,0.0,0.0,0.0,0.0,True
2060,P0342,Zhejiang,unabated,0.0,0.0,0.0,0.0,0.0,True
2060,P0342,Zhejiang,retire,0.0,0.0,0.0,0.0,0.0,True
2060,P0342,Zhejiang,ccs,0.0,0.0,0.0,0.0,0.0,True
2060,P0342,Zhejiang,biomass,0.0,0.0,0.0,0.0,0.0,True
2060,P0342,Zhejiang,beccs,1.0,29115678.0,23.874855959999998,45.36222632399999,23.063110857359995,True
2060,P0342,Zhejiang,ammonia,0.0,0.0,0.0,0.0,0.0,True
2060,P0343,Hunan,unabated,0.0,0.0,0.0,0.0,0.0,True
2060,P0343,Hunan,retire,0.0,0.0,0.0,0.0,0.0,True
2060,P0343,Hunan,ccs,0.0,0.0,0.0,0.0,0.0,True
2060,P0343,Hunan,biomass,1.0,15315048.0,12.55833936,12.55833936,0.0,True
2060,P0343,Hunan,beccs,0.0,0.0,0.0,0.0,0.0,True
2060,P0343,Hunan,ammonia,0.0,0.0,0.0,0.0,0.0,True
2060,P0344,Xinjiang,unabated,0.0,0.0,0.0,0.0,0.0,True
2060,P0344,Xinjiang,retire,0.15735495094048302,3290850.9489512397,2.698497778140017,2.698497778140017,0.0,True
2060,P0344,Xinjiang,ccs,0.842645049059517,17622701.051048756,14.450614861859982,13.005553375673983,14.956386382025078,True
2060,P0344,Xinjiang,biomass,0.0,0.0,0.0,0.0,0.0,True
2060,P0344,Xinjiang,beccs,0.0,0.0,0.0,0.0,0.0,True
2060,P0344,Xinjiang,ammonia,0.0,0.0,0.0,0.0,0.0,True
2060,P0345,Gansu,unabated,0.0,0.0,0.0,0.0,0.0,True
2060,P0345,Gansu,retire,0.7435812143286732,6230615.711102818,5.109104883104311,5.109104883104311,0.0,True
2060,P0345,Gansu,ccs,0.0,0.0,0.0,0.0,0.0,True
2060,P0345,Gansu,biomass,0.011092262549149428,92944.28635183288,0.07621431480850296,0.07621431480850296,0.0,True
2060,P0345,Gansu,beccs,0.24532652312217743,2055640.002545349,1.6856248020871862,3.2026871239656534,1.7446216701602375,True
2060,P0345,Gansu,ammonia,0.0,0.0,0.0,0.0,0.0,True
2060,P0346,Inner Mongolia,unabated,0.0,0.0,0.0,0.0,0.0,True
2060,P0346,Inner Mongolia,retire,1.0,26465690.0,21.701865799999997,21.701865799999997,0.0,True
2060,P0346,Inner Mongolia,ccs,0.0,0.0,0.0,0.0,0.0,True
2060,P0346,Inner Mongolia,biomass,0.0,0.0,0.0,0.0,0.0,True
2060,P0346,Inner Mongolia,beccs,0.0,0.0,0.0,0.0,0.0,True
2060,P0346,Inner Mongolia,ammonia,0.0,0.0,0.0,0.0,0.0,True
2060,P0347,Ningxia,unabated,0.0,0.0,0.0,0.0,0.0,True
2060,P0347,Ningxia,retire,1.0,3777884.0,3.09786488,3.09786488,0.0,True
2060,P0347,Ningxia,ccs,0.0,0.0,0.0,0.0,0.0,True
2060,P0347,Ningxia,biomass,0.0,0.0,0.0,0.0,0.0,True
2060,P0347,Ningxia,beccs,0.0,0.0,0.0,0.0,0.0,True
2060,P0347,Ningxia,ammonia,0.0,0.0,0.0,0.0,0.0,True
2060,P0348,Jiangsu,unabated,0.0,0.0,0.0,0.0,0.0,True
2060,P0348,Jiangsu,retire,0.0,0.0,0.0,0.0,0.0,True
2060,P0348,Jiangsu,ccs,0.0,0.0,0.0,0.0,0.0,True
2060,P0348,Jiangsu,biomass,0.0,0.0,0.0,0.0,0.0,True
2060,P0348,Jiangsu,beccs,1.0,25729515.0,21.098202299999997,40.08658436999999,20.380863421799994,True
2060,P0348,Jiangsu,ammonia,0.0,0.0,0.0,0.0,0.0,True
2060,P0349,Guangdong,unabated,0.0,0.0,0.0,0.0,0.0,True
2060,P0349,Guangdong,retire,0.0,0.0,0.0,0.0,0.0,True
2060,P0349,Guangdong,ccs,0.0,0.0,0.0,0.0,0.0,True
2060,P0349,Guangdong,biomass,0.0,0.0,0.0,0.0,0.0,True
2060,P0349,Guangdong,beccs,1.0,6281210.0,5.150592199999999,9.786125179999997,4.975472065199999,True
2060,P0349,Guangdong,ammonia,0.0,0.0,0.0,0.0,0.0,True
2060,P0350,Guangxi,unabated,0.0,0.0,0.0,0.0,0.0,True
2060,P0350,Guangxi,retire,0.0,0.0,0.0,0.0,0.0,True
2060,P0350,Guangxi,ccs,0.0,0.0,0.0,0.0,0.0,True
2060,P0350,Guangxi,biomass,1.0,622258.0,0.51025156,0.51025156,0.0,True
2060,P0350,Guangxi,beccs,0.0,0.0,0.0,0.0,0.0,True
2060,P0350,Guangxi,ammonia,0.0,0.0,0.0,0.0,0.0,True
