year,plant_id,province_name,capacity_mw,baseline_net_cost_cny,carbon_cost_cny,coal_savings_cny,incremental_om_cny,energy_penalty_cny,ccs_om_cny,stranded_capex_cny,ccs_retrofit_capex_cny,total_plant_cost_cny
2030,P0001,Fujian,12260.0,1436435877.4719996,6184165660.799999,-0.0,0.0,0.0,0.0,0.0,0.0,7620601538.271999
2030,P0002,Shanxi,14030.0,-5084857044.090199,6391265483.999998,-0.0,0.0,0.0,0.0,0.0,0.0,1306408439.9097986
2030,P0003,Chongqing,6765.0,1464068111.5513217,3191383879.2,-0.0,0.0,0.0,0.0,0.0,0.0,4655451990.751322
2030,P0004,Inner Mongolia,2160.0,-375463828.98727536,221799906.82913265,-0.0,3876289157.7936006,0.0,0.0,5992033324.401869,0.0,9714658560.037327
2030,P0005,Sichuan,3765.0,1300652722.2957602,1851046286.3999996,-0.0,0.0,0.0,0.0,0.0,0.0,3151699008.69576
2030,P0006,Hebei,5140.0,-1137235745.2450411,1998254265.5064027,-0.0,1166288378.4768176,0.0,0.0,2036123057.3045433,0.0,4063429956.0427227
2030,P0007,Hebei,8696.0,-2169560870.163648,3812168480.6399994,-0.0,0.0,0.0,0.0,0.0,0.0,1642607610.4763513
2030,P0008,Shandong,2736.0,426127623.52176005,1174105808.64,-0.0,0.0,0.0,0.0,0.0,0.0,1600233432.16176
2030,P0009,Inner Mongolia,21340.0,-17885197321.787403,10565425464.0,-0.0,0.0,0.0,0.0,0.0,0.0,-7319771857.787403
2030,P0010,Yunnan,3720.0,-1105247783.54304,1640700345.5999997,-0.0,0.0,0.0,0.0,0.0,0.0,535452562.0569596
2030,P0011,Guangdong,8530.0,1471894024.3530998,4055497058.3999996,-0.0,0.0,0.0,0.0,0.0,0.0,5527391082.753099
2030,P0012,Liaoning,5600.0,24786995.800000157,1708609727.9999998,-0.0,0.0,0.0,0.0,0.0,0.0,1733396723.8
2030,P0013,Shanxi,17570.0,-6367850197.0538,8003886995.999999,-0.0,0.0,0.0,0.0,0.0,0.0,1636036798.9461994
2030,P0014,Guangdong,2460.0,424485263.7642,1169580628.8,-0.0,0.0,0.0,0.0,0.0,0.0,1594065892.5642
2030,P0015,Hunan,2530.0,946070044.3953005,972630568.8,-0.0,0.0,0.0,0.0,0.0,0.0,1918700613.1953006
2030,P0016,Hubei,8480.0,2416500236.477441,3128786227.1999993,-0.0,0.0,0.0,0.0,0.0,0.0,5545286463.677441
2030,P0017,Jiangsu,9320.0,1348857202.8708022,4599654864.0,-0.0,0.0,0.0,0.0,0.0,0.0,5948512066.870802
2030,P0018,Jilin,1060.0,58124355.070160106,377726505.6,-0.0,0.0,0.0,0.0,0.0,0.0,435850860.6701601
2030,P0019,Hunan,3870.0,1447150621.2687006,1487778775.1999998,-0.0,0.0,0.0,0.0,0.0,0.0,2934929396.4687004
2030,P0020,Zhejiang,12197.0,1195887242.521957,6643382923.439999,-0.0,0.0,0.0,0.0,0.0,0.0,7839270165.961956
2030,P0021,Shandong,10375.0,0.0,0.0,-0.0,20360885625.000004,0.0,0.0,30865625000.0,0.0,51226510625.0
2030,P0022,Shandong,3645.0,567702919.49445,1564187014.8000002,-0.0,0.0,0.0,0.0,0.0,0.0,2131889934.2944503
2030,P0023,Henan,5560.0,817681631.4294406,1969355558.3999999,-0.0,0.0,0.0,0.0,0.0,0.0,2787037189.8294406
2030,P0024,Chongqing,1229.0,265977784.04975235,579779865.12,-0.0,0.0,0.0,0.0,0.0,0.0,845757649.1697524
2030,P0025,Jilin,4300.0,235787478.11480045,1532286768.0,-0.0,0.0,0.0,0.0,0.0,0.0,1768074246.1148005
2030,P0026,Hainan,2100.0,-338086622.2943996,1039585175.9999999,-0.0,0.0,0.0,0.0,0.0,0.0,701498553.7056003
2030,P0027,Shandong,13365.0,2081577371.47965,5735352387.6,-0.0,0.0,0.0,0.0,0.0,0.0,7816929759.079651
2030,P0028,Hunan,5740.0,2146419784.517401,2206679630.3999996,-0.0,0.0,0.0,0.0,0.0,0.0,4353099414.9174
2030,P0029,Jilin,120.0,6580115.668320011,42761491.199999996,-0.0,0.0,0.0,0.0,0.0,0.0,49341606.86832
2030,P0030,Jilin,4481.0,245712485.91451645,1596785350.56,-0.0,0.0,0.0,0.0,0.0,0.0,1842497836.4745164
2030,P0031,Shanxi,4900.0,-1775894477.2659998,2232159720.0,-0.0,0.0,0.0,0.0,0.0,0.0,456265242.7340002
2030,P0032,Henan,2370.0,348544148.6488803,839455516.8,-0.0,0.0,0.0,0.0,0.0,0.0,1187999665.4488802
2030,P0033,Henan,6270.0,0.0,0.0,-0.0,10156271400.0,0.0,0.0,21945000000.0,0.0,32101271400.0
2030,P0034,Shandong,4220.0,0.0,0.0,-0.0,8281728900.0,0.0,0.0,14031500000.0,0.0,22313228900.0
2030,P0035,Anhui,9120.0,2171713415.8118415,4560717196.8,-0.0,0.0,0.0,0.0,0.0,0.0,6732430612.611841
2030,P0036,Jiangsu,27922.0,4041071976.240186,13780210634.4,-0.0,0.0,0.0,0.0,0.0,0.0,17821282610.640186
2030,P0037,Inner Mongolia,8340.0,0.0,0.0,-0.0,18883219500.0,0.0,0.0,29190000000.0,0.0,48073219500.0
2030,P0038,Sichuan,4920.0,1699657740.6892805,2418897139.2,-0.0,0.0,0.0,0.0,0.0,0.0,4118554879.8892803
2030,P0039,Heilongjiang,2150.0,-111120835.55399956,735911460.0,-0.0,0.0,0.0,0.0,0.0,0.0,624790624.4460005
2030,P0040,Shanxi,6350.0,-2301414271.5589995,2892696779.9999995,-0.0,0.0,0.0,0.0,0.0,0.0,591282508.441
2030,P0041,Hebei,3890.0,0.0,0.0,-0.0,7798652550.0,0.0,0.0,13615000000.0,0.0,21413652550.0
2030,P0042,Shandong,6320.0,984329890.5912001,2712115756.8,-0.0,0.0,0.0,0.0,0.0,0.0,3696445647.3912
2030,P0043,Anhui,14100.0,3357583241.551202,7051108823.999999,-0.0,0.0,0.0,0.0,0.0,0.0,10408692065.5512
2030,P0044,Heilongjiang,2955.0,-152726543.74979943,1011450402.0000001,-0.0,0.0,0.0,0.0,0.0,0.0,858723858.2502007
2030,P0045,Henan,13910.0,2045674728.9898417,4926930902.4,-0.0,0.0,0.0,0.0,0.0,0.0,6972605631.389841
2030,P0046,Zhejiang,18468.8,1810822522.3161042,10059466306.176,-0.0,0.0,0.0,0.0,0.0,0.0,11870288828.492105
2030,P0047,Liaoning,3280.0,14518097.54000009,1000757126.3999999,-0.0,0.0,0.0,0.0,0.0,0.0,1015275223.9399999
2030,P0048,Shanxi,1400.0,-507398422.076,637759920.0,-0.0,0.0,0.0,0.0,0.0,0.0,130361497.92400002
2030,P0049,Xinjiang,1360.0,-106905132.95593254,59769524.96302164,-0.0,2958758157.7910595,0.0,0.0,4357449717.769829,0.0,7269072267.567978
2030,P0050,Henan,1960.0,288247481.58304024,694233254.4,-0.0,0.0,0.0,0.0,0.0,0.0,982480735.9830402
2030,P0051,Hebei,8180.0,-2040824277.5918398,3585963451.2,-0.0,0.0,0.0,0.0,0.0,0.0,1545139173.60816
2030,P0052,Jiangsu,27370.0,3961182579.6753063,13507784724.0,-0.0,0.0,0.0,0.0,0.0,0.0,17468967303.67531
2030,P0053,Heilongjiang,2800.0,-144715506.76799944,958396320.0000001,-0.0,0.0,0.0,0.0,0.0,0.0,813680813.2320007
2030,P0054,Hebei,4420.0,0.0,0.0,-0.0,8861193900.0,0.0,0.0,8508500000.000001,0.0,17369693900.0
2030,P0055,Shanxi,3700.0,-1340981544.0579998,1685508360.0,-0.0,0.0,0.0,0.0,0.0,0.0,344526815.94200015
2030,P0056,Jiangxi,4020.0,1784677192.093441,1885435315.1999998,-0.0,0.0,0.0,0.0,0.0,0.0,3670112507.293441
2030,P0057,Gansu,2920.0,-34966166.982399434,1203789388.8,-0.0,0.0,0.0,0.0,0.0,0.0,1168823221.8176005
2030,P0058,Jiangsu,4515.0,653443162.1203511,2228266278.0000005,-0.0,0.0,0.0,0.0,0.0,0.0,2881709440.120352
2030,P0059,Inner Mongolia,20820.0,-1805586614.2446117,1066624563.7870946,-0.0,42262267263.16877,0.0,0.0,65329727349.2953,0.0,106853032562.00656
2030,P0060,Shandong,4962.0,772823562.8344201,2129354174.8800004,-0.0,0.0,0.0,0.0,0.0,0.0,2902177737.7144203
2030,P0061,Shandong,3920.0,0.0,0.0,-0.0,7692980400.000002,0.0,0.0,13720000000.0,0.0,21412980400.0
2030,P0062,Xinjiang,970.0,-517579527.14582694,289373219.15911466,-0.0,981890663.6016097,0.0,0.0,1446059112.2411716,0.0,2199743467.856069
2030,P0063,Ningxia,1760.0,-744903315.33376,860880345.6,-0.0,0.0,0.0,0.0,0.0,0.0,115977030.26624
2030,P0064,Shandong,4180.0,0.0,0.0,-0.0,8203229100.000002,0.0,0.0,10241000000.0,0.0,18444229100.0
2030,P0065,Xinjiang,3375.0,-358792518.00946236,200597087.98595977,-0.0,7103457768.35689,0.0,0.0,10461470115.903421,0.0,17406732454.23681
2030,P0066,Fujian,8826.0,1034093234.4671997,4451993974.08,-0.0,0.0,0.0,0.0,0.0,0.0,5486087208.547199
2030,P0067,Hebei,7680.0,-1916079517.3478398,3366772531.2,-0.0,0.0,0.0,0.0,0.0,0.0,1450693013.85216
2030,P0068,Zhejiang,4045.0,396602762.6466604,2203204388.4,-0.0,0.0,0.0,0.0,0.0,0.0,2599807151.0466604
2030,P0069,Shaanxi,4000.0,-985410363.1999993,1786156800.0,-0.0,0.0,0.0,0.0,0.0,0.0,800746436.8000007
2030,P0070,Shandong,5920.0,922030530.4272001,2540462860.8000007,-0.0,0.0,0.0,0.0,0.0,0.0,3462493391.2272005
2030,P0071,Guizhou,5000.0,-556112321.3799995,2335573200.0,-0.0,0.0,0.0,0.0,0.0,0.0,1779460878.6200004
2030,P0072,Heilongjiang,1600.0,-82694575.29599968,547655040.0,-0.0,0.0,0.0,0.0,0.0,0.0,464960464.70400035
2030,P0073,Liaoning,2045.0,9051679.716250056,623947659.5999999,-0.0,0.0,0.0,0.0,0.0,0.0,632999339.31625
2030,P0074,Shaanxi,8130.0,-2002846563.2039988,3630363695.9999995,-0.0,0.0,0.0,0.0,0.0,0.0,1627517132.7960007
2030,P0075,Henan,1980.0,291188782.41552025,701317267.1999999,-0.0,0.0,0.0,0.0,0.0,0.0,992506049.6155202
2030,P0076,Guangxi,2840.0,1231204323.7166402,1337644089.6000001,-0.0,0.0,0.0,0.0,0.0,0.0,2568848413.3166404
2030,P0077,Xinjiang,7820.0,-233696661.78858015,130657322.75273688,-0.0,17987024555.703945,0.0,0.0,26490017397.125156,0.0,44374002613.79326
2030,P0078,Heilongjiang,5210.0,-269274210.80759895,1783301723.9999998,-0.0,0.0,0.0,0.0,0.0,0.0,1514027513.192401
2030,P0079,Guangxi,8880.0,3849681124.8604803,4182492787.2,-0.0,0.0,0.0,0.0,0.0,0.0,8032173912.06048
2030,P0080,Shandong,4950.0,752950022.067186,2074596777.4125228,-0.0,226864987.442732,0.0,0.0,404601008.435467,0.0,3459012795.3579073
2030,P0081,Gansu,2100.0,-7856556.497687499,270479728.2808982,-0.0,2722222023.105648,0.0,0.0,5053665733.599478,0.0,8038510928.488337
2030,P0082,Liaoning,2500.0,11065623.125000069,762772199.9999999,-0.0,0.0,0.0,0.0,0.0,0.0,773837823.125
2030,P0083,Shaanxi,12790.0,-3150849636.331998,5711236368.0,-0.0,0.0,0.0,0.0,0.0,0.0,2560386731.668002
2030,P0084,Shaanxi,2690.0,-662688469.2519996,1201190447.9999998,-0.0,0.0,0.0,0.0,0.0,0.0,538501978.7480001
2030,P0085,Jiangsu,10050.0,1454508035.2845025,4959928260.0,-0.0,0.0,0.0,0.0,0.0,0.0,6414436295.284502
2030,P0086,Shaanxi,9460.0,-2330495508.9679985,4224260832.0,-0.0,0.0,0.0,0.0,0.0,0.0,1893765323.0320015
2030,P0087,Hebei,3050.0,-760943037.4884,1337064612.0000002,-0.0,0.0,0.0,0.0,0.0,0.0,576121574.5116003
2030,P0088,Zhejiang,2850.0,279435815.4618003,1552319531.9999998,-0.0,0.0,0.0,0.0,0.0,0.0,1831755347.4618
2030,P0089,Ningxia,26450.0,-11194711756.0102,12937662012.0,-0.0,0.0,0.0,0.0,0.0,0.0,1742950255.9897995
2030,P0090,Guangdong,7236.0,1248607873.41372,3440278630.08,-0.0,0.0,0.0,0.0,0.0,0.0,4688886503.49372
2030,P0091,Guangdong,7380.0,1273455791.2926,3508741886.4,-0.0,0.0,0.0,0.0,0.0,0.0,4782197677.6926
2030,P0092,Jiangxi,7650.0,3396214059.580802,3587955263.9999995,-0.0,0.0,0.0,0.0,0.0,0.0,6984169323.580801
2030,P0093,Hunan,4625.0,1729475871.6712508,1778030190.0,-0.0,0.0,0.0,0.0,0.0,0.0,3507506061.671251
2030,P0094,Fujian,1260.0,147627178.27199996,635566780.8,-0.0,0.0,0.0,0.0,0.0,0.0,783193959.0719999
2030,P0095,Anhui,3210.0,764385972.0127205,1605252434.4,-0.0,0.0,0.0,0.0,0.0,0.0,2369638406.4127207
2030,P0096,Guangdong,4670.0,805831781.2109,2220301437.6000004,-0.0,0.0,0.0,0.0,0.0,0.0,3026133218.8109
2030,P0097,Gansu,2120.0,0.0,0.0,-0.0,3996878400.0,0.0,0.0,2226000000.0,0.0,6222878400.0
2030,P0098,Xinjiang,24420.0,-1404272767.645908,785113997.054766,-0.0,54444646447.615395,0.0,0.0,80182223975.46597,0.0,134007711652.49023
2030,P0099,Sichuan,1000.0,345458890.38400006,491645759.9999999,-0.0,0.0,0.0,0.0,0.0,0.0,837104650.384
2030,P0100,Jiangxi,3180.0,1411759569.864961,1491463756.8,-0.0,0.0,0.0,0.0,0.0,0.0,2903223326.664961
2030,P0101,Qinghai,4870.0,-585955617.6431568,1959189058.887318,-0.0,18869438.015314426,0.0,0.0,35821893.01309928,0.0,1427924772.2725747
2030,P0102,Hunan,2520.0,942330637.1052004,968786179.1999999,-0.0,0.0,0.0,0.0,0.0,0.0,1911116816.3052003
2030,P0103,Inner Mongolia,3800.0,-3184805521.2180004,1881378479.9999998,-0.0,0.0,0.0,0.0,0.0,0.0,-1303427041.2180007
2030,P0104,Inner Mongolia,4540.0,-3805004491.1394005,2247752184.0,-0.0,0.0,0.0,0.0,0.0,0.0,-1557252307.1394005
2030,P0105,Liaoning,1300.0,5754124.025000037,396641544.0,-0.0,0.0,0.0,0.0,0.0,0.0,402395668.02500004
2030,P0106,Hubei,10550.0,3006377063.0704007,3892534751.9999986,-0.0,0.0,0.0,0.0,0.0,0.0,6898911815.070399
2030,P0107,Liaoning,4640.0,13690347.785021305,943698929.6294845,-0.0,2158565275.474918,0.0,0.0,4873079281.557205,0.0,7989033834.446629
2030,P0108,Guangdong,4720.0,814459530.4743999,2244073401.6,-0.0,0.0,0.0,0.0,0.0,0.0,3058532932.0744
2030,P0109,Shaanxi,8340.0,-2054580607.2719986,3724136927.9999995,-0.0,0.0,0.0,0.0,0.0,0.0,1669556320.7280009
2030,P0110,Guizhou,13260.0,-1474809876.299759,6193940126.4,-0.0,0.0,0.0,0.0,0.0,0.0,4719130250.100241
2030,P0111,Guangxi,122.8,53236581.321268804,57838976.831999995,-0.0,0.0,0.0,0.0,0.0,0.0,111075558.1532688
2030,P0112,Guangdong,8520.0,1470168474.5003998,4050742665.5999994,-0.0,0.0,0.0,0.0,0.0,0.0,5520911140.100399
2030,P0113,Inner Mongolia,4000.0,-3352426864.44,1980398399.9999998,-0.0,0.0,0.0,0.0,0.0,0.0,-1372028464.4400003
2030,P0114,Guangxi,6160.0,2670499519.0473604,2901368870.4,-0.0,0.0,0.0,0.0,0.0,0.0,5571868389.447361
2030,P0115,Shandong,2190.0,341088996.8979,939799605.6,-0.0,0.0,0.0,0.0,0.0,0.0,1280888602.4979
2030,P0116,Liaoning,820.0,3629524.3850000226,250189281.59999996,-0.0,0.0,0.0,0.0,0.0,0.0,253818805.98499998
2030,P0117,Henan,2320.0,341190896.5676803,821745484.8000001,-0.0,0.0,0.0,0.0,0.0,0.0,1162936381.3676803
2030,P0118,Liaoning,5440.0,24078795.920000147,1659792307.1999996,-0.0,0.0,0.0,0.0,0.0,0.0,1683871103.1199996
2030,P0119,Guizhou,5740.0,-638416944.9442395,2681238033.6,-0.0,0.0,0.0,0.0,0.0,0.0,2042821088.6557603
2030,P0120,Inner Mongolia,4700.0,-3939101565.7169995,2326968119.9999995,-0.0,0.0,0.0,0.0,0.0,0.0,-1612133445.717
2030,P0121,Guangdong,6760.0,1166471700.4252,3213969532.7999997,-0.0,0.0,0.0,0.0,0.0,0.0,4380441233.2252
2030,P0122,Shaanxi,7390.0,-1820545646.011999,3299924688.0,-0.0,0.0,0.0,0.0,0.0,0.0,1479379041.988001
2030,P0123,Hebei,6728.0,0.0,0.0,-0.0,13488260760.000002,0.0,0.0,23548000000.0,0.0,37036260760.0
2030,P0124,Henan,11670.0,1692095999.6958416,4075349786.8381195,-0.0,266029033.36225623,0.0,0.0,546077055.4317776,0.0,6579551875.327995
2030,P0125,Xinjiang,11910.0,0.0,0.0,-0.0,28304591399.999996,0.0,0.0,41685000000.0,0.0,69989591400.0
2030,P0126,Jiangsu,17212.0,2491044010.2802844,8494555742.4000025,-0.0,0.0,0.0,0.0,0.0,0.0,10985599752.680286
2030,P0127,Hebei,1750.0,-118030795.93822736,207393710.96171308,-0.0,2559944401.089727,0.0,0.0,4469187824.098745,0.0,7118495140.211958
2030,P0128,Xinjiang,970.0,-313307568.11676806,175166935.35546023,-0.0,1504175498.0695417,0.0,0.0,2215243270.9920287,0.0,3581278136.3002625
2030,P0129,Inner Mongolia,13430.0,-11255773197.357302,6649187628.0,-0.0,0.0,0.0,0.0,0.0,0.0,-4606585569.357302
2030,P0130,Hebei,1300.0,0.0,0.0,-0.0,2606233500.0,0.0,0.0,2957500000.0,0.0,5563733500.0
2030,P0131,Zhejiang,12300.0,1205986150.940401,6699484296.0,-0.0,0.0,0.0,0.0,0.0,0.0,7905470446.940401
2030,P0132,Jilin,1720.0,94314991.24592017,612914707.1999999,-0.0,0.0,0.0,0.0,0.0,0.0,707229698.4459201
2030,P0133,Anhui,6100.0,1452571473.295201,3050479704.0000005,-0.0,0.0,0.0,0.0,0.0,0.0,4503051177.295201
2030,P0134,Shanxi,3205.0,-1161579959.1097,1460014674.0,-0.0,0.0,0.0,0.0,0.0,0.0,298434714.89030004
2030,P0135,Liaoning,1900.0,8409873.575000053,579706872.0,-0.0,0.0,0.0,0.0,0.0,0.0,588116745.575
2030,P0136,Inner Mongolia,880.0,-737533910.1768,435687648.0,-0.0,0.0,0.0,0.0,0.0,0.0,-301846262.1768
2030,P0137,Xinjiang,1400.0,0.0,0.0,-0.0,3327155999.9999995,0.0,0.0,4900000000.0,0.0,8227156000.0
2030,P0138,Jilin,1200.0,65801156.68320013,427614912.00000006,-0.0,0.0,0.0,0.0,0.0,0.0,493416068.6832002
2030,P0139,Heilongjiang,1195.0,-61762510.92419976,409029858.00000006,-0.0,0.0,0.0,0.0,0.0,0.0,347267347.0758003
2030,P0140,Guangdong,11480.0,1980931230.8995998,5458042934.4,-0.0,0.0,0.0,0.0,0.0,0.0,7438974165.2996
2030,P0141,Shandong,10750.0,1674295304.4075,4613171580.000001,-0.0,0.0,0.0,0.0,0.0,0.0,6287466884.407501
2030,P0142,Jiangsu,6670.0,965330208.4923016,3291813084.0000005,-0.0,0.0,0.0,0.0,0.0,0.0,4257143292.492302
2030,P0143,Yunnan,2500.0,-742774048.0799999,1102621199.9999998,-0.0,0.0,0.0,0.0,0.0,0.0,359847151.91999984
2030,P0144,Shanxi,7105.0,-2575046992.0356994,3236631593.9999995,-0.0,0.0,0.0,0.0,0.0,0.0,661584601.9643002
2030,P0145,Liaoning,2640.0,11685298.020000072,805487443.1999998,-0.0,0.0,0.0,0.0,0.0,0.0,817172741.2199999
2030,P0146,Shanxi,4300.0,-1558438010.662,1958834039.9999998,-0.0,0.0,0.0,0.0,0.0,0.0,400396029.3379998
2030,P0147,Inner Mongolia,3120.0,0.0,0.0,-0.0,7064225999.999999,0.0,0.0,10920000000.0,0.0,17984226000.0
2030,P0148,Shandong,2090.0,0.0,0.0,-0.0,4101614550.000001,0.0,0.0,7315000000.0,0.0,11416614550.0
2030,P0149,Shaanxi,9340.0,-2300933198.0719986,4170676128.0,-0.0,0.0,0.0,0.0,0.0,0.0,1869742929.9280014
2030,P0150,Guizhou,140.0,-15571144.998639988,65396049.599999994,-0.0,0.0,0.0,0.0,0.0,0.0,49824904.60136001
2030,P0151,Shandong,3875.0,0.0,0.0,-0.0,7604668125.000002,0.0,0.0,10171875000.0,0.0,17776543125.0
2030,P0152,Guangdong,1330.0,229498130.4091,632334242.3999999,-0.0,0.0,0.0,0.0,0.0,0.0,861832372.8090999
2030,P0153,Heilongjiang,2125.0,-109828732.81499958,727354350.0,-0.0,0.0,0.0,0.0,0.0,0.0,617525617.1850004
2030,P0154,Tianjin,6104.0,288088253.3256002,2611254575.9999995,-0.0,0.0,0.0,0.0,0.0,0.0,2899342829.3255997
2030,P0155,Shanxi,3062.0,-1109752834.5690799,1394872053.5999997,-0.0,0.0,0.0,0.0,0.0,0.0,285119219.0309198
2030,P0156,Yunnan,600.0,-178265771.53919998,264629087.99999994,-0.0,0.0,0.0,0.0,0.0,0.0,86363316.46079996
2030,P0157,Guizhou,5160.0,-573907915.6641595,2410311542.4,-0.0,0.0,0.0,0.0,0.0,0.0,1836403626.7358406
2030,P0158,Guangxi,1525.0,661122040.0239,718277196.0,-0.0,0.0,0.0,0.0,0.0,0.0,1379399236.0239
2030,P0159,Fujian,3410.0,399530696.7519998,1720065652.7999995,-0.0,0.0,0.0,0.0,0.0,0.0,2119596349.5519993
2030,P0160,Hubei,4420.0,1259543755.3337605,1630806028.7999997,-0.0,0.0,0.0,0.0,0.0,0.0,2890349784.1337605
2030,P0161,Zhejiang,475.0,46572635.910300046,258719922.0,-0.0,0.0,0.0,0.0,0.0,0.0,305292557.9103
2030,P0162,Shandong,1370.0,213375308.5617,587911168.7999998,-0.0,0.0,0.0,0.0,0.0,0.0,801286477.3616998
2030,P0163,Hebei,2600.0,0.0,0.0,-0.0,5212467000.0,0.0,0.0,9100000000.0,0.0,14312467000.0
2030,P0164,Hunan,3200.0,1196610332.8320005,1230204672.0,-0.0,0.0,0.0,0.0,0.0,0.0,2426815004.8320007
2030,P0165,Hebei,1200.0,-299387424.58559996,526058207.9999999,-0.0,0.0,0.0,0.0,0.0,0.0,226670783.41439992
2030,P0166,Guangxi,1840.0,797681674.5206401,866642649.5999999,-0.0,0.0,0.0,0.0,0.0,0.0,1664324324.12064
2030,P0167,Shandong,12066.0,0.0,0.0,-0.0,23679464670.000004,0.0,0.0,42231000000.0,0.0,65910464670.0
2030,P0168,Xinjiang,1620.0,-1505779850.6611195,841865529.5999998,-0.0,0.0,0.0,0.0,0.0,0.0,-663914321.0611197
2030,P0169,Guizhou,1500.0,-166833696.41399986,700671960.0,-0.0,0.0,0.0,0.0,0.0,0.0,533838263.58600014
2030,P0170,Shandong,7570.0,832101612.0125312,2292682478.475214,-0.0,4371258742.338961,0.0,0.0,7795895326.197702,0.0,15291938159.024408
2030,P0171,Shaanxi,3350.0,-825281179.1799995,1495906320.0,-0.0,0.0,0.0,0.0,0.0,0.0,670625140.8200005
2030,P0172,Sichuan,3260.0,1126195982.6518402,1602765177.5999997,-0.0,0.0,0.0,0.0,0.0,0.0,2728961160.2518396
2030,P0173,Ningxia,5360.0,0.0,0.0,-0.0,11989810800.0,0.0,0.0,17822000000.0,0.0,29811810800.0
2030,P0174,Shanxi,8090.0,-2932038024.7106,3685341251.9999995,-0.0,0.0,0.0,0.0,0.0,0.0,753303227.2893996
2030,P0175,Guizhou,1800.0,-200200435.69679984,840806351.9999999,-0.0,0.0,0.0,0.0,0.0,0.0,640605916.3032
2030,P0176,Hubei,4700.0,1339333857.4816005,1734115008.0,-0.0,0.0,0.0,0.0,0.0,0.0,3073448865.4816008
2030,P0177,Jilin,2060.0,112958652.3061602,734072265.6,-0.0,0.0,0.0,0.0,0.0,0.0,847030917.9061602
2030,P0178,Shaanxi,1400.0,-344893627.11999977,625154880.0,-0.0,0.0,0.0,0.0,0.0,0.0,280261252.88000023
2030,P0179,Fujian,6250.0,732277669.9999998,3152612999.9999995,-0.0,0.0,0.0,0.0,0.0,0.0,3884890669.999999
2030,P0180,Inner Mongolia,1500.0,-1257160074.1650002,742649400.0,-0.0,0.0,0.0,0.0,0.0,0.0,-514510674.1650002
2030,P0181,Xinjiang,4355.0,-4047945215.820479,2263163198.3999996,-0.0,0.0,0.0,0.0,0.0,0.0,-1784782017.4204793
2030,P0182,Jiangxi,5813.0,2580678735.7311378,2726376986.88,-0.0,0.0,0.0,0.0,0.0,0.0,5307055722.611137
2030,P0183,Xinjiang,270.0,-250963308.44351992,140310921.59999996,-0.0,0.0,0.0,0.0,0.0,0.0,-110652386.84351996
2030,P0184,Shandong,6490.0,0.0,0.0,-0.0,12736592550.000002,0.0,0.0,22715000000.0,0.0,35451592550.0
2030,P0185,Guizhou,1500.0,-166833696.41399986,700671960.0,-0.0,0.0,0.0,0.0,0.0,0.0,533838263.58600014
2030,P0186,Ningxia,4850.0,-2052716522.3686001,2372312315.9999995,-0.0,0.0,0.0,0.0,0.0,0.0,319595793.6313994
2030,P0187,Inner Mongolia,200.0,-167621343.222,99019920.0,-0.0,0.0,0.0,0.0,0.0,0.0,-68601423.222
2030,P0188,Xinjiang,4000.0,-2285800586.699203,1277966842.6540756,-0.0,3661799439.0819716,0.0,0.0,5392839185.0281925,0.0,8046804880.065037
2030,P0189,Yunnan,1000.0,-297109619.23200005,441048480.0,-0.0,0.0,0.0,0.0,0.0,0.0,143938860.76799995
2030,P0190,Jiangsu,2240.0,324188855.6256005,1105496448.0,-0.0,0.0,0.0,0.0,0.0,0.0,1429685303.6256006
2030,P0191,Hunan,2100.0,785275530.9210004,807321816.0,-0.0,0.0,0.0,0.0,0.0,0.0,1592597346.9210005
2030,P0192,Shaanxi,3420.0,-842525860.5359994,1527164063.9999998,-0.0,0.0,0.0,0.0,0.0,0.0,684638203.4640003
2030,P0193,Guangxi,1370.0,593926029.3985201,645271972.8,-0.0,0.0,0.0,0.0,0.0,0.0,1239198002.1985202
2030,P0194,Shaanxi,660.0,-162592709.92799988,294715871.99999994,-0.0,0.0,0.0,0.0,0.0,0.0,132123162.07200006
2030,P0195,Sichuan,600.0,207275334.23040006,294987455.9999999,-0.0,0.0,0.0,0.0,0.0,0.0,502262790.23039997
2030,P0196,Xinjiang,120.0,0.0,0.0,-0.0,285184799.99999994,0.0,0.0,420000000.0,0.0,705184800.0
2030,P0197,Fujian,1320.0,154657043.90399995,665831865.6,-0.0,0.0,0.0,0.0,0.0,0.0,820488909.504
2030,P0198,Gansu,660.0,-7903311.715199873,272089382.4,-0.0,0.0,0.0,0.0,0.0,0.0,264186070.6848001
2030,P0199,Inner Mongolia,260.0,-217907746.1886,128725896.00000001,-0.0,0.0,0.0,0.0,0.0,0.0,-89181850.18859999
2030,P0200,Xinjiang,2020.0,-1877577344.6515195,1049733561.5999997,-0.0,0.0,0.0,0.0,0.0,0.0,-827843783.0515199
2030,P0201,Heilongjiang,700.0,-36178876.69199986,239599080.00000003,-0.0,0.0,0.0,0.0,0.0,0.0,203420203.30800018
2030,P0202,Jiangxi,1920.0,852383136.5222405,900506419.1999999,-0.0,0.0,0.0,0.0,0.0,0.0,1752889555.7222404
2030,P0203,Inner Mongolia,1350.0,-1131444066.7484999,668384459.9999999,-0.0,0.0,0.0,0.0,0.0,0.0,-463059606.7485
2030,P0204,Heilongjiang,700.0,-36178876.69199986,239599080.00000003,-0.0,0.0,0.0,0.0,0.0,0.0,203420203.30800018
2030,P0205,Inner Mongolia,600.0,-183403855.97091,108343214.51462689,-0.0,863032982.4026207,0.0,0.0,1067272781.7979344,0.0,1855245122.744272
2030,P0206,Hubei,1050.0,299212883.05440015,387408671.99999994,-0.0,0.0,0.0,0.0,0.0,0.0,686621555.0544001
2030,P0207,Xinjiang,9000.0,-8365443614.783999,4677030720.0,-0.0,0.0,0.0,0.0,0.0,0.0,-3688412894.7839994
2030,P0208,Sichuan,330.0,114001433.82672003,162243100.79999995,-0.0,0.0,0.0,0.0,0.0,0.0,276244534.62671995
2030,P0209,Zhejiang,2400.0,235314370.91520026,1307216448.0,-0.0,0.0,0.0,0.0,0.0,0.0,1542530818.9152002
2030,P0210,Anhui,1320.0,314326941.76224023,660103804.8,-0.0,0.0,0.0,0.0,0.0,0.0,974430746.5622401
2030,P0211,Henan,1260.0,0.0,0.0,-0.0,2040973200.0,0.0,0.0,3969000000.0,0.0,6009973200.0
2030,P0212,Gansu,2650.0,-31732994.007999487,1092480096.0,-0.0,0.0,0.0,0.0,0.0,0.0,1060747101.9920005
2030,P0213,Hubei,3670.0,1045820267.4377605,1354085548.8,-0.0,0.0,0.0,0.0,0.0,0.0,2399905816.2377605
2030,P0214,Xinjiang,965.0,-896961454.2518399,501481627.1999999,-0.0,0.0,0.0,0.0,0.0,0.0,-395479827.05183995
2030,P0215,Hebei,1320.0,0.0,0.0,-0.0,2646329400.0000005,0.0,0.0,2310000000.0,0.0,4956329400.0
2030,P0216,Heilongjiang,100.0,-5168410.95599998,34228440.0,-0.0,0.0,0.0,0.0,0.0,0.0,29060029.044000022
2030,P0217,Hainan,300.0,-48298088.89919995,148512168.0,-0.0,0.0,0.0,0.0,0.0,0.0,100214079.10080005
2030,P0218,Hubei,1980.0,564230008.0454402,730542067.1999998,-0.0,0.0,0.0,0.0,0.0,0.0,1294772075.24544
2030,P0219,Jilin,810.0,44415780.76116008,288640065.59999996,-0.0,0.0,0.0,0.0,0.0,0.0,333055846.36116004
2030,P0220,Hebei,1320.0,-329326167.04416,578664028.8,-0.0,0.0,0.0,0.0,0.0,0.0,249337861.75583994
2030,P0221,Gansu,4130.0,-49455571.7935992,1702619923.2,-0.0,0.0,0.0,0.0,0.0,0.0,1653164351.406401
2030,P0222,Jiangxi,4000.0,1775798201.088001,1876055039.9999998,-0.0,0.0,0.0,0.0,0.0,0.0,3651853241.088001
2030,P0223,Anhui,6425.0,1529962576.380601,3213005262.0000005,-0.0,0.0,0.0,0.0,0.0,0.0,4742967838.380602
2030,P0224,Xinjiang,1100.0,-1022443108.4735997,571637087.9999998,-0.0,0.0,0.0,0.0,0.0,0.0,-450806020.4735999
2030,P0225,Heilongjiang,1200.0,-62020931.47199976,410741280.0,-0.0,0.0,0.0,0.0,0.0,0.0,348720348.52800024
2030,P0226,Anhui,2640.0,628653883.5244805,1320207609.6,-0.0,0.0,0.0,0.0,0.0,0.0,1948861493.1244802
2030,P0227,Shanxi,3700.0,-1340981544.0579998,1685508360.0,-0.0,0.0,0.0,0.0,0.0,0.0,344526815.94200015
2030,P0228,Liaoning,1200.0,5311499.100000033,366130655.9999999,-0.0,0.0,0.0,0.0,0.0,0.0,371442155.0999999
2030,P0229,Henan,3730.0,0.0,0.0,-0.0,6041928600.0,0.0,0.0,11096750000.0,0.0,17138678600.0
2030,P0230,Inner Mongolia,1320.0,-1106300865.2652001,653531472.0,-0.0,0.0,0.0,0.0,0.0,0.0,-452769393.26520014
2030,P0231,Fujian,1200.0,140597312.63999996,605301695.9999999,-0.0,0.0,0.0,0.0,0.0,0.0,745899008.6399999
2030,P0232,Inner Mongolia,1200.0,-1005728059.3319999,594119519.9999999,-0.0,0.0,0.0,0.0,0.0,0.0,-411608539.332
2030,P0233,Xinjiang,600.0,0.0,0.0,-0.0,1425923999.9999998,0.0,0.0,2100000000.0,0.0,3525924000.0
2030,P0234,Hunan,60.0,22436443.740600012,23066337.599999998,-0.0,0.0,0.0,0.0,0.0,0.0,45502781.340600014
2030,P0235,Inner Mongolia,2640.0,-2212601730.5304003,1307062944.0,-0.0,0.0,0.0,0.0,0.0,0.0,-905538786.5304003
2030,P0236,Henan,5330.0,0.0,0.0,-0.0,8633640600.0,0.0,0.0,14924000000.0,0.0,23557640600.0
2030,P0237,Jiangxi,2700.0,1198663785.7344007,1266337152.0,-0.0,0.0,0.0,0.0,0.0,0.0,2465000937.7344007
2030,P0238,Sichuan,2000.0,690917780.7680001,983291519.9999998,-0.0,0.0,0.0,0.0,0.0,0.0,1674209300.768
2030,P0239,Guizhou,3720.0,-413747567.1067197,1737666460.8000002,-0.0,0.0,0.0,0.0,0.0,0.0,1323918893.6932805
2030,P0240,Guangdong,2000.0,345109970.53999996,950878559.9999999,-0.0,0.0,0.0,0.0,0.0,0.0,1295988530.54
2030,P0241,Guangxi,700.0,303465854.43720007,329701008.0,-0.0,0.0,0.0,0.0,0.0,0.0,633166862.4372001
2030,P0242,Xinjiang,5280.0,-856638079.771307,478937256.5887139,-0.0,10357869355.844294,0.0,0.0,15254337290.95872,0.0,25234505823.620422
2030,P0243,Anhui,24460.0,5824573481.442724,12231923534.4,-0.0,0.0,0.0,0.0,0.0,0.0,18056497015.842724
2030,P0244,Gansu,3610.0,-43228720.13919931,1488246470.4,-0.0,0.0,0.0,0.0,0.0,0.0,1445017750.2608008
2030,P0245,Hubei,1933.0,550836669.4706242,713200917.1199999,-0.0,0.0,0.0,0.0,0.0,0.0,1264037586.590624
2030,P0246,Inner Mongolia,8170.0,-6847331870.6187,4044963732.0,-0.0,0.0,0.0,0.0,0.0,0.0,-2802368138.6187
2030,P0247,Shandong,2060.0,320841704.84459996,884012414.3999999,-0.0,0.0,0.0,0.0,0.0,0.0,1204854119.2445998
2030,P0248,Henan,8390.0,0.0,0.0,-0.0,13590289800.0,0.0,0.0,29365000000.0,0.0,42955289800.0
2030,P0249,Gansu,600.0,-7184828.831999886,247353984.0,-0.0,0.0,0.0,0.0,0.0,0.0,240169155.1680001
2030,P0250,Gansu,600.0,-7184828.831999886,247353984.0,-0.0,0.0,0.0,0.0,0.0,0.0,240169155.1680001
2030,P0251,Hebei,1360.0,0.0,0.0,-0.0,2726521200.0000005,0.0,0.0,4760000000.0,0.0,7486521200.0
2030,P0252,Guangxi,2090.0,906062336.8196402,984393009.5999999,-0.0,0.0,0.0,0.0,0.0,0.0,1890455346.41964
2030,P0253,Guangxi,1140.0,494215820.08344007,536941641.5999999,-0.0,0.0,0.0,0.0,0.0,0.0,1031157461.68344
2030,P0254,Jiangxi,1320.0,586013406.3590403,619098163.1999998,-0.0,0.0,0.0,0.0,0.0,0.0,1205111569.55904
2030,P0255,Anhui,4920.0,1171582237.4774406,2460386908.7999997,-0.0,0.0,0.0,0.0,0.0,0.0,3631969146.27744
2030,P0256,Heilongjiang,56.0,-2894310.1353599885,19167926.4,-0.0,0.0,0.0,0.0,0.0,0.0,16273616.26464001
2030,P0257,Inner Mongolia,72.0,-60343683.55992,35647171.199999996,-0.0,0.0,0.0,0.0,0.0,0.0,-24696512.359920003
2030,P0258,Xinjiang,700.0,-650645614.4831998,363769055.99999994,-0.0,0.0,0.0,0.0,0.0,0.0,-286876558.4831999
2030,P0259,Guizhou,4380.0,-487154393.5288796,2045962123.2,-0.0,0.0,0.0,0.0,0.0,0.0,1558807729.6711204
2030,P0260,Ningxia,2660.0,-1125819783.4021602,1301103249.6,-0.0,0.0,0.0,0.0,0.0,0.0,175283466.19783974
2030,P0261,Xinjiang,700.0,0.0,0.0,-0.0,1663577999.9999998,0.0,0.0,2450000000.0,0.0,4113578000.0
2030,P0262,Guizhou,1200.0,-133466957.1311999,560537568.0,-0.0,0.0,0.0,0.0,0.0,0.0,427070610.8688001
2030,P0263,Shaanxi,700.0,-172446813.55999988,312577440.0,-0.0,0.0,0.0,0.0,0.0,0.0,140130626.44000012
2030,P0264,Sichuan,1200.0,414550668.4608001,589974911.9999998,-0.0,0.0,0.0,0.0,0.0,0.0,1004525580.4607999
2030,P0265,Gansu,700.0,-6944609.906547583,239083904.13697177,-0.0,226352487.17848256,0.0,0.0,420211797.0024659,0.0,878703578.4113727
2030,P0266,Heilongjiang,270.0,-13954709.581199946,92416788.0,-0.0,0.0,0.0,0.0,0.0,0.0,78462078.41880006
2030,P0267,Hubei,4660.0,1327935271.4604807,1719356582.4,-0.0,0.0,0.0,0.0,0.0,0.0,3047291853.860481
2030,P0268,Inner Mongolia,90.0,-75429604.4499,44558963.99999999,-0.0,0.0,0.0,0.0,0.0,0.0,-30870640.44990001
2030,P0269,Guangdong,15976.0,2756738444.67352,7595617937.280001,-0.0,0.0,0.0,0.0,0.0,0.0,10352356381.953522
2030,P0270,Xinjiang,600.0,-557696240.9855999,311802047.99999994,-0.0,0.0,0.0,0.0,0.0,0.0,-245894192.98559994
2030,P0271,Guangdong,600.0,103532991.16199999,285263568.0,-0.0,0.0,0.0,0.0,0.0,0.0,388796559.162
2030,P0272,Qinghai,1320.0,-159156129.50159985,532151135.9999999,-0.0,0.0,0.0,0.0,0.0,0.0,372995006.49840003
2030,P0273,Fujian,600.0,70298656.31999998,302650847.99999994,-0.0,0.0,0.0,0.0,0.0,0.0,372949504.31999993
2030,P0274,Hebei,1400.0,0.0,0.0,-0.0,2806713000.0,0.0,0.0,4900000000.0,0.0,7706713000.0
2030,P0275,Gansu,3620.0,-43348467.286399305,1492369036.8,-0.0,0.0,0.0,0.0,0.0,0.0,1449020569.5136006
2030,P0276,Xinjiang,600.0,0.0,0.0,-0.0,1425923999.9999998,0.0,0.0,2100000000.0,0.0,3525924000.0
2030,P0277,Guangxi,700.0,303465854.43720007,329701008.0,-0.0,0.0,0.0,0.0,0.0,0.0,633166862.4372001
2030,P0278,Inner Mongolia,1620.0,-1357732880.0982,802061352.0,-0.0,0.0,0.0,0.0,0.0,0.0,-555671528.0982001
2030,P0279,Guangxi,1200.0,520227179.03520006,565201727.9999999,-0.0,0.0,0.0,0.0,0.0,0.0,1085428907.0351999
2030,P0280,Anhui,1320.0,314326941.76224023,660103804.8,-0.0,0.0,0.0,0.0,0.0,0.0,974430746.5622401
2030,P0281,Xinjiang,2020.0,-1877577344.6515195,1049733561.5999997,-0.0,0.0,0.0,0.0,0.0,0.0,-827843783.0515199
2030,P0282,Shandong,810.0,126156204.3321,347597114.40000004,-0.0,0.0,0.0,0.0,0.0,0.0,473753318.7321
2030,P0283,Hubei,1320.0,376153338.69696015,487028044.79999995,-0.0,0.0,0.0,0.0,0.0,0.0,863181383.4969602
2030,P0284,Shandong,8800.0,1370585923.608,3776363712.0000005,-0.0,0.0,0.0,0.0,0.0,0.0,5146949635.608001
2030,P0285,Yunnan,1200.0,-356531543.07839996,529258175.9999999,-0.0,0.0,0.0,0.0,0.0,0.0,172726632.92159992
2030,P0286,Jiangxi,1500.0,665924325.4080005,703520640.0,-0.0,0.0,0.0,0.0,0.0,0.0,1369444965.4080005
2030,P0287,Gansu,1320.0,0.0,0.0,-0.0,2488622400.0,0.0,0.0,4389000000.0,0.0,6877622400.0
2030,P0288,Inner Mongolia,1320.0,-1106300865.2652001,653531472.0,-0.0,0.0,0.0,0.0,0.0,0.0,-452769393.26520014
2030,P0289,Inner Mongolia,510.0,-427434425.21610004,252500795.99999997,-0.0,0.0,0.0,0.0,0.0,0.0,-174933629.21610007
2030,P0290,Guizhou,1860.0,-206873783.55335984,868833230.4000001,-0.0,0.0,0.0,0.0,0.0,0.0,661959446.8466402
2030,P0291,Shanxi,970.0,-351554621.00979996,441876516.0,-0.0,0.0,0.0,0.0,0.0,0.0,90321894.99020004
2030,P0292,Chongqing,600.0,129850830.29280014,283049568.0,-0.0,0.0,0.0,0.0,0.0,0.0,412900398.2928001
2030,P0293,Chongqing,200.0,43283610.09760005,94349856.0,-0.0,0.0,0.0,0.0,0.0,0.0,137633466.09760004
2030,P0294,Jiangxi,1320.0,586013406.3590403,619098163.1999998,-0.0,0.0,0.0,0.0,0.0,0.0,1205111569.55904
2030,P0295,Guangdong,3075.0,530606579.70524997,1461975785.9999998,-0.0,0.0,0.0,0.0,0.0,0.0,1992582365.7052498
2030,P0296,Henan,3940.0,579436263.9985604,1395550521.6000001,-0.0,0.0,0.0,0.0,0.0,0.0,1974986785.5985606
2030,P0297,Jiangxi,2000.0,887899100.5440005,938027519.9999999,-0.0,0.0,0.0,0.0,0.0,0.0,1825926620.5440004
2030,P0298,Xinjiang,1000.0,0.0,0.0,-0.0,2376540000.0,0.0,0.0,3500000000.0,0.0,5876540000.0
2030,P0299,Liaoning,520.0,2301649.6100000143,158656617.59999996,-0.0,0.0,0.0,0.0,0.0,0.0,160958267.20999998
2030,P0300,Guangxi,1320.0,572249896.9387201,621721900.8,-0.0,0.0,0.0,0.0,0.0,0.0,1193971797.73872
2030,P0301,Jiangsu,64.0,9262538.732160015,31585612.8,-0.0,0.0,0.0,0.0,0.0,0.0,40848151.532160014
2030,P0302,Xinjiang,700.0,-650645614.4831998,363769055.99999994,-0.0,0.0,0.0,0.0,0.0,0.0,-286876558.4831999
2030,P0303,Henan,1300.0,191184554.11120015,460460831.99999994,-0.0,0.0,0.0,0.0,0.0,0.0,651645386.1112001
2030,P0304,Inner Mongolia,100.0,-83810671.611,49509960.0,-0.0,0.0,0.0,0.0,0.0,0.0,-34300711.611
2030,P0305,Inner Mongolia,300.0,-251432014.83299997,148529879.99999997,-0.0,0.0,0.0,0.0,0.0,0.0,-102902134.833
2030,P0306,Inner Mongolia,660.0,-553150432.6326001,326765736.0,-0.0,0.0,0.0,0.0,0.0,0.0,-226384696.63260007
2030,P0307,Hunan,4000.0,1495762916.0400007,1537755840.0,-0.0,0.0,0.0,0.0,0.0,0.0,3033518756.040001
2030,P0308,Qinghai,270.0,-32554662.85259997,108849095.99999999,-0.0,0.0,0.0,0.0,0.0,0.0,76294433.14740002
2030,P0309,Inner Mongolia,2000.0,-1676213432.22,990199199.9999999,-0.0,0.0,0.0,0.0,0.0,0.0,-686014232.2200001
2030,P0310,Shaanxi,2640.0,-650370839.7119995,1178863487.9999998,-0.0,0.0,0.0,0.0,0.0,0.0,528492648.2880002
2030,P0311,Hunan,1320.0,493601762.29320025,507459427.1999999,-0.0,0.0,0.0,0.0,0.0,0.0,1001061189.4932002
2030,P0312,Shanxi,600.0,0.0,0.0,-0.0,1249965000.0,0.0,0.0,2100000000.0,0.0,3349965000.0
2030,P0313,Xinjiang,800.0,-743594987.9807998,415736063.9999999,-0.0,0.0,0.0,0.0,0.0,0.0,-327858923.9807999
2030,P0314,Inner Mongolia,1200.0,-1005728059.3319999,594119519.9999999,-0.0,0.0,0.0,0.0,0.0,0.0,-411608539.332
2030,P0315,Jiangxi,4820.0,2139836832.3110414,2260646323.2,-0.0,0.0,0.0,0.0,0.0,0.0,4400483155.511042
2030,P0316,Chongqing,1200.0,259701660.5856003,566099136.0,-0.0,0.0,0.0,0.0,0.0,0.0,825800796.5856003
2030,P0317,Jiangsu,1370.0,198276219.7353003,676129523.9999999,-0.0,0.0,0.0,0.0,0.0,0.0,874405743.7353002
2030,P0318,Jilin,550.0,30158863.479800057,195990168.00000003,-0.0,0.0,0.0,0.0,0.0,0.0,226149031.47980008
2030,P0319,Inner Mongolia,700.0,0.0,0.0,-0.0,1584922499.9999998,0.0,0.0,2450000000.0,0.0,4034922500.0
2030,P0320,Guizhou,300.0,-33366739.282799974,140134392.0,-0.0,0.0,0.0,0.0,0.0,0.0,106767652.71720003
2030,P0321,Jilin,660.0,36190636.175760075,235188201.60000002,-0.0,0.0,0.0,0.0,0.0,0.0,271378837.7757601
2030,P0322,Xinjiang,700.0,0.0,0.0,-0.0,1663577999.9999998,0.0,0.0,2450000000.0,0.0,4113578000.0
2030,P0323,Henan,4000.0,588260166.4960004,1416802560.0,-0.0,0.0,0.0,0.0,0.0,0.0,2005062726.4960003
2030,P0324,Shaanxi,3180.0,-783401238.7439995,1419994655.9999998,-0.0,0.0,0.0,0.0,0.0,0.0,636593417.2560003
2030,P0325,Zhejiang,999.0,97949606.8934521,544128846.48,-0.0,0.0,0.0,0.0,0.0,0.0,642078453.3734521
2030,P0326,Zhejiang,6855.0,672116671.9265406,3733736979.6,-0.0,0.0,0.0,0.0,0.0,0.0,4405853651.526541
2030,P0327,Chongqing,2860.0,618955624.3956807,1349202940.8,-0.0,0.0,0.0,0.0,0.0,0.0,1968158565.1956806
2030,P0328,Inner Mongolia,2370.0,-1986312917.1807,1173386052.0,-0.0,0.0,0.0,0.0,0.0,0.0,-812926865.1807001
2030,P0329,Xinjiang,100.0,0.0,0.0,-0.0,237653999.99999994,0.0,0.0,350000000.0,0.0,587654000.0
2030,P0330,Gansu,6000.0,-13019241.242227605,448216828.1559089,-0.0,9262147920.01871,0.0,0.0,17194703137.96357,0.0,26892048644.895958
2030,P0331,Guangdong,5260.0,907639222.5201999,2500810612.7999997,-0.0,0.0,0.0,0.0,0.0,0.0,3408449835.3201995
2030,P0332,Hebei,3840.0,-958039758.6739199,1683386265.6,-0.0,0.0,0.0,0.0,0.0,0.0,725346506.92608
2030,P0333,Guangdong,3244.2,559802883.212934,1542420112.1759999,-0.0,0.0,0.0,0.0,0.0,0.0,2102222995.388934
2030,P0334,Hebei,700.0,-174642664.34159997,306867288.0,-0.0,0.0,0.0,0.0,0.0,0.0,132224623.65840003
2030,P0335,Hubei,4600.0,1310837392.4288003,1697218943.9999995,-0.0,0.0,0.0,0.0,0.0,0.0,3008056336.4287996
2030,P0336,Inner Mongolia,2000.0,-1676213432.22,990199199.9999999,-0.0,0.0,0.0,0.0,0.0,0.0,-686014232.2200001
2030,P0337,Guizhou,700.0,-77855724.99319993,326980248.0,-0.0,0.0,0.0,0.0,0.0,0.0,249124523.00680006
2030,P0338,Guangxi,600.0,260113589.51760003,282600863.99999994,-0.0,0.0,0.0,0.0,0.0,0.0,542714453.5175999
2030,P0339,Hainan,660.0,-106255795.57823987,326726769.59999996,-0.0,0.0,0.0,0.0,0.0,0.0,220470974.0217601
2030,P0340,Inner Mongolia,3740.0,-3134519118.2514,1851672504.0,-0.0,0.0,0.0,0.0,0.0,0.0,-1282846614.2514
2030,P0341,Hebei,100.0,0.0,0.0,-0.0,200479500.0,0.0,0.0,350000000.0,0.0,550479500.0
2030,P0342,Zhejiang,5260.0,515730662.92248046,2864982715.2,-0.0,0.0,0.0,0.0,0.0,0.0,3380713378.1224804
2030,P0343,Hunan,3920.0,1465847657.7192006,1507000723.2,-0.0,0.0,0.0,0.0,0.0,0.0,2972848380.919201
2030,P0344,Xinjiang,3960.0,-766541361.5471501,428565137.8691665,-0.0,7451196854.866614,0.0,0.0,10973595644.101576,0.0,18086816275.290207
2030,P0345,Gansu,2000.0,-23949429.439999614,824513280.0,-0.0,0.0,0.0,0.0,0.0,0.0,800563850.5600004
2030,P0346,Inner Mongolia,5260.0,-4408441326.738601,2604223895.9999995,-0.0,0.0,0.0,0.0,0.0,0.0,-1804217430.7386012
2030,P0347,Ningxia,760.0,-321662795.25776005,371743785.59999996,-0.0,0.0,0.0,0.0,0.0,0.0,50080990.34223992
2030,P0348,Jiangsu,5130.0,742450370.2497011,2531784275.9999995,-0.0,0.0,0.0,0.0,0.0,0.0,3274234646.2497005
2030,P0349,Guangdong,1300.0,224321480.85099998,618071063.9999999,-0.0,0.0,0.0,0.0,0.0,0.0,842392544.8509998
2030,P0350,Guangxi,130.0,56357944.39548001,61230187.2,-0.0,0.0,0.0,0.0,0.0,0.0,117588131.59548001
2040,P0001,Fujian,12260.0,-1148313237.163374,1082141669.533563,-10864536790.646887,950650138.0153956,1145122177.7341814,1005329554.9355267,0.0,20106591098.710537,12276984611.118946
2040,P0002,Shanxi,14030.0,-7682932444.0901985,26630272849.999992,-0.0,0.0,0.0,0.0,0.0,0.0,18947340405.909794
2040,P0003,Chongqing,6765.0,191771230.28401992,-14839935038.279995,-13618935112.284029,1118930323.4999998,1339740043.445753,1180883225.7743118,0.0,23617664515.486237,-1009880812.0737038
2040,P0004,Inner Mongolia,2160.0,-465626392.73895687,924166278.4547206,-0.0,3876289157.793599,0.0,0.0,0.0,0.0,4334829043.509363
2040,P0005,Sichuan,3765.0,630424114.6401246,-7565603961.349237,-8418362758.640125,648994887.0000001,712347336.2279394,565315527.2146597,0.0,11306310544.293192,-2120574310.6134472
2040,P0006,Hebei,5140.0,0.0,0.0,-0.0,10304646300.0,0.0,0.0,7976938471.347729,0.0,18281584771.34773
2040,P0007,Hebei,8696.0,-2034514574.2003505,8688993011.544722,-0.0,7896997673.182621,0.0,0.0,6893346166.6003685,0.0,21444822277.12736
2040,P0008,Shandong,2736.0,-58771090.385184996,-5723666422.084084,-4847458104.658994,408823130.60657585,510922084.2310585,508185998.63486594,0.0,10163719972.697319,961755569.0415573
2040,P0009,Inner Mongolia,21340.0,-604753146.5034895,1200302374.4000814,-0.0,47000089454.92674,0.0,0.0,29061413202.11443,0.0,76657051884.93776
2040,P0010,Yunnan,3720.0,-1956196806.9658794,1394679253.52168,-3367317069.365211,398163818.52280384,0.0,0.0,0.0,0.0,-3530670804.2866063
2040,P0011,Guangdong,8530.0,-176682015.64690012,16897904409.999998,-0.0,0.0,0.0,0.0,0.0,0.0,16721222394.353098
2040,P0012,Liaoning,5600.0,-770235274.8299998,-1067881079.9999985,-6418427605.170001,599055240.0,0.0,0.0,0.0,0.0,-7657488719.999999
2040,P0013,Shanxi,17570.0,-1883361133.2963288,6528030959.49982,-0.0,29438229721.280685,0.0,0.0,17310163760.69834,0.0,51393063308.18252
2040,P0014,Guangdong,2460.0,-58597118.67117003,-5774804354.699998,-4862199429.32883,410066378.99999994,512475819.8512586,460084373.6783033,0.0,9201687473.566067,-111286856.60436821
2040,P0015,Hunan,2530.0,633295529.0545955,-607894105.4999998,-4725460727.054594,341013766.49999994,0.0,0.0,0.0,0.0,-4359045536.999998
2040,P0016,Hubei,8480.0,1316331303.949057,-1955491391.999999,-14480127015.949053,1096982975.9999998,0.0,0.0,0.0,0.0,-14022304127.999994
2040,P0017,Jiangsu,9320.0,-559919358.3168972,-1734771400.0003016,-9359550682.926968,804878048.7804995,986496641.9805021,869959689.0280899,0.0,17399193780.561794,8406286719.106718
2040,P0018,Jilin,1060.0,-109736455.66931587,-236079065.99999985,-1479478720.330684,132434597.99999999,0.0,0.0,0.0,0.0,-1692859643.9999995
2040,P0019,Hunan,3870.0,968716876.4590058,-929861734.4999993,-7228273918.459004,521629753.5,0.0,0.0,0.0,0.0,-6667789022.999998
2040,P0020,Zhejiang,12197.0,-1504674921.4780428,27680762180.999996,-0.0,0.0,0.0,0.0,0.0,0.0,26176087259.521954
2040,P0021,Shandong,10375.0,0.0,0.0,-0.0,20360885625.000004,0.0,0.0,0.0,0.0,20360885625.000004
2040,P0022,Shandong,3645.0,-78367279.58138256,-977616884.2499998,-6502663453.418618,548419227.75,0.0,0.0,0.0,0.0,-7010228389.5
2040,P0023,Henan,5560.0,19700180.14385674,-1230847223.9999998,-8305403444.143856,690475272.0,0.0,0.0,0.0,0.0,-8826075216.0
2040,P0024,Chongqing,1229.0,34839148.85721516,-362362415.6999998,-2474156874.057215,203276477.10000002,0.0,0.0,0.0,0.0,-2598403663.7999997
2040,P0025,Jilin,4300.0,-445157320.16797966,-6196644790.160022,-6001658959.832023,537234690.0000001,501520059.4710671,637598395.8683326,0.0,12751967917.366653,1784859992.54603
2040,P0026,Hainan,2100.0,-867095552.1670722,-4495164591.817317,-3263287727.785206,339926938.0674191,343950526.50856066,366288411.1366304,0.0,7325768222.732609,-249613773.324378
2040,P0027,Shandong,13365.0,-287346691.79840267,-3584595242.25,-23843099329.201595,2010870501.75,0.0,0.0,0.0,0.0,-25704170761.5
2040,P0028,Hunan,5740.0,1436804876.1950111,-1379174768.9999988,-10721005760.19501,773683407.0,0.0,0.0,0.0,0.0,-9889692245.999996
2040,P0029,Jilin,120.0,-12422994.981431985,-211134862.79999992,-167488157.01856798,14992595.999999998,17653251.749757066,22443140.17942943,0.0,448862803.5885886,112905776.71777517
2040,P0030,Jilin,4481.0,-463895337.5983061,-7884127668.3899975,-6254286930.001694,559848522.3,659201842.4221785,838064259.5335273,0.0,16761285190.670546,4216089878.9362526
2040,P0031,Shanxi,4900.0,-3021670015.3306956,-7784958518.428964,-5301444980.059114,657982953.2129254,558772300.8982304,770484372.9345801,0.0,15409687458.6916,1288853571.918562
2040,P0032,Henan,2370.0,8397378.946212316,-524659697.99999976,-3540252906.946212,294321293.99999994,0.0,0.0,0.0,0.0,-3762193931.999999
2040,P0033,Henan,6270.0,0.0,0.0,-0.0,10156271400.0,0.0,0.0,0.0,0.0,10156271400.0
2040,P0034,Shandong,4220.0,0.0,0.0,-0.0,8281728900.0,0.0,0.0,0.0,0.0,8281728900.0
2040,P0035,Anhui,9120.0,317763335.81184125,19002988320.0,-0.0,0.0,0.0,0.0,0.0,0.0,19320751655.81184
2040,P0036,Jiangsu,27922.0,-1560639663.7598138,57417544310.0,-0.0,0.0,0.0,0.0,0.0,0.0,55856904646.24019
2040,P0037,Inner Mongolia,8340.0,0.0,0.0,-0.0,18883219500.0,0.0,0.0,0.0,0.0,18883219500.0
2040,P0038,Sichuan,4920.0,823821153.7926725,-11943304624.799997,-11000888385.79267,848088935.9999998,1159493635.8625472,920168747.3566066,0.0,18403374947.132133,-789245590.4487076
2040,P0039,Heilongjiang,2150.0,-646772626.8279598,-3186905461.499999,-2449440223.172039,258017737.5,258170999.522333,402106261.5481106,0.0,8042125230.962213,2677301918.0326586
2040,P0040,Shanxi,6350.0,-3477307271.5589995,12052903249.999998,-0.0,0.0,0.0,0.0,0.0,0.0,8575595978.440998
2040,P0041,Hebei,3890.0,0.0,0.0,-0.0,7798652550.0,0.0,0.0,0.0,0.0,7798652550.0
2040,P0042,Shandong,6320.0,-135879617.8201201,-1695072347.9999983,-11274851310.179882,950894244.0,0.0,0.0,0.0,0.0,-12154909032.0
2040,P0043,Anhui,14100.0,564970667.7838821,-4406943014.999996,-30231221207.78388,2472187545.0,0.0,0.0,0.0,0.0,-31601006009.999992
2040,P0044,Heilongjiang,2955.0,-888936331.2914519,-4380142157.549997,-3366556213.7085485,354624378.75000006,354835024.924881,552662326.9184498,0.0,11053246538.368994,3679733566.412325
2040,P0045,Henan,13910.0,2185716.038296131,1046970086.3394387,-0.0,21382582690.603054,0.0,0.0,16170725016.35289,0.0,38602463509.33368
2040,P0046,Zhejiang,18468.8,-2392101629.279515,27480536082.495007,-0.0,0.0,1392342653.8839073,919413532.0203218,0.0,18388270640.406437,45788461279.52615
2040,P0047,Liaoning,3280.0,-451137803.82899976,-4941238311.599998,-3759364740.1709995,350875211.9999999,396237043.61402327,613445831.5710711,0.0,12268916631.421421,4477733863.006517
2040,P0048,Shanxi,1400.0,-881647985.3873999,-3148939604.9999995,-1801610214.6125998,223604849.99999997,189889716.620168,261836635.4266767,0.0,5236732708.533533,79866105.58037758
2040,P0049,Xinjiang,1360.0,-87289116.38500004,165687306.42566055,-0.0,3050242478.313299,0.0,0.0,121258472.2517001,0.0,3249899140.6056595
2040,P0050,Henan,1960.0,6944667.820496262,-433895783.9999997,-2927804091.8204956,243404951.99999997,0.0,0.0,0.0,0.0,-3111350255.999999
2040,P0051,Hebei,8180.0,-1100476371.5203786,4699908087.544147,-0.0,11240787394.158863,0.0,0.0,4906082152.982727,0.0,19746301263.16536
2040,P0052,Jiangsu,27370.0,-1529786820.324694,56282436350.0,-0.0,0.0,0.0,0.0,0.0,0.0,54752649529.67531
2040,P0053,Heilongjiang,2800.0,-614453632.7831994,-4732081830.0,-3417823567.2168007,336023100.00000006,360238603.9846508,523673270.8533534,0.0,10473465417.067066,2929041361.9050703
2040,P0054,Hebei,4420.0,0.0,0.0,-0.0,8861193900.0,0.0,0.0,0.0,0.0,8861193900.0
2040,P0055,Shanxi,3700.0,-2330069675.6667,-8322197527.499998,-4761398424.3333,590955675.0,501851393.9247298,691996822.1990741,0.0,13839936443.981482,211074707.60528755
2040,P0056,Jiangxi,4020.0,1170976082.907458,-8232474970.891005,-9103600274.90746,661052016.0000005,832440683.2181592,652270796.8708649,0.0,13045415937.417297,-973919729.3846855
2040,P0057,Gansu,2920.0,-602958164.0297593,-5943710107.2,-4461765483.970241,422060303.99999994,470270082.01046324,546116411.0327828,0.0,10922328220.655655,1352341262.4989014
2040,P0058,Jiangsu,4515.0,-278323757.43666714,1959897091.871932,-6232223365.329788,535942370.7166881,0.0,0.0,0.0,0.0,-4014707660.1778355
2040,P0059,Inner Mongolia,20820.0,0.0,0.0,-0.0,47140123500.0,0.0,0.0,4524163590.422816,0.0,51664287090.42281
2040,P0060,Shandong,4962.0,-106379208.73641372,-1108313989.075068,-8659117964.461884,730289491.5420781,0.0,0.0,0.0,0.0,-9143521670.731287
2040,P0061,Shandong,3920.0,0.0,0.0,-0.0,7692980400.000002,0.0,0.0,0.0,0.0,7692980400.000002
2040,P0062,Xinjiang,970.0,-635210917.0479611,1205721746.496415,-0.0,981890663.6014956,0.0,0.0,0.0,0.0,1552401493.0499494
2040,P0063,Ningxia,1760.0,-1094854675.33376,3587001440.0,-0.0,0.0,0.0,0.0,0.0,0.0,2492146764.6662397
2040,P0064,Shandong,4180.0,0.0,0.0,-0.0,8203229100.000002,0.0,0.0,0.0,0.0,8203229100.000002
2040,P0065,Xinjiang,3375.0,-440336049.711076,835821199.9415026,-0.0,7103457768.356886,0.0,0.0,0.0,0.0,7498942918.587313
2040,P0066,Fujian,8826.0,-775660413.5328002,18549974891.999996,-0.0,0.0,0.0,0.0,0.0,0.0,17774314478.467197
2040,P0067,Hebei,7680.0,-3630217825.2277746,-7467728032.309646,-7284866583.333046,827828507.5343895,767824937.883306,1007317089.8381001,0.0,20146341796.762,4366499891.147329
2040,P0068,Zhejiang,4045.0,-556214185.2620665,-6149645521.094401,-6645737106.1537285,590359325.010054,700460690.9886048,578173982.6640096,0.0,11563479653.280191,80876839.43266296
2040,P0069,Shaanxi,4000.0,-1711490363.1999993,7442320000.0,-0.0,0.0,0.0,0.0,0.0,0.0,5730829636.800001
2040,P0070,Shandong,5920.0,-127279642.00872009,-1587789287.9999998,-10561253125.991282,890711064.0,0.0,0.0,0.0,0.0,-11385610992.000002
2040,P0071,Guizhou,5000.0,-1505532321.3799996,9731555000.0,-0.0,0.0,0.0,0.0,0.0,0.0,8226022678.620001
2040,P0072,Heilongjiang,1600.0,-351116361.59039956,-2704046759.9999995,-1953042038.4095998,192013199.99999997,205850630.8483718,299241869.0590591,0.0,5984837381.181181,1673737921.0886126
2040,P0073,Liaoning,2045.0,-281273417.32631236,-389967287.24999976,-2343872223.673687,218762136.74999997,0.0,0.0,0.0,0.0,-2796350791.499999
2040,P0074,Shaanxi,8130.0,-401115133.93872106,1744226697.2706068,-0.0,14687877844.459091,0.0,0.0,13845631874.33708,0.0,29876621282.12806
2040,P0075,Henan,1980.0,7015531.777848264,-438323291.99999976,-2957679643.7778473,245888675.99999997,0.0,0.0,0.0,0.0,-3143098727.999999
2040,P0076,Guangxi,2840.0,790563548.2741363,-836027555.9999994,-6418456364.274137,468991068.00000006,0.0,0.0,0.0,0.0,-5994929304.0
2040,P0077,Xinjiang,7820.0,-222780700.09002554,422869833.60828143,-0.0,18120417372.868958,0.0,0.0,127693478.35525739,0.0,18448199984.742474
2040,P0078,Heilongjiang,5210.0,-1143322652.4287388,-8805052262.249998,-6359593137.57126,625242982.5,670301116.7000108,974406336.1235611,0.0,19488126722.471222,5450109105.544796
2040,P0079,Guangxi,8880.0,2343061639.7491236,-5434878718.892985,-12049325792.684744,880433838.2115399,1269998938.548972,997132496.5818771,0.0,19942649931.637543,7949072333.151325
2040,P0080,Shandong,4950.0,-15178150.309861321,1451641425.515673,-0.0,8121085270.775483,0.0,0.0,7039450034.691711,0.0,16596998580.673006
2040,P0081,Gansu,2100.0,-104343270.03638877,998192661.2624754,-0.0,2863594688.8582587,0.0,0.0,262451111.81875628,0.0,4019895191.9031014
2040,P0082,Liaoning,2500.0,-343855033.4062498,-476732624.99999946,-2865369466.59375,267435374.99999994,0.0,0.0,0.0,0.0,-3418521749.999999
2040,P0083,Shaanxi,12790.0,-5472490436.331998,23796818200.0,-0.0,0.0,0.0,0.0,0.0,0.0,18324327763.668003
2040,P0084,Shaanxi,2690.0,-421774921.27069455,1834064625.5245683,-0.0,3480251240.2779126,0.0,0.0,298243948.41028094,0.0,5190784892.942067
2040,P0085,Jiangsu,10050.0,-619970780.8357557,4236721894.67343,-13979463916.860685,1202169208.9263346,0.0,0.0,0.0,0.0,-9160543594.096676
2040,P0086,Shaanxi,9460.0,0.0,0.0,-0.0,19318266000.0,0.0,0.0,23177000000.0,0.0,42495266000.0
2040,P0087,Hebei,3050.0,-1500135023.11166,-835665382.4999993,-4125319746.88834,468787897.50000006,0.0,0.0,0.0,0.0,-5992332254.999999
2040,P0088,Zhejiang,2850.0,-404326642.2189297,-7664577689.249996,-6126773827.78107,544258372.5,645761961.4481246,533024579.261449,0.0,10660491585.22898,-1812141660.8114433
2040,P0089,Ningxia,26450.0,-13553614668.200918,44404829633.87011,-0.0,10429129115.264511,0.0,0.0,12238545636.7478,0.0,53518889717.6815
2040,P0090,Guangdong,7236.0,-149879374.5862801,14334494292.0,-0.0,0.0,0.0,0.0,0.0,0.0,14184614917.41372
2040,P0091,Guangdong,7380.0,-175791356.0135101,-17324413064.099995,-14586598287.986488,1230199137.0,1537427459.5537758,1380253121.03491,0.0,27605062420.6982,-333860569.81311035
2040,P0092,Jiangxi,7650.0,2209260293.628719,-1113310090.8961282,-16186201695.316809,1175350513.9680095,0.0,0.0,0.0,0.0,-13914900978.616207
2040,P0093,Hunan,4625.0,1006699371.6712508,7408459125.0,-0.0,0.0,0.0,0.0,0.0,0.0,8415158496.671251
2040,P0094,Fujian,1260.0,-127343296.98720004,-397229237.9999995,-2546687671.0128,222835914.0,0.0,0.0,0.0,0.0,-2848424292.0
2040,P0095,Anhui,3210.0,128620981.8146285,-1003282771.4999994,-6882426955.814629,562817164.5000001,0.0,0.0,0.0,0.0,-7194271581.0
2040,P0096,Guangdong,4670.0,-111239245.60746506,-10962738348.150002,-9230272900.392532,778459345.4999999,972870763.701373,873412205.3161286,0.0,17468244106.32257,-211264073.3099289
2040,P0097,Gansu,2120.0,0.0,0.0,-0.0,3996878400.0,0.0,0.0,0.0,0.0,3996878400.0
2040,P0098,Xinjiang,24420.0,-1205796465.9864006,2288775242.7884464,-0.0,55523036411.57365,0.0,0.0,1349949987.2822683,0.0,57955965175.65796
2040,P0099,Sichuan,1000.0,167443323.9416001,-2427500939.999999,-2235952923.9415994,172375799.99999994,235669438.18344453,187026168.1619119,0.0,3740523363.2382383,-160415770.4164033
2040,P0100,Jiangxi,3180.0,926294513.3447049,-932164847.9999993,-7201355441.344704,522921743.9999999,0.0,0.0,0.0,0.0,-6684304031.999998
2040,P0101,Qinghai,4870.0,-1248587733.291347,7373244452.569501,-0.0,885990125.2285963,0.0,0.0,1152304224.5938983,0.0,8162951069.100649
2040,P0102,Hunan,2520.0,630792384.6709805,-605491361.9999995,-4706783016.67098,339665886.0,0.0,0.0,0.0,0.0,-4341816108.0
2040,P0103,Inner Mongolia,3800.0,-2107686996.4516838,4183296475.529006,-0.0,4012442039.0535297,0.0,0.0,5272125637.896475,0.0,11360177156.027327
2040,P0104,Inner Mongolia,4540.0,-4718724891.1394005,9365634100.0,-0.0,0.0,0.0,0.0,0.0,0.0,4646909208.8605995
2040,P0105,Liaoning,1300.0,-178804617.37124994,-1958417623.4999995,-1489992122.62875,139066395.0,157045169.72507027,243134018.6104855,0.0,4862680372.20971,1774711592.0452666
2040,P0106,Hubei,10550.0,1424045863.0704012,16218894799.999994,-0.0,0.0,0.0,0.0,0.0,0.0,17642940663.070396
2040,P0107,Liaoning,4640.0,-62254953.592336945,661728717.9430465,-0.0,5747973982.745437,0.0,0.0,3601460738.384326,0.0,9948908485.480473
2040,P0108,Guangdong,4720.0,-105387877.10018587,4320119880.797984,-0.0,0.0,511090895.7574336,367072826.5548068,0.0,7341456531.096137,12434352257.106174
2040,P0109,Shaanxi,8340.0,-3883357244.094866,-4429253522.100792,-6803658366.929218,768157537.4364876,717105591.874339,917633131.9513587,0.0,18352662639.027172,5639289767.16448
2040,P0110,Guizhou,13260.0,-3992671716.299759,25808083860.0,-0.0,0.0,0.0,0.0,0.0,0.0,21815412143.70024
2040,P0111,Guangxi,122.8,34183522.43945912,-285579948.1079998,-277530437.15945905,20278909.559999995,29251708.076606985,22966813.450282782,0.0,459336269.00565565,2906837.264545679
2040,P0112,Guangdong,8520.0,-176474885.4996001,16878094439.999998,-0.0,0.0,0.0,0.0,0.0,0.0,16701619554.500399
2040,P0113,Inner Mongolia,4000.0,-4157466864.44,8251659999.999999,-0.0,0.0,0.0,0.0,0.0,0.0,4094193135.559999
2040,P0114,Guangxi,6160.0,1714743470.9044642,-14325508797.599997,-13921722254.904465,1017248232.0,1467349525.6669304,1152081195.8773775,0.0,23041623917.547546,145815289.49185562
2040,P0115,Shandong,2190.0,-47084867.56741503,-587374753.4999998,-3906950058.4325843,329502910.5,0.0,0.0,0.0,0.0,-4211906768.999999
2040,P0116,Liaoning,820.0,-112784450.95724994,-156368300.99999988,-939841185.0427499,87718802.99999997,0.0,0.0,0.0,0.0,-1121275133.9999998
2040,P0117,Henan,2320.0,8220219.05283231,-513590927.9999997,-3465564027.0528316,288111983.99999994,0.0,0.0,0.0,0.0,-3682822751.999999
2040,P0118,Liaoning,5440.0,-748228552.6919997,-1037370191.9999992,-6235043959.308,581939375.9999999,0.0,0.0,0.0,0.0,-7438703327.999998
2040,P0119,Guizhou,5740.0,-1728351104.9442394,11171825140.0,-0.0,0.0,0.0,0.0,0.0,0.0,9443474035.055761
2040,P0120,Inner Mongolia,4700.0,-5617777100.574549,-339349517.49999875,-0.0,0.0,439783144.1794423,703218392.2887888,0.0,14064367845.775776,9250242764.16946
2040,P0121,Guangdong,6760.0,-140019979.5748001,13391539719.999998,-0.0,0.0,0.0,0.0,0.0,0.0,13251519740.425198
2040,P0122,Shaanxi,7390.0,-3161978446.0119987,13749686200.0,-0.0,0.0,0.0,0.0,0.0,0.0,10587707753.988
2040,P0123,Hebei,6728.0,0.0,0.0,-0.0,13488260760.000002,0.0,0.0,0.0,0.0,13488260760.000002
2040,P0124,Henan,11670.0,40767206.61614132,-2547093616.773825,-17187055943.92287,1694886428.137817,0.0,0.0,0.0,0.0,-17998495925.942738
2040,P0125,Xinjiang,11910.0,0.0,0.0,-0.0,28304591399.999996,0.0,0.0,0.0,0.0,28304591399.999996
2040,P0126,Jiangsu,17212.0,-962027429.7197163,35393982260.00001,-0.0,0.0,0.0,0.0,0.0,0.0,34431954830.28029
2040,P0127,Hebei,1750.0,-102198434.67485403,436468480.462783,-0.0,3029340478.7603607,0.0,0.0,614608827.2793044,0.0,3978219351.8275943
2040,P0128,Xinjiang,970.0,-404569338.7756537,467188862.8144567,-0.0,1504175498.0695415,10804168.071695348,17536849.877594296,0.0,350736997.5518859,1945873037.60952
2040,P0129,Inner Mongolia,13430.0,-1728646731.591567,3430984672.7127714,-0.0,26642155365.31525,0.0,0.0,20591947128.336674,0.0,48936440434.77313
2040,P0130,Hebei,1300.0,0.0,0.0,-0.0,2606233500.0,0.0,0.0,0.0,0.0,2606233500.0
2040,P0131,Zhejiang,12300.0,-1517381449.059599,27914517900.0,-0.0,0.0,0.0,0.0,0.0,0.0,26397136450.9404
2040,P0132,Jilin,1720.0,-178062928.06719178,-3026266366.7999988,-2400663583.932808,214893875.99999997,253029941.74651793,321685009.2384885,0.0,6433700184.76977,1618316132.9547777
2040,P0133,Anhui,6100.0,244419934.28948092,-8806549815.000017,-13078755274.28948,1069527945.0,723034244.930083,598389623.3981516,0.0,11967792467.963034,-7282140873.708746
2040,P0134,Shanxi,3205.0,0.0,0.0,-0.0,6676896375.0,0.0,0.0,3926124999.9999995,0.0,10603021375.0
2040,P0135,Liaoning,1900.0,-261329825.3887499,-362316794.99999994,-2177680794.61125,203250884.99999997,0.0,0.0,0.0,0.0,-2598076530.0
2040,P0136,Inner Mongolia,880.0,-1051839116.70332,-2151207761.9999995,-781236963.2966799,152756340.0,82342375.93147007,164583027.9824825,0.0,3291660559.6496496,-292941538.43639755
2040,P0137,Xinjiang,1400.0,0.0,0.0,-0.0,3327155999.9999995,0.0,0.0,0.0,0.0,3327155999.9999995
2040,P0138,Jilin,1200.0,-124229949.8143199,-267259319.99999997,-1674881570.1856804,149925960.00000003,0.0,0.0,0.0,0.0,-1916444880.0000002
2040,P0139,Heilongjiang,1195.0,-262240032.56282973,-255643661.24999994,-1458678272.43717,143409858.75,0.0,0.0,0.0,0.0,-1833152107.4999998
2040,P0140,Guangdong,11480.0,-267196522.36627144,-10517818475.495684,-12016819642.560358,1351293460.101458,1972037469.2238379,1719569245.4241378,0.0,34391384908.48275,16632450442.809872
2040,P0141,Shandong,10750.0,-147947665.7360553,1114449415.7953346,-7438651113.615352,7421411222.403376,339671469.59542435,337852463.83293843,7270087988.864448,6757049276.658769,15653923057.798882
2040,P0142,Jiangsu,6670.0,-428725970.2338533,-16253327102.249998,-13420975419.766148,1154141782.5,1414570809.2433517,1247464541.6399524,0.0,24949290832.79905,-1337560526.067646
2040,P0143,Yunnan,2500.0,-1369643155.2919998,-689138249.9999992,-3269433844.707999,386589749.9999999,0.0,0.0,0.0,0.0,-4941625499.999998
2040,P0144,Shanxi,7105.0,-3890750892.0356994,13485964974.999998,-0.0,0.0,0.0,0.0,0.0,0.0,9595214082.964298
2040,P0145,Liaoning,2640.0,-363110915.27699983,-503429651.99999946,-3025830156.7229996,282411755.99999994,0.0,0.0,0.0,0.0,-3609958967.999999
2040,P0146,Shanxi,4300.0,-2354712010.6619997,8161808499.999999,-0.0,0.0,0.0,0.0,0.0,0.0,5807096489.337999
2040,P0147,Inner Mongolia,3120.0,0.0,0.0,-0.0,7064225999.999999,0.0,0.0,0.0,0.0,7064225999.999999
2040,P0148,Shandong,2090.0,0.0,0.0,-0.0,4101614550.000001,0.0,0.0,0.0,0.0,4101614550.000001
2040,P0149,Shaanxi,9340.0,-4026051830.438138,16486035507.121006,-0.0,0.0,67684036.94822627,69288668.79486944,0.0,1385773375.8973885,13982729758.323355
2040,P0150,Guizhou,140.0,-48478140.74843598,-40872530.99999999,-226663775.25156403,22928493.0,0.0,0.0,0.0,0.0,-293085954.0
2040,P0151,Shandong,3875.0,0.0,0.0,-0.0,7604668125.000002,0.0,0.0,0.0,0.0,7604668125.000002
2040,P0152,Guangdong,1330.0,-27548309.59090002,2634726009.9999995,-0.0,0.0,0.0,0.0,0.0,0.0,2607177700.4090996
2040,P0153,Heilongjiang,2125.0,-466326417.7372495,-3591312103.1249995,-2593883957.2627506,255017531.25,273395369.09549385,397430607.3440628,0.0,7948612146.881256,2222933176.445813
2040,P0154,Tianjin,6104.0,0.0,0.0,-0.0,11941713000.0,0.0,0.0,11750200000.0,0.0,23691913000.0
2040,P0155,Shanxi,3062.0,-1928290093.7544415,-6887180764.649998,-3940378912.2455573,489055750.4999999,415315937.3506817,572674126.9117743,0.0,11453482538.235485,174678582.34794235
2040,P0156,Yunnan,600.0,-328714357.2700799,-165393179.9999999,-784664122.7299198,92781539.99999997,0.0,0.0,0.0,0.0,-1185990119.9999995
2040,P0157,Guizhou,5160.0,-1782219760.9785252,-1281161941.149353,-8191222532.623447,828594636.669465,0.0,0.0,0.0,0.0,-10426009598.081861
2040,P0158,Guangxi,1525.0,424510356.02748513,-448923247.49999976,-3446530266.0274844,251834992.5,0.0,0.0,0.0,0.0,-3219108164.999999
2040,P0159,Fujian,3410.0,-338494246.2739155,-6353463412.666954,-5950643784.186985,520683066.72658354,627197854.8533082,550631672.7913042,0.0,11012633455.826086,68544607.06942749
2040,P0160,Hubei,4420.0,686106646.6338246,-8052104767.2,-7547424694.633824,571776503.9999999,795498562.8144048,826655663.2756507,0.0,16533113265.513014,3813621180.4030685
2040,P0161,Zhejiang,475.0,-67387773.70315494,-1277429614.875,-1021128971.296845,90709728.74999999,107626993.57468744,88837429.87690817,0.0,1776748597.5381632,-302023610.13524127
2040,P0162,Shandong,1370.0,-29454917.15404502,-367444480.49999964,-2444073780.845955,206127391.5,0.0,0.0,0.0,0.0,-2634845786.9999995
2040,P0163,Hebei,2600.0,0.0,0.0,-0.0,5212467000.0,0.0,0.0,0.0,0.0,5212467000.0
2040,P0164,Hunan,3200.0,801006202.7568005,-768877919.9999995,-5976867322.756799,431321759.99999994,0.0,0.0,0.0,0.0,-5513417279.999998
2040,P0165,Hebei,1200.0,-334091394.3596169,1426835584.0846758,-0.0,839714944.2973067,0.0,0.0,513095257.5022387,0.0,2445554391.5246043
2040,P0166,Guangxi,1840.0,512196101.69873613,-541651655.9999995,-4158436517.698736,303853368.0,0.0,0.0,0.0,0.0,-3884038703.9999995
2040,P0167,Shandong,12066.0,0.0,0.0,-0.0,23679464670.000004,0.0,0.0,0.0,0.0,23679464670.000004
2040,P0168,Xinjiang,1620.0,-1848001610.6611195,3507773039.999999,-0.0,0.0,0.0,0.0,0.0,0.0,1659771429.3388796
2040,P0169,Guizhou,1500.0,-519408650.87609977,-437919974.9999998,-2428540449.1239004,245662424.99999997,0.0,0.0,0.0,0.0,-3140206650.0
2040,P0170,Shandong,7570.0,0.0,0.0,-0.0,14856087150.000002,0.0,0.0,11219462804.281378,0.0,26075549954.28138
2040,P0171,Shaanxi,3350.0,-1648379156.0569997,-3054764737.531026,-4645373043.943004,524479350.0000001,160889373.33279535,205879609.95141068,0.0,4117592199.028213,-4339676405.218609
2040,P0172,Sichuan,3260.0,545865236.0496168,-6761283556.000018,-7289206532.049624,561945108.0000002,640192842.4407007,508054057.1118393,0.0,10161081142.236786,-1633351702.210701
2040,P0173,Ningxia,5360.0,0.0,0.0,-0.0,11989810800.0,0.0,0.0,0.0,0.0,11989810800.0
2040,P0174,Shanxi,8090.0,-4863251498.400466,-6512169564.509614,-6785278451.42023,842147295.8090994,715168348.779692,986136993.3090844,0.0,19722739866.181686,4105492989.7492523
2040,P0175,Guizhou,1800.0,-623290381.0513198,-525503969.99999946,-2914248538.9486804,294794910.0,0.0,0.0,0.0,0.0,-3768247980.0
2040,P0176,Hubei,4700.0,729570416.1038408,-4153821880.0000014,-8025542096.103848,607997640.0000001,347253281.5095935,360854067.08387977,0.0,7217081341.677595,-2916607229.728941
2040,P0177,Jilin,2060.0,-404942304.65805465,-3178940727.973332,-2683532471.341945,257372898.0,282844322.479441,385273906.4135386,0.0,7705478128.270771,2363553751.190419
2040,P0178,Shaanxi,1400.0,-688874871.1879996,-3086702219.9999995,-1941349928.8119998,219185399.99999997,204618282.49678478,261836635.4266767,0.0,5236732708.533533,205446006.45699596
2040,P0179,Fujian,6250.0,-549272330.0000001,13135887499.999998,-0.0,0.0,0.0,0.0,0.0,0.0,12586615169.999998
2040,P0180,Inner Mongolia,1500.0,-1559050074.1650002,3094372500.0,-0.0,0.0,0.0,0.0,0.0,0.0,1535322425.8349998
2040,P0181,Xinjiang,4355.0,-4967930255.820478,9429846660.0,-0.0,0.0,0.0,0.0,0.0,0.0,4461916404.179522
2040,P0182,Jiangxi,5813.0,1693254718.890808,-1703985616.799999,-13163987163.690804,955894370.3999999,0.0,0.0,0.0,0.0,-12218823691.199995
2040,P0183,Xinjiang,270.0,-338432340.29033744,141768037.84578285,-155540836.4317616,32404448.93811344,0.0,0.0,0.0,0.0,-319800689.93820274
2040,P0184,Shandong,6490.0,0.0,0.0,-0.0,12736592550.000002,0.0,0.0,0.0,0.0,12736592550.000002
2040,P0185,Guizhou,1500.0,-519408650.87609977,-437919974.9999998,-2428540449.1239004,245662424.99999997,0.0,0.0,0.0,0.0,-3140206650.0
2040,P0186,Ningxia,4850.0,0.0,0.0,-0.0,10848989250.0,0.0,0.0,11882500000.0,0.0,22731489250.0
2040,P0187,Inner Mongolia,200.0,-239054344.7053,-61887449.999999955,-177553855.29469997,34717350.0,0.0,0.0,0.0,0.0,-443778299.99999994
2040,P0188,Xinjiang,4000.0,-2104118973.16485,3993920657.017,-0.0,5122588547.176463,0.0,0.0,2151346864.908952,0.0,9163737095.937565
2040,P0189,Yunnan,1000.0,-547857262.1168001,-275655299.9999997,-1307773537.8832,154635900.0,0.0,0.0,0.0,0.0,-1976650199.9999998
2040,P0190,Jiangsu,2240.0,-143979936.03055942,-3919528228.9169474,-4507194143.969441,387597840.0,321716778.0230755,283711688.67050797,0.0,5674233773.41016,-1903442228.8132048
2040,P0191,Hunan,2100.0,525660320.55915046,-504576134.99999976,-3922319180.5591497,283054905.0,0.0,0.0,0.0,0.0,-3618180089.999999
2040,P0192,Shaanxi,3420.0,-1682822899.6163993,-7540372565.999997,-4742440540.3836,535438620.0,499853232.95643145,639629495.1137388,0.0,12792589902.274775,501875244.3449497
2040,P0193,Guangxi,1370.0,381363401.8082981,-3186030365.7,-3096227189.808298,226238649.0,326342345.8057946,256225850.38181934,0.0,5124517007.636387,32429699.124001503
2040,P0194,Shaanxi,660.0,-324755296.41719985,-184197419.99999982,-915207823.5827999,103330259.99999999,0.0,0.0,0.0,0.0,-1320830279.9999995
2040,P0195,Sichuan,600.0,100465994.36496006,-184367159.99999985,-1341571754.3649595,103425479.99999997,0.0,0.0,0.0,0.0,-1322047439.9999993
2040,P0196,Xinjiang,120.0,0.0,0.0,-0.0,285184799.99999994,0.0,0.0,0.0,0.0,285184799.99999994
2040,P0197,Fujian,1320.0,-133407263.51040004,-3287544836.3999996,-2667958512.4895997,233447148.0,281202827.21640384,246874541.97372374,0.0,4937490839.474475,-389895255.73539734
2040,P0198,Gansu,660.0,-136285064.47247985,-1343441325.5999994,-1008481239.52752,95397192.0,106293922.6462006,123437270.98686187,0.0,2468745419.7372375,305666175.7703004
2040,P0199,Inner Mongolia,260.0,-270235346.1886,536357900.00000006,-0.0,0.0,0.0,0.0,0.0,0.0,266122553.81140006
2040,P0200,Xinjiang,2020.0,-2304298304.6515193,4373889839.999999,-0.0,0.0,0.0,0.0,0.0,0.0,2069591535.3484797
2040,P0201,Heilongjiang,700.0,-153613408.19579986,-1183020457.5,-854455891.8042002,84005775.00000001,90059650.9961627,130918317.71333835,0.0,2618366354.2667665,732260340.4762676
2040,P0202,Jiangxi,1920.0,559272159.0005766,-562816511.9999995,-4347988191.000576,315726336.0,0.0,0.0,0.0,0.0,-4035806207.999999
2040,P0203,Inner Mongolia,1350.0,-1472622662.2986,2784935249.9999995,-0.0,0.0,0.0,0.0,0.0,0.0,1312312587.7013996
2040,P0204,Heilongjiang,700.0,-153613408.19579986,-1183020457.5,-854455891.8042002,84005775.00000001,90059650.9961627,130918317.71333835,0.0,2618366354.2667665,732260340.4762676
2040,P0205,Inner Mongolia,600.0,-159788764.409228,317145655.9287941,-0.0,1010418304.4683965,0.0,0.0,68349216.89757402,0.0,1236124412.8855367
2040,P0206,Hubei,1050.0,162989135.51256016,-242130419.99999985,-1792940255.51256,135829260.0,0.0,0.0,0.0,0.0,-1736252279.9999995
2040,P0207,Xinjiang,9000.0,-8099350236.834694,15373732489.401052,-0.0,4515251170.169578,0.0,0.0,3657358387.646089,0.0,15446991810.382025
2040,P0208,Sichuan,330.0,55256296.90072804,-101401937.99999985,-737864464.9007279,56884013.999999985,0.0,0.0,0.0,0.0,-727126091.9999996
2040,P0209,Zhejiang,2400.0,-340485593.4475198,-6454381211.999999,-5159388486.552481,458322840.00000006,543799546.4826313,448862803.5885886,0.0,8977256071.771772,-1526014030.1570072
2040,P0210,Anhui,1320.0,52890871.026576206,-412564877.9999995,-2830156879.026576,231438834.00000003,0.0,0.0,0.0,0.0,-2958392051.9999995
2040,P0211,Henan,1260.0,0.0,0.0,-0.0,2040973200.0,0.0,0.0,0.0,0.0,2040973200.0
2040,P0212,Gansu,2650.0,-514191616.9052925,2019851738.216674,-0.0,0.0,229380730.19693628,213100660.1137646,0.0,4262013202.275292,6210154713.897374
2040,P0213,Hubei,3670.0,569685835.5534245,-846303467.9999994,-6266753083.553422,474755603.99999994,0.0,0.0,0.0,0.0,-6068615111.999997
2040,P0214,Xinjiang,965.0,-1100815774.2518399,2089506779.9999998,-0.0,0.0,0.0,0.0,0.0,0.0,988691005.7481599
2040,P0215,Hebei,1320.0,0.0,0.0,-0.0,2646329400.0000005,0.0,0.0,0.0,0.0,2646329400.0000005
2040,P0216,Heilongjiang,100.0,-30082447.759439986,-10458689.999999965,-113927452.24055998,12000824.999999998,0.0,0.0,0.0,0.0,-142467764.99999994
2040,P0217,Hainan,300.0,-124969222.23407993,-733278829.4999999,-499868557.7659199,52069814.99999999,52686145.98852796,56107850.448573574,0.0,1122157008.9714715,-75095789.09142661
2040,P0218,Hubei,1980.0,307350941.2522562,-456588791.9999998,-3380973053.2522554,256135175.9999999,0.0,0.0,0.0,0.0,-3274075727.999999
2040,P0219,Jilin,810.0,-83855216.1246659,-1425160323.8999996,-1130545059.875334,101200022.99999999,119159449.31086019,151491196.21114865,0.0,3029823924.222973,762113992.8449821
2040,P0220,Hebei,1320.0,-649238764.1007841,-361665017.99999964,-1785384283.8992164,202885254.00000003,0.0,0.0,0.0,0.0,-2593402812.0
2040,P0221,Gansu,4130.0,-118096780.22061281,1129764663.248837,-0.0,6546385993.995178,0.0,0.0,3645909073.0989633,0.0,11203962950.122366
2040,P0222,Jiangxi,4000.0,1165150331.2512014,-1172534399.999999,-9058308731.251202,657763200.0,0.0,0.0,0.0,0.0,-8407929600.0
2040,P0223,Anhui,6425.0,223862876.38060087,13387521925.000002,-0.0,0.0,0.0,0.0,0.0,0.0,13611384801.380602
2040,P0224,Xinjiang,1100.0,-1254815908.4735997,2381821199.999999,-0.0,0.0,0.0,0.0,0.0,0.0,1127005291.5263994
2040,P0225,Heilongjiang,1200.0,-263337271.19279972,-256713299.9999999,-1464781528.8072,144009900.0,0.0,0.0,0.0,0.0,-1840822199.9999995
2040,P0226,Anhui,2640.0,105781742.05315241,-825129755.999999,-5660313758.053152,462877668.00000006,0.0,0.0,0.0,0.0,-5916784103.999999
2040,P0227,Shanxi,3700.0,-1500984536.3597257,5202652507.720128,-0.0,1997889137.8681517,0.0,0.0,2685238187.964059,0.0,8384795297.192613
2040,P0228,Liaoning,1200.0,-165050416.03500012,-1348315001.5000021,-1375377343.9650004,128368980.0000001,102781490.31558022,159124134.9412381,0.0,3182482698.8247623,684014542.5815778
2040,P0229,Henan,3730.0,0.0,0.0,-0.0,6041928600.0,0.0,0.0,0.0,0.0,6041928600.0
2040,P0230,Inner Mongolia,1320.0,-1577758675.0549798,-95306672.99999961,-0.0,0.0,123513563.89720508,197499633.578979,0.0,3949992671.57958,2597940521.000785
2040,P0231,Fujian,1200.0,-121279330.46400002,-378313559.9999996,-2425416829.536,212224679.99999997,0.0,0.0,0.0,0.0,-2712785039.9999995
2040,P0232,Inner Mongolia,1200.0,-1311284203.9662766,1500960535.551819,-364686323.3356181,71307619.34986685,0.0,0.0,0.0,0.0,-103702372.40020879
2040,P0233,Xinjiang,600.0,0.0,0.0,-0.0,1425923999.9999998,0.0,0.0,0.0,0.0,1425923999.9999998
2040,P0234,Hunan,60.0,15018866.301690012,-14416460.99999999,-112066262.30169,8087282.999999999,0.0,0.0,0.0,0.0,-103376573.99999997
2040,P0235,Inner Mongolia,2640.0,-3042577559.515791,1356095600.0016117,-0.0,0.0,179243058.73478028,286611747.7685021,0.0,5732234955.370043,4511607802.359146
2040,P0236,Henan,5330.0,0.0,0.0,-0.0,8633640600.0,0.0,0.0,0.0,0.0,8633640600.0
2040,P0237,Jiangxi,2700.0,786476473.5945607,-791460719.9999999,-6114358393.594561,443990159.99999994,0.0,0.0,0.0,0.0,-5675352480.0
2040,P0238,Sichuan,2000.0,334886647.8832002,-4855001879.999998,-4471905847.883199,344751599.9999999,471338876.36688906,374052336.3238238,0.0,7481046726.476477,-320831540.8328066
2040,P0239,Guizhou,3720.0,-1270126684.1471038,-193692916.2026697,-5377306598.217911,543949012.4050734,0.0,0.0,0.0,0.0,-6297177186.162611
2040,P0240,Guangdong,2000.0,-47639933.87900003,-4694962889.999997,-3953007666.1210003,333387300.0,416647008.00915337,374052336.3238238,0.0,7481046726.476477,-90477119.19054222
2040,P0241,Guangxi,700.0,194857212.60278,-206063129.99999997,-1582013892.6027799,115596389.99999999,0.0,0.0,0.0,0.0,-1477623419.9999998
2040,P0242,Xinjiang,5280.0,-1051328021.474005,1995571902.4529781,-0.0,10357869355.844292,0.0,0.0,0.0,0.0,11302113236.823265
2040,P0243,Anhui,24460.0,852246841.4427233,50966348060.0,-0.0,0.0,0.0,0.0,0.0,0.0,51818594901.442726
2040,P0244,Gansu,3610.0,-648206960.1391994,6201026960.0,-0.0,0.0,0.0,0.0,0.0,0.0,5552819999.860801
2040,P0245,Hubei,1933.0,300055237.0912178,-445750573.19999975,-3300717632.291218,250055199.59999996,0.0,0.0,0.0,0.0,-3196357768.7999997
2040,P0246,Inner Mongolia,8170.0,-8491626070.6187,16854015550.0,-0.0,0.0,0.0,0.0,0.0,0.0,8362389479.3813
2040,P0247,Shandong,2060.0,0.0,0.0,-0.0,4042739700.0,0.0,0.0,6128500000.0,0.0,10171239700.0
2040,P0248,Henan,8390.0,0.0,0.0,-0.0,13590289800.0,0.0,0.0,0.0,0.0,13590289800.0
2040,P0249,Gansu,600.0,-123895513.15679994,-431694112.51540655,-916801126.8431996,86724720.00000006,25101572.15210152,29150016.170242187,0.0,583000323.4048438,-748414120.7882187
2040,P0250,Gansu,600.0,-107735228.8319999,1030641600.0,-0.0,0.0,0.0,0.0,0.0,0.0,922906371.1680001
2040,P0251,Hebei,1360.0,0.0,0.0,-0.0,2726521200.0000005,0.0,0.0,0.0,0.0,2726521200.0000005
2040,P0252,Guangxi,2090.0,581787963.3425862,-615245630.9999996,-4723441479.3425865,345137793.0,0.0,0.0,0.0,0.0,-4411761354.0
2040,P0253,Guangxi,1140.0,317338889.0959561,-335588525.9999996,-2576422625.095956,188256978.0,0.0,0.0,0.0,0.0,-2406415283.9999995
2040,P0254,Jiangxi,1320.0,384499609.3128963,-386936351.99999976,-2989241881.3128953,217061855.99999994,0.0,0.0,0.0,0.0,-2774616767.9999986
2040,P0255,Anhui,4920.0,197138701.09905672,-1537741817.9999988,-10548766549.099054,862635653.9999999,0.0,0.0,0.0,0.0,-11026734011.999996
2040,P0256,Heilongjiang,56.0,-12289072.655663986,-94641636.59999996,-68356471.344336,6720462.0,7204772.079693014,10473465.417067068,0.0,209469308.34134135,58580827.23810148
2040,P0257,Inner Mongolia,72.0,-86059564.09390798,-22279481.99999999,-63919387.90609198,12498245.999999996,0.0,0.0,0.0,0.0,-159760187.99999994
2040,P0258,Xinjiang,700.0,-798519214.4831998,1515704399.9999998,-0.0,0.0,0.0,0.0,0.0,0.0,717185185.5167999
2040,P0259,Guizhou,4380.0,-1318846313.5288796,8524842180.0,-0.0,0.0,0.0,0.0,0.0,0.0,7205995866.471121
2040,P0260,Ningxia,2660.0,-1902932074.912484,-6424197294.899999,-3571221841.087517,456179493.0,376406782.05062413,497489607.3106857,0.0,9949792146.213715,-618483182.3249741
2040,P0261,Xinjiang,700.0,0.0,0.0,-0.0,1663577999.9999998,0.0,0.0,0.0,0.0,1663577999.9999998
2040,P0262,Guizhou,1200.0,-415526920.7008798,-350335979.99999964,-1942832359.29912,196529939.99999997,0.0,0.0,0.0,0.0,-2512165319.9999995
2040,P0263,Shaanxi,700.0,-344437435.5939998,-1543351109.9999998,-970674964.4059999,109592699.99999999,102309141.24839239,130918317.71333835,0.0,2618366354.2667665,102723003.22849798
2040,P0264,Sichuan,1200.0,200931988.72992012,-2913001127.999998,-2683143508.729919,206850959.99999994,282803325.82013345,224431401.7942943,0.0,4488628035.885886,-192498924.49968338
2040,P0265,Gansu,700.0,-119753167.14761823,-149427440.08560815,-886148624.6481786,310177636.4947989,0.0,0.0,0.0,0.0,-845151595.386606
2040,P0266,Heilongjiang,270.0,-59250886.018379934,-57760492.499999985,-329575843.98162,32402227.5,0.0,0.0,0.0,0.0,-414184994.99999994
2040,P0267,Hubei,4660.0,723361306.1795527,-1074597864.0000002,-7957239610.179553,602823192.0,0.0,0.0,0.0,0.0,-7705652976.000001
2040,P0268,Inner Mongolia,90.0,-107574455.117385,-27849352.49999998,-79899234.88261497,15622807.499999998,0.0,0.0,0.0,0.0,-199700234.99999994
2040,P0269,Guangdong,15976.0,-330911123.3264802,31648408072.000004,-0.0,0.0,0.0,0.0,0.0,0.0,31317496948.673523
2040,P0270,Xinjiang,600.0,-684445040.9855999,1299175199.9999995,-0.0,0.0,0.0,0.0,0.0,0.0,614730159.0143996
2040,P0271,Guangdong,600.0,-14291980.163700007,-178289729.9999999,-1185902299.8363,100016189.99999999,0.0,0.0,0.0,0.0,-1278467819.9999998
2040,P0272,Qinghai,1320.0,-418281565.50956017,473196524.55044836,-0.0,0.0,144756160.93833762,150097529.32738343,0.0,3001950586.547669,3351719235.854278
2040,P0273,Fujian,600.0,-60639665.23200001,-189156779.9999998,-1212708414.768,106112339.99999999,0.0,0.0,0.0,0.0,-1356392519.9999998
2040,P0274,Hebei,1400.0,0.0,0.0,-0.0,2806713000.0,0.0,0.0,0.0,0.0,2806713000.0
2040,P0275,Gansu,3620.0,-650002547.2863994,6218204320.0,-0.0,0.0,0.0,0.0,0.0,0.0,5568201772.7136
2040,P0276,Xinjiang,600.0,0.0,0.0,-0.0,1425923999.9999998,0.0,0.0,0.0,0.0,1425923999.9999998
2040,P0277,Guangxi,700.0,194857212.60278,-206063129.99999997,-1582013892.6027799,115596389.99999999,0.0,0.0,0.0,0.0,-1477623419.9999998
2040,P0278,Inner Mongolia,1620.0,-1683774080.0982,3341922300.0,-0.0,0.0,0.0,0.0,0.0,0.0,1658148219.9018
2040,P0279,Guangxi,1200.0,334040935.89048004,-2790683531.9999986,-2712023815.8904796,198165239.99999997,285847310.1948565,224431401.7942943,0.0,4488628035.885886,28405575.8750391
2040,P0280,Anhui,1320.0,52890871.026576206,-412564877.9999995,-2830156879.026576,231438834.00000003,0.0,0.0,0.0,0.0,-2958392051.9999995
2040,P0281,Xinjiang,2020.0,-2304298304.6515193,4373889839.999999,-0.0,0.0,0.0,0.0,0.0,0.0,2069591535.3484797
2040,P0282,Shandong,810.0,-17414951.018085014,-217248196.49999994,-1445036322.981915,121870939.50000001,0.0,0.0,0.0,0.0,-1557828531.0
2040,P0283,Hubei,1320.0,204900627.50150418,-304392527.9999997,-2253982035.5015035,170756784.0,0.0,0.0,0.0,0.0,-2182717151.999999
2040,P0284,Shandong,8800.0,-189199467.8508002,-7040580944.726763,-15699160052.149208,1324029960.0000005,475546261.2961985,472999620.005846,0.0,9459992400.11692,-11196372223.307808
2040,P0285,Yunnan,1200.0,-762050597.5708157,-161717775.9999997,-1464706362.4291835,185563079.99999994,0.0,0.0,0.0,0.0,-2202911655.999999
2040,P0286,Jiangxi,1500.0,436931374.21920043,-439700399.9999995,-3396865774.2192,246661199.99999997,0.0,0.0,0.0,0.0,-3152973599.999999
2040,P0287,Gansu,1320.0,0.0,0.0,-0.0,2488622400.0,0.0,0.0,0.0,0.0,2488622400.0
2040,P0288,Inner Mongolia,1320.0,-1371964065.2652001,2723047800.0,-0.0,0.0,0.0,0.0,0.0,0.0,1351083734.7347999
2040,P0289,Inner Mongolia,510.0,-582040195.6527021,261381166.28788045,-295893679.0178348,57856498.80820386,0.0,0.0,0.0,0.0,-558696209.5744526
2040,P0290,Guizhou,1860.0,-560058023.5533599,3620138460.0,-0.0,0.0,0.0,0.0,0.0,0.0,3060080436.44664
2040,P0291,Shanxi,970.0,-610856104.16127,-276172822.49999976,-1248258505.83873,154926217.5,0.0,0.0,0.0,0.0,-1980361215.0
2040,P0292,Chongqing,600.0,17008534.83672017,-176905979.9999999,-1207887814.83672,99239939.99999999,0.0,0.0,0.0,0.0,-1268545319.9999998
2040,P0293,Chongqing,200.0,5669511.612240057,-465852413.9999998,-402629271.61223996,33079980.0,42437125.2279301,37405233.632382385,0.0,748104672.6476476,-1785162.4920396805
2040,P0294,Jiangxi,1320.0,384499609.3128963,-386936351.99999976,-2989241881.3128953,217061855.99999994,0.0,0.0,0.0,0.0,-2774616767.9999986
2040,P0295,Guangdong,3075.0,-73246398.33896255,-7218505443.374997,-6077749286.661037,512582973.75,640594774.8140733,575105467.0978792,0.0,11502109341.957582,-139108570.75546074
2040,P0296,Henan,3940.0,13960199.598344527,-872219075.9999995,-5885483735.598344,489293628.0,0.0,0.0,0.0,0.0,-6254448983.999999
2040,P0297,Jiangxi,2000.0,582575165.6256007,-4181304173.6250014,-4529154365.625601,328881600.0,424244681.92921805,332422984.99925244,0.0,6648459699.985049,-393874406.71148205
2040,P0298,Xinjiang,1000.0,0.0,0.0,-0.0,2376540000.0,0.0,0.0,0.0,0.0,2376540000.0
2040,P0299,Liaoning,520.0,-71521846.94849996,-99160385.99999988,-595996849.0515,55626557.999999985,0.0,0.0,0.0,0.0,-711052523.9999998
2040,P0300,Guangxi,1320.0,367445029.47952807,-388576187.9999996,-2983226197.479528,217981764.0,0.0,0.0,0.0,0.0,-2786375591.9999995
2040,P0301,Jiangsu,64.0,-4113712.4580159835,-19741007.999999978,-128776975.54198402,11074224.0,0.0,0.0,0.0,0.0,-141557471.99999997
2040,P0302,Xinjiang,700.0,-918297096.65568,-1239485239.4360306,-416697938.5700185,115749813.21327132,64525317.51649133,128497637.36480112,0.0,2569952747.296022,304245240.72885656
2040,P0303,Henan,1300.0,4606157.227880174,-287788019.9999996,-1941910877.22788,161442060.0,0.0,0.0,0.0,0.0,-2063650679.9999995
2040,P0304,Inner Mongolia,100.0,-103936671.611,206291500.0,-0.0,0.0,0.0,0.0,0.0,0.0,102354828.389
2040,P0305,Inner Mongolia,300.0,-311810014.83299994,618874499.9999999,-0.0,0.0,0.0,0.0,0.0,0.0,307064485.16699994
2040,P0306,Inner Mongolia,660.0,-706656190.7786548,1046932429.1589115,-117724778.2041341,23018888.110323552,0.0,0.0,0.0,0.0,245570348.2864461
2040,P0307,Hunan,4000.0,1001257753.4460008,-961097399.999999,-7471084153.446,539152200.0,0.0,0.0,0.0,0.0,-6891771599.999998
2040,P0308,Qinghai,270.0,-88322602.28048997,-537442411.4999999,-369640057.71950996,38163555.0,38960062.08363635,50497065.40371622,0.0,1009941308.0743244,142156919.06167722
2040,P0309,Inner Mongolia,2000.0,-2390543447.053,-4889108549.999999,-1775538552.947,347173500.0,187141763.4806138,374052336.3238238,0.0,7481046726.476477,-665776223.7190857
2040,P0310,Shaanxi,2640.0,-1299021185.6687994,-5820638471.999998,-3660831294.3311996,413321039.99999994,385851618.4225084,493749083.9474475,0.0,9874981678.94895,387412469.3189087
2040,P0311,Hunan,1320.0,330415058.63718027,-317162141.99999994,-2465457770.63718,177920225.99999997,0.0,0.0,0.0,0.0,-2274284627.9999995
2040,P0312,Shanxi,600.0,0.0,0.0,-0.0,1249965000.0,0.0,0.0,0.0,0.0,1249965000.0
2040,P0313,Xinjiang,800.0,-912593387.9807997,1732233599.9999995,-0.0,0.0,0.0,0.0,0.0,0.0,819640212.0191998
2040,P0314,Inner Mongolia,1200.0,-1434326068.2317996,-2933465129.9999986,-1065323131.7681996,208304099.99999994,112285058.08836824,224431401.7942943,0.0,4488628035.885886,-399465734.2314491
2040,P0315,Jiangxi,4820.0,1220874912.3110414,9419359680.0,-0.0,0.0,0.0,0.0,0.0,0.0,10640234592.31104
2040,P0316,Chongqing,1200.0,34017069.67344034,-353811959.9999998,-2415775629.67344,198479879.99999997,0.0,0.0,0.0,0.0,-2537090639.9999995
2040,P0317,Jiangsu,1370.0,-88059157.30440463,-3338389524.749999,-2756632132.6955953,237057607.49999997,290549026.78611565,256225850.38181934,0.0,5124517007.636387,-274731322.4456768
2040,P0318,Jilin,550.0,-56938726.998229936,-122493854.99999999,-767654053.0017701,68716065.0,0.0,0.0,0.0,0.0,-878370570.0
2040,P0319,Inner Mongolia,700.0,0.0,0.0,-0.0,1584922499.9999998,0.0,0.0,0.0,0.0,1584922499.9999998
2040,P0320,Guizhou,300.0,-103881730.17521995,-87583994.99999991,-485708089.82478,49132484.99999999,0.0,0.0,0.0,0.0,-628041329.9999999
2040,P0321,Jilin,660.0,-68326472.39787593,-146992625.99999985,-921184863.6021241,82459278.0,0.0,0.0,0.0,0.0,-1054044684.0
2040,P0322,Xinjiang,700.0,0.0,0.0,-0.0,1663577999.9999998,0.0,0.0,0.0,0.0,1663577999.9999998
2040,P0323,Henan,4000.0,14172791.470400535,-885501599.9999995,-5975110391.4704,496744799.99999994,0.0,0.0,0.0,0.0,-6349694399.999999
2040,P0324,Shaanxi,3180.0,-1564730064.5555992,-7011223613.999997,-4409637695.4444,497863979.99999994,464775813.0998397,594743214.75488,0.0,11894864295.097597,466655928.952322
2040,P0325,Zhejiang,999.0,-141727128.27253008,-2686636179.494999,-2147595457.5274696,190776882.14999998,226356561.22339526,186839141.99375,0.0,3736782839.875,-635203340.0528536
2040,P0326,Zhejiang,6855.0,-845662588.0734594,15557237415.0,-0.0,0.0,0.0,0.0,0.0,0.0,14711574826.92654
2040,P0327,Chongqing,2860.0,81074016.05503282,-843251837.9999996,-5757598584.055033,473043713.99999994,0.0,0.0,0.0,0.0,-6046732692.0
2040,P0328,Inner Mongolia,2370.0,-2463299117.1807003,4889108550.0,-0.0,0.0,0.0,0.0,0.0,0.0,2425809432.8192997
2040,P0329,Xinjiang,100.0,0.0,0.0,-0.0,237653999.99999994,0.0,0.0,0.0,0.0,237653999.99999994
2040,P0330,Gansu,6000.0,-195221203.90723228,1867570117.3162925,-0.0,9262147920.018703,0.0,0.0,0.0,0.0,10934496833.427763
2040,P0331,Guangdong,5260.0,-108950457.47980008,10420044220.0,-0.0,0.0,0.0,0.0,0.0,0.0,10311093762.5202
2040,P0332,Hebei,3840.0,-1888694586.4750078,-8311719686.399997,-5193845189.524992,590211647.9999999,547431282.9759341,718180485.7417418,0.0,14363609714.834835,825173669.1525154
2040,P0333,Guangdong,3244.2,-77276736.74512595,-7615699303.868999,-6412173735.214874,540787539.33,675843111.6916476,606750294.7508746,0.0,12135005895.017492,-146762935.0389824
2040,P0334,Hebei,700.0,-344293283.99283993,-191792054.99999985,-946794696.00716,107590664.99999999,0.0,0.0,0.0,0.0,-1375289369.9999998
2040,P0335,Hubei,4600.0,714047641.2931204,-1060761839.9999996,-7854785881.2931185,595061519.9999998,0.0,0.0,0.0,0.0,-7606438559.999998
2040,P0336,Inner Mongolia,2000.0,-2390543447.053,-144404049.99999946,-0.0,0.0,187141763.4806138,299241869.0590591,0.0,5984837381.181181,3936273516.6678543
2040,P0337,Guizhou,700.0,-242390703.7421799,-204362654.99999994,-1133318876.25782,114642464.99999999,0.0,0.0,0.0,0.0,-1465429769.9999998
2040,P0338,Guangxi,600.0,167020467.94524002,-176625539.99999985,-1356011907.9452398,99082619.99999999,0.0,0.0,0.0,0.0,-1266534359.9999995
2040,P0339,Hainan,660.0,-274932288.9149758,-1613213424.8999996,-1099710827.0850239,114553592.99999999,115909521.17476152,123437270.98686187,0.0,2468745419.7372375,-165210736.00113916
2040,P0340,Inner Mongolia,3740.0,-3887231518.2514,7715302100.0,-0.0,0.0,0.0,0.0,0.0,0.0,3828070581.7486
2040,P0341,Hebei,100.0,0.0,0.0,-0.0,200479500.0,0.0,0.0,0.0,0.0,200479500.0
2040,P0342,Zhejiang,5260.0,-746230925.6391487,-13504299115.504547,-10779218535.349491,957547985.5759412,1191827339.3744357,974562848.9429256,0.0,19491256978.85851,-2414553423.741375
2040,P0343,Hunan,3920.0,981232598.3770808,-941875451.9999996,-7321662470.37708,528369156.0,0.0,0.0,0.0,0.0,-6753936167.999999
2040,P0344,Xinjiang,3960.0,-940754832.2256744,1785688074.4548604,-0.0,7451196854.866614,0.0,0.0,0.0,0.0,8296130097.0958
2040,P0345,Gansu,2000.0,-295492690.9599369,2826810348.861459,-0.0,668043275.6398621,0.0,0.0,1240188119.1201053,0.0,4439549052.6614895
2040,P0346,Inner Mongolia,5260.0,-5467068926.738601,10850932899.999998,-0.0,0.0,0.0,0.0,0.0,0.0,5383863973.261397
2040,P0347,Ningxia,760.0,0.0,0.0,-0.0,1700047800.0,0.0,0.0,1729000000.0,0.0,3429047800.0
2040,P0348,Jiangsu,5130.0,-329739764.2128436,-12500684862.749996,-10322279445.787155,887668267.4999999,1087968253.5859659,959444242.6706082,0.0,19188884853.412163,-1028738455.5812569
2040,P0349,Guangdong,1300.0,-202262955.88659325,-2676591079.9333324,-2398157984.113406,216701744.99999997,252765851.52555305,243134018.6104855,0.0,4862680372.20971,298269967.4124155
2040,P0350,Guangxi,130.0,36187768.05480201,-38268866.999999985,-293802580.054802,21467901.0,0.0,0.0,0.0,0.0,-274415778.0
2050,P0001,Fujian,12260.0,-2515525922.292363,-22924817192.833508,-11690754872.545374,14446514038.393345,1050998863.0418289,809286241.5906072,1018352201.9843081,1143890079.8511858,-18662056562.80997
2050,P0002,Shanxi,14030.0,-7261437631.433292,-32084133618.16337,-10429756107.005474,13638335528.215675,937635074.019792,1133981831.4700668,3110739300.9751754,22679636629.401333,-8274998992.520103
2050,P0003,Chongqing,6765.0,-2581041649.7015834,-24324018730.844795,-12711006104.798416,1118930323.4999998,1142719448.8213773,946525991.8424892,0.0,1262034655.7899854,-35145856065.39094
2050,P0004,Inner Mongolia,2160.0,-665079037.0428399,-1927441190.3451679,-397712183.1800899,3954054369.029423,35754325.26789008,62680655.17037249,0.0,1253613103.40745,2315870042.3070383
2050,P0005,Sichuan,3765.0,-1012458214.2692178,-14108263451.321587,-7857138574.73078,648994886.9999999,706356757.8682971,526780540.9145561,0.0,2077307069.7000136,-19018420984.838722
2050,P0006,Hebei,5140.0,0.0,0.0,-0.0,10304646300.0,0.0,0.0,0.0,0.0,10304646300.0
2050,P0007,Hebei,8696.0,0.0,0.0,-0.0,17433697320.0,0.0,0.0,0.0,0.0,17433697320.0
2050,P0008,Shandong,2736.0,-1070312858.5399778,-8891597601.926731,-4555610807.8600235,411652951.2000001,406734051.3682834,380176320.1528815,0.0,0.0005431526716090256,-13318957945.605022
2050,P0009,Inner Mongolia,21340.0,0.0,0.0,-0.0,48317494500.0,0.0,0.0,0.0,0.0,48317494500.0
2050,P0010,Yunnan,3720.0,-2996771595.074496,-1804770380.1599982,-4864917560.925505,575245547.9999999,0.0,0.0,0.0,0.0,-9091213988.16
2050,P0011,Guangdong,8530.0,0.0,0.0,-0.0,18546480450.0,0.0,0.0,0.0,0.0,18546480450.0
2050,P0012,Liaoning,5600.0,-2196555848.508001,-918852342.6133305,-5990532431.492,599055240.0,0.0,0.0,0.0,0.0,-8506885382.613331
2050,P0013,Shanxi,17570.0,0.0,0.0,-0.0,36603141750.0,0.0,0.0,0.0,0.0,36603141750.0
2050,P0014,Guangdong,2460.0,-1066187712.2930918,-8914283645.907196,-4538052800.706907,410066378.99999994,407970946.7835509,344191269.7609052,0.0,0.0,-13356295563.36274
2050,P0015,Hunan,2530.0,-250091463.58237833,-523059105.8879995,-4410430011.917622,341013766.49999994,0.0,0.0,0.0,0.0,-4842566814.888
2050,P0016,Hubei,8480.0,-511973656.05094266,-3441664849.919998,-14480127015.949053,1096982975.9999998,0.0,0.0,0.0,0.0,-17336782545.919994
2050,P0017,Jiangsu,9320.0,-3286865826.698577,-39971000768.15998,-18753147063.30142,1612683869.9999998,1685907920.9907975,1304009200.882779,0.0,13063765850.115408,-44344646816.17098
2050,P0018,Jilin,1060.0,-429092700.3580281,-203132920.7893325,-1380846805.6419716,132434597.99999999,0.0,0.0,0.0,0.0,-1880637828.7893322
2050,P0019,Hunan,3870.0,-382550973.9382625,-800094363.5519977,-6746388990.561738,521629753.5,0.0,0.0,0.0,0.0,-7407404574.551998
2050,P0020,Zhejiang,12197.0,0.0,0.0,-0.0,30381324344.999996,0.0,0.0,0.0,0.0,30381324344.999996
2050,P0021,Shandong,10375.0,0.0,0.0,-0.0,20360885625.000004,0.0,0.0,0.0,0.0,20360885625.000004
2050,P0022,Shandong,3645.0,-1425910222.725957,-841185016.8479972,-6069152556.524043,548419227.75,0.0,0.0,0.0,0.0,-7787828568.347998
2050,P0023,Henan,5560.0,-1684785502.7990675,-1059075655.8506621,-7751709881.200931,690475272.0,0.0,0.0,0.0,0.0,-9805095767.85066
2050,P0024,Chongqing,1229.0,-303954979.6427849,-4352284835.270728,-2474156874.057215,203276477.10000005,187752417.26602274,145149398.0256661,0.0,2902987960.5133214,-3691230436.065717
2050,P0025,Jilin,4300.0,-1740659067.4901142,-11678749237.52533,-5601548362.509885,537234690.0,503579197.7896386,601635146.3300375,0.0,2492896142.1658626,-14885611491.239792
2050,P0026,Hainan,2100.0,-1482265730.6385593,-9033995179.439997,-3499079904.3614397,364488704.99999994,314567283.4020934,293821815.6495532,0.0,395994874.8311451,-12646468135.557203
2050,P0027,Shandong,13365.0,-2141935172.5172915,-3713652161.791805,-14034958714.075785,11973179588.299217,0.0,0.0,1924247730.0848927,0.0,-5993118730.000771
2050,P0028,Hunan,5740.0,-567401186.1513247,-1186703267.9039974,-10006272042.848675,773683407.0,0.0,0.0,0.0,0.0,-10986693089.903997
2050,P0029,Jilin,120.0,-37410654.98143198,-371597358.5279999,-167488157.01856798,14992595.999999998,15057185.315969262,16789818.037117325,0.0,0.0,-529656571.17491335
2050,P0030,Jilin,4481.0,-1813928670.098419,-12170343100.7793,-5837334468.00158,559848522.3,524776368.673342,626959788.5360228,0.0,0.0,-18110021559.369934
2050,P0031,Shanxi,4900.0,-4306155229.261621,-17818868882.217014,-6185021627.905934,962906494.3730221,515628744.4091627,623604688.161837,16402249.473094128,944034571.3496946,-25247468991.61776
2050,P0032,Henan,2370.0,-482138111.05378765,-923401068.4799997,-3540252906.946212,294321293.99999994,0.0,0.0,0.0,0.0,-4651470792.48
2050,P0033,Henan,6270.0,0.0,0.0,-0.0,10156271400.0,0.0,0.0,0.0,0.0,10156271400.0
2050,P0034,Shandong,4220.0,0.0,0.0,-0.0,8281728900.0,0.0,0.0,0.0,0.0,8281728900.0
2050,P0035,Anhui,9120.0,0.0,0.0,-0.0,20856938400.000004,0.0,0.0,3192000000.0,0.0,24048938400.000004
2050,P0036,Jiangsu,27922.0,0.0,0.0,-0.0,63019255950.0,0.0,0.0,0.0,0.0,63019255950.0
2050,P0037,Inner Mongolia,8340.0,0.0,0.0,-0.0,18883219500.0,0.0,0.0,0.0,0.0,18883219500.0
2050,P0038,Sichuan,4920.0,-1323052965.260173,-18436296462.284786,-10267495826.739824,848088935.9999998,923047874.8239101,688382539.5218104,0.0,0.0,-27567325903.939064
2050,P0039,Heilongjiang,2150.0,-1076802189.3279598,-5608953612.239998,-2449440223.172039,258017737.5,220204676.06316638,300817573.16501874,0.0,0.0,-8356156038.011813
2050,P0040,Shanxi,6350.0,0.0,0.0,-0.0,13228796249.999998,0.0,0.0,0.0,0.0,13228796249.999998
2050,P0041,Hebei,3890.0,0.0,0.0,-0.0,7798652550.0,0.0,0.0,0.0,0.0,7798652550.0
2050,P0042,Shandong,6320.0,-2472360111.832112,-1458515584.7679956,-10523194556.167887,950894244.0,0.0,0.0,0.0,0.0,-13503176008.767994
2050,P0043,Anhui,14100.0,-3555341907.216118,-7756219706.399993,-30231221207.78388,2472187545.0,0.0,0.0,0.0,0.0,-39070595276.399994
2050,P0044,Heilongjiang,2955.0,-1479976962.541452,-7709050197.287995,-3366556213.7085485,354624378.75000006,302653403.6123985,413449269.16401416,0.0,0.0,-11484856322.011581
2050,P0045,Henan,13910.0,0.0,0.0,-0.0,22531696200.0,0.0,0.0,0.0,0.0,22531696200.0
2050,P0046,Zhejiang,18468.8,-144063254.56738433,-43768403.97353476,-0.0,45223811235.95332,60506447.90796276,35043680.177663326,6354502087.645019,0.0,51486031793.14305
2050,P0047,Liaoning,3280.0,-1035929823.8289996,-8696579428.415997,-3759364740.1709995,350875211.9999999,337966890.1413728,458921693.01454026,0.0,0.0,-12344110197.260084
2050,P0048,Shanxi,1400.0,-1254322735.3874,-5542133704.799999,-1801610214.6125998,223604849.99999997,161964758.2936727,195881210.43303546,0.0,0.0,-8016615836.073291
2050,P0049,Xinjiang,1360.0,-100336745.26156673,-8284080.632603903,-0.0,3084492393.1631336,4883130.435429691,6951873.554843948,20176340.7263368,139037471.09687898,3146920383.0824523
2050,P0050,Henan,1960.0,-398730252.17950374,-763656579.8399996,-2927804091.8204956,243404951.99999997,0.0,0.0,0.0,0.0,-3846785971.839999
2050,P0051,Hebei,8180.0,0.0,0.0,-0.0,16399223100.0,0.0,0.0,0.0,0.0,16399223100.0
2050,P0052,Jiangsu,27370.0,0.0,0.0,-0.0,61773405750.0,0.0,0.0,0.0,0.0,61773405750.0
2050,P0053,Heilongjiang,2800.0,-1402347037.26432,-7304683774.079998,-3189968662.735681,336023100.00000006,286778182.7799376,391762420.8660709,0.0,0.0,-10882435770.43399
2050,P0054,Hebei,4420.0,0.0,0.0,-0.0,8861193900.0,0.0,0.0,0.0,0.0,8861193900.0
2050,P0055,Shanxi,3700.0,-3632422362.2889204,-12846570162.506662,-4443971862.71108,590955675.0,399513070.457726,517686056.1444509,0.0,0.0,-19414809585.904484
2050,P0056,Jiangxi,4020.0,69222722.90745732,-14489155948.768175,-9103600274.90746,661052016.0000005,710022935.6860774,487966830.97069895,0.0,4.995638607171941e-06,-21664491718.111397
2050,P0057,Gansu,2920.0,-1603843036.2944427,-9175015212.680529,-4164314451.705557,422060303.99999994,374371869.2083295,408552238.9031883,0.0,0.0,-13738188288.56901
2050,P0058,Jiangsu,4515.0,-1592296052.3115966,-2451092905.799998,-9084813196.438404,781251896.2500001,0.0,0.0,0.0,0.0,-12346950258.3
2050,P0059,Inner Mongolia,20820.0,0.0,0.0,-0.0,47140123500.0,0.0,0.0,0.0,0.0,47140123500.0
2050,P0060,Shandong,4962.0,-1350969946.440417,-2342289592.367998,-8852185474.859585,746572347.9,0.0,0.0,0.0,0.0,-11798872665.768
2050,P0061,Shandong,3920.0,0.0,0.0,-0.0,7692980400.000002,0.0,0.0,0.0,0.0,7692980400.000002
2050,P0062,Xinjiang,970.0,-511913367.0614989,-1430971829.4356635,-277124609.4685224,1609919771.9019637,24913502.391220216,44335165.915147446,251966873.40568677,886703318.3029488,597828825.951282
2050,P0063,Ningxia,1760.0,-1762137956.6338243,-6712898094.682174,-2112906204.704519,269897677.6321303,212425941.5730193,241039766.51471975,0.0,4820795330.294395,-5043783540.006254
2050,P0064,Shandong,4180.0,0.0,0.0,-0.0,8203229100.000002,0.0,0.0,0.0,0.0,8203229100.000002
2050,P0065,Xinjiang,3375.0,0.0,0.0,-0.0,8020822499.999998,0.0,0.0,337757471.0241457,0.0,8358579971.024144
2050,P0066,Fujian,8826.0,0.0,0.0,-0.0,20359728539.999996,0.0,0.0,7722750000.0,0.0,28082478539.999996
2050,P0067,Hebei,7680.0,-5744761332.950015,-29257253296.127987,-10387690379.049984,1180423295.9999998,933853365.0765935,1074548354.3755088,0.0,6419394652.595916,-35781485340.07997
2050,P0068,Zhejiang,4045.0,-1861301682.7063406,-19145846135.196,-8695719345.04366,772464953.25,781745169.1194249,565956783.0011632,0.0,2668442499.3383503,-24914257758.23706
2050,P0069,Shaanxi,4000.0,-3011953917.6799994,-15521702591.999996,-5546714082.32,626244000.0,498649596.000568,559660601.2372442,0.0,11193212024.744883,-11202604370.017302
2050,P0070,Shandong,5920.0,-1415836477.3261938,-2454754122.454031,-9277221253.060686,2194925888.9167595,0.0,0.0,251912723.70554778,0.0,-10700973240.218605
2050,P0071,Guizhou,5000.0,0.0,0.0,-0.0,10680975000.0,0.0,0.0,0.0,0.0,10680975000.0
2050,P0072,Heilongjiang,1600.0,-801341164.1510397,-4174105013.7599983,-1822839235.8489597,192013199.99999997,163873247.30282146,223864240.4948977,0.0,0.0,-6218534725.962279
2050,P0073,Liaoning,2045.0,-802135126.821225,-335545185.82933253,-2187614075.4287744,218762136.74999997,0.0,0.0,0.0,0.0,-3106532251.329332
2050,P0074,Shaanxi,8130.0,0.0,0.0,-0.0,16602273000.0,0.0,0.0,164056193.24208373,0.0,16766329193.242085
2050,P0075,Henan,1980.0,-402798928.2221517,-771448993.9199996,-2957679643.7778473,245888675.99999997,0.0,0.0,0.0,0.0,-3886038889.9199986
2050,P0076,Guangxi,2840.0,8911768.274136191,-1471408498.559999,-6418456364.274137,468991068.00000006,0.0,0.0,0.0,0.0,-7411962026.559999
2050,P0077,Xinjiang,7820.0,-175476958.41923353,-14487865.52643071,-0.0,18326404556.1414,8540010.682425536,12157994.795814771,45504502.85626742,243159895.9162954,18445802136.446537
2050,P0078,Heilongjiang,5210.0,-2609367165.766824,-13591929451.055992,-5935620261.733175,625242982.5,533612261.52981246,728957933.1115106,0.0,0.0,-20249103701.41467
2050,P0079,Guangxi,8880.0,16730003.793695921,-21821897197.661724,-12049325792.684656,8523767809.365444,1083234388.7623503,745959479.9417115,3104925892.542455,0.0,-20396605415.94072
2050,P0080,Shandong,4950.0,0.0,0.0,-0.0,9714350250.000002,0.0,0.0,0.0,0.0,9714350250.000002
2050,P0081,Gansu,2100.0,0.0,0.0,-0.0,3959172000.0,0.0,0.0,1220329892.7490594,0.0,5179501892.74906
2050,P0082,Liaoning,2500.0,-980605289.5125,-410201938.6666649,-2674344835.487499,267435374.99999994,0.0,0.0,0.0,0.0,-3797716688.666664
2050,P0083,Shaanxi,12790.0,0.0,0.0,-0.0,26118459000.0,0.0,0.0,11191250000.0,0.0,37309709000.0
2050,P0084,Shaanxi,2690.0,0.0,0.0,-0.0,5493249000.0,0.0,0.0,0.0,0.0,5493249000.0
2050,P0085,Jiangsu,10050.0,-4892447434.627969,-2667339197.5999947,-18873875477.872032,1738999237.5000002,0.0,0.0,0.0,0.0,-24694662872.599995
2050,P0086,Shaanxi,9460.0,0.0,0.0,-0.0,19318266000.0,0.0,0.0,0.0,0.0,19318266000.0
2050,P0087,Hebei,3050.0,-2281448185.61166,-1470771073.1999989,-4125319746.88834,468787897.50000006,0.0,0.0,0.0,0.0,-7408751108.199999
2050,P0088,Zhejiang,2850.0,-1719875518.2376685,-11831434513.007998,-5718322239.262332,544258372.5,514077169.30968356,398758178.3815365,0.0,0.0,-17812538550.31678
2050,P0089,Ningxia,26450.0,-5098560606.400885,-639322432.5956498,-0.0,47774978924.52786,614632091.3209153,570000292.1198994,14608406965.47481,11400005842.397987,69230141076.84494
2050,P0090,Guangdong,7236.0,0.0,0.0,-0.0,15732981540.000002,0.0,0.0,0.0,0.0,15732981540.000002
2050,P0091,Guangdong,7380.0,-2226123251.01351,-30490966992.815994,-14586598287.986488,1230199137.0,1311335186.0899854,1032573809.2827156,0.0,0.0,-43729580399.44329
2050,P0092,Jiangxi,7650.0,131729808.51792245,-3946750790.3999987,-17324015448.51792,1257972120.0,0.0,0.0,0.0,0.0,-19881064310.399998
2050,P0093,Hunan,4625.0,0.0,0.0,-0.0,8131235625.0,0.0,0.0,0.0,0.0,8131235625.0
2050,P0094,Fujian,1260.0,-498736486.9872,-699123458.8799992,-2546687671.0128,222835914.0,0.0,0.0,0.0,0.0,-3521711702.879999
2050,P0095,Anhui,3210.0,-1268236089.406348,-863269086.9439974,-6423598492.093652,562817164.5000001,0.0,0.0,0.0,0.0,-7992286503.943997
2050,P0096,Guangdong,4670.0,-1408671488.107465,-19294419492.744003,-9230272900.392532,778459345.4999999,829801533.7452888,653403751.9444826,0.0,0.0,-27671699250.05423
2050,P0097,Gansu,2120.0,0.0,0.0,-0.0,3996878400.0,0.0,0.0,0.0,0.0,3996878400.0
2050,P0098,Xinjiang,24420.0,0.0,0.0,-0.0,58035106799.99999,0.0,0.0,1294859849.1177409,0.0,59329966649.11774
2050,P0099,Sichuan,1000.0,-268913204.32117337,-3747214728.106663,-2086889395.6788259,172375799.99999994,187611356.67152643,139915150.30931106,0.0,0.0,-5603115021.125826
2050,P0100,Jiangxi,3180.0,-425332089.41160905,-802076064.7679979,-6721265078.588389,522921743.9999999,0.0,0.0,0.0,0.0,-7425751488.767996
2050,P0101,Qinghai,4870.0,0.0,0.0,-0.0,8978575500.0,0.0,0.0,3072605842.941981,0.0,12051181342.94198
2050,P0102,Hunan,2520.0,-249102959.77375233,-520991678.5919985,-4392997482.226248,339665886.0,0.0,0.0,0.0,0.0,-4823426234.591999
2050,P0103,Inner Mongolia,3800.0,-2404135995.351546,6761552078.710068,-0.0,4387265172.644774,0.0,0.0,202792778.2301609,0.0,8947474034.233458
2050,P0104,Inner Mongolia,4540.0,-5860875391.1394005,16483516015.999998,-0.0,0.0,0.0,0.0,0.0,0.0,10622640624.860598
2050,P0105,Liaoning,1300.0,-509914750.54650015,-3023113705.8026648,-1390659314.4534998,139066395.0,125020272.36936963,181889695.40210438,0.0,0.0,-4477711408.031191
2050,P0106,Hubei,10550.0,0.0,0.0,-0.0,17801225999.999996,0.0,0.0,0.0,0.0,17801225999.999996
2050,P0107,Liaoning,4640.0,0.0,0.0,-0.0,6474261600.0,0.0,0.0,0.0,0.0,6474261600.0
2050,P0108,Guangdong,4720.0,-763941948.330177,-309052345.5939317,-0.0,4755975703.497341,450012799.83909523,283479882.7240184,382794069.77163994,177419719.52775487,4976687881.43574
2050,P0109,Shaanxi,8340.0,-6279923918.362799,-32362749904.32,-11564898861.6372,1305718740.0,1039684407.6611843,1166892353.5796542,0.0,9608134395.810944,-37087142787.26822
2050,P0110,Guizhou,13260.0,-6712379568.559412,-5569807717.639092,-17550040413.580692,6945170508.951814,0.0,0.0,1694091616.218498,0.0,-21192965574.608887
2050,P0111,Guangxi,122.8,385339.8394591282,-502620708.67007965,-277530437.15945905,20278909.559999995,24949986.30063537,17181580.457983397,0.0,0.0,-717355329.671461
2050,P0112,Guangdong,8520.0,0.0,0.0,-0.0,18524737800.0,0.0,0.0,10437000000.0,0.0,28961737800.0
2050,P0113,Inner Mongolia,4000.0,-6175070367.832267,-15094156516.266657,-3314338632.1677327,694347000.0,297959043.0318792,559660601.2372442,0.0,11193212024.744883,-11838386847.25265
2050,P0114,Guangxi,6160.0,19329750.904464412,-25212895483.775993,-13921722254.904465,1017248232.0,1251562830.7159111,861877325.905356,0.0,0.0,-35984599599.154724
2050,P0115,Shandong,2190.0,0.0,0.0,-0.0,4297864050.0,0.0,0.0,383250000.0,0.0,4681114050.0
2050,P0116,Liaoning,820.0,-258982455.9572499,-275208209.7599998,-939841185.0427499,87718802.99999997,0.0,0.0,0.0,0.0,-1386313047.7599998
2050,P0117,Henan,2320.0,-703004022.75069,-441916460.71466494,-3234526425.2493095,288111983.99999994,0.0,0.0,0.0,0.0,-4091334924.7146645
2050,P0118,Liaoning,5440.0,-2133797109.9792001,-892599418.5386641,-5819374362.020798,581939375.9999999,0.0,0.0,0.0,0.0,-8263831514.538662
2050,P0119,Guizhou,5740.0,0.0,0.0,-0.0,12261759300.0,0.0,0.0,0.0,0.0,12261759300.0
2050,P0120,Inner Mongolia,4700.0,-6309311028.002532,17064432879.999996,-0.0,0.0,0.0,0.0,0.0,0.0,10755121851.997463
2050,P0121,Guangdong,6760.0,0.0,0.0,-0.0,14698031400.0,0.0,0.0,5915000000.0,0.0,20613031400.0
2050,P0122,Shaanxi,7390.0,0.0,0.0,-0.0,15091119000.0,0.0,0.0,5173000000.0,0.0,20264119000.0
2050,P0123,Hebei,6728.0,0.0,0.0,-0.0,13488260760.000002,0.0,0.0,0.0,0.0,13488260760.000002
2050,P0124,Henan,11670.0,-2932875456.9318657,-1843639438.3249133,-13494180488.886759,4427282972.666728,0.0,0.0,0.0,0.0,-13843412411.47681
2050,P0125,Xinjiang,11910.0,0.0,0.0,-0.0,28304591399.999996,0.0,0.0,0.0,0.0,28304591399.999996
2050,P0126,Jiangsu,17212.0,0.0,0.0,-0.0,38847053700.00001,0.0,0.0,0.0,0.0,38847053700.00001
2050,P0127,Hebei,1750.0,0.0,0.0,-0.0,3508391250.0000005,0.0,0.0,209083434.8822123,0.0,3717474684.8822126
2050,P0128,Xinjiang,970.0,-451083723.4528646,-1260932303.2200701,-244194445.2770358,1692543738.266652,21953080.630405515,39066906.644191355,91121297.71237046,781338132.883827,669812684.1874759
2050,P0129,Inner Mongolia,13430.0,0.0,0.0,-0.0,30407870250.0,0.0,0.0,0.0,0.0,30407870250.0
2050,P0130,Hebei,1300.0,0.0,0.0,-0.0,2606233500.0,0.0,0.0,0.0,0.0,2606233500.0
2050,P0131,Zhejiang,12300.0,0.0,0.0,-0.0,30637885500.0,0.0,0.0,0.0,0.0,30637885500.0
2050,P0132,Jilin,1720.0,-696263626.9960456,-4671499695.01013,-2240619345.003954,214893875.99999997,201431679.11585543,240654058.532015,0.0,0.0,-6951403053.36226
2050,P0133,Anhui,6100.0,-1538126640.7105193,-15499527674.400007,-13078755274.289488,1069527945.0000002,616705679.4991869,447658073.3280223,0.0,0.0,-27982517891.572807
2050,P0134,Shanxi,3205.0,0.0,0.0,-0.0,6676896375.0,0.0,0.0,0.0,0.0,6676896375.0
2050,P0135,Liaoning,1900.0,-600081300.3887498,-637677559.1999998,-2177680794.61125,203250884.99999997,0.0,0.0,0.0,0.0,-3212188769.2
2050,P0136,Inner Mongolia,880.0,-1358515480.9230986,-3320714433.578665,-729154499.0769012,152756340.0,65550989.46701341,123125332.27219373,0.0,0.0,-5066951751.8394575
2050,P0137,Xinjiang,1400.0,0.0,0.0,-0.0,3327155999.9999995,0.0,0.0,0.0,0.0,3327155999.9999995
2050,P0138,Jilin,1200.0,-485765321.160032,-229961797.1199995,-1563222798.8399682,149925960.00000003,0.0,0.0,0.0,0.0,-2129023957.12
2050,P0139,Heilongjiang,1195.0,-598501681.975308,-219967168.07999954,-1361433054.2746918,143409858.75,0.0,0.0,0.0,0.0,-2036492045.5799994
2050,P0140,Guangdong,11480.0,-3125135888.5017433,-34139525336.357323,-17439824932.89978,3707565988.8078685,1733257869.3766937,1338754211.2569091,1440222543.3068185,2006730822.70438,-44477954722.30618
2050,P0141,Shandong,10750.0,-591244104.2113563,-6908885724.237247,-3874107255.4473586,17161819150.449226,289719782.89021605,252749006.8589427,1790762059.9434397,2.0038475756379984e-05,8120812916.245883
2050,P0142,Jiangsu,6670.0,-2352295607.7338533,-28605855699.959995,-13420975419.766148,1154141782.5,1206545690.2369766,933234052.5631047,0.0,0.0,-41085205202.15991
2050,P0143,Yunnan,2500.0,-2231921661.605866,-592965178.6666651,-3051471588.394132,386589749.9999999,0.0,0.0,0.0,0.0,-5489768678.666663
2050,P0144,Shanxi,7105.0,-6975232671.368317,-1740588546.1066594,-8533627049.8816805,1134794613.7499998,0.0,0.0,0.0,0.0,-16114653653.606655
2050,P0145,Liaoning,2640.0,-1035519185.7252,-433173247.2319988,-2824108146.2747993,282411755.99999994,0.0,0.0,0.0,0.0,-4010388823.2319984
2050,P0146,Shanxi,4300.0,0.0,0.0,-0.0,8958082500.0,0.0,0.0,0.0,0.0,8958082500.0
2050,P0147,Inner Mongolia,3120.0,0.0,0.0,-0.0,7064225999.999999,0.0,0.0,0.0,0.0,7064225999.999999
2050,P0148,Shandong,2090.0,0.0,0.0,-0.0,4101614550.000001,0.0,0.0,0.0,0.0,4101614550.000001
2050,P0149,Shaanxi,9340.0,-6100220209.957682,-13856907242.139174,-8045796554.316931,2733594133.257718,723317110.2330958,811816738.7380763,1564120640.5984015,16236334774.761524,-5933740608.824974
2050,P0150,Guizhou,140.0,-86692295.74843599,-71935654.55999999,-226663775.25156403,22928493.0,0.0,0.0,0.0,0.0,-362363232.56
2050,P0151,Shandong,3875.0,0.0,0.0,-0.0,7604668125.000002,0.0,0.0,0.0,0.0,7604668125.000002
2050,P0152,Guangdong,1330.0,0.0,0.0,-0.0,2891772450.0,0.0,0.0,0.0,0.0,2891772450.0
2050,P0153,Heilongjiang,2125.0,-1064281233.6380998,-5543733221.399997,-2420958360.1119,255017531.25,217644156.57405978,297319694.407286,0.0,0.0,-8258991432.918651
2050,P0154,Tianjin,6104.0,0.0,0.0,-0.0,11941713000.0,0.0,0.0,0.0,0.0,11941713000.0
2050,P0155,Shanxi,3062.0,-3006074938.7374787,-10631404820.971727,-3677686984.7625194,489055750.4999999,330624059.93015045,428420190.2471104,0.0,0.0,-16067066743.794464
2050,P0156,Yunnan,600.0,-535661198.7854078,-142311642.87999973,-732353181.2145917,92781539.99999997,0.0,0.0,0.0,0.0,-1317544482.8799992
2050,P0157,Guizhou,5160.0,-3195230329.0137835,-2651342696.639998,-8354179144.986217,845078742.0,0.0,0.0,0.0,0.0,-13355673428.64
2050,P0158,Guangxi,1525.0,4785368.527485102,-790104915.5999997,-3446530266.0274844,251834992.5,0.0,0.0,0.0,0.0,-3980014820.599999
2050,P0159,Fujian,3410.0,-1349755095.7351997,-14947370522.831993,-6892226157.264797,603071798.9999998,619611131.5381054,477110662.5547507,0.0,1303610704.6357045,-20185947478.103428
2050,P0160,Hubei,4420.0,-266854193.36617526,-14171704390.272,-7547424694.633824,571776503.9999999,678513480.0475807,618424964.3671548,0.0,0.0,-20117268329.857265
2050,P0161,Zhejiang,475.0,-286645919.706278,-1971905752.1679997,-953053706.5437218,90709728.74999999,85679528.21828058,66459696.39692275,0.0,0.0,-2968756425.052796
2050,P0162,Shandong,1370.0,-373000569.654045,-646702285.6799995,-2444073780.845955,206127391.5,0.0,0.0,0.0,0.0,-3257649244.6799994
2050,P0163,Hebei,2600.0,0.0,0.0,-0.0,5212467000.0,0.0,0.0,0.0,0.0,5212467000.0
2050,P0164,Hunan,3200.0,82136602.75680067,-1353225139.199999,-5976867322.756799,431321759.99999994,0.0,0.0,0.0,0.0,-6816634099.199997
2050,P0165,Hebei,1200.0,0.0,0.0,-0.0,2405754000.0,0.0,0.0,0.0,0.0,2405754000.0
2050,P0166,Guangxi,1840.0,-271455279.48118,-466061158.229332,-3881207416.5188193,303853368.0,0.0,0.0,0.0,0.0,-4314870486.229331
2050,P0167,Shandong,12066.0,0.0,0.0,-0.0,23679464670.000004,0.0,0.0,0.0,0.0,23679464670.000004
2050,P0168,Xinjiang,1620.0,0.0,0.0,-0.0,3849994799.999999,0.0,0.0,3118500000.0000005,0.0,6968494800.0
2050,P0169,Guizhou,1500.0,-1090748722.4843597,-376805809.5999997,-2266637752.51564,245662424.99999997,0.0,0.0,0.0,0.0,-3488529859.5999994
2050,P0170,Shandong,7570.0,0.0,0.0,-0.0,14856087150.000002,0.0,0.0,0.0,0.0,14856087150.000002
2050,P0171,Shaanxi,3350.0,-2832202942.319867,-11401465547.413326,-4335681507.680134,524479350.0,389777767.5404439,468715753.536192,0.0,6293925106.573329,-10892452019.76336
2050,P0172,Sichuan,3260.0,-876657046.0870254,-12215920013.627724,-6803259429.912973,561945107.9999999,611613022.7491763,456123390.008354,0.0,1520915518.5078413,-16745239450.362352
2050,P0173,Ningxia,5360.0,0.0,0.0,-0.0,11989810800.0,0.0,0.0,0.0,0.0,11989810800.0
2050,P0174,Shanxi,8090.0,-7942242408.356045,-28088852058.02132,-9716684424.143955,1292116597.5,873529929.7305415,1131913566.0023265,0.0,7883597468.741962,-34566621328.54648
2050,P0175,Guizhou,1800.0,-1308898466.981232,-452166971.5199981,-2719965303.018768,294794910.0,0.0,0.0,0.0,0.0,-4186235831.5199976
2050,P0176,Hubei,4700.0,-818795123.636416,-6335768515.413337,-7490505956.36359,607997640.0000001,296186622.4640652,289239228.9957411,0.0,385652305.32765764,-13065993798.62588
2050,P0177,Jilin,2060.0,-833897134.6580546,-5594935681.233064,-2683532471.341945,257372898.0,241249569.17364082,288225209.63718075,0.0,0.0,-8325517610.422241
2050,P0178,Shaanxi,1400.0,-1054183871.1879996,-5432595907.199999,-1941349928.8119998,219185399.99999997,174527358.60019878,195881210.43303546,0.0,0.0,-7838535738.166764
2050,P0179,Fujian,6250.0,0.0,0.0,-0.0,14417437499.999998,0.0,0.0,0.0,0.0,14417437499.999998
2050,P0180,Inner Mongolia,1500.0,-1936412574.1650002,5446095600.0,-0.0,0.0,0.0,0.0,0.0,0.0,3509683025.835
2050,P0181,Xinjiang,4355.0,-3839429046.7754297,-9253250878.51929,-1783282580.8181276,5073295375.413473,186855102.6257313,323075356.33980393,2769777788.6146154,6461507126.796078,-61451756.32314587
2050,P0182,Jiangxi,5813.0,100097434.89080824,-2999014685.567998,-13163987163.690804,955894370.3999999,0.0,0.0,0.0,0.0,-15107010043.967993
2050,P0183,Xinjiang,270.0,-436190938.7100479,-154342013.75999987,-236132227.28995198,49194377.999999985,0.0,0.0,0.0,0.0,-777470801.7599998
2050,P0184,Shandong,6490.0,0.0,0.0,-0.0,12736592550.000002,0.0,0.0,0.0,0.0,12736592550.000002
2050,P0185,Guizhou,1500.0,-928846025.8760997,-770739155.9999996,-2428540449.1239004,245662424.99999997,0.0,0.0,0.0,0.0,-3882463206.0
2050,P0186,Ningxia,4850.0,0.0,0.0,-0.0,10848989250.0,0.0,0.0,0.0,0.0,10848989250.0
2050,P0187,Inner Mongolia,200.0,-296916594.70530003,-108921911.99999993,-177553855.29469997,34717350.0,0.0,0.0,0.0,0.0,-548675012.0
2050,P0188,Xinjiang,4000.0,-1302339820.063668,-107524796.14832225,-0.0,7590331750.59987,63381517.868119285,90233161.64899355,2725738219.843319,1804663232.979871,10864483266.728182
2050,P0189,Yunnan,1000.0,-892768664.6423466,-237186071.4666661,-1220588635.3576534,154635900.0,0.0,0.0,0.0,0.0,-2195907471.466666
2050,P0190,Jiangsu,2240.0,-1090455945.6285222,-8425848260.778664,-4206714534.3714767,387597839.99999994,378183636.6399957,313409936.6928567,0.0,2023277934.2739,-10620549393.171913
2050,P0191,Hunan,2100.0,53902145.55915045,-888053997.5999995,-3922319180.5591497,283054905.0,0.0,0.0,0.0,0.0,-4473416127.599998
2050,P0192,Shaanxi,3420.0,-2575220599.6163993,-13271055716.159994,-4742440540.3836,535438620.0,426345404.58048564,478509814.0578438,0.0,0.0,-19148423017.521667
2050,P0193,Guangxi,1370.0,4298986.808298092,-5607413443.632,-3096227189.808298,226238649.0,278350824.36376595,191683755.92375615,0.0,0.0,-8003068417.344478
2050,P0194,Shaanxi,660.0,-496972396.4171998,-2561080927.679999,-915207823.5827999,103330259.99999999,82277183.3400937,92343999.2041453,0.0,1846879984.0829058,-1848429721.0528536
2050,P0195,Sichuan,600.0,-161347922.59270403,-158637698.5599997,-1252133637.4072955,103425479.99999997,0.0,0.0,0.0,0.0,-1468693778.5599992
2050,P0196,Xinjiang,120.0,0.0,0.0,-0.0,285184799.99999994,0.0,0.0,0.0,0.0,285184799.99999994
2050,P0197,Fujian,1320.0,-522485843.5104,-5786078912.063999,-2667958512.4895997,233447148.0,239849470.27281505,184687998.4082906,0.0,0.0,-8318538651.382894
2050,P0198,Gansu,660.0,-362512467.107648,-2073804808.3455992,-941249156.892352,95397192.0,84618299.20462243,92343999.2041453,0.0,0.0,-3105206941.9368315
2050,P0199,Inner Mongolia,260.0,-385991573.1168901,-141598485.5999999,-230820011.88311,45132555.0,0.0,0.0,0.0,0.0,-713277515.5999999
2050,P0200,Xinjiang,2020.0,-3209708156.58565,-5377737599.204962,-1020276344.8562613,291475507.01963055,156208212.1301767,255031307.84259155,52300669.02681411,5100626156.851831,-3752080247.7758293
2050,P0201,Heilongjiang,700.0,-293623033.1957999,-2082116005.2,-854455891.8042002,84005775.00000001,76815584.6731976,97940605.21651773,0.0,0.0,-2971432965.3102846
2050,P0202,Jiangxi,1920.0,-256804280.3994621,-484272340.9919992,-4058122311.600538,315726336.0,0.0,0.0,0.0,0.0,-4483472596.991999
2050,P0203,Inner Mongolia,1350.0,-2012157783.667697,1032605256.6265504,-822609302.8883976,172334925.61352277,0.0,0.0,0.0,0.0,-1629826904.3160212
2050,P0204,Heilongjiang,700.0,-293623033.1957999,-2082116005.2,-854455891.8042002,84005775.00000001,76815584.6731976,97940605.21651773,0.0,0.0,-2971432965.3102846
2050,P0205,Inner Mongolia,600.0,0.0,0.0,-0.0,1358504999.9999998,0.0,0.0,0.0,0.0,1358504999.9999998
2050,P0206,Hubei,1050.0,-63392964.48743984,-426149539.19999975,-1792940255.51256,135829260.0,0.0,0.0,0.0,0.0,-2146653499.1999993
2050,P0207,Xinjiang,9000.0,-6160338385.6621,-6684418386.633787,-1232417920.9670782,12840102846.053604,299807770.17584807,505687892.40731424,575199633.4989105,10113757848.146286,10257381297.018997
2050,P0208,Sichuan,330.0,-39550393.09927194,-178467410.87999976,-737864464.9007279,56884013.999999985,0.0,0.0,0.0,0.0,-898998254.8799996
2050,P0209,Zhejiang,2400.0,-1448316225.8843527,-9963313274.111992,-4815429254.115648,458322840.00000006,432907089.9449967,335796360.7423465,0.0,0.0,-15000032463.424652
2050,P0210,Anhui,1320.0,-332840518.97342384,-726114185.2799991,-2830156879.026576,231438834.00000003,0.0,0.0,0.0,0.0,-3657672749.279999
2050,P0211,Henan,1260.0,0.0,0.0,-0.0,2040973200.0,0.0,0.0,0.0,0.0,2040973200.0
2050,P0212,Gansu,2650.0,-637210750.3136867,-150705659.48400757,-0.0,2310892632.253599,195648269.87397572,159421599.57550195,1072513447.7021935,0.0019278069969382848,2950559539.609504
2050,P0213,Hubei,3670.0,-221573504.44657543,-1489494103.679999,-6266753083.553422,474755603.99999994,0.0,0.0,0.0,0.0,-7503065087.6799965
2050,P0214,Xinjiang,965.0,-351566938.6216639,953722726.0243769,-0.0,1698606074.070164,0.0,0.0,875555404.3845047,0.0,3176317265.857382
2050,P0215,Hebei,1320.0,0.0,0.0,-0.0,2646329400.0000005,0.0,0.0,0.0,0.0,2646329400.0000005
2050,P0216,Heilongjiang,100.0,-50083822.75943998,-18407294.39999994,-113927452.24055998,12000824.999999998,0.0,0.0,0.0,0.0,-170417744.39999992
2050,P0217,Hainan,300.0,-245076817.75180796,-1131926741.7919993,-466543987.24819195,52069814.99999999,41942304.453612454,41974545.092793316,0.0,0.0,-1707560882.2455935
2050,P0218,Hubei,1980.0,-344939222.29789424,-392869289.4719985,-3155574849.7021046,256135175.9999999,0.0,0.0,0.0,0.0,-3637248185.4719973
2050,P0219,Jilin,810.0,-327891591.78302145,-2199950437.766399,-1055175389.2169782,101200022.99999999,94860267.49060634,113331271.75054196,0.0,0.0,-3273625856.52525
2050,P0220,Hebei,1320.0,-987380854.1007841,-636530431.6799994,-1785384283.8992164,202885254.00000003,0.0,0.0,0.0,0.0,-3206410315.68
2050,P0221,Gansu,4130.0,0.0,0.0,-0.0,7786371600.0,0.0,0.0,0.0,0.0,7786371600.0
2050,P0222,Jiangxi,4000.0,68878331.25120127,-2063660543.9999983,-9058308731.251202,657763200.0,0.0,0.0,0.0,0.0,-10395327743.999998
2050,P0223,Anhui,6425.0,0.0,0.0,-0.0,14693621625.000002,0.0,0.0,0.0,0.0,14693621625.000002
2050,P0224,Xinjiang,1100.0,-1325294490.1732068,-3704648487.751496,-717448970.1807551,814066942.1483111,64498662.41924987,114779482.01575495,146815918.07566229,2295589640.3150992,-2311641303.1313796
2050,P0225,Heilongjiang,1200.0,-503353771.19279975,-3569341723.1999993,-1464781528.8072,144009900.0,131683859.4397673,167898180.37117326,0.0,3357963607.423465,-1735921475.9655943
2050,P0226,Anhui,2640.0,-665681037.9468477,-1452228370.5599983,-5660313758.053152,462877668.00000006,0.0,0.0,0.0,0.0,-7315345498.559998
2050,P0227,Shanxi,3700.0,0.0,0.0,-0.0,7708117500.0,0.0,0.0,2878035679.513478,0.0,10586153179.513477
2050,P0228,Liaoning,1200.0,-470690538.9660001,-2367888232.8640013,-1283685521.0340002,128368980.0,96596584.72412635,140536594.9007451,0.0,429901720.4038001,-3326860412.83533
2050,P0229,Henan,3730.0,0.0,0.0,-0.0,6041928600.0,0.0,0.0,0.0,0.0,6041928600.0
2050,P0230,Inner Mongolia,1320.0,-1959649525.0549803,-3831864311.1574545,-779073619.544987,152333338.41508263,105349804.5005573,172307275.26411644,0.0,2455687653.748392,-3684909383.829273
2050,P0231,Fujian,1200.0,-636681585.7664002,-325517800.95999956,-2263722374.2335997,212224679.99999997,0.0,0.0,0.0,0.0,-3013697080.9599996
2050,P0232,Inner Mongolia,1200.0,-1781499568.2317998,-653531471.9999995,-1065323131.7681996,208304099.99999994,0.0,0.0,0.0,0.0,-3292050071.9999986
2050,P0233,Xinjiang,600.0,0.0,0.0,-0.0,1425923999.9999998,0.0,0.0,0.0,0.0,1425923999.9999998
2050,P0234,Hunan,60.0,1540061.3016900127,-25372971.359999985,-112066262.30169,8087282.999999999,0.0,0.0,0.0,0.0,-127811889.35999995
2050,P0235,Inner Mongolia,2640.0,-3779022586.734007,2386728256.0000043,-0.0,0.0,152883785.3914904,214415587.7414099,0.0,0.001687601283272938,-1024994957.5994146
2050,P0236,Henan,5330.0,0.0,0.0,-0.0,8633640600.0,0.0,0.0,0.0,0.0,8633640600.0
2050,P0237,Jiangxi,2700.0,46492873.594560854,-1392970867.1999998,-6114358393.594561,443990159.99999994,0.0,0.0,0.0,0.0,-7016846227.2
2050,P0238,Sichuan,2000.0,-239699352.11679962,-8544803308.799996,-4471905847.883199,344751599.9999999,402024335.72469956,279830300.6186221,0.0,0.0,-12229802272.456675
2050,P0239,Guizhou,3720.0,-2705056831.7612123,-934478407.8079967,-5621261626.238786,609242813.9999999,0.0,0.0,0.0,0.0,-8651554051.807995
2050,P0240,Guangdong,2000.0,-603285433.8790001,-8263134686.399996,-3953007666.1210003,333387300.0,355375389.1842779,279830300.6186221,0.0,0.0,-11850834796.597095
2050,P0241,Guangxi,700.0,2196562.602780047,-362671108.79999995,-1582013892.6027799,115596389.99999999,0.0,0.0,0.0,0.0,-1826892048.7999997
2050,P0242,Xinjiang,5280.0,-1488894015.8928194,-122927229.19110219,-0.0,10357869355.844292,72460629.10633661,103158647.49317735,0.0,2063172949.863547,10984840337.22343
2050,P0243,Anhui,24460.0,0.0,0.0,-0.0,55938674700.00001,0.0,0.0,8561000000.0,0.0,64499674700.00001
2050,P0244,Gansu,3610.0,0.0,0.0,-0.0,6806005200.000001,0.0,0.0,0.0,0.0,6806005200.000001
2050,P0245,Hubei,1933.0,-116703428.90878208,-784521008.8319997,-3300717632.291218,250055199.59999996,0.0,0.0,0.0,0.0,-3951886870.4319997
2050,P0246,Inner Mongolia,8170.0,-6730314947.650737,18928785689.599453,-0.0,6694050381.485927,0.0,0.0,1552166440.4386196,0.0,20444687563.87326
2050,P0247,Shandong,2060.0,0.0,0.0,-0.0,4042739700.0,0.0,0.0,0.0,0.0,4042739700.0
2050,P0248,Henan,8390.0,0.0,0.0,-0.0,13590289800.0,0.0,0.0,0.0,0.0,13590289800.0
2050,P0249,Gansu,600.0,-329556788.2796801,-1885277098.4959989,-855681051.72032,86724720.00000001,76925726.54965676,83949090.18558663,0.0,1242836537.6174788,-1580078864.1432772
2050,P0250,Gansu,600.0,-268436713.15680003,-670280600.6342425,-266684380.5543316,33635979.93759657,82420421.30320373,73671163.8288619,0.0,1473423276.577238,457749147.3015263
2050,P0251,Hebei,1360.0,0.0,0.0,-0.0,2726521200.0000005,0.0,0.0,0.0,0.0,2726521200.0000005
2050,P0252,Guangxi,2090.0,6558308.34258614,-1082832310.5599992,-4723441479.3425865,345137793.0,0.0,0.0,0.0,0.0,-5454577688.559999
2050,P0253,Guangxi,1140.0,3577259.0959560764,-590635805.7599992,-2576422625.095956,188256978.0,0.0,0.0,0.0,0.0,-2975224193.759999
2050,P0254,Jiangxi,1320.0,22729849.312896416,-681007979.5199996,-2989241881.3128953,217061855.99999994,0.0,0.0,0.0,0.0,-3430458155.5199986
2050,P0255,Anhui,4920.0,-1240587388.900943,-2706425599.679998,-10548766549.099054,862635653.9999999,0.0,0.0,0.0,0.0,-13633143883.679996
2050,P0256,Heilongjiang,56.0,-23489842.655663986,-166569280.41599995,-68356471.344336,6720462.0,6145246.773855807,7835248.417321419,0.0,0.0,-237714637.22482273
2050,P0257,Inner Mongolia,72.0,-106889974.093908,-39211888.31999998,-63919387.90609198,12498245.999999996,0.0,0.0,0.0,0.0,-197523004.31999996
2050,P0258,Xinjiang,700.0,-1130865396.6556797,-3161153096.6399984,-612194663.3443199,127540979.99999997,55036300.23465436,97940605.21651773,0.0,1958812104.3303545,-2664883166.858472
2050,P0259,Guizhou,4380.0,0.0,0.0,-0.0,9356534100.0,0.0,0.0,0.0,0.0,9356534100.0
2050,P0260,Ningxia,2660.0,-2663231229.912484,-11306587239.023998,-3571221841.087517,456179493.0,321052843.5137677,372174299.8227674,0.0,0.0,-16391633673.687464
2050,P0261,Xinjiang,700.0,0.0,0.0,-0.0,1663577999.9999998,0.0,0.0,0.0,0.0,1663577999.9999998
2050,P0262,Guizhou,1200.0,-743076820.7008798,-616591324.7999994,-1942832359.29912,196529939.99999997,0.0,0.0,0.0,0.0,-3105970564.799999
2050,P0263,Shaanxi,700.0,-527091935.5939998,-2716297953.5999994,-970674964.4059999,109592699.99999999,87263679.30009939,97940605.21651773,0.0,0.0,-3919267869.083382
2050,P0264,Sichuan,1200.0,-322695845.18540806,-4496657673.727997,-2504267274.814591,206850959.99999994,225133628.00583172,167898180.37117326,0.0,0.0,-6723738025.35099
2050,P0265,Gansu,700.0,-259461749.34147888,-2077639126.9502876,-886148624.6481788,310177636.49479896,79664761.35587125,81142320.43384759,0.0,1622846408.6769516,-1129418373.9784758
2050,P0266,Heilongjiang,270.0,-113254598.51837994,-101658466.79999997,-329575843.98162,32402227.5,0.0,0.0,0.0,0.0,-512086681.79999995
2050,P0267,Hubei,4660.0,-281344013.82044727,-1891292240.6400003,-7957239610.179553,602823192.0,0.0,0.0,0.0,0.0,-9527052672.640001
2050,P0268,Inner Mongolia,90.0,-133612467.617385,-49014860.39999996,-79899234.88261497,15622807.499999998,0.0,0.0,0.0,0.0,-246903755.39999992
2050,P0269,Guangdong,15976.0,0.0,0.0,-0.0,34736057640.0,0.0,0.0,13979000000.0,0.0,48715057640.0
2050,P0270,Xinjiang,600.0,-926501507.3696725,547413449.5828162,-347054588.6409661,72303280.31113566,0.0,0.0,0.0,0.0,-653839366.1166867
2050,P0271,Guangdong,600.0,-260045783.48611993,-153408407.67999956,-1106842146.5138798,100016189.99999999,0.0,0.0,0.0,0.0,-1420280147.6799994
2050,P0272,Qinghai,1320.0,-642460197.4975957,-118141150.49869372,-0.0,328632344.1395164,140522419.8733345,127798393.16081175,467908715.51879734,310194602.3625767,614455127.0587473
2050,P0273,Fujian,600.0,-237493565.232,-332915932.79999965,-1212708414.768,106112339.99999999,0.0,0.0,0.0,0.0,-1677005572.7999995
2050,P0274,Hebei,1400.0,0.0,0.0,-0.0,2806713000.0,0.0,0.0,0.0,0.0,2806713000.0
2050,P0275,Gansu,3620.0,0.0,0.0,-0.0,6824858400.000001,0.0,0.0,2534000000.0,0.0,9358858400.0
2050,P0276,Xinjiang,600.0,0.0,0.0,-0.0,1425923999.9999998,0.0,0.0,0.0,0.0,1425923999.9999998
2050,P0277,Guangxi,700.0,2196562.602780047,-362671108.79999995,-1582013892.6027799,115596389.99999999,0.0,0.0,0.0,0.0,-1826892048.7999997
2050,P0278,Inner Mongolia,1620.0,-2385039880.516044,-6151181401.514721,-1346564959.6099489,263295702.15707904,121056189.86893436,212222751.69679317,0.0,4244455033.935863,-5041756563.982044
2050,P0279,Guangxi,1200.0,-177036051.83555216,-4307841970.431998,-2531222228.1644473,198165239.99999997,227556878.3119838,167898180.37117326,0.0,0.0,-6422479951.74884
2050,P0280,Anhui,1320.0,-332840518.97342384,-726114185.2799991,-2830156879.026576,231438834.00000003,0.0,0.0,0.0,0.0,-3657672749.279999
2050,P0281,Xinjiang,2020.0,-1767588499.6978896,-4941010553.448319,-956885098.530711,2399722613.225909,86023970.35791087,153085139.8814869,1458247766.1974354,3061702797.629738,-506701864.38443947
2050,P0282,Shandong,810.0,0.0,0.0,-0.0,1589620950.0000002,0.0,0.0,850500000.0,0.0,2440120950.0
2050,P0283,Hubei,1320.0,-79694012.49849579,-535730849.2799995,-2253982035.5015035,170756784.0,0.0,0.0,0.0,0.0,-2698650113.279999
2050,P0284,Shandong,8800.0,-2395916067.8508015,-5348464024.106968,-15699160052.149195,1324029960.0000007,58815739.35408164,51310337.04747602,0.0,0.0,-22009384107.705406
2050,P0285,Yunnan,1200.0,-1071322397.5708156,-284623285.75999945,-1464706362.4291835,185563079.99999994,0.0,0.0,0.0,0.0,-2635088965.7599983
2050,P0286,Jiangxi,1500.0,-200628344.06207976,-378337766.3999989,-3170408055.9379196,246661199.99999997,0.0,0.0,0.0,0.0,-3502712966.399998
2050,P0287,Gansu,1320.0,0.0,0.0,-0.0,2488622400.0,0.0,0.0,0.0,0.0,2488622400.0
2050,P0288,Inner Mongolia,1320.0,-1704043065.2652004,4792564128.0,-0.0,0.0,0.0,0.0,0.0,0.0,3088521062.7347994
2050,P0289,Inner Mongolia,510.0,-787321471.898614,-135789316.9599996,-422578175.60138595,88529242.5,0.0,0.0,0.0,0.0,-1257159721.9599996
2050,P0290,Guizhou,1860.0,-1352528415.8806062,-6622053808.057596,-2810630813.119393,304621406.99999994,252675710.09943342,260242179.57531855,0.0,5204843591.506371,-4762830148.876471
2050,P0291,Shanxi,970.0,0.0,0.0,-0.0,2020776750.0,0.0,0.0,169750000.0,0.0,2190526750.0
2050,P0292,Chongqing,600.0,-228917219.48572803,-2157340907.3919992,-1127361960.514272,99239939.99999999,101349840.25023302,83949090.18558663,0.0,1678981803.7117324,-1550099413.2444472
2050,P0293,Chongqing,200.0,-76305739.82857603,-719113635.797333,-375787320.17142403,33079980.0,33783280.083411016,27983030.06186221,0.0,0.0,-1076360405.65206
2050,P0294,Jiangxi,1320.0,-176552942.77463016,-332937234.43199885,-2789959089.225369,217061855.99999994,0.0,0.0,0.0,0.0,-3082387410.4319983
2050,P0295,Guangdong,3075.0,-1332734640.366365,-11142854557.383993,-5672566000.883635,512582973.75,509963683.4794387,430239087.20113146,0.0,0.0,-16695369454.203424
2050,P0296,Henan,3940.0,-801529180.4016554,-1535105573.759999,-5885483735.598344,489293628.0,0.0,0.0,0.0,0.0,-7732824861.759998
2050,P0297,Jiangxi,2000.0,34439165.625600636,-8151459148.799997,-4529154365.625601,328881600.0,407170977.46974146,279830300.6186221,0.0,622862244.9040474,-11007429225.807587
2050,P0298,Xinjiang,1000.0,0.0,0.0,-0.0,2376540000.0,0.0,0.0,0.0,0.0,2376540000.0
2050,P0299,Liaoning,520.0,-164232776.94849995,-174522279.35999978,-595996849.0515,55626557.999999985,0.0,0.0,0.0,0.0,-879125347.3599997
2050,P0300,Guangxi,1320.0,4142089.4795280886,-683894090.8799993,-2983226197.479528,217981764.0,0.0,0.0,0.0,0.0,-3444996434.879999
2050,P0301,Jiangsu,64.0,-22570752.458015986,-45392873.417438366,-128776975.54198411,11074224.000000002,514237.08677253965,397750.0100909769,0.0,7955000.201819537,-176799390.1187554
2050,P0302,Xinjiang,700.0,-1130865396.6556802,-2877536231.5298824,-555597251.4266894,115749813.21327114,55036300.23465438,96129682.93679069,0.0,2.435684495039056e-06,-4297083083.227533
2050,P0303,Henan,1300.0,-393924667.9206453,-247625602.98666582,-1812450152.0793545,161442060.0,0.0,0.0,0.0,0.0,-2292558362.9866657
2050,P0304,Inner Mongolia,100.0,-92335410.98791356,-62108537.695747145,-11525160.625524487,90101492.98323873,4963906.745407645,7688312.103313515,86003658.10237168,153766242.0662703,176554502.69141665
2050,P0305,Inner Mongolia,300.0,-445374892.05794996,-163382867.99999988,-266330782.9420499,52076024.999999985,0.0,0.0,0.0,0.0,-823012517.9999996
2050,P0306,Inner Mongolia,660.0,-979824762.52749,-2839594245.8399987,-585927722.47251,114567254.99999999,52674902.25027864,92343999.2041453,0.0,1846879984.0829058,-2298880590.3026695
2050,P0307,Hunan,4000.0,102670753.44600084,-1691531423.9999983,-7471084153.446,539152200.0,0.0,0.0,0.0,0.0,-8520792623.999998
2050,P0308,Qinghai,270.0,-176571197.795124,-829623621.0239995,-344997387.20487595,38163555.0,31015265.109718345,37777090.58351398,0.0,0.0,-1244236295.3307672
2050,P0309,Inner Mongolia,2000.0,-2969165947.0530005,-8604831047.999998,-1775538552.947,347173500.0,159620915.9099353,279830300.6186221,0.0,0.0,-12562910831.471441
2050,P0310,Shaanxi,2640.0,-1987889585.6687992,-10244323710.719995,-3660831294.3311996,413321039.99999994,329108733.3603748,369375996.8165812,0.0,0.0,-14781238820.543037
2050,P0311,Hunan,1320.0,33881348.637180276,-558205369.9199998,-2465457770.63718,177920225.99999997,0.0,0.0,0.0,0.0,-2811861565.9199996
2050,P0312,Shanxi,600.0,0.0,0.0,-0.0,1249965000.0,0.0,0.0,0.0,0.0,1249965000.0
2050,P0313,Xinjiang,800.0,-535569871.03303176,1452881659.9783416,-0.0,995194379.4480958,0.0,0.0,293130376.7719741,0.0,2205636545.1653795
2050,P0314,Inner Mongolia,1200.0,-1781499568.2317998,-5162898628.799998,-1065323131.7681996,208304099.99999994,95772549.54596116,167898180.37117326,0.0,0.0,-7537746498.882864
2050,P0315,Jiangxi,4820.0,0.0,0.0,-0.0,10338321600.0,0.0,0.0,0.0,0.0,10338321600.0
2050,P0316,Chongqing,1200.0,-296782730.3265596,-4919401491.839999,-2415775629.67344,198479879.99999997,217178229.10764223,167898180.37117326,0.0,3357963607.423465,-3690439954.9377193
2050,P0317,Jiangsu,1370.0,-483155169.8044046,-5875565563.559998,-2756632132.6955953,237057607.49999997,247821228.72933397,191683755.92375615,0.0,0.0,-8438790273.906907
2050,P0318,Jilin,550.0,-222642438.8650146,-105399157.01333295,-716477116.1349854,68716065.0,0.0,0.0,0.0,0.0,-975802647.0133331
2050,P0319,Inner Mongolia,700.0,0.0,0.0,-0.0,1584922499.9999998,0.0,0.0,0.0,0.0,1584922499.9999998
2050,P0320,Guizhou,300.0,-185769205.17521995,-154147831.19999984,-485708089.82478,49132484.99999999,0.0,0.0,0.0,0.0,-776492641.1999998
2050,P0321,Jilin,660.0,-267170926.63801754,-126478988.4159996,-859772539.3619825,82459278.0,0.0,0.0,0.0,0.0,-1170963176.4159997
2050,P0322,Xinjiang,700.0,0.0,0.0,-0.0,1663577999.9999998,0.0,0.0,0.0,0.0,1663577999.9999998
2050,P0323,Henan,4000.0,-813735208.5295998,-11042633485.037315,-5975110391.470396,496744800.0000002,473754077.69687766,493596498.97453237,0.0,9871929979.490644,-6495453728.875256
2050,P0324,Shaanxi,3180.0,-2688479210.91856,-10822883713.663996,-4115661849.081439,497863979.99999994,369998000.23242134,444930177.98360914,0.0,0.0,-16314232615.447964
2050,P0325,Zhejiang,999.0,-459688598.52253,-4728479675.911198,-2147595457.5274696,190776882.14999998,193068831.63171953,139775235.15900174,0.0,0.0,-6812142783.020476
2050,P0326,Zhejiang,6855.0,0.0,0.0,-0.0,17075016675.0,0.0,0.0,0.0,0.0,17075016675.0
2050,P0327,Chongqing,2860.0,-707332173.9449675,-10654533766.184883,-5757598584.055037,473043714.0000002,463522475.9863371,358344299.0534464,0.0,7166885981.068928,-8657668054.076176
2050,P0328,Inner Mongolia,2370.0,-3658729192.9406176,-8943287735.887995,-1963745639.5593815,411400597.49999994,176540732.99638838,331598906.2330672,0.0,6631978124.661344,-7014244206.997197
2050,P0329,Xinjiang,100.0,0.0,0.0,-0.0,237653999.99999994,0.0,0.0,0.0,0.0,237653999.99999994
2050,P0330,Gansu,6000.0,-274253659.43528277,-64863278.892824784,-0.0,10156215395.08368,84206448.10010688,68614594.23759602,995874280.0354586,1372291884.7519202,12338085663.880655
2050,P0331,Guangdong,5260.0,0.0,0.0,-0.0,11436633900.0,0.0,0.0,2761500000.0,0.0,14198133900.0
2050,P0332,Hebei,3840.0,-2872380666.4750075,-14628626648.063993,-5193845189.524992,590211647.9999999,466926682.53829676,537274177.1877544,0.0,0.0,-21100439996.337944
2050,P0333,Guangdong,3244.2,-978589302.295126,-13403630774.809437,-6412173735.214874,540787539.33,576454418.7958173,453912730.6334669,0.0,0.0,-19223239123.560146
2050,P0334,Hebei,700.0,-523611058.99283993,-337554016.7999997,-946794696.00716,107590664.99999999,0.0,0.0,0.0,0.0,-1700369106.7999997
2050,P0335,Hubei,4600.0,-277721558.7068792,-1866940838.3999994,-7854785881.2931185,595061519.9999998,0.0,0.0,0.0,0.0,-9404386758.399998
2050,P0336,Inner Mongolia,2000.0,-2969165947.0530005,-5592163827.742366,-1134979119.7018216,221924031.30857962,159620915.9099353,259639475.87177774,0.0,3577523537.688005,-5477600933.718889
2050,P0337,Guizhou,700.0,-433461478.7421799,-359678272.7999999,-1133318876.25782,114642464.99999999,0.0,0.0,0.0,0.0,-1811816162.7999997
2050,P0338,Guangxi,600.0,-88518025.91777608,-151976464.63999963,-1265611114.0822237,99082619.99999999,0.0,0.0,0.0,0.0,-1407022984.6399994
2050,P0339,Hainan,660.0,-539168999.0539775,-2490238831.942399,-1026396771.9460223,114553592.99999999,92273069.79794739,92343999.2041453,0.0,0.0,-3756633940.940306
2050,P0340,Inner Mongolia,3740.0,-5773690793.923169,-995788324.3733317,-3098906621.07683,649214445.0,0.0,0.0,0.0,0.0,-9219171294.373331
2050,P0341,Hebei,100.0,0.0,0.0,-0.0,200479500.0,0.0,0.0,0.0,0.0,200479500.0
2050,P0342,Zhejiang,5260.0,-2420382410.6391478,-23805484604.462086,-10796964463.88541,959124405.8021377,1016558612.9958408,729306018.1570144,0.0,23099707.400896568,-34294742734.630756
2050,P0343,Hunan,3920.0,100617338.37708083,-1657700795.5199995,-7321662470.37708,528369156.0,0.0,0.0,0.0,0.0,-8350376771.519999
2050,P0344,Xinjiang,3960.0,-640673858.9259894,-52895814.91516117,-0.0,8468624662.598263,31179943.215718742,44389357.51340777,1273636348.641998,887787150.2681553,10012047788.396393
2050,P0345,Gansu,2000.0,-468933289.9768541,-3754981817.775341,-1601563972.4136443,1946055455.942193,143980601.1199875,146651039.60014558,1673050021.0694299,2933020792.0029106,1017278829.5688262
2050,P0346,Inner Mongolia,5260.0,-6790353426.738601,19097641903.999996,-0.0,0.0,0.0,0.0,0.0,0.0,12307288477.261395
2050,P0347,Ningxia,760.0,0.0,0.0,-0.0,1700047800.0,0.0,0.0,0.0,0.0,1700047800.0
2050,P0348,Jiangsu,5130.0,-2497338839.765321,-19296697132.94399,-9634127482.734676,887668267.4999999,866108060.6978474,717764721.0867656,0.0,0.0,-28956622406.159374
2050,P0349,Guangdong,1300.0,-563432530.8865932,-4710800300.682665,-2398157984.113406,216701744.99999997,215594402.77179518,181889695.40210438,0.0,0.0,-7058204972.508764
2050,P0350,Guangxi,130.0,407933.05480200873,-67353205.91999997,-293802580.054802,21467901.0,0.0,0.0,0.0,0.0,-339279951.91999996
2060,P0001,Fujian,12260.0,-5695482899.651942,-35455010487.51533,-12150236616.363115,14562658056.976398,911267746.2272352,674170785.6198645,0.0,1374799335.5295677,-35777834079.17732
2060,P0002,Shanxi,14030.0,-10545709886.468607,-40291616821.06067,-9734439033.205116,13638335528.215673,730082927.4903833,848337106.8202946,0.0,9.782419030956518e-06,-45355010178.20802
2060,P0003,Chongqing,6765.0,-4818902296.701583,-34827572273.709595,-12711006104.798416,1118930323.4999998,953325457.859881,708100517.2798153,0.0,0.0,-49577124376.5699
2060,P0004,Inner Mongolia,2160.0,-847123605.0598329,-2420502383.2263565,-371198037.6347546,3954054369.029421,27839852.82260647,46891691.017571904,0.0,6.149745962440235e-06,389961886.94866115
2060,P0005,Sichuan,3765.0,-2310447988.2692175,-20200468123.48318,-7857138574.73078,648994886.9999999,589285393.1048084,394086984.1180347,0.0,0.0,-28735687422.260334
2060,P0006,Hebei,5140.0,0.0,0.0,-0.0,10304646300.0,0.0,0.0,0.0,0.0,10304646300.0
2060,P0007,Hebei,8696.0,0.0,0.0,-0.0,17433697320.0,0.0,0.0,0.0,0.0,17433697320.0
2060,P0008,Shandong,2736.0,-1893618760.9399788,-12731151111.849655,-4555610807.8600235,411652951.2000003,339322067.3261545,284411681.536359,0.0,5.723028895658668e-06,-18144993980.58714
2060,P0009,Inner Mongolia,21340.0,0.0,0.0,-0.0,48317494500.0,0.0,0.0,0.0,0.0,48317494500.0
2060,P0010,Yunnan,3720.0,-4471590528.469529,-1263339266.1119964,-4540589723.53047,575245547.9999999,0.0,0.0,0.0,0.0,-9700273970.111996
2060,P0011,Guangdong,8530.0,0.0,0.0,-0.0,18546480450.0,0.0,0.0,0.0,0.0,18546480450.0
2060,P0012,Liaoning,5600.0,-3394666328.508001,-1315629490.559996,-5990532431.492,599055240.0,0.0,0.0,0.0,0.0,-10101773010.559998
2060,P0013,Shanxi,17570.0,0.0,0.0,-0.0,36603141750.0,0.0,0.0,0.0,0.0,36603141750.0
2060,P0014,Guangdong,2460.0,-1886320470.2930918,-12763633402.094395,-4538052800.706907,410066378.99999994,340353960.053018,257491097.19266012,0.0,0.0,-18180095236.848713
2060,P0015,Hunan,2530.0,-932118996.5823783,-748925537.9759992,-4410430011.917622,341013766.49999994,0.0,0.0,0.0,0.0,-5750460779.975999
2060,P0016,Hubei,8480.0,-3671281409.1142135,-2409165394.94399,-13514785214.885784,1096982975.9999998,0.0,0.0,0.0,0.0,-18498249042.94399
2060,P0017,Jiangsu,9320.0,-7762443370.918672,-50196033530.83196,-17502937259.08132,1612683869.9999998,1312720294.4310992,975535376.3559319,0.0,0.0,-71560474620.04492
2060,P0018,Jilin,1060.0,-693961896.358028,-290849409.31199884,-1380846805.6419716,132434597.99999999,0.0,0.0,0.0,0.0,-2233223513.3119984
2060,P0019,Hunan,3870.0,-1425810480.9382625,-1145589656.9039967,-6746388990.561738,521629753.5,0.0,0.0,0.0,0.0,-8796159374.903997
2060,P0020,Zhejiang,12197.0,0.0,0.0,-0.0,30381324344.999996,0.0,0.0,0.0,0.0,30381324344.999996
2060,P0021,Shandong,10375.0,0.0,0.0,-0.0,20360885625.000004,0.0,0.0,0.0,0.0,20360885625.000004
2060,P0022,Shandong,3645.0,-2522748678.225957,-1204424001.395996,-6069152556.524043,548419227.75,0.0,0.0,0.0,0.0,-9247906008.395996
2060,P0023,Henan,5560.0,-3065736046.7990675,-1516403779.9679935,-7751709881.200931,690475272.0,0.0,0.0,0.0,0.0,-11643374435.96799
2060,P0024,Chongqing,1229.0,-875451725.4466,-5764957768.170572,-2309213082.4534016,203276477.10000005,156634385.9282725,116343153.10177927,0.0,155124204.13570476,-8318244355.804817
2060,P0025,Jilin,4300.0,-2815128447.490114,-16721845499.183994,-5601548362.509885,537234690.0,420116127.18824136,450086064.19855225,0.0,0.0,-23731085427.797203
2060,P0026,Hainan,2100.0,-2444515134.2626557,-11344993025.687994,-3265807910.737344,364488704.99999994,244935593.3053007,219809473.21324646,0.0,0.0,-16226082299.169443
2060,P0027,Shandong,13365.0,-5444949411.656275,-2599556513.2542,-13099294799.804033,11973179588.299227,0.0,0.0,0.0,0.0,-9170621136.415281
2060,P0028,Hunan,5740.0,-2114768000.1513247,-1699143315.4079964,-10006272042.848675,773683407.0,0.0,0.0,0.0,0.0,-13046499951.407997
2060,P0029,Jilin,120.0,-78561724.11600319,-466656153.4655998,-156322279.88399678,14992595.999999998,11724170.991299758,12560541.326471226,0.0,0.0,-662262849.1478288
2060,P0030,Jilin,4481.0,-2933625714.698419,-17425718530.661274,-5837334468.00158,559848522.3,437800085.10011846,469031547.3659797,0.0,0.0,-24729998558.595177
2060,P0031,Shanxi,4900.0,-6253784178.675004,-23893609678.386753,-5772686852.712218,962906494.3730187,432951513.95341593,503078240.71881926,0.0,731133192.399396,-33290011268.329327
2060,P0032,Henan,2370.0,-1306797559.516869,-2622899825.2170653,-3304236046.4831333,294321294.00000006,57526668.728238404,57585395.52649042,0.0,1151707910.5298083,-5672792162.432531
2060,P0033,Henan,6270.0,0.0,0.0,-0.0,10156271400.0,0.0,0.0,0.0,0.0,10156271400.0
2060,P0034,Shandong,4220.0,0.0,0.0,-0.0,8281728900.0,0.0,0.0,0.0,0.0,8281728900.0
2060,P0035,Anhui,9120.0,0.0,0.0,-0.0,20856938400.000004,0.0,0.0,0.0,0.0,20856938400.000004
2060,P0036,Jiangsu,27922.0,0.0,0.0,-0.0,63019255950.0,0.0,0.0,0.0,0.0,63019255950.0
2060,P0037,Inner Mongolia,8340.0,0.0,0.0,-0.0,18883219500.0,0.0,0.0,0.0,0.0,18883219500.0
2060,P0038,Sichuan,4920.0,-3019230837.260173,-26397424480.08958,-10267495826.739824,848088935.9999998,770062187.0054867,514982194.38532025,0.0,0.0,-37551017826.69877
2060,P0039,Heilongjiang,2150.0,-1592837664.3279598,-8031001762.979998,-2449440223.172039,258017737.5,183708016.737903,225043032.09927613,0.0,0.0,-11406510864.142817
2060,P0040,Shanxi,6350.0,0.0,0.0,-0.0,13228796249.999998,0.0,0.0,0.0,0.0,13228796249.999998
2060,P0041,Hebei,3890.0,0.0,0.0,-0.0,7798652550.0,0.0,0.0,0.0,0.0,7798652550.0
2060,P0042,Shandong,6320.0,-4374148599.832111,-2088329132.7359939,-10523194556.167887,950894244.0,0.0,0.0,0.0,0.0,-16034778044.735992
2060,P0043,Anhui,14100.0,-10515131744.401716,-5429353794.479983,-28215806460.598278,2472187545.0,0.0,0.0,0.0,0.0,-41688104454.47998
2060,P0044,Heilongjiang,2955.0,-2189225720.041452,-11037958237.025993,-3366556213.7085485,354624378.75000006,252491716.0281411,309303330.16435397,0.0,0.0,-15677320745.833498
2060,P0045,Henan,13910.0,0.0,0.0,-0.0,22531696200.0,0.0,0.0,0.0,0.0,22531696200.0
2060,P0046,Zhejiang,18468.8,0.0,0.0,-0.0,46003656888.0,0.0,0.0,0.0,0.0,46003656888.0
2060,P0047,Liaoning,3280.0,-1988304563.8403997,-10921262520.403194,-3508740424.159599,350875211.9999999,263155531.8119699,343321462.92354685,0.0,0.0,-15460955301.667677
2060,P0048,Shanxi,1400.0,-1701532435.3873997,-7935327804.599998,-1801610214.6125998,223604849.99999997,135120766.095945,146539648.80883098,0.0,0.0,-10933205189.695223
2060,P0049,Xinjiang,1360.0,0.0,0.0,-0.0,3232094399.9999995,0.0,0.0,0.0,0.0,3232094399.9999995
2060,P0050,Henan,1960.0,-1080727095.6342037,-534559605.8879981,-2732617152.365796,243404951.99999997,0.0,0.0,0.0,0.0,-4104498901.8879976
2060,P0051,Hebei,8180.0,0.0,0.0,-0.0,16399223100.0,0.0,0.0,0.0,0.0,16399223100.0
2060,P0052,Jiangsu,27370.0,0.0,0.0,-0.0,61773405750.0,0.0,0.0,0.0,0.0,61773405750.0
2060,P0053,Heilongjiang,2800.0,-2074393237.2643201,-10458979040.159998,-3189968662.735681,336023100.00000006,239247649.70517603,293079297.61766195,0.0,0.0,-14854990892.837162
2060,P0054,Hebei,4420.0,0.0,0.0,-0.0,8861193900.0,0.0,0.0,0.0,0.0,8861193900.0
2060,P0055,Shanxi,3700.0,-4814333712.28892,-18393952732.679993,-4443971862.71108,590955675.0,333297889.70333093,387283357.56619614,0.0,0.0,-26340721385.410465
2060,P0056,Jiangxi,4020.0,-1252881309.0925426,-23459528909.375988,-9103600274.907457,661052016.0,682770020.6180593,420778134.43678606,0.0,1114557361.8108265,-30936852960.51031
2060,P0057,Gansu,2920.0,-2447963644.2944427,-13136953599.974394,-4164314451.705557,422060303.99999994,312323583.87791675,305639838.94413316,0.0,0.0,-18709207969.152344
2060,P0058,Jiangsu,4515.0,-3760454057.9074907,-1715765034.0599933,-8479158983.342509,781251896.2500001,0.0,0.0,0.0,0.0,-13174126179.059994
2060,P0059,Inner Mongolia,20820.0,0.0,0.0,-0.0,47140123500.0,0.0,0.0,0.0,0.0,47140123500.0
2060,P0060,Shandong,4962.0,-3434260340.5643888,-1639602714.657596,-8262039776.535611,746572347.9,0.0,0.0,0.0,0.0,-12589330483.857595
2060,P0061,Shandong,3920.0,0.0,0.0,-0.0,7692980400.000002,0.0,0.0,0.0,0.0,7692980400.000002
2060,P0062,Xinjiang,970.0,-644376777.9835192,-1792911126.238759,-258056718.32770807,1611513702.4656527,19354253.874578055,33091313.4049332,0.0,0.0,-1031385352.8048224
2060,P0063,Ningxia,1760.0,-2523331632.5915694,-9394787211.532795,-2205386119.4084306,301833048.0,165403958.95563227,184221272.78824463,0.0,389829716.4684856,-13082216967.320433
2060,P0064,Shandong,4180.0,0.0,0.0,-0.0,8203229100.000002,0.0,0.0,0.0,0.0,8203229100.000002
2060,P0065,Xinjiang,3375.0,0.0,0.0,-0.0,8020822499.999998,0.0,0.0,0.0,0.0,8020822499.999998
2060,P0066,Fujian,8826.0,0.0,0.0,-0.0,20359728539.999996,0.0,0.0,0.0,0.0,20359728539.999996
2060,P0067,Hebei,7680.0,-8798120616.88668,-36741588632.98558,-9695177687.113317,1180423295.9999998,727138326.5334988,803874644.8941585,0.0,0.0,-52523450669.55792
2060,P0068,Zhejiang,4045.0,-3985946212.2092524,-24043569490.609188,-8116004722.040748,772464953.25,608700354.153056,423394913.8798009,0.0,0.0,-34340960203.57633
2060,P0069,Shaanxi,4000.0,-4634222856.501333,-19492329158.399994,-5176933143.498667,626244000.0,388269985.7624,418684710.8823742,0.0,0.0,-27870286461.75522
2060,P0070,Shandong,5920.0,-3599155610.8388896,-24353392489.400784,-8658739836.189978,2194925888.916758,649405487.7142481,544316225.0400223,0.0,10886324500.800444,-22336315833.958176
2060,P0071,Guizhou,5000.0,0.0,0.0,-0.0,10680975000.0,0.0,0.0,0.0,0.0,10680975000.0
2060,P0072,Heilongjiang,1600.0,-1185367564.1510396,-5976559451.519998,-1822839235.8489597,192013199.99999997,136712942.68867198,167473884.35294968,0.0,0.0,-8488566224.478375
2060,P0073,Liaoning,2045.0,-1239659400.321225,-480439697.8919989,-2187614075.4287744,218762136.74999997,0.0,0.0,0.0,0.0,-3688951036.8919983
2060,P0074,Shaanxi,8130.0,0.0,0.0,-0.0,16602273000.0,0.0,0.0,0.0,0.0,16602273000.0
2060,P0075,Henan,1980.0,-1091754923.140675,-540014295.7439985,-2760501000.8593245,245888675.99999997,0.0,0.0,0.0,0.0,-4146381543.7439976
2060,P0076,Guangxi,2840.0,-1356967458.6774735,-1029985948.991997,-5990559273.322527,468991068.00000006,0.0,0.0,0.0,0.0,-7908521612.991998
2060,P0077,Xinjiang,7820.0,0.0,0.0,-0.0,18584542799.999996,0.0,0.0,0.0,0.0,18584542799.999996
2060,P0078,Heilongjiang,5210.0,-3859853130.766824,-19461171714.01199,-5935620261.733175,625242982.5,445171519.6299882,545336835.9242924,0.0,0.0,-27640893768.457703
2060,P0079,Guangxi,8880.0,-2547426058.8083396,-27404184593.565186,-11246037406.505638,8523767809.365485,843452805.4879224,558055772.5502014,0.0,0.0,-31272371671.475555
2060,P0080,Shandong,4950.0,0.0,0.0,-0.0,9714350250.000002,0.0,0.0,0.0,0.0,9714350250.000002
2060,P0081,Gansu,2100.0,0.0,0.0,-0.0,3959172000.0,0.0,0.0,0.0,0.0,3959172000.0
2060,P0082,Liaoning,2500.0,-1515476039.5125,-587334593.9999975,-2674344835.487499,267435374.99999994,0.0,0.0,0.0,0.0,-4509720093.999996
2060,P0083,Shaanxi,12790.0,0.0,0.0,-0.0,26118459000.0,0.0,0.0,0.0,0.0,26118459000.0
2060,P0084,Shaanxi,2690.0,0.0,0.0,-0.0,5493249000.0,0.0,0.0,0.0,0.0,5493249000.0
2060,P0085,Jiangsu,10050.0,-8370445909.627969,-3819144760.1999927,-18873875477.872032,1738999237.5000002,0.0,0.0,0.0,0.0,-29324466910.199993
2060,P0086,Shaanxi,9460.0,0.0,0.0,-0.0,19318266000.0,0.0,0.0,0.0,0.0,19318266000.0
2060,P0087,Hebei,3050.0,-3494045297.070883,-1029539751.2399976,-3850298430.429117,468787897.50000006,0.0,0.0,0.0,0.0,-7905095581.239998
2060,P0088,Zhejiang,2850.0,-2808392263.2376685,-16940463052.715996,-5718322239.262332,544258372.5,428874167.94467485,298312856.5036916,0.0,0.0,-24195732158.267628
2060,P0089,Ningxia,26450.0,0.0,0.0,-0.0,59166137250.0,0.0,0.0,0.0,0.0,59166137250.0
2060,P0090,Guangdong,7236.0,0.0,0.0,-0.0,15732981540.000002,0.0,0.0,0.0,0.0,15732981540.000002
2060,P0091,Guangdong,7380.0,-5658961410.879275,-38290900206.283195,-13614158402.120722,1230199137.0,1021061880.159054,772473291.5779804,0.0,0.0,-54540285710.54615
2060,P0092,Jiangxi,7650.0,-2384214431.4820776,-5651029540.799997,-17324015448.51792,1257972120.0,0.0,0.0,0.0,0.0,-24101287300.799995
2060,P0093,Hunan,4625.0,0.0,0.0,-0.0,8131235625.0,0.0,0.0,0.0,0.0,8131235625.0
2060,P0094,Fujian,1260.0,-944408314.9872,-1001017679.7599988,-2546687671.0128,222835914.0,0.0,0.0,0.0,0.0,-4269277751.7599993
2060,P0095,Anhui,3210.0,-2393870418.406348,-1236044374.487996,-6423598492.093652,562817164.5000001,0.0,0.0,0.0,0.0,-9490696120.487995
2060,P0096,Guangdong,4670.0,-3580941705.8003,-24230149588.52879,-8614921373.6997,778459345.4999999,646119103.0274773,488814399.9551719,0.0,0.0,-34512619819.54614
2060,P0097,Gansu,2120.0,0.0,0.0,-0.0,3996878400.0,0.0,0.0,0.0,0.0,3996878400.0
2060,P0098,Xinjiang,24420.0,0.0,0.0,-0.0,58035106799.99999,0.0,0.0,0.0,0.0,58035106799.99999
2060,P0099,Sichuan,1000.0,-613664804.3211733,-5365330178.879995,-2086889395.6788259,172375799.99999994,156516704.67591193,104671177.72059356,0.0,0.0,-7632320696.48349
2060,P0100,Jiangxi,3180.0,-1471175577.411609,-1148427092.735997,-6721265078.588389,522921743.9999999,0.0,0.0,0.0,0.0,-8817946004.735996
2060,P0101,Qinghai,4870.0,0.0,0.0,-0.0,8978575500.0,0.0,0.0,0.0,0.0,8978575500.0
2060,P0102,Hunan,2520.0,-928434731.7737523,-745965357.983998,-4392997482.226248,339665886.0,0.0,0.0,0.0,0.0,-5727731685.983998
2060,P0103,Inner Mongolia,3800.0,0.0,0.0,-0.0,8603865000.0,0.0,0.0,0.0,0.0,8603865000.0
2060,P0104,Inner Mongolia,4540.0,0.0,0.0,-0.0,10279354500.0,0.0,0.0,0.0,0.0,10279354500.0
2060,P0105,Liaoning,1300.0,-788047540.5465002,-4328549169.671997,-1390659314.4534998,139066395.0,104299448.5840125,136072531.03677163,0.0,0.0,-6127817650.051213
2060,P0106,Hubei,10550.0,0.0,0.0,-0.0,17801225999.999996,0.0,0.0,0.0,0.0,17801225999.999996
2060,P0107,Liaoning,4640.0,0.0,0.0,-0.0,6474261600.0,0.0,0.0,0.0,0.0,6474261600.0
2060,P0108,Guangdong,4720.0,0.0,0.0,-0.0,10262530800.0,0.0,0.0,0.0,0.0,10262530800.0
2060,P0109,Shaanxi,8340.0,-9662354655.80528,-40641506295.263985,-10793905604.19472,1305718740.0,809542920.3146039,872957622.1897502,0.0,0.0,-58109547272.75963
2060,P0110,Guizhou,13260.0,-11432980308.964975,-3898865402.347366,-16380037719.34199,6945170508.951815,0.0,0.0,0.0,0.0,-24766712921.702515
2060,P0111,Guangxi,122.8,-40172479.28054087,-719661469.2321595,-277530437.15945905,20278909.559999995,20814782.786959432,12853620.624088887,0.0,0.0,-983417072.7011112
2060,P0112,Guangdong,8520.0,0.0,0.0,-0.0,18524737800.0,0.0,0.0,0.0,0.0,18524737800.0
2060,P0113,Inner Mongolia,4000.0,-7563764367.832267,-21612087739.199986,-3314338632.1677327,694347000.0,248575397.41257995,418684710.8823742,0.0,0.0,-31128583630.905033
2060,P0114,Guangxi,6160.0,-2943281530.0891676,-31662638482.675186,-12993607437.910831,1017248232.0,974520557.8433123,644774454.7588563,0.0,0.0,-44962984206.07301
2060,P0115,Shandong,2190.0,0.0,0.0,-0.0,4297864050.0,0.0,0.0,0.0,0.0,4297864050.0
2060,P0116,Liaoning,820.0,-497076140.96009994,-192645746.83199954,-877185106.0398997,87718802.99999997,0.0,0.0,0.0,0.0,-1479188190.8319993
2060,P0117,Henan,2320.0,-1279227990.75069,-632744023.2959975,-3234526425.2493095,288111983.99999994,0.0,0.0,0.0,0.0,-4858386455.295998
2060,P0118,Liaoning,5440.0,-3297675861.9792,-1278040076.5439963,-5819374362.020798,581939375.9999999,0.0,0.0,0.0,0.0,-9813150924.543995
2060,P0119,Guizhou,5740.0,0.0,0.0,-0.0,12261759300.0,0.0,0.0,0.0,0.0,12261759300.0
2060,P0120,Inner Mongolia,4700.0,-8209686923.807845,767378076.6581308,-0.0,811507765.1910946,269802983.07511353,363551293.13626665,0.0,0.0,-5997446805.74724
2060,P0121,Guangdong,6760.0,0.0,0.0,-0.0,14698031400.0,0.0,0.0,0.0,0.0,14698031400.0
2060,P0122,Shaanxi,7390.0,0.0,0.0,-0.0,15091119000.0,0.0,0.0,0.0,0.0,15091119000.0
2060,P0123,Hebei,6728.0,0.0,0.0,-0.0,13488260760.000002,0.0,0.0,0.0,0.0,13488260760.000002
2060,P0124,Henan,11670.0,-5336834863.6369915,-2639756468.510653,-13494180488.886658,4427282972.666832,0.0,0.0,0.0,0.0,-17043488848.36747
2060,P0125,Xinjiang,11910.0,0.0,0.0,-0.0,28304591399.999996,0.0,0.0,0.0,0.0,28304591399.999996
2060,P0126,Jiangsu,17212.0,0.0,0.0,-0.0,38847053700.00001,0.0,0.0,0.0,0.0,38847053700.00001
2060,P0127,Hebei,1750.0,0.0,0.0,-0.0,3508391250.0000005,0.0,0.0,0.0,0.0,3508391250.0000005
2060,P0128,Xinjiang,970.0,-437358454.4218266,-1216904249.0037344,-175151078.27777967,1834387720.7461863,13136330.87083347,22460098.160055075,0.0,0.0,40570368.07373427
2060,P0129,Inner Mongolia,13430.0,0.0,0.0,-0.0,30407870250.0,0.0,0.0,0.0,0.0,30407870250.0
2060,P0130,Hebei,1300.0,0.0,0.0,-0.0,2606233500.0,0.0,0.0,0.0,0.0,2606233500.0
2060,P0131,Zhejiang,12300.0,0.0,0.0,-0.0,30637885500.0,0.0,0.0,0.0,0.0,30637885500.0
2060,P0132,Jilin,1720.0,-1126051378.9960456,-6688738199.673594,-2240619345.003954,214893875.99999997,168046450.8752965,180034425.67942092,0.0,0.0,-9492434171.118877
2060,P0133,Anhui,6100.0,-4549099548.996492,-19736869372.082523,-12206838256.00352,1069527945.0000012,514493058.53665936,358816174.71984106,0.0,478421566.29408747,-34071548432.531948
2060,P0134,Shanxi,3205.0,0.0,0.0,-0.0,6676896375.0,0.0,0.0,0.0,0.0,6676896375.0
2060,P0135,Liaoning,1900.0,-1151761790.0295,-446374291.4399997,-2032502074.9704995,203250884.99999997,0.0,0.0,0.0,0.0,-3427387271.439999
2060,P0136,Inner Mongolia,880.0,-1664028160.9230986,-4754659302.623997,-729154499.0769012,152756340.0,54686587.43076759,92110636.39412232,0.0,0.0,-6848288398.799107
2060,P0137,Xinjiang,1400.0,0.0,0.0,-0.0,3327155999.9999995,0.0,0.0,0.0,0.0,3327155999.9999995
2060,P0138,Jilin,1200.0,-785617241.160032,-329263482.2399993,-1563222798.8399682,149925960.00000003,0.0,0.0,0.0,0.0,-2528177562.24
2060,P0139,Heilongjiang,1195.0,-885321399.475308,-314952990.6599993,-1361433054.2746918,143409858.75,0.0,0.0,0.0,0.0,-2418297585.659999
2060,P0140,Guangdong,11480.0,-8014001548.586917,-54226086956.52173,-19279842818.428192,3978892755.9763594,1445988211.382114,1093946698.9555047,0.0,3407459404.3201075,-71593644252.90274
2060,P0141,Shandong,10750.0,0.0,0.0,-0.0,21096821250.000004,0.0,0.0,0.0,0.0,21096821250.000004
2060,P0142,Jiangsu,6670.0,-5555310867.38493,-35923556185.691986,-12526243725.115068,1154141782.5,939468279.3836302,698156755.396359,0.0,0.0,-51213343960.911995
2060,P0143,Yunnan,2500.0,-3005101161.6058655,-849018323.9999977,-3051471588.394132,386589749.9999999,0.0,0.0,0.0,0.0,-6519001323.999995
2060,P0144,Shanxi,7105.0,-9244821898.868322,-31813163157.115257,-8533627049.881696,1134794613.7500005,571627831.9980865,664216464.8913827,0.0,13284329297.827652,-33936643897.398163
2060,P0145,Liaoning,2640.0,-1600342697.7252,-620225331.2639983,-2824108146.2747993,282411755.99999994,0.0,0.0,0.0,0.0,-4762264419.263998
2060,P0146,Shanxi,4300.0,0.0,0.0,-0.0,8958082500.0,0.0,0.0,0.0,0.0,8958082500.0
2060,P0147,Inner Mongolia,3120.0,0.0,0.0,-0.0,7064225999.999999,0.0,0.0,0.0,0.0,7064225999.999999
2060,P0148,Shandong,2090.0,0.0,0.0,-0.0,4101614550.000001,0.0,0.0,0.0,0.0,4101614550.000001
2060,P0149,Shaanxi,9340.0,-9785412709.503952,-41159109389.1509,-10931374892.248781,3147542864.8875823,819853116.9186584,884075457.3111873,0.0,5535031234.553156,-51489394317.233055
2060,P0150,Guizhou,140.0,-132549281.74843597,-102998778.11999997,-226663775.25156403,22928493.0,0.0,0.0,0.0,0.0,-439283342.12
2060,P0151,Shandong,3875.0,0.0,0.0,-0.0,7604668125.000002,0.0,0.0,0.0,0.0,7604668125.000002
2060,P0152,Guangdong,1330.0,0.0,0.0,-0.0,2891772450.0,0.0,0.0,0.0,0.0,2891772450.0
2060,P0153,Heilongjiang,2125.0,-1574316296.1381,-7937618021.549994,-2420958360.1119,255017531.25,181571877.00839248,222426252.6562613,0.0,0.0,-11273877016.885342
2060,P0154,Tianjin,6104.0,0.0,0.0,-0.0,11941713000.0,0.0,0.0,0.0,0.0,11941713000.0
2060,P0155,Shanxi,3062.0,-3984186439.7374783,-15222238720.936792,-3677686984.7625194,489055750.4999999,275826523.85718894,320503146.1804575,0.0,0.0,-21798726724.899143
2060,P0156,Yunnan,600.0,-721224278.7854078,-203764397.75999963,-732353181.2145917,92781539.99999997,0.0,0.0,0.0,0.0,-1564560317.7599993
2060,P0157,Guizhou,5160.0,-5442333089.346198,-1855939887.6479924,-7797233868.6538,845078742.0,0.0,0.0,0.0,0.0,-14250428103.647991
2060,P0158,Guangxi,1525.0,-728653300.8743476,-553073440.919999,-3216761581.625653,251834992.5,0.0,0.0,0.0,0.0,-4246653330.919999
2060,P0159,Fujian,3410.0,-3015380437.552853,-18771076469.006386,-6432744413.447143,603071798.9999998,482455831.00853574,356928716.027224,0.0,0.0,-26776744973.97062
2060,P0160,Hubei,4420.0,-1913568847.6750972,-17796986192.29439,-7044263048.324902,571776503.9999999,528319728.6243676,462646605.5250235,0.0,0.0,-25192075250.145
2060,P0161,Zhejiang,475.0,-468065377.206278,-2823410508.786,-953053706.5437218,90709728.74999999,71479027.99077913,49718809.41728193,0.0,0.0,-4032622026.3779383
2060,P0162,Shandong,1370.0,-948193604.710442,-452691599.97599924,-2281135528.789558,206127391.5,0.0,0.0,0.0,0.0,-3475893341.975999
2060,P0163,Hebei,2600.0,0.0,0.0,-0.0,5212467000.0,0.0,0.0,0.0,0.0,5212467000.0
2060,P0164,Hunan,3200.0,-1178964738.7603202,-947257597.4399979,-5578409501.239679,431321759.99999994,0.0,0.0,0.0,0.0,-7273310077.439998
2060,P0165,Hebei,1200.0,0.0,0.0,-0.0,2405754000.0,0.0,0.0,0.0,0.0,2405754000.0
2060,P0166,Guangxi,1840.0,-879162015.48118,-667314840.191998,-3881207416.5188193,303853368.0,0.0,0.0,0.0,0.0,-5123830904.191998
2060,P0167,Shandong,12066.0,0.0,0.0,-0.0,23679464670.000004,0.0,0.0,0.0,0.0,23679464670.000004
2060,P0168,Xinjiang,1620.0,0.0,0.0,-0.0,3849994799.999999,0.0,0.0,0.0,0.0,3849994799.999999
2060,P0169,Guizhou,1500.0,-1582073572.4843597,-539517409.1999996,-2266637752.51564,245662424.99999997,0.0,0.0,0.0,0.0,-4142566309.199999
2060,P0170,Shandong,7570.0,0.0,0.0,-0.0,14856087150.000002,0.0,0.0,0.0,0.0,14856087150.000002
2060,P0171,Shaanxi,3350.0,-3881161642.319867,-16324825670.15999,-4335681507.680134,524479350.0,325176113.07601,350648445.3639884,0.0,0.0,-23341364911.719994
2060,P0172,Sichuan,3260.0,-2000547262.0870252,-17490976383.14879,-6803259429.912973,561945107.9999999,510244457.243473,341228039.36913496,0.0,0.0,-24881365470.53618
2060,P0173,Ningxia,5360.0,0.0,0.0,-0.0,11989810800.0,0.0,0.0,0.0,0.0,11989810800.0
2060,P0174,Shanxi,8090.0,-10526475603.356045,-40218129083.07598,-9716684424.143955,1292116597.5,728751331.8107965,846789827.7596018,0.0,0.0,-57593631353.50557
2060,P0175,Guizhou,1800.0,-1898488286.981232,-647420891.0399972,-2719965303.018768,294794910.0,0.0,0.0,0.0,0.0,-4971079571.039997
2060,P0176,Hubei,4700.0,-2034790403.636418,-9071668556.160046,-7490505956.363588,607997640.0000007,247096737.31707418,216381218.72471765,0.0,1.4746839807892401e-05,-17525489320.118244
2060,P0177,Jilin,2060.0,-1348642930.6580546,-8010930634.492796,-2683532471.341945,257372898.0,201264935.35064584,215622626.10442272,0.0,0.0,-11368845577.037727
2060,P0178,Shaanxi,1400.0,-1492554671.1879995,-7778489594.399999,-1941349928.8119998,219185399.99999997,145601244.6609,146539648.80883098,0.0,0.0,-10701067900.930267
2060,P0179,Fujian,6250.0,0.0,0.0,-0.0,14417437499.999998,0.0,0.0,0.0,0.0,14417437499.999998
2060,P0180,Inner Mongolia,1500.0,0.0,0.0,-0.0,3396262500.0,0.0,0.0,0.0,0.0,3396262500.0
2060,P0181,Xinjiang,4355.0,-4577974337.029409,-12737735754.818682,-1833363762.268427,5421226741.150313,137502282.170132,235097211.32479432,0.0,433341137.20339984,-12921906482.267876
2060,P0182,Jiangxi,5813.0,-2689290450.1552463,-2099310279.8975947,-12286388019.44475,955894370.3999999,0.0,0.0,0.0,0.0,-16119094379.097591
2060,P0183,Xinjiang,270.0,-550321843.1960447,-108039409.63199963,-220390078.8039551,49194377.999999985,0.0,0.0,0.0,0.0,-829556953.6319994
2060,P0184,Shandong,6490.0,0.0,0.0,-0.0,12736592550.000002,0.0,0.0,0.0,0.0,12736592550.000002
2060,P0185,Guizhou,1500.0,-1582073572.4843597,-539517409.1999996,-2266637752.51564,245662424.99999997,0.0,0.0,0.0,0.0,-4142566309.199999
2060,P0186,Ningxia,4850.0,0.0,0.0,-0.0,10848989250.0,0.0,0.0,0.0,0.0,10848989250.0
2060,P0187,Inner Mongolia,200.0,-366351294.70530003,-155956373.99999988,-177553855.29469997,34717350.0,0.0,0.0,0.0,0.0,-665144173.9999999
2060,P0188,Xinjiang,4000.0,-1596100151.638461,-153955958.12179714,-0.0,7590331750.599857,52876683.427245036,67503849.857388,0.0,0.00010839915029788834,5960656174.124341
2060,P0189,Yunnan,1000.0,-1202040464.6423466,-339607329.5999992,-1220588635.3576534,154635900.0,0.0,0.0,0.0,0.0,-2607600529.5999994
2060,P0190,Jiangsu,2240.0,-1865651625.628522,-12064282737.023996,-4206714534.3714767,387597839.99999994,315503590.0778607,234463438.09412956,0.0,0.0,-17199084028.852005
2060,P0191,Hunan,2100.0,-512207664.44084954,-1271531860.1999993,-3922319180.5591497,283054905.0,0.0,0.0,0.0,0.0,-5423003800.199999
2060,P0192,Shaanxi,3420.0,-3962260542.3086405,-16665941430.431995,-4426277837.69136,535438620.0,331970837.82685196,357975427.80442995,0.0,0.0,-23829094924.800716
2060,P0193,Guangxi,1370.0,-654593457.178922,-7041853039.166396,-2889812043.8210773,226238649.0,216735903.2865808,143399513.47721317,0.0,0.0,-9999884474.402601
2060,P0194,Shaanxi,660.0,-764646771.3227199,-3216234311.1359982,-854193968.6772798,103330259.99999999,64064547.65079598,69082977.29559174,0.0,0.0,-4598597266.1896105
2060,P0195,Sichuan,600.0,-368198882.592704,-227140341.11999956,-1252133637.4072955,103425479.99999997,0.0,0.0,0.0,0.0,-1744047381.119999
2060,P0196,Xinjiang,120.0,0.0,0.0,-0.0,285184799.99999994,0.0,0.0,0.0,0.0,285184799.99999994
2060,P0197,Fujian,1320.0,-1167244040.3430402,-7266223149.292797,-2490094611.65696,233447148.0,186757095.87427196,138165954.59118348,0.0,0.0,-10365191602.827343
2060,P0198,Gansu,660.0,-553306851.107648,-2969311430.131199,-941249156.892352,95397192.0,70593686.7669264,69082977.29559174,0.0,0.0,-4228793582.0686803
2060,P0199,Inner Mongolia,260.0,-491644683.9090973,-99118939.91999985,-215432011.09090266,45132555.0,0.0,0.0,0.0,0.0,-761063079.9199998
2060,P0200,Xinjiang,2020.0,-3845473798.874257,-6970487225.6392,-1020276344.8563173,544595532.7184211,115501176.8182528,184150874.5307822,0.0,174443739.8935426,-10817546045.408775
2060,P0201,Heilongjiang,700.0,-518598309.31608003,-2614744760.0399995,-797492165.6839203,84005775.00000001,59811912.42629401,73269824.40441549,0.0,0.0,-3713747723.2092905
2060,P0202,Jiangxi,1920.0,-888256952.3994621,-693389942.7839988,-4058122311.600538,315726336.0,0.0,0.0,0.0,0.0,-5324042870.7839985
2060,P0203,Inner Mongolia,1350.0,-1877304531.7238498,-378477467.93878496,-822609302.888571,981124319.7845309,0.0,0.0,0.0,0.0,-2097266982.7666748
2060,P0204,Heilongjiang,700.0,-518598309.31608003,-2614744760.0399995,-797492165.6839203,84005775.00000001,59811912.42629401,73269824.40441549,0.0,0.0,-3713747723.2092905
2060,P0205,Inner Mongolia,600.0,0.0,0.0,-0.0,1358504999.9999998,0.0,0.0,0.0,0.0,1358504999.9999998
2060,P0206,Hubei,1050.0,-454580834.854944,-298304677.43999934,-1673410905.145056,135829260.0,0.0,0.0,0.0,0.0,-2290467157.4399996
2060,P0207,Xinjiang,9000.0,-5937387083.431767,-7989865626.300333,-1188887215.1681645,14996723813.190298,178333082.27522448,304908468.92261535,0.0,198147697.84348908,561973137.3313603
2060,P0208,Sichuan,330.0,-202509385.4259872,-124927187.61599982,-688673500.5740126,56884013.999999985,0.0,0.0,0.0,0.0,-959226059.6159997
2060,P0209,Zhejiang,2400.0,-2364961905.8843527,-14265653097.023989,-4815429254.115648,458322840.00000006,361157194.05867356,251210826.52942452,0.0,0.0,-20375353396.43589
2060,P0210,Anhui,1320.0,-984395312.2418628,-508279929.6959984,-2641479753.758137,231438834.00000003,0.0,0.0,0.0,0.0,-3902716161.695998
2060,P0211,Henan,1260.0,0.0,0.0,-0.0,2040973200.0,0.0,0.0,0.0,0.0,2040973200.0
2060,P0212,Gansu,2650.0,0.0,0.0,-0.0,4996098000.0,0.0,0.0,0.0,0.0,4996098000.0
2060,P0213,Hubei,3670.0,-1588868251.3501375,-1042645872.5759972,-5848969544.649862,474755603.99999994,0.0,0.0,0.0,0.0,-8005728064.575996
2060,P0214,Xinjiang,965.0,0.0,0.0,-0.0,2293361100.0,0.0,0.0,0.0,0.0,2293361100.0
2060,P0215,Hebei,1320.0,0.0,0.0,-0.0,2646329400.0000005,0.0,0.0,0.0,0.0,2646329400.0000005
2060,P0216,Heilongjiang,100.0,-74085472.75943998,-26355898.79999991,-113927452.24055998,12000824.999999998,0.0,0.0,0.0,0.0,-202367998.79999986
2060,P0217,Hainan,300.0,-349216447.7518079,-1620713289.383999,-466543987.24819195,52069814.99999999,34990799.04361439,31401353.316178065,0.0,0.0,-2318011757.0242066
2060,P0218,Hubei,1980.0,-857209574.2978941,-562517391.7439979,-3155574849.7021046,256135175.9999999,0.0,0.0,0.0,0.0,-4319166639.743997
2060,P0219,Jilin,810.0,-530291637.78302145,-3149929035.892798,-1055175389.2169782,101200022.99999999,79138154.19127336,84783653.95368077,0.0,0.0,-4470274231.747843
2060,P0220,Hebei,1320.0,-1512176981.0273986,-445571302.175998,-1666358664.9726014,202885254.00000003,0.0,0.0,0.0,0.0,-3421221694.1759977
2060,P0221,Gansu,4130.0,0.0,0.0,-0.0,7786371600.0,0.0,0.0,0.0,0.0,7786371600.0
2060,P0222,Jiangxi,4000.0,-1850535317.4988794,-1444562380.799995,-8454421482.50112,657763200.0,0.0,0.0,0.0,0.0,-11091755980.799994
2060,P0223,Anhui,6425.0,0.0,0.0,-0.0,14693621625.000002,0.0,0.0,0.0,0.0,14693621625.000002
2060,P0224,Xinjiang,1100.0,-1672062488.8874617,-4652339349.462835,-669619038.8353713,814066942.1483121,50221427.9126528,85867066.82006286,0.0,0.0,-6043865440.30464
2060,P0225,Heilongjiang,1200.0,-889025673.1132799,-4482419588.6399975,-1367129426.88672,144009900.0,102534707.01650399,125605413.26471226,0.0,0.0,-6366424668.358781
2060,P0226,Anhui,2640.0,-1968790624.4837255,-1016559859.3919967,-5282959507.516274,462877668.00000006,0.0,0.0,0.0,0.0,-7805432323.391996
2060,P0227,Shanxi,3700.0,0.0,0.0,-0.0,7708117500.0,0.0,0.0,0.0,0.0,7708117500.0
2060,P0228,Liaoning,1200.0,-727428498.9660001,-3390385424.328002,-1283685521.034,128368980.0,80586694.70867048,105136083.32323696,0.0,0.0,-5087407686.296094
2060,P0229,Henan,3730.0,0.0,0.0,-0.0,6041928600.0,0.0,0.0,0.0,0.0,6041928600.0
2060,P0230,Inner Mongolia,1320.0,-1618726098.6620314,-5443846347.2379,-784523116.5752853,1141254850.2662256,58839233.74314636,92498085.63679977,229056667.96882096,12850304.403684847,-6312596420.456539
2060,P0231,Fujian,1200.0,-1061130945.7664001,-466082305.9199994,-2263722374.2335997,212224679.99999997,0.0,0.0,0.0,0.0,-3578710945.919999
2060,P0232,Inner Mongolia,1200.0,-2269129310.3496795,-457472030.39999855,-994301589.6503196,208304099.99999994,0.0,0.0,0.0,0.0,-3512598830.3999977
2060,P0233,Xinjiang,600.0,0.0,0.0,-0.0,1425923999.9999998,0.0,0.0,0.0,0.0,1425923999.9999998
2060,P0234,Hunan,60.0,-14634504.698309986,-36329481.71999998,-112066262.30169,8087282.999999999,0.0,0.0,0.0,0.0,-154942965.71999997
2060,P0235,Inner Mongolia,2640.0,0.0,0.0,-0.0,5977422000.0,0.0,0.0,0.0,0.0,5977422000.0
2060,P0236,Henan,5330.0,0.0,0.0,-0.0,8633640600.0,0.0,0.0,0.0,0.0,8633640600.0
2060,P0237,Jiangxi,2700.0,-1249111339.3117435,-975079607.0399983,-5706734500.688255,443990159.99999994,0.0,0.0,0.0,0.0,-7486935287.039997
2060,P0238,Sichuan,2000.0,-929202552.1167994,-12234604737.599995,-4471905847.883199,344751599.9999999,335392938.59123987,209342355.4411871,0.0,0.0,-16746226243.567564
2060,P0239,Guizhou,3720.0,-3923542459.7612147,-2494174128.419588,-5621261626.238797,609242814.0000002,27655675.605354987,25542256.43739005,0.0,510845128.74780095,-10865692339.629057
2060,P0240,Guangdong,2000.0,-1533593878.2870665,-10376937725.279991,-3689473821.7129326,333387300.0,276710536.62846994,209342355.4411871,0.0,0.0,-14780565233.210335
2060,P0241,Guangxi,700.0,-228996217.39721993,-519279087.59999996,-1582013892.6027799,115596389.99999999,0.0,0.0,0.0,0.0,-2214692807.6
2060,P0242,Xinjiang,5280.0,-1824734165.3300302,-176009441.79635087,-0.0,10357869355.844288,60451025.39460795,77173466.21365763,0.0,2.208888345692819e-06,8494750240.326174
2060,P0243,Anhui,24460.0,0.0,0.0,-0.0,55938674700.00001,0.0,0.0,0.0,0.0,55938674700.00001
2060,P0244,Gansu,3610.0,0.0,0.0,-0.0,6806005200.000001,0.0,0.0,0.0,0.0,6806005200.000001
2060,P0245,Hubei,1933.0,-836861670.26153,-549164706.1823977,-3080669790.1384687,250055199.59999996,0.0,0.0,0.0,0.0,-4216640966.9823966
2060,P0246,Inner Mongolia,8170.0,0.0,0.0,-0.0,18498309750.0,0.0,0.0,0.0,0.0,18498309750.0
2060,P0247,Shandong,2060.0,0.0,0.0,-0.0,4042739700.0,0.0,0.0,0.0,0.0,4042739700.0
2060,P0248,Henan,8390.0,0.0,0.0,-0.0,13590289800.0,0.0,0.0,0.0,0.0,13590289800.0
2060,P0249,Gansu,600.0,-503006228.27968013,-2699374027.3919983,-855681051.72032,86724720.00000001,64176078.87902401,62802706.63235613,0.0,0.0,-3844357801.880618
2060,P0250,Gansu,600.0,-425832684.7472118,-794060208.4096657,-266684380.55505207,209591261.9029194,54329887.840690196,47753326.126823045,0.0,34796975.67195964,-1140105822.1695373
2060,P0251,Hebei,1360.0,0.0,0.0,-0.0,2726521200.0000005,0.0,0.0,0.0,0.0,2726521200.0000005
2060,P0252,Guangxi,2090.0,-998613376.2802533,-757982617.391997,-4408545380.719747,345137793.0,0.0,0.0,0.0,0.0,-5820003581.391996
2060,P0253,Guangxi,1140.0,-544698205.2437745,-413445064.0319992,-2404661116.756225,188256978.0,0.0,0.0,0.0,0.0,-3174547408.0319986
2060,P0254,Jiangxi,1320.0,-610676654.7746301,-476705585.66399837,-2789959089.225369,217061855.99999994,0.0,0.0,0.0,0.0,-3660279473.6639977
2060,P0255,Anhui,4920.0,-3669109800.1742153,-1894497919.7759945,-9845515445.825783,862635653.9999999,0.0,0.0,0.0,0.0,-14546487511.775993
2060,P0256,Heilongjiang,56.0,-41487864.7452864,-209179580.80319986,-63799373.254713595,6720462.0,4784952.994103519,5861585.952353239,0.0,0.0,-297099817.85674316
2060,P0257,Inner Mongolia,72.0,-136147758.62098077,-27448321.82399989,-59658095.37901918,12498245.999999996,0.0,0.0,0.0,0.0,-210755929.82399982
2060,P0258,Xinjiang,700.0,-1426760334.2119677,-3969811708.1279974,-571381685.7880319,127540979.99999997,42853626.434102386,73269824.40441549,0.0,0.0,-5724289297.289479
2060,P0259,Guizhou,4380.0,0.0,0.0,-0.0,9356534100.0,0.0,0.0,0.0,0.0,9356534100.0
2060,P0260,Ningxia,2660.0,-3813671671.984986,-14198939762.884792,-3333140385.015014,456179493.0,249985528.87612605,278425332.73677886,0.0,0.0,-20361161465.27189
2060,P0261,Xinjiang,700.0,0.0,0.0,-0.0,1663577999.9999998,0.0,0.0,0.0,0.0,1663577999.9999998
2060,P0262,Guizhou,1200.0,-1265658857.9874878,-431613927.35999966,-1813310202.0125115,196529939.99999997,0.0,0.0,0.0,0.0,-3314053047.3599987
2060,P0263,Shaanxi,700.0,-810988999.8877333,-3411157602.719998,-905963300.1122665,109592699.99999999,67947247.50841999,73269824.40441549,0.0,0.0,-4877300130.807162
2060,P0264,Sichuan,1200.0,-736397765.185408,-6438396214.655995,-2504267274.814591,206850959.99999994,187820045.61109433,125605413.26471226,0.0,0.0,-9158784835.78019
2060,P0265,Gansu,700.0,-486188622.9506574,-2609122645.846779,-827072049.6716341,310177636.4947981,62030403.72537253,60702949.06603413,0.0,9.761501527682912e-07,-3489472329.1828647
2060,P0266,Heilongjiang,270.0,-178059053.51837993,-145556441.09999996,-329575843.98162,32402227.5,0.0,0.0,0.0,0.0,-620789111.0999999
2060,P0267,Hubei,4660.0,-2017473038.4990845,-1323904568.4479973,-7426756969.500916,602823192.0,0.0,0.0,0.0,0.0,-10165311384.447998
2060,P0268,Inner Mongolia,90.0,-164858082.617385,-70180368.29999995,-79899234.88261497,15622807.499999998,0.0,0.0,0.0,0.0,-299314878.29999995
2060,P0269,Guangdong,15976.0,0.0,0.0,-0.0,34736057640.0,0.0,0.0,0.0,0.0,34736057640.0
2060,P0270,Xinjiang,600.0,-1094460134.5909426,-214864861.84202072,-438303800.38968974,247638310.85207602,0.0,0.0,0.0,0.0,-1499990485.970577
2060,P0271,Guangdong,600.0,-460078163.4861199,-219652947.3599994,-1106842146.5138798,100016189.99999999,0.0,0.0,0.0,0.0,-1686557067.3599992
2060,P0272,Qinghai,1320.0,-965224664.7295372,-169156647.30494896,-0.0,328632344.13951474,117232274.64405002,95606575.08046453,0.0,1.7180242688721926e-06,-592910118.1704555
2060,P0273,Fujian,600.0,-530565472.88320005,-233041152.9599997,-1131861187.1167998,106112339.99999999,0.0,0.0,0.0,0.0,-1789355472.9599996
2060,P0274,Hebei,1400.0,0.0,0.0,-0.0,2806713000.0,0.0,0.0,0.0,0.0,2806713000.0
2060,P0275,Gansu,3620.0,0.0,0.0,-0.0,6824858400.000001,0.0,0.0,0.0,0.0,6824858400.000001
2060,P0276,Xinjiang,600.0,0.0,0.0,-0.0,1425923999.9999998,0.0,0.0,0.0,0.0,1425923999.9999998
2060,P0277,Guangxi,700.0,-334463810.2374054,-253869776.15999946,-1476546299.7625945,115596389.99999999,0.0,0.0,0.0,0.0,-1949283496.1599994
2060,P0278,Inner Mongolia,1620.0,-3063324568.972068,-8752895534.375996,-1342307146.027932,281210535.0,100673035.95209488,169567307.90736154,0.0,216049514.4169823,-12391026856.099556
2060,P0279,Guangxi,1200.0,-573366531.8355521,-6168046457.663998,-2531222228.1644473,198165239.99999997,189841667.11233354,125605413.26471226,0.0,0.0,-8759022897.286953
2060,P0280,Anhui,1320.0,-795718186.9734238,-1039663492.5599988,-2830156879.026576,231438834.00000003,0.0,0.0,0.0,0.0,-4434099724.5599985
2060,P0281,Xinjiang,2020.0,-2230084292.999244,-6204976774.428246,-893092758.6286631,2399722613.2259097,66981956.89714971,114523708.45825908,0.0,0.0,-6746925547.4748335
2060,P0282,Shandong,810.0,0.0,0.0,-0.0,1589620950.0000002,0.0,0.0,0.0,0.0,1589620950.0000002
2060,P0283,Hubei,1320.0,-421207580.49849576,-767069170.5599993,-2253982035.5015035,170756784.0,0.0,0.0,0.0,0.0,-3271502002.5599985
2060,P0284,Shandong,8800.0,-6090586657.994083,-16206857102.00638,-14652549382.005915,1324029960.000001,381553168.8052467,319808785.76670754,0.0,1101790680.9849963,-33822810546.44943
2060,P0285,Yunnan,1200.0,-1442448557.5708156,-407528795.51999927,-1464706362.4291835,185563079.99999994,0.0,0.0,0.0,0.0,-3129120635.5199986
2060,P0286,Jiangxi,1500.0,-693950744.0620797,-541710892.7999984,-3170408055.9379196,246661199.99999997,0.0,0.0,0.0,0.0,-4159408492.7999973
2060,P0287,Gansu,1320.0,0.0,0.0,-0.0,2488622400.0,0.0,0.0,0.0,0.0,2488622400.0
2060,P0288,Inner Mongolia,1320.0,0.0,0.0,-0.0,2988711000.0,0.0,0.0,1155000000.0,0.0,4143711000.0
2060,P0289,Inner Mongolia,510.0,-964379956.898614,-2755541186.7479987,-422578175.60138595,88529242.5,31693363.17010394,53382300.63750271,0.0,1067646012.7500541,-2901248400.190338
2060,P0290,Guizhou,1860.0,-1961771229.880606,-9481577043.355194,-2810630813.119393,304621406.99999994,210797310.9839545,194688390.56030402,0.0,0.0,-13543871977.810932
2060,P0291,Shanxi,970.0,0.0,0.0,-0.0,2020776750.0,0.0,0.0,0.0,0.0,2020776750.0
2060,P0292,Chongqing,600.0,-427397099.485728,-3088919935.583999,-1127361960.514272,99239939.99999999,84552147.03857037,62802706.63235613,0.0,0.0,-4397084201.913073
2060,P0293,Chongqing,200.0,-142465699.82857603,-1029639978.5279995,-375787320.17142403,33079980.0,28184049.012856796,20934235.54411871,0.0,0.0,-1465694733.971024
2060,P0294,Jiangxi,1320.0,-610676654.7746301,-476705585.66399837,-2789959089.225369,217061855.99999994,0.0,0.0,0.0,0.0,-3660279473.6639977
2060,P0295,Guangdong,3075.0,-2357900587.866365,-15954541752.61799,-5672566000.883635,512582973.75,425442450.06627256,321863871.4908252,0.0,0.0,-22725119046.06089
2060,P0296,Henan,3940.0,-2172482018.774879,-1074573901.6319954,-5493118153.225121,489293628.0,0.0,0.0,0.0,0.0,-8250880445.631996
2060,P0297,Jiangxi,2000.0,-623324034.3743993,-11671407417.599997,-4529154365.625601,328881600.0,339686577.42192006,209342355.4411871,0.0,0.0,-15945975284.736889
2060,P0298,Xinjiang,1000.0,0.0,0.0,-0.0,2376540000.0,0.0,0.0,0.0,0.0,2376540000.0
2060,P0299,Liaoning,520.0,-315219016.2186,-122165595.55199957,-556263725.7813998,55626557.999999985,0.0,0.0,0.0,0.0,-938021779.5519993
2060,P0300,Guangxi,1320.0,-431821438.5204721,-3487451993.75562,-2983226197.479529,217981764.00000012,83059769.59064075,51291372.02004334,0.0,1025827440.4008667,-5524339283.74407
2060,P0301,Jiangsu,64.0,-44719200.458015986,-64994341.48285057,-128776975.5419841,11074224.000000002,429007.5806994723,297558.6410711163,0.0,0.0,-226689727.2610801
2060,P0302,Xinjiang,700.0,-1385947356.6556797,-4526196479.279998,-612194663.3443199,127540979.99999997,45914599.750824,73269824.40441549,0.0,135475941.92655522,-6142137153.198203
2060,P0303,Henan,1300.0,-716808787.9206454,-354554840.6399988,-1812450152.0793545,161442060.0,0.0,0.0,0.0,0.0,-2722371720.6399984
2060,P0304,Inner Mongolia,100.0,-113928281.4291427,-88928133.51892048,-11525160.62552589,90101492.9832393,4141190.2770364117,5751662.209262373,0.0,6.9143969154420624e-06,-114387230.1040441
2060,P0305,Inner Mongolia,300.0,-567282327.58742,-164768007.59505716,-248575397.4125801,52076025.0,623691.3007518427,1050506.2635049094,0.0,21010125.270098187,-905865384.7607024
2060,P0306,Inner Mongolia,660.0,-1248021120.692324,-3565994476.9679985,-546865874.3076758,114567254.99999999,41014940.57307568,69082977.29559174,0.0,0.0,-5136216299.099332
2060,P0307,Hunan,4000.0,-975633646.5539992,-2421965447.9999976,-7471084153.446,539152200.0,0.0,0.0,0.0,0.0,-10329531047.999996
2060,P0308,Qinghai,270.0,-252898307.795124,-1187870184.6479993,-344997387.20487595,38163555.0,25874804.040365696,28261217.98456026,0.0,0.0,-1693466302.6230733
2060,P0309,Inner Mongolia,2000.0,-3781882183.9161334,-10806043869.599993,-1657169316.0838664,347173500.0,124287698.70628998,209342355.4411871,0.0,0.0,-15564291815.452517
2060,P0310,Shaanxi,2640.0,-2814531665.668799,-14668008949.439995,-3660831294.3311996,413321039.99999994,274562347.07484,276331909.18236697,0.0,0.0,-20179156613.18279
2060,P0311,Hunan,1320.0,-486322954.73863214,-390743758.94399923,-2301093919.2613673,177920225.99999997,0.0,0.0,0.0,0.0,-3000240406.943999
2060,P0312,Shanxi,600.0,0.0,0.0,-0.0,1249965000.0,0.0,0.0,0.0,0.0,1249965000.0
2060,P0313,Xinjiang,800.0,0.0,0.0,-0.0,1901231999.9999995,0.0,0.0,0.0,0.0,1901231999.9999995
2060,P0314,Inner Mongolia,1200.0,-2269129310.3496795,-6483626321.759995,-994301589.6503196,208304099.99999994,74572619.22377396,125605413.26471226,0.0,0.0,-9338575089.27151
2060,P0315,Jiangxi,4820.0,0.0,0.0,-0.0,10338321600.0,0.0,0.0,0.0,0.0,10338321600.0
2060,P0316,Chongqing,1200.0,-854794198.971456,-6177839871.167998,-2254723921.028544,198479879.99999997,169104294.07714075,125605413.26471226,0.0,0.0,-8794168403.826145
2060,P0317,Jiangsu,1370.0,-957270384.8044045,-8412741602.369997,-2756632132.6955953,237057607.49999997,206747409.95216963,143399513.47721317,0.0,0.0,-11539439588.940615
2060,P0318,Jilin,550.0,-360074568.8650146,-150912429.35999945,-716477116.1349854,68716065.0,0.0,0.0,0.0,0.0,-1158748049.3599997
2060,P0319,Inner Mongolia,700.0,0.0,0.0,-0.0,1584922499.9999998,0.0,0.0,0.0,0.0,1584922499.9999998
2060,P0320,Guizhou,300.0,-284034175.17521995,-220711667.3999998,-485708089.82478,49132484.99999999,0.0,0.0,0.0,0.0,-941321447.3999997
2060,P0321,Jilin,660.0,-432089482.63801754,-181094915.23199943,-859772539.3619825,82459278.0,0.0,0.0,0.0,0.0,-1390497659.2319994
2060,P0322,Xinjiang,700.0,0.0,0.0,-0.0,1663577999.9999998,0.0,0.0,0.0,0.0,1663577999.9999998
2060,P0323,Henan,4000.0,-1807224808.5295987,-15811043399.030687,-5975110391.470402,496744799.9999999,395234213.87392455,369261847.2853673,0.0,0.0,-22332137737.8714
2060,P0324,Shaanxi,3180.0,-3684207170.91856,-15496401680.927994,-4115661849.081439,497863979.99999994,308674638.68110794,332854345.15148747,0.0,0.0,-22156877737.095398
2060,P0325,Zhejiang,999.0,-984415393.3243616,-5938078101.636237,-2004422427.025638,190776882.14999998,150331682.02692285,104566506.54287295,0.0,0.0,-8481240851.26644
2060,P0326,Zhejiang,6855.0,0.0,0.0,-0.0,17075016675.0,0.0,0.0,0.0,0.0,17075016675.0
2060,P0327,Chongqing,2860.0,-2037259507.548637,-14723851692.950392,-5373758678.451363,473043713.99999994,403031900.8838522,299359568.28089756,0.0,625610474.847366,-20333824220.938274
2060,P0328,Inner Mongolia,2370.0,-4481530387.940618,-12805161985.475992,-1963745639.5593815,411400597.49999994,147280922.9669536,248070691.19780672,0.0,0.0,-18443685801.31123
2060,P0329,Xinjiang,100.0,0.0,0.0,-0.0,237653999.99999994,0.0,0.0,0.0,0.0,237653999.99999994
2060,P0330,Gansu,6000.0,0.0,0.0,-0.0,11311920000.0,0.0,0.0,214550639.5310674,0.0,11526470639.531067
2060,P0331,Guangdong,5260.0,0.0,0.0,-0.0,11436633900.0,0.0,0.0,0.0,0.0,11436633900.0
2060,P0332,Hebei,3840.0,-4399060308.44334,-18370794316.49279,-4847588843.556659,590211647.9999999,363569163.2667494,401937322.44707924,0.0,0.0,-26261725334.77896
2060,P0333,Guangdong,3244.2,-2487642629.969451,-16832430684.176678,-5984695486.200547,540787539.33,448852161.4650411,339574234.7611496,0.0,0.0,-23975554864.79048
2060,P0334,Hebei,700.0,-801912035.3933177,-1759300919.7792058,-883675049.6066833,107590665.00000004,32429516.73325064,35851866.5524228,0.0,717037331.0484558,-2551978625.4450774
2060,P0335,Hubei,4600.0,-1991496990.793087,-1306858586.8799963,-7331133489.206908,595061519.9999998,0.0,0.0,0.0,0.0,-10034427546.879992
2060,P0336,Inner Mongolia,2000.0,-3663512947.0530167,-8176645805.366286,-1160176836.469618,226850975.59135422,133165391.47102562,194831685.31669065,0.0,59418021.32268297,-12386069515.187168
2060,P0337,Guizhou,700.0,-738301000.4927012,-251774790.95999944,-1057764284.5072984,114642464.99999999,0.0,0.0,0.0,0.0,-1933197610.959999
2060,P0338,Guangxi,600.0,-286683265.91777605,-217602665.27999946,-1265611114.0822237,99082619.99999999,0.0,0.0,0.0,0.0,-1670814425.2799993
2060,P0339,Hainan,660.0,-768276185.0539775,-3565569236.6447988,-1026396771.9460223,114553592.99999999,76979757.89595166,69082977.29559174,0.0,0.0,-5099625865.453256
2060,P0340,Inner Mongolia,3740.0,-7072119683.923169,-1425787828.0799975,-3098906621.07683,649214445.0,0.0,0.0,0.0,0.0,-10947599688.079996
2060,P0341,Hebei,100.0,0.0,0.0,-0.0,200479500.0,0.0,0.0,0.0,0.0,200479500.0
2060,P0342,Zhejiang,5260.0,-5183208177.063206,-31265556370.977585,-10553815781.936794,1004490891.0,791536183.6452595,550570394.810322,0.0,497315483.7009604,-44158667376.821045
2060,P0343,Hunan,3920.0,-1444231804.9813926,-2511125006.7456007,-6833551639.018613,528369156.0000001,45289532.14045236,36257951.85959371,0.0,725159037.1918741,-9453832773.553686
2060,P0344,Xinjiang,3960.0,-604939368.283638,-58350987.53301601,-0.0,8684978594.959974,20040839.81608258,25584695.451298792,111520768.48826306,0.0,8178834542.898965
2060,P0345,Gansu,2000.0,-771932889.3510747,-5376451239.0874195,-1601563972.413654,1946055455.942193,120117297.93102403,109710327.9735041,0.0,0.0,-5574065019.005427
2060,P0346,Inner Mongolia,5260.0,0.0,0.0,-0.0,11909560500.0,0.0,0.0,0.0,0.0,11909560500.0
2060,P0347,Ningxia,760.0,0.0,0.0,-0.0,1700047800.0,0.0,0.0,0.0,0.0,1700047800.0
2060,P0348,Jiangsu,5130.0,-4272675374.7653203,-27629361803.987984,-9634127482.734676,887668267.4999999,722559561.2051008,536963141.7066449,0.0,0.0,-39388973691.07623
2060,P0349,Guangdong,1300.0,-996836020.8865931,-6745009521.431998,-2398157984.113406,216701744.99999997,179861848.80850545,136072531.03677163,0.0,0.0,-9607367401.58672
2060,P0350,Guangxi,130.0,-42527868.94519799,-96437544.83999996,-293802580.054802,21467901.0,0.0,0.0,0.0,0.0,-411300092.8399999
