plant_id,water_node_id,distance_km,distance_rank,delivered_cost_cny_per_m3,year,flow_m3,centroid_longitude,centroid_latitude,province_name
P0002,WC_0056_0019_C,83.32,2,8.166,2030,26870594.824499995,112.5059534875,39.44562280625,Shanxi
P0003,WC_0053_0014_F,46.2,1,6.3099,2030,50381054.0442,106.56065670588237,29.095265411764704,Chongqing
P0004,WC_0053_0021_K,169.83,5,12.4917,2030,1043356.3683434332,107.40690754545452,40.72295445454545,Inner Mongolia
P0004,WC_0052_0020_K,193.64,6,13.6821,2030,2240589.6099021314,107.40690754545452,40.72295445454545,Inner Mongolia
P0005,WC_0052_0014_F,43.55,1,6.1775,2030,33014087.73,104.9672844,28.61919437777778,Sichuan
P0006,WC_0058_0020_C,155.59,4,11.7794,2030,7310948.242675147,118.25929270666668,39.741398106666665,Hebei
P0006,WC_0059_0020_A,182.7,5,13.1352,2030,26165902.94317149,118.25929270666668,39.741398106666665,Hebei
P0007,WC_0059_0019_C,54.84,1,6.7422,2030,10616799.285695208,118.36966382222224,39.17751832222221,Hebei
P0007,WC_0058_0019_C,116.45,2,9.8225,2030,8639638.333753254,118.36966382222224,39.17751832222221,Hebei
P0007,WC_0059_0020_C,153.95,3,11.6977,2030,25158227.648057483,118.36966382222224,39.17751832222221,Hebei
P0007,WC_0059_0018_C,159.07,4,11.9537,2030,1650326.6315641417,118.36966382222224,39.17751832222221,Hebei
P0007,WC_0059_0018_D,162.15,5,12.1075,2030,1013739.1748499174,118.36966382222224,39.17751832222221,Hebei
P0008,WC_0061_0018_E,16.13,1,4.8066,2030,6451615.962720002,122.11088608695654,37.34379926086956,Shandong
P0009,WC_0055_0020_D,94.04,1,8.7019,2030,105727259.63400581,109.97652060625,40.5446828,Inner Mongolia
P0009,WC_0054_0020_D,98.31,2,8.9155,2030,11430450.354810113,109.97652060625,40.5446828,Inner Mongolia
P0009,WC_0054_0020_K,135.36,3,10.768,2030,690050.6653347724,109.97652060625,40.5446828,Inner Mongolia
P0009,WC_0055_0020_K,136.34,4,10.8169,2030,9624527.057849292,109.97652060625,40.5446828,Inner Mongolia
P0010,WC_0052_0013_F,58.61,1,6.9306,2030,24773908.267199997,104.82352106666669,27.534283966666663,Yunnan
P0011,WC_0056_0010_H,84.23,1,8.2114,2030,7579328.343900003,113.01274548571428,22.019859071428574,Guangdong
P0012,WC_0061_0021_A,58.62,1,6.9312,2030,5792529.087473653,123.77717060769234,42.46554086923077,Liaoning
P0012,WC_0062_0021_A,117.38,2,9.8692,2030,21630309.768526345,123.77717060769234,42.46554086923077,Liaoning
P0013,WC_0056_0020_C,44.21,1,6.2106,2030,31843389.718850724,113.16431352926828,40.1414594,Shanxi
P0013,WC_0056_0020_K,95.34,2,8.7669,2030,14581129.917587085,113.16431352926828,40.1414594,Shanxi
P0013,WC_0056_0019_C,133.49,4,10.6747,2030,1954425.4830914696,113.16431352926828,40.1414594,Shanxi
P0013,WC_0057_0020_C,192.57,7,13.6283,2030,16713078.665922638,113.16431352926828,40.1414594,Shanxi
P0013,WC_0057_0020_K,196.43,8,13.8214,2030,7008031.430548072,113.16431352926828,40.1414594,Shanxi
P0014,WC_0056_0011_H,99.44,1,8.9719,2030,12525447.831600001,112.024739125,22.974058575,Guangdong
P0015,WC_0056_0012_F,55.94,1,6.7968,2030,14061628.5282,113.088394,26.08946423333333,Hunan
P0016,WC_0056_0015_F,84.21,1,8.2104,2030,15132005.747199997,113.8259234888889,30.660474866666668,Hubei
P0018,WC_0065_0021_A,54.98,1,6.7489,2030,7715754.840000001,129.9301436,42.9040347,Jilin
P0019,WC_0055_0013_F,80.25,1,8.0126,2030,16320207.4182,111.5750416714286,27.544403028571427,Hunan
P0020,WC_0060_0015_G,62.87,1,7.1436,2030,12982952.60343,121.14102242857142,30.68855748571428,Zhejiang
P0022,WC_0059_0017_E,163.03,3,12.1517,2030,11572506.078011215,120.11881293333334,35.99860965,Shandong
P0022,WC_0060_0017_E,194.8,4,13.7401,2030,10038390.737238787,120.11881293333334,35.99860965,Shandong
P0023,WC_0056_0016_F,135.68,4,10.7838,2030,31929978.2304,113.21201491428567,33.7993222857143,Henan
P0024,WC_0053_0014_F,77.68,1,7.884,2030,11171957.33998,107.31146671428574,29.655601142857147,Chongqing
P0025,WC_0062_0021_A,106.96,1,9.3479,2030,28258544.694000002,125.24796920000004,43.81222732,Jilin
P0027,WC_0058_0017_D,174.29,6,12.7145,2030,4971389.721199296,116.036756325,36.48592403125,Shandong
P0027,WC_0058_0017_E,199.88,8,13.9942,2030,79922317.11355071,116.036756325,36.48592403125,Shandong
P0028,WC_0056_0013_F,68.97,1,7.4486,2030,20947758.564600002,113.13893942,27.64443306,Hunan
P0029,WC_0063_0022_A,40.81,1,6.0406,2030,873481.6799999999,127.02565466666664,44.58916933333334,Jilin
P0030,WC_0063_0021_A,116.26,1,9.813,2030,22625994.047620017,126.50366462499998,43.90009873333333,Jilin
P0031,WC_0055_0017_D,187.39,5,13.3696,2030,14019051.899999999,111.5960795,36.44789901666667,Shanxi
P0032,WC_0057_0017_E,104.62,3,9.231,2030,12899803.729199998,114.94455282857145,35.69333081428572,Henan
P0035,WC_0058_0015_F,59.27,1,6.9636,2030,36101042.9328,117.78143773571428,30.986382207142857,Anhui
P0036,WC_0060_0015_F,40.29,1,6.0144,2030,44071466.3277,121.25921157285715,31.52313884714286,Jiangsu
P0038,WC_0053_0015_F,64.82,1,7.241,2030,42065211.225600004,106.77105626666668,30.466155083333334,Sichuan
P0039,WC_0061_0023_A,55.15,1,6.7575,2030,10210771.5075,123.69026015555556,47.216015733333336,Heilongjiang
P0040,WC_0056_0018_D,72.54,1,7.6271,2030,8422426.246960634,112.39579644705884,37.87612592941177,Shanxi
P0040,WC_0056_0018_C,151.0,4,11.5498,2030,2436945.6080393624,112.39579644705884,37.87612592941177,Shanxi
P0042,WC_0059_0017_E,166.51,7,12.3257,2030,39380802.777600005,117.7747333,36.10888457777778,Shandong
P0043,WC_0058_0016_E,83.92,1,8.196,2030,28234849.240046024,116.754942764,33.761710992,Anhui
P0043,WC_0057_0016_E,186.08,4,13.304,2030,78463332.04995404,116.754942764,33.761710992,Anhui
P0044,WC_0062_0023_A,60.8,1,7.0398,2030,15036073.659000004,124.97499467692306,46.49802851538463,Heilongjiang
P0045,WC_0056_0017_D,4.72,1,4.2358,2030,19186033.985710543,112.67363529032258,35.190280632258066,Henan
P0045,WC_0056_0017_C,88.03,2,8.4017,2030,6128965.450841215,112.67363529032258,35.190280632258066,Henan
P0045,WC_0056_0017_E,109.66,3,9.4832,2030,17043641.371532273,112.67363529032258,35.190280632258066,Henan
P0045,WC_0055_0017_D,160.81,4,12.0404,2030,8964325.784368012,112.67363529032258,35.190280632258066,Henan
P0045,WC_0057_0017_D,162.06,5,12.1032,2030,3016491.324533489,112.67363529032258,35.190280632258066,Henan
P0045,WC_0055_0016_D,181.15,6,13.0577,2030,3031247.6518144524,112.67363529032258,35.190280632258066,Henan
P0046,WC_0061_0014_G,47.33,1,6.3665,2030,19341981.962688,121.86577418444443,30.01492672666668,Zhejiang
P0047,WC_0060_0020_A,23.51,1,5.1756,2030,7852485.541599997,120.95330144285712,41.001320185714285,Liaoning
P0048,WC_0055_0018_D,137.1,3,10.8551,2030,1037007.9999999999,111.1116265,38.213208,Shanxi
P0049,WC_0044_0020_K,166.46,2,12.3231,2030,1095835.365709218,88.9060775,42.808315,Xinjiang
P0050,WC_0057_0016_E,185.3,5,13.2652,2030,11358897.76,115.4996139,34.5444303,Henan
P0051,WC_0057_0019_C,111.77,1,9.5887,2030,16926016.697158817,114.29729676999996,38.11601805999999,Hebei
P0051,WC_0057_0018_C,139.22,3,10.9608,2030,11189540.239841178,114.29729676999996,38.11601805999999,Hebei
P0052,WC_0060_0016_F,55.33,1,6.7666,2030,35465933.20944212,120.36732789473685,31.886977849122808,Jiangsu
P0052,WC_0060_0015_F,87.46,2,8.3729,2030,51085471.958057866,120.36732789473685,31.886977849122808,Jiangsu
P0053,WC_0065_0022_A,38.3,1,5.9149,2030,19576998.0,130.88350004444445,45.52289057777777,Heilongjiang
P0055,WC_0055_0017_D,62.43,1,7.1214,2030,3074682.4250000007,110.291820675,34.722310675,Shanxi
P0056,WC_0057_0012_F,48.04,1,6.4021,2030,22240089.129599996,114.6474855,25.235139166666663,Jiangxi
P0057,WC_0051_0017_D,148.78,2,11.4388,2030,6581694.016,103.63660057777776,36.10173662222222,Gansu
P0058,WC_0059_0016_E,148.83,3,11.4413,2030,12047130.690000003,119.50311133333334,34.54334577777778,Jiangsu
P0059,WC_0055_0020_D,73.9,1,7.6949,2030,8282590.076791461,111.26340109523812,39.86658994761905,Inner Mongolia
P0059,WC_0056_0020_D,124.75,3,10.2374,2030,3102894.2562152613,111.26340109523812,39.86658994761905,Inner Mongolia
P0059,WC_0056_0019_D,150.4,4,11.52,2030,1663323.0845430952,111.26340109523812,39.86658994761905,Inner Mongolia
P0060,WC_0059_0017_E,55.61,1,6.7806,2030,14403436.369920002,119.34751615999998,35.25980932000001,Shandong
P0062,WC_0043_0020_K,93.72,1,8.6862,2030,3118103.8114908184,86.38826449999999,41.9057335,Xinjiang
P0062,WC_0042_0020_K,128.86,2,10.4431,2030,1943868.9744704044,86.38826449999999,41.9057335,Xinjiang
P0063,WC_0052_0019_D,41.07,1,6.0533,2030,1610651.1344,105.99086423333333,38.5674425,Ningxia
P0065,WC_0041_0022_K,164.64,3,12.2321,2030,3851097.1434377637,84.88765941000001,44.51353533,Xinjiang
P0066,WC_0059_0012_G,45.41,1,6.2705,2030,2678435.3990400005,119.05258655555556,25.21517051111111,Fujian
P0067,WC_0060_0020_A,165.72,4,12.2861,2030,23358695.1936,119.67226051428575,39.97792042857143,Hebei
P0068,WC_0060_0013_G,49.67,1,6.4837,2030,501542.4624,120.60543628,27.43325004,Zhejiang
P0069,WC_0053_0017_D,181.11,3,13.0553,2030,3122143.9999999995,109.10067892,34.81815216,Shaanxi
P0070,WC_0057_0017_E,63.77,1,7.1887,2030,22028152.02947605,115.56860472222225,35.294208722222216,Shandong
P0070,WC_0058_0017_E,139.94,4,10.9972,2030,13907521.303323947,115.56860472222225,35.294208722222216,Shandong
P0071,WC_0052_0013_H,22.82,1,5.1412,2030,27445891.214919005,104.54053204,26.182950060000003,Guizhou
P0071,WC_0052_0012_H,130.07,3,10.5035,2030,17604087.785081014,104.54053204,26.182950060000003,Guizhou
P0072,WC_0065_0023_A,57.51,1,6.8756,2030,9517176.000000013,131.41872039999998,46.6215169,Heilongjiang
P0073,WC_0061_0020_A,48.07,1,6.4036,2030,9631874.948499998,123.4034578352941,41.25218117647059,Liaoning
P0074,WC_0055_0019_D,61.61,1,7.0807,2030,13831538.106,110.42589608333331,39.17701975,Shaanxi
P0075,WC_0057_0016_E,95.0,1,8.7499,2030,10762084.08,114.316042,33.5464985,Henan
P0076,WC_0054_0011_H,90.37,1,8.5185,2030,15793444.139200002,109.2172239,23.73486028181818,Guangxi
P0077,WC_0047_0021_K,136.56,2,10.8278,2030,1961586.0051078808,93.31052133333334,42.51244766666667,Xinjiang
P0078,WC_0063_0022_A,93.3,1,8.6652,2030,24092696.259,126.63870604615386,45.738477292307685,Heilongjiang
P0079,WC_0054_0010_H,33.81,1,5.6905,2030,2886090.0431999997,108.5689820142857,21.687818557142855,Guangxi
P0080,WC_0059_0017_E,147.63,3,11.3816,2030,34791662.62282664,117.27766755263158,34.90857122631579,Shandong
P0081,WC_0052_0017_D,183.33,5,13.1664,2030,4425532.1395553425,103.91035866666664,36.588604333333336,Gansu
P0082,WC_0060_0021_A,104.91,1,9.2454,2030,14712821.499999996,121.61303683333335,41.93595583333334,Liaoning
P0083,WC_0055_0019_D,29.81,1,5.4904,2030,17139513.206,111.14797504615385,39.20309480769231,Shaanxi
P0084,WC_0054_0017_D,63.86,1,7.1931,2030,14461893.534000006,109.748516175,35.0326723,Shaanxi
P0085,WC_0059_0016_E,192.11,5,13.6053,2030,58944513.285000004,117.38812471428572,34.37115052380951,Jiangsu
P0086,WC_0054_0019_D,86.29,1,8.3145,2030,32609233.008000005,110.0859333375,38.66187655,Shaanxi
P0087,WC_0058_0020_C,102.95,2,9.1476,2030,20384800.111,117.62799128888888,39.96386984444444,Hebei
P0088,WC_0059_0015_F,96.46,1,8.823,2030,13573330.542000001,119.906331,31.112822777777776,Zhejiang
P0089,WC_0053_0019_D,72.54,1,7.6268,2030,18940307.076365434,106.63083476923076,38.09433597948717,Ningxia
P0089,WC_0053_0018_D,143.27,3,11.1635,2030,14337358.119134568,106.63083476923076,38.09433597948717,Ningxia
P0090,WC_0056_0011_H,56.6,1,6.8301,2030,31231716.465960003,113.5348139151515,22.942231745454546,Guangdong
P0091,WC_0056_0012_H,50.63,1,6.5315,2030,21797702.3898,113.56754175384616,24.69749064615385,Guangdong
P0092,WC_0057_0013_F,101.84,1,9.0919,2030,37283376.599999994,114.79901501111112,27.92697431111111,Jiangxi
P0093,WC_0056_0014_F,61.68,1,7.084,2030,11858955.423750002,113.08135288,29.48292738,Hunan
P0094,WC_0058_0011_G,43.65,1,6.1824,2030,12982614.120000003,117.65712922941177,23.87389818235294,Fujian
P0095,WC_0058_0015_F,111.08,2,9.5538,2030,26669376.826800004,117.48208799999998,31.780410714285715,Anhui
P0096,WC_0058_0012_H,58.57,1,6.9284,2030,29292635.429799996,116.39166080000004,24.39771004,Guangdong
P0098,WC_0044_0022_K,22.64,1,5.1322,2030,11470324.005751338,89.16161844384615,44.78648652673076,Xinjiang
P0099,WC_0052_0014_F,58.57,1,6.9286,2030,8843628.00000006,105.03624913333331,29.5345342,Sichuan
P0100,WC_0058_0014_F,67.52,1,7.3761,2030,25547379.696000002,117.10249263333333,28.3432053,Jiangxi
P0101,WC_0050_0018_D,43.56,1,6.1781,2030,8736107.672190858,101.65731172727271,36.79799763636363,Qinghai
P0101,WC_0051_0018_D,99.26,2,8.9631,2030,5880901.872794121,101.65731172727271,36.79799763636363,Qinghai
P0101,WC_0050_0018_K,102.31,3,9.1154,2030,11167108.615989188,101.65731172727271,36.79799763636363,Qinghai
P0101,WC_0051_0018_K,139.36,4,10.968,2030,2972556.206413591,101.65731172727271,36.79799763636363,Qinghai
P0102,WC_0055_0014_F,78.73,1,7.9363,2030,8793900.5616,111.3662008,29.594144733333334,Hunan
P0103,WC_0054_0019_D,109.13,1,9.4565,2030,18857760.11000002,109.88846628571426,39.71318328571429,Inner Mongolia
P0104,WC_0059_0022_A,53.92,1,6.6961,2030,3364775.3729999997,118.61048795,44.8662699,Inner Mongolia
P0105,WC_0062_0020_A,137.61,1,10.8807,2030,3739475.207,124.23231075,39.97204075,Liaoning
P0106,WC_0057_0015_F,39.11,1,5.9555,2030,33347630.03999999,114.611121304,30.616741076000004,Hubei
P0107,WC_0060_0019_A,54.54,1,6.727,2030,6108319.239313317,121.7068036210526,39.02835461052631,Liaoning
P0107,WC_0061_0019_A,105.6,2,9.2801,2030,8025106.701692443,121.7068036210526,39.02835461052631,Liaoning
P0108,WC_0055_0010_H,35.5,1,5.7749,2030,2914558.7472,110.43623373846152,21.178269200000003,Guangdong
P0109,WC_0053_0017_D,72.19,1,7.6094,2030,8568542.688,107.89730960769232,35.14298256153846,Shaanxi
P0110,WC_0052_0012_H,35.76,1,5.7882,2030,108349889.62980004,104.76878606666668,25.310301483333333,Guizhou
P0111,WC_0055_0011_H,117.76,1,9.8882,2030,1181466.9048,109.99253175,22.4336885,Guangxi
P0113,WC_0057_0021_K,119.23,2,9.9614,2030,13833575.877138829,116.21173066666664,42.22019666666666,Inner Mongolia
P0113,WC_0058_0021_A,132.52,3,10.6262,2030,3404343.1228611693,116.21173066666664,42.22019666666666,Inner Mongolia
P0114,WC_0054_0010_H,76.42,1,7.8211,2030,1925400.2767999999,109.61024596666668,21.59652003333333,Guangxi
P0115,WC_0059_0017_E,56.51,1,6.8257,2030,13946091.3018,118.2819026,34.988247133333324,Shandong
P0116,WC_0061_0020_A,95.89,1,8.7947,2030,747771.0133999997,122.04982786666666,41.17928143333334,Liaoning
P0117,WC_0056_0016_F,63.02,1,7.151,2030,15057817.9232,112.59986043333332,33.21598703333334,Henan
P0118,WC_0061_0020_A,115.92,2,9.7959,2030,31038453.50079999,123.71805184166664,41.817224116666665,Liaoning
P0119,WC_0052_0013_F,59.66,2,6.983,2030,50068850.474999994,105.02177205882354,26.63320383529412,Guizhou
P0120,WC_0059_0024_A,67.79,1,7.3896,2030,4024898.11,119.81555575,48.5947915,Inner Mongolia
P0121,WC_0057_0011_H,63.74,1,7.1869,2030,6408341.690400001,114.86316415,22.7171561,Guangdong
P0122,WC_0054_0018_D,156.36,3,11.8179,2030,11053406.272,109.62005655238094,38.22282690476191,Shaanxi
P0124,WC_0056_0016_E,151.79,5,11.5894,2030,58256928.96649484,113.31786984347823,34.562298121739126,Henan
P0124,WC_0057_0017_E,178.03,7,12.9017,2030,5387278.527754411,113.31786984347823,34.562298121739126,Henan
P0126,WC_0059_0016_F,48.56,1,6.4278,2030,39954451.46744855,119.5260382647059,32.21680167647058,Jiangsu
P0126,WC_0059_0016_E,127.59,3,10.3794,2030,16770879.613151457,119.5260382647059,32.21680167647058,Jiangsu
P0127,WC_0058_0021_C,182.51,5,13.1255,2030,3899170.378853344,117.81527714285714,40.78629914285714,Hebei
P0128,WC_0039_0018_K,98.36,1,8.9181,2030,1847225.7670570693,79.94897945,37.21687335,Xinjiang
P0128,WC_0040_0018_K,116.58,2,9.8291,2030,1216949.4954160163,79.94897945,37.21687335,Xinjiang
P0129,WC_0053_0019_K,59.29,1,6.9644,2030,60695748.27979196,106.8149754842105,39.44216274385965,Inner Mongolia
P0129,WC_0052_0019_K,157.73,3,11.8866,2030,2659174.9424792123,106.8149754842105,39.44216274385965,Inner Mongolia
P0129,WC_0053_0020_D,167.93,5,12.3964,2030,7544718.348550567,106.8149754842105,39.44216274385965,Inner Mongolia
P0129,WC_0053_0020_K,198.89,6,13.9444,2030,5288966.666678265,106.8149754842105,39.44216274385965,Inner Mongolia
P0132,WC_0061_0022_A,43.03,1,6.1515,2030,3676242.481599999,122.82737375,45.5797501,Jilin
P0133,WC_0057_0016_E,97.34,2,8.8671,2030,24611543.059000008,116.06149366666666,32.906693999999995,Anhui
P0134,WC_0055_0018_D,55.88,1,6.7941,2030,12385204.871191578,111.00816366153846,37.48729852307692,Shanxi
P0134,WC_0054_0018_D,186.58,5,13.3291,2030,1388490.4730584235,111.00816366153846,37.48729852307692,Shanxi
P0135,WC_0060_0020_A,55.85,1,6.7923,2030,2907469.4648844213,120.3721705,41.560774,Liaoning
P0135,WC_0059_0021_A,180.62,5,13.0311,2030,1157548.235115578,120.3721705,41.560774,Liaoning
P0136,WC_0061_0022_A,124.45,1,10.2223,2030,8899717.2,122.04553733333334,46.07332433333334,Inner Mongolia
P0138,WC_0063_0020_A,66.78,1,7.3388,2030,8734816.8,126.1607947,41.841904666666665,Jilin
P0139,WC_0064_0022_A,70.75,1,7.5376,2030,7819370.588250003,129.6441606666667,44.627998,Heilongjiang
P0141,WC_0060_0018_E,81.87,1,8.0936,2030,31872915.627868272,120.34899307142857,37.63422128571428,Shandong
P0141,WC_0061_0018_E,173.18,3,12.659,2030,1089695.529631726,120.34899307142857,37.63422128571428,Shandong
P0142,WC_0060_0016_F,87.45,1,8.3723,2030,301080.465,121.67171711111112,32.064600444444444,Jiangsu
P0143,WC_0051_0011_H,42.35,1,6.1177,2030,11452337.253604654,103.20416861428572,23.831920442857147,Yunnan
P0143,WC_0051_0012_H,96.8,2,8.84,2030,8717562.746395342,103.20416861428572,23.831920442857147,Yunnan
P0144,WC_0057_0018_C,155.66,5,11.7831,2030,14347751.029499998,113.53523736363633,37.83865712727273,Shanxi
P0145,WC_0061_0020_A,104.17,3,9.2085,2030,12868971.640799997,122.111451375,40.336695375000005,Liaoning
P0146,WC_0055_0017_D,90.81,1,8.5406,2030,3682271.111586726,110.60157317,35.60675549,Shanxi
P0146,WC_0054_0017_D,160.37,3,12.0183,2030,10354048.82341328,110.60157317,35.60675549,Shanxi
P0149,WC_0053_0017_D,198.79,4,13.9394,2030,6162767.368,109.11732799999996,35.73940914285714,Shaanxi
P0150,WC_0053_0013_F,7.33,1,4.3667,2030,1335833.9400000002,107.028961,27.13609633333333,Guizhou
P0152,WC_0055_0010_H,38.97,1,5.9485,2030,11756661.549499998,110.8766253,21.674481614285718,Guangdong
P0153,WC_0065_0023_A,43.11,1,6.1554,2030,12415288.275000019,130.29474041818182,47.05959753636363,Heilongjiang
P0154,WC_0058_0019_C,43.67,1,6.1834,2030,12264775.794120854,117.49515763809524,38.89308288571428,Tianjin
P0154,WC_0058_0018_C,196.05,5,13.8026,2030,18409504.331879143,117.49515763809524,38.89308288571428,Tianjin
P0155,WC_0056_0018_C,36.23,1,5.8115,2030,2367313.343,113.0482917,36.9563088,Shanxi
P0156,WC_0051_0012_J,22.35,1,5.1176,2030,5405533.199999998,102.3335597,25.0149171,Yunnan
P0157,WC_0052_0013_F,99.16,2,8.9581,2030,11953716.193283707,105.61257831999998,26.32126902000001,Guizhou
P0157,WC_0053_0013_H,138.32,3,10.9161,2030,14568970.466640852,105.61257831999998,26.32126902000001,Guizhou
P0157,WC_0052_0012_H,146.97,4,11.3485,2030,4916674.811668475,105.61257831999998,26.32126902000001,Guizhou
P0157,WC_0053_0013_F,164.27,5,12.2136,2030,3696318.1668069963,105.61257831999998,26.32126902000001,Guizhou
P0158,WC_0053_0011_H,80.15,1,8.0077,2030,6260836.9005,106.45162566666669,23.29812266666666,Guangxi
P0159,WC_0059_0012_G,76.32,1,7.816,2030,2164066.3395999996,118.63520546666663,24.687213566666667,Fujian
P0160,WC_0056_0015_F,109.42,1,9.4712,2030,14622562.593599996,112.36138973333333,30.151720266666665,Hubei
P0161,WC_0059_0014_G,23.32,1,5.1658,2030,5284827.675,118.8811483,28.9022094,Zhejiang
P0162,WC_0059_0017_E,116.62,4,9.8311,2030,4525243.081799999,117.7606535,35.409393550000004,Shandong
P0164,WC_0056_0014_F,39.11,1,5.9556,2030,5015834.496,112.9124966,28.5953512,Hunan
P0165,WC_0057_0018_C,115.76,2,9.788,2030,3366785.002350614,113.6907271,36.5985437,Hebei
P0165,WC_0057_0017_C,132.15,5,10.6074,2030,3262403.7976493854,113.6907271,36.5985437,Hebei
P0166,WC_0053_0011_H,81.46,1,8.0732,2030,12174391.611200001,106.9209267,23.73388806,Guangxi
P0168,WC_0041_0022_K,62.31,1,7.1156,2030,5028377.885334187,82.08918665,44.86349865,Xinjiang
P0168,WC_0040_0022_K,91.9,2,8.595,2030,6306006.805865809,82.08918665,44.86349865,Xinjiang
P0169,WC_0052_0013_F,27.3,1,5.3648,2030,14312506.500000002,105.49295496666667,27.159312466666663,Guizhou
P0170,WC_0059_0018_E,93.32,3,8.6659,2030,1990085.8167158978,118.63321123,37.40831771999999,Shandong
P0170,WC_0058_0018_D,179.36,6,12.968,2030,12138482.627629789,118.63321123,37.40831771999999,Shandong
P0170,WC_0060_0018_E,199.21,7,13.9603,2030,17421445.215240538,118.63321123,37.40831771999999,Shandong
P0171,WC_0054_0016_F,157.75,2,11.8877,2030,20699451.68,108.8980685142857,34.31278957142858,Shaanxi
P0172,WC_0052_0015_F,93.82,1,8.6911,2030,25245180.373599995,104.81546613333336,31.82574306666667,Sichuan
P0174,WC_0056_0018_C,56.25,1,6.8126,2030,6778722.248980939,113.02755668571427,36.34547512380952,Shanxi
P0174,WC_0056_0017_C,113.86,3,9.693,2030,2390145.982354638,113.02755668571427,36.34547512380952,Shanxi
P0174,WC_0057_0017_C,166.06,5,12.3032,2030,2651189.6866644216,113.02755668571427,36.34547512380952,Shanxi
P0175,WC_0054_0013_F,29.15,1,5.4576,2030,17175007.799999997,108.8925723,27.2103544,Guizhou
P0176,WC_0056_0016_F,95.68,1,8.784,2030,11913229.120000003,112.16024828,31.92788278,Hubei
P0177,WC_0061_0021_A,88.56,1,8.4278,2030,10573177.0532,123.4633255,43.5282178,Jilin
P0178,WC_0054_0018_D,47.72,1,6.3859,2030,1016511.9999999999,109.52639,36.7187265,Shaanxi
P0179,WC_0058_0012_G,97.83,1,8.8915,2030,1957567.625,118.0379032625,24.419180087500003,Fujian
P0180,WC_0058_0024_A,82.48,1,8.124,2030,4870240.425000001,117.568398,49.461172000000005,Inner Mongolia
P0181,WC_0040_0022_K,68.93,1,7.4465,2030,6635436.97163899,81.232426,43.9809660952381,Xinjiang
P0181,WC_0040_0021_K,103.11,2,9.1555,2030,21430638.54492042,81.232426,43.9809660952381,Xinjiang
P0181,WC_0041_0021_K,153.02,3,11.6508,2030,3668808.438240614,81.232426,43.9809660952381,Xinjiang
P0182,WC_0058_0014_F,126.47,1,10.3236,2030,11775510.359999998,116.15259249090909,29.75556527272727,Jiangxi
P0183,WC_0043_0023_K,48.87,1,6.4437,2030,2866107.2399999993,87.7296623,47.28983,Xinjiang
P0185,WC_0053_0013_F,104.32,1,9.2158,2030,12033898.5,106.9379912,28.00455835,Guizhou
P0186,WC_0052_0018_K,43.53,1,6.1763,2030,2862752.57170563,105.39427115384616,37.59225300000001,Ningxia
P0186,WC_0052_0018_D,73.23,2,7.6613,2030,7918731.856294369,105.39427115384616,37.59225300000001,Ningxia
P0187,WC_0060_0021_A,94.74,1,8.7368,2030,2022662.9999999998,121.331659,43.585098,Inner Mongolia
P0188,WC_0046_0022_K,9.96,1,4.498,2030,3338034.961980263,92.926001,44.53792,Xinjiang
P0188,WC_0047_0022_K,133.44,2,10.6721,2030,174165.08034384382,92.926001,44.53792,Xinjiang
P0188,WC_0046_0021_K,134.04,3,10.7021,2030,4964280.81009585,92.926001,44.53792,Xinjiang
P0188,WC_0045_0022_K,176.04,4,12.8019,2030,7887728.718150509,92.926001,44.53792,Xinjiang
P0189,WC_0051_0012_H,49.97,1,6.4986,2030,9009221.999999998,103.0278556,24.9631234,Yunnan
P0190,WC_0059_0016_E,26.69,1,5.3343,2030,22581787.199999996,119.00320116666668,33.51324183333334,Jiangsu
P0191,WC_0055_0013_F,70.59,1,7.5295,2030,1870623.72,111.492692,26.56672,Hunan
P0192,WC_0054_0018_D,103.33,1,9.1664,2030,2720648.988000004,108.98365166666666,37.822902,Shaanxi
P0193,WC_0054_0011_H,17.02,1,4.8509,2030,4840851.324399999,108.93004633333334,22.806623733333332,Guangxi
P0194,WC_0053_0016_F,100.54,1,9.0272,2030,6020110.8,106.141932,33.346156,Shaanxi
P0195,WC_0053_0015_F,55.58,1,6.7792,2030,6025658.3999999985,107.491416,31.324767,Sichuan
P0197,WC_0058_0013_G,58.52,1,6.926,2030,1542781.1519999998,117.4607848,27.3866923,Fujian
P0198,WC_0052_0017_F,56.62,2,6.8312,2030,553027.2000000001,105.1007823,34.7548032,Gansu
P0199,WC_0058_0021_A,67.21,2,7.3605,2030,2629461.9000000004,116.786405,43.063974,Inner Mongolia
P0200,WC_0038_0019_K,82.67,1,8.1334,2030,2959706.522558763,76.0498524,39.4815702,Xinjiang
P0200,WC_0037_0019_K,89.78,2,8.4889,2030,7131217.949616255,76.0498524,39.4815702,Xinjiang
P0200,WC_0037_0020_K,116.31,3,9.8155,2030,4203015.248088858,76.0498524,39.4815702,Xinjiang
P0200,WC_0036_0019_K,199.37,5,13.9687,2030,441801.8309361358,76.0498524,39.4815702,Xinjiang
P0201,WC_0063_0023_A,36.61,1,5.8305,2030,1680115.5,127.035146,46.658416,Heilongjiang
P0202,WC_0057_0013_F,1.62,1,4.0811,2030,4980239.7696,115.02031085,27.04720645,Jiangxi
P0203,WC_0059_0024_A,52.68,1,6.6338,2030,2483347.1399999997,119.7869442,49.2971288,Inner Mongolia
P0204,WC_0064_0023_A,81.79,1,8.0895,2030,1680115.5,128.750564,47.738549,Heilongjiang
P0205,WC_0054_0021_K,177.8,5,12.8899,2030,2213108.345268291,108.767778,40.651111,Inner Mongolia
P0206,WC_0055_0016_F,35.24,1,5.7619,2030,6338698.800000003,110.737906,32.683566,Hubei
P0207,WC_0043_0022_K,88.82,1,8.4409,2030,15984255.252933824,86.14399902857143,44.38875934285716,Xinjiang
P0207,WC_0042_0022_K,101.84,2,9.0918,2030,10577741.99507844,86.14399902857143,44.38875934285716,Xinjiang
P0207,WC_0043_0021_K,144.45,3,11.2225,2030,17251490.418496486,86.14399902857143,44.38875934285716,Xinjiang
P0207,WC_0042_0021_K,161.13,4,12.0567,2030,10419155.133491244,86.14399902857143,44.38875934285716,Xinjiang
P0208,WC_0050_0013_F,63.14,1,7.1571,2030,3314112.119999999,101.504877,26.600634,Sichuan
P0209,WC_0059_0014_G,47.2,1,6.3599,2030,9166456.8,119.5068449,29.1866175,Zhejiang
P0210,WC_0059_0015_F,9.09,1,4.4546,2030,4991028.768000001,118.865,30.86956,Anhui
P0212,WC_0049_0019_K,135.06,2,10.7532,2030,11591685.50667519,100.462929,39.071222,Gansu
P0212,WC_0049_0019_D,139.39,3,10.9695,2030,1975496.17332481,100.462929,39.071222,Gansu
P0213,WC_0057_0015_F,73.72,1,7.6859,2030,7846540.446400001,115.22746642857145,30.139824142857144,Hubei
P0214,WC_0040_0020_K,73.18,1,7.659,2030,6002564.843233998,81.22118188571429,40.57628974285715,Xinjiang
P0214,WC_0041_0020_K,163.41,2,12.1703,2030,2762151.645166004,81.22118188571429,40.57628974285715,Xinjiang
P0216,WC_0063_0024_A,87.92,1,8.3962,2030,699178.4999999998,126.5290168,48.2323268,Heilongjiang
P0217,WC_0054_0009_H,76.34,1,7.8169,2030,3033632.6999999997,109.18408,19.772636,Hainan
P0218,WC_0056_0015_F,74.6,1,7.7299,2030,7537798.3824,112.2396082,31.04729105,Hubei
P0219,WC_0062_0022_A,33.13,1,5.6564,2030,1474293.6684,124.713103425,45.18673232500001,Jilin
P0220,WC_0057_0019_C,96.96,1,8.8479,2030,7409722.320000001,114.636465,39.812212,Hebei
P0221,WC_0053_0017_D,55.42,1,6.7709,2030,7056214.00571778,106.7692569,35.395936240000005,Gansu
P0221,WC_0053_0017_F,130.54,2,10.5271,2030,8933313.923163563,106.7692569,35.395936240000005,Gansu
P0221,WC_0052_0017_D,155.41,3,11.7707,2030,8357590.911918652,106.7692569,35.395936240000005,Gansu
P0222,WC_0058_0013_F,57.55,1,6.8776,2030,24022655.999999996,116.5644289,27.7844943,Jiangxi
P0223,WC_0059_0015_F,96.19,2,8.8093,2030,41547031.457,118.48500455789474,31.722853400000005,Anhui
P0224,WC_0040_0020_K,40.69,1,6.0343,2030,3548102.6530887727,80.284606,41.116463,Xinjiang
P0224,WC_0039_0020_K,99.02,2,8.9509,2030,6650158.606911214,80.284606,41.116463,Xinjiang
P0225,WC_0066_0022_A,79.77,1,7.9884,2030,6720461.999999999,132.54726,46.250035,Heilongjiang
P0226,WC_0058_0015_E,14.36,1,4.7178,2030,16905097.44,116.491363,31.656523,Anhui
P0227,WC_0055_0018_D,101.1,2,9.055,2030,6917882.971009118,112.01524108333336,37.256315066666666,Shanxi
P0227,WC_0056_0018_C,132.77,3,10.6386,2030,8414419.193990892,112.01524108333336,37.256315066666666,Shanxi
P0228,WC_0061_0020_A,133.68,3,10.684,2030,5990552.4,123.2061971,39.6759023,Liaoning
P0230,WC_0057_0021_K,76.94,1,7.8472,2030,796989.6,115.1452,43.5503,Inner Mongolia
P0231,WC_0058_0012_G,25.71,1,5.2853,2030,7627785.6000000015,117.27690395,25.2826263,Fujian
P0232,WC_0059_0021_A,87.69,1,8.3846,2030,1207559.9999999998,118.711438,43.589584,Inner Mongolia
P0234,WC_0056_0013_F,36.52,1,5.8259,2030,471172.13999999996,112.643208,26.99216,Hunan
P0235,WC_0058_0022_K,48.87,1,6.4434,2030,1593979.2,116.7196555,44.587344,Inner Mongolia
P0237,WC_0057_0012_F,55.39,1,6.7697,2030,17382536.496,115.10297395,25.92432775,Jiangxi
P0238,WC_0052_0016_F,72.39,1,7.6195,2030,1199135.9999999998,105.57982345,32.331679699999995,Sichuan
P0239,WC_0053_0013_F,76.25,1,7.8127,2030,32989173.9372,106.45517692,27.52040356,Guizhou
P0241,WC_0055_0012_H,122.54,1,10.1271,2030,2311927.8,111.693474,23.985332,Guangxi
P0242,WC_0044_0022_K,105.98,2,9.299,2030,420444.00137383066,90.22066,44.50694375,Xinjiang
P0242,WC_0045_0021_K,119.79,3,9.9896,2030,2060477.0175393706,90.22066,44.50694375,Xinjiang
P0242,WC_0044_0021_K,169.06,4,12.453,2030,4503580.639672194,90.22066,44.50694375,Xinjiang
P0243,WC_0058_0016_E,37.66,1,5.883,2030,142019318.9437875,116.88456934999998,32.72965889545455,Anhui
P0243,WC_0058_0015_E,138.29,2,10.9146,2030,24130975.731812526,116.88456934999998,32.72965889545455,Anhui
P0244,WC_0049_0019_K,119.51,2,9.9753,2030,10210530.027094333,98.30868356666667,39.79236645,Gansu
P0244,WC_0048_0019_K,153.65,3,11.6824,2030,9770388.794505667,98.30868356666667,39.79236645,Gansu
P0245,WC_0055_0015_F,75.99,1,7.7993,2030,12993448.009359999,111.494179,30.3951102,Hubei
P0246,WC_0059_0022_K,50.02,1,6.5012,2030,11155363.471515592,119.571302776,45.461377824,Inner Mongolia
P0246,WC_0059_0023_K,90.51,2,8.5256,2030,6568498.733568634,119.571302776,45.461377824,Inner Mongolia
P0246,WC_0059_0022_A,94.95,3,8.7477,2030,5814201.18691335,119.571302776,45.461377824,Inner Mongolia
P0246,WC_0060_0022_A,120.13,4,10.0065,2030,1911500.088502417,119.571302776,45.461377824,Inner Mongolia
P0247,WC_0059_0018_E,167.23,3,12.3614,2030,11515519.438799998,118.9042265,38.096445,Shandong
P0249,WC_0051_0017_D,178.38,4,12.919,2030,2777704.8,102.86741,36.519356,Gansu
P0250,WC_0048_0019_K,167.29,3,12.3645,2030,402201.5999998211,97.359004,40.208093,Gansu
P0252,WC_0055_0012_H,55.96,1,6.7982,2030,2280910.632,111.34667,24.73609,Guangxi
P0253,WC_0053_0011_H,46.34,1,6.3168,2030,4333730.2008,107.502443,23.339667,Guangxi
P0254,WC_0056_0013_F,119.39,1,9.9694,2030,7927476.479999999,114.005752,27.641968,Jiangxi
P0255,WC_0058_0015_F,30.61,1,5.5303,2030,11529313.045199998,117.05617661538456,30.56392938461539,Anhui
P0256,WC_0064_0023_A,72.22,1,7.611,2030,391539.95999999996,128.065134,46.980043,Heilongjiang
P0257,WC_0061_0021_A,68.67,1,7.4336,2030,728158.6799999998,122.390042,42.970016,Inner Mongolia
P0258,WC_0041_0021_K,182.89,4,13.1447,2030,5951912.4,84.003586,41.821533,Xinjiang
P0259,WC_0053_0013_F,94.93,2,8.7465,2030,35754435.6408,106.08843133333332,26.953804166666668,Guizhou
P0260,WC_0052_0017_D,142.76,4,11.1382,2030,1848518.6412000004,106.291944,36.044444,Ningxia
P0262,WC_0053_0013_F,70.02,2,7.5009,2030,9171397.200000001,107.5423551,26.6304173,Guizhou
P0263,WC_0054_0016_F,168.06,4,12.4028,2030,508255.99999999994,108.118848,34.258855,Shaanxi
P0264,WC_0052_0015_F,55.02,1,6.7512,2030,9653044.799999999,104.5803369,30.7056052,Sichuan
P0265,WC_0051_0018_K,38.86,1,5.943,2030,3911840.3014280978,102.685854,37.901104,Gansu
P0266,WC_0062_0025_A,81.42,1,8.0711,2030,1887781.95,124.169753,50.427253,Heilongjiang
P0267,WC_0056_0014_F,115.12,1,9.756,2030,6487775.396800002,113.87296000000002,29.665230000000005,Hubei
P0268,WC_0059_0021_A,143.9,4,11.1952,2030,910198.3499999999,119.341125,41.560504,Inner Mongolia
P0270,WC_0043_0023_K,83.36,1,8.1678,2030,6369127.199999999,86.5936,46.6088,Xinjiang
P0271,WC_0056_0012_F,49.37,1,6.4686,2030,5827030.199999999,113.06552,25.25886,Guangdong
P0272,WC_0047_0018_K,79.91,1,7.9956,2030,1230545.029583893,94.883333,36.416667,Qinghai
P0272,WC_0047_0017_K,101.28,2,9.0642,2030,863467.4746001456,94.883333,36.416667,Qinghai
P0272,WC_0046_0018_K,173.97,3,12.6983,2030,1188264.793083583,94.883333,36.416667,Qinghai
P0272,WC_0046_0017_K,196.22,4,13.8111,2030,3531853.102732376,94.883333,36.416667,Qinghai
P0273,WC_0058_0013_G,96.04,1,8.8018,2030,3813892.8,117.37926,26.00357,Fujian
P0275,WC_0051_0018_K,113.4,2,9.6699,2030,1157742.2932125258,102.157971575,38.433599375,Gansu
P0275,WC_0050_0019_K,120.43,3,10.0216,2030,10756943.837987475,102.157971575,38.433599375,Gansu
P0277,WC_0054_0012_H,87.19,1,8.3596,2030,2311927.8,109.6934879,24.4560027,Guangxi
P0278,WC_0054_0019_D,34.33,1,5.7167,2030,3830984.1,109.4795544,39.0850986,Inner Mongolia
P0279,WC_0054_0011_H,81.46,1,8.0728,2030,3963304.7999999993,109.7658333,23.1119444,Guangxi
P0280,WC_0059_0016_E,127.39,2,10.3693,2030,8452548.72,117.6878713,32.9337496,Anhui
P0281,WC_0042_0023_K,154.13,2,11.7063,2030,10005745.23451695,85.0218233,45.54546385,Xinjiang
P0281,WC_0041_0023_K,168.26,4,12.4128,2030,4729996.316683046,85.0218233,45.54546385,Xinjiang
P0282,WC_0059_0017_E,88.91,2,8.4453,2030,5879124.7713,118.7059434,35.7063058,Shandong
P0283,WC_0056_0015_F,89.76,1,8.4881,2030,3415135.6800000006,113.522017,31.640073,Hubei
P0284,WC_0058_0018_C,135.6,4,10.7802,2030,2876011.873418776,117.91056765294118,38.10652717647059,Shandong
P0284,WC_0058_0018_E,155.64,5,11.7822,2030,9235097.386567928,117.91056765294118,38.10652717647059,Shandong
P0284,WC_0059_0018_E,188.91,7,13.4454,2030,22513233.636013296,117.91056765294118,38.10652717647059,Shandong
P0285,WC_0051_0012_F,110.01,2,9.5007,2030,10811066.399999999,104.0667928,25.6622058,Yunnan
P0286,WC_0057_0014_F,88.76,1,8.4381,2030,9365976.000000002,115.9378971,28.81613945,Jiangxi
P0288,WC_0056_0022_K,56.44,1,6.822,2030,3937390.96780619,113.180878,44.018566,Inner Mongolia
P0288,WC_0056_0021_K,123.29,2,10.1647,2030,4430999.832193815,113.180878,44.018566,Inner Mongolia
P0289,WC_0060_0024_A,33.21,1,5.6603,2030,1899914.526,120.835657,49.283636,Inner Mongolia
P0290,WC_0053_0014_F,109.42,1,9.4709,2030,17747508.06,106.24904266666664,28.29239933333333,Guizhou
P0291,WC_0056_0018_C,196.42,5,13.821,2030,3030716.0634999997,112.75008345,38.4604465,Shanxi
P0292,WC_0054_0015_F,60.19,1,7.0093,2030,5781805.199999999,108.456944,31.269167,Chongqing
P0293,WC_0052_0014_F,81.09,1,8.0543,2030,1927268.4000000001,105.85501600000002,29.0363,Chongqing
P0294,WC_0058_0014_F,26.41,1,5.3203,2030,4680986.112,117.08502,29.18719,Jiangxi
P0295,WC_0056_0011_H,10.45,1,4.5227,2030,17745771.126,112.89723415555557,23.012968666666666,Guangdong
P0296,WC_0057_0016_E,122.65,1,10.1324,2030,13435905.806577139,114.140877,32.109018,Henan
P0296,WC_0057_0015_E,132.8,2,10.6402,2030,6107474.465422861,114.140877,32.109018,Henan
P0297,WC_0059_0014_F,44.26,1,6.2132,2030,12011327.999999998,117.857259,28.28488,Jiangxi
P0299,WC_0060_0020_A,183.1,3,13.1551,2030,3240851.6399999997,121.254736,39.574197000000005,Liaoning
P0300,WC_0053_0011_H,71.78,1,7.5889,2030,1440575.136,107.555455,22.494869,Guangxi
P0301,WC_0059_0015_F,71.32,1,7.5661,2030,645193.9199999998,119.303398,31.487864,Jiangsu
P0302,WC_0041_0020_K,94.83,1,8.7417,2030,3411723.184746468,81.66835,41.720435,Xinjiang
P0302,WC_0041_0021_K,190.03,4,13.5016,2030,2540189.2152535315,81.66835,41.720435,Xinjiang
P0303,WC_0057_0016_E,90.61,2,8.5306,2030,9405754.8,114.0485942,32.9569897,Henan
P0304,WC_0050_0021_K,37.46,1,5.8731,2030,327224.39820221334,101.042068,41.913656,Inner Mongolia
P0304,WC_0050_0020_K,130.95,2,10.5474,2030,684107.1017977864,101.042068,41.913656,Inner Mongolia
P0305,WC_0058_0022_K,59.44,1,6.9718,2030,3033994.499999999,117.630486,44.562956,Inner Mongolia
P0306,WC_0054_0019_D,111.5,1,9.5752,2030,664157.9999999999,109.115512,39.91998,Inner Mongolia
P0307,WC_0056_0014_F,41.63,1,6.0814,2030,3563092.8000000003,113.465393,28.935746,Hunan
P0308,WC_0049_0018_K,163.11,3,12.1554,2030,2223441.8999999994,100.9098322,36.974299,Qinghai
P0309,WC_0060_0022_A,36.44,1,5.8221,2030,1410832.5999999999,121.41631999999998,44.97107,Inner Mongolia
P0310,WC_0055_0016_F,130.06,1,10.5028,2030,1437638.4,110.0629,33.807099,Shaanxi
P0311,WC_0055_0014_F,67.69,1,7.3845,2030,1175820.624,111.7,29.031,Hunan
P0313,WC_0039_0019_K,55.75,1,6.7874,2030,1202008.3940015528,78.967921,39.895939,Xinjiang
P0313,WC_0039_0020_K,153.04,2,11.6519,2030,1036863.5664856392,78.967921,39.895939,Xinjiang
P0313,WC_0038_0020_K,177.61,3,12.8806,2030,4433720.913526556,78.967921,39.895939,Xinjiang
P0313,WC_0040_0019_K,196.31,4,13.8153,2030,340840.72598624893,78.967921,39.895939,Xinjiang
P0314,WC_0056_0020_D,47.54,1,6.3768,2030,966047.9999999998,112.162201,40.27631,Inner Mongolia
P0315,WC_0057_0014_F,108.8,1,9.44,2030,15390314.7552,115.69073736,28.160454680000004,Jiangxi
P0316,WC_0054_0015_F,47.26,1,6.3632,2030,9262394.400000002,109.447256,31.118822,Chongqing
P0317,WC_0059_0016_E,85.6,1,8.2799,2030,1820190.1515000002,118.36866000000002,33.839984,Jiangsu
P0318,WC_0062_0021_A,66.6,1,7.3298,2030,4003457.7,124.4014418,43.15431715,Jilin
P0320,WC_0053_0012_H,51.8,1,6.5901,2030,2862501.2999999993,107.489232,25.226875,Guizhou
P0321,WC_0062_0021_A,4.38,1,4.2191,2030,4804149.240000001,125.1600082,42.8720236,Jilin
P0323,WC_0055_0016_F,87.44,2,8.372,2030,18141984.0,111.90004,33.086416,Henan
P0324,WC_0053_0016_F,177.08,4,12.854,2030,8068282.644,107.237001675,34.46888477500001,Shaanxi
P0325,WC_0060_0015_G,2.77,1,4.1386,2030,11114827.046999998,120.717248,30.22652,Zhejiang
P0327,WC_0054_0015_F,74.24,1,7.7119,2030,19025955.2912,108.333304,30.60260700000001,Chongqing
P0328,WC_0061_0021_A,131.31,1,10.5653,2030,15461755.413951933,122.1535206,43.6713737,Inner Mongolia
P0328,WC_0060_0021_A,136.91,2,10.8456,2030,2959945.702332071,122.1535206,43.6713737,Inner Mongolia
P0328,WC_0060_0022_A,188.63,3,13.4316,2030,2905544.351215994,122.1535206,43.6713737,Inner Mongolia
P0330,WC_0048_0020_K,49.87,1,6.4933,2030,2327374.0672877077,96.51300000000002,40.6599,Gansu
P0330,WC_0047_0020_K,115.45,2,9.7724,2030,1921168.1733178513,96.51300000000002,40.6599,Gansu
P0330,WC_0049_0020_K,198.56,3,13.928,2030,1490819.583342046,96.51300000000002,40.6599,Gansu
P0332,WC_0057_0019_C,52.67,1,6.6337,2030,7114642.838441508,114.8433969,38.5122064,Hebei
P0332,WC_0058_0019_C,198.68,4,13.9341,2030,4913699.471958491,114.8433969,38.5122064,Hebei
P0333,WC_0057_0011_H,37.19,1,5.8595,2030,3573900.2599199996,114.640278,23.567222,Guangdong
P0334,WC_0058_0020_C,156.98,4,11.8488,2030,5020897.7,115.999182,39.563323,Hebei
P0335,WC_0057_0015_F,42.47,1,6.1237,2030,8436075.055999998,114.8921871,31.1420662,Hubei
P0336,WC_0059_0023_K,35.38,1,5.7691,2030,1207560.0,119.106454,45.955947,Inner Mongolia
P0337,WC_0052_0012_H,79.99,1,7.9996,2030,5349981.7,105.776871,25.377552,Guizhou
P0338,WC_0055_0012_H,84.39,1,8.2194,2030,3561230.4,110.06851,25.10107,Guangxi
P0340,WC_0059_0021_A,62.6,1,7.1299,2030,20022149.839999996,119.0763143846154,42.26995515384616,Inner Mongolia
P0342,WC_0060_0014_G,68.3,1,7.415,2030,3336656.6988,121.5744765125,28.854719537500003,Zhejiang
P0343,WC_0056_0014_F,83.61,1,8.1803,2030,8375799.751200001,112.2686111,28.596666700000004,Hunan
P0344,WC_0044_0018_K,136.1,1,10.8049,2030,2492572.9315416757,88.181922,37.876453,Xinjiang
P0344,WC_0043_0018_K,148.52,2,11.4261,2030,1174117.1931601712,88.181922,37.876453,Xinjiang
P0344,WC_0043_0019_K,154.11,3,11.7056,2030,748785.4301069166,88.181922,37.876453,Xinjiang
P0344,WC_0044_0019_K,178.81,4,12.9405,2030,1072248.7715647167,88.181922,37.876453,Xinjiang
P0345,WC_0051_0019_K,43.67,1,6.1837,2030,9355922.751600936,102.473117,38.949575,Gansu
P0345,WC_0050_0019_K,139.15,2,10.9573,2030,1201869.2483990635,102.473117,38.949575,Gansu
P0346,WC_0058_0021_K,84.73,1,8.2367,2030,7186598.166500613,116.1394932,43.997505,Inner Mongolia
P0346,WC_0057_0022_K,116.82,2,9.8408,2030,6943433.724499387,116.1394932,43.997505,Inner Mongolia
P0347,WC_0053_0019_D,28.28,1,5.414,2030,1655468.7688000002,106.40747515,38.9737633,Ningxia
P0348,WC_0059_0016_F,14.39,1,4.7193,2030,26660923.442999996,118.86002289473684,32.23087336842106,Jiangsu
P0350,WC_0055_0011_H,35.56,1,5.7779,2030,1250738.5799999996,110.943891,23.290635,Guangxi
P0002,WC_0056_0019_C,83.32,2,8.166,2040,18150227.134518787,112.5059534875,39.44562280625,Shanxi
P0002,WC_0056_0020_C,138.76,4,10.9381,2040,2181610.5902309185,112.5059534875,39.44562280625,Shanxi
P0002,WC_0056_0020_K,176.26,7,12.8129,2040,6538757.099750292,112.5059534875,39.44562280625,Shanxi
P0003,WC_0053_0014_F,46.2,1,6.3099,2040,97368819.44860445,106.56065670588237,29.095265411764704,Chongqing
P0004,WC_0053_0020_D,17.81,1,4.8903,2040,382082.2809964528,107.40690754545452,40.72295445454545,Inner Mongolia
P0004,WC_0053_0021_K,169.83,5,12.4917,2040,802300.454235306,107.40690754545452,40.72295445454545,Inner Mongolia
P0004,WC_0052_0020_K,193.64,6,13.6821,2040,2099563.243013816,107.40690754545452,40.72295445454545,Inner Mongolia
P0005,WC_0052_0014_F,43.55,1,6.1775,2040,64346077.52671771,104.9672844,28.61919437777778,Sichuan
P0007,WC_0059_0019_C,54.84,1,6.7422,2040,9028169.103779854,118.36966382222224,39.17751832222221,Hebei
P0007,WC_0059_0020_C,153.95,3,11.6977,2040,14589697.420344697,118.36966382222224,39.17751832222221,Hebei
P0007,WC_0059_0018_C,159.07,4,11.9537,2040,1265228.367452891,118.36966382222224,39.17751832222221,Hebei
P0007,WC_0059_0018_D,162.15,5,12.1075,2040,870232.6880058479,118.36966382222224,39.17751832222221,Hebei
P0008,WC_0061_0018_E,16.13,1,4.8066,2040,6125987.306406817,122.11088608695654,37.34379926086956,Shandong
P0008,WC_0060_0018_E,120.18,2,10.0089,2040,7299144.019067123,122.11088608695654,37.34379926086956,Shandong
P0009,WC_0054_0020_K,135.36,3,10.768,2040,384188.7950233662,109.97652060625,40.5446828,Inner Mongolia
P0009,WC_0055_0020_K,136.34,4,10.8169,2040,3091418.4705565698,109.97652060625,40.5446828,Inner Mongolia
P0010,WC_0052_0013_F,58.61,1,6.9306,2040,27242265.025119394,104.82352106666669,27.534283966666663,Yunnan
P0010,WC_0052_0014_F,165.01,3,12.2504,2040,103781.50973790315,104.82352106666669,27.534283966666663,Yunnan
P0011,WC_0056_0010_H,84.23,1,8.2114,2040,7579328.343900001,113.01274548571428,22.019859071428574,Guangdong
P0012,WC_0062_0021_A,117.38,2,9.8692,2040,17647492.14612068,123.77717060769234,42.46554086923077,Liaoning
P0012,WC_0062_0020_A,174.66,3,12.733,2040,13888772.53827932,123.77717060769234,42.46554086923077,Liaoning
P0013,WC_0057_0020_C,192.57,7,13.6283,2040,11253023.913641695,113.16431352926828,40.1414594,Shanxi
P0013,WC_0057_0020_K,196.43,8,13.8214,2040,2860260.580262306,113.16431352926828,40.1414594,Shanxi
P0014,WC_0056_0011_H,99.44,1,8.9719,2040,25642817.566800017,112.024739125,22.974058575,Guangdong
P0015,WC_0056_0012_F,55.94,1,6.7968,2040,16170872.807429997,113.088394,26.08946423333333,Hunan
P0016,WC_0056_0015_F,84.21,1,8.2104,2040,17401806.609279998,113.8259234888889,30.660474866666668,Hubei
P0018,WC_0065_0021_A,54.98,1,6.7489,2040,8873118.065999998,129.9301436,42.9040347,Jilin
P0019,WC_0055_0013_F,80.25,1,8.0126,2040,18768238.530929994,111.5750416714286,27.544403028571427,Hunan
P0020,WC_0060_0015_G,62.87,1,7.1436,2040,12982952.60343,121.14102242857142,30.68855748571428,Zhejiang
P0022,WC_0059_0017_E,163.03,3,12.1517,2040,15886987.054425837,120.11881293333334,35.99860965,Shandong
P0022,WC_0060_0017_E,194.8,4,13.7401,2040,8965544.283111222,120.11881293333334,35.99860965,Shandong
P0023,WC_0056_0016_F,135.68,4,10.7838,2040,36719474.964959994,113.21201491428567,33.7993222857143,Henan
P0024,WC_0053_0014_F,77.68,1,7.884,2040,12847750.940977,107.31146671428574,29.655601142857147,Chongqing
P0025,WC_0062_0021_A,106.96,1,9.3479,2040,3951089.971892614,125.24796920000004,43.81222732,Jilin
P0025,WC_0062_0022_A,132.69,2,10.6345,2040,19215325.200639274,125.24796920000004,43.81222732,Jilin
P0025,WC_0063_0021_A,173.78,3,12.689,2040,31297652.45776211,125.24796920000004,43.81222732,Jilin
P0027,WC_0058_0018_D,110.07,2,9.5036,2040,8869881.981840396,116.036756325,36.48592403125,Shandong
P0027,WC_0058_0017_D,174.29,6,12.7145,2040,62863.54372258618,116.036756325,36.48592403125,Shandong
P0027,WC_0058_0017_E,199.88,8,13.9942,2040,88695017.3343995,116.036756325,36.48592403125,Shandong
P0028,WC_0056_0013_F,68.97,1,7.4486,2040,24089922.349289995,113.13893942,27.64443306,Hunan
P0029,WC_0063_0022_A,40.81,1,6.0406,2040,1824099.1800000032,127.02565466666664,44.58916933333334,Jilin
P0030,WC_0063_0021_A,116.26,1,9.813,2040,25684130.87504903,126.50366462499998,43.90009873333333,Jilin
P0030,WC_0063_0022_A,125.53,2,10.2765,2040,22070948.077140976,126.50366462499998,43.90009873333333,Jilin
P0031,WC_0055_0017_D,187.39,5,13.3696,2040,27106523.559101824,111.5960795,36.44789901666667,Shanxi
P0032,WC_0057_0017_E,104.62,3,9.231,2040,14834774.288579999,114.94455282857145,35.69333081428572,Henan
P0035,WC_0058_0015_F,59.27,1,6.9636,2040,36101042.9328,117.78143773571428,30.986382207142857,Anhui
P0036,WC_0060_0015_F,40.29,1,6.0144,2040,44071466.3277,121.25921157285715,31.52313884714286,Jiangsu
P0038,WC_0053_0015_F,64.82,1,7.241,2040,90621129.77472016,106.77105626666668,30.466155083333334,Sichuan
P0039,WC_0061_0023_A,55.15,1,6.7575,2040,18447408.17212503,123.69026015555556,47.216015733333336,Heilongjiang
P0040,WC_0056_0018_D,72.54,1,7.6271,2040,6474408.702116581,112.39579644705884,37.87612592941177,Shanxi
P0040,WC_0056_0018_C,151.0,4,11.5498,2040,4384963.152883417,112.39579644705884,37.87612592941177,Shanxi
P0042,WC_0058_0017_D,39.97,1,5.9984,2040,3371467.040840315,117.7747333,36.10888457777778,Shandong
P0042,WC_0059_0017_E,166.51,7,12.3257,2040,41916456.15339968,117.7747333,36.10888457777778,Shandong
P0043,WC_0058_0016_E,83.92,1,8.196,2040,43766144.675895534,116.754942764,33.761710992,Anhui
P0043,WC_0057_0016_E,186.08,4,13.304,2040,78936763.80760446,116.754942764,33.761710992,Anhui
P0044,WC_0062_0023_A,60.8,1,7.0398,2040,16645329.830831833,124.97499467692306,46.49802851538463,Heilongjiang
P0044,WC_0061_0023_A,153.04,2,11.6522,2040,1644972.7966925707,124.97499467692306,46.49802851538463,Heilongjiang
P0044,WC_0063_0023_A,165.16,3,12.2579,2040,9257624.204293452,124.97499467692306,46.49802851538463,Heilongjiang
P0044,WC_0061_0022_A,181.57,5,13.0786,2040,988696.926194645,124.97499467692306,46.49802851538463,Heilongjiang
P0045,WC_0056_0017_E,109.66,3,9.4832,2040,2925898.3534822427,112.67363529032258,35.190280632258066,Henan
P0046,WC_0061_0014_G,47.33,1,6.3665,2040,16852888.808592025,121.86577418444443,30.01492672666668,Zhejiang
P0046,WC_0060_0015_G,112.59,2,9.6297,2040,9493968.324895645,121.86577418444443,30.01492672666668,Zhejiang
P0047,WC_0061_0020_A,182.54,4,13.1268,2040,16398737.824839994,120.95330144285712,41.001320185714285,Liaoning
P0048,WC_0055_0018_D,137.1,3,10.8551,2040,2310583.4499999997,111.1116265,38.213208,Shanxi
P0049,WC_0044_0020_K,166.46,2,12.3231,2040,729064.5598110895,88.9060775,42.808315,Xinjiang
P0050,WC_0057_0016_E,185.3,5,13.2652,2040,13062732.424,115.4996139,34.5444303,Henan
P0051,WC_0057_0019_C,111.77,1,9.5887,2040,5387683.887242718,114.29729676999996,38.11601805999999,Hebei
P0051,WC_0057_0018_C,139.22,3,10.9608,2040,3456167.550660478,114.29729676999996,38.11601805999999,Hebei
P0052,WC_0060_0016_F,55.33,1,6.7666,2040,48413942.02913775,120.36732789473685,31.886977849122808,Jiangsu
P0052,WC_0060_0015_F,87.46,2,8.3729,2040,38137463.13836224,120.36732789473685,31.886977849122808,Jiangsu
P0053,WC_0065_0022_A,38.3,1,5.9149,2040,21674626.191733602,130.88350004444445,45.52289057777777,Heilongjiang
P0053,WC_0066_0022_A,138.26,2,10.9131,2040,13202811.292720098,130.88350004444445,45.52289057777777,Heilongjiang
P0053,WC_0065_0023_A,159.39,3,11.9696,2040,6005373.015546306,130.88350004444445,45.52289057777777,Heilongjiang
P0055,WC_0054_0017_D,113.05,2,9.6527,2040,3750017.414610123,110.291820675,34.722310675,Shanxi
P0055,WC_0055_0016_D,172.21,3,12.6105,2040,2835198.6571399258,110.291820675,34.722310675,Shanxi
P0056,WC_0057_0012_F,48.04,1,6.4021,2040,46161010.57905602,114.6474855,25.235139166666663,Jiangxi
P0057,WC_0051_0017_D,148.78,2,11.4388,2040,14171378.14064,103.63660057777776,36.10173662222222,Gansu
P0058,WC_0059_0016_E,148.83,3,11.4413,2040,13286788.695309905,119.50311133333334,34.54334577777778,Jiangsu
P0060,WC_0059_0017_E,55.61,1,6.7806,2040,16516830.655008726,119.34751615999998,35.25980932000001,Shandong
P0062,WC_0043_0020_K,93.72,1,8.6862,2040,3215661.2361782044,86.38826449999999,41.9057335,Xinjiang
P0062,WC_0042_0020_K,128.86,2,10.4431,2040,1846311.5497834538,86.38826449999999,41.9057335,Xinjiang
P0063,WC_0052_0019_K,91.09,3,8.5544,2040,1610651.1344,105.99086423333333,38.5674425,Ningxia
P0065,WC_0041_0022_K,164.64,3,12.2321,2040,3851097.1434378,84.88765941000001,44.51353533,Xinjiang
P0066,WC_0059_0012_G,45.41,1,6.2705,2040,2678435.39904,119.05258655555556,25.21517051111111,Fujian
P0067,WC_0059_0020_A,135.14,3,10.7571,2040,11665442.881935228,119.67226051428575,39.97792042857143,Hebei
P0067,WC_0060_0020_A,165.72,4,12.2861,2040,27302360.08524556,119.67226051428575,39.97792042857143,Hebei
P0067,WC_0060_0019_A,184.85,5,13.2427,2040,4044860.7218917394,119.67226051428575,39.97792042857143,Hebei
P0068,WC_0060_0013_G,49.67,1,6.4837,2040,917189.6509360645,120.60543628,27.43325004,Zhejiang
P0069,WC_0054_0017_D,8.29,1,4.4146,2040,3122144.000000011,109.10067892,34.81815216,Shaanxi
P0070,WC_0057_0017_E,63.77,1,7.1887,2040,38419423.02084847,115.56860472222225,35.294208722222216,Shandong
P0070,WC_0058_0017_E,139.94,4,10.9972,2040,2906601.3118715263,115.56860472222225,35.294208722222216,Shandong
P0071,WC_0052_0013_H,22.82,1,5.1412,2040,21169935.651092473,104.54053204,26.182950060000003,Guizhou
P0071,WC_0051_0012_F,173.96,4,12.6978,2040,7775670.532084535,104.54053204,26.182950060000003,Guizhou
P0071,WC_0051_0013_F,189.84,5,13.4919,2040,16104372.816822995,104.54053204,26.182950060000003,Guizhou
P0072,WC_0065_0023_A,57.51,1,6.8756,2040,16797842.28121364,131.41872039999998,46.6215169,Heilongjiang
P0072,WC_0066_0023_A,138.97,2,10.9485,2040,3731569.018786356,131.41872039999998,46.6215169,Heilongjiang
P0073,WC_0061_0020_A,48.07,1,6.4036,2040,6393702.065572505,123.4034578352941,41.25218117647059,Liaoning
P0073,WC_0062_0020_A,122.39,2,10.1193,2040,4682954.125202577,123.4034578352941,41.25218117647059,Liaoning
P0074,WC_0055_0020_D,159.44,3,11.9722,2040,1594903.8751385831,110.42589608333331,39.17701975,Shaanxi
P0075,WC_0057_0016_E,95.0,1,8.7499,2040,12376396.691999998,114.316042,33.5464985,Henan
P0076,WC_0054_0011_H,90.37,1,8.5185,2040,18162460.760080002,109.2172239,23.73486028181818,Guangxi
P0077,WC_0047_0021_K,136.56,2,10.8278,2040,1523672.2077793288,93.31052133333334,42.51244766666667,Xinjiang
P0078,WC_0063_0022_A,93.3,1,8.6652,2040,8670421.305989042,126.63870604615386,45.738477292307685,Heilongjiang
P0078,WC_0063_0023_A,141.96,2,11.0979,2040,14230813.596898329,126.63870604615386,45.738477292307685,Heilongjiang
P0078,WC_0064_0022_A,196.54,5,13.8272,2040,25240390.606337618,126.63870604615386,45.738477292307685,Heilongjiang
P0079,WC_0054_0010_H,33.81,1,5.6905,2040,4771877.245363529,108.5689820142857,21.687818557142855,Guangxi
P0080,WC_0058_0017_E,23.9,1,5.1952,2040,5842679.708258681,117.27766755263158,34.90857122631579,Shandong
P0081,WC_0052_0017_D,183.33,5,13.1664,2040,3919732.157640455,103.91035866666664,36.588604333333336,Gansu
P0082,WC_0060_0021_A,104.91,1,9.2454,2040,13643637.44666619,121.61303683333335,41.93595583333334,Liaoning
P0082,WC_0061_0020_A,172.28,4,12.614,2040,3276107.2783338036,121.61303683333335,41.93595583333334,Liaoning
P0083,WC_0055_0019_D,29.81,1,5.4904,2040,7393797.341238711,111.14797504615385,39.20309480769231,Shaanxi
P0083,WC_0056_0019_D,107.76,2,9.3882,2040,1108692.5210400412,111.14797504615385,39.20309480769231,Shaanxi
P0083,WC_0055_0020_D,146.26,3,11.3128,2040,4238632.132473691,111.14797504615385,39.20309480769231,Shaanxi
P0083,WC_0056_0019_C,181.34,5,13.0671,2040,2438098.116436592,111.14797504615385,39.20309480769231,Shaanxi
P0083,WC_0056_0020_D,190.98,6,13.5492,2040,1960293.0948109655,111.14797504615385,39.20309480769231,Shaanxi
P0084,WC_0054_0017_D,63.86,1,7.1931,2040,5299552.102095163,109.748516175,35.0326723,Shaanxi
P0085,WC_0059_0016_E,192.11,5,13.6053,2040,65056759.68899335,117.38812471428572,34.37115052380951,Jiangsu
P0087,WC_0058_0020_C,102.95,2,9.1476,2040,13006347.909574399,117.62799128888888,39.96386984444444,Hebei
P0087,WC_0059_0020_C,112.03,3,9.6017,2040,1892850.9680858152,117.62799128888888,39.96386984444444,Hebei
P0087,WC_0059_0020_A,196.63,5,13.8315,2040,8543321.249989787,117.62799128888888,39.96386984444444,Hebei
P0088,WC_0059_0015_F,96.46,1,8.823,2040,24077990.399399996,119.906331,31.112822777777776,Zhejiang
P0089,WC_0053_0019_D,72.54,1,7.6268,2040,9306752.74672593,106.63083476923076,38.09433597948717,Ningxia
P0089,WC_0052_0019_D,78.92,2,7.946,2040,322918.6496406866,106.63083476923076,38.09433597948717,Ningxia
P0089,WC_0053_0018_D,143.27,3,11.1635,2040,10084412.845238613,106.63083476923076,38.09433597948717,Ningxia
P0089,WC_0052_0018_K,153.03,4,11.6515,2040,1363967.8144743473,106.63083476923076,38.09433597948717,Ningxia
P0089,WC_0052_0019_K,166.8,5,12.34,2040,791578.67029241,106.63083476923076,38.09433597948717,Ningxia
P0089,WC_0052_0018_D,175.36,6,12.7679,2040,5351414.57196271,106.63083476923076,38.09433597948717,Ningxia
P0089,WC_0053_0019_K,187.03,7,13.3513,2040,190814.16589098764,106.63083476923076,38.09433597948717,Ningxia
P0090,WC_0056_0011_H,56.6,1,6.8301,2040,31231716.465960003,113.5348139151515,22.942231745454546,Guangdong
P0091,WC_0056_0012_H,50.63,1,6.5315,2040,41662744.1064,113.56754175384616,24.69749064615385,Guangdong
P0092,WC_0057_0013_F,101.84,1,9.0919,2040,42508576.1675317,114.79901501111112,27.92697431111111,Jiangxi
P0093,WC_0056_0014_F,61.68,1,7.084,2040,11858955.42375,113.08135288,29.48292738,Hunan
P0094,WC_0058_0011_G,43.65,1,6.1824,2040,14930006.237999998,117.65712922941177,23.87389818235294,Fujian
P0095,WC_0058_0015_F,111.08,2,9.5538,2040,30669783.350820005,117.48208799999998,31.780410714285715,Anhui
P0096,WC_0058_0012_H,58.57,1,6.9284,2040,62263773.31757499,116.39166080000004,24.39771004,Guangdong
P0098,WC_0044_0022_K,22.64,1,5.1322,2040,8025227.5342260795,89.16161844384615,44.78648652673076,Xinjiang
P0099,WC_0052_0014_F,58.57,1,6.9286,2040,18938354.55999999,105.03624913333331,29.5345342,Sichuan
P0100,WC_0058_0014_F,67.52,1,7.3761,2040,29379486.650400184,117.10249263333333,28.3432053,Jiangxi
P0101,WC_0050_0018_D,43.56,1,6.1781,2040,6899599.757124697,101.65731172727271,36.79799763636363,Qinghai
P0101,WC_0051_0018_D,99.26,2,8.9631,2040,4017874.629055834,101.65731172727271,36.79799763636363,Qinghai
P0101,WC_0050_0018_K,102.31,3,9.1154,2040,12308902.28960939,101.65731172727271,36.79799763636363,Qinghai
P0101,WC_0051_0018_K,139.36,4,10.968,2040,2747225.672615511,101.65731172727271,36.79799763636363,Qinghai
P0102,WC_0055_0014_F,78.73,1,7.9363,2040,10112985.645839998,111.3662008,29.594144733333334,Hunan
P0103,WC_0054_0020_D,158.35,4,11.9175,2040,10063378.814181246,109.88846628571426,39.71318328571429,Inner Mongolia
P0104,WC_0059_0022_A,53.92,1,6.6961,2040,3364775.3729999997,118.61048795,44.8662699,Inner Mongolia
P0105,WC_0062_0020_A,137.61,1,10.8807,2040,7809041.633900001,124.23231075,39.97204075,Liaoning
P0106,WC_0057_0015_F,39.11,1,5.9555,2040,33347630.03999999,114.611121304,30.616741076000004,Hubei
P0107,WC_0061_0019_A,105.6,2,9.2801,2040,2378511.24788475,121.7068036210526,39.02835461052631,Liaoning
P0108,WC_0055_0010_H,35.5,1,5.7749,2040,4562245.440564158,110.43623373846152,21.178269200000003,Guangdong
P0109,WC_0053_0017_D,72.19,1,7.6094,2040,12466266.50947205,107.89730960769232,35.14298256153846,Shaanxi
P0109,WC_0053_0017_F,164.81,3,12.2403,2040,2243194.718025752,107.89730960769232,35.14298256153846,Shaanxi
P0110,WC_0052_0012_H,35.76,1,5.7882,2040,89130396.69964619,104.76878606666668,25.310301483333333,Guizhou
P0110,WC_0051_0012_H,153.45,3,11.6725,2040,17201574.437463794,104.76878606666668,25.310301483333333,Guizhou
P0110,WC_0052_0011_H,177.02,4,12.8509,2040,2017918.492690189,104.76878606666668,25.310301483333333,Guizhou
P0111,WC_0055_0011_H,117.76,1,9.8882,2040,2467267.3297999995,109.99253175,22.4336885,Guangxi
P0113,WC_0057_0021_K,119.23,2,9.9614,2040,6805367.2433445025,116.21173066666664,42.22019666666666,Inner Mongolia
P0113,WC_0058_0021_A,132.52,3,10.6262,2040,6060282.465694474,116.21173066666664,42.22019666666666,Inner Mongolia
P0113,WC_0058_0021_K,145.78,4,11.2889,2040,4372269.290961022,116.21173066666664,42.22019666666666,Inner Mongolia
P0114,WC_0054_0010_H,76.42,1,7.8211,2040,4018130.5163999996,109.61024596666668,21.59652003333333,Guangxi
P0115,WC_0059_0017_E,56.51,1,6.8257,2040,16038004.997069998,118.2819026,34.988247133333324,Shandong
P0116,WC_0061_0020_A,95.89,1,8.7947,2040,859936.6654099996,122.04982786666666,41.17928143333334,Liaoning
P0117,WC_0056_0016_F,63.02,1,7.151,2040,17316490.611679997,112.59986043333332,33.21598703333334,Henan
P0118,WC_0062_0020_A,122.69,3,10.1345,2040,35694221.525919996,123.71805184166664,41.817224116666665,Liaoning
P0119,WC_0052_0013_F,59.66,2,6.983,2040,50068850.47500004,105.02177205882354,26.63320383529412,Guizhou
P0120,WC_0059_0024_A,67.79,1,7.3896,2040,8778629.120999996,119.81555575,48.5947915,Inner Mongolia
P0121,WC_0057_0011_H,63.74,1,7.1869,2040,6408341.690400001,114.86316415,22.7171561,Guangdong
P0122,WC_0054_0018_D,156.36,3,11.8179,2040,2194938.9472299423,109.62005655238094,38.22282690476191,Shaanxi
P0122,WC_0055_0018_D,178.99,4,12.9497,2040,8858467.324770058,109.62005655238094,38.22282690476191,Shaanxi
P0124,WC_0056_0017_E,20.31,1,5.0156,2040,16039720.622895537,113.31786984347823,34.562298121739126,Henan
P0124,WC_0056_0016_E,151.79,5,11.5894,2040,57151117.99549125,113.31786984347823,34.562298121739126,Henan
P0126,WC_0059_0016_F,48.56,1,6.4278,2040,17454472.82367187,119.5260382647059,32.21680167647058,Jiangsu
P0126,WC_0059_0016_E,127.59,3,10.3794,2040,15077670.815544866,119.5260382647059,32.21680167647058,Jiangsu
P0126,WC_0060_0016_E,133.41,4,10.6704,2040,24193187.44138327,119.5260382647059,32.21680167647058,Jiangsu
P0127,WC_0058_0021_C,182.51,5,13.1255,2040,1969430.948429639,117.81527714285714,40.78629914285714,Hebei
P0128,WC_0039_0018_K,98.36,1,8.9181,2040,3050068.3691362785,79.94897945,37.21687335,Xinjiang
P0128,WC_0040_0018_K,116.58,2,9.8291,2040,1243772.3237642455,79.94897945,37.21687335,Xinjiang
P0129,WC_0053_0020_D,167.93,5,12.3964,2040,3478945.7347443644,106.8149754842105,39.44216274385965,Inner Mongolia
P0129,WC_0053_0020_K,198.89,6,13.9444,2040,5956262.115215758,106.8149754842105,39.44216274385965,Inner Mongolia
P0132,WC_0061_0022_A,43.03,1,6.1515,2040,7784172.501640006,122.82737375,45.5797501,Jilin
P0133,WC_0057_0016_E,97.34,2,8.8671,2040,41216933.054435395,116.06149366666666,32.906693999999995,Anhui
P0135,WC_0059_0021_A,180.62,5,13.0311,2040,4674770.354999998,120.3721705,41.560774,Liaoning
P0136,WC_0060_0023_A,126.72,4,10.3361,2040,18585354.70000005,122.04553733333334,46.07332433333334,Inner Mongolia
P0138,WC_0063_0020_A,66.78,1,7.3388,2040,10045039.320000062,126.1607947,41.841904666666665,Jilin
P0139,WC_0064_0022_A,70.75,1,7.5376,2040,7858885.72506175,129.6441606666667,44.627998,Heilongjiang
P0139,WC_0065_0021_A,168.12,3,12.4062,2040,1133390.4514257705,129.6441606666667,44.627998,Heilongjiang
P0141,WC_0060_0018_E,81.87,1,8.0936,2040,30298008.21388,120.34899307142857,37.63422128571428,Shandong
P0142,WC_0060_0016_F,87.45,1,8.3723,2040,630930.8411000008,121.67171711111112,32.064600444444444,Jiangsu
P0143,WC_0051_0011_H,42.35,1,6.1177,2040,6661246.718548301,103.20416861428572,23.831920442857147,Yunnan
P0143,WC_0051_0011_J,97.55,3,8.8775,2040,16534138.28145169,103.20416861428572,23.831920442857147,Yunnan
P0144,WC_0057_0018_C,155.66,5,11.7831,2040,14347751.029499998,113.53523736363633,37.83865712727273,Shanxi
P0145,WC_0061_0020_A,104.17,3,9.2085,2040,14799317.386919996,122.111451375,40.336695375000005,Liaoning
P0146,WC_0054_0017_D,160.37,3,12.0183,2040,14036319.934999999,110.60157317,35.60675549,Shanxi
P0149,WC_0053_0017_D,198.79,4,13.9394,2040,6566522.659020096,109.11732799999996,35.73940914285714,Shaanxi
P0150,WC_0053_0013_F,7.33,1,4.3667,2040,1536209.0309999997,107.028961,27.13609633333333,Guizhou
P0152,WC_0055_0010_H,38.97,1,5.9485,2040,11756661.549499998,110.8766253,21.674481614285718,Guangdong
P0153,WC_0064_0023_A,97.03,2,8.8515,2040,25098825.425624996,130.29474041818182,47.05959753636363,Heilongjiang
P0155,WC_0056_0017_C,176.56,4,12.8281,2040,5130194.822744998,113.0482917,36.9563088,Shanxi
P0156,WC_0051_0012_J,22.35,1,5.1176,2040,6216363.179999998,102.3335597,25.0149171,Yunnan
P0157,WC_0053_0013_H,138.32,3,10.9161,2040,9286083.58324676,105.61257831999998,26.32126902000001,Guizhou
P0157,WC_0053_0013_F,164.27,5,12.2136,2040,31017144.51966927,105.61257831999998,26.32126902000001,Guizhou
P0158,WC_0053_0011_H,80.15,1,8.0077,2040,7199962.435574999,106.45162566666669,23.29812266666666,Guangxi
P0159,WC_0059_0012_G,76.32,1,7.816,2040,4197295.9845103,118.63520546666663,24.687213566666667,Fujian
P0160,WC_0056_0015_F,109.42,1,9.4712,2040,30149775.055919997,112.36138973333333,30.151720266666665,Hubei
P0161,WC_0059_0014_G,23.32,1,5.1658,2040,11036350.331249999,118.8811483,28.9022094,Zhejiang
P0162,WC_0059_0017_E,116.62,4,9.8311,2040,5204029.54407,117.7606535,35.409393550000004,Shandong
P0164,WC_0056_0014_F,39.11,1,5.9556,2040,5768209.670399999,112.9124966,28.5953512,Hunan
P0165,WC_0057_0017_C,132.15,5,10.6074,2040,1854252.3664651548,113.6907271,36.5985437,Hebei
P0165,WC_0057_0017_D,165.03,6,12.2517,2040,2461055.253693378,113.6907271,36.5985437,Hebei
P0166,WC_0053_0011_H,81.46,1,8.0732,2040,14000550.352880001,106.9209267,23.73388806,Guangxi
P0168,WC_0041_0022_K,62.31,1,7.1156,2040,3923093.1066409005,82.08918665,44.86349865,Xinjiang
P0168,WC_0040_0022_K,91.9,2,8.595,2040,7411291.584559097,82.08918665,44.86349865,Xinjiang
P0169,WC_0052_0013_F,27.3,1,5.3648,2040,16459382.475000013,105.49295496666667,27.159312466666663,Guizhou
P0171,WC_0054_0016_F,157.75,2,11.8877,2040,30180499.15240836,108.8980685142857,34.31278957142858,Shaanxi
P0172,WC_0052_0015_F,93.82,1,8.6911,2040,51086839.996469304,104.81546613333336,31.82574306666667,Sichuan
P0174,WC_0056_0017_C,113.86,3,9.693,2040,1606469.0886101003,113.02755668571427,36.34547512380952,Shanxi
P0174,WC_0056_0017_D,127.65,4,10.3823,2040,16617762.43243763,113.02755668571427,36.34547512380952,Shanxi
P0174,WC_0057_0017_C,166.06,5,12.3032,2040,2398096.3931482458,113.02755668571427,36.34547512380952,Shanxi
P0175,WC_0054_0013_F,29.15,1,5.4576,2040,19751258.97,108.8925723,27.2103544,Guizhou
P0176,WC_0056_0016_F,95.68,1,8.784,2040,6851083.2198777795,112.16024828,31.92788278,Hubei
P0176,WC_0056_0015_F,134.89,2,10.7446,2040,9150382.300642688,112.16024828,31.92788278,Hubei
P0177,WC_0061_0021_A,88.56,1,8.4278,2040,9629764.313007649,123.4633255,43.5282178,Jilin
P0177,WC_0062_0021_A,153.1,2,11.6552,2040,12503447.00533249,123.4633255,43.5282178,Jilin
P0178,WC_0054_0018_D,47.72,1,6.3859,2040,2264915.8,109.52639,36.7187265,Shaanxi
P0179,WC_0058_0012_G,97.83,1,8.8915,2040,1957567.6249999995,118.0379032625,24.419180087500003,Fujian
P0180,WC_0058_0024_A,82.48,1,8.124,2040,4870240.425,117.568398,49.461172000000005,Inner Mongolia
P0181,WC_0040_0022_K,68.93,1,7.4465,2040,5782646.805931932,81.232426,43.9809660952381,Xinjiang
P0181,WC_0040_0021_K,103.11,2,9.1555,2040,23728140.262538508,81.232426,43.9809660952381,Xinjiang
P0181,WC_0041_0021_K,153.02,3,11.6508,2040,2224096.886329551,81.232426,43.9809660952381,Xinjiang
P0182,WC_0058_0014_F,126.47,1,10.3236,2040,13541836.914000133,116.15259249090909,29.75556527272727,Jiangxi
P0183,WC_0043_0023_K,48.87,1,6.4437,2040,3149293.945937447,87.7296623,47.28983,Xinjiang
P0185,WC_0053_0013_F,104.32,1,9.2158,2040,13838983.274999999,106.9379912,28.00455835,Guizhou
P0187,WC_0060_0021_A,94.74,1,8.7368,2040,2326062.4500000146,121.331659,43.585098,Inner Mongolia
P0188,WC_0046_0022_K,9.96,1,4.498,2040,2208076.877724379,92.926001,44.53792,Xinjiang
P0188,WC_0047_0022_K,133.44,2,10.6721,2040,126351.2556291107,92.926001,44.53792,Xinjiang
P0188,WC_0046_0021_K,134.04,3,10.7021,2040,4470614.092349878,92.926001,44.53792,Xinjiang
P0188,WC_0045_0022_K,176.04,4,12.8019,2040,5468957.8422025535,92.926001,44.53792,Xinjiang
P0189,WC_0051_0012_F,57.29,2,6.8647,2040,10360605.299999997,103.0278556,24.9631234,Yunnan
P0190,WC_0059_0016_E,26.69,1,5.3343,2040,40318357.27518642,119.00320116666668,33.51324183333334,Jiangsu
P0191,WC_0055_0013_F,70.59,1,7.5295,2040,2151217.278,111.492692,26.56672,Hunan
P0192,WC_0054_0018_D,103.33,1,9.1664,2040,6236075.1276,108.98365166666666,37.822902,Shaanxi
P0193,WC_0054_0011_H,17.02,1,4.8509,2040,7180814.719260012,108.93004633333334,22.806623733333332,Guangxi
P0194,WC_0053_0016_F,100.54,1,9.0272,2040,6923127.42000006,106.141932,33.346156,Shaanxi
P0195,WC_0053_0015_F,55.58,1,6.7792,2040,6929507.159999997,107.491416,31.324767,Sichuan
P0197,WC_0058_0013_G,58.52,1,6.926,2040,2676860.6303999997,117.4607848,27.3866923,Fujian
P0198,WC_0052_0017_F,56.62,2,6.8312,2040,1144766.304,105.1007823,34.7548032,Gansu
P0199,WC_0058_0021_K,42.44,1,6.1218,2040,651404.7830195606,116.786405,43.063974,Inner Mongolia
P0199,WC_0059_0021_A,182.39,5,13.1193,2040,1978057.1169804393,116.786405,43.063974,Inner Mongolia
P0200,WC_0038_0019_K,82.67,1,8.1334,2040,5383206.704159409,76.0498524,39.4815702,Xinjiang
P0200,WC_0037_0019_K,89.78,2,8.4889,2040,9352534.847040653,76.0498524,39.4815702,Xinjiang
P0201,WC_0064_0023_A,156.02,2,11.801,2040,2380163.625,127.035146,46.658416,Heilongjiang
P0202,WC_0057_0013_F,1.62,1,4.0811,2040,5727275.735039999,115.02031085,27.04720645,Jiangxi
P0203,WC_0059_0024_A,52.68,1,6.6338,2040,1406416.922299055,119.7869442,49.2971288,Inner Mongolia
P0203,WC_0060_0024_A,94.26,2,8.7128,2040,1076930.2177009443,119.7869442,49.2971288,Inner Mongolia
P0204,WC_0064_0023_A,81.79,1,8.0895,2040,585739.5475676698,128.750564,47.738549,Heilongjiang
P0204,WC_0064_0024_A,103.66,2,9.1832,2040,1794424.077432342,128.750564,47.738549,Heilongjiang
P0205,WC_0054_0021_K,177.8,5,12.8899,2040,1554787.2400411607,108.767778,40.651111,Inner Mongolia
P0206,WC_0055_0016_F,35.24,1,5.7619,2040,7289503.619999999,110.737906,32.683566,Hubei
P0207,WC_0043_0022_K,88.82,1,8.4409,2040,10654708.639053648,86.14399902857143,44.38875934285716,Xinjiang
P0207,WC_0042_0022_K,101.84,2,9.0918,2040,8951869.810605673,86.14399902857143,44.38875934285716,Xinjiang
P0207,WC_0043_0021_K,144.45,3,11.2225,2040,14162108.241356598,86.14399902857143,44.38875934285716,Xinjiang
P0207,WC_0042_0021_K,161.13,4,12.0567,2040,9015285.919732058,86.14399902857143,44.38875934285716,Xinjiang
P0208,WC_0050_0013_F,63.14,1,7.1571,2040,3811228.937999998,101.504877,26.600634,Sichuan
P0209,WC_0059_0014_G,47.2,1,6.3599,2040,12985813.8,119.5068449,29.1866175,Zhejiang
P0210,WC_0059_0015_F,9.09,1,4.4546,2040,5739683.083200006,118.865,30.86956,Anhui
P0212,WC_0049_0019_K,135.06,2,10.7532,2040,20892565.05903294,100.462929,39.071222,Gansu
P0212,WC_0049_0019_D,139.39,3,10.9695,2040,1860286.4854091268,100.462929,39.071222,Gansu
P0213,WC_0057_0015_F,73.72,1,7.6859,2040,9023521.51336,115.22746642857145,30.139824142857144,Hubei
P0214,WC_0040_0020_K,73.18,1,7.659,2040,8223385.830850235,81.22118188571429,40.57628974285715,Xinjiang
P0214,WC_0040_0019_K,177.34,3,12.8672,2040,300602.5171446826,81.22118188571429,40.57628974285715,Xinjiang
P0214,WC_0039_0020_K,192.66,4,13.6331,2040,240728.14040508206,81.22118188571429,40.57628974285715,Xinjiang
P0216,WC_0063_0024_A,87.92,1,8.3962,2040,804055.2749999998,126.5290168,48.2323268,Heilongjiang
P0217,WC_0054_0009_H,76.34,1,7.8169,2040,6335160.824999999,109.18408,19.772636,Hainan
P0218,WC_0056_0015_F,74.6,1,7.7299,2040,8668468.139760023,112.2396082,31.04729105,Hubei
P0219,WC_0061_0022_A,113.43,2,9.6715,2040,3132140.7118499996,124.713103425,45.18673232500001,Jilin
P0220,WC_0057_0019_C,96.96,1,8.8479,2040,8521180.668000001,114.636465,39.812212,Hebei
P0221,WC_0053_0017_F,130.54,2,10.5271,2040,3877297.2137986296,106.7692569,35.395936240000005,Gansu
P0222,WC_0058_0013_F,57.55,1,6.8776,2040,27626054.4,116.5644289,27.7844943,Jiangxi
P0223,WC_0059_0015_F,96.19,2,8.8093,2040,41547031.457,118.48500455789474,31.722853400000005,Anhui
P0224,WC_0039_0020_K,99.02,2,8.9509,2040,10198261.26,80.284606,41.116463,Xinjiang
P0225,WC_0066_0023_A,92.32,2,8.616,2040,7728531.3,132.54726,46.250035,Heilongjiang
P0226,WC_0058_0015_E,14.36,1,4.7178,2040,19440862.056,116.491363,31.656523,Anhui
P0227,WC_0055_0018_D,101.1,2,9.055,2040,3342114.6050722017,112.01524108333336,37.256315066666666,Shanxi
P0227,WC_0056_0018_C,132.77,3,10.6386,2040,8016164.077026279,112.01524108333336,37.256315066666666,Shanxi
P0228,WC_0061_0020_A,133.68,3,10.684,2040,11288189.040962068,123.2061971,39.6759023,Liaoning
P0230,WC_0057_0021_K,76.94,1,7.8472,2040,658632.4806021288,115.1452,43.5503,Inner Mongolia
P0230,WC_0057_0022_K,134.89,2,10.7447,2040,1250821.7693978709,115.1452,43.5503,Inner Mongolia
P0231,WC_0058_0012_G,25.71,1,5.2853,2040,8771953.44,117.27690395,25.2826263,Fujian
P0232,WC_0059_0021_A,87.69,1,8.3846,2040,1269566.6255216422,118.711438,43.589584,Inner Mongolia
P0234,WC_0056_0013_F,36.52,1,5.8259,2040,541847.9609999999,112.643208,26.99216,Hunan
P0235,WC_0058_0022_K,48.87,1,6.4434,2040,3208389.4745368925,116.7196555,44.587344,Inner Mongolia
P0237,WC_0057_0012_F,55.39,1,6.7697,2040,19989916.970399994,115.10297395,25.92432775,Jiangxi
P0238,WC_0052_0016_F,72.39,1,7.6195,2040,2872929.999999999,105.57982345,32.331679699999995,Sichuan
P0239,WC_0053_0013_F,76.25,1,7.8127,2040,37407222.41578225,106.45517692,27.52040356,Guizhou
P0241,WC_0055_0012_H,122.54,1,10.1271,2040,2658716.9699999993,111.693474,23.985332,Guangxi
P0242,WC_0044_0022_K,105.98,2,9.299,2040,2205456.992915808,90.22066,44.50694375,Xinjiang
P0242,WC_0045_0021_K,119.79,3,9.9896,2040,1247598.7221107522,90.22066,44.50694375,Xinjiang
P0242,WC_0044_0021_K,169.06,4,12.453,2040,3531445.94355863,90.22066,44.50694375,Xinjiang
P0243,WC_0058_0016_E,37.66,1,5.883,2040,121853157.6369178,116.88456934999998,32.72965889545455,Anhui
P0243,WC_0058_0015_E,138.29,2,10.9146,2040,19930848.22422999,116.88456934999998,32.72965889545455,Anhui
P0243,WC_0057_0015_E,187.23,4,13.3613,2040,24366288.81445319,116.88456934999998,32.72965889545455,Anhui
P0244,WC_0049_0019_K,119.51,2,9.9753,2040,1177978.3263971773,98.30868356666667,39.79236645,Gansu
P0244,WC_0048_0019_K,153.65,3,11.6824,2040,18802940.49520282,98.30868356666667,39.79236645,Gansu
P0245,WC_0055_0015_F,75.99,1,7.7993,2040,14942465.210763995,111.494179,30.3951102,Hubei
P0246,WC_0059_0022_K,50.02,1,6.5012,2040,10455139.131853161,119.571302776,45.461377824,Inner Mongolia
P0246,WC_0059_0023_K,90.51,2,8.5256,2040,4672595.020307322,119.571302776,45.461377824,Inner Mongolia
P0246,WC_0059_0022_A,94.95,3,8.7477,2040,5485424.135817427,119.571302776,45.461377824,Inner Mongolia
P0246,WC_0060_0023_A,198.24,5,13.9121,2040,4836405.192522083,119.571302776,45.461377824,Inner Mongolia
P0249,WC_0051_0017_D,178.38,4,12.919,2040,3870208.9895497733,102.86741,36.519356,Gansu
P0250,WC_0049_0020_K,137.95,2,10.8976,2040,5851.476352389917,97.359004,40.208093,Gansu
P0250,WC_0048_0019_K,167.29,3,12.3645,2040,396350.1236476121,97.359004,40.208093,Gansu
P0252,WC_0055_0012_H,55.96,1,6.7982,2040,2623047.2268,111.34667,24.73609,Guangxi
P0253,WC_0053_0011_H,46.34,1,6.3168,2040,4983789.73092,107.502443,23.339667,Guangxi
P0254,WC_0056_0013_F,119.39,1,9.9694,2040,9116597.951999998,114.005752,27.641968,Jiangxi
P0255,WC_0058_0015_F,30.61,1,5.5303,2040,13258710.00198,117.05617661538456,30.56392938461539,Anhui
P0256,WC_0064_0023_A,72.22,1,7.611,2040,817656.2099999998,128.065134,46.980043,Heilongjiang
P0257,WC_0061_0021_A,68.67,1,7.4336,2040,837382.4819999996,122.390042,42.970016,Inner Mongolia
P0258,WC_0042_0020_K,87.2,1,8.3599,2040,571062.8130683628,84.003586,41.821533,Xinjiang
P0258,WC_0041_0021_K,182.89,4,13.1447,2040,5380849.5869316375,84.003586,41.821533,Xinjiang
P0259,WC_0053_0013_F,94.93,2,8.7465,2040,35754435.6408,106.08843133333332,26.953804166666668,Guizhou
P0260,WC_0052_0017_D,142.76,4,11.1382,2040,4216619.11363,106.291944,36.044444,Ningxia
P0262,WC_0053_0013_F,70.02,2,7.5009,2040,10547106.779999997,107.5423551,26.6304173,Guizhou
P0263,WC_0054_0016_F,168.06,4,12.4028,2040,1132457.9,108.118848,34.258855,Shaanxi
P0264,WC_0052_0015_F,55.02,1,6.7512,2040,21098797.91999999,104.5803369,30.7056052,Sichuan
P0265,WC_0051_0018_K,38.86,1,5.943,2040,4498616.346642312,102.685854,37.901104,Gansu
P0266,WC_0062_0025_A,81.42,1,8.0711,2040,2170949.2424999992,124.169753,50.427253,Heilongjiang
P0267,WC_0056_0014_F,115.12,1,9.756,2040,7460941.706320021,113.87296000000002,29.665230000000005,Hubei
P0268,WC_0059_0021_A,143.9,4,11.1952,2040,1046728.1025000095,119.341125,41.560504,Inner Mongolia
P0270,WC_0043_0023_K,83.36,1,8.1678,2040,6369127.200000021,86.5936,46.6088,Xinjiang
P0271,WC_0056_0012_F,49.37,1,6.4686,2040,6701084.729999998,113.06552,25.25886,Guangdong
P0272,WC_0047_0018_K,79.91,1,7.9956,2040,1380467.001498753,94.883333,36.416667,Qinghai
P0272,WC_0047_0017_K,101.28,2,9.0642,2040,1059971.6850804123,94.883333,36.416667,Qinghai
P0272,WC_0046_0018_K,173.97,3,12.6983,2040,1893277.1987422155,94.883333,36.416667,Qinghai
P0272,WC_0046_0017_K,196.22,4,13.8111,2040,9259942.60364771,94.883333,36.416667,Qinghai
P0273,WC_0058_0013_G,96.04,1,8.8018,2040,4385976.72,117.37926,26.00357,Fujian
P0275,WC_0050_0019_K,120.43,3,10.0216,2040,11914686.131200088,102.157971575,38.433599375,Gansu
P0277,WC_0054_0012_H,87.19,1,8.3596,2040,2658716.9699999993,109.6934879,24.4560027,Guangxi
P0278,WC_0054_0019_D,34.33,1,5.7167,2040,2721069.9601750257,109.4795544,39.0850986,Inner Mongolia
P0278,WC_0055_0019_D,138.5,2,10.9248,2040,1109914.139824998,109.4795544,39.0850986,Inner Mongolia
P0279,WC_0054_0011_H,81.46,1,8.0728,2040,5614681.799999999,109.7658333,23.1119444,Guangxi
P0280,WC_0059_0016_E,127.39,2,10.3693,2040,9720431.028,117.6878713,32.9337496,Anhui
P0281,WC_0042_0023_K,154.13,2,11.7063,2040,8374929.91102863,85.0218233,45.54546385,Xinjiang
P0281,WC_0041_0023_K,168.26,4,12.4128,2040,6360811.640171367,85.0218233,45.54546385,Xinjiang
P0282,WC_0059_0017_E,88.91,2,8.4453,2040,6760993.486994999,118.7059434,35.7063058,Shandong
P0283,WC_0056_0015_F,89.76,1,8.4881,2040,3927406.0319999997,113.522017,31.640073,Hubei
P0284,WC_0058_0018_C,135.6,4,10.7802,2040,14920726.00113388,117.91056765294118,38.10652717647059,Shandong
P0284,WC_0058_0018_E,155.64,5,11.7822,2040,7404216.147884146,117.91056765294118,38.10652717647059,Shandong
P0284,WC_0059_0018_E,188.91,7,13.4454,2040,26830928.43754416,117.91056765294118,38.10652717647059,Shandong
P0285,WC_0051_0012_F,110.01,2,9.5007,2040,12432726.359999996,104.0667928,25.6622058,Yunnan
P0286,WC_0057_0014_F,88.76,1,8.4381,2040,10770872.399999999,115.9378971,28.81613945,Jiangxi
P0288,WC_0056_0022_K,56.44,1,6.822,2040,3575164.4380869535,113.180878,44.018566,Inner Mongolia
P0288,WC_0056_0021_K,123.29,2,10.1647,2040,4641662.432158025,113.180878,44.018566,Inner Mongolia
P0288,WC_0055_0022_K,126.24,3,10.312,2040,151563.92975502176,113.180878,44.018566,Inner Mongolia
P0289,WC_0060_0024_A,33.21,1,5.6603,2040,2086162.142163454,120.835657,49.283636,Inner Mongolia
P0290,WC_0053_0014_F,109.42,1,9.4709,2040,17747508.06,106.24904266666664,28.29239933333333,Guizhou
P0291,WC_0056_0018_C,196.42,5,13.821,2040,3485323.473025013,112.75008345,38.4604465,Shanxi
P0292,WC_0054_0015_F,60.19,1,7.0093,2040,6649075.979999999,108.456944,31.269167,Chongqing
P0293,WC_0052_0014_F,81.09,1,8.0543,2040,4024730.9,105.85501600000002,29.0363,Chongqing
P0294,WC_0058_0014_F,26.41,1,5.3203,2040,5383134.028799998,117.08502,29.18719,Jiangxi
P0295,WC_0056_0011_H,10.45,1,4.5227,2040,32803601.710087497,112.89723415555557,23.012968666666666,Guangdong
P0296,WC_0057_0015_E,132.8,2,10.6402,2040,22474887.312799998,114.140877,32.109018,Henan
P0297,WC_0059_0014_F,44.26,1,6.2132,2040,26186189.68375,117.857259,28.28488,Jiangxi
P0299,WC_0061_0019_A,108.85,2,9.4424,2040,3726979.3860000214,121.254736,39.574197000000005,Liaoning
P0300,WC_0053_0011_H,71.78,1,7.5889,2040,1656661.4063999997,107.555455,22.494869,Guangxi
P0301,WC_0059_0015_F,71.32,1,7.5661,2040,741973.0079999999,119.303398,31.487864,Jiangsu
P0302,WC_0041_0020_K,94.83,1,8.7417,2040,8736164.389263334,81.66835,41.720435,Xinjiang
P0302,WC_0040_0020_K,98.99,2,8.9495,2040,497943.28024417924,81.66835,41.720435,Xinjiang
P0302,WC_0041_0021_K,190.03,4,13.5016,2040,3775072.2904924885,81.66835,41.720435,Xinjiang
P0303,WC_0057_0016_E,90.61,2,8.5306,2040,3870883.6762329713,114.0485942,32.9569897,Henan
P0303,WC_0056_0016_F,130.15,3,10.5073,2040,6945734.343767029,114.0485942,32.9569897,Henan
P0304,WC_0050_0021_K,37.46,1,5.8731,2040,301532.314123502,101.042068,41.913656,Inner Mongolia
P0304,WC_0050_0020_K,130.95,2,10.5474,2040,709799.1858765066,101.042068,41.913656,Inner Mongolia
P0305,WC_0058_0022_K,59.44,1,6.9718,2040,3033994.499999999,117.630486,44.562956,Inner Mongolia
P0306,WC_0053_0020_D,180.01,3,13.0005,2040,684174.4244437683,109.115512,39.91998,Inner Mongolia
P0307,WC_0056_0014_F,41.63,1,6.0814,2040,4097556.72,113.465393,28.935746,Hunan
P0308,WC_0049_0018_K,163.11,3,12.1554,2040,4643232.524999999,100.9098322,36.974299,Qinghai
P0309,WC_0060_0022_A,36.44,1,5.8221,2040,3224084.5700000054,121.41631999999998,44.97107,Inner Mongolia
P0310,WC_0055_0016_F,130.06,1,10.5028,2040,3444341.9999999995,110.0629,33.807099,Shaanxi
P0311,WC_0055_0014_F,67.69,1,7.3845,2040,1352193.7175999999,111.7,29.031,Hunan
P0313,WC_0039_0019_K,55.75,1,6.7874,2040,1645298.3079070458,78.967921,39.895939,Xinjiang
P0313,WC_0039_0020_K,153.04,2,11.6519,2040,596845.2953260748,78.967921,39.895939,Xinjiang
P0313,WC_0038_0020_K,177.61,3,12.8806,2040,4771289.996766876,78.967921,39.895939,Xinjiang
P0314,WC_0055_0020_K,158.99,5,11.9496,2040,2152475.6999999993,112.162201,40.27631,Inner Mongolia
P0315,WC_0057_0014_F,108.8,1,9.44,2040,15390314.7552,115.69073736,28.160454680000004,Jiangxi
P0316,WC_0054_0015_F,47.26,1,6.3632,2040,10651753.559999999,109.447256,31.118822,Chongqing
P0317,WC_0059_0016_E,85.6,1,8.2799,2040,3129160.4189999998,118.36866000000002,33.839984,Jiangsu
P0318,WC_0062_0021_A,66.6,1,7.3298,2040,4603976.3549999995,124.4014418,43.15431715,Jilin
P0320,WC_0053_0012_H,51.8,1,6.5901,2040,3291876.494999999,107.489232,25.226875,Guizhou
P0321,WC_0063_0020_A,199.15,5,13.9573,2040,5524771.625999999,125.1600082,42.8720236,Jilin
P0323,WC_0055_0016_F,87.44,2,8.372,2040,20863281.599999998,111.90004,33.086416,Henan
P0324,WC_0053_0016_F,177.08,4,12.854,2040,16962225.7986,107.237001675,34.46888477500001,Shaanxi
P0325,WC_0060_0015_G,2.77,1,4.1386,2040,23211187.32825,120.717248,30.22652,Zhejiang
P0327,WC_0054_0015_F,74.24,1,7.7119,2040,21879848.584879998,108.333304,30.60260700000001,Chongqing
P0328,WC_0061_0021_A,131.31,1,10.5653,2040,10358537.601835692,122.1535206,43.6713737,Inner Mongolia
P0328,WC_0060_0022_A,188.63,3,13.4316,2040,10968707.865663959,122.1535206,43.6713737,Inner Mongolia
P0330,WC_0048_0020_K,49.87,1,6.4933,2040,1902728.6440908292,96.51300000000002,40.6599,Gansu
P0330,WC_0047_0020_K,115.45,2,9.7724,2040,1992115.849767501,96.51300000000002,40.6599,Gansu
P0330,WC_0049_0020_K,198.56,3,13.928,2040,1844517.3300893148,96.51300000000002,40.6599,Gansu
P0332,WC_0057_0019_C,52.67,1,6.6337,2040,5569332.312730699,114.8433969,38.5122064,Hebei
P0332,WC_0058_0019_C,198.68,4,13.9341,2040,13388265.821029298,114.8433969,38.5122064,Hebei
P0333,WC_0057_0011_H,37.19,1,5.8595,2040,6201030.450983999,114.640278,23.567222,Guangdong
P0334,WC_0058_0020_C,156.98,4,11.8488,2040,5774032.355,115.999182,39.563323,Hebei
P0335,WC_0057_0015_F,42.47,1,6.1237,2040,9701486.314399997,114.8921871,31.1420662,Hubei
P0336,WC_0059_0023_K,35.38,1,5.7691,2040,2893112.5,119.106454,45.955947,Inner Mongolia
P0337,WC_0053_0012_H,138.97,2,10.9485,2040,6152478.954999999,105.776871,25.377552,Guizhou
P0338,WC_0055_0012_H,84.39,1,8.2194,2040,4095414.9599999995,110.06851,25.10107,Guangxi
P0340,WC_0059_0021_A,62.6,1,7.1299,2040,20022149.839999996,119.0763143846154,42.26995515384616,Inner Mongolia
P0342,WC_0060_0014_G,68.3,1,7.415,2040,6971166.783540011,121.5744765125,28.854719537500003,Zhejiang
P0343,WC_0056_0014_F,83.61,1,8.1803,2040,9632169.71388,112.2686111,28.596666700000004,Hunan
P0344,WC_0044_0018_K,136.1,1,10.8049,2040,2291179.0596857574,88.181922,37.876453,Xinjiang
P0344,WC_0043_0018_K,148.52,2,11.4261,2040,1744141.604816291,88.181922,37.876453,Xinjiang
P0344,WC_0043_0019_K,154.11,3,11.7056,2040,719466.3704108085,88.181922,37.876453,Xinjiang
P0344,WC_0044_0019_K,178.81,4,12.9405,2040,732937.2914606296,88.181922,37.876453,Xinjiang
P0345,WC_0051_0019_K,43.67,1,6.1837,2040,7901910.48794787,102.473117,38.949575,Gansu
P0345,WC_0050_0019_K,139.15,2,10.9573,2040,785360.3402605209,102.473117,38.949575,Gansu
P0346,WC_0057_0022_K,116.82,2,9.8408,2040,6744672.142336963,116.1394932,43.997505,Inner Mongolia
P0346,WC_0058_0022_K,129.07,3,10.4533,2040,7385359.748663037,116.1394932,43.997505,Inner Mongolia
P0348,WC_0059_0016_F,14.39,1,4.7193,2040,54298667.92297499,118.86002289473684,32.23087336842106,Jiangsu
P0350,WC_0055_0011_H,35.56,1,5.7779,2040,1438349.3669999999,110.943891,23.290635,Guangxi
P0002,WC_0056_0019_D,80.44,1,8.0221,2050,886292.7007902503,112.5059534875,39.44562280625,Shanxi
P0002,WC_0055_0019_D,135.7,3,10.7848,2050,7289378.557726313,112.5059534875,39.44562280625,Shanxi
P0002,WC_0056_0020_C,138.76,4,10.9381,2050,2705432.5198995457,112.5059534875,39.44562280625,Shanxi
P0002,WC_0056_0020_D,141.01,5,11.0507,2050,2931542.2271615905,112.5059534875,39.44562280625,Shanxi
P0002,WC_0055_0020_D,169.68,6,12.4838,2050,7662994.661696632,112.5059534875,39.44562280625,Shanxi
P0002,WC_0056_0020_K,176.26,7,12.8129,2050,11559427.445281124,112.5059534875,39.44562280625,Shanxi
P0003,WC_0053_0014_F,46.2,1,6.3099,2050,100185291.39844519,106.56065670588237,29.095265411764704,Chongqing
P0004,WC_0053_0020_D,17.81,1,4.8903,2050,6855521.805179467,107.40690754545452,40.72295445454545,Inner Mongolia
P0005,WC_0052_0014_F,43.55,1,6.1775,2050,70824812.01830998,104.9672844,28.61919437777778,Sichuan
P0008,WC_0061_0018_E,16.13,1,4.8066,2050,4826213.3361564195,122.11088608695654,37.34379926086956,Shandong
P0008,WC_0060_0018_E,120.18,2,10.0089,2050,8605570.528426053,122.11088608695654,37.34379926086956,Shandong
P0010,WC_0052_0013_F,58.61,1,6.9306,2050,28489994.507279996,104.82352106666669,27.534283966666663,Yunnan
P0012,WC_0062_0021_A,117.38,2,9.8692,2050,14759541.756014602,123.77717060769234,42.46554086923077,Liaoning
P0012,WC_0062_0020_A,174.66,3,12.733,2050,16776722.928385396,123.77717060769234,42.46554086923077,Liaoning
P0014,WC_0056_0011_H,99.44,1,8.9719,2050,25642817.566800017,112.024739125,22.974058575,Guangdong
P0015,WC_0056_0012_F,55.94,1,6.7968,2050,16170872.807429997,113.088394,26.08946423333333,Hunan
P0016,WC_0056_0015_F,84.21,1,8.2104,2050,17401806.609279998,113.8259234888889,30.660474866666668,Hubei
P0018,WC_0065_0021_A,54.98,1,6.7489,2050,8873118.065999998,129.9301436,42.9040347,Jilin
P0019,WC_0055_0013_F,80.25,1,8.0126,2050,18768238.530929994,111.5750416714286,27.544403028571427,Hunan
P0022,WC_0060_0018_E,128.17,1,10.4083,2050,2171951.1594548356,120.11881293333334,35.99860965,Shandong
P0022,WC_0059_0017_E,163.03,3,12.1517,2050,15355391.861915031,120.11881293333334,35.99860965,Shandong
P0022,WC_0060_0017_E,194.8,4,13.7401,2050,7325188.316167867,120.11881293333334,35.99860965,Shandong
P0023,WC_0056_0016_F,135.68,4,10.7838,2050,36719474.964959994,113.21201491428567,33.7993222857143,Henan
P0024,WC_0053_0014_F,77.68,1,7.884,2050,21918440.06291692,107.31146671428574,29.655601142857147,Chongqing
P0025,WC_0062_0021_A,106.96,1,9.3479,2050,4366995.764282945,125.24796920000004,43.81222732,Jilin
P0025,WC_0062_0022_A,132.69,2,10.6345,2050,22950936.7864448,125.24796920000004,43.81222732,Jilin
P0025,WC_0063_0021_A,173.78,3,12.689,2050,32886377.592972614,125.24796920000004,43.81222732,Jilin
P0027,WC_0058_0018_D,110.07,2,9.5036,2050,5434877.154771258,116.036756325,36.48592403125,Shandong
P0027,WC_0057_0018_C,113.6,3,9.6798,2050,9953484.976970356,116.036756325,36.48592403125,Shandong
P0027,WC_0058_0017_E,199.88,8,13.9942,2050,42079067.00441157,116.036756325,36.48592403125,Shandong
P0028,WC_0056_0013_F,68.97,1,7.4486,2050,24089922.349289995,113.13893942,27.64443306,Hunan
P0029,WC_0063_0022_A,40.81,1,6.0406,2050,1824099.1799999997,127.02565466666664,44.58916933333334,Jilin
P0030,WC_0063_0021_A,116.26,1,9.813,2050,21668695.37543139,126.50366462499998,43.90009873333333,Jilin
P0030,WC_0063_0022_A,125.53,2,10.2765,2050,26086383.576758616,126.50366462499998,43.90009873333333,Jilin
P0031,WC_0055_0018_D,84.83,1,8.2414,2050,9898727.677333975,111.5960795,36.44789901666667,Shanxi
P0031,WC_0055_0017_D,187.39,5,13.3696,2050,18161258.02126586,111.5960795,36.44789901666667,Shanxi
P0032,WC_0057_0017_C,21.1,1,5.0548,2050,2262095.8625494572,114.94455282857145,35.69333081428572,Henan
P0032,WC_0057_0017_D,66.22,2,7.3112,2050,1137380.2412913265,114.94455282857145,35.69333081428572,Henan
P0032,WC_0057_0017_E,104.62,3,9.231,2050,11174864.406480307,114.94455282857145,35.69333081428572,Henan
P0032,WC_0056_0017_C,125.26,4,10.263,2050,260433.77825890612,114.94455282857145,35.69333081428572,Henan
P0038,WC_0053_0015_F,64.82,1,7.241,2050,90621129.77471995,106.77105626666668,30.466155083333334,Sichuan
P0039,WC_0061_0023_A,55.15,1,6.7575,2050,15605305.14726076,123.69026015555556,47.216015733333336,Heilongjiang
P0039,WC_0062_0023_A,105.1,2,9.255,2050,2842103.0248642834,123.69026015555556,47.216015733333336,Heilongjiang
P0042,WC_0058_0017_D,39.97,1,5.9984,2050,2349601.4205521694,117.7747333,36.10888457777778,Shandong
P0042,WC_0059_0017_E,166.51,7,12.3257,2050,42938321.77368783,117.7747333,36.10888457777778,Shandong
P0043,WC_0058_0016_E,83.92,1,8.196,2050,122702908.48349999,116.754942764,33.761710992,Anhui
P0044,WC_0062_0023_A,60.8,1,7.0398,2050,13054358.02531354,124.97499467692306,46.49802851538463,Heilongjiang
P0044,WC_0063_0023_A,165.16,3,12.2579,2050,15482265.732698962,124.97499467692306,46.49802851538463,Heilongjiang
P0046,WC_0061_0014_G,47.33,1,6.3665,2050,684773.8021104987,121.86577418444443,30.01492672666668,Zhejiang
P0047,WC_0060_0020_A,23.51,1,5.1756,2050,3420249.345358876,120.95330144285712,41.001320185714285,Liaoning
P0047,WC_0061_0020_A,182.54,4,13.1268,2050,12978488.479481118,120.95330144285712,41.001320185714285,Liaoning
P0048,WC_0055_0018_D,137.1,3,10.8551,2050,2310583.4500000053,111.1116265,38.213208,Shanxi
P0049,WC_0044_0020_K,166.46,2,12.3231,2050,1262241.5217776329,88.9060775,42.808315,Xinjiang
P0050,WC_0057_0016_E,185.3,5,13.2652,2050,13062732.424,115.4996139,34.5444303,Henan
P0053,WC_0065_0022_A,38.3,1,5.9149,2050,20438215.911499158,130.88350004444445,45.52289057777777,Heilongjiang
P0053,WC_0066_0022_A,138.26,2,10.9131,2050,12256578.32108563,130.88350004444445,45.52289057777777,Heilongjiang
P0053,WC_0065_0023_A,159.39,3,11.9696,2050,8188016.267415218,130.88350004444445,45.52289057777777,Heilongjiang
P0055,WC_0054_0017_D,113.05,2,9.6527,2050,6585216.07175,110.291820675,34.722310675,Shanxi
P0056,WC_0057_0012_F,48.04,1,6.4021,2050,46161010.57905582,114.6474855,25.235139166666663,Jiangxi
P0057,WC_0051_0017_D,148.78,2,11.4388,2050,14171378.14064,103.63660057777776,36.10173662222222,Gansu
P0058,WC_0059_0016_E,148.83,3,11.4413,2050,13854200.293500002,119.50311133333334,34.54334577777778,Jiangsu
P0060,WC_0059_0017_E,55.61,1,6.7806,2050,16563951.825408,119.34751615999998,35.25980932000001,Shandong
P0062,WC_0043_0020_K,93.72,1,8.6862,2050,3505384.933498832,86.38826449999999,41.9057335,Xinjiang
P0062,WC_0042_0020_K,128.86,2,10.4431,2050,2496604.982247591,86.38826449999999,41.9057335,Xinjiang
P0062,WC_0043_0021_K,151.08,3,11.5538,2050,202927.75237088633,86.38826449999999,41.9057335,Xinjiang
P0063,WC_0052_0019_D,41.07,1,6.0533,2050,350962.7575719273,105.99086423333333,38.5674425,Ningxia
P0063,WC_0053_0019_D,51.96,2,6.5982,2050,389704.1188873646,105.99086423333333,38.5674425,Ningxia
P0063,WC_0052_0019_K,91.09,3,8.5544,2050,2681113.7777007087,105.99086423333333,38.5674425,Ningxia
P0067,WC_0059_0020_C,102.32,2,9.1159,2050,34631.905561475665,119.67226051428575,39.97792042857143,Hebei
P0067,WC_0059_0020_A,135.14,3,10.7571,2050,21687173.51527487,119.67226051428575,39.97792042857143,Hebei
P0067,WC_0060_0020_A,165.72,4,12.2861,2050,24795889.79843713,119.67226051428575,39.97792042857143,Hebei
P0067,WC_0060_0019_A,184.85,5,13.2427,2050,4866130.855606512,119.67226051428575,39.97792042857143,Hebei
P0068,WC_0060_0013_G,49.67,1,6.4837,2050,1045402.5700649999,120.60543628,27.43325004,Zhejiang
P0069,WC_0054_0017_D,8.29,1,4.4146,2050,6784310.000000012,109.10067892,34.81815216,Shaanxi
P0070,WC_0057_0017_E,63.77,1,7.1887,2050,16672852.30657878,115.56860472222225,35.294208722222216,Shandong
P0070,WC_0058_0017_E,139.94,4,10.9972,2050,19628774.656654134,115.56860472222225,35.294208722222216,Shandong
P0072,WC_0065_0023_A,57.51,1,6.8756,2050,17478369.47161715,131.41872039999998,46.6215169,Heilongjiang
P0072,WC_0066_0023_A,138.97,2,10.9485,2050,3051041.8283828464,131.41872039999998,46.6215169,Heilongjiang
P0073,WC_0061_0020_A,48.07,1,6.4036,2050,2950990.5773936217,123.4034578352941,41.25218117647059,Liaoning
P0073,WC_0062_0020_A,122.39,2,10.1193,2050,8125665.613381411,123.4034578352941,41.25218117647059,Liaoning
P0075,WC_0057_0016_E,95.0,1,8.7499,2050,12376396.691999998,114.316042,33.5464985,Henan
P0076,WC_0054_0011_H,90.37,1,8.5185,2050,18162460.760080002,109.2172239,23.73486028181818,Guangxi
P0077,WC_0047_0021_K,136.56,2,10.8278,2050,1884922.5884527136,93.31052133333334,42.51244766666667,Xinjiang
P0078,WC_0063_0022_A,93.3,1,8.6652,2050,9175343.86670691,126.63870604615386,45.738477292307685,Heilongjiang
P0078,WC_0063_0023_A,141.96,2,11.0979,2050,11642816.443628928,126.63870604615386,45.738477292307685,Heilongjiang
P0078,WC_0064_0022_A,196.54,5,13.8272,2050,27323465.19888915,126.63870604615386,45.738477292307685,Heilongjiang
P0079,WC_0054_0010_H,33.81,1,5.6905,2050,3618583.075049403,108.5689820142857,21.687818557142855,Guangxi
P0082,WC_0061_0020_A,172.28,4,12.614,2050,16919744.725000184,121.61303683333335,41.93595583333334,Liaoning
P0085,WC_0058_0016_E,151.15,3,11.5574,2050,10617559.818720793,117.38812471428572,34.37115052380951,Jiangsu
P0085,WC_0059_0016_E,192.11,5,13.6053,2050,57168630.45902922,117.38812471428572,34.37115052380951,Jiangsu
P0087,WC_0058_0020_C,102.95,2,9.1476,2050,10228976.336800959,117.62799128888888,39.96386984444444,Hebei
P0087,WC_0059_0020_C,112.03,3,9.6017,2050,13213543.790849065,117.62799128888888,39.96386984444444,Hebei
P0088,WC_0059_0015_F,96.46,1,8.823,2050,24077990.399399996,119.906331,31.112822777777776,Zhejiang
P0089,WC_0053_0019_D,72.54,1,7.6268,2050,6931038.692243305,106.63083476923076,38.09433597948717,Ningxia
P0089,WC_0053_0018_D,143.27,3,11.1635,2050,6695398.214704129,106.63083476923076,38.09433597948717,Ningxia
P0089,WC_0052_0018_K,153.03,4,11.6515,2050,666935.4230031938,106.63083476923076,38.09433597948717,Ningxia
P0091,WC_0056_0012_H,50.63,1,6.5315,2050,41662744.10640003,113.56754175384616,24.69749064615385,Guangdong
P0092,WC_0057_0013_F,101.84,1,9.0919,2050,42875883.089999996,114.79901501111112,27.92697431111111,Jiangxi
P0094,WC_0058_0011_G,43.65,1,6.1824,2050,14930006.237999998,117.65712922941177,23.87389818235294,Fujian
P0095,WC_0058_0015_E,105.88,1,9.294,2050,19056853.61041589,117.48208799999998,31.780410714285715,Anhui
P0095,WC_0058_0015_F,111.08,2,9.5538,2050,11612929.740404112,117.48208799999998,31.780410714285715,Anhui
P0096,WC_0058_0012_H,58.57,1,6.9284,2050,53424692.650851704,116.39166080000004,24.39771004,Guangdong
P0096,WC_0058_0011_H,102.58,2,9.1291,2050,8839080.66672329,116.39166080000004,24.39771004,Guangdong
P0099,WC_0052_0014_F,58.57,1,6.9286,2050,18938354.55999999,105.03624913333331,29.5345342,Sichuan
P0100,WC_0058_0014_F,67.52,1,7.3761,2050,29379486.650400292,117.10249263333333,28.3432053,Jiangxi
P0102,WC_0055_0014_F,78.73,1,7.9363,2050,10112985.645840008,111.3662008,29.594144733333334,Hunan
P0103,WC_0054_0020_D,158.35,4,11.9175,2050,9241849.799378868,109.88846628571426,39.71318328571429,Inner Mongolia
P0104,WC_0059_0022_A,53.92,1,6.6961,2050,3364775.3729999997,118.61048795,44.8662699,Inner Mongolia
P0105,WC_0062_0020_A,137.61,1,10.8807,2050,7809041.633900006,124.23231075,39.97204075,Liaoning
P0108,WC_0055_0010_H,35.5,1,5.7749,2050,3264775.3327709087,110.43623373846152,21.178269200000003,Guangdong
P0109,WC_0053_0017_D,72.19,1,7.6094,2050,16730749.288141897,107.89730960769232,35.14298256153846,Shaanxi
P0109,WC_0053_0017_F,164.81,3,12.2403,2050,2276163.170458101,107.89730960769232,35.14298256153846,Shaanxi
P0110,WC_0052_0012_H,35.76,1,5.7882,2050,77941905.78892091,104.76878606666668,25.310301483333333,Guizhou
P0110,WC_0052_0013_H,113.53,2,9.6767,2050,18491496.764578544,104.76878606666668,25.310301483333333,Guizhou
P0110,WC_0051_0012_H,153.45,3,11.6725,2050,5427337.72761704,104.76878606666668,25.310301483333333,Guizhou
P0111,WC_0055_0011_H,117.76,1,9.8882,2050,2467267.3298000037,109.99253175,22.4336885,Guangxi
P0113,WC_0058_0021_C,50.45,1,6.5227,2050,2318264.9959495766,116.21173066666664,42.22019666666666,Inner Mongolia
P0113,WC_0057_0021_K,119.23,2,9.9614,2050,11981414.569860607,116.21173066666664,42.22019666666666,Inner Mongolia
P0113,WC_0058_0021_A,132.52,3,10.6262,2050,7259392.156147866,116.21173066666664,42.22019666666666,Inner Mongolia
P0113,WC_0058_0021_K,145.78,4,11.2889,2050,5936422.769438383,116.21173066666664,42.22019666666666,Inner Mongolia
P0113,WC_0057_0020_K,152.21,5,11.6103,2050,5341296.970673826,116.21173066666664,42.22019666666666,Inner Mongolia
P0113,WC_0058_0020_C,175.62,6,12.7808,2050,3287768.4579297453,116.21173066666664,42.22019666666666,Inner Mongolia
P0114,WC_0054_0010_H,76.42,1,7.8211,2050,4018130.5164000066,109.61024596666668,21.59652003333333,Guangxi
P0116,WC_0061_0020_A,95.89,1,8.7947,2050,859936.6654099996,122.04982786666666,41.17928143333334,Liaoning
P0117,WC_0056_0016_F,63.02,1,7.151,2050,17316490.611680217,112.59986043333332,33.21598703333334,Henan
P0118,WC_0062_0020_A,122.69,3,10.1345,2050,35694221.525919996,123.71805184166664,41.817224116666665,Liaoning
P0120,WC_0059_0024_A,67.79,1,7.3896,2050,4024898.109999999,119.81555575,48.5947915,Inner Mongolia
P0124,WC_0056_0017_E,20.31,1,5.0156,2050,12471973.909918956,113.31786984347823,34.562298121739126,Henan
P0124,WC_0056_0016_E,151.79,5,11.5894,2050,47134663.68080606,113.31786984347823,34.562298121739126,Henan
P0124,WC_0055_0016_D,170.21,6,12.5103,2050,1962769.4140054022,113.31786984347823,34.562298121739126,Henan
P0128,WC_0039_0018_K,98.36,1,8.9181,2050,3638758.4346086117,79.94897945,37.21687335,Xinjiang
P0128,WC_0040_0018_K,116.58,2,9.8291,2050,1828841.2522668596,79.94897945,37.21687335,Xinjiang
P0132,WC_0061_0022_A,43.03,1,6.1515,2050,7784172.5016399985,122.82737375,45.5797501,Jilin
P0133,WC_0057_0016_E,97.34,2,8.8671,2050,41216933.0544357,116.06149366666666,32.906693999999995,Anhui
P0135,WC_0060_0020_A,55.85,1,6.7923,2050,814160.3789171085,120.3721705,41.560774,Liaoning
P0135,WC_0060_0021_A,143.94,3,11.197,2050,2849126.6017322135,120.3721705,41.560774,Liaoning
P0135,WC_0059_0021_A,180.62,5,13.0311,2050,1011483.374350676,120.3721705,41.560774,Liaoning
P0136,WC_0061_0022_A,124.45,1,10.2223,2050,2002988.2408631856,122.04553733333334,46.07332433333334,Inner Mongolia
P0136,WC_0060_0023_A,126.72,4,10.3361,2050,16582366.45913663,122.04553733333334,46.07332433333334,Inner Mongolia
P0138,WC_0063_0020_A,66.78,1,7.3388,2050,10045039.319999998,126.1607947,41.841904666666665,Jilin
P0139,WC_0064_0022_A,70.75,1,7.5376,2050,7113563.365026891,129.6441606666667,44.627998,Heilongjiang
P0139,WC_0065_0021_A,168.12,3,12.4062,2050,1878712.8114606072,129.6441606666667,44.627998,Heilongjiang
P0141,WC_0060_0018_E,81.87,1,8.0936,2050,13690453.699765721,120.34899307142857,37.63422128571428,Shandong
P0142,WC_0060_0016_F,87.45,1,8.3723,2050,630930.8411000001,121.67171711111112,32.064600444444444,Jiangsu
P0143,WC_0051_0011_H,42.35,1,6.1177,2050,6115369.402095126,103.20416861428572,23.831920442857147,Yunnan
P0143,WC_0051_0011_J,97.55,3,8.8775,2050,17080015.597904865,103.20416861428572,23.831920442857147,Yunnan
P0144,WC_0056_0018_D,106.82,1,9.3409,2050,1237084.2698996481,113.53523736363633,37.83865712727273,Shanxi
P0144,WC_0056_0019_C,125.67,3,10.2833,2050,14916907.455052784,113.53523736363633,37.83865712727273,Shanxi
P0144,WC_0056_0019_D,151.16,4,11.5579,2050,345921.95897256304,113.53523736363633,37.83865712727273,Shanxi
P0145,WC_0061_0020_A,104.17,3,9.2085,2050,14799317.386920087,122.111451375,40.336695375000005,Liaoning
P0149,WC_0054_0017_D,94.72,1,8.7362,2050,4693158.359625522,109.11732799999996,35.73940914285714,Shaanxi
P0149,WC_0054_0018_D,128.66,2,10.4328,2050,4123968.9128519082,109.11732799999996,35.73940914285714,Shaanxi
P0149,WC_0053_0017_D,198.79,4,13.9394,2050,1814630.9161225937,109.11732799999996,35.73940914285714,Shaanxi
P0150,WC_0053_0013_F,7.33,1,4.3667,2050,1536209.0309999997,107.028961,27.13609633333333,Guizhou
P0153,WC_0064_0023_A,97.03,2,8.8515,2050,25098825.425625056,130.29474041818182,47.05959753636363,Heilongjiang
P0155,WC_0056_0018_D,51.81,2,6.5906,2050,3994845.8592192936,113.0482917,36.9563088,Shanxi
P0155,WC_0055_0018_D,188.63,5,13.4315,2050,1135348.9635254412,113.0482917,36.9563088,Shanxi
P0156,WC_0051_0012_J,22.35,1,5.1176,2050,6216363.179999998,102.3335597,25.0149171,Yunnan
P0157,WC_0052_0013_F,99.16,2,8.9581,2050,40406031.58415999,105.61257831999998,26.32126902000001,Guizhou
P0158,WC_0053_0011_H,80.15,1,8.0077,2050,7199962.435574999,106.45162566666669,23.29812266666666,Guangxi
P0159,WC_0059_0012_G,76.32,1,7.816,2050,4519018.013839998,118.63520546666663,24.687213566666667,Fujian
P0160,WC_0056_0015_F,109.42,1,9.4712,2050,30149775.05592006,112.36138973333333,30.151720266666665,Hubei
P0161,WC_0059_0014_G,23.32,1,5.1658,2050,11036350.331249999,118.8811483,28.9022094,Zhejiang
P0162,WC_0058_0017_E,89.9,2,8.4948,2050,3339576.975564662,117.7606535,35.409393550000004,Shandong
P0162,WC_0059_0017_E,116.62,4,9.8311,2050,1864452.568505338,117.7606535,35.409393550000004,Shandong
P0164,WC_0056_0014_F,39.11,1,5.9556,2050,5768209.670399999,112.9124966,28.5953512,Hunan
P0166,WC_0053_0011_H,81.46,1,8.0732,2050,14000550.352880001,106.9209267,23.73388806,Guangxi
P0169,WC_0052_0013_F,27.3,1,5.3648,2050,16459382.474999994,105.49295496666667,27.159312466666663,Guizhou
P0171,WC_0054_0016_F,157.75,2,11.8877,2050,43208357.1175,108.8980685142857,34.31278957142858,Shaanxi
P0172,WC_0052_0015_F,93.82,1,8.6911,2050,55499572.01643998,104.81546613333336,31.82574306666667,Sichuan
P0174,WC_0056_0018_C,56.25,1,6.8126,2050,10777471.977492105,113.02755668571427,36.34547512380952,Shanxi
P0174,WC_0056_0017_C,113.86,3,9.693,2050,3686048.0412070677,113.02755668571427,36.34547512380952,Shanxi
P0174,WC_0056_0017_D,127.65,4,10.3823,2050,10861965.292300822,113.02755668571427,36.34547512380952,Shanxi
P0175,WC_0054_0013_F,29.15,1,5.4576,2050,19751258.97,108.8925723,27.2103544,Guizhou
P0176,WC_0056_0016_F,95.68,1,8.784,2050,7371161.800316656,112.16024828,31.92788278,Hubei
P0176,WC_0056_0015_F,134.89,2,10.7446,2050,8794678.865383694,112.16024828,31.92788278,Hubei
P0177,WC_0062_0021_A,153.1,2,11.6552,2050,22133211.318340022,123.4633255,43.5282178,Jilin
P0178,WC_0054_0018_D,47.72,1,6.3859,2050,2264915.8,109.52639,36.7187265,Shaanxi
P0180,WC_0058_0024_A,82.48,1,8.124,2050,4870240.425000001,117.568398,49.461172000000005,Inner Mongolia
P0181,WC_0040_0022_K,68.93,1,7.4465,2050,11755068.738005169,81.232426,43.9809660952381,Xinjiang
P0181,WC_0040_0021_K,103.11,2,9.1555,2050,21017789.97984617,81.232426,43.9809660952381,Xinjiang
P0181,WC_0041_0022_K,166.14,4,12.307,2050,5077203.768349111,81.232426,43.9809660952381,Xinjiang
P0182,WC_0058_0014_F,126.47,1,10.3236,2050,13541836.913999995,116.15259249090909,29.75556527272727,Jiangxi
P0183,WC_0043_0023_K,48.87,1,6.4437,2050,3296023.325999999,87.7296623,47.28983,Xinjiang
P0185,WC_0053_0013_F,104.32,1,9.2158,2050,13838983.274999999,106.9379912,28.00455835,Guizhou
P0187,WC_0060_0021_A,94.74,1,8.7368,2050,2326062.4499999997,121.331659,43.585098,Inner Mongolia
P0188,WC_0046_0022_K,9.96,1,4.498,2050,2228851.1823225296,92.926001,44.53792,Xinjiang
P0188,WC_0047_0022_K,133.44,2,10.6721,2050,164254.82487664936,92.926001,44.53792,Xinjiang
P0188,WC_0046_0021_K,134.04,3,10.7021,2050,3748109.5379345496,92.926001,44.53792,Xinjiang
P0188,WC_0045_0022_K,176.04,4,12.8019,2050,6245678.436264648,92.926001,44.53792,Xinjiang
P0189,WC_0051_0012_H,49.97,1,6.4986,2050,10360605.30000012,103.0278556,24.9631234,Yunnan
P0190,WC_0059_0016_E,26.69,1,5.3343,2050,47157737.199999996,119.00320116666668,33.51324183333334,Jiangsu
P0191,WC_0055_0013_F,70.59,1,7.5295,2050,2151217.278,111.492692,26.56672,Hunan
P0192,WC_0054_0018_D,103.33,1,9.1664,2050,6236075.1276,108.98365166666666,37.822902,Shaanxi
P0193,WC_0054_0011_H,17.02,1,4.8509,2050,7180814.719260001,108.93004633333334,22.806623733333332,Guangxi
P0194,WC_0053_0016_F,100.54,1,9.0272,2050,12571848.300000014,106.141932,33.346156,Shaanxi
P0195,WC_0053_0015_F,55.58,1,6.7792,2050,6929507.159999997,107.491416,31.324767,Sichuan
P0197,WC_0058_0013_G,58.52,1,6.926,2050,2676860.6303999997,117.4607848,27.3866923,Fujian
P0198,WC_0052_0017_D,53.2,1,6.6601,2050,1144766.304,105.1007823,34.7548032,Gansu
P0199,WC_0059_0021_A,182.39,5,13.1193,2050,3023881.1849999996,116.786405,43.063974,Inner Mongolia
P0200,WC_0038_0019_K,82.67,1,8.1334,2050,5680339.417542683,76.0498524,39.4815702,Xinjiang
P0200,WC_0037_0019_K,89.78,2,8.4889,2050,12189868.807468444,76.0498524,39.4815702,Xinjiang
P0200,WC_0037_0020_K,116.31,3,9.8155,2050,5700555.585329048,76.0498524,39.4815702,Xinjiang
P0200,WC_0038_0020_K,134.57,4,10.7286,2050,7354798.004354809,76.0498524,39.4815702,Xinjiang
P0200,WC_0036_0019_K,199.37,5,13.9687,2050,1819435.579770165,76.0498524,39.4815702,Xinjiang
P0201,WC_0064_0023_A,156.02,2,11.801,2050,2380163.625,127.035146,46.658416,Heilongjiang
P0202,WC_0057_0013_F,1.62,1,4.0811,2050,5727275.735039999,115.02031085,27.04720645,Jiangxi
P0203,WC_0059_0024_A,52.68,1,6.6338,2050,2757284.7434969726,119.7869442,49.2971288,Inner Mongolia
P0204,WC_0064_0023_A,81.79,1,8.0895,2050,2380163.625,128.750564,47.738549,Heilongjiang
P0206,WC_0055_0016_F,35.24,1,5.7619,2050,7289503.620000051,110.737906,32.683566,Hubei
P0207,WC_0043_0022_K,88.82,1,8.4409,2050,9925305.730458815,86.14399902857143,44.38875934285716,Xinjiang
P0207,WC_0042_0022_K,101.84,2,9.0918,2050,8428238.822143031,86.14399902857143,44.38875934285716,Xinjiang
P0207,WC_0043_0021_K,144.45,3,11.2225,2050,17036943.039573904,86.14399902857143,44.38875934285716,Xinjiang
P0207,WC_0042_0021_K,161.13,4,12.0567,2050,13887498.73706656,86.14399902857143,44.38875934285716,Xinjiang
P0208,WC_0050_0013_F,63.14,1,7.1571,2050,3811228.937999998,101.504877,26.600634,Sichuan
P0209,WC_0059_0014_G,47.2,1,6.3599,2050,12985813.8,119.5068449,29.1866175,Zhejiang
P0210,WC_0059_0015_F,9.09,1,4.4546,2050,5739683.0832,118.865,30.86956,Anhui
P0212,WC_0050_0019_K,43.84,1,6.192,2050,7339107.486116279,100.462929,39.071222,Gansu
P0212,WC_0049_0019_K,135.06,2,10.7532,2050,9138386.732522741,100.462929,39.071222,Gansu
P0213,WC_0057_0015_F,73.72,1,7.6859,2050,9023521.51336,115.22746642857145,30.139824142857144,Hubei
P0214,WC_0040_0019_K,177.34,3,12.8672,2050,2273021.5413202927,81.22118188571429,40.57628974285715,Xinjiang
P0216,WC_0063_0024_A,87.92,1,8.3962,2050,804055.2749999998,126.5290168,48.2323268,Heilongjiang
P0217,WC_0054_0009_H,76.34,1,7.8169,2050,6335160.824999999,109.18408,19.772636,Hainan
P0218,WC_0056_0015_F,74.6,1,7.7299,2050,8668468.139759999,112.2396082,31.04729105,Hubei
P0219,WC_0062_0022_A,33.13,1,5.6564,2050,890641.1353427195,124.713103425,45.18673232500001,Jilin
P0219,WC_0061_0022_A,113.43,2,9.6715,2050,2241499.576507295,124.713103425,45.18673232500001,Jilin
P0220,WC_0057_0020_C,119.24,3,9.962,2050,8521180.667999696,114.636465,39.812212,Hebei
P0222,WC_0058_0013_F,57.55,1,6.8776,2050,27626054.4,116.5644289,27.7844943,Jiangxi
P0224,WC_0040_0020_K,40.69,1,6.0343,2050,3547279.513320813,80.284606,41.116463,Xinjiang
P0224,WC_0039_0020_K,99.02,2,8.9509,2050,12767265.513335379,80.284606,41.116463,Xinjiang
P0225,WC_0066_0023_A,92.32,2,8.616,2050,14689009.8,132.54726,46.250035,Heilongjiang
P0226,WC_0058_0015_E,14.36,1,4.7178,2050,19440862.056,116.491363,31.656523,Anhui
P0228,WC_0061_0019_A,60.49,1,7.0243,2050,2025818.7179155867,123.2061971,39.6759023,Liaoning
P0228,WC_0061_0020_A,133.68,3,10.684,2050,10056698.623472339,123.2061971,39.6759023,Liaoning
P0230,WC_0057_0022_K,134.89,2,10.7447,2050,1909454.25,115.1452,43.5503,Inner Mongolia
P0231,WC_0058_0012_G,25.71,1,5.2853,2050,8771953.44,117.27690395,25.2826263,Fujian
P0232,WC_0059_0022_A,124.1,3,10.2049,2050,814227.955998112,118.711438,43.589584,Inner Mongolia
P0232,WC_0058_0022_K,197.64,5,13.8819,2050,574466.0440018877,118.711438,43.589584,Inner Mongolia
P0234,WC_0056_0013_F,36.52,1,5.8259,2050,541847.9609999999,112.643208,26.99216,Hunan
P0235,WC_0058_0022_K,48.87,1,6.4434,2050,3208389.4745375277,116.7196555,44.587344,Inner Mongolia
P0237,WC_0057_0012_F,55.39,1,6.7697,2050,19989916.970399994,115.10297395,25.92432775,Jiangxi
P0238,WC_0052_0016_F,72.39,1,7.6195,2050,2872929.999999999,105.57982345,32.331679699999995,Sichuan
P0239,WC_0053_0013_F,76.25,1,7.8127,2050,37937550.02777999,106.45517692,27.52040356,Guizhou
P0241,WC_0055_0012_H,122.54,1,10.1271,2050,2658716.9699999993,111.693474,23.985332,Guangxi
P0242,WC_0044_0022_K,105.98,2,9.299,2050,9837704.499822954,90.22066,44.50694375,Xinjiang
P0242,WC_0045_0021_K,119.79,3,9.9896,2050,1546692.9693528223,90.22066,44.50694375,Xinjiang
P0242,WC_0044_0021_K,169.06,4,12.453,2050,4260156.15877418,90.22066,44.50694375,Xinjiang
P0245,WC_0055_0015_F,75.99,1,7.7993,2050,14942465.210763995,111.494179,30.3951102,Hubei
P0246,WC_0059_0022_K,50.02,1,6.5012,2050,9370448.376146814,119.571302776,45.461377824,Inner Mongolia
P0246,WC_0059_0023_K,90.51,2,8.5256,2050,3407706.4167606146,119.571302776,45.461377824,Inner Mongolia
P0246,WC_0059_0022_A,94.95,3,8.7477,2050,3461882.9294136507,119.571302776,45.461377824,Inner Mongolia
P0249,WC_0051_0018_D,15.09,1,4.7544,2050,4537848.472359859,102.86741,36.519356,Gansu
P0249,WC_0050_0018_D,154.96,3,11.7481,2050,1258253.6476401414,102.86741,36.519356,Gansu
P0250,WC_0048_0019_K,167.29,3,12.3645,2050,896155.4400000005,97.359004,40.208093,Gansu
P0252,WC_0055_0012_H,55.96,1,6.7982,2050,2623047.2268,111.34667,24.73609,Guangxi
P0253,WC_0053_0011_H,46.34,1,6.3168,2050,4983789.73092,107.502443,23.339667,Guangxi
P0254,WC_0056_0013_F,119.39,1,9.9694,2050,9116597.951999998,114.005752,27.641968,Jiangxi
P0255,WC_0058_0015_F,30.61,1,5.5303,2050,13258710.00198,117.05617661538456,30.56392938461539,Anhui
P0256,WC_0064_0023_A,72.22,1,7.611,2050,817656.2099999998,128.065134,46.980043,Heilongjiang
P0257,WC_0061_0021_A,68.67,1,7.4336,2050,837382.4820000014,122.390042,42.970016,Inner Mongolia
P0258,WC_0041_0021_K,182.89,4,13.1447,2050,13009179.959995806,84.003586,41.821533,Xinjiang
P0260,WC_0053_0018_D,103.1,1,9.1552,2050,4216619.113630003,106.291944,36.044444,Ningxia
P0262,WC_0053_0013_H,68.77,1,7.4387,2050,8373274.147082423,107.5423551,26.6304173,Guizhou
P0262,WC_0053_0013_F,70.02,2,7.5009,2050,2173832.632917574,107.5423551,26.6304173,Guizhou
P0263,WC_0054_0016_F,168.06,4,12.4028,2050,1132457.9,108.118848,34.258855,Shaanxi
P0264,WC_0052_0015_F,55.02,1,6.7512,2050,21098797.91999999,104.5803369,30.7056052,Sichuan
P0265,WC_0051_0018_K,38.86,1,5.943,2050,7643382.479808924,102.685854,37.901104,Gansu
P0265,WC_0050_0018_D,163.68,4,12.1842,2050,906782.7504553474,102.685854,37.901104,Gansu
P0266,WC_0062_0025_A,81.42,1,8.0711,2050,2170949.2424999992,124.169753,50.427253,Heilongjiang
P0267,WC_0056_0014_F,115.12,1,9.756,2050,7460941.70632,113.87296000000002,29.665230000000005,Hubei
P0268,WC_0059_0020_A,43.87,1,6.1933,2050,1046728.1024999997,119.341125,41.560504,Inner Mongolia
P0270,WC_0043_0023_K,83.36,1,8.1678,2050,7000994.997501718,86.5936,46.6088,Xinjiang
P0271,WC_0056_0012_F,49.37,1,6.4686,2050,6701084.729999998,113.06552,25.25886,Guangdong
P0272,WC_0047_0018_K,79.91,1,7.9956,2050,1571666.8239090599,94.883333,36.416667,Qinghai
P0272,WC_0047_0017_K,101.28,2,9.0642,2050,1207505.6261007427,94.883333,36.416667,Qinghai
P0272,WC_0046_0018_K,173.97,3,12.6983,2050,1850493.2214345688,94.883333,36.416667,Qinghai
P0272,WC_0046_0017_K,196.22,4,13.8111,2050,8980236.030169126,94.883333,36.416667,Qinghai
P0273,WC_0058_0013_G,96.04,1,8.8018,2050,4385976.72,117.37926,26.00357,Fujian
P0277,WC_0054_0012_H,87.19,1,8.3596,2050,2658716.9699999993,109.6934879,24.4560027,Guangxi
P0278,WC_0054_0019_D,34.33,1,5.7167,2050,4783338.353496889,109.4795544,39.0850986,Inner Mongolia
P0278,WC_0055_0019_D,138.5,2,10.9248,2050,3180548.7768261847,109.4795544,39.0850986,Inner Mongolia
P0279,WC_0054_0011_H,81.46,1,8.0728,2050,5614681.799999999,109.7658333,23.1119444,Guangxi
P0280,WC_0058_0016_E,62.15,1,7.1074,2050,9720431.028,117.6878713,32.9337496,Anhui
P0281,WC_0042_0023_K,154.13,2,11.7063,2050,8647541.356807103,85.0218233,45.54546385,Xinjiang
P0281,WC_0041_0023_K,168.26,4,12.4128,2050,7080057.741746632,85.0218233,45.54546385,Xinjiang
P0281,WC_0041_0022_K,182.41,5,13.1204,2050,2305093.592941269,85.0218233,45.54546385,Xinjiang
P0283,WC_0056_0015_F,89.76,1,8.4881,2050,3927406.032000026,113.522017,31.640073,Hubei
P0284,WC_0059_0018_C,49.58,1,6.4789,2050,583723.0892680925,117.91056765294118,38.10652717647059,Shandong
P0284,WC_0059_0018_D,83.62,2,8.181,2050,270003.5955288343,117.91056765294118,38.10652717647059,Shandong
P0284,WC_0058_0019_C,129.57,3,10.4786,2050,7967023.055504059,117.91056765294118,38.10652717647059,Shandong
P0284,WC_0058_0018_C,135.6,4,10.7802,2050,6481319.278095659,117.91056765294118,38.10652717647059,Shandong
P0284,WC_0058_0018_E,155.64,5,11.7822,2050,4480998.37800655,117.91056765294118,38.10652717647059,Shandong
P0284,WC_0059_0019_C,179.63,6,12.9815,2050,6175755.061981525,117.91056765294118,38.10652717647059,Shandong
P0284,WC_0059_0018_E,188.91,7,13.4454,2050,15213206.66090373,117.91056765294118,38.10652717647059,Shandong
P0285,WC_0051_0012_F,110.01,2,9.5007,2050,12432726.359999996,104.0667928,25.6622058,Yunnan
P0286,WC_0057_0014_F,88.76,1,8.4381,2050,10770872.400000062,115.9378971,28.81613945,Jiangxi
P0288,WC_0056_0022_K,56.44,1,6.822,2050,3526404.070401531,113.180878,44.018566,Inner Mongolia
P0288,WC_0056_0021_K,123.29,2,10.1647,2050,4841986.729598469,113.180878,44.018566,Inner Mongolia
P0289,WC_0060_0024_A,33.21,1,5.6603,2050,2184901.7049,120.835657,49.283636,Inner Mongolia
P0290,WC_0053_0014_F,109.42,1,9.4709,2050,37062271.184999995,106.24904266666664,28.29239933333333,Guizhou
P0292,WC_0054_0015_F,60.19,1,7.0093,2050,12074192.700000025,108.456944,31.269167,Chongqing
P0293,WC_0052_0014_F,81.09,1,8.0543,2050,4024730.9,105.85501600000002,29.0363,Chongqing
P0294,WC_0058_0014_F,26.41,1,5.3203,2050,5383134.028799998,117.08502,29.18719,Jiangxi
P0295,WC_0056_0011_H,10.45,1,4.5227,2050,32803601.710087497,112.89723415555557,23.012968666666666,Guangdong
P0296,WC_0057_0016_E,122.65,1,10.1324,2050,22474887.312799998,114.140877,32.109018,Henan
P0297,WC_0059_0014_F,44.26,1,6.2132,2050,27735681.599999998,117.857259,28.28488,Jiangxi
P0299,WC_0061_0019_A,108.85,2,9.4424,2050,3726979.3859999985,121.254736,39.574197000000005,Liaoning
P0300,WC_0053_0011_H,71.78,1,7.5889,2050,1656661.4063999997,107.555455,22.494869,Guangxi
P0301,WC_0059_0015_F,71.32,1,7.5661,2050,768863.6628925211,119.303398,31.487864,Jiangsu
P0302,WC_0041_0020_K,94.83,1,8.7417,2050,5857828.422150662,81.66835,41.720435,Xinjiang
P0302,WC_0040_0020_K,98.99,2,8.9495,2050,3469566.1193224937,81.66835,41.720435,Xinjiang
P0302,WC_0040_0021_K,153.23,3,11.6613,2050,3119238.094359318,81.66835,41.720435,Xinjiang
P0302,WC_0041_0021_K,190.03,4,13.5016,2050,562547.3241675269,81.66835,41.720435,Xinjiang
P0303,WC_0057_0016_E,90.61,2,8.5306,2050,10816618.02,114.0485942,32.9569897,Henan
P0304,WC_0050_0021_K,37.46,1,5.8731,2050,220178.58726193543,101.042068,41.913656,Inner Mongolia
P0304,WC_0050_0020_K,130.95,2,10.5474,2050,957765.4320920265,101.042068,41.913656,Inner Mongolia
P0304,WC_0049_0021_K,190.41,3,13.5203,2050,135622.26582080996,101.042068,41.913656,Inner Mongolia
P0305,WC_0058_0022_K,59.44,1,6.9718,2050,3489093.674999673,117.630486,44.562956,Inner Mongolia
P0306,WC_0053_0020_D,180.01,3,13.0005,2050,1374807.0599999998,109.115512,39.91998,Inner Mongolia
P0307,WC_0056_0014_F,41.63,1,6.0814,2050,4097556.7200000375,113.465393,28.935746,Hunan
P0308,WC_0050_0018_D,28.49,1,5.4244,2050,4643232.524999999,100.9098322,36.974299,Qinghai
P0309,WC_0060_0022_A,36.44,1,5.8221,2050,3224084.57,121.41631999999998,44.97107,Inner Mongolia
P0310,WC_0055_0016_F,130.06,1,10.5028,2050,3444341.9999999995,110.0629,33.807099,Shaanxi
P0311,WC_0055_0014_F,67.69,1,7.3845,2050,1352193.7175999999,111.7,29.031,Hunan
P0313,WC_0039_0019_K,55.75,1,6.7874,2050,3342272.111369322,78.967921,39.895939,Xinjiang
P0314,WC_0055_0020_K,158.99,5,11.9496,2050,2152475.6999999993,112.162201,40.27631,Inner Mongolia
P0316,WC_0054_0015_F,47.26,1,6.3632,2050,20244947.759999998,109.447256,31.118822,Chongqing
P0317,WC_0059_0016_E,85.6,1,8.2799,2050,3129160.4189999998,118.36866000000002,33.839984,Jiangsu
P0318,WC_0062_0021_A,66.6,1,7.3298,2050,4603976.354999997,124.4014418,43.15431715,Jilin
P0320,WC_0053_0012_H,51.8,1,6.5901,2050,3291876.494999999,107.489232,25.226875,Guizhou
P0321,WC_0063_0020_A,199.15,5,13.9573,2050,5524771.625999999,125.1600082,42.8720236,Jilin
P0323,WC_0055_0016_F,87.44,2,8.372,2050,39409831.47324062,111.90004,33.086416,Henan
P0324,WC_0053_0017_F,75.49,2,7.7746,2050,4895934.406703803,107.237001675,34.46888477500001,Shaanxi
P0324,WC_0053_0016_F,177.08,4,12.854,2050,12066291.391896198,107.237001675,34.46888477500001,Shaanxi
P0325,WC_0060_0015_G,2.77,1,4.1386,2050,23211187.32825,120.717248,30.22652,Zhejiang
P0327,WC_0054_0015_F,74.24,1,7.7119,2050,40727877.6209507,108.333304,30.60260700000001,Chongqing
P0328,WC_0061_0021_A,131.31,1,10.5653,2050,24836180.15135416,122.1535206,43.6713737,Inner Mongolia
P0328,WC_0060_0021_A,136.91,2,10.8456,2050,12530030.20622192,122.1535206,43.6713737,Inner Mongolia
P0328,WC_0060_0022_A,188.63,3,13.4316,2050,8151151.74982391,122.1535206,43.6713737,Inner Mongolia
P0330,WC_0048_0020_K,49.87,1,6.4933,2050,2638128.7569631413,96.51300000000002,40.6599,Gansu
P0330,WC_0047_0020_K,115.45,2,9.7724,2050,2196679.47326308,96.51300000000002,40.6599,Gansu
P0330,WC_0049_0020_K,198.56,3,13.928,2050,2637464.0986713357,96.51300000000002,40.6599,Gansu
P0332,WC_0057_0019_C,52.67,1,6.6337,2050,14252081.419598263,114.8433969,38.5122064,Hebei
P0332,WC_0056_0019_C,148.58,2,11.4288,2050,4705516.714161735,114.8433969,38.5122064,Hebei
P0333,WC_0057_0011_H,37.19,1,5.8595,2050,6201030.450983999,114.640278,23.567222,Guangdong
P0334,WC_0057_0020_C,146.31,3,11.3155,2050,1757863.1703980446,115.999182,39.563323,Hebei
P0334,WC_0058_0020_C,156.98,4,11.8488,2050,4016169.1846019547,115.999182,39.563323,Hebei
P0335,WC_0057_0015_F,42.47,1,6.1237,2050,9701486.314399997,114.8921871,31.1420662,Hubei
P0336,WC_0059_0023_K,35.38,1,5.7691,2050,2893112.5,119.106454,45.955947,Inner Mongolia
P0337,WC_0053_0012_H,138.97,2,10.9485,2050,6152478.955000108,105.776871,25.377552,Guizhou
P0338,WC_0055_0012_H,84.39,1,8.2194,2050,4095414.9599999995,110.06851,25.10107,Guangxi
P0340,WC_0059_0021_A,62.6,1,7.1299,2050,23025472.316,119.0763143846154,42.26995515384616,Inner Mongolia
P0342,WC_0060_0014_G,68.3,1,7.415,2050,6971166.78354,121.5744765125,28.854719537500003,Zhejiang
P0343,WC_0056_0014_F,83.61,1,8.1803,2050,9632169.71388,112.2686111,28.596666700000004,Hunan
P0344,WC_0044_0018_K,136.1,1,10.8049,2050,2326668.5982256285,88.181922,37.876453,Xinjiang
P0344,WC_0043_0018_K,148.52,2,11.4261,2050,1964312.985179569,88.181922,37.876453,Xinjiang
P0344,WC_0043_0019_K,154.11,3,11.7056,2050,868844.0300232904,88.181922,37.876453,Xinjiang
P0344,WC_0044_0019_K,178.81,4,12.9405,2050,933790.6953945385,88.181922,37.876453,Xinjiang
P0345,WC_0051_0019_K,43.67,1,6.1837,2050,6918228.984171855,102.473117,38.949575,Gansu
P0345,WC_0050_0019_K,139.15,2,10.9573,2050,5858254.12277445,102.473117,38.949575,Gansu
P0346,WC_0057_0022_K,116.82,2,9.8408,2050,6569707.646395091,116.1394932,43.997505,Inner Mongolia
P0346,WC_0058_0022_K,129.07,3,10.4533,2050,7560324.244604983,116.1394932,43.997505,Inner Mongolia
P0348,WC_0059_0016_F,14.39,1,4.7193,2050,54298667.92297499,118.86002289473684,32.23087336842106,Jiangsu
P0350,WC_0055_0011_H,35.56,1,5.7779,2050,1438349.3669999999,110.943891,23.290635,Guangxi
P0002,WC_0056_0019_D,80.44,1,8.0221,2060,2039335.6656267159,112.5059534875,39.44562280625,Shanxi
P0002,WC_0056_0019_C,83.32,2,8.166,2060,8874139.38921042,112.5059534875,39.44562280625,Shanxi
P0002,WC_0055_0019_D,135.7,3,10.7848,2060,17018745.008756727,112.5059534875,39.44562280625,Shanxi
P0002,WC_0056_0020_C,138.76,4,10.9381,2060,3159959.3850243953,112.5059534875,39.44562280625,Shanxi
P0002,WC_0056_0020_D,141.01,5,11.0507,2060,1942888.663939609,112.5059534875,39.44562280625,Shanxi
P0003,WC_0053_0014_F,46.2,1,6.3099,2060,100185291.398445,106.56065670588237,29.095265411764704,Chongqing
P0004,WC_0053_0020_D,17.81,1,4.8903,2060,6855521.805179512,107.40690754545452,40.72295445454545,Inner Mongolia
P0005,WC_0052_0014_F,43.55,1,6.1775,2060,70824812.01830998,104.9672844,28.61919437777778,Sichuan
P0008,WC_0061_0018_E,16.13,1,4.8066,2060,5448967.092693227,122.11088608695654,37.34379926086956,Shandong
P0008,WC_0060_0018_E,120.18,2,10.0089,2060,7982816.77188938,122.11088608695654,37.34379926086956,Shandong
P0010,WC_0052_0013_F,58.61,1,6.9306,2060,28489994.50728018,104.82352106666669,27.534283966666663,Yunnan
P0012,WC_0061_0021_A,58.62,1,6.9312,2060,3397940.801331676,123.77717060769234,42.46554086923077,Liaoning
P0012,WC_0062_0021_A,117.38,2,9.8692,2060,12897665.68787874,123.77717060769234,42.46554086923077,Liaoning
P0012,WC_0062_0020_A,174.66,3,12.733,2060,15240658.195190107,123.77717060769234,42.46554086923077,Liaoning
P0014,WC_0056_0011_H,99.44,1,8.9719,2060,25642817.566799995,112.024739125,22.974058575,Guangdong
P0015,WC_0056_0012_F,55.94,1,6.7968,2060,16170872.807429997,113.088394,26.08946423333333,Hunan
P0016,WC_0056_0015_F,84.21,1,8.2104,2060,17401806.609279998,113.8259234888889,30.660474866666668,Hubei
P0018,WC_0065_0021_A,54.98,1,6.7489,2060,8873118.065999998,129.9301436,42.9040347,Jilin
P0019,WC_0055_0013_F,80.25,1,8.0126,2060,18768238.530929994,111.5750416714286,27.544403028571427,Hunan
P0022,WC_0060_0018_E,128.17,1,10.4083,2060,24852531.3375375,120.11881293333334,35.99860965,Shandong
P0023,WC_0056_0016_E,68.29,2,7.4146,2060,36719474.964959994,113.21201491428567,33.7993222857143,Henan
P0024,WC_0053_0014_F,77.68,1,7.884,2060,22566346.428769764,107.31146671428574,29.655601142857147,Chongqing
P0025,WC_0062_0021_A,106.96,1,9.3479,2060,35596860.03928326,125.24796920000004,43.81222732,Jilin
P0025,WC_0062_0022_A,132.69,2,10.6345,2060,24607450.104416836,125.24796920000004,43.81222732,Jilin
P0027,WC_0058_0018_C,109.28,1,9.4641,2060,19294737.164816782,116.036756325,36.48592403125,Shandong
P0027,WC_0058_0018_D,110.07,2,9.5036,2060,10185839.853148373,116.036756325,36.48592403125,Shandong
P0027,WC_0057_0018_C,113.6,3,9.6798,2060,27986852.11818789,116.036756325,36.48592403125,Shandong
P0028,WC_0056_0013_F,68.97,1,7.4486,2060,24089922.349289995,113.13893942,27.64443306,Hunan
P0029,WC_0063_0022_A,40.81,1,6.0406,2060,1824099.1799999997,127.02565466666664,44.58916933333334,Jilin
P0030,WC_0063_0021_A,116.26,1,9.813,2060,47755078.952190004,126.50366462499998,43.90009873333333,Jilin
P0031,WC_0055_0018_D,84.83,1,8.2414,2060,24347698.97861793,111.5960795,36.44789901666667,Shanxi
P0031,WC_0055_0017_D,187.39,5,13.3696,2060,4671919.737757347,111.5960795,36.44789901666667,Shanxi
P0032,WC_0057_0017_C,21.1,1,5.0548,2060,7146758.981295528,114.94455282857145,35.69333081428572,Henan
P0032,WC_0057_0017_D,66.22,2,7.3112,2060,4242643.97762957,114.94455282857145,35.69333081428572,Henan
P0032,WC_0057_0017_E,104.62,3,9.231,2060,6625745.861187782,114.94455282857145,35.69333081428572,Henan
P0038,WC_0053_0015_F,64.82,1,7.241,2060,90621129.77472016,106.77105626666668,30.466155083333334,Sichuan
P0039,WC_0061_0023_A,55.15,1,6.7575,2060,18447408.17212503,123.69026015555556,47.216015733333336,Heilongjiang
P0042,WC_0058_0017_D,39.97,1,5.9984,2060,5063043.146617233,117.7747333,36.10888457777778,Shandong
P0042,WC_0058_0018_D,51.29,2,6.5645,2060,3275465.8427934675,117.7747333,36.10888457777778,Shandong
P0042,WC_0059_0018_E,112.69,4,9.6347,2060,36949414.204829305,117.7747333,36.10888457777778,Shandong
P0043,WC_0058_0016_E,83.92,1,8.196,2060,122702908.48349999,116.754942764,33.761710992,Anhui
P0044,WC_0062_0023_A,60.8,1,7.0398,2060,16951393.887046892,124.97499467692306,46.49802851538463,Heilongjiang
P0044,WC_0061_0023_A,153.04,2,11.6522,2060,2799807.3355721617,124.97499467692306,46.49802851538463,Heilongjiang
P0044,WC_0063_0023_A,165.16,3,12.2579,2060,8785422.535393508,124.97499467692306,46.49802851538463,Heilongjiang
P0047,WC_0060_0020_A,23.51,1,5.1756,2060,16398737.824839994,120.95330144285712,41.001320185714285,Liaoning
P0048,WC_0055_0019_D,81.07,1,8.0534,2060,2310583.4499999997,111.1116265,38.213208,Shanxi
P0050,WC_0057_0017_E,35.43,1,5.7717,2060,13062732.424,115.4996139,34.5444303,Henan
P0053,WC_0065_0022_A,38.3,1,5.9149,2060,24301942.029154077,130.88350004444445,45.52289057777777,Heilongjiang
P0053,WC_0066_0022_A,138.26,2,10.9131,2060,14028420.948394043,130.88350004444445,45.52289057777777,Heilongjiang
P0053,WC_0064_0022_A,162.09,4,12.1044,2060,2552447.522451885,130.88350004444445,45.52289057777777,Heilongjiang
P0055,WC_0055_0017_D,62.43,1,7.1214,2060,6585216.07175,110.291820675,34.722310675,Shanxi
P0056,WC_0057_0012_F,48.04,1,6.4021,2060,49303462.8600001,114.6474855,25.235139166666663,Jiangxi
P0057,WC_0051_0018_D,97.97,1,8.8983,2060,2738347.2146363785,103.63660057777776,36.10173662222222,Gansu
P0057,WC_0051_0017_D,148.78,2,11.4388,2060,11433030.92600362,103.63660057777776,36.10173662222222,Gansu
P0058,WC_0059_0017_E,69.6,1,7.4799,2060,13854200.293500002,119.50311133333334,34.54334577777778,Jiangsu
P0060,WC_0059_0017_E,55.61,1,6.7806,2060,16563951.825407997,119.34751615999998,35.25980932000001,Shandong
P0062,WC_0043_0020_K,93.72,1,8.6862,2060,3243198.2825127593,86.38826449999999,41.9057335,Xinjiang
P0062,WC_0042_0020_K,128.86,2,10.4431,2060,314357.58751559287,86.38826449999999,41.9057335,Xinjiang
P0062,WC_0043_0021_K,151.08,3,11.5538,2060,2633137.914666662,86.38826449999999,41.9057335,Xinjiang
P0063,WC_0052_0019_D,41.07,1,6.0533,2060,796105.2438929481,105.99086423333333,38.5674425,Ningxia
P0063,WC_0053_0019_D,51.96,2,6.5982,2060,2625675.410267052,105.99086423333333,38.5674425,Ningxia
P0067,WC_0059_0019_C,93.46,1,8.6732,2060,17130451.758978758,119.67226051428575,39.97792042857143,Hebei
P0067,WC_0059_0020_C,102.32,2,9.1159,2060,32413604.542911578,119.67226051428575,39.97792042857143,Hebei
P0067,WC_0059_0020_A,135.14,3,10.7571,2060,1839769.772989655,119.67226051428575,39.97792042857143,Hebei
P0068,WC_0060_0013_G,49.67,1,6.4837,2060,1045402.5700649999,120.60543628,27.43325004,Zhejiang
P0069,WC_0054_0017_D,8.29,1,4.4146,2060,6784310.0,109.10067892,34.81815216,Shaanxi
P0070,WC_0057_0017_E,63.77,1,7.1887,2060,43648992.04496265,115.56860472222225,35.294208722222216,Shandong
P0070,WC_0058_0017_E,139.94,4,10.9972,2060,23519058.879033394,115.56860472222225,35.294208722222216,Shandong
P0072,WC_0065_0023_A,57.51,1,6.8756,2060,20529411.299999997,131.41872039999998,46.6215169,Heilongjiang
P0073,WC_0061_0020_A,48.07,1,6.4036,2060,11076656.190774998,123.4034578352941,41.25218117647059,Liaoning
P0075,WC_0057_0016_E,95.0,1,8.7499,2060,12376396.691999998,114.316042,33.5464985,Henan
P0076,WC_0054_0011_H,90.37,1,8.5185,2060,18162460.760080002,109.2172239,23.73486028181818,Guangxi
P0078,WC_0063_0022_A,93.3,1,8.6652,2060,38051147.78002891,126.63870604615386,45.738477292307685,Heilongjiang
P0078,WC_0063_0023_A,141.96,2,11.0979,2060,10090477.729196088,126.63870604615386,45.738477292307685,Heilongjiang
P0079,WC_0054_0010_H,33.81,1,5.6905,2060,3618583.075049389,108.5689820142857,21.687818557142855,Guangxi
P0082,WC_0060_0020_A,106.27,2,9.3133,2060,16919744.724999994,121.61303683333335,41.93595583333334,Liaoning
P0085,WC_0058_0017_E,65.43,1,7.2714,2060,67786190.27775002,117.38812471428572,34.37115052380951,Jiangsu
P0087,WC_0058_0020_C,102.95,2,9.1476,2060,23442520.127650004,117.62799128888888,39.96386984444444,Hebei
P0088,WC_0059_0015_F,96.46,1,8.823,2060,24077990.399399996,119.906331,31.112822777777776,Zhejiang
P0091,WC_0056_0012_H,50.63,1,6.5315,2060,41662744.10640003,113.56754175384616,24.69749064615385,Guangdong
P0092,WC_0057_0013_F,101.84,1,9.0919,2060,42875883.089999996,114.79901501111112,27.92697431111111,Jiangxi
P0094,WC_0058_0011_G,43.65,1,6.1824,2060,14930006.237999998,117.65712922941177,23.87389818235294,Fujian
P0095,WC_0058_0015_E,105.88,1,9.294,2060,30669783.350820005,117.48208799999998,31.780410714285715,Anhui
P0096,WC_0058_0012_H,58.57,1,6.9284,2060,62263773.31757499,116.39166080000004,24.39771004,Guangdong
P0099,WC_0052_0014_F,58.57,1,6.9286,2060,18938354.55999999,105.03624913333331,29.5345342,Sichuan
P0100,WC_0058_0014_F,67.52,1,7.3761,2060,29379486.650399994,117.10249263333333,28.3432053,Jiangxi
P0102,WC_0055_0014_F,78.73,1,7.9363,2060,10112985.645839998,111.3662008,29.594144733333334,Hunan
P0105,WC_0062_0020_A,137.61,1,10.8807,2060,7809041.633900001,124.23231075,39.97204075,Liaoning
P0109,WC_0053_0017_D,72.19,1,7.6094,2060,19006912.458600014,107.89730960769232,35.14298256153846,Shaanxi
P0110,WC_0052_0012_H,35.76,1,5.7882,2060,101860740.28111655,104.76878606666668,25.310301483333333,Guizhou
P0111,WC_0055_0011_H,117.76,1,9.8882,2060,2467267.3298000037,109.99253175,22.4336885,Guangxi
P0113,WC_0058_0021_C,50.45,1,6.5227,2060,3407759.3171147117,116.21173066666664,42.22019666666666,Inner Mongolia
P0113,WC_0057_0021_K,119.23,2,9.9614,2060,11115515.80148755,116.21173066666664,42.22019666666666,Inner Mongolia
P0113,WC_0058_0021_A,132.52,3,10.6262,2060,8364758.935471903,116.21173066666664,42.22019666666666,Inner Mongolia
P0113,WC_0058_0021_K,145.78,4,11.2889,2060,4081278.2208402734,116.21173066666664,42.22019666666666,Inner Mongolia
P0113,WC_0057_0020_K,152.21,5,11.6103,2060,7974538.283706786,116.21173066666664,42.22019666666666,Inner Mongolia
P0113,WC_0058_0020_C,175.62,6,12.7808,2060,1180709.3613787768,116.21173066666664,42.22019666666666,Inner Mongolia
P0114,WC_0054_0010_H,76.42,1,7.8211,2060,4018130.5163999996,109.61024596666668,21.59652003333333,Guangxi
P0116,WC_0061_0020_A,95.89,1,8.7947,2060,859936.6654099996,122.04982786666666,41.17928143333334,Liaoning
P0117,WC_0056_0016_F,63.02,1,7.151,2060,17316490.611679997,112.59986043333332,33.21598703333334,Henan
P0118,WC_0061_0020_A,115.92,2,9.7959,2060,35694221.525919996,123.71805184166664,41.817224116666665,Liaoning
P0120,WC_0059_0024_A,67.79,1,7.3896,2060,8109189.315235022,119.81555575,48.5947915,Inner Mongolia
P0124,WC_0056_0017_E,20.31,1,5.0156,2060,26177051.73908963,113.31786984347823,34.562298121739126,Henan
P0124,WC_0056_0017_D,94.16,2,8.708,2060,25861893.53938117,113.31786984347823,34.562298121739126,Henan
P0124,WC_0056_0017_C,99.96,3,8.9982,2060,8155572.563247855,113.31786984347823,34.562298121739126,Henan
P0124,WC_0056_0016_E,151.79,5,11.5894,2060,1374889.1630113248,113.31786984347823,34.562298121739126,Henan
P0128,WC_0039_0018_K,98.36,1,8.9181,2060,2829278.13351807,79.94897945,37.21687335,Xinjiang
P0128,WC_0040_0018_K,116.58,2,9.8291,2060,1372537.260801229,79.94897945,37.21687335,Xinjiang
P0132,WC_0061_0022_A,43.03,1,6.1515,2060,7784172.5016399985,122.82737375,45.5797501,Jilin
P0133,WC_0058_0016_E,92.05,1,8.6025,2060,42139337.23562238,116.06149366666666,32.906693999999995,Anhui
P0135,WC_0060_0020_A,55.85,1,6.7923,2060,4674770.354999998,120.3721705,41.560774,Liaoning
P0136,WC_0061_0022_A,124.45,1,10.2223,2060,8241045.085952919,122.04553733333334,46.07332433333334,Inner Mongolia
P0136,WC_0060_0023_A,126.72,4,10.3361,2060,10344309.61404708,122.04553733333334,46.07332433333334,Inner Mongolia
P0138,WC_0063_0020_A,66.78,1,7.3388,2060,10045039.319999998,126.1607947,41.841904666666665,Jilin
P0139,WC_0064_0022_A,70.75,1,7.5376,2060,8992276.176487498,129.6441606666667,44.627998,Heilongjiang
P0142,WC_0060_0016_F,87.45,1,8.3723,2060,630930.8411000008,121.67171711111112,32.064600444444444,Jiangsu
P0143,WC_0051_0011_H,42.35,1,6.1177,2060,10043228.962356497,103.20416861428572,23.831920442857147,Yunnan
P0143,WC_0051_0012_H,96.8,2,8.84,2060,13152156.037643496,103.20416861428572,23.831920442857147,Yunnan
P0144,WC_0056_0018_D,106.82,1,9.3409,2060,4516445.519251036,113.53523736363633,37.83865712727273,Shanxi
P0144,WC_0056_0019_C,125.67,3,10.2833,2060,24625539.54449134,113.53523736363633,37.83865712727273,Shanxi
P0145,WC_0060_0019_A,96.14,2,8.8071,2060,2303433.867175122,122.111451375,40.336695375000005,Liaoning
P0145,WC_0061_0020_A,104.17,3,9.2085,2060,12495883.519744871,122.111451375,40.336695375000005,Liaoning
P0149,WC_0054_0018_D,128.66,2,10.4328,2060,12936972.683222186,109.11732799999996,35.73940914285714,Shaanxi
P0150,WC_0053_0013_F,7.33,1,4.3667,2060,1536209.031000011,107.028961,27.13609633333333,Guizhou
P0153,WC_0065_0023_A,43.11,1,6.1554,2060,6163079.8926593065,130.29474041818182,47.05959753636363,Heilongjiang
P0153,WC_0064_0023_A,97.03,2,8.8515,2060,18935745.53296571,130.29474041818182,47.05959753636363,Heilongjiang
P0155,WC_0056_0018_D,51.81,2,6.5906,2060,5130194.822744998,113.0482917,36.9563088,Shanxi
P0156,WC_0051_0012_J,22.35,1,5.1176,2060,6216363.179999998,102.3335597,25.0149171,Yunnan
P0157,WC_0052_0013_H,90.87,1,8.5437,2060,13639583.87740681,105.61257831999998,26.32126902000001,Guizhou
P0157,WC_0052_0013_F,99.16,2,8.9581,2060,26766447.70675352,105.61257831999998,26.32126902000001,Guizhou
P0158,WC_0053_0011_H,80.15,1,8.0077,2060,7199962.435574999,106.45162566666669,23.29812266666666,Guangxi
P0159,WC_0059_0012_G,76.32,1,7.816,2060,4519018.013839998,118.63520546666663,24.687213566666667,Fujian
P0160,WC_0056_0015_F,109.42,1,9.4712,2060,30149775.055919997,112.36138973333333,30.151720266666665,Hubei
P0161,WC_0059_0014_G,23.32,1,5.1658,2060,11036350.331249999,118.8811483,28.9022094,Zhejiang
P0162,WC_0058_0017_E,89.9,2,8.4948,2060,5204029.54407,117.7606535,35.409393550000004,Shandong
P0164,WC_0056_0014_F,39.11,1,5.9556,2060,5768209.670399999,112.9124966,28.5953512,Hunan
P0166,WC_0053_0011_H,81.46,1,8.0732,2060,14000550.352880001,106.9209267,23.73388806,Guangxi
P0169,WC_0052_0013_F,27.3,1,5.3648,2060,16459382.474999998,105.49295496666667,27.159312466666663,Guizhou
P0171,WC_0054_0017_D,65.92,1,7.2959,2060,39265323.94384935,108.8980685142857,34.31278957142858,Shaanxi
P0171,WC_0054_0016_F,157.75,2,11.8877,2060,3943033.1736506545,108.8980685142857,34.31278957142858,Shaanxi
P0172,WC_0052_0015_F,93.82,1,8.6911,2060,55499572.01644004,104.81546613333336,31.82574306666667,Sichuan
P0174,WC_0056_0018_C,56.25,1,6.8126,2060,23843385.245470453,113.02755668571427,36.34547512380952,Shanxi
P0174,WC_0056_0017_C,113.86,3,9.693,2060,1482100.06552954,113.02755668571427,36.34547512380952,Shanxi
P0175,WC_0054_0013_F,29.15,1,5.4576,2060,19751258.97,108.8925723,27.2103544,Guizhou
P0176,WC_0056_0016_F,95.68,1,8.784,2060,16165840.665700678,112.16024828,31.92788278,Hubei
P0177,WC_0061_0021_A,88.56,1,8.4278,2060,22133211.318339996,123.4633255,43.5282178,Jilin
P0178,WC_0054_0018_D,47.72,1,6.3859,2060,2264915.8,109.52639,36.7187265,Shaanxi
P0181,WC_0040_0022_K,68.93,1,7.4465,2060,12400949.24824525,81.232426,43.9809660952381,Xinjiang
P0181,WC_0040_0021_K,103.11,2,9.1555,2060,18422169.74360323,81.232426,43.9809660952381,Xinjiang
P0181,WC_0041_0022_K,166.14,4,12.307,2060,4948055.258765824,81.232426,43.9809660952381,Xinjiang
P0182,WC_0058_0014_F,126.47,1,10.3236,2060,13541836.913999999,116.15259249090909,29.75556527272727,Jiangxi
P0183,WC_0043_0023_K,48.87,1,6.4437,2060,3296023.32600002,87.7296623,47.28983,Xinjiang
P0185,WC_0053_0013_F,104.32,1,9.2158,2060,13838983.274999999,106.9379912,28.00455835,Guizhou
P0187,WC_0060_0021_A,94.74,1,8.7368,2060,2326062.4500000146,121.331659,43.585098,Inner Mongolia
P0188,WC_0046_0022_K,9.96,1,4.498,2060,2698633.2759853485,92.926001,44.53792,Xinjiang
P0188,WC_0047_0022_K,133.44,2,10.6721,2060,128053.23438873023,92.926001,44.53792,Xinjiang
P0188,WC_0046_0021_K,134.04,3,10.7021,2060,5576947.730918819,92.926001,44.53792,Xinjiang
P0188,WC_0045_0022_K,176.04,4,12.8019,2060,3983259.740105363,92.926001,44.53792,Xinjiang
P0189,WC_0051_0012_H,49.97,1,6.4986,2060,10360605.300000109,103.0278556,24.9631234,Yunnan
P0190,WC_0059_0016_E,26.69,1,5.3343,2060,47157737.199999996,119.00320116666668,33.51324183333334,Jiangsu
P0191,WC_0055_0013_F,70.59,1,7.5295,2060,2151217.278,111.492692,26.56672,Hunan
P0192,WC_0054_0018_D,103.33,1,9.1664,2060,6236075.1276,108.98365166666666,37.822902,Shaanxi
P0193,WC_0054_0011_H,17.02,1,4.8509,2060,7180814.719260001,108.93004633333334,22.806623733333332,Guangxi
P0194,WC_0053_0016_F,100.54,1,9.0272,2060,12571848.299999999,106.141932,33.346156,Shaanxi
P0195,WC_0053_0015_F,55.58,1,6.7792,2060,6929507.159999997,107.491416,31.324767,Sichuan
P0197,WC_0058_0013_G,58.52,1,6.926,2060,2676860.6303999997,117.4607848,27.3866923,Fujian
P0198,WC_0052_0017_D,53.2,1,6.6601,2060,1144766.304000001,105.1007823,34.7548032,Gansu
P0199,WC_0058_0021_K,42.44,1,6.1218,2060,3023881.1849999996,116.786405,43.063974,Inner Mongolia
P0200,WC_0038_0019_K,82.67,1,8.1334,2060,5812749.813206936,76.0498524,39.4815702,Xinjiang
P0200,WC_0037_0019_K,89.78,2,8.4889,2060,13105354.306447456,76.0498524,39.4815702,Xinjiang
P0200,WC_0037_0020_K,116.31,3,9.8155,2060,4755975.327612186,76.0498524,39.4815702,Xinjiang
P0200,WC_0038_0020_K,134.57,4,10.7286,2060,5887006.218243379,76.0498524,39.4815702,Xinjiang
P0200,WC_0036_0019_K,199.37,5,13.9687,2060,1533813.9694425026,76.0498524,39.4815702,Xinjiang
P0201,WC_0063_0023_A,36.61,1,5.8305,2060,2380163.625,127.035146,46.658416,Heilongjiang
P0202,WC_0057_0013_F,1.62,1,4.0811,2060,5727275.735039999,115.02031085,27.04720645,Jiangxi
P0203,WC_0059_0024_A,52.68,1,6.6338,2060,2100188.2934772354,119.7869442,49.2971288,Inner Mongolia
P0204,WC_0064_0023_A,81.79,1,8.0895,2060,2380163.6250000037,128.750564,47.738549,Heilongjiang
P0206,WC_0055_0016_F,35.24,1,5.7619,2060,7289503.619999999,110.737906,32.683566,Hubei
P0207,WC_0043_0022_K,88.82,1,8.4409,2060,8648204.823950633,86.14399902857143,44.38875934285716,Xinjiang
P0207,WC_0042_0022_K,101.84,2,9.0918,2060,8096437.039602146,86.14399902857143,44.38875934285716,Xinjiang
P0207,WC_0043_0021_K,144.45,3,11.2225,2060,10711019.951514205,86.14399902857143,44.38875934285716,Xinjiang
P0207,WC_0042_0021_K,161.13,4,12.0567,2060,10189020.45939205,86.14399902857143,44.38875934285716,Xinjiang
P0208,WC_0050_0013_F,63.14,1,7.1571,2060,3811228.937999998,101.504877,26.600634,Sichuan
P0209,WC_0059_0014_G,47.2,1,6.3599,2060,12985813.8,119.5068449,29.1866175,Zhejiang
P0210,WC_0059_0015_F,9.09,1,4.4546,2060,5739683.0832,118.865,30.86956,Anhui
P0213,WC_0057_0015_F,73.72,1,7.6859,2060,9023521.513360042,115.22746642857145,30.139824142857144,Hubei
P0216,WC_0063_0024_A,87.92,1,8.3962,2060,804055.2749999998,126.5290168,48.2323268,Heilongjiang
P0217,WC_0054_0009_H,76.34,1,7.8169,2060,6335160.824999999,109.18408,19.772636,Hainan
P0218,WC_0056_0015_F,74.6,1,7.7299,2060,8668468.139759999,112.2396082,31.04729105,Hubei
P0219,WC_0062_0022_A,33.13,1,5.6564,2060,3132140.7118500024,124.713103425,45.18673232500001,Jilin
P0220,WC_0057_0019_C,96.96,1,8.8479,2060,6118871.762839131,114.636465,39.812212,Hebei
P0220,WC_0056_0020_C,110.66,2,9.5332,2060,2402308.9051608695,114.636465,39.812212,Hebei
P0222,WC_0058_0013_F,57.55,1,6.8776,2060,27626054.4,116.5644289,27.7844943,Jiangxi
P0224,WC_0040_0020_K,40.69,1,6.0343,2060,7233396.151542548,80.284606,41.116463,Xinjiang
P0224,WC_0039_0020_K,99.02,2,8.9509,2060,9081148.875113629,80.284606,41.116463,Xinjiang
P0225,WC_0066_0023_A,92.32,2,8.616,2060,14689009.8,132.54726,46.250035,Heilongjiang
P0226,WC_0058_0015_E,14.36,1,4.7178,2060,19440862.056,116.491363,31.656523,Anhui
P0228,WC_0061_0019_A,60.49,1,7.0243,2060,7190494.931526107,123.2061971,39.6759023,Liaoning
P0228,WC_0061_0020_A,133.68,3,10.684,2060,4892022.409861819,123.2061971,39.6759023,Liaoning
P0230,WC_0057_0021_K,76.94,1,7.8472,2060,1278324.0506581066,115.1452,43.5503,Inner Mongolia
P0231,WC_0058_0012_G,25.71,1,5.2853,2060,8771953.44,117.27690395,25.2826263,Fujian
P0232,WC_0059_0021_A,87.69,1,8.3846,2060,1388693.9999999998,118.711438,43.589584,Inner Mongolia
P0234,WC_0056_0013_F,36.52,1,5.8259,2060,541847.9609999999,112.643208,26.99216,Hunan
P0237,WC_0057_0012_F,55.39,1,6.7697,2060,19989916.970399994,115.10297395,25.92432775,Jiangxi
P0238,WC_0052_0016_F,72.39,1,7.6195,2060,2872929.999999999,105.57982345,32.331679699999995,Sichuan
P0239,WC_0053_0013_F,76.25,1,7.8127,2060,40032381.186341524,106.45517692,27.52040356,Guizhou
P0241,WC_0055_0012_H,122.54,1,10.1271,2060,2658716.9699999993,111.693474,23.985332,Guangxi
P0242,WC_0045_0022_K,50.58,1,6.529,2060,2697791.990039273,90.22066,44.50694375,Xinjiang
P0242,WC_0044_0022_K,105.98,2,9.299,2060,10202929.155861525,90.22066,44.50694375,Xinjiang
P0242,WC_0045_0021_K,119.79,3,9.9896,2060,1687223.2504528908,90.22066,44.50694375,Xinjiang
P0242,WC_0044_0021_K,169.06,4,12.453,2060,1056609.2315962852,90.22066,44.50694375,Xinjiang
P0245,WC_0055_0015_F,75.99,1,7.7993,2060,14942465.210763995,111.494179,30.3951102,Hubei
P0249,WC_0051_0018_D,15.09,1,4.7544,2060,5796102.120000013,102.86741,36.519356,Gansu
P0250,WC_0048_0020_K,82.1,1,8.1048,2060,758663.1248506876,97.359004,40.208093,Gansu
P0252,WC_0055_0012_H,55.96,1,6.7982,2060,2623047.2268,111.34667,24.73609,Guangxi
P0253,WC_0053_0011_H,46.34,1,6.3168,2060,4983789.73092,107.502443,23.339667,Guangxi
P0254,WC_0056_0013_F,119.39,1,9.9694,2060,9116597.951999998,114.005752,27.641968,Jiangxi
P0255,WC_0058_0015_F,30.61,1,5.5303,2060,13258710.00198,117.05617661538456,30.56392938461539,Anhui
P0256,WC_0064_0023_A,72.22,1,7.611,2060,817656.2099999998,128.065134,46.980043,Heilongjiang
P0257,WC_0061_0021_A,68.67,1,7.4336,2060,837382.4820000026,122.390042,42.970016,Inner Mongolia
P0258,WC_0042_0020_K,87.2,1,8.3599,2060,1825329.963332977,84.003586,41.821533,Xinjiang
P0258,WC_0041_0021_K,182.89,4,13.1447,2060,11183849.996667022,84.003586,41.821533,Xinjiang
P0260,WC_0053_0018_D,103.1,1,9.1552,2060,4216619.11363,106.291944,36.044444,Ningxia
P0262,WC_0053_0013_H,68.77,1,7.4387,2060,10547106.779999997,107.5423551,26.6304173,Guizhou
P0263,WC_0053_0017_D,122.04,2,10.102,2060,1132457.9,108.118848,34.258855,Shaanxi
P0264,WC_0052_0015_F,55.02,1,6.7512,2060,21098797.92000002,104.5803369,30.7056052,Sichuan
P0265,WC_0051_0018_K,38.86,1,5.943,2060,8550165.230264278,102.685854,37.901104,Gansu
P0266,WC_0062_0025_A,81.42,1,8.0711,2060,2170949.2424999992,124.169753,50.427253,Heilongjiang
P0267,WC_0056_0014_F,115.12,1,9.756,2060,7460941.70632,113.87296000000002,29.665230000000005,Hubei
P0268,WC_0059_0020_A,43.87,1,6.1933,2060,1046728.1024999999,119.341125,41.560504,Inner Mongolia
P0270,WC_0043_0023_K,83.36,1,8.1678,2060,6555011.721938448,86.5936,46.6088,Xinjiang
P0271,WC_0056_0012_F,49.37,1,6.4686,2060,6701084.729999998,113.06552,25.25886,Guangdong
P0272,WC_0047_0018_K,79.91,1,7.9956,2060,1564958.4070094891,94.883333,36.416667,Qinghai
P0272,WC_0047_0017_K,101.28,2,9.0642,2060,1112134.4524316597,94.883333,36.416667,Qinghai
P0272,WC_0046_0018_K,173.97,3,12.6983,2060,1963778.1776444793,94.883333,36.416667,Qinghai
P0272,WC_0046_0017_K,196.22,4,13.8111,2060,8969030.664527882,94.883333,36.416667,Qinghai
P0273,WC_0058_0013_G,96.04,1,8.8018,2060,4385976.72,117.37926,26.00357,Fujian
P0277,WC_0054_0012_H,87.19,1,8.3596,2060,2658716.9699999993,109.6934879,24.4560027,Guangxi
P0278,WC_0054_0019_D,34.33,1,5.7167,2060,8160485.17019593,109.4795544,39.0850986,Inner Mongolia
P0278,WC_0055_0019_D,138.5,2,10.9248,2060,84607.71600405614,109.4795544,39.0850986,Inner Mongolia
P0279,WC_0054_0011_H,81.46,1,8.0728,2060,5614681.799999999,109.7658333,23.1119444,Guangxi
P0280,WC_0058_0016_E,62.15,1,7.1074,2060,9720431.028,117.6878713,32.9337496,Anhui
P0281,WC_0042_0023_K,154.13,2,11.7063,2060,9273187.742132312,85.0218233,45.54546385,Xinjiang
P0281,WC_0041_0023_K,168.26,4,12.4128,2060,7119929.827862272,85.0218233,45.54546385,Xinjiang
P0281,WC_0041_0022_K,182.41,5,13.1204,2060,1639575.121500145,85.0218233,45.54546385,Xinjiang
P0283,WC_0056_0015_F,89.76,1,8.4881,2060,3927406.0320000006,113.522017,31.640073,Hubei
P0284,WC_0059_0018_C,49.58,1,6.4789,2060,1669935.4283625875,117.91056765294118,38.10652717647059,Shandong
P0284,WC_0059_0018_D,83.62,2,8.181,2060,905869.7509923617,117.91056765294118,38.10652717647059,Shandong
P0284,WC_0058_0019_C,129.57,3,10.4786,2060,33131627.30419026,117.91056765294118,38.10652717647059,Shandong
P0284,WC_0058_0018_C,135.6,4,10.7802,2060,3915890.739244778,117.91056765294118,38.10652717647059,Shandong
P0284,WC_0058_0018_E,155.64,5,11.7822,2060,11475810.834879924,117.91056765294118,38.10652717647059,Shandong
P0285,WC_0052_0013_H,97.57,1,8.8787,2060,12432726.36000018,104.0667928,25.6622058,Yunnan
P0286,WC_0057_0014_F,88.76,1,8.4381,2060,10770872.399999999,115.9378971,28.81613945,Jiangxi
P0289,WC_0060_0024_A,33.21,1,5.6603,2060,4006833.5155499997,120.835657,49.283636,Inner Mongolia
P0290,WC_0053_0014_F,109.42,1,9.4709,2060,37062271.184999995,106.24904266666664,28.29239933333333,Guizhou
P0292,WC_0054_0015_F,60.19,1,7.0093,2060,12074192.699999997,108.456944,31.269167,Chongqing
P0293,WC_0052_0014_F,81.09,1,8.0543,2060,4024730.9,105.85501600000002,29.0363,Chongqing
P0294,WC_0058_0014_F,26.41,1,5.3203,2060,5383134.028799998,117.08502,29.18719,Jiangxi
P0295,WC_0056_0011_H,10.45,1,4.5227,2060,32803601.710087497,112.89723415555557,23.012968666666666,Guangdong
P0296,WC_0057_0016_E,122.65,1,10.1324,2060,22474887.312799998,114.140877,32.109018,Henan
P0297,WC_0059_0014_F,44.26,1,6.2132,2060,27735681.599999998,117.857259,28.28488,Jiangxi
P0299,WC_0060_0019_A,42.93,1,6.1464,2060,3726979.3859999985,121.254736,39.574197000000005,Liaoning
P0300,WC_0053_0011_H,71.78,1,7.5889,2060,1969557.5220272765,107.555455,22.494869,Guangxi
P0301,WC_0059_0015_F,71.32,1,7.5661,2060,768863.662890389,119.303398,31.487864,Jiangsu
P0302,WC_0041_0020_K,94.83,1,8.7417,2060,7891677.952134758,81.66835,41.720435,Xinjiang
P0302,WC_0040_0021_K,153.23,3,11.6613,2060,4523105.16494876,81.66835,41.720435,Xinjiang
P0302,WC_0041_0021_K,190.03,4,13.5016,2060,594396.8429164795,81.66835,41.720435,Xinjiang
P0303,WC_0056_0016_E,69.52,1,7.4758,2060,10816618.02,114.0485942,32.9569897,Henan
P0304,WC_0050_0021_K,37.46,1,5.8731,2060,172325.65410195515,101.042068,41.913656,Inner Mongolia
P0304,WC_0050_0020_K,130.95,2,10.5474,2060,1141240.631072817,101.042068,41.913656,Inner Mongolia
P0305,WC_0058_0022_K,59.44,1,6.9718,2060,3584331.7702287547,117.630486,44.562956,Inner Mongolia
P0306,WC_0054_0020_D,114.0,2,9.7,2060,1374807.0600000015,109.115512,39.91998,Inner Mongolia
P0307,WC_0056_0014_F,41.63,1,6.0814,2060,4097556.72,113.465393,28.935746,Hunan
P0308,WC_0050_0018_D,28.49,1,5.4244,2060,4643232.524999999,100.9098322,36.974299,Qinghai
P0309,WC_0060_0022_A,36.44,1,5.8221,2060,3224084.5700000054,121.41631999999998,44.97107,Inner Mongolia
P0310,WC_0055_0016_F,130.06,1,10.5028,2060,3444342.0000000056,110.0629,33.807099,Shaanxi
P0311,WC_0055_0014_F,67.69,1,7.3845,2060,1352193.7175999999,111.7,29.031,Hunan
P0314,WC_0056_0020_D,47.54,1,6.3768,2060,2152475.6999999993,112.162201,40.27631,Inner Mongolia
P0316,WC_0054_0015_F,47.26,1,6.3632,2060,20244947.759999998,109.447256,31.118822,Chongqing
P0317,WC_0059_0016_E,85.6,1,8.2799,2060,3129160.4189999998,118.36866000000002,33.839984,Jiangsu
P0318,WC_0062_0021_A,66.6,1,7.3298,2060,4603976.3549999995,124.4014418,43.15431715,Jilin
P0320,WC_0053_0012_H,51.8,1,6.5901,2060,3291876.494999999,107.489232,25.226875,Guizhou
P0321,WC_0062_0021_A,4.38,1,4.2191,2060,5524771.625999999,125.1600082,42.8720236,Jilin
P0323,WC_0055_0016_D,75.09,1,7.7545,2060,4815720.065101012,111.90004,33.086416,Henan
P0323,WC_0055_0016_F,87.44,2,8.372,2060,34594111.40813959,111.90004,33.086416,Henan
P0324,WC_0053_0017_D,59.01,1,6.9506,2060,16962225.7986,107.237001675,34.46888477500001,Shaanxi
P0325,WC_0060_0015_G,2.77,1,4.1386,2060,23211187.32825,120.717248,30.22652,Zhejiang
P0327,WC_0054_0015_F,74.24,1,7.7119,2060,42927140.233119994,108.333304,30.60260700000001,Chongqing
P0328,WC_0061_0021_A,131.31,1,10.5653,2060,8018377.895081384,122.1535206,43.6713737,Inner Mongolia
P0328,WC_0060_0021_A,136.91,2,10.8456,2060,19518872.03624433,122.1535206,43.6713737,Inner Mongolia
P0328,WC_0060_0022_A,188.63,3,13.4316,2060,17980112.176074456,122.1535206,43.6713737,Inner Mongolia
P0332,WC_0057_0019_C,52.67,1,6.6337,2060,18957598.13376004,114.8433969,38.5122064,Hebei
P0333,WC_0057_0011_H,37.19,1,5.8595,2060,6201030.45098401,114.640278,23.567222,Guangdong
P0334,WC_0057_0019_C,110.65,2,9.5323,2060,8318564.606428582,115.999182,39.563323,Hebei
P0335,WC_0057_0015_F,42.47,1,6.1237,2060,9701486.314400077,114.8921871,31.1420662,Hubei
P0336,WC_0059_0023_K,35.38,1,5.7691,2060,2893112.500000004,119.106454,45.955947,Inner Mongolia
P0337,WC_0052_0012_H,79.99,1,7.9996,2060,6152478.954999999,105.776871,25.377552,Guizhou
P0338,WC_0055_0012_H,84.39,1,8.2194,2060,4095414.9599999995,110.06851,25.10107,Guangxi
P0340,WC_0059_0021_A,62.6,1,7.1299,2060,23025472.316,119.0763143846154,42.26995515384616,Inner Mongolia
P0342,WC_0060_0014_G,68.3,1,7.415,2060,6971166.783539999,121.5744765125,28.854719537500003,Zhejiang
P0343,WC_0056_0014_F,83.61,1,8.1803,2060,9943127.74427833,112.2686111,28.596666700000004,Hunan
P0344,WC_0044_0018_K,136.1,1,10.8049,2060,1661535.2398283766,88.181922,37.876453,Xinjiang
P0344,WC_0043_0018_K,148.52,2,11.4261,2060,1322739.9080851611,88.181922,37.876453,Xinjiang
P0344,WC_0043_0019_K,154.11,3,11.7056,2060,791492.5960221124,88.181922,37.876453,Xinjiang
P0344,WC_0044_0019_K,178.81,4,12.9405,2060,919000.1955397886,88.181922,37.876453,Xinjiang
P0345,WC_0051_0019_K,43.67,1,6.1837,2060,11133579.548242472,102.473117,38.949575,Gansu
P0345,WC_0050_0019_K,139.15,2,10.9573,2060,1642903.558703832,102.473117,38.949575,Gansu
P0348,WC_0059_0016_F,14.39,1,4.7193,2060,54298667.92297499,118.86002289473684,32.23087336842106,Jiangsu
P0350,WC_0055_0011_H,35.56,1,5.7779,2060,1438349.3669999999,110.943891,23.290635,Guangxi
