year,plant_id,province_name,pathway,share,annual_generation_mwh,baseline_emissions_mt,abatement_mt,captured_mt,enabled
2030,P0001,Fujian,unabated,1.0,62847212.0,51.534713839999995,0.0,0.0,True
2030,P0001,Fujian,retire,0.0,0.0,0.0,0.0,0.0,True
2030,P0001,Fujian,ccs,0.0,0.0,0.0,0.0,0.0,True
2030,P0001,Fujian,biomass,0.0,0.0,0.0,0.0,0.0,True
2030,P0001,Fujian,beccs,0.0,0.0,0.0,0.0,0.0,True
2030,P0001,Fujian,ammonia,0.0,0.0,0.0,0.0,0.0,True
2030,P0002,Shanxi,unabated,1.0,64951884.99999999,53.26054569999999,0.0,0.0,True
2030,P0002,Shanxi,retire,0.0,0.0,0.0,0.0,0.0,True
2030,P0002,Shanxi,ccs,0.0,0.0,0.0,0.0,0.0,True
2030,P0002,Shanxi,biomass,0.0,0.0,0.0,0.0,0.0,True
2030,P0002,Shanxi,beccs,0.0,0.0,0.0,0.0,0.0,True
2030,P0002,Shanxi,ammonia,0.0,0.0,0.0,0.0,0.0,True
2030,P0003,Chongqing,unabated,1.0,32432763.0,26.59486566,0.0,0.0,True
2030,P0003,Chongqing,retire,0.0,0.0,0.0,0.0,0.0,True
2030,P0003,Chongqing,ccs,0.0,0.0,0.0,0.0,0.0,True
2030,P0003,Chongqing,biomass,0.0,0.0,0.0,0.0,0.0,True
2030,P0003,Chongqing,beccs,0.0,0.0,0.0,0.0,0.0,True
2030,P0003,Chongqing,ammonia,0.0,0.0,0.0,0.0,0.0,True
2030,P0004,Inner Mongolia,unabated,1.0,10868040.0,8.911792799999999,0.0,0.0,True
2030,P0004,Inner Mongolia,retire,0.0,0.0,0.0,0.0,0.0,True
2030,P0004,Inner Mongolia,ccs,0.0,0.0,0.0,0.0,0.0,True
2030,P0004,Inner Mongolia,biomass,0.0,0.0,0.0,0.0,0.0,True
2030,P0004,Inner Mongolia,beccs,0.0,0.0,0.0,0.0,0.0,True
2030,P0004,Inner Mongolia,ammonia,0.0,0.0,0.0,0.0,0.0,True
2030,P0005,Sichuan,unabated,1.0,18811445.999999996,15.425385719999998,0.0,0.0,True
2030,P0005,Sichuan,retire,0.0,0.0,0.0,0.0,0.0,True
2030,P0005,Sichuan,ccs,0.0,0.0,0.0,0.0,0.0,True
2030,P0005,Sichuan,biomass,0.0,0.0,0.0,0.0,0.0,True
2030,P0005,Sichuan,beccs,0.0,0.0,0.0,0.0,0.0,True
2030,P0005,Sichuan,ammonia,0.0,0.0,0.0,0.0,0.0,True
2030,P0006,Hebei,unabated,1.0,22899214.0,18.77735548,0.0,0.0,True
2030,P0006,Hebei,retire,0.0,0.0,0.0,0.0,0.0,True
2030,P0006,Hebei,ccs,0.0,0.0,0.0,0.0,0.0,True
2030,P0006,Hebei,biomass,0.0,0.0,0.0,0.0,0.0,True
2030,P0006,Hebei,beccs,0.0,0.0,0.0,0.0,0.0,True
2030,P0006,Hebei,ammonia,0.0,0.0,0.0,0.0,0.0,True
2030,P0007,Hebei,unabated,1.0,38741549.6,31.768070671999997,0.0,0.0,True
2030,P0007,Hebei,retire,0.0,0.0,0.0,0.0,0.0,True
2030,P0007,Hebei,ccs,0.0,0.0,0.0,0.0,0.0,True
2030,P0007,Hebei,biomass,0.0,0.0,0.0,0.0,0.0,True
2030,P0007,Hebei,beccs,0.0,0.0,0.0,0.0,0.0,True
2030,P0007,Hebei,ammonia,0.0,0.0,0.0,0.0,0.0,True
2030,P0008,Shandong,unabated,1.0,11931969.600000001,9.784215072,0.0,0.0,True
2030,P0008,Shandong,retire,0.0,0.0,0.0,0.0,0.0,True
2030,P0008,Shandong,ccs,0.0,0.0,0.0,0.0,0.0,True
2030,P0008,Shandong,biomass,0.0,0.0,0.0,0.0,0.0,True
2030,P0008,Shandong,beccs,0.0,0.0,0.0,0.0,0.0,True
2030,P0008,Shandong,ammonia,0.0,0.0,0.0,0.0,0.0,True
2030,P0009,Inner Mongolia,unabated,1.0,107372210.0,88.0452122,0.0,0.0,True
2030,P0009,Inner Mongolia,retire,0.0,0.0,0.0,0.0,0.0,True
2030,P0009,Inner Mongolia,ccs,0.0,0.0,0.0,0.0,0.0,True
2030,P0009,Inner Mongolia,biomass,0.0,0.0,0.0,0.0,0.0,True
2030,P0009,Inner Mongolia,beccs,0.0,0.0,0.0,0.0,0.0,True
2030,P0009,Inner Mongolia,ammonia,0.0,0.0,0.0,0.0,0.0,True
2030,P0010,Yunnan,unabated,1.0,16673783.999999998,13.672502879999998,0.0,0.0,True
2030,P0010,Yunnan,retire,0.0,0.0,0.0,0.0,0.0,True
2030,P0010,Yunnan,ccs,0.0,0.0,0.0,0.0,0.0,True
2030,P0010,Yunnan,biomass,0.0,0.0,0.0,0.0,0.0,True
2030,P0010,Yunnan,beccs,0.0,0.0,0.0,0.0,0.0,True
2030,P0010,Yunnan,ammonia,0.0,0.0,0.0,0.0,0.0,True
2030,P0011,Guangdong,unabated,1.0,41214401.0,33.79580882,0.0,0.0,True
2030,P0011,Guangdong,retire,0.0,0.0,0.0,0.0,0.0,True
2030,P0011,Guangdong,ccs,0.0,0.0,0.0,0.0,0.0,True
2030,P0011,Guangdong,biomass,0.0,0.0,0.0,0.0,0.0,True
2030,P0011,Guangdong,beccs,0.0,0.0,0.0,0.0,0.0,True
2030,P0011,Guangdong,ammonia,0.0,0.0,0.0,0.0,0.0,True
2030,P0012,Liaoning,unabated,1.0,17363920.0,14.238414399999998,0.0,0.0,True
2030,P0012,Liaoning,retire,0.0,0.0,0.0,0.0,0.0,True
2030,P0012,Liaoning,ccs,0.0,0.0,0.0,0.0,0.0,True
2030,P0012,Liaoning,biomass,0.0,0.0,0.0,0.0,0.0,True
2030,P0012,Liaoning,beccs,0.0,0.0,0.0,0.0,0.0,True
2030,P0012,Liaoning,ammonia,0.0,0.0,0.0,0.0,0.0,True
2030,P0013,Shanxi,unabated,1.0,81340315.0,66.69905829999999,0.0,0.0,True
2030,P0013,Shanxi,retire,0.0,0.0,0.0,0.0,0.0,True
2030,P0013,Shanxi,ccs,0.0,0.0,0.0,0.0,0.0,True
2030,P0013,Shanxi,biomass,0.0,0.0,0.0,0.0,0.0,True
2030,P0013,Shanxi,beccs,0.0,0.0,0.0,0.0,0.0,True
2030,P0013,Shanxi,ammonia,0.0,0.0,0.0,0.0,0.0,True
2030,P0014,Guangdong,unabated,1.0,11885982.0,9.74650524,0.0,0.0,True
2030,P0014,Guangdong,retire,0.0,0.0,0.0,0.0,0.0,True
2030,P0014,Guangdong,ccs,0.0,0.0,0.0,0.0,0.0,True
2030,P0014,Guangdong,biomass,0.0,0.0,0.0,0.0,0.0,True
2030,P0014,Guangdong,beccs,0.0,0.0,0.0,0.0,0.0,True
2030,P0014,Guangdong,ammonia,0.0,0.0,0.0,0.0,0.0,True
2030,P0015,Hunan,unabated,1.0,9884457.0,8.10525474,0.0,0.0,True
2030,P0015,Hunan,retire,0.0,0.0,0.0,0.0,0.0,True
2030,P0015,Hunan,ccs,0.0,0.0,0.0,0.0,0.0,True
2030,P0015,Hunan,biomass,0.0,0.0,0.0,0.0,0.0,True
2030,P0015,Hunan,beccs,0.0,0.0,0.0,0.0,0.0,True
2030,P0015,Hunan,ammonia,0.0,0.0,0.0,0.0,0.0,True
2030,P0016,Hubei,unabated,1.0,31796607.999999996,26.073218559999994,0.0,0.0,True
2030,P0016,Hubei,retire,0.0,0.0,0.0,0.0,0.0,True
2030,P0016,Hubei,ccs,0.0,0.0,0.0,0.0,0.0,True
2030,P0016,Hubei,biomass,0.0,0.0,0.0,0.0,0.0,True
2030,P0016,Hubei,beccs,0.0,0.0,0.0,0.0,0.0,True
2030,P0016,Hubei,ammonia,0.0,0.0,0.0,0.0,0.0,True
2030,P0017,Jiangsu,unabated,1.0,46744460.0,38.3304572,0.0,0.0,True
2030,P0017,Jiangsu,retire,0.0,0.0,0.0,0.0,0.0,True
2030,P0017,Jiangsu,ccs,0.0,0.0,0.0,0.0,0.0,True
2030,P0017,Jiangsu,biomass,0.0,0.0,0.0,0.0,0.0,True
2030,P0017,Jiangsu,beccs,0.0,0.0,0.0,0.0,0.0,True
2030,P0017,Jiangsu,ammonia,0.0,0.0,0.0,0.0,0.0,True
2030,P0018,Jilin,unabated,1.0,3838684.0,3.14772088,0.0,0.0,True
2030,P0018,Jilin,retire,0.0,0.0,0.0,0.0,0.0,True
2030,P0018,Jilin,ccs,0.0,0.0,0.0,0.0,0.0,True
2030,P0018,Jilin,biomass,0.0,0.0,0.0,0.0,0.0,True
2030,P0018,Jilin,beccs,0.0,0.0,0.0,0.0,0.0,True
2030,P0018,Jilin,ammonia,0.0,0.0,0.0,0.0,0.0,True
2030,P0019,Hunan,unabated,1.0,15119703.0,12.39815646,0.0,0.0,True
2030,P0019,Hunan,retire,0.0,0.0,0.0,0.0,0.0,True
2030,P0019,Hunan,ccs,0.0,0.0,0.0,0.0,0.0,True
2030,P0019,Hunan,biomass,0.0,0.0,0.0,0.0,0.0,True
2030,P0019,Hunan,beccs,0.0,0.0,0.0,0.0,0.0,True
2030,P0019,Hunan,ammonia,0.0,0.0,0.0,0.0,0.0,True
2030,P0020,Zhejiang,unabated,1.0,67514054.1,55.36152436199999,0.0,0.0,True
2030,P0020,Zhejiang,retire,0.0,0.0,0.0,0.0,0.0,True
2030,P0020,Zhejiang,ccs,0.0,0.0,0.0,0.0,0.0,True
2030,P0020,Zhejiang,biomass,0.0,0.0,0.0,0.0,0.0,True
2030,P0020,Zhejiang,beccs,0.0,0.0,0.0,0.0,0.0,True
2030,P0020,Zhejiang,ammonia,0.0,0.0,0.0,0.0,0.0,True
2030,P0021,Shandong,unabated,1.0,45246412.50000001,37.102058250000006,0.0,0.0,True
2030,P0021,Shandong,retire,0.0,0.0,0.0,0.0,0.0,True
2030,P0021,Shandong,ccs,0.0,0.0,0.0,0.0,0.0,True
2030,P0021,Shandong,biomass,0.0,0.0,0.0,0.0,0.0,True
2030,P0021,Shandong,beccs,0.0,0.0,0.0,0.0,0.0,True
2030,P0021,Shandong,ammonia,0.0,0.0,0.0,0.0,0.0,True
2030,P0022,Shandong,unabated,1.0,15896209.500000002,13.034891790000001,0.0,0.0,True
2030,P0022,Shandong,retire,0.0,0.0,0.0,0.0,0.0,True
2030,P0022,Shandong,ccs,0.0,0.0,0.0,0.0,0.0,True
2030,P0022,Shandong,biomass,0.0,0.0,0.0,0.0,0.0,True
2030,P0022,Shandong,beccs,0.0,0.0,0.0,0.0,0.0,True
2030,P0022,Shandong,ammonia,0.0,0.0,0.0,0.0,0.0,True
2030,P0023,Henan,unabated,1.0,20013776.0,16.411296319999998,0.0,0.0,True
2030,P0023,Henan,retire,0.0,0.0,0.0,0.0,0.0,True
2030,P0023,Henan,ccs,0.0,0.0,0.0,0.0,0.0,True
2030,P0023,Henan,biomass,0.0,0.0,0.0,0.0,0.0,True
2030,P0023,Henan,beccs,0.0,0.0,0.0,0.0,0.0,True
2030,P0023,Henan,ammonia,0.0,0.0,0.0,0.0,0.0,True
2030,P0024,Chongqing,unabated,1.0,5892071.800000001,4.831498876,0.0,0.0,True
2030,P0024,Chongqing,retire,0.0,0.0,0.0,0.0,0.0,True
2030,P0024,Chongqing,ccs,0.0,0.0,0.0,0.0,0.0,True
2030,P0024,Chongqing,biomass,0.0,0.0,0.0,0.0,0.0,True
2030,P0024,Chongqing,beccs,0.0,0.0,0.0,0.0,0.0,True
2030,P0024,Chongqing,ammonia,0.0,0.0,0.0,0.0,0.0,True
2030,P0025,Jilin,unabated,1.0,15572020.000000002,12.7690564,0.0,0.0,True
2030,P0025,Jilin,retire,0.0,0.0,0.0,0.0,0.0,True
2030,P0025,Jilin,ccs,0.0,0.0,0.0,0.0,0.0,True
2030,P0025,Jilin,biomass,0.0,0.0,0.0,0.0,0.0,True
2030,P0025,Jilin,beccs,0.0,0.0,0.0,0.0,0.0,True
2030,P0025,Jilin,ammonia,0.0,0.0,0.0,0.0,0.0,True
2030,P0026,Hainan,unabated,1.0,10564890.0,8.663209799999999,0.0,0.0,True
2030,P0026,Hainan,retire,0.0,0.0,0.0,0.0,0.0,True
2030,P0026,Hainan,ccs,0.0,0.0,0.0,0.0,0.0,True
2030,P0026,Hainan,biomass,0.0,0.0,0.0,0.0,0.0,True
2030,P0026,Hainan,beccs,0.0,0.0,0.0,0.0,0.0,True
2030,P0026,Hainan,ammonia,0.0,0.0,0.0,0.0,0.0,True
2030,P0027,Shandong,unabated,1.0,58286101.50000001,47.79460323000001,0.0,0.0,True
2030,P0027,Shandong,retire,0.0,0.0,0.0,0.0,0.0,True
2030,P0027,Shandong,ccs,0.0,0.0,0.0,0.0,0.0,True
2030,P0027,Shandong,biomass,0.0,0.0,0.0,0.0,0.0,True
2030,P0027,Shandong,beccs,0.0,0.0,0.0,0.0,0.0,True
2030,P0027,Shandong,ammonia,0.0,0.0,0.0,0.0,0.0,True
2030,P0028,Hunan,unabated,1.0,22425606.0,18.388996919999997,0.0,0.0,True
2030,P0028,Hunan,retire,0.0,0.0,0.0,0.0,0.0,True
2030,P0028,Hunan,ccs,0.0,0.0,0.0,0.0,0.0,True
2030,P0028,Hunan,biomass,0.0,0.0,0.0,0.0,0.0,True
2030,P0028,Hunan,beccs,0.0,0.0,0.0,0.0,0.0,True
2030,P0028,Hunan,ammonia,0.0,0.0,0.0,0.0,0.0,True
2030,P0029,Jilin,unabated,1.0,434568.0,0.35634575999999996,0.0,0.0,True
2030,P0029,Jilin,retire,0.0,0.0,0.0,0.0,0.0,True
2030,P0029,Jilin,ccs,0.0,0.0,0.0,0.0,0.0,True
2030,P0029,Jilin,biomass,0.0,0.0,0.0,0.0,0.0,True
2030,P0029,Jilin,beccs,0.0,0.0,0.0,0.0,0.0,True
2030,P0029,Jilin,ammonia,0.0,0.0,0.0,0.0,0.0,True
2030,P0030,Jilin,unabated,1.0,16227493.4,13.306544588,0.0,0.0,True
2030,P0030,Jilin,retire,0.0,0.0,0.0,0.0,0.0,True
2030,P0030,Jilin,ccs,0.0,0.0,0.0,0.0,0.0,True
2030,P0030,Jilin,biomass,0.0,0.0,0.0,0.0,0.0,True
2030,P0030,Jilin,beccs,0.0,0.0,0.0,0.0,0.0,True
2030,P0030,Jilin,ammonia,0.0,0.0,0.0,0.0,0.0,True
2030,P0031,Shanxi,unabated,1.0,22684550.0,18.601331,0.0,0.0,True
2030,P0031,Shanxi,retire,0.0,0.0,0.0,0.0,0.0,True
2030,P0031,Shanxi,ccs,0.0,0.0,0.0,0.0,0.0,True
2030,P0031,Shanxi,biomass,0.0,0.0,0.0,0.0,0.0,True
2030,P0031,Shanxi,beccs,0.0,0.0,0.0,0.0,0.0,True
2030,P0031,Shanxi,ammonia,0.0,0.0,0.0,0.0,0.0,True
2030,P0032,Henan,unabated,1.0,8531052.0,6.9954626399999995,0.0,0.0,True
2030,P0032,Henan,retire,0.0,0.0,0.0,0.0,0.0,True
2030,P0032,Henan,ccs,0.0,0.0,0.0,0.0,0.0,True
2030,P0032,Henan,biomass,0.0,0.0,0.0,0.0,0.0,True
2030,P0032,Henan,beccs,0.0,0.0,0.0,0.0,0.0,True
2030,P0032,Henan,ammonia,0.0,0.0,0.0,0.0,0.0,True
2030,P0033,Henan,unabated,1.0,22569492.0,18.50698344,0.0,0.0,True
2030,P0033,Henan,retire,0.0,0.0,0.0,0.0,0.0,True
2030,P0033,Henan,ccs,0.0,0.0,0.0,0.0,0.0,True
2030,P0033,Henan,biomass,0.0,0.0,0.0,0.0,0.0,True
2030,P0033,Henan,beccs,0.0,0.0,0.0,0.0,0.0,True
2030,P0033,Henan,ammonia,0.0,0.0,0.0,0.0,0.0,True
2030,P0034,Shandong,unabated,1.0,18403842.0,15.09115044,0.0,0.0,True
2030,P0034,Shandong,retire,0.0,0.0,0.0,0.0,0.0,True
2030,P0034,Shandong,ccs,0.0,0.0,0.0,0.0,0.0,True
2030,P0034,Shandong,biomass,0.0,0.0,0.0,0.0,0.0,True
2030,P0034,Shandong,beccs,0.0,0.0,0.0,0.0,0.0,True
2030,P0034,Shandong,ammonia,0.0,0.0,0.0,0.0,0.0,True
2030,P0035,Anhui,unabated,1.0,46348752.00000001,38.00597664,0.0,0.0,True
2030,P0035,Anhui,retire,0.0,0.0,0.0,0.0,0.0,True
2030,P0035,Anhui,ccs,0.0,0.0,0.0,0.0,0.0,True
2030,P0035,Anhui,biomass,0.0,0.0,0.0,0.0,0.0,True
2030,P0035,Anhui,beccs,0.0,0.0,0.0,0.0,0.0,True
2030,P0035,Anhui,ammonia,0.0,0.0,0.0,0.0,0.0,True
2030,P0036,Jiangsu,unabated,1.0,140042791.0,114.83508862,0.0,0.0,True
2030,P0036,Jiangsu,retire,0.0,0.0,0.0,0.0,0.0,True
2030,P0036,Jiangsu,ccs,0.0,0.0,0.0,0.0,0.0,True
2030,P0036,Jiangsu,biomass,0.0,0.0,0.0,0.0,0.0,True
2030,P0036,Jiangsu,beccs,0.0,0.0,0.0,0.0,0.0,True
2030,P0036,Jiangsu,ammonia,0.0,0.0,0.0,0.0,0.0,True
2030,P0037,Inner Mongolia,unabated,1.0,41962710.0,34.409422199999995,0.0,0.0,True
2030,P0037,Inner Mongolia,retire,0.0,0.0,0.0,0.0,0.0,True
2030,P0037,Inner Mongolia,ccs,0.0,0.0,0.0,0.0,0.0,True
2030,P0037,Inner Mongolia,biomass,0.0,0.0,0.0,0.0,0.0,True
2030,P0037,Inner Mongolia,beccs,0.0,0.0,0.0,0.0,0.0,True
2030,P0037,Inner Mongolia,ammonia,0.0,0.0,0.0,0.0,0.0,True
2030,P0038,Sichuan,unabated,1.0,24582287.999999996,20.157476159999998,0.0,0.0,True
2030,P0038,Sichuan,retire,0.0,0.0,0.0,0.0,0.0,True
2030,P0038,Sichuan,ccs,0.0,0.0,0.0,0.0,0.0,True
2030,P0038,Sichuan,biomass,0.0,0.0,0.0,0.0,0.0,True
2030,P0038,Sichuan,beccs,0.0,0.0,0.0,0.0,0.0,True
2030,P0038,Sichuan,ammonia,0.0,0.0,0.0,0.0,0.0,True
2030,P0039,Heilongjiang,unabated,1.0,7478775.0,6.1325955,0.0,0.0,True
2030,P0039,Heilongjiang,retire,0.0,0.0,0.0,0.0,0.0,True
2030,P0039,Heilongjiang,ccs,0.0,0.0,0.0,0.0,0.0,True
2030,P0039,Heilongjiang,biomass,0.0,0.0,0.0,0.0,0.0,True
2030,P0039,Heilongjiang,beccs,0.0,0.0,0.0,0.0,0.0,True
2030,P0039,Heilongjiang,ammonia,0.0,0.0,0.0,0.0,0.0,True
2030,P0040,Shanxi,unabated,1.0,29397324.999999996,24.105806499999996,0.0,0.0,True
2030,P0040,Shanxi,retire,0.0,0.0,0.0,0.0,0.0,True
2030,P0040,Shanxi,ccs,0.0,0.0,0.0,0.0,0.0,True
2030,P0040,Shanxi,biomass,0.0,0.0,0.0,0.0,0.0,True
2030,P0040,Shanxi,beccs,0.0,0.0,0.0,0.0,0.0,True
2030,P0040,Shanxi,ammonia,0.0,0.0,0.0,0.0,0.0,True
2030,P0041,Hebei,unabated,1.0,17330339.0,14.21087798,0.0,0.0,True
2030,P0041,Hebei,retire,0.0,0.0,0.0,0.0,0.0,True
2030,P0041,Hebei,ccs,0.0,0.0,0.0,0.0,0.0,True
2030,P0041,Hebei,biomass,0.0,0.0,0.0,0.0,0.0,True
2030,P0041,Hebei,beccs,0.0,0.0,0.0,0.0,0.0,True
2030,P0041,Hebei,ammonia,0.0,0.0,0.0,0.0,0.0,True
2030,P0042,Shandong,unabated,1.0,27562152.000000004,22.60096464,0.0,0.0,True
2030,P0042,Shandong,retire,0.0,0.0,0.0,0.0,0.0,True
2030,P0042,Shandong,ccs,0.0,0.0,0.0,0.0,0.0,True
2030,P0042,Shandong,biomass,0.0,0.0,0.0,0.0,0.0,True
2030,P0042,Shandong,beccs,0.0,0.0,0.0,0.0,0.0,True
2030,P0042,Shandong,ammonia,0.0,0.0,0.0,0.0,0.0,True
2030,P0043,Anhui,unabated,1.0,71657610.0,58.759240199999994,0.0,0.0,True
2030,P0043,Anhui,retire,0.0,0.0,0.0,0.0,0.0,True
2030,P0043,Anhui,ccs,0.0,0.0,0.0,0.0,0.0,True
2030,P0043,Anhui,biomass,0.0,0.0,0.0,0.0,0.0,True
2030,P0043,Anhui,beccs,0.0,0.0,0.0,0.0,0.0,True
2030,P0043,Anhui,ammonia,0.0,0.0,0.0,0.0,0.0,True
2030,P0044,Heilongjiang,unabated,1.0,10278967.500000002,8.428753350000001,0.0,0.0,True
2030,P0044,Heilongjiang,retire,0.0,0.0,0.0,0.0,0.0,True
2030,P0044,Heilongjiang,ccs,0.0,0.0,0.0,0.0,0.0,True
2030,P0044,Heilongjiang,biomass,0.0,0.0,0.0,0.0,0.0,True
2030,P0044,Heilongjiang,beccs,0.0,0.0,0.0,0.0,0.0,True
2030,P0044,Heilongjiang,ammonia,0.0,0.0,0.0,0.0,0.0,True
2030,P0045,Henan,unabated,1.0,50070436.0,41.057757519999996,0.0,0.0,True
2030,P0045,Henan,retire,0.0,0.0,0.0,0.0,0.0,True
2030,P0045,Henan,ccs,0.0,0.0,0.0,0.0,0.0,True
2030,P0045,Henan,biomass,0.0,0.0,0.0,0.0,0.0,True
2030,P0045,Henan,beccs,0.0,0.0,0.0,0.0,0.0,True
2030,P0045,Henan,ammonia,0.0,0.0,0.0,0.0,0.0,True
2030,P0046,Zhejiang,unabated,1.0,102230348.64,83.8288858848,0.0,0.0,True
2030,P0046,Zhejiang,retire,0.0,0.0,0.0,0.0,0.0,True
2030,P0046,Zhejiang,ccs,0.0,0.0,0.0,0.0,0.0,True
2030,P0046,Zhejiang,biomass,0.0,0.0,0.0,0.0,0.0,True
2030,P0046,Zhejiang,beccs,0.0,0.0,0.0,0.0,0.0,True
2030,P0046,Zhejiang,ammonia,0.0,0.0,0.0,0.0,0.0,True
2030,P0047,Liaoning,unabated,1.0,10170295.999999998,8.339642719999999,0.0,0.0,True
2030,P0047,Liaoning,retire,0.0,0.0,0.0,0.0,0.0,True
2030,P0047,Liaoning,ccs,0.0,0.0,0.0,0.0,0.0,True
2030,P0047,Liaoning,biomass,0.0,0.0,0.0,0.0,0.0,True
2030,P0047,Liaoning,beccs,0.0,0.0,0.0,0.0,0.0,True
2030,P0047,Liaoning,ammonia,0.0,0.0,0.0,0.0,0.0,True
2030,P0048,Shanxi,unabated,1.0,6481300.0,5.314666,0.0,0.0,True
2030,P0048,Shanxi,retire,0.0,0.0,0.0,0.0,0.0,True
2030,P0048,Shanxi,ccs,0.0,0.0,0.0,0.0,0.0,True
2030,P0048,Shanxi,biomass,0.0,0.0,0.0,0.0,0.0,True
2030,P0048,Shanxi,beccs,0.0,0.0,0.0,0.0,0.0,True
2030,P0048,Shanxi,ammonia,0.0,0.0,0.0,0.0,0.0,True
2030,P0049,Xinjiang,unabated,1.0,7182431.999999999,5.889594239999999,0.0,0.0,True
2030,P0049,Xinjiang,retire,0.0,0.0,0.0,0.0,0.0,True
2030,P0049,Xinjiang,ccs,0.0,0.0,0.0,0.0,0.0,True
2030,P0049,Xinjiang,biomass,0.0,0.0,0.0,0.0,0.0,True
2030,P0049,Xinjiang,beccs,0.0,0.0,0.0,0.0,0.0,True
2030,P0049,Xinjiang,ammonia,0.0,0.0,0.0,0.0,0.0,True
2030,P0050,Henan,unabated,1.0,7055216.0,5.78527712,0.0,0.0,True
2030,P0050,Henan,retire,0.0,0.0,0.0,0.0,0.0,True
2030,P0050,Henan,ccs,0.0,0.0,0.0,0.0,0.0,True
2030,P0050,Henan,biomass,0.0,0.0,0.0,0.0,0.0,True
2030,P0050,Henan,beccs,0.0,0.0,0.0,0.0,0.0,True
2030,P0050,Henan,ammonia,0.0,0.0,0.0,0.0,0.0,True
2030,P0051,Hebei,unabated,1.0,36442718.0,29.88302876,0.0,0.0,True
2030,P0051,Hebei,retire,0.0,0.0,0.0,0.0,0.0,True
2030,P0051,Hebei,ccs,0.0,0.0,0.0,0.0,0.0,True
2030,P0051,Hebei,biomass,0.0,0.0,0.0,0.0,0.0,True
2030,P0051,Hebei,beccs,0.0,0.0,0.0,0.0,0.0,True
2030,P0051,Hebei,ammonia,0.0,0.0,0.0,0.0,0.0,True
2030,P0052,Jiangsu,unabated,1.0,137274235.0,112.5648727,0.0,0.0,True
2030,P0052,Jiangsu,retire,0.0,0.0,0.0,0.0,0.0,True
2030,P0052,Jiangsu,ccs,0.0,0.0,0.0,0.0,0.0,True
2030,P0052,Jiangsu,biomass,0.0,0.0,0.0,0.0,0.0,True
2030,P0052,Jiangsu,beccs,0.0,0.0,0.0,0.0,0.0,True
2030,P0052,Jiangsu,ammonia,0.0,0.0,0.0,0.0,0.0,True
2030,P0053,Heilongjiang,unabated,1.0,9739800.000000002,7.986636000000001,0.0,0.0,True
2030,P0053,Heilongjiang,retire,0.0,0.0,0.0,0.0,0.0,True
2030,P0053,Heilongjiang,ccs,0.0,0.0,0.0,0.0,0.0,True
2030,P0053,Heilongjiang,biomass,0.0,0.0,0.0,0.0,0.0,True
2030,P0053,Heilongjiang,beccs,0.0,0.0,0.0,0.0,0.0,True
2030,P0053,Heilongjiang,ammonia,0.0,0.0,0.0,0.0,0.0,True
2030,P0054,Hebei,unabated,1.0,19691542.0,16.14706444,0.0,0.0,True
2030,P0054,Hebei,retire,0.0,0.0,0.0,0.0,0.0,True
2030,P0054,Hebei,ccs,0.0,0.0,0.0,0.0,0.0,True
2030,P0054,Hebei,biomass,0.0,0.0,0.0,0.0,0.0,True
2030,P0054,Hebei,beccs,0.0,0.0,0.0,0.0,0.0,True
2030,P0054,Hebei,ammonia,0.0,0.0,0.0,0.0,0.0,True
2030,P0055,Shanxi,unabated,1.0,17129150.0,14.045903,0.0,0.0,True
2030,P0055,Shanxi,retire,0.0,0.0,0.0,0.0,0.0,True
2030,P0055,Shanxi,ccs,0.0,0.0,0.0,0.0,0.0,True
2030,P0055,Shanxi,biomass,0.0,0.0,0.0,0.0,0.0,True
2030,P0055,Shanxi,beccs,0.0,0.0,0.0,0.0,0.0,True
2030,P0055,Shanxi,ammonia,0.0,0.0,0.0,0.0,0.0,True
2030,P0056,Jiangxi,unabated,1.0,19160928.0,15.711960959999999,0.0,0.0,True
2030,P0056,Jiangxi,retire,0.0,0.0,0.0,0.0,0.0,True
2030,P0056,Jiangxi,ccs,0.0,0.0,0.0,0.0,0.0,True
2030,P0056,Jiangxi,biomass,0.0,0.0,0.0,0.0,0.0,True
2030,P0056,Jiangxi,beccs,0.0,0.0,0.0,0.0,0.0,True
2030,P0056,Jiangxi,ammonia,0.0,0.0,0.0,0.0,0.0,True
2030,P0057,Gansu,unabated,1.0,12233632.0,10.03157824,0.0,0.0,True
2030,P0057,Gansu,retire,0.0,0.0,0.0,0.0,0.0,True
2030,P0057,Gansu,ccs,0.0,0.0,0.0,0.0,0.0,True
2030,P0057,Gansu,biomass,0.0,0.0,0.0,0.0,0.0,True
2030,P0057,Gansu,beccs,0.0,0.0,0.0,0.0,0.0,True
2030,P0057,Gansu,ammonia,0.0,0.0,0.0,0.0,0.0,True
2030,P0058,Jiangsu,unabated,1.0,22644982.500000004,18.568885650000002,0.0,0.0,True
2030,P0058,Jiangsu,retire,0.0,0.0,0.0,0.0,0.0,True
2030,P0058,Jiangsu,ccs,0.0,0.0,0.0,0.0,0.0,True
2030,P0058,Jiangsu,biomass,0.0,0.0,0.0,0.0,0.0,True
2030,P0058,Jiangsu,beccs,0.0,0.0,0.0,0.0,0.0,True
2030,P0058,Jiangsu,ammonia,0.0,0.0,0.0,0.0,0.0,True
2030,P0059,Inner Mongolia,unabated,1.0,104755830.0,85.8997806,0.0,0.0,True
2030,P0059,Inner Mongolia,retire,0.0,0.0,0.0,0.0,0.0,True
2030,P0059,Inner Mongolia,ccs,0.0,0.0,0.0,0.0,0.0,True
2030,P0059,Inner Mongolia,biomass,0.0,0.0,0.0,0.0,0.0,True
2030,P0059,Inner Mongolia,beccs,0.0,0.0,0.0,0.0,0.0,True
2030,P0059,Inner Mongolia,ammonia,0.0,0.0,0.0,0.0,0.0,True
2030,P0060,Shandong,unabated,1.0,21639778.200000003,17.744618124000002,0.0,0.0,True
2030,P0060,Shandong,retire,0.0,0.0,0.0,0.0,0.0,True
2030,P0060,Shandong,ccs,0.0,0.0,0.0,0.0,0.0,True
2030,P0060,Shandong,biomass,0.0,0.0,0.0,0.0,0.0,True
2030,P0060,Shandong,beccs,0.0,0.0,0.0,0.0,0.0,True
2030,P0060,Shandong,ammonia,0.0,0.0,0.0,0.0,0.0,True
2030,P0061,Shandong,unabated,1.0,17095512.000000004,14.018319840000002,0.0,0.0,True
2030,P0061,Shandong,retire,0.0,0.0,0.0,0.0,0.0,True
2030,P0061,Shandong,ccs,0.0,0.0,0.0,0.0,0.0,True
2030,P0061,Shandong,biomass,0.0,0.0,0.0,0.0,0.0,True
2030,P0061,Shandong,beccs,0.0,0.0,0.0,0.0,0.0,True
2030,P0061,Shandong,ammonia,0.0,0.0,0.0,0.0,0.0,True
2030,P0062,Xinjiang,unabated,1.0,5122764.0,4.20066648,0.0,0.0,True
2030,P0062,Xinjiang,retire,0.0,0.0,0.0,0.0,0.0,True
2030,P0062,Xinjiang,ccs,0.0,0.0,0.0,0.0,0.0,True
2030,P0062,Xinjiang,biomass,0.0,0.0,0.0,0.0,0.0,True
2030,P0062,Xinjiang,beccs,0.0,0.0,0.0,0.0,0.0,True
2030,P0062,Xinjiang,ammonia,0.0,0.0,0.0,0.0,0.0,True
2030,P0063,Ningxia,unabated,1.0,8748784.0,7.17400288,0.0,0.0,True
2030,P0063,Ningxia,retire,0.0,0.0,0.0,0.0,0.0,True
2030,P0063,Ningxia,ccs,0.0,0.0,0.0,0.0,0.0,True
2030,P0063,Ningxia,biomass,0.0,0.0,0.0,0.0,0.0,True
2030,P0063,Ningxia,beccs,0.0,0.0,0.0,0.0,0.0,True
2030,P0063,Ningxia,ammonia,0.0,0.0,0.0,0.0,0.0,True
2030,P0064,Shandong,unabated,1.0,18229398.000000004,14.94810636,0.0,0.0,True
2030,P0064,Shandong,retire,0.0,0.0,0.0,0.0,0.0,True
2030,P0064,Shandong,ccs,0.0,0.0,0.0,0.0,0.0,True
2030,P0064,Shandong,biomass,0.0,0.0,0.0,0.0,0.0,True
2030,P0064,Shandong,beccs,0.0,0.0,0.0,0.0,0.0,True
2030,P0064,Shandong,ammonia,0.0,0.0,0.0,0.0,0.0,True
2030,P0065,Xinjiang,unabated,1.0,17824049.999999996,14.615720999999997,0.0,0.0,True
2030,P0065,Xinjiang,retire,0.0,0.0,0.0,0.0,0.0,True
2030,P0065,Xinjiang,ccs,0.0,0.0,0.0,0.0,0.0,True
2030,P0065,Xinjiang,biomass,0.0,0.0,0.0,0.0,0.0,True
2030,P0065,Xinjiang,beccs,0.0,0.0,0.0,0.0,0.0,True
2030,P0065,Xinjiang,ammonia,0.0,0.0,0.0,0.0,0.0,True
2030,P0066,Fujian,unabated,1.0,45243841.199999996,37.099949783999996,0.0,0.0,True
2030,P0066,Fujian,retire,0.0,0.0,0.0,0.0,0.0,True
2030,P0066,Fujian,ccs,0.0,0.0,0.0,0.0,0.0,True
2030,P0066,Fujian,biomass,0.0,0.0,0.0,0.0,0.0,True
2030,P0066,Fujian,beccs,0.0,0.0,0.0,0.0,0.0,True
2030,P0066,Fujian,ammonia,0.0,0.0,0.0,0.0,0.0,True
2030,P0067,Hebei,unabated,1.0,34215168.0,28.056437759999998,0.0,0.0,True
2030,P0067,Hebei,retire,0.0,0.0,0.0,0.0,0.0,True
2030,P0067,Hebei,ccs,0.0,0.0,0.0,0.0,0.0,True
2030,P0067,Hebei,biomass,0.0,0.0,0.0,0.0,0.0,True
2030,P0067,Hebei,beccs,0.0,0.0,0.0,0.0,0.0,True
2030,P0067,Hebei,ammonia,0.0,0.0,0.0,0.0,0.0,True
2030,P0068,Zhejiang,unabated,1.0,22390288.5,18.360036570000002,0.0,0.0,True
2030,P0068,Zhejiang,retire,0.0,0.0,0.0,0.0,0.0,True
2030,P0068,Zhejiang,ccs,0.0,0.0,0.0,0.0,0.0,True
2030,P0068,Zhejiang,biomass,0.0,0.0,0.0,0.0,0.0,True
2030,P0068,Zhejiang,beccs,0.0,0.0,0.0,0.0,0.0,True
2030,P0068,Zhejiang,ammonia,0.0,0.0,0.0,0.0,0.0,True
2030,P0069,Shaanxi,unabated,1.0,18152000.0,14.88464,0.0,0.0,True
2030,P0069,Shaanxi,retire,0.0,0.0,0.0,0.0,0.0,True
2030,P0069,Shaanxi,ccs,0.0,0.0,0.0,0.0,0.0,True
2030,P0069,Shaanxi,biomass,0.0,0.0,0.0,0.0,0.0,True
2030,P0069,Shaanxi,beccs,0.0,0.0,0.0,0.0,0.0,True
2030,P0069,Shaanxi,ammonia,0.0,0.0,0.0,0.0,0.0,True
2030,P0070,Shandong,unabated,1.0,25817712.000000004,21.170523840000005,0.0,0.0,True
2030,P0070,Shandong,retire,0.0,0.0,0.0,0.0,0.0,True
2030,P0070,Shandong,ccs,0.0,0.0,0.0,0.0,0.0,True
2030,P0070,Shandong,biomass,0.0,0.0,0.0,0.0,0.0,True
2030,P0070,Shandong,beccs,0.0,0.0,0.0,0.0,0.0,True
2030,P0070,Shandong,ammonia,0.0,0.0,0.0,0.0,0.0,True
2030,P0071,Guizhou,unabated,1.0,23735500.0,19.46311,0.0,0.0,True
2030,P0071,Guizhou,retire,0.0,0.0,0.0,0.0,0.0,True
2030,P0071,Guizhou,ccs,0.0,0.0,0.0,0.0,0.0,True
2030,P0071,Guizhou,biomass,0.0,0.0,0.0,0.0,0.0,True
2030,P0071,Guizhou,beccs,0.0,0.0,0.0,0.0,0.0,True
2030,P0071,Guizhou,ammonia,0.0,0.0,0.0,0.0,0.0,True
2030,P0072,Heilongjiang,unabated,1.0,5565600.0,4.563792,0.0,0.0,True
2030,P0072,Heilongjiang,retire,0.0,0.0,0.0,0.0,0.0,True
2030,P0072,Heilongjiang,ccs,0.0,0.0,0.0,0.0,0.0,True
2030,P0072,Heilongjiang,biomass,0.0,0.0,0.0,0.0,0.0,True
2030,P0072,Heilongjiang,beccs,0.0,0.0,0.0,0.0,0.0,True
2030,P0072,Heilongjiang,ammonia,0.0,0.0,0.0,0.0,0.0,True
2030,P0073,Liaoning,unabated,1.0,6340931.499999999,5.199563829999999,0.0,0.0,True
2030,P0073,Liaoning,retire,0.0,0.0,0.0,0.0,0.0,True
2030,P0073,Liaoning,ccs,0.0,0.0,0.0,0.0,0.0,True
2030,P0073,Liaoning,biomass,0.0,0.0,0.0,0.0,0.0,True
2030,P0073,Liaoning,beccs,0.0,0.0,0.0,0.0,0.0,True
2030,P0073,Liaoning,ammonia,0.0,0.0,0.0,0.0,0.0,True
2030,P0074,Shaanxi,unabated,1.0,36893940.0,30.253030799999998,0.0,0.0,True
2030,P0074,Shaanxi,retire,0.0,0.0,0.0,0.0,0.0,True
2030,P0074,Shaanxi,ccs,0.0,0.0,0.0,0.0,0.0,True
2030,P0074,Shaanxi,biomass,0.0,0.0,0.0,0.0,0.0,True
2030,P0074,Shaanxi,beccs,0.0,0.0,0.0,0.0,0.0,True
2030,P0074,Shaanxi,ammonia,0.0,0.0,0.0,0.0,0.0,True
2030,P0075,Henan,unabated,1.0,7127208.0,5.844310559999999,0.0,0.0,True
2030,P0075,Henan,retire,0.0,0.0,0.0,0.0,0.0,True
2030,P0075,Henan,ccs,0.0,0.0,0.0,0.0,0.0,True
2030,P0075,Henan,biomass,0.0,0.0,0.0,0.0,0.0,True
2030,P0075,Henan,beccs,0.0,0.0,0.0,0.0,0.0,True
2030,P0075,Henan,ammonia,0.0,0.0,0.0,0.0,0.0,True
2030,P0076,Guangxi,unabated,1.0,13593944.000000002,11.147034080000001,0.0,0.0,True
2030,P0076,Guangxi,retire,0.0,0.0,0.0,0.0,0.0,True
2030,P0076,Guangxi,ccs,0.0,0.0,0.0,0.0,0.0,True
2030,P0076,Guangxi,biomass,0.0,0.0,0.0,0.0,0.0,True
2030,P0076,Guangxi,beccs,0.0,0.0,0.0,0.0,0.0,True
2030,P0076,Guangxi,ammonia,0.0,0.0,0.0,0.0,0.0,True
2030,P0077,Xinjiang,unabated,1.0,41298983.99999999,33.86516688,0.0,0.0,True
2030,P0077,Xinjiang,retire,0.0,0.0,0.0,0.0,0.0,True
2030,P0077,Xinjiang,ccs,0.0,0.0,0.0,0.0,0.0,True
2030,P0077,Xinjiang,biomass,0.0,0.0,0.0,0.0,0.0,True
2030,P0077,Xinjiang,beccs,0.0,0.0,0.0,0.0,0.0,True
2030,P0077,Xinjiang,ammonia,0.0,0.0,0.0,0.0,0.0,True
2030,P0078,Heilongjiang,unabated,1.0,18122985.0,14.860847699999999,0.0,0.0,True
2030,P0078,Heilongjiang,retire,0.0,0.0,0.0,0.0,0.0,True
2030,P0078,Heilongjiang,ccs,0.0,0.0,0.0,0.0,0.0,True
2030,P0078,Heilongjiang,biomass,0.0,0.0,0.0,0.0,0.0,True
2030,P0078,Heilongjiang,beccs,0.0,0.0,0.0,0.0,0.0,True
2030,P0078,Heilongjiang,ammonia,0.0,0.0,0.0,0.0,0.0,True
2030,P0079,Guangxi,unabated,1.0,42505008.0,34.85410656,0.0,0.0,True
2030,P0079,Guangxi,retire,0.0,0.0,0.0,0.0,0.0,True
2030,P0079,Guangxi,ccs,0.0,0.0,0.0,0.0,0.0,True
2030,P0079,Guangxi,biomass,0.0,0.0,0.0,0.0,0.0,True
2030,P0079,Guangxi,beccs,0.0,0.0,0.0,0.0,0.0,True
2030,P0079,Guangxi,ammonia,0.0,0.0,0.0,0.0,0.0,True
2030,P0080,Shandong,unabated,1.0,21587445.000000004,17.701704900000003,0.0,0.0,True
2030,P0080,Shandong,retire,0.0,0.0,0.0,0.0,0.0,True
2030,P0080,Shandong,ccs,0.0,0.0,0.0,0.0,0.0,True
2030,P0080,Shandong,biomass,0.0,0.0,0.0,0.0,0.0,True
2030,P0080,Shandong,beccs,0.0,0.0,0.0,0.0,0.0,True
2030,P0080,Shandong,ammonia,0.0,0.0,0.0,0.0,0.0,True
2030,P0081,Gansu,unabated,1.0,8798160.0,7.214491199999999,0.0,0.0,True
2030,P0081,Gansu,retire,0.0,0.0,0.0,0.0,0.0,True
2030,P0081,Gansu,ccs,0.0,0.0,0.0,0.0,0.0,True
2030,P0081,Gansu,biomass,0.0,0.0,0.0,0.0,0.0,True
2030,P0081,Gansu,beccs,0.0,0.0,0.0,0.0,0.0,True
2030,P0081,Gansu,ammonia,0.0,0.0,0.0,0.0,0.0,True
2030,P0082,Liaoning,unabated,1.0,7751749.999999999,6.356434999999999,0.0,0.0,True
2030,P0082,Liaoning,retire,0.0,0.0,0.0,0.0,0.0,True
2030,P0082,Liaoning,ccs,0.0,0.0,0.0,0.0,0.0,True
2030,P0082,Liaoning,biomass,0.0,0.0,0.0,0.0,0.0,True
2030,P0082,Liaoning,beccs,0.0,0.0,0.0,0.0,0.0,True
2030,P0082,Liaoning,ammonia,0.0,0.0,0.0,0.0,0.0,True
2030,P0083,Shaanxi,unabated,1.0,58041020.0,47.5936364,0.0,0.0,True
2030,P0083,Shaanxi,retire,0.0,0.0,0.0,0.0,0.0,True
2030,P0083,Shaanxi,ccs,0.0,0.0,0.0,0.0,0.0,True
2030,P0083,Shaanxi,biomass,0.0,0.0,0.0,0.0,0.0,True
2030,P0083,Shaanxi,beccs,0.0,0.0,0.0,0.0,0.0,True
2030,P0083,Shaanxi,ammonia,0.0,0.0,0.0,0.0,0.0,True
2030,P0084,Shaanxi,unabated,1.0,12207220.0,10.009920399999999,0.0,0.0,True
2030,P0084,Shaanxi,retire,0.0,0.0,0.0,0.0,0.0,True
2030,P0084,Shaanxi,ccs,0.0,0.0,0.0,0.0,0.0,True
2030,P0084,Shaanxi,biomass,0.0,0.0,0.0,0.0,0.0,True
2030,P0084,Shaanxi,beccs,0.0,0.0,0.0,0.0,0.0,True
2030,P0084,Shaanxi,ammonia,0.0,0.0,0.0,0.0,0.0,True
2030,P0085,Jiangsu,unabated,1.0,50405775.00000001,41.3327355,0.0,0.0,True
2030,P0085,Jiangsu,retire,0.0,0.0,0.0,0.0,0.0,True
2030,P0085,Jiangsu,ccs,0.0,0.0,0.0,0.0,0.0,True
2030,P0085,Jiangsu,biomass,0.0,0.0,0.0,0.0,0.0,True
2030,P0085,Jiangsu,beccs,0.0,0.0,0.0,0.0,0.0,True
2030,P0085,Jiangsu,ammonia,0.0,0.0,0.0,0.0,0.0,True
2030,P0086,Shaanxi,unabated,1.0,42929480.0,35.2021736,0.0,0.0,True
2030,P0086,Shaanxi,retire,0.0,0.0,0.0,0.0,0.0,True
2030,P0086,Shaanxi,ccs,0.0,0.0,0.0,0.0,0.0,True
2030,P0086,Shaanxi,biomass,0.0,0.0,0.0,0.0,0.0,True
2030,P0086,Shaanxi,beccs,0.0,0.0,0.0,0.0,0.0,True
2030,P0086,Shaanxi,ammonia,0.0,0.0,0.0,0.0,0.0,True
2030,P0087,Hebei,unabated,1.0,13588055.000000002,11.142205100000002,0.0,0.0,True
2030,P0087,Hebei,retire,0.0,0.0,0.0,0.0,0.0,True
2030,P0087,Hebei,ccs,0.0,0.0,0.0,0.0,0.0,True
2030,P0087,Hebei,biomass,0.0,0.0,0.0,0.0,0.0,True
2030,P0087,Hebei,beccs,0.0,0.0,0.0,0.0,0.0,True
2030,P0087,Hebei,ammonia,0.0,0.0,0.0,0.0,0.0,True
2030,P0088,Zhejiang,unabated,1.0,15775605.0,12.935996099999999,0.0,0.0,True
2030,P0088,Zhejiang,retire,0.0,0.0,0.0,0.0,0.0,True
2030,P0088,Zhejiang,ccs,0.0,0.0,0.0,0.0,0.0,True
2030,P0088,Zhejiang,biomass,0.0,0.0,0.0,0.0,0.0,True
2030,P0088,Zhejiang,beccs,0.0,0.0,0.0,0.0,0.0,True
2030,P0088,Zhejiang,ammonia,0.0,0.0,0.0,0.0,0.0,True
2030,P0089,Ningxia,unabated,1.0,131480305.0,107.8138501,0.0,0.0,True
2030,P0089,Ningxia,retire,0.0,0.0,0.0,0.0,0.0,True
2030,P0089,Ningxia,ccs,0.0,0.0,0.0,0.0,0.0,True
2030,P0089,Ningxia,biomass,0.0,0.0,0.0,0.0,0.0,True
2030,P0089,Ningxia,beccs,0.0,0.0,0.0,0.0,0.0,True
2030,P0089,Ningxia,ammonia,0.0,0.0,0.0,0.0,0.0,True
2030,P0090,Guangdong,unabated,1.0,34962181.2,28.668988584,0.0,0.0,True
2030,P0090,Guangdong,retire,0.0,0.0,0.0,0.0,0.0,True
2030,P0090,Guangdong,ccs,0.0,0.0,0.0,0.0,0.0,True
2030,P0090,Guangdong,biomass,0.0,0.0,0.0,0.0,0.0,True
2030,P0090,Guangdong,beccs,0.0,0.0,0.0,0.0,0.0,True
2030,P0090,Guangdong,ammonia,0.0,0.0,0.0,0.0,0.0,True
2030,P0091,Guangdong,unabated,1.0,35657946.0,29.23951572,0.0,0.0,True
2030,P0091,Guangdong,retire,0.0,0.0,0.0,0.0,0.0,True
2030,P0091,Guangdong,ccs,0.0,0.0,0.0,0.0,0.0,True
2030,P0091,Guangdong,biomass,0.0,0.0,0.0,0.0,0.0,True
2030,P0091,Guangdong,beccs,0.0,0.0,0.0,0.0,0.0,True
2030,P0091,Guangdong,ammonia,0.0,0.0,0.0,0.0,0.0,True
2030,P0092,Jiangxi,unabated,1.0,36462960.0,29.899627199999998,0.0,0.0,True
2030,P0092,Jiangxi,retire,0.0,0.0,0.0,0.0,0.0,True
2030,P0092,Jiangxi,ccs,0.0,0.0,0.0,0.0,0.0,True
2030,P0092,Jiangxi,biomass,0.0,0.0,0.0,0.0,0.0,True
2030,P0092,Jiangxi,beccs,0.0,0.0,0.0,0.0,0.0,True
2030,P0092,Jiangxi,ammonia,0.0,0.0,0.0,0.0,0.0,True
2030,P0093,Hunan,unabated,1.0,18069412.5,14.81691825,0.0,0.0,True
2030,P0093,Hunan,retire,0.0,0.0,0.0,0.0,0.0,True
2030,P0093,Hunan,ccs,0.0,0.0,0.0,0.0,0.0,True
2030,P0093,Hunan,biomass,0.0,0.0,0.0,0.0,0.0,True
2030,P0093,Hunan,beccs,0.0,0.0,0.0,0.0,0.0,True
2030,P0093,Hunan,ammonia,0.0,0.0,0.0,0.0,0.0,True
2030,P0094,Fujian,unabated,1.0,6459012.0,5.29638984,0.0,0.0,True
2030,P0094,Fujian,retire,0.0,0.0,0.0,0.0,0.0,True
2030,P0094,Fujian,ccs,0.0,0.0,0.0,0.0,0.0,True
2030,P0094,Fujian,biomass,0.0,0.0,0.0,0.0,0.0,True
2030,P0094,Fujian,beccs,0.0,0.0,0.0,0.0,0.0,True
2030,P0094,Fujian,ammonia,0.0,0.0,0.0,0.0,0.0,True
2030,P0095,Anhui,unabated,1.0,16313541.000000002,13.377103620000002,0.0,0.0,True
2030,P0095,Anhui,retire,0.0,0.0,0.0,0.0,0.0,True
2030,P0095,Anhui,ccs,0.0,0.0,0.0,0.0,0.0,True
2030,P0095,Anhui,biomass,0.0,0.0,0.0,0.0,0.0,True
2030,P0095,Anhui,beccs,0.0,0.0,0.0,0.0,0.0,True
2030,P0095,Anhui,ammonia,0.0,0.0,0.0,0.0,0.0,True
2030,P0096,Guangdong,unabated,1.0,22564039.0,18.50251198,0.0,0.0,True
2030,P0096,Guangdong,retire,0.0,0.0,0.0,0.0,0.0,True
2030,P0096,Guangdong,ccs,0.0,0.0,0.0,0.0,0.0,True
2030,P0096,Guangdong,biomass,0.0,0.0,0.0,0.0,0.0,True
2030,P0096,Guangdong,beccs,0.0,0.0,0.0,0.0,0.0,True
2030,P0096,Guangdong,ammonia,0.0,0.0,0.0,0.0,0.0,True
2030,P0097,Gansu,unabated,1.0,8881952.0,7.28320064,0.0,0.0,True
2030,P0097,Gansu,retire,0.0,0.0,0.0,0.0,0.0,True
2030,P0097,Gansu,ccs,0.0,0.0,0.0,0.0,0.0,True
2030,P0097,Gansu,biomass,0.0,0.0,0.0,0.0,0.0,True
2030,P0097,Gansu,beccs,0.0,0.0,0.0,0.0,0.0,True
2030,P0097,Gansu,ammonia,0.0,0.0,0.0,0.0,0.0,True
2030,P0098,Xinjiang,unabated,1.0,128966903.99999999,105.75286127999999,0.0,0.0,True
2030,P0098,Xinjiang,retire,0.0,0.0,0.0,0.0,0.0,True
2030,P0098,Xinjiang,ccs,0.0,0.0,0.0,0.0,0.0,True
2030,P0098,Xinjiang,biomass,0.0,0.0,0.0,0.0,0.0,True
2030,P0098,Xinjiang,beccs,0.0,0.0,0.0,0.0,0.0,True
2030,P0098,Xinjiang,ammonia,0.0,0.0,0.0,0.0,0.0,True
2030,P0099,Sichuan,unabated,1.0,4996399.999999999,4.097047999999999,0.0,0.0,True
2030,P0099,Sichuan,retire,0.0,0.0,0.0,0.0,0.0,True
2030,P0099,Sichuan,ccs,0.0,0.0,0.0,0.0,0.0,True
2030,P0099,Sichuan,biomass,0.0,0.0,0.0,0.0,0.0,True
2030,P0099,Sichuan,beccs,0.0,0.0,0.0,0.0,0.0,True
2030,P0099,Sichuan,ammonia,0.0,0.0,0.0,0.0,0.0,True
2030,P0100,Jiangxi,unabated,1.0,15157152.0,12.428864639999999,0.0,0.0,True
2030,P0100,Jiangxi,retire,0.0,0.0,0.0,0.0,0.0,True
2030,P0100,Jiangxi,ccs,0.0,0.0,0.0,0.0,0.0,True
2030,P0100,Jiangxi,biomass,0.0,0.0,0.0,0.0,0.0,True
2030,P0100,Jiangxi,beccs,0.0,0.0,0.0,0.0,0.0,True
2030,P0100,Jiangxi,ammonia,0.0,0.0,0.0,0.0,0.0,True
2030,P0101,Qinghai,unabated,1.0,19952390.0,16.3609598,0.0,0.0,True
2030,P0101,Qinghai,retire,0.0,0.0,0.0,0.0,0.0,True
2030,P0101,Qinghai,ccs,0.0,0.0,0.0,0.0,0.0,True
2030,P0101,Qinghai,biomass,0.0,0.0,0.0,0.0,0.0,True
2030,P0101,Qinghai,beccs,0.0,0.0,0.0,0.0,0.0,True
2030,P0101,Qinghai,ammonia,0.0,0.0,0.0,0.0,0.0,True
2030,P0102,Hunan,unabated,1.0,9845388.0,8.07321816,0.0,0.0,True
2030,P0102,Hunan,retire,0.0,0.0,0.0,0.0,0.0,True
2030,P0102,Hunan,ccs,0.0,0.0,0.0,0.0,0.0,True
2030,P0102,Hunan,biomass,0.0,0.0,0.0,0.0,0.0,True
2030,P0102,Hunan,beccs,0.0,0.0,0.0,0.0,0.0,True
2030,P0102,Hunan,ammonia,0.0,0.0,0.0,0.0,0.0,True
2030,P0103,Inner Mongolia,unabated,1.0,19119700.0,15.678153999999997,0.0,0.0,True
2030,P0103,Inner Mongolia,retire,0.0,0.0,0.0,0.0,0.0,True
2030,P0103,Inner Mongolia,ccs,0.0,0.0,0.0,0.0,0.0,True
2030,P0103,Inner Mongolia,biomass,0.0,0.0,0.0,0.0,0.0,True
2030,P0103,Inner Mongolia,beccs,0.0,0.0,0.0,0.0,0.0,True
2030,P0103,Inner Mongolia,ammonia,0.0,0.0,0.0,0.0,0.0,True
2030,P0104,Inner Mongolia,unabated,1.0,22843010.0,18.7312682,0.0,0.0,True
2030,P0104,Inner Mongolia,retire,0.0,0.0,0.0,0.0,0.0,True
2030,P0104,Inner Mongolia,ccs,0.0,0.0,0.0,0.0,0.0,True
2030,P0104,Inner Mongolia,biomass,0.0,0.0,0.0,0.0,0.0,True
2030,P0104,Inner Mongolia,beccs,0.0,0.0,0.0,0.0,0.0,True
2030,P0104,Inner Mongolia,ammonia,0.0,0.0,0.0,0.0,0.0,True
2030,P0105,Liaoning,unabated,1.0,4030910.0,3.3053462,0.0,0.0,True
2030,P0105,Liaoning,retire,0.0,0.0,0.0,0.0,0.0,True
2030,P0105,Liaoning,ccs,0.0,0.0,0.0,0.0,0.0,True
2030,P0105,Liaoning,biomass,0.0,0.0,0.0,0.0,0.0,True
2030,P0105,Liaoning,beccs,0.0,0.0,0.0,0.0,0.0,True
2030,P0105,Liaoning,ammonia,0.0,0.0,0.0,0.0,0.0,True
2030,P0106,Hubei,unabated,1.0,39558279.99999999,32.43778959999999,0.0,0.0,True
2030,P0106,Hubei,retire,0.0,0.0,0.0,0.0,0.0,True
2030,P0106,Hubei,ccs,0.0,0.0,0.0,0.0,0.0,True
2030,P0106,Hubei,biomass,0.0,0.0,0.0,0.0,0.0,True
2030,P0106,Hubei,beccs,0.0,0.0,0.0,0.0,0.0,True
2030,P0106,Hubei,ammonia,0.0,0.0,0.0,0.0,0.0,True
2030,P0107,Liaoning,unabated,1.0,14387248.0,11.797543359999999,0.0,0.0,True
2030,P0107,Liaoning,retire,0.0,0.0,0.0,0.0,0.0,True
2030,P0107,Liaoning,ccs,0.0,0.0,0.0,0.0,0.0,True
2030,P0107,Liaoning,biomass,0.0,0.0,0.0,0.0,0.0,True
2030,P0107,Liaoning,beccs,0.0,0.0,0.0,0.0,0.0,True
2030,P0107,Liaoning,ammonia,0.0,0.0,0.0,0.0,0.0,True
2030,P0108,Guangdong,unabated,1.0,22805624.0,18.700611679999998,0.0,0.0,True
2030,P0108,Guangdong,retire,0.0,0.0,0.0,0.0,0.0,True
2030,P0108,Guangdong,ccs,0.0,0.0,0.0,0.0,0.0,True
2030,P0108,Guangdong,biomass,0.0,0.0,0.0,0.0,0.0,True
2030,P0108,Guangdong,beccs,0.0,0.0,0.0,0.0,0.0,True
2030,P0108,Guangdong,ammonia,0.0,0.0,0.0,0.0,0.0,True
2030,P0109,Shaanxi,unabated,1.0,37846920.0,31.034474399999997,0.0,0.0,True
2030,P0109,Shaanxi,retire,0.0,0.0,0.0,0.0,0.0,True
2030,P0109,Shaanxi,ccs,0.0,0.0,0.0,0.0,0.0,True
2030,P0109,Shaanxi,biomass,0.0,0.0,0.0,0.0,0.0,True
2030,P0109,Shaanxi,beccs,0.0,0.0,0.0,0.0,0.0,True
2030,P0109,Shaanxi,ammonia,0.0,0.0,0.0,0.0,0.0,True
2030,P0110,Guizhou,unabated,1.0,62946546.0,51.61616772,0.0,0.0,True
2030,P0110,Guizhou,retire,0.0,0.0,0.0,0.0,0.0,True
2030,P0110,Guizhou,ccs,0.0,0.0,0.0,0.0,0.0,True
2030,P0110,Guizhou,biomass,0.0,0.0,0.0,0.0,0.0,True
2030,P0110,Guizhou,beccs,0.0,0.0,0.0,0.0,0.0,True
2030,P0110,Guizhou,ammonia,0.0,0.0,0.0,0.0,0.0,True
2030,P0111,Guangxi,unabated,0.0,0.0,0.0,0.0,0.0,True
2030,P0111,Guangxi,retire,0.0,0.0,0.0,0.0,0.0,True
2030,P0111,Guangxi,ccs,0.0,0.0,0.0,0.0,0.0,True
2030,P0111,Guangxi,biomass,1.0,587794.48,0.48199147359999994,0.48199147359999994,0.0,True
2030,P0111,Guangxi,beccs,0.0,0.0,0.0,0.0,0.0,True
2030,P0111,Guangxi,ammonia,0.0,0.0,0.0,0.0,0.0,True
2030,P0112,Guangdong,unabated,1.0,41166084.0,33.756188879999996,0.0,0.0,True
2030,P0112,Guangdong,retire,0.0,0.0,0.0,0.0,0.0,True
2030,P0112,Guangdong,ccs,0.0,0.0,0.0,0.0,0.0,True
2030,P0112,Guangdong,biomass,0.0,0.0,0.0,0.0,0.0,True
2030,P0112,Guangdong,beccs,0.0,0.0,0.0,0.0,0.0,True
2030,P0112,Guangdong,ammonia,0.0,0.0,0.0,0.0,0.0,True
2030,P0113,Inner Mongolia,unabated,1.0,20126000.0,16.50332,0.0,0.0,True
2030,P0113,Inner Mongolia,retire,0.0,0.0,0.0,0.0,0.0,True
2030,P0113,Inner Mongolia,ccs,0.0,0.0,0.0,0.0,0.0,True
2030,P0113,Inner Mongolia,biomass,0.0,0.0,0.0,0.0,0.0,True
2030,P0113,Inner Mongolia,beccs,0.0,0.0,0.0,0.0,0.0,True
2030,P0113,Inner Mongolia,ammonia,0.0,0.0,0.0,0.0,0.0,True
2030,P0114,Guangxi,unabated,1.0,29485456.0,24.17807392,0.0,0.0,True
2030,P0114,Guangxi,retire,0.0,0.0,0.0,0.0,0.0,True
2030,P0114,Guangxi,ccs,0.0,0.0,0.0,0.0,0.0,True
2030,P0114,Guangxi,biomass,0.0,0.0,0.0,0.0,0.0,True
2030,P0114,Guangxi,beccs,0.0,0.0,0.0,0.0,0.0,True
2030,P0114,Guangxi,ammonia,0.0,0.0,0.0,0.0,0.0,True
2030,P0115,Shandong,unabated,1.0,9550809.0,7.83166338,0.0,0.0,True
2030,P0115,Shandong,retire,0.0,0.0,0.0,0.0,0.0,True
2030,P0115,Shandong,ccs,0.0,0.0,0.0,0.0,0.0,True
2030,P0115,Shandong,biomass,0.0,0.0,0.0,0.0,0.0,True
2030,P0115,Shandong,beccs,0.0,0.0,0.0,0.0,0.0,True
2030,P0115,Shandong,ammonia,0.0,0.0,0.0,0.0,0.0,True
2030,P0116,Liaoning,unabated,1.0,2542573.9999999995,2.0849106799999997,0.0,0.0,True
2030,P0116,Liaoning,retire,0.0,0.0,0.0,0.0,0.0,True
2030,P0116,Liaoning,ccs,0.0,0.0,0.0,0.0,0.0,True
2030,P0116,Liaoning,biomass,0.0,0.0,0.0,0.0,0.0,True
2030,P0116,Liaoning,beccs,0.0,0.0,0.0,0.0,0.0,True
2030,P0116,Liaoning,ammonia,0.0,0.0,0.0,0.0,0.0,True
2030,P0117,Henan,unabated,1.0,8351072.0,6.8478790400000005,0.0,0.0,True
2030,P0117,Henan,retire,0.0,0.0,0.0,0.0,0.0,True
2030,P0117,Henan,ccs,0.0,0.0,0.0,0.0,0.0,True
2030,P0117,Henan,biomass,0.0,0.0,0.0,0.0,0.0,True
2030,P0117,Henan,beccs,0.0,0.0,0.0,0.0,0.0,True
2030,P0117,Henan,ammonia,0.0,0.0,0.0,0.0,0.0,True
2030,P0118,Liaoning,unabated,1.0,16867807.999999996,13.831602559999997,0.0,0.0,True
2030,P0118,Liaoning,retire,0.0,0.0,0.0,0.0,0.0,True
2030,P0118,Liaoning,ccs,0.0,0.0,0.0,0.0,0.0,True
2030,P0118,Liaoning,biomass,0.0,0.0,0.0,0.0,0.0,True
2030,P0118,Liaoning,beccs,0.0,0.0,0.0,0.0,0.0,True
2030,P0118,Liaoning,ammonia,0.0,0.0,0.0,0.0,0.0,True
2030,P0119,Guizhou,unabated,1.0,27248354.0,22.34365028,0.0,0.0,True
2030,P0119,Guizhou,retire,0.0,0.0,0.0,0.0,0.0,True
2030,P0119,Guizhou,ccs,0.0,0.0,0.0,0.0,0.0,True
2030,P0119,Guizhou,biomass,0.0,0.0,0.0,0.0,0.0,True
2030,P0119,Guizhou,beccs,0.0,0.0,0.0,0.0,0.0,True
2030,P0119,Guizhou,ammonia,0.0,0.0,0.0,0.0,0.0,True
2030,P0120,Inner Mongolia,unabated,1.0,23648049.999999996,19.391400999999995,0.0,0.0,True
2030,P0120,Inner Mongolia,retire,0.0,0.0,0.0,0.0,0.0,True
2030,P0120,Inner Mongolia,ccs,0.0,0.0,0.0,0.0,0.0,True
2030,P0120,Inner Mongolia,biomass,0.0,0.0,0.0,0.0,0.0,True
2030,P0120,Inner Mongolia,beccs,0.0,0.0,0.0,0.0,0.0,True
2030,P0120,Inner Mongolia,ammonia,0.0,0.0,0.0,0.0,0.0,True
2030,P0121,Guangdong,unabated,1.0,32662292.0,26.783079439999998,0.0,0.0,True
2030,P0121,Guangdong,retire,0.0,0.0,0.0,0.0,0.0,True
2030,P0121,Guangdong,ccs,0.0,0.0,0.0,0.0,0.0,True
2030,P0121,Guangdong,biomass,0.0,0.0,0.0,0.0,0.0,True
2030,P0121,Guangdong,beccs,0.0,0.0,0.0,0.0,0.0,True
2030,P0121,Guangdong,ammonia,0.0,0.0,0.0,0.0,0.0,True
2030,P0122,Shaanxi,unabated,1.0,33535820.0,27.4993724,0.0,0.0,True
2030,P0122,Shaanxi,retire,0.0,0.0,0.0,0.0,0.0,True
2030,P0122,Shaanxi,ccs,0.0,0.0,0.0,0.0,0.0,True
2030,P0122,Shaanxi,biomass,0.0,0.0,0.0,0.0,0.0,True
2030,P0122,Shaanxi,beccs,0.0,0.0,0.0,0.0,0.0,True
2030,P0122,Shaanxi,ammonia,0.0,0.0,0.0,0.0,0.0,True
2030,P0123,Hebei,unabated,1.0,29973912.800000004,24.578608496000005,0.0,0.0,True
2030,P0123,Hebei,retire,0.0,0.0,0.0,0.0,0.0,True
2030,P0123,Hebei,ccs,0.0,0.0,0.0,0.0,0.0,True
2030,P0123,Hebei,biomass,0.0,0.0,0.0,0.0,0.0,True
2030,P0123,Hebei,beccs,0.0,0.0,0.0,0.0,0.0,True
2030,P0123,Hebei,ammonia,0.0,0.0,0.0,0.0,0.0,True
2030,P0124,Henan,unabated,1.0,42007332.0,34.446012239999995,0.0,0.0,True
2030,P0124,Henan,retire,0.0,0.0,0.0,0.0,0.0,True
2030,P0124,Henan,ccs,0.0,0.0,0.0,0.0,0.0,True
2030,P0124,Henan,biomass,0.0,0.0,0.0,0.0,0.0,True
2030,P0124,Henan,beccs,0.0,0.0,0.0,0.0,0.0,True
2030,P0124,Henan,ammonia,0.0,0.0,0.0,0.0,0.0,True
2030,P0125,Xinjiang,unabated,1.0,62899091.99999999,51.57725543999999,0.0,0.0,True
2030,P0125,Xinjiang,retire,0.0,0.0,0.0,0.0,0.0,True
2030,P0125,Xinjiang,ccs,0.0,0.0,0.0,0.0,0.0,True
2030,P0125,Xinjiang,biomass,0.0,0.0,0.0,0.0,0.0,True
2030,P0125,Xinjiang,beccs,0.0,0.0,0.0,0.0,0.0,True
2030,P0125,Xinjiang,ammonia,0.0,0.0,0.0,0.0,0.0,True
2030,P0126,Jiangsu,unabated,1.0,86326786.00000001,70.78796452000002,0.0,0.0,True
2030,P0126,Jiangsu,retire,0.0,0.0,0.0,0.0,0.0,True
2030,P0126,Jiangsu,ccs,0.0,0.0,0.0,0.0,0.0,True
2030,P0126,Jiangsu,biomass,0.0,0.0,0.0,0.0,0.0,True
2030,P0126,Jiangsu,beccs,0.0,0.0,0.0,0.0,0.0,True
2030,P0126,Jiangsu,ammonia,0.0,0.0,0.0,0.0,0.0,True
2030,P0127,Hebei,unabated,1.0,7796425.000000001,6.3930685,0.0,0.0,True
2030,P0127,Hebei,retire,0.0,0.0,0.0,0.0,0.0,True
2030,P0127,Hebei,ccs,0.0,0.0,0.0,0.0,0.0,True
2030,P0127,Hebei,biomass,0.0,0.0,0.0,0.0,0.0,True
2030,P0127,Hebei,beccs,0.0,0.0,0.0,0.0,0.0,True
2030,P0127,Hebei,ammonia,0.0,0.0,0.0,0.0,0.0,True
2030,P0128,Xinjiang,unabated,1.0,5122764.0,4.20066648,0.0,0.0,True
2030,P0128,Xinjiang,retire,0.0,0.0,0.0,0.0,0.0,True
2030,P0128,Xinjiang,ccs,0.0,0.0,0.0,0.0,0.0,True
2030,P0128,Xinjiang,biomass,0.0,0.0,0.0,0.0,0.0,True
2030,P0128,Xinjiang,beccs,0.0,0.0,0.0,0.0,0.0,True
2030,P0128,Xinjiang,ammonia,0.0,0.0,0.0,0.0,0.0,True
2030,P0129,Inner Mongolia,unabated,1.0,67573045.0,55.4098969,0.0,0.0,True
2030,P0129,Inner Mongolia,retire,0.0,0.0,0.0,0.0,0.0,True
2030,P0129,Inner Mongolia,ccs,0.0,0.0,0.0,0.0,0.0,True
2030,P0129,Inner Mongolia,biomass,0.0,0.0,0.0,0.0,0.0,True
2030,P0129,Inner Mongolia,beccs,0.0,0.0,0.0,0.0,0.0,True
2030,P0129,Inner Mongolia,ammonia,0.0,0.0,0.0,0.0,0.0,True
2030,P0130,Hebei,unabated,1.0,5791630.0,4.7491366,0.0,0.0,True
2030,P0130,Hebei,retire,0.0,0.0,0.0,0.0,0.0,True
2030,P0130,Hebei,ccs,0.0,0.0,0.0,0.0,0.0,True
2030,P0130,Hebei,biomass,0.0,0.0,0.0,0.0,0.0,True
2030,P0130,Hebei,beccs,0.0,0.0,0.0,0.0,0.0,True
2030,P0130,Hebei,ammonia,0.0,0.0,0.0,0.0,0.0,True
2030,P0131,Zhejiang,unabated,1.0,68084190.0,55.8290358,0.0,0.0,True
2030,P0131,Zhejiang,retire,0.0,0.0,0.0,0.0,0.0,True
2030,P0131,Zhejiang,ccs,0.0,0.0,0.0,0.0,0.0,True
2030,P0131,Zhejiang,biomass,0.0,0.0,0.0,0.0,0.0,True
2030,P0131,Zhejiang,beccs,0.0,0.0,0.0,0.0,0.0,True
2030,P0131,Zhejiang,ammonia,0.0,0.0,0.0,0.0,0.0,True
2030,P0132,Jilin,unabated,1.0,6228808.0,5.107622559999999,0.0,0.0,True
2030,P0132,Jilin,retire,0.0,0.0,0.0,0.0,0.0,True
2030,P0132,Jilin,ccs,0.0,0.0,0.0,0.0,0.0,True
2030,P0132,Jilin,biomass,0.0,0.0,0.0,0.0,0.0,True
2030,P0132,Jilin,beccs,0.0,0.0,0.0,0.0,0.0,True
2030,P0132,Jilin,ammonia,0.0,0.0,0.0,0.0,0.0,True
2030,P0133,Anhui,unabated,1.0,31000810.000000004,25.420664200000004,0.0,0.0,True
2030,P0133,Anhui,retire,0.0,0.0,0.0,0.0,0.0,True
2030,P0133,Anhui,ccs,0.0,0.0,0.0,0.0,0.0,True
2030,P0133,Anhui,biomass,0.0,0.0,0.0,0.0,0.0,True
2030,P0133,Anhui,beccs,0.0,0.0,0.0,0.0,0.0,True
2030,P0133,Anhui,ammonia,0.0,0.0,0.0,0.0,0.0,True
2030,P0134,Shanxi,unabated,1.0,14837547.5,12.166788949999999,0.0,0.0,True
2030,P0134,Shanxi,retire,0.0,0.0,0.0,0.0,0.0,True
2030,P0134,Shanxi,ccs,0.0,0.0,0.0,0.0,0.0,True
2030,P0134,Shanxi,biomass,0.0,0.0,0.0,0.0,0.0,True
2030,P0134,Shanxi,beccs,0.0,0.0,0.0,0.0,0.0,True
2030,P0134,Shanxi,ammonia,0.0,0.0,0.0,0.0,0.0,True
2030,P0135,Liaoning,unabated,1.0,5891330.0,4.8308906,0.0,0.0,True
2030,P0135,Liaoning,retire,0.0,0.0,0.0,0.0,0.0,True
2030,P0135,Liaoning,ccs,0.0,0.0,0.0,0.0,0.0,True
2030,P0135,Liaoning,biomass,0.0,0.0,0.0,0.0,0.0,True
2030,P0135,Liaoning,beccs,0.0,0.0,0.0,0.0,0.0,True
2030,P0135,Liaoning,ammonia,0.0,0.0,0.0,0.0,0.0,True
2030,P0136,Inner Mongolia,unabated,1.0,4427720.0,3.6307304,0.0,0.0,True
2030,P0136,Inner Mongolia,retire,0.0,0.0,0.0,0.0,0.0,True
2030,P0136,Inner Mongolia,ccs,0.0,0.0,0.0,0.0,0.0,True
2030,P0136,Inner Mongolia,biomass,0.0,0.0,0.0,0.0,0.0,True
2030,P0136,Inner Mongolia,beccs,0.0,0.0,0.0,0.0,0.0,True
2030,P0136,Inner Mongolia,ammonia,0.0,0.0,0.0,0.0,0.0,True
2030,P0137,Xinjiang,unabated,1.0,7393679.999999999,6.062817599999999,0.0,0.0,True
2030,P0137,Xinjiang,retire,0.0,0.0,0.0,0.0,0.0,True
2030,P0137,Xinjiang,ccs,0.0,0.0,0.0,0.0,0.0,True
2030,P0137,Xinjiang,biomass,0.0,0.0,0.0,0.0,0.0,True
2030,P0137,Xinjiang,beccs,0.0,0.0,0.0,0.0,0.0,True
2030,P0137,Xinjiang,ammonia,0.0,0.0,0.0,0.0,0.0,True
2030,P0138,Jilin,unabated,1.0,4345680.000000001,3.5634576000000004,0.0,0.0,True
2030,P0138,Jilin,retire,0.0,0.0,0.0,0.0,0.0,True
2030,P0138,Jilin,ccs,0.0,0.0,0.0,0.0,0.0,True
2030,P0138,Jilin,biomass,0.0,0.0,0.0,0.0,0.0,True
2030,P0138,Jilin,beccs,0.0,0.0,0.0,0.0,0.0,True
2030,P0138,Jilin,ammonia,0.0,0.0,0.0,0.0,0.0,True
2030,P0139,Heilongjiang,unabated,1.0,4156807.5000000005,3.4085821500000004,0.0,0.0,True
2030,P0139,Heilongjiang,retire,0.0,0.0,0.0,0.0,0.0,True
2030,P0139,Heilongjiang,ccs,0.0,0.0,0.0,0.0,0.0,True
2030,P0139,Heilongjiang,biomass,0.0,0.0,0.0,0.0,0.0,True
2030,P0139,Heilongjiang,beccs,0.0,0.0,0.0,0.0,0.0,True
2030,P0139,Heilongjiang,ammonia,0.0,0.0,0.0,0.0,0.0,True
2030,P0140,Guangdong,unabated,1.0,55467916.0,45.483691119999996,0.0,0.0,True
2030,P0140,Guangdong,retire,0.0,0.0,0.0,0.0,0.0,True
2030,P0140,Guangdong,ccs,0.0,0.0,0.0,0.0,0.0,True
2030,P0140,Guangdong,biomass,0.0,0.0,0.0,0.0,0.0,True
2030,P0140,Guangdong,beccs,0.0,0.0,0.0,0.0,0.0,True
2030,P0140,Guangdong,ammonia,0.0,0.0,0.0,0.0,0.0,True
2030,P0141,Shandong,unabated,1.0,46881825.00000001,38.44309650000001,0.0,0.0,True
2030,P0141,Shandong,retire,0.0,0.0,0.0,0.0,0.0,True
2030,P0141,Shandong,ccs,0.0,0.0,0.0,0.0,0.0,True
2030,P0141,Shandong,biomass,0.0,0.0,0.0,0.0,0.0,True
2030,P0141,Shandong,beccs,0.0,0.0,0.0,0.0,0.0,True
2030,P0141,Shandong,ammonia,0.0,0.0,0.0,0.0,0.0,True
2030,P0142,Jiangsu,unabated,1.0,33453385.000000004,27.431775700000003,0.0,0.0,True
2030,P0142,Jiangsu,retire,0.0,0.0,0.0,0.0,0.0,True
2030,P0142,Jiangsu,ccs,0.0,0.0,0.0,0.0,0.0,True
2030,P0142,Jiangsu,biomass,0.0,0.0,0.0,0.0,0.0,True
2030,P0142,Jiangsu,beccs,0.0,0.0,0.0,0.0,0.0,True
2030,P0142,Jiangsu,ammonia,0.0,0.0,0.0,0.0,0.0,True
2030,P0143,Yunnan,unabated,1.0,11205499.999999998,9.188509999999997,0.0,0.0,True
2030,P0143,Yunnan,retire,0.0,0.0,0.0,0.0,0.0,True
2030,P0143,Yunnan,ccs,0.0,0.0,0.0,0.0,0.0,True
2030,P0143,Yunnan,biomass,0.0,0.0,0.0,0.0,0.0,True
2030,P0143,Yunnan,beccs,0.0,0.0,0.0,0.0,0.0,True
2030,P0143,Yunnan,ammonia,0.0,0.0,0.0,0.0,0.0,True
2030,P0144,Shanxi,unabated,1.0,32892597.499999996,26.971929949999996,0.0,0.0,True
2030,P0144,Shanxi,retire,0.0,0.0,0.0,0.0,0.0,True
2030,P0144,Shanxi,ccs,0.0,0.0,0.0,0.0,0.0,True
2030,P0144,Shanxi,biomass,0.0,0.0,0.0,0.0,0.0,True
2030,P0144,Shanxi,beccs,0.0,0.0,0.0,0.0,0.0,True
2030,P0144,Shanxi,ammonia,0.0,0.0,0.0,0.0,0.0,True
2030,P0145,Liaoning,unabated,1.0,8185847.999999999,6.712395359999999,0.0,0.0,True
2030,P0145,Liaoning,retire,0.0,0.0,0.0,0.0,0.0,True
2030,P0145,Liaoning,ccs,0.0,0.0,0.0,0.0,0.0,True
2030,P0145,Liaoning,biomass,0.0,0.0,0.0,0.0,0.0,True
2030,P0145,Liaoning,beccs,0.0,0.0,0.0,0.0,0.0,True
2030,P0145,Liaoning,ammonia,0.0,0.0,0.0,0.0,0.0,True
2030,P0146,Shanxi,unabated,1.0,19906850.0,16.323617,0.0,0.0,True
2030,P0146,Shanxi,retire,0.0,0.0,0.0,0.0,0.0,True
2030,P0146,Shanxi,ccs,0.0,0.0,0.0,0.0,0.0,True
2030,P0146,Shanxi,biomass,0.0,0.0,0.0,0.0,0.0,True
2030,P0146,Shanxi,beccs,0.0,0.0,0.0,0.0,0.0,True
2030,P0146,Shanxi,ammonia,0.0,0.0,0.0,0.0,0.0,True
2030,P0147,Inner Mongolia,unabated,1.0,15698279.999999998,12.872589599999998,0.0,0.0,True
2030,P0147,Inner Mongolia,retire,0.0,0.0,0.0,0.0,0.0,True
2030,P0147,Inner Mongolia,ccs,0.0,0.0,0.0,0.0,0.0,True
2030,P0147,Inner Mongolia,biomass,0.0,0.0,0.0,0.0,0.0,True
2030,P0147,Inner Mongolia,beccs,0.0,0.0,0.0,0.0,0.0,True
2030,P0147,Inner Mongolia,ammonia,0.0,0.0,0.0,0.0,0.0,True
2030,P0148,Shandong,unabated,1.0,9114699.000000002,7.47405318,0.0,0.0,True
2030,P0148,Shandong,retire,0.0,0.0,0.0,0.0,0.0,True
2030,P0148,Shandong,ccs,0.0,0.0,0.0,0.0,0.0,True
2030,P0148,Shandong,biomass,0.0,0.0,0.0,0.0,0.0,True
2030,P0148,Shandong,beccs,0.0,0.0,0.0,0.0,0.0,True
2030,P0148,Shandong,ammonia,0.0,0.0,0.0,0.0,0.0,True
2030,P0149,Shaanxi,unabated,1.0,42384920.0,34.7556344,0.0,0.0,True
2030,P0149,Shaanxi,retire,0.0,0.0,0.0,0.0,0.0,True
2030,P0149,Shaanxi,ccs,0.0,0.0,0.0,0.0,0.0,True
2030,P0149,Shaanxi,biomass,0.0,0.0,0.0,0.0,0.0,True
2030,P0149,Shaanxi,beccs,0.0,0.0,0.0,0.0,0.0,True
2030,P0149,Shaanxi,ammonia,0.0,0.0,0.0,0.0,0.0,True
2030,P0150,Guizhou,unabated,1.0,664594.0,0.5449670799999999,0.0,0.0,True
2030,P0150,Guizhou,retire,0.0,0.0,0.0,0.0,0.0,True
2030,P0150,Guizhou,ccs,0.0,0.0,0.0,0.0,0.0,True
2030,P0150,Guizhou,biomass,0.0,0.0,0.0,0.0,0.0,True
2030,P0150,Guizhou,beccs,0.0,0.0,0.0,0.0,0.0,True
2030,P0150,Guizhou,ammonia,0.0,0.0,0.0,0.0,0.0,True
2030,P0151,Shandong,unabated,1.0,16899262.500000004,13.857395250000001,0.0,0.0,True
2030,P0151,Shandong,retire,0.0,0.0,0.0,0.0,0.0,True
2030,P0151,Shandong,ccs,0.0,0.0,0.0,0.0,0.0,True
2030,P0151,Shandong,biomass,0.0,0.0,0.0,0.0,0.0,True
2030,P0151,Shandong,beccs,0.0,0.0,0.0,0.0,0.0,True
2030,P0151,Shandong,ammonia,0.0,0.0,0.0,0.0,0.0,True
2030,P0152,Guangdong,unabated,1.0,6426161.0,5.269452019999999,0.0,0.0,True
2030,P0152,Guangdong,retire,0.0,0.0,0.0,0.0,0.0,True
2030,P0152,Guangdong,ccs,0.0,0.0,0.0,0.0,0.0,True
2030,P0152,Guangdong,biomass,0.0,0.0,0.0,0.0,0.0,True
2030,P0152,Guangdong,beccs,0.0,0.0,0.0,0.0,0.0,True
2030,P0152,Guangdong,ammonia,0.0,0.0,0.0,0.0,0.0,True
2030,P0153,Heilongjiang,unabated,1.0,7391812.500000001,6.06128625,0.0,0.0,True
2030,P0153,Heilongjiang,retire,0.0,0.0,0.0,0.0,0.0,True
2030,P0153,Heilongjiang,ccs,0.0,0.0,0.0,0.0,0.0,True
2030,P0153,Heilongjiang,biomass,0.0,0.0,0.0,0.0,0.0,True
2030,P0153,Heilongjiang,beccs,0.0,0.0,0.0,0.0,0.0,True
2030,P0153,Heilongjiang,ammonia,0.0,0.0,0.0,0.0,0.0,True
2030,P0154,Tianjin,unabated,1.0,26537140.0,21.760454799999998,0.0,0.0,True
2030,P0154,Tianjin,retire,0.0,0.0,0.0,0.0,0.0,True
2030,P0154,Tianjin,ccs,0.0,0.0,0.0,0.0,0.0,True
2030,P0154,Tianjin,biomass,0.0,0.0,0.0,0.0,0.0,True
2030,P0154,Tianjin,beccs,0.0,0.0,0.0,0.0,0.0,True
2030,P0154,Tianjin,ammonia,0.0,0.0,0.0,0.0,0.0,True
2030,P0155,Shanxi,unabated,1.0,14175528.999999998,11.623933779999998,0.0,0.0,True
2030,P0155,Shanxi,retire,0.0,0.0,0.0,0.0,0.0,True
2030,P0155,Shanxi,ccs,0.0,0.0,0.0,0.0,0.0,True
2030,P0155,Shanxi,biomass,0.0,0.0,0.0,0.0,0.0,True
2030,P0155,Shanxi,beccs,0.0,0.0,0.0,0.0,0.0,True
2030,P0155,Shanxi,ammonia,0.0,0.0,0.0,0.0,0.0,True
2030,P0156,Yunnan,unabated,1.0,2689319.9999999995,2.2052423999999995,0.0,0.0,True
2030,P0156,Yunnan,retire,0.0,0.0,0.0,0.0,0.0,True
2030,P0156,Yunnan,ccs,0.0,0.0,0.0,0.0,0.0,True
2030,P0156,Yunnan,biomass,0.0,0.0,0.0,0.0,0.0,True
2030,P0156,Yunnan,beccs,0.0,0.0,0.0,0.0,0.0,True
2030,P0156,Yunnan,ammonia,0.0,0.0,0.0,0.0,0.0,True
2030,P0157,Guizhou,unabated,1.0,24495036.0,20.08592952,0.0,0.0,True
2030,P0157,Guizhou,retire,0.0,0.0,0.0,0.0,0.0,True
2030,P0157,Guizhou,ccs,0.0,0.0,0.0,0.0,0.0,True
2030,P0157,Guizhou,biomass,0.0,0.0,0.0,0.0,0.0,True
2030,P0157,Guizhou,beccs,0.0,0.0,0.0,0.0,0.0,True
2030,P0157,Guizhou,ammonia,0.0,0.0,0.0,0.0,0.0,True
2030,P0158,Guangxi,unabated,1.0,7299565.0,5.9856432999999996,0.0,0.0,True
2030,P0158,Guangxi,retire,0.0,0.0,0.0,0.0,0.0,True
2030,P0158,Guangxi,ccs,0.0,0.0,0.0,0.0,0.0,True
2030,P0158,Guangxi,biomass,0.0,0.0,0.0,0.0,0.0,True
2030,P0158,Guangxi,beccs,0.0,0.0,0.0,0.0,0.0,True
2030,P0158,Guangxi,ammonia,0.0,0.0,0.0,0.0,0.0,True
2030,P0159,Fujian,unabated,1.0,17480341.999999996,14.333880439999996,0.0,0.0,True
2030,P0159,Fujian,retire,0.0,0.0,0.0,0.0,0.0,True
2030,P0159,Fujian,ccs,0.0,0.0,0.0,0.0,0.0,True
2030,P0159,Fujian,biomass,0.0,0.0,0.0,0.0,0.0,True
2030,P0159,Fujian,beccs,0.0,0.0,0.0,0.0,0.0,True
2030,P0159,Fujian,ammonia,0.0,0.0,0.0,0.0,0.0,True
2030,P0160,Hubei,unabated,1.0,16573231.999999998,13.590050239999998,0.0,0.0,True
2030,P0160,Hubei,retire,0.0,0.0,0.0,0.0,0.0,True
2030,P0160,Hubei,ccs,0.0,0.0,0.0,0.0,0.0,True
2030,P0160,Hubei,biomass,0.0,0.0,0.0,0.0,0.0,True
2030,P0160,Hubei,beccs,0.0,0.0,0.0,0.0,0.0,True
2030,P0160,Hubei,ammonia,0.0,0.0,0.0,0.0,0.0,True
2030,P0161,Zhejiang,unabated,1.0,2629267.5,2.15599935,0.0,0.0,True
2030,P0161,Zhejiang,retire,0.0,0.0,0.0,0.0,0.0,True
2030,P0161,Zhejiang,ccs,0.0,0.0,0.0,0.0,0.0,True
2030,P0161,Zhejiang,biomass,0.0,0.0,0.0,0.0,0.0,True
2030,P0161,Zhejiang,beccs,0.0,0.0,0.0,0.0,0.0,True
2030,P0161,Zhejiang,ammonia,0.0,0.0,0.0,0.0,0.0,True
2030,P0162,Shandong,unabated,1.0,5974707.0,4.899259739999999,0.0,0.0,True
2030,P0162,Shandong,retire,0.0,0.0,0.0,0.0,0.0,True
2030,P0162,Shandong,ccs,0.0,0.0,0.0,0.0,0.0,True
2030,P0162,Shandong,biomass,0.0,0.0,0.0,0.0,0.0,True
2030,P0162,Shandong,beccs,0.0,0.0,0.0,0.0,0.0,True
2030,P0162,Shandong,ammonia,0.0,0.0,0.0,0.0,0.0,True
2030,P0163,Hebei,unabated,1.0,11583260.0,9.4982732,0.0,0.0,True
2030,P0163,Hebei,retire,0.0,0.0,0.0,0.0,0.0,True
2030,P0163,Hebei,ccs,0.0,0.0,0.0,0.0,0.0,True
2030,P0163,Hebei,biomass,0.0,0.0,0.0,0.0,0.0,True
2030,P0163,Hebei,beccs,0.0,0.0,0.0,0.0,0.0,True
2030,P0163,Hebei,ammonia,0.0,0.0,0.0,0.0,0.0,True
2030,P0164,Hunan,unabated,1.0,12502080.0,10.2517056,0.0,0.0,True
2030,P0164,Hunan,retire,0.0,0.0,0.0,0.0,0.0,True
2030,P0164,Hunan,ccs,0.0,0.0,0.0,0.0,0.0,True
2030,P0164,Hunan,biomass,0.0,0.0,0.0,0.0,0.0,True
2030,P0164,Hunan,beccs,0.0,0.0,0.0,0.0,0.0,True
2030,P0164,Hunan,ammonia,0.0,0.0,0.0,0.0,0.0,True
2030,P0165,Hebei,unabated,1.0,5346120.0,4.383818399999999,0.0,0.0,True
2030,P0165,Hebei,retire,0.0,0.0,0.0,0.0,0.0,True
2030,P0165,Hebei,ccs,0.0,0.0,0.0,0.0,0.0,True
2030,P0165,Hebei,biomass,0.0,0.0,0.0,0.0,0.0,True
2030,P0165,Hebei,beccs,0.0,0.0,0.0,0.0,0.0,True
2030,P0165,Hebei,ammonia,0.0,0.0,0.0,0.0,0.0,True
2030,P0166,Guangxi,unabated,1.0,8807344.0,7.2220220799999995,0.0,0.0,True
2030,P0166,Guangxi,retire,0.0,0.0,0.0,0.0,0.0,True
2030,P0166,Guangxi,ccs,0.0,0.0,0.0,0.0,0.0,True
2030,P0166,Guangxi,biomass,0.0,0.0,0.0,0.0,0.0,True
2030,P0166,Guangxi,beccs,0.0,0.0,0.0,0.0,0.0,True
2030,P0166,Guangxi,ammonia,0.0,0.0,0.0,0.0,0.0,True
2030,P0167,Shandong,unabated,1.0,52621032.60000001,43.14924673200001,0.0,0.0,True
2030,P0167,Shandong,retire,0.0,0.0,0.0,0.0,0.0,True
2030,P0167,Shandong,ccs,0.0,0.0,0.0,0.0,0.0,True
2030,P0167,Shandong,biomass,0.0,0.0,0.0,0.0,0.0,True
2030,P0167,Shandong,beccs,0.0,0.0,0.0,0.0,0.0,True
2030,P0167,Shandong,ammonia,0.0,0.0,0.0,0.0,0.0,True
2030,P0168,Xinjiang,unabated,1.0,8555543.999999998,7.015546079999998,0.0,0.0,True
2030,P0168,Xinjiang,retire,0.0,0.0,0.0,0.0,0.0,True
2030,P0168,Xinjiang,ccs,0.0,0.0,0.0,0.0,0.0,True
2030,P0168,Xinjiang,biomass,0.0,0.0,0.0,0.0,0.0,True
2030,P0168,Xinjiang,beccs,0.0,0.0,0.0,0.0,0.0,True
2030,P0168,Xinjiang,ammonia,0.0,0.0,0.0,0.0,0.0,True
2030,P0169,Guizhou,unabated,1.0,7120650.0,5.838933,0.0,0.0,True
2030,P0169,Guizhou,retire,0.0,0.0,0.0,0.0,0.0,True
2030,P0169,Guizhou,ccs,0.0,0.0,0.0,0.0,0.0,True
2030,P0169,Guizhou,biomass,0.0,0.0,0.0,0.0,0.0,True
2030,P0169,Guizhou,beccs,0.0,0.0,0.0,0.0,0.0,True
2030,P0169,Guizhou,ammonia,0.0,0.0,0.0,0.0,0.0,True
2030,P0170,Shandong,unabated,1.0,33013527.000000004,27.07109214,0.0,0.0,True
2030,P0170,Shandong,retire,0.0,0.0,0.0,0.0,0.0,True
2030,P0170,Shandong,ccs,0.0,0.0,0.0,0.0,0.0,True
2030,P0170,Shandong,biomass,0.0,0.0,0.0,0.0,0.0,True
2030,P0170,Shandong,beccs,0.0,0.0,0.0,0.0,0.0,True
2030,P0170,Shandong,ammonia,0.0,0.0,0.0,0.0,0.0,True
2030,P0171,Shaanxi,unabated,1.0,15202300.0,12.465886,0.0,0.0,True
2030,P0171,Shaanxi,retire,0.0,0.0,0.0,0.0,0.0,True
2030,P0171,Shaanxi,ccs,0.0,0.0,0.0,0.0,0.0,True
2030,P0171,Shaanxi,biomass,0.0,0.0,0.0,0.0,0.0,True
2030,P0171,Shaanxi,beccs,0.0,0.0,0.0,0.0,0.0,True
2030,P0171,Shaanxi,ammonia,0.0,0.0,0.0,0.0,0.0,True
2030,P0172,Sichuan,unabated,1.0,16288263.999999998,13.356376479999998,0.0,0.0,True
2030,P0172,Sichuan,retire,0.0,0.0,0.0,0.0,0.0,True
2030,P0172,Sichuan,ccs,0.0,0.0,0.0,0.0,0.0,True
2030,P0172,Sichuan,biomass,0.0,0.0,0.0,0.0,0.0,True
2030,P0172,Sichuan,beccs,0.0,0.0,0.0,0.0,0.0,True
2030,P0172,Sichuan,ammonia,0.0,0.0,0.0,0.0,0.0,True
2030,P0173,Ningxia,unabated,1.0,26644024.0,21.84809968,0.0,0.0,True
2030,P0173,Ningxia,retire,0.0,0.0,0.0,0.0,0.0,True
2030,P0173,Ningxia,ccs,0.0,0.0,0.0,0.0,0.0,True
2030,P0173,Ningxia,biomass,0.0,0.0,0.0,0.0,0.0,True
2030,P0173,Ningxia,beccs,0.0,0.0,0.0,0.0,0.0,True
2030,P0173,Ningxia,ammonia,0.0,0.0,0.0,0.0,0.0,True
2030,P0174,Shanxi,unabated,1.0,37452655.0,30.711177099999997,0.0,0.0,True
2030,P0174,Shanxi,retire,0.0,0.0,0.0,0.0,0.0,True
2030,P0174,Shanxi,ccs,0.0,0.0,0.0,0.0,0.0,True
2030,P0174,Shanxi,biomass,0.0,0.0,0.0,0.0,0.0,True
2030,P0174,Shanxi,beccs,0.0,0.0,0.0,0.0,0.0,True
2030,P0174,Shanxi,ammonia,0.0,0.0,0.0,0.0,0.0,True
2030,P0175,Guizhou,unabated,1.0,8544780.0,7.006719599999999,0.0,0.0,True
2030,P0175,Guizhou,retire,0.0,0.0,0.0,0.0,0.0,True
2030,P0175,Guizhou,ccs,0.0,0.0,0.0,0.0,0.0,True
2030,P0175,Guizhou,biomass,0.0,0.0,0.0,0.0,0.0,True
2030,P0175,Guizhou,beccs,0.0,0.0,0.0,0.0,0.0,True
2030,P0175,Guizhou,ammonia,0.0,0.0,0.0,0.0,0.0,True
2030,P0176,Hubei,unabated,1.0,17623120.0,14.4509584,0.0,0.0,True
2030,P0176,Hubei,retire,0.0,0.0,0.0,0.0,0.0,True
2030,P0176,Hubei,ccs,0.0,0.0,0.0,0.0,0.0,True
2030,P0176,Hubei,biomass,0.0,0.0,0.0,0.0,0.0,True
2030,P0176,Hubei,beccs,0.0,0.0,0.0,0.0,0.0,True
2030,P0176,Hubei,ammonia,0.0,0.0,0.0,0.0,0.0,True
2030,P0177,Jilin,unabated,1.0,7460084.0,6.11726888,0.0,0.0,True
2030,P0177,Jilin,retire,0.0,0.0,0.0,0.0,0.0,True
2030,P0177,Jilin,ccs,0.0,0.0,0.0,0.0,0.0,True
2030,P0177,Jilin,biomass,0.0,0.0,0.0,0.0,0.0,True
2030,P0177,Jilin,beccs,0.0,0.0,0.0,0.0,0.0,True
2030,P0177,Jilin,ammonia,0.0,0.0,0.0,0.0,0.0,True
2030,P0178,Shaanxi,unabated,1.0,6353200.0,5.209624,0.0,0.0,True
2030,P0178,Shaanxi,retire,0.0,0.0,0.0,0.0,0.0,True
2030,P0178,Shaanxi,ccs,0.0,0.0,0.0,0.0,0.0,True
2030,P0178,Shaanxi,biomass,0.0,0.0,0.0,0.0,0.0,True
2030,P0178,Shaanxi,beccs,0.0,0.0,0.0,0.0,0.0,True
2030,P0178,Shaanxi,ammonia,0.0,0.0,0.0,0.0,0.0,True
2030,P0179,Fujian,unabated,1.0,32038749.999999996,26.271774999999995,0.0,0.0,True
2030,P0179,Fujian,retire,0.0,0.0,0.0,0.0,0.0,True
2030,P0179,Fujian,ccs,0.0,0.0,0.0,0.0,0.0,True
2030,P0179,Fujian,biomass,0.0,0.0,0.0,0.0,0.0,True
2030,P0179,Fujian,beccs,0.0,0.0,0.0,0.0,0.0,True
2030,P0179,Fujian,ammonia,0.0,0.0,0.0,0.0,0.0,True
2030,P0180,Inner Mongolia,unabated,1.0,7547250.0,6.188745,0.0,0.0,True
2030,P0180,Inner Mongolia,retire,0.0,0.0,0.0,0.0,0.0,True
2030,P0180,Inner Mongolia,ccs,0.0,0.0,0.0,0.0,0.0,True
2030,P0180,Inner Mongolia,biomass,0.0,0.0,0.0,0.0,0.0,True
2030,P0180,Inner Mongolia,beccs,0.0,0.0,0.0,0.0,0.0,True
2030,P0180,Inner Mongolia,ammonia,0.0,0.0,0.0,0.0,0.0,True
2030,P0181,Xinjiang,unabated,1.0,22999625.999999996,18.859693319999998,0.0,0.0,True
2030,P0181,Xinjiang,retire,0.0,0.0,0.0,0.0,0.0,True
2030,P0181,Xinjiang,ccs,0.0,0.0,0.0,0.0,0.0,True
2030,P0181,Xinjiang,biomass,0.0,0.0,0.0,0.0,0.0,True
2030,P0181,Xinjiang,beccs,0.0,0.0,0.0,0.0,0.0,True
2030,P0181,Xinjiang,ammonia,0.0,0.0,0.0,0.0,0.0,True
2030,P0182,Jiangxi,unabated,1.0,27707083.2,22.719808224,0.0,0.0,True
2030,P0182,Jiangxi,retire,0.0,0.0,0.0,0.0,0.0,True
2030,P0182,Jiangxi,ccs,0.0,0.0,0.0,0.0,0.0,True
2030,P0182,Jiangxi,biomass,0.0,0.0,0.0,0.0,0.0,True
2030,P0182,Jiangxi,beccs,0.0,0.0,0.0,0.0,0.0,True
2030,P0182,Jiangxi,ammonia,0.0,0.0,0.0,0.0,0.0,True
2030,P0183,Xinjiang,unabated,1.0,1425923.9999999998,1.1692576799999996,0.0,0.0,True
2030,P0183,Xinjiang,retire,0.0,0.0,0.0,0.0,0.0,True
2030,P0183,Xinjiang,ccs,0.0,0.0,0.0,0.0,0.0,True
2030,P0183,Xinjiang,biomass,0.0,0.0,0.0,0.0,0.0,True
2030,P0183,Xinjiang,beccs,0.0,0.0,0.0,0.0,0.0,True
2030,P0183,Xinjiang,ammonia,0.0,0.0,0.0,0.0,0.0,True
2030,P0184,Shandong,unabated,1.0,28303539.000000004,23.20890198,0.0,0.0,True
2030,P0184,Shandong,retire,0.0,0.0,0.0,0.0,0.0,True
2030,P0184,Shandong,ccs,0.0,0.0,0.0,0.0,0.0,True
2030,P0184,Shandong,biomass,0.0,0.0,0.0,0.0,0.0,True
2030,P0184,Shandong,beccs,0.0,0.0,0.0,0.0,0.0,True
2030,P0184,Shandong,ammonia,0.0,0.0,0.0,0.0,0.0,True
2030,P0185,Guizhou,unabated,1.0,7120650.0,5.838933,0.0,0.0,True
2030,P0185,Guizhou,retire,0.0,0.0,0.0,0.0,0.0,True
2030,P0185,Guizhou,ccs,0.0,0.0,0.0,0.0,0.0,True
2030,P0185,Guizhou,biomass,0.0,0.0,0.0,0.0,0.0,True
2030,P0185,Guizhou,beccs,0.0,0.0,0.0,0.0,0.0,True
2030,P0185,Guizhou,ammonia,0.0,0.0,0.0,0.0,0.0,True
2030,P0186,Ningxia,unabated,1.0,24108865.0,19.769269299999998,0.0,0.0,True
2030,P0186,Ningxia,retire,0.0,0.0,0.0,0.0,0.0,True
2030,P0186,Ningxia,ccs,0.0,0.0,0.0,0.0,0.0,True
2030,P0186,Ningxia,biomass,0.0,0.0,0.0,0.0,0.0,True
2030,P0186,Ningxia,beccs,0.0,0.0,0.0,0.0,0.0,True
2030,P0186,Ningxia,ammonia,0.0,0.0,0.0,0.0,0.0,True
2030,P0187,Inner Mongolia,unabated,1.0,1006300.0,0.825166,0.0,0.0,True
2030,P0187,Inner Mongolia,retire,0.0,0.0,0.0,0.0,0.0,True
2030,P0187,Inner Mongolia,ccs,0.0,0.0,0.0,0.0,0.0,True
2030,P0187,Inner Mongolia,biomass,0.0,0.0,0.0,0.0,0.0,True
2030,P0187,Inner Mongolia,beccs,0.0,0.0,0.0,0.0,0.0,True
2030,P0187,Inner Mongolia,ammonia,0.0,0.0,0.0,0.0,0.0,True
2030,P0188,Xinjiang,unabated,1.0,21124800.0,17.322336,0.0,0.0,True
2030,P0188,Xinjiang,retire,0.0,0.0,0.0,0.0,0.0,True
2030,P0188,Xinjiang,ccs,0.0,0.0,0.0,0.0,0.0,True
2030,P0188,Xinjiang,biomass,0.0,0.0,0.0,0.0,0.0,True
2030,P0188,Xinjiang,beccs,0.0,0.0,0.0,0.0,0.0,True
2030,P0188,Xinjiang,ammonia,0.0,0.0,0.0,0.0,0.0,True
2030,P0189,Yunnan,unabated,1.0,4482200.0,3.675404,0.0,0.0,True
2030,P0189,Yunnan,retire,0.0,0.0,0.0,0.0,0.0,True
2030,P0189,Yunnan,ccs,0.0,0.0,0.0,0.0,0.0,True
2030,P0189,Yunnan,biomass,0.0,0.0,0.0,0.0,0.0,True
2030,P0189,Yunnan,beccs,0.0,0.0,0.0,0.0,0.0,True
2030,P0189,Yunnan,ammonia,0.0,0.0,0.0,0.0,0.0,True
2030,P0190,Jiangsu,unabated,1.0,11234720.0,9.2124704,0.0,0.0,True
2030,P0190,Jiangsu,retire,0.0,0.0,0.0,0.0,0.0,True
2030,P0190,Jiangsu,ccs,0.0,0.0,0.0,0.0,0.0,True
2030,P0190,Jiangsu,biomass,0.0,0.0,0.0,0.0,0.0,True
2030,P0190,Jiangsu,beccs,0.0,0.0,0.0,0.0,0.0,True
2030,P0190,Jiangsu,ammonia,0.0,0.0,0.0,0.0,0.0,True
2030,P0191,Hunan,unabated,0.0,0.0,0.0,0.0,0.0,True
2030,P0191,Hunan,retire,0.0,0.0,0.0,0.0,0.0,True
2030,P0191,Hunan,ccs,0.0,0.0,0.0,0.0,0.0,True
2030,P0191,Hunan,biomass,1.0,8204490.0,6.7276818,6.7276818,0.0,True
2030,P0191,Hunan,beccs,0.0,0.0,0.0,0.0,0.0,True
2030,P0191,Hunan,ammonia,0.0,0.0,0.0,0.0,0.0,True
2030,P0192,Shaanxi,unabated,1.0,15519960.0,12.726367199999999,0.0,0.0,True
2030,P0192,Shaanxi,retire,0.0,0.0,0.0,0.0,0.0,True
2030,P0192,Shaanxi,ccs,0.0,0.0,0.0,0.0,0.0,True
2030,P0192,Shaanxi,biomass,0.0,0.0,0.0,0.0,0.0,True
2030,P0192,Shaanxi,beccs,0.0,0.0,0.0,0.0,0.0,True
2030,P0192,Shaanxi,ammonia,0.0,0.0,0.0,0.0,0.0,True
2030,P0193,Guangxi,unabated,0.0,0.0,0.0,0.0,0.0,True
2030,P0193,Guangxi,retire,0.0,0.0,0.0,0.0,0.0,True
2030,P0193,Guangxi,ccs,0.0,0.0,0.0,0.0,0.0,True
2030,P0193,Guangxi,biomass,1.0,6557642.0,5.37726644,5.37726644,0.0,True
2030,P0193,Guangxi,beccs,0.0,0.0,0.0,0.0,0.0,True
2030,P0193,Guangxi,ammonia,0.0,0.0,0.0,0.0,0.0,True
2030,P0194,Shaanxi,unabated,1.0,2995080.0,2.4559655999999994,0.0,0.0,True
2030,P0194,Shaanxi,retire,0.0,0.0,0.0,0.0,0.0,True
2030,P0194,Shaanxi,ccs,0.0,0.0,0.0,0.0,0.0,True
2030,P0194,Shaanxi,biomass,0.0,0.0,0.0,0.0,0.0,True
2030,P0194,Shaanxi,beccs,0.0,0.0,0.0,0.0,0.0,True
2030,P0194,Shaanxi,ammonia,0.0,0.0,0.0,0.0,0.0,True
2030,P0195,Sichuan,unabated,0.0,0.0,0.0,0.0,0.0,True
2030,P0195,Sichuan,retire,0.0,0.0,0.0,0.0,0.0,True
2030,P0195,Sichuan,ccs,0.0,0.0,0.0,0.0,0.0,True
2030,P0195,Sichuan,biomass,1.0,2997839.9999999995,2.458228799999999,2.458228799999999,0.0,True
2030,P0195,Sichuan,beccs,0.0,0.0,0.0,0.0,0.0,True
2030,P0195,Sichuan,ammonia,0.0,0.0,0.0,0.0,0.0,True
2030,P0196,Xinjiang,unabated,1.0,633743.9999999999,0.5196700799999999,0.0,0.0,True
2030,P0196,Xinjiang,retire,0.0,0.0,0.0,0.0,0.0,True
2030,P0196,Xinjiang,ccs,0.0,0.0,0.0,0.0,0.0,True
2030,P0196,Xinjiang,biomass,0.0,0.0,0.0,0.0,0.0,True
2030,P0196,Xinjiang,beccs,0.0,0.0,0.0,0.0,0.0,True
2030,P0196,Xinjiang,ammonia,0.0,0.0,0.0,0.0,0.0,True
2030,P0197,Fujian,unabated,1.0,6766584.0,5.54859888,0.0,0.0,True
2030,P0197,Fujian,retire,0.0,0.0,0.0,0.0,0.0,True
2030,P0197,Fujian,ccs,0.0,0.0,0.0,0.0,0.0,True
2030,P0197,Fujian,biomass,0.0,0.0,0.0,0.0,0.0,True
2030,P0197,Fujian,beccs,0.0,0.0,0.0,0.0,0.0,True
2030,P0197,Fujian,ammonia,0.0,0.0,0.0,0.0,0.0,True
2030,P0198,Gansu,unabated,1.0,2765136.0,2.26741152,0.0,0.0,True
2030,P0198,Gansu,retire,0.0,0.0,0.0,0.0,0.0,True
2030,P0198,Gansu,ccs,0.0,0.0,0.0,0.0,0.0,True
2030,P0198,Gansu,biomass,0.0,0.0,0.0,0.0,0.0,True
2030,P0198,Gansu,beccs,0.0,0.0,0.0,0.0,0.0,True
2030,P0198,Gansu,ammonia,0.0,0.0,0.0,0.0,0.0,True
2030,P0199,Inner Mongolia,unabated,1.0,1308190.0,1.0727158,0.0,0.0,True
2030,P0199,Inner Mongolia,retire,0.0,0.0,0.0,0.0,0.0,True
2030,P0199,Inner Mongolia,ccs,0.0,0.0,0.0,0.0,0.0,True
2030,P0199,Inner Mongolia,biomass,0.0,0.0,0.0,0.0,0.0,True
2030,P0199,Inner Mongolia,beccs,0.0,0.0,0.0,0.0,0.0,True
2030,P0199,Inner Mongolia,ammonia,0.0,0.0,0.0,0.0,0.0,True
2030,P0200,Xinjiang,unabated,1.0,10668023.999999998,8.747779679999997,0.0,0.0,True
2030,P0200,Xinjiang,retire,0.0,0.0,0.0,0.0,0.0,True
2030,P0200,Xinjiang,ccs,0.0,0.0,0.0,0.0,0.0,True
2030,P0200,Xinjiang,biomass,0.0,0.0,0.0,0.0,0.0,True
2030,P0200,Xinjiang,beccs,0.0,0.0,0.0,0.0,0.0,True
2030,P0200,Xinjiang,ammonia,0.0,0.0,0.0,0.0,0.0,True
2030,P0201,Heilongjiang,unabated,1.0,2434950.0000000005,1.9966590000000002,0.0,0.0,True
2030,P0201,Heilongjiang,retire,0.0,0.0,0.0,0.0,0.0,True
2030,P0201,Heilongjiang,ccs,0.0,0.0,0.0,0.0,0.0,True
2030,P0201,Heilongjiang,biomass,0.0,0.0,0.0,0.0,0.0,True
2030,P0201,Heilongjiang,beccs,0.0,0.0,0.0,0.0,0.0,True
2030,P0201,Heilongjiang,ammonia,0.0,0.0,0.0,0.0,0.0,True
2030,P0202,Jiangxi,unabated,0.05505343874723734,503820.88405407756,0.4131331249243435,0.0,0.0,True
2030,P0202,Jiangxi,retire,0.0,0.0,0.0,0.0,0.0,True
2030,P0202,Jiangxi,ccs,0.0,0.0,0.0,0.0,0.0,True
2030,P0202,Jiangxi,biomass,0.9449465612527633,8647667.115945928,7.0910870350756605,7.0910870350756605,0.0,True
2030,P0202,Jiangxi,beccs,0.0,0.0,0.0,0.0,0.0,True
2030,P0202,Jiangxi,ammonia,0.0,0.0,0.0,0.0,0.0,True
2030,P0203,Inner Mongolia,unabated,1.0,6792524.999999999,5.5698704999999995,0.0,0.0,True
2030,P0203,Inner Mongolia,retire,0.0,0.0,0.0,0.0,0.0,True
2030,P0203,Inner Mongolia,ccs,0.0,0.0,0.0,0.0,0.0,True
2030,P0203,Inner Mongolia,biomass,0.0,0.0,0.0,0.0,0.0,True
2030,P0203,Inner Mongolia,beccs,0.0,0.0,0.0,0.0,0.0,True
2030,P0203,Inner Mongolia,ammonia,0.0,0.0,0.0,0.0,0.0,True
2030,P0204,Heilongjiang,unabated,1.0,2434950.0000000005,1.9966590000000002,0.0,0.0,True
2030,P0204,Heilongjiang,retire,0.0,0.0,0.0,0.0,0.0,True
2030,P0204,Heilongjiang,ccs,0.0,0.0,0.0,0.0,0.0,True
2030,P0204,Heilongjiang,biomass,0.0,0.0,0.0,0.0,0.0,True
2030,P0204,Heilongjiang,beccs,0.0,0.0,0.0,0.0,0.0,True
2030,P0204,Heilongjiang,ammonia,0.0,0.0,0.0,0.0,0.0,True
2030,P0205,Inner Mongolia,unabated,1.0,3018899.9999999995,2.4754979999999995,0.0,0.0,True
2030,P0205,Inner Mongolia,retire,0.0,0.0,0.0,0.0,0.0,True
2030,P0205,Inner Mongolia,ccs,0.0,0.0,0.0,0.0,0.0,True
2030,P0205,Inner Mongolia,biomass,0.0,0.0,0.0,0.0,0.0,True
2030,P0205,Inner Mongolia,beccs,0.0,0.0,0.0,0.0,0.0,True
2030,P0205,Inner Mongolia,ammonia,0.0,0.0,0.0,0.0,0.0,True
2030,P0206,Hubei,unabated,1.0,3937080.0,3.2284055999999994,0.0,0.0,True
2030,P0206,Hubei,retire,0.0,0.0,0.0,0.0,0.0,True
2030,P0206,Hubei,ccs,0.0,0.0,0.0,0.0,0.0,True
2030,P0206,Hubei,biomass,0.0,0.0,0.0,0.0,0.0,True
2030,P0206,Hubei,beccs,0.0,0.0,0.0,0.0,0.0,True
2030,P0206,Hubei,ammonia,0.0,0.0,0.0,0.0,0.0,True
2030,P0207,Xinjiang,unabated,1.0,47530800.0,38.975256,0.0,0.0,True
2030,P0207,Xinjiang,retire,0.0,0.0,0.0,0.0,0.0,True
2030,P0207,Xinjiang,ccs,0.0,0.0,0.0,0.0,0.0,True
2030,P0207,Xinjiang,biomass,0.0,0.0,0.0,0.0,0.0,True
2030,P0207,Xinjiang,beccs,0.0,0.0,0.0,0.0,0.0,True
2030,P0207,Xinjiang,ammonia,0.0,0.0,0.0,0.0,0.0,True
2030,P0208,Sichuan,unabated,1.0,1648811.9999999998,1.3520258399999996,0.0,0.0,True
2030,P0208,Sichuan,retire,0.0,0.0,0.0,0.0,0.0,True
2030,P0208,Sichuan,ccs,0.0,0.0,0.0,0.0,0.0,True
2030,P0208,Sichuan,biomass,0.0,0.0,0.0,0.0,0.0,True
2030,P0208,Sichuan,beccs,0.0,0.0,0.0,0.0,0.0,True
2030,P0208,Sichuan,ammonia,0.0,0.0,0.0,0.0,0.0,True
2030,P0209,Zhejiang,unabated,1.0,13284720.000000002,10.8934704,0.0,0.0,True
2030,P0209,Zhejiang,retire,0.0,0.0,0.0,0.0,0.0,True
2030,P0209,Zhejiang,ccs,0.0,0.0,0.0,0.0,0.0,True
2030,P0209,Zhejiang,biomass,0.0,0.0,0.0,0.0,0.0,True
2030,P0209,Zhejiang,beccs,0.0,0.0,0.0,0.0,0.0,True
2030,P0209,Zhejiang,ammonia,0.0,0.0,0.0,0.0,0.0,True
2030,P0210,Anhui,unabated,1.0,6708372.000000001,5.50086504,0.0,0.0,True
2030,P0210,Anhui,retire,0.0,0.0,0.0,0.0,0.0,True
2030,P0210,Anhui,ccs,0.0,0.0,0.0,0.0,0.0,True
2030,P0210,Anhui,biomass,0.0,0.0,0.0,0.0,0.0,True
2030,P0210,Anhui,beccs,0.0,0.0,0.0,0.0,0.0,True
2030,P0210,Anhui,ammonia,0.0,0.0,0.0,0.0,0.0,True
2030,P0211,Henan,unabated,1.0,4535496.0,3.7191067199999996,0.0,0.0,True
2030,P0211,Henan,retire,0.0,0.0,0.0,0.0,0.0,True
2030,P0211,Henan,ccs,0.0,0.0,0.0,0.0,0.0,True
2030,P0211,Henan,biomass,0.0,0.0,0.0,0.0,0.0,True
2030,P0211,Henan,beccs,0.0,0.0,0.0,0.0,0.0,True
2030,P0211,Henan,ammonia,0.0,0.0,0.0,0.0,0.0,True
2030,P0212,Gansu,unabated,1.0,11102440.0,9.1040008,0.0,0.0,True
2030,P0212,Gansu,retire,0.0,0.0,0.0,0.0,0.0,True
2030,P0212,Gansu,ccs,0.0,0.0,0.0,0.0,0.0,True
2030,P0212,Gansu,biomass,0.0,0.0,0.0,0.0,0.0,True
2030,P0212,Gansu,beccs,0.0,0.0,0.0,0.0,0.0,True
2030,P0212,Gansu,ammonia,0.0,0.0,0.0,0.0,0.0,True
2030,P0213,Hubei,unabated,1.0,13761032.0,11.28404624,0.0,0.0,True
2030,P0213,Hubei,retire,0.0,0.0,0.0,0.0,0.0,True
2030,P0213,Hubei,ccs,0.0,0.0,0.0,0.0,0.0,True
2030,P0213,Hubei,biomass,0.0,0.0,0.0,0.0,0.0,True
2030,P0213,Hubei,beccs,0.0,0.0,0.0,0.0,0.0,True
2030,P0213,Hubei,ammonia,0.0,0.0,0.0,0.0,0.0,True
2030,P0214,Xinjiang,unabated,1.0,5096358.0,4.17901356,0.0,0.0,True
2030,P0214,Xinjiang,retire,0.0,0.0,0.0,0.0,0.0,True
2030,P0214,Xinjiang,ccs,0.0,0.0,0.0,0.0,0.0,True
2030,P0214,Xinjiang,biomass,0.0,0.0,0.0,0.0,0.0,True
2030,P0214,Xinjiang,beccs,0.0,0.0,0.0,0.0,0.0,True
2030,P0214,Xinjiang,ammonia,0.0,0.0,0.0,0.0,0.0,True
2030,P0215,Hebei,unabated,1.0,5880732.000000001,4.82220024,0.0,0.0,True
2030,P0215,Hebei,retire,0.0,0.0,0.0,0.0,0.0,True
2030,P0215,Hebei,ccs,0.0,0.0,0.0,0.0,0.0,True
2030,P0215,Hebei,biomass,0.0,0.0,0.0,0.0,0.0,True
2030,P0215,Hebei,beccs,0.0,0.0,0.0,0.0,0.0,True
2030,P0215,Hebei,ammonia,0.0,0.0,0.0,0.0,0.0,True
2030,P0216,Heilongjiang,unabated,1.0,347850.0,0.285237,0.0,0.0,True
2030,P0216,Heilongjiang,retire,0.0,0.0,0.0,0.0,0.0,True
2030,P0216,Heilongjiang,ccs,0.0,0.0,0.0,0.0,0.0,True
2030,P0216,Heilongjiang,biomass,0.0,0.0,0.0,0.0,0.0,True
2030,P0216,Heilongjiang,beccs,0.0,0.0,0.0,0.0,0.0,True
2030,P0216,Heilongjiang,ammonia,0.0,0.0,0.0,0.0,0.0,True
2030,P0217,Hainan,unabated,1.0,1509270.0,1.2376014,0.0,0.0,True
2030,P0217,Hainan,retire,0.0,0.0,0.0,0.0,0.0,True
2030,P0217,Hainan,ccs,0.0,0.0,0.0,0.0,0.0,True
2030,P0217,Hainan,biomass,0.0,0.0,0.0,0.0,0.0,True
2030,P0217,Hainan,beccs,0.0,0.0,0.0,0.0,0.0,True
2030,P0217,Hainan,ammonia,0.0,0.0,0.0,0.0,0.0,True
2030,P0218,Hubei,unabated,1.0,7424207.999999999,6.087850559999999,0.0,0.0,True
2030,P0218,Hubei,retire,0.0,0.0,0.0,0.0,0.0,True
2030,P0218,Hubei,ccs,0.0,0.0,0.0,0.0,0.0,True
2030,P0218,Hubei,biomass,0.0,0.0,0.0,0.0,0.0,True
2030,P0218,Hubei,beccs,0.0,0.0,0.0,0.0,0.0,True
2030,P0218,Hubei,ammonia,0.0,0.0,0.0,0.0,0.0,True
2030,P0219,Jilin,unabated,1.0,2933334.0,2.4053338799999997,0.0,0.0,True
2030,P0219,Jilin,retire,0.0,0.0,0.0,0.0,0.0,True
2030,P0219,Jilin,ccs,0.0,0.0,0.0,0.0,0.0,True
2030,P0219,Jilin,biomass,0.0,0.0,0.0,0.0,0.0,True
2030,P0219,Jilin,beccs,0.0,0.0,0.0,0.0,0.0,True
2030,P0219,Jilin,ammonia,0.0,0.0,0.0,0.0,0.0,True
2030,P0220,Hebei,unabated,1.0,5880732.000000001,4.82220024,0.0,0.0,True
2030,P0220,Hebei,retire,0.0,0.0,0.0,0.0,0.0,True
2030,P0220,Hebei,ccs,0.0,0.0,0.0,0.0,0.0,True
2030,P0220,Hebei,biomass,0.0,0.0,0.0,0.0,0.0,True
2030,P0220,Hebei,beccs,0.0,0.0,0.0,0.0,0.0,True
2030,P0220,Hebei,ammonia,0.0,0.0,0.0,0.0,0.0,True
2030,P0221,Gansu,unabated,1.0,17303048.0,14.18849936,0.0,0.0,True
2030,P0221,Gansu,retire,0.0,0.0,0.0,0.0,0.0,True
2030,P0221,Gansu,ccs,0.0,0.0,0.0,0.0,0.0,True
2030,P0221,Gansu,biomass,0.0,0.0,0.0,0.0,0.0,True
2030,P0221,Gansu,beccs,0.0,0.0,0.0,0.0,0.0,True
2030,P0221,Gansu,ammonia,0.0,0.0,0.0,0.0,0.0,True
2030,P0222,Jiangxi,unabated,1.0,19065600.0,15.633791999999998,0.0,0.0,True
2030,P0222,Jiangxi,retire,0.0,0.0,0.0,0.0,0.0,True
2030,P0222,Jiangxi,ccs,0.0,0.0,0.0,0.0,0.0,True
2030,P0222,Jiangxi,biomass,0.0,0.0,0.0,0.0,0.0,True
2030,P0222,Jiangxi,beccs,0.0,0.0,0.0,0.0,0.0,True
2030,P0222,Jiangxi,ammonia,0.0,0.0,0.0,0.0,0.0,True
2030,P0223,Anhui,unabated,1.0,32652492.500000004,26.775043850000003,0.0,0.0,True
2030,P0223,Anhui,retire,0.0,0.0,0.0,0.0,0.0,True
2030,P0223,Anhui,ccs,0.0,0.0,0.0,0.0,0.0,True
2030,P0223,Anhui,biomass,0.0,0.0,0.0,0.0,0.0,True
2030,P0223,Anhui,beccs,0.0,0.0,0.0,0.0,0.0,True
2030,P0223,Anhui,ammonia,0.0,0.0,0.0,0.0,0.0,True
2030,P0224,Xinjiang,unabated,1.0,5809319.999999999,4.763642399999998,0.0,0.0,True
2030,P0224,Xinjiang,retire,0.0,0.0,0.0,0.0,0.0,True
2030,P0224,Xinjiang,ccs,0.0,0.0,0.0,0.0,0.0,True
2030,P0224,Xinjiang,biomass,0.0,0.0,0.0,0.0,0.0,True
2030,P0224,Xinjiang,beccs,0.0,0.0,0.0,0.0,0.0,True
2030,P0224,Xinjiang,ammonia,0.0,0.0,0.0,0.0,0.0,True
2030,P0225,Heilongjiang,unabated,1.0,4174200.0,3.422844,0.0,0.0,True
2030,P0225,Heilongjiang,retire,0.0,0.0,0.0,0.0,0.0,True
2030,P0225,Heilongjiang,ccs,0.0,0.0,0.0,0.0,0.0,True
2030,P0225,Heilongjiang,biomass,0.0,0.0,0.0,0.0,0.0,True
2030,P0225,Heilongjiang,beccs,0.0,0.0,0.0,0.0,0.0,True
2030,P0225,Heilongjiang,ammonia,0.0,0.0,0.0,0.0,0.0,True
2030,P0226,Anhui,unabated,1.0,13416744.000000002,11.00173008,0.0,0.0,True
2030,P0226,Anhui,retire,0.0,0.0,0.0,0.0,0.0,True
2030,P0226,Anhui,ccs,0.0,0.0,0.0,0.0,0.0,True
2030,P0226,Anhui,biomass,0.0,0.0,0.0,0.0,0.0,True
2030,P0226,Anhui,beccs,0.0,0.0,0.0,0.0,0.0,True
2030,P0226,Anhui,ammonia,0.0,0.0,0.0,0.0,0.0,True
2030,P0227,Shanxi,unabated,1.0,17129150.0,14.045903,0.0,0.0,True
2030,P0227,Shanxi,retire,0.0,0.0,0.0,0.0,0.0,True
2030,P0227,Shanxi,ccs,0.0,0.0,0.0,0.0,0.0,True
2030,P0227,Shanxi,biomass,0.0,0.0,0.0,0.0,0.0,True
2030,P0227,Shanxi,beccs,0.0,0.0,0.0,0.0,0.0,True
2030,P0227,Shanxi,ammonia,0.0,0.0,0.0,0.0,0.0,True
2030,P0228,Liaoning,unabated,1.0,3720839.9999999995,3.051088799999999,0.0,0.0,True
2030,P0228,Liaoning,retire,0.0,0.0,0.0,0.0,0.0,True
2030,P0228,Liaoning,ccs,0.0,0.0,0.0,0.0,0.0,True
2030,P0228,Liaoning,biomass,0.0,0.0,0.0,0.0,0.0,True
2030,P0228,Liaoning,beccs,0.0,0.0,0.0,0.0,0.0,True
2030,P0228,Liaoning,ammonia,0.0,0.0,0.0,0.0,0.0,True
2030,P0229,Henan,unabated,1.0,13426508.0,11.009736559999999,0.0,0.0,True
2030,P0229,Henan,retire,0.0,0.0,0.0,0.0,0.0,True
2030,P0229,Henan,ccs,0.0,0.0,0.0,0.0,0.0,True
2030,P0229,Henan,biomass,0.0,0.0,0.0,0.0,0.0,True
2030,P0229,Henan,beccs,0.0,0.0,0.0,0.0,0.0,True
2030,P0229,Henan,ammonia,0.0,0.0,0.0,0.0,0.0,True
2030,P0230,Inner Mongolia,unabated,1.0,6641580.0,5.4460956,0.0,0.0,True
2030,P0230,Inner Mongolia,retire,0.0,0.0,0.0,0.0,0.0,True
2030,P0230,Inner Mongolia,ccs,0.0,0.0,0.0,0.0,0.0,True
2030,P0230,Inner Mongolia,biomass,0.0,0.0,0.0,0.0,0.0,True
2030,P0230,Inner Mongolia,beccs,0.0,0.0,0.0,0.0,0.0,True
2030,P0230,Inner Mongolia,ammonia,0.0,0.0,0.0,0.0,0.0,True
2030,P0231,Fujian,unabated,1.0,6151440.0,5.0441807999999995,0.0,0.0,True
2030,P0231,Fujian,retire,0.0,0.0,0.0,0.0,0.0,True
2030,P0231,Fujian,ccs,0.0,0.0,0.0,0.0,0.0,True
2030,P0231,Fujian,biomass,0.0,0.0,0.0,0.0,0.0,True
2030,P0231,Fujian,beccs,0.0,0.0,0.0,0.0,0.0,True
2030,P0231,Fujian,ammonia,0.0,0.0,0.0,0.0,0.0,True
2030,P0232,Inner Mongolia,unabated,1.0,6037799.999999999,4.950995999999999,0.0,0.0,True
2030,P0232,Inner Mongolia,retire,0.0,0.0,0.0,0.0,0.0,True
2030,P0232,Inner Mongolia,ccs,0.0,0.0,0.0,0.0,0.0,True
2030,P0232,Inner Mongolia,biomass,0.0,0.0,0.0,0.0,0.0,True
2030,P0232,Inner Mongolia,beccs,0.0,0.0,0.0,0.0,0.0,True
2030,P0232,Inner Mongolia,ammonia,0.0,0.0,0.0,0.0,0.0,True
2030,P0233,Xinjiang,unabated,1.0,3168719.9999999995,2.5983503999999993,0.0,0.0,True
2030,P0233,Xinjiang,retire,0.0,0.0,0.0,0.0,0.0,True
2030,P0233,Xinjiang,ccs,0.0,0.0,0.0,0.0,0.0,True
2030,P0233,Xinjiang,biomass,0.0,0.0,0.0,0.0,0.0,True
2030,P0233,Xinjiang,beccs,0.0,0.0,0.0,0.0,0.0,True
2030,P0233,Xinjiang,ammonia,0.0,0.0,0.0,0.0,0.0,True
2030,P0234,Hunan,unabated,0.0,0.0,0.0,0.0,0.0,True
2030,P0234,Hunan,retire,0.0,0.0,0.0,0.0,0.0,True
2030,P0234,Hunan,ccs,0.0,0.0,0.0,0.0,0.0,True
2030,P0234,Hunan,biomass,1.0,234414.0,0.19221947999999997,0.19221947999999997,0.0,True
2030,P0234,Hunan,beccs,0.0,0.0,0.0,0.0,0.0,True
2030,P0234,Hunan,ammonia,0.0,0.0,0.0,0.0,0.0,True
2030,P0235,Inner Mongolia,unabated,1.0,13283160.0,10.8921912,0.0,0.0,True
2030,P0235,Inner Mongolia,retire,0.0,0.0,0.0,0.0,0.0,True
2030,P0235,Inner Mongolia,ccs,0.0,0.0,0.0,0.0,0.0,True
2030,P0235,Inner Mongolia,biomass,0.0,0.0,0.0,0.0,0.0,True
2030,P0235,Inner Mongolia,beccs,0.0,0.0,0.0,0.0,0.0,True
2030,P0235,Inner Mongolia,ammonia,0.0,0.0,0.0,0.0,0.0,True
2030,P0236,Henan,unabated,1.0,19185868.0,15.73241176,0.0,0.0,True
2030,P0236,Henan,retire,0.0,0.0,0.0,0.0,0.0,True
2030,P0236,Henan,ccs,0.0,0.0,0.0,0.0,0.0,True
2030,P0236,Henan,biomass,0.0,0.0,0.0,0.0,0.0,True
2030,P0236,Henan,beccs,0.0,0.0,0.0,0.0,0.0,True
2030,P0236,Henan,ammonia,0.0,0.0,0.0,0.0,0.0,True
2030,P0237,Jiangxi,unabated,1.0,12869280.0,10.5528096,0.0,0.0,True
2030,P0237,Jiangxi,retire,0.0,0.0,0.0,0.0,0.0,True
2030,P0237,Jiangxi,ccs,0.0,0.0,0.0,0.0,0.0,True
2030,P0237,Jiangxi,biomass,0.0,0.0,0.0,0.0,0.0,True
2030,P0237,Jiangxi,beccs,0.0,0.0,0.0,0.0,0.0,True
2030,P0237,Jiangxi,ammonia,0.0,0.0,0.0,0.0,0.0,True
2030,P0238,Sichuan,unabated,1.0,9992799.999999998,8.194095999999998,0.0,0.0,True
2030,P0238,Sichuan,retire,0.0,0.0,0.0,0.0,0.0,True
2030,P0238,Sichuan,ccs,0.0,0.0,0.0,0.0,0.0,True
2030,P0238,Sichuan,biomass,0.0,0.0,0.0,0.0,0.0,True
2030,P0238,Sichuan,beccs,0.0,0.0,0.0,0.0,0.0,True
2030,P0238,Sichuan,ammonia,0.0,0.0,0.0,0.0,0.0,True
2030,P0239,Guizhou,unabated,1.0,17659212.0,14.48055384,0.0,0.0,True
2030,P0239,Guizhou,retire,0.0,0.0,0.0,0.0,0.0,True
2030,P0239,Guizhou,ccs,0.0,0.0,0.0,0.0,0.0,True
2030,P0239,Guizhou,biomass,0.0,0.0,0.0,0.0,0.0,True
2030,P0239,Guizhou,beccs,0.0,0.0,0.0,0.0,0.0,True
2030,P0239,Guizhou,ammonia,0.0,0.0,0.0,0.0,0.0,True
2030,P0240,Guangdong,unabated,1.0,9663400.0,7.923987999999999,0.0,0.0,True
2030,P0240,Guangdong,retire,0.0,0.0,0.0,0.0,0.0,True
2030,P0240,Guangdong,ccs,0.0,0.0,0.0,0.0,0.0,True
2030,P0240,Guangdong,biomass,0.0,0.0,0.0,0.0,0.0,True
2030,P0240,Guangdong,beccs,0.0,0.0,0.0,0.0,0.0,True
2030,P0240,Guangdong,ammonia,0.0,0.0,0.0,0.0,0.0,True
2030,P0241,Guangxi,unabated,0.0,0.0,0.0,0.0,0.0,True
2030,P0241,Guangxi,retire,0.0,0.0,0.0,0.0,0.0,True
2030,P0241,Guangxi,ccs,0.0,0.0,0.0,0.0,0.0,True
2030,P0241,Guangxi,biomass,1.0,3350620.0,2.7475084,2.7475084,0.0,True
2030,P0241,Guangxi,beccs,0.0,0.0,0.0,0.0,0.0,True
2030,P0241,Guangxi,ammonia,0.0,0.0,0.0,0.0,0.0,True
2030,P0242,Xinjiang,unabated,1.0,27884735.999999996,22.865483519999994,0.0,0.0,True
2030,P0242,Xinjiang,retire,0.0,0.0,0.0,0.0,0.0,True
2030,P0242,Xinjiang,ccs,0.0,0.0,0.0,0.0,0.0,True
2030,P0242,Xinjiang,biomass,0.0,0.0,0.0,0.0,0.0,True
2030,P0242,Xinjiang,beccs,0.0,0.0,0.0,0.0,0.0,True
2030,P0242,Xinjiang,ammonia,0.0,0.0,0.0,0.0,0.0,True
2030,P0243,Anhui,unabated,1.0,124308166.00000001,101.93269612,0.0,0.0,True
2030,P0243,Anhui,retire,0.0,0.0,0.0,0.0,0.0,True
2030,P0243,Anhui,ccs,0.0,0.0,0.0,0.0,0.0,True
2030,P0243,Anhui,biomass,0.0,0.0,0.0,0.0,0.0,True
2030,P0243,Anhui,beccs,0.0,0.0,0.0,0.0,0.0,True
2030,P0243,Anhui,ammonia,0.0,0.0,0.0,0.0,0.0,True
2030,P0244,Gansu,unabated,1.0,15124456.000000002,12.40205392,0.0,0.0,True
2030,P0244,Gansu,retire,0.0,0.0,0.0,0.0,0.0,True
2030,P0244,Gansu,ccs,0.0,0.0,0.0,0.0,0.0,True
2030,P0244,Gansu,biomass,0.0,0.0,0.0,0.0,0.0,True
2030,P0244,Gansu,beccs,0.0,0.0,0.0,0.0,0.0,True
2030,P0244,Gansu,ammonia,0.0,0.0,0.0,0.0,0.0,True
2030,P0245,Hubei,unabated,1.0,7247976.799999999,5.943340975999999,0.0,0.0,True
2030,P0245,Hubei,retire,0.0,0.0,0.0,0.0,0.0,True
2030,P0245,Hubei,ccs,0.0,0.0,0.0,0.0,0.0,True
2030,P0245,Hubei,biomass,0.0,0.0,0.0,0.0,0.0,True
2030,P0245,Hubei,beccs,0.0,0.0,0.0,0.0,0.0,True
2030,P0245,Hubei,ammonia,0.0,0.0,0.0,0.0,0.0,True
2030,P0246,Inner Mongolia,unabated,1.0,41107355.0,33.7080311,0.0,0.0,True
2030,P0246,Inner Mongolia,retire,0.0,0.0,0.0,0.0,0.0,True
2030,P0246,Inner Mongolia,ccs,0.0,0.0,0.0,0.0,0.0,True
2030,P0246,Inner Mongolia,biomass,0.0,0.0,0.0,0.0,0.0,True
2030,P0246,Inner Mongolia,beccs,0.0,0.0,0.0,0.0,0.0,True
2030,P0246,Inner Mongolia,ammonia,0.0,0.0,0.0,0.0,0.0,True
2030,P0247,Shandong,unabated,1.0,8983866.0,7.366770119999999,0.0,0.0,True
2030,P0247,Shandong,retire,0.0,0.0,0.0,0.0,0.0,True
2030,P0247,Shandong,ccs,0.0,0.0,0.0,0.0,0.0,True
2030,P0247,Shandong,biomass,0.0,0.0,0.0,0.0,0.0,True
2030,P0247,Shandong,beccs,0.0,0.0,0.0,0.0,0.0,True
2030,P0247,Shandong,ammonia,0.0,0.0,0.0,0.0,0.0,True
2030,P0248,Henan,unabated,1.0,30200644.0,24.764528079999998,0.0,0.0,True
2030,P0248,Henan,retire,0.0,0.0,0.0,0.0,0.0,True
2030,P0248,Henan,ccs,0.0,0.0,0.0,0.0,0.0,True
2030,P0248,Henan,biomass,0.0,0.0,0.0,0.0,0.0,True
2030,P0248,Henan,beccs,0.0,0.0,0.0,0.0,0.0,True
2030,P0248,Henan,ammonia,0.0,0.0,0.0,0.0,0.0,True
2030,P0249,Gansu,unabated,1.0,2513760.0000000005,2.0612832,0.0,0.0,True
2030,P0249,Gansu,retire,0.0,0.0,0.0,0.0,0.0,True
2030,P0249,Gansu,ccs,0.0,0.0,0.0,0.0,0.0,True
2030,P0249,Gansu,biomass,0.0,0.0,0.0,0.0,0.0,True
2030,P0249,Gansu,beccs,0.0,0.0,0.0,0.0,0.0,True
2030,P0249,Gansu,ammonia,0.0,0.0,0.0,0.0,0.0,True
2030,P0250,Gansu,unabated,1.0,2513760.0000000005,2.0612832,0.0,0.0,True
2030,P0250,Gansu,retire,0.0,0.0,0.0,0.0,0.0,True
2030,P0250,Gansu,ccs,0.0,0.0,0.0,0.0,0.0,True
2030,P0250,Gansu,biomass,0.0,0.0,0.0,0.0,0.0,True
2030,P0250,Gansu,beccs,0.0,0.0,0.0,0.0,0.0,True
2030,P0250,Gansu,ammonia,0.0,0.0,0.0,0.0,0.0,True
2030,P0251,Hebei,unabated,1.0,6058936.000000001,4.968327520000001,0.0,0.0,True
2030,P0251,Hebei,retire,0.0,0.0,0.0,0.0,0.0,True
2030,P0251,Hebei,ccs,0.0,0.0,0.0,0.0,0.0,True
2030,P0251,Hebei,biomass,0.0,0.0,0.0,0.0,0.0,True
2030,P0251,Hebei,beccs,0.0,0.0,0.0,0.0,0.0,True
2030,P0251,Hebei,ammonia,0.0,0.0,0.0,0.0,0.0,True
2030,P0252,Guangxi,unabated,1.0,10003994.0,8.20327508,0.0,0.0,True
2030,P0252,Guangxi,retire,0.0,0.0,0.0,0.0,0.0,True
2030,P0252,Guangxi,ccs,0.0,0.0,0.0,0.0,0.0,True
2030,P0252,Guangxi,biomass,0.0,0.0,0.0,0.0,0.0,True
2030,P0252,Guangxi,beccs,0.0,0.0,0.0,0.0,0.0,True
2030,P0252,Guangxi,ammonia,0.0,0.0,0.0,0.0,0.0,True
2030,P0253,Guangxi,unabated,0.00019776716681185752,1079.1608455542664,0.0008849118933544983,0.0,0.0,True
2030,P0253,Guangxi,retire,0.0,0.0,0.0,0.0,0.0,True
2030,P0253,Guangxi,ccs,0.0,0.0,0.0,0.0,0.0,True
2030,P0253,Guangxi,biomass,0.9998022328331886,5455644.839154448,4.4736287681066464,4.4736287681066464,0.0,True
2030,P0253,Guangxi,beccs,0.0,0.0,0.0,0.0,0.0,True
2030,P0253,Guangxi,ammonia,0.0,0.0,0.0,0.0,0.0,True
2030,P0254,Jiangxi,unabated,0.0,0.0,0.0,0.0,0.0,True
2030,P0254,Jiangxi,retire,0.0,0.0,0.0,0.0,0.0,True
2030,P0254,Jiangxi,ccs,0.0,0.0,0.0,0.0,0.0,True
2030,P0254,Jiangxi,biomass,1.0,6291647.999999999,5.159151359999998,5.159151359999998,0.0,True
2030,P0254,Jiangxi,beccs,0.0,0.0,0.0,0.0,0.0,True
2030,P0254,Jiangxi,ammonia,0.0,0.0,0.0,0.0,0.0,True
2030,P0255,Anhui,unabated,1.0,25003932.0,20.503224239999998,0.0,0.0,True
2030,P0255,Anhui,retire,0.0,0.0,0.0,0.0,0.0,True
2030,P0255,Anhui,ccs,0.0,0.0,0.0,0.0,0.0,True
2030,P0255,Anhui,biomass,0.0,0.0,0.0,0.0,0.0,True
2030,P0255,Anhui,beccs,0.0,0.0,0.0,0.0,0.0,True
2030,P0255,Anhui,ammonia,0.0,0.0,0.0,0.0,0.0,True
2030,P0256,Heilongjiang,unabated,1.0,194796.0,0.15973272,0.0,0.0,True
2030,P0256,Heilongjiang,retire,0.0,0.0,0.0,0.0,0.0,True
2030,P0256,Heilongjiang,ccs,0.0,0.0,0.0,0.0,0.0,True
2030,P0256,Heilongjiang,biomass,0.0,0.0,0.0,0.0,0.0,True
2030,P0256,Heilongjiang,beccs,0.0,0.0,0.0,0.0,0.0,True
2030,P0256,Heilongjiang,ammonia,0.0,0.0,0.0,0.0,0.0,True
2030,P0257,Inner Mongolia,unabated,1.0,362267.99999999994,0.29705975999999995,0.0,0.0,True
2030,P0257,Inner Mongolia,retire,0.0,0.0,0.0,0.0,0.0,True
2030,P0257,Inner Mongolia,ccs,0.0,0.0,0.0,0.0,0.0,True
2030,P0257,Inner Mongolia,biomass,0.0,0.0,0.0,0.0,0.0,True
2030,P0257,Inner Mongolia,beccs,0.0,0.0,0.0,0.0,0.0,True
2030,P0257,Inner Mongolia,ammonia,0.0,0.0,0.0,0.0,0.0,True
2030,P0258,Xinjiang,unabated,1.0,3696839.9999999995,3.0314087999999995,0.0,0.0,True
2030,P0258,Xinjiang,retire,0.0,0.0,0.0,0.0,0.0,True
2030,P0258,Xinjiang,ccs,0.0,0.0,0.0,0.0,0.0,True
2030,P0258,Xinjiang,biomass,0.0,0.0,0.0,0.0,0.0,True
2030,P0258,Xinjiang,beccs,0.0,0.0,0.0,0.0,0.0,True
2030,P0258,Xinjiang,ammonia,0.0,0.0,0.0,0.0,0.0,True
2030,P0259,Guizhou,unabated,1.0,20792298.0,17.04968436,0.0,0.0,True
2030,P0259,Guizhou,retire,0.0,0.0,0.0,0.0,0.0,True
2030,P0259,Guizhou,ccs,0.0,0.0,0.0,0.0,0.0,True
2030,P0259,Guizhou,biomass,0.0,0.0,0.0,0.0,0.0,True
2030,P0259,Guizhou,beccs,0.0,0.0,0.0,0.0,0.0,True
2030,P0259,Guizhou,ammonia,0.0,0.0,0.0,0.0,0.0,True
2030,P0260,Ningxia,unabated,1.0,13222594.0,10.84252708,0.0,0.0,True
2030,P0260,Ningxia,retire,0.0,0.0,0.0,0.0,0.0,True
2030,P0260,Ningxia,ccs,0.0,0.0,0.0,0.0,0.0,True
2030,P0260,Ningxia,biomass,0.0,0.0,0.0,0.0,0.0,True
2030,P0260,Ningxia,beccs,0.0,0.0,0.0,0.0,0.0,True
2030,P0260,Ningxia,ammonia,0.0,0.0,0.0,0.0,0.0,True
2030,P0261,Xinjiang,unabated,1.0,3696839.9999999995,3.0314087999999995,0.0,0.0,True
2030,P0261,Xinjiang,retire,0.0,0.0,0.0,0.0,0.0,True
2030,P0261,Xinjiang,ccs,0.0,0.0,0.0,0.0,0.0,True
2030,P0261,Xinjiang,biomass,0.0,0.0,0.0,0.0,0.0,True
2030,P0261,Xinjiang,beccs,0.0,0.0,0.0,0.0,0.0,True
2030,P0261,Xinjiang,ammonia,0.0,0.0,0.0,0.0,0.0,True
2030,P0262,Guizhou,unabated,1.0,5696520.0,4.6711464,0.0,0.0,True
2030,P0262,Guizhou,retire,0.0,0.0,0.0,0.0,0.0,True
2030,P0262,Guizhou,ccs,0.0,0.0,0.0,0.0,0.0,True
2030,P0262,Guizhou,biomass,0.0,0.0,0.0,0.0,0.0,True
2030,P0262,Guizhou,beccs,0.0,0.0,0.0,0.0,0.0,True
2030,P0262,Guizhou,ammonia,0.0,0.0,0.0,0.0,0.0,True
2030,P0263,Shaanxi,unabated,1.0,3176600.0,2.604812,0.0,0.0,True
2030,P0263,Shaanxi,retire,0.0,0.0,0.0,0.0,0.0,True
2030,P0263,Shaanxi,ccs,0.0,0.0,0.0,0.0,0.0,True
2030,P0263,Shaanxi,biomass,0.0,0.0,0.0,0.0,0.0,True
2030,P0263,Shaanxi,beccs,0.0,0.0,0.0,0.0,0.0,True
2030,P0263,Shaanxi,ammonia,0.0,0.0,0.0,0.0,0.0,True
2030,P0264,Sichuan,unabated,1.0,5995679.999999999,4.916457599999998,0.0,0.0,True
2030,P0264,Sichuan,retire,0.0,0.0,0.0,0.0,0.0,True
2030,P0264,Sichuan,ccs,0.0,0.0,0.0,0.0,0.0,True
2030,P0264,Sichuan,biomass,0.0,0.0,0.0,0.0,0.0,True
2030,P0264,Sichuan,beccs,0.0,0.0,0.0,0.0,0.0,True
2030,P0264,Sichuan,ammonia,0.0,0.0,0.0,0.0,0.0,True
2030,P0265,Gansu,unabated,1.0,2932720.0,2.4048304,0.0,0.0,True
2030,P0265,Gansu,retire,0.0,0.0,0.0,0.0,0.0,True
2030,P0265,Gansu,ccs,0.0,0.0,0.0,0.0,0.0,True
2030,P0265,Gansu,biomass,0.0,0.0,0.0,0.0,0.0,True
2030,P0265,Gansu,beccs,0.0,0.0,0.0,0.0,0.0,True
2030,P0265,Gansu,ammonia,0.0,0.0,0.0,0.0,0.0,True
2030,P0266,Heilongjiang,unabated,1.0,939195.0000000001,0.7701399,0.0,0.0,True
2030,P0266,Heilongjiang,retire,0.0,0.0,0.0,0.0,0.0,True
2030,P0266,Heilongjiang,ccs,0.0,0.0,0.0,0.0,0.0,True
2030,P0266,Heilongjiang,biomass,0.0,0.0,0.0,0.0,0.0,True
2030,P0266,Heilongjiang,beccs,0.0,0.0,0.0,0.0,0.0,True
2030,P0266,Heilongjiang,ammonia,0.0,0.0,0.0,0.0,0.0,True
2030,P0267,Hubei,unabated,1.0,17473136.0,14.32797152,0.0,0.0,True
2030,P0267,Hubei,retire,0.0,0.0,0.0,0.0,0.0,True
2030,P0267,Hubei,ccs,0.0,0.0,0.0,0.0,0.0,True
2030,P0267,Hubei,biomass,0.0,0.0,0.0,0.0,0.0,True
2030,P0267,Hubei,beccs,0.0,0.0,0.0,0.0,0.0,True
2030,P0267,Hubei,ammonia,0.0,0.0,0.0,0.0,0.0,True
2030,P0268,Inner Mongolia,unabated,1.0,452835.0,0.37132469999999995,0.0,0.0,True
2030,P0268,Inner Mongolia,retire,0.0,0.0,0.0,0.0,0.0,True
2030,P0268,Inner Mongolia,ccs,0.0,0.0,0.0,0.0,0.0,True
2030,P0268,Inner Mongolia,biomass,0.0,0.0,0.0,0.0,0.0,True
2030,P0268,Inner Mongolia,beccs,0.0,0.0,0.0,0.0,0.0,True
2030,P0268,Inner Mongolia,ammonia,0.0,0.0,0.0,0.0,0.0,True
2030,P0269,Guangdong,unabated,1.0,77191239.2,63.296816144000005,0.0,0.0,True
2030,P0269,Guangdong,retire,0.0,0.0,0.0,0.0,0.0,True
2030,P0269,Guangdong,ccs,0.0,0.0,0.0,0.0,0.0,True
2030,P0269,Guangdong,biomass,0.0,0.0,0.0,0.0,0.0,True
2030,P0269,Guangdong,beccs,0.0,0.0,0.0,0.0,0.0,True
2030,P0269,Guangdong,ammonia,0.0,0.0,0.0,0.0,0.0,True
2030,P0270,Xinjiang,unabated,1.0,3168719.9999999995,2.5983503999999993,0.0,0.0,True
2030,P0270,Xinjiang,retire,0.0,0.0,0.0,0.0,0.0,True
2030,P0270,Xinjiang,ccs,0.0,0.0,0.0,0.0,0.0,True
2030,P0270,Xinjiang,biomass,0.0,0.0,0.0,0.0,0.0,True
2030,P0270,Xinjiang,beccs,0.0,0.0,0.0,0.0,0.0,True
2030,P0270,Xinjiang,ammonia,0.0,0.0,0.0,0.0,0.0,True
2030,P0271,Guangdong,unabated,1.0,2899020.0,2.3771964,0.0,0.0,True
2030,P0271,Guangdong,retire,0.0,0.0,0.0,0.0,0.0,True
2030,P0271,Guangdong,ccs,0.0,0.0,0.0,0.0,0.0,True
2030,P0271,Guangdong,biomass,0.0,0.0,0.0,0.0,0.0,True
2030,P0271,Guangdong,beccs,0.0,0.0,0.0,0.0,0.0,True
2030,P0271,Guangdong,ammonia,0.0,0.0,0.0,0.0,0.0,True
2030,P0272,Qinghai,unabated,1.0,5408039.999999999,4.434592799999999,0.0,0.0,True
2030,P0272,Qinghai,retire,0.0,0.0,0.0,0.0,0.0,True
2030,P0272,Qinghai,ccs,0.0,0.0,0.0,0.0,0.0,True
2030,P0272,Qinghai,biomass,0.0,0.0,0.0,0.0,0.0,True
2030,P0272,Qinghai,beccs,0.0,0.0,0.0,0.0,0.0,True
2030,P0272,Qinghai,ammonia,0.0,0.0,0.0,0.0,0.0,True
2030,P0273,Fujian,unabated,1.0,3075720.0,2.5220903999999997,0.0,0.0,True
2030,P0273,Fujian,retire,0.0,0.0,0.0,0.0,0.0,True
2030,P0273,Fujian,ccs,0.0,0.0,0.0,0.0,0.0,True
2030,P0273,Fujian,biomass,0.0,0.0,0.0,0.0,0.0,True
2030,P0273,Fujian,beccs,0.0,0.0,0.0,0.0,0.0,True
2030,P0273,Fujian,ammonia,0.0,0.0,0.0,0.0,0.0,True
2030,P0274,Hebei,unabated,1.0,6237140.0,5.1144548,0.0,0.0,True
2030,P0274,Hebei,retire,0.0,0.0,0.0,0.0,0.0,True
2030,P0274,Hebei,ccs,0.0,0.0,0.0,0.0,0.0,True
2030,P0274,Hebei,biomass,0.0,0.0,0.0,0.0,0.0,True
2030,P0274,Hebei,beccs,0.0,0.0,0.0,0.0,0.0,True
2030,P0274,Hebei,ammonia,0.0,0.0,0.0,0.0,0.0,True
2030,P0275,Gansu,unabated,1.0,15166352.000000002,12.43640864,0.0,0.0,True
2030,P0275,Gansu,retire,0.0,0.0,0.0,0.0,0.0,True
2030,P0275,Gansu,ccs,0.0,0.0,0.0,0.0,0.0,True
2030,P0275,Gansu,biomass,0.0,0.0,0.0,0.0,0.0,True
2030,P0275,Gansu,beccs,0.0,0.0,0.0,0.0,0.0,True
2030,P0275,Gansu,ammonia,0.0,0.0,0.0,0.0,0.0,True
2030,P0276,Xinjiang,unabated,1.0,3168719.9999999995,2.5983503999999993,0.0,0.0,True
2030,P0276,Xinjiang,retire,0.0,0.0,0.0,0.0,0.0,True
2030,P0276,Xinjiang,ccs,0.0,0.0,0.0,0.0,0.0,True
2030,P0276,Xinjiang,biomass,0.0,0.0,0.0,0.0,0.0,True
2030,P0276,Xinjiang,beccs,0.0,0.0,0.0,0.0,0.0,True
2030,P0276,Xinjiang,ammonia,0.0,0.0,0.0,0.0,0.0,True
2030,P0277,Guangxi,unabated,0.0,0.0,0.0,0.0,0.0,True
2030,P0277,Guangxi,retire,0.0,0.0,0.0,0.0,0.0,True
2030,P0277,Guangxi,ccs,0.0,0.0,0.0,0.0,0.0,True
2030,P0277,Guangxi,biomass,1.0,3350620.0,2.7475084,2.7475084,0.0,True
2030,P0277,Guangxi,beccs,0.0,0.0,0.0,0.0,0.0,True
2030,P0277,Guangxi,ammonia,0.0,0.0,0.0,0.0,0.0,True
2030,P0278,Inner Mongolia,unabated,1.0,8151030.0,6.6838446,0.0,0.0,True
2030,P0278,Inner Mongolia,retire,0.0,0.0,0.0,0.0,0.0,True
2030,P0278,Inner Mongolia,ccs,0.0,0.0,0.0,0.0,0.0,True
2030,P0278,Inner Mongolia,biomass,0.0,0.0,0.0,0.0,0.0,True
2030,P0278,Inner Mongolia,beccs,0.0,0.0,0.0,0.0,0.0,True
2030,P0278,Inner Mongolia,ammonia,0.0,0.0,0.0,0.0,0.0,True
2030,P0279,Guangxi,unabated,0.0,0.0,0.0,0.0,0.0,True
2030,P0279,Guangxi,retire,0.0,0.0,0.0,0.0,0.0,True
2030,P0279,Guangxi,ccs,0.0,0.0,0.0,0.0,0.0,True
2030,P0279,Guangxi,biomass,1.0,5743920.0,4.7100143999999995,4.7100143999999995,0.0,True
2030,P0279,Guangxi,beccs,0.0,0.0,0.0,0.0,0.0,True
2030,P0279,Guangxi,ammonia,0.0,0.0,0.0,0.0,0.0,True
2030,P0280,Anhui,unabated,1.0,6708372.000000001,5.50086504,0.0,0.0,True
2030,P0280,Anhui,retire,0.0,0.0,0.0,0.0,0.0,True
2030,P0280,Anhui,ccs,0.0,0.0,0.0,0.0,0.0,True
2030,P0280,Anhui,biomass,0.0,0.0,0.0,0.0,0.0,True
2030,P0280,Anhui,beccs,0.0,0.0,0.0,0.0,0.0,True
2030,P0280,Anhui,ammonia,0.0,0.0,0.0,0.0,0.0,True
2030,P0281,Xinjiang,unabated,1.0,10668023.999999998,8.747779679999997,0.0,0.0,True
2030,P0281,Xinjiang,retire,0.0,0.0,0.0,0.0,0.0,True
2030,P0281,Xinjiang,ccs,0.0,0.0,0.0,0.0,0.0,True
2030,P0281,Xinjiang,biomass,0.0,0.0,0.0,0.0,0.0,True
2030,P0281,Xinjiang,beccs,0.0,0.0,0.0,0.0,0.0,True
2030,P0281,Xinjiang,ammonia,0.0,0.0,0.0,0.0,0.0,True
2030,P0282,Shandong,unabated,1.0,3532491.0000000005,2.89664262,0.0,0.0,True
2030,P0282,Shandong,retire,0.0,0.0,0.0,0.0,0.0,True
2030,P0282,Shandong,ccs,0.0,0.0,0.0,0.0,0.0,True
2030,P0282,Shandong,biomass,0.0,0.0,0.0,0.0,0.0,True
2030,P0282,Shandong,beccs,0.0,0.0,0.0,0.0,0.0,True
2030,P0282,Shandong,ammonia,0.0,0.0,0.0,0.0,0.0,True
2030,P0283,Hubei,unabated,1.0,4949472.0,4.05856704,0.0,0.0,True
2030,P0283,Hubei,retire,0.0,0.0,0.0,0.0,0.0,True
2030,P0283,Hubei,ccs,0.0,0.0,0.0,0.0,0.0,True
2030,P0283,Hubei,biomass,0.0,0.0,0.0,0.0,0.0,True
2030,P0283,Hubei,beccs,0.0,0.0,0.0,0.0,0.0,True
2030,P0283,Hubei,ammonia,0.0,0.0,0.0,0.0,0.0,True
2030,P0284,Shandong,unabated,1.0,38377680.00000001,31.469697600000003,0.0,0.0,True
2030,P0284,Shandong,retire,0.0,0.0,0.0,0.0,0.0,True
2030,P0284,Shandong,ccs,0.0,0.0,0.0,0.0,0.0,True
2030,P0284,Shandong,biomass,0.0,0.0,0.0,0.0,0.0,True
2030,P0284,Shandong,beccs,0.0,0.0,0.0,0.0,0.0,True
2030,P0284,Shandong,ammonia,0.0,0.0,0.0,0.0,0.0,True
2030,P0285,Yunnan,unabated,1.0,5378639.999999999,4.410484799999999,0.0,0.0,True
2030,P0285,Yunnan,retire,0.0,0.0,0.0,0.0,0.0,True
2030,P0285,Yunnan,ccs,0.0,0.0,0.0,0.0,0.0,True
2030,P0285,Yunnan,biomass,0.0,0.0,0.0,0.0,0.0,True
2030,P0285,Yunnan,beccs,0.0,0.0,0.0,0.0,0.0,True
2030,P0285,Yunnan,ammonia,0.0,0.0,0.0,0.0,0.0,True
2030,P0286,Jiangxi,unabated,0.0,0.0,0.0,0.0,0.0,True
2030,P0286,Jiangxi,retire,0.0,0.0,0.0,0.0,0.0,True
2030,P0286,Jiangxi,ccs,0.0,0.0,0.0,0.0,0.0,True
2030,P0286,Jiangxi,biomass,1.0,7149600.0,5.862672,5.862672,0.0,True
2030,P0286,Jiangxi,beccs,0.0,0.0,0.0,0.0,0.0,True
2030,P0286,Jiangxi,ammonia,0.0,0.0,0.0,0.0,0.0,True
2030,P0287,Gansu,unabated,1.0,5530272.0,4.53482304,0.0,0.0,True
2030,P0287,Gansu,retire,0.0,0.0,0.0,0.0,0.0,True
2030,P0287,Gansu,ccs,0.0,0.0,0.0,0.0,0.0,True
2030,P0287,Gansu,biomass,0.0,0.0,0.0,0.0,0.0,True
2030,P0287,Gansu,beccs,0.0,0.0,0.0,0.0,0.0,True
2030,P0287,Gansu,ammonia,0.0,0.0,0.0,0.0,0.0,True
2030,P0288,Inner Mongolia,unabated,1.0,6641580.0,5.4460956,0.0,0.0,True
2030,P0288,Inner Mongolia,retire,0.0,0.0,0.0,0.0,0.0,True
2030,P0288,Inner Mongolia,ccs,0.0,0.0,0.0,0.0,0.0,True
2030,P0288,Inner Mongolia,biomass,0.0,0.0,0.0,0.0,0.0,True
2030,P0288,Inner Mongolia,beccs,0.0,0.0,0.0,0.0,0.0,True
2030,P0288,Inner Mongolia,ammonia,0.0,0.0,0.0,0.0,0.0,True
2030,P0289,Inner Mongolia,unabated,1.0,2566065.0,2.1041733,0.0,0.0,True
2030,P0289,Inner Mongolia,retire,0.0,0.0,0.0,0.0,0.0,True
2030,P0289,Inner Mongolia,ccs,0.0,0.0,0.0,0.0,0.0,True
2030,P0289,Inner Mongolia,biomass,0.0,0.0,0.0,0.0,0.0,True
2030,P0289,Inner Mongolia,beccs,0.0,0.0,0.0,0.0,0.0,True
2030,P0289,Inner Mongolia,ammonia,0.0,0.0,0.0,0.0,0.0,True
2030,P0290,Guizhou,unabated,1.0,8829606.0,7.24027692,0.0,0.0,True
2030,P0290,Guizhou,retire,0.0,0.0,0.0,0.0,0.0,True
2030,P0290,Guizhou,ccs,0.0,0.0,0.0,0.0,0.0,True
2030,P0290,Guizhou,biomass,0.0,0.0,0.0,0.0,0.0,True
2030,P0290,Guizhou,beccs,0.0,0.0,0.0,0.0,0.0,True
2030,P0290,Guizhou,ammonia,0.0,0.0,0.0,0.0,0.0,True
2030,P0291,Shanxi,unabated,1.0,4490615.0,3.6823042999999998,0.0,0.0,True
2030,P0291,Shanxi,retire,0.0,0.0,0.0,0.0,0.0,True
2030,P0291,Shanxi,ccs,0.0,0.0,0.0,0.0,0.0,True
2030,P0291,Shanxi,biomass,0.0,0.0,0.0,0.0,0.0,True
2030,P0291,Shanxi,beccs,0.0,0.0,0.0,0.0,0.0,True
2030,P0291,Shanxi,ammonia,0.0,0.0,0.0,0.0,0.0,True
2030,P0292,Chongqing,unabated,1.0,2876520.0,2.3587464,0.0,0.0,True
2030,P0292,Chongqing,retire,0.0,0.0,0.0,0.0,0.0,True
2030,P0292,Chongqing,ccs,0.0,0.0,0.0,0.0,0.0,True
2030,P0292,Chongqing,biomass,0.0,0.0,0.0,0.0,0.0,True
2030,P0292,Chongqing,beccs,0.0,0.0,0.0,0.0,0.0,True
2030,P0292,Chongqing,ammonia,0.0,0.0,0.0,0.0,0.0,True
2030,P0293,Chongqing,unabated,1.0,958840.0,0.7862488,0.0,0.0,True
2030,P0293,Chongqing,retire,0.0,0.0,0.0,0.0,0.0,True
2030,P0293,Chongqing,ccs,0.0,0.0,0.0,0.0,0.0,True
2030,P0293,Chongqing,biomass,0.0,0.0,0.0,0.0,0.0,True
2030,P0293,Chongqing,beccs,0.0,0.0,0.0,0.0,0.0,True
2030,P0293,Chongqing,ammonia,0.0,0.0,0.0,0.0,0.0,True
2030,P0294,Jiangxi,unabated,0.0,0.0,0.0,0.0,0.0,True
2030,P0294,Jiangxi,retire,0.0,0.0,0.0,0.0,0.0,True
2030,P0294,Jiangxi,ccs,0.0,0.0,0.0,0.0,0.0,True
2030,P0294,Jiangxi,biomass,1.0,6291647.999999999,5.159151359999998,5.159151359999998,0.0,True
2030,P0294,Jiangxi,beccs,0.0,0.0,0.0,0.0,0.0,True
2030,P0294,Jiangxi,ammonia,0.0,0.0,0.0,0.0,0.0,True
2030,P0295,Guangdong,unabated,1.0,14857477.5,12.183131549999999,0.0,0.0,True
2030,P0295,Guangdong,retire,0.0,0.0,0.0,0.0,0.0,True
2030,P0295,Guangdong,ccs,0.0,0.0,0.0,0.0,0.0,True
2030,P0295,Guangdong,biomass,0.0,0.0,0.0,0.0,0.0,True
2030,P0295,Guangdong,beccs,0.0,0.0,0.0,0.0,0.0,True
2030,P0295,Guangdong,ammonia,0.0,0.0,0.0,0.0,0.0,True
2030,P0296,Henan,unabated,1.0,14182424.0,11.62958768,0.0,0.0,True
2030,P0296,Henan,retire,0.0,0.0,0.0,0.0,0.0,True
2030,P0296,Henan,ccs,0.0,0.0,0.0,0.0,0.0,True
2030,P0296,Henan,biomass,0.0,0.0,0.0,0.0,0.0,True
2030,P0296,Henan,beccs,0.0,0.0,0.0,0.0,0.0,True
2030,P0296,Henan,ammonia,0.0,0.0,0.0,0.0,0.0,True
2030,P0297,Jiangxi,unabated,1.0,9532800.0,7.816895999999999,0.0,0.0,True
2030,P0297,Jiangxi,retire,0.0,0.0,0.0,0.0,0.0,True
2030,P0297,Jiangxi,ccs,0.0,0.0,0.0,0.0,0.0,True
2030,P0297,Jiangxi,biomass,0.0,0.0,0.0,0.0,0.0,True
2030,P0297,Jiangxi,beccs,0.0,0.0,0.0,0.0,0.0,True
2030,P0297,Jiangxi,ammonia,0.0,0.0,0.0,0.0,0.0,True
2030,P0298,Xinjiang,unabated,1.0,5281200.0,4.330584,0.0,0.0,True
2030,P0298,Xinjiang,retire,0.0,0.0,0.0,0.0,0.0,True
2030,P0298,Xinjiang,ccs,0.0,0.0,0.0,0.0,0.0,True
2030,P0298,Xinjiang,biomass,0.0,0.0,0.0,0.0,0.0,True
2030,P0298,Xinjiang,beccs,0.0,0.0,0.0,0.0,0.0,True
2030,P0298,Xinjiang,ammonia,0.0,0.0,0.0,0.0,0.0,True
2030,P0299,Liaoning,unabated,1.0,1612363.9999999998,1.3221384799999998,0.0,0.0,True
2030,P0299,Liaoning,retire,0.0,0.0,0.0,0.0,0.0,True
2030,P0299,Liaoning,ccs,0.0,0.0,0.0,0.0,0.0,True
2030,P0299,Liaoning,biomass,0.0,0.0,0.0,0.0,0.0,True
2030,P0299,Liaoning,beccs,0.0,0.0,0.0,0.0,0.0,True
2030,P0299,Liaoning,ammonia,0.0,0.0,0.0,0.0,0.0,True
2030,P0300,Guangxi,unabated,0.007396124595433817,46731.022784824636,0.038319438683556195,0.0,0.0,True
2030,P0300,Guangxi,retire,0.0,0.0,0.0,0.0,0.0,True
2030,P0300,Guangxi,ccs,0.0,0.0,0.0,0.0,0.0,True
2030,P0300,Guangxi,biomass,0.9926038754045662,6271580.9772151755,5.142696401316443,5.142696401316443,0.0,True
2030,P0300,Guangxi,beccs,0.0,0.0,0.0,0.0,0.0,True
2030,P0300,Guangxi,ammonia,0.0,0.0,0.0,0.0,0.0,True
2030,P0301,Jiangsu,unabated,1.0,320992.0,0.26321344,0.0,0.0,True
2030,P0301,Jiangsu,retire,0.0,0.0,0.0,0.0,0.0,True
2030,P0301,Jiangsu,ccs,0.0,0.0,0.0,0.0,0.0,True
2030,P0301,Jiangsu,biomass,0.0,0.0,0.0,0.0,0.0,True
2030,P0301,Jiangsu,beccs,0.0,0.0,0.0,0.0,0.0,True
2030,P0301,Jiangsu,ammonia,0.0,0.0,0.0,0.0,0.0,True
2030,P0302,Xinjiang,unabated,1.0,3696839.9999999995,3.0314087999999995,0.0,0.0,True
2030,P0302,Xinjiang,retire,0.0,0.0,0.0,0.0,0.0,True
2030,P0302,Xinjiang,ccs,0.0,0.0,0.0,0.0,0.0,True
2030,P0302,Xinjiang,biomass,0.0,0.0,0.0,0.0,0.0,True
2030,P0302,Xinjiang,beccs,0.0,0.0,0.0,0.0,0.0,True
2030,P0302,Xinjiang,ammonia,0.0,0.0,0.0,0.0,0.0,True
2030,P0303,Henan,unabated,1.0,4679480.0,3.8371735999999994,0.0,0.0,True
2030,P0303,Henan,retire,0.0,0.0,0.0,0.0,0.0,True
2030,P0303,Henan,ccs,0.0,0.0,0.0,0.0,0.0,True
2030,P0303,Henan,biomass,0.0,0.0,0.0,0.0,0.0,True
2030,P0303,Henan,beccs,0.0,0.0,0.0,0.0,0.0,True
2030,P0303,Henan,ammonia,0.0,0.0,0.0,0.0,0.0,True
2030,P0304,Inner Mongolia,unabated,1.0,503150.0,0.412583,0.0,0.0,True
2030,P0304,Inner Mongolia,retire,0.0,0.0,0.0,0.0,0.0,True
2030,P0304,Inner Mongolia,ccs,0.0,0.0,0.0,0.0,0.0,True
2030,P0304,Inner Mongolia,biomass,0.0,0.0,0.0,0.0,0.0,True
2030,P0304,Inner Mongolia,beccs,0.0,0.0,0.0,0.0,0.0,True
2030,P0304,Inner Mongolia,ammonia,0.0,0.0,0.0,0.0,0.0,True
2030,P0305,Inner Mongolia,unabated,1.0,1509449.9999999998,1.2377489999999998,0.0,0.0,True
2030,P0305,Inner Mongolia,retire,0.0,0.0,0.0,0.0,0.0,True
2030,P0305,Inner Mongolia,ccs,0.0,0.0,0.0,0.0,0.0,True
2030,P0305,Inner Mongolia,biomass,0.0,0.0,0.0,0.0,0.0,True
2030,P0305,Inner Mongolia,beccs,0.0,0.0,0.0,0.0,0.0,True
2030,P0305,Inner Mongolia,ammonia,0.0,0.0,0.0,0.0,0.0,True
2030,P0306,Inner Mongolia,unabated,1.0,3320790.0,2.7230478,0.0,0.0,True
2030,P0306,Inner Mongolia,retire,0.0,0.0,0.0,0.0,0.0,True
2030,P0306,Inner Mongolia,ccs,0.0,0.0,0.0,0.0,0.0,True
2030,P0306,Inner Mongolia,biomass,0.0,0.0,0.0,0.0,0.0,True
2030,P0306,Inner Mongolia,beccs,0.0,0.0,0.0,0.0,0.0,True
2030,P0306,Inner Mongolia,ammonia,0.0,0.0,0.0,0.0,0.0,True
2030,P0307,Hunan,unabated,1.0,15627600.0,12.814632,0.0,0.0,True
2030,P0307,Hunan,retire,0.0,0.0,0.0,0.0,0.0,True
2030,P0307,Hunan,ccs,0.0,0.0,0.0,0.0,0.0,True
2030,P0307,Hunan,biomass,0.0,0.0,0.0,0.0,0.0,True
2030,P0307,Hunan,beccs,0.0,0.0,0.0,0.0,0.0,True
2030,P0307,Hunan,ammonia,0.0,0.0,0.0,0.0,0.0,True
2030,P0308,Qinghai,unabated,1.0,1106190.0,0.9070757999999999,0.0,0.0,True
2030,P0308,Qinghai,retire,0.0,0.0,0.0,0.0,0.0,True
2030,P0308,Qinghai,ccs,0.0,0.0,0.0,0.0,0.0,True
2030,P0308,Qinghai,biomass,0.0,0.0,0.0,0.0,0.0,True
2030,P0308,Qinghai,beccs,0.0,0.0,0.0,0.0,0.0,True
2030,P0308,Qinghai,ammonia,0.0,0.0,0.0,0.0,0.0,True
2030,P0309,Inner Mongolia,unabated,1.0,10063000.0,8.25166,0.0,0.0,True
2030,P0309,Inner Mongolia,retire,0.0,0.0,0.0,0.0,0.0,True
2030,P0309,Inner Mongolia,ccs,0.0,0.0,0.0,0.0,0.0,True
2030,P0309,Inner Mongolia,biomass,0.0,0.0,0.0,0.0,0.0,True
2030,P0309,Inner Mongolia,beccs,0.0,0.0,0.0,0.0,0.0,True
2030,P0309,Inner Mongolia,ammonia,0.0,0.0,0.0,0.0,0.0,True
2030,P0310,Shaanxi,unabated,1.0,11980320.0,9.823862399999998,0.0,0.0,True
2030,P0310,Shaanxi,retire,0.0,0.0,0.0,0.0,0.0,True
2030,P0310,Shaanxi,ccs,0.0,0.0,0.0,0.0,0.0,True
2030,P0310,Shaanxi,biomass,0.0,0.0,0.0,0.0,0.0,True
2030,P0310,Shaanxi,beccs,0.0,0.0,0.0,0.0,0.0,True
2030,P0310,Shaanxi,ammonia,0.0,0.0,0.0,0.0,0.0,True
2030,P0311,Hunan,unabated,0.0,0.0,0.0,0.0,0.0,True
2030,P0311,Hunan,retire,0.0,0.0,0.0,0.0,0.0,True
2030,P0311,Hunan,ccs,0.0,0.0,0.0,0.0,0.0,True
2030,P0311,Hunan,biomass,1.0,5157108.0,4.228828559999999,4.228828559999999,0.0,True
2030,P0311,Hunan,beccs,0.0,0.0,0.0,0.0,0.0,True
2030,P0311,Hunan,ammonia,0.0,0.0,0.0,0.0,0.0,True
2030,P0312,Shanxi,unabated,1.0,2777700.0,2.277714,0.0,0.0,True
2030,P0312,Shanxi,retire,0.0,0.0,0.0,0.0,0.0,True
2030,P0312,Shanxi,ccs,0.0,0.0,0.0,0.0,0.0,True
2030,P0312,Shanxi,biomass,0.0,0.0,0.0,0.0,0.0,True
2030,P0312,Shanxi,beccs,0.0,0.0,0.0,0.0,0.0,True
2030,P0312,Shanxi,ammonia,0.0,0.0,0.0,0.0,0.0,True
2030,P0313,Xinjiang,unabated,1.0,4224959.999999999,3.464467199999999,0.0,0.0,True
2030,P0313,Xinjiang,retire,0.0,0.0,0.0,0.0,0.0,True
2030,P0313,Xinjiang,ccs,0.0,0.0,0.0,0.0,0.0,True
2030,P0313,Xinjiang,biomass,0.0,0.0,0.0,0.0,0.0,True
2030,P0313,Xinjiang,beccs,0.0,0.0,0.0,0.0,0.0,True
2030,P0313,Xinjiang,ammonia,0.0,0.0,0.0,0.0,0.0,True
2030,P0314,Inner Mongolia,unabated,1.0,6037799.999999999,4.950995999999999,0.0,0.0,True
2030,P0314,Inner Mongolia,retire,0.0,0.0,0.0,0.0,0.0,True
2030,P0314,Inner Mongolia,ccs,0.0,0.0,0.0,0.0,0.0,True
2030,P0314,Inner Mongolia,biomass,0.0,0.0,0.0,0.0,0.0,True
2030,P0314,Inner Mongolia,beccs,0.0,0.0,0.0,0.0,0.0,True
2030,P0314,Inner Mongolia,ammonia,0.0,0.0,0.0,0.0,0.0,True
2030,P0315,Jiangxi,unabated,1.0,22974048.0,18.83871936,0.0,0.0,True
2030,P0315,Jiangxi,retire,0.0,0.0,0.0,0.0,0.0,True
2030,P0315,Jiangxi,ccs,0.0,0.0,0.0,0.0,0.0,True
2030,P0315,Jiangxi,biomass,0.0,0.0,0.0,0.0,0.0,True
2030,P0315,Jiangxi,beccs,0.0,0.0,0.0,0.0,0.0,True
2030,P0315,Jiangxi,ammonia,0.0,0.0,0.0,0.0,0.0,True
2030,P0316,Chongqing,unabated,1.0,5753040.0,4.7174928,0.0,0.0,True
2030,P0316,Chongqing,retire,0.0,0.0,0.0,0.0,0.0,True
2030,P0316,Chongqing,ccs,0.0,0.0,0.0,0.0,0.0,True
2030,P0316,Chongqing,biomass,0.0,0.0,0.0,0.0,0.0,True
2030,P0316,Chongqing,beccs,0.0,0.0,0.0,0.0,0.0,True
2030,P0316,Chongqing,ammonia,0.0,0.0,0.0,0.0,0.0,True
2030,P0317,Jiangsu,unabated,1.0,6871235.0,5.6344126999999995,0.0,0.0,True
2030,P0317,Jiangsu,retire,0.0,0.0,0.0,0.0,0.0,True
2030,P0317,Jiangsu,ccs,0.0,0.0,0.0,0.0,0.0,True
2030,P0317,Jiangsu,biomass,0.0,0.0,0.0,0.0,0.0,True
2030,P0317,Jiangsu,beccs,0.0,0.0,0.0,0.0,0.0,True
2030,P0317,Jiangsu,ammonia,0.0,0.0,0.0,0.0,0.0,True
2030,P0318,Jilin,unabated,1.0,1991770.0000000002,1.6332514000000002,0.0,0.0,True
2030,P0318,Jilin,retire,0.0,0.0,0.0,0.0,0.0,True
2030,P0318,Jilin,ccs,0.0,0.0,0.0,0.0,0.0,True
2030,P0318,Jilin,biomass,0.0,0.0,0.0,0.0,0.0,True
2030,P0318,Jilin,beccs,0.0,0.0,0.0,0.0,0.0,True
2030,P0318,Jilin,ammonia,0.0,0.0,0.0,0.0,0.0,True
2030,P0319,Inner Mongolia,unabated,1.0,3522049.9999999995,2.8880809999999997,0.0,0.0,True
2030,P0319,Inner Mongolia,retire,0.0,0.0,0.0,0.0,0.0,True
2030,P0319,Inner Mongolia,ccs,0.0,0.0,0.0,0.0,0.0,True
2030,P0319,Inner Mongolia,biomass,0.0,0.0,0.0,0.0,0.0,True
2030,P0319,Inner Mongolia,beccs,0.0,0.0,0.0,0.0,0.0,True
2030,P0319,Inner Mongolia,ammonia,0.0,0.0,0.0,0.0,0.0,True
2030,P0320,Guizhou,unabated,1.0,1424130.0,1.1677866,0.0,0.0,True
2030,P0320,Guizhou,retire,0.0,0.0,0.0,0.0,0.0,True
2030,P0320,Guizhou,ccs,0.0,0.0,0.0,0.0,0.0,True
2030,P0320,Guizhou,biomass,0.0,0.0,0.0,0.0,0.0,True
2030,P0320,Guizhou,beccs,0.0,0.0,0.0,0.0,0.0,True
2030,P0320,Guizhou,ammonia,0.0,0.0,0.0,0.0,0.0,True
2030,P0321,Jilin,unabated,1.0,2390124.0000000005,1.9599016800000002,0.0,0.0,True
2030,P0321,Jilin,retire,0.0,0.0,0.0,0.0,0.0,True
2030,P0321,Jilin,ccs,0.0,0.0,0.0,0.0,0.0,True
2030,P0321,Jilin,biomass,0.0,0.0,0.0,0.0,0.0,True
2030,P0321,Jilin,beccs,0.0,0.0,0.0,0.0,0.0,True
2030,P0321,Jilin,ammonia,0.0,0.0,0.0,0.0,0.0,True
2030,P0322,Xinjiang,unabated,1.0,3696839.9999999995,3.0314087999999995,0.0,0.0,True
2030,P0322,Xinjiang,retire,0.0,0.0,0.0,0.0,0.0,True
2030,P0322,Xinjiang,ccs,0.0,0.0,0.0,0.0,0.0,True
2030,P0322,Xinjiang,biomass,0.0,0.0,0.0,0.0,0.0,True
2030,P0322,Xinjiang,beccs,0.0,0.0,0.0,0.0,0.0,True
2030,P0322,Xinjiang,ammonia,0.0,0.0,0.0,0.0,0.0,True
2030,P0323,Henan,unabated,1.0,14398400.0,11.806688,0.0,0.0,True
2030,P0323,Henan,retire,0.0,0.0,0.0,0.0,0.0,True
2030,P0323,Henan,ccs,0.0,0.0,0.0,0.0,0.0,True
2030,P0323,Henan,biomass,0.0,0.0,0.0,0.0,0.0,True
2030,P0323,Henan,beccs,0.0,0.0,0.0,0.0,0.0,True
2030,P0323,Henan,ammonia,0.0,0.0,0.0,0.0,0.0,True
2030,P0324,Shaanxi,unabated,1.0,14430840.0,11.833288799999998,0.0,0.0,True
2030,P0324,Shaanxi,retire,0.0,0.0,0.0,0.0,0.0,True
2030,P0324,Shaanxi,ccs,0.0,0.0,0.0,0.0,0.0,True
2030,P0324,Shaanxi,biomass,0.0,0.0,0.0,0.0,0.0,True
2030,P0324,Shaanxi,beccs,0.0,0.0,0.0,0.0,0.0,True
2030,P0324,Shaanxi,ammonia,0.0,0.0,0.0,0.0,0.0,True
2030,P0325,Zhejiang,unabated,1.0,5529764.7,4.534407054,0.0,0.0,True
2030,P0325,Zhejiang,retire,0.0,0.0,0.0,0.0,0.0,True
2030,P0325,Zhejiang,ccs,0.0,0.0,0.0,0.0,0.0,True
2030,P0325,Zhejiang,biomass,0.0,0.0,0.0,0.0,0.0,True
2030,P0325,Zhejiang,beccs,0.0,0.0,0.0,0.0,0.0,True
2030,P0325,Zhejiang,ammonia,0.0,0.0,0.0,0.0,0.0,True
2030,P0326,Zhejiang,unabated,1.0,37944481.5,31.11447483,0.0,0.0,True
2030,P0326,Zhejiang,retire,0.0,0.0,0.0,0.0,0.0,True
2030,P0326,Zhejiang,ccs,0.0,0.0,0.0,0.0,0.0,True
2030,P0326,Zhejiang,biomass,0.0,0.0,0.0,0.0,0.0,True
2030,P0326,Zhejiang,beccs,0.0,0.0,0.0,0.0,0.0,True
2030,P0326,Zhejiang,ammonia,0.0,0.0,0.0,0.0,0.0,True
2030,P0327,Chongqing,unabated,1.0,13711412.0,11.24335784,0.0,0.0,True
2030,P0327,Chongqing,retire,0.0,0.0,0.0,0.0,0.0,True
2030,P0327,Chongqing,ccs,0.0,0.0,0.0,0.0,0.0,True
2030,P0327,Chongqing,biomass,0.0,0.0,0.0,0.0,0.0,True
2030,P0327,Chongqing,beccs,0.0,0.0,0.0,0.0,0.0,True
2030,P0327,Chongqing,ammonia,0.0,0.0,0.0,0.0,0.0,True
2030,P0328,Inner Mongolia,unabated,1.0,11924655.0,9.778217099999999,0.0,0.0,True
2030,P0328,Inner Mongolia,retire,0.0,0.0,0.0,0.0,0.0,True
2030,P0328,Inner Mongolia,ccs,0.0,0.0,0.0,0.0,0.0,True
2030,P0328,Inner Mongolia,biomass,0.0,0.0,0.0,0.0,0.0,True
2030,P0328,Inner Mongolia,beccs,0.0,0.0,0.0,0.0,0.0,True
2030,P0328,Inner Mongolia,ammonia,0.0,0.0,0.0,0.0,0.0,True
2030,P0329,Xinjiang,unabated,1.0,528119.9999999999,0.4330583999999999,0.0,0.0,True
2030,P0329,Xinjiang,retire,0.0,0.0,0.0,0.0,0.0,True
2030,P0329,Xinjiang,ccs,0.0,0.0,0.0,0.0,0.0,True
2030,P0329,Xinjiang,biomass,0.0,0.0,0.0,0.0,0.0,True
2030,P0329,Xinjiang,beccs,0.0,0.0,0.0,0.0,0.0,True
2030,P0329,Xinjiang,ammonia,0.0,0.0,0.0,0.0,0.0,True
2030,P0330,Gansu,unabated,1.0,25137600.0,20.612832,0.0,0.0,True
2030,P0330,Gansu,retire,0.0,0.0,0.0,0.0,0.0,True
2030,P0330,Gansu,ccs,0.0,0.0,0.0,0.0,0.0,True
2030,P0330,Gansu,biomass,0.0,0.0,0.0,0.0,0.0,True
2030,P0330,Gansu,beccs,0.0,0.0,0.0,0.0,0.0,True
2030,P0330,Gansu,ammonia,0.0,0.0,0.0,0.0,0.0,True
2030,P0331,Guangdong,unabated,1.0,25414742.0,20.84008844,0.0,0.0,True
2030,P0331,Guangdong,retire,0.0,0.0,0.0,0.0,0.0,True
2030,P0331,Guangdong,ccs,0.0,0.0,0.0,0.0,0.0,True
2030,P0331,Guangdong,biomass,0.0,0.0,0.0,0.0,0.0,True
2030,P0331,Guangdong,beccs,0.0,0.0,0.0,0.0,0.0,True
2030,P0331,Guangdong,ammonia,0.0,0.0,0.0,0.0,0.0,True
2030,P0332,Hebei,unabated,1.0,17107584.0,14.028218879999999,0.0,0.0,True
2030,P0332,Hebei,retire,0.0,0.0,0.0,0.0,0.0,True
2030,P0332,Hebei,ccs,0.0,0.0,0.0,0.0,0.0,True
2030,P0332,Hebei,biomass,0.0,0.0,0.0,0.0,0.0,True
2030,P0332,Hebei,beccs,0.0,0.0,0.0,0.0,0.0,True
2030,P0332,Hebei,ammonia,0.0,0.0,0.0,0.0,0.0,True
2030,P0333,Guangdong,unabated,1.0,15675001.14,12.8535009348,0.0,0.0,True
2030,P0333,Guangdong,retire,0.0,0.0,0.0,0.0,0.0,True
2030,P0333,Guangdong,ccs,0.0,0.0,0.0,0.0,0.0,True
2030,P0333,Guangdong,biomass,0.0,0.0,0.0,0.0,0.0,True
2030,P0333,Guangdong,beccs,0.0,0.0,0.0,0.0,0.0,True
2030,P0333,Guangdong,ammonia,0.0,0.0,0.0,0.0,0.0,True
2030,P0334,Hebei,unabated,1.0,3118570.0,2.5572274,0.0,0.0,True
2030,P0334,Hebei,retire,0.0,0.0,0.0,0.0,0.0,True
2030,P0334,Hebei,ccs,0.0,0.0,0.0,0.0,0.0,True
2030,P0334,Hebei,biomass,0.0,0.0,0.0,0.0,0.0,True
2030,P0334,Hebei,beccs,0.0,0.0,0.0,0.0,0.0,True
2030,P0334,Hebei,ammonia,0.0,0.0,0.0,0.0,0.0,True
2030,P0335,Hubei,unabated,1.0,17248159.999999996,14.143491199999996,0.0,0.0,True
2030,P0335,Hubei,retire,0.0,0.0,0.0,0.0,0.0,True
2030,P0335,Hubei,ccs,0.0,0.0,0.0,0.0,0.0,True
2030,P0335,Hubei,biomass,0.0,0.0,0.0,0.0,0.0,True
2030,P0335,Hubei,beccs,0.0,0.0,0.0,0.0,0.0,True
2030,P0335,Hubei,ammonia,0.0,0.0,0.0,0.0,0.0,True
2030,P0336,Inner Mongolia,unabated,1.0,10063000.0,8.25166,0.0,0.0,True
2030,P0336,Inner Mongolia,retire,0.0,0.0,0.0,0.0,0.0,True
2030,P0336,Inner Mongolia,ccs,0.0,0.0,0.0,0.0,0.0,True
2030,P0336,Inner Mongolia,biomass,0.0,0.0,0.0,0.0,0.0,True
2030,P0336,Inner Mongolia,beccs,0.0,0.0,0.0,0.0,0.0,True
2030,P0336,Inner Mongolia,ammonia,0.0,0.0,0.0,0.0,0.0,True
2030,P0337,Guizhou,unabated,1.0,3322970.0,2.7248354,0.0,0.0,True
2030,P0337,Guizhou,retire,0.0,0.0,0.0,0.0,0.0,True
2030,P0337,Guizhou,ccs,0.0,0.0,0.0,0.0,0.0,True
2030,P0337,Guizhou,biomass,0.0,0.0,0.0,0.0,0.0,True
2030,P0337,Guizhou,beccs,0.0,0.0,0.0,0.0,0.0,True
2030,P0337,Guizhou,ammonia,0.0,0.0,0.0,0.0,0.0,True
2030,P0338,Guangxi,unabated,0.0,0.0,0.0,0.0,0.0,True
2030,P0338,Guangxi,retire,0.0,0.0,0.0,0.0,0.0,True
2030,P0338,Guangxi,ccs,0.0,0.0,0.0,0.0,0.0,True
2030,P0338,Guangxi,biomass,1.0,2871960.0,2.3550071999999997,2.3550071999999997,0.0,True
2030,P0338,Guangxi,beccs,0.0,0.0,0.0,0.0,0.0,True
2030,P0338,Guangxi,ammonia,0.0,0.0,0.0,0.0,0.0,True
2030,P0339,Hainan,unabated,1.0,3320394.0,2.7227230799999997,0.0,0.0,True
2030,P0339,Hainan,retire,0.0,0.0,0.0,0.0,0.0,True
2030,P0339,Hainan,ccs,0.0,0.0,0.0,0.0,0.0,True
2030,P0339,Hainan,biomass,0.0,0.0,0.0,0.0,0.0,True
2030,P0339,Hainan,beccs,0.0,0.0,0.0,0.0,0.0,True
2030,P0339,Hainan,ammonia,0.0,0.0,0.0,0.0,0.0,True
2030,P0340,Inner Mongolia,unabated,1.0,18817810.0,15.4306042,0.0,0.0,True
2030,P0340,Inner Mongolia,retire,0.0,0.0,0.0,0.0,0.0,True
2030,P0340,Inner Mongolia,ccs,0.0,0.0,0.0,0.0,0.0,True
2030,P0340,Inner Mongolia,biomass,0.0,0.0,0.0,0.0,0.0,True
2030,P0340,Inner Mongolia,beccs,0.0,0.0,0.0,0.0,0.0,True
2030,P0340,Inner Mongolia,ammonia,0.0,0.0,0.0,0.0,0.0,True
2030,P0341,Hebei,unabated,1.0,445510.0,0.3653181999999999,0.0,0.0,True
2030,P0341,Hebei,retire,0.0,0.0,0.0,0.0,0.0,True
2030,P0341,Hebei,ccs,0.0,0.0,0.0,0.0,0.0,True
2030,P0341,Hebei,biomass,0.0,0.0,0.0,0.0,0.0,True
2030,P0341,Hebei,beccs,0.0,0.0,0.0,0.0,0.0,True
2030,P0341,Hebei,ammonia,0.0,0.0,0.0,0.0,0.0,True
2030,P0342,Zhejiang,unabated,1.0,29115678.0,23.874855959999998,0.0,0.0,True
2030,P0342,Zhejiang,retire,0.0,0.0,0.0,0.0,0.0,True
2030,P0342,Zhejiang,ccs,0.0,0.0,0.0,0.0,0.0,True
2030,P0342,Zhejiang,biomass,0.0,0.0,0.0,0.0,0.0,True
2030,P0342,Zhejiang,beccs,0.0,0.0,0.0,0.0,0.0,True
2030,P0342,Zhejiang,ammonia,0.0,0.0,0.0,0.0,0.0,True
2030,P0343,Hunan,unabated,1.0,15315048.0,12.55833936,0.0,0.0,True
2030,P0343,Hunan,retire,0.0,0.0,0.0,0.0,0.0,True
2030,P0343,Hunan,ccs,0.0,0.0,0.0,0.0,0.0,True
2030,P0343,Hunan,biomass,0.0,0.0,0.0,0.0,0.0,True
2030,P0343,Hunan,beccs,0.0,0.0,0.0,0.0,0.0,True
2030,P0343,Hunan,ammonia,0.0,0.0,0.0,0.0,0.0,True
2030,P0344,Xinjiang,unabated,1.0,20913551.999999996,17.14911264,0.0,0.0,True
2030,P0344,Xinjiang,retire,0.0,0.0,0.0,0.0,0.0,True
2030,P0344,Xinjiang,ccs,0.0,0.0,0.0,0.0,0.0,True
2030,P0344,Xinjiang,biomass,0.0,0.0,0.0,0.0,0.0,True
2030,P0344,Xinjiang,beccs,0.0,0.0,0.0,0.0,0.0,True
2030,P0344,Xinjiang,ammonia,0.0,0.0,0.0,0.0,0.0,True
2030,P0345,Gansu,unabated,1.0,8379200.0,6.870944,0.0,0.0,True
2030,P0345,Gansu,retire,0.0,0.0,0.0,0.0,0.0,True
2030,P0345,Gansu,ccs,0.0,0.0,0.0,0.0,0.0,True
2030,P0345,Gansu,biomass,0.0,0.0,0.0,0.0,0.0,True
2030,P0345,Gansu,beccs,0.0,0.0,0.0,0.0,0.0,True
2030,P0345,Gansu,ammonia,0.0,0.0,0.0,0.0,0.0,True
2030,P0346,Inner Mongolia,unabated,1.0,26465690.0,21.701865799999997,0.0,0.0,True
2030,P0346,Inner Mongolia,retire,0.0,0.0,0.0,0.0,0.0,True
2030,P0346,Inner Mongolia,ccs,0.0,0.0,0.0,0.0,0.0,True
2030,P0346,Inner Mongolia,biomass,0.0,0.0,0.0,0.0,0.0,True
2030,P0346,Inner Mongolia,beccs,0.0,0.0,0.0,0.0,0.0,True
2030,P0346,Inner Mongolia,ammonia,0.0,0.0,0.0,0.0,0.0,True
2030,P0347,Ningxia,unabated,1.0,3777884.0,3.09786488,0.0,0.0,True
2030,P0347,Ningxia,retire,0.0,0.0,0.0,0.0,0.0,True
2030,P0347,Ningxia,ccs,0.0,0.0,0.0,0.0,0.0,True
2030,P0347,Ningxia,biomass,0.0,0.0,0.0,0.0,0.0,True
2030,P0347,Ningxia,beccs,0.0,0.0,0.0,0.0,0.0,True
2030,P0347,Ningxia,ammonia,0.0,0.0,0.0,0.0,0.0,True
2030,P0348,Jiangsu,unabated,1.0,25729515.0,21.098202299999997,0.0,0.0,True
2030,P0348,Jiangsu,retire,0.0,0.0,0.0,0.0,0.0,True
2030,P0348,Jiangsu,ccs,0.0,0.0,0.0,0.0,0.0,True
2030,P0348,Jiangsu,biomass,0.0,0.0,0.0,0.0,0.0,True
2030,P0348,Jiangsu,beccs,0.0,0.0,0.0,0.0,0.0,True
2030,P0348,Jiangsu,ammonia,0.0,0.0,0.0,0.0,0.0,True
2030,P0349,Guangdong,unabated,1.0,6281210.0,5.150592199999999,0.0,0.0,True
2030,P0349,Guangdong,retire,0.0,0.0,0.0,0.0,0.0,True
2030,P0349,Guangdong,ccs,0.0,0.0,0.0,0.0,0.0,True
2030,P0349,Guangdong,biomass,0.0,0.0,0.0,0.0,0.0,True
2030,P0349,Guangdong,beccs,0.0,0.0,0.0,0.0,0.0,True
2030,P0349,Guangdong,ammonia,0.0,0.0,0.0,0.0,0.0,True
2030,P0350,Guangxi,unabated,0.0,0.0,0.0,0.0,0.0,True
2030,P0350,Guangxi,retire,0.0,0.0,0.0,0.0,0.0,True
2030,P0350,Guangxi,ccs,0.0,0.0,0.0,0.0,0.0,True
2030,P0350,Guangxi,biomass,1.0,622258.0,0.51025156,0.51025156,0.0,True
2030,P0350,Guangxi,beccs,0.0,0.0,0.0,0.0,0.0,True
2030,P0350,Guangxi,ammonia,0.0,0.0,0.0,0.0,0.0,True
2040,P0001,Fujian,unabated,0.5639823650032967,35444719.25762357,29.064669791251323,0.0,0.0,True
2040,P0001,Fujian,retire,0.0,0.0,0.0,0.0,0.0,True
2040,P0001,Fujian,ccs,0.0,0.0,0.0,0.0,0.0,True
2040,P0001,Fujian,biomass,0.0,0.0,0.0,0.0,0.0,True
2040,P0001,Fujian,beccs,0.4360176349967033,27402492.74237643,22.470044048748672,42.69308369262248,23.256495590454875,True
2040,P0001,Fujian,ammonia,0.0,0.0,0.0,0.0,0.0,True
2040,P0002,Shanxi,unabated,0.5896828283131264,38301011.25106892,31.406829225876514,0.0,0.0,True
2040,P0002,Shanxi,retire,0.4103171716868742,26650873.748931106,21.853716474123505,21.853716474123505,0.0,True
2040,P0002,Shanxi,ccs,0.0,0.0,0.0,0.0,0.0,True
2040,P0002,Shanxi,biomass,0.0,0.0,0.0,0.0,0.0,True
2040,P0002,Shanxi,beccs,0.0,0.0,0.0,0.0,0.0,True
2040,P0002,Shanxi,ammonia,0.0,0.0,0.0,0.0,0.0,True
2040,P0003,Chongqing,unabated,0.0,0.0,0.0,0.0,0.0,True
2040,P0003,Chongqing,retire,0.0,0.0,0.0,0.0,0.0,True
2040,P0003,Chongqing,ccs,0.0,0.0,0.0,0.0,0.0,True
2040,P0003,Chongqing,biomass,0.06666666666666667,2162184.2,1.772991044,1.772991044,0.0,True
2040,P0003,Chongqing,beccs,0.9333333333333333,30270578.8,24.821874616,47.1615617704,25.69064022756,True
2040,P0003,Chongqing,ammonia,0.0,0.0,0.0,0.0,0.0,True
2040,P0004,Inner Mongolia,unabated,0.6868741736470121,7464975.994162673,6.121280315213391,0.0,0.0,True
2040,P0004,Inner Mongolia,retire,0.0,0.0,0.0,0.0,0.0,True
2040,P0004,Inner Mongolia,ccs,0.31312582635298797,3403064.0058373273,2.7905124847866083,2.5114612363079476,2.888180421754139,True
2040,P0004,Inner Mongolia,biomass,0.0,0.0,0.0,0.0,0.0,True
2040,P0004,Inner Mongolia,beccs,0.0,0.0,0.0,0.0,0.0,True
2040,P0004,Inner Mongolia,ammonia,0.0,0.0,0.0,0.0,0.0,True
2040,P0005,Sichuan,unabated,0.0,0.0,0.0,0.0,0.0,True
2040,P0005,Sichuan,retire,0.0,0.0,0.0,0.0,0.0,True
2040,P0005,Sichuan,ccs,0.0,0.0,0.0,0.0,0.0,True
2040,P0005,Sichuan,biomass,0.3415295657999142,6424664.984448532,5.268225287247796,5.268225287247796,0.0,True
2040,P0005,Sichuan,beccs,0.6584704342000863,12386781.015551474,10.15716043275221,19.298604822229198,10.512661047898536,True
2040,P0005,Sichuan,ammonia,0.0,0.0,0.0,0.0,0.0,True
2040,P0006,Hebei,unabated,1.0,22899214.0,18.77735548,0.0,0.0,True
2040,P0006,Hebei,retire,0.0,0.0,0.0,0.0,0.0,True
2040,P0006,Hebei,ccs,0.0,0.0,0.0,0.0,0.0,True
2040,P0006,Hebei,biomass,0.0,0.0,0.0,0.0,0.0,True
2040,P0006,Hebei,beccs,0.0,0.0,0.0,0.0,0.0,True
2040,P0006,Hebei,ammonia,0.0,0.0,0.0,0.0,0.0,True
2040,P0007,Hebei,unabated,1.0,38741549.6,31.768070671999997,0.0,0.0,True
2040,P0007,Hebei,retire,0.0,0.0,0.0,0.0,0.0,True
2040,P0007,Hebei,ccs,0.0,0.0,0.0,0.0,0.0,True
2040,P0007,Hebei,biomass,0.0,0.0,0.0,0.0,0.0,True
2040,P0007,Hebei,beccs,0.0,0.0,0.0,0.0,0.0,True
2040,P0007,Hebei,ammonia,0.0,0.0,0.0,0.0,0.0,True
2040,P0008,Shandong,unabated,0.18168428597684605,2167851.3770734337,1.7776381292002155,0.0,0.0,True
2040,P0008,Shandong,retire,0.0,0.0,0.0,0.0,0.0,True
2040,P0008,Shandong,ccs,0.0,0.0,0.0,0.0,0.0,True
2040,P0008,Shandong,biomass,0.8183157140231542,9764118.22292657,8.006576942799787,8.006576942799787,0.0,True
2040,P0008,Shandong,beccs,0.0,0.0,0.0,0.0,0.0,True
2040,P0008,Shandong,ammonia,0.0,0.0,0.0,0.0,0.0,True
2040,P0009,Inner Mongolia,unabated,1.0,107372210.0,88.0452122,0.0,0.0,True
2040,P0009,Inner Mongolia,retire,0.0,0.0,0.0,0.0,0.0,True
2040,P0009,Inner Mongolia,ccs,0.0,0.0,0.0,0.0,0.0,True
2040,P0009,Inner Mongolia,biomass,0.0,0.0,0.0,0.0,0.0,True
2040,P0009,Inner Mongolia,beccs,0.0,0.0,0.0,0.0,0.0,True
2040,P0009,Inner Mongolia,ammonia,0.0,0.0,0.0,0.0,0.0,True
2040,P0010,Yunnan,unabated,1.0,16673783.999999998,13.672502879999998,0.0,0.0,True
2040,P0010,Yunnan,retire,0.0,0.0,0.0,0.0,0.0,True
2040,P0010,Yunnan,ccs,0.0,0.0,0.0,0.0,0.0,True
2040,P0010,Yunnan,biomass,0.0,0.0,0.0,0.0,0.0,True
2040,P0010,Yunnan,beccs,0.0,0.0,0.0,0.0,0.0,True
2040,P0010,Yunnan,ammonia,0.0,0.0,0.0,0.0,0.0,True
2040,P0011,Guangdong,unabated,1.0,41214401.0,33.79580882,0.0,0.0,True
2040,P0011,Guangdong,retire,0.0,0.0,0.0,0.0,0.0,True
2040,P0011,Guangdong,ccs,0.0,0.0,0.0,0.0,0.0,True
2040,P0011,Guangdong,biomass,0.0,0.0,0.0,0.0,0.0,True
2040,P0011,Guangdong,beccs,0.0,0.0,0.0,0.0,0.0,True
2040,P0011,Guangdong,ammonia,0.0,0.0,0.0,0.0,0.0,True
2040,P0012,Liaoning,unabated,0.0,0.0,0.0,0.0,0.0,True
2040,P0012,Liaoning,retire,0.0,0.0,0.0,0.0,0.0,True
2040,P0012,Liaoning,ccs,0.0,0.0,0.0,0.0,0.0,True
2040,P0012,Liaoning,biomass,1.0,17363920.0,14.238414399999998,14.238414399999998,0.0,True
2040,P0012,Liaoning,beccs,0.0,0.0,0.0,0.0,0.0,True
2040,P0012,Liaoning,ammonia,0.0,0.0,0.0,0.0,0.0,True
2040,P0013,Shanxi,unabated,1.0,81340315.0,66.69905829999999,0.0,0.0,True
2040,P0013,Shanxi,retire,0.0,0.0,0.0,0.0,0.0,True
2040,P0013,Shanxi,ccs,0.0,0.0,0.0,0.0,0.0,True
2040,P0013,Shanxi,biomass,0.0,0.0,0.0,0.0,0.0,True
2040,P0013,Shanxi,beccs,0.0,0.0,0.0,0.0,0.0,True
2040,P0013,Shanxi,ammonia,0.0,0.0,0.0,0.0,0.0,True
2040,P0014,Guangdong,unabated,0.0,0.0,0.0,0.0,0.0,True
2040,P0014,Guangdong,retire,0.0,0.0,0.0,0.0,0.0,True
2040,P0014,Guangdong,ccs,0.0,0.0,0.0,0.0,0.0,True
2040,P0014,Guangdong,biomass,0.0,0.0,0.0,0.0,0.0,True
2040,P0014,Guangdong,beccs,1.0,11885982.0,9.74650524,18.518359955999998,10.087632923399998,True
2040,P0014,Guangdong,ammonia,0.0,0.0,0.0,0.0,0.0,True
2040,P0015,Hunan,unabated,0.0,0.0,0.0,0.0,0.0,True
2040,P0015,Hunan,retire,0.0,0.0,0.0,0.0,0.0,True
2040,P0015,Hunan,ccs,0.0,0.0,0.0,0.0,0.0,True
2040,P0015,Hunan,biomass,1.0,9884457.0,8.10525474,8.10525474,0.0,True
2040,P0015,Hunan,beccs,0.0,0.0,0.0,0.0,0.0,True
2040,P0015,Hunan,ammonia,0.0,0.0,0.0,0.0,0.0,True
2040,P0016,Hubei,unabated,0.0,0.0,0.0,0.0,0.0,True
2040,P0016,Hubei,retire,0.0,0.0,0.0,0.0,0.0,True
2040,P0016,Hubei,ccs,0.0,0.0,0.0,0.0,0.0,True
2040,P0016,Hubei,biomass,1.0,31796607.999999996,26.073218559999994,26.073218559999994,0.0,True
2040,P0016,Hubei,beccs,0.0,0.0,0.0,0.0,0.0,True
2040,P0016,Hubei,ammonia,0.0,0.0,0.0,0.0,0.0,True
2040,P0017,Jiangsu,unabated,0.5009077329083182,23414661.484623566,19.200022417391324,0.0,0.0,True
2040,P0017,Jiangsu,retire,0.0,0.0,0.0,0.0,0.0,True
2040,P0017,Jiangsu,ccs,0.0,0.0,0.0,0.0,0.0,True
2040,P0017,Jiangsu,biomass,0.0,0.0,0.0,0.0,0.0,True
2040,P0017,Jiangsu,beccs,0.49909226709168175,23329798.515376434,19.130434782608674,36.34782608695648,19.8,True
2040,P0017,Jiangsu,ammonia,0.0,0.0,0.0,0.0,0.0,True
2040,P0018,Jilin,unabated,0.0,0.0,0.0,0.0,0.0,True
2040,P0018,Jilin,retire,0.0,0.0,0.0,0.0,0.0,True
2040,P0018,Jilin,ccs,0.0,0.0,0.0,0.0,0.0,True
2040,P0018,Jilin,biomass,1.0,3838684.0,3.14772088,3.14772088,0.0,True
2040,P0018,Jilin,beccs,0.0,0.0,0.0,0.0,0.0,True
2040,P0018,Jilin,ammonia,0.0,0.0,0.0,0.0,0.0,True
2040,P0019,Hunan,unabated,0.0,0.0,0.0,0.0,0.0,True
2040,P0019,Hunan,retire,0.0,0.0,0.0,0.0,0.0,True
2040,P0019,Hunan,ccs,0.0,0.0,0.0,0.0,0.0,True
2040,P0019,Hunan,biomass,1.0,15119703.0,12.39815646,12.39815646,0.0,True
2040,P0019,Hunan,beccs,0.0,0.0,0.0,0.0,0.0,True
2040,P0019,Hunan,ammonia,0.0,0.0,0.0,0.0,0.0,True
2040,P0020,Zhejiang,unabated,0.6509548514013053,43948601.054165184,36.03785286441545,0.0,0.0,True
2040,P0020,Zhejiang,retire,0.0,0.0,0.0,0.0,0.0,True
2040,P0020,Zhejiang,ccs,0.0,0.0,0.0,0.0,0.0,True
2040,P0020,Zhejiang,biomass,0.0,0.0,0.0,0.0,0.0,True
2040,P0020,Zhejiang,beccs,0.34904514859869473,23565453.045834813,19.323671497584545,36.714975845410635,20.0,True
2040,P0020,Zhejiang,ammonia,0.0,0.0,0.0,0.0,0.0,True
2040,P0021,Shandong,unabated,1.0,45246412.50000001,37.102058250000006,0.0,0.0,True
2040,P0021,Shandong,retire,0.0,0.0,0.0,0.0,0.0,True
2040,P0021,Shandong,ccs,0.0,0.0,0.0,0.0,0.0,True
2040,P0021,Shandong,biomass,0.0,0.0,0.0,0.0,0.0,True
2040,P0021,Shandong,beccs,0.0,0.0,0.0,0.0,0.0,True
2040,P0021,Shandong,ammonia,0.0,0.0,0.0,0.0,0.0,True
2040,P0022,Shandong,unabated,0.0,0.0,0.0,0.0,0.0,True
2040,P0022,Shandong,retire,0.0,0.0,0.0,0.0,0.0,True
2040,P0022,Shandong,ccs,0.0,0.0,0.0,0.0,0.0,True
2040,P0022,Shandong,biomass,1.0,15896209.500000002,13.034891790000001,13.034891790000001,0.0,True
2040,P0022,Shandong,beccs,0.0,0.0,0.0,0.0,0.0,True
2040,P0022,Shandong,ammonia,0.0,0.0,0.0,0.0,0.0,True
2040,P0023,Henan,unabated,0.0,0.0,0.0,0.0,0.0,True
2040,P0023,Henan,retire,0.0,0.0,0.0,0.0,0.0,True
2040,P0023,Henan,ccs,0.0,0.0,0.0,0.0,0.0,True
2040,P0023,Henan,biomass,1.0,20013776.0,16.411296319999998,16.411296319999998,0.0,True
2040,P0023,Henan,beccs,0.0,0.0,0.0,0.0,0.0,True
2040,P0023,Henan,ammonia,0.0,0.0,0.0,0.0,0.0,True
2040,P0024,Chongqing,unabated,0.0,0.0,0.0,0.0,0.0,True
2040,P0024,Chongqing,retire,0.0,0.0,0.0,0.0,0.0,True
2040,P0024,Chongqing,ccs,0.0,0.0,0.0,0.0,0.0,True
2040,P0024,Chongqing,biomass,1.0,5892071.800000001,4.831498876,4.831498876,0.0,True
2040,P0024,Chongqing,beccs,0.0,0.0,0.0,0.0,0.0,True
2040,P0024,Chongqing,ammonia,0.0,0.0,0.0,0.0,0.0,True
2040,P0025,Jilin,unabated,0.0,0.0,0.0,0.0,0.0,True
2040,P0025,Jilin,retire,0.0,0.0,0.0,0.0,0.0,True
2040,P0025,Jilin,ccs,0.0,0.0,0.0,0.0,0.0,True
2040,P0025,Jilin,biomass,0.9818401571183426,15289234.563449975,12.537172342028978,12.537172342028978,0.0,True
2040,P0025,Jilin,beccs,0.01815984288165832,282785.4365500411,0.23188405797103365,0.4405797101449639,0.24000000000001978,True
2040,P0025,Jilin,ammonia,0.0,0.0,0.0,0.0,0.0,True
2040,P0026,Hainan,unabated,0.0,0.0,0.0,0.0,0.0,True
2040,P0026,Hainan,retire,0.0,0.0,0.0,0.0,0.0,True
2040,P0026,Hainan,ccs,0.050457783099436396,533080.9280894046,0.4371263610333117,0.39341372492998056,0.4524257836694776,True
2040,P0026,Hainan,biomass,0.0,0.0,0.0,0.0,0.0,True
2040,P0026,Hainan,beccs,0.9495422169005636,10031809.071910596,8.226083438966688,15.629558534036704,8.513996359330521,True
2040,P0026,Hainan,ammonia,0.0,0.0,0.0,0.0,0.0,True
2040,P0027,Shandong,unabated,0.23221461010405559,13534884.33430791,11.098605154132487,0.0,0.0,True
2040,P0027,Shandong,retire,0.0,0.0,0.0,0.0,0.0,True
2040,P0027,Shandong,ccs,0.0,0.0,0.0,0.0,0.0,True
2040,P0027,Shandong,biomass,0.7677853898959449,44751217.16569213,36.69599807586754,36.69599807586754,0.0,True
2040,P0027,Shandong,beccs,0.0,0.0,0.0,0.0,0.0,True
2040,P0027,Shandong,ammonia,0.0,0.0,0.0,0.0,0.0,True
2040,P0028,Hunan,unabated,0.0,0.0,0.0,0.0,0.0,True
2040,P0028,Hunan,retire,0.0,0.0,0.0,0.0,0.0,True
2040,P0028,Hunan,ccs,0.0,0.0,0.0,0.0,0.0,True
2040,P0028,Hunan,biomass,1.0,22425606.0,18.388996919999997,18.388996919999997,0.0,True
2040,P0028,Hunan,beccs,0.0,0.0,0.0,0.0,0.0,True
2040,P0028,Hunan,ammonia,0.0,0.0,0.0,0.0,0.0,True
2040,P0029,Jilin,unabated,0.0,0.0,0.0,0.0,0.0,True
2040,P0029,Jilin,retire,0.0,0.0,0.0,0.0,0.0,True
2040,P0029,Jilin,ccs,0.0,0.0,0.0,0.0,0.0,True
2040,P0029,Jilin,biomass,0.0,0.0,0.0,0.0,0.0,True
2040,P0029,Jilin,beccs,1.0,434568.0,0.35634575999999996,0.6770569439999999,0.3688178615999999,True
2040,P0029,Jilin,ammonia,0.0,0.0,0.0,0.0,0.0,True
2040,P0030,Jilin,unabated,0.0,0.0,0.0,0.0,0.0,True
2040,P0030,Jilin,retire,0.0,0.0,0.0,0.0,0.0,True
2040,P0030,Jilin,ccs,0.0,0.0,0.0,0.0,0.0,True
2040,P0030,Jilin,biomass,0.0,0.0,0.0,0.0,0.0,True
2040,P0030,Jilin,beccs,1.0,16227493.4,13.306544588,25.282434717199997,13.772273648579999,True
2040,P0030,Jilin,ammonia,0.0,0.0,0.0,0.0,0.0,True
2040,P0031,Shanxi,unabated,0.15398437949295965,3493066.3558270177,2.8643144117781545,0.0,0.0,True
2040,P0031,Shanxi,retire,0.0,0.0,0.0,0.0,0.0,True
2040,P0031,Shanxi,ccs,0.0,0.0,0.0,0.0,0.0,True
2040,P0031,Shanxi,biomass,0.0,0.0,0.0,0.0,0.0,True
2040,P0031,Shanxi,beccs,0.8460156205070408,19191483.644172993,15.737016588221852,29.90033151762152,16.287812168809616,True
2040,P0031,Shanxi,ammonia,0.0,0.0,0.0,0.0,0.0,True
2040,P0032,Henan,unabated,0.0,0.0,0.0,0.0,0.0,True
2040,P0032,Henan,retire,0.0,0.0,0.0,0.0,0.0,True
2040,P0032,Henan,ccs,0.0,0.0,0.0,0.0,0.0,True
2040,P0032,Henan,biomass,1.0,8531052.0,6.9954626399999995,6.9954626399999995,0.0,True
2040,P0032,Henan,beccs,0.0,0.0,0.0,0.0,0.0,True
2040,P0032,Henan,ammonia,0.0,0.0,0.0,0.0,0.0,True
2040,P0033,Henan,unabated,0.0,0.0,0.0,0.0,0.0,True
2040,P0033,Henan,retire,0.0,0.0,0.0,0.0,0.0,True
2040,P0033,Henan,ccs,0.0,0.0,0.0,0.0,0.0,True
2040,P0033,Henan,biomass,1.0,22569492.0,18.50698344,18.50698344,0.0,True
2040,P0033,Henan,beccs,0.0,0.0,0.0,0.0,0.0,True
2040,P0033,Henan,ammonia,0.0,0.0,0.0,0.0,0.0,True
2040,P0034,Shandong,unabated,1.0,18403842.0,15.09115044,0.0,0.0,True
2040,P0034,Shandong,retire,0.0,0.0,0.0,0.0,0.0,True
2040,P0034,Shandong,ccs,0.0,0.0,0.0,0.0,0.0,True
2040,P0034,Shandong,biomass,0.0,0.0,0.0,0.0,0.0,True
2040,P0034,Shandong,beccs,0.0,0.0,0.0,0.0,0.0,True
2040,P0034,Shandong,ammonia,0.0,0.0,0.0,0.0,0.0,True
2040,P0035,Anhui,unabated,1.0,46348752.00000001,38.00597664,0.0,0.0,True
2040,P0035,Anhui,retire,0.0,0.0,0.0,0.0,0.0,True
2040,P0035,Anhui,ccs,0.0,0.0,0.0,0.0,0.0,True
2040,P0035,Anhui,biomass,0.0,0.0,0.0,0.0,0.0,True
2040,P0035,Anhui,beccs,0.0,0.0,0.0,0.0,0.0,True
2040,P0035,Anhui,ammonia,0.0,0.0,0.0,0.0,0.0,True
2040,P0036,Jiangsu,unabated,1.0,140042791.0,114.83508862,0.0,0.0,True
2040,P0036,Jiangsu,retire,0.0,0.0,0.0,0.0,0.0,True
2040,P0036,Jiangsu,ccs,0.0,0.0,0.0,0.0,0.0,True
2040,P0036,Jiangsu,biomass,0.0,0.0,0.0,0.0,0.0,True
2040,P0036,Jiangsu,beccs,0.0,0.0,0.0,0.0,0.0,True
2040,P0036,Jiangsu,ammonia,0.0,0.0,0.0,0.0,0.0,True
2040,P0037,Inner Mongolia,unabated,1.0,41962710.0,34.409422199999995,0.0,0.0,True
2040,P0037,Inner Mongolia,retire,0.0,0.0,0.0,0.0,0.0,True
2040,P0037,Inner Mongolia,ccs,0.0,0.0,0.0,0.0,0.0,True
2040,P0037,Inner Mongolia,biomass,0.0,0.0,0.0,0.0,0.0,True
2040,P0037,Inner Mongolia,beccs,0.0,0.0,0.0,0.0,0.0,True
2040,P0037,Inner Mongolia,ammonia,0.0,0.0,0.0,0.0,0.0,True
2040,P0038,Sichuan,unabated,0.0,0.0,0.0,0.0,0.0,True
2040,P0038,Sichuan,retire,0.0,0.0,0.0,0.0,0.0,True
2040,P0038,Sichuan,ccs,0.0,0.0,0.0,0.0,0.0,True
2040,P0038,Sichuan,biomass,0.0,0.0,0.0,0.0,0.0,True
2040,P0038,Sichuan,beccs,1.0,24582287.999999996,20.157476159999998,38.299204704,20.862987825599998,True
2040,P0038,Sichuan,ammonia,0.0,0.0,0.0,0.0,0.0,True
2040,P0039,Heilongjiang,unabated,0.0,0.0,0.0,0.0,0.0,True
2040,P0039,Heilongjiang,retire,0.0,0.0,0.0,0.0,0.0,True
2040,P0039,Heilongjiang,ccs,0.0,0.0,0.0,0.0,0.0,True
2040,P0039,Heilongjiang,biomass,0.0,0.0,0.0,0.0,0.0,True
2040,P0039,Heilongjiang,beccs,1.0,7478775.0,6.1325955,11.65193145,5.924087252999999,True
2040,P0039,Heilongjiang,ammonia,0.0,0.0,0.0,0.0,0.0,True
2040,P0040,Shanxi,unabated,1.0,29397324.999999996,24.105806499999996,0.0,0.0,True
2040,P0040,Shanxi,retire,0.0,0.0,0.0,0.0,0.0,True
2040,P0040,Shanxi,ccs,0.0,0.0,0.0,0.0,0.0,True
2040,P0040,Shanxi,biomass,0.0,0.0,0.0,0.0,0.0,True
2040,P0040,Shanxi,beccs,0.0,0.0,0.0,0.0,0.0,True
2040,P0040,Shanxi,ammonia,0.0,0.0,0.0,0.0,0.0,True
2040,P0041,Hebei,unabated,0.4080509831870942,7071661.867915643,5.798762731690827,0.0,0.0,True
2040,P0041,Hebei,retire,0.0,0.0,0.0,0.0,0.0,True
2040,P0041,Hebei,ccs,0.0,0.0,0.0,0.0,0.0,True
2040,P0041,Hebei,biomass,0.0,0.0,0.0,0.0,0.0,True
2040,P0041,Hebei,beccs,0.5919490168129063,10258677.132084366,8.41211524830918,15.983018971787441,8.706539282000001,True
2040,P0041,Hebei,ammonia,0.0,0.0,0.0,0.0,0.0,True
2040,P0042,Shandong,unabated,0.0,0.0,0.0,0.0,0.0,True
2040,P0042,Shandong,retire,0.0,0.0,0.0,0.0,0.0,True
2040,P0042,Shandong,ccs,0.0,0.0,0.0,0.0,0.0,True
2040,P0042,Shandong,biomass,1.0,27562152.000000004,22.60096464,22.60096464,0.0,True
2040,P0042,Shandong,beccs,0.0,0.0,0.0,0.0,0.0,True
2040,P0042,Shandong,ammonia,0.0,0.0,0.0,0.0,0.0,True
2040,P0043,Anhui,unabated,0.0,0.0,0.0,0.0,0.0,True
2040,P0043,Anhui,retire,0.0,0.0,0.0,0.0,0.0,True
2040,P0043,Anhui,ccs,0.0,0.0,0.0,0.0,0.0,True
2040,P0043,Anhui,biomass,1.0,71657610.0,58.759240199999994,58.759240199999994,0.0,True
2040,P0043,Anhui,beccs,0.0,0.0,0.0,0.0,0.0,True
2040,P0043,Anhui,ammonia,0.0,0.0,0.0,0.0,0.0,True
2040,P0044,Heilongjiang,unabated,0.0,0.0,0.0,0.0,0.0,True
2040,P0044,Heilongjiang,retire,0.0,0.0,0.0,0.0,0.0,True
2040,P0044,Heilongjiang,ccs,0.0,0.0,0.0,0.0,0.0,True
2040,P0044,Heilongjiang,biomass,0.0,0.0,0.0,0.0,0.0,True
2040,P0044,Heilongjiang,beccs,1.0,10278967.500000002,8.428753350000001,16.014631365,8.142175736099999,True
2040,P0044,Heilongjiang,ammonia,0.0,0.0,0.0,0.0,0.0,True
2040,P0045,Henan,unabated,1.0,50070436.0,41.057757519999996,0.0,0.0,True
2040,P0045,Henan,retire,0.0,0.0,0.0,0.0,0.0,True
2040,P0045,Henan,ccs,0.0,0.0,0.0,0.0,0.0,True
2040,P0045,Henan,biomass,0.0,0.0,0.0,0.0,0.0,True
2040,P0045,Henan,beccs,0.0,0.0,0.0,0.0,0.0,True
2040,P0045,Henan,ammonia,0.0,0.0,0.0,0.0,0.0,True
2040,P0046,Zhejiang,unabated,0.8288959927293833,84738326.32302377,69.48542758487949,0.0,0.0,True
2040,P0046,Zhejiang,retire,0.0,0.0,0.0,0.0,0.0,True
2040,P0046,Zhejiang,ccs,0.17110400727061717,17492022.316976286,14.343458299920556,12.9091124699285,14.845479340417775,True
2040,P0046,Zhejiang,biomass,0.0,0.0,0.0,0.0,0.0,True
2040,P0046,Zhejiang,beccs,0.0,0.0,0.0,0.0,0.0,True
2040,P0046,Zhejiang,ammonia,0.0,0.0,0.0,0.0,0.0,True
2040,P0047,Liaoning,unabated,0.0,0.0,0.0,0.0,0.0,True
2040,P0047,Liaoning,retire,0.0,0.0,0.0,0.0,0.0,True
2040,P0047,Liaoning,ccs,0.0,0.0,0.0,0.0,0.0,True
2040,P0047,Liaoning,biomass,1.0,10170295.999999998,8.339642719999999,8.339642719999999,0.0,True
2040,P0047,Liaoning,beccs,0.0,0.0,0.0,0.0,0.0,True
2040,P0047,Liaoning,ammonia,0.0,0.0,0.0,0.0,0.0,True
2040,P0048,Shanxi,unabated,0.0,0.0,0.0,0.0,0.0,True
2040,P0048,Shanxi,retire,0.0,0.0,0.0,0.0,0.0,True
2040,P0048,Shanxi,ccs,0.0,0.0,0.0,0.0,0.0,True
2040,P0048,Shanxi,biomass,0.0,0.0,0.0,0.0,0.0,True
2040,P0048,Shanxi,beccs,1.0,6481300.0,5.314666,10.0978654,5.50067931,True
2040,P0048,Shanxi,ammonia,0.0,0.0,0.0,0.0,0.0,True
2040,P0049,Xinjiang,unabated,0.0,0.0,0.0,0.0,0.0,True
2040,P0049,Xinjiang,retire,0.0,0.0,0.0,0.0,0.0,True
2040,P0049,Xinjiang,ccs,1.0,7182431.999999999,5.889594239999999,5.300634816,6.095730038399999,True
2040,P0049,Xinjiang,biomass,0.0,0.0,0.0,0.0,0.0,True
2040,P0049,Xinjiang,beccs,0.0,0.0,0.0,0.0,0.0,True
2040,P0049,Xinjiang,ammonia,0.0,0.0,0.0,0.0,0.0,True
2040,P0050,Henan,unabated,0.0,0.0,0.0,0.0,0.0,True
2040,P0050,Henan,retire,0.0,0.0,0.0,0.0,0.0,True
2040,P0050,Henan,ccs,0.0,0.0,0.0,0.0,0.0,True
2040,P0050,Henan,biomass,1.0,7055216.0,5.78527712,5.78527712,0.0,True
2040,P0050,Henan,beccs,0.0,0.0,0.0,0.0,0.0,True
2040,P0050,Henan,ammonia,0.0,0.0,0.0,0.0,0.0,True
2040,P0051,Hebei,unabated,1.0,36442718.0,29.88302876,0.0,0.0,True
2040,P0051,Hebei,retire,0.0,0.0,0.0,0.0,0.0,True
2040,P0051,Hebei,ccs,0.0,0.0,0.0,0.0,0.0,True
2040,P0051,Hebei,biomass,0.0,0.0,0.0,0.0,0.0,True
2040,P0051,Hebei,beccs,0.0,0.0,0.0,0.0,0.0,True
2040,P0051,Hebei,ammonia,0.0,0.0,0.0,0.0,0.0,True
2040,P0052,Jiangsu,unabated,1.0,137274235.0,112.5648727,0.0,0.0,True
2040,P0052,Jiangsu,retire,0.0,0.0,0.0,0.0,0.0,True
2040,P0052,Jiangsu,ccs,0.0,0.0,0.0,0.0,0.0,True
2040,P0052,Jiangsu,biomass,0.0,0.0,0.0,0.0,0.0,True
2040,P0052,Jiangsu,beccs,0.0,0.0,0.0,0.0,0.0,True
2040,P0052,Jiangsu,ammonia,0.0,0.0,0.0,0.0,0.0,True
2040,P0053,Heilongjiang,unabated,0.0,0.0,0.0,0.0,0.0,True
2040,P0053,Heilongjiang,retire,0.0,0.0,0.0,0.0,0.0,True
2040,P0053,Heilongjiang,ccs,0.0,0.0,0.0,0.0,0.0,True
2040,P0053,Heilongjiang,biomass,1.0,9739800.000000002,7.986636000000001,7.986636000000001,0.0,True
2040,P0053,Heilongjiang,beccs,0.0,0.0,0.0,0.0,0.0,True
2040,P0053,Heilongjiang,ammonia,0.0,0.0,0.0,0.0,0.0,True
2040,P0054,Hebei,unabated,0.0,0.0,0.0,0.0,0.0,True
2040,P0054,Hebei,retire,0.0,0.0,0.0,0.0,0.0,True
2040,P0054,Hebei,ccs,0.0,0.0,0.0,0.0,0.0,True
2040,P0054,Hebei,biomass,0.576357688076153,11349371.621774465,9.306484729855063,9.306484729855063,0.0,True
2040,P0054,Hebei,beccs,0.42364231192384805,8342170.378225555,6.840579710144955,12.997101449275414,7.0800000000000285,True
2040,P0054,Hebei,ammonia,0.0,0.0,0.0,0.0,0.0,True
2040,P0055,Shanxi,unabated,1.0,17129150.0,14.045903,0.0,0.0,True
2040,P0055,Shanxi,retire,0.0,0.0,0.0,0.0,0.0,True
2040,P0055,Shanxi,ccs,0.0,0.0,0.0,0.0,0.0,True
2040,P0055,Shanxi,biomass,0.0,0.0,0.0,0.0,0.0,True
2040,P0055,Shanxi,beccs,0.0,0.0,0.0,0.0,0.0,True
2040,P0055,Shanxi,ammonia,0.0,0.0,0.0,0.0,0.0,True
2040,P0056,Jiangxi,unabated,0.0,0.0,0.0,0.0,0.0,True
2040,P0056,Jiangxi,retire,0.0,0.0,0.0,0.0,0.0,True
2040,P0056,Jiangxi,ccs,0.0,0.0,0.0,0.0,0.0,True
2040,P0056,Jiangxi,biomass,0.132440028437157,2537673.8492023177,2.0808925563459004,2.0808925563459004,0.0,True
2040,P0056,Jiangxi,beccs,0.8675599715628435,16623254.150797691,13.631068403654107,25.899029966942802,14.108155797782,True
2040,P0056,Jiangxi,ammonia,0.0,0.0,0.0,0.0,0.0,True
2040,P0057,Gansu,unabated,0.0,0.0,0.0,0.0,0.0,True
2040,P0057,Gansu,retire,0.0,0.0,0.0,0.0,0.0,True
2040,P0057,Gansu,ccs,0.0,0.0,0.0,0.0,0.0,True
2040,P0057,Gansu,biomass,0.0,0.0,0.0,0.0,0.0,True
2040,P0057,Gansu,beccs,1.0,12233632.0,10.03157824,19.059998655999998,10.3826834784,True
2040,P0057,Gansu,ammonia,0.0,0.0,0.0,0.0,0.0,True
2040,P0058,Jiangsu,unabated,0.4719006615473639,10686182.22247848,8.762669422432353,0.0,0.0,True
2040,P0058,Jiangsu,retire,0.0,0.0,0.0,0.0,0.0,True
2040,P0058,Jiangsu,ccs,0.0,0.0,0.0,0.0,0.0,True
2040,P0058,Jiangsu,biomass,0.5280993384526367,11958800.277521536,9.80621622756766,9.80621622756766,0.0,True
2040,P0058,Jiangsu,beccs,0.0,0.0,0.0,0.0,0.0,True
2040,P0058,Jiangsu,ammonia,0.0,0.0,0.0,0.0,0.0,True
2040,P0059,Inner Mongolia,unabated,1.0,104755830.0,85.8997806,0.0,0.0,True
2040,P0059,Inner Mongolia,retire,0.0,0.0,0.0,0.0,0.0,True
2040,P0059,Inner Mongolia,ccs,0.0,0.0,0.0,0.0,0.0,True
2040,P0059,Inner Mongolia,biomass,0.0,0.0,0.0,0.0,0.0,True
2040,P0059,Inner Mongolia,beccs,0.0,0.0,0.0,0.0,0.0,True
2040,P0059,Inner Mongolia,ammonia,0.0,0.0,0.0,0.0,0.0,True
2040,P0060,Shandong,unabated,0.3478358608078528,7527090.877888008,6.172214519868167,0.0,0.0,True
2040,P0060,Shandong,retire,0.0,0.0,0.0,0.0,0.0,True
2040,P0060,Shandong,ccs,0.0,0.0,0.0,0.0,0.0,True
2040,P0060,Shandong,biomass,0.6521641391921478,14112687.322112007,11.572403604131846,11.572403604131846,0.0,True
2040,P0060,Shandong,beccs,0.0,0.0,0.0,0.0,0.0,True
2040,P0060,Shandong,ammonia,0.0,0.0,0.0,0.0,0.0,True
2040,P0061,Shandong,unabated,0.0,0.0,0.0,0.0,0.0,True
2040,P0061,Shandong,retire,0.0,0.0,0.0,0.0,0.0,True
2040,P0061,Shandong,ccs,0.0,0.0,0.0,0.0,0.0,True
2040,P0061,Shandong,biomass,0.0,0.0,0.0,0.0,0.0,True
2040,P0061,Shandong,beccs,1.0,17095512.000000004,14.018319840000002,26.634807696000003,14.5089610344,True
2040,P0061,Shandong,ammonia,0.0,0.0,0.0,0.0,0.0,True
2040,P0062,Xinjiang,unabated,0.0,0.0,0.0,0.0,0.0,True
2040,P0062,Xinjiang,retire,0.0,0.0,0.0,0.0,0.0,True
2040,P0062,Xinjiang,ccs,0.3364427247478871,1723516.6784003852,1.4132836762883159,1.2719553086594844,1.462748604958407,True
2040,P0062,Xinjiang,biomass,0.0,0.0,0.0,0.0,0.0,True
2040,P0062,Xinjiang,beccs,0.663557275252113,3399247.3215996157,2.787382803711685,4.599181626124279,2.884941201841594,True
2040,P0062,Xinjiang,ammonia,0.0,0.0,0.0,0.0,0.0,True
2040,P0063,Ningxia,unabated,0.25807185049983117,2257814.876503315,1.8514081987327182,0.0,0.0,True
2040,P0063,Ningxia,retire,0.7419281495001688,6490969.123496685,5.322594681267281,5.322594681267281,0.0,True
2040,P0063,Ningxia,ccs,0.0,0.0,0.0,0.0,0.0,True
2040,P0063,Ningxia,biomass,0.0,0.0,0.0,0.0,0.0,True
2040,P0063,Ningxia,beccs,0.0,0.0,0.0,0.0,0.0,True
2040,P0063,Ningxia,ammonia,0.0,0.0,0.0,0.0,0.0,True
2040,P0064,Shandong,unabated,0.0,0.0,0.0,0.0,0.0,True
2040,P0064,Shandong,retire,0.0,0.0,0.0,0.0,0.0,True
2040,P0064,Shandong,ccs,0.0,0.0,0.0,0.0,0.0,True
2040,P0064,Shandong,biomass,1.0,18229398.000000004,14.94810636,14.94810636,0.0,True
2040,P0064,Shandong,beccs,0.0,0.0,0.0,0.0,0.0,True
2040,P0064,Shandong,ammonia,0.0,0.0,0.0,0.0,0.0,True
2040,P0065,Xinjiang,unabated,0.0,0.0,0.0,0.0,0.0,True
2040,P0065,Xinjiang,retire,0.0,0.0,0.0,0.0,0.0,True
2040,P0065,Xinjiang,ccs,1.0,17824049.999999996,14.615720999999997,13.154148899999997,15.127271234999995,True
2040,P0065,Xinjiang,biomass,0.0,0.0,0.0,0.0,0.0,True
2040,P0065,Xinjiang,beccs,0.0,0.0,0.0,0.0,0.0,True
2040,P0065,Xinjiang,ammonia,0.0,0.0,0.0,0.0,0.0,True
2040,P0066,Fujian,unabated,1.0,45243841.199999996,37.099949783999996,0.0,0.0,True
2040,P0066,Fujian,retire,0.0,0.0,0.0,0.0,0.0,True
2040,P0066,Fujian,ccs,0.0,0.0,0.0,0.0,0.0,True
2040,P0066,Fujian,biomass,0.0,0.0,0.0,0.0,0.0,True
2040,P0066,Fujian,beccs,0.0,0.0,0.0,0.0,0.0,True
2040,P0066,Fujian,ammonia,0.0,0.0,0.0,0.0,0.0,True
2040,P0067,Hebei,unabated,0.4293825434007841,14691395.85872512,12.046944604154596,0.0,0.0,True
2040,P0067,Hebei,retire,0.0,0.0,0.0,0.0,0.0,True
2040,P0067,Hebei,ccs,0.0,0.0,0.0,0.0,0.0,True
2040,P0067,Hebei,biomass,0.0,0.0,0.0,0.0,0.0,True
2040,P0067,Hebei,beccs,0.570617456599216,19523772.141274884,16.009493155845405,30.418036996106267,16.569825416299995,True
2040,P0067,Hebei,ammonia,0.0,0.0,0.0,0.0,0.0,True
2040,P0068,Zhejiang,unabated,0.2394240264299845,5360773.025598978,4.395833880991162,0.0,0.0,True
2040,P0068,Zhejiang,retire,0.0,0.0,0.0,0.0,0.0,True
2040,P0068,Zhejiang,ccs,0.0,0.0,0.0,0.0,0.0,True
2040,P0068,Zhejiang,biomass,0.0,0.0,0.0,0.0,0.0,True
2040,P0068,Zhejiang,beccs,0.7605759735699026,17029515.474398494,13.964202689006767,26.531985109112856,14.452949783122003,True
2040,P0068,Zhejiang,ammonia,0.0,0.0,0.0,0.0,0.0,True
2040,P0069,Shaanxi,unabated,0.0,0.0,0.0,0.0,0.0,True
2040,P0069,Shaanxi,retire,0.0,0.0,0.0,0.0,0.0,True
2040,P0069,Shaanxi,ccs,0.0,0.0,0.0,0.0,0.0,True
2040,P0069,Shaanxi,biomass,0.0,0.0,0.0,0.0,0.0,True
2040,P0069,Shaanxi,beccs,1.0,18152000.0,14.88464,28.280815999999998,15.4056024,True
2040,P0069,Shaanxi,ammonia,0.0,0.0,0.0,0.0,0.0,True
2040,P0070,Shandong,unabated,0.0,0.0,0.0,0.0,0.0,True
2040,P0070,Shandong,retire,0.0,0.0,0.0,0.0,0.0,True
2040,P0070,Shandong,ccs,0.0,0.0,0.0,0.0,0.0,True
2040,P0070,Shandong,biomass,1.0,25817712.000000004,21.170523840000005,21.170523840000005,0.0,True
2040,P0070,Shandong,beccs,0.0,0.0,0.0,0.0,0.0,True
2040,P0070,Shandong,ammonia,0.0,0.0,0.0,0.0,0.0,True
2040,P0071,Guizhou,unabated,1.0,23735500.0,19.46311,0.0,0.0,True
2040,P0071,Guizhou,retire,0.0,0.0,0.0,0.0,0.0,True
2040,P0071,Guizhou,ccs,0.0,0.0,0.0,0.0,0.0,True
2040,P0071,Guizhou,biomass,0.0,0.0,0.0,0.0,0.0,True
2040,P0071,Guizhou,beccs,0.0,0.0,0.0,0.0,0.0,True
2040,P0071,Guizhou,ammonia,0.0,0.0,0.0,0.0,0.0,True
2040,P0072,Heilongjiang,unabated,0.0,0.0,0.0,0.0,0.0,True
2040,P0072,Heilongjiang,retire,0.0,0.0,0.0,0.0,0.0,True
2040,P0072,Heilongjiang,ccs,0.0,0.0,0.0,0.0,0.0,True
2040,P0072,Heilongjiang,biomass,0.1870477603851727,1041033.0151997173,0.8536470724637681,0.8536470724637681,0.0,True
2040,P0072,Heilongjiang,beccs,0.8129522396148275,4524566.984800284,3.7101449275362333,7.049275362318843,3.8400000000000007,True
2040,P0072,Heilongjiang,ammonia,0.0,0.0,0.0,0.0,0.0,True
2040,P0073,Liaoning,unabated,0.0,0.0,0.0,0.0,0.0,True
2040,P0073,Liaoning,retire,0.0,0.0,0.0,0.0,0.0,True
2040,P0073,Liaoning,ccs,0.0,0.0,0.0,0.0,0.0,True
2040,P0073,Liaoning,biomass,1.0,6340931.499999999,5.199563829999999,5.199563829999999,0.0,True
2040,P0073,Liaoning,beccs,0.0,0.0,0.0,0.0,0.0,True
2040,P0073,Liaoning,ammonia,0.0,0.0,0.0,0.0,0.0,True
2040,P0074,Shaanxi,unabated,0.0,0.0,0.0,0.0,0.0,True
2040,P0074,Shaanxi,retire,1.0,36893940.0,30.253030799999998,30.253030799999998,0.0,True
2040,P0074,Shaanxi,ccs,0.0,0.0,0.0,0.0,0.0,True
2040,P0074,Shaanxi,biomass,0.0,0.0,0.0,0.0,0.0,True
2040,P0074,Shaanxi,beccs,0.0,0.0,0.0,0.0,0.0,True
2040,P0074,Shaanxi,ammonia,0.0,0.0,0.0,0.0,0.0,True
2040,P0075,Henan,unabated,0.0,0.0,0.0,0.0,0.0,True
2040,P0075,Henan,retire,0.0,0.0,0.0,0.0,0.0,True
2040,P0075,Henan,ccs,0.0,0.0,0.0,0.0,0.0,True
2040,P0075,Henan,biomass,1.0,7127208.0,5.844310559999999,5.844310559999999,0.0,True
2040,P0075,Henan,beccs,0.0,0.0,0.0,0.0,0.0,True
2040,P0075,Henan,ammonia,0.0,0.0,0.0,0.0,0.0,True
2040,P0076,Guangxi,unabated,0.0,0.0,0.0,0.0,0.0,True
2040,P0076,Guangxi,retire,0.0,0.0,0.0,0.0,0.0,True
2040,P0076,Guangxi,ccs,0.0,0.0,0.0,0.0,0.0,True
2040,P0076,Guangxi,biomass,1.0,13593944.000000002,11.147034080000001,11.147034080000001,0.0,True
2040,P0076,Guangxi,beccs,0.0,0.0,0.0,0.0,0.0,True
2040,P0076,Guangxi,ammonia,0.0,0.0,0.0,0.0,0.0,True
2040,P0077,Xinjiang,unabated,0.9817406041401233,40544889.50253328,33.24680939207729,0.0,0.0,True
2040,P0077,Xinjiang,retire,0.0,0.0,0.0,0.0,0.0,True
2040,P0077,Xinjiang,ccs,0.018259395859876695,754094.4974667138,0.6183574879227053,0.5565217391304348,0.64,True
2040,P0077,Xinjiang,biomass,0.0,0.0,0.0,0.0,0.0,True
2040,P0077,Xinjiang,beccs,0.0,0.0,0.0,0.0,0.0,True
2040,P0077,Xinjiang,ammonia,0.0,0.0,0.0,0.0,0.0,True
2040,P0078,Heilongjiang,unabated,0.0,0.0,0.0,0.0,0.0,True
2040,P0078,Heilongjiang,retire,0.0,0.0,0.0,0.0,0.0,True
2040,P0078,Heilongjiang,ccs,0.0,0.0,0.0,0.0,0.0,True
2040,P0078,Heilongjiang,biomass,0.0,0.0,0.0,0.0,0.0,True
2040,P0078,Heilongjiang,beccs,1.0,18122985.0,14.860847699999999,28.235610629999996,15.380977369499998,True
2040,P0078,Heilongjiang,ammonia,0.0,0.0,0.0,0.0,0.0,True
2040,P0079,Guangxi,unabated,0.037381037893950086,1588881.3147306517,1.3028826780791343,0.0,0.0,True
2040,P0079,Guangxi,retire,0.42699735395886607,18149525.946000434,14.882611275720356,14.882611275720356,0.0,True
2040,P0079,Guangxi,ccs,0.0,0.0,0.0,0.0,0.0,True
2040,P0079,Guangxi,biomass,0.0,0.0,0.0,0.0,0.0,True
2040,P0079,Guangxi,beccs,0.5356216081471838,22766600.739268914,18.668612606200508,35.47036395178097,19.32201404741753,True
2040,P0079,Guangxi,ammonia,0.0,0.0,0.0,0.0,0.0,True
2040,P0080,Shandong,unabated,0.0,0.0,0.0,0.0,0.0,True
2040,P0080,Shandong,retire,0.0,0.0,0.0,0.0,0.0,True
2040,P0080,Shandong,ccs,0.0,0.0,0.0,0.0,0.0,True
2040,P0080,Shandong,biomass,1.0,21587445.000000004,17.701704900000003,17.701704900000003,0.0,True
2040,P0080,Shandong,beccs,0.0,0.0,0.0,0.0,0.0,True
2040,P0080,Shandong,ammonia,0.0,0.0,0.0,0.0,0.0,True
2040,P0081,Gansu,unabated,1.0,8798160.0,7.214491199999999,0.0,0.0,True
2040,P0081,Gansu,retire,0.0,0.0,0.0,0.0,0.0,True
2040,P0081,Gansu,ccs,0.0,0.0,0.0,0.0,0.0,True
2040,P0081,Gansu,biomass,0.0,0.0,0.0,0.0,0.0,True
2040,P0081,Gansu,beccs,0.0,0.0,0.0,0.0,0.0,True
2040,P0081,Gansu,ammonia,0.0,0.0,0.0,0.0,0.0,True
2040,P0082,Liaoning,unabated,0.0,0.0,0.0,0.0,0.0,True
2040,P0082,Liaoning,retire,0.0,0.0,0.0,0.0,0.0,True
2040,P0082,Liaoning,ccs,0.0,0.0,0.0,0.0,0.0,True
2040,P0082,Liaoning,biomass,1.0,7751749.999999999,6.356434999999999,6.356434999999999,0.0,True
2040,P0082,Liaoning,beccs,0.0,0.0,0.0,0.0,0.0,True
2040,P0082,Liaoning,ammonia,0.0,0.0,0.0,0.0,0.0,True
2040,P0083,Shaanxi,unabated,1.0,58041020.0,47.5936364,0.0,0.0,True
2040,P0083,Shaanxi,retire,0.0,0.0,0.0,0.0,0.0,True
2040,P0083,Shaanxi,ccs,0.0,0.0,0.0,0.0,0.0,True
2040,P0083,Shaanxi,biomass,0.0,0.0,0.0,0.0,0.0,True
2040,P0083,Shaanxi,beccs,0.0,0.0,0.0,0.0,0.0,True
2040,P0083,Shaanxi,ammonia,0.0,0.0,0.0,0.0,0.0,True
2040,P0084,Shaanxi,unabated,1.0,12207220.0,10.009920399999999,0.0,0.0,True
2040,P0084,Shaanxi,retire,0.0,0.0,0.0,0.0,0.0,True
2040,P0084,Shaanxi,ccs,0.0,0.0,0.0,0.0,0.0,True
2040,P0084,Shaanxi,biomass,0.0,0.0,0.0,0.0,0.0,True
2040,P0084,Shaanxi,beccs,0.0,0.0,0.0,0.0,0.0,True
2040,P0084,Shaanxi,ammonia,0.0,0.0,0.0,0.0,0.0,True
2040,P0085,Jiangsu,unabated,1.0,50405775.00000001,41.3327355,0.0,0.0,True
2040,P0085,Jiangsu,retire,0.0,0.0,0.0,0.0,0.0,True
2040,P0085,Jiangsu,ccs,0.0,0.0,0.0,0.0,0.0,True
2040,P0085,Jiangsu,biomass,0.0,0.0,0.0,0.0,0.0,True
2040,P0085,Jiangsu,beccs,0.0,0.0,0.0,0.0,0.0,True
2040,P0085,Jiangsu,ammonia,0.0,0.0,0.0,0.0,0.0,True
2040,P0086,Shaanxi,unabated,0.0,0.0,0.0,0.0,0.0,True
2040,P0086,Shaanxi,retire,1.0,42929480.0,35.2021736,35.2021736,0.0,True
2040,P0086,Shaanxi,ccs,0.0,0.0,0.0,0.0,0.0,True
2040,P0086,Shaanxi,biomass,0.0,0.0,0.0,0.0,0.0,True
2040,P0086,Shaanxi,beccs,0.0,0.0,0.0,0.0,0.0,True
2040,P0086,Shaanxi,ammonia,0.0,0.0,0.0,0.0,0.0,True
2040,P0087,Hebei,unabated,0.02185665775973167,296989.46775541076,0.24353136355943683,0.0,0.0,True
2040,P0087,Hebei,retire,0.0,0.0,0.0,0.0,0.0,True
2040,P0087,Hebei,ccs,0.0,0.0,0.0,0.0,0.0,True
2040,P0087,Hebei,biomass,0.9781433422402688,13291065.532244597,10.89867373644057,10.89867373644057,0.0,True
2040,P0087,Hebei,beccs,0.0,0.0,0.0,0.0,0.0,True
2040,P0087,Hebei,ammonia,0.0,0.0,0.0,0.0,0.0,True
2040,P0088,Zhejiang,unabated,0.0,0.0,0.0,0.0,0.0,True
2040,P0088,Zhejiang,retire,0.0,0.0,0.0,0.0,0.0,True
2040,P0088,Zhejiang,ccs,0.0,0.0,0.0,0.0,0.0,True
2040,P0088,Zhejiang,biomass,0.0,0.0,0.0,0.0,0.0,True
2040,P0088,Zhejiang,beccs,1.0,15775605.0,12.935996099999999,24.578392589999996,13.388755963499998,True
2040,P0088,Zhejiang,ammonia,0.0,0.0,0.0,0.0,0.0,True
2040,P0089,Ningxia,unabated,1.0,131480305.0,107.8138501,0.0,0.0,True
2040,P0089,Ningxia,retire,0.0,0.0,0.0,0.0,0.0,True
2040,P0089,Ningxia,ccs,0.0,0.0,0.0,0.0,0.0,True
2040,P0089,Ningxia,biomass,0.0,0.0,0.0,0.0,0.0,True
2040,P0089,Ningxia,beccs,0.0,0.0,0.0,0.0,0.0,True
2040,P0089,Ningxia,ammonia,0.0,0.0,0.0,0.0,0.0,True
2040,P0090,Guangdong,unabated,1.0,34962181.2,28.668988584,0.0,0.0,True
2040,P0090,Guangdong,retire,0.0,0.0,0.0,0.0,0.0,True
2040,P0090,Guangdong,ccs,0.0,0.0,0.0,0.0,0.0,True
2040,P0090,Guangdong,biomass,0.0,0.0,0.0,0.0,0.0,True
2040,P0090,Guangdong,beccs,0.0,0.0,0.0,0.0,0.0,True
2040,P0090,Guangdong,ammonia,0.0,0.0,0.0,0.0,0.0,True
2040,P0091,Guangdong,unabated,0.0,0.0,0.0,0.0,0.0,True
2040,P0091,Guangdong,retire,0.0,0.0,0.0,0.0,0.0,True
2040,P0091,Guangdong,ccs,0.0,0.0,0.0,0.0,0.0,True
2040,P0091,Guangdong,biomass,0.0,0.0,0.0,0.0,0.0,True
2040,P0091,Guangdong,beccs,1.0,35657946.0,29.23951572,55.555079868,30.262898770199996,True
2040,P0091,Guangdong,ammonia,0.0,0.0,0.0,0.0,0.0,True
2040,P0092,Jiangxi,unabated,0.08176926675694209,2981549.502987709,2.444870592449921,0.0,0.0,True
2040,P0092,Jiangxi,retire,0.0,0.0,0.0,0.0,0.0,True
2040,P0092,Jiangxi,ccs,0.0,0.0,0.0,0.0,0.0,True
2040,P0092,Jiangxi,biomass,0.9182307332430582,33481410.4970123,27.454756607550085,27.454756607550085,0.0,True
2040,P0092,Jiangxi,beccs,0.0,0.0,0.0,0.0,0.0,True
2040,P0092,Jiangxi,ammonia,0.0,0.0,0.0,0.0,0.0,True
2040,P0093,Hunan,unabated,1.0,18069412.5,14.81691825,0.0,0.0,True
2040,P0093,Hunan,retire,0.0,0.0,0.0,0.0,0.0,True
2040,P0093,Hunan,ccs,0.0,0.0,0.0,0.0,0.0,True
2040,P0093,Hunan,biomass,0.0,0.0,0.0,0.0,0.0,True
2040,P0093,Hunan,beccs,0.0,0.0,0.0,0.0,0.0,True
2040,P0093,Hunan,ammonia,0.0,0.0,0.0,0.0,0.0,True
2040,P0094,Fujian,unabated,0.0,0.0,0.0,0.0,0.0,True
2040,P0094,Fujian,retire,0.0,0.0,0.0,0.0,0.0,True
2040,P0094,Fujian,ccs,0.0,0.0,0.0,0.0,0.0,True
2040,P0094,Fujian,biomass,1.0,6459012.0,5.29638984,5.29638984,0.0,True
2040,P0094,Fujian,beccs,0.0,0.0,0.0,0.0,0.0,True
2040,P0094,Fujian,ammonia,0.0,0.0,0.0,0.0,0.0,True
2040,P0095,Anhui,unabated,0.0,0.0,0.0,0.0,0.0,True
2040,P0095,Anhui,retire,0.0,0.0,0.0,0.0,0.0,True
2040,P0095,Anhui,ccs,0.0,0.0,0.0,0.0,0.0,True
2040,P0095,Anhui,biomass,1.0,16313541.000000002,13.377103620000002,13.377103620000002,0.0,True
2040,P0095,Anhui,beccs,0.0,0.0,0.0,0.0,0.0,True
2040,P0095,Anhui,ammonia,0.0,0.0,0.0,0.0,0.0,True
2040,P0096,Guangdong,unabated,0.0,0.0,0.0,0.0,0.0,True
2040,P0096,Guangdong,retire,0.0,0.0,0.0,0.0,0.0,True
2040,P0096,Guangdong,ccs,0.0,0.0,0.0,0.0,0.0,True
2040,P0096,Guangdong,biomass,0.0,0.0,0.0,0.0,0.0,True
2040,P0096,Guangdong,beccs,1.0,22564039.0,18.50251198,35.154772762,19.150099899300002,True
2040,P0096,Guangdong,ammonia,0.0,0.0,0.0,0.0,0.0,True
2040,P0097,Gansu,unabated,1.0,8881952.0,7.28320064,0.0,0.0,True
2040,P0097,Gansu,retire,0.0,0.0,0.0,0.0,0.0,True
2040,P0097,Gansu,ccs,0.0,0.0,0.0,0.0,0.0,True
2040,P0097,Gansu,biomass,0.0,0.0,0.0,0.0,0.0,True
2040,P0097,Gansu,beccs,0.0,0.0,0.0,0.0,0.0,True
2040,P0097,Gansu,ammonia,0.0,0.0,0.0,0.0,0.0,True
2040,P0098,Xinjiang,unabated,1.0,128966903.99999999,105.75286127999999,0.0,0.0,True
2040,P0098,Xinjiang,retire,0.0,0.0,0.0,0.0,0.0,True
2040,P0098,Xinjiang,ccs,0.0,0.0,0.0,0.0,0.0,True
2040,P0098,Xinjiang,biomass,0.0,0.0,0.0,0.0,0.0,True
2040,P0098,Xinjiang,beccs,0.0,0.0,0.0,0.0,0.0,True
2040,P0098,Xinjiang,ammonia,0.0,0.0,0.0,0.0,0.0,True
2040,P0099,Sichuan,unabated,0.0,0.0,0.0,0.0,0.0,True
2040,P0099,Sichuan,retire,0.0,0.0,0.0,0.0,0.0,True
2040,P0099,Sichuan,ccs,0.0,0.0,0.0,0.0,0.0,True
2040,P0099,Sichuan,biomass,0.0,0.0,0.0,0.0,0.0,True
2040,P0099,Sichuan,beccs,1.0,4996399.999999999,4.097047999999999,7.784391199999998,4.240444679999999,True
2040,P0099,Sichuan,ammonia,0.0,0.0,0.0,0.0,0.0,True
2040,P0100,Jiangxi,unabated,0.0,0.0,0.0,0.0,0.0,True
2040,P0100,Jiangxi,retire,0.0,0.0,0.0,0.0,0.0,True
2040,P0100,Jiangxi,ccs,0.0,0.0,0.0,0.0,0.0,True
2040,P0100,Jiangxi,biomass,1.0,15157152.0,12.428864639999999,12.428864639999999,0.0,True
2040,P0100,Jiangxi,beccs,0.0,0.0,0.0,0.0,0.0,True
2040,P0100,Jiangxi,ammonia,0.0,0.0,0.0,0.0,0.0,True
2040,P0101,Qinghai,unabated,0.7106494511217865,14179155.002067821,11.626907101695613,0.0,0.0,True
2040,P0101,Qinghai,retire,0.0,0.0,0.0,0.0,0.0,True
2040,P0101,Qinghai,ccs,0.2893505488782136,5773234.99793218,4.734052698304388,4.260647428473949,4.899744542745041,True
2040,P0101,Qinghai,biomass,0.0,0.0,0.0,0.0,0.0,True
2040,P0101,Qinghai,beccs,0.0,0.0,0.0,0.0,0.0,True
2040,P0101,Qinghai,ammonia,0.0,0.0,0.0,0.0,0.0,True
2040,P0102,Hunan,unabated,0.0,0.0,0.0,0.0,0.0,True
2040,P0102,Hunan,retire,0.0,0.0,0.0,0.0,0.0,True
2040,P0102,Hunan,ccs,0.0,0.0,0.0,0.0,0.0,True
2040,P0102,Hunan,biomass,1.0,9845388.0,8.07321816,8.07321816,0.0,True
2040,P0102,Hunan,beccs,0.0,0.0,0.0,0.0,0.0,True
2040,P0102,Hunan,ammonia,0.0,0.0,0.0,0.0,0.0,True
2040,P0103,Inner Mongolia,unabated,1.0,19119700.0,15.678153999999997,0.0,0.0,True
2040,P0103,Inner Mongolia,retire,0.0,0.0,0.0,0.0,0.0,True
2040,P0103,Inner Mongolia,ccs,0.0,0.0,0.0,0.0,0.0,True
2040,P0103,Inner Mongolia,biomass,0.0,0.0,0.0,0.0,0.0,True
2040,P0103,Inner Mongolia,beccs,0.0,0.0,0.0,0.0,0.0,True
2040,P0103,Inner Mongolia,ammonia,0.0,0.0,0.0,0.0,0.0,True
2040,P0104,Inner Mongolia,unabated,1.0,22843010.0,18.7312682,0.0,0.0,True
2040,P0104,Inner Mongolia,retire,0.0,0.0,0.0,0.0,0.0,True
2040,P0104,Inner Mongolia,ccs,0.0,0.0,0.0,0.0,0.0,True
2040,P0104,Inner Mongolia,biomass,0.0,0.0,0.0,0.0,0.0,True
2040,P0104,Inner Mongolia,beccs,0.0,0.0,0.0,0.0,0.0,True
2040,P0104,Inner Mongolia,ammonia,0.0,0.0,0.0,0.0,0.0,True
2040,P0105,Liaoning,unabated,0.0,0.0,0.0,0.0,0.0,True
2040,P0105,Liaoning,retire,0.0,0.0,0.0,0.0,0.0,True
2040,P0105,Liaoning,ccs,0.0,0.0,0.0,0.0,0.0,True
2040,P0105,Liaoning,biomass,0.0,0.0,0.0,0.0,0.0,True
2040,P0105,Liaoning,beccs,1.0,4030910.0,3.3053462,6.28015778,3.4210333169999996,True
2040,P0105,Liaoning,ammonia,0.0,0.0,0.0,0.0,0.0,True
2040,P0106,Hubei,unabated,1.0,39558279.99999999,32.43778959999999,0.0,0.0,True
2040,P0106,Hubei,retire,0.0,0.0,0.0,0.0,0.0,True
2040,P0106,Hubei,ccs,0.0,0.0,0.0,0.0,0.0,True
2040,P0106,Hubei,biomass,0.0,0.0,0.0,0.0,0.0,True
2040,P0106,Hubei,beccs,0.0,0.0,0.0,0.0,0.0,True
2040,P0106,Hubei,ammonia,0.0,0.0,0.0,0.0,0.0,True
2040,P0107,Liaoning,unabated,1.0,14387248.0,11.797543359999999,0.0,0.0,True
2040,P0107,Liaoning,retire,0.0,0.0,0.0,0.0,0.0,True
2040,P0107,Liaoning,ccs,0.0,0.0,0.0,0.0,0.0,True
2040,P0107,Liaoning,biomass,0.0,0.0,0.0,0.0,0.0,True
2040,P0107,Liaoning,beccs,0.0,0.0,0.0,0.0,0.0,True
2040,P0107,Liaoning,ammonia,0.0,0.0,0.0,0.0,0.0,True
2040,P0108,Guangdong,unabated,1.0,22805624.0,18.700611679999998,0.0,0.0,True
2040,P0108,Guangdong,retire,0.0,0.0,0.0,0.0,0.0,True
2040,P0108,Guangdong,ccs,0.0,0.0,0.0,0.0,0.0,True
2040,P0108,Guangdong,biomass,0.0,0.0,0.0,0.0,0.0,True
2040,P0108,Guangdong,beccs,0.0,0.0,0.0,0.0,0.0,True
2040,P0108,Guangdong,ammonia,0.0,0.0,0.0,0.0,0.0,True
2040,P0109,Shaanxi,unabated,0.7164801944527246,27116568.601036713,22.2355862528501,0.0,0.0,True
2040,P0109,Shaanxi,retire,0.0,0.0,0.0,0.0,0.0,True
2040,P0109,Shaanxi,ccs,0.0,0.0,0.0,0.0,0.0,True
2040,P0109,Shaanxi,biomass,0.27542533208428677,10424000.509367434,8.547680417681295,8.547680417681295,0.0,True
2040,P0109,Shaanxi,beccs,0.0080944734629886,306350.8895958525,0.25120772946859904,0.47729468599033814,0.26,True
2040,P0109,Shaanxi,ammonia,0.0,0.0,0.0,0.0,0.0,True
2040,P0110,Guizhou,unabated,1.0,62946546.0,51.61616772,0.0,0.0,True
2040,P0110,Guizhou,retire,0.0,0.0,0.0,0.0,0.0,True
2040,P0110,Guizhou,ccs,0.0,0.0,0.0,0.0,0.0,True
2040,P0110,Guizhou,biomass,0.0,0.0,0.0,0.0,0.0,True
2040,P0110,Guizhou,beccs,0.0,0.0,0.0,0.0,0.0,True
2040,P0110,Guizhou,ammonia,0.0,0.0,0.0,0.0,0.0,True
2040,P0111,Guangxi,unabated,0.0,0.0,0.0,0.0,0.0,True
2040,P0111,Guangxi,retire,0.0,0.0,0.0,0.0,0.0,True
2040,P0111,Guangxi,ccs,0.0,0.0,0.0,0.0,0.0,True
2040,P0111,Guangxi,biomass,1.0,587794.48,0.48199147359999994,0.48199147359999994,0.0,True
2040,P0111,Guangxi,beccs,0.0,0.0,0.0,0.0,0.0,True
2040,P0111,Guangxi,ammonia,0.0,0.0,0.0,0.0,0.0,True
2040,P0112,Guangdong,unabated,1.0,41166084.0,33.756188879999996,0.0,0.0,True
2040,P0112,Guangdong,retire,0.0,0.0,0.0,0.0,0.0,True
2040,P0112,Guangdong,ccs,0.0,0.0,0.0,0.0,0.0,True
2040,P0112,Guangdong,biomass,0.0,0.0,0.0,0.0,0.0,True
2040,P0112,Guangdong,beccs,0.0,0.0,0.0,0.0,0.0,True
2040,P0112,Guangdong,ammonia,0.0,0.0,0.0,0.0,0.0,True
2040,P0113,Inner Mongolia,unabated,1.0,20126000.0,16.50332,0.0,0.0,True
2040,P0113,Inner Mongolia,retire,0.0,0.0,0.0,0.0,0.0,True
2040,P0113,Inner Mongolia,ccs,0.0,0.0,0.0,0.0,0.0,True
2040,P0113,Inner Mongolia,biomass,0.0,0.0,0.0,0.0,0.0,True
2040,P0113,Inner Mongolia,beccs,0.0,0.0,0.0,0.0,0.0,True
2040,P0113,Inner Mongolia,ammonia,0.0,0.0,0.0,0.0,0.0,True
2040,P0114,Guangxi,unabated,0.0,0.0,0.0,0.0,0.0,True
2040,P0114,Guangxi,retire,0.0,0.0,0.0,0.0,0.0,True
2040,P0114,Guangxi,ccs,0.0,0.0,0.0,0.0,0.0,True
2040,P0114,Guangxi,biomass,0.0,0.0,0.0,0.0,0.0,True
2040,P0114,Guangxi,beccs,1.0,29485456.0,24.17807392,45.938340448,25.0243065072,True
2040,P0114,Guangxi,ammonia,0.0,0.0,0.0,0.0,0.0,True
2040,P0115,Shandong,unabated,0.0,0.0,0.0,0.0,0.0,True
2040,P0115,Shandong,retire,0.0,0.0,0.0,0.0,0.0,True
2040,P0115,Shandong,ccs,0.0,0.0,0.0,0.0,0.0,True
2040,P0115,Shandong,biomass,1.0,9550809.0,7.83166338,7.83166338,0.0,True
2040,P0115,Shandong,beccs,0.0,0.0,0.0,0.0,0.0,True
2040,P0115,Shandong,ammonia,0.0,0.0,0.0,0.0,0.0,True
2040,P0116,Liaoning,unabated,0.0,0.0,0.0,0.0,0.0,True
2040,P0116,Liaoning,retire,0.0,0.0,0.0,0.0,0.0,True
2040,P0116,Liaoning,ccs,0.0,0.0,0.0,0.0,0.0,True
2040,P0116,Liaoning,biomass,1.0,2542573.9999999995,2.0849106799999997,2.0849106799999997,0.0,True
2040,P0116,Liaoning,beccs,0.0,0.0,0.0,0.0,0.0,True
2040,P0116,Liaoning,ammonia,0.0,0.0,0.0,0.0,0.0,True
2040,P0117,Henan,unabated,0.0,0.0,0.0,0.0,0.0,True
2040,P0117,Henan,retire,0.0,0.0,0.0,0.0,0.0,True
2040,P0117,Henan,ccs,0.0,0.0,0.0,0.0,0.0,True
2040,P0117,Henan,biomass,1.0,8351072.0,6.8478790400000005,6.8478790400000005,0.0,True
2040,P0117,Henan,beccs,0.0,0.0,0.0,0.0,0.0,True
2040,P0117,Henan,ammonia,0.0,0.0,0.0,0.0,0.0,True
2040,P0118,Liaoning,unabated,0.0,0.0,0.0,0.0,0.0,True
2040,P0118,Liaoning,retire,0.0,0.0,0.0,0.0,0.0,True
2040,P0118,Liaoning,ccs,0.0,0.0,0.0,0.0,0.0,True
2040,P0118,Liaoning,biomass,1.0,16867807.999999996,13.831602559999997,13.831602559999997,0.0,True
2040,P0118,Liaoning,beccs,0.0,0.0,0.0,0.0,0.0,True
2040,P0118,Liaoning,ammonia,0.0,0.0,0.0,0.0,0.0,True
2040,P0119,Guizhou,unabated,1.0,27248354.0,22.34365028,0.0,0.0,True
2040,P0119,Guizhou,retire,0.0,0.0,0.0,0.0,0.0,True
2040,P0119,Guizhou,ccs,0.0,0.0,0.0,0.0,0.0,True
2040,P0119,Guizhou,biomass,0.0,0.0,0.0,0.0,0.0,True
2040,P0119,Guizhou,beccs,0.0,0.0,0.0,0.0,0.0,True
2040,P0119,Guizhou,ammonia,0.0,0.0,0.0,0.0,0.0,True
2040,P0120,Inner Mongolia,unabated,1.0,23648049.999999996,19.391400999999995,0.0,0.0,True
2040,P0120,Inner Mongolia,retire,0.0,0.0,0.0,0.0,0.0,True
2040,P0120,Inner Mongolia,ccs,0.0,0.0,0.0,0.0,0.0,True
2040,P0120,Inner Mongolia,biomass,0.0,0.0,0.0,0.0,0.0,True
2040,P0120,Inner Mongolia,beccs,0.0,0.0,0.0,0.0,0.0,True
2040,P0120,Inner Mongolia,ammonia,0.0,0.0,0.0,0.0,0.0,True
2040,P0121,Guangdong,unabated,1.0,32662292.0,26.783079439999998,0.0,0.0,True
2040,P0121,Guangdong,retire,0.0,0.0,0.0,0.0,0.0,True
2040,P0121,Guangdong,ccs,0.0,0.0,0.0,0.0,0.0,True
2040,P0121,Guangdong,biomass,0.0,0.0,0.0,0.0,0.0,True
2040,P0121,Guangdong,beccs,0.0,0.0,0.0,0.0,0.0,True
2040,P0121,Guangdong,ammonia,0.0,0.0,0.0,0.0,0.0,True
2040,P0122,Shaanxi,unabated,0.6713537155259137,22514397.360208247,18.46180583537076,0.0,0.0,True
2040,P0122,Shaanxi,retire,0.0,0.0,0.0,0.0,0.0,True
2040,P0122,Shaanxi,ccs,0.3286462844740863,11021422.639791751,9.037566564629236,8.133809908166313,9.35388139439126,True
2040,P0122,Shaanxi,biomass,0.0,0.0,0.0,0.0,0.0,True
2040,P0122,Shaanxi,beccs,0.0,0.0,0.0,0.0,0.0,True
2040,P0122,Shaanxi,ammonia,0.0,0.0,0.0,0.0,0.0,True
2040,P0123,Hebei,unabated,1.0,29973912.800000004,24.578608496000005,0.0,0.0,True
2040,P0123,Hebei,retire,0.0,0.0,0.0,0.0,0.0,True
2040,P0123,Hebei,ccs,0.0,0.0,0.0,0.0,0.0,True
2040,P0123,Hebei,biomass,0.0,0.0,0.0,0.0,0.0,True
2040,P0123,Hebei,beccs,0.0,0.0,0.0,0.0,0.0,True
2040,P0123,Hebei,ammonia,0.0,0.0,0.0,0.0,0.0,True
2040,P0124,Henan,unabated,1.0,42007332.0,34.446012239999995,0.0,0.0,True
2040,P0124,Henan,retire,0.0,0.0,0.0,0.0,0.0,True
2040,P0124,Henan,ccs,0.0,0.0,0.0,0.0,0.0,True
2040,P0124,Henan,biomass,0.0,0.0,0.0,0.0,0.0,True
2040,P0124,Henan,beccs,0.0,0.0,0.0,0.0,0.0,True
2040,P0124,Henan,ammonia,0.0,0.0,0.0,0.0,0.0,True
2040,P0125,Xinjiang,unabated,0.8499579950502328,53461586.126800135,43.8385006239761,0.0,0.0,True
2040,P0125,Xinjiang,retire,0.0,0.0,0.0,0.0,0.0,True
2040,P0125,Xinjiang,ccs,0.15004200494976783,9437505.8731999,7.738754816023918,6.964879334421527,8.009611234584755,True
2040,P0125,Xinjiang,biomass,0.0,0.0,0.0,0.0,0.0,True
2040,P0125,Xinjiang,beccs,0.0,0.0,0.0,0.0,0.0,True
2040,P0125,Xinjiang,ammonia,0.0,0.0,0.0,0.0,0.0,True
2040,P0126,Jiangsu,unabated,1.0,86326786.00000001,70.78796452000002,0.0,0.0,True
2040,P0126,Jiangsu,retire,0.0,0.0,0.0,0.0,0.0,True
2040,P0126,Jiangsu,ccs,0.0,0.0,0.0,0.0,0.0,True
2040,P0126,Jiangsu,biomass,0.0,0.0,0.0,0.0,0.0,True
2040,P0126,Jiangsu,beccs,0.0,0.0,0.0,0.0,0.0,True
2040,P0126,Jiangsu,ammonia,0.0,0.0,0.0,0.0,0.0,True
2040,P0127,Hebei,unabated,0.0,0.0,0.0,0.0,0.0,True
2040,P0127,Hebei,retire,0.0,0.0,0.0,0.0,0.0,True
2040,P0127,Hebei,ccs,0.0,0.0,0.0,0.0,0.0,True
2040,P0127,Hebei,biomass,1.0,7796425.000000001,6.3930685,6.3930685,0.0,True
2040,P0127,Hebei,beccs,0.0,0.0,0.0,0.0,0.0,True
2040,P0127,Hebei,ammonia,0.0,0.0,0.0,0.0,0.0,True
2040,P0128,Xinjiang,unabated,0.0,0.0,0.0,0.0,0.0,True
2040,P0128,Xinjiang,retire,0.0,0.0,0.0,0.0,0.0,True
2040,P0128,Xinjiang,ccs,0.5720844280583386,2930653.5130178467,2.4031358806746344,2.162822292607171,2.4872456364982467,True
2040,P0128,Xinjiang,biomass,0.0,0.0,0.0,0.0,0.0,True
2040,P0128,Xinjiang,beccs,0.42791557194166163,2192110.486982154,1.7975305993253665,2.516542839055513,1.8604441703017542,True
2040,P0128,Xinjiang,ammonia,0.0,0.0,0.0,0.0,0.0,True
2040,P0129,Inner Mongolia,unabated,1.0,67573045.0,55.4098969,0.0,0.0,True
2040,P0129,Inner Mongolia,retire,0.0,0.0,0.0,0.0,0.0,True
2040,P0129,Inner Mongolia,ccs,0.0,0.0,0.0,0.0,0.0,True
2040,P0129,Inner Mongolia,biomass,0.0,0.0,0.0,0.0,0.0,True
2040,P0129,Inner Mongolia,beccs,0.0,0.0,0.0,0.0,0.0,True
2040,P0129,Inner Mongolia,ammonia,0.0,0.0,0.0,0.0,0.0,True
2040,P0130,Hebei,unabated,0.0,0.0,0.0,0.0,0.0,True
2040,P0130,Hebei,retire,0.0,0.0,0.0,0.0,0.0,True
2040,P0130,Hebei,ccs,0.0,0.0,0.0,0.0,0.0,True
2040,P0130,Hebei,biomass,1.0,5791630.0,4.7491366,4.7491366,0.0,True
2040,P0130,Hebei,beccs,0.0,0.0,0.0,0.0,0.0,True
2040,P0130,Hebei,ammonia,0.0,0.0,0.0,0.0,0.0,True
2040,P0131,Zhejiang,unabated,0.8842315110597216,60202186.20297719,49.365792686441296,0.0,0.0,True
2040,P0131,Zhejiang,retire,0.0,0.0,0.0,0.0,0.0,True
2040,P0131,Zhejiang,ccs,0.11576848894027841,7882003.797022814,6.463243113558708,5.816918802202837,6.689456622533261,True
2040,P0131,Zhejiang,biomass,0.0,0.0,0.0,0.0,0.0,True
2040,P0131,Zhejiang,beccs,0.0,0.0,0.0,0.0,0.0,True
2040,P0131,Zhejiang,ammonia,0.0,0.0,0.0,0.0,0.0,True
2040,P0132,Jilin,unabated,0.0,0.0,0.0,0.0,0.0,True
2040,P0132,Jilin,retire,0.0,0.0,0.0,0.0,0.0,True
2040,P0132,Jilin,ccs,0.0,0.0,0.0,0.0,0.0,True
2040,P0132,Jilin,biomass,0.0,0.0,0.0,0.0,0.0,True
2040,P0132,Jilin,beccs,1.0,6228808.0,5.107622559999999,9.704482864,5.286389349599999,True
2040,P0132,Jilin,ammonia,0.0,0.0,0.0,0.0,0.0,True
2040,P0133,Anhui,unabated,0.0,0.0,0.0,0.0,0.0,True
2040,P0133,Anhui,retire,0.0,0.0,0.0,0.0,0.0,True
2040,P0133,Anhui,ccs,0.0,0.0,0.0,0.0,0.0,True
2040,P0133,Anhui,biomass,0.47549233063181207,14740647.398373988,12.08733086666667,12.08733086666667,0.0,True
2040,P0133,Anhui,beccs,0.5245076693681885,16260162.601626033,13.333333333333348,25.33333333333336,13.8,True
2040,P0133,Anhui,ammonia,0.0,0.0,0.0,0.0,0.0,True
2040,P0134,Shanxi,unabated,1.0,14837547.5,12.166788949999999,0.0,0.0,True
2040,P0134,Shanxi,retire,0.0,0.0,0.0,0.0,0.0,True
2040,P0134,Shanxi,ccs,0.0,0.0,0.0,0.0,0.0,True
2040,P0134,Shanxi,biomass,0.0,0.0,0.0,0.0,0.0,True
2040,P0134,Shanxi,beccs,0.0,0.0,0.0,0.0,0.0,True
2040,P0134,Shanxi,ammonia,0.0,0.0,0.0,0.0,0.0,True
2040,P0135,Liaoning,unabated,0.0,0.0,0.0,0.0,0.0,True
2040,P0135,Liaoning,retire,0.0,0.0,0.0,0.0,0.0,True
2040,P0135,Liaoning,ccs,0.0,0.0,0.0,0.0,0.0,True
2040,P0135,Liaoning,biomass,1.0,5891330.0,4.8308906,4.8308906,0.0,True
2040,P0135,Liaoning,beccs,0.0,0.0,0.0,0.0,0.0,True
2040,P0135,Liaoning,ammonia,0.0,0.0,0.0,0.0,0.0,True
2040,P0136,Inner Mongolia,unabated,0.0,0.0,0.0,0.0,0.0,True
2040,P0136,Inner Mongolia,retire,0.0,0.0,0.0,0.0,0.0,True
2040,P0136,Inner Mongolia,ccs,0.0,0.0,0.0,0.0,0.0,True
2040,P0136,Inner Mongolia,biomass,0.0,0.0,0.0,0.0,0.0,True
2040,P0136,Inner Mongolia,beccs,1.0,4427720.0,3.6307304,6.898387759999999,3.7578059639999997,True
2040,P0136,Inner Mongolia,ammonia,0.0,0.0,0.0,0.0,0.0,True
2040,P0137,Xinjiang,unabated,1.0,7393679.999999999,6.062817599999999,0.0,0.0,True
2040,P0137,Xinjiang,retire,0.0,0.0,0.0,0.0,0.0,True
2040,P0137,Xinjiang,ccs,0.0,0.0,0.0,0.0,0.0,True
2040,P0137,Xinjiang,biomass,0.0,0.0,0.0,0.0,0.0,True
2040,P0137,Xinjiang,beccs,0.0,0.0,0.0,0.0,0.0,True
2040,P0137,Xinjiang,ammonia,0.0,0.0,0.0,0.0,0.0,True
2040,P0138,Jilin,unabated,0.0,0.0,0.0,0.0,0.0,True
2040,P0138,Jilin,retire,0.0,0.0,0.0,0.0,0.0,True
2040,P0138,Jilin,ccs,0.0,0.0,0.0,0.0,0.0,True
2040,P0138,Jilin,biomass,1.0,4345680.000000001,3.5634576000000004,3.5634576000000004,0.0,True
2040,P0138,Jilin,beccs,0.0,0.0,0.0,0.0,0.0,True
2040,P0138,Jilin,ammonia,0.0,0.0,0.0,0.0,0.0,True
2040,P0139,Heilongjiang,unabated,0.0,0.0,0.0,0.0,0.0,True
2040,P0139,Heilongjiang,retire,0.0,0.0,0.0,0.0,0.0,True
2040,P0139,Heilongjiang,ccs,0.0,0.0,0.0,0.0,0.0,True
2040,P0139,Heilongjiang,biomass,1.0,4156807.5000000005,3.4085821500000004,3.4085821500000004,0.0,True
2040,P0139,Heilongjiang,beccs,0.0,0.0,0.0,0.0,0.0,True
2040,P0139,Heilongjiang,ammonia,0.0,0.0,0.0,0.0,0.0,True
2040,P0140,Guangdong,unabated,0.2159284517736569,11977101.224991253,9.821223004492825,0.0,0.0,True
2040,P0140,Guangdong,retire,0.0,0.0,0.0,0.0,0.0,True
2040,P0140,Guangdong,ccs,0.059111707949230506,3278803.25114445,2.688618665938449,2.4197567993446043,2.7827203192462946,True
2040,P0140,Guangdong,biomass,0.0,0.0,0.0,0.0,0.0,True
2040,P0140,Guangdong,beccs,0.7249598402771126,40212011.5238643,32.97384944956872,54.40685159178839,34.127934180303626,True
2040,P0140,Guangdong,ammonia,0.0,0.0,0.0,0.0,0.0,True
2040,P0141,Shandong,unabated,1.0,46881825.00000001,38.44309650000001,0.0,0.0,True
2040,P0141,Shandong,retire,0.0,0.0,0.0,0.0,0.0,True
2040,P0141,Shandong,ccs,0.0,0.0,0.0,0.0,0.0,True
2040,P0141,Shandong,biomass,0.0,0.0,0.0,0.0,0.0,True
2040,P0141,Shandong,beccs,0.0,0.0,0.0,0.0,0.0,True
2040,P0141,Shandong,ammonia,0.0,0.0,0.0,0.0,0.0,True
2040,P0142,Jiangsu,unabated,0.27323650207027744,9140685.89981029,7.495362437844437,0.0,0.0,True
2040,P0142,Jiangsu,retire,0.0,0.0,0.0,0.0,0.0,True
2040,P0142,Jiangsu,ccs,0.0,0.0,0.0,0.0,0.0,True
2040,P0142,Jiangsu,biomass,0.0,0.0,0.0,0.0,0.0,True
2040,P0142,Jiangsu,beccs,0.726763497929724,24312699.10018976,19.936413262155604,37.87918519809565,20.63418772633105,True
2040,P0142,Jiangsu,ammonia,0.0,0.0,0.0,0.0,0.0,True
2040,P0143,Yunnan,unabated,0.0,0.0,0.0,0.0,0.0,True
2040,P0143,Yunnan,retire,0.0,0.0,0.0,0.0,0.0,True
2040,P0143,Yunnan,ccs,0.0,0.0,0.0,0.0,0.0,True
2040,P0143,Yunnan,biomass,1.0,11205499.999999998,9.188509999999997,9.188509999999997,0.0,True
2040,P0143,Yunnan,beccs,0.0,0.0,0.0,0.0,0.0,True
2040,P0143,Yunnan,ammonia,0.0,0.0,0.0,0.0,0.0,True
2040,P0144,Shanxi,unabated,1.0,32892597.499999996,26.971929949999996,0.0,0.0,True
2040,P0144,Shanxi,retire,0.0,0.0,0.0,0.0,0.0,True
2040,P0144,Shanxi,ccs,0.0,0.0,0.0,0.0,0.0,True
2040,P0144,Shanxi,biomass,0.0,0.0,0.0,0.0,0.0,True
2040,P0144,Shanxi,beccs,0.0,0.0,0.0,0.0,0.0,True
2040,P0144,Shanxi,ammonia,0.0,0.0,0.0,0.0,0.0,True
2040,P0145,Liaoning,unabated,0.0,0.0,0.0,0.0,0.0,True
2040,P0145,Liaoning,retire,0.0,0.0,0.0,0.0,0.0,True
2040,P0145,Liaoning,ccs,0.0,0.0,0.0,0.0,0.0,True
2040,P0145,Liaoning,biomass,1.0,8185847.999999999,6.712395359999999,6.712395359999999,0.0,True
2040,P0145,Liaoning,beccs,0.0,0.0,0.0,0.0,0.0,True
2040,P0145,Liaoning,ammonia,0.0,0.0,0.0,0.0,0.0,True
2040,P0146,Shanxi,unabated,1.0,19906850.0,16.323617,0.0,0.0,True
2040,P0146,Shanxi,retire,0.0,0.0,0.0,0.0,0.0,True
2040,P0146,Shanxi,ccs,0.0,0.0,0.0,0.0,0.0,True
2040,P0146,Shanxi,biomass,0.0,0.0,0.0,0.0,0.0,True
2040,P0146,Shanxi,beccs,0.0,0.0,0.0,0.0,0.0,True
2040,P0146,Shanxi,ammonia,0.0,0.0,0.0,0.0,0.0,True
2040,P0147,Inner Mongolia,unabated,1.0,15698279.999999998,12.872589599999998,0.0,0.0,True
2040,P0147,Inner Mongolia,retire,0.0,0.0,0.0,0.0,0.0,True
2040,P0147,Inner Mongolia,ccs,0.0,0.0,0.0,0.0,0.0,True
2040,P0147,Inner Mongolia,biomass,0.0,0.0,0.0,0.0,0.0,True
2040,P0147,Inner Mongolia,beccs,0.0,0.0,0.0,0.0,0.0,True
2040,P0147,Inner Mongolia,ammonia,0.0,0.0,0.0,0.0,0.0,True
2040,P0148,Shandong,unabated,0.0,0.0,0.0,0.0,0.0,True
2040,P0148,Shandong,retire,0.0,0.0,0.0,0.0,0.0,True
2040,P0148,Shandong,ccs,0.0,0.0,0.0,0.0,0.0,True
2040,P0148,Shandong,biomass,1.0,9114699.000000002,7.47405318,7.47405318,0.0,True
2040,P0148,Shandong,beccs,0.0,0.0,0.0,0.0,0.0,True
2040,P0148,Shandong,ammonia,0.0,0.0,0.0,0.0,0.0,True
2040,P0149,Shaanxi,unabated,0.9199015986874741,38989955.668240696,31.971763647957367,0.0,0.0,True
2040,P0149,Shaanxi,retire,0.0,0.0,0.0,0.0,0.0,True
2040,P0149,Shaanxi,ccs,0.08009840131252655,3394964.3317593327,2.7838707520426524,2.5054836768383875,2.8813062283641453,True
2040,P0149,Shaanxi,biomass,0.0,0.0,0.0,0.0,0.0,True
2040,P0149,Shaanxi,beccs,0.0,0.0,0.0,0.0,0.0,True
2040,P0149,Shaanxi,ammonia,0.0,0.0,0.0,0.0,0.0,True
2040,P0150,Guizhou,unabated,0.0,0.0,0.0,0.0,0.0,True
2040,P0150,Guizhou,retire,0.0,0.0,0.0,0.0,0.0,True
2040,P0150,Guizhou,ccs,0.0,0.0,0.0,0.0,0.0,True
2040,P0150,Guizhou,biomass,1.0,664594.0,0.5449670799999999,0.5449670799999999,0.0,True
2040,P0150,Guizhou,beccs,0.0,0.0,0.0,0.0,0.0,True
2040,P0150,Guizhou,ammonia,0.0,0.0,0.0,0.0,0.0,True
2040,P0151,Shandong,unabated,1.0,16899262.500000004,13.857395250000001,0.0,0.0,True
2040,P0151,Shandong,retire,0.0,0.0,0.0,0.0,0.0,True
2040,P0151,Shandong,ccs,0.0,0.0,0.0,0.0,0.0,True
2040,P0151,Shandong,biomass,0.0,0.0,0.0,0.0,0.0,True
2040,P0151,Shandong,beccs,0.0,0.0,0.0,0.0,0.0,True
2040,P0151,Shandong,ammonia,0.0,0.0,0.0,0.0,0.0,True
2040,P0152,Guangdong,unabated,1.0,6426161.0,5.269452019999999,0.0,0.0,True
2040,P0152,Guangdong,retire,0.0,0.0,0.0,0.0,0.0,True
2040,P0152,Guangdong,ccs,0.0,0.0,0.0,0.0,0.0,True
2040,P0152,Guangdong,biomass,0.0,0.0,0.0,0.0,0.0,True
2040,P0152,Guangdong,beccs,0.0,0.0,0.0,0.0,0.0,True
2040,P0152,Guangdong,ammonia,0.0,0.0,0.0,0.0,0.0,True
2040,P0153,Heilongjiang,unabated,0.0,0.0,0.0,0.0,0.0,True
2040,P0153,Heilongjiang,retire,0.0,0.0,0.0,0.0,0.0,True
2040,P0153,Heilongjiang,ccs,0.0,0.0,0.0,0.0,0.0,True
2040,P0153,Heilongjiang,biomass,0.0,0.0,0.0,0.0,0.0,True
2040,P0153,Heilongjiang,beccs,1.0,7391812.500000001,6.06128625,11.516443875,6.27343126875,True
2040,P0153,Heilongjiang,ammonia,0.0,0.0,0.0,0.0,0.0,True
2040,P0154,Tianjin,unabated,1.0,26537140.0,21.760454799999998,0.0,0.0,True
2040,P0154,Tianjin,retire,0.0,0.0,0.0,0.0,0.0,True
2040,P0154,Tianjin,ccs,0.0,0.0,0.0,0.0,0.0,True
2040,P0154,Tianjin,biomass,0.0,0.0,0.0,0.0,0.0,True
2040,P0154,Tianjin,beccs,0.0,0.0,0.0,0.0,0.0,True
2040,P0154,Tianjin,ammonia,0.0,0.0,0.0,0.0,0.0,True
2040,P0155,Shanxi,unabated,0.23529425948873112,3335420.598916033,2.735044891111147,0.0,0.0,True
2040,P0155,Shanxi,retire,0.0,0.0,0.0,0.0,0.0,True
2040,P0155,Shanxi,ccs,0.0,0.0,0.0,0.0,0.0,True
2040,P0155,Shanxi,biomass,0.0,0.0,0.0,0.0,0.0,True
2040,P0155,Shanxi,beccs,0.764705740511272,10840108.40108401,8.888888888888888,16.888888888888886,9.2,True
2040,P0155,Shanxi,ammonia,0.0,0.0,0.0,0.0,0.0,True
2040,P0156,Yunnan,unabated,0.0,0.0,0.0,0.0,0.0,True
2040,P0156,Yunnan,retire,0.0,0.0,0.0,0.0,0.0,True
2040,P0156,Yunnan,ccs,0.0,0.0,0.0,0.0,0.0,True
2040,P0156,Yunnan,biomass,1.0,2689319.9999999995,2.2052423999999995,2.2052423999999995,0.0,True
2040,P0156,Yunnan,beccs,0.0,0.0,0.0,0.0,0.0,True
2040,P0156,Yunnan,ammonia,0.0,0.0,0.0,0.0,0.0,True
2040,P0157,Guizhou,unabated,0.0,0.0,0.0,0.0,0.0,True
2040,P0157,Guizhou,retire,0.0,0.0,0.0,0.0,0.0,True
2040,P0157,Guizhou,ccs,0.0,0.0,0.0,0.0,0.0,True
2040,P0157,Guizhou,biomass,1.0,24495036.0,20.08592952,20.08592952,0.0,True
2040,P0157,Guizhou,beccs,0.0,0.0,0.0,0.0,0.0,True
2040,P0157,Guizhou,ammonia,0.0,0.0,0.0,0.0,0.0,True
2040,P0158,Guangxi,unabated,0.0,0.0,0.0,0.0,0.0,True
2040,P0158,Guangxi,retire,0.0,0.0,0.0,0.0,0.0,True
2040,P0158,Guangxi,ccs,0.0,0.0,0.0,0.0,0.0,True
2040,P0158,Guangxi,biomass,1.0,7299565.0,5.9856432999999996,5.9856432999999996,0.0,True
2040,P0158,Guangxi,beccs,0.0,0.0,0.0,0.0,0.0,True
2040,P0158,Guangxi,ammonia,0.0,0.0,0.0,0.0,0.0,True
2040,P0159,Fujian,unabated,0.13658538970234782,2387559.3242003177,1.9577986458442602,0.0,0.0,True
2040,P0159,Fujian,retire,0.0,0.0,0.0,0.0,0.0,True
2040,P0159,Fujian,ccs,0.0,0.0,0.0,0.0,0.0,True
2040,P0159,Fujian,biomass,0.0,0.0,0.0,0.0,0.0,True
2040,P0159,Fujian,beccs,0.8634146102976527,15092782.675799686,12.376081794155743,23.51455540889591,12.809244656951192,True
2040,P0159,Fujian,ammonia,0.0,0.0,0.0,0.0,0.0,True
2040,P0160,Hubei,unabated,0.0,0.0,0.0,0.0,0.0,True
2040,P0160,Hubei,retire,0.0,0.0,0.0,0.0,0.0,True
2040,P0160,Hubei,ccs,0.0,0.0,0.0,0.0,0.0,True
2040,P0160,Hubei,biomass,0.0,0.0,0.0,0.0,0.0,True
2040,P0160,Hubei,beccs,1.0,16573231.999999998,13.590050239999998,25.821095455999995,14.065701998399998,True
2040,P0160,Hubei,ammonia,0.0,0.0,0.0,0.0,0.0,True
2040,P0161,Zhejiang,unabated,0.0,0.0,0.0,0.0,0.0,True
2040,P0161,Zhejiang,retire,0.0,0.0,0.0,0.0,0.0,True
2040,P0161,Zhejiang,ccs,0.0,0.0,0.0,0.0,0.0,True
2040,P0161,Zhejiang,biomass,0.0,0.0,0.0,0.0,0.0,True
2040,P0161,Zhejiang,beccs,1.0,2629267.5,2.15599935,4.096398765,2.23145932725,True
2040,P0161,Zhejiang,ammonia,0.0,0.0,0.0,0.0,0.0,True
2040,P0162,Shandong,unabated,0.0,0.0,0.0,0.0,0.0,True
2040,P0162,Shandong,retire,0.0,0.0,0.0,0.0,0.0,True
2040,P0162,Shandong,ccs,0.0,0.0,0.0,0.0,0.0,True
2040,P0162,Shandong,biomass,1.0,5974707.0,4.899259739999999,4.899259739999999,0.0,True
2040,P0162,Shandong,beccs,0.0,0.0,0.0,0.0,0.0,True
2040,P0162,Shandong,ammonia,0.0,0.0,0.0,0.0,0.0,True
2040,P0163,Hebei,unabated,0.0,0.0,0.0,0.0,0.0,True
2040,P0163,Hebei,retire,0.0,0.0,0.0,0.0,0.0,True
2040,P0163,Hebei,ccs,0.0,0.0,0.0,0.0,0.0,True
2040,P0163,Hebei,biomass,1.0,11583260.0,9.4982732,9.4982732,0.0,True
2040,P0163,Hebei,beccs,0.0,0.0,0.0,0.0,0.0,True
2040,P0163,Hebei,ammonia,0.0,0.0,0.0,0.0,0.0,True
2040,P0164,Hunan,unabated,0.0,0.0,0.0,0.0,0.0,True
2040,P0164,Hunan,retire,0.0,0.0,0.0,0.0,0.0,True
2040,P0164,Hunan,ccs,0.0,0.0,0.0,0.0,0.0,True
2040,P0164,Hunan,biomass,1.0,12502080.0,10.2517056,10.2517056,0.0,True
2040,P0164,Hunan,beccs,0.0,0.0,0.0,0.0,0.0,True
2040,P0164,Hunan,ammonia,0.0,0.0,0.0,0.0,0.0,True
2040,P0165,Hebei,unabated,1.0,5346120.0,4.383818399999999,0.0,0.0,True
2040,P0165,Hebei,retire,0.0,0.0,0.0,0.0,0.0,True
2040,P0165,Hebei,ccs,0.0,0.0,0.0,0.0,0.0,True
2040,P0165,Hebei,biomass,0.0,0.0,0.0,0.0,0.0,True
2040,P0165,Hebei,beccs,0.0,0.0,0.0,0.0,0.0,True
2040,P0165,Hebei,ammonia,0.0,0.0,0.0,0.0,0.0,True
2040,P0166,Guangxi,unabated,0.0,0.0,0.0,0.0,0.0,True
2040,P0166,Guangxi,retire,0.0,0.0,0.0,0.0,0.0,True
2040,P0166,Guangxi,ccs,0.0,0.0,0.0,0.0,0.0,True
2040,P0166,Guangxi,biomass,1.0,8807344.0,7.2220220799999995,7.2220220799999995,0.0,True
2040,P0166,Guangxi,beccs,0.0,0.0,0.0,0.0,0.0,True
2040,P0166,Guangxi,ammonia,0.0,0.0,0.0,0.0,0.0,True
2040,P0167,Shandong,unabated,1.0,52621032.60000001,43.14924673200001,0.0,0.0,True
2040,P0167,Shandong,retire,0.0,0.0,0.0,0.0,0.0,True
2040,P0167,Shandong,ccs,0.0,0.0,0.0,0.0,0.0,True
2040,P0167,Shandong,biomass,0.0,0.0,0.0,0.0,0.0,True
2040,P0167,Shandong,beccs,0.0,0.0,0.0,0.0,0.0,True
2040,P0167,Shandong,ammonia,0.0,0.0,0.0,0.0,0.0,True
2040,P0168,Xinjiang,unabated,0.0,0.0,0.0,0.0,0.0,True
2040,P0168,Xinjiang,retire,0.0,0.0,0.0,0.0,0.0,True
2040,P0168,Xinjiang,ccs,0.405569810819147,3469870.3615348875,2.8452936964586075,2.560764326812747,2.9448789758346594,True
2040,P0168,Xinjiang,biomass,0.0,0.0,0.0,0.0,0.0,True
2040,P0168,Xinjiang,beccs,0.5944301891808536,5085673.638465116,4.170252383541395,5.838353336957952,4.316211216965344,True
2040,P0168,Xinjiang,ammonia,0.0,0.0,0.0,0.0,0.0,True
2040,P0169,Guizhou,unabated,0.0,0.0,0.0,0.0,0.0,True
2040,P0169,Guizhou,retire,0.0,0.0,0.0,0.0,0.0,True
2040,P0169,Guizhou,ccs,0.0,0.0,0.0,0.0,0.0,True
2040,P0169,Guizhou,biomass,1.0,7120650.0,5.838933,5.838933,0.0,True
2040,P0169,Guizhou,beccs,0.0,0.0,0.0,0.0,0.0,True
2040,P0169,Guizhou,ammonia,0.0,0.0,0.0,0.0,0.0,True
2040,P0170,Shandong,unabated,0.8889961292044299,29348897.714385938,24.06609612579647,0.0,0.0,True
2040,P0170,Shandong,retire,0.11100387079557075,3664629.285614087,3.004996014203551,3.004996014203551,0.0,True
2040,P0170,Shandong,ccs,0.0,0.0,0.0,0.0,0.0,True
2040,P0170,Shandong,biomass,0.0,0.0,0.0,0.0,0.0,True
2040,P0170,Shandong,beccs,0.0,0.0,0.0,0.0,0.0,True
2040,P0170,Shandong,ammonia,0.0,0.0,0.0,0.0,0.0,True
2040,P0171,Shaanxi,unabated,1.0,15202300.0,12.465886,0.0,0.0,True
2040,P0171,Shaanxi,retire,0.0,0.0,0.0,0.0,0.0,True
2040,P0171,Shaanxi,ccs,0.0,0.0,0.0,0.0,0.0,True
2040,P0171,Shaanxi,biomass,0.0,0.0,0.0,0.0,0.0,True
2040,P0171,Shaanxi,beccs,0.0,0.0,0.0,0.0,0.0,True
2040,P0171,Shaanxi,ammonia,0.0,0.0,0.0,0.0,0.0,True
2040,P0172,Sichuan,unabated,0.0,0.0,0.0,0.0,0.0,True
2040,P0172,Sichuan,retire,0.0,0.0,0.0,0.0,0.0,True
2040,P0172,Sichuan,ccs,0.0,0.0,0.0,0.0,0.0,True
2040,P0172,Sichuan,biomass,0.0,0.0,0.0,0.0,0.0,True
2040,P0172,Sichuan,beccs,1.0,16288263.999999998,13.356376479999998,25.377115311999994,13.823849656799997,True
2040,P0172,Sichuan,ammonia,0.0,0.0,0.0,0.0,0.0,True
2040,P0173,Ningxia,unabated,1.0,26644024.0,21.84809968,0.0,0.0,True
2040,P0173,Ningxia,retire,0.0,0.0,0.0,0.0,0.0,True
2040,P0173,Ningxia,ccs,0.0,0.0,0.0,0.0,0.0,True
2040,P0173,Ningxia,biomass,0.0,0.0,0.0,0.0,0.0,True
2040,P0173,Ningxia,beccs,0.0,0.0,0.0,0.0,0.0,True
2040,P0173,Ningxia,ammonia,0.0,0.0,0.0,0.0,0.0,True
2040,P0174,Shanxi,unabated,1.0,37452655.0,30.711177099999997,0.0,0.0,True
2040,P0174,Shanxi,retire,0.0,0.0,0.0,0.0,0.0,True
2040,P0174,Shanxi,ccs,0.0,0.0,0.0,0.0,0.0,True
2040,P0174,Shanxi,biomass,0.0,0.0,0.0,0.0,0.0,True
2040,P0174,Shanxi,beccs,0.0,0.0,0.0,0.0,0.0,True
2040,P0174,Shanxi,ammonia,0.0,0.0,0.0,0.0,0.0,True
2040,P0175,Guizhou,unabated,0.0,0.0,0.0,0.0,0.0,True
2040,P0175,Guizhou,retire,0.0,0.0,0.0,0.0,0.0,True
2040,P0175,Guizhou,ccs,0.0,0.0,0.0,0.0,0.0,True
2040,P0175,Guizhou,biomass,1.0,8544780.0,7.006719599999999,7.006719599999999,0.0,True
2040,P0175,Guizhou,beccs,0.0,0.0,0.0,0.0,0.0,True
2040,P0175,Guizhou,ammonia,0.0,0.0,0.0,0.0,0.0,True
2040,P0176,Hubei,unabated,0.0,0.0,0.0,0.0,0.0,True
2040,P0176,Hubei,retire,0.0,0.0,0.0,0.0,0.0,True
2040,P0176,Hubei,ccs,0.0,0.0,0.0,0.0,0.0,True
2040,P0176,Hubei,biomass,0.5894827882309559,10388525.914928723,8.518591250241553,8.518591250241553,0.0,True
2040,P0176,Hubei,beccs,0.41051721176904465,7234594.085071286,5.932367149758455,11.271497584541063,6.140000000000001,True
2040,P0176,Hubei,ammonia,0.0,0.0,0.0,0.0,0.0,True
2040,P0177,Jilin,unabated,0.0,0.0,0.0,0.0,0.0,True
2040,P0177,Jilin,retire,0.0,0.0,0.0,0.0,0.0,True
2040,P0177,Jilin,ccs,0.0,0.0,0.0,0.0,0.0,True
2040,P0177,Jilin,biomass,0.0,0.0,0.0,0.0,0.0,True
2040,P0177,Jilin,beccs,1.0,7460084.0,6.11726888,11.622810872,5.909281738079999,True
2040,P0177,Jilin,ammonia,0.0,0.0,0.0,0.0,0.0,True
2040,P0178,Shaanxi,unabated,0.0,0.0,0.0,0.0,0.0,True
2040,P0178,Shaanxi,retire,0.0,0.0,0.0,0.0,0.0,True
2040,P0178,Shaanxi,ccs,0.0,0.0,0.0,0.0,0.0,True
2040,P0178,Shaanxi,biomass,0.0,0.0,0.0,0.0,0.0,True
2040,P0178,Shaanxi,beccs,1.0,6353200.0,5.209624,9.8982856,5.391960839999999,True
2040,P0178,Shaanxi,ammonia,0.0,0.0,0.0,0.0,0.0,True
2040,P0179,Fujian,unabated,1.0,32038749.999999996,26.271774999999995,0.0,0.0,True
2040,P0179,Fujian,retire,0.0,0.0,0.0,0.0,0.0,True
2040,P0179,Fujian,ccs,0.0,0.0,0.0,0.0,0.0,True
2040,P0179,Fujian,biomass,0.0,0.0,0.0,0.0,0.0,True
2040,P0179,Fujian,beccs,0.0,0.0,0.0,0.0,0.0,True
2040,P0179,Fujian,ammonia,0.0,0.0,0.0,0.0,0.0,True
2040,P0180,Inner Mongolia,unabated,1.0,7547250.0,6.188745,0.0,0.0,True
2040,P0180,Inner Mongolia,retire,0.0,0.0,0.0,0.0,0.0,True
2040,P0180,Inner Mongolia,ccs,0.0,0.0,0.0,0.0,0.0,True
2040,P0180,Inner Mongolia,biomass,0.0,0.0,0.0,0.0,0.0,True
2040,P0180,Inner Mongolia,beccs,0.0,0.0,0.0,0.0,0.0,True
2040,P0180,Inner Mongolia,ammonia,0.0,0.0,0.0,0.0,0.0,True
2040,P0181,Xinjiang,unabated,0.0,0.0,0.0,0.0,0.0,True
2040,P0181,Xinjiang,retire,0.0,0.0,0.0,0.0,0.0,True
2040,P0181,Xinjiang,ccs,1.0,22999625.999999996,18.859693319999998,16.973723988,19.519782586199998,True
2040,P0181,Xinjiang,biomass,0.0,0.0,0.0,0.0,0.0,True
2040,P0181,Xinjiang,beccs,0.0,0.0,0.0,0.0,0.0,True
2040,P0181,Xinjiang,ammonia,0.0,0.0,0.0,0.0,0.0,True
2040,P0182,Jiangxi,unabated,0.0,0.0,0.0,0.0,0.0,True
2040,P0182,Jiangxi,retire,0.0,0.0,0.0,0.0,0.0,True
2040,P0182,Jiangxi,ccs,0.0,0.0,0.0,0.0,0.0,True
2040,P0182,Jiangxi,biomass,1.0,27707083.2,22.719808224,22.719808224,0.0,True
2040,P0182,Jiangxi,beccs,0.0,0.0,0.0,0.0,0.0,True
2040,P0182,Jiangxi,ammonia,0.0,0.0,0.0,0.0,0.0,True
2040,P0183,Xinjiang,unabated,0.3412977202778455,486664.61048946646,0.3990649806013625,0.0,0.0,True
2040,P0183,Xinjiang,retire,0.0,0.0,0.0,0.0,0.0,True
2040,P0183,Xinjiang,ccs,0.0,0.0,0.0,0.0,0.0,True
2040,P0183,Xinjiang,biomass,0.658702279722155,939259.389510534,0.7701926993986378,0.7701926993986378,0.0,True
2040,P0183,Xinjiang,beccs,0.0,0.0,0.0,0.0,0.0,True
2040,P0183,Xinjiang,ammonia,0.0,0.0,0.0,0.0,0.0,True
2040,P0184,Shandong,unabated,0.0,0.0,0.0,0.0,0.0,True
2040,P0184,Shandong,retire,0.0,0.0,0.0,0.0,0.0,True
2040,P0184,Shandong,ccs,0.0,0.0,0.0,0.0,0.0,True
2040,P0184,Shandong,biomass,0.0,0.0,0.0,0.0,0.0,True
2040,P0184,Shandong,beccs,1.0,28303539.000000004,23.20890198,44.096913762,24.021213549299997,True
2040,P0184,Shandong,ammonia,0.0,0.0,0.0,0.0,0.0,True
2040,P0185,Guizhou,unabated,0.0,0.0,0.0,0.0,0.0,True
2040,P0185,Guizhou,retire,0.0,0.0,0.0,0.0,0.0,True
2040,P0185,Guizhou,ccs,0.0,0.0,0.0,0.0,0.0,True
2040,P0185,Guizhou,biomass,1.0,7120650.0,5.838933,5.838933,0.0,True
2040,P0185,Guizhou,beccs,0.0,0.0,0.0,0.0,0.0,True
2040,P0185,Guizhou,ammonia,0.0,0.0,0.0,0.0,0.0,True
2040,P0186,Ningxia,unabated,1.0,24108865.0,19.769269299999998,0.0,0.0,True
2040,P0186,Ningxia,retire,0.0,0.0,0.0,0.0,0.0,True
2040,P0186,Ningxia,ccs,0.0,0.0,0.0,0.0,0.0,True
2040,P0186,Ningxia,biomass,0.0,0.0,0.0,0.0,0.0,True
2040,P0186,Ningxia,beccs,0.0,0.0,0.0,0.0,0.0,True
2040,P0186,Ningxia,ammonia,0.0,0.0,0.0,0.0,0.0,True
2040,P0187,Inner Mongolia,unabated,0.0,0.0,0.0,0.0,0.0,True
2040,P0187,Inner Mongolia,retire,0.0,0.0,0.0,0.0,0.0,True
2040,P0187,Inner Mongolia,ccs,0.0,0.0,0.0,0.0,0.0,True
2040,P0187,Inner Mongolia,biomass,0.0,0.0,0.0,0.0,0.0,True
2040,P0187,Inner Mongolia,beccs,1.0,1006300.0,0.825166,1.5678153999999997,0.8540468099999999,True
2040,P0187,Inner Mongolia,ammonia,0.0,0.0,0.0,0.0,0.0,True
2040,P0188,Xinjiang,unabated,0.0,0.0,0.0,0.0,0.0,True
2040,P0188,Xinjiang,retire,0.0,0.0,0.0,0.0,0.0,True
2040,P0188,Xinjiang,ccs,1.0,21124800.0,17.322336,15.590102400000001,17.928617759999998,True
2040,P0188,Xinjiang,biomass,0.0,0.0,0.0,0.0,0.0,True
2040,P0188,Xinjiang,beccs,0.0,0.0,0.0,0.0,0.0,True
2040,P0188,Xinjiang,ammonia,0.0,0.0,0.0,0.0,0.0,True
2040,P0189,Yunnan,unabated,0.0,0.0,0.0,0.0,0.0,True
2040,P0189,Yunnan,retire,0.0,0.0,0.0,0.0,0.0,True
2040,P0189,Yunnan,ccs,0.0,0.0,0.0,0.0,0.0,True
2040,P0189,Yunnan,biomass,1.0,4482200.0,3.675404,3.675404,0.0,True
2040,P0189,Yunnan,beccs,0.0,0.0,0.0,0.0,0.0,True
2040,P0189,Yunnan,ammonia,0.0,0.0,0.0,0.0,0.0,True
2040,P0190,Jiangsu,unabated,0.0,0.0,0.0,0.0,0.0,True
2040,P0190,Jiangsu,retire,0.0,0.0,0.0,0.0,0.0,True
2040,P0190,Jiangsu,ccs,0.0,0.0,0.0,0.0,0.0,True
2040,P0190,Jiangsu,biomass,0.3227845861595515,3626394.445818437,2.9736434455711183,2.9736434455711183,0.0,True
2040,P0190,Jiangsu,beccs,0.677215413840449,7608325.554181569,6.2388269544288875,11.853771213414886,6.457185897833898,True
2040,P0190,Jiangsu,ammonia,0.0,0.0,0.0,0.0,0.0,True
2040,P0191,Hunan,unabated,0.0,0.0,0.0,0.0,0.0,True
2040,P0191,Hunan,retire,0.0,0.0,0.0,0.0,0.0,True
2040,P0191,Hunan,ccs,0.0,0.0,0.0,0.0,0.0,True
2040,P0191,Hunan,biomass,1.0,8204490.0,6.7276818,6.7276818,0.0,True
2040,P0191,Hunan,beccs,0.0,0.0,0.0,0.0,0.0,True
2040,P0191,Hunan,ammonia,0.0,0.0,0.0,0.0,0.0,True
2040,P0192,Shaanxi,unabated,0.0,0.0,0.0,0.0,0.0,True
2040,P0192,Shaanxi,retire,0.0,0.0,0.0,0.0,0.0,True
2040,P0192,Shaanxi,ccs,0.0,0.0,0.0,0.0,0.0,True
2040,P0192,Shaanxi,biomass,0.0,0.0,0.0,0.0,0.0,True
2040,P0192,Shaanxi,beccs,1.0,15519960.0,12.726367199999999,24.180097679999996,13.171790051999997,True
2040,P0192,Shaanxi,ammonia,0.0,0.0,0.0,0.0,0.0,True
2040,P0193,Guangxi,unabated,0.0,0.0,0.0,0.0,0.0,True
2040,P0193,Guangxi,retire,0.0,0.0,0.0,0.0,0.0,True
2040,P0193,Guangxi,ccs,0.0,0.0,0.0,0.0,0.0,True
2040,P0193,Guangxi,biomass,0.0,0.0,0.0,0.0,0.0,True
2040,P0193,Guangxi,beccs,1.0,6557642.0,5.37726644,10.216806235999998,5.5654707654,True
2040,P0193,Guangxi,ammonia,0.0,0.0,0.0,0.0,0.0,True
2040,P0194,Shaanxi,unabated,0.0,0.0,0.0,0.0,0.0,True
2040,P0194,Shaanxi,retire,0.0,0.0,0.0,0.0,0.0,True
2040,P0194,Shaanxi,ccs,0.0,0.0,0.0,0.0,0.0,True
2040,P0194,Shaanxi,biomass,1.0,2995080.0,2.4559655999999994,2.4559655999999994,0.0,True
2040,P0194,Shaanxi,beccs,0.0,0.0,0.0,0.0,0.0,True
2040,P0194,Shaanxi,ammonia,0.0,0.0,0.0,0.0,0.0,True
2040,P0195,Sichuan,unabated,0.0,0.0,0.0,0.0,0.0,True
2040,P0195,Sichuan,retire,0.0,0.0,0.0,0.0,0.0,True
2040,P0195,Sichuan,ccs,0.0,0.0,0.0,0.0,0.0,True
2040,P0195,Sichuan,biomass,1.0,2997839.9999999995,2.458228799999999,2.458228799999999,0.0,True
2040,P0195,Sichuan,beccs,0.0,0.0,0.0,0.0,0.0,True
2040,P0195,Sichuan,ammonia,0.0,0.0,0.0,0.0,0.0,True
2040,P0196,Xinjiang,unabated,1.0,633743.9999999999,0.5196700799999999,0.0,0.0,True
2040,P0196,Xinjiang,retire,0.0,0.0,0.0,0.0,0.0,True
2040,P0196,Xinjiang,ccs,0.0,0.0,0.0,0.0,0.0,True
2040,P0196,Xinjiang,biomass,0.0,0.0,0.0,0.0,0.0,True
2040,P0196,Xinjiang,beccs,0.0,0.0,0.0,0.0,0.0,True
2040,P0196,Xinjiang,ammonia,0.0,0.0,0.0,0.0,0.0,True
2040,P0197,Fujian,unabated,0.0,0.0,0.0,0.0,0.0,True
2040,P0197,Fujian,retire,0.0,0.0,0.0,0.0,0.0,True
2040,P0197,Fujian,ccs,0.0,0.0,0.0,0.0,0.0,True
2040,P0197,Fujian,biomass,0.0,0.0,0.0,0.0,0.0,True
2040,P0197,Fujian,beccs,1.0,6766584.0,5.54859888,10.542337872,5.7427998408,True
2040,P0197,Fujian,ammonia,0.0,0.0,0.0,0.0,0.0,True
2040,P0198,Gansu,unabated,0.0,0.0,0.0,0.0,0.0,True
2040,P0198,Gansu,retire,0.0,0.0,0.0,0.0,0.0,True
2040,P0198,Gansu,ccs,0.0,0.0,0.0,0.0,0.0,True
2040,P0198,Gansu,biomass,1.0,2765136.0,2.26741152,2.26741152,0.0,True
2040,P0198,Gansu,beccs,0.0,0.0,0.0,0.0,0.0,True
2040,P0198,Gansu,ammonia,0.0,0.0,0.0,0.0,0.0,True
2040,P0199,Inner Mongolia,unabated,1.0,1308190.0,1.0727158,0.0,0.0,True
2040,P0199,Inner Mongolia,retire,0.0,0.0,0.0,0.0,0.0,True
2040,P0199,Inner Mongolia,ccs,0.0,0.0,0.0,0.0,0.0,True
2040,P0199,Inner Mongolia,biomass,0.0,0.0,0.0,0.0,0.0,True
2040,P0199,Inner Mongolia,beccs,0.0,0.0,0.0,0.0,0.0,True
2040,P0199,Inner Mongolia,ammonia,0.0,0.0,0.0,0.0,0.0,True
2040,P0200,Xinjiang,unabated,0.0,0.0,0.0,0.0,0.0,True
2040,P0200,Xinjiang,retire,0.0,0.0,0.0,0.0,0.0,True
2040,P0200,Xinjiang,ccs,0.48248276001488477,5147137.66342503,4.2206528840085245,3.798587595607672,4.368375734948823,True
2040,P0200,Xinjiang,biomass,0.0,0.0,0.0,0.0,0.0,True
2040,P0200,Xinjiang,beccs,0.5175172399851158,5520886.336574974,4.527126795991478,6.337977514388069,4.68557623385118,True
2040,P0200,Xinjiang,ammonia,0.0,0.0,0.0,0.0,0.0,True
2040,P0201,Heilongjiang,unabated,0.0,0.0,0.0,0.0,0.0,True
2040,P0201,Heilongjiang,retire,0.0,0.0,0.0,0.0,0.0,True
2040,P0201,Heilongjiang,ccs,0.0,0.0,0.0,0.0,0.0,True
2040,P0201,Heilongjiang,biomass,0.0,0.0,0.0,0.0,0.0,True
2040,P0201,Heilongjiang,beccs,1.0,2434950.0000000005,1.9966590000000002,3.7936521,2.066542065,True
2040,P0201,Heilongjiang,ammonia,0.0,0.0,0.0,0.0,0.0,True
2040,P0202,Jiangxi,unabated,0.0,0.0,0.0,0.0,0.0,True
2040,P0202,Jiangxi,retire,0.0,0.0,0.0,0.0,0.0,True
2040,P0202,Jiangxi,ccs,0.0,0.0,0.0,0.0,0.0,True
2040,P0202,Jiangxi,biomass,1.0,9151488.0,7.504220159999999,7.504220159999999,0.0,True
2040,P0202,Jiangxi,beccs,0.0,0.0,0.0,0.0,0.0,True
2040,P0202,Jiangxi,ammonia,0.0,0.0,0.0,0.0,0.0,True
2040,P0203,Inner Mongolia,unabated,0.0,0.0,0.0,0.0,0.0,True
2040,P0203,Inner Mongolia,retire,0.0,0.0,0.0,0.0,0.0,True
2040,P0203,Inner Mongolia,ccs,1.0,6792524.999999999,5.5698704999999995,5.0128834499999995,5.380494902999998,True
2040,P0203,Inner Mongolia,biomass,0.0,0.0,0.0,0.0,0.0,True
2040,P0203,Inner Mongolia,beccs,0.0,0.0,0.0,0.0,0.0,True
2040,P0203,Inner Mongolia,ammonia,0.0,0.0,0.0,0.0,0.0,True
2040,P0204,Heilongjiang,unabated,0.0,0.0,0.0,0.0,0.0,True
2040,P0204,Heilongjiang,retire,0.0,0.0,0.0,0.0,0.0,True
2040,P0204,Heilongjiang,ccs,0.0,0.0,0.0,0.0,0.0,True
2040,P0204,Heilongjiang,biomass,0.0,0.0,0.0,0.0,0.0,True
2040,P0204,Heilongjiang,beccs,1.0,2434950.0000000005,1.9966590000000002,3.7936521,2.066542065,True
2040,P0204,Heilongjiang,ammonia,0.0,0.0,0.0,0.0,0.0,True
2040,P0205,Inner Mongolia,unabated,0.0,0.0,0.0,0.0,0.0,True
2040,P0205,Inner Mongolia,retire,0.0,0.0,0.0,0.0,0.0,True
2040,P0205,Inner Mongolia,ccs,0.0,0.0,0.0,0.0,0.0,True
2040,P0205,Inner Mongolia,biomass,0.0,0.0,0.0,0.0,0.0,True
2040,P0205,Inner Mongolia,beccs,1.0,3018899.9999999995,2.4754979999999995,4.703446199999999,2.5621404299999995,True
2040,P0205,Inner Mongolia,ammonia,0.0,0.0,0.0,0.0,0.0,True
2040,P0206,Hubei,unabated,0.0,0.0,0.0,0.0,0.0,True
2040,P0206,Hubei,retire,0.0,0.0,0.0,0.0,0.0,True
2040,P0206,Hubei,ccs,0.0,0.0,0.0,0.0,0.0,True
2040,P0206,Hubei,biomass,1.0,3937080.0,3.2284055999999994,3.2284055999999994,0.0,True
2040,P0206,Hubei,beccs,0.0,0.0,0.0,0.0,0.0,True
2040,P0206,Hubei,ammonia,0.0,0.0,0.0,0.0,0.0,True
2040,P0207,Xinjiang,unabated,0.008413363720585655,399893.9083304127,0.3279130048309384,0.0,0.0,True
2040,P0207,Xinjiang,retire,0.0,0.0,0.0,0.0,0.0,True
2040,P0207,Xinjiang,ccs,0.9915866362794148,47130906.09166961,38.64734299516908,34.78260869565217,40.0,True
2040,P0207,Xinjiang,biomass,0.0,0.0,0.0,0.0,0.0,True
2040,P0207,Xinjiang,beccs,0.0,0.0,0.0,0.0,0.0,True
2040,P0207,Xinjiang,ammonia,0.0,0.0,0.0,0.0,0.0,True
2040,P0208,Sichuan,unabated,0.0,0.0,0.0,0.0,0.0,True
2040,P0208,Sichuan,retire,0.0,0.0,0.0,0.0,0.0,True
2040,P0208,Sichuan,ccs,0.0,0.0,0.0,0.0,0.0,True
2040,P0208,Sichuan,biomass,1.0,1648811.9999999998,1.3520258399999996,1.3520258399999996,0.0,True
2040,P0208,Sichuan,beccs,0.0,0.0,0.0,0.0,0.0,True
2040,P0208,Sichuan,ammonia,0.0,0.0,0.0,0.0,0.0,True
2040,P0209,Zhejiang,unabated,0.0,0.0,0.0,0.0,0.0,True
2040,P0209,Zhejiang,retire,0.0,0.0,0.0,0.0,0.0,True
2040,P0209,Zhejiang,ccs,0.0,0.0,0.0,0.0,0.0,True
2040,P0209,Zhejiang,biomass,0.0,0.0,0.0,0.0,0.0,True
2040,P0209,Zhejiang,beccs,1.0,13284720.000000002,10.8934704,20.69759376,11.274741864,True
2040,P0209,Zhejiang,ammonia,0.0,0.0,0.0,0.0,0.0,True
2040,P0210,Anhui,unabated,0.0,0.0,0.0,0.0,0.0,True
2040,P0210,Anhui,retire,0.0,0.0,0.0,0.0,0.0,True
2040,P0210,Anhui,ccs,0.0,0.0,0.0,0.0,0.0,True
2040,P0210,Anhui,biomass,1.0,6708372.000000001,5.50086504,5.50086504,0.0,True
2040,P0210,Anhui,beccs,0.0,0.0,0.0,0.0,0.0,True
2040,P0210,Anhui,ammonia,0.0,0.0,0.0,0.0,0.0,True
2040,P0211,Henan,unabated,0.0,0.0,0.0,0.0,0.0,True
2040,P0211,Henan,retire,0.0,0.0,0.0,0.0,0.0,True
2040,P0211,Henan,ccs,0.0,0.0,0.0,0.0,0.0,True
2040,P0211,Henan,biomass,1.0,4535496.0,3.7191067199999996,3.7191067199999996,0.0,True
2040,P0211,Henan,beccs,0.0,0.0,0.0,0.0,0.0,True
2040,P0211,Henan,ammonia,0.0,0.0,0.0,0.0,0.0,True
2040,P0212,Gansu,unabated,0.0,0.0,0.0,0.0,0.0,True
2040,P0212,Gansu,retire,0.0,0.0,0.0,0.0,0.0,True
2040,P0212,Gansu,ccs,1.0,11102440.0,9.1040008,8.19360072,9.422640828,True
2040,P0212,Gansu,biomass,0.0,0.0,0.0,0.0,0.0,True
2040,P0212,Gansu,beccs,0.0,0.0,0.0,0.0,0.0,True
2040,P0212,Gansu,ammonia,0.0,0.0,0.0,0.0,0.0,True
2040,P0213,Hubei,unabated,0.0,0.0,0.0,0.0,0.0,True
2040,P0213,Hubei,retire,0.0,0.0,0.0,0.0,0.0,True
2040,P0213,Hubei,ccs,0.0,0.0,0.0,0.0,0.0,True
2040,P0213,Hubei,biomass,1.0,13761032.0,11.28404624,11.28404624,0.0,True
2040,P0213,Hubei,beccs,0.0,0.0,0.0,0.0,0.0,True
2040,P0213,Hubei,ammonia,0.0,0.0,0.0,0.0,0.0,True
2040,P0214,Xinjiang,unabated,0.0,0.0,0.0,0.0,0.0,True
2040,P0214,Xinjiang,retire,0.0,0.0,0.0,0.0,0.0,True
2040,P0214,Xinjiang,ccs,1.0,5096358.0,4.17901356,3.761112204,4.325279034599999,True
2040,P0214,Xinjiang,biomass,0.0,0.0,0.0,0.0,0.0,True
2040,P0214,Xinjiang,beccs,0.0,0.0,0.0,0.0,0.0,True
2040,P0214,Xinjiang,ammonia,0.0,0.0,0.0,0.0,0.0,True
2040,P0215,Hebei,unabated,0.0,0.0,0.0,0.0,0.0,True
2040,P0215,Hebei,retire,0.0,0.0,0.0,0.0,0.0,True
2040,P0215,Hebei,ccs,0.0,0.0,0.0,0.0,0.0,True
2040,P0215,Hebei,biomass,1.0,5880732.000000001,4.82220024,4.82220024,0.0,True
2040,P0215,Hebei,beccs,0.0,0.0,0.0,0.0,0.0,True
2040,P0215,Hebei,ammonia,0.0,0.0,0.0,0.0,0.0,True
2040,P0216,Heilongjiang,unabated,0.0,0.0,0.0,0.0,0.0,True
2040,P0216,Heilongjiang,retire,0.0,0.0,0.0,0.0,0.0,True
2040,P0216,Heilongjiang,ccs,0.0,0.0,0.0,0.0,0.0,True
2040,P0216,Heilongjiang,biomass,1.0,347850.0,0.285237,0.285237,0.0,True
2040,P0216,Heilongjiang,beccs,0.0,0.0,0.0,0.0,0.0,True
2040,P0216,Heilongjiang,ammonia,0.0,0.0,0.0,0.0,0.0,True
2040,P0217,Hainan,unabated,0.0,0.0,0.0,0.0,0.0,True
2040,P0217,Hainan,retire,0.0,0.0,0.0,0.0,0.0,True
2040,P0217,Hainan,ccs,0.0,0.0,0.0,0.0,0.0,True
2040,P0217,Hainan,biomass,0.0,0.0,0.0,0.0,0.0,True
2040,P0217,Hainan,beccs,1.0,1509270.0,1.2376014,2.35144266,1.280917449,True
2040,P0217,Hainan,ammonia,0.0,0.0,0.0,0.0,0.0,True
2040,P0218,Hubei,unabated,0.0,0.0,0.0,0.0,0.0,True
2040,P0218,Hubei,retire,0.0,0.0,0.0,0.0,0.0,True
2040,P0218,Hubei,ccs,0.0,0.0,0.0,0.0,0.0,True
2040,P0218,Hubei,biomass,1.0,7424207.999999999,6.087850559999999,6.087850559999999,0.0,True
2040,P0218,Hubei,beccs,0.0,0.0,0.0,0.0,0.0,True
2040,P0218,Hubei,ammonia,0.0,0.0,0.0,0.0,0.0,True
2040,P0219,Jilin,unabated,0.0,0.0,0.0,0.0,0.0,True
2040,P0219,Jilin,retire,0.0,0.0,0.0,0.0,0.0,True
2040,P0219,Jilin,ccs,0.0,0.0,0.0,0.0,0.0,True
2040,P0219,Jilin,biomass,0.0,0.0,0.0,0.0,0.0,True
2040,P0219,Jilin,beccs,1.0,2933334.0,2.4053338799999997,4.570134371999999,2.4895205658,True
2040,P0219,Jilin,ammonia,0.0,0.0,0.0,0.0,0.0,True
2040,P0220,Hebei,unabated,0.0,0.0,0.0,0.0,0.0,True
2040,P0220,Hebei,retire,0.0,0.0,0.0,0.0,0.0,True
2040,P0220,Hebei,ccs,0.0,0.0,0.0,0.0,0.0,True
2040,P0220,Hebei,biomass,1.0,5880732.000000001,4.82220024,4.82220024,0.0,True
2040,P0220,Hebei,beccs,0.0,0.0,0.0,0.0,0.0,True
2040,P0220,Hebei,ammonia,0.0,0.0,0.0,0.0,0.0,True
2040,P0221,Gansu,unabated,0.0,0.0,0.0,0.0,0.0,True
2040,P0221,Gansu,retire,0.0,0.0,0.0,0.0,0.0,True
2040,P0221,Gansu,ccs,0.0,0.0,0.0,0.0,0.0,True
2040,P0221,Gansu,biomass,0.0,0.0,0.0,0.0,0.0,True
2040,P0221,Gansu,beccs,1.0,17303048.0,14.18849936,26.958148784,14.6850968376,True
2040,P0221,Gansu,ammonia,0.0,0.0,0.0,0.0,0.0,True
2040,P0222,Jiangxi,unabated,0.0,0.0,0.0,0.0,0.0,True
2040,P0222,Jiangxi,retire,0.0,0.0,0.0,0.0,0.0,True
2040,P0222,Jiangxi,ccs,0.0,0.0,0.0,0.0,0.0,True
2040,P0222,Jiangxi,biomass,1.0,19065600.0,15.633791999999998,15.633791999999998,0.0,True
2040,P0222,Jiangxi,beccs,0.0,0.0,0.0,0.0,0.0,True
2040,P0222,Jiangxi,ammonia,0.0,0.0,0.0,0.0,0.0,True
2040,P0223,Anhui,unabated,1.0,32652492.500000004,26.775043850000003,0.0,0.0,True
2040,P0223,Anhui,retire,0.0,0.0,0.0,0.0,0.0,True
2040,P0223,Anhui,ccs,0.0,0.0,0.0,0.0,0.0,True
2040,P0223,Anhui,biomass,0.0,0.0,0.0,0.0,0.0,True
2040,P0223,Anhui,beccs,0.0,0.0,0.0,0.0,0.0,True
2040,P0223,Anhui,ammonia,0.0,0.0,0.0,0.0,0.0,True
2040,P0224,Xinjiang,unabated,0.0,0.0,0.0,0.0,0.0,True
2040,P0224,Xinjiang,retire,0.0,0.0,0.0,0.0,0.0,True
2040,P0224,Xinjiang,ccs,0.16029485344180516,931204.0979965475,0.7635873603571688,0.6872286243214519,0.7903129179696695,True
2040,P0224,Xinjiang,biomass,0.0,0.0,0.0,0.0,0.0,True
2040,P0224,Xinjiang,beccs,0.8397051465581933,4878115.902003443,4.000055039642822,7.600104575321362,4.14005696603032,True
2040,P0224,Xinjiang,ammonia,0.0,0.0,0.0,0.0,0.0,True
2040,P0225,Heilongjiang,unabated,0.0,0.0,0.0,0.0,0.0,True
2040,P0225,Heilongjiang,retire,0.0,0.0,0.0,0.0,0.0,True
2040,P0225,Heilongjiang,ccs,0.0,0.0,0.0,0.0,0.0,True
2040,P0225,Heilongjiang,biomass,1.0,4174200.0,3.422844,3.422844,0.0,True
2040,P0225,Heilongjiang,beccs,0.0,0.0,0.0,0.0,0.0,True
2040,P0225,Heilongjiang,ammonia,0.0,0.0,0.0,0.0,0.0,True
2040,P0226,Anhui,unabated,0.0,0.0,0.0,0.0,0.0,True
2040,P0226,Anhui,retire,0.0,0.0,0.0,0.0,0.0,True
2040,P0226,Anhui,ccs,0.0,0.0,0.0,0.0,0.0,True
2040,P0226,Anhui,biomass,1.0,13416744.000000002,11.00173008,11.00173008,0.0,True
2040,P0226,Anhui,beccs,0.0,0.0,0.0,0.0,0.0,True
2040,P0226,Anhui,ammonia,0.0,0.0,0.0,0.0,0.0,True
2040,P0227,Shanxi,unabated,0.007102633657372959,121662.07731219001,0.0997629033959958,0.0,0.0,True
2040,P0227,Shanxi,retire,0.0,0.0,0.0,0.0,0.0,True
2040,P0227,Shanxi,ccs,0.0,0.0,0.0,0.0,0.0,True
2040,P0227,Shanxi,biomass,0.0,0.0,0.0,0.0,0.0,True
2040,P0227,Shanxi,beccs,0.992897366342627,17007487.92268781,13.946140096604003,26.497666183547604,14.434254999985145,True
2040,P0227,Shanxi,ammonia,0.0,0.0,0.0,0.0,0.0,True
2040,P0228,Liaoning,unabated,0.0,0.0,0.0,0.0,0.0,True
2040,P0228,Liaoning,retire,0.0,0.0,0.0,0.0,0.0,True
2040,P0228,Liaoning,ccs,0.0,0.0,0.0,0.0,0.0,True
2040,P0228,Liaoning,biomass,0.29098988078733506,1082726.7880287478,0.887835966183573,0.887835966183573,0.0,True
2040,P0228,Liaoning,beccs,0.7090101192126649,2638113.2119712518,2.163252833816426,4.110180384251209,2.238966683000001,True
2040,P0228,Liaoning,ammonia,0.0,0.0,0.0,0.0,0.0,True
2040,P0229,Henan,unabated,0.0,0.0,0.0,0.0,0.0,True
2040,P0229,Henan,retire,0.0,0.0,0.0,0.0,0.0,True
2040,P0229,Henan,ccs,0.0,0.0,0.0,0.0,0.0,True
2040,P0229,Henan,biomass,1.0,13426508.0,11.009736559999999,11.009736559999999,0.0,True
2040,P0229,Henan,beccs,0.0,0.0,0.0,0.0,0.0,True
2040,P0229,Henan,ammonia,0.0,0.0,0.0,0.0,0.0,True
2040,P0230,Inner Mongolia,unabated,1.0,6641580.0,5.4460956,0.0,0.0,True
2040,P0230,Inner Mongolia,retire,0.0,0.0,0.0,0.0,0.0,True
2040,P0230,Inner Mongolia,ccs,0.0,0.0,0.0,0.0,0.0,True
2040,P0230,Inner Mongolia,biomass,0.0,0.0,0.0,0.0,0.0,True
2040,P0230,Inner Mongolia,beccs,0.0,0.0,0.0,0.0,0.0,True
2040,P0230,Inner Mongolia,ammonia,0.0,0.0,0.0,0.0,0.0,True
2040,P0231,Fujian,unabated,0.0,0.0,0.0,0.0,0.0,True
2040,P0231,Fujian,retire,0.0,0.0,0.0,0.0,0.0,True
2040,P0231,Fujian,ccs,0.0,0.0,0.0,0.0,0.0,True
2040,P0231,Fujian,biomass,1.0,6151440.0,5.0441807999999995,5.0441807999999995,0.0,True
2040,P0231,Fujian,beccs,0.0,0.0,0.0,0.0,0.0,True
2040,P0231,Fujian,ammonia,0.0,0.0,0.0,0.0,0.0,True
2040,P0232,Inner Mongolia,unabated,0.7129097434051987,4304406.448731909,3.529613287960165,0.0,0.0,True
2040,P0232,Inner Mongolia,retire,0.0,0.0,0.0,0.0,0.0,True
2040,P0232,Inner Mongolia,ccs,0.0,0.0,0.0,0.0,0.0,True
2040,P0232,Inner Mongolia,biomass,0.2870902565948012,1733393.5512680905,1.4213827120398341,1.4213827120398341,0.0,True
2040,P0232,Inner Mongolia,beccs,0.0,0.0,0.0,0.0,0.0,True
2040,P0232,Inner Mongolia,ammonia,0.0,0.0,0.0,0.0,0.0,True
2040,P0233,Xinjiang,unabated,0.0,0.0,0.0,0.0,0.0,True
2040,P0233,Xinjiang,retire,0.0,0.0,0.0,0.0,0.0,True
2040,P0233,Xinjiang,ccs,0.0,0.0,0.0,0.0,0.0,True
2040,P0233,Xinjiang,biomass,0.0,0.0,0.0,0.0,0.0,True
2040,P0233,Xinjiang,beccs,1.0,3168719.9999999995,2.5983503999999993,4.936865759999998,2.6892926639999994,True
2040,P0233,Xinjiang,ammonia,0.0,0.0,0.0,0.0,0.0,True
2040,P0234,Hunan,unabated,0.0,0.0,0.0,0.0,0.0,True
2040,P0234,Hunan,retire,0.0,0.0,0.0,0.0,0.0,True
2040,P0234,Hunan,ccs,0.0,0.0,0.0,0.0,0.0,True
2040,P0234,Hunan,biomass,1.0,234414.0,0.19221947999999997,0.19221947999999997,0.0,True
2040,P0234,Hunan,beccs,0.0,0.0,0.0,0.0,0.0,True
2040,P0234,Hunan,ammonia,0.0,0.0,0.0,0.0,0.0,True
2040,P0235,Inner Mongolia,unabated,1.0,13283160.0,10.8921912,0.0,0.0,True
2040,P0235,Inner Mongolia,retire,0.0,0.0,0.0,0.0,0.0,True
2040,P0235,Inner Mongolia,ccs,0.0,0.0,0.0,0.0,0.0,True
2040,P0235,Inner Mongolia,biomass,0.0,0.0,0.0,0.0,0.0,True
2040,P0235,Inner Mongolia,beccs,0.0,0.0,0.0,0.0,0.0,True
2040,P0235,Inner Mongolia,ammonia,0.0,0.0,0.0,0.0,0.0,True
2040,P0236,Henan,unabated,0.0,0.0,0.0,0.0,0.0,True
2040,P0236,Henan,retire,0.0,0.0,0.0,0.0,0.0,True
2040,P0236,Henan,ccs,0.0,0.0,0.0,0.0,0.0,True
2040,P0236,Henan,biomass,1.0,19185868.0,15.73241176,15.73241176,0.0,True
2040,P0236,Henan,beccs,0.0,0.0,0.0,0.0,0.0,True
2040,P0236,Henan,ammonia,0.0,0.0,0.0,0.0,0.0,True
2040,P0237,Jiangxi,unabated,0.0,0.0,0.0,0.0,0.0,True
2040,P0237,Jiangxi,retire,0.0,0.0,0.0,0.0,0.0,True
2040,P0237,Jiangxi,ccs,0.0,0.0,0.0,0.0,0.0,True
2040,P0237,Jiangxi,biomass,1.0,12869280.0,10.5528096,10.5528096,0.0,True
2040,P0237,Jiangxi,beccs,0.0,0.0,0.0,0.0,0.0,True
2040,P0237,Jiangxi,ammonia,0.0,0.0,0.0,0.0,0.0,True
2040,P0238,Sichuan,unabated,0.0,0.0,0.0,0.0,0.0,True
2040,P0238,Sichuan,retire,0.0,0.0,0.0,0.0,0.0,True
2040,P0238,Sichuan,ccs,0.0,0.0,0.0,0.0,0.0,True
2040,P0238,Sichuan,biomass,0.0,0.0,0.0,0.0,0.0,True
2040,P0238,Sichuan,beccs,1.0,9992799.999999998,8.194095999999998,15.568782399999996,8.480889359999997,True
2040,P0238,Sichuan,ammonia,0.0,0.0,0.0,0.0,0.0,True
2040,P0239,Guizhou,unabated,0.21386966071204255,3776769.6788820303,3.096951136683265,0.0,0.0,True
2040,P0239,Guizhou,retire,0.0,0.0,0.0,0.0,0.0,True
2040,P0239,Guizhou,ccs,0.0,0.0,0.0,0.0,0.0,True
2040,P0239,Guizhou,biomass,0.7861303392879575,13882442.321117971,11.383602703316736,11.383602703316736,0.0,True
2040,P0239,Guizhou,beccs,0.0,0.0,0.0,0.0,0.0,True
2040,P0239,Guizhou,ammonia,0.0,0.0,0.0,0.0,0.0,True
2040,P0240,Guangdong,unabated,0.0,0.0,0.0,0.0,0.0,True
2040,P0240,Guangdong,retire,0.0,0.0,0.0,0.0,0.0,True
2040,P0240,Guangdong,ccs,0.0,0.0,0.0,0.0,0.0,True
2040,P0240,Guangdong,biomass,0.0,0.0,0.0,0.0,0.0,True
2040,P0240,Guangdong,beccs,1.0,9663400.0,7.923987999999999,15.055577199999997,8.201327579999997,True
2040,P0240,Guangdong,ammonia,0.0,0.0,0.0,0.0,0.0,True
2040,P0241,Guangxi,unabated,0.0,0.0,0.0,0.0,0.0,True
2040,P0241,Guangxi,retire,0.0,0.0,0.0,0.0,0.0,True
2040,P0241,Guangxi,ccs,0.0,0.0,0.0,0.0,0.0,True
2040,P0241,Guangxi,biomass,0.0,0.0,0.0,0.0,0.0,True
2040,P0241,Guangxi,beccs,1.0,3350620.0,2.7475084,5.22026596,2.843671194,True
2040,P0241,Guangxi,ammonia,0.0,0.0,0.0,0.0,0.0,True
2040,P0242,Xinjiang,unabated,0.9940842842721973,27719777.82867917,22.730217819516916,0.0,0.0,True
2040,P0242,Xinjiang,retire,0.0,0.0,0.0,0.0,0.0,True
2040,P0242,Xinjiang,ccs,0.00591571572780333,164958.17132084368,0.1352657004830918,0.12173913043478263,0.14,True
2040,P0242,Xinjiang,biomass,0.0,0.0,0.0,0.0,0.0,True
2040,P0242,Xinjiang,beccs,0.0,0.0,0.0,0.0,0.0,True
2040,P0242,Xinjiang,ammonia,0.0,0.0,0.0,0.0,0.0,True
2040,P0243,Anhui,unabated,0.8727869182193544,108494541.11263995,88.96552371236474,0.0,0.0,True
2040,P0243,Anhui,retire,0.12721308178064583,15813624.8873601,12.96717240763528,12.96717240763528,0.0,True
2040,P0243,Anhui,ccs,0.0,0.0,0.0,0.0,0.0,True
2040,P0243,Anhui,biomass,0.0,0.0,0.0,0.0,0.0,True
2040,P0243,Anhui,beccs,0.0,0.0,0.0,0.0,0.0,True
2040,P0243,Anhui,ammonia,0.0,0.0,0.0,0.0,0.0,True
2040,P0244,Gansu,unabated,0.0,0.0,0.0,0.0,0.0,True
2040,P0244,Gansu,retire,0.0,0.0,0.0,0.0,0.0,True
2040,P0244,Gansu,ccs,1.0,15124456.000000002,12.40205392,11.161848528,12.836125807199998,True
2040,P0244,Gansu,biomass,0.0,0.0,0.0,0.0,0.0,True
2040,P0244,Gansu,beccs,0.0,0.0,0.0,0.0,0.0,True
2040,P0244,Gansu,ammonia,0.0,0.0,0.0,0.0,0.0,True
2040,P0245,Hubei,unabated,0.0,0.0,0.0,0.0,0.0,True
2040,P0245,Hubei,retire,0.0,0.0,0.0,0.0,0.0,True
2040,P0245,Hubei,ccs,0.0,0.0,0.0,0.0,0.0,True
2040,P0245,Hubei,biomass,1.0,7247976.799999999,5.943340975999999,5.943340975999999,0.0,True
2040,P0245,Hubei,beccs,0.0,0.0,0.0,0.0,0.0,True
2040,P0245,Hubei,ammonia,0.0,0.0,0.0,0.0,0.0,True
2040,P0246,Inner Mongolia,unabated,0.6715319424994675,27604901.954165198,22.63601960241546,0.0,0.0,True
2040,P0246,Inner Mongolia,retire,0.0,0.0,0.0,0.0,0.0,True
2040,P0246,Inner Mongolia,ccs,0.32846805750053265,13502453.045834808,11.072011497584542,9.964810347826088,11.459531900000002,True
2040,P0246,Inner Mongolia,biomass,0.0,0.0,0.0,0.0,0.0,True
2040,P0246,Inner Mongolia,beccs,0.0,0.0,0.0,0.0,0.0,True
2040,P0246,Inner Mongolia,ammonia,0.0,0.0,0.0,0.0,0.0,True
2040,P0247,Shandong,unabated,1.0,8983866.0,7.366770119999999,0.0,0.0,True
2040,P0247,Shandong,retire,0.0,0.0,0.0,0.0,0.0,True
2040,P0247,Shandong,ccs,0.0,0.0,0.0,0.0,0.0,True
2040,P0247,Shandong,biomass,0.0,0.0,0.0,0.0,0.0,True
2040,P0247,Shandong,beccs,0.0,0.0,0.0,0.0,0.0,True
2040,P0247,Shandong,ammonia,0.0,0.0,0.0,0.0,0.0,True
2040,P0248,Henan,unabated,0.0,0.0,0.0,0.0,0.0,True
2040,P0248,Henan,retire,0.0,0.0,0.0,0.0,0.0,True
2040,P0248,Henan,ccs,0.0,0.0,0.0,0.0,0.0,True
2040,P0248,Henan,biomass,1.0,30200644.0,24.764528079999998,24.764528079999998,0.0,True
2040,P0248,Henan,beccs,0.0,0.0,0.0,0.0,0.0,True
2040,P0248,Henan,ammonia,0.0,0.0,0.0,0.0,0.0,True
2040,P0249,Gansu,unabated,0.0,0.0,0.0,0.0,0.0,True
2040,P0249,Gansu,retire,0.0,0.0,0.0,0.0,0.0,True
2040,P0249,Gansu,ccs,0.0,0.0,0.0,0.0,0.0,True
2040,P0249,Gansu,biomass,0.0,0.0,0.0,0.0,0.0,True
2040,P0249,Gansu,beccs,1.0,2513760.0000000005,2.0612832,3.91643808,2.133428112,True
2040,P0249,Gansu,ammonia,0.0,0.0,0.0,0.0,0.0,True
2040,P0250,Gansu,unabated,0.0,0.0,0.0,0.0,0.0,True
2040,P0250,Gansu,retire,0.0,0.0,0.0,0.0,0.0,True
2040,P0250,Gansu,ccs,0.7091142530849637,1782543.0448348585,1.461685296764584,1.3155167670881256,1.5128442821513444,True
2040,P0250,Gansu,biomass,0.0,0.0,0.0,0.0,0.0,True
2040,P0250,Gansu,beccs,0.2908857469150369,731216.9551651432,0.5995979032354174,1.139236016147293,0.620583829848657,True
2040,P0250,Gansu,ammonia,0.0,0.0,0.0,0.0,0.0,True
2040,P0251,Hebei,unabated,0.015099323239295862,91485.83315020632,0.0750183831831692,0.0,0.0,True
2040,P0251,Hebei,retire,0.0,0.0,0.0,0.0,0.0,True
2040,P0251,Hebei,ccs,0.0,0.0,0.0,0.0,0.0,True
2040,P0251,Hebei,biomass,0.9537857046985017,5778926.542483122,4.738719764836159,4.738719764836159,0.0,True
2040,P0251,Hebei,beccs,0.031114972062203403,188523.62436667847,0.15458937198067635,0.293719806763285,0.16,True
2040,P0251,Hebei,ammonia,0.0,0.0,0.0,0.0,0.0,True
2040,P0252,Guangxi,unabated,0.0,0.0,0.0,0.0,0.0,True
2040,P0252,Guangxi,retire,0.0,0.0,0.0,0.0,0.0,True
2040,P0252,Guangxi,ccs,0.0,0.0,0.0,0.0,0.0,True
2040,P0252,Guangxi,biomass,0.0,0.0,0.0,0.0,0.0,True
2040,P0252,Guangxi,beccs,1.0,10003994.0,8.20327508,15.586222651999998,8.490389707799999,True
2040,P0252,Guangxi,ammonia,0.0,0.0,0.0,0.0,0.0,True
2040,P0253,Guangxi,unabated,0.0,0.0,0.0,0.0,0.0,True
2040,P0253,Guangxi,retire,0.0,0.0,0.0,0.0,0.0,True
2040,P0253,Guangxi,ccs,0.0,0.0,0.0,0.0,0.0,True
2040,P0253,Guangxi,biomass,1.0,5456724.0,4.474513679999999,4.474513679999999,0.0,True
2040,P0253,Guangxi,beccs,0.0,0.0,0.0,0.0,0.0,True
2040,P0253,Guangxi,ammonia,0.0,0.0,0.0,0.0,0.0,True
2040,P0254,Jiangxi,unabated,0.0,0.0,0.0,0.0,0.0,True
2040,P0254,Jiangxi,retire,0.0,0.0,0.0,0.0,0.0,True
2040,P0254,Jiangxi,ccs,0.0,0.0,0.0,0.0,0.0,True
2040,P0254,Jiangxi,biomass,1.0,6291647.999999999,5.159151359999998,5.159151359999998,0.0,True
2040,P0254,Jiangxi,beccs,0.0,0.0,0.0,0.0,0.0,True
2040,P0254,Jiangxi,ammonia,0.0,0.0,0.0,0.0,0.0,True
2040,P0255,Anhui,unabated,0.0,0.0,0.0,0.0,0.0,True
2040,P0255,Anhui,retire,0.0,0.0,0.0,0.0,0.0,True
2040,P0255,Anhui,ccs,0.0,0.0,0.0,0.0,0.0,True
2040,P0255,Anhui,biomass,1.0,25003932.0,20.503224239999998,20.503224239999998,0.0,True
2040,P0255,Anhui,beccs,0.0,0.0,0.0,0.0,0.0,True
2040,P0255,Anhui,ammonia,0.0,0.0,0.0,0.0,0.0,True
2040,P0256,Heilongjiang,unabated,0.0,0.0,0.0,0.0,0.0,True
2040,P0256,Heilongjiang,retire,0.0,0.0,0.0,0.0,0.0,True
2040,P0256,Heilongjiang,ccs,0.0,0.0,0.0,0.0,0.0,True
2040,P0256,Heilongjiang,biomass,0.0,0.0,0.0,0.0,0.0,True
2040,P0256,Heilongjiang,beccs,1.0,194796.0,0.15973272,0.30349216799999995,0.1653233652,True
2040,P0256,Heilongjiang,ammonia,0.0,0.0,0.0,0.0,0.0,True
2040,P0257,Inner Mongolia,unabated,0.0,0.0,0.0,0.0,0.0,True
2040,P0257,Inner Mongolia,retire,0.0,0.0,0.0,0.0,0.0,True
2040,P0257,Inner Mongolia,ccs,0.0,0.0,0.0,0.0,0.0,True
2040,P0257,Inner Mongolia,biomass,1.0,362267.99999999994,0.29705975999999995,0.29705975999999995,0.0,True
2040,P0257,Inner Mongolia,beccs,0.0,0.0,0.0,0.0,0.0,True
2040,P0257,Inner Mongolia,ammonia,0.0,0.0,0.0,0.0,0.0,True
2040,P0258,Xinjiang,unabated,0.0,0.0,0.0,0.0,0.0,True
2040,P0258,Xinjiang,retire,0.0,0.0,0.0,0.0,0.0,True
2040,P0258,Xinjiang,ccs,1.0,3696839.9999999995,3.0314087999999995,2.7282679199999995,3.137508107999999,True
2040,P0258,Xinjiang,biomass,0.0,0.0,0.0,0.0,0.0,True
2040,P0258,Xinjiang,beccs,0.0,0.0,0.0,0.0,0.0,True
2040,P0258,Xinjiang,ammonia,0.0,0.0,0.0,0.0,0.0,True
2040,P0259,Guizhou,unabated,1.0,20792298.0,17.04968436,0.0,0.0,True
2040,P0259,Guizhou,retire,0.0,0.0,0.0,0.0,0.0,True
2040,P0259,Guizhou,ccs,0.0,0.0,0.0,0.0,0.0,True
2040,P0259,Guizhou,biomass,0.0,0.0,0.0,0.0,0.0,True
2040,P0259,Guizhou,beccs,0.0,0.0,0.0,0.0,0.0,True
2040,P0259,Guizhou,ammonia,0.0,0.0,0.0,0.0,0.0,True
2040,P0260,Ningxia,unabated,0.0,0.0,0.0,0.0,0.0,True
2040,P0260,Ningxia,retire,0.0,0.0,0.0,0.0,0.0,True
2040,P0260,Ningxia,ccs,0.0,0.0,0.0,0.0,0.0,True
2040,P0260,Ningxia,biomass,0.0,0.0,0.0,0.0,0.0,True
2040,P0260,Ningxia,beccs,1.0,13222594.0,10.84252708,20.600801452,11.2220155278,True
2040,P0260,Ningxia,ammonia,0.0,0.0,0.0,0.0,0.0,True
2040,P0261,Xinjiang,unabated,0.28265733820376016,1044938.9541651886,0.8568499424154545,0.0,0.0,True
2040,P0261,Xinjiang,retire,0.0,0.0,0.0,0.0,0.0,True
2040,P0261,Xinjiang,ccs,0.7173426617962404,2651901.045834813,2.1745588575845467,1.957102971826092,2.2506684176000054,True
2040,P0261,Xinjiang,biomass,0.0,0.0,0.0,0.0,0.0,True
2040,P0261,Xinjiang,beccs,0.0,0.0,0.0,0.0,0.0,True
2040,P0261,Xinjiang,ammonia,0.0,0.0,0.0,0.0,0.0,True
2040,P0262,Guizhou,unabated,0.0,0.0,0.0,0.0,0.0,True
2040,P0262,Guizhou,retire,0.0,0.0,0.0,0.0,0.0,True
2040,P0262,Guizhou,ccs,0.0,0.0,0.0,0.0,0.0,True
2040,P0262,Guizhou,biomass,1.0,5696520.0,4.6711464,4.6711464,0.0,True
2040,P0262,Guizhou,beccs,0.0,0.0,0.0,0.0,0.0,True
2040,P0262,Guizhou,ammonia,0.0,0.0,0.0,0.0,0.0,True
2040,P0263,Shaanxi,unabated,0.0,0.0,0.0,0.0,0.0,True
2040,P0263,Shaanxi,retire,0.0,0.0,0.0,0.0,0.0,True
2040,P0263,Shaanxi,ccs,0.0,0.0,0.0,0.0,0.0,True
2040,P0263,Shaanxi,biomass,1.0,3176600.0,2.604812,2.604812,0.0,True
2040,P0263,Shaanxi,beccs,0.0,0.0,0.0,0.0,0.0,True
2040,P0263,Shaanxi,ammonia,0.0,0.0,0.0,0.0,0.0,True
2040,P0264,Sichuan,unabated,0.0,0.0,0.0,0.0,0.0,True
2040,P0264,Sichuan,retire,0.0,0.0,0.0,0.0,0.0,True
2040,P0264,Sichuan,ccs,0.0,0.0,0.0,0.0,0.0,True
2040,P0264,Sichuan,biomass,0.0,0.0,0.0,0.0,0.0,True
2040,P0264,Sichuan,beccs,1.0,5995679.999999999,4.916457599999998,9.341269439999996,5.0885336159999985,True
2040,P0264,Sichuan,ammonia,0.0,0.0,0.0,0.0,0.0,True
2040,P0265,Gansu,unabated,0.0,0.0,0.0,0.0,0.0,True
2040,P0265,Gansu,retire,0.0,0.0,0.0,0.0,0.0,True
2040,P0265,Gansu,ccs,0.0,0.0,0.0,0.0,0.0,True
2040,P0265,Gansu,biomass,0.0,0.0,0.0,0.0,0.0,True
2040,P0265,Gansu,beccs,1.0,2932720.0,2.4048304,4.56917776,2.488999464,True
2040,P0265,Gansu,ammonia,0.0,0.0,0.0,0.0,0.0,True
2040,P0266,Heilongjiang,unabated,0.0,0.0,0.0,0.0,0.0,True
2040,P0266,Heilongjiang,retire,0.0,0.0,0.0,0.0,0.0,True
2040,P0266,Heilongjiang,ccs,0.0,0.0,0.0,0.0,0.0,True
2040,P0266,Heilongjiang,biomass,1.0,939195.0000000001,0.7701399,0.7701399,0.0,True
2040,P0266,Heilongjiang,beccs,0.0,0.0,0.0,0.0,0.0,True
2040,P0266,Heilongjiang,ammonia,0.0,0.0,0.0,0.0,0.0,True
2040,P0267,Hubei,unabated,0.001521841947280667,26591.351315339925,0.02180490807857874,0.0,0.0,True
2040,P0267,Hubei,retire,0.0,0.0,0.0,0.0,0.0,True
2040,P0267,Hubei,ccs,0.0,0.0,0.0,0.0,0.0,True
2040,P0267,Hubei,biomass,0.9984781580527196,17446544.648684666,14.306166611921425,14.306166611921425,0.0,True
2040,P0267,Hubei,beccs,0.0,0.0,0.0,0.0,0.0,True
2040,P0267,Hubei,ammonia,0.0,0.0,0.0,0.0,0.0,True
2040,P0268,Inner Mongolia,unabated,0.0,0.0,0.0,0.0,0.0,True
2040,P0268,Inner Mongolia,retire,0.0,0.0,0.0,0.0,0.0,True
2040,P0268,Inner Mongolia,ccs,0.0,0.0,0.0,0.0,0.0,True
2040,P0268,Inner Mongolia,biomass,1.0,452835.0,0.37132469999999995,0.37132469999999995,0.0,True
2040,P0268,Inner Mongolia,beccs,0.0,0.0,0.0,0.0,0.0,True
2040,P0268,Inner Mongolia,ammonia,0.0,0.0,0.0,0.0,0.0,True
2040,P0269,Guangdong,unabated,1.0,77191239.2,63.296816144000005,0.0,0.0,True
2040,P0269,Guangdong,retire,0.0,0.0,0.0,0.0,0.0,True
2040,P0269,Guangdong,ccs,0.0,0.0,0.0,0.0,0.0,True
2040,P0269,Guangdong,biomass,0.0,0.0,0.0,0.0,0.0,True
2040,P0269,Guangdong,beccs,0.0,0.0,0.0,0.0,0.0,True
2040,P0269,Guangdong,ammonia,0.0,0.0,0.0,0.0,0.0,True
2040,P0270,Xinjiang,unabated,0.992563100227904,3145154.5469541634,2.5790267285024138,0.0,0.0,True
2040,P0270,Xinjiang,retire,0.0,0.0,0.0,0.0,0.0,True
2040,P0270,Xinjiang,ccs,0.007436899772096052,23565.4530458362,0.01932367149758568,0.01739130434782711,0.02000000000000118,True
2040,P0270,Xinjiang,biomass,0.0,0.0,0.0,0.0,0.0,True
2040,P0270,Xinjiang,beccs,0.0,0.0,0.0,0.0,0.0,True
2040,P0270,Xinjiang,ammonia,0.0,0.0,0.0,0.0,0.0,True
2040,P0271,Guangdong,unabated,0.0,0.0,0.0,0.0,0.0,True
2040,P0271,Guangdong,retire,0.0,0.0,0.0,0.0,0.0,True
2040,P0271,Guangdong,ccs,0.0,0.0,0.0,0.0,0.0,True
2040,P0271,Guangdong,biomass,1.0,2899020.0,2.3771964,2.3771964,0.0,True
2040,P0271,Guangdong,beccs,0.0,0.0,0.0,0.0,0.0,True
2040,P0271,Guangdong,ammonia,0.0,0.0,0.0,0.0,0.0,True
2040,P0272,Qinghai,unabated,0.0,0.0,0.0,0.0,0.0,True
2040,P0272,Qinghai,retire,0.0,0.0,0.0,0.0,0.0,True
2040,P0272,Qinghai,ccs,1.0,5408039.999999999,4.434592799999999,3.991133519999999,4.589803547999999,True
2040,P0272,Qinghai,biomass,0.0,0.0,0.0,0.0,0.0,True
2040,P0272,Qinghai,beccs,0.0,0.0,0.0,0.0,0.0,True
2040,P0272,Qinghai,ammonia,0.0,0.0,0.0,0.0,0.0,True
2040,P0273,Fujian,unabated,0.0,0.0,0.0,0.0,0.0,True
2040,P0273,Fujian,retire,0.0,0.0,0.0,0.0,0.0,True
2040,P0273,Fujian,ccs,0.0,0.0,0.0,0.0,0.0,True
2040,P0273,Fujian,biomass,1.0,3075720.0,2.5220903999999997,2.5220903999999997,0.0,True
2040,P0273,Fujian,beccs,0.0,0.0,0.0,0.0,0.0,True
2040,P0273,Fujian,ammonia,0.0,0.0,0.0,0.0,0.0,True
2040,P0274,Hebei,unabated,0.0,0.0,0.0,0.0,0.0,True
2040,P0274,Hebei,retire,0.0,0.0,0.0,0.0,0.0,True
2040,P0274,Hebei,ccs,0.0,0.0,0.0,0.0,0.0,True
2040,P0274,Hebei,biomass,0.0,0.0,0.0,0.0,0.0,True
2040,P0274,Hebei,beccs,1.0,6237140.0,5.1144548,9.717464119999999,5.2934607179999995,True
2040,P0274,Hebei,ammonia,0.0,0.0,0.0,0.0,0.0,True
2040,P0275,Gansu,unabated,0.6425225571830266,9744723.270177912,7.990673081545887,0.0,0.0,True
2040,P0275,Gansu,retire,0.0,0.0,0.0,0.0,0.0,True
2040,P0275,Gansu,ccs,0.3574774428169734,5421628.729822091,4.445735558454114,4.0011620026087025,4.601336303000008,True
2040,P0275,Gansu,biomass,0.0,0.0,0.0,0.0,0.0,True
2040,P0275,Gansu,beccs,0.0,0.0,0.0,0.0,0.0,True
2040,P0275,Gansu,ammonia,0.0,0.0,0.0,0.0,0.0,True
2040,P0276,Xinjiang,unabated,0.0,0.0,0.0,0.0,0.0,True
2040,P0276,Xinjiang,retire,0.0,0.0,0.0,0.0,0.0,True
2040,P0276,Xinjiang,ccs,1.0,3168719.9999999995,2.5983503999999993,2.3385153599999993,2.6892926639999994,True
2040,P0276,Xinjiang,biomass,0.0,0.0,0.0,0.0,0.0,True
2040,P0276,Xinjiang,beccs,0.0,0.0,0.0,0.0,0.0,True
2040,P0276,Xinjiang,ammonia,0.0,0.0,0.0,0.0,0.0,True
2040,P0277,Guangxi,unabated,0.0,0.0,0.0,0.0,0.0,True
2040,P0277,Guangxi,retire,0.0,0.0,0.0,0.0,0.0,True
2040,P0277,Guangxi,ccs,0.0,0.0,0.0,0.0,0.0,True
2040,P0277,Guangxi,biomass,1.0,3350620.0,2.7475084,2.7475084,0.0,True
2040,P0277,Guangxi,beccs,0.0,0.0,0.0,0.0,0.0,True
2040,P0277,Guangxi,ammonia,0.0,0.0,0.0,0.0,0.0,True
2040,P0278,Inner Mongolia,unabated,1.0,8151030.0,6.6838446,0.0,0.0,True
2040,P0278,Inner Mongolia,retire,0.0,0.0,0.0,0.0,0.0,True
2040,P0278,Inner Mongolia,ccs,0.0,0.0,0.0,0.0,0.0,True
2040,P0278,Inner Mongolia,biomass,0.0,0.0,0.0,0.0,0.0,True
2040,P0278,Inner Mongolia,beccs,0.0,0.0,0.0,0.0,0.0,True
2040,P0278,Inner Mongolia,ammonia,0.0,0.0,0.0,0.0,0.0,True
2040,P0279,Guangxi,unabated,0.0,0.0,0.0,0.0,0.0,True
2040,P0279,Guangxi,retire,0.0,0.0,0.0,0.0,0.0,True
2040,P0279,Guangxi,ccs,0.0,0.0,0.0,0.0,0.0,True
2040,P0279,Guangxi,biomass,0.0,0.0,0.0,0.0,0.0,True
2040,P0279,Guangxi,beccs,1.0,5743920.0,4.7100143999999995,8.949027359999999,4.874864903999999,True
2040,P0279,Guangxi,ammonia,0.0,0.0,0.0,0.0,0.0,True
2040,P0280,Anhui,unabated,0.0,0.0,0.0,0.0,0.0,True
2040,P0280,Anhui,retire,0.0,0.0,0.0,0.0,0.0,True
2040,P0280,Anhui,ccs,0.0,0.0,0.0,0.0,0.0,True
2040,P0280,Anhui,biomass,1.0,6708372.000000001,5.50086504,5.50086504,0.0,True
2040,P0280,Anhui,beccs,0.0,0.0,0.0,0.0,0.0,True
2040,P0280,Anhui,ammonia,0.0,0.0,0.0,0.0,0.0,True
2040,P0281,Xinjiang,unabated,0.151132074822139,1612280.6013723742,1.3220700931253468,0.0,0.0,True
2040,P0281,Xinjiang,retire,0.0,0.0,0.0,0.0,0.0,True
2040,P0281,Xinjiang,ccs,0.8488679251778615,9055743.39862763,7.425709586874655,6.68313862818719,7.685609422415267,True
2040,P0281,Xinjiang,biomass,0.0,0.0,0.0,0.0,0.0,True
2040,P0281,Xinjiang,beccs,0.0,0.0,0.0,0.0,0.0,True
2040,P0281,Xinjiang,ammonia,0.0,0.0,0.0,0.0,0.0,True
2040,P0282,Shandong,unabated,0.0,0.0,0.0,0.0,0.0,True
2040,P0282,Shandong,retire,0.0,0.0,0.0,0.0,0.0,True
2040,P0282,Shandong,ccs,0.0,0.0,0.0,0.0,0.0,True
2040,P0282,Shandong,biomass,1.0,3532491.0000000005,2.89664262,2.89664262,0.0,True
2040,P0282,Shandong,beccs,0.0,0.0,0.0,0.0,0.0,True
2040,P0282,Shandong,ammonia,0.0,0.0,0.0,0.0,0.0,True
2040,P0283,Hubei,unabated,0.0,0.0,0.0,0.0,0.0,True
2040,P0283,Hubei,retire,0.0,0.0,0.0,0.0,0.0,True
2040,P0283,Hubei,ccs,0.0,0.0,0.0,0.0,0.0,True
2040,P0283,Hubei,biomass,1.0,4949472.0,4.05856704,4.05856704,0.0,True
2040,P0283,Hubei,beccs,0.0,0.0,0.0,0.0,0.0,True
2040,P0283,Hubei,ammonia,0.0,0.0,0.0,0.0,0.0,True
2040,P0284,Shandong,unabated,1.0,38377680.00000001,31.469697600000003,0.0,0.0,True
2040,P0284,Shandong,retire,0.0,0.0,0.0,0.0,0.0,True
2040,P0284,Shandong,ccs,0.0,0.0,0.0,0.0,0.0,True
2040,P0284,Shandong,biomass,0.0,0.0,0.0,0.0,0.0,True
2040,P0284,Shandong,beccs,0.0,0.0,0.0,0.0,0.0,True
2040,P0284,Shandong,ammonia,0.0,0.0,0.0,0.0,0.0,True
2040,P0285,Yunnan,unabated,0.0,0.0,0.0,0.0,0.0,True
2040,P0285,Yunnan,retire,0.0,0.0,0.0,0.0,0.0,True
2040,P0285,Yunnan,ccs,0.0,0.0,0.0,0.0,0.0,True
2040,P0285,Yunnan,biomass,1.0,5378639.999999999,4.410484799999999,4.410484799999999,0.0,True
2040,P0285,Yunnan,beccs,0.0,0.0,0.0,0.0,0.0,True
2040,P0285,Yunnan,ammonia,0.0,0.0,0.0,0.0,0.0,True
2040,P0286,Jiangxi,unabated,0.0,0.0,0.0,0.0,0.0,True
2040,P0286,Jiangxi,retire,0.0,0.0,0.0,0.0,0.0,True
2040,P0286,Jiangxi,ccs,0.0,0.0,0.0,0.0,0.0,True
2040,P0286,Jiangxi,biomass,1.0,7149600.0,5.862672,5.862672,0.0,True
2040,P0286,Jiangxi,beccs,0.0,0.0,0.0,0.0,0.0,True
2040,P0286,Jiangxi,ammonia,0.0,0.0,0.0,0.0,0.0,True
2040,P0287,Gansu,unabated,1.0,5530272.0,4.53482304,0.0,0.0,True
2040,P0287,Gansu,retire,0.0,0.0,0.0,0.0,0.0,True
2040,P0287,Gansu,ccs,0.0,0.0,0.0,0.0,0.0,True
2040,P0287,Gansu,biomass,0.0,0.0,0.0,0.0,0.0,True
2040,P0287,Gansu,beccs,0.0,0.0,0.0,0.0,0.0,True
2040,P0287,Gansu,ammonia,0.0,0.0,0.0,0.0,0.0,True
2040,P0288,Inner Mongolia,unabated,1.0,6641580.0,5.4460956,0.0,0.0,True
2040,P0288,Inner Mongolia,retire,0.0,0.0,0.0,0.0,0.0,True
2040,P0288,Inner Mongolia,ccs,0.0,0.0,0.0,0.0,0.0,True
2040,P0288,Inner Mongolia,biomass,0.0,0.0,0.0,0.0,0.0,True
2040,P0288,Inner Mongolia,beccs,0.0,0.0,0.0,0.0,0.0,True
2040,P0288,Inner Mongolia,ammonia,0.0,0.0,0.0,0.0,0.0,True
2040,P0289,Inner Mongolia,unabated,0.0,0.0,0.0,0.0,0.0,True
2040,P0289,Inner Mongolia,retire,0.0,0.0,0.0,0.0,0.0,True
2040,P0289,Inner Mongolia,ccs,0.0,0.0,0.0,0.0,0.0,True
2040,P0289,Inner Mongolia,biomass,0.0,0.0,0.0,0.0,0.0,True
2040,P0289,Inner Mongolia,beccs,1.0,2566065.0,2.1041733,3.9979292699999993,2.1778193655,True
2040,P0289,Inner Mongolia,ammonia,0.0,0.0,0.0,0.0,0.0,True
2040,P0290,Guizhou,unabated,0.22258403152061274,1965329.3002185912,1.611570026179245,0.0,0.0,True
2040,P0290,Guizhou,retire,0.0,0.0,0.0,0.0,0.0,True
2040,P0290,Guizhou,ccs,0.0,0.0,0.0,0.0,0.0,True
2040,P0290,Guizhou,biomass,0.777415968479396,6864276.699781486,5.6287068938208185,5.6287068938208185,0.0,True
2040,P0290,Guizhou,beccs,0.0,0.0,0.0,0.0,0.0,True
2040,P0290,Guizhou,ammonia,0.0,0.0,0.0,0.0,0.0,True
2040,P0291,Shanxi,unabated,0.0,0.0,0.0,0.0,0.0,True
2040,P0291,Shanxi,retire,0.0,0.0,0.0,0.0,0.0,True
2040,P0291,Shanxi,ccs,0.0,0.0,0.0,0.0,0.0,True
2040,P0291,Shanxi,biomass,0.0,0.0,0.0,0.0,0.0,True
2040,P0291,Shanxi,beccs,1.0,4490615.0,3.6823042999999998,6.996378169999999,3.8111849504999995,True
2040,P0291,Shanxi,ammonia,0.0,0.0,0.0,0.0,0.0,True
2040,P0292,Chongqing,unabated,0.0,0.0,0.0,0.0,0.0,True
2040,P0292,Chongqing,retire,0.0,0.0,0.0,0.0,0.0,True
2040,P0292,Chongqing,ccs,0.0,0.0,0.0,0.0,0.0,True
2040,P0292,Chongqing,biomass,1.0,2876520.0,2.3587464,2.3587464,0.0,True
2040,P0292,Chongqing,beccs,0.0,0.0,0.0,0.0,0.0,True
2040,P0292,Chongqing,ammonia,0.0,0.0,0.0,0.0,0.0,True
2040,P0293,Chongqing,unabated,0.0,0.0,0.0,0.0,0.0,True
2040,P0293,Chongqing,retire,0.0,0.0,0.0,0.0,0.0,True
2040,P0293,Chongqing,ccs,0.0,0.0,0.0,0.0,0.0,True
2040,P0293,Chongqing,biomass,0.0,0.0,0.0,0.0,0.0,True
2040,P0293,Chongqing,beccs,1.0,958840.0,0.7862488,1.49387272,0.8137675079999999,True
2040,P0293,Chongqing,ammonia,0.0,0.0,0.0,0.0,0.0,True
2040,P0294,Jiangxi,unabated,0.0,0.0,0.0,0.0,0.0,True
2040,P0294,Jiangxi,retire,0.0,0.0,0.0,0.0,0.0,True
2040,P0294,Jiangxi,ccs,0.0,0.0,0.0,0.0,0.0,True
2040,P0294,Jiangxi,biomass,1.0,6291647.999999999,5.159151359999998,5.159151359999998,0.0,True
2040,P0294,Jiangxi,beccs,0.0,0.0,0.0,0.0,0.0,True
2040,P0294,Jiangxi,ammonia,0.0,0.0,0.0,0.0,0.0,True
2040,P0295,Guangdong,unabated,0.0,0.0,0.0,0.0,0.0,True
2040,P0295,Guangdong,retire,0.0,0.0,0.0,0.0,0.0,True
2040,P0295,Guangdong,ccs,0.0,0.0,0.0,0.0,0.0,True
2040,P0295,Guangdong,biomass,0.0,0.0,0.0,0.0,0.0,True
2040,P0295,Guangdong,beccs,1.0,14857477.5,12.183131549999999,23.147949944999997,12.609541154249998,True
2040,P0295,Guangdong,ammonia,0.0,0.0,0.0,0.0,0.0,True
2040,P0296,Henan,unabated,0.0,0.0,0.0,0.0,0.0,True
2040,P0296,Henan,retire,0.0,0.0,0.0,0.0,0.0,True
2040,P0296,Henan,ccs,0.0,0.0,0.0,0.0,0.0,True
2040,P0296,Henan,biomass,1.0,14182424.0,11.62958768,11.62958768,0.0,True
2040,P0296,Henan,beccs,0.0,0.0,0.0,0.0,0.0,True
2040,P0296,Henan,ammonia,0.0,0.0,0.0,0.0,0.0,True
2040,P0297,Jiangxi,unabated,0.0,0.0,0.0,0.0,0.0,True
2040,P0297,Jiangxi,retire,0.0,0.0,0.0,0.0,0.0,True
2040,P0297,Jiangxi,ccs,0.0,0.0,0.0,0.0,0.0,True
2040,P0297,Jiangxi,biomass,0.11129285204766703,1060932.5000000002,0.8699646500000001,0.8699646500000001,0.0,True
2040,P0297,Jiangxi,beccs,0.888707147952333,8471867.5,6.946931349999999,13.199169564999998,7.190073947249999,True
2040,P0297,Jiangxi,ammonia,0.0,0.0,0.0,0.0,0.0,True
2040,P0298,Xinjiang,unabated,1.0,5281200.0,4.330584,0.0,0.0,True
2040,P0298,Xinjiang,retire,0.0,0.0,0.0,0.0,0.0,True
2040,P0298,Xinjiang,ccs,0.0,0.0,0.0,0.0,0.0,True
2040,P0298,Xinjiang,biomass,0.0,0.0,0.0,0.0,0.0,True
2040,P0298,Xinjiang,beccs,0.0,0.0,0.0,0.0,0.0,True
2040,P0298,Xinjiang,ammonia,0.0,0.0,0.0,0.0,0.0,True
2040,P0299,Liaoning,unabated,0.0,0.0,0.0,0.0,0.0,True
2040,P0299,Liaoning,retire,0.0,0.0,0.0,0.0,0.0,True
2040,P0299,Liaoning,ccs,0.0,0.0,0.0,0.0,0.0,True
2040,P0299,Liaoning,biomass,1.0,1612363.9999999998,1.3221384799999998,1.3221384799999998,0.0,True
2040,P0299,Liaoning,beccs,0.0,0.0,0.0,0.0,0.0,True
2040,P0299,Liaoning,ammonia,0.0,0.0,0.0,0.0,0.0,True
2040,P0300,Guangxi,unabated,0.0,0.0,0.0,0.0,0.0,True
2040,P0300,Guangxi,retire,0.0,0.0,0.0,0.0,0.0,True
2040,P0300,Guangxi,ccs,0.0,0.0,0.0,0.0,0.0,True
2040,P0300,Guangxi,biomass,0.5642474353652637,3565091.34183757,2.9233749003068072,2.9233749003068072,0.0,True
2040,P0300,Guangxi,beccs,0.43575256463473655,2753220.658162432,2.257640939693194,4.289517785417068,2.3366583725824555,True
2040,P0300,Guangxi,ammonia,0.0,0.0,0.0,0.0,0.0,True
2040,P0301,Jiangsu,unabated,0.0,0.0,0.0,0.0,0.0,True
2040,P0301,Jiangsu,retire,0.0,0.0,0.0,0.0,0.0,True
2040,P0301,Jiangsu,ccs,0.0,0.0,0.0,0.0,0.0,True
2040,P0301,Jiangsu,biomass,1.0,320992.0,0.26321344,0.26321344,0.0,True
2040,P0301,Jiangsu,beccs,0.0,0.0,0.0,0.0,0.0,True
2040,P0301,Jiangsu,ammonia,0.0,0.0,0.0,0.0,0.0,True
2040,P0302,Xinjiang,unabated,1.0,3696839.9999999995,3.0314087999999995,0.0,0.0,True
2040,P0302,Xinjiang,retire,0.0,0.0,0.0,0.0,0.0,True
2040,P0302,Xinjiang,ccs,0.0,0.0,0.0,0.0,0.0,True
2040,P0302,Xinjiang,biomass,0.0,0.0,0.0,0.0,0.0,True
2040,P0302,Xinjiang,beccs,0.0,0.0,0.0,0.0,0.0,True
2040,P0302,Xinjiang,ammonia,0.0,0.0,0.0,0.0,0.0,True
2040,P0303,Henan,unabated,0.0,0.0,0.0,0.0,0.0,True
2040,P0303,Henan,retire,0.0,0.0,0.0,0.0,0.0,True
2040,P0303,Henan,ccs,0.0,0.0,0.0,0.0,0.0,True
2040,P0303,Henan,biomass,1.0,4679480.0,3.8371735999999994,3.8371735999999994,0.0,True
2040,P0303,Henan,beccs,0.0,0.0,0.0,0.0,0.0,True
2040,P0303,Henan,ammonia,0.0,0.0,0.0,0.0,0.0,True
2040,P0304,Inner Mongolia,unabated,0.0,0.0,0.0,0.0,0.0,True
2040,P0304,Inner Mongolia,retire,0.0,0.0,0.0,0.0,0.0,True
2040,P0304,Inner Mongolia,ccs,1.0,503150.0,0.412583,0.3713247,0.42702340499999997,True
2040,P0304,Inner Mongolia,biomass,0.0,0.0,0.0,0.0,0.0,True
2040,P0304,Inner Mongolia,beccs,0.0,0.0,0.0,0.0,0.0,True
2040,P0304,Inner Mongolia,ammonia,0.0,0.0,0.0,0.0,0.0,True
2040,P0305,Inner Mongolia,unabated,1.0,1509449.9999999998,1.2377489999999998,0.0,0.0,True
2040,P0305,Inner Mongolia,retire,0.0,0.0,0.0,0.0,0.0,True
2040,P0305,Inner Mongolia,ccs,0.0,0.0,0.0,0.0,0.0,True
2040,P0305,Inner Mongolia,biomass,0.0,0.0,0.0,0.0,0.0,True
2040,P0305,Inner Mongolia,beccs,0.0,0.0,0.0,0.0,0.0,True
2040,P0305,Inner Mongolia,ammonia,0.0,0.0,0.0,0.0,0.0,True
2040,P0306,Inner Mongolia,unabated,1.0,3320790.0,2.7230478,0.0,0.0,True
2040,P0306,Inner Mongolia,retire,0.0,0.0,0.0,0.0,0.0,True
2040,P0306,Inner Mongolia,ccs,0.0,0.0,0.0,0.0,0.0,True
2040,P0306,Inner Mongolia,biomass,0.0,0.0,0.0,0.0,0.0,True
2040,P0306,Inner Mongolia,beccs,0.0,0.0,0.0,0.0,0.0,True
2040,P0306,Inner Mongolia,ammonia,0.0,0.0,0.0,0.0,0.0,True
2040,P0307,Hunan,unabated,0.0,0.0,0.0,0.0,0.0,True
2040,P0307,Hunan,retire,0.0,0.0,0.0,0.0,0.0,True
2040,P0307,Hunan,ccs,0.0,0.0,0.0,0.0,0.0,True
2040,P0307,Hunan,biomass,1.0,15627600.0,12.814632,12.814632,0.0,True
2040,P0307,Hunan,beccs,0.0,0.0,0.0,0.0,0.0,True
2040,P0307,Hunan,ammonia,0.0,0.0,0.0,0.0,0.0,True
2040,P0308,Qinghai,unabated,0.0,0.0,0.0,0.0,0.0,True
2040,P0308,Qinghai,retire,0.0,0.0,0.0,0.0,0.0,True
2040,P0308,Qinghai,ccs,0.0,0.0,0.0,0.0,0.0,True
2040,P0308,Qinghai,biomass,0.0,0.0,0.0,0.0,0.0,True
2040,P0308,Qinghai,beccs,1.0,1106190.0,0.9070757999999999,1.7234440199999996,0.9388234529999999,True
2040,P0308,Qinghai,ammonia,0.0,0.0,0.0,0.0,0.0,True
2040,P0309,Inner Mongolia,unabated,0.0,0.0,0.0,0.0,0.0,True
2040,P0309,Inner Mongolia,retire,0.0,0.0,0.0,0.0,0.0,True
2040,P0309,Inner Mongolia,ccs,0.05011308337752164,504287.95802800026,0.4135161255829602,0.3721645130246642,0.4279891899783637,True
2040,P0309,Inner Mongolia,biomass,0.0,0.0,0.0,0.0,0.0,True
2040,P0309,Inner Mongolia,beccs,0.9498869166224786,9558712.041972002,7.8381438744170415,14.892473361392376,8.112478910021636,True
2040,P0309,Inner Mongolia,ammonia,0.0,0.0,0.0,0.0,0.0,True
2040,P0310,Shaanxi,unabated,0.0,0.0,0.0,0.0,0.0,True
2040,P0310,Shaanxi,retire,0.0,0.0,0.0,0.0,0.0,True
2040,P0310,Shaanxi,ccs,0.0,0.0,0.0,0.0,0.0,True
2040,P0310,Shaanxi,biomass,1.0,11980320.0,9.823862399999998,9.823862399999998,0.0,True
2040,P0310,Shaanxi,beccs,0.0,0.0,0.0,0.0,0.0,True
2040,P0310,Shaanxi,ammonia,0.0,0.0,0.0,0.0,0.0,True
2040,P0311,Hunan,unabated,0.0,0.0,0.0,0.0,0.0,True
2040,P0311,Hunan,retire,0.0,0.0,0.0,0.0,0.0,True
2040,P0311,Hunan,ccs,0.0,0.0,0.0,0.0,0.0,True
2040,P0311,Hunan,biomass,1.0,5157108.0,4.228828559999999,4.228828559999999,0.0,True
2040,P0311,Hunan,beccs,0.0,0.0,0.0,0.0,0.0,True
2040,P0311,Hunan,ammonia,0.0,0.0,0.0,0.0,0.0,True
2040,P0312,Shanxi,unabated,0.0,0.0,0.0,0.0,0.0,True
2040,P0312,Shanxi,retire,0.0,0.0,0.0,0.0,0.0,True
2040,P0312,Shanxi,ccs,0.0,0.0,0.0,0.0,0.0,True
2040,P0312,Shanxi,biomass,0.0,0.0,0.0,0.0,0.0,True
2040,P0312,Shanxi,beccs,1.0,2777700.0,2.277714,4.3276566,2.35743399,True
2040,P0312,Shanxi,ammonia,0.0,0.0,0.0,0.0,0.0,True
2040,P0313,Xinjiang,unabated,0.0,0.0,0.0,0.0,0.0,True
2040,P0313,Xinjiang,retire,0.0,0.0,0.0,0.0,0.0,True
2040,P0313,Xinjiang,ccs,1.0,4224959.999999999,3.464467199999999,3.1180204799999993,3.585723551999999,True
2040,P0313,Xinjiang,biomass,0.0,0.0,0.0,0.0,0.0,True
2040,P0313,Xinjiang,beccs,0.0,0.0,0.0,0.0,0.0,True
2040,P0313,Xinjiang,ammonia,0.0,0.0,0.0,0.0,0.0,True
2040,P0314,Inner Mongolia,unabated,1.0,6037799.999999999,4.950995999999999,0.0,0.0,True
2040,P0314,Inner Mongolia,retire,0.0,0.0,0.0,0.0,0.0,True
2040,P0314,Inner Mongolia,ccs,0.0,0.0,0.0,0.0,0.0,True
2040,P0314,Inner Mongolia,biomass,0.0,0.0,0.0,0.0,0.0,True
2040,P0314,Inner Mongolia,beccs,0.0,0.0,0.0,0.0,0.0,True
2040,P0314,Inner Mongolia,ammonia,0.0,0.0,0.0,0.0,0.0,True
2040,P0315,Jiangxi,unabated,1.0,22974048.0,18.83871936,0.0,0.0,True
2040,P0315,Jiangxi,retire,0.0,0.0,0.0,0.0,0.0,True
2040,P0315,Jiangxi,ccs,0.0,0.0,0.0,0.0,0.0,True
2040,P0315,Jiangxi,biomass,0.0,0.0,0.0,0.0,0.0,True
2040,P0315,Jiangxi,beccs,0.0,0.0,0.0,0.0,0.0,True
2040,P0315,Jiangxi,ammonia,0.0,0.0,0.0,0.0,0.0,True
2040,P0316,Chongqing,unabated,0.0,0.0,0.0,0.0,0.0,True
2040,P0316,Chongqing,retire,0.0,0.0,0.0,0.0,0.0,True
2040,P0316,Chongqing,ccs,0.0,0.0,0.0,0.0,0.0,True
2040,P0316,Chongqing,biomass,1.0,5753040.0,4.7174928,4.7174928,0.0,True
2040,P0316,Chongqing,beccs,0.0,0.0,0.0,0.0,0.0,True
2040,P0316,Chongqing,ammonia,0.0,0.0,0.0,0.0,0.0,True
2040,P0317,Jiangsu,unabated,0.0,0.0,0.0,0.0,0.0,True
2040,P0317,Jiangsu,retire,0.0,0.0,0.0,0.0,0.0,True
2040,P0317,Jiangsu,ccs,0.0,0.0,0.0,0.0,0.0,True
2040,P0317,Jiangsu,biomass,0.0,0.0,0.0,0.0,0.0,True
2040,P0317,Jiangsu,beccs,1.0,6871235.0,5.6344126999999995,10.705384129999999,5.831617144499999,True
2040,P0317,Jiangsu,ammonia,0.0,0.0,0.0,0.0,0.0,True
2040,P0318,Jilin,unabated,0.0,0.0,0.0,0.0,0.0,True
2040,P0318,Jilin,retire,0.0,0.0,0.0,0.0,0.0,True
2040,P0318,Jilin,ccs,0.0,0.0,0.0,0.0,0.0,True
2040,P0318,Jilin,biomass,1.0,1991770.0000000002,1.6332514000000002,1.6332514000000002,0.0,True
2040,P0318,Jilin,beccs,0.0,0.0,0.0,0.0,0.0,True
2040,P0318,Jilin,ammonia,0.0,0.0,0.0,0.0,0.0,True
2040,P0319,Inner Mongolia,unabated,1.0,3522049.9999999995,2.8880809999999997,0.0,0.0,True
2040,P0319,Inner Mongolia,retire,0.0,0.0,0.0,0.0,0.0,True
2040,P0319,Inner Mongolia,ccs,0.0,0.0,0.0,0.0,0.0,True
2040,P0319,Inner Mongolia,biomass,0.0,0.0,0.0,0.0,0.0,True
2040,P0319,Inner Mongolia,beccs,0.0,0.0,0.0,0.0,0.0,True
2040,P0319,Inner Mongolia,ammonia,0.0,0.0,0.0,0.0,0.0,True
2040,P0320,Guizhou,unabated,0.0,0.0,0.0,0.0,0.0,True
2040,P0320,Guizhou,retire,0.0,0.0,0.0,0.0,0.0,True
2040,P0320,Guizhou,ccs,0.0,0.0,0.0,0.0,0.0,True
2040,P0320,Guizhou,biomass,1.0,1424130.0,1.1677866,1.1677866,0.0,True
2040,P0320,Guizhou,beccs,0.0,0.0,0.0,0.0,0.0,True
2040,P0320,Guizhou,ammonia,0.0,0.0,0.0,0.0,0.0,True
2040,P0321,Jilin,unabated,0.0,0.0,0.0,0.0,0.0,True
2040,P0321,Jilin,retire,0.0,0.0,0.0,0.0,0.0,True
2040,P0321,Jilin,ccs,0.0,0.0,0.0,0.0,0.0,True
2040,P0321,Jilin,biomass,1.0,2390124.0000000005,1.9599016800000002,1.9599016800000002,0.0,True
2040,P0321,Jilin,beccs,0.0,0.0,0.0,0.0,0.0,True
2040,P0321,Jilin,ammonia,0.0,0.0,0.0,0.0,0.0,True
2040,P0322,Xinjiang,unabated,1.0,3696839.9999999995,3.0314087999999995,0.0,0.0,True
2040,P0322,Xinjiang,retire,0.0,0.0,0.0,0.0,0.0,True
2040,P0322,Xinjiang,ccs,0.0,0.0,0.0,0.0,0.0,True
2040,P0322,Xinjiang,biomass,0.0,0.0,0.0,0.0,0.0,True
2040,P0322,Xinjiang,beccs,0.0,0.0,0.0,0.0,0.0,True
2040,P0322,Xinjiang,ammonia,0.0,0.0,0.0,0.0,0.0,True
2040,P0323,Henan,unabated,0.0,0.0,0.0,0.0,0.0,True
2040,P0323,Henan,retire,0.0,0.0,0.0,0.0,0.0,True
2040,P0323,Henan,ccs,0.0,0.0,0.0,0.0,0.0,True
2040,P0323,Henan,biomass,1.0,14398400.0,11.806688,11.806688,0.0,True
2040,P0323,Henan,beccs,0.0,0.0,0.0,0.0,0.0,True
2040,P0323,Henan,ammonia,0.0,0.0,0.0,0.0,0.0,True
2040,P0324,Shaanxi,unabated,0.0,0.0,0.0,0.0,0.0,True
2040,P0324,Shaanxi,retire,0.0,0.0,0.0,0.0,0.0,True
2040,P0324,Shaanxi,ccs,0.0,0.0,0.0,0.0,0.0,True
2040,P0324,Shaanxi,biomass,0.0,0.0,0.0,0.0,0.0,True
2040,P0324,Shaanxi,beccs,1.0,14430840.0,11.833288799999998,22.483248719999995,12.247453907999997,True
2040,P0324,Shaanxi,ammonia,0.0,0.0,0.0,0.0,0.0,True
2040,P0325,Zhejiang,unabated,0.0,0.0,0.0,0.0,0.0,True
2040,P0325,Zhejiang,retire,0.0,0.0,0.0,0.0,0.0,True
2040,P0325,Zhejiang,ccs,0.0,0.0,0.0,0.0,0.0,True
2040,P0325,Zhejiang,biomass,0.0,0.0,0.0,0.0,0.0,True
2040,P0325,Zhejiang,beccs,1.0,5529764.7,4.534407054,8.6153734026,4.693111300889999,True
2040,P0325,Zhejiang,ammonia,0.0,0.0,0.0,0.0,0.0,True
2040,P0326,Zhejiang,unabated,1.0,37944481.5,31.11447483,0.0,0.0,True
2040,P0326,Zhejiang,retire,0.0,0.0,0.0,0.0,0.0,True
2040,P0326,Zhejiang,ccs,0.0,0.0,0.0,0.0,0.0,True
2040,P0326,Zhejiang,biomass,0.0,0.0,0.0,0.0,0.0,True
2040,P0326,Zhejiang,beccs,0.0,0.0,0.0,0.0,0.0,True
2040,P0326,Zhejiang,ammonia,0.0,0.0,0.0,0.0,0.0,True
2040,P0327,Chongqing,unabated,0.0,0.0,0.0,0.0,0.0,True
2040,P0327,Chongqing,retire,0.0,0.0,0.0,0.0,0.0,True
2040,P0327,Chongqing,ccs,0.0,0.0,0.0,0.0,0.0,True
2040,P0327,Chongqing,biomass,1.0,13711412.0,11.24335784,11.24335784,0.0,True
2040,P0327,Chongqing,beccs,0.0,0.0,0.0,0.0,0.0,True
2040,P0327,Chongqing,ammonia,0.0,0.0,0.0,0.0,0.0,True
2040,P0328,Inner Mongolia,unabated,0.0,0.0,0.0,0.0,0.0,True
2040,P0328,Inner Mongolia,retire,0.0,0.0,0.0,0.0,0.0,True
2040,P0328,Inner Mongolia,ccs,0.03718124854198746,443373.5613324535,0.3635663202926118,0.3272096882633507,0.37629114150285325,True
2040,P0328,Inner Mongolia,biomass,0.0,0.0,0.0,0.0,0.0,True
2040,P0328,Inner Mongolia,beccs,0.9628187514580128,11481281.438667549,9.41465077970739,17.88783648144404,9.744163556997147,True
2040,P0328,Inner Mongolia,ammonia,0.0,0.0,0.0,0.0,0.0,True
2040,P0329,Xinjiang,unabated,0.0,0.0,0.0,0.0,0.0,True
2040,P0329,Xinjiang,retire,0.0,0.0,0.0,0.0,0.0,True
2040,P0329,Xinjiang,ccs,0.0,0.0,0.0,0.0,0.0,True
2040,P0329,Xinjiang,biomass,1.0,528119.9999999999,0.4330583999999999,0.4330583999999999,0.0,True
2040,P0329,Xinjiang,beccs,0.0,0.0,0.0,0.0,0.0,True
2040,P0329,Xinjiang,ammonia,0.0,0.0,0.0,0.0,0.0,True
2040,P0330,Gansu,unabated,0.3519367787043131,8846845.96835754,7.254413694053184,0.0,0.0,True
2040,P0330,Gansu,retire,0.0,0.0,0.0,0.0,0.0,True
2040,P0330,Gansu,ccs,0.6480632212956874,16290754.03164247,13.358418305946827,12.022576475352146,13.825962946654965,True
2040,P0330,Gansu,biomass,0.0,0.0,0.0,0.0,0.0,True
2040,P0330,Gansu,beccs,0.0,0.0,0.0,0.0,0.0,True
2040,P0330,Gansu,ammonia,0.0,0.0,0.0,0.0,0.0,True
2040,P0331,Guangdong,unabated,1.0,25414742.0,20.84008844,0.0,0.0,True
2040,P0331,Guangdong,retire,0.0,0.0,0.0,0.0,0.0,True
2040,P0331,Guangdong,ccs,0.0,0.0,0.0,0.0,0.0,True
2040,P0331,Guangdong,biomass,0.0,0.0,0.0,0.0,0.0,True
2040,P0331,Guangdong,beccs,0.0,0.0,0.0,0.0,0.0,True
2040,P0331,Guangdong,ammonia,0.0,0.0,0.0,0.0,0.0,True
2040,P0332,Hebei,unabated,0.0,0.0,0.0,0.0,0.0,True
2040,P0332,Hebei,retire,0.0,0.0,0.0,0.0,0.0,True
2040,P0332,Hebei,ccs,0.0,0.0,0.0,0.0,0.0,True
2040,P0332,Hebei,biomass,0.0,0.0,0.0,0.0,0.0,True
2040,P0332,Hebei,beccs,1.0,17107584.0,14.028218879999999,26.653615871999996,14.519206540799999,True
2040,P0332,Hebei,ammonia,0.0,0.0,0.0,0.0,0.0,True
2040,P0333,Guangdong,unabated,0.0,0.0,0.0,0.0,0.0,True
2040,P0333,Guangdong,retire,0.0,0.0,0.0,0.0,0.0,True
2040,P0333,Guangdong,ccs,0.0,0.0,0.0,0.0,0.0,True
2040,P0333,Guangdong,biomass,0.0,0.0,0.0,0.0,0.0,True
2040,P0333,Guangdong,beccs,1.0,15675001.14,12.8535009348,24.421651776119997,13.303373467517998,True
2040,P0333,Guangdong,ammonia,0.0,0.0,0.0,0.0,0.0,True
2040,P0334,Hebei,unabated,0.0,0.0,0.0,0.0,0.0,True
2040,P0334,Hebei,retire,0.0,0.0,0.0,0.0,0.0,True
2040,P0334,Hebei,ccs,0.0,0.0,0.0,0.0,0.0,True
2040,P0334,Hebei,biomass,1.0,3118570.0,2.5572274,2.5572274,0.0,True
2040,P0334,Hebei,beccs,0.0,0.0,0.0,0.0,0.0,True
2040,P0334,Hebei,ammonia,0.0,0.0,0.0,0.0,0.0,True
2040,P0335,Hubei,unabated,0.0,0.0,0.0,0.0,0.0,True
2040,P0335,Hubei,retire,0.0,0.0,0.0,0.0,0.0,True
2040,P0335,Hubei,ccs,0.0,0.0,0.0,0.0,0.0,True
2040,P0335,Hubei,biomass,1.0,17248159.999999996,14.143491199999996,14.143491199999996,0.0,True
2040,P0335,Hubei,beccs,0.0,0.0,0.0,0.0,0.0,True
2040,P0335,Hubei,ammonia,0.0,0.0,0.0,0.0,0.0,True
2040,P0336,Inner Mongolia,unabated,0.0,0.0,0.0,0.0,0.0,True
2040,P0336,Inner Mongolia,retire,0.0,0.0,0.0,0.0,0.0,True
2040,P0336,Inner Mongolia,ccs,1.0,10063000.0,8.25166,7.426494,8.540468099999998,True
2040,P0336,Inner Mongolia,biomass,0.0,0.0,0.0,0.0,0.0,True
2040,P0336,Inner Mongolia,beccs,0.0,0.0,0.0,0.0,0.0,True
2040,P0336,Inner Mongolia,ammonia,0.0,0.0,0.0,0.0,0.0,True
2040,P0337,Guizhou,unabated,0.0,0.0,0.0,0.0,0.0,True
2040,P0337,Guizhou,retire,0.0,0.0,0.0,0.0,0.0,True
2040,P0337,Guizhou,ccs,0.0,0.0,0.0,0.0,0.0,True
2040,P0337,Guizhou,biomass,1.0,3322970.0,2.7248354,2.7248354,0.0,True
2040,P0337,Guizhou,beccs,0.0,0.0,0.0,0.0,0.0,True
2040,P0337,Guizhou,ammonia,0.0,0.0,0.0,0.0,0.0,True
2040,P0338,Guangxi,unabated,0.0,0.0,0.0,0.0,0.0,True
2040,P0338,Guangxi,retire,0.0,0.0,0.0,0.0,0.0,True
2040,P0338,Guangxi,ccs,0.0,0.0,0.0,0.0,0.0,True
2040,P0338,Guangxi,biomass,1.0,2871960.0,2.3550071999999997,2.3550071999999997,0.0,True
2040,P0338,Guangxi,beccs,0.0,0.0,0.0,0.0,0.0,True
2040,P0338,Guangxi,ammonia,0.0,0.0,0.0,0.0,0.0,True
2040,P0339,Hainan,unabated,0.0,0.0,0.0,0.0,0.0,True
2040,P0339,Hainan,retire,0.0,0.0,0.0,0.0,0.0,True
2040,P0339,Hainan,ccs,0.0,0.0,0.0,0.0,0.0,True
2040,P0339,Hainan,biomass,0.0,0.0,0.0,0.0,0.0,True
2040,P0339,Hainan,beccs,1.0,3320394.0,2.7227230799999997,5.173173852,2.8180183877999996,True
2040,P0339,Hainan,ammonia,0.0,0.0,0.0,0.0,0.0,True
2040,P0340,Inner Mongolia,unabated,0.025723289726577565,484055.9786496886,0.3969259024927446,0.0,0.0,True
2040,P0340,Inner Mongolia,retire,0.0,0.0,0.0,0.0,0.0,True
2040,P0340,Inner Mongolia,ccs,0.12394090661679288,2332296.4319425514,1.912483074192892,1.7212347667736028,1.9794199817896434,True
2040,P0340,Inner Mongolia,biomass,0.0,0.0,0.0,0.0,0.0,True
2040,P0340,Inner Mongolia,beccs,0.8503358036566299,16001457.589407766,13.121195223314368,24.9302709242973,13.580437056130371,True
2040,P0340,Inner Mongolia,ammonia,0.0,0.0,0.0,0.0,0.0,True
2040,P0341,Hebei,unabated,0.0,0.0,0.0,0.0,0.0,True
2040,P0341,Hebei,retire,0.0,0.0,0.0,0.0,0.0,True
2040,P0341,Hebei,ccs,0.0,0.0,0.0,0.0,0.0,True
2040,P0341,Hebei,biomass,1.0,445510.0,0.3653181999999999,0.3653181999999999,0.0,True
2040,P0341,Hebei,beccs,0.0,0.0,0.0,0.0,0.0,True
2040,P0341,Hebei,ammonia,0.0,0.0,0.0,0.0,0.0,True
2040,P0342,Zhejiang,unabated,0.19062667728949512,5550224.954170853,4.551184462420099,0.0,0.0,True
2040,P0342,Zhejiang,retire,0.0,0.0,0.0,0.0,0.0,True
2040,P0342,Zhejiang,ccs,0.09939103347249602,2893837.3266724157,2.372946607871381,2.1356519470842428,2.4559997391474693,True
2040,P0342,Zhejiang,biomass,0.0,0.0,0.0,0.0,0.0,True
2040,P0342,Zhejiang,beccs,0.7099822892380089,20671615.71915673,16.950724889708518,32.206377290446184,17.54400026085253,True
2040,P0342,Zhejiang,ammonia,0.0,0.0,0.0,0.0,0.0,True
2040,P0343,Hunan,unabated,0.0,0.0,0.0,0.0,0.0,True
2040,P0343,Hunan,retire,0.0,0.0,0.0,0.0,0.0,True
2040,P0343,Hunan,ccs,0.0,0.0,0.0,0.0,0.0,True
2040,P0343,Hunan,biomass,1.0,15315048.0,12.55833936,12.55833936,0.0,True
2040,P0343,Hunan,beccs,0.0,0.0,0.0,0.0,0.0,True
2040,P0343,Hunan,ammonia,0.0,0.0,0.0,0.0,0.0,True
2040,P0344,Xinjiang,unabated,0.0,0.0,0.0,0.0,0.0,True
2040,P0344,Xinjiang,retire,0.0,0.0,0.0,0.0,0.0,True
2040,P0344,Xinjiang,ccs,1.0,20913551.999999996,17.14911264,15.434201375999999,17.749331582399996,True
2040,P0344,Xinjiang,biomass,0.0,0.0,0.0,0.0,0.0,True
2040,P0344,Xinjiang,beccs,0.0,0.0,0.0,0.0,0.0,True
2040,P0344,Xinjiang,ammonia,0.0,0.0,0.0,0.0,0.0,True
2040,P0345,Gansu,unabated,1.0,8379200.0,6.870944,0.0,0.0,True
2040,P0345,Gansu,retire,0.0,0.0,0.0,0.0,0.0,True
2040,P0345,Gansu,ccs,0.0,0.0,0.0,0.0,0.0,True
2040,P0345,Gansu,biomass,0.0,0.0,0.0,0.0,0.0,True
2040,P0345,Gansu,beccs,0.0,0.0,0.0,0.0,0.0,True
2040,P0345,Gansu,ammonia,0.0,0.0,0.0,0.0,0.0,True
2040,P0346,Inner Mongolia,unabated,0.6393818380112857,16921681.516436905,13.875778843478258,0.0,0.0,True
2040,P0346,Inner Mongolia,retire,0.0,0.0,0.0,0.0,0.0,True
2040,P0346,Inner Mongolia,ccs,0.3606181619887148,9544008.48356311,7.826086956521749,7.043478260869574,8.1,True
2040,P0346,Inner Mongolia,biomass,0.0,0.0,0.0,0.0,0.0,True
2040,P0346,Inner Mongolia,beccs,0.0,0.0,0.0,0.0,0.0,True
2040,P0346,Inner Mongolia,ammonia,0.0,0.0,0.0,0.0,0.0,True
2040,P0347,Ningxia,unabated,0.6042411146845601,2282752.8393089646,1.871857328233351,0.0,0.0,True
2040,P0347,Ningxia,retire,0.39575888531543746,1495131.1606910261,1.2260075517666413,1.2260075517666413,0.0,True
2040,P0347,Ningxia,ccs,0.0,0.0,0.0,0.0,0.0,True
2040,P0347,Ningxia,biomass,0.0,0.0,0.0,0.0,0.0,True
2040,P0347,Ningxia,beccs,0.0,0.0,0.0,0.0,0.0,True
2040,P0347,Ningxia,ammonia,0.0,0.0,0.0,0.0,0.0,True
2040,P0348,Jiangsu,unabated,0.0,0.0,0.0,0.0,0.0,True
2040,P0348,Jiangsu,retire,0.0,0.0,0.0,0.0,0.0,True
2040,P0348,Jiangsu,ccs,0.0,0.0,0.0,0.0,0.0,True
2040,P0348,Jiangsu,biomass,0.0,0.0,0.0,0.0,0.0,True
2040,P0348,Jiangsu,beccs,1.0,25729515.0,21.098202299999997,40.08658436999999,21.836639380499996,True
2040,P0348,Jiangsu,ammonia,0.0,0.0,0.0,0.0,0.0,True
2040,P0349,Guangdong,unabated,0.0,0.0,0.0,0.0,0.0,True
2040,P0349,Guangdong,retire,0.0,0.0,0.0,0.0,0.0,True
2040,P0349,Guangdong,ccs,0.0,0.0,0.0,0.0,0.0,True
2040,P0349,Guangdong,biomass,0.0,0.0,0.0,0.0,0.0,True
2040,P0349,Guangdong,beccs,1.0,6281210.0,5.150592199999999,9.786125179999997,4.975472065199999,True
2040,P0349,Guangdong,ammonia,0.0,0.0,0.0,0.0,0.0,True
2040,P0350,Guangxi,unabated,0.0,0.0,0.0,0.0,0.0,True
2040,P0350,Guangxi,retire,0.0,0.0,0.0,0.0,0.0,True
2040,P0350,Guangxi,ccs,0.0,0.0,0.0,0.0,0.0,True
2040,P0350,Guangxi,biomass,0.0,0.0,0.0,0.0,0.0,True
2040,P0350,Guangxi,beccs,1.0,622258.0,0.51025156,0.9694779640000001,0.5281103646,True
2040,P0350,Guangxi,ammonia,0.0,0.0,0.0,0.0,0.0,True
2050,P0001,Fujian,unabated,0.04296723850189755,2700371.1471833177,2.2143043406903202,0.0,0.0,True
2050,P0001,Fujian,retire,0.4852447036337245,30496276.761145856,25.0069469441396,25.0069469441396,0.0,True
2050,P0001,Fujian,ccs,0.0,0.0,0.0,0.0,0.0,True
2050,P0001,Fujian,biomass,0.0,0.0,0.0,0.0,0.0,True
2050,P0001,Fujian,beccs,0.47178805786437794,29650564.091670826,24.313462555170076,46.19557885482315,25.164433744601027,True
2050,P0001,Fujian,ammonia,0.0,0.0,0.0,0.0,0.0,True
2050,P0002,Shanxi,unabated,0.5896828283131146,38301011.25106816,31.406829225875885,0.0,0.0,True
2050,P0002,Shanxi,retire,0.4103171716868742,26650873.748931106,21.853716474123505,21.853716474123505,0.0,True
2050,P0002,Shanxi,ccs,0.0,0.0,0.0,0.0,0.0,True
2050,P0002,Shanxi,biomass,0.0,0.0,0.0,0.0,0.0,True
2050,P0002,Shanxi,beccs,0.0,0.0,0.0,0.0,0.0,True
2050,P0002,Shanxi,ammonia,0.0,0.0,0.0,0.0,0.0,True
2050,P0003,Chongqing,unabated,0.0,0.0,0.0,0.0,0.0,True
2050,P0003,Chongqing,retire,0.0,0.0,0.0,0.0,0.0,True
2050,P0003,Chongqing,ccs,0.0,0.0,0.0,0.0,0.0,True
2050,P0003,Chongqing,biomass,0.0,0.0,0.0,0.0,0.0,True
2050,P0003,Chongqing,beccs,1.0,32432763.0,26.59486566,50.530244753999995,25.69064022756,True
2050,P0003,Chongqing,ammonia,0.0,0.0,0.0,0.0,0.0,True
2050,P0004,Inner Mongolia,unabated,0.1856023020790442,2017133.2430871357,1.654049259331451,0.0,0.0,True
2050,P0004,Inner Mongolia,retire,0.0,0.0,0.0,0.0,0.0,True
2050,P0004,Inner Mongolia,ccs,0.3131258263530003,3403064.0058374614,2.790512484786718,2.511461236308046,2.888180421754253,True
2050,P0004,Inner Mongolia,biomass,0.0,0.0,0.0,0.0,0.0,True
2050,P0004,Inner Mongolia,beccs,0.5012718715679555,5447842.751075403,4.46723105588183,8.487739006175477,4.623584142837694,True
2050,P0004,Inner Mongolia,ammonia,0.0,0.0,0.0,0.0,0.0,True
2050,P0005,Sichuan,unabated,0.0,0.0,0.0,0.0,0.0,True
2050,P0005,Sichuan,retire,0.0,0.0,0.0,0.0,0.0,True
2050,P0005,Sichuan,ccs,0.0,0.0,0.0,0.0,0.0,True
2050,P0005,Sichuan,biomass,0.09392859146472998,1766932.6261948287,1.4488847534797595,1.4488847534797595,0.0,True
2050,P0005,Sichuan,beccs,0.9060714085352707,17044513.37380518,13.976500966520248,26.55535183638847,13.501299933658556,True
2050,P0005,Sichuan,ammonia,0.0,0.0,0.0,0.0,0.0,True
2050,P0006,Hebei,unabated,0.0,0.0,0.0,0.0,0.0,True
2050,P0006,Hebei,retire,1.0,22899214.0,18.77735548,18.77735548,0.0,True
2050,P0006,Hebei,ccs,0.0,0.0,0.0,0.0,0.0,True
2050,P0006,Hebei,biomass,0.0,0.0,0.0,0.0,0.0,True
2050,P0006,Hebei,beccs,0.0,0.0,0.0,0.0,0.0,True
2050,P0006,Hebei,ammonia,0.0,0.0,0.0,0.0,0.0,True
2050,P0007,Hebei,unabated,0.0,0.0,0.0,0.0,0.0,True
2050,P0007,Hebei,retire,1.0,38741549.6,31.768070671999997,31.768070671999997,0.0,True
2050,P0007,Hebei,ccs,0.0,0.0,0.0,0.0,0.0,True
2050,P0007,Hebei,biomass,0.0,0.0,0.0,0.0,0.0,True
2050,P0007,Hebei,beccs,0.0,0.0,0.0,0.0,0.0,True
2050,P0007,Hebei,ammonia,0.0,0.0,0.0,0.0,0.0,True
2050,P0008,Shandong,unabated,0.0,0.0,0.0,0.0,0.0,True
2050,P0008,Shandong,retire,0.07145359073594117,852582.0724720918,0.6991172994271152,0.6991172994271152,0.0,True
2050,P0008,Shandong,ccs,0.0,0.0,0.0,0.0,0.0,True
2050,P0008,Shandong,biomass,0.9285464092640588,11079387.52752791,9.085097772572885,9.085097772572885,0.0,True
2050,P0008,Shandong,beccs,0.0,0.0,0.0,0.0,0.0,True
2050,P0008,Shandong,ammonia,0.0,0.0,0.0,0.0,0.0,True
2050,P0009,Inner Mongolia,unabated,0.0,0.0,0.0,0.0,0.0,True
2050,P0009,Inner Mongolia,retire,1.0,107372210.0,88.0452122,88.0452122,0.0,True
2050,P0009,Inner Mongolia,ccs,0.0,0.0,0.0,0.0,0.0,True
2050,P0009,Inner Mongolia,biomass,0.0,0.0,0.0,0.0,0.0,True
2050,P0009,Inner Mongolia,beccs,0.0,0.0,0.0,0.0,0.0,True
2050,P0009,Inner Mongolia,ammonia,0.0,0.0,0.0,0.0,0.0,True
2050,P0010,Yunnan,unabated,0.0,0.0,0.0,0.0,0.0,True
2050,P0010,Yunnan,retire,0.0,0.0,0.0,0.0,0.0,True
2050,P0010,Yunnan,ccs,0.0,0.0,0.0,0.0,0.0,True
2050,P0010,Yunnan,biomass,1.0,16673783.999999998,13.672502879999998,13.672502879999998,0.0,True
2050,P0010,Yunnan,beccs,0.0,0.0,0.0,0.0,0.0,True
2050,P0010,Yunnan,ammonia,0.0,0.0,0.0,0.0,0.0,True
2050,P0011,Guangdong,unabated,0.0,0.0,0.0,0.0,0.0,True
2050,P0011,Guangdong,retire,1.0,41214401.0,33.79580882,33.79580882,0.0,True
2050,P0011,Guangdong,ccs,0.0,0.0,0.0,0.0,0.0,True
2050,P0011,Guangdong,biomass,0.0,0.0,0.0,0.0,0.0,True
2050,P0011,Guangdong,beccs,0.0,0.0,0.0,0.0,0.0,True
2050,P0011,Guangdong,ammonia,0.0,0.0,0.0,0.0,0.0,True
2050,P0012,Liaoning,unabated,0.0,0.0,0.0,0.0,0.0,True
2050,P0012,Liaoning,retire,0.0,0.0,0.0,0.0,0.0,True
2050,P0012,Liaoning,ccs,0.0,0.0,0.0,0.0,0.0,True
2050,P0012,Liaoning,biomass,1.0,17363920.0,14.238414399999998,14.238414399999998,0.0,True
2050,P0012,Liaoning,beccs,0.0,0.0,0.0,0.0,0.0,True
2050,P0012,Liaoning,ammonia,0.0,0.0,0.0,0.0,0.0,True
2050,P0013,Shanxi,unabated,0.0,0.0,0.0,0.0,0.0,True
2050,P0013,Shanxi,retire,1.0,81340315.0,66.69905829999999,66.69905829999999,0.0,True
2050,P0013,Shanxi,ccs,0.0,0.0,0.0,0.0,0.0,True
2050,P0013,Shanxi,biomass,0.0,0.0,0.0,0.0,0.0,True
2050,P0013,Shanxi,beccs,0.0,0.0,0.0,0.0,0.0,True
2050,P0013,Shanxi,ammonia,0.0,0.0,0.0,0.0,0.0,True
2050,P0014,Guangdong,unabated,0.0,0.0,0.0,0.0,0.0,True
2050,P0014,Guangdong,retire,0.0,0.0,0.0,0.0,0.0,True
2050,P0014,Guangdong,ccs,0.0,0.0,0.0,0.0,0.0,True
2050,P0014,Guangdong,biomass,0.0,0.0,0.0,0.0,0.0,True
2050,P0014,Guangdong,beccs,1.0,11885982.0,9.74650524,18.518359955999998,9.415124061839999,True
2050,P0014,Guangdong,ammonia,0.0,0.0,0.0,0.0,0.0,True
2050,P0015,Hunan,unabated,0.0,0.0,0.0,0.0,0.0,True
2050,P0015,Hunan,retire,0.0,0.0,0.0,0.0,0.0,True
2050,P0015,Hunan,ccs,0.0,0.0,0.0,0.0,0.0,True
2050,P0015,Hunan,biomass,1.0,9884457.0,8.10525474,8.10525474,0.0,True
2050,P0015,Hunan,beccs,0.0,0.0,0.0,0.0,0.0,True
2050,P0015,Hunan,ammonia,0.0,0.0,0.0,0.0,0.0,True
2050,P0016,Hubei,unabated,0.0,0.0,0.0,0.0,0.0,True
2050,P0016,Hubei,retire,0.0,0.0,0.0,0.0,0.0,True
2050,P0016,Hubei,ccs,0.0,0.0,0.0,0.0,0.0,True
2050,P0016,Hubei,biomass,1.0,31796607.999999996,26.073218559999994,26.073218559999994,0.0,True
2050,P0016,Hubei,beccs,0.0,0.0,0.0,0.0,0.0,True
2050,P0016,Hubei,ammonia,0.0,0.0,0.0,0.0,0.0,True
2050,P0017,Jiangsu,unabated,0.071931598615479,3362403.7342173136,2.757171062058197,0.0,0.0,True
2050,P0017,Jiangsu,retire,0.18408069505434782,8604752.68674016,7.05589720312693,7.05589720312693,0.0,True
2050,P0017,Jiangsu,ccs,0.0,0.0,0.0,0.0,0.0,True
2050,P0017,Jiangsu,biomass,0.0,0.0,0.0,0.0,0.0,True
2050,P0017,Jiangsu,beccs,0.7439877063301733,34777303.57904253,28.517388934814875,54.18303897614826,29.515497547533393,True
2050,P0017,Jiangsu,ammonia,0.0,0.0,0.0,0.0,0.0,True
2050,P0018,Jilin,unabated,0.0,0.0,0.0,0.0,0.0,True
2050,P0018,Jilin,retire,0.0,0.0,0.0,0.0,0.0,True
2050,P0018,Jilin,ccs,0.0,0.0,0.0,0.0,0.0,True
2050,P0018,Jilin,biomass,1.0,3838684.0,3.14772088,3.14772088,0.0,True
2050,P0018,Jilin,beccs,0.0,0.0,0.0,0.0,0.0,True
2050,P0018,Jilin,ammonia,0.0,0.0,0.0,0.0,0.0,True
2050,P0019,Hunan,unabated,0.0,0.0,0.0,0.0,0.0,True
2050,P0019,Hunan,retire,0.0,0.0,0.0,0.0,0.0,True
2050,P0019,Hunan,ccs,0.0,0.0,0.0,0.0,0.0,True
2050,P0019,Hunan,biomass,1.0,15119703.0,12.39815646,12.39815646,0.0,True
2050,P0019,Hunan,beccs,0.0,0.0,0.0,0.0,0.0,True
2050,P0019,Hunan,ammonia,0.0,0.0,0.0,0.0,0.0,True
2050,P0020,Zhejiang,unabated,0.0,0.0,0.0,0.0,0.0,True
2050,P0020,Zhejiang,retire,0.5158871852438465,34829635.33404977,28.560300973920807,28.560300973920807,0.0,True
2050,P0020,Zhejiang,ccs,0.0,0.0,0.0,0.0,0.0,True
2050,P0020,Zhejiang,biomass,0.0,0.0,0.0,0.0,0.0,True
2050,P0020,Zhejiang,beccs,0.48411281475615364,32684418.765950233,26.801223388079187,50.92232443735046,25.889981792884495,True
2050,P0020,Zhejiang,ammonia,0.0,0.0,0.0,0.0,0.0,True
2050,P0021,Shandong,unabated,0.0,0.0,0.0,0.0,0.0,True
2050,P0021,Shandong,retire,1.0,45246412.50000001,37.102058250000006,37.102058250000006,0.0,True
2050,P0021,Shandong,ccs,0.0,0.0,0.0,0.0,0.0,True
2050,P0021,Shandong,biomass,0.0,0.0,0.0,0.0,0.0,True
2050,P0021,Shandong,beccs,0.0,0.0,0.0,0.0,0.0,True
2050,P0021,Shandong,ammonia,0.0,0.0,0.0,0.0,0.0,True
2050,P0022,Shandong,unabated,0.0,0.0,0.0,0.0,0.0,True
2050,P0022,Shandong,retire,0.0,0.0,0.0,0.0,0.0,True
2050,P0022,Shandong,ccs,0.0,0.0,0.0,0.0,0.0,True
2050,P0022,Shandong,biomass,1.0,15896209.500000002,13.034891790000001,13.034891790000001,0.0,True
2050,P0022,Shandong,beccs,0.0,0.0,0.0,0.0,0.0,True
2050,P0022,Shandong,ammonia,0.0,0.0,0.0,0.0,0.0,True
2050,P0023,Henan,unabated,0.0,0.0,0.0,0.0,0.0,True
2050,P0023,Henan,retire,0.0,0.0,0.0,0.0,0.0,True
2050,P0023,Henan,ccs,0.0,0.0,0.0,0.0,0.0,True
2050,P0023,Henan,biomass,1.0,20013776.0,16.411296319999998,16.411296319999998,0.0,True
2050,P0023,Henan,beccs,0.0,0.0,0.0,0.0,0.0,True
2050,P0023,Henan,ammonia,0.0,0.0,0.0,0.0,0.0,True
2050,P0024,Chongqing,unabated,0.0,0.0,0.0,0.0,0.0,True
2050,P0024,Chongqing,retire,0.0,0.0,0.0,0.0,0.0,True
2050,P0024,Chongqing,ccs,0.0,0.0,0.0,0.0,0.0,True
2050,P0024,Chongqing,biomass,1.0,5892071.800000001,4.831498876,4.831498876,0.0,True
2050,P0024,Chongqing,beccs,0.0,0.0,0.0,0.0,0.0,True
2050,P0024,Chongqing,ammonia,0.0,0.0,0.0,0.0,0.0,True
2050,P0025,Jilin,unabated,0.0,0.0,0.0,0.0,0.0,True
2050,P0025,Jilin,retire,0.0,0.0,0.0,0.0,0.0,True
2050,P0025,Jilin,ccs,0.0,0.0,0.0,0.0,0.0,True
2050,P0025,Jilin,biomass,0.9805430254839398,15269035.603696423,12.520609195031065,12.520609195031065,0.0,True
2050,P0025,Jilin,beccs,0.019456974516060883,302984.39630359045,0.24844720496894412,0.4720496894409938,0.24,True
2050,P0025,Jilin,ammonia,0.0,0.0,0.0,0.0,0.0,True
2050,P0026,Hainan,unabated,0.0,0.0,0.0,0.0,0.0,True
2050,P0026,Hainan,retire,0.0,0.0,0.0,0.0,0.0,True
2050,P0026,Hainan,ccs,0.0,0.0,0.0,0.0,0.0,True
2050,P0026,Hainan,biomass,0.0,0.0,0.0,0.0,0.0,True
2050,P0026,Hainan,beccs,1.0,10564890.0,8.663209799999999,16.460098619999997,8.966422142999999,True
2050,P0026,Hainan,ammonia,0.0,0.0,0.0,0.0,0.0,True
2050,P0027,Shandong,unabated,0.0,0.0,0.0,0.0,0.0,True
2050,P0027,Shandong,retire,0.22094388036378776,12877957.436687592,10.559925098083825,10.559925098083825,0.0,True
2050,P0027,Shandong,ccs,0.0,0.0,0.0,0.0,0.0,True
2050,P0027,Shandong,biomass,0.7790561196362121,45408144.06331241,37.234678131916176,37.234678131916176,0.0,True
2050,P0027,Shandong,beccs,0.0,0.0,0.0,0.0,0.0,True
2050,P0027,Shandong,ammonia,0.0,0.0,0.0,0.0,0.0,True
2050,P0028,Hunan,unabated,0.0,0.0,0.0,0.0,0.0,True
2050,P0028,Hunan,retire,0.0,0.0,0.0,0.0,0.0,True
2050,P0028,Hunan,ccs,0.0,0.0,0.0,0.0,0.0,True
2050,P0028,Hunan,biomass,1.0,22425606.0,18.388996919999997,18.388996919999997,0.0,True
2050,P0028,Hunan,beccs,0.0,0.0,0.0,0.0,0.0,True
2050,P0028,Hunan,ammonia,0.0,0.0,0.0,0.0,0.0,True
2050,P0029,Jilin,unabated,0.0,0.0,0.0,0.0,0.0,True
2050,P0029,Jilin,retire,0.0,0.0,0.0,0.0,0.0,True
2050,P0029,Jilin,ccs,0.0,0.0,0.0,0.0,0.0,True
2050,P0029,Jilin,biomass,0.0,0.0,0.0,0.0,0.0,True
2050,P0029,Jilin,beccs,1.0,434568.0,0.35634575999999996,0.6770569439999999,0.3688178615999999,True
2050,P0029,Jilin,ammonia,0.0,0.0,0.0,0.0,0.0,True
2050,P0030,Jilin,unabated,0.0,0.0,0.0,0.0,0.0,True
2050,P0030,Jilin,retire,0.0,0.0,0.0,0.0,0.0,True
2050,P0030,Jilin,ccs,0.0,0.0,0.0,0.0,0.0,True
2050,P0030,Jilin,biomass,0.0,0.0,0.0,0.0,0.0,True
2050,P0030,Jilin,beccs,1.0,16227493.4,13.306544588,25.282434717199997,12.854122072007998,True
2050,P0030,Jilin,ammonia,0.0,0.0,0.0,0.0,0.0,True
2050,P0031,Shanxi,unabated,0.0,0.0,0.0,0.0,0.0,True
2050,P0031,Shanxi,retire,0.0,0.0,0.0,0.0,0.0,True
2050,P0031,Shanxi,ccs,0.0,0.0,0.0,0.0,0.0,True
2050,P0031,Shanxi,biomass,0.0,0.0,0.0,0.0,0.0,True
2050,P0031,Shanxi,beccs,1.0,22684550.0,18.601331,35.3425289,19.252377584999998,True
2050,P0031,Shanxi,ammonia,0.0,0.0,0.0,0.0,0.0,True
2050,P0032,Henan,unabated,0.0,0.0,0.0,0.0,0.0,True
2050,P0032,Henan,retire,0.0,0.0,0.0,0.0,0.0,True
2050,P0032,Henan,ccs,0.0,0.0,0.0,0.0,0.0,True
2050,P0032,Henan,biomass,1.0,8531052.0,6.9954626399999995,6.9954626399999995,0.0,True
2050,P0032,Henan,beccs,0.0,0.0,0.0,0.0,0.0,True
2050,P0032,Henan,ammonia,0.0,0.0,0.0,0.0,0.0,True
2050,P0033,Henan,unabated,0.0,0.0,0.0,0.0,0.0,True
2050,P0033,Henan,retire,0.0,0.0,0.0,0.0,0.0,True
2050,P0033,Henan,ccs,0.0,0.0,0.0,0.0,0.0,True
2050,P0033,Henan,biomass,1.0,22569492.0,18.50698344,18.50698344,0.0,True
2050,P0033,Henan,beccs,0.0,0.0,0.0,0.0,0.0,True
2050,P0033,Henan,ammonia,0.0,0.0,0.0,0.0,0.0,True
2050,P0034,Shandong,unabated,0.0,0.0,0.0,0.0,0.0,True
2050,P0034,Shandong,retire,1.0,18403842.0,15.09115044,15.09115044,0.0,True
2050,P0034,Shandong,ccs,0.0,0.0,0.0,0.0,0.0,True
2050,P0034,Shandong,biomass,0.0,0.0,0.0,0.0,0.0,True
2050,P0034,Shandong,beccs,0.0,0.0,0.0,0.0,0.0,True
2050,P0034,Shandong,ammonia,0.0,0.0,0.0,0.0,0.0,True
2050,P0035,Anhui,unabated,0.0,0.0,0.0,0.0,0.0,True
2050,P0035,Anhui,retire,1.0,46348752.00000001,38.00597664,38.00597664,0.0,True
2050,P0035,Anhui,ccs,0.0,0.0,0.0,0.0,0.0,True
2050,P0035,Anhui,biomass,0.0,0.0,0.0,0.0,0.0,True
2050,P0035,Anhui,beccs,0.0,0.0,0.0,0.0,0.0,True
2050,P0035,Anhui,ammonia,0.0,0.0,0.0,0.0,0.0,True
2050,P0036,Jiangsu,unabated,0.0,0.0,0.0,0.0,0.0,True
2050,P0036,Jiangsu,retire,1.0,140042791.0,114.83508862,114.83508862,0.0,True
2050,P0036,Jiangsu,ccs,0.0,0.0,0.0,0.0,0.0,True
2050,P0036,Jiangsu,biomass,0.0,0.0,0.0,0.0,0.0,True
2050,P0036,Jiangsu,beccs,0.0,0.0,0.0,0.0,0.0,True
2050,P0036,Jiangsu,ammonia,0.0,0.0,0.0,0.0,0.0,True
2050,P0037,Inner Mongolia,unabated,1.0,41962710.0,34.409422199999995,0.0,0.0,True
2050,P0037,Inner Mongolia,retire,0.0,0.0,0.0,0.0,0.0,True
2050,P0037,Inner Mongolia,ccs,0.0,0.0,0.0,0.0,0.0,True
2050,P0037,Inner Mongolia,biomass,0.0,0.0,0.0,0.0,0.0,True
2050,P0037,Inner Mongolia,beccs,0.0,0.0,0.0,0.0,0.0,True
2050,P0037,Inner Mongolia,ammonia,0.0,0.0,0.0,0.0,0.0,True
2050,P0038,Sichuan,unabated,0.0,0.0,0.0,0.0,0.0,True
2050,P0038,Sichuan,retire,0.0,0.0,0.0,0.0,0.0,True
2050,P0038,Sichuan,ccs,0.0,0.0,0.0,0.0,0.0,True
2050,P0038,Sichuan,biomass,0.0,0.0,0.0,0.0,0.0,True
2050,P0038,Sichuan,beccs,1.0,24582287.999999996,20.157476159999998,38.299204704,19.472121970559996,True
2050,P0038,Sichuan,ammonia,0.0,0.0,0.0,0.0,0.0,True
2050,P0039,Heilongjiang,unabated,0.0,0.0,0.0,0.0,0.0,True
2050,P0039,Heilongjiang,retire,0.0,0.0,0.0,0.0,0.0,True
2050,P0039,Heilongjiang,ccs,0.0,0.0,0.0,0.0,0.0,True
2050,P0039,Heilongjiang,biomass,0.0,0.0,0.0,0.0,0.0,True
2050,P0039,Heilongjiang,beccs,1.0,7478775.0,6.1325955,11.65193145,5.924087252999999,True
2050,P0039,Heilongjiang,ammonia,0.0,0.0,0.0,0.0,0.0,True
2050,P0040,Shanxi,unabated,0.0,0.0,0.0,0.0,0.0,True
2050,P0040,Shanxi,retire,1.0,29397324.999999996,24.105806499999996,24.105806499999996,0.0,True
2050,P0040,Shanxi,ccs,0.0,0.0,0.0,0.0,0.0,True
2050,P0040,Shanxi,biomass,0.0,0.0,0.0,0.0,0.0,True
2050,P0040,Shanxi,beccs,0.0,0.0,0.0,0.0,0.0,True
2050,P0040,Shanxi,ammonia,0.0,0.0,0.0,0.0,0.0,True
2050,P0041,Hebei,unabated,0.009590517475415731,166206.91903437878,0.13628967360819058,0.0,0.0,True
2050,P0041,Hebei,retire,0.0,0.0,0.0,0.0,0.0,True
2050,P0041,Hebei,ccs,0.01885038989325277,326683.6471322443,0.26788059064844033,0.24109253158359628,0.2772564113211357,True
2050,P0041,Hebei,biomass,0.3796100758184255,6578771.301749016,5.394592467434193,5.394592467434193,0.0,True
2050,P0041,Hebei,beccs,0.591949016812906,10258677.13208436,8.412115248309176,15.983018971787432,8.706539281999996,True
2050,P0041,Hebei,ammonia,0.0,0.0,0.0,0.0,0.0,True
2050,P0042,Shandong,unabated,0.0,0.0,0.0,0.0,0.0,True
2050,P0042,Shandong,retire,0.11575198585138138,3190373.8283376237,2.616106539236851,2.616106539236851,0.0,True
2050,P0042,Shandong,ccs,0.0,0.0,0.0,0.0,0.0,True
2050,P0042,Shandong,biomass,0.8842480141486186,24371778.171662383,19.98485810076315,19.98485810076315,0.0,True
2050,P0042,Shandong,beccs,0.0,0.0,0.0,0.0,0.0,True
2050,P0042,Shandong,ammonia,0.0,0.0,0.0,0.0,0.0,True
2050,P0043,Anhui,unabated,0.0,0.0,0.0,0.0,0.0,True
2050,P0043,Anhui,retire,0.0,0.0,0.0,0.0,0.0,True
2050,P0043,Anhui,ccs,0.0,0.0,0.0,0.0,0.0,True
2050,P0043,Anhui,biomass,1.0,71657610.0,58.759240199999994,58.759240199999994,0.0,True
2050,P0043,Anhui,beccs,0.0,0.0,0.0,0.0,0.0,True
2050,P0043,Anhui,ammonia,0.0,0.0,0.0,0.0,0.0,True
2050,P0044,Heilongjiang,unabated,0.0,0.0,0.0,0.0,0.0,True
2050,P0044,Heilongjiang,retire,0.0,0.0,0.0,0.0,0.0,True
2050,P0044,Heilongjiang,ccs,0.0,0.0,0.0,0.0,0.0,True
2050,P0044,Heilongjiang,biomass,0.0,0.0,0.0,0.0,0.0,True
2050,P0044,Heilongjiang,beccs,1.0,10278967.500000002,8.428753350000001,16.014631365,8.142175736099999,True
2050,P0044,Heilongjiang,ammonia,0.0,0.0,0.0,0.0,0.0,True
2050,P0045,Henan,unabated,0.0,0.0,0.0,0.0,0.0,True
2050,P0045,Henan,retire,1.0,50070436.0,41.057757519999996,41.057757519999996,0.0,True
2050,P0045,Henan,ccs,0.0,0.0,0.0,0.0,0.0,True
2050,P0045,Henan,biomass,0.0,0.0,0.0,0.0,0.0,True
2050,P0045,Henan,beccs,0.0,0.0,0.0,0.0,0.0,True
2050,P0045,Henan,ammonia,0.0,0.0,0.0,0.0,0.0,True
2050,P0046,Zhejiang,unabated,0.0,0.0,0.0,0.0,0.0,True
2050,P0046,Zhejiang,retire,1.0,102230348.64,83.8288858848,83.8288858848,0.0,True
2050,P0046,Zhejiang,ccs,0.0,0.0,0.0,0.0,0.0,True
2050,P0046,Zhejiang,biomass,0.0,0.0,0.0,0.0,0.0,True
2050,P0046,Zhejiang,beccs,0.0,0.0,0.0,0.0,0.0,True
2050,P0046,Zhejiang,ammonia,0.0,0.0,0.0,0.0,0.0,True
2050,P0047,Liaoning,unabated,0.0,0.0,0.0,0.0,0.0,True
2050,P0047,Liaoning,retire,0.0,0.0,0.0,0.0,0.0,True
2050,P0047,Liaoning,ccs,0.0,0.0,0.0,0.0,0.0,True
2050,P0047,Liaoning,biomass,1.0,10170295.999999998,8.339642719999999,8.339642719999999,0.0,True
2050,P0047,Liaoning,beccs,0.0,0.0,0.0,0.0,0.0,True
2050,P0047,Liaoning,ammonia,0.0,0.0,0.0,0.0,0.0,True
2050,P0048,Shanxi,unabated,0.0,0.0,0.0,0.0,0.0,True
2050,P0048,Shanxi,retire,0.0,0.0,0.0,0.0,0.0,True
2050,P0048,Shanxi,ccs,0.0,0.0,0.0,0.0,0.0,True
2050,P0048,Shanxi,biomass,0.0,0.0,0.0,0.0,0.0,True
2050,P0048,Shanxi,beccs,1.0,6481300.0,5.314666,10.0978654,5.50067931,True
2050,P0048,Shanxi,ammonia,0.0,0.0,0.0,0.0,0.0,True
2050,P0049,Xinjiang,unabated,0.0,0.0,0.0,0.0,0.0,True
2050,P0049,Xinjiang,retire,0.0,0.0,0.0,0.0,0.0,True
2050,P0049,Xinjiang,ccs,1.0,7182431.999999999,5.889594239999999,5.300634816,6.095730038399999,True
2050,P0049,Xinjiang,biomass,0.0,0.0,0.0,0.0,0.0,True
2050,P0049,Xinjiang,beccs,0.0,0.0,0.0,0.0,0.0,True
2050,P0049,Xinjiang,ammonia,0.0,0.0,0.0,0.0,0.0,True
2050,P0050,Henan,unabated,0.0,0.0,0.0,0.0,0.0,True
2050,P0050,Henan,retire,0.0,0.0,0.0,0.0,0.0,True
2050,P0050,Henan,ccs,0.0,0.0,0.0,0.0,0.0,True
2050,P0050,Henan,biomass,1.0,7055216.0,5.78527712,5.78527712,0.0,True
2050,P0050,Henan,beccs,0.0,0.0,0.0,0.0,0.0,True
2050,P0050,Henan,ammonia,0.0,0.0,0.0,0.0,0.0,True
2050,P0051,Hebei,unabated,0.0,0.0,0.0,0.0,0.0,True
2050,P0051,Hebei,retire,1.0,36442718.0,29.88302876,29.88302876,0.0,True
2050,P0051,Hebei,ccs,0.0,0.0,0.0,0.0,0.0,True
2050,P0051,Hebei,biomass,0.0,0.0,0.0,0.0,0.0,True
2050,P0051,Hebei,beccs,0.0,0.0,0.0,0.0,0.0,True
2050,P0051,Hebei,ammonia,0.0,0.0,0.0,0.0,0.0,True
2050,P0052,Jiangsu,unabated,0.0,0.0,0.0,0.0,0.0,True
2050,P0052,Jiangsu,retire,1.0,137274235.0,112.5648727,112.5648727,0.0,True
2050,P0052,Jiangsu,ccs,0.0,0.0,0.0,0.0,0.0,True
2050,P0052,Jiangsu,biomass,0.0,0.0,0.0,0.0,0.0,True
2050,P0052,Jiangsu,beccs,0.0,0.0,0.0,0.0,0.0,True
2050,P0052,Jiangsu,ammonia,0.0,0.0,0.0,0.0,0.0,True
2050,P0053,Heilongjiang,unabated,0.0,0.0,0.0,0.0,0.0,True
2050,P0053,Heilongjiang,retire,0.0,0.0,0.0,0.0,0.0,True
2050,P0053,Heilongjiang,ccs,0.0,0.0,0.0,0.0,0.0,True
2050,P0053,Heilongjiang,biomass,1.0,9739800.000000002,7.986636000000001,7.986636000000001,0.0,True
2050,P0053,Heilongjiang,beccs,0.0,0.0,0.0,0.0,0.0,True
2050,P0053,Heilongjiang,ammonia,0.0,0.0,0.0,0.0,0.0,True
2050,P0054,Hebei,unabated,0.0,0.0,0.0,0.0,0.0,True
2050,P0054,Hebei,retire,0.11111518288724256,2188029.2906618183,1.7941840183426911,1.7941840183426911,0.0,True
2050,P0054,Hebei,ccs,0.0,0.0,0.0,0.0,0.0,True
2050,P0054,Hebei,biomass,0.4652425051889115,9161342.33111267,7.512300711512389,7.512300711512389,0.0,True
2050,P0054,Hebei,beccs,0.4236423119238358,8342170.3782253135,6.840579710144757,12.997101449275037,6.6079999999998345,True
2050,P0054,Hebei,ammonia,0.0,0.0,0.0,0.0,0.0,True
2050,P0055,Shanxi,unabated,0.0,0.0,0.0,0.0,0.0,True
2050,P0055,Shanxi,retire,0.0,0.0,0.0,0.0,0.0,True
2050,P0055,Shanxi,ccs,0.0,0.0,0.0,0.0,0.0,True
2050,P0055,Shanxi,biomass,1.0,17129150.0,14.045903,14.045903,0.0,True
2050,P0055,Shanxi,beccs,0.0,0.0,0.0,0.0,0.0,True
2050,P0055,Shanxi,ammonia,0.0,0.0,0.0,0.0,0.0,True
2050,P0056,Jiangxi,unabated,0.0,0.0,0.0,0.0,0.0,True
2050,P0056,Jiangxi,retire,0.0,0.0,0.0,0.0,0.0,True
2050,P0056,Jiangxi,ccs,0.0,0.0,0.0,0.0,0.0,True
2050,P0056,Jiangxi,biomass,0.132440028437157,2537673.8492023177,2.0808925563459004,2.0808925563459004,0.0,True
2050,P0056,Jiangxi,beccs,0.8675599715628435,16623254.150797691,13.631068403654107,25.899029966942802,14.108155797782,True
2050,P0056,Jiangxi,ammonia,0.0,0.0,0.0,0.0,0.0,True
2050,P0057,Gansu,unabated,0.0,0.0,0.0,0.0,0.0,True
2050,P0057,Gansu,retire,0.0,0.0,0.0,0.0,0.0,True
2050,P0057,Gansu,ccs,0.0,0.0,0.0,0.0,0.0,True
2050,P0057,Gansu,biomass,0.0,0.0,0.0,0.0,0.0,True
2050,P0057,Gansu,beccs,1.0,12233632.0,10.03157824,19.059998655999998,9.690504579839997,True
2050,P0057,Gansu,ammonia,0.0,0.0,0.0,0.0,0.0,True
2050,P0058,Jiangsu,unabated,0.0,0.0,0.0,0.0,0.0,True
2050,P0058,Jiangsu,retire,0.40538957699218725,9180039.876670485,7.527632698869797,7.527632698869797,0.0,True
2050,P0058,Jiangsu,ccs,0.0,0.0,0.0,0.0,0.0,True
2050,P0058,Jiangsu,biomass,0.5946104230078129,13464942.623329522,11.041252951130208,11.041252951130208,0.0,True
2050,P0058,Jiangsu,beccs,0.0,0.0,0.0,0.0,0.0,True
2050,P0058,Jiangsu,ammonia,0.0,0.0,0.0,0.0,0.0,True
2050,P0059,Inner Mongolia,unabated,1.0,104755830.0,85.8997806,0.0,0.0,True
2050,P0059,Inner Mongolia,retire,0.0,0.0,0.0,0.0,0.0,True
2050,P0059,Inner Mongolia,ccs,0.0,0.0,0.0,0.0,0.0,True
2050,P0059,Inner Mongolia,biomass,0.0,0.0,0.0,0.0,0.0,True
2050,P0059,Inner Mongolia,beccs,0.0,0.0,0.0,0.0,0.0,True
2050,P0059,Inner Mongolia,ammonia,0.0,0.0,0.0,0.0,0.0,True
2050,P0060,Shandong,unabated,0.0,0.0,0.0,0.0,0.0,True
2050,P0060,Shandong,retire,0.10934033202028162,2366100.5332332524,1.940202437251267,1.940202437251267,0.0,True
2050,P0060,Shandong,ccs,0.0,0.0,0.0,0.0,0.0,True
2050,P0060,Shandong,biomass,0.8906596679797184,19273677.66676675,15.804415686748735,15.804415686748735,0.0,True
2050,P0060,Shandong,beccs,0.0,0.0,0.0,0.0,0.0,True
2050,P0060,Shandong,ammonia,0.0,0.0,0.0,0.0,0.0,True
2050,P0061,Shandong,unabated,0.0,0.0,0.0,0.0,0.0,True
2050,P0061,Shandong,retire,0.0,0.0,0.0,0.0,0.0,True
2050,P0061,Shandong,ccs,0.0,0.0,0.0,0.0,0.0,True
2050,P0061,Shandong,biomass,0.0,0.0,0.0,0.0,0.0,True
2050,P0061,Shandong,beccs,1.0,17095512.000000004,14.018319840000002,26.634807696000003,14.5089610344,True
2050,P0061,Shandong,ammonia,0.0,0.0,0.0,0.0,0.0,True
2050,P0062,Xinjiang,unabated,0.0,0.0,0.0,0.0,0.0,True
2050,P0062,Xinjiang,retire,0.0,0.0,0.0,0.0,0.0,True
2050,P0062,Xinjiang,ccs,0.3364427247478879,1723516.6784003892,1.413283676288319,1.2719553086594872,1.4627486049584106,True
2050,P0062,Xinjiang,biomass,0.0,0.0,0.0,0.0,0.0,True
2050,P0062,Xinjiang,beccs,0.663557275252113,3399247.3215996157,2.787382803711685,5.296027327052201,2.8849412018415945,True
2050,P0062,Xinjiang,ammonia,0.0,0.0,0.0,0.0,0.0,True
2050,P0063,Ningxia,unabated,0.25807185049983167,2257814.8765033195,1.8514081987327218,0.0,0.0,True
2050,P0063,Ningxia,retire,0.7419281495001688,6490969.123496685,5.322594681267281,5.322594681267281,0.0,True
2050,P0063,Ningxia,ccs,0.0,0.0,0.0,0.0,0.0,True
2050,P0063,Ningxia,biomass,0.0,0.0,0.0,0.0,0.0,True
2050,P0063,Ningxia,beccs,0.0,0.0,0.0,0.0,0.0,True
2050,P0063,Ningxia,ammonia,0.0,0.0,0.0,0.0,0.0,True
2050,P0064,Shandong,unabated,0.0,0.0,0.0,0.0,0.0,True
2050,P0064,Shandong,retire,1.0,18229398.000000004,14.94810636,14.94810636,0.0,True
2050,P0064,Shandong,ccs,0.0,0.0,0.0,0.0,0.0,True
2050,P0064,Shandong,biomass,0.0,0.0,0.0,0.0,0.0,True
2050,P0064,Shandong,beccs,0.0,0.0,0.0,0.0,0.0,True
2050,P0064,Shandong,ammonia,0.0,0.0,0.0,0.0,0.0,True
2050,P0065,Xinjiang,unabated,0.0,0.0,0.0,0.0,0.0,True
2050,P0065,Xinjiang,retire,0.0,0.0,0.0,0.0,0.0,True
2050,P0065,Xinjiang,ccs,1.0,17824049.999999996,14.615720999999997,13.154148899999997,15.127271234999995,True
2050,P0065,Xinjiang,biomass,0.0,0.0,0.0,0.0,0.0,True
2050,P0065,Xinjiang,beccs,0.0,0.0,0.0,0.0,0.0,True
2050,P0065,Xinjiang,ammonia,0.0,0.0,0.0,0.0,0.0,True
2050,P0066,Fujian,unabated,0.0,0.0,0.0,0.0,0.0,True
2050,P0066,Fujian,retire,1.0,45243841.199999996,37.099949783999996,37.099949783999996,0.0,True
2050,P0066,Fujian,ccs,0.0,0.0,0.0,0.0,0.0,True
2050,P0066,Fujian,biomass,0.0,0.0,0.0,0.0,0.0,True
2050,P0066,Fujian,beccs,0.0,0.0,0.0,0.0,0.0,True
2050,P0066,Fujian,ammonia,0.0,0.0,0.0,0.0,0.0,True
2050,P0067,Hebei,unabated,0.0,0.0,0.0,0.0,0.0,True
2050,P0067,Hebei,retire,0.21528644009547526,7366061.715988622,6.04017060711067,6.04017060711067,0.0,True
2050,P0067,Hebei,ccs,0.0,0.0,0.0,0.0,0.0,True
2050,P0067,Hebei,biomass,0.21409610330489148,7325334.142722217,6.006773997032218,6.006773997032218,0.0,True
2050,P0067,Hebei,beccs,0.5706174565996331,19523772.141289156,16.009493155857108,30.418036996128503,16.569825416312106,True
2050,P0067,Hebei,ammonia,0.0,0.0,0.0,0.0,0.0,True
2050,P0068,Zhejiang,unabated,0.094433794458358,2114399.902072337,1.7338079196993166,0.0,0.0,True
2050,P0068,Zhejiang,retire,0.0,0.0,0.0,0.0,0.0,True
2050,P0068,Zhejiang,ccs,0.0,0.0,0.0,0.0,0.0,True
2050,P0068,Zhejiang,biomass,0.0,0.0,0.0,0.0,0.0,True
2050,P0068,Zhejiang,beccs,0.9055662055416425,20275888.597927675,16.626228650300693,31.58983443557132,17.208146653061217,True
2050,P0068,Zhejiang,ammonia,0.0,0.0,0.0,0.0,0.0,True
2050,P0069,Shaanxi,unabated,0.0,0.0,0.0,0.0,0.0,True
2050,P0069,Shaanxi,retire,0.0,0.0,0.0,0.0,0.0,True
2050,P0069,Shaanxi,ccs,0.0,0.0,0.0,0.0,0.0,True
2050,P0069,Shaanxi,biomass,0.0,0.0,0.0,0.0,0.0,True
2050,P0069,Shaanxi,beccs,1.0,18152000.0,14.88464,28.280815999999998,15.4056024,True
2050,P0069,Shaanxi,ammonia,0.0,0.0,0.0,0.0,0.0,True
2050,P0070,Shandong,unabated,0.0,0.0,0.0,0.0,0.0,True
2050,P0070,Shandong,retire,0.0,0.0,0.0,0.0,0.0,True
2050,P0070,Shandong,ccs,0.0,0.0,0.0,0.0,0.0,True
2050,P0070,Shandong,biomass,1.0,25817712.000000004,21.170523840000005,21.170523840000005,0.0,True
2050,P0070,Shandong,beccs,0.0,0.0,0.0,0.0,0.0,True
2050,P0070,Shandong,ammonia,0.0,0.0,0.0,0.0,0.0,True
2050,P0071,Guizhou,unabated,0.0,0.0,0.0,0.0,0.0,True
2050,P0071,Guizhou,retire,1.0,23735500.0,19.46311,19.46311,0.0,True
2050,P0071,Guizhou,ccs,0.0,0.0,0.0,0.0,0.0,True
2050,P0071,Guizhou,biomass,0.0,0.0,0.0,0.0,0.0,True
2050,P0071,Guizhou,beccs,0.0,0.0,0.0,0.0,0.0,True
2050,P0071,Guizhou,ammonia,0.0,0.0,0.0,0.0,0.0,True
2050,P0072,Heilongjiang,unabated,0.0,0.0,0.0,0.0,0.0,True
2050,P0072,Heilongjiang,retire,0.0,0.0,0.0,0.0,0.0,True
2050,P0072,Heilongjiang,ccs,0.0,0.0,0.0,0.0,0.0,True
2050,P0072,Heilongjiang,biomass,0.12897974326982678,717849.6591425479,0.5886367204968893,0.5886367204968893,0.0,True
2050,P0072,Heilongjiang,beccs,0.8710202567301735,4847750.340857454,3.975155279503112,7.552795031055912,3.840000000000005,True
2050,P0072,Heilongjiang,ammonia,0.0,0.0,0.0,0.0,0.0,True
2050,P0073,Liaoning,unabated,0.0,0.0,0.0,0.0,0.0,True
2050,P0073,Liaoning,retire,0.0,0.0,0.0,0.0,0.0,True
2050,P0073,Liaoning,ccs,0.0,0.0,0.0,0.0,0.0,True
2050,P0073,Liaoning,biomass,1.0,6340931.499999999,5.199563829999999,5.199563829999999,0.0,True
2050,P0073,Liaoning,beccs,0.0,0.0,0.0,0.0,0.0,True
2050,P0073,Liaoning,ammonia,0.0,0.0,0.0,0.0,0.0,True
2050,P0074,Shaanxi,unabated,0.0,0.0,0.0,0.0,0.0,True
2050,P0074,Shaanxi,retire,1.0,36893940.0,30.253030799999998,30.253030799999998,0.0,True
2050,P0074,Shaanxi,ccs,0.0,0.0,0.0,0.0,0.0,True
2050,P0074,Shaanxi,biomass,0.0,0.0,0.0,0.0,0.0,True
2050,P0074,Shaanxi,beccs,0.0,0.0,0.0,0.0,0.0,True
2050,P0074,Shaanxi,ammonia,0.0,0.0,0.0,0.0,0.0,True
2050,P0075,Henan,unabated,0.0,0.0,0.0,0.0,0.0,True
2050,P0075,Henan,retire,0.0,0.0,0.0,0.0,0.0,True
2050,P0075,Henan,ccs,0.0,0.0,0.0,0.0,0.0,True
2050,P0075,Henan,biomass,1.0,7127208.0,5.844310559999999,5.844310559999999,0.0,True
2050,P0075,Henan,beccs,0.0,0.0,0.0,0.0,0.0,True
2050,P0075,Henan,ammonia,0.0,0.0,0.0,0.0,0.0,True
2050,P0076,Guangxi,unabated,0.0,0.0,0.0,0.0,0.0,True
2050,P0076,Guangxi,retire,0.0,0.0,0.0,0.0,0.0,True
2050,P0076,Guangxi,ccs,0.0,0.0,0.0,0.0,0.0,True
2050,P0076,Guangxi,biomass,1.0,13593944.000000002,11.147034080000001,11.147034080000001,0.0,True
2050,P0076,Guangxi,beccs,0.0,0.0,0.0,0.0,0.0,True
2050,P0076,Guangxi,ammonia,0.0,0.0,0.0,0.0,0.0,True
2050,P0077,Xinjiang,unabated,0.5573702897783666,23018826.67963212,18.87543787729834,0.0,0.0,True
2050,P0077,Xinjiang,retire,0.42437031436178063,17526062.822902147,14.37137151477976,14.37137151477976,0.0,True
2050,P0077,Xinjiang,ccs,0.018259395859852777,754094.497465726,0.6183574879218954,0.5565217391297058,0.6399999999991616,True
2050,P0077,Xinjiang,biomass,0.0,0.0,0.0,0.0,0.0,True
2050,P0077,Xinjiang,beccs,0.0,0.0,0.0,0.0,0.0,True
2050,P0077,Xinjiang,ammonia,0.0,0.0,0.0,0.0,0.0,True
2050,P0078,Heilongjiang,unabated,0.0,0.0,0.0,0.0,0.0,True
2050,P0078,Heilongjiang,retire,0.0,0.0,0.0,0.0,0.0,True
2050,P0078,Heilongjiang,ccs,0.0,0.0,0.0,0.0,0.0,True
2050,P0078,Heilongjiang,biomass,0.0,0.0,0.0,0.0,0.0,True
2050,P0078,Heilongjiang,beccs,1.0,18122985.0,14.860847699999999,28.235610629999996,14.355578878199998,True
2050,P0078,Heilongjiang,ammonia,0.0,0.0,0.0,0.0,0.0,True
2050,P0079,Guangxi,unabated,0.0,0.0,0.0,0.0,0.0,True
2050,P0079,Guangxi,retire,0.42699735395886607,18149525.946000434,14.882611275720356,14.882611275720356,0.0,True
2050,P0079,Guangxi,ccs,0.0,0.0,0.0,0.0,0.0,True
2050,P0079,Guangxi,biomass,0.0,0.0,0.0,0.0,0.0,True
2050,P0079,Guangxi,beccs,0.5730026460411354,24355482.05399963,19.971495284279694,37.94584104013142,20.670497619229483,True
2050,P0079,Guangxi,ammonia,0.0,0.0,0.0,0.0,0.0,True
2050,P0080,Shandong,unabated,0.0,0.0,0.0,0.0,0.0,True
2050,P0080,Shandong,retire,0.0,0.0,0.0,0.0,0.0,True
2050,P0080,Shandong,ccs,0.0,0.0,0.0,0.0,0.0,True
2050,P0080,Shandong,biomass,1.0,21587445.000000004,17.701704900000003,17.701704900000003,0.0,True
2050,P0080,Shandong,beccs,0.0,0.0,0.0,0.0,0.0,True
2050,P0080,Shandong,ammonia,0.0,0.0,0.0,0.0,0.0,True
2050,P0081,Gansu,unabated,0.0,0.0,0.0,0.0,0.0,True
2050,P0081,Gansu,retire,1.0,8798160.0,7.214491199999999,7.214491199999999,0.0,True
2050,P0081,Gansu,ccs,0.0,0.0,0.0,0.0,0.0,True
2050,P0081,Gansu,biomass,0.0,0.0,0.0,0.0,0.0,True
2050,P0081,Gansu,beccs,0.0,0.0,0.0,0.0,0.0,True
2050,P0081,Gansu,ammonia,0.0,0.0,0.0,0.0,0.0,True
2050,P0082,Liaoning,unabated,0.0,0.0,0.0,0.0,0.0,True
2050,P0082,Liaoning,retire,0.0,0.0,0.0,0.0,0.0,True
2050,P0082,Liaoning,ccs,0.0,0.0,0.0,0.0,0.0,True
2050,P0082,Liaoning,biomass,1.0,7751749.999999999,6.356434999999999,6.356434999999999,0.0,True
2050,P0082,Liaoning,beccs,0.0,0.0,0.0,0.0,0.0,True
2050,P0082,Liaoning,ammonia,0.0,0.0,0.0,0.0,0.0,True
2050,P0083,Shaanxi,unabated,0.0,0.0,0.0,0.0,0.0,True
2050,P0083,Shaanxi,retire,1.0,58041020.0,47.5936364,47.5936364,0.0,True
2050,P0083,Shaanxi,ccs,0.0,0.0,0.0,0.0,0.0,True
2050,P0083,Shaanxi,biomass,0.0,0.0,0.0,0.0,0.0,True
2050,P0083,Shaanxi,beccs,0.0,0.0,0.0,0.0,0.0,True
2050,P0083,Shaanxi,ammonia,0.0,0.0,0.0,0.0,0.0,True
2050,P0084,Shaanxi,unabated,0.0,0.0,0.0,0.0,0.0,True
2050,P0084,Shaanxi,retire,1.0,12207220.0,10.009920399999999,10.009920399999999,0.0,True
2050,P0084,Shaanxi,ccs,0.0,0.0,0.0,0.0,0.0,True
2050,P0084,Shaanxi,biomass,0.0,0.0,0.0,0.0,0.0,True
2050,P0084,Shaanxi,beccs,0.0,0.0,0.0,0.0,0.0,True
2050,P0084,Shaanxi,ammonia,0.0,0.0,0.0,0.0,0.0,True
2050,P0085,Jiangsu,unabated,0.0,0.0,0.0,0.0,0.0,True
2050,P0085,Jiangsu,retire,1.0,50405775.00000001,41.3327355,41.3327355,0.0,True
2050,P0085,Jiangsu,ccs,0.0,0.0,0.0,0.0,0.0,True
2050,P0085,Jiangsu,biomass,0.0,0.0,0.0,0.0,0.0,True
2050,P0085,Jiangsu,beccs,0.0,0.0,0.0,0.0,0.0,True
2050,P0085,Jiangsu,ammonia,0.0,0.0,0.0,0.0,0.0,True
2050,P0086,Shaanxi,unabated,0.0,0.0,0.0,0.0,0.0,True
2050,P0086,Shaanxi,retire,1.0,42929480.0,35.2021736,35.2021736,0.0,True
2050,P0086,Shaanxi,ccs,0.0,0.0,0.0,0.0,0.0,True
2050,P0086,Shaanxi,biomass,0.0,0.0,0.0,0.0,0.0,True
2050,P0086,Shaanxi,beccs,0.0,0.0,0.0,0.0,0.0,True
2050,P0086,Shaanxi,ammonia,0.0,0.0,0.0,0.0,0.0,True
2050,P0087,Hebei,unabated,0.0,0.0,0.0,0.0,0.0,True
2050,P0087,Hebei,retire,0.0,0.0,0.0,0.0,0.0,True
2050,P0087,Hebei,ccs,0.0,0.0,0.0,0.0,0.0,True
2050,P0087,Hebei,biomass,1.0,13588055.000000002,11.142205100000002,11.142205100000002,0.0,True
2050,P0087,Hebei,beccs,0.0,0.0,0.0,0.0,0.0,True
2050,P0087,Hebei,ammonia,0.0,0.0,0.0,0.0,0.0,True
2050,P0088,Zhejiang,unabated,0.0,0.0,0.0,0.0,0.0,True
2050,P0088,Zhejiang,retire,0.0,0.0,0.0,0.0,0.0,True
2050,P0088,Zhejiang,ccs,0.0,0.0,0.0,0.0,0.0,True
2050,P0088,Zhejiang,biomass,0.0,0.0,0.0,0.0,0.0,True
2050,P0088,Zhejiang,beccs,1.0,15775605.0,12.935996099999999,24.578392589999996,12.496172232599998,True
2050,P0088,Zhejiang,ammonia,0.0,0.0,0.0,0.0,0.0,True
2050,P0089,Ningxia,unabated,1.0,131480305.0,107.8138501,0.0,0.0,True
2050,P0089,Ningxia,retire,0.0,0.0,0.0,0.0,0.0,True
2050,P0089,Ningxia,ccs,0.0,0.0,0.0,0.0,0.0,True
2050,P0089,Ningxia,biomass,0.0,0.0,0.0,0.0,0.0,True
2050,P0089,Ningxia,beccs,0.0,0.0,0.0,0.0,0.0,True
2050,P0089,Ningxia,ammonia,0.0,0.0,0.0,0.0,0.0,True
2050,P0090,Guangdong,unabated,0.0,0.0,0.0,0.0,0.0,True
2050,P0090,Guangdong,retire,1.0,34962181.2,28.668988584,28.668988584,0.0,True
2050,P0090,Guangdong,ccs,0.0,0.0,0.0,0.0,0.0,True
2050,P0090,Guangdong,biomass,0.0,0.0,0.0,0.0,0.0,True
2050,P0090,Guangdong,beccs,0.0,0.0,0.0,0.0,0.0,True
2050,P0090,Guangdong,ammonia,0.0,0.0,0.0,0.0,0.0,True
2050,P0091,Guangdong,unabated,0.0,0.0,0.0,0.0,0.0,True
2050,P0091,Guangdong,retire,0.0,0.0,0.0,0.0,0.0,True
2050,P0091,Guangdong,ccs,0.0,0.0,0.0,0.0,0.0,True
2050,P0091,Guangdong,biomass,0.0,0.0,0.0,0.0,0.0,True
2050,P0091,Guangdong,beccs,1.0,35657946.0,29.23951572,55.555079868,30.262898770199996,True
2050,P0091,Guangdong,ammonia,0.0,0.0,0.0,0.0,0.0,True
2050,P0092,Jiangxi,unabated,0.0,0.0,0.0,0.0,0.0,True
2050,P0092,Jiangxi,retire,0.0,0.0,0.0,0.0,0.0,True
2050,P0092,Jiangxi,ccs,0.0,0.0,0.0,0.0,0.0,True
2050,P0092,Jiangxi,biomass,1.0,36462960.0,29.899627199999998,29.899627199999998,0.0,True
2050,P0092,Jiangxi,beccs,0.0,0.0,0.0,0.0,0.0,True
2050,P0092,Jiangxi,ammonia,0.0,0.0,0.0,0.0,0.0,True
2050,P0093,Hunan,unabated,0.0,0.0,0.0,0.0,0.0,True
2050,P0093,Hunan,retire,1.0,18069412.5,14.81691825,14.81691825,0.0,True
2050,P0093,Hunan,ccs,0.0,0.0,0.0,0.0,0.0,True
2050,P0093,Hunan,biomass,0.0,0.0,0.0,0.0,0.0,True
2050,P0093,Hunan,beccs,0.0,0.0,0.0,0.0,0.0,True
2050,P0093,Hunan,ammonia,0.0,0.0,0.0,0.0,0.0,True
2050,P0094,Fujian,unabated,0.0,0.0,0.0,0.0,0.0,True
2050,P0094,Fujian,retire,0.0,0.0,0.0,0.0,0.0,True
2050,P0094,Fujian,ccs,0.0,0.0,0.0,0.0,0.0,True
2050,P0094,Fujian,biomass,1.0,6459012.0,5.29638984,5.29638984,0.0,True
2050,P0094,Fujian,beccs,0.0,0.0,0.0,0.0,0.0,True
2050,P0094,Fujian,ammonia,0.0,0.0,0.0,0.0,0.0,True
2050,P0095,Anhui,unabated,0.0,0.0,0.0,0.0,0.0,True
2050,P0095,Anhui,retire,0.0,0.0,0.0,0.0,0.0,True
2050,P0095,Anhui,ccs,0.0,0.0,0.0,0.0,0.0,True
2050,P0095,Anhui,biomass,1.0,16313541.000000002,13.377103620000002,13.377103620000002,0.0,True
2050,P0095,Anhui,beccs,0.0,0.0,0.0,0.0,0.0,True
2050,P0095,Anhui,ammonia,0.0,0.0,0.0,0.0,0.0,True
2050,P0096,Guangdong,unabated,0.0,0.0,0.0,0.0,0.0,True
2050,P0096,Guangdong,retire,0.0,0.0,0.0,0.0,0.0,True
2050,P0096,Guangdong,ccs,0.0,0.0,0.0,0.0,0.0,True
2050,P0096,Guangdong,biomass,0.0,0.0,0.0,0.0,0.0,True
2050,P0096,Guangdong,beccs,1.0,22564039.0,18.50251198,35.154772762,19.150099899300002,True
2050,P0096,Guangdong,ammonia,0.0,0.0,0.0,0.0,0.0,True
2050,P0097,Gansu,unabated,0.0,0.0,0.0,0.0,0.0,True
2050,P0097,Gansu,retire,1.0,8881952.0,7.28320064,7.28320064,0.0,True
2050,P0097,Gansu,ccs,0.0,0.0,0.0,0.0,0.0,True
2050,P0097,Gansu,biomass,0.0,0.0,0.0,0.0,0.0,True
2050,P0097,Gansu,beccs,0.0,0.0,0.0,0.0,0.0,True
2050,P0097,Gansu,ammonia,0.0,0.0,0.0,0.0,0.0,True
2050,P0098,Xinjiang,unabated,1.0,128966903.99999999,105.75286127999999,0.0,0.0,True
2050,P0098,Xinjiang,retire,0.0,0.0,0.0,0.0,0.0,True
2050,P0098,Xinjiang,ccs,0.0,0.0,0.0,0.0,0.0,True
2050,P0098,Xinjiang,biomass,0.0,0.0,0.0,0.0,0.0,True
2050,P0098,Xinjiang,beccs,0.0,0.0,0.0,0.0,0.0,True
2050,P0098,Xinjiang,ammonia,0.0,0.0,0.0,0.0,0.0,True
2050,P0099,Sichuan,unabated,0.0,0.0,0.0,0.0,0.0,True
2050,P0099,Sichuan,retire,0.0,0.0,0.0,0.0,0.0,True
2050,P0099,Sichuan,ccs,0.0,0.0,0.0,0.0,0.0,True
2050,P0099,Sichuan,biomass,0.0,0.0,0.0,0.0,0.0,True
2050,P0099,Sichuan,beccs,1.0,4996399.999999999,4.097047999999999,7.784391199999998,3.9577483679999985,True
2050,P0099,Sichuan,ammonia,0.0,0.0,0.0,0.0,0.0,True
2050,P0100,Jiangxi,unabated,0.0,0.0,0.0,0.0,0.0,True
2050,P0100,Jiangxi,retire,0.0,0.0,0.0,0.0,0.0,True
2050,P0100,Jiangxi,ccs,0.0,0.0,0.0,0.0,0.0,True
2050,P0100,Jiangxi,biomass,1.0,15157152.0,12.428864639999999,12.428864639999999,0.0,True
2050,P0100,Jiangxi,beccs,0.0,0.0,0.0,0.0,0.0,True
2050,P0100,Jiangxi,ammonia,0.0,0.0,0.0,0.0,0.0,True
2050,P0101,Qinghai,unabated,0.0,0.0,0.0,0.0,0.0,True
2050,P0101,Qinghai,retire,1.0,19952390.0,16.3609598,16.3609598,0.0,True
2050,P0101,Qinghai,ccs,0.0,0.0,0.0,0.0,0.0,True
2050,P0101,Qinghai,biomass,0.0,0.0,0.0,0.0,0.0,True
2050,P0101,Qinghai,beccs,0.0,0.0,0.0,0.0,0.0,True
2050,P0101,Qinghai,ammonia,0.0,0.0,0.0,0.0,0.0,True
2050,P0102,Hunan,unabated,0.0,0.0,0.0,0.0,0.0,True
2050,P0102,Hunan,retire,0.0,0.0,0.0,0.0,0.0,True
2050,P0102,Hunan,ccs,0.0,0.0,0.0,0.0,0.0,True
2050,P0102,Hunan,biomass,1.0,9845388.0,8.07321816,8.07321816,0.0,True
2050,P0102,Hunan,beccs,0.0,0.0,0.0,0.0,0.0,True
2050,P0102,Hunan,ammonia,0.0,0.0,0.0,0.0,0.0,True
2050,P0103,Inner Mongolia,unabated,1.0,19119700.0,15.678153999999997,0.0,0.0,True
2050,P0103,Inner Mongolia,retire,0.0,0.0,0.0,0.0,0.0,True
2050,P0103,Inner Mongolia,ccs,0.0,0.0,0.0,0.0,0.0,True
2050,P0103,Inner Mongolia,biomass,0.0,0.0,0.0,0.0,0.0,True
2050,P0103,Inner Mongolia,beccs,0.0,0.0,0.0,0.0,0.0,True
2050,P0103,Inner Mongolia,ammonia,0.0,0.0,0.0,0.0,0.0,True
2050,P0104,Inner Mongolia,unabated,1.0,22843010.0,18.7312682,0.0,0.0,True
2050,P0104,Inner Mongolia,retire,0.0,0.0,0.0,0.0,0.0,True
2050,P0104,Inner Mongolia,ccs,0.0,0.0,0.0,0.0,0.0,True
2050,P0104,Inner Mongolia,biomass,0.0,0.0,0.0,0.0,0.0,True
2050,P0104,Inner Mongolia,beccs,0.0,0.0,0.0,0.0,0.0,True
2050,P0104,Inner Mongolia,ammonia,0.0,0.0,0.0,0.0,0.0,True
2050,P0105,Liaoning,unabated,0.0,0.0,0.0,0.0,0.0,True
2050,P0105,Liaoning,retire,0.0,0.0,0.0,0.0,0.0,True
2050,P0105,Liaoning,ccs,0.0,0.0,0.0,0.0,0.0,True
2050,P0105,Liaoning,biomass,0.0,0.0,0.0,0.0,0.0,True
2050,P0105,Liaoning,beccs,1.0,4030910.0,3.3053462,6.28015778,3.1929644291999995,True
2050,P0105,Liaoning,ammonia,0.0,0.0,0.0,0.0,0.0,True
2050,P0106,Hubei,unabated,0.0,0.0,0.0,0.0,0.0,True
2050,P0106,Hubei,retire,1.0,39558279.99999999,32.43778959999999,32.43778959999999,0.0,True
2050,P0106,Hubei,ccs,0.0,0.0,0.0,0.0,0.0,True
2050,P0106,Hubei,biomass,0.0,0.0,0.0,0.0,0.0,True
2050,P0106,Hubei,beccs,0.0,0.0,0.0,0.0,0.0,True
2050,P0106,Hubei,ammonia,0.0,0.0,0.0,0.0,0.0,True
2050,P0107,Liaoning,unabated,0.0,0.0,0.0,0.0,0.0,True
2050,P0107,Liaoning,retire,1.0,14387248.0,11.797543359999999,11.797543359999999,0.0,True
2050,P0107,Liaoning,ccs,0.0,0.0,0.0,0.0,0.0,True
2050,P0107,Liaoning,biomass,0.0,0.0,0.0,0.0,0.0,True
2050,P0107,Liaoning,beccs,0.0,0.0,0.0,0.0,0.0,True
2050,P0107,Liaoning,ammonia,0.0,0.0,0.0,0.0,0.0,True
2050,P0108,Guangdong,unabated,0.0,0.0,0.0,0.0,0.0,True
2050,P0108,Guangdong,retire,1.0,22805624.0,18.700611679999998,18.700611679999998,0.0,True
2050,P0108,Guangdong,ccs,0.0,0.0,0.0,0.0,0.0,True
2050,P0108,Guangdong,biomass,0.0,0.0,0.0,0.0,0.0,True
2050,P0108,Guangdong,beccs,0.0,0.0,0.0,0.0,0.0,True
2050,P0108,Guangdong,ammonia,0.0,0.0,0.0,0.0,0.0,True
2050,P0109,Shaanxi,unabated,0.24220444917681472,9166692.411638973,7.5166877775439565,0.0,0.0,True
2050,P0109,Shaanxi,retire,0.0,0.0,0.0,0.0,0.0,True
2050,P0109,Shaanxi,ccs,0.0,0.0,0.0,0.0,0.0,True
2050,P0109,Shaanxi,biomass,0.0,0.0,0.0,0.0,0.0,True
2050,P0109,Shaanxi,beccs,0.7577955508231853,28680227.58836103,23.51778662245604,44.68379458266647,24.340909154242002,True
2050,P0109,Shaanxi,ammonia,0.0,0.0,0.0,0.0,0.0,True
2050,P0110,Guizhou,unabated,0.0,0.0,0.0,0.0,0.0,True
2050,P0110,Guizhou,retire,0.13687776184456907,8615982.332326211,7.065105512507493,7.065105512507493,0.0,True
2050,P0110,Guizhou,ccs,0.0,0.0,0.0,0.0,0.0,True
2050,P0110,Guizhou,biomass,0.8631222381554309,54330563.66767378,44.55106220749251,44.55106220749251,0.0,True
2050,P0110,Guizhou,beccs,0.0,0.0,0.0,0.0,0.0,True
2050,P0110,Guizhou,ammonia,0.0,0.0,0.0,0.0,0.0,True
2050,P0111,Guangxi,unabated,0.0,0.0,0.0,0.0,0.0,True
2050,P0111,Guangxi,retire,0.0,0.0,0.0,0.0,0.0,True
2050,P0111,Guangxi,ccs,0.0,0.0,0.0,0.0,0.0,True
2050,P0111,Guangxi,biomass,1.0,587794.48,0.48199147359999994,0.48199147359999994,0.0,True
2050,P0111,Guangxi,beccs,0.0,0.0,0.0,0.0,0.0,True
2050,P0111,Guangxi,ammonia,0.0,0.0,0.0,0.0,0.0,True
2050,P0112,Guangdong,unabated,0.0,0.0,0.0,0.0,0.0,True
2050,P0112,Guangdong,retire,1.0,41166084.0,33.756188879999996,33.756188879999996,0.0,True
2050,P0112,Guangdong,ccs,0.0,0.0,0.0,0.0,0.0,True
2050,P0112,Guangdong,biomass,0.0,0.0,0.0,0.0,0.0,True
2050,P0112,Guangdong,beccs,0.0,0.0,0.0,0.0,0.0,True
2050,P0112,Guangdong,ammonia,0.0,0.0,0.0,0.0,0.0,True
2050,P0113,Inner Mongolia,unabated,0.41155895468016124,8283035.521892925,6.792089127952198,0.0,0.0,True
2050,P0113,Inner Mongolia,retire,0.0,0.0,0.0,0.0,0.0,True
2050,P0113,Inner Mongolia,ccs,0.0,0.0,0.0,0.0,0.0,True
2050,P0113,Inner Mongolia,biomass,0.08035581351788314,1617241.102860916,1.326137704345951,1.326137704345951,0.0,True
2050,P0113,Inner Mongolia,beccs,0.5080852318019561,10225723.375246169,8.385093167701857,15.931677018633527,8.1,True
2050,P0113,Inner Mongolia,ammonia,0.0,0.0,0.0,0.0,0.0,True
2050,P0114,Guangxi,unabated,0.0,0.0,0.0,0.0,0.0,True
2050,P0114,Guangxi,retire,0.0,0.0,0.0,0.0,0.0,True
2050,P0114,Guangxi,ccs,0.0,0.0,0.0,0.0,0.0,True
2050,P0114,Guangxi,biomass,0.0,0.0,0.0,0.0,0.0,True
2050,P0114,Guangxi,beccs,1.0,29485456.0,24.17807392,45.938340448,25.0243065072,True
2050,P0114,Guangxi,ammonia,0.0,0.0,0.0,0.0,0.0,True
2050,P0115,Shandong,unabated,0.0,0.0,0.0,0.0,0.0,True
2050,P0115,Shandong,retire,0.0,0.0,0.0,0.0,0.0,True
2050,P0115,Shandong,ccs,0.0,0.0,0.0,0.0,0.0,True
2050,P0115,Shandong,biomass,1.0,9550809.0,7.83166338,7.83166338,0.0,True
2050,P0115,Shandong,beccs,0.0,0.0,0.0,0.0,0.0,True
2050,P0115,Shandong,ammonia,0.0,0.0,0.0,0.0,0.0,True
2050,P0116,Liaoning,unabated,0.0,0.0,0.0,0.0,0.0,True
2050,P0116,Liaoning,retire,0.0,0.0,0.0,0.0,0.0,True
2050,P0116,Liaoning,ccs,0.0,0.0,0.0,0.0,0.0,True
2050,P0116,Liaoning,biomass,1.0,2542573.9999999995,2.0849106799999997,2.0849106799999997,0.0,True
2050,P0116,Liaoning,beccs,0.0,0.0,0.0,0.0,0.0,True
2050,P0116,Liaoning,ammonia,0.0,0.0,0.0,0.0,0.0,True
2050,P0117,Henan,unabated,0.0,0.0,0.0,0.0,0.0,True
2050,P0117,Henan,retire,0.0,0.0,0.0,0.0,0.0,True
2050,P0117,Henan,ccs,0.0,0.0,0.0,0.0,0.0,True
2050,P0117,Henan,biomass,1.0,8351072.0,6.8478790400000005,6.8478790400000005,0.0,True
2050,P0117,Henan,beccs,0.0,0.0,0.0,0.0,0.0,True
2050,P0117,Henan,ammonia,0.0,0.0,0.0,0.0,0.0,True
2050,P0118,Liaoning,unabated,0.0,0.0,0.0,0.0,0.0,True
2050,P0118,Liaoning,retire,0.0,0.0,0.0,0.0,0.0,True
2050,P0118,Liaoning,ccs,0.0,0.0,0.0,0.0,0.0,True
2050,P0118,Liaoning,biomass,1.0,16867807.999999996,13.831602559999997,13.831602559999997,0.0,True
2050,P0118,Liaoning,beccs,0.0,0.0,0.0,0.0,0.0,True
2050,P0118,Liaoning,ammonia,0.0,0.0,0.0,0.0,0.0,True
2050,P0119,Guizhou,unabated,0.0,0.0,0.0,0.0,0.0,True
2050,P0119,Guizhou,retire,1.0,27248354.0,22.34365028,22.34365028,0.0,True
2050,P0119,Guizhou,ccs,0.0,0.0,0.0,0.0,0.0,True
2050,P0119,Guizhou,biomass,0.0,0.0,0.0,0.0,0.0,True
2050,P0119,Guizhou,beccs,0.0,0.0,0.0,0.0,0.0,True
2050,P0119,Guizhou,ammonia,0.0,0.0,0.0,0.0,0.0,True
2050,P0120,Inner Mongolia,unabated,0.0,0.0,0.0,0.0,0.0,True
2050,P0120,Inner Mongolia,retire,1.0,23648049.999999996,19.391400999999995,19.391400999999995,0.0,True
2050,P0120,Inner Mongolia,ccs,0.0,0.0,0.0,0.0,0.0,True
2050,P0120,Inner Mongolia,biomass,0.0,0.0,0.0,0.0,0.0,True
2050,P0120,Inner Mongolia,beccs,0.0,0.0,0.0,0.0,0.0,True
2050,P0120,Inner Mongolia,ammonia,0.0,0.0,0.0,0.0,0.0,True
2050,P0121,Guangdong,unabated,0.0,0.0,0.0,0.0,0.0,True
2050,P0121,Guangdong,retire,1.0,32662292.0,26.783079439999998,26.783079439999998,0.0,True
2050,P0121,Guangdong,ccs,0.0,0.0,0.0,0.0,0.0,True
2050,P0121,Guangdong,biomass,0.0,0.0,0.0,0.0,0.0,True
2050,P0121,Guangdong,beccs,0.0,0.0,0.0,0.0,0.0,True
2050,P0121,Guangdong,ammonia,0.0,0.0,0.0,0.0,0.0,True
2050,P0122,Shaanxi,unabated,0.0,0.0,0.0,0.0,0.0,True
2050,P0122,Shaanxi,retire,0.9347328450992105,31347032.441335008,25.704566601894705,25.704566601894705,0.0,True
2050,P0122,Shaanxi,ccs,0.06526715490078949,2188787.5586649943,1.7948057981052952,1.615325218294766,1.8576240010389806,True
2050,P0122,Shaanxi,biomass,0.0,0.0,0.0,0.0,0.0,True
2050,P0122,Shaanxi,beccs,0.0,0.0,0.0,0.0,0.0,True
2050,P0122,Shaanxi,ammonia,0.0,0.0,0.0,0.0,0.0,True
2050,P0123,Hebei,unabated,0.0,0.0,0.0,0.0,0.0,True
2050,P0123,Hebei,retire,0.0,0.0,0.0,0.0,0.0,True
2050,P0123,Hebei,ccs,0.0,0.0,0.0,0.0,0.0,True
2050,P0123,Hebei,biomass,1.0,29973912.800000004,24.578608496000005,24.578608496000005,0.0,True
2050,P0123,Hebei,beccs,0.0,0.0,0.0,0.0,0.0,True
2050,P0123,Hebei,ammonia,0.0,0.0,0.0,0.0,0.0,True
2050,P0124,Henan,unabated,0.0,0.0,0.0,0.0,0.0,True
2050,P0124,Henan,retire,1.0,42007332.0,34.446012239999995,34.446012239999995,0.0,True
2050,P0124,Henan,ccs,0.0,0.0,0.0,0.0,0.0,True
2050,P0124,Henan,biomass,0.0,0.0,0.0,0.0,0.0,True
2050,P0124,Henan,beccs,0.0,0.0,0.0,0.0,0.0,True
2050,P0124,Henan,ammonia,0.0,0.0,0.0,0.0,0.0,True
2050,P0125,Xinjiang,unabated,0.03130422202072792,1969007.1408701912,1.6145858555135564,0.0,0.0,True
2050,P0125,Xinjiang,retire,0.44679926111540125,28103267.830429643,23.044679620952305,23.044679620952305,0.0,True
2050,P0125,Xinjiang,ccs,0.5218965168638708,32826817.028700158,26.91798996353413,24.226190967180717,26.002778304773962,True
2050,P0125,Xinjiang,biomass,0.0,0.0,0.0,0.0,0.0,True
2050,P0125,Xinjiang,beccs,0.0,0.0,0.0,0.0,0.0,True
2050,P0125,Xinjiang,ammonia,0.0,0.0,0.0,0.0,0.0,True
2050,P0126,Jiangsu,unabated,0.0,0.0,0.0,0.0,0.0,True
2050,P0126,Jiangsu,retire,1.0,86326786.00000001,70.78796452000002,70.78796452000002,0.0,True
2050,P0126,Jiangsu,ccs,0.0,0.0,0.0,0.0,0.0,True
2050,P0126,Jiangsu,biomass,0.0,0.0,0.0,0.0,0.0,True
2050,P0126,Jiangsu,beccs,0.0,0.0,0.0,0.0,0.0,True
2050,P0126,Jiangsu,ammonia,0.0,0.0,0.0,0.0,0.0,True
2050,P0127,Hebei,unabated,0.0,0.0,0.0,0.0,0.0,True
2050,P0127,Hebei,retire,0.0,0.0,0.0,0.0,0.0,True
2050,P0127,Hebei,ccs,0.0,0.0,0.0,0.0,0.0,True
2050,P0127,Hebei,biomass,1.0,7796425.000000001,6.3930685,6.3930685,0.0,True
2050,P0127,Hebei,beccs,0.0,0.0,0.0,0.0,0.0,True
2050,P0127,Hebei,ammonia,0.0,0.0,0.0,0.0,0.0,True
2050,P0128,Xinjiang,unabated,0.0,0.0,0.0,0.0,0.0,True
2050,P0128,Xinjiang,retire,0.0,0.0,0.0,0.0,0.0,True
2050,P0128,Xinjiang,ccs,0.5720844280583387,2930653.513017847,2.403135880674635,2.1628222926071716,2.4872456364982476,True
2050,P0128,Xinjiang,biomass,0.0,0.0,0.0,0.0,0.0,True
2050,P0128,Xinjiang,beccs,0.4279155719416616,2192110.486982154,1.7975305993253663,2.965925488886854,1.8604441703017545,True
2050,P0128,Xinjiang,ammonia,0.0,0.0,0.0,0.0,0.0,True
2050,P0129,Inner Mongolia,unabated,0.0,0.0,0.0,0.0,0.0,True
2050,P0129,Inner Mongolia,retire,1.0,67573045.0,55.4098969,55.4098969,0.0,True
2050,P0129,Inner Mongolia,ccs,0.0,0.0,0.0,0.0,0.0,True
2050,P0129,Inner Mongolia,biomass,0.0,0.0,0.0,0.0,0.0,True
2050,P0129,Inner Mongolia,beccs,0.0,0.0,0.0,0.0,0.0,True
2050,P0129,Inner Mongolia,ammonia,0.0,0.0,0.0,0.0,0.0,True
2050,P0130,Hebei,unabated,0.0,0.0,0.0,0.0,0.0,True
2050,P0130,Hebei,retire,0.0,0.0,0.0,0.0,0.0,True
2050,P0130,Hebei,ccs,0.0,0.0,0.0,0.0,0.0,True
2050,P0130,Hebei,biomass,1.0,5791630.0,4.7491366,4.7491366,0.0,True
2050,P0130,Hebei,beccs,0.0,0.0,0.0,0.0,0.0,True
2050,P0130,Hebei,ammonia,0.0,0.0,0.0,0.0,0.0,True
2050,P0131,Zhejiang,unabated,0.0,0.0,0.0,0.0,0.0,True
2050,P0131,Zhejiang,retire,1.0,68084190.0,55.8290358,55.8290358,0.0,True
2050,P0131,Zhejiang,ccs,0.0,0.0,0.0,0.0,0.0,True
2050,P0131,Zhejiang,biomass,0.0,0.0,0.0,0.0,0.0,True
2050,P0131,Zhejiang,beccs,0.0,0.0,0.0,0.0,0.0,True
2050,P0131,Zhejiang,ammonia,0.0,0.0,0.0,0.0,0.0,True
2050,P0132,Jilin,unabated,0.0,0.0,0.0,0.0,0.0,True
2050,P0132,Jilin,retire,0.0,0.0,0.0,0.0,0.0,True
2050,P0132,Jilin,ccs,0.0,0.0,0.0,0.0,0.0,True
2050,P0132,Jilin,biomass,0.0,0.0,0.0,0.0,0.0,True
2050,P0132,Jilin,beccs,1.0,6228808.0,5.107622559999999,9.704482864,4.933963392959998,True
2050,P0132,Jilin,ammonia,0.0,0.0,0.0,0.0,0.0,True
2050,P0133,Anhui,unabated,0.0,0.0,0.0,0.0,0.0,True
2050,P0133,Anhui,retire,0.0,0.0,0.0,0.0,0.0,True
2050,P0133,Anhui,ccs,0.0,0.0,0.0,0.0,0.0,True
2050,P0133,Anhui,biomass,0.47549233063181195,14740647.398373984,12.087330866666667,12.087330866666667,0.0,True
2050,P0133,Anhui,beccs,0.5245076693681883,16260162.601626027,13.333333333333343,25.33333333333335,13.8,True
2050,P0133,Anhui,ammonia,0.0,0.0,0.0,0.0,0.0,True
2050,P0134,Shanxi,unabated,0.0,0.0,0.0,0.0,0.0,True
2050,P0134,Shanxi,retire,1.0,14837547.5,12.166788949999999,12.166788949999999,0.0,True
2050,P0134,Shanxi,ccs,0.0,0.0,0.0,0.0,0.0,True
2050,P0134,Shanxi,biomass,0.0,0.0,0.0,0.0,0.0,True
2050,P0134,Shanxi,beccs,0.0,0.0,0.0,0.0,0.0,True
2050,P0134,Shanxi,ammonia,0.0,0.0,0.0,0.0,0.0,True
2050,P0135,Liaoning,unabated,0.0,0.0,0.0,0.0,0.0,True
2050,P0135,Liaoning,retire,0.0,0.0,0.0,0.0,0.0,True
2050,P0135,Liaoning,ccs,0.0,0.0,0.0,0.0,0.0,True
2050,P0135,Liaoning,biomass,1.0,5891330.0,4.8308906,4.8308906,0.0,True
2050,P0135,Liaoning,beccs,0.0,0.0,0.0,0.0,0.0,True
2050,P0135,Liaoning,ammonia,0.0,0.0,0.0,0.0,0.0,True
2050,P0136,Inner Mongolia,unabated,0.0,0.0,0.0,0.0,0.0,True
2050,P0136,Inner Mongolia,retire,0.0,0.0,0.0,0.0,0.0,True
2050,P0136,Inner Mongolia,ccs,0.0,0.0,0.0,0.0,0.0,True
2050,P0136,Inner Mongolia,biomass,0.0,0.0,0.0,0.0,0.0,True
2050,P0136,Inner Mongolia,beccs,1.0,4427720.0,3.6307304,6.898387759999999,3.507285566399999,True
2050,P0136,Inner Mongolia,ammonia,0.0,0.0,0.0,0.0,0.0,True
2050,P0137,Xinjiang,unabated,0.0,0.0,0.0,0.0,0.0,True
2050,P0137,Xinjiang,retire,0.0,0.0,0.0,0.0,0.0,True
2050,P0137,Xinjiang,ccs,1.0,7393679.999999999,6.062817599999999,5.456535839999999,6.275016215999998,True
2050,P0137,Xinjiang,biomass,0.0,0.0,0.0,0.0,0.0,True
2050,P0137,Xinjiang,beccs,0.0,0.0,0.0,0.0,0.0,True
2050,P0137,Xinjiang,ammonia,0.0,0.0,0.0,0.0,0.0,True
2050,P0138,Jilin,unabated,0.0,0.0,0.0,0.0,0.0,True
2050,P0138,Jilin,retire,0.0,0.0,0.0,0.0,0.0,True
2050,P0138,Jilin,ccs,0.0,0.0,0.0,0.0,0.0,True
2050,P0138,Jilin,biomass,1.0,4345680.000000001,3.5634576000000004,3.5634576000000004,0.0,True
2050,P0138,Jilin,beccs,0.0,0.0,0.0,0.0,0.0,True
2050,P0138,Jilin,ammonia,0.0,0.0,0.0,0.0,0.0,True
2050,P0139,Heilongjiang,unabated,0.0,0.0,0.0,0.0,0.0,True
2050,P0139,Heilongjiang,retire,0.0,0.0,0.0,0.0,0.0,True
2050,P0139,Heilongjiang,ccs,0.0,0.0,0.0,0.0,0.0,True
2050,P0139,Heilongjiang,biomass,1.0,4156807.5000000005,3.4085821500000004,3.4085821500000004,0.0,True
2050,P0139,Heilongjiang,beccs,0.0,0.0,0.0,0.0,0.0,True
2050,P0139,Heilongjiang,ammonia,0.0,0.0,0.0,0.0,0.0,True
2050,P0140,Guangdong,unabated,0.06058820398145817,3360701.409034387,2.7557751554081973,0.0,0.0,True
2050,P0140,Guangdong,retire,0.17047916771050076,9456124.154315969,7.754021806539093,7.754021806539093,0.0,True
2050,P0140,Guangdong,ccs,0.0,0.0,0.0,0.0,0.0,True
2050,P0140,Guangdong,biomass,0.0,0.0,0.0,0.0,0.0,True
2050,P0140,Guangdong,beccs,0.7689326283079215,42651090.43664301,34.973894158047266,66.45039890028981,36.19798045357892,True
2050,P0140,Guangdong,ammonia,0.0,0.0,0.0,0.0,0.0,True
2050,P0141,Shandong,unabated,0.0,0.0,0.0,0.0,0.0,True
2050,P0141,Shandong,retire,1.0,46881825.00000001,38.44309650000001,38.44309650000001,0.0,True
2050,P0141,Shandong,ccs,0.0,0.0,0.0,0.0,0.0,True
2050,P0141,Shandong,biomass,0.0,0.0,0.0,0.0,0.0,True
2050,P0141,Shandong,beccs,0.0,0.0,0.0,0.0,0.0,True
2050,P0141,Shandong,ammonia,0.0,0.0,0.0,0.0,0.0,True
2050,P0142,Jiangsu,unabated,0.05191167842369372,1736621.3643040194,1.424029518729296,0.0,0.0,True
2050,P0142,Jiangsu,retire,0.22132482364672335,7404064.5355109405,6.071332919118971,6.071332919118971,0.0,True
2050,P0142,Jiangsu,ccs,0.0,0.0,0.0,0.0,0.0,True
2050,P0142,Jiangsu,biomass,0.0,0.0,0.0,0.0,0.0,True
2050,P0142,Jiangsu,beccs,0.726763497929583,24312699.100185044,19.936413262151735,37.8791851980883,20.634187726327045,True
2050,P0142,Jiangsu,ammonia,0.0,0.0,0.0,0.0,0.0,True
2050,P0143,Yunnan,unabated,0.0,0.0,0.0,0.0,0.0,True
2050,P0143,Yunnan,retire,0.0,0.0,0.0,0.0,0.0,True
2050,P0143,Yunnan,ccs,0.0,0.0,0.0,0.0,0.0,True
2050,P0143,Yunnan,biomass,1.0,11205499.999999998,9.188509999999997,9.188509999999997,0.0,True
2050,P0143,Yunnan,beccs,0.0,0.0,0.0,0.0,0.0,True
2050,P0143,Yunnan,ammonia,0.0,0.0,0.0,0.0,0.0,True
2050,P0144,Shanxi,unabated,0.0,0.0,0.0,0.0,0.0,True
2050,P0144,Shanxi,retire,1.0,32892597.499999996,26.971929949999996,26.971929949999996,0.0,True
2050,P0144,Shanxi,ccs,0.0,0.0,0.0,0.0,0.0,True
2050,P0144,Shanxi,biomass,0.0,0.0,0.0,0.0,0.0,True
2050,P0144,Shanxi,beccs,0.0,0.0,0.0,0.0,0.0,True
2050,P0144,Shanxi,ammonia,0.0,0.0,0.0,0.0,0.0,True
2050,P0145,Liaoning,unabated,0.0,0.0,0.0,0.0,0.0,True
2050,P0145,Liaoning,retire,0.0,0.0,0.0,0.0,0.0,True
2050,P0145,Liaoning,ccs,0.0,0.0,0.0,0.0,0.0,True
2050,P0145,Liaoning,biomass,1.0,8185847.999999999,6.712395359999999,6.712395359999999,0.0,True
2050,P0145,Liaoning,beccs,0.0,0.0,0.0,0.0,0.0,True
2050,P0145,Liaoning,ammonia,0.0,0.0,0.0,0.0,0.0,True
2050,P0146,Shanxi,unabated,0.0,0.0,0.0,0.0,0.0,True
2050,P0146,Shanxi,retire,1.0,19906850.0,16.323617,16.323617,0.0,True
2050,P0146,Shanxi,ccs,0.0,0.0,0.0,0.0,0.0,True
2050,P0146,Shanxi,biomass,0.0,0.0,0.0,0.0,0.0,True
2050,P0146,Shanxi,beccs,0.0,0.0,0.0,0.0,0.0,True
2050,P0146,Shanxi,ammonia,0.0,0.0,0.0,0.0,0.0,True
2050,P0147,Inner Mongolia,unabated,0.14418463957347094,2263450.843723427,1.8560296918532102,0.0,0.0,True
2050,P0147,Inner Mongolia,retire,0.0,0.0,0.0,0.0,0.0,True
2050,P0147,Inner Mongolia,ccs,0.0,0.0,0.0,0.0,0.0,True
2050,P0147,Inner Mongolia,biomass,0.8558153604265291,13434829.15627657,11.016559908146787,11.016559908146787,0.0,True
2050,P0147,Inner Mongolia,beccs,0.0,0.0,0.0,0.0,0.0,True
2050,P0147,Inner Mongolia,ammonia,0.0,0.0,0.0,0.0,0.0,True
2050,P0148,Shandong,unabated,0.0,0.0,0.0,0.0,0.0,True
2050,P0148,Shandong,retire,0.0,0.0,0.0,0.0,0.0,True
2050,P0148,Shandong,ccs,0.0,0.0,0.0,0.0,0.0,True
2050,P0148,Shandong,biomass,1.0,9114699.000000002,7.47405318,7.47405318,0.0,True
2050,P0148,Shandong,beccs,0.0,0.0,0.0,0.0,0.0,True
2050,P0148,Shandong,ammonia,0.0,0.0,0.0,0.0,0.0,True
2050,P0149,Shaanxi,unabated,1.0,42384920.0,34.7556344,0.0,0.0,True
2050,P0149,Shaanxi,retire,0.0,0.0,0.0,0.0,0.0,True
2050,P0149,Shaanxi,ccs,0.0,0.0,0.0,0.0,0.0,True
2050,P0149,Shaanxi,biomass,0.0,0.0,0.0,0.0,0.0,True
2050,P0149,Shaanxi,beccs,0.0,0.0,0.0,0.0,0.0,True
2050,P0149,Shaanxi,ammonia,0.0,0.0,0.0,0.0,0.0,True
2050,P0150,Guizhou,unabated,0.0,0.0,0.0,0.0,0.0,True
2050,P0150,Guizhou,retire,0.0,0.0,0.0,0.0,0.0,True
2050,P0150,Guizhou,ccs,0.0,0.0,0.0,0.0,0.0,True
2050,P0150,Guizhou,biomass,1.0,664594.0,0.5449670799999999,0.5449670799999999,0.0,True
2050,P0150,Guizhou,beccs,0.0,0.0,0.0,0.0,0.0,True
2050,P0150,Guizhou,ammonia,0.0,0.0,0.0,0.0,0.0,True
2050,P0151,Shandong,unabated,0.0,0.0,0.0,0.0,0.0,True
2050,P0151,Shandong,retire,1.0,16899262.500000004,13.857395250000001,13.857395250000001,0.0,True
2050,P0151,Shandong,ccs,0.0,0.0,0.0,0.0,0.0,True
2050,P0151,Shandong,biomass,0.0,0.0,0.0,0.0,0.0,True
2050,P0151,Shandong,beccs,0.0,0.0,0.0,0.0,0.0,True
2050,P0151,Shandong,ammonia,0.0,0.0,0.0,0.0,0.0,True
2050,P0152,Guangdong,unabated,0.0,0.0,0.0,0.0,0.0,True
2050,P0152,Guangdong,retire,1.0,6426161.0,5.269452019999999,5.269452019999999,0.0,True
2050,P0152,Guangdong,ccs,0.0,0.0,0.0,0.0,0.0,True
2050,P0152,Guangdong,biomass,0.0,0.0,0.0,0.0,0.0,True
2050,P0152,Guangdong,beccs,0.0,0.0,0.0,0.0,0.0,True
2050,P0152,Guangdong,ammonia,0.0,0.0,0.0,0.0,0.0,True
2050,P0153,Heilongjiang,unabated,0.0,0.0,0.0,0.0,0.0,True
2050,P0153,Heilongjiang,retire,0.0,0.0,0.0,0.0,0.0,True
2050,P0153,Heilongjiang,ccs,0.0,0.0,0.0,0.0,0.0,True
2050,P0153,Heilongjiang,biomass,0.0,0.0,0.0,0.0,0.0,True
2050,P0153,Heilongjiang,beccs,1.0,7391812.500000001,6.06128625,11.516443875,5.855202517499999,True
2050,P0153,Heilongjiang,ammonia,0.0,0.0,0.0,0.0,0.0,True
2050,P0154,Tianjin,unabated,0.0,0.0,0.0,0.0,0.0,True
2050,P0154,Tianjin,retire,1.0,26537140.0,21.760454799999998,21.760454799999998,0.0,True
2050,P0154,Tianjin,ccs,0.0,0.0,0.0,0.0,0.0,True
2050,P0154,Tianjin,biomass,0.0,0.0,0.0,0.0,0.0,True
2050,P0154,Tianjin,beccs,0.0,0.0,0.0,0.0,0.0,True
2050,P0154,Tianjin,ammonia,0.0,0.0,0.0,0.0,0.0,True
2050,P0155,Shanxi,unabated,0.18001236567698256,2551770.5100126704,2.0924518182103897,0.0,0.0,True
2050,P0155,Shanxi,retire,0.0,0.0,0.0,0.0,0.0,True
2050,P0155,Shanxi,ccs,0.0,0.0,0.0,0.0,0.0,True
2050,P0155,Shanxi,biomass,0.000660055204148823,9356.63168801256,0.007672437984170298,0.007672437984170298,0.0,True
2050,P0155,Shanxi,beccs,0.8193275791188689,11614401.858299319,9.523809523805442,18.095238095230336,9.2,True
2050,P0155,Shanxi,ammonia,0.0,0.0,0.0,0.0,0.0,True
2050,P0156,Yunnan,unabated,0.0,0.0,0.0,0.0,0.0,True
2050,P0156,Yunnan,retire,0.0,0.0,0.0,0.0,0.0,True
2050,P0156,Yunnan,ccs,0.0,0.0,0.0,0.0,0.0,True
2050,P0156,Yunnan,biomass,1.0,2689319.9999999995,2.2052423999999995,2.2052423999999995,0.0,True
2050,P0156,Yunnan,beccs,0.0,0.0,0.0,0.0,0.0,True
2050,P0156,Yunnan,ammonia,0.0,0.0,0.0,0.0,0.0,True
2050,P0157,Guizhou,unabated,0.0,0.0,0.0,0.0,0.0,True
2050,P0157,Guizhou,retire,0.0,0.0,0.0,0.0,0.0,True
2050,P0157,Guizhou,ccs,0.0,0.0,0.0,0.0,0.0,True
2050,P0157,Guizhou,biomass,1.0,24495036.0,20.08592952,20.08592952,0.0,True
2050,P0157,Guizhou,beccs,0.0,0.0,0.0,0.0,0.0,True
2050,P0157,Guizhou,ammonia,0.0,0.0,0.0,0.0,0.0,True
2050,P0158,Guangxi,unabated,0.0,0.0,0.0,0.0,0.0,True
2050,P0158,Guangxi,retire,0.0,0.0,0.0,0.0,0.0,True
2050,P0158,Guangxi,ccs,0.0,0.0,0.0,0.0,0.0,True
2050,P0158,Guangxi,biomass,1.0,7299565.0,5.9856432999999996,5.9856432999999996,0.0,True
2050,P0158,Guangxi,beccs,0.0,0.0,0.0,0.0,0.0,True
2050,P0158,Guangxi,ammonia,0.0,0.0,0.0,0.0,0.0,True
2050,P0159,Fujian,unabated,0.0,0.0,0.0,0.0,0.0,True
2050,P0159,Fujian,retire,0.0,0.0,0.0,0.0,0.0,True
2050,P0159,Fujian,ccs,0.0,0.0,0.0,0.0,0.0,True
2050,P0159,Fujian,biomass,0.0,0.0,0.0,0.0,0.0,True
2050,P0159,Fujian,beccs,1.0,17480341.999999996,14.333880439999996,27.23437283599999,14.835566255399995,True
2050,P0159,Fujian,ammonia,0.0,0.0,0.0,0.0,0.0,True
2050,P0160,Hubei,unabated,0.0,0.0,0.0,0.0,0.0,True
2050,P0160,Hubei,retire,0.0,0.0,0.0,0.0,0.0,True
2050,P0160,Hubei,ccs,0.0,0.0,0.0,0.0,0.0,True
2050,P0160,Hubei,biomass,0.0,0.0,0.0,0.0,0.0,True
2050,P0160,Hubei,beccs,1.0,16573231.999999998,13.590050239999998,25.821095455999995,14.065701998399998,True
2050,P0160,Hubei,ammonia,0.0,0.0,0.0,0.0,0.0,True
2050,P0161,Zhejiang,unabated,0.0,0.0,0.0,0.0,0.0,True
2050,P0161,Zhejiang,retire,0.0,0.0,0.0,0.0,0.0,True
2050,P0161,Zhejiang,ccs,0.0,0.0,0.0,0.0,0.0,True
2050,P0161,Zhejiang,biomass,0.0,0.0,0.0,0.0,0.0,True
2050,P0161,Zhejiang,beccs,1.0,2629267.5,2.15599935,4.096398765,2.0826953721,True
2050,P0161,Zhejiang,ammonia,0.0,0.0,0.0,0.0,0.0,True
2050,P0162,Shandong,unabated,0.0,0.0,0.0,0.0,0.0,True
2050,P0162,Shandong,retire,0.0,0.0,0.0,0.0,0.0,True
2050,P0162,Shandong,ccs,0.0,0.0,0.0,0.0,0.0,True
2050,P0162,Shandong,biomass,1.0,5974707.0,4.899259739999999,4.899259739999999,0.0,True
2050,P0162,Shandong,beccs,0.0,0.0,0.0,0.0,0.0,True
2050,P0162,Shandong,ammonia,0.0,0.0,0.0,0.0,0.0,True
2050,P0163,Hebei,unabated,0.0,0.0,0.0,0.0,0.0,True
2050,P0163,Hebei,retire,0.0,0.0,0.0,0.0,0.0,True
2050,P0163,Hebei,ccs,0.0,0.0,0.0,0.0,0.0,True
2050,P0163,Hebei,biomass,1.0,11583260.0,9.4982732,9.4982732,0.0,True
2050,P0163,Hebei,beccs,0.0,0.0,0.0,0.0,0.0,True
2050,P0163,Hebei,ammonia,0.0,0.0,0.0,0.0,0.0,True
2050,P0164,Hunan,unabated,0.0,0.0,0.0,0.0,0.0,True
2050,P0164,Hunan,retire,0.0,0.0,0.0,0.0,0.0,True
2050,P0164,Hunan,ccs,0.0,0.0,0.0,0.0,0.0,True
2050,P0164,Hunan,biomass,1.0,12502080.0,10.2517056,10.2517056,0.0,True
2050,P0164,Hunan,beccs,0.0,0.0,0.0,0.0,0.0,True
2050,P0164,Hunan,ammonia,0.0,0.0,0.0,0.0,0.0,True
2050,P0165,Hebei,unabated,0.0,0.0,0.0,0.0,0.0,True
2050,P0165,Hebei,retire,1.0,5346120.0,4.383818399999999,4.383818399999999,0.0,True
2050,P0165,Hebei,ccs,0.0,0.0,0.0,0.0,0.0,True
2050,P0165,Hebei,biomass,0.0,0.0,0.0,0.0,0.0,True
2050,P0165,Hebei,beccs,0.0,0.0,0.0,0.0,0.0,True
2050,P0165,Hebei,ammonia,0.0,0.0,0.0,0.0,0.0,True
2050,P0166,Guangxi,unabated,0.0,0.0,0.0,0.0,0.0,True
2050,P0166,Guangxi,retire,0.0,0.0,0.0,0.0,0.0,True
2050,P0166,Guangxi,ccs,0.0,0.0,0.0,0.0,0.0,True
2050,P0166,Guangxi,biomass,1.0,8807344.0,7.2220220799999995,7.2220220799999995,0.0,True
2050,P0166,Guangxi,beccs,0.0,0.0,0.0,0.0,0.0,True
2050,P0166,Guangxi,ammonia,0.0,0.0,0.0,0.0,0.0,True
2050,P0167,Shandong,unabated,0.0,0.0,0.0,0.0,0.0,True
2050,P0167,Shandong,retire,1.0,52621032.60000001,43.14924673200001,43.14924673200001,0.0,True
2050,P0167,Shandong,ccs,0.0,0.0,0.0,0.0,0.0,True
2050,P0167,Shandong,biomass,0.0,0.0,0.0,0.0,0.0,True
2050,P0167,Shandong,beccs,0.0,0.0,0.0,0.0,0.0,True
2050,P0167,Shandong,ammonia,0.0,0.0,0.0,0.0,0.0,True
2050,P0168,Xinjiang,unabated,0.0,0.0,0.0,0.0,0.0,True
2050,P0168,Xinjiang,retire,0.0,0.0,0.0,0.0,0.0,True
2050,P0168,Xinjiang,ccs,0.017401520573733235,148879.4749354799,0.12208116944709352,0.10987305250238417,0.1263540103777418,True
2050,P0168,Xinjiang,biomass,0.0,0.0,0.0,0.0,0.0,True
2050,P0168,Xinjiang,beccs,0.9825984794262672,8406664.525064522,6.8934649105529076,13.097583330050524,7.13473618242226,True
2050,P0168,Xinjiang,ammonia,0.0,0.0,0.0,0.0,0.0,True
2050,P0169,Guizhou,unabated,0.0,0.0,0.0,0.0,0.0,True
2050,P0169,Guizhou,retire,0.0,0.0,0.0,0.0,0.0,True
2050,P0169,Guizhou,ccs,0.0,0.0,0.0,0.0,0.0,True
2050,P0169,Guizhou,biomass,1.0,7120650.0,5.838933,5.838933,0.0,True
2050,P0169,Guizhou,beccs,0.0,0.0,0.0,0.0,0.0,True
2050,P0169,Guizhou,ammonia,0.0,0.0,0.0,0.0,0.0,True
2050,P0170,Shandong,unabated,0.0,0.0,0.0,0.0,0.0,True
2050,P0170,Shandong,retire,1.0,33013527.000000004,27.07109214,27.07109214,0.0,True
2050,P0170,Shandong,ccs,0.0,0.0,0.0,0.0,0.0,True
2050,P0170,Shandong,biomass,0.0,0.0,0.0,0.0,0.0,True
2050,P0170,Shandong,beccs,0.0,0.0,0.0,0.0,0.0,True
2050,P0170,Shandong,ammonia,0.0,0.0,0.0,0.0,0.0,True
2050,P0171,Shaanxi,unabated,0.0,0.0,0.0,0.0,0.0,True
2050,P0171,Shaanxi,retire,1.0,15202300.0,12.465886,12.465886,0.0,True
2050,P0171,Shaanxi,ccs,0.0,0.0,0.0,0.0,0.0,True
2050,P0171,Shaanxi,biomass,0.0,0.0,0.0,0.0,0.0,True
2050,P0171,Shaanxi,beccs,0.0,0.0,0.0,0.0,0.0,True
2050,P0171,Shaanxi,ammonia,0.0,0.0,0.0,0.0,0.0,True
2050,P0172,Sichuan,unabated,0.0,0.0,0.0,0.0,0.0,True
2050,P0172,Sichuan,retire,0.0,0.0,0.0,0.0,0.0,True
2050,P0172,Sichuan,ccs,0.0,0.0,0.0,0.0,0.0,True
2050,P0172,Sichuan,biomass,0.0,0.0,0.0,0.0,0.0,True
2050,P0172,Sichuan,beccs,1.0,16288263.999999998,13.356376479999998,25.377115311999994,12.902259679679995,True
2050,P0172,Sichuan,ammonia,0.0,0.0,0.0,0.0,0.0,True
2050,P0173,Ningxia,unabated,0.0,0.0,0.0,0.0,0.0,True
2050,P0173,Ningxia,retire,1.0,26644024.0,21.84809968,21.84809968,0.0,True
2050,P0173,Ningxia,ccs,0.0,0.0,0.0,0.0,0.0,True
2050,P0173,Ningxia,biomass,0.0,0.0,0.0,0.0,0.0,True
2050,P0173,Ningxia,beccs,0.0,0.0,0.0,0.0,0.0,True
2050,P0173,Ningxia,ammonia,0.0,0.0,0.0,0.0,0.0,True
2050,P0174,Shanxi,unabated,0.0,0.0,0.0,0.0,0.0,True
2050,P0174,Shanxi,retire,1.0,37452655.0,30.711177099999997,30.711177099999997,0.0,True
2050,P0174,Shanxi,ccs,0.0,0.0,0.0,0.0,0.0,True
2050,P0174,Shanxi,biomass,0.0,0.0,0.0,0.0,0.0,True
2050,P0174,Shanxi,beccs,0.0,0.0,0.0,0.0,0.0,True
2050,P0174,Shanxi,ammonia,0.0,0.0,0.0,0.0,0.0,True
2050,P0175,Guizhou,unabated,0.0,0.0,0.0,0.0,0.0,True
2050,P0175,Guizhou,retire,0.0,0.0,0.0,0.0,0.0,True
2050,P0175,Guizhou,ccs,0.0,0.0,0.0,0.0,0.0,True
2050,P0175,Guizhou,biomass,1.0,8544780.0,7.006719599999999,7.006719599999999,0.0,True
2050,P0175,Guizhou,beccs,0.0,0.0,0.0,0.0,0.0,True
2050,P0175,Guizhou,ammonia,0.0,0.0,0.0,0.0,0.0,True
2050,P0176,Hubei,unabated,0.0,0.0,0.0,0.0,0.0,True
2050,P0176,Hubei,retire,0.0,0.0,0.0,0.0,0.0,True
2050,P0176,Hubei,ccs,0.0,0.0,0.0,0.0,0.0,True
2050,P0176,Hubei,biomass,0.5601601302475409,9871769.194568042,8.094850739545794,8.094850739545794,0.0,True
2050,P0176,Hubei,beccs,0.4398398697524597,7751350.805431968,6.356107660454213,12.076604554863005,6.139999999998769,True
2050,P0176,Hubei,ammonia,0.0,0.0,0.0,0.0,0.0,True
2050,P0177,Jilin,unabated,0.0,0.0,0.0,0.0,0.0,True
2050,P0177,Jilin,retire,0.0,0.0,0.0,0.0,0.0,True
2050,P0177,Jilin,ccs,0.0,0.0,0.0,0.0,0.0,True
2050,P0177,Jilin,biomass,0.0,0.0,0.0,0.0,0.0,True
2050,P0177,Jilin,beccs,1.0,7460084.0,6.11726888,11.622810872,5.909281738079999,True
2050,P0177,Jilin,ammonia,0.0,0.0,0.0,0.0,0.0,True
2050,P0178,Shaanxi,unabated,0.0,0.0,0.0,0.0,0.0,True
2050,P0178,Shaanxi,retire,0.0,0.0,0.0,0.0,0.0,True
2050,P0178,Shaanxi,ccs,0.0,0.0,0.0,0.0,0.0,True
2050,P0178,Shaanxi,biomass,0.0,0.0,0.0,0.0,0.0,True
2050,P0178,Shaanxi,beccs,1.0,6353200.0,5.209624,9.8982856,5.391960839999999,True
2050,P0178,Shaanxi,ammonia,0.0,0.0,0.0,0.0,0.0,True
2050,P0179,Fujian,unabated,0.0,0.0,0.0,0.0,0.0,True
2050,P0179,Fujian,retire,1.0,32038749.999999996,26.271774999999995,26.271774999999995,0.0,True
2050,P0179,Fujian,ccs,0.0,0.0,0.0,0.0,0.0,True
2050,P0179,Fujian,biomass,0.0,0.0,0.0,0.0,0.0,True
2050,P0179,Fujian,beccs,0.0,0.0,0.0,0.0,0.0,True
2050,P0179,Fujian,ammonia,0.0,0.0,0.0,0.0,0.0,True
2050,P0180,Inner Mongolia,unabated,1.0,7547250.0,6.188745,0.0,0.0,True
2050,P0180,Inner Mongolia,retire,0.0,0.0,0.0,0.0,0.0,True
2050,P0180,Inner Mongolia,ccs,0.0,0.0,0.0,0.0,0.0,True
2050,P0180,Inner Mongolia,biomass,0.0,0.0,0.0,0.0,0.0,True
2050,P0180,Inner Mongolia,beccs,0.0,0.0,0.0,0.0,0.0,True
2050,P0180,Inner Mongolia,ammonia,0.0,0.0,0.0,0.0,0.0,True
2050,P0181,Xinjiang,unabated,0.0,0.0,0.0,0.0,0.0,True
2050,P0181,Xinjiang,retire,0.0,0.0,0.0,0.0,0.0,True
2050,P0181,Xinjiang,ccs,1.0,22999625.999999996,18.859693319999998,16.973723988,19.519782586199998,True
2050,P0181,Xinjiang,biomass,0.0,0.0,0.0,0.0,0.0,True
2050,P0181,Xinjiang,beccs,0.0,0.0,0.0,0.0,0.0,True
2050,P0181,Xinjiang,ammonia,0.0,0.0,0.0,0.0,0.0,True
2050,P0182,Jiangxi,unabated,0.0,0.0,0.0,0.0,0.0,True
2050,P0182,Jiangxi,retire,0.0,0.0,0.0,0.0,0.0,True
2050,P0182,Jiangxi,ccs,0.0,0.0,0.0,0.0,0.0,True
2050,P0182,Jiangxi,biomass,1.0,27707083.2,22.719808224,22.719808224,0.0,True
2050,P0182,Jiangxi,beccs,0.0,0.0,0.0,0.0,0.0,True
2050,P0182,Jiangxi,ammonia,0.0,0.0,0.0,0.0,0.0,True
2050,P0183,Xinjiang,unabated,0.0,0.0,0.0,0.0,0.0,True
2050,P0183,Xinjiang,retire,0.0,0.0,0.0,0.0,0.0,True
2050,P0183,Xinjiang,ccs,0.0,0.0,0.0,0.0,0.0,True
2050,P0183,Xinjiang,biomass,1.0,1425923.9999999998,1.1692576799999996,1.1692576799999996,0.0,True
2050,P0183,Xinjiang,beccs,0.0,0.0,0.0,0.0,0.0,True
2050,P0183,Xinjiang,ammonia,0.0,0.0,0.0,0.0,0.0,True
2050,P0184,Shandong,unabated,0.0,0.0,0.0,0.0,0.0,True
2050,P0184,Shandong,retire,0.0,0.0,0.0,0.0,0.0,True
2050,P0184,Shandong,ccs,0.0,0.0,0.0,0.0,0.0,True
2050,P0184,Shandong,biomass,0.0,0.0,0.0,0.0,0.0,True
2050,P0184,Shandong,beccs,1.0,28303539.000000004,23.20890198,44.096913762,24.021213549299997,True
2050,P0184,Shandong,ammonia,0.0,0.0,0.0,0.0,0.0,True
2050,P0185,Guizhou,unabated,0.0,0.0,0.0,0.0,0.0,True
2050,P0185,Guizhou,retire,0.0,0.0,0.0,0.0,0.0,True
2050,P0185,Guizhou,ccs,0.0,0.0,0.0,0.0,0.0,True
2050,P0185,Guizhou,biomass,1.0,7120650.0,5.838933,5.838933,0.0,True
2050,P0185,Guizhou,beccs,0.0,0.0,0.0,0.0,0.0,True
2050,P0185,Guizhou,ammonia,0.0,0.0,0.0,0.0,0.0,True
2050,P0186,Ningxia,unabated,0.468846204234893,11303349.843661463,9.2687468718024,0.0,0.0,True
2050,P0186,Ningxia,retire,0.0,0.0,0.0,0.0,0.0,True
2050,P0186,Ningxia,ccs,0.0,0.0,0.0,0.0,0.0,True
2050,P0186,Ningxia,biomass,0.0,0.0,0.0,0.0,0.0,True
2050,P0186,Ningxia,beccs,0.5311537957651072,12805515.156338543,10.500522428197604,19.950992613575444,10.868040713184518,True
2050,P0186,Ningxia,ammonia,0.0,0.0,0.0,0.0,0.0,True
2050,P0187,Inner Mongolia,unabated,0.0,0.0,0.0,0.0,0.0,True
2050,P0187,Inner Mongolia,retire,0.0,0.0,0.0,0.0,0.0,True
2050,P0187,Inner Mongolia,ccs,0.0,0.0,0.0,0.0,0.0,True
2050,P0187,Inner Mongolia,biomass,0.0,0.0,0.0,0.0,0.0,True
2050,P0187,Inner Mongolia,beccs,1.0,1006300.0,0.825166,1.5678153999999997,0.8540468099999999,True
2050,P0187,Inner Mongolia,ammonia,0.0,0.0,0.0,0.0,0.0,True
2050,P0188,Xinjiang,unabated,0.0,0.0,0.0,0.0,0.0,True
2050,P0188,Xinjiang,retire,0.0,0.0,0.0,0.0,0.0,True
2050,P0188,Xinjiang,ccs,1.0,21124800.0,17.322336,15.590102400000001,17.928617759999998,True
2050,P0188,Xinjiang,biomass,0.0,0.0,0.0,0.0,0.0,True
2050,P0188,Xinjiang,beccs,0.0,0.0,0.0,0.0,0.0,True
2050,P0188,Xinjiang,ammonia,0.0,0.0,0.0,0.0,0.0,True
2050,P0189,Yunnan,unabated,0.0,0.0,0.0,0.0,0.0,True
2050,P0189,Yunnan,retire,0.0,0.0,0.0,0.0,0.0,True
2050,P0189,Yunnan,ccs,0.0,0.0,0.0,0.0,0.0,True
2050,P0189,Yunnan,biomass,1.0,4482200.0,3.675404,3.675404,0.0,True
2050,P0189,Yunnan,beccs,0.0,0.0,0.0,0.0,0.0,True
2050,P0189,Yunnan,ammonia,0.0,0.0,0.0,0.0,0.0,True
2050,P0190,Jiangsu,unabated,0.0,0.0,0.0,0.0,0.0,True
2050,P0190,Jiangsu,retire,0.0,0.0,0.0,0.0,0.0,True
2050,P0190,Jiangsu,ccs,0.0,0.0,0.0,0.0,0.0,True
2050,P0190,Jiangsu,biomass,0.0,0.0,0.0,0.0,0.0,True
2050,P0190,Jiangsu,beccs,1.0,11234720.0,9.2124704,17.50369376,8.8992464064,True
2050,P0190,Jiangsu,ammonia,0.0,0.0,0.0,0.0,0.0,True
2050,P0191,Hunan,unabated,0.0,0.0,0.0,0.0,0.0,True
2050,P0191,Hunan,retire,0.0,0.0,0.0,0.0,0.0,True
2050,P0191,Hunan,ccs,0.0,0.0,0.0,0.0,0.0,True
2050,P0191,Hunan,biomass,1.0,8204490.0,6.7276818,6.7276818,0.0,True
2050,P0191,Hunan,beccs,0.0,0.0,0.0,0.0,0.0,True
2050,P0191,Hunan,ammonia,0.0,0.0,0.0,0.0,0.0,True
2050,P0192,Shaanxi,unabated,0.0,0.0,0.0,0.0,0.0,True
2050,P0192,Shaanxi,retire,0.0,0.0,0.0,0.0,0.0,True
2050,P0192,Shaanxi,ccs,0.0,0.0,0.0,0.0,0.0,True
2050,P0192,Shaanxi,biomass,0.0,0.0,0.0,0.0,0.0,True
2050,P0192,Shaanxi,beccs,1.0,15519960.0,12.726367199999999,24.180097679999996,13.171790051999997,True
2050,P0192,Shaanxi,ammonia,0.0,0.0,0.0,0.0,0.0,True
2050,P0193,Guangxi,unabated,0.0,0.0,0.0,0.0,0.0,True
2050,P0193,Guangxi,retire,0.0,0.0,0.0,0.0,0.0,True
2050,P0193,Guangxi,ccs,0.0,0.0,0.0,0.0,0.0,True
2050,P0193,Guangxi,biomass,0.0,0.0,0.0,0.0,0.0,True
2050,P0193,Guangxi,beccs,1.0,6557642.0,5.37726644,10.216806235999998,5.5654707654,True
2050,P0193,Guangxi,ammonia,0.0,0.0,0.0,0.0,0.0,True
2050,P0194,Shaanxi,unabated,0.0,0.0,0.0,0.0,0.0,True
2050,P0194,Shaanxi,retire,0.0,0.0,0.0,0.0,0.0,True
2050,P0194,Shaanxi,ccs,0.0,0.0,0.0,0.0,0.0,True
2050,P0194,Shaanxi,biomass,1.0,2995080.0,2.4559655999999994,2.4559655999999994,0.0,True
2050,P0194,Shaanxi,beccs,0.0,0.0,0.0,0.0,0.0,True
2050,P0194,Shaanxi,ammonia,0.0,0.0,0.0,0.0,0.0,True
2050,P0195,Sichuan,unabated,0.0,0.0,0.0,0.0,0.0,True
2050,P0195,Sichuan,retire,0.0,0.0,0.0,0.0,0.0,True
2050,P0195,Sichuan,ccs,0.0,0.0,0.0,0.0,0.0,True
2050,P0195,Sichuan,biomass,1.0,2997839.9999999995,2.458228799999999,2.458228799999999,0.0,True
2050,P0195,Sichuan,beccs,0.0,0.0,0.0,0.0,0.0,True
2050,P0195,Sichuan,ammonia,0.0,0.0,0.0,0.0,0.0,True
2050,P0196,Xinjiang,unabated,0.0,0.0,0.0,0.0,0.0,True
2050,P0196,Xinjiang,retire,0.0,0.0,0.0,0.0,0.0,True
2050,P0196,Xinjiang,ccs,0.0,0.0,0.0,0.0,0.0,True
2050,P0196,Xinjiang,biomass,1.0,633743.9999999999,0.5196700799999999,0.5196700799999999,0.0,True
2050,P0196,Xinjiang,beccs,0.0,0.0,0.0,0.0,0.0,True
2050,P0196,Xinjiang,ammonia,0.0,0.0,0.0,0.0,0.0,True
2050,P0197,Fujian,unabated,0.0,0.0,0.0,0.0,0.0,True
2050,P0197,Fujian,retire,0.0,0.0,0.0,0.0,0.0,True
2050,P0197,Fujian,ccs,0.0,0.0,0.0,0.0,0.0,True
2050,P0197,Fujian,biomass,0.0,0.0,0.0,0.0,0.0,True
2050,P0197,Fujian,beccs,1.0,6766584.0,5.54859888,10.542337872,5.7427998408,True
2050,P0197,Fujian,ammonia,0.0,0.0,0.0,0.0,0.0,True
2050,P0198,Gansu,unabated,0.0,0.0,0.0,0.0,0.0,True
2050,P0198,Gansu,retire,0.0,0.0,0.0,0.0,0.0,True
2050,P0198,Gansu,ccs,0.0,0.0,0.0,0.0,0.0,True
2050,P0198,Gansu,biomass,1.0,2765136.0,2.26741152,2.26741152,0.0,True
2050,P0198,Gansu,beccs,0.0,0.0,0.0,0.0,0.0,True
2050,P0198,Gansu,ammonia,0.0,0.0,0.0,0.0,0.0,True
2050,P0199,Inner Mongolia,unabated,0.0,0.0,0.0,0.0,0.0,True
2050,P0199,Inner Mongolia,retire,0.0,0.0,0.0,0.0,0.0,True
2050,P0199,Inner Mongolia,ccs,0.0,0.0,0.0,0.0,0.0,True
2050,P0199,Inner Mongolia,biomass,1.0,1308190.0,1.0727158,1.0727158,0.0,True
2050,P0199,Inner Mongolia,beccs,0.0,0.0,0.0,0.0,0.0,True
2050,P0199,Inner Mongolia,ammonia,0.0,0.0,0.0,0.0,0.0,True
2050,P0200,Xinjiang,unabated,0.0,0.0,0.0,0.0,0.0,True
2050,P0200,Xinjiang,retire,0.0,0.0,0.0,0.0,0.0,True
2050,P0200,Xinjiang,ccs,0.48248276001488777,5147137.663425062,4.22065288400855,3.7985875956076955,4.36837573494885,True
2050,P0200,Xinjiang,biomass,0.0,0.0,0.0,0.0,0.0,True
2050,P0200,Xinjiang,beccs,0.5175172399851128,5520886.336574942,4.527126795991451,8.601540912383758,4.685576233851153,True
2050,P0200,Xinjiang,ammonia,0.0,0.0,0.0,0.0,0.0,True
2050,P0201,Heilongjiang,unabated,0.0,0.0,0.0,0.0,0.0,True
2050,P0201,Heilongjiang,retire,0.0,0.0,0.0,0.0,0.0,True
2050,P0201,Heilongjiang,ccs,0.0,0.0,0.0,0.0,0.0,True
2050,P0201,Heilongjiang,biomass,0.0,0.0,0.0,0.0,0.0,True
2050,P0201,Heilongjiang,beccs,1.0,2434950.0000000005,1.9966590000000002,3.7936521,2.066542065,True
2050,P0201,Heilongjiang,ammonia,0.0,0.0,0.0,0.0,0.0,True
2050,P0202,Jiangxi,unabated,0.0,0.0,0.0,0.0,0.0,True
2050,P0202,Jiangxi,retire,0.0,0.0,0.0,0.0,0.0,True
2050,P0202,Jiangxi,ccs,0.0,0.0,0.0,0.0,0.0,True
2050,P0202,Jiangxi,biomass,1.0,9151488.0,7.504220159999999,7.504220159999999,0.0,True
2050,P0202,Jiangxi,beccs,0.0,0.0,0.0,0.0,0.0,True
2050,P0202,Jiangxi,ammonia,0.0,0.0,0.0,0.0,0.0,True
2050,P0203,Inner Mongolia,unabated,0.0,0.0,0.0,0.0,0.0,True
2050,P0203,Inner Mongolia,retire,0.0,0.0,0.0,0.0,0.0,True
2050,P0203,Inner Mongolia,ccs,0.25849034562398115,1755802.1349095323,1.4397577506258166,1.295781975563235,1.3908059871045386,True
2050,P0203,Inner Mongolia,biomass,0.0,0.0,0.0,0.0,0.0,True
2050,P0203,Inner Mongolia,beccs,0.7415096543760193,5036722.86509047,4.130112749374185,7.847214223810953,3.9896889158954623,True
2050,P0203,Inner Mongolia,ammonia,0.0,0.0,0.0,0.0,0.0,True
2050,P0204,Heilongjiang,unabated,0.0,0.0,0.0,0.0,0.0,True
2050,P0204,Heilongjiang,retire,0.0,0.0,0.0,0.0,0.0,True
2050,P0204,Heilongjiang,ccs,0.0,0.0,0.0,0.0,0.0,True
2050,P0204,Heilongjiang,biomass,0.0,0.0,0.0,0.0,0.0,True
2050,P0204,Heilongjiang,beccs,1.0,2434950.0000000005,1.9966590000000002,3.7936521,2.066542065,True
2050,P0204,Heilongjiang,ammonia,0.0,0.0,0.0,0.0,0.0,True
2050,P0205,Inner Mongolia,unabated,0.0,0.0,0.0,0.0,0.0,True
2050,P0205,Inner Mongolia,retire,0.0,0.0,0.0,0.0,0.0,True
2050,P0205,Inner Mongolia,ccs,0.0,0.0,0.0,0.0,0.0,True
2050,P0205,Inner Mongolia,biomass,0.0,0.0,0.0,0.0,0.0,True
2050,P0205,Inner Mongolia,beccs,1.0,3018899.9999999995,2.4754979999999995,4.703446199999999,2.391331067999999,True
2050,P0205,Inner Mongolia,ammonia,0.0,0.0,0.0,0.0,0.0,True
2050,P0206,Hubei,unabated,0.0,0.0,0.0,0.0,0.0,True
2050,P0206,Hubei,retire,0.0,0.0,0.0,0.0,0.0,True
2050,P0206,Hubei,ccs,0.0,0.0,0.0,0.0,0.0,True
2050,P0206,Hubei,biomass,1.0,3937080.0,3.2284055999999994,3.2284055999999994,0.0,True
2050,P0206,Hubei,beccs,0.0,0.0,0.0,0.0,0.0,True
2050,P0206,Hubei,ammonia,0.0,0.0,0.0,0.0,0.0,True
2050,P0207,Xinjiang,unabated,0.008413363720585099,399893.9083303862,0.3279130048309167,0.0,0.0,True
2050,P0207,Xinjiang,retire,0.0,0.0,0.0,0.0,0.0,True
2050,P0207,Xinjiang,ccs,0.9915866362794149,47130906.09166961,38.64734299516908,34.78260869565217,40.0,True
2050,P0207,Xinjiang,biomass,0.0,0.0,0.0,0.0,0.0,True
2050,P0207,Xinjiang,beccs,0.0,0.0,0.0,0.0,0.0,True
2050,P0207,Xinjiang,ammonia,0.0,0.0,0.0,0.0,0.0,True
2050,P0208,Sichuan,unabated,0.0,0.0,0.0,0.0,0.0,True
2050,P0208,Sichuan,retire,0.0,0.0,0.0,0.0,0.0,True
2050,P0208,Sichuan,ccs,0.0,0.0,0.0,0.0,0.0,True
2050,P0208,Sichuan,biomass,1.0,1648811.9999999998,1.3520258399999996,1.3520258399999996,0.0,True
2050,P0208,Sichuan,beccs,0.0,0.0,0.0,0.0,0.0,True
2050,P0208,Sichuan,ammonia,0.0,0.0,0.0,0.0,0.0,True
2050,P0209,Zhejiang,unabated,0.0,0.0,0.0,0.0,0.0,True
2050,P0209,Zhejiang,retire,0.0,0.0,0.0,0.0,0.0,True
2050,P0209,Zhejiang,ccs,0.0,0.0,0.0,0.0,0.0,True
2050,P0209,Zhejiang,biomass,0.0,0.0,0.0,0.0,0.0,True
2050,P0209,Zhejiang,beccs,1.0,13284720.000000002,10.8934704,20.69759376,10.523092406399998,True
2050,P0209,Zhejiang,ammonia,0.0,0.0,0.0,0.0,0.0,True
2050,P0210,Anhui,unabated,0.0,0.0,0.0,0.0,0.0,True
2050,P0210,Anhui,retire,0.0,0.0,0.0,0.0,0.0,True
2050,P0210,Anhui,ccs,0.0,0.0,0.0,0.0,0.0,True
2050,P0210,Anhui,biomass,1.0,6708372.000000001,5.50086504,5.50086504,0.0,True
2050,P0210,Anhui,beccs,0.0,0.0,0.0,0.0,0.0,True
2050,P0210,Anhui,ammonia,0.0,0.0,0.0,0.0,0.0,True
2050,P0211,Henan,unabated,0.0,0.0,0.0,0.0,0.0,True
2050,P0211,Henan,retire,0.0,0.0,0.0,0.0,0.0,True
2050,P0211,Henan,ccs,0.0,0.0,0.0,0.0,0.0,True
2050,P0211,Henan,biomass,1.0,4535496.0,3.7191067199999996,3.7191067199999996,0.0,True
2050,P0211,Henan,beccs,0.0,0.0,0.0,0.0,0.0,True
2050,P0211,Henan,ammonia,0.0,0.0,0.0,0.0,0.0,True
2050,P0212,Gansu,unabated,0.0,0.0,0.0,0.0,0.0,True
2050,P0212,Gansu,retire,0.901657234447468,10010595.346018948,8.208688183735536,8.208688183735536,0.0,True
2050,P0212,Gansu,ccs,0.09834276555253199,1091844.6539810533,0.8953126162644637,0.8057813546380173,0.9266485578337199,True
2050,P0212,Gansu,biomass,0.0,0.0,0.0,0.0,0.0,True
2050,P0212,Gansu,beccs,0.0,0.0,0.0,0.0,0.0,True
2050,P0212,Gansu,ammonia,0.0,0.0,0.0,0.0,0.0,True
2050,P0213,Hubei,unabated,0.0,0.0,0.0,0.0,0.0,True
2050,P0213,Hubei,retire,0.0,0.0,0.0,0.0,0.0,True
2050,P0213,Hubei,ccs,0.0,0.0,0.0,0.0,0.0,True
2050,P0213,Hubei,biomass,1.0,13761032.0,11.28404624,11.28404624,0.0,True
2050,P0213,Hubei,beccs,0.0,0.0,0.0,0.0,0.0,True
2050,P0213,Hubei,ammonia,0.0,0.0,0.0,0.0,0.0,True
2050,P0214,Xinjiang,unabated,0.0,0.0,0.0,0.0,0.0,True
2050,P0214,Xinjiang,retire,0.0,0.0,0.0,0.0,0.0,True
2050,P0214,Xinjiang,ccs,1.0,5096358.0,4.17901356,3.761112204,4.325279034599999,True
2050,P0214,Xinjiang,biomass,0.0,0.0,0.0,0.0,0.0,True
2050,P0214,Xinjiang,beccs,0.0,0.0,0.0,0.0,0.0,True
2050,P0214,Xinjiang,ammonia,0.0,0.0,0.0,0.0,0.0,True
2050,P0215,Hebei,unabated,0.0,0.0,0.0,0.0,0.0,True
2050,P0215,Hebei,retire,0.0,0.0,0.0,0.0,0.0,True
2050,P0215,Hebei,ccs,0.0,0.0,0.0,0.0,0.0,True
2050,P0215,Hebei,biomass,1.0,5880732.000000001,4.82220024,4.82220024,0.0,True
2050,P0215,Hebei,beccs,0.0,0.0,0.0,0.0,0.0,True
2050,P0215,Hebei,ammonia,0.0,0.0,0.0,0.0,0.0,True
2050,P0216,Heilongjiang,unabated,0.0,0.0,0.0,0.0,0.0,True
2050,P0216,Heilongjiang,retire,0.0,0.0,0.0,0.0,0.0,True
2050,P0216,Heilongjiang,ccs,0.0,0.0,0.0,0.0,0.0,True
2050,P0216,Heilongjiang,biomass,1.0,347850.0,0.285237,0.285237,0.0,True
2050,P0216,Heilongjiang,beccs,0.0,0.0,0.0,0.0,0.0,True
2050,P0216,Heilongjiang,ammonia,0.0,0.0,0.0,0.0,0.0,True
2050,P0217,Hainan,unabated,0.0,0.0,0.0,0.0,0.0,True
2050,P0217,Hainan,retire,0.0,0.0,0.0,0.0,0.0,True
2050,P0217,Hainan,ccs,0.0,0.0,0.0,0.0,0.0,True
2050,P0217,Hainan,biomass,0.0,0.0,0.0,0.0,0.0,True
2050,P0217,Hainan,beccs,1.0,1509270.0,1.2376014,2.35144266,1.1955229524,True
2050,P0217,Hainan,ammonia,0.0,0.0,0.0,0.0,0.0,True
2050,P0218,Hubei,unabated,0.0,0.0,0.0,0.0,0.0,True
2050,P0218,Hubei,retire,0.0,0.0,0.0,0.0,0.0,True
2050,P0218,Hubei,ccs,0.0,0.0,0.0,0.0,0.0,True
2050,P0218,Hubei,biomass,1.0,7424207.999999999,6.087850559999999,6.087850559999999,0.0,True
2050,P0218,Hubei,beccs,0.0,0.0,0.0,0.0,0.0,True
2050,P0218,Hubei,ammonia,0.0,0.0,0.0,0.0,0.0,True
2050,P0219,Jilin,unabated,0.0,0.0,0.0,0.0,0.0,True
2050,P0219,Jilin,retire,0.0,0.0,0.0,0.0,0.0,True
2050,P0219,Jilin,ccs,0.0,0.0,0.0,0.0,0.0,True
2050,P0219,Jilin,biomass,0.0,0.0,0.0,0.0,0.0,True
2050,P0219,Jilin,beccs,1.0,2933334.0,2.4053338799999997,4.570134371999999,2.323552528079999,True
2050,P0219,Jilin,ammonia,0.0,0.0,0.0,0.0,0.0,True
2050,P0220,Hebei,unabated,0.0,0.0,0.0,0.0,0.0,True
2050,P0220,Hebei,retire,0.0,0.0,0.0,0.0,0.0,True
2050,P0220,Hebei,ccs,0.0,0.0,0.0,0.0,0.0,True
2050,P0220,Hebei,biomass,1.0,5880732.000000001,4.82220024,4.82220024,0.0,True
2050,P0220,Hebei,beccs,0.0,0.0,0.0,0.0,0.0,True
2050,P0220,Hebei,ammonia,0.0,0.0,0.0,0.0,0.0,True
2050,P0221,Gansu,unabated,0.0,0.0,0.0,0.0,0.0,True
2050,P0221,Gansu,retire,0.0,0.0,0.0,0.0,0.0,True
2050,P0221,Gansu,ccs,0.0,0.0,0.0,0.0,0.0,True
2050,P0221,Gansu,biomass,0.0,0.0,0.0,0.0,0.0,True
2050,P0221,Gansu,beccs,1.0,17303048.0,14.18849936,26.958148784,13.706090381759997,True
2050,P0221,Gansu,ammonia,0.0,0.0,0.0,0.0,0.0,True
2050,P0222,Jiangxi,unabated,0.0,0.0,0.0,0.0,0.0,True
2050,P0222,Jiangxi,retire,0.0,0.0,0.0,0.0,0.0,True
2050,P0222,Jiangxi,ccs,0.0,0.0,0.0,0.0,0.0,True
2050,P0222,Jiangxi,biomass,1.0,19065600.0,15.633791999999998,15.633791999999998,0.0,True
2050,P0222,Jiangxi,beccs,0.0,0.0,0.0,0.0,0.0,True
2050,P0222,Jiangxi,ammonia,0.0,0.0,0.0,0.0,0.0,True
2050,P0223,Anhui,unabated,0.0,0.0,0.0,0.0,0.0,True
2050,P0223,Anhui,retire,1.0,32652492.500000004,26.775043850000003,26.775043850000003,0.0,True
2050,P0223,Anhui,ccs,0.0,0.0,0.0,0.0,0.0,True
2050,P0223,Anhui,biomass,0.0,0.0,0.0,0.0,0.0,True
2050,P0223,Anhui,beccs,0.0,0.0,0.0,0.0,0.0,True
2050,P0223,Anhui,ammonia,0.0,0.0,0.0,0.0,0.0,True
2050,P0224,Xinjiang,unabated,0.0,0.0,0.0,0.0,0.0,True
2050,P0224,Xinjiang,retire,0.0,0.0,0.0,0.0,0.0,True
2050,P0224,Xinjiang,ccs,0.0004333299281811255,2517.3522183811756,0.0020642288190725637,0.0018578059371653073,0.0021364768277401026,True
2050,P0224,Xinjiang,biomass,0.0,0.0,0.0,0.0,0.0,True
2050,P0224,Xinjiang,beccs,0.9995666700718191,5806802.647781619,4.761578171180927,9.04699852524376,4.928233407172258,True
2050,P0224,Xinjiang,ammonia,0.0,0.0,0.0,0.0,0.0,True
2050,P0225,Heilongjiang,unabated,0.0,0.0,0.0,0.0,0.0,True
2050,P0225,Heilongjiang,retire,0.0,0.0,0.0,0.0,0.0,True
2050,P0225,Heilongjiang,ccs,0.0,0.0,0.0,0.0,0.0,True
2050,P0225,Heilongjiang,biomass,1.0,4174200.0,3.422844,3.422844,0.0,True
2050,P0225,Heilongjiang,beccs,0.0,0.0,0.0,0.0,0.0,True
2050,P0225,Heilongjiang,ammonia,0.0,0.0,0.0,0.0,0.0,True
2050,P0226,Anhui,unabated,0.0,0.0,0.0,0.0,0.0,True
2050,P0226,Anhui,retire,0.0,0.0,0.0,0.0,0.0,True
2050,P0226,Anhui,ccs,0.0,0.0,0.0,0.0,0.0,True
2050,P0226,Anhui,biomass,1.0,13416744.000000002,11.00173008,11.00173008,0.0,True
2050,P0226,Anhui,beccs,0.0,0.0,0.0,0.0,0.0,True
2050,P0226,Anhui,ammonia,0.0,0.0,0.0,0.0,0.0,True
2050,P0227,Shanxi,unabated,0.0071026336573735156,121662.07731219956,0.09976290339600363,0.0,0.0,True
2050,P0227,Shanxi,retire,0.0,0.0,0.0,0.0,0.0,True
2050,P0227,Shanxi,ccs,0.0,0.0,0.0,0.0,0.0,True
2050,P0227,Shanxi,biomass,0.0,0.0,0.0,0.0,0.0,True
2050,P0227,Shanxi,beccs,0.9928973663426269,17007487.92268781,13.946140096604001,26.4976661835476,14.434254999985143,True
2050,P0227,Shanxi,ammonia,0.0,0.0,0.0,0.0,0.0,True
2050,P0228,Liaoning,unabated,0.0,0.0,0.0,0.0,0.0,True
2050,P0228,Liaoning,retire,0.0,0.0,0.0,0.0,0.0,True
2050,P0228,Liaoning,ccs,0.0,0.0,0.0,0.0,0.0,True
2050,P0228,Liaoning,biomass,0.16296534846262115,606367.9871736591,0.49722174948240044,0.49722174948240044,0.0,True
2050,P0228,Liaoning,beccs,0.8370346515373791,3114472.012826341,2.5538670505175993,4.852347395983438,2.4670355708000007,True
2050,P0228,Liaoning,ammonia,0.0,0.0,0.0,0.0,0.0,True
2050,P0229,Henan,unabated,0.0,0.0,0.0,0.0,0.0,True
2050,P0229,Henan,retire,0.019845901881830445,266461.1603836115,0.21849815151456142,0.21849815151456142,0.0,True
2050,P0229,Henan,ccs,0.0,0.0,0.0,0.0,0.0,True
2050,P0229,Henan,biomass,0.9801540981181696,13160046.839616388,10.791238408485437,10.791238408485437,0.0,True
2050,P0229,Henan,beccs,0.0,0.0,0.0,0.0,0.0,True
2050,P0229,Henan,ammonia,0.0,0.0,0.0,0.0,0.0,True
2050,P0230,Inner Mongolia,unabated,1.0,6641580.0,5.4460956,0.0,0.0,True
2050,P0230,Inner Mongolia,retire,0.0,0.0,0.0,0.0,0.0,True
2050,P0230,Inner Mongolia,ccs,0.0,0.0,0.0,0.0,0.0,True
2050,P0230,Inner Mongolia,biomass,0.0,0.0,0.0,0.0,0.0,True
2050,P0230,Inner Mongolia,beccs,0.0,0.0,0.0,0.0,0.0,True
2050,P0230,Inner Mongolia,ammonia,0.0,0.0,0.0,0.0,0.0,True
2050,P0231,Fujian,unabated,0.0,0.0,0.0,0.0,0.0,True
2050,P0231,Fujian,retire,0.0,0.0,0.0,0.0,0.0,True
2050,P0231,Fujian,ccs,0.0,0.0,0.0,0.0,0.0,True
2050,P0231,Fujian,biomass,1.0,6151440.0,5.0441807999999995,5.0441807999999995,0.0,True
2050,P0231,Fujian,beccs,0.0,0.0,0.0,0.0,0.0,True
2050,P0231,Fujian,ammonia,0.0,0.0,0.0,0.0,0.0,True
2050,P0232,Inner Mongolia,unabated,0.0,0.0,0.0,0.0,0.0,True
2050,P0232,Inner Mongolia,retire,0.0,0.0,0.0,0.0,0.0,True
2050,P0232,Inner Mongolia,ccs,0.0,0.0,0.0,0.0,0.0,True
2050,P0232,Inner Mongolia,biomass,0.0,0.0,0.0,0.0,0.0,True
2050,P0232,Inner Mongolia,beccs,1.0,6037799.999999999,4.950995999999999,9.406892399999998,5.124280859999999,True
2050,P0232,Inner Mongolia,ammonia,0.0,0.0,0.0,0.0,0.0,True
2050,P0233,Xinjiang,unabated,0.0,0.0,0.0,0.0,0.0,True
2050,P0233,Xinjiang,retire,0.0,0.0,0.0,0.0,0.0,True
2050,P0233,Xinjiang,ccs,0.0,0.0,0.0,0.0,0.0,True
2050,P0233,Xinjiang,biomass,0.0,0.0,0.0,0.0,0.0,True
2050,P0233,Xinjiang,beccs,1.0,3168719.9999999995,2.5983503999999993,4.936865759999998,2.6892926639999994,True
2050,P0233,Xinjiang,ammonia,0.0,0.0,0.0,0.0,0.0,True
2050,P0234,Hunan,unabated,0.0,0.0,0.0,0.0,0.0,True
2050,P0234,Hunan,retire,0.0,0.0,0.0,0.0,0.0,True
2050,P0234,Hunan,ccs,0.0,0.0,0.0,0.0,0.0,True
2050,P0234,Hunan,biomass,1.0,234414.0,0.19221947999999997,0.19221947999999997,0.0,True
2050,P0234,Hunan,beccs,0.0,0.0,0.0,0.0,0.0,True
2050,P0234,Hunan,ammonia,0.0,0.0,0.0,0.0,0.0,True
2050,P0235,Inner Mongolia,unabated,1.0,13283160.0,10.8921912,0.0,0.0,True
2050,P0235,Inner Mongolia,retire,0.0,0.0,0.0,0.0,0.0,True
2050,P0235,Inner Mongolia,ccs,0.0,0.0,0.0,0.0,0.0,True
2050,P0235,Inner Mongolia,biomass,0.0,0.0,0.0,0.0,0.0,True
2050,P0235,Inner Mongolia,beccs,0.0,0.0,0.0,0.0,0.0,True
2050,P0235,Inner Mongolia,ammonia,0.0,0.0,0.0,0.0,0.0,True
2050,P0236,Henan,unabated,0.0,0.0,0.0,0.0,0.0,True
2050,P0236,Henan,retire,1.0,19185868.0,15.73241176,15.73241176,0.0,True
2050,P0236,Henan,ccs,0.0,0.0,0.0,0.0,0.0,True
2050,P0236,Henan,biomass,0.0,0.0,0.0,0.0,0.0,True
2050,P0236,Henan,beccs,0.0,0.0,0.0,0.0,0.0,True
2050,P0236,Henan,ammonia,0.0,0.0,0.0,0.0,0.0,True
2050,P0237,Jiangxi,unabated,0.0,0.0,0.0,0.0,0.0,True
2050,P0237,Jiangxi,retire,0.0,0.0,0.0,0.0,0.0,True
2050,P0237,Jiangxi,ccs,0.0,0.0,0.0,0.0,0.0,True
2050,P0237,Jiangxi,biomass,1.0,12869280.0,10.5528096,10.5528096,0.0,True
2050,P0237,Jiangxi,beccs,0.0,0.0,0.0,0.0,0.0,True
2050,P0237,Jiangxi,ammonia,0.0,0.0,0.0,0.0,0.0,True
2050,P0238,Sichuan,unabated,0.0,0.0,0.0,0.0,0.0,True
2050,P0238,Sichuan,retire,0.0,0.0,0.0,0.0,0.0,True
2050,P0238,Sichuan,ccs,0.0,0.0,0.0,0.0,0.0,True
2050,P0238,Sichuan,biomass,0.0,0.0,0.0,0.0,0.0,True
2050,P0238,Sichuan,beccs,1.0,9992799.999999998,8.194095999999998,15.568782399999996,8.480889359999997,True
2050,P0238,Sichuan,ammonia,0.0,0.0,0.0,0.0,0.0,True
2050,P0239,Guizhou,unabated,0.0,0.0,0.0,0.0,0.0,True
2050,P0239,Guizhou,retire,0.0,0.0,0.0,0.0,0.0,True
2050,P0239,Guizhou,ccs,0.0,0.0,0.0,0.0,0.0,True
2050,P0239,Guizhou,biomass,1.0,17659212.0,14.48055384,14.48055384,0.0,True
2050,P0239,Guizhou,beccs,0.0,0.0,0.0,0.0,0.0,True
2050,P0239,Guizhou,ammonia,0.0,0.0,0.0,0.0,0.0,True
2050,P0240,Guangdong,unabated,0.0,0.0,0.0,0.0,0.0,True
2050,P0240,Guangdong,retire,0.0,0.0,0.0,0.0,0.0,True
2050,P0240,Guangdong,ccs,0.0,0.0,0.0,0.0,0.0,True
2050,P0240,Guangdong,biomass,0.0,0.0,0.0,0.0,0.0,True
2050,P0240,Guangdong,beccs,1.0,9663400.0,7.923987999999999,15.055577199999997,8.201327579999997,True
2050,P0240,Guangdong,ammonia,0.0,0.0,0.0,0.0,0.0,True
2050,P0241,Guangxi,unabated,0.0,0.0,0.0,0.0,0.0,True
2050,P0241,Guangxi,retire,0.0,0.0,0.0,0.0,0.0,True
2050,P0241,Guangxi,ccs,0.0,0.0,0.0,0.0,0.0,True
2050,P0241,Guangxi,biomass,0.0,0.0,0.0,0.0,0.0,True
2050,P0241,Guangxi,beccs,1.0,3350620.0,2.7475084,5.22026596,2.843671194,True
2050,P0241,Guangxi,ammonia,0.0,0.0,0.0,0.0,0.0,True
2050,P0242,Xinjiang,unabated,0.1599688120957694,4460688.093524136,3.657764236689791,0.0,0.0,True
2050,P0242,Xinjiang,retire,0.0,0.0,0.0,0.0,0.0,True
2050,P0242,Xinjiang,ccs,0.8400311879042308,23424047.906475868,19.207719283310208,17.286947354979187,19.879989458226063,True
2050,P0242,Xinjiang,biomass,0.0,0.0,0.0,0.0,0.0,True
2050,P0242,Xinjiang,beccs,0.0,0.0,0.0,0.0,0.0,True
2050,P0242,Xinjiang,ammonia,0.0,0.0,0.0,0.0,0.0,True
2050,P0243,Anhui,unabated,0.0,0.0,0.0,0.0,0.0,True
2050,P0243,Anhui,retire,1.0,124308166.00000001,101.93269612,101.93269612,0.0,True
2050,P0243,Anhui,ccs,0.0,0.0,0.0,0.0,0.0,True
2050,P0243,Anhui,biomass,0.0,0.0,0.0,0.0,0.0,True
2050,P0243,Anhui,beccs,0.0,0.0,0.0,0.0,0.0,True
2050,P0243,Anhui,ammonia,0.0,0.0,0.0,0.0,0.0,True
2050,P0244,Gansu,unabated,0.0,0.0,0.0,0.0,0.0,True
2050,P0244,Gansu,retire,1.0,15124456.000000002,12.40205392,12.40205392,0.0,True
2050,P0244,Gansu,ccs,0.0,0.0,0.0,0.0,0.0,True
2050,P0244,Gansu,biomass,0.0,0.0,0.0,0.0,0.0,True
2050,P0244,Gansu,beccs,0.0,0.0,0.0,0.0,0.0,True
2050,P0244,Gansu,ammonia,0.0,0.0,0.0,0.0,0.0,True
2050,P0245,Hubei,unabated,0.0,0.0,0.0,0.0,0.0,True
2050,P0245,Hubei,retire,0.0,0.0,0.0,0.0,0.0,True
2050,P0245,Hubei,ccs,0.0,0.0,0.0,0.0,0.0,True
2050,P0245,Hubei,biomass,1.0,7247976.799999999,5.943340975999999,5.943340975999999,0.0,True
2050,P0245,Hubei,beccs,0.0,0.0,0.0,0.0,0.0,True
2050,P0245,Hubei,ammonia,0.0,0.0,0.0,0.0,0.0,True
2050,P0246,Inner Mongolia,unabated,0.8536338142951142,35090628.24423333,28.774315160271335,0.0,0.0,True
2050,P0246,Inner Mongolia,retire,0.0,0.0,0.0,0.0,0.0,True
2050,P0246,Inner Mongolia,ccs,0.14636618570488644,6016726.755766692,4.933715939728687,4.440344345755818,5.106395997619192,True
2050,P0246,Inner Mongolia,biomass,0.0,0.0,0.0,0.0,0.0,True
2050,P0246,Inner Mongolia,beccs,0.0,0.0,0.0,0.0,0.0,True
2050,P0246,Inner Mongolia,ammonia,0.0,0.0,0.0,0.0,0.0,True
2050,P0247,Shandong,unabated,0.0,0.0,0.0,0.0,0.0,True
2050,P0247,Shandong,retire,1.0,8983866.0,7.366770119999999,7.366770119999999,0.0,True
2050,P0247,Shandong,ccs,0.0,0.0,0.0,0.0,0.0,True
2050,P0247,Shandong,biomass,0.0,0.0,0.0,0.0,0.0,True
2050,P0247,Shandong,beccs,0.0,0.0,0.0,0.0,0.0,True
2050,P0247,Shandong,ammonia,0.0,0.0,0.0,0.0,0.0,True
2050,P0248,Henan,unabated,0.0,0.0,0.0,0.0,0.0,True
2050,P0248,Henan,retire,0.0,0.0,0.0,0.0,0.0,True
2050,P0248,Henan,ccs,0.0,0.0,0.0,0.0,0.0,True
2050,P0248,Henan,biomass,1.0,30200644.0,24.764528079999998,24.764528079999998,0.0,True
2050,P0248,Henan,beccs,0.0,0.0,0.0,0.0,0.0,True
2050,P0248,Henan,ammonia,0.0,0.0,0.0,0.0,0.0,True
2050,P0249,Gansu,unabated,0.0,0.0,0.0,0.0,0.0,True
2050,P0249,Gansu,retire,0.0,0.0,0.0,0.0,0.0,True
2050,P0249,Gansu,ccs,0.0,0.0,0.0,0.0,0.0,True
2050,P0249,Gansu,biomass,0.0,0.0,0.0,0.0,0.0,True
2050,P0249,Gansu,beccs,1.0,2513760.0000000005,2.0612832,3.91643808,1.9911995711999997,True
2050,P0249,Gansu,ammonia,0.0,0.0,0.0,0.0,0.0,True
2050,P0250,Gansu,unabated,0.0,0.0,0.0,0.0,0.0,True
2050,P0250,Gansu,retire,0.0,0.0,0.0,0.0,0.0,True
2050,P0250,Gansu,ccs,0.7091142530849633,1782543.0448348578,1.4616852967645833,1.315516767088125,1.5128442821513435,True
2050,P0250,Gansu,biomass,0.0,0.0,0.0,0.0,0.0,True
2050,P0250,Gansu,beccs,0.2908857469150369,731216.9551651432,0.5995979032354174,1.139236016147293,0.6205838298486569,True
2050,P0250,Gansu,ammonia,0.0,0.0,0.0,0.0,0.0,True
2050,P0251,Hebei,unabated,0.0,0.0,0.0,0.0,0.0,True
2050,P0251,Hebei,retire,0.0,0.0,0.0,0.0,0.0,True
2050,P0251,Hebei,ccs,0.0,0.0,0.0,0.0,0.0,True
2050,P0251,Hebei,biomass,0.9688850279377961,5870412.375633319,4.813738148019322,4.813738148019322,0.0,True
2050,P0251,Hebei,beccs,0.031114972062204843,188523.6243666872,0.1545893719806835,0.2937198067632986,0.16000000000000741,True
2050,P0251,Hebei,ammonia,0.0,0.0,0.0,0.0,0.0,True
2050,P0252,Guangxi,unabated,0.0,0.0,0.0,0.0,0.0,True
2050,P0252,Guangxi,retire,0.0,0.0,0.0,0.0,0.0,True
2050,P0252,Guangxi,ccs,0.0,0.0,0.0,0.0,0.0,True
2050,P0252,Guangxi,biomass,0.0,0.0,0.0,0.0,0.0,True
2050,P0252,Guangxi,beccs,1.0,10003994.0,8.20327508,15.586222651999998,8.490389707799999,True
2050,P0252,Guangxi,ammonia,0.0,0.0,0.0,0.0,0.0,True
2050,P0253,Guangxi,unabated,0.0,0.0,0.0,0.0,0.0,True
2050,P0253,Guangxi,retire,0.0,0.0,0.0,0.0,0.0,True
2050,P0253,Guangxi,ccs,0.0,0.0,0.0,0.0,0.0,True
2050,P0253,Guangxi,biomass,1.0,5456724.0,4.474513679999999,4.474513679999999,0.0,True
2050,P0253,Guangxi,beccs,0.0,0.0,0.0,0.0,0.0,True
2050,P0253,Guangxi,ammonia,0.0,0.0,0.0,0.0,0.0,True
2050,P0254,Jiangxi,unabated,0.0,0.0,0.0,0.0,0.0,True
2050,P0254,Jiangxi,retire,0.0,0.0,0.0,0.0,0.0,True
2050,P0254,Jiangxi,ccs,0.0,0.0,0.0,0.0,0.0,True
2050,P0254,Jiangxi,biomass,1.0,6291647.999999999,5.159151359999998,5.159151359999998,0.0,True
2050,P0254,Jiangxi,beccs,0.0,0.0,0.0,0.0,0.0,True
2050,P0254,Jiangxi,ammonia,0.0,0.0,0.0,0.0,0.0,True
2050,P0255,Anhui,unabated,0.0,0.0,0.0,0.0,0.0,True
2050,P0255,Anhui,retire,0.0,0.0,0.0,0.0,0.0,True
2050,P0255,Anhui,ccs,0.0,0.0,0.0,0.0,0.0,True
2050,P0255,Anhui,biomass,1.0,25003932.0,20.503224239999998,20.503224239999998,0.0,True
2050,P0255,Anhui,beccs,0.0,0.0,0.0,0.0,0.0,True
2050,P0255,Anhui,ammonia,0.0,0.0,0.0,0.0,0.0,True
2050,P0256,Heilongjiang,unabated,0.0,0.0,0.0,0.0,0.0,True
2050,P0256,Heilongjiang,retire,0.0,0.0,0.0,0.0,0.0,True
2050,P0256,Heilongjiang,ccs,0.0,0.0,0.0,0.0,0.0,True
2050,P0256,Heilongjiang,biomass,0.0,0.0,0.0,0.0,0.0,True
2050,P0256,Heilongjiang,beccs,1.0,194796.0,0.15973272,0.30349216799999995,0.1653233652,True
2050,P0256,Heilongjiang,ammonia,0.0,0.0,0.0,0.0,0.0,True
2050,P0257,Inner Mongolia,unabated,0.0,0.0,0.0,0.0,0.0,True
2050,P0257,Inner Mongolia,retire,0.0,0.0,0.0,0.0,0.0,True
2050,P0257,Inner Mongolia,ccs,0.0,0.0,0.0,0.0,0.0,True
2050,P0257,Inner Mongolia,biomass,1.0,362267.99999999994,0.29705975999999995,0.29705975999999995,0.0,True
2050,P0257,Inner Mongolia,beccs,0.0,0.0,0.0,0.0,0.0,True
2050,P0257,Inner Mongolia,ammonia,0.0,0.0,0.0,0.0,0.0,True
2050,P0258,Xinjiang,unabated,0.0,0.0,0.0,0.0,0.0,True
2050,P0258,Xinjiang,retire,0.0,0.0,0.0,0.0,0.0,True
2050,P0258,Xinjiang,ccs,0.48120438775320096,1778935.6288215432,1.4587272156336653,1.3128544940702989,1.5097826681808437,True
2050,P0258,Xinjiang,biomass,0.0,0.0,0.0,0.0,0.0,True
2050,P0258,Xinjiang,beccs,0.5187956122467996,1917904.3711784584,1.5726815843663358,2.988095010296038,1.6277254398191576,True
2050,P0258,Xinjiang,ammonia,0.0,0.0,0.0,0.0,0.0,True
2050,P0259,Guizhou,unabated,0.0,0.0,0.0,0.0,0.0,True
2050,P0259,Guizhou,retire,1.0,20792298.0,17.04968436,17.04968436,0.0,True
2050,P0259,Guizhou,ccs,0.0,0.0,0.0,0.0,0.0,True
2050,P0259,Guizhou,biomass,0.0,0.0,0.0,0.0,0.0,True
2050,P0259,Guizhou,beccs,0.0,0.0,0.0,0.0,0.0,True
2050,P0259,Guizhou,ammonia,0.0,0.0,0.0,0.0,0.0,True
2050,P0260,Ningxia,unabated,0.0,0.0,0.0,0.0,0.0,True
2050,P0260,Ningxia,retire,0.0,0.0,0.0,0.0,0.0,True
2050,P0260,Ningxia,ccs,0.0,0.0,0.0,0.0,0.0,True
2050,P0260,Ningxia,biomass,0.0,0.0,0.0,0.0,0.0,True
2050,P0260,Ningxia,beccs,1.0,13222594.0,10.84252708,20.600801452,11.2220155278,True
2050,P0260,Ningxia,ammonia,0.0,0.0,0.0,0.0,0.0,True
2050,P0261,Xinjiang,unabated,0.0,0.0,0.0,0.0,0.0,True
2050,P0261,Xinjiang,retire,0.0,0.0,0.0,0.0,0.0,True
2050,P0261,Xinjiang,ccs,1.0,3696839.9999999995,3.0314087999999995,2.7282679199999995,3.137508107999999,True
2050,P0261,Xinjiang,biomass,0.0,0.0,0.0,0.0,0.0,True
2050,P0261,Xinjiang,beccs,0.0,0.0,0.0,0.0,0.0,True
2050,P0261,Xinjiang,ammonia,0.0,0.0,0.0,0.0,0.0,True
2050,P0262,Guizhou,unabated,0.0,0.0,0.0,0.0,0.0,True
2050,P0262,Guizhou,retire,0.0,0.0,0.0,0.0,0.0,True
2050,P0262,Guizhou,ccs,0.0,0.0,0.0,0.0,0.0,True
2050,P0262,Guizhou,biomass,1.0,5696520.0,4.6711464,4.6711464,0.0,True
2050,P0262,Guizhou,beccs,0.0,0.0,0.0,0.0,0.0,True
2050,P0262,Guizhou,ammonia,0.0,0.0,0.0,0.0,0.0,True
2050,P0263,Shaanxi,unabated,0.0,0.0,0.0,0.0,0.0,True
2050,P0263,Shaanxi,retire,0.0,0.0,0.0,0.0,0.0,True
2050,P0263,Shaanxi,ccs,0.0,0.0,0.0,0.0,0.0,True
2050,P0263,Shaanxi,biomass,1.0,3176600.0,2.604812,2.604812,0.0,True
2050,P0263,Shaanxi,beccs,0.0,0.0,0.0,0.0,0.0,True
2050,P0263,Shaanxi,ammonia,0.0,0.0,0.0,0.0,0.0,True
2050,P0264,Sichuan,unabated,0.0,0.0,0.0,0.0,0.0,True
2050,P0264,Sichuan,retire,0.0,0.0,0.0,0.0,0.0,True
2050,P0264,Sichuan,ccs,0.0,0.0,0.0,0.0,0.0,True
2050,P0264,Sichuan,biomass,0.0,0.0,0.0,0.0,0.0,True
2050,P0264,Sichuan,beccs,1.0,5995679.999999999,4.916457599999998,9.341269439999996,4.749298041599998,True
2050,P0264,Sichuan,ammonia,0.0,0.0,0.0,0.0,0.0,True
2050,P0265,Gansu,unabated,0.0,0.0,0.0,0.0,0.0,True
2050,P0265,Gansu,retire,0.0,0.0,0.0,0.0,0.0,True
2050,P0265,Gansu,ccs,0.0,0.0,0.0,0.0,0.0,True
2050,P0265,Gansu,biomass,0.0,0.0,0.0,0.0,0.0,True
2050,P0265,Gansu,beccs,1.0,2932720.0,2.4048304,4.56917776,2.488999464,True
2050,P0265,Gansu,ammonia,0.0,0.0,0.0,0.0,0.0,True
2050,P0266,Heilongjiang,unabated,0.0,0.0,0.0,0.0,0.0,True
2050,P0266,Heilongjiang,retire,0.0,0.0,0.0,0.0,0.0,True
2050,P0266,Heilongjiang,ccs,0.0,0.0,0.0,0.0,0.0,True
2050,P0266,Heilongjiang,biomass,1.0,939195.0000000001,0.7701399,0.7701399,0.0,True
2050,P0266,Heilongjiang,beccs,0.0,0.0,0.0,0.0,0.0,True
2050,P0266,Heilongjiang,ammonia,0.0,0.0,0.0,0.0,0.0,True
2050,P0267,Hubei,unabated,0.0,0.0,0.0,0.0,0.0,True
2050,P0267,Hubei,retire,0.0,0.0,0.0,0.0,0.0,True
2050,P0267,Hubei,ccs,0.0,0.0,0.0,0.0,0.0,True
2050,P0267,Hubei,biomass,1.0,17473136.0,14.32797152,14.32797152,0.0,True
2050,P0267,Hubei,beccs,0.0,0.0,0.0,0.0,0.0,True
2050,P0267,Hubei,ammonia,0.0,0.0,0.0,0.0,0.0,True
2050,P0268,Inner Mongolia,unabated,0.0,0.0,0.0,0.0,0.0,True
2050,P0268,Inner Mongolia,retire,0.0,0.0,0.0,0.0,0.0,True
2050,P0268,Inner Mongolia,ccs,0.0,0.0,0.0,0.0,0.0,True
2050,P0268,Inner Mongolia,biomass,1.0,452835.0,0.37132469999999995,0.37132469999999995,0.0,True
2050,P0268,Inner Mongolia,beccs,0.0,0.0,0.0,0.0,0.0,True
2050,P0268,Inner Mongolia,ammonia,0.0,0.0,0.0,0.0,0.0,True
2050,P0269,Guangdong,unabated,0.0,0.0,0.0,0.0,0.0,True
2050,P0269,Guangdong,retire,1.0,77191239.2,63.296816144000005,63.296816144000005,0.0,True
2050,P0269,Guangdong,ccs,0.0,0.0,0.0,0.0,0.0,True
2050,P0269,Guangdong,biomass,0.0,0.0,0.0,0.0,0.0,True
2050,P0269,Guangdong,beccs,0.0,0.0,0.0,0.0,0.0,True
2050,P0269,Guangdong,ammonia,0.0,0.0,0.0,0.0,0.0,True
2050,P0270,Xinjiang,unabated,0.28221521510012587,894260.9963920707,0.7332940170414979,0.0,0.0,True
2050,P0270,Xinjiang,retire,0.0,0.0,0.0,0.0,0.0,True
2050,P0270,Xinjiang,ccs,0.0,0.0,0.0,0.0,0.0,True
2050,P0270,Xinjiang,biomass,0.7103478851277784,2250893.5505620935,1.8457327114609163,1.8457327114609163,0.0,True
2050,P0270,Xinjiang,beccs,0.007436899772095613,23565.45304583481,0.01932367149758454,0.03671497584541062,0.02,True
2050,P0270,Xinjiang,ammonia,0.0,0.0,0.0,0.0,0.0,True
2050,P0271,Guangdong,unabated,0.0,0.0,0.0,0.0,0.0,True
2050,P0271,Guangdong,retire,0.0,0.0,0.0,0.0,0.0,True
2050,P0271,Guangdong,ccs,0.0,0.0,0.0,0.0,0.0,True
2050,P0271,Guangdong,biomass,1.0,2899020.0,2.3771964,2.3771964,0.0,True
2050,P0271,Guangdong,beccs,0.0,0.0,0.0,0.0,0.0,True
2050,P0271,Guangdong,ammonia,0.0,0.0,0.0,0.0,0.0,True
2050,P0272,Qinghai,unabated,0.0,0.0,0.0,0.0,0.0,True
2050,P0272,Qinghai,retire,0.0,0.0,0.0,0.0,0.0,True
2050,P0272,Qinghai,ccs,1.0,5408039.999999999,4.434592799999999,3.991133519999999,4.589803547999999,True
2050,P0272,Qinghai,biomass,0.0,0.0,0.0,0.0,0.0,True
2050,P0272,Qinghai,beccs,0.0,0.0,0.0,0.0,0.0,True
2050,P0272,Qinghai,ammonia,0.0,0.0,0.0,0.0,0.0,True
2050,P0273,Fujian,unabated,0.0,0.0,0.0,0.0,0.0,True
2050,P0273,Fujian,retire,0.0,0.0,0.0,0.0,0.0,True
2050,P0273,Fujian,ccs,0.0,0.0,0.0,0.0,0.0,True
2050,P0273,Fujian,biomass,1.0,3075720.0,2.5220903999999997,2.5220903999999997,0.0,True
2050,P0273,Fujian,beccs,0.0,0.0,0.0,0.0,0.0,True
2050,P0273,Fujian,ammonia,0.0,0.0,0.0,0.0,0.0,True
2050,P0274,Hebei,unabated,0.0,0.0,0.0,0.0,0.0,True
2050,P0274,Hebei,retire,0.0,0.0,0.0,0.0,0.0,True
2050,P0274,Hebei,ccs,0.0,0.0,0.0,0.0,0.0,True
2050,P0274,Hebei,biomass,0.0,0.0,0.0,0.0,0.0,True
2050,P0274,Hebei,beccs,1.0,6237140.0,5.1144548,9.717464119999999,5.2934607179999995,True
2050,P0274,Hebei,ammonia,0.0,0.0,0.0,0.0,0.0,True
2050,P0275,Gansu,unabated,0.0,0.0,0.0,0.0,0.0,True
2050,P0275,Gansu,retire,1.0,15166352.000000002,12.43640864,12.43640864,0.0,True
2050,P0275,Gansu,ccs,0.0,0.0,0.0,0.0,0.0,True
2050,P0275,Gansu,biomass,0.0,0.0,0.0,0.0,0.0,True
2050,P0275,Gansu,beccs,0.0,0.0,0.0,0.0,0.0,True
2050,P0275,Gansu,ammonia,0.0,0.0,0.0,0.0,0.0,True
2050,P0276,Xinjiang,unabated,0.0,0.0,0.0,0.0,0.0,True
2050,P0276,Xinjiang,retire,0.0,0.0,0.0,0.0,0.0,True
2050,P0276,Xinjiang,ccs,1.0,3168719.9999999995,2.5983503999999993,2.3385153599999993,2.6892926639999994,True
2050,P0276,Xinjiang,biomass,0.0,0.0,0.0,0.0,0.0,True
2050,P0276,Xinjiang,beccs,0.0,0.0,0.0,0.0,0.0,True
2050,P0276,Xinjiang,ammonia,0.0,0.0,0.0,0.0,0.0,True
2050,P0277,Guangxi,unabated,0.0,0.0,0.0,0.0,0.0,True
2050,P0277,Guangxi,retire,0.0,0.0,0.0,0.0,0.0,True
2050,P0277,Guangxi,ccs,0.0,0.0,0.0,0.0,0.0,True
2050,P0277,Guangxi,biomass,1.0,3350620.0,2.7475084,2.7475084,0.0,True
2050,P0277,Guangxi,beccs,0.0,0.0,0.0,0.0,0.0,True
2050,P0277,Guangxi,ammonia,0.0,0.0,0.0,0.0,0.0,True
2050,P0278,Inner Mongolia,unabated,1.0,8151030.0,6.6838446,0.0,0.0,True
2050,P0278,Inner Mongolia,retire,0.0,0.0,0.0,0.0,0.0,True
2050,P0278,Inner Mongolia,ccs,0.0,0.0,0.0,0.0,0.0,True
2050,P0278,Inner Mongolia,biomass,0.0,0.0,0.0,0.0,0.0,True
2050,P0278,Inner Mongolia,beccs,0.0,0.0,0.0,0.0,0.0,True
2050,P0278,Inner Mongolia,ammonia,0.0,0.0,0.0,0.0,0.0,True
2050,P0279,Guangxi,unabated,0.0,0.0,0.0,0.0,0.0,True
2050,P0279,Guangxi,retire,0.0,0.0,0.0,0.0,0.0,True
2050,P0279,Guangxi,ccs,0.0,0.0,0.0,0.0,0.0,True
2050,P0279,Guangxi,biomass,0.0,0.0,0.0,0.0,0.0,True
2050,P0279,Guangxi,beccs,1.0,5743920.0,4.7100143999999995,8.949027359999999,4.549873910399999,True
2050,P0279,Guangxi,ammonia,0.0,0.0,0.0,0.0,0.0,True
2050,P0280,Anhui,unabated,0.0,0.0,0.0,0.0,0.0,True
2050,P0280,Anhui,retire,0.0,0.0,0.0,0.0,0.0,True
2050,P0280,Anhui,ccs,0.0,0.0,0.0,0.0,0.0,True
2050,P0280,Anhui,biomass,1.0,6708372.000000001,5.50086504,5.50086504,0.0,True
2050,P0280,Anhui,beccs,0.0,0.0,0.0,0.0,0.0,True
2050,P0280,Anhui,ammonia,0.0,0.0,0.0,0.0,0.0,True
2050,P0281,Xinjiang,unabated,0.0,0.0,0.0,0.0,0.0,True
2050,P0281,Xinjiang,retire,0.0,0.0,0.0,0.0,0.0,True
2050,P0281,Xinjiang,ccs,0.1506730689281999,1607383.9154796905,1.318054810693346,1.1862493296240115,1.364186729067613,True
2050,P0281,Xinjiang,biomass,0.0,0.0,0.0,0.0,0.0,True
2050,P0281,Xinjiang,beccs,0.8493269310718006,9060640.084520312,7.429724869306655,14.116477251682644,7.689765239732387,True
2050,P0281,Xinjiang,ammonia,0.0,0.0,0.0,0.0,0.0,True
2050,P0282,Shandong,unabated,0.0,0.0,0.0,0.0,0.0,True
2050,P0282,Shandong,retire,0.0,0.0,0.0,0.0,0.0,True
2050,P0282,Shandong,ccs,0.0,0.0,0.0,0.0,0.0,True
2050,P0282,Shandong,biomass,1.0,3532491.0000000005,2.89664262,2.89664262,0.0,True
2050,P0282,Shandong,beccs,0.0,0.0,0.0,0.0,0.0,True
2050,P0282,Shandong,ammonia,0.0,0.0,0.0,0.0,0.0,True
2050,P0283,Hubei,unabated,0.0,0.0,0.0,0.0,0.0,True
2050,P0283,Hubei,retire,0.0,0.0,0.0,0.0,0.0,True
2050,P0283,Hubei,ccs,0.0,0.0,0.0,0.0,0.0,True
2050,P0283,Hubei,biomass,1.0,4949472.0,4.05856704,4.05856704,0.0,True
2050,P0283,Hubei,beccs,0.0,0.0,0.0,0.0,0.0,True
2050,P0283,Hubei,ammonia,0.0,0.0,0.0,0.0,0.0,True
2050,P0284,Shandong,unabated,0.0,0.0,0.0,0.0,0.0,True
2050,P0284,Shandong,retire,1.0,38377680.00000001,31.469697600000003,31.469697600000003,0.0,True
2050,P0284,Shandong,ccs,0.0,0.0,0.0,0.0,0.0,True
2050,P0284,Shandong,biomass,0.0,0.0,0.0,0.0,0.0,True
2050,P0284,Shandong,beccs,0.0,0.0,0.0,0.0,0.0,True
2050,P0284,Shandong,ammonia,0.0,0.0,0.0,0.0,0.0,True
2050,P0285,Yunnan,unabated,0.0,0.0,0.0,0.0,0.0,True
2050,P0285,Yunnan,retire,0.0,0.0,0.0,0.0,0.0,True
2050,P0285,Yunnan,ccs,0.0,0.0,0.0,0.0,0.0,True
2050,P0285,Yunnan,biomass,1.0,5378639.999999999,4.410484799999999,4.410484799999999,0.0,True
2050,P0285,Yunnan,beccs,0.0,0.0,0.0,0.0,0.0,True
2050,P0285,Yunnan,ammonia,0.0,0.0,0.0,0.0,0.0,True
2050,P0286,Jiangxi,unabated,0.0,0.0,0.0,0.0,0.0,True
2050,P0286,Jiangxi,retire,0.0,0.0,0.0,0.0,0.0,True
2050,P0286,Jiangxi,ccs,0.0,0.0,0.0,0.0,0.0,True
2050,P0286,Jiangxi,biomass,1.0,7149600.0,5.862672,5.862672,0.0,True
2050,P0286,Jiangxi,beccs,0.0,0.0,0.0,0.0,0.0,True
2050,P0286,Jiangxi,ammonia,0.0,0.0,0.0,0.0,0.0,True
2050,P0287,Gansu,unabated,0.0,0.0,0.0,0.0,0.0,True
2050,P0287,Gansu,retire,1.0,5530272.0,4.53482304,4.53482304,0.0,True
2050,P0287,Gansu,ccs,0.0,0.0,0.0,0.0,0.0,True
2050,P0287,Gansu,biomass,0.0,0.0,0.0,0.0,0.0,True
2050,P0287,Gansu,beccs,0.0,0.0,0.0,0.0,0.0,True
2050,P0287,Gansu,ammonia,0.0,0.0,0.0,0.0,0.0,True
2050,P0288,Inner Mongolia,unabated,1.0,6641580.0,5.4460956,0.0,0.0,True
2050,P0288,Inner Mongolia,retire,0.0,0.0,0.0,0.0,0.0,True
2050,P0288,Inner Mongolia,ccs,0.0,0.0,0.0,0.0,0.0,True
2050,P0288,Inner Mongolia,biomass,0.0,0.0,0.0,0.0,0.0,True
2050,P0288,Inner Mongolia,beccs,0.0,0.0,0.0,0.0,0.0,True
2050,P0288,Inner Mongolia,ammonia,0.0,0.0,0.0,0.0,0.0,True
2050,P0289,Inner Mongolia,unabated,0.0,0.0,0.0,0.0,0.0,True
2050,P0289,Inner Mongolia,retire,0.0,0.0,0.0,0.0,0.0,True
2050,P0289,Inner Mongolia,ccs,0.0,0.0,0.0,0.0,0.0,True
2050,P0289,Inner Mongolia,biomass,0.0,0.0,0.0,0.0,0.0,True
2050,P0289,Inner Mongolia,beccs,1.0,2566065.0,2.1041733,3.9979292699999993,2.0326314077999994,True
2050,P0289,Inner Mongolia,ammonia,0.0,0.0,0.0,0.0,0.0,True
2050,P0290,Guizhou,unabated,0.0,0.0,0.0,0.0,0.0,True
2050,P0290,Guizhou,retire,0.0,0.0,0.0,0.0,0.0,True
2050,P0290,Guizhou,ccs,0.0,0.0,0.0,0.0,0.0,True
2050,P0290,Guizhou,biomass,1.0,8829606.0,7.24027692,7.24027692,0.0,True
2050,P0290,Guizhou,beccs,0.0,0.0,0.0,0.0,0.0,True
2050,P0290,Guizhou,ammonia,0.0,0.0,0.0,0.0,0.0,True
2050,P0291,Shanxi,unabated,0.0,0.0,0.0,0.0,0.0,True
2050,P0291,Shanxi,retire,0.0,0.0,0.0,0.0,0.0,True
2050,P0291,Shanxi,ccs,0.0,0.0,0.0,0.0,0.0,True
2050,P0291,Shanxi,biomass,0.0,0.0,0.0,0.0,0.0,True
2050,P0291,Shanxi,beccs,1.0,4490615.0,3.6823042999999998,6.996378169999999,3.8111849504999995,True
2050,P0291,Shanxi,ammonia,0.0,0.0,0.0,0.0,0.0,True
2050,P0292,Chongqing,unabated,0.0,0.0,0.0,0.0,0.0,True
2050,P0292,Chongqing,retire,0.0,0.0,0.0,0.0,0.0,True
2050,P0292,Chongqing,ccs,0.0,0.0,0.0,0.0,0.0,True
2050,P0292,Chongqing,biomass,1.0,2876520.0,2.3587464,2.3587464,0.0,True
2050,P0292,Chongqing,beccs,0.0,0.0,0.0,0.0,0.0,True
2050,P0292,Chongqing,ammonia,0.0,0.0,0.0,0.0,0.0,True
2050,P0293,Chongqing,unabated,0.0,0.0,0.0,0.0,0.0,True
2050,P0293,Chongqing,retire,0.0,0.0,0.0,0.0,0.0,True
2050,P0293,Chongqing,ccs,0.0,0.0,0.0,0.0,0.0,True
2050,P0293,Chongqing,biomass,0.0,0.0,0.0,0.0,0.0,True
2050,P0293,Chongqing,beccs,1.0,958840.0,0.7862488,1.49387272,0.7595163407999999,True
2050,P0293,Chongqing,ammonia,0.0,0.0,0.0,0.0,0.0,True
2050,P0294,Jiangxi,unabated,0.0,0.0,0.0,0.0,0.0,True
2050,P0294,Jiangxi,retire,0.0,0.0,0.0,0.0,0.0,True
2050,P0294,Jiangxi,ccs,0.0,0.0,0.0,0.0,0.0,True
2050,P0294,Jiangxi,biomass,1.0,6291647.999999999,5.159151359999998,5.159151359999998,0.0,True
2050,P0294,Jiangxi,beccs,0.0,0.0,0.0,0.0,0.0,True
2050,P0294,Jiangxi,ammonia,0.0,0.0,0.0,0.0,0.0,True
2050,P0295,Guangdong,unabated,0.0,0.0,0.0,0.0,0.0,True
2050,P0295,Guangdong,retire,0.0,0.0,0.0,0.0,0.0,True
2050,P0295,Guangdong,ccs,0.0,0.0,0.0,0.0,0.0,True
2050,P0295,Guangdong,biomass,0.0,0.0,0.0,0.0,0.0,True
2050,P0295,Guangdong,beccs,1.0,14857477.5,12.183131549999999,23.147949944999997,11.768905077299998,True
2050,P0295,Guangdong,ammonia,0.0,0.0,0.0,0.0,0.0,True
2050,P0296,Henan,unabated,0.0,0.0,0.0,0.0,0.0,True
2050,P0296,Henan,retire,0.0,0.0,0.0,0.0,0.0,True
2050,P0296,Henan,ccs,0.0,0.0,0.0,0.0,0.0,True
2050,P0296,Henan,biomass,1.0,14182424.0,11.62958768,11.62958768,0.0,True
2050,P0296,Henan,beccs,0.0,0.0,0.0,0.0,0.0,True
2050,P0296,Henan,ammonia,0.0,0.0,0.0,0.0,0.0,True
2050,P0297,Jiangxi,unabated,0.0,0.0,0.0,0.0,0.0,True
2050,P0297,Jiangxi,retire,0.0,0.0,0.0,0.0,0.0,True
2050,P0297,Jiangxi,ccs,0.0,0.0,0.0,0.0,0.0,True
2050,P0297,Jiangxi,biomass,0.0,0.0,0.0,0.0,0.0,True
2050,P0297,Jiangxi,beccs,1.0,9532800.0,7.816895999999999,14.852102399999998,8.09048736,True
2050,P0297,Jiangxi,ammonia,0.0,0.0,0.0,0.0,0.0,True
2050,P0298,Xinjiang,unabated,0.0,0.0,0.0,0.0,0.0,True
2050,P0298,Xinjiang,retire,0.0,0.0,0.0,0.0,0.0,True
2050,P0298,Xinjiang,ccs,0.0,0.0,0.0,0.0,0.0,True
2050,P0298,Xinjiang,biomass,0.0,0.0,0.0,0.0,0.0,True
2050,P0298,Xinjiang,beccs,1.0,5281200.0,4.330584,8.2281096,4.4821544399999995,True
2050,P0298,Xinjiang,ammonia,0.0,0.0,0.0,0.0,0.0,True
2050,P0299,Liaoning,unabated,0.0,0.0,0.0,0.0,0.0,True
2050,P0299,Liaoning,retire,0.0,0.0,0.0,0.0,0.0,True
2050,P0299,Liaoning,ccs,0.0,0.0,0.0,0.0,0.0,True
2050,P0299,Liaoning,biomass,1.0,1612363.9999999998,1.3221384799999998,1.3221384799999998,0.0,True
2050,P0299,Liaoning,beccs,0.0,0.0,0.0,0.0,0.0,True
2050,P0299,Liaoning,ammonia,0.0,0.0,0.0,0.0,0.0,True
2050,P0300,Guangxi,unabated,0.0,0.0,0.0,0.0,0.0,True
2050,P0300,Guangxi,retire,0.0,0.0,0.0,0.0,0.0,True
2050,P0300,Guangxi,ccs,0.0,0.0,0.0,0.0,0.0,True
2050,P0300,Guangxi,biomass,0.28907173596408436,1826445.418202706,1.4976852429262186,1.4976852429262186,0.0,True
2050,P0300,Guangxi,beccs,0.7109282640359158,4491866.581797295,3.6833305970737817,6.998328134440185,3.812247167971364,True
2050,P0300,Guangxi,ammonia,0.0,0.0,0.0,0.0,0.0,True
2050,P0301,Jiangsu,unabated,0.0,0.0,0.0,0.0,0.0,True
2050,P0301,Jiangsu,retire,0.0,0.0,0.0,0.0,0.0,True
2050,P0301,Jiangsu,ccs,0.0,0.0,0.0,0.0,0.0,True
2050,P0301,Jiangsu,biomass,0.9555813370206475,306733.9645329317,0.251521850917004,0.251521850917004,0.0,True
2050,P0301,Jiangsu,beccs,0.04441866297935294,14258.035467068457,0.011691589082996137,0.022214019257692657,0.012100794700900998,True
2050,P0301,Jiangsu,ammonia,0.0,0.0,0.0,0.0,0.0,True
2050,P0302,Xinjiang,unabated,0.703420564780577,2600433.280703428,2.132355290176811,0.0,0.0,True
2050,P0302,Xinjiang,retire,0.0,0.0,0.0,0.0,0.0,True
2050,P0302,Xinjiang,ccs,0.0,0.0,0.0,0.0,0.0,True
2050,P0302,Xinjiang,biomass,0.29657943521942315,1096406.719296572,0.8990535098231891,0.8990535098231891,0.0,True
2050,P0302,Xinjiang,beccs,0.0,0.0,0.0,0.0,0.0,True
2050,P0302,Xinjiang,ammonia,0.0,0.0,0.0,0.0,0.0,True
2050,P0303,Henan,unabated,0.0,0.0,0.0,0.0,0.0,True
2050,P0303,Henan,retire,0.0,0.0,0.0,0.0,0.0,True
2050,P0303,Henan,ccs,0.0,0.0,0.0,0.0,0.0,True
2050,P0303,Henan,biomass,1.0,4679480.0,3.8371735999999994,3.8371735999999994,0.0,True
2050,P0303,Henan,beccs,0.0,0.0,0.0,0.0,0.0,True
2050,P0303,Henan,ammonia,0.0,0.0,0.0,0.0,0.0,True
2050,P0304,Inner Mongolia,unabated,0.0,0.0,0.0,0.0,0.0,True
2050,P0304,Inner Mongolia,retire,0.0,0.0,0.0,0.0,0.0,True
2050,P0304,Inner Mongolia,ccs,0.8701784243840243,437830.2742288218,0.35902082486763387,0.3231187423808705,0.371586553738001,True
2050,P0304,Inner Mongolia,biomass,0.0,0.0,0.0,0.0,0.0,True
2050,P0304,Inner Mongolia,beccs,0.12982157561597593,65319.72577117829,0.0535621751323662,0.10176813275149577,0.05543685126199901,True
2050,P0304,Inner Mongolia,ammonia,0.0,0.0,0.0,0.0,0.0,True
2050,P0305,Inner Mongolia,unabated,0.04075902476523474,61523.70993188357,0.05044944214414453,0.0,0.0,True
2050,P0305,Inner Mongolia,retire,0.0,0.0,0.0,0.0,0.0,True
2050,P0305,Inner Mongolia,ccs,0.0,0.0,0.0,0.0,0.0,True
2050,P0305,Inner Mongolia,biomass,0.0,0.0,0.0,0.0,0.0,True
2050,P0305,Inner Mongolia,beccs,0.9592409752347653,1447926.2900681163,1.1872995578558552,2.255869159926125,1.2288550423808102,True
2050,P0305,Inner Mongolia,ammonia,0.0,0.0,0.0,0.0,0.0,True
2050,P0306,Inner Mongolia,unabated,0.0,0.0,0.0,0.0,0.0,True
2050,P0306,Inner Mongolia,retire,0.0,0.0,0.0,0.0,0.0,True
2050,P0306,Inner Mongolia,ccs,0.0,0.0,0.0,0.0,0.0,True
2050,P0306,Inner Mongolia,biomass,0.0,0.0,0.0,0.0,0.0,True
2050,P0306,Inner Mongolia,beccs,1.0,3320790.0,2.7230478,5.17379082,2.818354472999999,True
2050,P0306,Inner Mongolia,ammonia,0.0,0.0,0.0,0.0,0.0,True
2050,P0307,Hunan,unabated,0.0,0.0,0.0,0.0,0.0,True
2050,P0307,Hunan,retire,0.0,0.0,0.0,0.0,0.0,True
2050,P0307,Hunan,ccs,0.0,0.0,0.0,0.0,0.0,True
2050,P0307,Hunan,biomass,1.0,15627600.0,12.814632,12.814632,0.0,True
2050,P0307,Hunan,beccs,0.0,0.0,0.0,0.0,0.0,True
2050,P0307,Hunan,ammonia,0.0,0.0,0.0,0.0,0.0,True
2050,P0308,Qinghai,unabated,0.0,0.0,0.0,0.0,0.0,True
2050,P0308,Qinghai,retire,0.0,0.0,0.0,0.0,0.0,True
2050,P0308,Qinghai,ccs,0.0,0.0,0.0,0.0,0.0,True
2050,P0308,Qinghai,biomass,0.0,0.0,0.0,0.0,0.0,True
2050,P0308,Qinghai,beccs,1.0,1106190.0,0.9070757999999999,1.7234440199999996,0.8762352227999997,True
2050,P0308,Qinghai,ammonia,0.0,0.0,0.0,0.0,0.0,True
2050,P0309,Inner Mongolia,unabated,0.0,0.0,0.0,0.0,0.0,True
2050,P0309,Inner Mongolia,retire,0.0,0.0,0.0,0.0,0.0,True
2050,P0309,Inner Mongolia,ccs,0.0,0.0,0.0,0.0,0.0,True
2050,P0309,Inner Mongolia,biomass,0.0,0.0,0.0,0.0,0.0,True
2050,P0309,Inner Mongolia,beccs,1.0,10063000.0,8.25166,15.678153999999997,8.540468099999998,True
2050,P0309,Inner Mongolia,ammonia,0.0,0.0,0.0,0.0,0.0,True
2050,P0310,Shaanxi,unabated,0.0,0.0,0.0,0.0,0.0,True
2050,P0310,Shaanxi,retire,0.0,0.0,0.0,0.0,0.0,True
2050,P0310,Shaanxi,ccs,0.0,0.0,0.0,0.0,0.0,True
2050,P0310,Shaanxi,biomass,1.0,11980320.0,9.823862399999998,9.823862399999998,0.0,True
2050,P0310,Shaanxi,beccs,0.0,0.0,0.0,0.0,0.0,True
2050,P0310,Shaanxi,ammonia,0.0,0.0,0.0,0.0,0.0,True
2050,P0311,Hunan,unabated,0.0,0.0,0.0,0.0,0.0,True
2050,P0311,Hunan,retire,0.0,0.0,0.0,0.0,0.0,True
2050,P0311,Hunan,ccs,0.0,0.0,0.0,0.0,0.0,True
2050,P0311,Hunan,biomass,1.0,5157108.0,4.228828559999999,4.228828559999999,0.0,True
2050,P0311,Hunan,beccs,0.0,0.0,0.0,0.0,0.0,True
2050,P0311,Hunan,ammonia,0.0,0.0,0.0,0.0,0.0,True
2050,P0312,Shanxi,unabated,0.0,0.0,0.0,0.0,0.0,True
2050,P0312,Shanxi,retire,0.0,0.0,0.0,0.0,0.0,True
2050,P0312,Shanxi,ccs,0.0,0.0,0.0,0.0,0.0,True
2050,P0312,Shanxi,biomass,0.0,0.0,0.0,0.0,0.0,True
2050,P0312,Shanxi,beccs,1.0,2777700.0,2.277714,4.3276566,2.35743399,True
2050,P0312,Shanxi,ammonia,0.0,0.0,0.0,0.0,0.0,True
2050,P0313,Xinjiang,unabated,0.0,0.0,0.0,0.0,0.0,True
2050,P0313,Xinjiang,retire,0.0,0.0,0.0,0.0,0.0,True
2050,P0313,Xinjiang,ccs,0.6747580190007908,2850825.6399575802,2.337677024765216,2.103909322288694,2.4194957206319985,True
2050,P0313,Xinjiang,biomass,0.0,0.0,0.0,0.0,0.0,True
2050,P0313,Xinjiang,beccs,0.32524198099920976,1374134.360042421,1.126790175234785,2.1409013329460915,1.1662278313680026,True
2050,P0313,Xinjiang,ammonia,0.0,0.0,0.0,0.0,0.0,True
2050,P0314,Inner Mongolia,unabated,0.0,0.0,0.0,0.0,0.0,True
2050,P0314,Inner Mongolia,retire,0.0,0.0,0.0,0.0,0.0,True
2050,P0314,Inner Mongolia,ccs,0.0,0.0,0.0,0.0,0.0,True
2050,P0314,Inner Mongolia,biomass,1.0,6037799.999999999,4.950995999999999,4.950995999999999,0.0,True
2050,P0314,Inner Mongolia,beccs,0.0,0.0,0.0,0.0,0.0,True
2050,P0314,Inner Mongolia,ammonia,0.0,0.0,0.0,0.0,0.0,True
2050,P0315,Jiangxi,unabated,0.0,0.0,0.0,0.0,0.0,True
2050,P0315,Jiangxi,retire,1.0,22974048.0,18.83871936,18.83871936,0.0,True
2050,P0315,Jiangxi,ccs,0.0,0.0,0.0,0.0,0.0,True
2050,P0315,Jiangxi,biomass,0.0,0.0,0.0,0.0,0.0,True
2050,P0315,Jiangxi,beccs,0.0,0.0,0.0,0.0,0.0,True
2050,P0315,Jiangxi,ammonia,0.0,0.0,0.0,0.0,0.0,True
2050,P0316,Chongqing,unabated,0.0,0.0,0.0,0.0,0.0,True
2050,P0316,Chongqing,retire,0.0,0.0,0.0,0.0,0.0,True
2050,P0316,Chongqing,ccs,0.0,0.0,0.0,0.0,0.0,True
2050,P0316,Chongqing,biomass,1.0,5753040.0,4.7174928,4.7174928,0.0,True
2050,P0316,Chongqing,beccs,0.0,0.0,0.0,0.0,0.0,True
2050,P0316,Chongqing,ammonia,0.0,0.0,0.0,0.0,0.0,True
2050,P0317,Jiangsu,unabated,0.0,0.0,0.0,0.0,0.0,True
2050,P0317,Jiangsu,retire,0.0,0.0,0.0,0.0,0.0,True
2050,P0317,Jiangsu,ccs,0.0,0.0,0.0,0.0,0.0,True
2050,P0317,Jiangsu,biomass,0.0,0.0,0.0,0.0,0.0,True
2050,P0317,Jiangsu,beccs,1.0,6871235.0,5.6344126999999995,10.705384129999999,5.831617144499999,True
2050,P0317,Jiangsu,ammonia,0.0,0.0,0.0,0.0,0.0,True
2050,P0318,Jilin,unabated,0.0,0.0,0.0,0.0,0.0,True
2050,P0318,Jilin,retire,0.0,0.0,0.0,0.0,0.0,True
2050,P0318,Jilin,ccs,0.0,0.0,0.0,0.0,0.0,True
2050,P0318,Jilin,biomass,1.0,1991770.0000000002,1.6332514000000002,1.6332514000000002,0.0,True
2050,P0318,Jilin,beccs,0.0,0.0,0.0,0.0,0.0,True
2050,P0318,Jilin,ammonia,0.0,0.0,0.0,0.0,0.0,True
2050,P0319,Inner Mongolia,unabated,0.0,0.0,0.0,0.0,0.0,True
2050,P0319,Inner Mongolia,retire,0.0,0.0,0.0,0.0,0.0,True
2050,P0319,Inner Mongolia,ccs,0.0,0.0,0.0,0.0,0.0,True
2050,P0319,Inner Mongolia,biomass,0.8420963098531535,2965905.308118299,2.4320423526570054,2.4320423526570054,0.0,True
2050,P0319,Inner Mongolia,beccs,0.15790369014684716,556144.691881703,0.45603864734299643,0.8664734299516933,0.47200000000000125,True
2050,P0319,Inner Mongolia,ammonia,0.0,0.0,0.0,0.0,0.0,True
2050,P0320,Guizhou,unabated,0.0,0.0,0.0,0.0,0.0,True
2050,P0320,Guizhou,retire,0.0,0.0,0.0,0.0,0.0,True
2050,P0320,Guizhou,ccs,0.0,0.0,0.0,0.0,0.0,True
2050,P0320,Guizhou,biomass,1.0,1424130.0,1.1677866,1.1677866,0.0,True
2050,P0320,Guizhou,beccs,0.0,0.0,0.0,0.0,0.0,True
2050,P0320,Guizhou,ammonia,0.0,0.0,0.0,0.0,0.0,True
2050,P0321,Jilin,unabated,0.0,0.0,0.0,0.0,0.0,True
2050,P0321,Jilin,retire,0.0,0.0,0.0,0.0,0.0,True
2050,P0321,Jilin,ccs,0.0,0.0,0.0,0.0,0.0,True
2050,P0321,Jilin,biomass,1.0,2390124.0000000005,1.9599016800000002,1.9599016800000002,0.0,True
2050,P0321,Jilin,beccs,0.0,0.0,0.0,0.0,0.0,True
2050,P0321,Jilin,ammonia,0.0,0.0,0.0,0.0,0.0,True
2050,P0322,Xinjiang,unabated,1.0,3696839.9999999995,3.0314087999999995,0.0,0.0,True
2050,P0322,Xinjiang,retire,0.0,0.0,0.0,0.0,0.0,True
2050,P0322,Xinjiang,ccs,0.0,0.0,0.0,0.0,0.0,True
2050,P0322,Xinjiang,biomass,0.0,0.0,0.0,0.0,0.0,True
2050,P0322,Xinjiang,beccs,0.0,0.0,0.0,0.0,0.0,True
2050,P0322,Xinjiang,ammonia,0.0,0.0,0.0,0.0,0.0,True
2050,P0323,Henan,unabated,0.0,0.0,0.0,0.0,0.0,True
2050,P0323,Henan,retire,0.0,0.0,0.0,0.0,0.0,True
2050,P0323,Henan,ccs,0.0,0.0,0.0,0.0,0.0,True
2050,P0323,Henan,biomass,1.0,14398400.0,11.806688,11.806688,0.0,True
2050,P0323,Henan,beccs,0.0,0.0,0.0,0.0,0.0,True
2050,P0323,Henan,ammonia,0.0,0.0,0.0,0.0,0.0,True
2050,P0324,Shaanxi,unabated,0.0,0.0,0.0,0.0,0.0,True
2050,P0324,Shaanxi,retire,0.0,0.0,0.0,0.0,0.0,True
2050,P0324,Shaanxi,ccs,0.0,0.0,0.0,0.0,0.0,True
2050,P0324,Shaanxi,biomass,0.0,0.0,0.0,0.0,0.0,True
2050,P0324,Shaanxi,beccs,1.0,14430840.0,11.833288799999998,22.483248719999995,11.430956980799998,True
2050,P0324,Shaanxi,ammonia,0.0,0.0,0.0,0.0,0.0,True
2050,P0325,Zhejiang,unabated,0.0,0.0,0.0,0.0,0.0,True
2050,P0325,Zhejiang,retire,0.0,0.0,0.0,0.0,0.0,True
2050,P0325,Zhejiang,ccs,0.0,0.0,0.0,0.0,0.0,True
2050,P0325,Zhejiang,biomass,0.0,0.0,0.0,0.0,0.0,True
2050,P0325,Zhejiang,beccs,1.0,5529764.7,4.534407054,8.6153734026,4.693111300889999,True
2050,P0325,Zhejiang,ammonia,0.0,0.0,0.0,0.0,0.0,True
2050,P0326,Zhejiang,unabated,0.0,0.0,0.0,0.0,0.0,True
2050,P0326,Zhejiang,retire,1.0,37944481.5,31.11447483,31.11447483,0.0,True
2050,P0326,Zhejiang,ccs,0.0,0.0,0.0,0.0,0.0,True
2050,P0326,Zhejiang,biomass,0.0,0.0,0.0,0.0,0.0,True
2050,P0326,Zhejiang,beccs,0.0,0.0,0.0,0.0,0.0,True
2050,P0326,Zhejiang,ammonia,0.0,0.0,0.0,0.0,0.0,True
2050,P0327,Chongqing,unabated,0.0,0.0,0.0,0.0,0.0,True
2050,P0327,Chongqing,retire,0.0,0.0,0.0,0.0,0.0,True
2050,P0327,Chongqing,ccs,0.0,0.0,0.0,0.0,0.0,True
2050,P0327,Chongqing,biomass,1.0,13711412.0,11.24335784,11.24335784,0.0,True
2050,P0327,Chongqing,beccs,0.0,0.0,0.0,0.0,0.0,True
2050,P0327,Chongqing,ammonia,0.0,0.0,0.0,0.0,0.0,True
2050,P0328,Inner Mongolia,unabated,0.0,0.0,0.0,0.0,0.0,True
2050,P0328,Inner Mongolia,retire,0.0,0.0,0.0,0.0,0.0,True
2050,P0328,Inner Mongolia,ccs,0.0,0.0,0.0,0.0,0.0,True
2050,P0328,Inner Mongolia,biomass,0.0,0.0,0.0,0.0,0.0,True
2050,P0328,Inner Mongolia,beccs,1.0,11924655.0,9.778217099999999,18.578612489999998,9.445757718599998,True
2050,P0328,Inner Mongolia,ammonia,0.0,0.0,0.0,0.0,0.0,True
2050,P0329,Xinjiang,unabated,0.0,0.0,0.0,0.0,0.0,True
2050,P0329,Xinjiang,retire,0.0,0.0,0.0,0.0,0.0,True
2050,P0329,Xinjiang,ccs,0.0,0.0,0.0,0.0,0.0,True
2050,P0329,Xinjiang,biomass,1.0,528119.9999999999,0.4330583999999999,0.4330583999999999,0.0,True
2050,P0329,Xinjiang,beccs,0.0,0.0,0.0,0.0,0.0,True
2050,P0329,Xinjiang,ammonia,0.0,0.0,0.0,0.0,0.0,True
2050,P0330,Gansu,unabated,0.0,0.0,0.0,0.0,0.0,True
2050,P0330,Gansu,retire,0.6063062315246779,15241083.525574742,12.49768849097129,12.49768849097129,0.0,True
2050,P0330,Gansu,ccs,0.39369376847532267,9896516.474425271,8.115143509028723,7.303629158125851,8.399173531844728,True
2050,P0330,Gansu,biomass,0.0,0.0,0.0,0.0,0.0,True
2050,P0330,Gansu,beccs,0.0,0.0,0.0,0.0,0.0,True
2050,P0330,Gansu,ammonia,0.0,0.0,0.0,0.0,0.0,True
2050,P0331,Guangdong,unabated,0.0,0.0,0.0,0.0,0.0,True
2050,P0331,Guangdong,retire,1.0,25414742.0,20.84008844,20.84008844,0.0,True
2050,P0331,Guangdong,ccs,0.0,0.0,0.0,0.0,0.0,True
2050,P0331,Guangdong,biomass,0.0,0.0,0.0,0.0,0.0,True
2050,P0331,Guangdong,beccs,0.0,0.0,0.0,0.0,0.0,True
2050,P0331,Guangdong,ammonia,0.0,0.0,0.0,0.0,0.0,True
2050,P0332,Hebei,unabated,0.0,0.0,0.0,0.0,0.0,True
2050,P0332,Hebei,retire,0.0,0.0,0.0,0.0,0.0,True
2050,P0332,Hebei,ccs,0.0,0.0,0.0,0.0,0.0,True
2050,P0332,Hebei,biomass,0.0,0.0,0.0,0.0,0.0,True
2050,P0332,Hebei,beccs,1.0,17107584.0,14.028218879999999,26.653615871999996,14.519206540799999,True
2050,P0332,Hebei,ammonia,0.0,0.0,0.0,0.0,0.0,True
2050,P0333,Guangdong,unabated,0.0,0.0,0.0,0.0,0.0,True
2050,P0333,Guangdong,retire,0.0,0.0,0.0,0.0,0.0,True
2050,P0333,Guangdong,ccs,0.0,0.0,0.0,0.0,0.0,True
2050,P0333,Guangdong,biomass,0.0,0.0,0.0,0.0,0.0,True
2050,P0333,Guangdong,beccs,1.0,15675001.14,12.8535009348,24.421651776119997,13.303373467517998,True
2050,P0333,Guangdong,ammonia,0.0,0.0,0.0,0.0,0.0,True
2050,P0334,Hebei,unabated,0.0,0.0,0.0,0.0,0.0,True
2050,P0334,Hebei,retire,0.0,0.0,0.0,0.0,0.0,True
2050,P0334,Hebei,ccs,0.0,0.0,0.0,0.0,0.0,True
2050,P0334,Hebei,biomass,1.0,3118570.0,2.5572274,2.5572274,0.0,True
2050,P0334,Hebei,beccs,0.0,0.0,0.0,0.0,0.0,True
2050,P0334,Hebei,ammonia,0.0,0.0,0.0,0.0,0.0,True
2050,P0335,Hubei,unabated,0.0,0.0,0.0,0.0,0.0,True
2050,P0335,Hubei,retire,0.0,0.0,0.0,0.0,0.0,True
2050,P0335,Hubei,ccs,0.0,0.0,0.0,0.0,0.0,True
2050,P0335,Hubei,biomass,1.0,17248159.999999996,14.143491199999996,14.143491199999996,0.0,True
2050,P0335,Hubei,beccs,0.0,0.0,0.0,0.0,0.0,True
2050,P0335,Hubei,ammonia,0.0,0.0,0.0,0.0,0.0,True
2050,P0336,Inner Mongolia,unabated,0.0,0.0,0.0,0.0,0.0,True
2050,P0336,Inner Mongolia,retire,0.0,0.0,0.0,0.0,0.0,True
2050,P0336,Inner Mongolia,ccs,0.4009802030213112,4035063.7830034546,3.3087523020628327,2.9778770718565495,3.4245586326350312,True
2050,P0336,Inner Mongolia,biomass,0.0,0.0,0.0,0.0,0.0,True
2050,P0336,Inner Mongolia,beccs,0.599019796978689,6027936.216996548,4.942907697937168,9.391524626080619,5.115909467364969,True
2050,P0336,Inner Mongolia,ammonia,0.0,0.0,0.0,0.0,0.0,True
2050,P0337,Guizhou,unabated,0.0,0.0,0.0,0.0,0.0,True
2050,P0337,Guizhou,retire,0.0,0.0,0.0,0.0,0.0,True
2050,P0337,Guizhou,ccs,0.0,0.0,0.0,0.0,0.0,True
2050,P0337,Guizhou,biomass,1.0,3322970.0,2.7248354,2.7248354,0.0,True
2050,P0337,Guizhou,beccs,0.0,0.0,0.0,0.0,0.0,True
2050,P0337,Guizhou,ammonia,0.0,0.0,0.0,0.0,0.0,True
2050,P0338,Guangxi,unabated,0.0,0.0,0.0,0.0,0.0,True
2050,P0338,Guangxi,retire,0.0,0.0,0.0,0.0,0.0,True
2050,P0338,Guangxi,ccs,0.0,0.0,0.0,0.0,0.0,True
2050,P0338,Guangxi,biomass,1.0,2871960.0,2.3550071999999997,2.3550071999999997,0.0,True
2050,P0338,Guangxi,beccs,0.0,0.0,0.0,0.0,0.0,True
2050,P0338,Guangxi,ammonia,0.0,0.0,0.0,0.0,0.0,True
2050,P0339,Hainan,unabated,0.0,0.0,0.0,0.0,0.0,True
2050,P0339,Hainan,retire,0.0,0.0,0.0,0.0,0.0,True
2050,P0339,Hainan,ccs,0.0,0.0,0.0,0.0,0.0,True
2050,P0339,Hainan,biomass,0.0,0.0,0.0,0.0,0.0,True
2050,P0339,Hainan,beccs,1.0,3320394.0,2.7227230799999997,5.173173852,2.6301504952799997,True
2050,P0339,Hainan,ammonia,0.0,0.0,0.0,0.0,0.0,True
2050,P0340,Inner Mongolia,unabated,0.0,0.0,0.0,0.0,0.0,True
2050,P0340,Inner Mongolia,retire,0.0,0.0,0.0,0.0,0.0,True
2050,P0340,Inner Mongolia,ccs,0.0,0.0,0.0,0.0,0.0,True
2050,P0340,Inner Mongolia,biomass,0.0,0.0,0.0,0.0,0.0,True
2050,P0340,Inner Mongolia,beccs,1.0,18817810.0,15.4306042,29.31814798,14.905963657199997,True
2050,P0340,Inner Mongolia,ammonia,0.0,0.0,0.0,0.0,0.0,True
2050,P0341,Hebei,unabated,0.0,0.0,0.0,0.0,0.0,True
2050,P0341,Hebei,retire,0.0,0.0,0.0,0.0,0.0,True
2050,P0341,Hebei,ccs,0.0,0.0,0.0,0.0,0.0,True
2050,P0341,Hebei,biomass,1.0,445510.0,0.3653181999999999,0.3653181999999999,0.0,True
2050,P0341,Hebei,beccs,0.0,0.0,0.0,0.0,0.0,True
2050,P0341,Hebei,ammonia,0.0,0.0,0.0,0.0,0.0,True
2050,P0342,Zhejiang,unabated,0.05781238019362072,1683246.6461310384,1.3802622498274515,0.0,0.0,True
2050,P0342,Zhejiang,retire,0.13281429709567988,3866978.3080341504,3.170922212588003,3.170922212588003,0.0,True
2050,P0342,Zhejiang,ccs,0.035063404852877185,1020894.8052800095,0.8371337403296077,0.753420366296647,0.8664334212411439,True
2050,P0342,Zhejiang,biomass,0.0,0.0,0.0,0.0,0.0,True
2050,P0342,Zhejiang,beccs,0.7743099178578222,22544558.240554802,18.486537757254936,35.12442173878437,19.133566578758856,True
2050,P0342,Zhejiang,ammonia,0.0,0.0,0.0,0.0,0.0,True
2050,P0343,Hunan,unabated,0.0,0.0,0.0,0.0,0.0,True
2050,P0343,Hunan,retire,0.0,0.0,0.0,0.0,0.0,True
2050,P0343,Hunan,ccs,0.0,0.0,0.0,0.0,0.0,True
2050,P0343,Hunan,biomass,1.0,15315048.0,12.55833936,12.55833936,0.0,True
2050,P0343,Hunan,beccs,0.0,0.0,0.0,0.0,0.0,True
2050,P0343,Hunan,ammonia,0.0,0.0,0.0,0.0,0.0,True
2050,P0344,Xinjiang,unabated,0.0,0.0,0.0,0.0,0.0,True
2050,P0344,Xinjiang,retire,0.0,0.0,0.0,0.0,0.0,True
2050,P0344,Xinjiang,ccs,1.0,20913551.999999996,17.14911264,15.434201375999999,17.749331582399996,True
2050,P0344,Xinjiang,biomass,0.0,0.0,0.0,0.0,0.0,True
2050,P0344,Xinjiang,beccs,0.0,0.0,0.0,0.0,0.0,True
2050,P0344,Xinjiang,ammonia,0.0,0.0,0.0,0.0,0.0,True
2050,P0345,Gansu,unabated,0.0,0.0,0.0,0.0,0.0,True
2050,P0345,Gansu,retire,0.6865203218084663,5752491.080497501,4.717042686007951,4.717042686007951,0.0,True
2050,P0345,Gansu,ccs,0.0,0.0,0.0,0.0,0.0,True
2050,P0345,Gansu,biomass,0.0,0.0,0.0,0.0,0.0,True
2050,P0345,Gansu,beccs,0.31347967819153405,2626708.9195025023,2.1539013139920518,4.092412496584898,2.229287859981773,True
2050,P0345,Gansu,ammonia,0.0,0.0,0.0,0.0,0.0,True
2050,P0346,Inner Mongolia,unabated,1.0,26465690.0,21.701865799999997,0.0,0.0,True
2050,P0346,Inner Mongolia,retire,0.0,0.0,0.0,0.0,0.0,True
2050,P0346,Inner Mongolia,ccs,0.0,0.0,0.0,0.0,0.0,True
2050,P0346,Inner Mongolia,biomass,0.0,0.0,0.0,0.0,0.0,True
2050,P0346,Inner Mongolia,beccs,0.0,0.0,0.0,0.0,0.0,True
2050,P0346,Inner Mongolia,ammonia,0.0,0.0,0.0,0.0,0.0,True
2050,P0347,Ningxia,unabated,0.0,0.0,0.0,0.0,0.0,True
2050,P0347,Ningxia,retire,0.39575888531543746,1495131.1606910261,1.2260075517666413,1.2260075517666413,0.0,True
2050,P0347,Ningxia,ccs,0.0,0.0,0.0,0.0,0.0,True
2050,P0347,Ningxia,biomass,0.0,0.0,0.0,0.0,0.0,True
2050,P0347,Ningxia,beccs,0.6042411146845631,2282752.839308976,1.8718573282333602,3.556528923643384,1.9373723347215277,True
2050,P0347,Ningxia,ammonia,0.0,0.0,0.0,0.0,0.0,True
2050,P0348,Jiangsu,unabated,0.0,0.0,0.0,0.0,0.0,True
2050,P0348,Jiangsu,retire,0.0,0.0,0.0,0.0,0.0,True
2050,P0348,Jiangsu,ccs,0.0,0.0,0.0,0.0,0.0,True
2050,P0348,Jiangsu,biomass,0.0,0.0,0.0,0.0,0.0,True
2050,P0348,Jiangsu,beccs,1.0,25729515.0,21.098202299999997,40.08658436999999,20.380863421799994,True
2050,P0348,Jiangsu,ammonia,0.0,0.0,0.0,0.0,0.0,True
2050,P0349,Guangdong,unabated,0.0,0.0,0.0,0.0,0.0,True
2050,P0349,Guangdong,retire,0.0,0.0,0.0,0.0,0.0,True
2050,P0349,Guangdong,ccs,0.0,0.0,0.0,0.0,0.0,True
2050,P0349,Guangdong,biomass,0.0,0.0,0.0,0.0,0.0,True
2050,P0349,Guangdong,beccs,1.0,6281210.0,5.150592199999999,9.786125179999997,4.975472065199999,True
2050,P0349,Guangdong,ammonia,0.0,0.0,0.0,0.0,0.0,True
2050,P0350,Guangxi,unabated,0.0,0.0,0.0,0.0,0.0,True
2050,P0350,Guangxi,retire,0.0,0.0,0.0,0.0,0.0,True
2050,P0350,Guangxi,ccs,0.0,0.0,0.0,0.0,0.0,True
2050,P0350,Guangxi,biomass,0.0,0.0,0.0,0.0,0.0,True
2050,P0350,Guangxi,beccs,1.0,622258.0,0.51025156,0.9694779640000001,0.5281103646,True
2050,P0350,Guangxi,ammonia,0.0,0.0,0.0,0.0,0.0,True
2060,P0001,Fujian,unabated,0.0,0.0,0.0,0.0,0.0,True
2060,P0001,Fujian,retire,0.48524470363372385,30496276.76114581,25.006946944139564,25.006946944139564,0.0,True
2060,P0001,Fujian,ccs,0.0,0.0,0.0,0.0,0.0,True
2060,P0001,Fujian,biomass,0.0,0.0,0.0,0.0,0.0,True
2060,P0001,Fujian,beccs,0.5147552963662774,32350935.238854263,26.527766895860495,50.402757102134935,25.625822821401236,True
2060,P0001,Fujian,ammonia,0.0,0.0,0.0,0.0,0.0,True
2060,P0002,Shanxi,unabated,0.0,0.0,0.0,0.0,0.0,True
2060,P0002,Shanxi,retire,1.0,64951884.99999999,53.26054569999999,53.26054569999999,0.0,True
2060,P0002,Shanxi,ccs,0.0,0.0,0.0,0.0,0.0,True
2060,P0002,Shanxi,biomass,0.0,0.0,0.0,0.0,0.0,True
2060,P0002,Shanxi,beccs,0.0,0.0,0.0,0.0,0.0,True
2060,P0002,Shanxi,ammonia,0.0,0.0,0.0,0.0,0.0,True
2060,P0003,Chongqing,unabated,0.0,0.0,0.0,0.0,0.0,True
2060,P0003,Chongqing,retire,0.0,0.0,0.0,0.0,0.0,True
2060,P0003,Chongqing,ccs,0.0,0.0,0.0,0.0,0.0,True
2060,P0003,Chongqing,biomass,0.0,0.0,0.0,0.0,0.0,True
2060,P0003,Chongqing,beccs,1.0,32432763.0,26.59486566,50.530244753999995,25.69064022756,True
2060,P0003,Chongqing,ammonia,0.0,0.0,0.0,0.0,0.0,True
2060,P0004,Inner Mongolia,unabated,0.0,0.0,0.0,0.0,0.0,True
2060,P0004,Inner Mongolia,retire,0.3846013146473801,4179862.471640313,3.4274872267450562,3.4274872267450562,0.0,True
2060,P0004,Inner Mongolia,ccs,0.0,0.0,0.0,0.0,0.0,True
2060,P0004,Inner Mongolia,biomass,0.0,0.0,0.0,0.0,0.0,True
2060,P0004,Inner Mongolia,beccs,0.61539868535262,6688177.528359688,5.484305573254944,10.420180589184394,5.297839183764275,True
2060,P0004,Inner Mongolia,ammonia,0.0,0.0,0.0,0.0,0.0,True
2060,P0005,Sichuan,unabated,0.0,0.0,0.0,0.0,0.0,True
2060,P0005,Sichuan,retire,0.0,0.0,0.0,0.0,0.0,True
2060,P0005,Sichuan,ccs,0.0,0.0,0.0,0.0,0.0,True
2060,P0005,Sichuan,biomass,0.0939285914647302,1766932.6261948328,1.4488847534797629,1.4488847534797629,0.0,True
2060,P0005,Sichuan,beccs,0.90607140853527,17044513.37380517,13.976500966520238,26.55535183638845,13.501299933658546,True
2060,P0005,Sichuan,ammonia,0.0,0.0,0.0,0.0,0.0,True
2060,P0006,Hebei,unabated,0.0,0.0,0.0,0.0,0.0,True
2060,P0006,Hebei,retire,1.0,22899214.0,18.77735548,18.77735548,0.0,True
2060,P0006,Hebei,ccs,0.0,0.0,0.0,0.0,0.0,True
2060,P0006,Hebei,biomass,0.0,0.0,0.0,0.0,0.0,True
2060,P0006,Hebei,beccs,0.0,0.0,0.0,0.0,0.0,True
2060,P0006,Hebei,ammonia,0.0,0.0,0.0,0.0,0.0,True
2060,P0007,Hebei,unabated,0.0,0.0,0.0,0.0,0.0,True
2060,P0007,Hebei,retire,1.0,38741549.6,31.768070671999997,31.768070671999997,0.0,True
2060,P0007,Hebei,ccs,0.0,0.0,0.0,0.0,0.0,True
2060,P0007,Hebei,biomass,0.0,0.0,0.0,0.0,0.0,True
2060,P0007,Hebei,beccs,0.0,0.0,0.0,0.0,0.0,True
2060,P0007,Hebei,ammonia,0.0,0.0,0.0,0.0,0.0,True
2060,P0008,Shandong,unabated,0.0,0.0,0.0,0.0,0.0,True
2060,P0008,Shandong,retire,0.07145359073594137,852582.0724720942,0.6991172994271172,0.6991172994271172,0.0,True
2060,P0008,Shandong,ccs,0.0,0.0,0.0,0.0,0.0,True
2060,P0008,Shandong,biomass,0.9285464092640586,11079387.527527908,9.085097772572883,9.085097772572883,0.0,True
2060,P0008,Shandong,beccs,0.0,0.0,0.0,0.0,0.0,True
2060,P0008,Shandong,ammonia,0.0,0.0,0.0,0.0,0.0,True
2060,P0009,Inner Mongolia,unabated,0.0,0.0,0.0,0.0,0.0,True
2060,P0009,Inner Mongolia,retire,1.0,107372210.0,88.0452122,88.0452122,0.0,True
2060,P0009,Inner Mongolia,ccs,0.0,0.0,0.0,0.0,0.0,True
2060,P0009,Inner Mongolia,biomass,0.0,0.0,0.0,0.0,0.0,True
2060,P0009,Inner Mongolia,beccs,0.0,0.0,0.0,0.0,0.0,True
2060,P0009,Inner Mongolia,ammonia,0.0,0.0,0.0,0.0,0.0,True
2060,P0010,Yunnan,unabated,0.0,0.0,0.0,0.0,0.0,True
2060,P0010,Yunnan,retire,0.0,0.0,0.0,0.0,0.0,True
2060,P0010,Yunnan,ccs,0.0,0.0,0.0,0.0,0.0,True
2060,P0010,Yunnan,biomass,1.0,16673783.999999998,13.672502879999998,13.672502879999998,0.0,True
2060,P0010,Yunnan,beccs,0.0,0.0,0.0,0.0,0.0,True
2060,P0010,Yunnan,ammonia,0.0,0.0,0.0,0.0,0.0,True
2060,P0011,Guangdong,unabated,0.0,0.0,0.0,0.0,0.0,True
2060,P0011,Guangdong,retire,1.0,41214401.0,33.79580882,33.79580882,0.0,True
2060,P0011,Guangdong,ccs,0.0,0.0,0.0,0.0,0.0,True
2060,P0011,Guangdong,biomass,0.0,0.0,0.0,0.0,0.0,True
2060,P0011,Guangdong,beccs,0.0,0.0,0.0,0.0,0.0,True
2060,P0011,Guangdong,ammonia,0.0,0.0,0.0,0.0,0.0,True
2060,P0012,Liaoning,unabated,0.0,0.0,0.0,0.0,0.0,True
2060,P0012,Liaoning,retire,0.0,0.0,0.0,0.0,0.0,True
2060,P0012,Liaoning,ccs,0.0,0.0,0.0,0.0,0.0,True
2060,P0012,Liaoning,biomass,0.2904637793506172,5043589.827541769,4.13574365858425,4.13574365858425,0.0,True
2060,P0012,Liaoning,beccs,0.709536220649384,12320330.172458252,10.102670741415766,19.195074408689955,9.759179936207628,True
2060,P0012,Liaoning,ammonia,0.0,0.0,0.0,0.0,0.0,True
2060,P0013,Shanxi,unabated,0.0,0.0,0.0,0.0,0.0,True
2060,P0013,Shanxi,retire,1.0,81340315.0,66.69905829999999,66.69905829999999,0.0,True
2060,P0013,Shanxi,ccs,0.0,0.0,0.0,0.0,0.0,True
2060,P0013,Shanxi,biomass,0.0,0.0,0.0,0.0,0.0,True
2060,P0013,Shanxi,beccs,0.0,0.0,0.0,0.0,0.0,True
2060,P0013,Shanxi,ammonia,0.0,0.0,0.0,0.0,0.0,True
2060,P0014,Guangdong,unabated,0.0,0.0,0.0,0.0,0.0,True
2060,P0014,Guangdong,retire,0.0,0.0,0.0,0.0,0.0,True
2060,P0014,Guangdong,ccs,0.0,0.0,0.0,0.0,0.0,True
2060,P0014,Guangdong,biomass,0.0,0.0,0.0,0.0,0.0,True
2060,P0014,Guangdong,beccs,1.0,11885982.0,9.74650524,18.518359955999998,9.415124061839999,True
2060,P0014,Guangdong,ammonia,0.0,0.0,0.0,0.0,0.0,True
2060,P0015,Hunan,unabated,0.0,0.0,0.0,0.0,0.0,True
2060,P0015,Hunan,retire,0.0,0.0,0.0,0.0,0.0,True
2060,P0015,Hunan,ccs,0.0,0.0,0.0,0.0,0.0,True
2060,P0015,Hunan,biomass,1.0,9884457.0,8.10525474,8.10525474,0.0,True
2060,P0015,Hunan,beccs,0.0,0.0,0.0,0.0,0.0,True
2060,P0015,Hunan,ammonia,0.0,0.0,0.0,0.0,0.0,True
2060,P0016,Hubei,unabated,0.0,0.0,0.0,0.0,0.0,True
2060,P0016,Hubei,retire,0.0,0.0,0.0,0.0,0.0,True
2060,P0016,Hubei,ccs,0.0,0.0,0.0,0.0,0.0,True
2060,P0016,Hubei,biomass,1.0,31796607.999999996,26.073218559999994,26.073218559999994,0.0,True
2060,P0016,Hubei,beccs,0.0,0.0,0.0,0.0,0.0,True
2060,P0016,Hubei,ammonia,0.0,0.0,0.0,0.0,0.0,True
2060,P0017,Jiangsu,unabated,0.0,0.0,0.0,0.0,0.0,True
2060,P0017,Jiangsu,retire,0.18408069505434757,8604752.686740147,7.0558972031269205,7.0558972031269205,0.0,True
2060,P0017,Jiangsu,ccs,0.0,0.0,0.0,0.0,0.0,True
2060,P0017,Jiangsu,biomass,0.0,0.0,0.0,0.0,0.0,True
2060,P0017,Jiangsu,beccs,0.8159193049456527,38139707.31325986,31.274559996873087,59.42166399405886,30.2112249569794,True
2060,P0017,Jiangsu,ammonia,0.0,0.0,0.0,0.0,0.0,True
2060,P0018,Jilin,unabated,0.0,0.0,0.0,0.0,0.0,True
2060,P0018,Jilin,retire,0.0,0.0,0.0,0.0,0.0,True
2060,P0018,Jilin,ccs,0.0,0.0,0.0,0.0,0.0,True
2060,P0018,Jilin,biomass,1.0,3838684.0,3.14772088,3.14772088,0.0,True
2060,P0018,Jilin,beccs,0.0,0.0,0.0,0.0,0.0,True
2060,P0018,Jilin,ammonia,0.0,0.0,0.0,0.0,0.0,True
2060,P0019,Hunan,unabated,0.0,0.0,0.0,0.0,0.0,True
2060,P0019,Hunan,retire,0.0,0.0,0.0,0.0,0.0,True
2060,P0019,Hunan,ccs,0.0,0.0,0.0,0.0,0.0,True
2060,P0019,Hunan,biomass,1.0,15119703.0,12.39815646,12.39815646,0.0,True
2060,P0019,Hunan,beccs,0.0,0.0,0.0,0.0,0.0,True
2060,P0019,Hunan,ammonia,0.0,0.0,0.0,0.0,0.0,True
2060,P0020,Zhejiang,unabated,0.0,0.0,0.0,0.0,0.0,True
2060,P0020,Zhejiang,retire,0.5158871852438486,34829635.33404991,28.560300973920924,28.560300973920924,0.0,True
2060,P0020,Zhejiang,ccs,0.0,0.0,0.0,0.0,0.0,True
2060,P0020,Zhejiang,biomass,0.0,0.0,0.0,0.0,0.0,True
2060,P0020,Zhejiang,beccs,0.4841128147561514,32684418.765950084,26.801223388079066,50.92232443735023,25.889981792884374,True
2060,P0020,Zhejiang,ammonia,0.0,0.0,0.0,0.0,0.0,True
2060,P0021,Shandong,unabated,0.0,0.0,0.0,0.0,0.0,True
2060,P0021,Shandong,retire,1.0,45246412.50000001,37.102058250000006,37.102058250000006,0.0,True
2060,P0021,Shandong,ccs,0.0,0.0,0.0,0.0,0.0,True
2060,P0021,Shandong,biomass,0.0,0.0,0.0,0.0,0.0,True
2060,P0021,Shandong,beccs,0.0,0.0,0.0,0.0,0.0,True
2060,P0021,Shandong,ammonia,0.0,0.0,0.0,0.0,0.0,True
2060,P0022,Shandong,unabated,0.0,0.0,0.0,0.0,0.0,True
2060,P0022,Shandong,retire,0.0,0.0,0.0,0.0,0.0,True
2060,P0022,Shandong,ccs,0.0,0.0,0.0,0.0,0.0,True
2060,P0022,Shandong,biomass,1.0,15896209.500000002,13.034891790000001,13.034891790000001,0.0,True
2060,P0022,Shandong,beccs,0.0,0.0,0.0,0.0,0.0,True
2060,P0022,Shandong,ammonia,0.0,0.0,0.0,0.0,0.0,True
2060,P0023,Henan,unabated,0.0,0.0,0.0,0.0,0.0,True
2060,P0023,Henan,retire,0.0,0.0,0.0,0.0,0.0,True
2060,P0023,Henan,ccs,0.0,0.0,0.0,0.0,0.0,True
2060,P0023,Henan,biomass,1.0,20013776.0,16.411296319999998,16.411296319999998,0.0,True
2060,P0023,Henan,beccs,0.0,0.0,0.0,0.0,0.0,True
2060,P0023,Henan,ammonia,0.0,0.0,0.0,0.0,0.0,True
2060,P0024,Chongqing,unabated,0.0,0.0,0.0,0.0,0.0,True
2060,P0024,Chongqing,retire,0.0,0.0,0.0,0.0,0.0,True
2060,P0024,Chongqing,ccs,0.0,0.0,0.0,0.0,0.0,True
2060,P0024,Chongqing,biomass,1.0,5892071.800000001,4.831498876,4.831498876,0.0,True
2060,P0024,Chongqing,beccs,0.0,0.0,0.0,0.0,0.0,True
2060,P0024,Chongqing,ammonia,0.0,0.0,0.0,0.0,0.0,True
2060,P0025,Jilin,unabated,0.0,0.0,0.0,0.0,0.0,True
2060,P0025,Jilin,retire,0.0,0.0,0.0,0.0,0.0,True
2060,P0025,Jilin,ccs,0.0,0.0,0.0,0.0,0.0,True
2060,P0025,Jilin,biomass,0.9805430254839391,15269035.603696411,12.520609195031057,12.520609195031057,0.0,True
2060,P0025,Jilin,beccs,0.019456974516061102,302984.3963035938,0.24844720496894693,0.4720496894409991,0.24000000000000268,True
2060,P0025,Jilin,ammonia,0.0,0.0,0.0,0.0,0.0,True
2060,P0026,Hainan,unabated,0.0,0.0,0.0,0.0,0.0,True
2060,P0026,Hainan,retire,0.0,0.0,0.0,0.0,0.0,True
2060,P0026,Hainan,ccs,0.0,0.0,0.0,0.0,0.0,True
2060,P0026,Hainan,biomass,0.0,0.0,0.0,0.0,0.0,True
2060,P0026,Hainan,beccs,1.0,10564890.0,8.663209799999999,16.460098619999997,8.368660666799999,True
2060,P0026,Hainan,ammonia,0.0,0.0,0.0,0.0,0.0,True
2060,P0027,Shandong,unabated,0.0,0.0,0.0,0.0,0.0,True
2060,P0027,Shandong,retire,0.22094388036378793,12877957.436687602,10.559925098083834,10.559925098083834,0.0,True
2060,P0027,Shandong,ccs,0.0,0.0,0.0,0.0,0.0,True
2060,P0027,Shandong,biomass,0.7790561196362121,45408144.06331241,37.234678131916176,37.234678131916176,0.0,True
2060,P0027,Shandong,beccs,0.0,0.0,0.0,0.0,0.0,True
2060,P0027,Shandong,ammonia,0.0,0.0,0.0,0.0,0.0,True
2060,P0028,Hunan,unabated,0.0,0.0,0.0,0.0,0.0,True
2060,P0028,Hunan,retire,0.0,0.0,0.0,0.0,0.0,True
2060,P0028,Hunan,ccs,0.0,0.0,0.0,0.0,0.0,True
2060,P0028,Hunan,biomass,1.0,22425606.0,18.388996919999997,18.388996919999997,0.0,True
2060,P0028,Hunan,beccs,0.0,0.0,0.0,0.0,0.0,True
2060,P0028,Hunan,ammonia,0.0,0.0,0.0,0.0,0.0,True
2060,P0029,Jilin,unabated,0.0,0.0,0.0,0.0,0.0,True
2060,P0029,Jilin,retire,0.0,0.0,0.0,0.0,0.0,True
2060,P0029,Jilin,ccs,0.0,0.0,0.0,0.0,0.0,True
2060,P0029,Jilin,biomass,0.0,0.0,0.0,0.0,0.0,True
2060,P0029,Jilin,beccs,1.0,434568.0,0.35634575999999996,0.6770569439999999,0.34423000415999994,True
2060,P0029,Jilin,ammonia,0.0,0.0,0.0,0.0,0.0,True
2060,P0030,Jilin,unabated,0.0,0.0,0.0,0.0,0.0,True
2060,P0030,Jilin,retire,0.0,0.0,0.0,0.0,0.0,True
2060,P0030,Jilin,ccs,0.0,0.0,0.0,0.0,0.0,True
2060,P0030,Jilin,biomass,0.0,0.0,0.0,0.0,0.0,True
2060,P0030,Jilin,beccs,1.0,16227493.4,13.306544588,25.282434717199997,12.854122072007998,True
2060,P0030,Jilin,ammonia,0.0,0.0,0.0,0.0,0.0,True
2060,P0031,Shanxi,unabated,0.0,0.0,0.0,0.0,0.0,True
2060,P0031,Shanxi,retire,0.0,0.0,0.0,0.0,0.0,True
2060,P0031,Shanxi,ccs,0.0,0.0,0.0,0.0,0.0,True
2060,P0031,Shanxi,biomass,0.0,0.0,0.0,0.0,0.0,True
2060,P0031,Shanxi,beccs,1.0,22684550.0,18.601331,35.3425289,17.968885745999998,True
2060,P0031,Shanxi,ammonia,0.0,0.0,0.0,0.0,0.0,True
2060,P0032,Henan,unabated,0.0,0.0,0.0,0.0,0.0,True
2060,P0032,Henan,retire,0.0,0.0,0.0,0.0,0.0,True
2060,P0032,Henan,ccs,0.0,0.0,0.0,0.0,0.0,True
2060,P0032,Henan,biomass,1.0,8531052.0,6.9954626399999995,6.9954626399999995,0.0,True
2060,P0032,Henan,beccs,0.0,0.0,0.0,0.0,0.0,True
2060,P0032,Henan,ammonia,0.0,0.0,0.0,0.0,0.0,True
2060,P0033,Henan,unabated,0.0,0.0,0.0,0.0,0.0,True
2060,P0033,Henan,retire,0.0,0.0,0.0,0.0,0.0,True
2060,P0033,Henan,ccs,0.0,0.0,0.0,0.0,0.0,True
2060,P0033,Henan,biomass,1.0,22569492.0,18.50698344,18.50698344,0.0,True
2060,P0033,Henan,beccs,0.0,0.0,0.0,0.0,0.0,True
2060,P0033,Henan,ammonia,0.0,0.0,0.0,0.0,0.0,True
2060,P0034,Shandong,unabated,0.0,0.0,0.0,0.0,0.0,True
2060,P0034,Shandong,retire,1.0,18403842.0,15.09115044,15.09115044,0.0,True
2060,P0034,Shandong,ccs,0.0,0.0,0.0,0.0,0.0,True
2060,P0034,Shandong,biomass,0.0,0.0,0.0,0.0,0.0,True
2060,P0034,Shandong,beccs,0.0,0.0,0.0,0.0,0.0,True
2060,P0034,Shandong,ammonia,0.0,0.0,0.0,0.0,0.0,True
2060,P0035,Anhui,unabated,0.0,0.0,0.0,0.0,0.0,True
2060,P0035,Anhui,retire,1.0,46348752.00000001,38.00597664,38.00597664,0.0,True
2060,P0035,Anhui,ccs,0.0,0.0,0.0,0.0,0.0,True
2060,P0035,Anhui,biomass,0.0,0.0,0.0,0.0,0.0,True
2060,P0035,Anhui,beccs,0.0,0.0,0.0,0.0,0.0,True
2060,P0035,Anhui,ammonia,0.0,0.0,0.0,0.0,0.0,True
2060,P0036,Jiangsu,unabated,0.0,0.0,0.0,0.0,0.0,True
2060,P0036,Jiangsu,retire,1.0,140042791.0,114.83508862,114.83508862,0.0,True
2060,P0036,Jiangsu,ccs,0.0,0.0,0.0,0.0,0.0,True
2060,P0036,Jiangsu,biomass,0.0,0.0,0.0,0.0,0.0,True
2060,P0036,Jiangsu,beccs,0.0,0.0,0.0,0.0,0.0,True
2060,P0036,Jiangsu,ammonia,0.0,0.0,0.0,0.0,0.0,True
2060,P0037,Inner Mongolia,unabated,0.0,0.0,0.0,0.0,0.0,True
2060,P0037,Inner Mongolia,retire,1.0,41962710.0,34.409422199999995,34.409422199999995,0.0,True
2060,P0037,Inner Mongolia,ccs,0.0,0.0,0.0,0.0,0.0,True
2060,P0037,Inner Mongolia,biomass,0.0,0.0,0.0,0.0,0.0,True
2060,P0037,Inner Mongolia,beccs,0.0,0.0,0.0,0.0,0.0,True
2060,P0037,Inner Mongolia,ammonia,0.0,0.0,0.0,0.0,0.0,True
2060,P0038,Sichuan,unabated,0.0,0.0,0.0,0.0,0.0,True
2060,P0038,Sichuan,retire,0.0,0.0,0.0,0.0,0.0,True
2060,P0038,Sichuan,ccs,0.0,0.0,0.0,0.0,0.0,True
2060,P0038,Sichuan,biomass,0.0,0.0,0.0,0.0,0.0,True
2060,P0038,Sichuan,beccs,1.0,24582287.999999996,20.157476159999998,38.299204704,19.472121970559996,True
2060,P0038,Sichuan,ammonia,0.0,0.0,0.0,0.0,0.0,True
2060,P0039,Heilongjiang,unabated,0.0,0.0,0.0,0.0,0.0,True
2060,P0039,Heilongjiang,retire,0.0,0.0,0.0,0.0,0.0,True
2060,P0039,Heilongjiang,ccs,0.0,0.0,0.0,0.0,0.0,True
2060,P0039,Heilongjiang,biomass,0.0,0.0,0.0,0.0,0.0,True
2060,P0039,Heilongjiang,beccs,1.0,7478775.0,6.1325955,11.65193145,5.924087252999999,True
2060,P0039,Heilongjiang,ammonia,0.0,0.0,0.0,0.0,0.0,True
2060,P0040,Shanxi,unabated,0.0,0.0,0.0,0.0,0.0,True
2060,P0040,Shanxi,retire,1.0,29397324.999999996,24.105806499999996,24.105806499999996,0.0,True
2060,P0040,Shanxi,ccs,0.0,0.0,0.0,0.0,0.0,True
2060,P0040,Shanxi,biomass,0.0,0.0,0.0,0.0,0.0,True
2060,P0040,Shanxi,beccs,0.0,0.0,0.0,0.0,0.0,True
2060,P0040,Shanxi,ammonia,0.0,0.0,0.0,0.0,0.0,True
2060,P0041,Hebei,unabated,0.0,0.0,0.0,0.0,0.0,True
2060,P0041,Hebei,retire,0.0,0.0,0.0,0.0,0.0,True
2060,P0041,Hebei,ccs,0.0,0.0,0.0,0.0,0.0,True
2060,P0041,Hebei,biomass,0.34006196968356456,5893389.215623897,4.832579156811595,4.832579156811595,0.0,True
2060,P0041,Hebei,beccs,0.6599380303164356,11436949.784376107,9.378298823188407,17.81876776405797,9.0594366632,True
2060,P0041,Hebei,ammonia,0.0,0.0,0.0,0.0,0.0,True
2060,P0042,Shandong,unabated,0.0,0.0,0.0,0.0,0.0,True
2060,P0042,Shandong,retire,0.11575198585138136,3190373.828337623,2.6161065392368505,2.6161065392368505,0.0,True
2060,P0042,Shandong,ccs,0.0,0.0,0.0,0.0,0.0,True
2060,P0042,Shandong,biomass,0.8842480141486186,24371778.171662383,19.98485810076315,19.98485810076315,0.0,True
2060,P0042,Shandong,beccs,0.0,0.0,0.0,0.0,0.0,True
2060,P0042,Shandong,ammonia,0.0,0.0,0.0,0.0,0.0,True
2060,P0043,Anhui,unabated,0.0,0.0,0.0,0.0,0.0,True
2060,P0043,Anhui,retire,0.0,0.0,0.0,0.0,0.0,True
2060,P0043,Anhui,ccs,0.0,0.0,0.0,0.0,0.0,True
2060,P0043,Anhui,biomass,1.0,71657610.0,58.759240199999994,58.759240199999994,0.0,True
2060,P0043,Anhui,beccs,0.0,0.0,0.0,0.0,0.0,True
2060,P0043,Anhui,ammonia,0.0,0.0,0.0,0.0,0.0,True
2060,P0044,Heilongjiang,unabated,0.0,0.0,0.0,0.0,0.0,True
2060,P0044,Heilongjiang,retire,0.0,0.0,0.0,0.0,0.0,True
2060,P0044,Heilongjiang,ccs,0.0,0.0,0.0,0.0,0.0,True
2060,P0044,Heilongjiang,biomass,0.0,0.0,0.0,0.0,0.0,True
2060,P0044,Heilongjiang,beccs,1.0,10278967.500000002,8.428753350000001,16.014631365,8.142175736099999,True
2060,P0044,Heilongjiang,ammonia,0.0,0.0,0.0,0.0,0.0,True
2060,P0045,Henan,unabated,0.0,0.0,0.0,0.0,0.0,True
2060,P0045,Henan,retire,1.0,50070436.0,41.057757519999996,41.057757519999996,0.0,True
2060,P0045,Henan,ccs,0.0,0.0,0.0,0.0,0.0,True
2060,P0045,Henan,biomass,0.0,0.0,0.0,0.0,0.0,True
2060,P0045,Henan,beccs,0.0,0.0,0.0,0.0,0.0,True
2060,P0045,Henan,ammonia,0.0,0.0,0.0,0.0,0.0,True
2060,P0046,Zhejiang,unabated,0.0,0.0,0.0,0.0,0.0,True
2060,P0046,Zhejiang,retire,1.0,102230348.64,83.8288858848,83.8288858848,0.0,True
2060,P0046,Zhejiang,ccs,0.0,0.0,0.0,0.0,0.0,True
2060,P0046,Zhejiang,biomass,0.0,0.0,0.0,0.0,0.0,True
2060,P0046,Zhejiang,beccs,0.0,0.0,0.0,0.0,0.0,True
2060,P0046,Zhejiang,ammonia,0.0,0.0,0.0,0.0,0.0,True
2060,P0047,Liaoning,unabated,0.0,0.0,0.0,0.0,0.0,True
2060,P0047,Liaoning,retire,0.0,0.0,0.0,0.0,0.0,True
2060,P0047,Liaoning,ccs,0.0,0.0,0.0,0.0,0.0,True
2060,P0047,Liaoning,biomass,1.0,10170295.999999998,8.339642719999999,8.339642719999999,0.0,True
2060,P0047,Liaoning,beccs,0.0,0.0,0.0,0.0,0.0,True
2060,P0047,Liaoning,ammonia,0.0,0.0,0.0,0.0,0.0,True
2060,P0048,Shanxi,unabated,0.0,0.0,0.0,0.0,0.0,True
2060,P0048,Shanxi,retire,0.0,0.0,0.0,0.0,0.0,True
2060,P0048,Shanxi,ccs,0.0,0.0,0.0,0.0,0.0,True
2060,P0048,Shanxi,biomass,0.0,0.0,0.0,0.0,0.0,True
2060,P0048,Shanxi,beccs,1.0,6481300.0,5.314666,10.0978654,5.50067931,True
2060,P0048,Shanxi,ammonia,0.0,0.0,0.0,0.0,0.0,True
2060,P0049,Xinjiang,unabated,0.0,0.0,0.0,0.0,0.0,True
2060,P0049,Xinjiang,retire,0.0,0.0,0.0,0.0,0.0,True
2060,P0049,Xinjiang,ccs,1.0,7182431.999999999,5.889594239999999,5.300634816,5.689348035839998,True
2060,P0049,Xinjiang,biomass,0.0,0.0,0.0,0.0,0.0,True
2060,P0049,Xinjiang,beccs,0.0,0.0,0.0,0.0,0.0,True
2060,P0049,Xinjiang,ammonia,0.0,0.0,0.0,0.0,0.0,True
2060,P0050,Henan,unabated,0.0,0.0,0.0,0.0,0.0,True
2060,P0050,Henan,retire,0.0,0.0,0.0,0.0,0.0,True
2060,P0050,Henan,ccs,0.0,0.0,0.0,0.0,0.0,True
2060,P0050,Henan,biomass,1.0,7055216.0,5.78527712,5.78527712,0.0,True
2060,P0050,Henan,beccs,0.0,0.0,0.0,0.0,0.0,True
2060,P0050,Henan,ammonia,0.0,0.0,0.0,0.0,0.0,True
2060,P0051,Hebei,unabated,0.0,0.0,0.0,0.0,0.0,True
2060,P0051,Hebei,retire,1.0,36442718.0,29.88302876,29.88302876,0.0,True
2060,P0051,Hebei,ccs,0.0,0.0,0.0,0.0,0.0,True
2060,P0051,Hebei,biomass,0.0,0.0,0.0,0.0,0.0,True
2060,P0051,Hebei,beccs,0.0,0.0,0.0,0.0,0.0,True
2060,P0051,Hebei,ammonia,0.0,0.0,0.0,0.0,0.0,True
2060,P0052,Jiangsu,unabated,0.0,0.0,0.0,0.0,0.0,True
2060,P0052,Jiangsu,retire,1.0,137274235.0,112.5648727,112.5648727,0.0,True
2060,P0052,Jiangsu,ccs,0.0,0.0,0.0,0.0,0.0,True
2060,P0052,Jiangsu,biomass,0.0,0.0,0.0,0.0,0.0,True
2060,P0052,Jiangsu,beccs,0.0,0.0,0.0,0.0,0.0,True
2060,P0052,Jiangsu,ammonia,0.0,0.0,0.0,0.0,0.0,True
2060,P0053,Heilongjiang,unabated,0.0,0.0,0.0,0.0,0.0,True
2060,P0053,Heilongjiang,retire,0.0,0.0,0.0,0.0,0.0,True
2060,P0053,Heilongjiang,ccs,0.0,0.0,0.0,0.0,0.0,True
2060,P0053,Heilongjiang,biomass,1.0,9739800.000000002,7.986636000000001,7.986636000000001,0.0,True
2060,P0053,Heilongjiang,beccs,0.0,0.0,0.0,0.0,0.0,True
2060,P0053,Heilongjiang,ammonia,0.0,0.0,0.0,0.0,0.0,True
2060,P0054,Hebei,unabated,0.0,0.0,0.0,0.0,0.0,True
2060,P0054,Hebei,retire,0.11111518288724209,2188029.290661809,1.7941840183426834,1.7941840183426834,0.0,True
2060,P0054,Hebei,ccs,0.0,0.0,0.0,0.0,0.0,True
2060,P0054,Hebei,biomass,0.4652425051889115,9161342.33111267,7.512300711512389,7.512300711512389,0.0,True
2060,P0054,Hebei,beccs,0.4236423119238463,8342170.378225521,6.840579710144928,12.99710144927536,6.607999999999999,True
2060,P0054,Hebei,ammonia,0.0,0.0,0.0,0.0,0.0,True
2060,P0055,Shanxi,unabated,0.0,0.0,0.0,0.0,0.0,True
2060,P0055,Shanxi,retire,0.0,0.0,0.0,0.0,0.0,True
2060,P0055,Shanxi,ccs,0.0,0.0,0.0,0.0,0.0,True
2060,P0055,Shanxi,biomass,0.0,0.0,0.0,0.0,0.0,True
2060,P0055,Shanxi,beccs,1.0,17129150.0,14.045903,26.687215699999996,13.568342298,True
2060,P0055,Shanxi,ammonia,0.0,0.0,0.0,0.0,0.0,True
2060,P0056,Jiangxi,unabated,0.0,0.0,0.0,0.0,0.0,True
2060,P0056,Jiangxi,retire,0.0,0.0,0.0,0.0,0.0,True
2060,P0056,Jiangxi,ccs,0.0,0.0,0.0,0.0,0.0,True
2060,P0056,Jiangxi,biomass,0.0,0.0,0.0,0.0,0.0,True
2060,P0056,Jiangxi,beccs,1.0,19160928.0,15.711960959999999,29.852725823999997,16.2618795936,True
2060,P0056,Jiangxi,ammonia,0.0,0.0,0.0,0.0,0.0,True
2060,P0057,Gansu,unabated,0.0,0.0,0.0,0.0,0.0,True
2060,P0057,Gansu,retire,0.0,0.0,0.0,0.0,0.0,True
2060,P0057,Gansu,ccs,0.0,0.0,0.0,0.0,0.0,True
2060,P0057,Gansu,biomass,0.0,0.0,0.0,0.0,0.0,True
2060,P0057,Gansu,beccs,1.0,12233632.0,10.03157824,19.059998655999998,9.690504579839997,True
2060,P0057,Gansu,ammonia,0.0,0.0,0.0,0.0,0.0,True
2060,P0058,Jiangsu,unabated,0.0,0.0,0.0,0.0,0.0,True
2060,P0058,Jiangsu,retire,0.40538957699218725,9180039.876670485,7.527632698869797,7.527632698869797,0.0,True
2060,P0058,Jiangsu,ccs,0.0,0.0,0.0,0.0,0.0,True
2060,P0058,Jiangsu,biomass,0.594610423007813,13464942.623329524,11.04125295113021,11.04125295113021,0.0,True
2060,P0058,Jiangsu,beccs,0.0,0.0,0.0,0.0,0.0,True
2060,P0058,Jiangsu,ammonia,0.0,0.0,0.0,0.0,0.0,True
2060,P0059,Inner Mongolia,unabated,0.0,0.0,0.0,0.0,0.0,True
2060,P0059,Inner Mongolia,retire,1.0,104755830.0,85.8997806,85.8997806,0.0,True
2060,P0059,Inner Mongolia,ccs,0.0,0.0,0.0,0.0,0.0,True
2060,P0059,Inner Mongolia,biomass,0.0,0.0,0.0,0.0,0.0,True
2060,P0059,Inner Mongolia,beccs,0.0,0.0,0.0,0.0,0.0,True
2060,P0059,Inner Mongolia,ammonia,0.0,0.0,0.0,0.0,0.0,True
2060,P0060,Shandong,unabated,0.0,0.0,0.0,0.0,0.0,True
2060,P0060,Shandong,retire,0.10934033202028137,2366100.533233247,1.9402024372512625,1.9402024372512625,0.0,True
2060,P0060,Shandong,ccs,0.0,0.0,0.0,0.0,0.0,True
2060,P0060,Shandong,biomass,0.8906596679797193,19273677.66676677,15.80441568674875,15.80441568674875,0.0,True
2060,P0060,Shandong,beccs,0.0,0.0,0.0,0.0,0.0,True
2060,P0060,Shandong,ammonia,0.0,0.0,0.0,0.0,0.0,True
2060,P0061,Shandong,unabated,0.0,0.0,0.0,0.0,0.0,True
2060,P0061,Shandong,retire,0.0,0.0,0.0,0.0,0.0,True
2060,P0061,Shandong,ccs,0.0,0.0,0.0,0.0,0.0,True
2060,P0061,Shandong,biomass,0.0,0.0,0.0,0.0,0.0,True
2060,P0061,Shandong,beccs,1.0,17095512.000000004,14.018319840000002,26.634807696000003,13.54169696544,True
2060,P0061,Shandong,ammonia,0.0,0.0,0.0,0.0,0.0,True
2060,P0062,Xinjiang,unabated,0.0,0.0,0.0,0.0,0.0,True
2060,P0062,Xinjiang,retire,0.0,0.0,0.0,0.0,0.0,True
2060,P0062,Xinjiang,ccs,0.3008748184657259,1541310.6885427558,1.2638747646050597,1.137487288144554,1.2209030226084874,True
2060,P0062,Xinjiang,biomass,0.0,0.0,0.0,0.0,0.0,True
2060,P0062,Xinjiang,beccs,0.6991251815342745,3581453.311457246,2.936791715394942,5.579904259250389,2.8369407970715126,True
2060,P0062,Xinjiang,ammonia,0.0,0.0,0.0,0.0,0.0,True
2060,P0063,Ningxia,unabated,0.0,0.0,0.0,0.0,0.0,True
2060,P0063,Ningxia,retire,1.0,8748784.0,7.17400288,7.17400288,0.0,True
2060,P0063,Ningxia,ccs,0.0,0.0,0.0,0.0,0.0,True
2060,P0063,Ningxia,biomass,0.0,0.0,0.0,0.0,0.0,True
2060,P0063,Ningxia,beccs,0.0,0.0,0.0,0.0,0.0,True
2060,P0063,Ningxia,ammonia,0.0,0.0,0.0,0.0,0.0,True
2060,P0064,Shandong,unabated,0.0,0.0,0.0,0.0,0.0,True
2060,P0064,Shandong,retire,1.0,18229398.000000004,14.94810636,14.94810636,0.0,True
2060,P0064,Shandong,ccs,0.0,0.0,0.0,0.0,0.0,True
2060,P0064,Shandong,biomass,0.0,0.0,0.0,0.0,0.0,True
2060,P0064,Shandong,beccs,0.0,0.0,0.0,0.0,0.0,True
2060,P0064,Shandong,ammonia,0.0,0.0,0.0,0.0,0.0,True
2060,P0065,Xinjiang,unabated,0.0,0.0,0.0,0.0,0.0,True
2060,P0065,Xinjiang,retire,0.0,0.0,0.0,0.0,0.0,True
2060,P0065,Xinjiang,ccs,1.0,17824049.999999996,14.615720999999997,13.154148899999997,14.118786485999996,True
2060,P0065,Xinjiang,biomass,0.0,0.0,0.0,0.0,0.0,True
2060,P0065,Xinjiang,beccs,0.0,0.0,0.0,0.0,0.0,True
2060,P0065,Xinjiang,ammonia,0.0,0.0,0.0,0.0,0.0,True
2060,P0066,Fujian,unabated,0.0,0.0,0.0,0.0,0.0,True
2060,P0066,Fujian,retire,1.0,45243841.199999996,37.099949783999996,37.099949783999996,0.0,True
2060,P0066,Fujian,ccs,0.0,0.0,0.0,0.0,0.0,True
2060,P0066,Fujian,biomass,0.0,0.0,0.0,0.0,0.0,True
2060,P0066,Fujian,beccs,0.0,0.0,0.0,0.0,0.0,True
2060,P0066,Fujian,ammonia,0.0,0.0,0.0,0.0,0.0,True
2060,P0067,Hebei,unabated,0.0,0.0,0.0,0.0,0.0,True
2060,P0067,Hebei,retire,0.21528644009547526,7366061.715988622,6.04017060711067,6.04017060711067,0.0,True
2060,P0067,Hebei,ccs,0.0,0.0,0.0,0.0,0.0,True
2060,P0067,Hebei,biomass,0.07856134544320882,2687989.6326454245,2.2041514987692477,2.2041514987692477,0.0,True
2060,P0067,Hebei,beccs,0.7061522144613164,24161116.65136597,19.812115654120092,37.64301974282817,19.138503721880006,True
2060,P0067,Hebei,ammonia,0.0,0.0,0.0,0.0,0.0,True
2060,P0068,Zhejiang,unabated,0.0,0.0,0.0,0.0,0.0,True
2060,P0068,Zhejiang,retire,0.0,0.0,0.0,0.0,0.0,True
2060,P0068,Zhejiang,ccs,0.0,0.0,0.0,0.0,0.0,True
2060,P0068,Zhejiang,biomass,0.0,0.0,0.0,0.0,0.0,True
2060,P0068,Zhejiang,beccs,1.0,22390288.5,18.360036570000002,34.884069483000005,17.735795326619996,True
2060,P0068,Zhejiang,ammonia,0.0,0.0,0.0,0.0,0.0,True
2060,P0069,Shaanxi,unabated,0.0,0.0,0.0,0.0,0.0,True
2060,P0069,Shaanxi,retire,0.0,0.0,0.0,0.0,0.0,True
2060,P0069,Shaanxi,ccs,0.0,0.0,0.0,0.0,0.0,True
2060,P0069,Shaanxi,biomass,0.0,0.0,0.0,0.0,0.0,True
2060,P0069,Shaanxi,beccs,1.0,18152000.0,14.88464,28.280815999999998,14.378562239999997,True
2060,P0069,Shaanxi,ammonia,0.0,0.0,0.0,0.0,0.0,True
2060,P0070,Shandong,unabated,0.0,0.0,0.0,0.0,0.0,True
2060,P0070,Shandong,retire,0.0,0.0,0.0,0.0,0.0,True
2060,P0070,Shandong,ccs,0.0,0.0,0.0,0.0,0.0,True
2060,P0070,Shandong,biomass,1.0,25817712.000000004,21.170523840000005,21.170523840000005,0.0,True
2060,P0070,Shandong,beccs,0.0,0.0,0.0,0.0,0.0,True
2060,P0070,Shandong,ammonia,0.0,0.0,0.0,0.0,0.0,True
2060,P0071,Guizhou,unabated,0.0,0.0,0.0,0.0,0.0,True
2060,P0071,Guizhou,retire,1.0,23735500.0,19.46311,19.46311,0.0,True
2060,P0071,Guizhou,ccs,0.0,0.0,0.0,0.0,0.0,True
2060,P0071,Guizhou,biomass,0.0,0.0,0.0,0.0,0.0,True
2060,P0071,Guizhou,beccs,0.0,0.0,0.0,0.0,0.0,True
2060,P0071,Guizhou,ammonia,0.0,0.0,0.0,0.0,0.0,True
2060,P0072,Heilongjiang,unabated,0.0,0.0,0.0,0.0,0.0,True
2060,P0072,Heilongjiang,retire,0.0,0.0,0.0,0.0,0.0,True
2060,P0072,Heilongjiang,ccs,0.0,0.0,0.0,0.0,0.0,True
2060,P0072,Heilongjiang,biomass,0.12897974326982678,717849.6591425479,0.5886367204968893,0.5886367204968893,0.0,True
2060,P0072,Heilongjiang,beccs,0.8710202567301735,4847750.340857454,3.975155279503112,7.552795031055912,3.840000000000005,True
2060,P0072,Heilongjiang,ammonia,0.0,0.0,0.0,0.0,0.0,True
2060,P0073,Liaoning,unabated,0.0,0.0,0.0,0.0,0.0,True
2060,P0073,Liaoning,retire,0.0,0.0,0.0,0.0,0.0,True
2060,P0073,Liaoning,ccs,0.0,0.0,0.0,0.0,0.0,True
2060,P0073,Liaoning,biomass,1.0,6340931.499999999,5.199563829999999,5.199563829999999,0.0,True
2060,P0073,Liaoning,beccs,0.0,0.0,0.0,0.0,0.0,True
2060,P0073,Liaoning,ammonia,0.0,0.0,0.0,0.0,0.0,True
2060,P0074,Shaanxi,unabated,0.0,0.0,0.0,0.0,0.0,True
2060,P0074,Shaanxi,retire,1.0,36893940.0,30.253030799999998,30.253030799999998,0.0,True
2060,P0074,Shaanxi,ccs,0.0,0.0,0.0,0.0,0.0,True
2060,P0074,Shaanxi,biomass,0.0,0.0,0.0,0.0,0.0,True
2060,P0074,Shaanxi,beccs,0.0,0.0,0.0,0.0,0.0,True
2060,P0074,Shaanxi,ammonia,0.0,0.0,0.0,0.0,0.0,True
2060,P0075,Henan,unabated,0.0,0.0,0.0,0.0,0.0,True
2060,P0075,Henan,retire,0.0,0.0,0.0,0.0,0.0,True
2060,P0075,Henan,ccs,0.0,0.0,0.0,0.0,0.0,True
2060,P0075,Henan,biomass,1.0,7127208.0,5.844310559999999,5.844310559999999,0.0,True
2060,P0075,Henan,beccs,0.0,0.0,0.0,0.0,0.0,True
2060,P0075,Henan,ammonia,0.0,0.0,0.0,0.0,0.0,True
2060,P0076,Guangxi,unabated,0.0,0.0,0.0,0.0,0.0,True
2060,P0076,Guangxi,retire,0.0,0.0,0.0,0.0,0.0,True
2060,P0076,Guangxi,ccs,0.0,0.0,0.0,0.0,0.0,True
2060,P0076,Guangxi,biomass,1.0,13593944.000000002,11.147034080000001,11.147034080000001,0.0,True
2060,P0076,Guangxi,beccs,0.0,0.0,0.0,0.0,0.0,True
2060,P0076,Guangxi,ammonia,0.0,0.0,0.0,0.0,0.0,True
2060,P0077,Xinjiang,unabated,0.0,0.0,0.0,0.0,0.0,True
2060,P0077,Xinjiang,retire,1.0,41298983.99999999,33.86516688,33.86516688,0.0,True
2060,P0077,Xinjiang,ccs,0.0,0.0,0.0,0.0,0.0,True
2060,P0077,Xinjiang,biomass,0.0,0.0,0.0,0.0,0.0,True
2060,P0077,Xinjiang,beccs,0.0,0.0,0.0,0.0,0.0,True
2060,P0077,Xinjiang,ammonia,0.0,0.0,0.0,0.0,0.0,True
2060,P0078,Heilongjiang,unabated,0.0,0.0,0.0,0.0,0.0,True
2060,P0078,Heilongjiang,retire,0.0,0.0,0.0,0.0,0.0,True
2060,P0078,Heilongjiang,ccs,0.0,0.0,0.0,0.0,0.0,True
2060,P0078,Heilongjiang,biomass,0.0,0.0,0.0,0.0,0.0,True
2060,P0078,Heilongjiang,beccs,1.0,18122985.0,14.860847699999999,28.235610629999996,14.355578878199998,True
2060,P0078,Heilongjiang,ammonia,0.0,0.0,0.0,0.0,0.0,True
2060,P0079,Guangxi,unabated,0.0,0.0,0.0,0.0,0.0,True
2060,P0079,Guangxi,retire,0.42699735395886573,18149525.94600042,14.882611275720343,14.882611275720343,0.0,True
2060,P0079,Guangxi,ccs,0.0,0.0,0.0,0.0,0.0,True
2060,P0079,Guangxi,biomass,0.0,0.0,0.0,0.0,0.0,True
2060,P0079,Guangxi,beccs,0.5730026460411348,24355482.053999603,19.971495284279673,37.945841040131384,19.29246444461416,True
2060,P0079,Guangxi,ammonia,0.0,0.0,0.0,0.0,0.0,True
2060,P0080,Shandong,unabated,0.0,0.0,0.0,0.0,0.0,True
2060,P0080,Shandong,retire,0.0,0.0,0.0,0.0,0.0,True
2060,P0080,Shandong,ccs,0.0,0.0,0.0,0.0,0.0,True
2060,P0080,Shandong,biomass,1.0,21587445.000000004,17.701704900000003,17.701704900000003,0.0,True
2060,P0080,Shandong,beccs,0.0,0.0,0.0,0.0,0.0,True
2060,P0080,Shandong,ammonia,0.0,0.0,0.0,0.0,0.0,True
2060,P0081,Gansu,unabated,0.0,0.0,0.0,0.0,0.0,True
2060,P0081,Gansu,retire,1.0,8798160.0,7.214491199999999,7.214491199999999,0.0,True
2060,P0081,Gansu,ccs,0.0,0.0,0.0,0.0,0.0,True
2060,P0081,Gansu,biomass,0.0,0.0,0.0,0.0,0.0,True
2060,P0081,Gansu,beccs,0.0,0.0,0.0,0.0,0.0,True
2060,P0081,Gansu,ammonia,0.0,0.0,0.0,0.0,0.0,True
2060,P0082,Liaoning,unabated,0.0,0.0,0.0,0.0,0.0,True
2060,P0082,Liaoning,retire,0.0,0.0,0.0,0.0,0.0,True
2060,P0082,Liaoning,ccs,0.0,0.0,0.0,0.0,0.0,True
2060,P0082,Liaoning,biomass,1.0,7751749.999999999,6.356434999999999,6.356434999999999,0.0,True
2060,P0082,Liaoning,beccs,0.0,0.0,0.0,0.0,0.0,True
2060,P0082,Liaoning,ammonia,0.0,0.0,0.0,0.0,0.0,True
2060,P0083,Shaanxi,unabated,0.0,0.0,0.0,0.0,0.0,True
2060,P0083,Shaanxi,retire,1.0,58041020.0,47.5936364,47.5936364,0.0,True
2060,P0083,Shaanxi,ccs,0.0,0.0,0.0,0.0,0.0,True
2060,P0083,Shaanxi,biomass,0.0,0.0,0.0,0.0,0.0,True
2060,P0083,Shaanxi,beccs,0.0,0.0,0.0,0.0,0.0,True
2060,P0083,Shaanxi,ammonia,0.0,0.0,0.0,0.0,0.0,True
2060,P0084,Shaanxi,unabated,0.0,0.0,0.0,0.0,0.0,True
2060,P0084,Shaanxi,retire,1.0,12207220.0,10.009920399999999,10.009920399999999,0.0,True
2060,P0084,Shaanxi,ccs,0.0,0.0,0.0,0.0,0.0,True
2060,P0084,Shaanxi,biomass,0.0,0.0,0.0,0.0,0.0,True
2060,P0084,Shaanxi,beccs,0.0,0.0,0.0,0.0,0.0,True
2060,P0084,Shaanxi,ammonia,0.0,0.0,0.0,0.0,0.0,True
2060,P0085,Jiangsu,unabated,0.0,0.0,0.0,0.0,0.0,True
2060,P0085,Jiangsu,retire,1.0,50405775.00000001,41.3327355,41.3327355,0.0,True
2060,P0085,Jiangsu,ccs,0.0,0.0,0.0,0.0,0.0,True
2060,P0085,Jiangsu,biomass,0.0,0.0,0.0,0.0,0.0,True
2060,P0085,Jiangsu,beccs,0.0,0.0,0.0,0.0,0.0,True
2060,P0085,Jiangsu,ammonia,0.0,0.0,0.0,0.0,0.0,True
2060,P0086,Shaanxi,unabated,0.0,0.0,0.0,0.0,0.0,True
2060,P0086,Shaanxi,retire,1.0,42929480.0,35.2021736,35.2021736,0.0,True
2060,P0086,Shaanxi,ccs,0.0,0.0,0.0,0.0,0.0,True
2060,P0086,Shaanxi,biomass,0.0,0.0,0.0,0.0,0.0,True
2060,P0086,Shaanxi,beccs,0.0,0.0,0.0,0.0,0.0,True
2060,P0086,Shaanxi,ammonia,0.0,0.0,0.0,0.0,0.0,True
2060,P0087,Hebei,unabated,0.0,0.0,0.0,0.0,0.0,True
2060,P0087,Hebei,retire,0.0,0.0,0.0,0.0,0.0,True
2060,P0087,Hebei,ccs,0.0,0.0,0.0,0.0,0.0,True
2060,P0087,Hebei,biomass,1.0,13588055.000000002,11.142205100000002,11.142205100000002,0.0,True
2060,P0087,Hebei,beccs,0.0,0.0,0.0,0.0,0.0,True
2060,P0087,Hebei,ammonia,0.0,0.0,0.0,0.0,0.0,True
2060,P0088,Zhejiang,unabated,0.0,0.0,0.0,0.0,0.0,True
2060,P0088,Zhejiang,retire,0.0,0.0,0.0,0.0,0.0,True
2060,P0088,Zhejiang,ccs,0.0,0.0,0.0,0.0,0.0,True
2060,P0088,Zhejiang,biomass,0.0,0.0,0.0,0.0,0.0,True
2060,P0088,Zhejiang,beccs,1.0,15775605.0,12.935996099999999,24.578392589999996,12.496172232599998,True
2060,P0088,Zhejiang,ammonia,0.0,0.0,0.0,0.0,0.0,True
2060,P0089,Ningxia,unabated,0.0,0.0,0.0,0.0,0.0,True
2060,P0089,Ningxia,retire,1.0,131480305.0,107.8138501,107.8138501,0.0,True
2060,P0089,Ningxia,ccs,0.0,0.0,0.0,0.0,0.0,True
2060,P0089,Ningxia,biomass,0.0,0.0,0.0,0.0,0.0,True
2060,P0089,Ningxia,beccs,0.0,0.0,0.0,0.0,0.0,True
2060,P0089,Ningxia,ammonia,0.0,0.0,0.0,0.0,0.0,True
2060,P0090,Guangdong,unabated,0.0,0.0,0.0,0.0,0.0,True
2060,P0090,Guangdong,retire,1.0,34962181.2,28.668988584,28.668988584,0.0,True
2060,P0090,Guangdong,ccs,0.0,0.0,0.0,0.0,0.0,True
2060,P0090,Guangdong,biomass,0.0,0.0,0.0,0.0,0.0,True
2060,P0090,Guangdong,beccs,0.0,0.0,0.0,0.0,0.0,True
2060,P0090,Guangdong,ammonia,0.0,0.0,0.0,0.0,0.0,True
2060,P0091,Guangdong,unabated,0.0,0.0,0.0,0.0,0.0,True
2060,P0091,Guangdong,retire,0.0,0.0,0.0,0.0,0.0,True
2060,P0091,Guangdong,ccs,0.0,0.0,0.0,0.0,0.0,True
2060,P0091,Guangdong,biomass,0.0,0.0,0.0,0.0,0.0,True
2060,P0091,Guangdong,beccs,1.0,35657946.0,29.23951572,55.555079868,28.245372185519997,True
2060,P0091,Guangdong,ammonia,0.0,0.0,0.0,0.0,0.0,True
2060,P0092,Jiangxi,unabated,0.0,0.0,0.0,0.0,0.0,True
2060,P0092,Jiangxi,retire,0.0,0.0,0.0,0.0,0.0,True
2060,P0092,Jiangxi,ccs,0.0,0.0,0.0,0.0,0.0,True
2060,P0092,Jiangxi,biomass,1.0,36462960.0,29.899627199999998,29.899627199999998,0.0,True
2060,P0092,Jiangxi,beccs,0.0,0.0,0.0,0.0,0.0,True
2060,P0092,Jiangxi,ammonia,0.0,0.0,0.0,0.0,0.0,True
2060,P0093,Hunan,unabated,0.0,0.0,0.0,0.0,0.0,True
2060,P0093,Hunan,retire,1.0,18069412.5,14.81691825,14.81691825,0.0,True
2060,P0093,Hunan,ccs,0.0,0.0,0.0,0.0,0.0,True
2060,P0093,Hunan,biomass,0.0,0.0,0.0,0.0,0.0,True
2060,P0093,Hunan,beccs,0.0,0.0,0.0,0.0,0.0,True
2060,P0093,Hunan,ammonia,0.0,0.0,0.0,0.0,0.0,True
2060,P0094,Fujian,unabated,0.0,0.0,0.0,0.0,0.0,True
2060,P0094,Fujian,retire,0.0,0.0,0.0,0.0,0.0,True
2060,P0094,Fujian,ccs,0.0,0.0,0.0,0.0,0.0,True
2060,P0094,Fujian,biomass,1.0,6459012.0,5.29638984,5.29638984,0.0,True
2060,P0094,Fujian,beccs,0.0,0.0,0.0,0.0,0.0,True
2060,P0094,Fujian,ammonia,0.0,0.0,0.0,0.0,0.0,True
2060,P0095,Anhui,unabated,0.0,0.0,0.0,0.0,0.0,True
2060,P0095,Anhui,retire,0.0,0.0,0.0,0.0,0.0,True
2060,P0095,Anhui,ccs,0.0,0.0,0.0,0.0,0.0,True
2060,P0095,Anhui,biomass,1.0,16313541.000000002,13.377103620000002,13.377103620000002,0.0,True
2060,P0095,Anhui,beccs,0.0,0.0,0.0,0.0,0.0,True
2060,P0095,Anhui,ammonia,0.0,0.0,0.0,0.0,0.0,True
2060,P0096,Guangdong,unabated,0.0,0.0,0.0,0.0,0.0,True
2060,P0096,Guangdong,retire,0.0,0.0,0.0,0.0,0.0,True
2060,P0096,Guangdong,ccs,0.0,0.0,0.0,0.0,0.0,True
2060,P0096,Guangdong,biomass,0.0,0.0,0.0,0.0,0.0,True
2060,P0096,Guangdong,beccs,1.0,22564039.0,18.50251198,35.154772762,17.87342657268,True
2060,P0096,Guangdong,ammonia,0.0,0.0,0.0,0.0,0.0,True
2060,P0097,Gansu,unabated,0.0,0.0,0.0,0.0,0.0,True
2060,P0097,Gansu,retire,1.0,8881952.0,7.28320064,7.28320064,0.0,True
2060,P0097,Gansu,ccs,0.0,0.0,0.0,0.0,0.0,True
2060,P0097,Gansu,biomass,0.0,0.0,0.0,0.0,0.0,True
2060,P0097,Gansu,beccs,0.0,0.0,0.0,0.0,0.0,True
2060,P0097,Gansu,ammonia,0.0,0.0,0.0,0.0,0.0,True
2060,P0098,Xinjiang,unabated,0.0,0.0,0.0,0.0,0.0,True
2060,P0098,Xinjiang,retire,1.0,128966903.99999999,105.75286127999999,105.75286127999999,0.0,True
2060,P0098,Xinjiang,ccs,0.0,0.0,0.0,0.0,0.0,True
2060,P0098,Xinjiang,biomass,0.0,0.0,0.0,0.0,0.0,True
2060,P0098,Xinjiang,beccs,0.0,0.0,0.0,0.0,0.0,True
2060,P0098,Xinjiang,ammonia,0.0,0.0,0.0,0.0,0.0,True
2060,P0099,Sichuan,unabated,0.0,0.0,0.0,0.0,0.0,True
2060,P0099,Sichuan,retire,0.0,0.0,0.0,0.0,0.0,True
2060,P0099,Sichuan,ccs,0.0,0.0,0.0,0.0,0.0,True
2060,P0099,Sichuan,biomass,0.0,0.0,0.0,0.0,0.0,True
2060,P0099,Sichuan,beccs,1.0,4996399.999999999,4.097047999999999,7.784391199999998,3.9577483679999985,True
2060,P0099,Sichuan,ammonia,0.0,0.0,0.0,0.0,0.0,True
2060,P0100,Jiangxi,unabated,0.0,0.0,0.0,0.0,0.0,True
2060,P0100,Jiangxi,retire,0.0,0.0,0.0,0.0,0.0,True
2060,P0100,Jiangxi,ccs,0.0,0.0,0.0,0.0,0.0,True
2060,P0100,Jiangxi,biomass,1.0,15157152.0,12.428864639999999,12.428864639999999,0.0,True
2060,P0100,Jiangxi,beccs,0.0,0.0,0.0,0.0,0.0,True
2060,P0100,Jiangxi,ammonia,0.0,0.0,0.0,0.0,0.0,True
2060,P0101,Qinghai,unabated,0.0,0.0,0.0,0.0,0.0,True
2060,P0101,Qinghai,retire,1.0,19952390.0,16.3609598,16.3609598,0.0,True
2060,P0101,Qinghai,ccs,0.0,0.0,0.0,0.0,0.0,True
2060,P0101,Qinghai,biomass,0.0,0.0,0.0,0.0,0.0,True
2060,P0101,Qinghai,beccs,0.0,0.0,0.0,0.0,0.0,True
2060,P0101,Qinghai,ammonia,0.0,0.0,0.0,0.0,0.0,True
2060,P0102,Hunan,unabated,0.0,0.0,0.0,0.0,0.0,True
2060,P0102,Hunan,retire,0.0,0.0,0.0,0.0,0.0,True
2060,P0102,Hunan,ccs,0.0,0.0,0.0,0.0,0.0,True
2060,P0102,Hunan,biomass,1.0,9845388.0,8.07321816,8.07321816,0.0,True
2060,P0102,Hunan,beccs,0.0,0.0,0.0,0.0,0.0,True
2060,P0102,Hunan,ammonia,0.0,0.0,0.0,0.0,0.0,True
2060,P0103,Inner Mongolia,unabated,0.0,0.0,0.0,0.0,0.0,True
2060,P0103,Inner Mongolia,retire,1.0,19119700.0,15.678153999999997,15.678153999999997,0.0,True
2060,P0103,Inner Mongolia,ccs,0.0,0.0,0.0,0.0,0.0,True
2060,P0103,Inner Mongolia,biomass,0.0,0.0,0.0,0.0,0.0,True
2060,P0103,Inner Mongolia,beccs,0.0,0.0,0.0,0.0,0.0,True
2060,P0103,Inner Mongolia,ammonia,0.0,0.0,0.0,0.0,0.0,True
2060,P0104,Inner Mongolia,unabated,0.0,0.0,0.0,0.0,0.0,True
2060,P0104,Inner Mongolia,retire,1.0,22843010.0,18.7312682,18.7312682,0.0,True
2060,P0104,Inner Mongolia,ccs,0.0,0.0,0.0,0.0,0.0,True
2060,P0104,Inner Mongolia,biomass,0.0,0.0,0.0,0.0,0.0,True
2060,P0104,Inner Mongolia,beccs,0.0,0.0,0.0,0.0,0.0,True
2060,P0104,Inner Mongolia,ammonia,0.0,0.0,0.0,0.0,0.0,True
2060,P0105,Liaoning,unabated,0.0,0.0,0.0,0.0,0.0,True
2060,P0105,Liaoning,retire,0.0,0.0,0.0,0.0,0.0,True
2060,P0105,Liaoning,ccs,0.0,0.0,0.0,0.0,0.0,True
2060,P0105,Liaoning,biomass,0.0,0.0,0.0,0.0,0.0,True
2060,P0105,Liaoning,beccs,1.0,4030910.0,3.3053462,6.28015778,3.1929644291999995,True
2060,P0105,Liaoning,ammonia,0.0,0.0,0.0,0.0,0.0,True
2060,P0106,Hubei,unabated,0.0,0.0,0.0,0.0,0.0,True
2060,P0106,Hubei,retire,1.0,39558279.99999999,32.43778959999999,32.43778959999999,0.0,True
2060,P0106,Hubei,ccs,0.0,0.0,0.0,0.0,0.0,True
2060,P0106,Hubei,biomass,0.0,0.0,0.0,0.0,0.0,True
2060,P0106,Hubei,beccs,0.0,0.0,0.0,0.0,0.0,True
2060,P0106,Hubei,ammonia,0.0,0.0,0.0,0.0,0.0,True
2060,P0107,Liaoning,unabated,0.0,0.0,0.0,0.0,0.0,True
2060,P0107,Liaoning,retire,1.0,14387248.0,11.797543359999999,11.797543359999999,0.0,True
2060,P0107,Liaoning,ccs,0.0,0.0,0.0,0.0,0.0,True
2060,P0107,Liaoning,biomass,0.0,0.0,0.0,0.0,0.0,True
2060,P0107,Liaoning,beccs,0.0,0.0,0.0,0.0,0.0,True
2060,P0107,Liaoning,ammonia,0.0,0.0,0.0,0.0,0.0,True
2060,P0108,Guangdong,unabated,0.0,0.0,0.0,0.0,0.0,True
2060,P0108,Guangdong,retire,1.0,22805624.0,18.700611679999998,18.700611679999998,0.0,True
2060,P0108,Guangdong,ccs,0.0,0.0,0.0,0.0,0.0,True
2060,P0108,Guangdong,biomass,0.0,0.0,0.0,0.0,0.0,True
2060,P0108,Guangdong,beccs,0.0,0.0,0.0,0.0,0.0,True
2060,P0108,Guangdong,ammonia,0.0,0.0,0.0,0.0,0.0,True
2060,P0109,Shaanxi,unabated,0.0,0.0,0.0,0.0,0.0,True
2060,P0109,Shaanxi,retire,0.0606864017167177,2296793.3908604775,1.8833705805055914,1.8833705805055914,0.0,True
2060,P0109,Shaanxi,ccs,0.0,0.0,0.0,0.0,0.0,True
2060,P0109,Shaanxi,biomass,0.0,0.0,0.0,0.0,0.0,True
2060,P0109,Shaanxi,beccs,0.9393135982832823,35550126.609139524,29.151103819494406,55.387097257039365,28.159966289631594,True
2060,P0109,Shaanxi,ammonia,0.0,0.0,0.0,0.0,0.0,True
2060,P0110,Guizhou,unabated,0.0,0.0,0.0,0.0,0.0,True
2060,P0110,Guizhou,retire,0.13687776184456926,8615982.332326224,7.065105512507504,7.065105512507504,0.0,True
2060,P0110,Guizhou,ccs,0.0,0.0,0.0,0.0,0.0,True
2060,P0110,Guizhou,biomass,0.8631222381554308,54330563.66767378,44.5510622074925,44.5510622074925,0.0,True
2060,P0110,Guizhou,beccs,0.0,0.0,0.0,0.0,0.0,True
2060,P0110,Guizhou,ammonia,0.0,0.0,0.0,0.0,0.0,True
2060,P0111,Guangxi,unabated,0.0,0.0,0.0,0.0,0.0,True
2060,P0111,Guangxi,retire,0.0,0.0,0.0,0.0,0.0,True
2060,P0111,Guangxi,ccs,0.0,0.0,0.0,0.0,0.0,True
2060,P0111,Guangxi,biomass,1.0,587794.48,0.48199147359999994,0.48199147359999994,0.0,True
2060,P0111,Guangxi,beccs,0.0,0.0,0.0,0.0,0.0,True
2060,P0111,Guangxi,ammonia,0.0,0.0,0.0,0.0,0.0,True
2060,P0112,Guangdong,unabated,0.0,0.0,0.0,0.0,0.0,True
2060,P0112,Guangdong,retire,1.0,41166084.0,33.756188879999996,33.756188879999996,0.0,True
2060,P0112,Guangdong,ccs,0.0,0.0,0.0,0.0,0.0,True
2060,P0112,Guangdong,biomass,0.0,0.0,0.0,0.0,0.0,True
2060,P0112,Guangdong,beccs,0.0,0.0,0.0,0.0,0.0,True
2060,P0112,Guangdong,ammonia,0.0,0.0,0.0,0.0,0.0,True
2060,P0113,Inner Mongolia,unabated,0.0,0.0,0.0,0.0,0.0,True
2060,P0113,Inner Mongolia,retire,0.0,0.0,0.0,0.0,0.0,True
2060,P0113,Inner Mongolia,ccs,0.0,0.0,0.0,0.0,0.0,True
2060,P0113,Inner Mongolia,biomass,0.4919147681980433,9900276.62475382,8.11822683229813,8.11822683229813,0.0,True
2060,P0113,Inner Mongolia,beccs,0.5080852318019572,10225723.375246191,8.385093167701875,15.931677018633563,8.1,True
2060,P0113,Inner Mongolia,ammonia,0.0,0.0,0.0,0.0,0.0,True
2060,P0114,Guangxi,unabated,0.0,0.0,0.0,0.0,0.0,True
2060,P0114,Guangxi,retire,0.0,0.0,0.0,0.0,0.0,True
2060,P0114,Guangxi,ccs,0.0,0.0,0.0,0.0,0.0,True
2060,P0114,Guangxi,biomass,0.0,0.0,0.0,0.0,0.0,True
2060,P0114,Guangxi,beccs,1.0,29485456.0,24.17807392,45.938340448,23.356019406719994,True
2060,P0114,Guangxi,ammonia,0.0,0.0,0.0,0.0,0.0,True
2060,P0115,Shandong,unabated,0.0,0.0,0.0,0.0,0.0,True
2060,P0115,Shandong,retire,0.0,0.0,0.0,0.0,0.0,True
2060,P0115,Shandong,ccs,0.0,0.0,0.0,0.0,0.0,True
2060,P0115,Shandong,biomass,1.0,9550809.0,7.83166338,7.83166338,0.0,True
2060,P0115,Shandong,beccs,0.0,0.0,0.0,0.0,0.0,True
2060,P0115,Shandong,ammonia,0.0,0.0,0.0,0.0,0.0,True
2060,P0116,Liaoning,unabated,0.0,0.0,0.0,0.0,0.0,True
2060,P0116,Liaoning,retire,0.0,0.0,0.0,0.0,0.0,True
2060,P0116,Liaoning,ccs,0.0,0.0,0.0,0.0,0.0,True
2060,P0116,Liaoning,biomass,1.0,2542573.9999999995,2.0849106799999997,2.0849106799999997,0.0,True
2060,P0116,Liaoning,beccs,0.0,0.0,0.0,0.0,0.0,True
2060,P0116,Liaoning,ammonia,0.0,0.0,0.0,0.0,0.0,True
2060,P0117,Henan,unabated,0.0,0.0,0.0,0.0,0.0,True
2060,P0117,Henan,retire,0.0,0.0,0.0,0.0,0.0,True
2060,P0117,Henan,ccs,0.0,0.0,0.0,0.0,0.0,True
2060,P0117,Henan,biomass,1.0,8351072.0,6.8478790400000005,6.8478790400000005,0.0,True
2060,P0117,Henan,beccs,0.0,0.0,0.0,0.0,0.0,True
2060,P0117,Henan,ammonia,0.0,0.0,0.0,0.0,0.0,True
2060,P0118,Liaoning,unabated,0.0,0.0,0.0,0.0,0.0,True
2060,P0118,Liaoning,retire,0.0,0.0,0.0,0.0,0.0,True
2060,P0118,Liaoning,ccs,0.0,0.0,0.0,0.0,0.0,True
2060,P0118,Liaoning,biomass,1.0,16867807.999999996,13.831602559999997,13.831602559999997,0.0,True
2060,P0118,Liaoning,beccs,0.0,0.0,0.0,0.0,0.0,True
2060,P0118,Liaoning,ammonia,0.0,0.0,0.0,0.0,0.0,True
2060,P0119,Guizhou,unabated,0.0,0.0,0.0,0.0,0.0,True
2060,P0119,Guizhou,retire,1.0,27248354.0,22.34365028,22.34365028,0.0,True
2060,P0119,Guizhou,ccs,0.0,0.0,0.0,0.0,0.0,True
2060,P0119,Guizhou,biomass,0.0,0.0,0.0,0.0,0.0,True
2060,P0119,Guizhou,beccs,0.0,0.0,0.0,0.0,0.0,True
2060,P0119,Guizhou,ammonia,0.0,0.0,0.0,0.0,0.0,True
2060,P0120,Inner Mongolia,unabated,0.0,0.0,0.0,0.0,0.0,True
2060,P0120,Inner Mongolia,retire,1.0,23648049.999999996,19.391400999999995,19.391400999999995,0.0,True
2060,P0120,Inner Mongolia,ccs,0.0,0.0,0.0,0.0,0.0,True
2060,P0120,Inner Mongolia,biomass,0.0,0.0,0.0,0.0,0.0,True
2060,P0120,Inner Mongolia,beccs,0.0,0.0,0.0,0.0,0.0,True
2060,P0120,Inner Mongolia,ammonia,0.0,0.0,0.0,0.0,0.0,True
2060,P0121,Guangdong,unabated,0.0,0.0,0.0,0.0,0.0,True
2060,P0121,Guangdong,retire,1.0,32662292.0,26.783079439999998,26.783079439999998,0.0,True
2060,P0121,Guangdong,ccs,0.0,0.0,0.0,0.0,0.0,True
2060,P0121,Guangdong,biomass,0.0,0.0,0.0,0.0,0.0,True
2060,P0121,Guangdong,beccs,0.0,0.0,0.0,0.0,0.0,True
2060,P0121,Guangdong,ammonia,0.0,0.0,0.0,0.0,0.0,True
2060,P0122,Shaanxi,unabated,0.0,0.0,0.0,0.0,0.0,True
2060,P0122,Shaanxi,retire,1.0,33535820.0,27.4993724,27.4993724,0.0,True
2060,P0122,Shaanxi,ccs,0.0,0.0,0.0,0.0,0.0,True
2060,P0122,Shaanxi,biomass,0.0,0.0,0.0,0.0,0.0,True
2060,P0122,Shaanxi,beccs,0.0,0.0,0.0,0.0,0.0,True
2060,P0122,Shaanxi,ammonia,0.0,0.0,0.0,0.0,0.0,True
2060,P0123,Hebei,unabated,0.0,0.0,0.0,0.0,0.0,True
2060,P0123,Hebei,retire,0.0,0.0,0.0,0.0,0.0,True
2060,P0123,Hebei,ccs,0.0,0.0,0.0,0.0,0.0,True
2060,P0123,Hebei,biomass,1.0,29973912.800000004,24.578608496000005,24.578608496000005,0.0,True
2060,P0123,Hebei,beccs,0.0,0.0,0.0,0.0,0.0,True
2060,P0123,Hebei,ammonia,0.0,0.0,0.0,0.0,0.0,True
2060,P0124,Henan,unabated,0.0,0.0,0.0,0.0,0.0,True
2060,P0124,Henan,retire,1.0,42007332.0,34.446012239999995,34.446012239999995,0.0,True
2060,P0124,Henan,ccs,0.0,0.0,0.0,0.0,0.0,True
2060,P0124,Henan,biomass,0.0,0.0,0.0,0.0,0.0,True
2060,P0124,Henan,beccs,0.0,0.0,0.0,0.0,0.0,True
2060,P0124,Henan,ammonia,0.0,0.0,0.0,0.0,0.0,True
2060,P0125,Xinjiang,unabated,0.0,0.0,0.0,0.0,0.0,True
2060,P0125,Xinjiang,retire,0.4467992611154017,28103267.83042967,23.044679620952326,23.044679620952326,0.0,True
2060,P0125,Xinjiang,ccs,0.5532007388845983,34795824.16957032,28.53257581904766,25.679318237142898,27.562468241200033,True
2060,P0125,Xinjiang,biomass,0.0,0.0,0.0,0.0,0.0,True
2060,P0125,Xinjiang,beccs,0.0,0.0,0.0,0.0,0.0,True
2060,P0125,Xinjiang,ammonia,0.0,0.0,0.0,0.0,0.0,True
2060,P0126,Jiangsu,unabated,0.0,0.0,0.0,0.0,0.0,True
2060,P0126,Jiangsu,retire,1.0,86326786.00000001,70.78796452000002,70.78796452000002,0.0,True
2060,P0126,Jiangsu,ccs,0.0,0.0,0.0,0.0,0.0,True
2060,P0126,Jiangsu,biomass,0.0,0.0,0.0,0.0,0.0,True
2060,P0126,Jiangsu,beccs,0.0,0.0,0.0,0.0,0.0,True
2060,P0126,Jiangsu,ammonia,0.0,0.0,0.0,0.0,0.0,True
2060,P0127,Hebei,unabated,0.0,0.0,0.0,0.0,0.0,True
2060,P0127,Hebei,retire,0.0,0.0,0.0,0.0,0.0,True
2060,P0127,Hebei,ccs,0.0,0.0,0.0,0.0,0.0,True
2060,P0127,Hebei,biomass,1.0,7796425.000000001,6.3930685,6.3930685,0.0,True
2060,P0127,Hebei,beccs,0.0,0.0,0.0,0.0,0.0,True
2060,P0127,Hebei,ammonia,0.0,0.0,0.0,0.0,0.0,True
2060,P0128,Xinjiang,unabated,0.0,0.0,0.0,0.0,0.0,True
2060,P0128,Xinjiang,retire,0.0,0.0,0.0,0.0,0.0,True
2060,P0128,Xinjiang,ccs,0.541541517888311,2774189.392343595,2.274835301721748,2.0473517715495735,2.1974909014632082,True
2060,P0128,Xinjiang,biomass,0.0,0.0,0.0,0.0,0.0,True
2060,P0128,Xinjiang,beccs,0.45845848211168927,2348574.607656406,1.9258311782782527,3.177621444159117,1.8603529182167915,True
2060,P0128,Xinjiang,ammonia,0.0,0.0,0.0,0.0,0.0,True
2060,P0129,Inner Mongolia,unabated,0.0,0.0,0.0,0.0,0.0,True
2060,P0129,Inner Mongolia,retire,1.0,67573045.0,55.4098969,55.4098969,0.0,True
2060,P0129,Inner Mongolia,ccs,0.0,0.0,0.0,0.0,0.0,True
2060,P0129,Inner Mongolia,biomass,0.0,0.0,0.0,0.0,0.0,True
2060,P0129,Inner Mongolia,beccs,0.0,0.0,0.0,0.0,0.0,True
2060,P0129,Inner Mongolia,ammonia,0.0,0.0,0.0,0.0,0.0,True
2060,P0130,Hebei,unabated,0.0,0.0,0.0,0.0,0.0,True
2060,P0130,Hebei,retire,0.0,0.0,0.0,0.0,0.0,True
2060,P0130,Hebei,ccs,0.0,0.0,0.0,0.0,0.0,True
2060,P0130,Hebei,biomass,1.0,5791630.0,4.7491366,4.7491366,0.0,True
2060,P0130,Hebei,beccs,0.0,0.0,0.0,0.0,0.0,True
2060,P0130,Hebei,ammonia,0.0,0.0,0.0,0.0,0.0,True
2060,P0131,Zhejiang,unabated,0.0,0.0,0.0,0.0,0.0,True
2060,P0131,Zhejiang,retire,1.0,68084190.0,55.8290358,55.8290358,0.0,True
2060,P0131,Zhejiang,ccs,0.0,0.0,0.0,0.0,0.0,True
2060,P0131,Zhejiang,biomass,0.0,0.0,0.0,0.0,0.0,True
2060,P0131,Zhejiang,beccs,0.0,0.0,0.0,0.0,0.0,True
2060,P0131,Zhejiang,ammonia,0.0,0.0,0.0,0.0,0.0,True
2060,P0132,Jilin,unabated,0.0,0.0,0.0,0.0,0.0,True
2060,P0132,Jilin,retire,0.0,0.0,0.0,0.0,0.0,True
2060,P0132,Jilin,ccs,0.0,0.0,0.0,0.0,0.0,True
2060,P0132,Jilin,biomass,0.0,0.0,0.0,0.0,0.0,True
2060,P0132,Jilin,beccs,1.0,6228808.0,5.107622559999999,9.704482864,4.933963392959998,True
2060,P0132,Jilin,ammonia,0.0,0.0,0.0,0.0,0.0,True
2060,P0133,Anhui,unabated,0.0,0.0,0.0,0.0,0.0,True
2060,P0133,Anhui,retire,0.0,0.0,0.0,0.0,0.0,True
2060,P0133,Anhui,ccs,0.0,0.0,0.0,0.0,0.0,True
2060,P0133,Anhui,biomass,0.43802749710551303,13579207.21254356,11.134949914285722,11.134949914285722,0.0,True
2060,P0133,Anhui,beccs,0.5619725028944872,17421602.78745645,14.28571428571429,27.142857142857146,13.8,True
2060,P0133,Anhui,ammonia,0.0,0.0,0.0,0.0,0.0,True
2060,P0134,Shanxi,unabated,0.0,0.0,0.0,0.0,0.0,True
2060,P0134,Shanxi,retire,1.0,14837547.5,12.166788949999999,12.166788949999999,0.0,True
2060,P0134,Shanxi,ccs,0.0,0.0,0.0,0.0,0.0,True
2060,P0134,Shanxi,biomass,0.0,0.0,0.0,0.0,0.0,True
2060,P0134,Shanxi,beccs,0.0,0.0,0.0,0.0,0.0,True
2060,P0134,Shanxi,ammonia,0.0,0.0,0.0,0.0,0.0,True
2060,P0135,Liaoning,unabated,0.0,0.0,0.0,0.0,0.0,True
2060,P0135,Liaoning,retire,0.0,0.0,0.0,0.0,0.0,True
2060,P0135,Liaoning,ccs,0.0,0.0,0.0,0.0,0.0,True
2060,P0135,Liaoning,biomass,1.0,5891330.0,4.8308906,4.8308906,0.0,True
2060,P0135,Liaoning,beccs,0.0,0.0,0.0,0.0,0.0,True
2060,P0135,Liaoning,ammonia,0.0,0.0,0.0,0.0,0.0,True
2060,P0136,Inner Mongolia,unabated,0.0,0.0,0.0,0.0,0.0,True
2060,P0136,Inner Mongolia,retire,0.0,0.0,0.0,0.0,0.0,True
2060,P0136,Inner Mongolia,ccs,0.0,0.0,0.0,0.0,0.0,True
2060,P0136,Inner Mongolia,biomass,0.0,0.0,0.0,0.0,0.0,True
2060,P0136,Inner Mongolia,beccs,1.0,4427720.0,3.6307304,6.898387759999999,3.507285566399999,True
2060,P0136,Inner Mongolia,ammonia,0.0,0.0,0.0,0.0,0.0,True
2060,P0137,Xinjiang,unabated,0.0,0.0,0.0,0.0,0.0,True
2060,P0137,Xinjiang,retire,0.0,0.0,0.0,0.0,0.0,True
2060,P0137,Xinjiang,ccs,1.0,7393679.999999999,6.062817599999999,5.456535839999999,6.275016215999998,True
2060,P0137,Xinjiang,biomass,0.0,0.0,0.0,0.0,0.0,True
2060,P0137,Xinjiang,beccs,0.0,0.0,0.0,0.0,0.0,True
2060,P0137,Xinjiang,ammonia,0.0,0.0,0.0,0.0,0.0,True
2060,P0138,Jilin,unabated,0.0,0.0,0.0,0.0,0.0,True
2060,P0138,Jilin,retire,0.0,0.0,0.0,0.0,0.0,True
2060,P0138,Jilin,ccs,0.0,0.0,0.0,0.0,0.0,True
2060,P0138,Jilin,biomass,1.0,4345680.000000001,3.5634576000000004,3.5634576000000004,0.0,True
2060,P0138,Jilin,beccs,0.0,0.0,0.0,0.0,0.0,True
2060,P0138,Jilin,ammonia,0.0,0.0,0.0,0.0,0.0,True
2060,P0139,Heilongjiang,unabated,0.0,0.0,0.0,0.0,0.0,True
2060,P0139,Heilongjiang,retire,0.0,0.0,0.0,0.0,0.0,True
2060,P0139,Heilongjiang,ccs,0.0,0.0,0.0,0.0,0.0,True
2060,P0139,Heilongjiang,biomass,1.0,4156807.5000000005,3.4085821500000004,3.4085821500000004,0.0,True
2060,P0139,Heilongjiang,beccs,0.0,0.0,0.0,0.0,0.0,True
2060,P0139,Heilongjiang,ammonia,0.0,0.0,0.0,0.0,0.0,True
2060,P0140,Guangdong,unabated,0.0,0.0,0.0,0.0,0.0,True
2060,P0140,Guangdong,retire,0.1704791677105001,9456124.154315932,7.754021806539063,7.754021806539063,0.0,True
2060,P0140,Guangdong,ccs,0.0,0.0,0.0,0.0,0.0,True
2060,P0140,Guangdong,biomass,0.0,0.0,0.0,0.0,0.0,True
2060,P0140,Guangdong,beccs,0.8295208322895006,46011791.8456841,37.72966931346097,71.68637169557583,36.44686055680328,True
2060,P0140,Guangdong,ammonia,0.0,0.0,0.0,0.0,0.0,True
2060,P0141,Shandong,unabated,0.0,0.0,0.0,0.0,0.0,True
2060,P0141,Shandong,retire,1.0,46881825.00000001,38.44309650000001,38.44309650000001,0.0,True
2060,P0141,Shandong,ccs,0.0,0.0,0.0,0.0,0.0,True
2060,P0141,Shandong,biomass,0.0,0.0,0.0,0.0,0.0,True
2060,P0141,Shandong,beccs,0.0,0.0,0.0,0.0,0.0,True
2060,P0141,Shandong,ammonia,0.0,0.0,0.0,0.0,0.0,True
2060,P0142,Jiangsu,unabated,0.0,0.0,0.0,0.0,0.0,True
2060,P0142,Jiangsu,retire,0.22132482364672335,7404064.5355109405,6.071332919118971,6.071332919118971,0.0,True
2060,P0142,Jiangsu,ccs,0.0,0.0,0.0,0.0,0.0,True
2060,P0142,Jiangsu,biomass,0.0,0.0,0.0,0.0,0.0,True
2060,P0142,Jiangsu,beccs,0.7786751763532771,26049320.464489076,21.360442780881044,40.58484128367398,20.634187726331085,True
2060,P0142,Jiangsu,ammonia,0.0,0.0,0.0,0.0,0.0,True
2060,P0143,Yunnan,unabated,0.0,0.0,0.0,0.0,0.0,True
2060,P0143,Yunnan,retire,0.0,0.0,0.0,0.0,0.0,True
2060,P0143,Yunnan,ccs,0.0,0.0,0.0,0.0,0.0,True
2060,P0143,Yunnan,biomass,1.0,11205499.999999998,9.188509999999997,9.188509999999997,0.0,True
2060,P0143,Yunnan,beccs,0.0,0.0,0.0,0.0,0.0,True
2060,P0143,Yunnan,ammonia,0.0,0.0,0.0,0.0,0.0,True
2060,P0144,Shanxi,unabated,0.0,0.0,0.0,0.0,0.0,True
2060,P0144,Shanxi,retire,1.0,32892597.499999996,26.971929949999996,26.971929949999996,0.0,True
2060,P0144,Shanxi,ccs,0.0,0.0,0.0,0.0,0.0,True
2060,P0144,Shanxi,biomass,0.0,0.0,0.0,0.0,0.0,True
2060,P0144,Shanxi,beccs,0.0,0.0,0.0,0.0,0.0,True
2060,P0144,Shanxi,ammonia,0.0,0.0,0.0,0.0,0.0,True
2060,P0145,Liaoning,unabated,0.0,0.0,0.0,0.0,0.0,True
2060,P0145,Liaoning,retire,0.0,0.0,0.0,0.0,0.0,True
2060,P0145,Liaoning,ccs,0.0,0.0,0.0,0.0,0.0,True
2060,P0145,Liaoning,biomass,1.0,8185847.999999999,6.712395359999999,6.712395359999999,0.0,True
2060,P0145,Liaoning,beccs,0.0,0.0,0.0,0.0,0.0,True
2060,P0145,Liaoning,ammonia,0.0,0.0,0.0,0.0,0.0,True
2060,P0146,Shanxi,unabated,0.0,0.0,0.0,0.0,0.0,True
2060,P0146,Shanxi,retire,1.0,19906850.0,16.323617,16.323617,0.0,True
2060,P0146,Shanxi,ccs,0.0,0.0,0.0,0.0,0.0,True
2060,P0146,Shanxi,biomass,0.0,0.0,0.0,0.0,0.0,True
2060,P0146,Shanxi,beccs,0.0,0.0,0.0,0.0,0.0,True
2060,P0146,Shanxi,ammonia,0.0,0.0,0.0,0.0,0.0,True
2060,P0147,Inner Mongolia,unabated,0.0,0.0,0.0,0.0,0.0,True
2060,P0147,Inner Mongolia,retire,0.0,0.0,0.0,0.0,0.0,True
2060,P0147,Inner Mongolia,ccs,0.0,0.0,0.0,0.0,0.0,True
2060,P0147,Inner Mongolia,biomass,1.0,15698279.999999998,12.872589599999998,12.872589599999998,0.0,True
2060,P0147,Inner Mongolia,beccs,0.0,0.0,0.0,0.0,0.0,True
2060,P0147,Inner Mongolia,ammonia,0.0,0.0,0.0,0.0,0.0,True
2060,P0148,Shandong,unabated,0.0,0.0,0.0,0.0,0.0,True
2060,P0148,Shandong,retire,0.0,0.0,0.0,0.0,0.0,True
2060,P0148,Shandong,ccs,0.0,0.0,0.0,0.0,0.0,True
2060,P0148,Shandong,biomass,1.0,9114699.000000002,7.47405318,7.47405318,0.0,True
2060,P0148,Shandong,beccs,0.0,0.0,0.0,0.0,0.0,True
2060,P0148,Shandong,ammonia,0.0,0.0,0.0,0.0,0.0,True
2060,P0149,Shaanxi,unabated,0.0,0.0,0.0,0.0,0.0,True
2060,P0149,Shaanxi,retire,1.0,42384920.0,34.7556344,34.7556344,0.0,True
2060,P0149,Shaanxi,ccs,0.0,0.0,0.0,0.0,0.0,True
2060,P0149,Shaanxi,biomass,0.0,0.0,0.0,0.0,0.0,True
2060,P0149,Shaanxi,beccs,0.0,0.0,0.0,0.0,0.0,True
2060,P0149,Shaanxi,ammonia,0.0,0.0,0.0,0.0,0.0,True
2060,P0150,Guizhou,unabated,0.0,0.0,0.0,0.0,0.0,True
2060,P0150,Guizhou,retire,0.0,0.0,0.0,0.0,0.0,True
2060,P0150,Guizhou,ccs,0.0,0.0,0.0,0.0,0.0,True
2060,P0150,Guizhou,biomass,1.0,664594.0,0.5449670799999999,0.5449670799999999,0.0,True
2060,P0150,Guizhou,beccs,0.0,0.0,0.0,0.0,0.0,True
2060,P0150,Guizhou,ammonia,0.0,0.0,0.0,0.0,0.0,True
2060,P0151,Shandong,unabated,0.0,0.0,0.0,0.0,0.0,True
2060,P0151,Shandong,retire,1.0,16899262.500000004,13.857395250000001,13.857395250000001,0.0,True
2060,P0151,Shandong,ccs,0.0,0.0,0.0,0.0,0.0,True
2060,P0151,Shandong,biomass,0.0,0.0,0.0,0.0,0.0,True
2060,P0151,Shandong,beccs,0.0,0.0,0.0,0.0,0.0,True
2060,P0151,Shandong,ammonia,0.0,0.0,0.0,0.0,0.0,True
2060,P0152,Guangdong,unabated,0.0,0.0,0.0,0.0,0.0,True
2060,P0152,Guangdong,retire,1.0,6426161.0,5.269452019999999,5.269452019999999,0.0,True
2060,P0152,Guangdong,ccs,0.0,0.0,0.0,0.0,0.0,True
2060,P0152,Guangdong,biomass,0.0,0.0,0.0,0.0,0.0,True
2060,P0152,Guangdong,beccs,0.0,0.0,0.0,0.0,0.0,True
2060,P0152,Guangdong,ammonia,0.0,0.0,0.0,0.0,0.0,True
2060,P0153,Heilongjiang,unabated,0.0,0.0,0.0,0.0,0.0,True
2060,P0153,Heilongjiang,retire,0.0,0.0,0.0,0.0,0.0,True
2060,P0153,Heilongjiang,ccs,0.0,0.0,0.0,0.0,0.0,True
2060,P0153,Heilongjiang,biomass,0.0,0.0,0.0,0.0,0.0,True
2060,P0153,Heilongjiang,beccs,1.0,7391812.500000001,6.06128625,11.516443875,5.855202517499999,True
2060,P0153,Heilongjiang,ammonia,0.0,0.0,0.0,0.0,0.0,True
2060,P0154,Tianjin,unabated,0.0,0.0,0.0,0.0,0.0,True
2060,P0154,Tianjin,retire,1.0,26537140.0,21.760454799999998,21.760454799999998,0.0,True
2060,P0154,Tianjin,ccs,0.0,0.0,0.0,0.0,0.0,True
2060,P0154,Tianjin,biomass,0.0,0.0,0.0,0.0,0.0,True
2060,P0154,Tianjin,beccs,0.0,0.0,0.0,0.0,0.0,True
2060,P0154,Tianjin,ammonia,0.0,0.0,0.0,0.0,0.0,True
2060,P0155,Shanxi,unabated,0.0,0.0,0.0,0.0,0.0,True
2060,P0155,Shanxi,retire,0.0,0.0,0.0,0.0,0.0,True
2060,P0155,Shanxi,ccs,0.0,0.0,0.0,0.0,0.0,True
2060,P0155,Shanxi,biomass,0.1806724208807814,2561127.141695722,2.100124256190492,2.100124256190492,0.0,True
2060,P0155,Shanxi,beccs,0.8193275791192202,11614401.858304298,9.523809523809524,18.095238095238095,9.2,True
2060,P0155,Shanxi,ammonia,0.0,0.0,0.0,0.0,0.0,True
2060,P0156,Yunnan,unabated,0.0,0.0,0.0,0.0,0.0,True
2060,P0156,Yunnan,retire,0.0,0.0,0.0,0.0,0.0,True
2060,P0156,Yunnan,ccs,0.0,0.0,0.0,0.0,0.0,True
2060,P0156,Yunnan,biomass,1.0,2689319.9999999995,2.2052423999999995,2.2052423999999995,0.0,True
2060,P0156,Yunnan,beccs,0.0,0.0,0.0,0.0,0.0,True
2060,P0156,Yunnan,ammonia,0.0,0.0,0.0,0.0,0.0,True
2060,P0157,Guizhou,unabated,0.0,0.0,0.0,0.0,0.0,True
2060,P0157,Guizhou,retire,0.0,0.0,0.0,0.0,0.0,True
2060,P0157,Guizhou,ccs,0.0,0.0,0.0,0.0,0.0,True
2060,P0157,Guizhou,biomass,1.0,24495036.0,20.08592952,20.08592952,0.0,True
2060,P0157,Guizhou,beccs,0.0,0.0,0.0,0.0,0.0,True
2060,P0157,Guizhou,ammonia,0.0,0.0,0.0,0.0,0.0,True
2060,P0158,Guangxi,unabated,0.0,0.0,0.0,0.0,0.0,True
2060,P0158,Guangxi,retire,0.0,0.0,0.0,0.0,0.0,True
2060,P0158,Guangxi,ccs,0.0,0.0,0.0,0.0,0.0,True
2060,P0158,Guangxi,biomass,0.07364996707731132,537612.721928694,0.44084243198152906,0.44084243198152906,0.0,True
2060,P0158,Guangxi,beccs,0.9263500329226891,6761952.278071309,5.5448008680184735,10.5351216492351,5.356277638505844,True
2060,P0158,Guangxi,ammonia,0.0,0.0,0.0,0.0,0.0,True
2060,P0159,Fujian,unabated,0.0,0.0,0.0,0.0,0.0,True
2060,P0159,Fujian,retire,0.0,0.0,0.0,0.0,0.0,True
2060,P0159,Fujian,ccs,0.0,0.0,0.0,0.0,0.0,True
2060,P0159,Fujian,biomass,0.0,0.0,0.0,0.0,0.0,True
2060,P0159,Fujian,beccs,1.0,17480341.999999996,14.333880439999996,27.23437283599999,13.846528505039995,True
2060,P0159,Fujian,ammonia,0.0,0.0,0.0,0.0,0.0,True
2060,P0160,Hubei,unabated,0.0,0.0,0.0,0.0,0.0,True
2060,P0160,Hubei,retire,0.0,0.0,0.0,0.0,0.0,True
2060,P0160,Hubei,ccs,0.0,0.0,0.0,0.0,0.0,True
2060,P0160,Hubei,biomass,0.0,0.0,0.0,0.0,0.0,True
2060,P0160,Hubei,beccs,1.0,16573231.999999998,13.590050239999998,25.821095455999995,13.127988531839998,True
2060,P0160,Hubei,ammonia,0.0,0.0,0.0,0.0,0.0,True
2060,P0161,Zhejiang,unabated,0.0,0.0,0.0,0.0,0.0,True
2060,P0161,Zhejiang,retire,0.0,0.0,0.0,0.0,0.0,True
2060,P0161,Zhejiang,ccs,0.0,0.0,0.0,0.0,0.0,True
2060,P0161,Zhejiang,biomass,0.0,0.0,0.0,0.0,0.0,True
2060,P0161,Zhejiang,beccs,1.0,2629267.5,2.15599935,4.096398765,2.0826953721,True
2060,P0161,Zhejiang,ammonia,0.0,0.0,0.0,0.0,0.0,True
2060,P0162,Shandong,unabated,0.0,0.0,0.0,0.0,0.0,True
2060,P0162,Shandong,retire,0.0,0.0,0.0,0.0,0.0,True
2060,P0162,Shandong,ccs,0.0,0.0,0.0,0.0,0.0,True
2060,P0162,Shandong,biomass,1.0,5974707.0,4.899259739999999,4.899259739999999,0.0,True
2060,P0162,Shandong,beccs,0.0,0.0,0.0,0.0,0.0,True
2060,P0162,Shandong,ammonia,0.0,0.0,0.0,0.0,0.0,True
2060,P0163,Hebei,unabated,0.0,0.0,0.0,0.0,0.0,True
2060,P0163,Hebei,retire,0.0,0.0,0.0,0.0,0.0,True
2060,P0163,Hebei,ccs,0.0,0.0,0.0,0.0,0.0,True
2060,P0163,Hebei,biomass,1.0,11583260.0,9.4982732,9.4982732,0.0,True
2060,P0163,Hebei,beccs,0.0,0.0,0.0,0.0,0.0,True
2060,P0163,Hebei,ammonia,0.0,0.0,0.0,0.0,0.0,True
2060,P0164,Hunan,unabated,0.0,0.0,0.0,0.0,0.0,True
2060,P0164,Hunan,retire,0.0,0.0,0.0,0.0,0.0,True
2060,P0164,Hunan,ccs,0.0,0.0,0.0,0.0,0.0,True
2060,P0164,Hunan,biomass,1.0,12502080.0,10.2517056,10.2517056,0.0,True
2060,P0164,Hunan,beccs,0.0,0.0,0.0,0.0,0.0,True
2060,P0164,Hunan,ammonia,0.0,0.0,0.0,0.0,0.0,True
2060,P0165,Hebei,unabated,0.0,0.0,0.0,0.0,0.0,True
2060,P0165,Hebei,retire,1.0,5346120.0,4.383818399999999,4.383818399999999,0.0,True
2060,P0165,Hebei,ccs,0.0,0.0,0.0,0.0,0.0,True
2060,P0165,Hebei,biomass,0.0,0.0,0.0,0.0,0.0,True
2060,P0165,Hebei,beccs,0.0,0.0,0.0,0.0,0.0,True
2060,P0165,Hebei,ammonia,0.0,0.0,0.0,0.0,0.0,True
2060,P0166,Guangxi,unabated,0.0,0.0,0.0,0.0,0.0,True
2060,P0166,Guangxi,retire,0.0,0.0,0.0,0.0,0.0,True
2060,P0166,Guangxi,ccs,0.0,0.0,0.0,0.0,0.0,True
2060,P0166,Guangxi,biomass,1.0,8807344.0,7.2220220799999995,7.2220220799999995,0.0,True
2060,P0166,Guangxi,beccs,0.0,0.0,0.0,0.0,0.0,True
2060,P0166,Guangxi,ammonia,0.0,0.0,0.0,0.0,0.0,True
2060,P0167,Shandong,unabated,0.0,0.0,0.0,0.0,0.0,True
2060,P0167,Shandong,retire,1.0,52621032.60000001,43.14924673200001,43.14924673200001,0.0,True
2060,P0167,Shandong,ccs,0.0,0.0,0.0,0.0,0.0,True
2060,P0167,Shandong,biomass,0.0,0.0,0.0,0.0,0.0,True
2060,P0167,Shandong,beccs,0.0,0.0,0.0,0.0,0.0,True
2060,P0167,Shandong,ammonia,0.0,0.0,0.0,0.0,0.0,True
2060,P0168,Xinjiang,unabated,0.0,0.0,0.0,0.0,0.0,True
2060,P0168,Xinjiang,retire,0.0,0.0,0.0,0.0,0.0,True
2060,P0168,Xinjiang,ccs,0.0,0.0,0.0,0.0,0.0,True
2060,P0168,Xinjiang,biomass,0.0,0.0,0.0,0.0,0.0,True
2060,P0168,Xinjiang,beccs,1.0,8555543.999999998,7.015546079999998,13.329537551999996,7.2610901927999985,True
2060,P0168,Xinjiang,ammonia,0.0,0.0,0.0,0.0,0.0,True
2060,P0169,Guizhou,unabated,0.0,0.0,0.0,0.0,0.0,True
2060,P0169,Guizhou,retire,0.0,0.0,0.0,0.0,0.0,True
2060,P0169,Guizhou,ccs,0.0,0.0,0.0,0.0,0.0,True
2060,P0169,Guizhou,biomass,1.0,7120650.0,5.838933,5.838933,0.0,True
2060,P0169,Guizhou,beccs,0.0,0.0,0.0,0.0,0.0,True
2060,P0169,Guizhou,ammonia,0.0,0.0,0.0,0.0,0.0,True
2060,P0170,Shandong,unabated,0.0,0.0,0.0,0.0,0.0,True
2060,P0170,Shandong,retire,1.0,33013527.000000004,27.07109214,27.07109214,0.0,True
2060,P0170,Shandong,ccs,0.0,0.0,0.0,0.0,0.0,True
2060,P0170,Shandong,biomass,0.0,0.0,0.0,0.0,0.0,True
2060,P0170,Shandong,beccs,0.0,0.0,0.0,0.0,0.0,True
2060,P0170,Shandong,ammonia,0.0,0.0,0.0,0.0,0.0,True
2060,P0171,Shaanxi,unabated,0.0,0.0,0.0,0.0,0.0,True
2060,P0171,Shaanxi,retire,1.0,15202300.0,12.465886,12.465886,0.0,True
2060,P0171,Shaanxi,ccs,0.0,0.0,0.0,0.0,0.0,True
2060,P0171,Shaanxi,biomass,0.0,0.0,0.0,0.0,0.0,True
2060,P0171,Shaanxi,beccs,0.0,0.0,0.0,0.0,0.0,True
2060,P0171,Shaanxi,ammonia,0.0,0.0,0.0,0.0,0.0,True
2060,P0172,Sichuan,unabated,0.0,0.0,0.0,0.0,0.0,True
2060,P0172,Sichuan,retire,0.0,0.0,0.0,0.0,0.0,True
2060,P0172,Sichuan,ccs,0.0,0.0,0.0,0.0,0.0,True
2060,P0172,Sichuan,biomass,0.0,0.0,0.0,0.0,0.0,True
2060,P0172,Sichuan,beccs,1.0,16288263.999999998,13.356376479999998,25.377115311999994,12.902259679679995,True
2060,P0172,Sichuan,ammonia,0.0,0.0,0.0,0.0,0.0,True
2060,P0173,Ningxia,unabated,0.0,0.0,0.0,0.0,0.0,True
2060,P0173,Ningxia,retire,1.0,26644024.0,21.84809968,21.84809968,0.0,True
2060,P0173,Ningxia,ccs,0.0,0.0,0.0,0.0,0.0,True
2060,P0173,Ningxia,biomass,0.0,0.0,0.0,0.0,0.0,True
2060,P0173,Ningxia,beccs,0.0,0.0,0.0,0.0,0.0,True
2060,P0173,Ningxia,ammonia,0.0,0.0,0.0,0.0,0.0,True
2060,P0174,Shanxi,unabated,0.0,0.0,0.0,0.0,0.0,True
2060,P0174,Shanxi,retire,1.0,37452655.0,30.711177099999997,30.711177099999997,0.0,True
2060,P0174,Shanxi,ccs,0.0,0.0,0.0,0.0,0.0,True
2060,P0174,Shanxi,biomass,0.0,0.0,0.0,0.0,0.0,True
2060,P0174,Shanxi,beccs,0.0,0.0,0.0,0.0,0.0,True
2060,P0174,Shanxi,ammonia,0.0,0.0,0.0,0.0,0.0,True
2060,P0175,Guizhou,unabated,0.0,0.0,0.0,0.0,0.0,True
2060,P0175,Guizhou,retire,0.0,0.0,0.0,0.0,0.0,True
2060,P0175,Guizhou,ccs,0.0,0.0,0.0,0.0,0.0,True
2060,P0175,Guizhou,biomass,1.0,8544780.0,7.006719599999999,7.006719599999999,0.0,True
2060,P0175,Guizhou,beccs,0.0,0.0,0.0,0.0,0.0,True
2060,P0175,Guizhou,ammonia,0.0,0.0,0.0,0.0,0.0,True
2060,P0176,Hubei,unabated,0.0,0.0,0.0,0.0,0.0,True
2060,P0176,Hubei,retire,0.0,0.0,0.0,0.0,0.0,True
2060,P0176,Hubei,ccs,0.0,0.0,0.0,0.0,0.0,True
2060,P0176,Hubei,biomass,0.5601601302474521,9871769.194566479,8.094850739544512,8.094850739544512,0.0,True
2060,P0176,Hubei,beccs,0.4398398697525481,7751350.805433525,6.35610766045549,12.076604554865431,6.140000000000002,True
2060,P0176,Hubei,ammonia,0.0,0.0,0.0,0.0,0.0,True
2060,P0177,Jilin,unabated,0.0,0.0,0.0,0.0,0.0,True
2060,P0177,Jilin,retire,0.0,0.0,0.0,0.0,0.0,True
2060,P0177,Jilin,ccs,0.0,0.0,0.0,0.0,0.0,True
2060,P0177,Jilin,biomass,0.0,0.0,0.0,0.0,0.0,True
2060,P0177,Jilin,beccs,1.0,7460084.0,6.11726888,11.622810872,5.909281738079999,True
2060,P0177,Jilin,ammonia,0.0,0.0,0.0,0.0,0.0,True
2060,P0178,Shaanxi,unabated,0.0,0.0,0.0,0.0,0.0,True
2060,P0178,Shaanxi,retire,0.0,0.0,0.0,0.0,0.0,True
2060,P0178,Shaanxi,ccs,0.0,0.0,0.0,0.0,0.0,True
2060,P0178,Shaanxi,biomass,0.0,0.0,0.0,0.0,0.0,True
2060,P0178,Shaanxi,beccs,1.0,6353200.0,5.209624,9.8982856,5.391960839999999,True
2060,P0178,Shaanxi,ammonia,0.0,0.0,0.0,0.0,0.0,True
2060,P0179,Fujian,unabated,0.0,0.0,0.0,0.0,0.0,True
2060,P0179,Fujian,retire,1.0,32038749.999999996,26.271774999999995,26.271774999999995,0.0,True
2060,P0179,Fujian,ccs,0.0,0.0,0.0,0.0,0.0,True
2060,P0179,Fujian,biomass,0.0,0.0,0.0,0.0,0.0,True
2060,P0179,Fujian,beccs,0.0,0.0,0.0,0.0,0.0,True
2060,P0179,Fujian,ammonia,0.0,0.0,0.0,0.0,0.0,True
2060,P0180,Inner Mongolia,unabated,0.0,0.0,0.0,0.0,0.0,True
2060,P0180,Inner Mongolia,retire,1.0,7547250.0,6.188745,6.188745,0.0,True
2060,P0180,Inner Mongolia,ccs,0.0,0.0,0.0,0.0,0.0,True
2060,P0180,Inner Mongolia,biomass,0.0,0.0,0.0,0.0,0.0,True
2060,P0180,Inner Mongolia,beccs,0.0,0.0,0.0,0.0,0.0,True
2060,P0180,Inner Mongolia,ammonia,0.0,0.0,0.0,0.0,0.0,True
2060,P0181,Xinjiang,unabated,0.0,0.0,0.0,0.0,0.0,True
2060,P0181,Xinjiang,retire,0.0,0.0,0.0,0.0,0.0,True
2060,P0181,Xinjiang,ccs,1.0,22999625.999999996,18.859693319999998,16.973723988,18.218463747119994,True
2060,P0181,Xinjiang,biomass,0.0,0.0,0.0,0.0,0.0,True
2060,P0181,Xinjiang,beccs,0.0,0.0,0.0,0.0,0.0,True
2060,P0181,Xinjiang,ammonia,0.0,0.0,0.0,0.0,0.0,True
2060,P0182,Jiangxi,unabated,0.0,0.0,0.0,0.0,0.0,True
2060,P0182,Jiangxi,retire,0.0,0.0,0.0,0.0,0.0,True
2060,P0182,Jiangxi,ccs,0.0,0.0,0.0,0.0,0.0,True
2060,P0182,Jiangxi,biomass,1.0,27707083.2,22.719808224,22.719808224,0.0,True
2060,P0182,Jiangxi,beccs,0.0,0.0,0.0,0.0,0.0,True
2060,P0182,Jiangxi,ammonia,0.0,0.0,0.0,0.0,0.0,True
2060,P0183,Xinjiang,unabated,0.0,0.0,0.0,0.0,0.0,True
2060,P0183,Xinjiang,retire,0.0,0.0,0.0,0.0,0.0,True
2060,P0183,Xinjiang,ccs,0.0,0.0,0.0,0.0,0.0,True
2060,P0183,Xinjiang,biomass,1.0,1425923.9999999998,1.1692576799999996,1.1692576799999996,0.0,True
2060,P0183,Xinjiang,beccs,0.0,0.0,0.0,0.0,0.0,True
2060,P0183,Xinjiang,ammonia,0.0,0.0,0.0,0.0,0.0,True
2060,P0184,Shandong,unabated,0.0,0.0,0.0,0.0,0.0,True
2060,P0184,Shandong,retire,0.0,0.0,0.0,0.0,0.0,True
2060,P0184,Shandong,ccs,0.0,0.0,0.0,0.0,0.0,True
2060,P0184,Shandong,biomass,0.0,0.0,0.0,0.0,0.0,True
2060,P0184,Shandong,beccs,1.0,28303539.000000004,23.20890198,44.096913762,22.41979931268,True
2060,P0184,Shandong,ammonia,0.0,0.0,0.0,0.0,0.0,True
2060,P0185,Guizhou,unabated,0.0,0.0,0.0,0.0,0.0,True
2060,P0185,Guizhou,retire,0.0,0.0,0.0,0.0,0.0,True
2060,P0185,Guizhou,ccs,0.0,0.0,0.0,0.0,0.0,True
2060,P0185,Guizhou,biomass,1.0,7120650.0,5.838933,5.838933,0.0,True
2060,P0185,Guizhou,beccs,0.0,0.0,0.0,0.0,0.0,True
2060,P0185,Guizhou,ammonia,0.0,0.0,0.0,0.0,0.0,True
2060,P0186,Ningxia,unabated,0.0,0.0,0.0,0.0,0.0,True
2060,P0186,Ningxia,retire,0.19110050569428927,4607216.293215351,3.7779173604365877,3.7779173604365877,0.0,True
2060,P0186,Ningxia,ccs,0.0,0.0,0.0,0.0,0.0,True
2060,P0186,Ningxia,biomass,0.0,0.0,0.0,0.0,0.0,True
2060,P0186,Ningxia,beccs,0.8088994943057107,19501648.706784647,15.99135193956341,30.383568685170474,15.447645973618249,True
2060,P0186,Ningxia,ammonia,0.0,0.0,0.0,0.0,0.0,True
2060,P0187,Inner Mongolia,unabated,0.0,0.0,0.0,0.0,0.0,True
2060,P0187,Inner Mongolia,retire,0.0,0.0,0.0,0.0,0.0,True
2060,P0187,Inner Mongolia,ccs,0.0,0.0,0.0,0.0,0.0,True
2060,P0187,Inner Mongolia,biomass,0.0,0.0,0.0,0.0,0.0,True
2060,P0187,Inner Mongolia,beccs,1.0,1006300.0,0.825166,1.5678153999999997,0.8540468099999999,True
2060,P0187,Inner Mongolia,ammonia,0.0,0.0,0.0,0.0,0.0,True
2060,P0188,Xinjiang,unabated,0.0,0.0,0.0,0.0,0.0,True
2060,P0188,Xinjiang,retire,0.0,0.0,0.0,0.0,0.0,True
2060,P0188,Xinjiang,ccs,1.0,21124800.0,17.322336,15.590102400000001,17.928617759999998,True
2060,P0188,Xinjiang,biomass,0.0,0.0,0.0,0.0,0.0,True
2060,P0188,Xinjiang,beccs,0.0,0.0,0.0,0.0,0.0,True
2060,P0188,Xinjiang,ammonia,0.0,0.0,0.0,0.0,0.0,True
2060,P0189,Yunnan,unabated,0.0,0.0,0.0,0.0,0.0,True
2060,P0189,Yunnan,retire,0.0,0.0,0.0,0.0,0.0,True
2060,P0189,Yunnan,ccs,0.0,0.0,0.0,0.0,0.0,True
2060,P0189,Yunnan,biomass,1.0,4482200.0,3.675404,3.675404,0.0,True
2060,P0189,Yunnan,beccs,0.0,0.0,0.0,0.0,0.0,True
2060,P0189,Yunnan,ammonia,0.0,0.0,0.0,0.0,0.0,True
2060,P0190,Jiangsu,unabated,0.0,0.0,0.0,0.0,0.0,True
2060,P0190,Jiangsu,retire,0.0,0.0,0.0,0.0,0.0,True
2060,P0190,Jiangsu,ccs,0.0,0.0,0.0,0.0,0.0,True
2060,P0190,Jiangsu,biomass,0.0,0.0,0.0,0.0,0.0,True
2060,P0190,Jiangsu,beccs,1.0,11234720.0,9.2124704,17.50369376,8.8992464064,True
2060,P0190,Jiangsu,ammonia,0.0,0.0,0.0,0.0,0.0,True
2060,P0191,Hunan,unabated,0.0,0.0,0.0,0.0,0.0,True
2060,P0191,Hunan,retire,0.0,0.0,0.0,0.0,0.0,True
2060,P0191,Hunan,ccs,0.0,0.0,0.0,0.0,0.0,True
2060,P0191,Hunan,biomass,1.0,8204490.0,6.7276818,6.7276818,0.0,True
2060,P0191,Hunan,beccs,0.0,0.0,0.0,0.0,0.0,True
2060,P0191,Hunan,ammonia,0.0,0.0,0.0,0.0,0.0,True
2060,P0192,Shaanxi,unabated,0.0,0.0,0.0,0.0,0.0,True
2060,P0192,Shaanxi,retire,0.0,0.0,0.0,0.0,0.0,True
2060,P0192,Shaanxi,ccs,0.0,0.0,0.0,0.0,0.0,True
2060,P0192,Shaanxi,biomass,0.0,0.0,0.0,0.0,0.0,True
2060,P0192,Shaanxi,beccs,1.0,15519960.0,12.726367199999999,24.180097679999996,12.293670715199998,True
2060,P0192,Shaanxi,ammonia,0.0,0.0,0.0,0.0,0.0,True
2060,P0193,Guangxi,unabated,0.0,0.0,0.0,0.0,0.0,True
2060,P0193,Guangxi,retire,0.0,0.0,0.0,0.0,0.0,True
2060,P0193,Guangxi,ccs,0.0,0.0,0.0,0.0,0.0,True
2060,P0193,Guangxi,biomass,0.0,0.0,0.0,0.0,0.0,True
2060,P0193,Guangxi,beccs,1.0,6557642.0,5.37726644,10.216806235999998,5.194439381039999,True
2060,P0193,Guangxi,ammonia,0.0,0.0,0.0,0.0,0.0,True
2060,P0194,Shaanxi,unabated,0.0,0.0,0.0,0.0,0.0,True
2060,P0194,Shaanxi,retire,0.0,0.0,0.0,0.0,0.0,True
2060,P0194,Shaanxi,ccs,0.0,0.0,0.0,0.0,0.0,True
2060,P0194,Shaanxi,biomass,1.0,2995080.0,2.4559655999999994,2.4559655999999994,0.0,True
2060,P0194,Shaanxi,beccs,0.0,0.0,0.0,0.0,0.0,True
2060,P0194,Shaanxi,ammonia,0.0,0.0,0.0,0.0,0.0,True
2060,P0195,Sichuan,unabated,0.0,0.0,0.0,0.0,0.0,True
2060,P0195,Sichuan,retire,0.0,0.0,0.0,0.0,0.0,True
2060,P0195,Sichuan,ccs,0.0,0.0,0.0,0.0,0.0,True
2060,P0195,Sichuan,biomass,1.0,2997839.9999999995,2.458228799999999,2.458228799999999,0.0,True
2060,P0195,Sichuan,beccs,0.0,0.0,0.0,0.0,0.0,True
2060,P0195,Sichuan,ammonia,0.0,0.0,0.0,0.0,0.0,True
2060,P0196,Xinjiang,unabated,0.0,0.0,0.0,0.0,0.0,True
2060,P0196,Xinjiang,retire,0.0,0.0,0.0,0.0,0.0,True
2060,P0196,Xinjiang,ccs,0.0,0.0,0.0,0.0,0.0,True
2060,P0196,Xinjiang,biomass,1.0,633743.9999999999,0.5196700799999999,0.5196700799999999,0.0,True
2060,P0196,Xinjiang,beccs,0.0,0.0,0.0,0.0,0.0,True
2060,P0196,Xinjiang,ammonia,0.0,0.0,0.0,0.0,0.0,True
2060,P0197,Fujian,unabated,0.0,0.0,0.0,0.0,0.0,True
2060,P0197,Fujian,retire,0.0,0.0,0.0,0.0,0.0,True
2060,P0197,Fujian,ccs,0.0,0.0,0.0,0.0,0.0,True
2060,P0197,Fujian,biomass,0.0,0.0,0.0,0.0,0.0,True
2060,P0197,Fujian,beccs,1.0,6766584.0,5.54859888,10.542337872,5.359946518079999,True
2060,P0197,Fujian,ammonia,0.0,0.0,0.0,0.0,0.0,True
2060,P0198,Gansu,unabated,0.0,0.0,0.0,0.0,0.0,True
2060,P0198,Gansu,retire,0.0,0.0,0.0,0.0,0.0,True
2060,P0198,Gansu,ccs,0.0,0.0,0.0,0.0,0.0,True
2060,P0198,Gansu,biomass,0.0,0.0,0.0,0.0,0.0,True
2060,P0198,Gansu,beccs,1.0,2765136.0,2.26741152,4.308081888,2.19031952832,True
2060,P0198,Gansu,ammonia,0.0,0.0,0.0,0.0,0.0,True
2060,P0199,Inner Mongolia,unabated,0.0,0.0,0.0,0.0,0.0,True
2060,P0199,Inner Mongolia,retire,0.0,0.0,0.0,0.0,0.0,True
2060,P0199,Inner Mongolia,ccs,0.0,0.0,0.0,0.0,0.0,True
2060,P0199,Inner Mongolia,biomass,1.0,1308190.0,1.0727158,1.0727158,0.0,True
2060,P0199,Inner Mongolia,beccs,0.0,0.0,0.0,0.0,0.0,True
2060,P0199,Inner Mongolia,ammonia,0.0,0.0,0.0,0.0,0.0,True
2060,P0200,Xinjiang,unabated,0.0,0.0,0.0,0.0,0.0,True
2060,P0200,Xinjiang,retire,0.0,0.0,0.0,0.0,0.0,True
2060,P0200,Xinjiang,ccs,0.4624852423865359,4933803.665425381,4.045719005648812,3.641147105083931,3.9081645594567513,True
2060,P0200,Xinjiang,biomass,0.0,0.0,0.0,0.0,0.0,True
2060,P0200,Xinjiang,beccs,0.5375147576134649,5734220.334574625,4.702060674351192,8.933915281267264,4.54219061142325,True
2060,P0200,Xinjiang,ammonia,0.0,0.0,0.0,0.0,0.0,True
2060,P0201,Heilongjiang,unabated,0.0,0.0,0.0,0.0,0.0,True
2060,P0201,Heilongjiang,retire,0.0,0.0,0.0,0.0,0.0,True
2060,P0201,Heilongjiang,ccs,0.0,0.0,0.0,0.0,0.0,True
2060,P0201,Heilongjiang,biomass,0.0,0.0,0.0,0.0,0.0,True
2060,P0201,Heilongjiang,beccs,1.0,2434950.0000000005,1.9966590000000002,3.7936521,1.928772594,True
2060,P0201,Heilongjiang,ammonia,0.0,0.0,0.0,0.0,0.0,True
2060,P0202,Jiangxi,unabated,0.0,0.0,0.0,0.0,0.0,True
2060,P0202,Jiangxi,retire,0.0,0.0,0.0,0.0,0.0,True
2060,P0202,Jiangxi,ccs,0.0,0.0,0.0,0.0,0.0,True
2060,P0202,Jiangxi,biomass,1.0,9151488.0,7.504220159999999,7.504220159999999,0.0,True
2060,P0202,Jiangxi,beccs,0.0,0.0,0.0,0.0,0.0,True
2060,P0202,Jiangxi,ammonia,0.0,0.0,0.0,0.0,0.0,True
2060,P0203,Inner Mongolia,unabated,0.0,0.0,0.0,0.0,0.0,True
2060,P0203,Inner Mongolia,retire,0.0,0.0,0.0,0.0,0.0,True
2060,P0203,Inner Mongolia,ccs,0.23536199545422115,1598702.2381726834,1.3109358353016003,1.1798422517714404,1.2663640169013455,True
2060,P0203,Inner Mongolia,biomass,0.0,0.0,0.0,0.0,0.0,True
2060,P0203,Inner Mongolia,beccs,0.7646380045457907,5193822.761827396,4.258934664698465,8.091975862927084,4.114130886098716,True
2060,P0203,Inner Mongolia,ammonia,0.0,0.0,0.0,0.0,0.0,True
2060,P0204,Heilongjiang,unabated,0.0,0.0,0.0,0.0,0.0,True
2060,P0204,Heilongjiang,retire,0.0,0.0,0.0,0.0,0.0,True
2060,P0204,Heilongjiang,ccs,0.0,0.0,0.0,0.0,0.0,True
2060,P0204,Heilongjiang,biomass,0.0,0.0,0.0,0.0,0.0,True
2060,P0204,Heilongjiang,beccs,1.0,2434950.0000000005,1.9966590000000002,3.7936521,1.928772594,True
2060,P0204,Heilongjiang,ammonia,0.0,0.0,0.0,0.0,0.0,True
2060,P0205,Inner Mongolia,unabated,0.0,0.0,0.0,0.0,0.0,True
2060,P0205,Inner Mongolia,retire,0.0,0.0,0.0,0.0,0.0,True
2060,P0205,Inner Mongolia,ccs,0.0,0.0,0.0,0.0,0.0,True
2060,P0205,Inner Mongolia,biomass,0.0,0.0,0.0,0.0,0.0,True
2060,P0205,Inner Mongolia,beccs,1.0,3018899.9999999995,2.4754979999999995,4.703446199999999,2.391331067999999,True
2060,P0205,Inner Mongolia,ammonia,0.0,0.0,0.0,0.0,0.0,True
2060,P0206,Hubei,unabated,0.0,0.0,0.0,0.0,0.0,True
2060,P0206,Hubei,retire,0.0,0.0,0.0,0.0,0.0,True
2060,P0206,Hubei,ccs,0.0,0.0,0.0,0.0,0.0,True
2060,P0206,Hubei,biomass,1.0,3937080.0,3.2284055999999994,3.2284055999999994,0.0,True
2060,P0206,Hubei,beccs,0.0,0.0,0.0,0.0,0.0,True
2060,P0206,Hubei,ammonia,0.0,0.0,0.0,0.0,0.0,True
2060,P0207,Xinjiang,unabated,0.0,0.0,0.0,0.0,0.0,True
2060,P0207,Xinjiang,retire,0.0,0.0,0.0,0.0,0.0,True
2060,P0207,Xinjiang,ccs,1.0,47530800.0,38.975256,35.0777304,37.650097296,True
2060,P0207,Xinjiang,biomass,0.0,0.0,0.0,0.0,0.0,True
2060,P0207,Xinjiang,beccs,0.0,0.0,0.0,0.0,0.0,True
2060,P0207,Xinjiang,ammonia,0.0,0.0,0.0,0.0,0.0,True
2060,P0208,Sichuan,unabated,0.0,0.0,0.0,0.0,0.0,True
2060,P0208,Sichuan,retire,0.0,0.0,0.0,0.0,0.0,True
2060,P0208,Sichuan,ccs,0.0,0.0,0.0,0.0,0.0,True
2060,P0208,Sichuan,biomass,1.0,1648811.9999999998,1.3520258399999996,1.3520258399999996,0.0,True
2060,P0208,Sichuan,beccs,0.0,0.0,0.0,0.0,0.0,True
2060,P0208,Sichuan,ammonia,0.0,0.0,0.0,0.0,0.0,True
2060,P0209,Zhejiang,unabated,0.0,0.0,0.0,0.0,0.0,True
2060,P0209,Zhejiang,retire,0.0,0.0,0.0,0.0,0.0,True
2060,P0209,Zhejiang,ccs,0.0,0.0,0.0,0.0,0.0,True
2060,P0209,Zhejiang,biomass,0.0,0.0,0.0,0.0,0.0,True
2060,P0209,Zhejiang,beccs,1.0,13284720.000000002,10.8934704,20.69759376,10.523092406399998,True
2060,P0209,Zhejiang,ammonia,0.0,0.0,0.0,0.0,0.0,True
2060,P0210,Anhui,unabated,0.0,0.0,0.0,0.0,0.0,True
2060,P0210,Anhui,retire,0.0,0.0,0.0,0.0,0.0,True
2060,P0210,Anhui,ccs,0.0,0.0,0.0,0.0,0.0,True
2060,P0210,Anhui,biomass,1.0,6708372.000000001,5.50086504,5.50086504,0.0,True
2060,P0210,Anhui,beccs,0.0,0.0,0.0,0.0,0.0,True
2060,P0210,Anhui,ammonia,0.0,0.0,0.0,0.0,0.0,True
2060,P0211,Henan,unabated,0.0,0.0,0.0,0.0,0.0,True
2060,P0211,Henan,retire,0.0,0.0,0.0,0.0,0.0,True
2060,P0211,Henan,ccs,0.0,0.0,0.0,0.0,0.0,True
2060,P0211,Henan,biomass,1.0,4535496.0,3.7191067199999996,3.7191067199999996,0.0,True
2060,P0211,Henan,beccs,0.0,0.0,0.0,0.0,0.0,True
2060,P0211,Henan,ammonia,0.0,0.0,0.0,0.0,0.0,True
2060,P0212,Gansu,unabated,0.0,0.0,0.0,0.0,0.0,True
2060,P0212,Gansu,retire,1.0,11102440.0,9.1040008,9.1040008,0.0,True
2060,P0212,Gansu,ccs,0.0,0.0,0.0,0.0,0.0,True
2060,P0212,Gansu,biomass,0.0,0.0,0.0,0.0,0.0,True
2060,P0212,Gansu,beccs,0.0,0.0,0.0,0.0,0.0,True
2060,P0212,Gansu,ammonia,0.0,0.0,0.0,0.0,0.0,True
2060,P0213,Hubei,unabated,0.0,0.0,0.0,0.0,0.0,True
2060,P0213,Hubei,retire,0.0,0.0,0.0,0.0,0.0,True
2060,P0213,Hubei,ccs,0.0,0.0,0.0,0.0,0.0,True
2060,P0213,Hubei,biomass,1.0,13761032.0,11.28404624,11.28404624,0.0,True
2060,P0213,Hubei,beccs,0.0,0.0,0.0,0.0,0.0,True
2060,P0213,Hubei,ammonia,0.0,0.0,0.0,0.0,0.0,True
2060,P0214,Xinjiang,unabated,0.0,0.0,0.0,0.0,0.0,True
2060,P0214,Xinjiang,retire,0.0,0.0,0.0,0.0,0.0,True
2060,P0214,Xinjiang,ccs,1.0,5096358.0,4.17901356,3.761112204,4.036927098959999,True
2060,P0214,Xinjiang,biomass,0.0,0.0,0.0,0.0,0.0,True
2060,P0214,Xinjiang,beccs,0.0,0.0,0.0,0.0,0.0,True
2060,P0214,Xinjiang,ammonia,0.0,0.0,0.0,0.0,0.0,True
2060,P0215,Hebei,unabated,0.0,0.0,0.0,0.0,0.0,True
2060,P0215,Hebei,retire,0.0,0.0,0.0,0.0,0.0,True
2060,P0215,Hebei,ccs,0.0,0.0,0.0,0.0,0.0,True
2060,P0215,Hebei,biomass,1.0,5880732.000000001,4.82220024,4.82220024,0.0,True
2060,P0215,Hebei,beccs,0.0,0.0,0.0,0.0,0.0,True
2060,P0215,Hebei,ammonia,0.0,0.0,0.0,0.0,0.0,True
2060,P0216,Heilongjiang,unabated,0.0,0.0,0.0,0.0,0.0,True
2060,P0216,Heilongjiang,retire,0.0,0.0,0.0,0.0,0.0,True
2060,P0216,Heilongjiang,ccs,0.0,0.0,0.0,0.0,0.0,True
2060,P0216,Heilongjiang,biomass,1.0,347850.0,0.285237,0.285237,0.0,True
2060,P0216,Heilongjiang,beccs,0.0,0.0,0.0,0.0,0.0,True
2060,P0216,Heilongjiang,ammonia,0.0,0.0,0.0,0.0,0.0,True
2060,P0217,Hainan,unabated,0.0,0.0,0.0,0.0,0.0,True
2060,P0217,Hainan,retire,0.0,0.0,0.0,0.0,0.0,True
2060,P0217,Hainan,ccs,0.0,0.0,0.0,0.0,0.0,True
2060,P0217,Hainan,biomass,0.0,0.0,0.0,0.0,0.0,True
2060,P0217,Hainan,beccs,1.0,1509270.0,1.2376014,2.35144266,1.1955229524,True
2060,P0217,Hainan,ammonia,0.0,0.0,0.0,0.0,0.0,True
2060,P0218,Hubei,unabated,0.0,0.0,0.0,0.0,0.0,True
2060,P0218,Hubei,retire,0.0,0.0,0.0,0.0,0.0,True
2060,P0218,Hubei,ccs,0.0,0.0,0.0,0.0,0.0,True
2060,P0218,Hubei,biomass,1.0,7424207.999999999,6.087850559999999,6.087850559999999,0.0,True
2060,P0218,Hubei,beccs,0.0,0.0,0.0,0.0,0.0,True
2060,P0218,Hubei,ammonia,0.0,0.0,0.0,0.0,0.0,True
2060,P0219,Jilin,unabated,0.0,0.0,0.0,0.0,0.0,True
2060,P0219,Jilin,retire,0.0,0.0,0.0,0.0,0.0,True
2060,P0219,Jilin,ccs,0.0,0.0,0.0,0.0,0.0,True
2060,P0219,Jilin,biomass,0.0,0.0,0.0,0.0,0.0,True
2060,P0219,Jilin,beccs,1.0,2933334.0,2.4053338799999997,4.570134371999999,2.323552528079999,True
2060,P0219,Jilin,ammonia,0.0,0.0,0.0,0.0,0.0,True
2060,P0220,Hebei,unabated,0.0,0.0,0.0,0.0,0.0,True
2060,P0220,Hebei,retire,0.0,0.0,0.0,0.0,0.0,True
2060,P0220,Hebei,ccs,0.0,0.0,0.0,0.0,0.0,True
2060,P0220,Hebei,biomass,1.0,5880732.000000001,4.82220024,4.82220024,0.0,True
2060,P0220,Hebei,beccs,0.0,0.0,0.0,0.0,0.0,True
2060,P0220,Hebei,ammonia,0.0,0.0,0.0,0.0,0.0,True
2060,P0221,Gansu,unabated,0.0,0.0,0.0,0.0,0.0,True
2060,P0221,Gansu,retire,0.0,0.0,0.0,0.0,0.0,True
2060,P0221,Gansu,ccs,0.0,0.0,0.0,0.0,0.0,True
2060,P0221,Gansu,biomass,0.0,0.0,0.0,0.0,0.0,True
2060,P0221,Gansu,beccs,1.0,17303048.0,14.18849936,26.958148784,13.706090381759997,True
2060,P0221,Gansu,ammonia,0.0,0.0,0.0,0.0,0.0,True
2060,P0222,Jiangxi,unabated,0.0,0.0,0.0,0.0,0.0,True
2060,P0222,Jiangxi,retire,0.0,0.0,0.0,0.0,0.0,True
2060,P0222,Jiangxi,ccs,0.0,0.0,0.0,0.0,0.0,True
2060,P0222,Jiangxi,biomass,1.0,19065600.0,15.633791999999998,15.633791999999998,0.0,True
2060,P0222,Jiangxi,beccs,0.0,0.0,0.0,0.0,0.0,True
2060,P0222,Jiangxi,ammonia,0.0,0.0,0.0,0.0,0.0,True
2060,P0223,Anhui,unabated,0.0,0.0,0.0,0.0,0.0,True
2060,P0223,Anhui,retire,1.0,32652492.500000004,26.775043850000003,26.775043850000003,0.0,True
2060,P0223,Anhui,ccs,0.0,0.0,0.0,0.0,0.0,True
2060,P0223,Anhui,biomass,0.0,0.0,0.0,0.0,0.0,True
2060,P0223,Anhui,beccs,0.0,0.0,0.0,0.0,0.0,True
2060,P0223,Anhui,ammonia,0.0,0.0,0.0,0.0,0.0,True
2060,P0224,Xinjiang,unabated,0.0,0.0,0.0,0.0,0.0,True
2060,P0224,Xinjiang,retire,0.0,0.0,0.0,0.0,0.0,True
2060,P0224,Xinjiang,ccs,0.0,0.0,0.0,0.0,0.0,True
2060,P0224,Xinjiang,biomass,0.0,0.0,0.0,0.0,0.0,True
2060,P0224,Xinjiang,beccs,1.0,5809319.999999999,4.763642399999998,9.050920559999996,4.601678558399998,True
2060,P0224,Xinjiang,ammonia,0.0,0.0,0.0,0.0,0.0,True
2060,P0225,Heilongjiang,unabated,0.0,0.0,0.0,0.0,0.0,True
2060,P0225,Heilongjiang,retire,0.0,0.0,0.0,0.0,0.0,True
2060,P0225,Heilongjiang,ccs,0.0,0.0,0.0,0.0,0.0,True
2060,P0225,Heilongjiang,biomass,1.0,4174200.0,3.422844,3.422844,0.0,True
2060,P0225,Heilongjiang,beccs,0.0,0.0,0.0,0.0,0.0,True
2060,P0225,Heilongjiang,ammonia,0.0,0.0,0.0,0.0,0.0,True
2060,P0226,Anhui,unabated,0.0,0.0,0.0,0.0,0.0,True
2060,P0226,Anhui,retire,0.0,0.0,0.0,0.0,0.0,True
2060,P0226,Anhui,ccs,0.0,0.0,0.0,0.0,0.0,True
2060,P0226,Anhui,biomass,1.0,13416744.000000002,11.00173008,11.00173008,0.0,True
2060,P0226,Anhui,beccs,0.0,0.0,0.0,0.0,0.0,True
2060,P0226,Anhui,ammonia,0.0,0.0,0.0,0.0,0.0,True
2060,P0227,Shanxi,unabated,0.0,0.0,0.0,0.0,0.0,True
2060,P0227,Shanxi,retire,0.0,0.0,0.0,0.0,0.0,True
2060,P0227,Shanxi,ccs,0.0,0.0,0.0,0.0,0.0,True
2060,P0227,Shanxi,biomass,0.0,0.0,0.0,0.0,0.0,True
2060,P0227,Shanxi,beccs,1.0,17129150.0,14.045903,26.687215699999996,13.568342298,True
2060,P0227,Shanxi,ammonia,0.0,0.0,0.0,0.0,0.0,True
2060,P0228,Liaoning,unabated,0.0,0.0,0.0,0.0,0.0,True
2060,P0228,Liaoning,retire,0.0,0.0,0.0,0.0,0.0,True
2060,P0228,Liaoning,ccs,0.0,0.0,0.0,0.0,0.0,True
2060,P0228,Liaoning,biomass,0.16296534846346325,606367.9871767926,0.4972217494849698,0.4972217494849698,0.0,True
2060,P0228,Liaoning,beccs,0.8370346515365397,3114472.012823218,2.5538670505150383,4.852347395978573,2.4670355707975267,True
2060,P0228,Liaoning,ammonia,0.0,0.0,0.0,0.0,0.0,True
2060,P0229,Henan,unabated,0.0,0.0,0.0,0.0,0.0,True
2060,P0229,Henan,retire,0.01984590188183044,266461.16038361145,0.21849815151456137,0.21849815151456137,0.0,True
2060,P0229,Henan,ccs,0.0,0.0,0.0,0.0,0.0,True
2060,P0229,Henan,biomass,0.9801540981181696,13160046.839616388,10.791238408485437,10.791238408485437,0.0,True
2060,P0229,Henan,beccs,0.0,0.0,0.0,0.0,0.0,True
2060,P0229,Henan,ammonia,0.0,0.0,0.0,0.0,0.0,True
2060,P0230,Inner Mongolia,unabated,0.0,0.0,0.0,0.0,0.0,True
2060,P0230,Inner Mongolia,retire,0.0,0.0,0.0,0.0,0.0,True
2060,P0230,Inner Mongolia,ccs,1.0,6641580.0,5.4460956,4.90148604,5.636708945999999,True
2060,P0230,Inner Mongolia,biomass,0.0,0.0,0.0,0.0,0.0,True
2060,P0230,Inner Mongolia,beccs,0.0,0.0,0.0,0.0,0.0,True
2060,P0230,Inner Mongolia,ammonia,0.0,0.0,0.0,0.0,0.0,True
2060,P0231,Fujian,unabated,0.0,0.0,0.0,0.0,0.0,True
2060,P0231,Fujian,retire,0.0,0.0,0.0,0.0,0.0,True
2060,P0231,Fujian,ccs,0.0,0.0,0.0,0.0,0.0,True
2060,P0231,Fujian,biomass,1.0,6151440.0,5.0441807999999995,5.0441807999999995,0.0,True
2060,P0231,Fujian,beccs,0.0,0.0,0.0,0.0,0.0,True
2060,P0231,Fujian,ammonia,0.0,0.0,0.0,0.0,0.0,True
2060,P0232,Inner Mongolia,unabated,0.0,0.0,0.0,0.0,0.0,True
2060,P0232,Inner Mongolia,retire,0.0,0.0,0.0,0.0,0.0,True
2060,P0232,Inner Mongolia,ccs,0.0,0.0,0.0,0.0,0.0,True
2060,P0232,Inner Mongolia,biomass,0.0,0.0,0.0,0.0,0.0,True
2060,P0232,Inner Mongolia,beccs,1.0,6037799.999999999,4.950995999999999,9.406892399999998,4.782662135999998,True
2060,P0232,Inner Mongolia,ammonia,0.0,0.0,0.0,0.0,0.0,True
2060,P0233,Xinjiang,unabated,0.0,0.0,0.0,0.0,0.0,True
2060,P0233,Xinjiang,retire,0.0,0.0,0.0,0.0,0.0,True
2060,P0233,Xinjiang,ccs,0.0,0.0,0.0,0.0,0.0,True
2060,P0233,Xinjiang,biomass,0.0,0.0,0.0,0.0,0.0,True
2060,P0233,Xinjiang,beccs,1.0,3168719.9999999995,2.5983503999999993,4.936865759999998,2.510006486399999,True
2060,P0233,Xinjiang,ammonia,0.0,0.0,0.0,0.0,0.0,True
2060,P0234,Hunan,unabated,0.0,0.0,0.0,0.0,0.0,True
2060,P0234,Hunan,retire,0.0,0.0,0.0,0.0,0.0,True
2060,P0234,Hunan,ccs,0.0,0.0,0.0,0.0,0.0,True
2060,P0234,Hunan,biomass,1.0,234414.0,0.19221947999999997,0.19221947999999997,0.0,True
2060,P0234,Hunan,beccs,0.0,0.0,0.0,0.0,0.0,True
2060,P0234,Hunan,ammonia,0.0,0.0,0.0,0.0,0.0,True
2060,P0235,Inner Mongolia,unabated,0.0,0.0,0.0,0.0,0.0,True
2060,P0235,Inner Mongolia,retire,1.0,13283160.0,10.8921912,10.8921912,0.0,True
2060,P0235,Inner Mongolia,ccs,0.0,0.0,0.0,0.0,0.0,True
2060,P0235,Inner Mongolia,biomass,0.0,0.0,0.0,0.0,0.0,True
2060,P0235,Inner Mongolia,beccs,0.0,0.0,0.0,0.0,0.0,True
2060,P0235,Inner Mongolia,ammonia,0.0,0.0,0.0,0.0,0.0,True
2060,P0236,Henan,unabated,0.0,0.0,0.0,0.0,0.0,True
2060,P0236,Henan,retire,1.0,19185868.0,15.73241176,15.73241176,0.0,True
2060,P0236,Henan,ccs,0.0,0.0,0.0,0.0,0.0,True
2060,P0236,Henan,biomass,0.0,0.0,0.0,0.0,0.0,True
2060,P0236,Henan,beccs,0.0,0.0,0.0,0.0,0.0,True
2060,P0236,Henan,ammonia,0.0,0.0,0.0,0.0,0.0,True
2060,P0237,Jiangxi,unabated,0.0,0.0,0.0,0.0,0.0,True
2060,P0237,Jiangxi,retire,0.0,0.0,0.0,0.0,0.0,True
2060,P0237,Jiangxi,ccs,0.0,0.0,0.0,0.0,0.0,True
2060,P0237,Jiangxi,biomass,1.0,12869280.0,10.5528096,10.5528096,0.0,True
2060,P0237,Jiangxi,beccs,0.0,0.0,0.0,0.0,0.0,True
2060,P0237,Jiangxi,ammonia,0.0,0.0,0.0,0.0,0.0,True
2060,P0238,Sichuan,unabated,0.0,0.0,0.0,0.0,0.0,True
2060,P0238,Sichuan,retire,0.0,0.0,0.0,0.0,0.0,True
2060,P0238,Sichuan,ccs,0.0,0.0,0.0,0.0,0.0,True
2060,P0238,Sichuan,biomass,0.0,0.0,0.0,0.0,0.0,True
2060,P0238,Sichuan,beccs,1.0,9992799.999999998,8.194095999999998,15.568782399999996,8.480889359999997,True
2060,P0238,Sichuan,ammonia,0.0,0.0,0.0,0.0,0.0,True
2060,P0239,Guizhou,unabated,0.0,0.0,0.0,0.0,0.0,True
2060,P0239,Guizhou,retire,0.0,0.0,0.0,0.0,0.0,True
2060,P0239,Guizhou,ccs,0.0,0.0,0.0,0.0,0.0,True
2060,P0239,Guizhou,biomass,1.0,17659212.0,14.48055384,14.48055384,0.0,True
2060,P0239,Guizhou,beccs,0.0,0.0,0.0,0.0,0.0,True
2060,P0239,Guizhou,ammonia,0.0,0.0,0.0,0.0,0.0,True
2060,P0240,Guangdong,unabated,0.0,0.0,0.0,0.0,0.0,True
2060,P0240,Guangdong,retire,0.0,0.0,0.0,0.0,0.0,True
2060,P0240,Guangdong,ccs,0.0,0.0,0.0,0.0,0.0,True
2060,P0240,Guangdong,biomass,0.0,0.0,0.0,0.0,0.0,True
2060,P0240,Guangdong,beccs,1.0,9663400.0,7.923987999999999,15.055577199999997,7.654572407999996,True
2060,P0240,Guangdong,ammonia,0.0,0.0,0.0,0.0,0.0,True
2060,P0241,Guangxi,unabated,0.0,0.0,0.0,0.0,0.0,True
2060,P0241,Guangxi,retire,0.0,0.0,0.0,0.0,0.0,True
2060,P0241,Guangxi,ccs,0.0,0.0,0.0,0.0,0.0,True
2060,P0241,Guangxi,biomass,0.0,0.0,0.0,0.0,0.0,True
2060,P0241,Guangxi,beccs,1.0,3350620.0,2.7475084,5.22026596,2.843671194,True
2060,P0241,Guangxi,ammonia,0.0,0.0,0.0,0.0,0.0,True
2060,P0242,Xinjiang,unabated,0.0,0.0,0.0,0.0,0.0,True
2060,P0242,Xinjiang,retire,0.0,0.0,0.0,0.0,0.0,True
2060,P0242,Xinjiang,ccs,1.0,27884735.999999996,22.865483519999994,20.578935167999994,23.66577544319999,True
2060,P0242,Xinjiang,biomass,0.0,0.0,0.0,0.0,0.0,True
2060,P0242,Xinjiang,beccs,0.0,0.0,0.0,0.0,0.0,True
2060,P0242,Xinjiang,ammonia,0.0,0.0,0.0,0.0,0.0,True
2060,P0243,Anhui,unabated,0.0,0.0,0.0,0.0,0.0,True
2060,P0243,Anhui,retire,1.0,124308166.00000001,101.93269612,101.93269612,0.0,True
2060,P0243,Anhui,ccs,0.0,0.0,0.0,0.0,0.0,True
2060,P0243,Anhui,biomass,0.0,0.0,0.0,0.0,0.0,True
2060,P0243,Anhui,beccs,0.0,0.0,0.0,0.0,0.0,True
2060,P0243,Anhui,ammonia,0.0,0.0,0.0,0.0,0.0,True
2060,P0244,Gansu,unabated,0.0,0.0,0.0,0.0,0.0,True
2060,P0244,Gansu,retire,1.0,15124456.000000002,12.40205392,12.40205392,0.0,True
2060,P0244,Gansu,ccs,0.0,0.0,0.0,0.0,0.0,True
2060,P0244,Gansu,biomass,0.0,0.0,0.0,0.0,0.0,True
2060,P0244,Gansu,beccs,0.0,0.0,0.0,0.0,0.0,True
2060,P0244,Gansu,ammonia,0.0,0.0,0.0,0.0,0.0,True
2060,P0245,Hubei,unabated,0.0,0.0,0.0,0.0,0.0,True
2060,P0245,Hubei,retire,0.0,0.0,0.0,0.0,0.0,True
2060,P0245,Hubei,ccs,0.0,0.0,0.0,0.0,0.0,True
2060,P0245,Hubei,biomass,1.0,7247976.799999999,5.943340975999999,5.943340975999999,0.0,True
2060,P0245,Hubei,beccs,0.0,0.0,0.0,0.0,0.0,True
2060,P0245,Hubei,ammonia,0.0,0.0,0.0,0.0,0.0,True
2060,P0246,Inner Mongolia,unabated,0.0,0.0,0.0,0.0,0.0,True
2060,P0246,Inner Mongolia,retire,1.0,41107355.0,33.7080311,33.7080311,0.0,True
2060,P0246,Inner Mongolia,ccs,0.0,0.0,0.0,0.0,0.0,True
2060,P0246,Inner Mongolia,biomass,0.0,0.0,0.0,0.0,0.0,True
2060,P0246,Inner Mongolia,beccs,0.0,0.0,0.0,0.0,0.0,True
2060,P0246,Inner Mongolia,ammonia,0.0,0.0,0.0,0.0,0.0,True
2060,P0247,Shandong,unabated,0.0,0.0,0.0,0.0,0.0,True
2060,P0247,Shandong,retire,1.0,8983866.0,7.366770119999999,7.366770119999999,0.0,True
2060,P0247,Shandong,ccs,0.0,0.0,0.0,0.0,0.0,True
2060,P0247,Shandong,biomass,0.0,0.0,0.0,0.0,0.0,True
2060,P0247,Shandong,beccs,0.0,0.0,0.0,0.0,0.0,True
2060,P0247,Shandong,ammonia,0.0,0.0,0.0,0.0,0.0,True
2060,P0248,Henan,unabated,0.0,0.0,0.0,0.0,0.0,True
2060,P0248,Henan,retire,0.0,0.0,0.0,0.0,0.0,True
2060,P0248,Henan,ccs,0.0,0.0,0.0,0.0,0.0,True
2060,P0248,Henan,biomass,1.0,30200644.0,24.764528079999998,24.764528079999998,0.0,True
2060,P0248,Henan,beccs,0.0,0.0,0.0,0.0,0.0,True
2060,P0248,Henan,ammonia,0.0,0.0,0.0,0.0,0.0,True
2060,P0249,Gansu,unabated,0.0,0.0,0.0,0.0,0.0,True
2060,P0249,Gansu,retire,0.0,0.0,0.0,0.0,0.0,True
2060,P0249,Gansu,ccs,0.0,0.0,0.0,0.0,0.0,True
2060,P0249,Gansu,biomass,0.0,0.0,0.0,0.0,0.0,True
2060,P0249,Gansu,beccs,1.0,2513760.0000000005,2.0612832,3.91643808,1.9911995711999997,True
2060,P0249,Gansu,ammonia,0.0,0.0,0.0,0.0,0.0,True
2060,P0250,Gansu,unabated,0.0,0.0,0.0,0.0,0.0,True
2060,P0250,Gansu,retire,0.0,0.0,0.0,0.0,0.0,True
2060,P0250,Gansu,ccs,0.6883366997338904,1730313.2623230647,1.4188568751049129,1.2769711875944216,1.3706157413513456,True
2060,P0250,Gansu,biomass,0.0,0.0,0.0,0.0,0.0,True
2060,P0250,Gansu,beccs,0.31166330026611055,783446.7376769382,0.6424263248950892,1.2206100173006695,0.6205838298486561,True
2060,P0250,Gansu,ammonia,0.0,0.0,0.0,0.0,0.0,True
2060,P0251,Hebei,unabated,0.0,0.0,0.0,0.0,0.0,True
2060,P0251,Hebei,retire,0.0,0.0,0.0,0.0,0.0,True
2060,P0251,Hebei,ccs,0.0,0.0,0.0,0.0,0.0,True
2060,P0251,Hebei,biomass,0.9666625299333532,5856946.402464272,4.802696050020703,4.802696050020703,0.0,True
2060,P0251,Hebei,beccs,0.033337470066646,201989.5975357239,0.1656314699792936,0.3146997929606578,0.1599999999999976,True
2060,P0251,Hebei,ammonia,0.0,0.0,0.0,0.0,0.0,True
2060,P0252,Guangxi,unabated,0.0,0.0,0.0,0.0,0.0,True
2060,P0252,Guangxi,retire,0.0,0.0,0.0,0.0,0.0,True
2060,P0252,Guangxi,ccs,0.0,0.0,0.0,0.0,0.0,True
2060,P0252,Guangxi,biomass,0.0,0.0,0.0,0.0,0.0,True
2060,P0252,Guangxi,beccs,1.0,10003994.0,8.20327508,15.586222651999998,7.924363727279998,True
2060,P0252,Guangxi,ammonia,0.0,0.0,0.0,0.0,0.0,True
2060,P0253,Guangxi,unabated,0.0,0.0,0.0,0.0,0.0,True
2060,P0253,Guangxi,retire,0.0,0.0,0.0,0.0,0.0,True
2060,P0253,Guangxi,ccs,0.0,0.0,0.0,0.0,0.0,True
2060,P0253,Guangxi,biomass,1.0,5456724.0,4.474513679999999,4.474513679999999,0.0,True
2060,P0253,Guangxi,beccs,0.0,0.0,0.0,0.0,0.0,True
2060,P0253,Guangxi,ammonia,0.0,0.0,0.0,0.0,0.0,True
2060,P0254,Jiangxi,unabated,0.0,0.0,0.0,0.0,0.0,True
2060,P0254,Jiangxi,retire,0.0,0.0,0.0,0.0,0.0,True
2060,P0254,Jiangxi,ccs,0.0,0.0,0.0,0.0,0.0,True
2060,P0254,Jiangxi,biomass,1.0,6291647.999999999,5.159151359999998,5.159151359999998,0.0,True
2060,P0254,Jiangxi,beccs,0.0,0.0,0.0,0.0,0.0,True
2060,P0254,Jiangxi,ammonia,0.0,0.0,0.0,0.0,0.0,True
2060,P0255,Anhui,unabated,0.0,0.0,0.0,0.0,0.0,True
2060,P0255,Anhui,retire,0.0,0.0,0.0,0.0,0.0,True
2060,P0255,Anhui,ccs,0.0,0.0,0.0,0.0,0.0,True
2060,P0255,Anhui,biomass,1.0,25003932.0,20.503224239999998,20.503224239999998,0.0,True
2060,P0255,Anhui,beccs,0.0,0.0,0.0,0.0,0.0,True
2060,P0255,Anhui,ammonia,0.0,0.0,0.0,0.0,0.0,True
2060,P0256,Heilongjiang,unabated,0.0,0.0,0.0,0.0,0.0,True
2060,P0256,Heilongjiang,retire,0.0,0.0,0.0,0.0,0.0,True
2060,P0256,Heilongjiang,ccs,0.0,0.0,0.0,0.0,0.0,True
2060,P0256,Heilongjiang,biomass,0.0,0.0,0.0,0.0,0.0,True
2060,P0256,Heilongjiang,beccs,1.0,194796.0,0.15973272,0.30349216799999995,0.15430180751999997,True
2060,P0256,Heilongjiang,ammonia,0.0,0.0,0.0,0.0,0.0,True
2060,P0257,Inner Mongolia,unabated,0.0,0.0,0.0,0.0,0.0,True
2060,P0257,Inner Mongolia,retire,0.0,0.0,0.0,0.0,0.0,True
2060,P0257,Inner Mongolia,ccs,0.0,0.0,0.0,0.0,0.0,True
2060,P0257,Inner Mongolia,biomass,1.0,362267.99999999994,0.29705975999999995,0.29705975999999995,0.0,True
2060,P0257,Inner Mongolia,beccs,0.0,0.0,0.0,0.0,0.0,True
2060,P0257,Inner Mongolia,ammonia,0.0,0.0,0.0,0.0,0.0,True
2060,P0258,Xinjiang,unabated,0.0,0.0,0.0,0.0,0.0,True
2060,P0258,Xinjiang,retire,0.0,0.0,0.0,0.0,0.0,True
2060,P0258,Xinjiang,ccs,0.2027226657488495,749433.2596469767,0.6145352729105209,0.5530817456194688,0.5936410736315632,True
2060,P0258,Xinjiang,biomass,0.0,0.0,0.0,0.0,0.0,True
2060,P0258,Xinjiang,beccs,0.7972773342511514,2947406.7403530264,2.4168735270894817,4.592059701470014,2.3346998271684387,True
2060,P0258,Xinjiang,ammonia,0.0,0.0,0.0,0.0,0.0,True
2060,P0259,Guizhou,unabated,0.0,0.0,0.0,0.0,0.0,True
2060,P0259,Guizhou,retire,1.0,20792298.0,17.04968436,17.04968436,0.0,True
2060,P0259,Guizhou,ccs,0.0,0.0,0.0,0.0,0.0,True
2060,P0259,Guizhou,biomass,0.0,0.0,0.0,0.0,0.0,True
2060,P0259,Guizhou,beccs,0.0,0.0,0.0,0.0,0.0,True
2060,P0259,Guizhou,ammonia,0.0,0.0,0.0,0.0,0.0,True
2060,P0260,Ningxia,unabated,0.0,0.0,0.0,0.0,0.0,True
2060,P0260,Ningxia,retire,0.0,0.0,0.0,0.0,0.0,True
2060,P0260,Ningxia,ccs,0.0,0.0,0.0,0.0,0.0,True
2060,P0260,Ningxia,biomass,0.0,0.0,0.0,0.0,0.0,True
2060,P0260,Ningxia,beccs,1.0,13222594.0,10.84252708,20.600801452,10.473881159279998,True
2060,P0260,Ningxia,ammonia,0.0,0.0,0.0,0.0,0.0,True
2060,P0261,Xinjiang,unabated,0.0,0.0,0.0,0.0,0.0,True
2060,P0261,Xinjiang,retire,1.0,3696839.9999999995,3.0314087999999995,3.0314087999999995,0.0,True
2060,P0261,Xinjiang,ccs,0.0,0.0,0.0,0.0,0.0,True
2060,P0261,Xinjiang,biomass,0.0,0.0,0.0,0.0,0.0,True
2060,P0261,Xinjiang,beccs,0.0,0.0,0.0,0.0,0.0,True
2060,P0261,Xinjiang,ammonia,0.0,0.0,0.0,0.0,0.0,True
2060,P0262,Guizhou,unabated,0.0,0.0,0.0,0.0,0.0,True
2060,P0262,Guizhou,retire,0.0,0.0,0.0,0.0,0.0,True
2060,P0262,Guizhou,ccs,0.0,0.0,0.0,0.0,0.0,True
2060,P0262,Guizhou,biomass,1.0,5696520.0,4.6711464,4.6711464,0.0,True
2060,P0262,Guizhou,beccs,0.0,0.0,0.0,0.0,0.0,True
2060,P0262,Guizhou,ammonia,0.0,0.0,0.0,0.0,0.0,True
2060,P0263,Shaanxi,unabated,0.0,0.0,0.0,0.0,0.0,True
2060,P0263,Shaanxi,retire,0.0,0.0,0.0,0.0,0.0,True
2060,P0263,Shaanxi,ccs,0.0,0.0,0.0,0.0,0.0,True
2060,P0263,Shaanxi,biomass,1.0,3176600.0,2.604812,2.604812,0.0,True
2060,P0263,Shaanxi,beccs,0.0,0.0,0.0,0.0,0.0,True
2060,P0263,Shaanxi,ammonia,0.0,0.0,0.0,0.0,0.0,True
2060,P0264,Sichuan,unabated,0.0,0.0,0.0,0.0,0.0,True
2060,P0264,Sichuan,retire,0.0,0.0,0.0,0.0,0.0,True
2060,P0264,Sichuan,ccs,0.0,0.0,0.0,0.0,0.0,True
2060,P0264,Sichuan,biomass,0.0,0.0,0.0,0.0,0.0,True
2060,P0264,Sichuan,beccs,1.0,5995679.999999999,4.916457599999998,9.341269439999996,4.749298041599998,True
2060,P0264,Sichuan,ammonia,0.0,0.0,0.0,0.0,0.0,True
2060,P0265,Gansu,unabated,0.0,0.0,0.0,0.0,0.0,True
2060,P0265,Gansu,retire,0.0,0.0,0.0,0.0,0.0,True
2060,P0265,Gansu,ccs,0.0,0.0,0.0,0.0,0.0,True
2060,P0265,Gansu,biomass,0.0,0.0,0.0,0.0,0.0,True
2060,P0265,Gansu,beccs,1.0,2932720.0,2.4048304,4.56917776,2.3230661663999994,True
2060,P0265,Gansu,ammonia,0.0,0.0,0.0,0.0,0.0,True
2060,P0266,Heilongjiang,unabated,0.0,0.0,0.0,0.0,0.0,True
2060,P0266,Heilongjiang,retire,0.0,0.0,0.0,0.0,0.0,True
2060,P0266,Heilongjiang,ccs,0.0,0.0,0.0,0.0,0.0,True
2060,P0266,Heilongjiang,biomass,1.0,939195.0000000001,0.7701399,0.7701399,0.0,True
2060,P0266,Heilongjiang,beccs,0.0,0.0,0.0,0.0,0.0,True
2060,P0266,Heilongjiang,ammonia,0.0,0.0,0.0,0.0,0.0,True
2060,P0267,Hubei,unabated,0.0,0.0,0.0,0.0,0.0,True
2060,P0267,Hubei,retire,0.0,0.0,0.0,0.0,0.0,True
2060,P0267,Hubei,ccs,0.0,0.0,0.0,0.0,0.0,True
2060,P0267,Hubei,biomass,0.9225471156811375,16119791.218704248,13.218228799337483,13.218228799337483,0.0,True
2060,P0267,Hubei,beccs,0.07745288431886321,1353344.7812957643,1.1097427206625268,2.1085111692588008,1.0720114681600006,True
2060,P0267,Hubei,ammonia,0.0,0.0,0.0,0.0,0.0,True
2060,P0268,Inner Mongolia,unabated,0.0,0.0,0.0,0.0,0.0,True
2060,P0268,Inner Mongolia,retire,0.0,0.0,0.0,0.0,0.0,True
2060,P0268,Inner Mongolia,ccs,0.0,0.0,0.0,0.0,0.0,True
2060,P0268,Inner Mongolia,biomass,1.0,452835.0,0.37132469999999995,0.37132469999999995,0.0,True
2060,P0268,Inner Mongolia,beccs,0.0,0.0,0.0,0.0,0.0,True
2060,P0268,Inner Mongolia,ammonia,0.0,0.0,0.0,0.0,0.0,True
2060,P0269,Guangdong,unabated,0.0,0.0,0.0,0.0,0.0,True
2060,P0269,Guangdong,retire,1.0,77191239.2,63.296816144000005,63.296816144000005,0.0,True
2060,P0269,Guangdong,ccs,0.0,0.0,0.0,0.0,0.0,True
2060,P0269,Guangdong,biomass,0.0,0.0,0.0,0.0,0.0,True
2060,P0269,Guangdong,beccs,0.0,0.0,0.0,0.0,0.0,True
2060,P0269,Guangdong,ammonia,0.0,0.0,0.0,0.0,0.0,True
2060,P0270,Xinjiang,unabated,0.0,0.0,0.0,0.0,0.0,True
2060,P0270,Xinjiang,retire,0.29254542101696007,926994.5264848616,0.7601355117175864,0.7601355117175864,0.0,True
2060,P0270,Xinjiang,ccs,0.0,0.0,0.0,0.0,0.0,True
2060,P0270,Xinjiang,biomass,0.6994864720843661,2216476.7738231723,1.817510954535001,1.817510954535001,0.0,True
2060,P0270,Xinjiang,beccs,0.007968106898673872,25248.69969196587,0.020703933747412008,0.039337474120082816,0.02,True
2060,P0270,Xinjiang,ammonia,0.0,0.0,0.0,0.0,0.0,True
2060,P0271,Guangdong,unabated,0.0,0.0,0.0,0.0,0.0,True
2060,P0271,Guangdong,retire,0.0,0.0,0.0,0.0,0.0,True
2060,P0271,Guangdong,ccs,0.0,0.0,0.0,0.0,0.0,True
2060,P0271,Guangdong,biomass,1.0,2899020.0,2.3771964,2.3771964,0.0,True
2060,P0271,Guangdong,beccs,0.0,0.0,0.0,0.0,0.0,True
2060,P0271,Guangdong,ammonia,0.0,0.0,0.0,0.0,0.0,True
2060,P0272,Qinghai,unabated,0.0,0.0,0.0,0.0,0.0,True
2060,P0272,Qinghai,retire,0.044124001634124665,238624.3657974115,0.19567197995387745,0.19567197995387745,0.0,True
2060,P0272,Qinghai,ccs,0.9558759983658753,5169415.634202587,4.238920820046122,3.8150287380415095,4.387283048747736,True
2060,P0272,Qinghai,biomass,0.0,0.0,0.0,0.0,0.0,True
2060,P0272,Qinghai,beccs,0.0,0.0,0.0,0.0,0.0,True
2060,P0272,Qinghai,ammonia,0.0,0.0,0.0,0.0,0.0,True
2060,P0273,Fujian,unabated,0.0,0.0,0.0,0.0,0.0,True
2060,P0273,Fujian,retire,0.0,0.0,0.0,0.0,0.0,True
2060,P0273,Fujian,ccs,0.0,0.0,0.0,0.0,0.0,True
2060,P0273,Fujian,biomass,1.0,3075720.0,2.5220903999999997,2.5220903999999997,0.0,True
2060,P0273,Fujian,beccs,0.0,0.0,0.0,0.0,0.0,True
2060,P0273,Fujian,ammonia,0.0,0.0,0.0,0.0,0.0,True
2060,P0274,Hebei,unabated,0.0,0.0,0.0,0.0,0.0,True
2060,P0274,Hebei,retire,0.0,0.0,0.0,0.0,0.0,True
2060,P0274,Hebei,ccs,0.0,0.0,0.0,0.0,0.0,True
2060,P0274,Hebei,biomass,0.0,0.0,0.0,0.0,0.0,True
2060,P0274,Hebei,beccs,1.0,6237140.0,5.1144548,9.717464119999999,4.9405633367999995,True
2060,P0274,Hebei,ammonia,0.0,0.0,0.0,0.0,0.0,True
2060,P0275,Gansu,unabated,0.0,0.0,0.0,0.0,0.0,True
2060,P0275,Gansu,retire,1.0,15166352.000000002,12.43640864,12.43640864,0.0,True
2060,P0275,Gansu,ccs,0.0,0.0,0.0,0.0,0.0,True
2060,P0275,Gansu,biomass,0.0,0.0,0.0,0.0,0.0,True
2060,P0275,Gansu,beccs,0.0,0.0,0.0,0.0,0.0,True
2060,P0275,Gansu,ammonia,0.0,0.0,0.0,0.0,0.0,True
2060,P0276,Xinjiang,unabated,0.0,0.0,0.0,0.0,0.0,True
2060,P0276,Xinjiang,retire,0.0,0.0,0.0,0.0,0.0,True
2060,P0276,Xinjiang,ccs,1.0,3168719.9999999995,2.5983503999999993,2.3385153599999993,2.510006486399999,True
2060,P0276,Xinjiang,biomass,0.0,0.0,0.0,0.0,0.0,True
2060,P0276,Xinjiang,beccs,0.0,0.0,0.0,0.0,0.0,True
2060,P0276,Xinjiang,ammonia,0.0,0.0,0.0,0.0,0.0,True
2060,P0277,Guangxi,unabated,0.0,0.0,0.0,0.0,0.0,True
2060,P0277,Guangxi,retire,0.0,0.0,0.0,0.0,0.0,True
2060,P0277,Guangxi,ccs,0.0,0.0,0.0,0.0,0.0,True
2060,P0277,Guangxi,biomass,1.0,3350620.0,2.7475084,2.7475084,0.0,True
2060,P0277,Guangxi,beccs,0.0,0.0,0.0,0.0,0.0,True
2060,P0277,Guangxi,ammonia,0.0,0.0,0.0,0.0,0.0,True
2060,P0278,Inner Mongolia,unabated,0.0,0.0,0.0,0.0,0.0,True
2060,P0278,Inner Mongolia,retire,0.0,0.0,0.0,0.0,0.0,True
2060,P0278,Inner Mongolia,ccs,0.0,0.0,0.0,0.0,0.0,True
2060,P0278,Inner Mongolia,biomass,0.0,0.0,0.0,0.0,0.0,True
2060,P0278,Inner Mongolia,beccs,1.0,8151030.0,6.6838446,12.699304739999999,6.456593883599999,True
2060,P0278,Inner Mongolia,ammonia,0.0,0.0,0.0,0.0,0.0,True
2060,P0279,Guangxi,unabated,0.0,0.0,0.0,0.0,0.0,True
2060,P0279,Guangxi,retire,0.0,0.0,0.0,0.0,0.0,True
2060,P0279,Guangxi,ccs,0.0,0.0,0.0,0.0,0.0,True
2060,P0279,Guangxi,biomass,0.0,0.0,0.0,0.0,0.0,True
2060,P0279,Guangxi,beccs,1.0,5743920.0,4.7100143999999995,8.949027359999999,4.549873910399999,True
2060,P0279,Guangxi,ammonia,0.0,0.0,0.0,0.0,0.0,True
2060,P0280,Anhui,unabated,0.0,0.0,0.0,0.0,0.0,True
2060,P0280,Anhui,retire,0.0,0.0,0.0,0.0,0.0,True
2060,P0280,Anhui,ccs,0.0,0.0,0.0,0.0,0.0,True
2060,P0280,Anhui,biomass,1.0,6708372.000000001,5.50086504,5.50086504,0.0,True
2060,P0280,Anhui,beccs,0.0,0.0,0.0,0.0,0.0,True
2060,P0280,Anhui,ammonia,0.0,0.0,0.0,0.0,0.0,True
2060,P0281,Xinjiang,unabated,0.0,0.0,0.0,0.0,0.0,True
2060,P0281,Xinjiang,retire,0.0,0.0,0.0,0.0,0.0,True
2060,P0281,Xinjiang,ccs,0.01592208023356401,169857.13406158643,0.13928284993050086,0.12535456493745079,0.1345472330328638,True
2060,P0281,Xinjiang,biomass,0.0,0.0,0.0,0.0,0.0,True
2060,P0281,Xinjiang,beccs,0.9840779197664387,10498166.86593844,8.60849683006952,16.35614397713209,8.315807937847154,True
2060,P0281,Xinjiang,ammonia,0.0,0.0,0.0,0.0,0.0,True
2060,P0282,Shandong,unabated,0.0,0.0,0.0,0.0,0.0,True
2060,P0282,Shandong,retire,0.0,0.0,0.0,0.0,0.0,True
2060,P0282,Shandong,ccs,0.0,0.0,0.0,0.0,0.0,True
2060,P0282,Shandong,biomass,1.0,3532491.0000000005,2.89664262,2.89664262,0.0,True
2060,P0282,Shandong,beccs,0.0,0.0,0.0,0.0,0.0,True
2060,P0282,Shandong,ammonia,0.0,0.0,0.0,0.0,0.0,True
2060,P0283,Hubei,unabated,0.0,0.0,0.0,0.0,0.0,True
2060,P0283,Hubei,retire,0.0,0.0,0.0,0.0,0.0,True
2060,P0283,Hubei,ccs,0.0,0.0,0.0,0.0,0.0,True
2060,P0283,Hubei,biomass,1.0,4949472.0,4.05856704,4.05856704,0.0,True
2060,P0283,Hubei,beccs,0.0,0.0,0.0,0.0,0.0,True
2060,P0283,Hubei,ammonia,0.0,0.0,0.0,0.0,0.0,True
2060,P0284,Shandong,unabated,0.0,0.0,0.0,0.0,0.0,True
2060,P0284,Shandong,retire,1.0,38377680.00000001,31.469697600000003,31.469697600000003,0.0,True
2060,P0284,Shandong,ccs,0.0,0.0,0.0,0.0,0.0,True
2060,P0284,Shandong,biomass,0.0,0.0,0.0,0.0,0.0,True
2060,P0284,Shandong,beccs,0.0,0.0,0.0,0.0,0.0,True
2060,P0284,Shandong,ammonia,0.0,0.0,0.0,0.0,0.0,True
2060,P0285,Yunnan,unabated,0.0,0.0,0.0,0.0,0.0,True
2060,P0285,Yunnan,retire,0.0,0.0,0.0,0.0,0.0,True
2060,P0285,Yunnan,ccs,0.0,0.0,0.0,0.0,0.0,True
2060,P0285,Yunnan,biomass,1.0,5378639.999999999,4.410484799999999,4.410484799999999,0.0,True
2060,P0285,Yunnan,beccs,0.0,0.0,0.0,0.0,0.0,True
2060,P0285,Yunnan,ammonia,0.0,0.0,0.0,0.0,0.0,True
2060,P0286,Jiangxi,unabated,0.0,0.0,0.0,0.0,0.0,True
2060,P0286,Jiangxi,retire,0.0,0.0,0.0,0.0,0.0,True
2060,P0286,Jiangxi,ccs,0.0,0.0,0.0,0.0,0.0,True
2060,P0286,Jiangxi,biomass,1.0,7149600.0,5.862672,5.862672,0.0,True
2060,P0286,Jiangxi,beccs,0.0,0.0,0.0,0.0,0.0,True
2060,P0286,Jiangxi,ammonia,0.0,0.0,0.0,0.0,0.0,True
2060,P0287,Gansu,unabated,0.0,0.0,0.0,0.0,0.0,True
2060,P0287,Gansu,retire,1.0,5530272.0,4.53482304,4.53482304,0.0,True
2060,P0287,Gansu,ccs,0.0,0.0,0.0,0.0,0.0,True
2060,P0287,Gansu,biomass,0.0,0.0,0.0,0.0,0.0,True
2060,P0287,Gansu,beccs,0.0,0.0,0.0,0.0,0.0,True
2060,P0287,Gansu,ammonia,0.0,0.0,0.0,0.0,0.0,True
2060,P0288,Inner Mongolia,unabated,0.0,0.0,0.0,0.0,0.0,True
2060,P0288,Inner Mongolia,retire,1.0,6641580.0,5.4460956,5.4460956,0.0,True
2060,P0288,Inner Mongolia,ccs,0.0,0.0,0.0,0.0,0.0,True
2060,P0288,Inner Mongolia,biomass,0.0,0.0,0.0,0.0,0.0,True
2060,P0288,Inner Mongolia,beccs,0.0,0.0,0.0,0.0,0.0,True
2060,P0288,Inner Mongolia,ammonia,0.0,0.0,0.0,0.0,0.0,True
2060,P0289,Inner Mongolia,unabated,0.0,0.0,0.0,0.0,0.0,True
2060,P0289,Inner Mongolia,retire,0.0,0.0,0.0,0.0,0.0,True
2060,P0289,Inner Mongolia,ccs,0.0,0.0,0.0,0.0,0.0,True
2060,P0289,Inner Mongolia,biomass,0.0,0.0,0.0,0.0,0.0,True
2060,P0289,Inner Mongolia,beccs,1.0,2566065.0,2.1041733,3.9979292699999993,2.0326314077999994,True
2060,P0289,Inner Mongolia,ammonia,0.0,0.0,0.0,0.0,0.0,True
2060,P0290,Guizhou,unabated,0.0,0.0,0.0,0.0,0.0,True
2060,P0290,Guizhou,retire,0.0,0.0,0.0,0.0,0.0,True
2060,P0290,Guizhou,ccs,0.0,0.0,0.0,0.0,0.0,True
2060,P0290,Guizhou,biomass,1.0,8829606.0,7.24027692,7.24027692,0.0,True
2060,P0290,Guizhou,beccs,0.0,0.0,0.0,0.0,0.0,True
2060,P0290,Guizhou,ammonia,0.0,0.0,0.0,0.0,0.0,True
2060,P0291,Shanxi,unabated,0.0,0.0,0.0,0.0,0.0,True
2060,P0291,Shanxi,retire,0.0,0.0,0.0,0.0,0.0,True
2060,P0291,Shanxi,ccs,0.0,0.0,0.0,0.0,0.0,True
2060,P0291,Shanxi,biomass,0.0,0.0,0.0,0.0,0.0,True
2060,P0291,Shanxi,beccs,1.0,4490615.0,3.6823042999999998,6.996378169999999,3.557105953799999,True
2060,P0291,Shanxi,ammonia,0.0,0.0,0.0,0.0,0.0,True
2060,P0292,Chongqing,unabated,0.0,0.0,0.0,0.0,0.0,True
2060,P0292,Chongqing,retire,0.0,0.0,0.0,0.0,0.0,True
2060,P0292,Chongqing,ccs,0.0,0.0,0.0,0.0,0.0,True
2060,P0292,Chongqing,biomass,1.0,2876520.0,2.3587464,2.3587464,0.0,True
2060,P0292,Chongqing,beccs,0.0,0.0,0.0,0.0,0.0,True
2060,P0292,Chongqing,ammonia,0.0,0.0,0.0,0.0,0.0,True
2060,P0293,Chongqing,unabated,0.0,0.0,0.0,0.0,0.0,True
2060,P0293,Chongqing,retire,0.0,0.0,0.0,0.0,0.0,True
2060,P0293,Chongqing,ccs,0.0,0.0,0.0,0.0,0.0,True
2060,P0293,Chongqing,biomass,0.0,0.0,0.0,0.0,0.0,True
2060,P0293,Chongqing,beccs,1.0,958840.0,0.7862488,1.49387272,0.7595163407999999,True
2060,P0293,Chongqing,ammonia,0.0,0.0,0.0,0.0,0.0,True
2060,P0294,Jiangxi,unabated,0.0,0.0,0.0,0.0,0.0,True
2060,P0294,Jiangxi,retire,0.0,0.0,0.0,0.0,0.0,True
2060,P0294,Jiangxi,ccs,0.0,0.0,0.0,0.0,0.0,True
2060,P0294,Jiangxi,biomass,1.0,6291647.999999999,5.159151359999998,5.159151359999998,0.0,True
2060,P0294,Jiangxi,beccs,0.0,0.0,0.0,0.0,0.0,True
2060,P0294,Jiangxi,ammonia,0.0,0.0,0.0,0.0,0.0,True
2060,P0295,Guangdong,unabated,0.0,0.0,0.0,0.0,0.0,True
2060,P0295,Guangdong,retire,0.0,0.0,0.0,0.0,0.0,True
2060,P0295,Guangdong,ccs,0.0,0.0,0.0,0.0,0.0,True
2060,P0295,Guangdong,biomass,0.0,0.0,0.0,0.0,0.0,True
2060,P0295,Guangdong,beccs,1.0,14857477.5,12.183131549999999,23.147949944999997,11.768905077299998,True
2060,P0295,Guangdong,ammonia,0.0,0.0,0.0,0.0,0.0,True
2060,P0296,Henan,unabated,0.0,0.0,0.0,0.0,0.0,True
2060,P0296,Henan,retire,0.0,0.0,0.0,0.0,0.0,True
2060,P0296,Henan,ccs,0.0,0.0,0.0,0.0,0.0,True
2060,P0296,Henan,biomass,1.0,14182424.0,11.62958768,11.62958768,0.0,True
2060,P0296,Henan,beccs,0.0,0.0,0.0,0.0,0.0,True
2060,P0296,Henan,ammonia,0.0,0.0,0.0,0.0,0.0,True
2060,P0297,Jiangxi,unabated,0.0,0.0,0.0,0.0,0.0,True
2060,P0297,Jiangxi,retire,0.0,0.0,0.0,0.0,0.0,True
2060,P0297,Jiangxi,ccs,0.0,0.0,0.0,0.0,0.0,True
2060,P0297,Jiangxi,biomass,0.0,0.0,0.0,0.0,0.0,True
2060,P0297,Jiangxi,beccs,1.0,9532800.0,7.816895999999999,14.852102399999998,8.09048736,True
2060,P0297,Jiangxi,ammonia,0.0,0.0,0.0,0.0,0.0,True
2060,P0298,Xinjiang,unabated,0.0,0.0,0.0,0.0,0.0,True
2060,P0298,Xinjiang,retire,0.0,0.0,0.0,0.0,0.0,True
2060,P0298,Xinjiang,ccs,0.0,0.0,0.0,0.0,0.0,True
2060,P0298,Xinjiang,biomass,0.0,0.0,0.0,0.0,0.0,True
2060,P0298,Xinjiang,beccs,1.0,5281200.0,4.330584,8.2281096,4.183344144,True
2060,P0298,Xinjiang,ammonia,0.0,0.0,0.0,0.0,0.0,True
2060,P0299,Liaoning,unabated,0.0,0.0,0.0,0.0,0.0,True
2060,P0299,Liaoning,retire,0.0,0.0,0.0,0.0,0.0,True
2060,P0299,Liaoning,ccs,0.0,0.0,0.0,0.0,0.0,True
2060,P0299,Liaoning,biomass,1.0,1612363.9999999998,1.3221384799999998,1.3221384799999998,0.0,True
2060,P0299,Liaoning,beccs,0.0,0.0,0.0,0.0,0.0,True
2060,P0299,Liaoning,ammonia,0.0,0.0,0.0,0.0,0.0,True
2060,P0300,Guangxi,unabated,0.0,0.0,0.0,0.0,0.0,True
2060,P0300,Guangxi,retire,0.0,0.0,0.0,0.0,0.0,True
2060,P0300,Guangxi,ccs,0.0,0.0,0.0,0.0,0.0,True
2060,P0300,Guangxi,biomass,0.0,0.0,0.0,0.0,0.0,True
2060,P0300,Guangxi,beccs,1.0,6318312.0,5.18101584,9.843930096,5.362351394399999,True
2060,P0300,Guangxi,ammonia,0.0,0.0,0.0,0.0,0.0,True
2060,P0301,Jiangsu,unabated,0.0,0.0,0.0,0.0,0.0,True
2060,P0301,Jiangsu,retire,0.0,0.0,0.0,0.0,0.0,True
2060,P0301,Jiangsu,ccs,0.0,0.0,0.0,0.0,0.0,True
2060,P0301,Jiangsu,biomass,0.9555813370206494,306733.96453293227,0.2515218509170045,0.2515218509170045,0.0,True
2060,P0301,Jiangsu,beccs,0.04441866297935171,14258.035467068064,0.011691589082995814,0.022214019257692043,0.012100794700900664,True
2060,P0301,Jiangsu,ammonia,0.0,0.0,0.0,0.0,0.0,True
2060,P0302,Xinjiang,unabated,0.0,0.0,0.0,0.0,0.0,True
2060,P0302,Xinjiang,retire,0.9689486730326431,3582048.212413996,2.9372795341794764,2.9372795341794764,0.0,True
2060,P0302,Xinjiang,ccs,0.0,0.0,0.0,0.0,0.0,True
2060,P0302,Xinjiang,biomass,0.031051326967356904,114791.78758600369,0.09412926582052301,0.09412926582052301,0.0,True
2060,P0302,Xinjiang,beccs,0.0,0.0,0.0,0.0,0.0,True
2060,P0302,Xinjiang,ammonia,0.0,0.0,0.0,0.0,0.0,True
2060,P0303,Henan,unabated,0.0,0.0,0.0,0.0,0.0,True
2060,P0303,Henan,retire,0.0,0.0,0.0,0.0,0.0,True
2060,P0303,Henan,ccs,0.0,0.0,0.0,0.0,0.0,True
2060,P0303,Henan,biomass,1.0,4679480.0,3.8371735999999994,3.8371735999999994,0.0,True
2060,P0303,Henan,beccs,0.0,0.0,0.0,0.0,0.0,True
2060,P0303,Henan,ammonia,0.0,0.0,0.0,0.0,0.0,True
2060,P0304,Inner Mongolia,unabated,0.0,0.0,0.0,0.0,0.0,True
2060,P0304,Inner Mongolia,retire,0.8701784243840238,437830.27422882157,0.3590208248676337,0.3590208248676337,0.0,True
2060,P0304,Inner Mongolia,ccs,0.0,0.0,0.0,0.0,0.0,True
2060,P0304,Inner Mongolia,biomass,0.0,0.0,0.0,0.0,0.0,True
2060,P0304,Inner Mongolia,beccs,0.12982157561578161,65319.72577108052,0.053562175132286026,0.10176813275134343,0.05543685126191603,True
2060,P0304,Inner Mongolia,ammonia,0.0,0.0,0.0,0.0,0.0,True
2060,P0305,Inner Mongolia,unabated,0.0,0.0,0.0,0.0,0.0,True
2060,P0305,Inner Mongolia,retire,0.0,0.0,0.0,0.0,0.0,True
2060,P0305,Inner Mongolia,ccs,0.0,0.0,0.0,0.0,0.0,True
2060,P0305,Inner Mongolia,biomass,0.0,0.0,0.0,0.0,0.0,True
2060,P0305,Inner Mongolia,beccs,1.0,1509449.9999999998,1.2377489999999998,2.3517230999999996,1.1956655339999995,True
2060,P0305,Inner Mongolia,ammonia,0.0,0.0,0.0,0.0,0.0,True
2060,P0306,Inner Mongolia,unabated,0.0,0.0,0.0,0.0,0.0,True
2060,P0306,Inner Mongolia,retire,0.0,0.0,0.0,0.0,0.0,True
2060,P0306,Inner Mongolia,ccs,0.0,0.0,0.0,0.0,0.0,True
2060,P0306,Inner Mongolia,biomass,0.0,0.0,0.0,0.0,0.0,True
2060,P0306,Inner Mongolia,beccs,1.0,3320790.0,2.7230478,5.17379082,2.6304641747999993,True
2060,P0306,Inner Mongolia,ammonia,0.0,0.0,0.0,0.0,0.0,True
2060,P0307,Hunan,unabated,0.0,0.0,0.0,0.0,0.0,True
2060,P0307,Hunan,retire,0.0,0.0,0.0,0.0,0.0,True
2060,P0307,Hunan,ccs,0.0,0.0,0.0,0.0,0.0,True
2060,P0307,Hunan,biomass,1.0,15627600.0,12.814632,12.814632,0.0,True
2060,P0307,Hunan,beccs,0.0,0.0,0.0,0.0,0.0,True
2060,P0307,Hunan,ammonia,0.0,0.0,0.0,0.0,0.0,True
2060,P0308,Qinghai,unabated,0.0,0.0,0.0,0.0,0.0,True
2060,P0308,Qinghai,retire,0.0,0.0,0.0,0.0,0.0,True
2060,P0308,Qinghai,ccs,0.0,0.0,0.0,0.0,0.0,True
2060,P0308,Qinghai,biomass,0.0,0.0,0.0,0.0,0.0,True
2060,P0308,Qinghai,beccs,1.0,1106190.0,0.9070757999999999,1.7234440199999996,0.8762352227999997,True
2060,P0308,Qinghai,ammonia,0.0,0.0,0.0,0.0,0.0,True
2060,P0309,Inner Mongolia,unabated,0.0,0.0,0.0,0.0,0.0,True
2060,P0309,Inner Mongolia,retire,0.0,0.0,0.0,0.0,0.0,True
2060,P0309,Inner Mongolia,ccs,0.0,0.0,0.0,0.0,0.0,True
2060,P0309,Inner Mongolia,biomass,0.0,0.0,0.0,0.0,0.0,True
2060,P0309,Inner Mongolia,beccs,1.0,10063000.0,8.25166,15.678153999999997,7.971103559999997,True
2060,P0309,Inner Mongolia,ammonia,0.0,0.0,0.0,0.0,0.0,True
2060,P0310,Shaanxi,unabated,0.0,0.0,0.0,0.0,0.0,True
2060,P0310,Shaanxi,retire,0.0,0.0,0.0,0.0,0.0,True
2060,P0310,Shaanxi,ccs,0.0,0.0,0.0,0.0,0.0,True
2060,P0310,Shaanxi,biomass,1.0,11980320.0,9.823862399999998,9.823862399999998,0.0,True
2060,P0310,Shaanxi,beccs,0.0,0.0,0.0,0.0,0.0,True
2060,P0310,Shaanxi,ammonia,0.0,0.0,0.0,0.0,0.0,True
2060,P0311,Hunan,unabated,0.0,0.0,0.0,0.0,0.0,True
2060,P0311,Hunan,retire,0.0,0.0,0.0,0.0,0.0,True
2060,P0311,Hunan,ccs,0.0,0.0,0.0,0.0,0.0,True
2060,P0311,Hunan,biomass,1.0,5157108.0,4.228828559999999,4.228828559999999,0.0,True
2060,P0311,Hunan,beccs,0.0,0.0,0.0,0.0,0.0,True
2060,P0311,Hunan,ammonia,0.0,0.0,0.0,0.0,0.0,True
2060,P0312,Shanxi,unabated,0.0,0.0,0.0,0.0,0.0,True
2060,P0312,Shanxi,retire,0.0,0.0,0.0,0.0,0.0,True
2060,P0312,Shanxi,ccs,0.0,0.0,0.0,0.0,0.0,True
2060,P0312,Shanxi,biomass,0.0,0.0,0.0,0.0,0.0,True
2060,P0312,Shanxi,beccs,1.0,2777700.0,2.277714,4.3276566,2.2002717239999994,True
2060,P0312,Shanxi,ammonia,0.0,0.0,0.0,0.0,0.0,True
2060,P0313,Xinjiang,unabated,0.0,0.0,0.0,0.0,0.0,True
2060,P0313,Xinjiang,retire,0.0,0.0,0.0,0.0,0.0,True
2060,P0313,Xinjiang,ccs,0.48589039612844864,2052867.48802685,1.6833513401820168,1.5150162061638153,1.626117394615828,True
2060,P0313,Xinjiang,biomass,0.0,0.0,0.0,0.0,0.0,True
2060,P0313,Xinjiang,beccs,0.5141096038715514,2172092.511973149,1.7811158598179824,3.384120133654166,1.7205579205841703,True
2060,P0313,Xinjiang,ammonia,0.0,0.0,0.0,0.0,0.0,True
2060,P0314,Inner Mongolia,unabated,0.0,0.0,0.0,0.0,0.0,True
2060,P0314,Inner Mongolia,retire,0.0,0.0,0.0,0.0,0.0,True
2060,P0314,Inner Mongolia,ccs,0.0,0.0,0.0,0.0,0.0,True
2060,P0314,Inner Mongolia,biomass,0.0,0.0,0.0,0.0,0.0,True
2060,P0314,Inner Mongolia,beccs,1.0,6037799.999999999,4.950995999999999,9.406892399999998,4.782662135999998,True
2060,P0314,Inner Mongolia,ammonia,0.0,0.0,0.0,0.0,0.0,True
2060,P0315,Jiangxi,unabated,0.0,0.0,0.0,0.0,0.0,True
2060,P0315,Jiangxi,retire,1.0,22974048.0,18.83871936,18.83871936,0.0,True
2060,P0315,Jiangxi,ccs,0.0,0.0,0.0,0.0,0.0,True
2060,P0315,Jiangxi,biomass,0.0,0.0,0.0,0.0,0.0,True
2060,P0315,Jiangxi,beccs,0.0,0.0,0.0,0.0,0.0,True
2060,P0315,Jiangxi,ammonia,0.0,0.0,0.0,0.0,0.0,True
2060,P0316,Chongqing,unabated,0.0,0.0,0.0,0.0,0.0,True
2060,P0316,Chongqing,retire,0.0,0.0,0.0,0.0,0.0,True
2060,P0316,Chongqing,ccs,0.0,0.0,0.0,0.0,0.0,True
2060,P0316,Chongqing,biomass,1.0,5753040.0,4.7174928,4.7174928,0.0,True
2060,P0316,Chongqing,beccs,0.0,0.0,0.0,0.0,0.0,True
2060,P0316,Chongqing,ammonia,0.0,0.0,0.0,0.0,0.0,True
2060,P0317,Jiangsu,unabated,0.0,0.0,0.0,0.0,0.0,True
2060,P0317,Jiangsu,retire,0.0,0.0,0.0,0.0,0.0,True
2060,P0317,Jiangsu,ccs,0.0,0.0,0.0,0.0,0.0,True
2060,P0317,Jiangsu,biomass,0.0,0.0,0.0,0.0,0.0,True
2060,P0317,Jiangsu,beccs,1.0,6871235.0,5.6344126999999995,10.705384129999999,5.831617144499999,True
2060,P0317,Jiangsu,ammonia,0.0,0.0,0.0,0.0,0.0,True
2060,P0318,Jilin,unabated,0.0,0.0,0.0,0.0,0.0,True
2060,P0318,Jilin,retire,0.0,0.0,0.0,0.0,0.0,True
2060,P0318,Jilin,ccs,0.0,0.0,0.0,0.0,0.0,True
2060,P0318,Jilin,biomass,0.0,0.0,0.0,0.0,0.0,True
2060,P0318,Jilin,beccs,1.0,1991770.0000000002,1.6332514000000002,3.1031776600000005,1.5777208524,True
2060,P0318,Jilin,ammonia,0.0,0.0,0.0,0.0,0.0,True
2060,P0319,Inner Mongolia,unabated,0.0,0.0,0.0,0.0,0.0,True
2060,P0319,Inner Mongolia,retire,0.0,0.0,0.0,0.0,0.0,True
2060,P0319,Inner Mongolia,ccs,0.0,0.0,0.0,0.0,0.0,True
2060,P0319,Inner Mongolia,biomass,0.8308174748426638,2926180.6872696034,2.399468163561075,2.399468163561075,0.0,True
2060,P0319,Inner Mongolia,beccs,0.1691825251573367,595869.3127303977,0.48861283643892606,0.9283643892339596,0.4720000000000026,True
2060,P0319,Inner Mongolia,ammonia,0.0,0.0,0.0,0.0,0.0,True
2060,P0320,Guizhou,unabated,0.0,0.0,0.0,0.0,0.0,True
2060,P0320,Guizhou,retire,0.0,0.0,0.0,0.0,0.0,True
2060,P0320,Guizhou,ccs,0.0,0.0,0.0,0.0,0.0,True
2060,P0320,Guizhou,biomass,1.0,1424130.0,1.1677866,1.1677866,0.0,True
2060,P0320,Guizhou,beccs,0.0,0.0,0.0,0.0,0.0,True
2060,P0320,Guizhou,ammonia,0.0,0.0,0.0,0.0,0.0,True
2060,P0321,Jilin,unabated,0.0,0.0,0.0,0.0,0.0,True
2060,P0321,Jilin,retire,0.0,0.0,0.0,0.0,0.0,True
2060,P0321,Jilin,ccs,0.0,0.0,0.0,0.0,0.0,True
2060,P0321,Jilin,biomass,1.0,2390124.0000000005,1.9599016800000002,1.9599016800000002,0.0,True
2060,P0321,Jilin,beccs,0.0,0.0,0.0,0.0,0.0,True
2060,P0321,Jilin,ammonia,0.0,0.0,0.0,0.0,0.0,True
2060,P0322,Xinjiang,unabated,0.0,0.0,0.0,0.0,0.0,True
2060,P0322,Xinjiang,retire,1.0,3696839.9999999995,3.0314087999999995,3.0314087999999995,0.0,True
2060,P0322,Xinjiang,ccs,0.0,0.0,0.0,0.0,0.0,True
2060,P0322,Xinjiang,biomass,0.0,0.0,0.0,0.0,0.0,True
2060,P0322,Xinjiang,beccs,0.0,0.0,0.0,0.0,0.0,True
2060,P0322,Xinjiang,ammonia,0.0,0.0,0.0,0.0,0.0,True
2060,P0323,Henan,unabated,0.0,0.0,0.0,0.0,0.0,True
2060,P0323,Henan,retire,0.0,0.0,0.0,0.0,0.0,True
2060,P0323,Henan,ccs,0.0,0.0,0.0,0.0,0.0,True
2060,P0323,Henan,biomass,1.0,14398400.0,11.806688,11.806688,0.0,True
2060,P0323,Henan,beccs,0.0,0.0,0.0,0.0,0.0,True
2060,P0323,Henan,ammonia,0.0,0.0,0.0,0.0,0.0,True
2060,P0324,Shaanxi,unabated,0.0,0.0,0.0,0.0,0.0,True
2060,P0324,Shaanxi,retire,0.0,0.0,0.0,0.0,0.0,True
2060,P0324,Shaanxi,ccs,0.0,0.0,0.0,0.0,0.0,True
2060,P0324,Shaanxi,biomass,0.0,0.0,0.0,0.0,0.0,True
2060,P0324,Shaanxi,beccs,1.0,14430840.0,11.833288799999998,22.483248719999995,11.430956980799998,True
2060,P0324,Shaanxi,ammonia,0.0,0.0,0.0,0.0,0.0,True
2060,P0325,Zhejiang,unabated,0.0,0.0,0.0,0.0,0.0,True
2060,P0325,Zhejiang,retire,0.0,0.0,0.0,0.0,0.0,True
2060,P0325,Zhejiang,ccs,0.0,0.0,0.0,0.0,0.0,True
2060,P0325,Zhejiang,biomass,0.0,0.0,0.0,0.0,0.0,True
2060,P0325,Zhejiang,beccs,1.0,5529764.7,4.534407054,8.6153734026,4.380237214164,True
2060,P0325,Zhejiang,ammonia,0.0,0.0,0.0,0.0,0.0,True
2060,P0326,Zhejiang,unabated,0.0,0.0,0.0,0.0,0.0,True
2060,P0326,Zhejiang,retire,1.0,37944481.5,31.11447483,31.11447483,0.0,True
2060,P0326,Zhejiang,ccs,0.0,0.0,0.0,0.0,0.0,True
2060,P0326,Zhejiang,biomass,0.0,0.0,0.0,0.0,0.0,True
2060,P0326,Zhejiang,beccs,0.0,0.0,0.0,0.0,0.0,True
2060,P0326,Zhejiang,ammonia,0.0,0.0,0.0,0.0,0.0,True
2060,P0327,Chongqing,unabated,0.0,0.0,0.0,0.0,0.0,True
2060,P0327,Chongqing,retire,0.0,0.0,0.0,0.0,0.0,True
2060,P0327,Chongqing,ccs,0.0,0.0,0.0,0.0,0.0,True
2060,P0327,Chongqing,biomass,1.0,13711412.0,11.24335784,11.24335784,0.0,True
2060,P0327,Chongqing,beccs,0.0,0.0,0.0,0.0,0.0,True
2060,P0327,Chongqing,ammonia,0.0,0.0,0.0,0.0,0.0,True
2060,P0328,Inner Mongolia,unabated,0.0,0.0,0.0,0.0,0.0,True
2060,P0328,Inner Mongolia,retire,0.0,0.0,0.0,0.0,0.0,True
2060,P0328,Inner Mongolia,ccs,0.0,0.0,0.0,0.0,0.0,True
2060,P0328,Inner Mongolia,biomass,0.0,0.0,0.0,0.0,0.0,True
2060,P0328,Inner Mongolia,beccs,1.0,11924655.0,9.778217099999999,18.578612489999998,9.445757718599998,True
2060,P0328,Inner Mongolia,ammonia,0.0,0.0,0.0,0.0,0.0,True
2060,P0329,Xinjiang,unabated,0.0,0.0,0.0,0.0,0.0,True
2060,P0329,Xinjiang,retire,0.0,0.0,0.0,0.0,0.0,True
2060,P0329,Xinjiang,ccs,0.0,0.0,0.0,0.0,0.0,True
2060,P0329,Xinjiang,biomass,1.0,528119.9999999999,0.4330583999999999,0.4330583999999999,0.0,True
2060,P0329,Xinjiang,beccs,0.0,0.0,0.0,0.0,0.0,True
2060,P0329,Xinjiang,ammonia,0.0,0.0,0.0,0.0,0.0,True
2060,P0330,Gansu,unabated,0.0,0.0,0.0,0.0,0.0,True
2060,P0330,Gansu,retire,1.0,25137600.0,20.612832,20.612832,0.0,True
2060,P0330,Gansu,ccs,0.0,0.0,0.0,0.0,0.0,True
2060,P0330,Gansu,biomass,0.0,0.0,0.0,0.0,0.0,True
2060,P0330,Gansu,beccs,0.0,0.0,0.0,0.0,0.0,True
2060,P0330,Gansu,ammonia,0.0,0.0,0.0,0.0,0.0,True
2060,P0331,Guangdong,unabated,0.0,0.0,0.0,0.0,0.0,True
2060,P0331,Guangdong,retire,1.0,25414742.0,20.84008844,20.84008844,0.0,True
2060,P0331,Guangdong,ccs,0.0,0.0,0.0,0.0,0.0,True
2060,P0331,Guangdong,biomass,0.0,0.0,0.0,0.0,0.0,True
2060,P0331,Guangdong,beccs,0.0,0.0,0.0,0.0,0.0,True
2060,P0331,Guangdong,ammonia,0.0,0.0,0.0,0.0,0.0,True
2060,P0332,Hebei,unabated,0.0,0.0,0.0,0.0,0.0,True
2060,P0332,Hebei,retire,0.0,0.0,0.0,0.0,0.0,True
2060,P0332,Hebei,ccs,0.0,0.0,0.0,0.0,0.0,True
2060,P0332,Hebei,biomass,0.0,0.0,0.0,0.0,0.0,True
2060,P0332,Hebei,beccs,1.0,17107584.0,14.028218879999999,26.653615871999996,13.551259438079997,True
2060,P0332,Hebei,ammonia,0.0,0.0,0.0,0.0,0.0,True
2060,P0333,Guangdong,unabated,0.0,0.0,0.0,0.0,0.0,True
2060,P0333,Guangdong,retire,0.0,0.0,0.0,0.0,0.0,True
2060,P0333,Guangdong,ccs,0.0,0.0,0.0,0.0,0.0,True
2060,P0333,Guangdong,biomass,0.0,0.0,0.0,0.0,0.0,True
2060,P0333,Guangdong,beccs,1.0,15675001.14,12.8535009348,24.421651776119997,12.416481903016797,True
2060,P0333,Guangdong,ammonia,0.0,0.0,0.0,0.0,0.0,True
2060,P0334,Hebei,unabated,0.0,0.0,0.0,0.0,0.0,True
2060,P0334,Hebei,retire,0.0,0.0,0.0,0.0,0.0,True
2060,P0334,Hebei,ccs,0.0,0.0,0.0,0.0,0.0,True
2060,P0334,Hebei,biomass,1.0,3118570.0,2.5572274,2.5572274,0.0,True
2060,P0334,Hebei,beccs,0.0,0.0,0.0,0.0,0.0,True
2060,P0334,Hebei,ammonia,0.0,0.0,0.0,0.0,0.0,True
2060,P0335,Hubei,unabated,0.0,0.0,0.0,0.0,0.0,True
2060,P0335,Hubei,retire,0.0,0.0,0.0,0.0,0.0,True
2060,P0335,Hubei,ccs,0.0,0.0,0.0,0.0,0.0,True
2060,P0335,Hubei,biomass,1.0,17248159.999999996,14.143491199999996,14.143491199999996,0.0,True
2060,P0335,Hubei,beccs,0.0,0.0,0.0,0.0,0.0,True
2060,P0335,Hubei,ammonia,0.0,0.0,0.0,0.0,0.0,True
2060,P0336,Inner Mongolia,unabated,0.0,0.0,0.0,0.0,0.0,True
2060,P0336,Inner Mongolia,retire,0.37337851142229495,3757307.960442554,3.080992527562894,3.080992527562894,0.0,True
2060,P0336,Inner Mongolia,ccs,0.0,0.0,0.0,0.0,0.0,True
2060,P0336,Inner Mongolia,biomass,0.0,0.0,0.0,0.0,0.0,True
2060,P0336,Inner Mongolia,beccs,0.626621488577705,6305692.039557446,5.170667472437105,9.824268197630499,5.351640833972403,True
2060,P0336,Inner Mongolia,ammonia,0.0,0.0,0.0,0.0,0.0,True
2060,P0337,Guizhou,unabated,0.0,0.0,0.0,0.0,0.0,True
2060,P0337,Guizhou,retire,0.0,0.0,0.0,0.0,0.0,True
2060,P0337,Guizhou,ccs,0.0,0.0,0.0,0.0,0.0,True
2060,P0337,Guizhou,biomass,1.0,3322970.0,2.7248354,2.7248354,0.0,True
2060,P0337,Guizhou,beccs,0.0,0.0,0.0,0.0,0.0,True
2060,P0337,Guizhou,ammonia,0.0,0.0,0.0,0.0,0.0,True
2060,P0338,Guangxi,unabated,0.0,0.0,0.0,0.0,0.0,True
2060,P0338,Guangxi,retire,0.0,0.0,0.0,0.0,0.0,True
2060,P0338,Guangxi,ccs,0.0,0.0,0.0,0.0,0.0,True
2060,P0338,Guangxi,biomass,1.0,2871960.0,2.3550071999999997,2.3550071999999997,0.0,True
2060,P0338,Guangxi,beccs,0.0,0.0,0.0,0.0,0.0,True
2060,P0338,Guangxi,ammonia,0.0,0.0,0.0,0.0,0.0,True
2060,P0339,Hainan,unabated,0.0,0.0,0.0,0.0,0.0,True
2060,P0339,Hainan,retire,0.0,0.0,0.0,0.0,0.0,True
2060,P0339,Hainan,ccs,0.0,0.0,0.0,0.0,0.0,True
2060,P0339,Hainan,biomass,0.0,0.0,0.0,0.0,0.0,True
2060,P0339,Hainan,beccs,1.0,3320394.0,2.7227230799999997,5.173173852,2.6301504952799997,True
2060,P0339,Hainan,ammonia,0.0,0.0,0.0,0.0,0.0,True
2060,P0340,Inner Mongolia,unabated,0.0,0.0,0.0,0.0,0.0,True
2060,P0340,Inner Mongolia,retire,0.0,0.0,0.0,0.0,0.0,True
2060,P0340,Inner Mongolia,ccs,0.0,0.0,0.0,0.0,0.0,True
2060,P0340,Inner Mongolia,biomass,0.0,0.0,0.0,0.0,0.0,True
2060,P0340,Inner Mongolia,beccs,1.0,18817810.0,15.4306042,29.31814798,14.905963657199997,True
2060,P0340,Inner Mongolia,ammonia,0.0,0.0,0.0,0.0,0.0,True
2060,P0341,Hebei,unabated,0.0,0.0,0.0,0.0,0.0,True
2060,P0341,Hebei,retire,0.0,0.0,0.0,0.0,0.0,True
2060,P0341,Hebei,ccs,0.0,0.0,0.0,0.0,0.0,True
2060,P0341,Hebei,biomass,1.0,445510.0,0.3653181999999999,0.3653181999999999,0.0,True
2060,P0341,Hebei,beccs,0.0,0.0,0.0,0.0,0.0,True
2060,P0341,Hebei,ammonia,0.0,0.0,0.0,0.0,0.0,True
2060,P0342,Zhejiang,unabated,0.0,0.0,0.0,0.0,0.0,True
2060,P0342,Zhejiang,retire,0.13281429709567963,3866978.3080341434,3.170922212587997,3.170922212587997,0.0,True
2060,P0342,Zhejiang,ccs,0.0,0.0,0.0,0.0,0.0,True
2060,P0342,Zhejiang,biomass,0.0,0.0,0.0,0.0,0.0,True
2060,P0342,Zhejiang,beccs,0.8671857029043208,25248699.69196587,20.703933747412012,39.33747412008282,20.0,True
2060,P0342,Zhejiang,ammonia,0.0,0.0,0.0,0.0,0.0,True
2060,P0343,Hunan,unabated,0.0,0.0,0.0,0.0,0.0,True
2060,P0343,Hunan,retire,0.0,0.0,0.0,0.0,0.0,True
2060,P0343,Hunan,ccs,0.0,0.0,0.0,0.0,0.0,True
2060,P0343,Hunan,biomass,1.0,15315048.0,12.55833936,12.55833936,0.0,True
2060,P0343,Hunan,beccs,0.0,0.0,0.0,0.0,0.0,True
2060,P0343,Hunan,ammonia,0.0,0.0,0.0,0.0,0.0,True
2060,P0344,Xinjiang,unabated,0.0,0.0,0.0,0.0,0.0,True
2060,P0344,Xinjiang,retire,0.21918440179050913,4583924.384434705,3.7588179952364587,3.7588179952364587,0.0,True
2060,P0344,Xinjiang,ccs,0.7808155982094909,16329627.61556529,13.39029464476354,12.051265180287187,13.858954957330262,True
2060,P0344,Xinjiang,biomass,0.0,0.0,0.0,0.0,0.0,True
2060,P0344,Xinjiang,beccs,0.0,0.0,0.0,0.0,0.0,True
2060,P0344,Xinjiang,ammonia,0.0,0.0,0.0,0.0,0.0,True
2060,P0345,Gansu,unabated,0.0,0.0,0.0,0.0,0.0,True
2060,P0345,Gansu,retire,0.6865203218084663,5752491.080497501,4.717042686007951,4.717042686007951,0.0,True
2060,P0345,Gansu,ccs,0.0,0.0,0.0,0.0,0.0,True
2060,P0345,Gansu,biomass,0.0,0.0,0.0,0.0,0.0,True
2060,P0345,Gansu,beccs,0.31347967819153366,2626708.919502499,2.153901313992049,4.092412496584893,2.2292878599817705,True
2060,P0345,Gansu,ammonia,0.0,0.0,0.0,0.0,0.0,True
2060,P0346,Inner Mongolia,unabated,0.0,0.0,0.0,0.0,0.0,True
2060,P0346,Inner Mongolia,retire,1.0,26465690.0,21.701865799999997,21.701865799999997,0.0,True
2060,P0346,Inner Mongolia,ccs,0.0,0.0,0.0,0.0,0.0,True
2060,P0346,Inner Mongolia,biomass,0.0,0.0,0.0,0.0,0.0,True
2060,P0346,Inner Mongolia,beccs,0.0,0.0,0.0,0.0,0.0,True
2060,P0346,Inner Mongolia,ammonia,0.0,0.0,0.0,0.0,0.0,True
2060,P0347,Ningxia,unabated,0.0,0.0,0.0,0.0,0.0,True
2060,P0347,Ningxia,retire,0.3957588853154371,1495131.160691025,1.2260075517666404,1.2260075517666404,0.0,True
2060,P0347,Ningxia,ccs,0.0,0.0,0.0,0.0,0.0,True
2060,P0347,Ningxia,biomass,0.0,0.0,0.0,0.0,0.0,True
2060,P0347,Ningxia,beccs,0.6042411146845631,2282752.839308976,1.8718573282333602,3.556528923643384,1.8082141790734259,True
2060,P0347,Ningxia,ammonia,0.0,0.0,0.0,0.0,0.0,True
2060,P0348,Jiangsu,unabated,0.0,0.0,0.0,0.0,0.0,True
2060,P0348,Jiangsu,retire,0.0,0.0,0.0,0.0,0.0,True
2060,P0348,Jiangsu,ccs,0.0,0.0,0.0,0.0,0.0,True
2060,P0348,Jiangsu,biomass,0.0,0.0,0.0,0.0,0.0,True
2060,P0348,Jiangsu,beccs,1.0,25729515.0,21.098202299999997,40.08658436999999,20.380863421799994,True
2060,P0348,Jiangsu,ammonia,0.0,0.0,0.0,0.0,0.0,True
2060,P0349,Guangdong,unabated,0.0,0.0,0.0,0.0,0.0,True
2060,P0349,Guangdong,retire,0.0,0.0,0.0,0.0,0.0,True
2060,P0349,Guangdong,ccs,0.0,0.0,0.0,0.0,0.0,True
2060,P0349,Guangdong,biomass,0.0,0.0,0.0,0.0,0.0,True
2060,P0349,Guangdong,beccs,1.0,6281210.0,5.150592199999999,9.786125179999997,4.975472065199999,True
2060,P0349,Guangdong,ammonia,0.0,0.0,0.0,0.0,0.0,True
2060,P0350,Guangxi,unabated,0.0,0.0,0.0,0.0,0.0,True
2060,P0350,Guangxi,retire,0.0,0.0,0.0,0.0,0.0,True
2060,P0350,Guangxi,ccs,0.0,0.0,0.0,0.0,0.0,True
2060,P0350,Guangxi,biomass,0.0,0.0,0.0,0.0,0.0,True
2060,P0350,Guangxi,beccs,1.0,622258.0,0.51025156,0.9694779640000001,0.5281103646,True
2060,P0350,Guangxi,ammonia,0.0,0.0,0.0,0.0,0.0,True
