plant_id,water_node_id,distance_km,distance_rank,delivered_cost_cny_per_m3,year,flow_m3,centroid_longitude,centroid_latitude,province_name
P0002,WC_0056_0019_C,83.32,2,8.166,2030,10866450.3605,112.5059534875,39.44562280625,Shanxi
P0003,WC_0053_0014_F,46.2,1,6.3099,2030,50381054.04419999,106.56065670588237,29.095265411764704,Chongqing
P0004,WC_0053_0020_D,17.81,1,4.8903,2030,1172433.6332323868,107.40690754545452,40.72295445454545,Inner Mongolia
P0004,WC_0053_0021_K,169.83,5,12.4917,2030,1001174.366767613,107.40690754545452,40.72295445454545,Inner Mongolia
P0005,WC_0052_0014_F,43.55,1,6.1775,2030,33014087.729999993,104.9672844,28.61919437777778,Sichuan
P0006,WC_0059_0020_A,182.7,5,13.1352,2030,7443821.034388844,118.25929270666668,39.741398106666665,Hebei
P0007,WC_0059_0020_C,153.95,3,11.6977,2030,25158227.64805748,118.36966382222224,39.17751832222221,Hebei
P0008,WC_0061_0018_E,16.13,1,4.8066,2030,6451615.96272,122.11088608695654,37.34379926086956,Shandong
P0009,WC_0054_0020_D,98.31,2,8.9155,2030,7756165.219815955,109.97652060625,40.5446828,Inner Mongolia
P0009,WC_0054_0020_K,135.36,3,10.768,2030,690050.6653347724,109.97652060625,40.5446828,Inner Mongolia
P0009,WC_0055_0020_K,136.34,4,10.8169,2030,9624527.057849292,109.97652060625,40.5446828,Inner Mongolia
P0010,WC_0052_0013_F,58.61,1,6.9306,2030,24773908.267199997,104.82352106666669,27.534283966666663,Yunnan
P0011,WC_0056_0010_H,84.23,1,8.2114,2030,7579328.343900001,113.01274548571428,22.019859071428574,Guangdong
P0012,WC_0061_0021_A,58.62,1,6.9312,2030,21982443.181425586,123.77717060769234,42.46554086923077,Liaoning
P0012,WC_0062_0021_A,117.38,2,9.8692,2030,5440395.6745744115,123.77717060769234,42.46554086923077,Liaoning
P0013,WC_0056_0020_C,44.21,1,6.2106,2030,4342836.359502956,113.16431352926828,40.1414594,Shanxi
P0013,WC_0056_0020_K,95.34,2,8.7669,2030,3523025.082948962,113.16431352926828,40.1414594,Shanxi
P0013,WC_0057_0020_K,196.43,8,13.8214,2030,6303621.430548072,113.16431352926828,40.1414594,Shanxi
P0014,WC_0056_0011_H,99.44,1,8.9719,2030,12525447.831600001,112.024739125,22.974058575,Guangdong
P0015,WC_0056_0012_F,55.94,1,6.7968,2030,14061628.5282,113.088394,26.08946423333333,Hunan
P0016,WC_0056_0015_F,84.21,1,8.2104,2030,15132005.747199997,113.8259234888889,30.660474866666668,Hubei
P0018,WC_0065_0021_A,54.98,1,6.7489,2030,7715754.839999999,129.9301436,42.9040347,Jilin
P0019,WC_0055_0013_F,80.25,1,8.0126,2030,16320207.4182,111.5750416714286,27.544403028571427,Hunan
P0020,WC_0060_0015_G,62.87,1,7.1436,2030,12982952.60343,121.14102242857142,30.68855748571428,Zhejiang
P0021,WC_0058_0017_E,70.09,1,7.5045,2030,67972849.3049696,116.69009585,35.4451589,Shandong
P0022,WC_0059_0017_E,163.03,3,12.1517,2030,21610896.81525,120.11881293333334,35.99860965,Shandong
P0023,WC_0056_0016_F,135.68,4,10.7838,2030,31929978.2304,113.21201491428567,33.7993222857143,Henan
P0024,WC_0053_0014_F,77.68,1,7.884,2030,11171957.33998,107.31146671428574,29.655601142857147,Chongqing
P0025,WC_0062_0021_A,106.96,1,9.3479,2030,28258544.694000002,125.24796920000004,43.81222732,Jilin
P0027,WC_0058_0018_D,110.07,2,9.5036,2030,5536419.812057066,116.036756325,36.48592403125,Shandong
P0027,WC_0057_0018_C,113.6,3,9.6798,2030,28904076.271691788,116.036756325,36.48592403125,Shandong
P0027,WC_0058_0017_E,199.88,8,13.9942,2030,12977919.305731667,116.036756325,36.48592403125,Shandong
P0028,WC_0056_0013_F,68.97,1,7.4486,2030,20947758.564600002,113.13893942,27.64443306,Hunan
P0029,WC_0063_0022_A,40.81,1,6.0406,2030,873481.6799999999,127.02565466666664,44.58916933333334,Jilin
P0030,WC_0063_0021_A,116.26,1,9.813,2030,22625994.047620002,126.50366462499998,43.90009873333333,Jilin
P0031,WC_0055_0018_D,84.83,1,8.2414,2030,3962990.8849999984,111.5960795,36.44789901666667,Shanxi
P0032,WC_0057_0017_C,21.1,1,5.0548,2030,5913593.48431393,114.94455282857145,35.69333081428572,Henan
P0033,WC_0055_0016_D,105.3,2,9.2652,2030,3031247.6518144524,112.2235970526316,34.61218205263158,Henan
P0033,WC_0056_0016_E,189.04,6,13.4521,2030,555044.6269855427,112.2235970526316,34.61218205263158,Henan
P0034,WC_0058_0018_D,38.51,1,5.9257,2030,3097366.608600002,116.80496215,36.2049641,Shandong
P0035,WC_0058_0015_F,59.27,1,6.9636,2030,36101042.9328,117.78143773571428,30.986382207142857,Anhui
P0036,WC_0060_0015_F,40.29,1,6.0144,2030,44071466.3277,121.25921157285715,31.52313884714286,Jiangsu
P0037,WC_0056_0020_D,51.98,1,6.5992,2030,3102894.25621572,111.63531936666668,40.73734619444445,Inner Mongolia
P0037,WC_0056_0020_K,116.87,4,9.8436,2030,2998483.77778428,111.63531936666668,40.73734619444445,Inner Mongolia
P0038,WC_0053_0015_F,64.82,1,7.241,2030,42065211.2256,106.77105626666668,30.466155083333334,Sichuan
P0039,WC_0061_0023_A,55.15,1,6.7575,2030,10210771.5075,123.69026015555556,47.216015733333336,Heilongjiang
P0040,WC_0056_0018_D,72.54,1,7.6271,2030,3333941.4137106333,112.39579644705884,37.87612592941177,Shanxi
P0040,WC_0055_0018_D,163.05,5,12.1526,2030,2078106.118789366,112.39579644705884,37.87612592941177,Shanxi
P0041,WC_0057_0019_C,41.84,1,6.0922,2030,3524680.973048554,115.42118525333336,38.861997093333336,Hebei
P0042,WC_0059_0017_E,166.51,7,12.3257,2030,39380802.777600005,117.7747333,36.10888457777778,Shandong
P0043,WC_0058_0016_E,83.92,1,8.196,2030,28234849.240046173,116.754942764,33.761710992,Anhui
P0043,WC_0057_0016_E,186.08,4,13.304,2030,78463332.04995383,116.754942764,33.761710992,Anhui
P0044,WC_0062_0023_A,60.8,1,7.0398,2030,15036073.659000004,124.97499467692306,46.49802851538463,Heilongjiang
P0045,WC_0056_0017_D,4.72,1,4.2358,2030,19186033.985710435,112.67363529032258,35.190280632258066,Henan
P0045,WC_0056_0017_E,109.66,3,9.4832,2030,10192858.626641573,112.67363529032258,35.190280632258066,Henan
P0045,WC_0055_0017_D,160.81,4,12.0404,2030,4192359.705554747,112.67363529032258,35.190280632258066,Henan
P0046,WC_0061_0014_G,47.33,1,6.3665,2030,19341981.962688,121.86577418444443,30.01492672666668,Zhejiang
P0047,WC_0060_0020_A,23.51,1,5.1756,2030,7852485.541599997,120.95330144285712,41.001320185714285,Liaoning
P0048,WC_0055_0018_D,137.1,3,10.8551,2030,1037007.9999999999,111.1116265,38.213208,Shanxi
P0049,WC_0044_0021_K,55.29,1,6.7647,2030,2264351.8396721412,88.9060775,42.808315,Xinjiang
P0050,WC_0057_0016_E,185.3,5,13.2652,2030,11358897.76,115.4996139,34.5444303,Henan
P0051,WC_0057_0019_C,111.77,1,9.5887,2030,12671937.453751775,114.29729676999996,38.11601805999999,Hebei
P0051,WC_0056_0019_C,131.1,2,10.5548,2030,15443619.483248224,114.29729676999996,38.11601805999999,Hebei
P0052,WC_0060_0016_F,55.33,1,6.7666,2030,35465933.20944212,120.36732789473685,31.886977849122808,Jiangsu
P0052,WC_0060_0015_F,87.46,2,8.3729,2030,51085471.958057866,120.36732789473685,31.886977849122808,Jiangsu
P0053,WC_0065_0022_A,38.3,1,5.9149,2030,19576998.0,130.88350004444445,45.52289057777777,Heilongjiang
P0054,WC_0057_0020_C,37.42,1,5.8709,2030,16007390.825922638,114.86662302857142,40.658597571428565,Hebei
P0055,WC_0055_0017_D,62.43,1,7.1214,2030,3074682.425,110.291820675,34.722310675,Shanxi
P0056,WC_0057_0012_F,48.04,1,6.4021,2030,22240089.129599996,114.6474855,25.235139166666663,Jiangxi
P0057,WC_0051_0017_D,148.78,2,11.4388,2030,6581694.016,103.63660057777776,36.10173662222222,Gansu
P0058,WC_0059_0017_E,69.6,1,7.4799,2030,2008739.952761216,119.50311133333334,34.54334577777778,Jiangsu
P0058,WC_0060_0017_E,75.9,2,7.7948,2030,10038390.737238787,119.50311133333334,34.54334577777778,Jiangsu
P0059,WC_0055_0020_D,73.9,1,7.6949,2030,10845385.095932173,111.26340109523812,39.86658994761905,Inner Mongolia
P0059,WC_0056_0020_K,191.78,6,13.5892,2030,5591851.440853463,111.26340109523812,39.86658994761905,Inner Mongolia
P0059,WC_0056_0019_C,197.18,7,13.8588,2030,250367.18221435984,111.26340109523812,39.86658994761905,Inner Mongolia
P0060,WC_0059_0017_E,55.61,1,6.7806,2030,14403436.36992,119.34751615999998,35.25980932000001,Shandong
P0061,WC_0059_0018_E,36.02,1,5.8008,2030,3184893.885600001,118.8704271357143,36.916450514285714,Shandong
P0062,WC_0043_0020_K,93.72,1,8.6862,2030,3118103.8114908165,86.38826449999999,41.9057335,Xinjiang
P0063,WC_0052_0019_D,41.07,1,6.0533,2030,464330.4852118823,105.99086423333333,38.5674425,Ningxia
P0063,WC_0052_0019_K,91.09,3,8.5544,2030,1146320.6491881178,105.99086423333333,38.5674425,Ningxia
P0064,WC_0058_0018_C,55.41,1,6.7706,2030,3184675.8306000032,116.30790365,37.390696166666665,Shandong
P0065,WC_0042_0022_K,34.72,1,5.7361,2030,9149293.581478443,84.88765941000001,44.51353533,Xinjiang
P0066,WC_0059_0012_G,45.41,1,6.2705,2030,2678435.39904,119.05258655555556,25.21517051111111,Fujian
P0067,WC_0059_0020_A,135.14,3,10.7571,2030,11995434.14145769,119.67226051428575,39.97792042857143,Hebei
P0067,WC_0060_0020_A,165.72,4,12.2861,2030,11363261.052142309,119.67226051428575,39.97792042857143,Hebei
P0068,WC_0060_0013_G,49.67,1,6.4837,2030,501542.4624,120.60543628,27.43325004,Zhejiang
P0069,WC_0054_0017_D,8.29,1,4.4146,2030,3122143.9999999995,109.10067892,34.81815216,Shaanxi
P0070,WC_0057_0017_E,63.77,1,7.1887,2030,35935673.3328,115.56860472222225,35.294208722222216,Shandong
P0071,WC_0052_0013_H,22.82,1,5.1412,2030,27445891.214919005,104.54053204,26.182950060000003,Guizhou
P0071,WC_0052_0012_H,130.07,3,10.5035,2030,17604087.785080995,104.54053204,26.182950060000003,Guizhou
P0072,WC_0065_0023_A,57.51,1,6.8756,2030,9517176.0,131.41872039999998,46.6215169,Heilongjiang
P0073,WC_0061_0020_A,48.07,1,6.4036,2030,9631874.948499998,123.4034578352941,41.25218117647059,Liaoning
P0074,WC_0055_0019_D,61.61,1,7.0807,2030,5700113.73,110.42589608333331,39.17701975,Shaanxi
P0075,WC_0057_0016_E,95.0,1,8.7499,2030,10762084.08,114.316042,33.5464985,Henan
P0076,WC_0054_0011_H,90.37,1,8.5185,2030,15793444.139200002,109.2172239,23.73486028181818,Guangxi
P0077,WC_0046_0021_K,93.6,1,8.68,2030,4120476.2876918297,93.31052133333334,42.51244766666667,Xinjiang
P0077,WC_0047_0021_K,136.56,2,10.8278,2030,1834837.205108173,93.31052133333334,42.51244766666667,Xinjiang
P0078,WC_0063_0022_A,93.3,1,8.6652,2030,24092696.259,126.63870604615386,45.738477292307685,Heilongjiang
P0079,WC_0054_0010_H,33.81,1,5.6905,2030,2886090.0431999997,108.5689820142857,21.687818557142855,Guangxi
P0080,WC_0058_0017_E,23.9,1,5.1952,2030,12879069.806173362,117.27766755263158,34.90857122631579,Shandong
P0080,WC_0059_0017_E,147.63,3,11.3816,2030,22744531.93282664,117.27766755263158,34.90857122631579,Shandong
P0081,WC_0052_0017_D,183.33,5,13.1664,2030,4406500.960120228,103.91035866666664,36.588604333333336,Gansu
P0082,WC_0060_0021_A,104.91,1,9.2454,2030,14712821.499999996,121.61303683333335,41.93595583333334,Liaoning
P0083,WC_0055_0019_D,29.81,1,5.4904,2030,6855863.722870984,111.14797504615385,39.20309480769231,Shaanxi
P0083,WC_0056_0019_C,181.34,5,13.0671,2030,1496239.0551290151,111.14797504615385,39.20309480769231,Shaanxi
P0084,WC_0054_0017_D,63.86,1,7.1931,2030,14461893.534000002,109.748516175,35.0326723,Shaanxi
P0085,WC_0059_0016_E,192.11,5,13.6053,2030,58944513.285000004,117.38812471428572,34.37115052380951,Jiangsu
P0086,WC_0054_0019_D,86.29,1,8.3145,2030,4476678.557905475,110.0859333375,38.66187655,Shaanxi
P0086,WC_0055_0019_D,90.93,2,8.5463,2030,1007756.7775518841,110.0859333375,38.66187655,Shaanxi
P0086,WC_0056_0019_D,188.03,3,13.4017,2030,1663323.0845426368,110.0859333375,38.66187655,Shaanxi
P0087,WC_0058_0020_C,102.95,2,9.1476,2030,20384800.111,117.62799128888888,39.96386984444444,Hebei
P0088,WC_0059_0015_F,96.46,1,8.823,2030,13573330.542000001,119.906331,31.112822777777776,Zhejiang
P0089,WC_0053_0019_D,72.54,1,7.6268,2030,9669355.982979897,106.63083476923076,38.09433597948717,Ningxia
P0089,WC_0053_0018_D,143.27,3,11.1635,2030,8119929.283520104,106.63083476923076,38.09433597948717,Ningxia
P0090,WC_0056_0011_H,56.6,1,6.8301,2030,31231716.465960003,113.5348139151515,22.942231745454546,Guangdong
P0091,WC_0056_0012_H,50.63,1,6.5315,2030,21797702.389799997,113.56754175384616,24.69749064615385,Guangdong
P0092,WC_0057_0013_F,101.84,1,9.0919,2030,37283376.599999994,114.79901501111112,27.92697431111111,Jiangxi
P0093,WC_0056_0014_F,61.68,1,7.084,2030,11858955.42375,113.08135288,29.48292738,Hunan
P0094,WC_0058_0011_G,43.65,1,6.1824,2030,12982614.12,117.65712922941177,23.87389818235294,Fujian
P0095,WC_0058_0015_F,111.08,2,9.5538,2030,26669376.826800004,117.48208799999998,31.780410714285715,Anhui
P0096,WC_0058_0012_H,58.57,1,6.9284,2030,29292635.429799996,116.39166080000004,24.39771004,Guangdong
P0097,WC_0052_0018_D,51.4,1,6.5702,2030,5352914.880246289,104.7610385,36.7300795,Gansu
P0097,WC_0052_0017_D,168.8,3,12.44,2030,10225140.732553711,104.7610385,36.7300795,Gansu
P0098,WC_0044_0022_K,22.64,1,5.1322,2030,11890768.007124756,89.16161844384615,44.78648652673076,Xinjiang
P0098,WC_0045_0022_K,123.56,2,10.1781,2030,3154363.9809685047,89.16161844384615,44.78648652673076,Xinjiang
P0098,WC_0043_0022_K,178.81,4,12.9404,2030,3616379.020706738,89.16161844384615,44.78648652673076,Xinjiang
P0099,WC_0052_0014_F,58.57,1,6.9286,2030,8843627.999999996,105.03624913333331,29.5345342,Sichuan
P0100,WC_0058_0014_F,67.52,1,7.3761,2030,25547379.695999995,117.10249263333333,28.3432053,Jiangxi
P0101,WC_0050_0018_D,43.56,1,6.1781,2030,8736107.672190795,101.65731172727271,36.79799763636363,Qinghai
P0101,WC_0051_0018_D,99.26,2,8.9631,2030,5880901.872794208,101.65731172727271,36.79799763636363,Qinghai
P0101,WC_0050_0018_K,102.31,3,9.1154,2030,11167108.615989188,101.65731172727271,36.79799763636363,Qinghai
P0102,WC_0055_0014_F,78.73,1,7.9363,2030,8793900.5616,111.3662008,29.594144733333334,Hunan
P0103,WC_0054_0020_D,158.35,4,11.9175,2030,3550528.2899999972,109.88846628571426,39.71318328571429,Inner Mongolia
P0104,WC_0059_0022_A,53.92,1,6.6961,2030,3364775.3729999997,118.61048795,44.8662699,Inner Mongolia
P0105,WC_0062_0020_A,137.61,1,10.8807,2030,3739475.207,124.23231075,39.97204075,Liaoning
P0106,WC_0057_0015_F,39.11,1,5.9555,2030,33347630.03999999,114.611121304,30.616741076000004,Hubei
P0107,WC_0060_0019_A,54.54,1,6.727,2030,6108319.239313317,121.7068036210526,39.02835461052631,Liaoning
P0107,WC_0061_0019_A,105.6,2,9.2801,2030,8025106.701692474,121.7068036210526,39.02835461052631,Liaoning
P0108,WC_0055_0010_H,35.5,1,5.7749,2030,2914558.7472,110.43623373846152,21.178269200000003,Guangdong
P0109,WC_0053_0017_D,72.19,1,7.6094,2030,5283430.032,107.89730960769232,35.14298256153846,Shaanxi
P0110,WC_0052_0012_H,35.76,1,5.7882,2030,108349889.6298,104.76878606666668,25.310301483333333,Guizhou
P0111,WC_0055_0011_H,117.76,1,9.8882,2030,1358686.9405199997,109.99253175,22.4336885,Guangxi
P0113,WC_0058_0021_C,50.45,1,6.5227,2030,3899170.378853344,116.21173066666664,42.22019666666666,Inner Mongolia
P0113,WC_0057_0021_K,119.23,2,9.9614,2030,11222334.384768281,116.21173066666664,42.22019666666666,Inner Mongolia
P0114,WC_0054_0010_H,76.42,1,7.8211,2030,1925400.2767999999,109.61024596666668,21.59652003333333,Guangxi
P0115,WC_0059_0017_E,56.51,1,6.8257,2030,13946091.3018,118.2819026,34.988247133333324,Shandong
P0116,WC_0061_0020_A,95.89,1,8.7947,2030,747771.0133999997,122.04982786666666,41.17928143333334,Liaoning
P0117,WC_0056_0016_F,63.02,1,7.151,2030,15057817.9232,112.59986043333332,33.21598703333334,Henan
P0118,WC_0061_0020_A,115.92,2,9.7959,2030,31038453.50079999,123.71805184166664,41.817224116666665,Liaoning
P0119,WC_0052_0013_F,59.66,2,6.983,2030,50068850.474999994,105.02177205882354,26.63320383529412,Guizhou
P0120,WC_0059_0024_A,67.79,1,7.3896,2030,4024898.109999999,119.81555575,48.5947915,Inner Mongolia
P0121,WC_0057_0011_H,63.74,1,7.1869,2030,6408341.690400001,114.86316415,22.7171561,Guangdong
P0122,WC_0054_0018_D,156.36,3,11.8179,2030,4564225.102000001,109.62005655238094,38.22282690476191,Shaanxi
P0123,WC_0056_0018_C,96.72,2,8.8362,2030,5380317.347600006,114.46096423333331,36.70211735555555,Hebei
P0124,WC_0056_0017_E,20.31,1,5.0156,2030,6850782.744890701,113.31786984347823,34.562298121739126,Henan
P0124,WC_0056_0016_E,151.79,5,11.5894,2030,57701884.3395093,113.31786984347823,34.562298121739126,Henan
P0125,WC_0043_0021_K,106.08,1,9.3042,2030,10882363.218496487,87.58797759459459,44.02529907567568,Xinjiang
P0126,WC_0059_0016_F,48.56,1,6.4278,2030,39954451.46744855,119.5260382647059,32.21680167647058,Jiangsu
P0126,WC_0059_0016_E,127.59,3,10.3794,2030,16770879.613151457,119.5260382647059,32.21680167647058,Jiangsu
P0127,WC_0058_0020_C,69.34,1,7.4668,2030,8606936.832675043,117.81527714285714,40.78629914285714,Hebei
P0127,WC_0059_0020_A,134.4,3,10.7202,2030,5816449.417324959,117.81527714285714,40.78629914285714,Hebei
P0128,WC_0039_0018_K,98.36,1,8.9181,2030,1847225.7670570607,79.94897945,37.21687335,Xinjiang
P0129,WC_0053_0019_K,59.29,1,6.9644,2030,366486.3477037029,106.8149754842105,39.44216274385965,Inner Mongolia
P0129,WC_0052_0019_K,157.73,3,11.8866,2030,1216395.8853053525,106.8149754842105,39.44216274385965,Inner Mongolia
P0129,WC_0053_0020_D,167.93,5,12.3964,2030,5831883.560312671,106.8149754842105,39.44216274385965,Inner Mongolia
P0129,WC_0053_0020_K,198.89,6,13.9444,2030,5288966.666678265,106.8149754842105,39.44216274385965,Inner Mongolia
P0130,WC_0058_0020_C,89.85,1,8.4925,2030,1158325.9999999988,116.8487413,39.9527554,Hebei
P0132,WC_0061_0022_A,43.03,1,6.1515,2030,3676242.481599999,122.82737375,45.5797501,Jilin
P0133,WC_0057_0016_E,97.34,2,8.8671,2030,24611543.059000004,116.06149366666666,32.906693999999995,Anhui
P0134,WC_0055_0018_D,55.88,1,6.7941,2030,5799422.018411329,111.00816366153846,37.48729852307692,Shanxi
P0135,WC_0060_0020_A,55.85,1,6.7923,2030,4065017.6999999993,120.3721705,41.560774,Liaoning
P0136,WC_0061_0022_A,124.45,1,10.2223,2030,885544.0000000012,122.04553733333334,46.07332433333334,Inner Mongolia
P0137,WC_0044_0021_K,87.77,1,8.3887,2030,1182988.7999999986,89.43194749999999,44.005311000000006,Xinjiang
P0138,WC_0063_0020_A,66.78,1,7.3388,2030,8734816.8,126.1607947,41.841904666666665,Jilin
P0139,WC_0064_0022_A,70.75,1,7.5376,2030,7819370.588250001,129.6441606666667,44.627998,Heilongjiang
P0141,WC_0060_0018_E,81.87,1,8.0936,2030,32962611.1575,120.34899307142857,37.63422128571428,Shandong
P0142,WC_0060_0016_F,87.45,1,8.3723,2030,301080.465,121.67171711111112,32.064600444444444,Jiangsu
P0143,WC_0051_0011_H,42.35,1,6.1177,2030,11452337.25360465,103.20416861428572,23.831920442857147,Yunnan
P0143,WC_0051_0012_H,96.8,2,8.84,2030,8717562.746395344,103.20416861428572,23.831920442857147,Yunnan
P0144,WC_0056_0018_D,106.82,1,9.3409,2030,5088484.833250002,113.53523736363633,37.83865712727273,Shanxi
P0145,WC_0061_0020_A,104.17,3,9.2085,2030,12868971.640799997,122.111451375,40.336695375000005,Liaoning
P0146,WC_0055_0018_D,156.42,2,11.8211,2030,3981370.000000002,110.60157317,35.60675549,Shanxi
P0147,WC_0056_0020_K,3.09,1,4.1545,2030,2467769.616000002,112.9491444,40.9942226,Inner Mongolia
P0148,WC_0060_0018_E,71.83,1,7.5914,2030,4462077.780837916,121.17031739999996,37.58648391999999,Shandong
P0148,WC_0061_0018_E,102.43,2,9.1214,2030,1089695.529631851,121.17031739999996,37.58648391999999,Shandong
P0149,WC_0054_0018_D,128.66,2,10.4328,2030,5340499.92,109.11732799999996,35.73940914285714,Shaanxi
P0150,WC_0053_0013_F,7.33,1,4.3667,2030,1335833.94,107.028961,27.13609633333333,Guizhou
P0151,WC_0058_0018_D,66.17,3,7.3084,2030,3258177.810000003,117.24917,36.84487961052631,Shandong
P0152,WC_0055_0010_H,38.97,1,5.9485,2030,11756661.549499998,110.8766253,21.674481614285718,Guangdong
P0153,WC_0065_0023_A,43.11,1,6.1554,2030,12415288.275000002,130.29474041818182,47.05959753636363,Heilongjiang
P0154,WC_0058_0019_C,43.67,1,6.1834,2030,21476749.35883974,117.49515763809524,38.89308288571428,Tianjin
P0155,WC_0056_0018_C,36.23,1,5.8115,2030,2367313.343,113.0482917,36.9563088,Shanxi
P0156,WC_0051_0012_J,22.35,1,5.1176,2030,5405533.199999998,102.3335597,25.0149171,Yunnan
P0157,WC_0052_0013_F,99.16,2,8.9581,2030,11953716.193283755,105.61257831999998,26.32126902000001,Guizhou
P0157,WC_0053_0013_H,138.32,3,10.9161,2030,14568970.466640815,105.61257831999998,26.32126902000001,Guizhou
P0157,WC_0052_0012_H,146.97,4,11.3485,2030,4916674.811668567,105.61257831999998,26.32126902000001,Guizhou
P0157,WC_0053_0013_F,164.27,5,12.2136,2030,3696318.1668068543,105.61257831999998,26.32126902000001,Guizhou
P0158,WC_0053_0011_H,80.15,1,8.0077,2030,6260836.9005,106.45162566666669,23.29812266666666,Guangxi
P0159,WC_0059_0012_G,76.32,1,7.816,2030,2164066.3395999996,118.63520546666663,24.687213566666667,Fujian
P0160,WC_0056_0015_F,109.42,1,9.4712,2030,14622562.593599996,112.36138973333333,30.151720266666665,Hubei
P0161,WC_0059_0014_G,23.32,1,5.1658,2030,5284827.675,118.8811483,28.9022094,Zhejiang
P0162,WC_0059_0017_E,116.62,4,9.8311,2030,4525243.081799999,117.7606535,35.409393550000004,Shandong
P0163,WC_0058_0020_C,160.12,3,12.0058,2030,2067611.9100000001,116.90355235,39.31496365,Hebei
P0164,WC_0056_0014_F,39.11,1,5.9556,2030,5015834.496,112.9124966,28.5953512,Hunan
P0165,WC_0056_0018_C,33.47,1,5.6736,2030,6629188.8,113.6907271,36.5985437,Hebei
P0166,WC_0053_0011_H,81.46,1,8.0732,2030,12174391.611200001,106.9209267,23.73388806,Guangxi
P0167,WC_0058_0018_E,45.5,1,6.2748,2030,3696094.8042679275,117.967045252,36.863153202,Shandong
P0167,WC_0058_0018_D,94.73,3,8.7366,2030,246518.39697271783,117.967045252,36.863153202,Shandong
P0167,WC_0058_0017_D,125.3,7,10.2648,2030,4971389.721199353,117.967045252,36.863153202,Shandong
P0168,WC_0041_0022_K,62.31,1,7.1156,2030,8879475.02877194,82.08918665,44.86349865,Xinjiang
P0168,WC_0040_0022_K,91.9,2,8.595,2030,2454909.6624280564,82.08918665,44.86349865,Xinjiang
P0169,WC_0052_0013_F,27.3,1,5.3648,2030,14312506.499999998,105.49295496666667,27.159312466666663,Guizhou
P0170,WC_0059_0018_E,93.32,3,8.6659,2030,32833945.00592921,118.63321123,37.40831771999999,Shandong
P0170,WC_0060_0018_E,199.21,7,13.9603,2030,11869671.904770797,118.63321123,37.40831771999999,Shandong
P0171,WC_0054_0017_D,65.92,1,7.2959,2030,6723648.823413274,108.8980685142857,34.31278957142858,Shaanxi
P0171,WC_0054_0016_F,157.75,2,11.8877,2030,13975802.856586725,108.8980685142857,34.31278957142858,Shaanxi
P0172,WC_0052_0015_F,93.82,1,8.6911,2030,25245180.373599995,104.81546613333336,31.82574306666667,Sichuan
P0173,WC_0052_0019_K,138.62,5,10.9311,2030,296458.40798564116,105.9749642,37.94774005,Ningxia
P0173,WC_0053_0018_D,149.8,6,11.4901,2030,4368910.194414363,105.9749642,37.94774005,Ningxia
P0174,WC_0056_0018_C,56.25,1,6.8126,2030,6037367.986000001,113.02755668571427,36.34547512380952,Shanxi
P0175,WC_0054_0013_F,29.15,1,5.4576,2030,17175007.799999997,108.8925723,27.2103544,Guizhou
P0176,WC_0056_0016_F,95.68,1,8.784,2030,11913229.120000001,112.16024828,31.92788278,Hubei
P0177,WC_0061_0021_A,88.56,1,8.4278,2030,10573177.0532,123.4633255,43.5282178,Jilin
P0178,WC_0054_0018_D,47.72,1,6.3859,2030,1016511.9999999999,109.52639,36.7187265,Shaanxi
P0179,WC_0058_0012_G,97.83,1,8.8915,2030,1957567.6249999995,118.0379032625,24.419180087500003,Fujian
P0180,WC_0058_0024_A,82.48,1,8.124,2030,4870240.425,117.568398,49.461172000000005,Inner Mongolia
P0181,WC_0040_0022_K,68.93,1,7.4465,2030,10380910.115076743,81.232426,43.9809660952381,Xinjiang
P0181,WC_0040_0021_K,103.11,2,9.1555,2030,21353973.839723244,81.232426,43.9809660952381,Xinjiang
P0182,WC_0058_0014_F,126.47,1,10.3236,2030,11775510.359999998,116.15259249090909,29.75556527272727,Jiangxi
P0183,WC_0043_0023_K,48.87,1,6.4437,2030,2866107.239999999,87.7296623,47.28983,Xinjiang
P0184,WC_0058_0018_E,81.56,2,8.0781,2030,5539002.5823,117.83290064347824,37.425986234782606,Shandong
P0185,WC_0053_0013_F,104.32,1,9.2158,2030,12033898.5,106.9379912,28.00455835,Guizhou
P0186,WC_0052_0018_K,43.53,1,6.1763,2030,927557.5624519188,105.39427115384616,37.59225300000001,Ningxia
P0186,WC_0052_0018_D,73.23,2,7.6613,2030,2565816.97604808,105.39427115384616,37.59225300000001,Ningxia
P0187,WC_0060_0021_A,94.74,1,8.7368,2030,2022662.9999999998,121.331659,43.585098,Inner Mongolia
P0188,WC_0046_0022_K,9.96,1,4.498,2030,3338034.961980302,92.926001,44.53792,Xinjiang
P0188,WC_0047_0022_K,133.44,2,10.6721,2030,174165.08034384382,92.926001,44.53792,Xinjiang
P0188,WC_0046_0021_K,134.04,3,10.7021,2030,843804.5224040209,92.926001,44.53792,Xinjiang
P0189,WC_0051_0012_H,49.97,1,6.4986,2030,9009221.999999998,103.0278556,24.9631234,Yunnan
P0190,WC_0059_0016_E,26.69,1,5.3343,2030,22581787.199999996,119.00320116666668,33.51324183333334,Jiangsu
P0191,WC_0055_0013_F,70.59,1,7.5295,2030,2151217.278,111.492692,26.56672,Hunan
P0192,WC_0054_0018_D,103.33,1,9.1664,2030,1898091.108,108.98365166666666,37.822902,Shaanxi
P0193,WC_0054_0011_H,17.02,1,4.8509,2030,5566979.02306,108.93004633333334,22.806623733333332,Guangxi
P0194,WC_0053_0016_F,100.54,1,9.0272,2030,6020110.8,106.141932,33.346156,Shaanxi
P0195,WC_0053_0015_F,55.58,1,6.7792,2030,6025658.3999999985,107.491416,31.324767,Sichuan
P0196,WC_0047_0021_K,83.14,2,8.1568,2030,126748.8000000001,94.9857948,43.7063773,Xinjiang
P0197,WC_0058_0013_G,58.52,1,6.926,2030,1542781.1519999998,117.4607848,27.3866923,Fujian
P0198,WC_0052_0017_F,56.62,2,6.8312,2030,553027.2000000001,105.1007823,34.7548032,Gansu
P0199,WC_0058_0021_A,67.21,2,7.3605,2030,2629461.9,116.786405,43.063974,Inner Mongolia
P0200,WC_0038_0019_K,82.67,1,8.1334,2030,2959706.522558763,76.0498524,39.4815702,Xinjiang
P0200,WC_0037_0019_K,89.78,2,8.4889,2030,7131217.949616239,76.0498524,39.4815702,Xinjiang
P0200,WC_0037_0020_K,116.31,3,9.8155,2030,4203015.248088858,76.0498524,39.4815702,Xinjiang
P0200,WC_0038_0020_K,134.57,4,10.7286,2030,441801.8309361358,76.0498524,39.4815702,Xinjiang
P0201,WC_0063_0023_A,36.61,1,5.8305,2030,1680115.5,127.035146,46.658416,Heilongjiang
P0202,WC_0057_0013_F,1.62,1,4.0811,2030,5639380.635424181,115.02031085,27.04720645,Jiangxi
P0203,WC_0059_0024_A,52.68,1,6.6338,2030,2483347.139999999,119.7869442,49.2971288,Inner Mongolia
P0204,WC_0064_0023_A,81.79,1,8.0895,2030,1680115.5,128.750564,47.738549,Heilongjiang
P0205,WC_0054_0021_K,177.8,5,12.8899,2030,603779.9999999995,108.767778,40.651111,Inner Mongolia
P0206,WC_0055_0016_F,35.24,1,5.7619,2030,6338698.800000001,110.737906,32.683566,Hubei
P0207,WC_0043_0022_K,88.82,1,8.4409,2030,8650605.599999992,86.14399902857143,44.38875934285716,Xinjiang
P0208,WC_0050_0013_F,63.14,1,7.1571,2030,3314112.119999999,101.504877,26.600634,Sichuan
P0209,WC_0059_0014_G,47.2,1,6.3599,2030,9166456.8,119.5068449,29.1866175,Zhejiang
P0210,WC_0059_0015_F,9.09,1,4.4546,2030,4991028.768,118.865,30.86956,Anhui
P0211,WC_0057_0017_D,49.37,1,6.4686,2030,2485856.5402446785,114.4450842,34.8060821,Henan
P0211,WC_0057_0017_E,73.15,2,7.6576,2030,4379560.9536304595,114.4450842,34.8060821,Henan
P0212,WC_0049_0019_K,135.06,2,10.7532,2030,11591685.506675057,100.462929,39.071222,Gansu
P0212,WC_0049_0019_D,139.39,3,10.9695,2030,1975496.1733249424,100.462929,39.071222,Gansu
P0213,WC_0057_0015_F,73.72,1,7.6859,2030,7846540.446400001,115.22746642857145,30.139824142857144,Hubei
P0214,WC_0040_0020_K,73.18,1,7.659,2030,871477.2179999999,81.22118188571429,40.57628974285715,Xinjiang
P0215,WC_0057_0019_C,147.15,3,11.3575,2030,1176146.4000000004,115.6012217,37.7526565,Hebei
P0216,WC_0063_0024_A,87.92,1,8.3962,2030,699178.4999999998,126.5290168,48.2323268,Heilongjiang
P0217,WC_0054_0009_H,76.34,1,7.8169,2030,3033632.6999999997,109.18408,19.772636,Hainan
P0218,WC_0056_0015_F,74.6,1,7.7299,2030,7537798.3824,112.2396082,31.04729105,Hubei
P0219,WC_0062_0022_A,33.13,1,5.6564,2030,1474293.6684,124.713103425,45.18673232500001,Jilin
P0220,WC_0057_0020_C,119.24,3,9.962,2030,705687.8400000004,114.636465,39.812212,Hebei
P0221,WC_0053_0017_D,55.42,1,6.7709,2030,19626238.029717855,106.7692569,35.395936240000005,Gansu
P0221,WC_0053_0017_F,130.54,2,10.5271,2030,4720880.811082143,106.7692569,35.395936240000005,Gansu
P0222,WC_0058_0013_F,57.55,1,6.8776,2030,24022655.999999996,116.5644289,27.7844943,Jiangxi
P0223,WC_0059_0015_F,96.19,2,8.8093,2030,41547031.457,118.48500455789474,31.722853400000005,Anhui
P0224,WC_0040_0020_K,40.69,1,6.0343,2030,2803942.58351995,80.284606,41.116463,Xinjiang
P0224,WC_0039_0020_K,99.02,2,8.9509,2030,7394318.676480047,80.284606,41.116463,Xinjiang
P0225,WC_0066_0022_A,79.77,1,7.9884,2030,6720461.999999999,132.54726,46.250035,Heilongjiang
P0226,WC_0058_0015_E,14.36,1,4.7178,2030,16905097.44,116.491363,31.656523,Anhui
P0227,WC_0055_0018_D,101.1,2,9.055,2030,2925658.8200000008,112.01524108333336,37.256315066666666,Shanxi
P0228,WC_0061_0020_A,133.68,3,10.684,2030,5990552.399999999,123.2061971,39.6759023,Liaoning
P0229,WC_0055_0017_D,6.47,1,4.3237,2030,22473289.0904,111.0107946818182,34.80419690909091,Henan
P0230,WC_0057_0021_K,76.94,1,7.8472,2030,796989.6,115.1452,43.5503,Inner Mongolia
P0231,WC_0058_0012_G,25.71,1,5.2853,2030,7627785.6,117.27690395,25.2826263,Fujian
P0232,WC_0059_0021_A,87.69,1,8.3846,2030,1207559.9999999998,118.711438,43.589584,Inner Mongolia
P0233,WC_0041_0020_K,30.96,1,5.5481,2030,6173874.8299124455,82.88791,41.73815,Xinjiang
P0234,WC_0056_0013_F,36.52,1,5.8259,2030,541847.9609999999,112.643208,26.99216,Hunan
P0235,WC_0058_0022_K,48.87,1,6.4434,2030,1593979.2,116.7196555,44.587344,Inner Mongolia
P0236,WC_0057_0017_D,80.59,3,8.0297,2030,530634.7842888108,114.17151851428574,35.9368248,Henan
P0236,WC_0056_0018_C,116.34,4,9.8172,2030,2613928.9809111864,114.17151851428574,35.9368248,Henan
P0237,WC_0057_0012_F,55.39,1,6.7697,2030,17382536.496,115.10297395,25.92432775,Jiangxi
P0238,WC_0052_0016_F,72.39,1,7.6195,2030,1199135.9999999998,105.57982345,32.331679699999995,Sichuan
P0239,WC_0053_0013_F,76.25,1,7.8127,2030,32989173.9372,106.45517692,27.52040356,Guizhou
P0241,WC_0055_0012_H,122.54,1,10.1271,2030,2658716.9699999993,111.693474,23.985332,Guangxi
P0242,WC_0045_0022_K,50.58,1,6.529,2030,4733364.737182004,90.22066,44.50694375,Xinjiang
P0243,WC_0058_0016_E,37.66,1,5.883,2030,142019318.94378734,116.88456934999998,32.72965889545455,Anhui
P0243,WC_0058_0015_E,138.29,2,10.9146,2030,24130975.73181266,116.88456934999998,32.72965889545455,Anhui
P0244,WC_0049_0019_K,119.51,2,9.9753,2030,10210530.027094472,98.30868356666667,39.79236645,Gansu
P0244,WC_0048_0019_K,153.65,3,11.6824,2030,9770388.794505527,98.30868356666667,39.79236645,Gansu
P0245,WC_0055_0015_F,75.99,1,7.7993,2030,12993448.009359999,111.494179,30.3951102,Hubei
P0246,WC_0059_0022_K,50.02,1,6.5012,2030,11155363.471515575,119.571302776,45.461377824,Inner Mongolia
P0246,WC_0059_0023_K,90.51,2,8.5256,2030,6568498.733568634,119.571302776,45.461377824,Inner Mongolia
P0246,WC_0059_0022_A,94.95,3,8.7477,2030,5814201.186913351,119.571302776,45.461377824,Inner Mongolia
P0246,WC_0060_0022_A,120.13,4,10.0065,2030,1911500.088502435,119.571302776,45.461377824,Inner Mongolia
P0247,WC_0059_0018_D,40.83,1,6.0415,2030,1013739.1748498621,118.9042265,38.096445,Shandong
P0247,WC_0059_0019_C,168.46,4,12.423,2030,84987.63695013677,118.9042265,38.096445,Shandong
P0248,WC_0056_0017_C,17.1,1,4.8552,2030,8519111.433195854,113.55311391818182,35.28212610000001,Henan
P0249,WC_0051_0017_D,178.38,4,12.919,2030,2777704.8,102.86741,36.519356,Gansu
P0250,WC_0048_0019_K,167.29,3,12.3645,2030,402201.60000000003,97.359004,40.208093,Gansu
P0251,WC_0057_0019_C,185.77,6,13.2885,2030,1086973.1184000014,116.94265595000002,38.3476141,Hebei
P0252,WC_0055_0012_H,55.96,1,6.7982,2030,2280910.632,111.34667,24.73609,Guangxi
P0253,WC_0053_0011_H,46.34,1,6.3168,2030,4983661.170488468,107.502443,23.339667,Guangxi
P0254,WC_0056_0013_F,119.39,1,9.9694,2030,9116597.951999998,114.005752,27.641968,Jiangxi
P0255,WC_0058_0015_F,30.61,1,5.5303,2030,11529313.045199998,117.05617661538456,30.56392938461539,Anhui
P0256,WC_0064_0023_A,72.22,1,7.611,2030,391539.95999999996,128.065134,46.980043,Heilongjiang
P0257,WC_0060_0021_A,114.92,2,9.7458,2030,728158.6799999998,122.390042,42.970016,Inner Mongolia
P0258,WC_0042_0020_K,87.2,1,8.3599,2030,1943868.9744704044,84.003586,41.821533,Xinjiang
P0259,WC_0053_0013_F,94.93,2,8.7465,2030,35754435.6408,106.08843133333332,26.953804166666668,Guizhou
P0260,WC_0053_0018_D,103.1,1,9.1552,2030,1848518.6412000002,106.291944,36.044444,Ningxia
P0261,WC_0044_0019_K,90.26,1,8.5132,2030,1072248.7715646874,88.32697,38.950112,Xinjiang
P0261,WC_0043_0019_K,107.21,2,9.3607,2030,748785.4301069478,88.32697,38.950112,Xinjiang
P0262,WC_0053_0013_F,70.02,2,7.5009,2030,9171397.200000001,107.5423551,26.6304173,Guizhou
P0263,WC_0054_0017_D,111.75,1,9.5874,2030,508255.99999999994,108.118848,34.258855,Shaanxi
P0264,WC_0052_0015_F,55.02,1,6.7512,2030,9653044.799999999,104.5803369,30.7056052,Sichuan
P0265,WC_0051_0018_K,38.86,1,5.943,2030,4721679.199999999,102.685854,37.901104,Gansu
P0266,WC_0062_0025_A,81.42,1,8.0711,2030,1887781.95,124.169753,50.427253,Heilongjiang
P0267,WC_0056_0014_F,115.12,1,9.756,2030,6487775.3968,113.87296000000002,29.665230000000005,Hubei
P0268,WC_0059_0020_A,43.87,1,6.1933,2030,910198.3499999999,119.341125,41.560504,Inner Mongolia
P0270,WC_0043_0023_K,83.36,1,8.1678,2030,6369127.199999997,86.5936,46.6088,Xinjiang
P0271,WC_0056_0012_F,49.37,1,6.4686,2030,5827030.199999999,113.06552,25.25886,Guangdong
P0272,WC_0047_0018_K,79.91,1,7.9956,2030,1230545.029583893,94.883333,36.416667,Qinghai
P0272,WC_0047_0017_K,101.28,2,9.0642,2030,863467.4746001456,94.883333,36.416667,Qinghai
P0272,WC_0046_0018_K,173.97,3,12.6983,2030,1188264.793083583,94.883333,36.416667,Qinghai
P0272,WC_0046_0017_K,196.22,4,13.8111,2030,3531853.102732376,94.883333,36.416667,Qinghai
P0273,WC_0058_0013_G,96.04,1,8.8018,2030,3813892.8,117.37926,26.00357,Fujian
P0274,WC_0057_0019_C,106.45,2,9.3225,2030,873199.6000000013,116.15334,38.74469,Hebei
P0275,WC_0051_0018_K,113.4,2,9.6699,2030,52482.291279887686,102.157971575,38.433599375,Gansu
P0275,WC_0050_0019_K,120.43,3,10.0216,2030,10756943.837987574,102.157971575,38.433599375,Gansu
P0276,WC_0043_0021_K,92.85,1,8.6424,2030,6369127.199999997,87.914977,42.82463,Xinjiang
P0277,WC_0054_0012_H,87.19,1,8.3596,2030,2658716.9699999993,109.6934879,24.4560027,Guangxi
P0278,WC_0054_0019_D,34.33,1,5.7167,2030,1098758.8439999998,109.4795544,39.0850986,Inner Mongolia
P0279,WC_0054_0011_H,81.46,1,8.0728,2030,4557800.519999998,109.7658333,23.1119444,Guangxi
P0280,WC_0059_0016_E,127.39,2,10.3693,2030,8452548.72,117.6878713,32.9337496,Anhui
P0281,WC_0042_0022_K,81.3,1,8.065,2030,1428448.4135999982,85.0218233,45.54546385,Xinjiang
P0282,WC_0059_0017_E,88.91,2,8.4453,2030,5879124.7713,118.7059434,35.7063058,Shandong
P0283,WC_0056_0015_F,89.76,1,8.4881,2030,3415135.6799999997,113.522017,31.640073,Hubei
P0284,WC_0059_0018_C,49.58,1,6.4789,2030,1650326.6315640507,117.91056765294118,38.10652717647059,Shandong
P0284,WC_0058_0019_C,129.57,3,10.4786,2030,4341364.240992963,117.91056765294118,38.10652717647059,Shandong
P0284,WC_0058_0018_C,135.6,4,10.7802,2030,18100840.374697912,117.91056765294118,38.10652717647059,Shandong
P0284,WC_0059_0019_C,179.63,6,12.9815,2030,10531811.648745071,117.91056765294118,38.10652717647059,Shandong
P0285,WC_0051_0012_F,110.01,2,9.5007,2030,10811066.399999997,104.0667928,25.6622058,Yunnan
P0286,WC_0057_0014_F,88.76,1,8.4381,2030,10770872.399999999,115.9378971,28.81613945,Jiangxi
P0287,WC_0051_0018_K,120.5,3,10.0249,2030,3267977.3097742028,104.169048,37.232754,Gansu
P0288,WC_0056_0022_K,56.44,1,6.822,2030,3937390.967806179,113.180878,44.018566,Inner Mongolia
P0288,WC_0056_0021_K,123.29,2,10.1647,2030,4430999.832193822,113.180878,44.018566,Inner Mongolia
P0289,WC_0060_0024_A,33.21,1,5.6603,2030,1899914.5259999996,120.835657,49.283636,Inner Mongolia
P0290,WC_0053_0014_F,109.42,1,9.4709,2030,17747508.06,106.24904266666664,28.29239933333333,Guizhou
P0291,WC_0056_0019_C,67.36,2,7.3681,2030,768344.2264999995,112.75008345,38.4604465,Shanxi
P0292,WC_0054_0015_F,60.19,1,7.0093,2030,5781805.199999999,108.456944,31.269167,Chongqing
P0293,WC_0052_0014_F,81.09,1,8.0543,2030,1927268.3999999997,105.85501600000002,29.0363,Chongqing
P0294,WC_0058_0014_F,26.41,1,5.3203,2030,5383134.028799998,117.08502,29.18719,Jiangxi
P0295,WC_0056_0011_H,10.45,1,4.5227,2030,17745771.126,112.89723415555557,23.012968666666666,Guangdong
P0296,WC_0057_0016_E,122.65,1,10.1324,2030,13435905.806577012,114.140877,32.109018,Henan
P0296,WC_0057_0015_E,132.8,2,10.6402,2030,6107474.465422989,114.140877,32.109018,Henan
P0297,WC_0059_0014_F,44.26,1,6.2132,2030,12011327.999999998,117.857259,28.28488,Jiangxi
P0298,WC_0044_0021_K,93.0,1,8.65,2030,1056239.999999999,88.51703900000001,44.087246,Xinjiang
P0299,WC_0060_0020_A,183.1,3,13.1551,2030,3240851.6399999987,121.254736,39.574197000000005,Liaoning
P0300,WC_0053_0011_H,71.78,1,7.5889,2030,1440575.136,107.555455,22.494869,Guangxi
P0301,WC_0059_0015_F,71.32,1,7.5661,2030,645193.9199999998,119.303398,31.487864,Jiangsu
P0302,WC_0040_0020_K,98.99,2,8.9495,2030,5875247.694802857,81.66835,41.720435,Xinjiang
P0302,WC_0040_0021_K,153.23,3,11.6613,2030,76664.70519714252,81.66835,41.720435,Xinjiang
P0303,WC_0057_0016_E,90.61,2,8.5306,2030,9405754.799999999,114.0485942,32.9569897,Henan
P0304,WC_0050_0021_K,37.46,1,5.8731,2030,327224.39820221334,101.042068,41.913656,Inner Mongolia
P0305,WC_0058_0022_K,59.44,1,6.9718,2030,3033994.499999999,117.630486,44.562956,Inner Mongolia
P0306,WC_0054_0020_D,114.0,2,9.7,2030,123756.84499455275,109.115512,39.91998,Inner Mongolia
P0306,WC_0053_0020_D,180.01,3,13.0005,2030,540401.1550054472,109.115512,39.91998,Inner Mongolia
P0307,WC_0056_0014_F,41.63,1,6.0814,2030,3563092.8000000003,113.465393,28.935746,Hunan
P0308,WC_0049_0018_K,163.11,3,12.1554,2030,2223441.8999999994,100.9098322,36.974299,Qinghai
P0309,WC_0060_0022_A,36.44,1,5.8221,2030,1410832.5999999999,121.41631999999998,44.97107,Inner Mongolia
P0310,WC_0055_0016_F,130.06,1,10.5028,2030,1437638.3999999997,110.0629,33.807099,Shaanxi
P0311,WC_0055_0014_F,67.69,1,7.3845,2030,1352193.7175999999,111.7,29.031,Hunan
P0312,WC_0055_0018_D,160.62,3,12.0312,2030,555540.0000000006,111.376042,35.590983,Shanxi
P0313,WC_0039_0019_K,55.75,1,6.7874,2030,1202008.3940015445,78.967921,39.895939,Xinjiang
P0314,WC_0056_0020_D,47.54,1,6.3768,2030,966047.9999999998,112.162201,40.27631,Inner Mongolia
P0315,WC_0057_0014_F,108.8,1,9.44,2030,15390314.7552,115.69073736,28.160454680000004,Jiangxi
P0316,WC_0054_0015_F,47.26,1,6.3632,2030,9262394.4,109.447256,31.118822,Chongqing
P0317,WC_0059_0016_E,85.6,1,8.2799,2030,1820190.1515000002,118.36866000000002,33.839984,Jiangsu
P0318,WC_0062_0021_A,66.6,1,7.3298,2030,4003457.7,124.4014418,43.15431715,Jilin
P0319,WC_0057_0020_K,103.48,3,9.1742,2030,704410.0000000002,113.747689,40.86604,Inner Mongolia
P0320,WC_0053_0012_H,51.8,1,6.5901,2030,2862501.2999999993,107.489232,25.226875,Guizhou
P0321,WC_0062_0021_A,4.38,1,4.2191,2030,4804149.24,125.1600082,42.8720236,Jilin
P0322,WC_0045_0021_K,80.77,1,8.0387,2030,2060477.0175392635,90.126799,42.974907,Xinjiang
P0323,WC_0055_0016_F,87.44,2,8.372,2030,18141984.0,111.90004,33.086416,Henan
P0324,WC_0053_0017_F,75.49,2,7.7746,2030,4212433.112081465,107.237001675,34.46888477500001,Shaanxi
P0325,WC_0060_0015_G,2.77,1,4.1386,2030,11114827.046999998,120.717248,30.22652,Zhejiang
P0327,WC_0054_0015_F,74.24,1,7.7119,2030,19025955.2912,108.333304,30.60260700000001,Chongqing
P0328,WC_0060_0021_A,136.91,2,10.8456,2030,2103509.142,122.1535206,43.6713737,Inner Mongolia
P0329,WC_0040_0022_K,65.29,1,7.2646,2030,105623.99999999994,80.437165,44.148549,Xinjiang
P0330,WC_0048_0020_K,49.87,1,6.4933,2030,2327374.0672878865,96.51300000000002,40.6599,Gansu
P0330,WC_0047_0020_K,115.45,2,9.7724,2030,1921168.1733178513,96.51300000000002,40.6599,Gansu
P0330,WC_0049_0020_K,198.56,3,13.928,2030,1490819.5833419836,96.51300000000002,40.6599,Gansu
P0332,WC_0057_0019_C,52.67,1,6.6337,2030,12028342.3104,114.8433969,38.5122064,Hebei
P0333,WC_0057_0011_H,37.19,1,5.8595,2030,3573900.2599199996,114.640278,23.567222,Guangdong
P0334,WC_0058_0020_C,156.98,4,11.8488,2030,498971.19999999885,115.999182,39.563323,Hebei
P0335,WC_0057_0015_F,42.47,1,6.1237,2030,8436075.055999998,114.8921871,31.1420662,Hubei
P0336,WC_0059_0023_K,35.38,1,5.7691,2030,1207560.0,119.106454,45.955947,Inner Mongolia
P0337,WC_0052_0012_H,79.99,1,7.9996,2030,5349981.7,105.776871,25.377552,Guizhou
P0338,WC_0055_0012_H,84.39,1,8.2194,2030,4095414.9599999995,110.06851,25.10107,Guangxi
P0340,WC_0059_0021_A,62.6,1,7.1299,2030,20022149.839999996,119.0763143846154,42.26995515384616,Inner Mongolia
P0341,WC_0057_0019_C,148.79,2,11.4394,2030,89101.9999999999,114.879269,37.64045,Hebei
P0342,WC_0060_0014_G,68.3,1,7.415,2030,3336656.6988,121.5744765125,28.854719537500003,Zhejiang
P0343,WC_0056_0014_F,83.61,1,8.1803,2030,8375799.751200001,112.2686111,28.596666700000004,Hunan
P0344,WC_0044_0018_K,136.1,1,10.8049,2030,1428777.6788995638,88.181922,37.876453,Xinjiang
P0344,WC_0043_0018_K,148.52,2,11.4261,2030,1174117.19316017,88.181922,37.876453,Xinjiang
P0345,WC_0051_0019_K,43.67,1,6.1837,2030,9355922.751600936,102.473117,38.949575,Gansu
P0345,WC_0050_0019_K,139.15,2,10.9573,2030,1201869.2483990635,102.473117,38.949575,Gansu
P0346,WC_0058_0021_K,84.73,1,8.2367,2030,7186598.166500613,116.1394932,43.997505,Inner Mongolia
P0346,WC_0057_0022_K,116.82,2,9.8408,2030,6943433.724499387,116.1394932,43.997505,Inner Mongolia
P0347,WC_0053_0019_D,28.28,1,5.414,2030,755576.7999999999,106.40747515,38.9737633,Ningxia
P0348,WC_0059_0016_F,14.39,1,4.7193,2030,26660923.442999996,118.86002289473684,32.23087336842106,Jiangsu
P0350,WC_0055_0011_H,35.56,1,5.7779,2030,1438349.3669999999,110.943891,23.290635,Guangxi
P0002,WC_0056_0019_C,83.32,2,8.166,2040,7030822.64150294,112.5059534875,39.44562280625,Shanxi
P0003,WC_0053_0014_F,46.2,1,6.3099,2040,97368819.44860399,106.56065670588237,29.095265411764704,Chongqing
P0004,WC_0053_0021_K,169.83,5,12.4917,2040,802300.4542353997,107.40690754545452,40.72295445454545,Inner Mongolia
P0004,WC_0052_0020_K,193.64,6,13.6821,2040,2099563.243013816,107.40690754545452,40.72295445454545,Inner Mongolia
P0005,WC_0052_0014_F,43.55,1,6.1775,2040,59602624.82669931,104.9672844,28.61919437777778,Sichuan
P0006,WC_0059_0020_A,182.7,5,13.1352,2040,7443821.034388844,118.25929270666668,39.741398106666665,Hebei
P0007,WC_0059_0020_C,153.95,3,11.6977,2040,16482548.388430512,118.36966382222224,39.17751832222221,Hebei
P0008,WC_0061_0018_E,16.13,1,4.8066,2040,6125987.306406817,122.11088608695654,37.34379926086956,Shandong
P0008,WC_0060_0018_E,120.18,2,10.0089,2040,1075070.5598482788,122.11088608695654,37.34379926086956,Shandong
P0009,WC_0055_0020_D,94.04,1,8.7019,2040,2420375.7040397525,109.97652060625,40.5446828,Inner Mongolia
P0009,WC_0054_0020_D,98.31,2,8.9155,2040,10022284.273380326,109.97652060625,40.5446828,Inner Mongolia
P0009,WC_0054_0020_K,135.36,3,10.768,2040,384188.79502336716,109.97652060625,40.5446828,Inner Mongolia
P0009,WC_0055_0020_K,136.34,4,10.8169,2040,5243894.170556569,109.97652060625,40.5446828,Inner Mongolia
P0010,WC_0052_0013_F,58.61,1,6.9306,2040,27242265.025119342,104.82352106666669,27.534283966666663,Yunnan
P0010,WC_0052_0014_F,165.01,3,12.2504,2040,100555.84533469641,104.82352106666669,27.534283966666663,Yunnan
P0011,WC_0056_0010_H,84.23,1,8.2114,2040,7579328.343900001,113.01274548571428,22.019859071428574,Guangdong
P0012,WC_0061_0021_A,58.62,1,6.9312,2040,17037092.684443332,123.77717060769234,42.46554086923077,Liaoning
P0012,WC_0062_0020_A,174.66,3,12.733,2040,14499171.999956666,123.77717060769234,42.46554086923077,Liaoning
P0013,WC_0056_0020_C,44.21,1,6.2106,2040,2181610.590230862,113.16431352926828,40.1414594,Shanxi
P0013,WC_0057_0020_C,192.57,7,13.6283,2040,11253023.913641702,113.16431352926828,40.1414594,Shanxi
P0013,WC_0057_0020_K,196.43,8,13.8214,2040,734848.3691274268,113.16431352926828,40.1414594,Shanxi
P0014,WC_0056_0011_H,99.44,1,8.9719,2040,25642817.566799995,112.024739125,22.974058575,Guangdong
P0015,WC_0056_0012_F,55.94,1,6.7968,2040,16170872.807429997,113.088394,26.08946423333333,Hunan
P0016,WC_0056_0015_F,84.21,1,8.2104,2040,17401806.609279998,113.8259234888889,30.660474866666668,Hubei
P0018,WC_0065_0021_A,54.98,1,6.7489,2040,8873118.065999987,129.9301436,42.9040347,Jilin
P0019,WC_0055_0013_F,80.25,1,8.0126,2040,18768238.530929994,111.5750416714286,27.544403028571427,Hunan
P0020,WC_0060_0015_G,62.87,1,7.1436,2040,12982952.60343,121.14102242857142,30.68855748571428,Zhejiang
P0021,WC_0058_0017_E,70.09,1,7.5045,2040,48733785.373504214,116.69009585,35.4451589,Shandong
P0022,WC_0059_0017_E,163.03,3,12.1517,2040,15886987.054426277,120.11881293333334,35.99860965,Shandong
P0022,WC_0060_0017_E,194.8,4,13.7401,2040,8965544.283111222,120.11881293333334,35.99860965,Shandong
P0023,WC_0056_0016_F,135.68,4,10.7838,2040,36719474.964959994,113.21201491428567,33.7993222857143,Henan
P0024,WC_0053_0014_F,77.68,1,7.884,2040,12847750.940977,107.31146671428574,29.655601142857147,Chongqing
P0025,WC_0062_0021_A,106.96,1,9.3479,2040,28577257.49734585,125.24796920000004,43.81222732,Jilin
P0025,WC_0062_0022_A,132.69,2,10.6345,2040,16083184.488789123,125.24796920000004,43.81222732,Jilin
P0025,WC_0063_0021_A,173.78,3,12.689,2040,9226704.380621037,125.24796920000004,43.81222732,Jilin
P0027,WC_0058_0017_E,199.88,8,13.9942,2040,4181399.3812855086,116.036756325,36.48592403125,Shandong
P0028,WC_0056_0013_F,68.97,1,7.4486,2040,24089922.349289995,113.13893942,27.64443306,Hunan
P0029,WC_0063_0022_A,40.81,1,6.0406,2040,1824099.1799999997,127.02565466666664,44.58916933333334,Jilin
P0030,WC_0063_0021_A,116.26,1,9.813,2040,47755078.952190004,126.50366462499998,43.90009873333333,Jilin
P0031,WC_0055_0017_D,187.39,5,13.3696,2040,7495378.511588725,111.5960795,36.44789901666667,Shanxi
P0032,WC_0057_0017_E,104.62,3,9.231,2040,1449041.8374600012,114.94455282857145,35.69333081428572,Henan
P0033,WC_0055_0016_D,105.3,2,9.2652,2040,2835198.657139932,112.2235970526316,34.61218205263158,Henan
P0033,WC_0056_0016_E,189.04,6,13.4521,2040,1289037.4634800653,112.2235970526316,34.61218205263158,Henan
P0034,WC_0058_0017_E,149.15,5,11.4574,2040,3561971.5998900007,116.80496215,36.2049641,Shandong
P0035,WC_0058_0015_F,59.27,1,6.9636,2040,36101042.9328,117.78143773571428,30.986382207142857,Anhui
P0036,WC_0060_0015_F,40.29,1,6.0144,2040,44071466.3277,121.25921157285715,31.52313884714286,Jiangsu
P0037,WC_0056_0020_D,51.98,1,6.5992,2040,994245.0948109347,111.63531936666668,40.73734619444445,Inner Mongolia
P0037,WC_0056_0020_K,116.87,4,9.8436,2040,5107132.939189065,111.63531936666668,40.73734619444445,Inner Mongolia
P0038,WC_0053_0015_F,64.82,1,7.241,2040,90621129.77471995,106.77105626666668,30.466155083333334,Sichuan
P0039,WC_0061_0023_A,55.15,1,6.7575,2040,18447408.172124993,123.69026015555556,47.216015733333336,Heilongjiang
P0040,WC_0056_0018_D,72.54,1,7.6271,2040,5412047.532499999,112.39579644705884,37.87612592941177,Shanxi
P0041,WC_0057_0019_C,41.84,1,6.0922,2040,4830359.201888221,115.42118525333336,38.861997093333336,Hebei
P0042,WC_0059_0017_E,166.51,7,12.3257,2040,45287923.194240004,117.7747333,36.10888457777778,Shandong
P0043,WC_0058_0016_E,83.92,1,8.196,2040,43766144.67589552,116.754942764,33.761710992,Anhui
P0043,WC_0057_0016_E,186.08,4,13.304,2040,78936763.80760448,116.754942764,33.761710992,Anhui
P0044,WC_0062_0023_A,60.8,1,7.0398,2040,16645329.830831833,124.97499467692306,46.49802851538463,Heilongjiang
P0044,WC_0061_0023_A,153.04,2,11.6522,2040,1644972.7966926063,124.97499467692306,46.49802851538463,Heilongjiang
P0044,WC_0063_0023_A,165.16,3,12.2579,2040,6125483.492443412,124.97499467692306,46.49802851538463,Heilongjiang
P0044,WC_0061_0022_A,181.57,5,13.0786,2040,4120837.6380446516,124.97499467692306,46.49802851538463,Heilongjiang
P0045,WC_0056_0017_D,4.72,1,4.2358,2040,16617762.432437861,112.67363529032258,35.190280632258066,Henan
P0045,WC_0056_0017_E,109.66,3,9.4832,2040,10275032.423988972,112.67363529032258,35.190280632258066,Henan
P0045,WC_0055_0017_D,160.81,4,12.0404,2040,6678457.461479933,112.67363529032258,35.190280632258066,Henan
P0046,WC_0061_0014_G,47.33,1,6.3665,2040,16852888.808592025,121.86577418444443,30.01492672666668,Zhejiang
P0046,WC_0060_0015_G,112.59,2,9.6297,2040,9275479.885845631,121.86577418444443,30.01492672666668,Zhejiang
P0047,WC_0061_0020_A,182.54,4,13.1268,2040,9030358.372839997,120.95330144285712,41.001320185714285,Liaoning
P0048,WC_0055_0018_D,137.1,3,10.8551,2040,2310583.4499999997,111.1116265,38.213208,Shanxi
P0049,WC_0044_0021_K,55.29,1,6.7647,2040,1030533.683559534,88.9060775,42.808315,Xinjiang
P0049,WC_0044_0020_K,166.46,2,12.3231,2040,729064.5598110501,88.9060775,42.808315,Xinjiang
P0049,WC_0043_0021_K,168.96,3,12.4478,2040,1001651.8268694145,88.9060775,42.808315,Xinjiang
P0050,WC_0057_0016_E,185.3,5,13.2652,2040,13062732.424,115.4996139,34.5444303,Henan
P0051,WC_0057_0018_C,139.22,3,10.9608,2040,12449778.780424371,114.29729676999996,38.11601805999999,Hebei
P0052,WC_0060_0016_F,55.33,1,6.7666,2040,48413942.029138446,120.36732789473685,31.886977849122808,Jiangsu
P0052,WC_0060_0015_F,87.46,2,8.3729,2040,38137463.138361536,120.36732789473685,31.886977849122808,Jiangsu
P0053,WC_0065_0022_A,38.3,1,5.9149,2040,21674626.19173357,130.88350004444445,45.52289057777777,Heilongjiang
P0053,WC_0066_0022_A,138.26,2,10.9131,2040,838921.5082664343,130.88350004444445,45.52289057777777,Heilongjiang
P0054,WC_0058_0020_C,179.55,5,12.9775,2040,6064014.009593496,114.86662302857142,40.658597571428565,Hebei
P0055,WC_0054_0017_D,113.05,2,9.6527,2040,3074682.425,110.291820675,34.722310675,Shanxi
P0056,WC_0057_0012_F,48.04,1,6.4021,2040,47345728.143576406,114.6474855,25.235139166666663,Jiangxi
P0057,WC_0051_0017_D,148.78,2,11.4388,2040,4895899.526400001,103.63660057777776,36.10173662222222,Gansu
P0058,WC_0059_0016_E,148.83,3,11.4413,2040,13375744.737622451,119.50311133333334,34.54334577777778,Jiangsu
P0059,WC_0055_0020_D,73.9,1,7.6949,2040,1636551.8328112713,111.26340109523812,39.86658994761905,Inner Mongolia
P0059,WC_0056_0019_D,150.4,4,11.52,2040,1108692.5210399795,111.26340109523812,39.86658994761905,Inner Mongolia
P0059,WC_0056_0020_K,191.78,6,13.5892,2040,384856.7556961915,111.26340109523812,39.86658994761905,Inner Mongolia
P0059,WC_0056_0019_C,197.18,7,13.8588,2040,13557502.609452548,111.26340109523812,39.86658994761905,Inner Mongolia
P0060,WC_0059_0017_E,55.61,1,6.7806,2040,15902742.121083533,119.34751615999998,35.25980932000001,Shandong
P0061,WC_0059_0018_E,36.02,1,5.8008,2040,6741358.724520005,118.8704271357143,36.916450514285714,Shandong
P0062,WC_0043_0020_K,93.72,1,8.6862,2040,3215661.2361782044,86.38826449999999,41.9057335,Xinjiang
P0064,WC_0058_0018_C,55.41,1,6.7706,2040,3662377.205190005,116.30790365,37.390696166666665,Shandong
P0065,WC_0041_0022_K,164.64,3,12.2321,2040,7069642.071749996,84.88765941000001,44.51353533,Xinjiang
P0066,WC_0059_0012_G,45.41,1,6.2705,2040,2678435.39904,119.05258655555556,25.21517051111111,Fujian
P0067,WC_0059_0020_A,135.14,3,10.7571,2040,12764943.09753617,119.67226051428575,39.97792042857143,Hebei
P0067,WC_0060_0020_A,165.72,4,12.2861,2040,23575380.69924556,119.67226051428575,39.97792042857143,Hebei
P0068,WC_0060_0013_G,49.67,1,6.4837,2040,934656.8623244547,120.60543628,27.43325004,Zhejiang
P0069,WC_0054_0017_D,8.29,1,4.4146,2040,6784310.0,109.10067892,34.81815216,Shaanxi
P0070,WC_0057_0017_E,63.77,1,7.1887,2040,41326024.33272,115.56860472222225,35.294208722222216,Shandong
P0071,WC_0052_0013_H,22.82,1,5.1412,2040,21169935.651092473,104.54053204,26.182950060000003,Guizhou
P0071,WC_0051_0012_F,173.96,4,12.6978,2040,7775670.532084535,104.54053204,26.182950060000003,Guizhou
P0071,WC_0051_0013_F,189.84,5,13.4919,2040,16104372.816822995,104.54053204,26.182950060000003,Guizhou
P0072,WC_0065_0023_A,57.51,1,6.8756,2040,20529411.299999997,131.41872039999998,46.6215169,Heilongjiang
P0073,WC_0061_0020_A,48.07,1,6.4036,2040,11076656.190774996,123.4034578352941,41.25218117647059,Liaoning
P0075,WC_0057_0016_E,95.0,1,8.7499,2040,12376396.691999998,114.316042,33.5464985,Henan
P0076,WC_0054_0011_H,90.37,1,8.5185,2040,18162460.760080002,109.2172239,23.73486028181818,Guangxi
P0077,WC_0046_0021_K,93.6,1,8.68,2040,4570228.771764939,93.31052133333334,42.51244766666667,Xinjiang
P0077,WC_0047_0021_K,136.56,2,10.8278,2040,1523672.2077794932,93.31052133333334,42.51244766666667,Xinjiang
P0078,WC_0063_0022_A,93.3,1,8.6652,2040,30741369.383129925,126.63870604615386,45.738477292307685,Heilongjiang
P0078,WC_0063_0023_A,141.96,2,11.0979,2040,14982790.683748532,126.63870604615386,45.738477292307685,Heilongjiang
P0078,WC_0064_0022_A,196.54,5,13.8272,2040,2417465.442346536,126.63870604615386,45.738477292307685,Heilongjiang
P0079,WC_0054_0010_H,33.81,1,5.6905,2040,3618583.07504878,108.5689820142857,21.687818557142855,Guangxi
P0080,WC_0058_0017_E,23.9,1,5.1952,2040,40967141.99985,117.27766755263158,34.90857122631579,Shandong
P0081,WC_0052_0017_D,183.33,5,13.1664,2040,4406500.960120228,103.91035866666664,36.588604333333336,Gansu
P0082,WC_0060_0021_A,104.91,1,9.2454,2040,15553091.6966662,121.61303683333335,41.93595583333334,Liaoning
P0082,WC_0061_0020_A,172.28,4,12.614,2040,1366653.0283337934,121.61303683333335,41.93595583333334,Liaoning
P0083,WC_0055_0019_D,29.81,1,5.4904,2040,8352102.777999999,111.14797504615385,39.20309480769231,Shaanxi
P0084,WC_0054_0017_D,63.86,1,7.1931,2040,2224155.483999999,109.748516175,35.0326723,Shaanxi
P0085,WC_0059_0016_E,192.11,5,13.6053,2040,58944513.285000004,117.38812471428572,34.37115052380951,Jiangsu
P0087,WC_0058_0020_C,102.95,2,9.1476,2040,8399203.163304808,117.62799128888888,39.96386984444444,Hebei
P0088,WC_0059_0015_F,96.46,1,8.823,2040,24077990.399399992,119.906331,31.112822777777776,Zhejiang
P0089,WC_0053_0019_D,72.54,1,7.6268,2040,8825314.526083652,106.63083476923076,38.09433597948717,Ningxia
P0089,WC_0053_0018_D,143.27,3,11.1635,2040,8963970.74041635,106.63083476923076,38.09433597948717,Ningxia
P0090,WC_0056_0011_H,56.6,1,6.8301,2040,31231716.465960003,113.5348139151515,22.942231745454546,Guangdong
P0091,WC_0056_0012_H,50.63,1,6.5315,2040,41662744.1064,113.56754175384616,24.69749064615385,Guangdong
P0092,WC_0057_0013_F,101.84,1,9.0919,2040,42614972.953085445,114.79901501111112,27.92697431111111,Jiangxi
P0093,WC_0056_0014_F,61.68,1,7.084,2040,11858955.42375,113.08135288,29.48292738,Hunan
P0094,WC_0058_0011_G,43.65,1,6.1824,2040,17920746.659658518,117.65712922941177,23.87389818235294,Fujian
P0094,WC_0058_0011_H,127.03,2,10.3517,2040,9190956.210341476,117.65712922941177,23.87389818235294,Fujian
P0095,WC_0058_0015_F,111.08,2,9.5538,2040,30669783.350820005,117.48208799999998,31.780410714285715,Anhui
P0096,WC_0058_0012_H,58.57,1,6.9284,2040,62263773.31757499,116.39166080000004,24.39771004,Guangdong
P0098,WC_0044_0022_K,22.64,1,5.1322,2040,8842659.063206207,89.16161844384615,44.78648652673076,Xinjiang
P0098,WC_0043_0022_K,178.81,4,12.9404,2040,9818851.945593793,89.16161844384615,44.78648652673076,Xinjiang
P0099,WC_0052_0014_F,58.57,1,6.9286,2040,18938354.559999976,105.03624913333331,29.5345342,Sichuan
P0100,WC_0058_0014_F,67.52,1,7.3761,2040,29379486.650399994,117.10249263333333,28.3432053,Jiangxi
P0101,WC_0050_0018_D,43.56,1,6.1781,2040,6899599.757124693,101.65731172727271,36.79799763636363,Qinghai
P0101,WC_0051_0018_D,99.26,2,8.9631,2040,4017874.6290556313,101.65731172727271,36.79799763636363,Qinghai
P0101,WC_0050_0018_K,102.31,3,9.1154,2040,12308902.28960939,101.65731172727271,36.79799763636363,Qinghai
P0101,WC_0051_0018_K,139.36,4,10.968,2040,2932350.029483686,101.65731172727271,36.79799763636363,Qinghai
P0102,WC_0055_0014_F,78.73,1,7.9363,2040,10112985.645839998,111.3662008,29.594144733333334,Hunan
P0103,WC_0054_0019_D,109.13,1,9.4565,2040,1622311.1161750325,109.88846628571426,39.71318328571429,Inner Mongolia
P0103,WC_0055_0019_D,133.12,2,10.6561,2040,151608.70306360687,109.88846628571426,39.71318328571429,Inner Mongolia
P0103,WC_0055_0020_D,135.71,3,10.7854,2040,1776608.4707613543,109.88846628571426,39.71318328571429,Inner Mongolia
P0104,WC_0059_0022_A,53.92,1,6.6961,2040,3364775.3729999997,118.61048795,44.8662699,Inner Mongolia
P0105,WC_0062_0020_A,137.61,1,10.8807,2040,6866598.34216219,124.23231075,39.97204075,Liaoning
P0106,WC_0057_0015_F,39.11,1,5.9555,2040,33347630.03999999,114.611121304,30.616741076000004,Hubei
P0107,WC_0060_0019_A,54.54,1,6.727,2040,4044860.7218917375,121.7068036210526,39.02835461052631,Liaoning
P0107,WC_0061_0019_A,105.6,2,9.2801,2040,6105490.63388452,121.7068036210526,39.02835461052631,Liaoning
P0108,WC_0055_0010_H,35.5,1,5.7749,2040,2914558.7472,110.43623373846152,21.178269200000003,Guangdong
P0109,WC_0053_0017_D,72.19,1,7.6094,2040,8432530.031226587,107.89730960769232,35.14298256153846,Shaanxi
P0110,WC_0052_0012_H,35.76,1,5.7882,2040,89130396.69964552,104.76878606666668,25.310301483333333,Guizhou
P0110,WC_0051_0012_H,153.45,3,11.6725,2040,17201574.437464297,104.76878606666668,25.310301483333333,Guizhou
P0110,WC_0052_0011_H,177.02,4,12.8509,2040,2017918.492690189,104.76878606666668,25.310301483333333,Guizhou
P0111,WC_0055_0011_H,117.76,1,9.8882,2040,1358686.9405199997,109.99253175,22.4336885,Guangxi
P0113,WC_0057_0021_K,119.23,2,9.9614,2040,6667010.123946602,116.21173066666664,42.22019666666666,Inner Mongolia
P0113,WC_0058_0021_A,132.52,3,10.6262,2040,6060282.465694441,116.21173066666664,42.22019666666666,Inner Mongolia
P0113,WC_0058_0021_K,145.78,4,11.2889,2040,2394212.1739805825,116.21173066666664,42.22019666666666,Inner Mongolia
P0114,WC_0054_0010_H,76.42,1,7.8211,2040,4018130.5163999996,109.61024596666668,21.59652003333333,Guangxi
P0115,WC_0059_0017_E,56.51,1,6.8257,2040,16038004.997069998,118.2819026,34.988247133333324,Shandong
P0116,WC_0061_0020_A,95.89,1,8.7947,2040,859936.6654099996,122.04982786666666,41.17928143333334,Liaoning
P0117,WC_0056_0016_F,63.02,1,7.151,2040,17316490.611679997,112.59986043333332,33.21598703333334,Henan
P0118,WC_0061_0020_A,115.92,2,9.7959,2040,2789432.657759619,123.71805184166664,41.817224116666665,Liaoning
P0118,WC_0062_0020_A,122.69,3,10.1345,2040,32904788.868160374,123.71805184166664,41.817224116666665,Liaoning
P0119,WC_0052_0013_F,59.66,2,6.983,2040,50068850.474999994,105.02177205882354,26.63320383529412,Guizhou
P0120,WC_0059_0024_A,67.79,1,7.3896,2040,4024898.109999999,119.81555575,48.5947915,Inner Mongolia
P0121,WC_0057_0011_H,63.74,1,7.1869,2040,6408341.690400001,114.86316415,22.7171561,Guangdong
P0122,WC_0054_0018_D,156.36,3,11.8179,2040,3911912.1220299453,109.62005655238094,38.22282690476191,Shaanxi
P0122,WC_0055_0018_D,178.99,4,12.9497,2040,2835533.319683212,109.62005655238094,38.22282690476191,Shaanxi
P0123,WC_0057_0018_C,49.22,1,6.4609,2040,2834133.6188307125,114.46096423333331,36.70211735555555,Hebei
P0123,WC_0057_0017_C,108.42,3,9.421,2040,4252348.7596133705,114.46096423333331,36.70211735555555,Hebei
P0124,WC_0056_0017_E,20.31,1,5.0156,2040,8690586.552389292,113.31786984347823,34.562298121739126,Henan
P0124,WC_0056_0016_E,151.79,5,11.5894,2040,55862080.53201071,113.31786984347823,34.562298121739126,Henan
P0125,WC_0043_0021_K,106.08,1,9.3042,2040,11311215.953147383,87.58797759459459,44.02529907567568,Xinjiang
P0126,WC_0059_0016_F,48.56,1,6.4278,2040,17454472.823672175,119.5260382647059,32.21680167647058,Jiangsu
P0126,WC_0059_0016_E,127.59,3,10.3794,2040,21100961.177225444,119.5260382647059,32.21680167647058,Jiangsu
P0126,WC_0060_0016_E,133.41,4,10.6704,2040,18169897.07970239,119.5260382647059,32.21680167647058,Jiangsu
P0127,WC_0058_0021_C,182.51,5,13.1255,2040,1969430.9484296346,117.81527714285714,40.78629914285714,Hebei
P0128,WC_0039_0018_K,98.36,1,8.9181,2040,3050068.369136278,79.94897945,37.21687335,Xinjiang
P0128,WC_0040_0018_K,116.58,2,9.8291,2040,588690.0654723513,79.94897945,37.21687335,Xinjiang
P0129,WC_0053_0019_K,59.29,1,6.9644,2040,190814.16589111503,106.8149754842105,39.44216274385965,Inner Mongolia
P0129,WC_0053_0019_D,81.13,2,8.0564,2040,232287.3932153488,106.8149754842105,39.44216274385965,Inner Mongolia
P0129,WC_0052_0019_K,157.73,3,11.8866,2040,2402229.804692308,106.8149754842105,39.44216274385965,Inner Mongolia
P0129,WC_0053_0020_D,167.93,5,12.3964,2040,3922138.9809854613,106.8149754842105,39.44216274385965,Inner Mongolia
P0129,WC_0053_0020_K,198.89,6,13.9444,2040,5956262.115215758,106.8149754842105,39.44216274385965,Inner Mongolia
P0130,WC_0058_0020_C,89.85,1,8.4925,2040,1332074.9000000004,116.8487413,39.9527554,Hebei
P0132,WC_0061_0022_A,43.03,1,6.1515,2040,7784172.5016399985,122.82737375,45.5797501,Jilin
P0133,WC_0057_0016_E,97.34,2,8.8671,2040,41216933.05443536,116.06149366666666,32.906693999999995,Anhui
P0134,WC_0055_0018_D,55.88,1,6.7941,2040,5883795.721193349,111.00816366153846,37.48729852307692,Shanxi
P0135,WC_0059_0021_A,180.62,5,13.0311,2040,4674770.354999998,120.3721705,41.560774,Liaoning
P0136,WC_0060_0022_A,126.29,3,10.3143,2040,1641179.4837668533,122.04553733333334,46.07332433333334,Inner Mongolia
P0136,WC_0060_0023_A,126.72,4,10.3361,2040,191896.59623314094,122.04553733333334,46.07332433333334,Inner Mongolia
P0137,WC_0044_0021_K,87.77,1,8.3887,2040,1182988.7999999986,89.43194749999999,44.005311000000006,Xinjiang
P0138,WC_0063_0020_A,66.78,1,7.3388,2040,10045039.319999998,126.1607947,41.841904666666665,Jilin
P0139,WC_0064_0022_A,70.75,1,7.5376,2040,8992276.176487498,129.6441606666667,44.627998,Heilongjiang
P0141,WC_0060_0018_E,81.87,1,8.0936,2040,32962611.1575,120.34899307142857,37.63422128571428,Shandong
P0142,WC_0060_0016_F,87.45,1,8.3723,2040,630930.8411,121.67171711111112,32.064600444444444,Jiangsu
P0143,WC_0051_0011_H,42.35,1,6.1177,2040,6661246.718548301,103.20416861428572,23.831920442857147,Yunnan
P0143,WC_0051_0011_J,97.55,3,8.8775,2040,16534138.28145169,103.20416861428572,23.831920442857147,Yunnan
P0144,WC_0056_0018_C,120.13,2,10.0063,2040,5088484.833250002,113.53523736363633,37.83865712727273,Shanxi
P0145,WC_0061_0020_A,104.17,3,9.2085,2040,14799317.386919996,122.111451375,40.336695375000005,Liaoning
P0146,WC_0054_0017_D,160.37,3,12.0183,2040,3981370.000000002,110.60157317,35.60675549,Shanxi
P0147,WC_0056_0020_K,3.09,1,4.1545,2040,1046767.4048650371,112.9491444,40.9942226,Inner Mongolia
P0147,WC_0057_0020_K,152.57,4,11.6283,2040,1421002.2111349648,112.9491444,40.9942226,Inner Mongolia
P0148,WC_0060_0018_E,71.83,1,7.5914,2040,3559470.515599287,121.17031739999996,37.58648391999999,Shandong
P0149,WC_0054_0017_D,94.72,1,8.7362,2040,5340499.92,109.11732799999996,35.73940914285714,Shaanxi
P0150,WC_0053_0013_F,7.33,1,4.3667,2040,1536209.0309999997,107.028961,27.13609633333333,Guizhou
P0151,WC_0058_0018_D,66.17,3,7.3084,2040,3258177.810000003,117.24917,36.84487961052631,Shandong
P0152,WC_0055_0010_H,38.97,1,5.9485,2040,11756661.549499998,110.8766253,21.674481614285718,Guangdong
P0153,WC_0065_0023_A,43.11,1,6.1554,2040,2273803.996759952,130.29474041818182,47.05959753636363,Heilongjiang
P0153,WC_0064_0023_A,97.03,2,8.8515,2040,22825021.428865045,130.29474041818182,47.05959753636363,Heilongjiang
P0154,WC_0058_0019_C,43.67,1,6.1834,2040,12448580.255059883,117.49515763809524,38.89308288571428,Tianjin
P0154,WC_0059_0019_C,129.89,2,10.4944,2040,9028169.103779858,117.49515763809524,38.89308288571428,Tianjin
P0155,WC_0056_0018_C,36.23,1,5.8115,2040,2367313.343,113.0482917,36.9563088,Shanxi
P0156,WC_0051_0012_J,22.35,1,5.1176,2040,6216363.179999998,102.3335597,25.0149171,Yunnan
P0157,WC_0053_0013_H,138.32,3,10.9161,2040,9286083.58324676,105.61257831999998,26.32126902000001,Guizhou
P0157,WC_0053_0013_F,164.27,5,12.2136,2040,31017144.519669183,105.61257831999998,26.32126902000001,Guizhou
P0158,WC_0053_0011_H,80.15,1,8.0077,2040,7199962.435574999,106.45162566666669,23.29812266666666,Guangxi
P0159,WC_0059_0012_G,76.32,1,7.816,2040,3982188.9735248955,118.63520546666663,24.687213566666667,Fujian
P0160,WC_0056_0015_F,109.42,1,9.4712,2040,29935816.901339184,112.36138973333333,30.151720266666665,Hubei
P0161,WC_0059_0014_G,23.32,1,5.1658,2040,11036350.331249999,118.8811483,28.9022094,Zhejiang
P0162,WC_0059_0017_E,116.62,4,9.8311,2040,5204029.54407,117.7606535,35.409393550000004,Shandong
P0163,WC_0058_0020_C,160.12,3,12.0058,2040,2411271.3116761507,116.90355235,39.31496365,Hebei
P0164,WC_0056_0014_F,39.11,1,5.9556,2040,5768209.670399999,112.9124966,28.5953512,Hunan
P0165,WC_0056_0017_C,130.03,4,10.5015,2040,1062115.0310370177,113.6907271,36.5985437,Hebei
P0165,WC_0057_0017_D,165.03,6,12.2517,2040,2461055.2536932398,113.6907271,36.5985437,Hebei
P0166,WC_0053_0011_H,81.46,1,8.0732,2040,14000550.352880001,106.9209267,23.73388806,Guangxi
P0167,WC_0058_0018_D,94.73,3,8.7366,2040,5479672.337876764,117.967045252,36.863153202,Shandong
P0167,WC_0058_0017_D,125.3,7,10.2648,2040,3434330.5845632353,117.967045252,36.863153202,Shandong
P0168,WC_0041_0022_K,62.31,1,7.1156,2040,704548.1783287047,82.08918665,44.86349865,Xinjiang
P0168,WC_0040_0022_K,91.9,2,8.595,2040,3639681.865283352,82.08918665,44.86349865,Xinjiang
P0169,WC_0052_0013_F,27.3,1,5.3648,2040,16459382.474999994,105.49295496666667,27.159312466666663,Guizhou
P0171,WC_0054_0016_F,157.75,2,11.8877,2040,20699451.68,108.8980685142857,34.31278957142858,Shaanxi
P0172,WC_0052_0015_F,93.82,1,8.6911,2040,55499572.01643998,104.81546613333336,31.82574306666667,Sichuan
P0173,WC_0052_0019_D,38.95,1,5.9475,2040,322918.6496406866,105.9749642,37.94774005,Ningxia
P0173,WC_0052_0018_D,127.9,4,10.3949,2040,3222007.847937058,105.9749642,37.94774005,Ningxia
P0173,WC_0053_0018_D,149.8,6,11.4901,2040,1120442.1048222627,105.9749642,37.94774005,Ningxia
P0174,WC_0056_0018_C,56.25,1,6.8126,2040,5777341.565221914,113.02755668571427,36.34547512380952,Shanxi
P0174,WC_0056_0017_C,113.86,3,9.693,2040,260026.4207780869,113.02755668571427,36.34547512380952,Shanxi
P0175,WC_0054_0013_F,29.15,1,5.4576,2040,19751258.97,108.8925723,27.2103544,Guizhou
P0176,WC_0056_0016_F,95.68,1,8.784,2040,6851083.219877694,112.16024828,31.92788278,Hubei
P0176,WC_0056_0015_F,134.89,2,10.7446,2040,9150382.30064263,112.16024828,31.92788278,Hubei
P0177,WC_0061_0021_A,88.56,1,8.4278,2040,2951209.2303999965,123.4633255,43.5282178,Jilin
P0178,WC_0054_0018_D,47.72,1,6.3859,2040,2264915.8,109.52639,36.7187265,Shaanxi
P0179,WC_0058_0012_G,97.83,1,8.8915,2040,1957567.6249999995,118.0379032625,24.419180087500003,Fujian
P0180,WC_0058_0024_A,82.48,1,8.124,2040,4870240.425,117.568398,49.461172000000005,Inner Mongolia
P0181,WC_0040_0022_K,68.93,1,7.4465,2040,9335614.84520767,81.232426,43.9809660952381,Xinjiang
P0181,WC_0040_0021_K,103.11,2,9.1555,2040,23728140.262538508,81.232426,43.9809660952381,Xinjiang
P0182,WC_0058_0014_F,126.47,1,10.3236,2040,13541836.913999995,116.15259249090909,29.75556527272727,Jiangxi
P0183,WC_0043_0023_K,48.87,1,6.4437,2040,4013990.3635466523,87.7296623,47.28983,Xinjiang
P0184,WC_0058_0018_E,81.56,2,8.0781,2040,7404216.147884146,117.83290064347824,37.425986234782606,Shandong
P0184,WC_0059_0018_E,131.3,5,10.5648,2040,3178992.80730186,117.83290064347824,37.425986234782606,Shandong
P0184,WC_0058_0018_D,141.32,6,11.066,2040,132031.83396359818,117.83290064347824,37.425986234782606,Shandong
P0185,WC_0053_0013_F,104.32,1,9.2158,2040,13838983.274999999,106.9379912,28.00455835,Guizhou
P0186,WC_0052_0018_K,43.53,1,6.1763,2040,1363967.8144743473,105.39427115384616,37.59225300000001,Ningxia
P0186,WC_0052_0018_D,73.23,2,7.6613,2040,2129406.7240256513,105.39427115384616,37.59225300000001,Ningxia
P0187,WC_0060_0021_A,94.74,1,8.7368,2040,416608.2000000002,121.331659,43.585098,Inner Mongolia
P0188,WC_0046_0022_K,9.96,1,4.498,2040,2207679.3333534896,92.926001,44.53792,Xinjiang
P0188,WC_0045_0022_K,176.04,4,12.8019,2040,327296.66664650734,92.926001,44.53792,Xinjiang
P0189,WC_0051_0012_F,57.29,2,6.8647,2040,10360605.299999997,103.0278556,24.9631234,Yunnan
P0190,WC_0059_0016_E,26.69,1,5.3343,2040,40318357.27518641,119.00320116666668,33.51324183333334,Jiangsu
P0191,WC_0055_0013_F,70.59,1,7.5295,2040,2151217.278,111.492692,26.56672,Hunan
P0192,WC_0054_0018_D,103.33,1,9.1664,2040,4519101.9528,108.98365166666666,37.822902,Shaanxi
P0193,WC_0054_0011_H,17.02,1,4.8509,2040,5566979.02306,108.93004633333334,22.806623733333332,Guangxi
P0194,WC_0053_0016_F,100.54,1,9.0272,2040,6923127.419999997,106.141932,33.346156,Shaanxi
P0195,WC_0053_0015_F,55.58,1,6.7792,2040,6929507.159999997,107.491416,31.324767,Sichuan
P0196,WC_0047_0022_K,69.53,1,7.4764,2040,126351.2556291107,94.9857948,43.7063773,Xinjiang
P0196,WC_0046_0022_K,185.97,4,13.2986,2040,397.5443708894022,94.9857948,43.7063773,Xinjiang
P0197,WC_0058_0013_G,58.52,1,6.926,2040,2676860.6303999997,117.4607848,27.3866923,Fujian
P0198,WC_0052_0017_F,56.62,2,6.8312,2040,635981.28,105.1007823,34.7548032,Gansu
P0199,WC_0058_0021_K,42.44,1,6.1218,2040,2629461.9,116.786405,43.063974,Inner Mongolia
P0200,WC_0038_0019_K,82.67,1,8.1334,2040,5383206.704159343,76.0498524,39.4815702,Xinjiang
P0200,WC_0037_0019_K,89.78,2,8.4889,2040,9352534.847040655,76.0498524,39.4815702,Xinjiang
P0201,WC_0063_0023_A,36.61,1,5.8305,2040,2380163.625,127.035146,46.658416,Heilongjiang
P0202,WC_0057_0013_F,1.62,1,4.0811,2040,5727275.735039999,115.02031085,27.04720645,Jiangxi
P0203,WC_0059_0024_A,52.68,1,6.6338,2040,2483347.139999999,119.7869442,49.2971288,Inner Mongolia
P0204,WC_0064_0023_A,81.79,1,8.0895,2040,2380163.625,128.750564,47.738549,Heilongjiang
P0205,WC_0054_0021_K,177.8,5,12.8899,2040,1249824.6,108.767778,40.651111,Inner Mongolia
P0206,WC_0055_0016_F,35.24,1,5.7619,2040,7289503.619999999,110.737906,32.683566,Hubei
P0207,WC_0043_0022_K,88.82,1,8.4409,2040,317007.0747995961,86.14399902857143,44.38875934285716,Xinjiang
P0207,WC_0042_0022_K,101.84,2,9.0918,2040,8951869.810605621,86.14399902857143,44.38875934285716,Xinjiang
P0207,WC_0042_0021_K,161.13,4,12.0567,2040,9015285.919732058,86.14399902857143,44.38875934285716,Xinjiang
P0208,WC_0050_0013_F,63.14,1,7.1571,2040,3811228.937999998,101.504877,26.600634,Sichuan
P0209,WC_0059_0014_G,47.2,1,6.3599,2040,12985813.8,119.5068449,29.1866175,Zhejiang
P0210,WC_0059_0015_F,9.09,1,4.4546,2040,5739683.0832,118.865,30.86956,Anhui
P0211,WC_0057_0017_E,73.15,2,7.6576,2040,6862882.809268499,114.4450842,34.8060821,Henan
P0212,WC_0050_0019_K,43.84,1,6.192,2040,4825726.56324836,100.462929,39.071222,Gansu
P0212,WC_0049_0019_K,135.06,2,10.7532,2040,5817469.074289175,100.462929,39.071222,Gansu
P0212,WC_0049_0019_D,139.39,3,10.9695,2040,1860286.4854091264,100.462929,39.071222,Gansu
P0212,WC_0050_0020_K,190.01,4,13.5003,2040,1063699.5570533373,100.462929,39.071222,Gansu
P0213,WC_0057_0015_F,73.72,1,7.6859,2040,9023521.51336,115.22746642857145,30.139824142857144,Hubei
P0214,WC_0040_0020_K,73.18,1,7.659,2040,1897144.747290003,81.22118188571429,40.57628974285715,Xinjiang
P0215,WC_0057_0018_C,107.14,1,9.357,2040,1352568.3599999994,115.6012217,37.7526565,Hebei
P0216,WC_0063_0024_A,87.92,1,8.3962,2040,804055.2749999998,126.5290168,48.2323268,Heilongjiang
P0217,WC_0054_0009_H,76.34,1,7.8169,2040,6335160.824999999,109.18408,19.772636,Hainan
P0218,WC_0056_0015_F,74.6,1,7.7299,2040,8668468.139759999,112.2396082,31.04729105,Hubei
P0219,WC_0062_0022_A,33.13,1,5.6564,2040,3132140.7118499996,124.713103425,45.18673232500001,Jilin
P0220,WC_0057_0019_C,96.96,1,8.8479,2040,811541.0159999996,114.636465,39.812212,Hebei
P0221,WC_0053_0017_D,55.42,1,6.7709,2040,10113490.33478564,106.7692569,35.395936240000005,Gansu
P0221,WC_0053_0017_F,130.54,2,10.5271,2040,4596688.2739160545,106.7692569,35.395936240000005,Gansu
P0222,WC_0058_0013_F,57.55,1,6.8776,2040,27626054.4,116.5644289,27.7844943,Jiangxi
P0223,WC_0059_0015_F,96.19,2,8.8093,2040,41547031.457,118.48500455789474,31.722853400000005,Anhui
P0224,WC_0040_0020_K,40.69,1,6.0343,2040,872271.9638044101,80.284606,41.116463,Xinjiang
P0224,WC_0039_0020_K,99.02,2,8.9509,2040,9926317.293337382,80.284606,41.116463,Xinjiang
P0225,WC_0066_0022_A,79.77,1,7.9884,2040,12363889.784453664,132.54726,46.250035,Heilongjiang
P0225,WC_0066_0023_A,92.32,2,8.616,2040,2325120.0155463377,132.54726,46.250035,Heilongjiang
P0226,WC_0058_0015_E,14.36,1,4.7178,2040,19440862.056,116.491363,31.656523,Anhui
P0227,WC_0056_0018_D,50.57,1,6.5285,2040,1062361.1696165814,112.01524108333336,37.256315066666666,Shanxi
P0227,WC_0055_0018_D,101.1,2,9.055,2040,3481252.8889654167,112.01524108333336,37.256315066666666,Shanxi
P0227,WC_0056_0018_C,132.77,3,10.6386,2040,980624.2331878457,112.01524108333336,37.256315066666666,Shanxi
P0228,WC_0061_0020_A,133.68,3,10.684,2040,13093635.960000021,123.2061971,39.6759023,Liaoning
P0229,WC_0055_0017_D,6.47,1,4.3237,2040,12293816.586033015,111.0107946818182,34.80419690909091,Henan
P0229,WC_0054_0017_D,177.34,4,12.8668,2040,4803015.622705073,111.0107946818182,34.80419690909091,Henan
P0230,WC_0057_0021_K,76.94,1,7.8472,2040,796989.6,115.1452,43.5503,Inner Mongolia
P0231,WC_0058_0012_G,25.71,1,5.2853,2040,8771953.44,117.27690395,25.2826263,Fujian
P0232,WC_0059_0021_A,87.69,1,8.3846,2040,2499649.199999999,118.711438,43.589584,Inner Mongolia
P0233,WC_0041_0020_K,30.96,1,5.5481,2040,8736164.389263334,82.88791,41.73815,Xinjiang
P0234,WC_0056_0013_F,36.52,1,5.8259,2040,541847.9609999999,112.643208,26.99216,Hunan
P0235,WC_0058_0022_K,48.87,1,6.4434,2040,3208389.4745375277,116.7196555,44.587344,Inner Mongolia
P0236,WC_0057_0017_E,160.9,7,12.0448,2040,3616248.329980003,114.17151851428574,35.9368248,Henan
P0237,WC_0057_0012_F,55.39,1,6.7697,2040,19989916.970399994,115.10297395,25.92432775,Jiangxi
P0238,WC_0052_0016_F,72.39,1,7.6195,2040,2872929.999999999,105.57982345,32.331679699999995,Sichuan
P0239,WC_0053_0013_F,76.25,1,7.8127,2040,36438238.091273606,106.45517692,27.52040356,Guizhou
P0241,WC_0055_0012_H,122.54,1,10.1271,2040,3275231.049999999,111.693474,23.985332,Guangxi
P0242,WC_0045_0022_K,50.58,1,6.529,2040,5141661.175556011,90.22066,44.50694375,Xinjiang
P0242,WC_0044_0022_K,105.98,2,9.299,2040,1388025.46393568,90.22066,44.50694375,Xinjiang
P0242,WC_0045_0021_K,119.79,3,9.9896,2040,1247598.7221107522,90.22066,44.50694375,Xinjiang
P0243,WC_0058_0016_E,37.66,1,5.883,2040,121853157.63691683,116.88456934999998,32.72965889545455,Anhui
P0243,WC_0058_0015_E,138.29,2,10.9146,2040,19930848.22422999,116.88456934999998,32.72965889545455,Anhui
P0243,WC_0057_0015_E,187.23,4,13.3613,2040,24366288.81445319,116.88456934999998,32.72965889545455,Anhui
P0244,WC_0049_0019_K,119.51,2,9.9753,2040,16253074.311140928,98.30868356666667,39.79236645,Gansu
P0244,WC_0048_0019_K,153.65,3,11.6824,2040,18488273.775585666,98.30868356666667,39.79236645,Gansu
P0245,WC_0055_0015_F,75.99,1,7.7993,2040,14942465.210763995,111.494179,30.3951102,Hubei
P0246,WC_0059_0022_K,50.02,1,6.5012,2040,10455139.131853161,119.571302776,45.461377824,Inner Mongolia
P0246,WC_0059_0023_K,90.51,2,8.5256,2040,4672595.020307293,119.571302776,45.461377824,Inner Mongolia
P0246,WC_0059_0022_A,94.95,3,8.7477,2040,5485424.135817427,119.571302776,45.461377824,Inner Mongolia
P0246,WC_0060_0022_A,120.13,4,10.0065,2040,4836405.192522113,119.571302776,45.461377824,Inner Mongolia
P0247,WC_0059_0018_D,40.83,1,6.0415,2040,870232.6880058479,118.9042265,38.096445,Shandong
P0247,WC_0059_0018_E,167.23,3,12.3614,2040,1613081.7811074508,118.9042265,38.096445,Shandong
P0248,WC_0056_0017_C,17.1,1,4.8552,2040,5414522.4595399955,113.55311391818182,35.28212610000001,Henan
P0249,WC_0051_0017_D,178.38,4,12.919,2040,1040696.6400000001,102.86741,36.519356,Gansu
P0250,WC_0048_0019_K,167.29,3,12.3645,2040,896155.4400000002,97.359004,40.208093,Gansu
P0251,WC_0058_0018_C,128.08,2,10.4038,2040,1283601.7419865592,116.94265595000002,38.3476141,Hebei
P0252,WC_0055_0012_H,55.96,1,6.7982,2040,3957580.0263999994,111.34667,24.73609,Guangxi
P0253,WC_0053_0011_H,46.34,1,6.3168,2040,4983789.73092,107.502443,23.339667,Guangxi
P0254,WC_0056_0013_F,119.39,1,9.9694,2040,9116597.951999998,114.005752,27.641968,Jiangxi
P0255,WC_0058_0015_F,30.61,1,5.5303,2040,13258710.00198,117.05617661538456,30.56392938461539,Anhui
P0256,WC_0064_0023_A,72.22,1,7.611,2040,817656.2099999998,128.065134,46.980043,Heilongjiang
P0257,WC_0061_0021_A,68.67,1,7.4336,2040,837382.4819999996,122.390042,42.970016,Inner Mongolia
P0258,WC_0042_0020_K,87.2,1,8.3599,2040,2417374.3628518167,84.003586,41.821533,Xinjiang
P0259,WC_0053_0013_F,94.93,2,8.7465,2040,35754435.6408,106.08843133333332,26.953804166666668,Guizhou
P0260,WC_0053_0017_D,139.29,3,10.9643,2040,486768.80247977294,106.291944,36.044444,Ningxia
P0260,WC_0052_0017_D,142.76,4,11.1382,2040,3729850.3111502263,106.291944,36.044444,Ningxia
P0261,WC_0044_0019_K,90.26,1,8.5132,2040,732937.2914605464,88.32697,38.950112,Xinjiang
P0261,WC_0043_0019_K,107.21,2,9.3607,2040,379655.6640459927,88.32697,38.950112,Xinjiang
P0262,WC_0053_0013_F,70.02,2,7.5009,2040,10547106.779999997,107.5423551,26.6304173,Guizhou
P0263,WC_0054_0016_F,168.06,4,12.4028,2040,1132457.9,108.118848,34.258855,Shaanxi
P0264,WC_0052_0015_F,55.02,1,6.7512,2040,21098797.91999999,104.5803369,30.7056052,Sichuan
P0265,WC_0051_0018_K,38.86,1,5.943,2040,1045514.6800000002,102.685854,37.901104,Gansu
P0266,WC_0062_0025_A,81.42,1,8.0711,2040,2170949.2424999992,124.169753,50.427253,Heilongjiang
P0267,WC_0056_0014_F,115.12,1,9.756,2040,7460941.70632,113.87296000000002,29.665230000000005,Hubei
P0268,WC_0059_0021_A,143.9,4,11.1952,2040,1046728.1024999997,119.341125,41.560504,Inner Mongolia
P0270,WC_0043_0023_K,83.36,1,8.1678,2040,6876192.6946927495,86.5936,46.6088,Xinjiang
P0270,WC_0042_0023_K,118.29,2,9.9145,2040,5052693.876948764,86.5936,46.6088,Xinjiang
P0271,WC_0056_0012_F,49.37,1,6.4686,2040,6701084.729999998,113.06552,25.25886,Guangdong
P0272,WC_0047_0018_K,79.91,1,7.9956,2040,1380467.0014987458,94.883333,36.416667,Qinghai
P0272,WC_0047_0017_K,101.28,2,9.0642,2040,1059971.6850804123,94.883333,36.416667,Qinghai
P0272,WC_0046_0018_K,173.97,3,12.6983,2040,1893277.1987421832,94.883333,36.416667,Qinghai
P0272,WC_0046_0017_K,196.22,4,13.8111,2040,295949.78612302314,94.883333,36.416667,Qinghai
P0273,WC_0058_0013_G,96.04,1,8.8018,2040,4385976.72,117.37926,26.00357,Fujian
P0274,WC_0058_0019_C,83.02,1,8.1508,2040,939685.5659692278,116.15334,38.74469,Hebei
P0274,WC_0057_0019_C,106.45,2,9.3225,2040,1068673.514030774,116.15334,38.74469,Hebei
P0275,WC_0050_0019_K,120.43,3,10.0216,2040,5218438.39616,102.157971575,38.433599375,Gansu
P0276,WC_0043_0021_K,92.85,1,8.6424,2040,1311850.0799999975,87.914977,42.82463,Xinjiang
P0277,WC_0054_0012_H,87.19,1,8.3596,2040,2658716.9699999993,109.6934879,24.4560027,Guangxi
P0278,WC_0054_0019_D,34.33,1,5.7167,2040,1098758.8439999998,109.4795544,39.0850986,Inner Mongolia
P0279,WC_0054_0011_H,81.46,1,8.0728,2040,4557800.519999998,109.7658333,23.1119444,Guangxi
P0280,WC_0059_0016_E,127.39,2,10.3693,2040,9720431.028,117.6878713,32.9337496,Anhui
P0281,WC_0042_0023_K,154.13,2,11.7063,2040,3322236.034080003,85.0218233,45.54546385,Xinjiang
P0282,WC_0059_0017_E,88.91,2,8.4453,2040,4003614.980079549,118.7059434,35.7063058,Shandong
P0283,WC_0056_0015_F,89.76,1,8.4881,2040,3927406.0319999997,113.522017,31.640073,Hubei
P0284,WC_0059_0018_C,49.58,1,6.4789,2040,1265228.367452891,117.91056765294118,38.10652717647059,Shandong
P0284,WC_0058_0018_C,135.6,4,10.7802,2040,9974747.053957278,117.91056765294118,38.10652717647059,Shandong
P0284,WC_0059_0018_E,188.91,7,13.4454,2040,15297495.124614844,117.91056765294118,38.10652717647059,Shandong
P0285,WC_0051_0012_F,110.01,2,9.5007,2040,12432726.359999996,104.0667928,25.6622058,Yunnan
P0286,WC_0057_0014_F,88.76,1,8.4381,2040,10770872.399999999,115.9378971,28.81613945,Jiangxi
P0287,WC_0051_0018_K,120.5,3,10.0249,2040,3267977.3097742028,104.169048,37.232754,Gansu
P0288,WC_0056_0022_K,56.44,1,6.822,2040,3575164.4380869535,113.180878,44.018566,Inner Mongolia
P0288,WC_0056_0021_K,123.29,2,10.1647,2040,4641662.432158025,113.180878,44.018566,Inner Mongolia
P0288,WC_0055_0022_K,126.24,3,10.312,2040,151563.92975502176,113.180878,44.018566,Inner Mongolia
P0289,WC_0060_0024_A,33.21,1,5.6603,2040,2086162.1421634515,120.835657,49.283636,Inner Mongolia
P0290,WC_0053_0014_F,109.42,1,9.4709,2040,19631026.42361059,106.24904266666664,28.29239933333333,Guizhou
P0291,WC_0056_0018_C,196.42,5,13.821,2040,1672686.728275,112.75008345,38.4604465,Shanxi
P0292,WC_0054_0015_F,60.19,1,7.0093,2040,6649075.979999999,108.456944,31.269167,Chongqing
P0293,WC_0052_0014_F,81.09,1,8.0543,2040,4024730.8999999883,105.85501600000002,29.0363,Chongqing
P0294,WC_0058_0014_F,26.41,1,5.3203,2040,5383134.028799998,117.08502,29.18719,Jiangxi
P0295,WC_0056_0011_H,10.45,1,4.5227,2040,32803601.710087497,112.89723415555557,23.012968666666666,Guangdong
P0296,WC_0057_0015_E,132.8,2,10.6402,2040,22474887.312799998,114.140877,32.109018,Henan
P0297,WC_0059_0014_F,44.26,1,6.2132,2040,27735681.599999998,117.857259,28.28488,Jiangxi
P0298,WC_0043_0022_K,161.26,3,12.0632,2040,518849.6186602301,88.51703900000001,44.087246,Xinjiang
P0298,WC_0043_0021_K,162.42,4,12.1211,2040,537390.3813397689,88.51703900000001,44.087246,Xinjiang
P0299,WC_0060_0020_A,183.1,3,13.1551,2040,3726979.3859999985,121.254736,39.574197000000005,Liaoning
P0300,WC_0053_0011_H,71.78,1,7.5889,2040,1656661.4063999997,107.555455,22.494869,Guangxi
P0301,WC_0059_0015_F,71.32,1,7.5661,2040,741973.0079999999,119.303398,31.487864,Jiangsu
P0302,WC_0040_0020_K,98.99,2,8.9495,2040,5951912.399999999,81.66835,41.720435,Xinjiang
P0303,WC_0057_0016_E,90.61,2,8.5306,2040,3870883.676233035,114.0485942,32.9569897,Henan
P0303,WC_0056_0016_F,130.15,3,10.5073,2040,6945734.343766965,114.0485942,32.9569897,Henan
P0304,WC_0050_0021_K,37.46,1,5.8731,2040,301532.31412350206,101.042068,41.913656,Inner Mongolia
P0305,WC_0058_0022_K,59.44,1,6.9718,2040,3033994.499999999,117.630486,44.562956,Inner Mongolia
P0306,WC_0054_0020_D,114.0,2,9.7,2040,41094.540800875715,109.115512,39.91998,Inner Mongolia
P0306,WC_0053_0020_D,180.01,3,13.0005,2040,623063.4591991242,109.115512,39.91998,Inner Mongolia
P0307,WC_0056_0014_F,41.63,1,6.0814,2040,4097556.72,113.465393,28.935746,Hunan
P0308,WC_0049_0018_K,163.11,3,12.1554,2040,457962.6599999953,100.9098322,36.974299,Qinghai
P0309,WC_0060_0022_A,36.44,1,5.8221,2040,3224084.57,121.41631999999998,44.97107,Inner Mongolia
P0310,WC_0055_0016_F,130.06,1,10.5028,2040,1653284.1599999997,110.0629,33.807099,Shaanxi
P0311,WC_0055_0014_F,67.69,1,7.3845,2040,1352193.7175999999,111.7,29.031,Hunan
P0312,WC_0055_0017_D,91.28,1,8.564,2040,638870.9999999991,111.376042,35.590983,Shanxi
P0313,WC_0039_0019_K,55.75,1,6.7874,2040,1645298.3079070458,78.967921,39.895939,Xinjiang
P0314,WC_0056_0020_D,47.54,1,6.3768,2040,966047.9999999998,112.162201,40.27631,Inner Mongolia
P0315,WC_0057_0014_F,108.8,1,9.44,2040,15390314.7552,115.69073736,28.160454680000004,Jiangxi
P0316,WC_0054_0015_F,47.26,1,6.3632,2040,10651753.559999999,109.447256,31.118822,Chongqing
P0317,WC_0059_0016_E,85.6,1,8.2799,2040,3129160.4189999998,118.36866000000002,33.839984,Jiangsu
P0318,WC_0062_0021_A,66.6,1,7.3298,2040,4603976.3549999995,124.4014418,43.15431715,Jilin
P0319,WC_0057_0020_K,103.48,3,9.1742,2040,704410.0000000002,113.747689,40.86604,Inner Mongolia
P0320,WC_0053_0012_H,51.8,1,6.5901,2040,3291876.494999999,107.489232,25.226875,Guizhou
P0321,WC_0062_0021_A,4.38,1,4.2191,2040,5524771.625999999,125.1600082,42.8720236,Jilin
P0322,WC_0044_0021_K,104.0,2,9.2001,2040,1317923.4599999993,90.126799,42.974907,Xinjiang
P0323,WC_0055_0016_F,87.44,2,8.372,2040,20863281.599999998,111.90004,33.086416,Henan
P0324,WC_0053_0017_F,75.49,2,7.7746,2040,1523803.6579082906,107.237001675,34.46888477500001,Shaanxi
P0324,WC_0053_0016_F,177.08,4,12.854,2040,4105378.409291708,107.237001675,34.46888477500001,Shaanxi
P0325,WC_0060_0015_G,2.77,1,4.1386,2040,23211187.32825,120.717248,30.22652,Zhejiang
P0327,WC_0054_0015_F,74.24,1,7.7119,2040,21879848.584879998,108.333304,30.60260700000001,Chongqing
P0328,WC_0060_0022_A,188.63,3,13.4316,2040,4491123.189374989,122.1535206,43.6713737,Inner Mongolia
P0329,WC_0040_0022_K,65.29,1,7.2646,2040,218641.67999999996,80.437165,44.148549,Xinjiang
P0330,WC_0048_0020_K,49.87,1,6.4933,2040,1902728.6440909551,96.51300000000002,40.6599,Gansu
P0330,WC_0047_0020_K,115.45,2,9.7724,2040,1992115.8497674996,96.51300000000002,40.6599,Gansu
P0330,WC_0049_0020_K,198.56,3,13.928,2040,1850368.8064416593,96.51300000000002,40.6599,Gansu
P0332,WC_0057_0019_C,52.67,1,6.6337,2040,12767623.136054456,114.8433969,38.5122064,Hebei
P0332,WC_0057_0018_C,172.5,3,12.6251,2040,1064970.5209055399,114.8433969,38.5122064,Hebei
P0333,WC_0057_0011_H,37.19,1,5.8595,2040,6201030.450983999,114.640278,23.567222,Guangdong
P0334,WC_0058_0020_C,156.98,4,11.8488,2040,573816.8799999999,115.999182,39.563323,Hebei
P0335,WC_0057_0015_F,42.47,1,6.1237,2040,9701486.314399997,114.8921871,31.1420662,Hubei
P0336,WC_0059_0023_K,35.38,1,5.7691,2040,2893112.5,119.106454,45.955947,Inner Mongolia
P0337,WC_0053_0012_H,138.97,2,10.9485,2040,6152478.954999999,105.776871,25.377552,Guizhou
P0338,WC_0055_0012_H,84.39,1,8.2194,2040,4095414.9599999995,110.06851,25.10107,Guangxi
P0340,WC_0059_0021_A,62.6,1,7.1299,2040,21625364.9931941,119.0763143846154,42.26995515384616,Inner Mongolia
P0341,WC_0057_0018_C,75.52,1,7.7758,2040,102467.29999999993,114.879269,37.64045,Hebei
P0342,WC_0060_0014_G,68.3,1,7.415,2040,6728939.822195583,121.5744765125,28.854719537500003,Zhejiang
P0343,WC_0056_0014_F,83.61,1,8.1803,2040,9632169.71388,112.2686111,28.596666700000004,Hunan
P0344,WC_0044_0018_K,136.1,1,10.8049,2040,3928693.8888188913,88.181922,37.876453,Xinjiang
P0344,WC_0043_0018_K,148.52,2,11.4261,2040,1744141.604816291,88.181922,37.876453,Xinjiang
P0344,WC_0043_0019_K,154.11,3,11.7056,2040,339810.7063648158,88.181922,37.876453,Xinjiang
P0345,WC_0051_0019_K,43.67,1,6.1837,2040,7901910.4879478365,102.473117,38.949575,Gansu
P0345,WC_0050_0019_K,139.15,2,10.9573,2040,2655881.5120521626,102.473117,38.949575,Gansu
P0346,WC_0057_0022_K,116.82,2,9.8408,2040,7995493.911734777,116.1394932,43.997505,Inner Mongolia
P0346,WC_0058_0022_K,129.07,3,10.4533,2040,6134537.979265223,116.1394932,43.997505,Inner Mongolia
P0347,WC_0053_0019_D,28.28,1,5.414,2040,249150.82742692967,106.40747515,38.9737633,Ningxia
P0348,WC_0059_0016_F,14.39,1,4.7193,2040,54298667.92297499,118.86002289473684,32.23087336842106,Jiangsu
P0350,WC_0055_0011_H,35.56,1,5.7779,2040,2611927.9549999996,110.943891,23.290635,Guangxi
P0003,WC_0053_0014_F,46.2,1,6.3099,2050,100185291.398445,106.56065670588237,29.095265411764704,Chongqing
P0004,WC_0053_0020_D,17.81,1,4.8903,2050,8503367.102518992,107.40690754545452,40.72295445454545,Inner Mongolia
P0004,WC_0053_0020_K,73.49,2,7.6745,2050,3985061.8570702574,107.40690754545452,40.72295445454545,Inner Mongolia
P0005,WC_0052_0014_F,43.55,1,6.1775,2050,67738448.95749348,104.9672844,28.61919437777778,Sichuan
P0008,WC_0061_0018_E,16.13,1,4.8066,2050,4826213.3361564195,122.11088608695654,37.34379926086956,Shandong
P0008,WC_0060_0018_E,120.18,2,10.0089,2050,1581883.2184593612,122.11088608695654,37.34379926086956,Shandong
P0010,WC_0052_0013_F,58.61,1,6.9306,2050,28489994.507279996,104.82352106666669,27.534283966666663,Yunnan
P0012,WC_0061_0021_A,58.62,1,6.9312,2050,21884970.920954168,123.77717060769234,42.46554086923077,Liaoning
P0012,WC_0062_0020_A,174.66,3,12.733,2050,9651293.763445832,123.77717060769234,42.46554086923077,Liaoning
P0014,WC_0056_0011_H,99.44,1,8.9719,2050,25642817.566799995,112.024739125,22.974058575,Guangdong
P0015,WC_0056_0012_F,55.94,1,6.7968,2050,16170872.807429997,113.088394,26.08946423333333,Hunan
P0016,WC_0056_0015_F,84.21,1,8.2104,2050,17401806.609279998,113.8259234888889,30.660474866666668,Hubei
P0018,WC_0065_0021_A,54.98,1,6.7489,2050,8873118.065999998,129.9301436,42.9040347,Jilin
P0019,WC_0055_0013_F,80.25,1,8.0126,2050,18768238.530929994,111.5750416714286,27.544403028571427,Hunan
P0022,WC_0060_0018_E,128.17,1,10.4083,2050,7967198.419481465,120.11881293333334,35.99860965,Shandong
P0022,WC_0059_0017_E,163.03,3,12.1517,2050,8147540.925905174,120.11881293333334,35.99860965,Shandong
P0022,WC_0060_0017_E,194.8,4,13.7401,2050,7325188.316167838,120.11881293333334,35.99860965,Shandong
P0023,WC_0056_0016_E,68.29,2,7.4146,2050,5105868.525866072,113.21201491428567,33.7993222857143,Henan
P0023,WC_0056_0016_F,135.68,4,10.7838,2050,31613606.43909392,113.21201491428567,33.7993222857143,Henan
P0024,WC_0053_0014_F,77.68,1,7.884,2050,12847750.940977,107.31146671428574,29.655601142857147,Chongqing
P0025,WC_0062_0021_A,106.96,1,9.3479,2050,35734977.212637246,125.24796920000004,43.81222732,Jilin
P0025,WC_0062_0022_A,132.69,2,10.6345,2050,20709437.20993726,125.24796920000004,43.81222732,Jilin
P0025,WC_0063_0021_A,173.78,3,12.689,2050,2931397.2218152485,125.24796920000004,43.81222732,Jilin
P0028,WC_0056_0013_F,68.97,1,7.4486,2050,24089922.349289995,113.13893942,27.64443306,Hunan
P0029,WC_0063_0022_A,40.81,1,6.0406,2050,1824099.1799999997,127.02565466666664,44.58916933333334,Jilin
P0030,WC_0063_0021_A,116.26,1,9.813,2050,47755078.952190004,126.50366462499998,43.90009873333333,Jilin
P0031,WC_0055_0018_D,84.83,1,8.2414,2050,8567047.153,111.5960795,36.44789901666667,Shanxi
P0032,WC_0057_0017_C,21.1,1,5.0548,2050,2262095.862549459,114.94455282857145,35.69333081428572,Henan
P0033,WC_0056_0016_E,189.04,6,13.4521,2050,42028795.154939994,112.2235970526316,34.61218205263158,Henan
P0034,WC_0058_0018_D,38.51,1,5.9257,2050,3561971.5998900007,116.80496215,36.2049641,Shandong
P0037,WC_0056_0020_D,51.98,1,6.5992,2050,1820587.0271615908,111.63531936666668,40.73734619444445,Inner Mongolia
P0037,WC_0055_0020_K,91.75,3,8.5876,2050,9089742.071388796,111.63531936666668,40.73734619444445,Inner Mongolia
P0037,WC_0054_0020_K,193.71,6,13.6855,2050,723237.4033530605,111.63531936666668,40.73734619444445,Inner Mongolia
P0038,WC_0053_0015_F,64.82,1,7.241,2050,90621129.77471995,106.77105626666668,30.466155083333334,Sichuan
P0039,WC_0061_0023_A,55.15,1,6.7575,2050,15605305.14726076,123.69026015555556,47.216015733333336,Heilongjiang
P0039,WC_0062_0023_A,105.1,2,9.255,2050,2842103.024864233,123.69026015555556,47.216015733333336,Heilongjiang
P0041,WC_0057_0019_C,41.84,1,6.0922,2050,14252081.41959821,115.42118525333336,38.861997093333336,Hebei
P0042,WC_0058_0017_D,39.97,1,5.9984,2050,2349601.4205526,117.7747333,36.10888457777778,Shandong
P0042,WC_0058_0018_D,51.29,2,6.5645,2050,1872905.5548811208,117.7747333,36.10888457777778,Shandong
P0042,WC_0059_0018_E,112.69,4,9.6347,2050,6543793.683304576,117.7747333,36.10888457777778,Shandong
P0042,WC_0058_0017_E,153.32,6,11.6662,2050,2497434.733389106,117.7747333,36.10888457777778,Shandong
P0042,WC_0059_0017_E,166.51,7,12.3257,2050,32024187.802112594,117.7747333,36.10888457777778,Shandong
P0043,WC_0058_0016_E,83.92,1,8.196,2050,122702908.48349999,116.754942764,33.761710992,Anhui
P0044,WC_0062_0023_A,60.8,1,7.0398,2050,13054358.025313562,124.97499467692306,46.49802851538463,Heilongjiang
P0044,WC_0063_0023_A,165.16,3,12.2579,2050,11865020.485568361,124.97499467692306,46.49802851538463,Heilongjiang
P0044,WC_0061_0022_A,181.57,5,13.0786,2050,3617245.24713058,124.97499467692306,46.49802851538463,Heilongjiang
P0047,WC_0060_0020_A,23.51,1,5.1756,2050,9030358.372839997,120.95330144285712,41.001320185714285,Liaoning
P0048,WC_0055_0019_D,81.07,1,8.0534,2050,2310583.4499999997,111.1116265,38.213208,Shanxi
P0049,WC_0044_0020_K,166.46,2,12.3231,2050,1262241.5217887731,88.9060775,42.808315,Xinjiang
P0049,WC_0043_0021_K,168.96,3,12.4478,2050,1499008.5484512262,88.9060775,42.808315,Xinjiang
P0050,WC_0057_0016_E,185.3,5,13.2652,2050,13062732.424,115.4996139,34.5444303,Henan
P0053,WC_0065_0022_A,38.3,1,5.9149,2050,20438215.911499158,130.88350004444445,45.52289057777777,Heilongjiang
P0053,WC_0066_0022_A,138.26,2,10.9131,2050,2075331.788500847,130.88350004444445,45.52289057777777,Heilongjiang
P0054,WC_0057_0020_C,37.42,1,5.8709,2050,8947388.961289931,114.86662302857142,40.658597571428565,Hebei
P0054,WC_0057_0020_K,96.58,2,8.8292,2050,4428894.847367593,114.86662302857142,40.658597571428565,Hebei
P0055,WC_0054_0017_D,113.05,2,9.6527,2050,3535884.78875,110.291820675,34.722310675,Shanxi
P0056,WC_0057_0012_F,48.04,1,6.4021,2050,47345728.143576406,114.6474855,25.235139166666663,Jiangxi
P0057,WC_0051_0017_D,148.78,2,11.4388,2050,4895899.526400001,103.63660057777776,36.10173662222222,Gansu
P0058,WC_0059_0016_E,148.83,3,11.4413,2050,21211979.590661455,119.50311133333334,34.54334577777778,Jiangsu
P0059,WC_0055_0020_D,73.9,1,7.6949,2050,7662994.661696632,111.26340109523812,39.86658994761905,Inner Mongolia
P0059,WC_0055_0019_D,104.16,2,9.2081,2050,8159343.884553584,111.26340109523812,39.86658994761905,Inner Mongolia
P0059,WC_0056_0019_D,150.4,4,11.52,2050,865265.172749778,111.26340109523812,39.86658994761905,Inner Mongolia
P0060,WC_0059_0017_E,55.61,1,6.7806,2050,13751390.817433622,119.34751615999998,35.25980932000001,Shandong
P0061,WC_0059_0018_E,36.02,1,5.8008,2050,6741358.724520005,118.8704271357143,36.916450514285714,Shandong
P0062,WC_0043_0020_K,93.72,1,8.6862,2050,3215661.236178204,86.38826449999999,41.9057335,Xinjiang
P0064,WC_0058_0018_C,55.41,1,6.7706,2050,3662377.205190005,116.30790365,37.390696166666665,Shandong
P0065,WC_0042_0022_K,34.72,1,5.7361,2050,4031574.7540716645,84.88765941000001,44.51353533,Xinjiang
P0065,WC_0041_0022_K,164.64,3,12.2321,2050,3038067.317678319,84.88765941000001,44.51353533,Xinjiang
P0067,WC_0059_0020_A,135.14,3,10.7571,2050,11785677.225515353,119.67226051428575,39.97792042857143,Hebei
P0067,WC_0060_0020_A,165.72,4,12.2861,2050,18260993.477029685,119.67226051428575,39.97792042857143,Hebei
P0067,WC_0060_0019_A,184.85,5,13.2427,2050,1139151.4696064617,119.67226051428575,39.97792042857143,Hebei
P0068,WC_0060_0013_G,49.67,1,6.4837,2050,991687.9614861814,120.60543628,27.43325004,Zhejiang
P0069,WC_0054_0017_D,8.29,1,4.4146,2050,6784310.0,109.10067892,34.81815216,Shaanxi
P0070,WC_0057_0017_E,63.77,1,7.1887,2050,24947211.973398685,115.56860472222225,35.294208722222216,Shandong
P0070,WC_0058_0017_E,139.94,4,10.9972,2050,16378812.35932131,115.56860472222225,35.294208722222216,Shandong
P0072,WC_0065_0023_A,57.51,1,6.8756,2050,20529411.299999997,131.41872039999998,46.6215169,Heilongjiang
P0073,WC_0061_0020_A,48.07,1,6.4036,2050,11076656.190774996,123.4034578352941,41.25218117647059,Liaoning
P0075,WC_0057_0016_E,95.0,1,8.7499,2050,12376396.691999998,114.316042,33.5464985,Henan
P0076,WC_0054_0011_H,90.37,1,8.5185,2050,18162460.760080002,109.2172239,23.73486028181818,Guangxi
P0077,WC_0046_0021_K,93.6,1,8.68,2050,1732803.8559603977,93.31052133333334,42.51244766666667,Xinjiang
P0077,WC_0047_0021_K,136.56,2,10.8278,2050,1739161.4684531512,93.31052133333334,42.51244766666667,Xinjiang
P0078,WC_0063_0022_A,93.3,1,8.6652,2050,35261727.44346552,126.63870604615386,45.738477292307685,Heilongjiang
P0078,WC_0063_0023_A,141.96,2,11.0979,2050,12879898.065759469,126.63870604615386,45.738477292307685,Heilongjiang
P0079,WC_0054_0010_H,33.81,1,5.6905,2050,3618583.07504878,108.5689820142857,21.687818557142855,Guangxi
P0080,WC_0058_0017_E,23.9,1,5.1952,2050,40967141.99985,117.27766755263158,34.90857122631579,Shandong
P0082,WC_0060_0021_A,104.91,1,9.2454,2050,12797487.868579144,121.61303683333335,41.93595583333334,Liaoning
P0082,WC_0061_0020_A,172.28,4,12.614,2050,4122256.856420851,121.61303683333335,41.93595583333334,Liaoning
P0087,WC_0059_0019_C,99.52,1,8.9759,2050,3788472.7665263196,117.62799128888888,39.96386984444444,Hebei
P0087,WC_0058_0020_C,102.95,2,9.1476,2050,6405871.6647131415,117.62799128888888,39.96386984444444,Hebei
P0087,WC_0059_0020_C,112.03,3,9.6017,2050,13248175.696410542,117.62799128888888,39.96386984444444,Hebei
P0088,WC_0059_0015_F,96.46,1,8.823,2050,24077990.399399996,119.906331,31.112822777777776,Zhejiang
P0089,WC_0053_0019_D,72.54,1,7.6268,2050,7320742.81113067,106.63083476923076,38.09433597948717,Ningxia
P0089,WC_0052_0019_D,78.92,2,7.946,2050,350962.75757194863,106.63083476923076,38.09433597948717,Ningxia
P0089,WC_0053_0018_D,143.27,3,11.1635,2050,7692920.51161154,106.63083476923076,38.09433597948717,Ningxia
P0089,WC_0052_0019_K,166.8,5,12.34,2050,2424659.1861858424,106.63083476923076,38.09433597948717,Ningxia
P0091,WC_0056_0012_H,50.63,1,6.5315,2050,41662744.1064,113.56754175384616,24.69749064615385,Guangdong
P0092,WC_0057_0013_F,101.84,1,9.0919,2050,42875883.089999996,114.79901501111112,27.92697431111111,Jiangxi
P0094,WC_0058_0011_G,43.65,1,6.1824,2050,16122307.193261143,117.65712922941177,23.87389818235294,Fujian
P0094,WC_0058_0011_H,127.03,2,10.3517,2050,10989395.67673885,117.65712922941177,23.87389818235294,Fujian
P0095,WC_0058_0015_E,105.88,1,9.294,2050,19056853.61041589,117.48208799999998,31.780410714285715,Anhui
P0095,WC_0058_0015_F,111.08,2,9.5538,2050,11612929.740404112,117.48208799999998,31.780410714285715,Anhui
P0096,WC_0058_0012_H,58.57,1,6.9284,2050,53424692.65085172,116.39166080000004,24.39771004,Guangdong
P0096,WC_0058_0011_H,102.58,2,9.1291,2050,8839080.666723277,116.39166080000004,24.39771004,Guangdong
P0098,WC_0044_0022_K,22.64,1,5.1322,2050,8736205.278341202,89.16161844384615,44.78648652673076,Xinjiang
P0098,WC_0043_0022_K,178.81,4,12.9404,2050,9925305.730458815,89.16161844384615,44.78648652673076,Xinjiang
P0099,WC_0052_0014_F,58.57,1,6.9286,2050,18938354.559999987,105.03624913333331,29.5345342,Sichuan
P0100,WC_0058_0014_F,67.52,1,7.3761,2050,29379486.650399994,117.10249263333333,28.3432053,Jiangxi
P0102,WC_0055_0014_F,78.73,1,7.9363,2050,10112985.645839998,111.3662008,29.594144733333334,Hunan
P0103,WC_0054_0019_D,109.13,1,9.4565,2050,1948184.3345603806,109.88846628571426,39.71318328571429,Inner Mongolia
P0103,WC_0054_0020_D,158.35,4,11.9175,2050,6617218.139379116,109.88846628571426,39.71318328571429,Inner Mongolia
P0104,WC_0059_0022_A,53.92,1,6.6961,2050,3364775.3729999997,118.61048795,44.8662699,Inner Mongolia
P0105,WC_0062_0020_A,137.61,1,10.8807,2050,7281237.714984491,124.23231075,39.97204075,Liaoning
P0109,WC_0053_0017_D,72.19,1,7.6094,2050,10865407.426103598,107.89730960769232,35.14298256153846,Shaanxi
P0110,WC_0052_0012_H,35.76,1,5.7882,2050,77941905.78892082,104.76878606666668,25.310301483333333,Guizhou
P0110,WC_0052_0013_H,113.53,2,9.6767,2050,18491496.764578547,104.76878606666668,25.310301483333333,Guizhou
P0110,WC_0051_0012_H,153.45,3,11.6725,2050,10193370.759776413,104.76878606666668,25.310301483333333,Guizhou
P0111,WC_0055_0011_H,117.76,1,9.8882,2050,1358686.9405199997,109.99253175,22.4336885,Guangxi
P0113,WC_0058_0021_C,50.45,1,6.5227,2050,2318264.9959495733,116.21173066666664,42.22019666666666,Inner Mongolia
P0113,WC_0057_0021_K,119.23,2,9.9614,2050,11184424.969860608,116.21173066666664,42.22019666666666,Inner Mongolia
P0113,WC_0058_0021_A,132.52,3,10.6262,2050,7259392.156147866,116.21173066666664,42.22019666666666,Inner Mongolia
P0114,WC_0054_0010_H,76.42,1,7.8211,2050,4018130.5163999996,109.61024596666668,21.59652003333333,Guangxi
P0115,WC_0059_0017_E,56.51,1,6.8257,2050,16038004.997069998,118.2819026,34.988247133333324,Shandong
P0116,WC_0061_0020_A,95.89,1,8.7947,2050,859936.6654099996,122.04982786666666,41.17928143333334,Liaoning
P0117,WC_0056_0016_F,63.02,1,7.151,2050,17316490.611679997,112.59986043333332,33.21598703333334,Henan
P0118,WC_0061_0020_A,115.92,2,9.7959,2050,20366171.50206694,123.71805184166664,41.817224116666665,Liaoning
P0118,WC_0062_0020_A,122.69,3,10.1345,2050,15328050.023853052,123.71805184166664,41.817224116666665,Liaoning
P0123,WC_0057_0018_C,49.22,1,6.4609,2050,8498449.316970298,114.46096423333331,36.70211735555555,Hebei
P0123,WC_0056_0018_C,96.72,2,8.8362,2050,818650.659076722,114.46096423333331,36.70211735555555,Hebei
P0125,WC_0043_0021_K,106.08,1,9.3042,2050,13207189.825628325,87.58797759459459,44.02529907567568,Xinjiang
P0127,WC_0058_0020_C,69.34,1,7.4668,2050,6685397.897740483,117.81527714285714,40.78629914285714,Hebei
P0127,WC_0059_0020_A,134.4,3,10.7202,2050,9901496.289759517,117.81527714285714,40.78629914285714,Hebei
P0128,WC_0039_0018_K,98.36,1,8.9181,2050,3638758.4346086285,79.94897945,37.21687335,Xinjiang
P0130,WC_0058_0020_C,89.85,1,8.4925,2050,3867827.536879034,116.8487413,39.9527554,Hebei
P0132,WC_0061_0022_A,43.03,1,6.1515,2050,7784172.5016399985,122.82737375,45.5797501,Jilin
P0133,WC_0058_0016_E,92.05,1,8.6025,2050,10617559.818720778,116.06149366666666,32.906693999999995,Anhui
P0133,WC_0057_0016_E,97.34,2,8.8671,2050,30599373.23571459,116.06149366666666,32.906693999999995,Anhui
P0134,WC_0055_0018_D,55.88,1,6.7941,2050,3153926.1992406296,111.00816366153846,37.48729852307692,Shanxi
P0134,WC_0054_0018_D,186.58,5,13.3291,2050,2663458.356004286,111.00816366153846,37.48729852307692,Shanxi
P0135,WC_0060_0020_A,55.85,1,6.7923,2050,1738947.6728434286,120.3721705,41.560774,Liaoning
P0135,WC_0059_0021_A,180.62,5,13.0311,2050,2935822.6821565693,120.3721705,41.560774,Liaoning
P0136,WC_0061_0022_A,124.45,1,10.2223,2050,627242.5702400764,122.04553733333334,46.07332433333334,Inner Mongolia
P0136,WC_0060_0023_A,126.72,4,10.3361,2050,1205833.5097599216,122.04553733333334,46.07332433333334,Inner Mongolia
P0137,WC_0044_0021_K,87.77,1,8.3887,2050,1192250.023047011,89.43194749999999,44.005311000000006,Xinjiang
P0138,WC_0063_0020_A,66.78,1,7.3388,2050,10045039.319999998,126.1607947,41.841904666666665,Jilin
P0139,WC_0064_0022_A,70.75,1,7.5376,2050,8992276.176487498,129.6441606666667,44.627998,Heilongjiang
P0142,WC_0060_0016_F,87.45,1,8.3723,2050,630930.8411000001,121.67171711111112,32.064600444444444,Jiangsu
P0143,WC_0051_0011_H,42.35,1,6.1177,2050,6115369.402095123,103.20416861428572,23.831920442857147,Yunnan
P0143,WC_0051_0011_J,97.55,3,8.8775,2050,17080015.59790487,103.20416861428572,23.831920442857147,Yunnan
P0145,WC_0061_0020_A,104.17,3,9.2085,2050,14799317.386919996,122.111451375,40.336695375000005,Liaoning
P0147,WC_0056_0020_K,3.09,1,4.1545,2050,11559427.4452835,112.9491444,40.9942226,Inner Mongolia
P0148,WC_0060_0018_E,71.83,1,7.5914,2050,14918893.749705002,121.17031739999996,37.58648391999999,Shandong
P0149,WC_0054_0017_D,94.72,1,8.7362,2050,2163016.1883523604,109.11732799999996,35.73940914285714,Shaanxi
P0149,WC_0054_0018_D,128.66,2,10.4328,2050,3177483.73164764,109.11732799999996,35.73940914285714,Shaanxi
P0150,WC_0053_0013_F,7.33,1,4.3667,2050,1536209.0309999997,107.028961,27.13609633333333,Guizhou
P0153,WC_0065_0023_A,43.11,1,6.1554,2050,5136974.439032372,130.29474041818182,47.05959753636363,Heilongjiang
P0153,WC_0064_0023_A,97.03,2,8.8515,2050,19961850.986592628,130.29474041818182,47.05959753636363,Heilongjiang
P0156,WC_0051_0012_J,22.35,1,5.1176,2050,6216363.179999998,102.3335597,25.0149171,Yunnan
P0157,WC_0052_0013_F,99.16,2,8.9581,2050,40406031.58415999,105.61257831999998,26.32126902000001,Guizhou
P0158,WC_0053_0011_H,80.15,1,8.0077,2050,7199962.435574999,106.45162566666669,23.29812266666666,Guangxi
P0159,WC_0059_0012_G,76.32,1,7.816,2050,4056186.26627023,118.63520546666663,24.687213566666667,Fujian
P0160,WC_0056_0015_F,109.42,1,9.4712,2050,29935816.901339184,112.36138973333333,30.151720266666665,Hubei
P0161,WC_0059_0014_G,23.32,1,5.1658,2050,11036350.331249999,118.8811483,28.9022094,Zhejiang
P0162,WC_0058_0017_E,89.9,2,8.4948,2050,5204029.54407,117.7606535,35.409393550000004,Shandong
P0163,WC_0058_0019_C,31.74,1,5.5871,2050,4675062.233517498,116.90355235,39.31496365,Hebei
P0164,WC_0056_0014_F,39.11,1,5.9556,2050,5768209.670399999,112.9124966,28.5953512,Hunan
P0165,WC_0056_0018_C,33.47,1,5.6736,2050,9958821.318415646,113.6907271,36.5985437,Hebei
P0165,WC_0056_0018_D,121.45,3,10.0726,2050,134302.98646271587,113.6907271,36.5985437,Hebei
P0166,WC_0053_0011_H,81.46,1,8.0732,2050,14000550.352880001,106.9209267,23.73388806,Guangxi
P0168,WC_0041_0022_K,62.31,1,7.1156,2050,4344230.043612055,82.08918665,44.86349865,Xinjiang
P0169,WC_0052_0013_F,27.3,1,5.3648,2050,16459382.474999994,105.49295496666667,27.159312466666663,Guizhou
P0172,WC_0052_0015_F,93.82,1,8.6911,2050,55499572.01643998,104.81546613333336,31.82574306666667,Sichuan
P0175,WC_0054_0013_F,29.15,1,5.4576,2050,19751258.97,108.8925723,27.2103544,Guizhou
P0176,WC_0056_0016_F,95.68,1,8.784,2050,12477030.326182773,112.16024828,31.92788278,Hubei
P0176,WC_0056_0015_F,134.89,2,10.7446,2050,3688810.3395175734,112.16024828,31.92788278,Hubei
P0177,WC_0061_0021_A,88.56,1,8.4278,2050,2951209.2303999965,123.4633255,43.5282178,Jilin
P0178,WC_0054_0018_D,47.72,1,6.3859,2050,2264915.8,109.52639,36.7187265,Shaanxi
P0180,WC_0058_0024_A,82.48,1,8.124,2050,4870240.425,117.568398,49.461172000000005,Inner Mongolia
P0181,WC_0040_0022_K,68.93,1,7.4465,2050,11536427.058000252,81.232426,43.9809660952381,Xinjiang
P0181,WC_0040_0021_K,103.11,2,9.1555,2050,21527328.04974594,81.232426,43.9809660952381,Xinjiang
P0182,WC_0058_0014_F,126.47,1,10.3236,2050,13541836.913999995,116.15259249090909,29.75556527272727,Jiangxi
P0183,WC_0043_0023_K,48.87,1,6.4437,2050,5985315.989999998,87.7296623,47.28983,Xinjiang
P0184,WC_0059_0018_C,51.47,1,6.5733,2050,583723.089268152,117.83290064347824,37.425986234782606,Shandong
P0184,WC_0058_0018_E,81.56,2,8.0781,2050,4480998.37800655,117.83290064347824,37.425986234782606,Shandong
P0184,WC_0058_0018_C,87.63,3,8.3816,2050,2818942.0729056536,117.83290064347824,37.425986234782606,Shandong
P0184,WC_0059_0018_D,88.48,4,8.4238,2050,270003.5955287811,117.83290064347824,37.425986234782606,Shandong
P0184,WC_0059_0018_E,131.3,5,10.5648,2050,1928054.2530790826,117.83290064347824,37.425986234782606,Shandong
P0185,WC_0053_0013_F,104.32,1,9.2158,2050,13838983.274999999,106.9379912,28.00455835,Guizhou
P0186,WC_0052_0018_K,43.53,1,6.1763,2050,999760.1220410536,105.39427115384616,37.59225300000001,Ningxia
P0186,WC_0052_0018_D,73.23,2,7.6613,2050,5773659.181104633,105.39427115384616,37.59225300000001,Ningxia
P0187,WC_0060_0021_A,94.74,1,8.7368,2050,416608.2000000002,121.331659,43.585098,Inner Mongolia
P0188,WC_0046_0022_K,9.96,1,4.498,2050,2228851.182322917,92.926001,44.53792,Xinjiang
P0188,WC_0047_0022_K,133.44,2,10.6721,2050,164254.82487655696,92.926001,44.53792,Xinjiang
P0188,WC_0046_0021_K,134.04,3,10.7021,2050,2015305.681974143,92.926001,44.53792,Xinjiang
P0188,WC_0045_0022_K,176.04,4,12.8019,2050,1664968.3108263833,92.926001,44.53792,Xinjiang
P0189,WC_0051_0012_H,49.97,1,6.4986,2050,5594572.267842317,103.0278556,24.9631234,Yunnan
P0189,WC_0051_0012_F,57.29,2,6.8647,2050,4766033.032157681,103.0278556,24.9631234,Yunnan
P0190,WC_0059_0016_E,26.69,1,5.3343,2050,47157737.199999996,119.00320116666668,33.51324183333334,Jiangsu
P0191,WC_0055_0013_F,70.59,1,7.5295,2050,2151217.278,111.492692,26.56672,Hunan
P0192,WC_0054_0018_D,103.33,1,9.1664,2050,4519101.9528,108.98365166666666,37.822902,Shaanxi
P0193,WC_0054_0011_H,17.02,1,4.8509,2050,5566979.02306,108.93004633333334,22.806623733333332,Guangxi
P0194,WC_0053_0016_F,100.54,1,9.0272,2050,6923127.419999997,106.141932,33.346156,Shaanxi
P0195,WC_0053_0015_F,55.58,1,6.7792,2050,6929507.159999997,107.491416,31.324767,Sichuan
P0196,WC_0047_0021_K,83.14,2,8.1568,2050,145761.11999999997,94.9857948,43.7063773,Xinjiang
P0197,WC_0058_0013_G,58.52,1,6.926,2050,2676860.6303999997,117.4607848,27.3866923,Fujian
P0198,WC_0052_0017_D,53.2,1,6.6601,2050,635981.28,105.1007823,34.7548032,Gansu
P0199,WC_0058_0021_K,42.44,1,6.1218,2050,3023881.1849999996,116.786405,43.063974,Inner Mongolia
P0200,WC_0038_0019_K,82.67,1,8.1334,2050,5680339.417542447,76.0498524,39.4815702,Xinjiang
P0200,WC_0037_0019_K,89.78,2,8.4889,2050,12189868.80746844,76.0498524,39.4815702,Xinjiang
P0200,WC_0037_0020_K,116.31,3,9.8155,2050,5700555.585329048,76.0498524,39.4815702,Xinjiang
P0200,WC_0038_0020_K,134.57,4,10.7286,2050,3285499.1991245467,76.0498524,39.4815702,Xinjiang
P0201,WC_0063_0023_A,36.61,1,5.8305,2050,2380163.625,127.035146,46.658416,Heilongjiang
P0202,WC_0057_0013_F,1.62,1,4.0811,2050,5727275.735039999,115.02031085,27.04720645,Jiangxi
P0203,WC_0059_0024_A,52.68,1,6.6338,2050,2757284.743496979,119.7869442,49.2971288,Inner Mongolia
P0204,WC_0064_0023_A,81.79,1,8.0895,2050,2380163.625,128.750564,47.738549,Heilongjiang
P0205,WC_0054_0020_D,34.43,1,5.7213,2050,1249824.6,108.767778,40.651111,Inner Mongolia
P0206,WC_0055_0016_F,35.24,1,5.7619,2050,7289503.619999999,110.737906,32.683566,Hubei
P0207,WC_0042_0022_K,101.84,2,9.0918,2050,4396664.0680707,86.14399902857143,44.38875934285716,Xinjiang
P0207,WC_0042_0021_K,161.13,4,12.0567,2050,13887498.73706656,86.14399902857143,44.38875934285716,Xinjiang
P0208,WC_0050_0013_F,63.14,1,7.1571,2050,3811228.937999998,101.504877,26.600634,Sichuan
P0209,WC_0059_0014_G,47.2,1,6.3599,2050,12985813.8,119.5068449,29.1866175,Zhejiang
P0210,WC_0059_0015_F,9.09,1,4.4546,2050,5739683.0832,118.865,30.86956,Anhui
P0211,WC_0057_0017_D,49.37,1,6.4686,2050,1137380.2412913265,114.4450842,34.8060821,Henan
P0211,WC_0057_0017_E,73.15,2,7.6576,2050,2900504.7396603986,114.4450842,34.8060821,Henan
P0211,WC_0056_0017_E,109.47,5,9.4735,2050,2824997.8283167733,114.4450842,34.8060821,Henan
P0213,WC_0057_0015_F,73.72,1,7.6859,2050,9023521.51336,115.22746642857145,30.139824142857144,Hubei
P0214,WC_0040_0020_K,73.18,1,7.659,2050,1897144.747290003,81.22118188571429,40.57628974285715,Xinjiang
P0215,WC_0057_0018_C,107.14,1,9.357,2050,1352568.3599999994,115.6012217,37.7526565,Hebei
P0216,WC_0063_0024_A,87.92,1,8.3962,2050,804055.2749999998,126.5290168,48.2323268,Heilongjiang
P0217,WC_0054_0009_H,76.34,1,7.8169,2050,6335160.824999999,109.18408,19.772636,Hainan
P0218,WC_0056_0015_F,74.6,1,7.7299,2050,8668468.139759999,112.2396082,31.04729105,Hubei
P0219,WC_0062_0022_A,33.13,1,5.6564,2050,3132140.7118499996,124.713103425,45.18673232500001,Jilin
P0220,WC_0056_0020_C,110.66,2,9.5332,2050,2705432.5198995457,114.636465,39.812212,Hebei
P0220,WC_0057_0020_C,119.24,3,9.962,2050,1331654.8771078098,114.636465,39.812212,Hebei
P0220,WC_0056_0019_C,155.43,4,11.7715,2050,4484093.270992646,114.636465,39.812212,Hebei
P0221,WC_0053_0017_D,55.42,1,6.7709,2050,7679972.778160884,106.7692569,35.395936240000005,Gansu
P0221,WC_0053_0017_F,130.54,2,10.5271,2050,410457.6099618917,106.7692569,35.395936240000005,Gansu
P0222,WC_0058_0013_F,57.55,1,6.8776,2050,27626054.4,116.5644289,27.7844943,Jiangxi
P0224,WC_0040_0020_K,40.69,1,6.0343,2050,5119700.8853533035,80.284606,41.116463,Xinjiang
P0224,WC_0039_0020_K,99.02,2,8.9509,2050,12767265.513335256,80.284606,41.116463,Xinjiang
P0225,WC_0066_0022_A,79.77,1,7.9884,2050,10181246.532584783,132.54726,46.250035,Heilongjiang
P0225,WC_0066_0023_A,92.32,2,8.616,2050,4507763.267415218,132.54726,46.250035,Heilongjiang
P0226,WC_0058_0015_E,14.36,1,4.7178,2050,19440862.056,116.491363,31.656523,Anhui
P0227,WC_0056_0018_D,50.57,1,6.5285,2050,5097627.142656226,112.01524108333336,37.256315066666666,Shanxi
P0227,WC_0055_0018_D,101.1,2,9.055,2050,984815.7386187717,112.01524108333336,37.256315066666666,Shanxi
P0228,WC_0061_0019_A,60.49,1,7.0243,2050,5752798.103915612,123.2061971,39.6759023,Liaoning
P0228,WC_0061_0020_A,133.68,3,10.684,2050,7340837.856084384,123.2061971,39.6759023,Liaoning
P0229,WC_0055_0017_D,6.47,1,4.3237,2050,18161258.021265876,111.0107946818182,34.80419690909091,Henan
P0229,WC_0055_0016_D,135.48,2,10.7738,2050,1962769.4140054178,111.0107946818182,34.80419690909091,Henan
P0229,WC_0054_0017_D,177.34,4,12.8668,2050,5579473.454273174,111.0107946818182,34.80419690909091,Henan
P0230,WC_0057_0021_K,76.94,1,7.8472,2050,796989.6,115.1452,43.5503,Inner Mongolia
P0231,WC_0058_0012_G,25.71,1,5.2853,2050,8771953.44,117.27690395,25.2826263,Fujian
P0232,WC_0059_0021_A,87.69,1,8.3846,2050,2499649.199999999,118.711438,43.589584,Inner Mongolia
P0233,WC_0041_0020_K,30.96,1,5.5481,2050,5857828.422150662,82.88791,41.73815,Xinjiang
P0233,WC_0041_0021_K,163.73,2,12.1863,2050,2878335.9671126707,82.88791,41.73815,Xinjiang
P0234,WC_0056_0013_F,36.52,1,5.8259,2050,541847.9609999999,112.643208,26.99216,Hunan
P0235,WC_0058_0022_K,48.87,1,6.4434,2050,1593979.2,116.7196555,44.587344,Inner Mongolia
P0237,WC_0057_0012_F,55.39,1,6.7697,2050,19989916.970399994,115.10297395,25.92432775,Jiangxi
P0238,WC_0052_0016_F,72.39,1,7.6195,2050,2872929.999999999,105.57982345,32.331679699999995,Sichuan
P0239,WC_0053_0013_F,76.25,1,7.8127,2050,37937550.02777999,106.45517692,27.52040356,Guizhou
P0241,WC_0055_0012_H,122.54,1,10.1271,2050,3275231.049999999,111.693474,23.985332,Guangxi
P0242,WC_0045_0022_K,50.58,1,6.529,2050,4580710.125438265,90.22066,44.50694375,Xinjiang
P0242,WC_0044_0022_K,105.98,2,9.299,2050,1101499.2214817507,90.22066,44.50694375,Xinjiang
P0242,WC_0045_0021_K,119.79,3,9.9896,2050,1546692.9693528004,90.22066,44.50694375,Xinjiang
P0242,WC_0044_0021_K,169.06,4,12.453,2050,1749982.6757271704,90.22066,44.50694375,Xinjiang
P0245,WC_0055_0015_F,75.99,1,7.7993,2050,14942465.210763995,111.494179,30.3951102,Hubei
P0246,WC_0059_0022_K,50.02,1,6.5012,2050,9370448.376146812,119.571302776,45.461377824,Inner Mongolia
P0246,WC_0059_0023_K,90.51,2,8.5256,2050,3407706.416763566,119.571302776,45.461377824,Inner Mongolia
P0246,WC_0059_0022_A,94.95,3,8.7477,2050,4276110.885412266,119.571302776,45.461377824,Inner Mongolia
P0246,WC_0060_0022_A,120.13,4,10.0065,2050,8151151.74982409,119.571302776,45.461377824,Inner Mongolia
P0246,WC_0060_0023_A,198.24,5,13.9121,2050,244146.05235326104,119.571302776,45.461377824,Inner Mongolia
P0247,WC_0059_0019_C,168.46,4,12.423,2050,2387282.295455279,118.9042265,38.096445,Shandong
P0248,WC_0056_0017_C,17.1,1,4.8552,2050,3946481.8194665527,113.55311391818182,35.28212610000001,Henan
P0248,WC_0056_0017_D,78.99,2,7.9495,2050,10861965.292300822,113.55311391818182,35.28212610000001,Henan
P0248,WC_0056_0017_E,101.36,4,9.0681,2050,9646976.081602184,113.55311391818182,35.28212610000001,Henan
P0249,WC_0051_0018_D,15.09,1,4.7544,2050,4537848.472359859,102.86741,36.519356,Gansu
P0250,WC_0049_0020_K,137.95,2,10.8976,2050,896155.4400000002,97.359004,40.208093,Gansu
P0251,WC_0058_0019_C,78.14,1,7.907,2050,1283601.7419865597,116.94265595000002,38.3476141,Hebei
P0252,WC_0055_0012_H,55.96,1,6.7982,2050,3957580.0263999994,111.34667,24.73609,Guangxi
P0253,WC_0053_0011_H,46.34,1,6.3168,2050,4983789.73092,107.502443,23.339667,Guangxi
P0254,WC_0056_0013_F,119.39,1,9.9694,2050,9116597.951999998,114.005752,27.641968,Jiangxi
P0255,WC_0058_0015_F,30.61,1,5.5303,2050,13258710.00198,117.05617661538456,30.56392938461539,Anhui
P0256,WC_0064_0023_A,72.22,1,7.611,2050,817656.2099999998,128.065134,46.980043,Heilongjiang
P0257,WC_0061_0021_A,68.67,1,7.4336,2050,837382.4819999996,122.390042,42.970016,Inner Mongolia
P0258,WC_0042_0020_K,87.2,1,8.3599,2050,2496604.9822517815,84.003586,41.821533,Xinjiang
P0260,WC_0053_0018_D,103.1,1,9.1552,2050,3219096.8167225923,106.291944,36.044444,Ningxia
P0260,WC_0052_0017_D,142.76,4,11.1382,2050,997522.2969074071,106.291944,36.044444,Ningxia
P0261,WC_0044_0019_K,90.26,1,8.5132,2050,933790.6953955772,88.32697,38.950112,Xinjiang
P0261,WC_0043_0019_K,107.21,2,9.3607,2050,384132.7646044217,88.32697,38.950112,Xinjiang
P0262,WC_0053_0013_H,68.77,1,7.4387,2050,8373274.147082476,107.5423551,26.6304173,Guizhou
P0262,WC_0053_0013_F,70.02,2,7.5009,2050,2173832.632917522,107.5423551,26.6304173,Guizhou
P0263,WC_0053_0017_F,152.6,3,11.6301,2050,1132457.9,108.118848,34.258855,Shaanxi
P0264,WC_0052_0015_F,55.02,1,6.7512,2050,21098797.91999999,104.5803369,30.7056052,Sichuan
P0265,WC_0051_0018_K,38.86,1,5.943,2050,7643382.47980887,102.685854,37.901104,Gansu
P0265,WC_0051_0019_K,95.1,2,8.7548,2050,2676859.200191127,102.685854,37.901104,Gansu
P0266,WC_0062_0025_A,81.42,1,8.0711,2050,2170949.2424999992,124.169753,50.427253,Heilongjiang
P0267,WC_0056_0014_F,115.12,1,9.756,2050,7460941.70632,113.87296000000002,29.665230000000005,Hubei
P0268,WC_0059_0020_A,43.87,1,6.1933,2050,1046728.1024999997,119.341125,41.560504,Inner Mongolia
P0270,WC_0043_0023_K,83.36,1,8.1678,2050,4640758.901905775,86.5936,46.6088,Xinjiang
P0270,WC_0042_0023_K,118.29,2,9.9145,2050,7288127.669735738,86.5936,46.6088,Xinjiang
P0271,WC_0056_0012_F,49.37,1,6.4686,2050,6701084.729999998,113.06552,25.25886,Guangdong
P0272,WC_0047_0018_K,79.91,1,7.9956,2050,1571666.8239090599,94.883333,36.416667,Qinghai
P0272,WC_0047_0017_K,101.28,2,9.0642,2050,1207505.626100735,94.883333,36.416667,Qinghai
P0272,WC_0046_0018_K,173.97,3,12.6983,2050,1850493.2214345688,94.883333,36.416667,Qinghai
P0273,WC_0058_0013_G,96.04,1,8.8018,2050,4385976.72,117.37926,26.00357,Fujian
P0274,WC_0058_0019_C,83.02,1,8.1508,2050,2008359.0800000017,116.15334,38.74469,Hebei
P0276,WC_0043_0021_K,92.85,1,8.6424,2050,1311850.0799999798,87.914977,42.82463,Xinjiang
P0277,WC_0054_0012_H,87.19,1,8.3596,2050,3275231.049999999,109.6934879,24.4560027,Guangxi
P0278,WC_0054_0019_D,34.33,1,5.7167,2050,2835154.01893554,109.4795544,39.0850986,Inner Mongolia
P0279,WC_0054_0011_H,81.46,1,8.0728,2050,4557800.519999998,109.7658333,23.1119444,Guangxi
P0280,WC_0058_0016_E,62.15,1,7.1074,2050,9720431.028,117.6878713,32.9337496,Anhui
P0281,WC_0042_0023_K,154.13,2,11.7063,2050,1359413.687071365,85.0218233,45.54546385,Xinjiang
P0281,WC_0041_0023_K,168.26,4,12.4128,2050,1962822.3470086446,85.0218233,45.54546385,Xinjiang
P0282,WC_0059_0017_E,88.91,2,8.4453,2050,6760993.486994999,118.7059434,35.7063058,Shandong
P0283,WC_0056_0015_F,89.76,1,8.4881,2050,3927406.0319999997,113.522017,31.640073,Hubei
P0285,WC_0051_0012_F,110.01,2,9.5007,2050,12432726.359999996,104.0667928,25.6622058,Yunnan
P0286,WC_0057_0014_F,88.76,1,8.4381,2050,10770872.399999999,115.9378971,28.81613945,Jiangxi
P0288,WC_0056_0022_K,56.44,1,6.822,2050,3526404.0704282653,113.180878,44.018566,Inner Mongolia
P0288,WC_0056_0021_K,123.29,2,10.1647,2050,4841986.729571735,113.180878,44.018566,Inner Mongolia
P0289,WC_0060_0024_A,33.21,1,5.6603,2050,2184901.7049,120.835657,49.283636,Inner Mongolia
P0290,WC_0053_0014_F,109.42,1,9.4709,2050,20409634.268999994,106.24904266666664,28.29239933333333,Guizhou
P0291,WC_0056_0019_D,54.08,1,6.7041,2050,366949.4870130354,112.75008345,38.4604465,Shanxi
P0291,WC_0056_0019_C,67.36,2,7.3681,2050,1305737.2412619647,112.75008345,38.4604465,Shanxi
P0292,WC_0054_0015_F,60.19,1,7.0093,2050,6649075.979999999,108.456944,31.269167,Chongqing
P0293,WC_0052_0014_F,81.09,1,8.0543,2050,4024730.9,105.85501600000002,29.0363,Chongqing
P0294,WC_0058_0014_F,26.41,1,5.3203,2050,5383134.028799998,117.08502,29.18719,Jiangxi
P0295,WC_0056_0011_H,10.45,1,4.5227,2050,32803601.710087497,112.89723415555557,23.012968666666666,Guangdong
P0296,WC_0057_0016_E,122.65,1,10.1324,2050,22474887.312799998,114.140877,32.109018,Henan
P0297,WC_0059_0014_F,44.26,1,6.2132,2050,27735681.599999998,117.857259,28.28488,Jiangxi
P0298,WC_0043_0021_K,162.42,4,12.1211,2050,1221822.3378652302,88.51703900000001,44.087246,Xinjiang
P0299,WC_0060_0019_A,42.93,1,6.1464,2050,3726979.3859999985,121.254736,39.574197000000005,Liaoning
P0300,WC_0053_0011_H,71.78,1,7.5889,2050,1656661.4063999997,107.555455,22.494869,Guangxi
P0301,WC_0059_0015_F,71.32,1,7.5661,2050,768863.662888913,119.303398,31.487864,Jiangsu
P0302,WC_0040_0021_K,153.23,3,11.6613,2050,2609700.0244595455,81.66835,41.720435,Xinjiang
P0303,WC_0057_0016_E,90.61,2,8.5306,2050,10816618.02,114.0485942,32.9569897,Henan
P0304,WC_0050_0021_K,37.46,1,5.8731,2050,220178.58726193543,101.042068,41.913656,Inner Mongolia
P0304,WC_0050_0020_K,130.95,2,10.5474,2050,81353.7268615663,101.042068,41.913656,Inner Mongolia
P0305,WC_0058_0022_K,59.44,1,6.9718,2050,3033994.499999999,117.630486,44.562956,Inner Mongolia
P0306,WC_0054_0020_D,114.0,2,9.7,2050,1374807.0600000015,109.115512,39.91998,Inner Mongolia
P0307,WC_0056_0014_F,41.63,1,6.0814,2050,4097556.72,113.465393,28.935746,Hunan
P0308,WC_0050_0018_D,28.49,1,5.4244,2050,4643232.524999999,100.9098322,36.974299,Qinghai
P0309,WC_0060_0022_A,36.44,1,5.8221,2050,3224084.57,121.41631999999998,44.97107,Inner Mongolia
P0310,WC_0055_0016_F,130.06,1,10.5028,2050,1653284.1599999997,110.0629,33.807099,Shaanxi
P0311,WC_0055_0014_F,67.69,1,7.3845,2050,1352193.7175999999,111.7,29.031,Hunan
P0312,WC_0055_0018_D,160.62,3,12.0312,2050,638870.9999999991,111.376042,35.590983,Shanxi
P0313,WC_0039_0019_K,55.75,1,6.7874,2050,3342272.1113693058,78.967921,39.895939,Xinjiang
P0314,WC_0056_0020_D,47.54,1,6.3768,2050,1110955.1999999995,112.162201,40.27631,Inner Mongolia
P0316,WC_0054_0015_F,47.26,1,6.3632,2050,10651753.559999999,109.447256,31.118822,Chongqing
P0317,WC_0059_0016_E,85.6,1,8.2799,2050,3129160.4189999998,118.36866000000002,33.839984,Jiangsu
P0318,WC_0062_0021_A,66.6,1,7.3298,2050,4603976.3549999995,124.4014418,43.15431715,Jilin
P0319,WC_0057_0020_K,103.48,3,9.1742,2050,912402.123306232,113.747689,40.86604,Inner Mongolia
P0320,WC_0053_0012_H,51.8,1,6.5901,2050,3291876.494999999,107.489232,25.226875,Guizhou
P0321,WC_0062_0021_A,4.38,1,4.2191,2050,5524771.625999999,125.1600082,42.8720236,Jilin
P0322,WC_0044_0021_K,104.0,2,9.2001,2050,1317923.4599999993,90.126799,42.974907,Xinjiang
P0323,WC_0055_0016_F,87.44,2,8.372,2050,20863281.599999998,111.90004,33.086416,Henan
P0324,WC_0053_0017_F,75.49,2,7.7746,2050,5629182.067199999,107.237001675,34.46888477500001,Shaanxi
P0325,WC_0060_0015_G,2.77,1,4.1386,2050,23211187.32825,120.717248,30.22652,Zhejiang
P0327,WC_0054_0015_F,74.24,1,7.7119,2050,21879848.584879998,108.333304,30.60260700000001,Chongqing
P0328,WC_0060_0021_A,136.91,2,10.8456,2050,4491123.189374995,122.1535206,43.6713737,Inner Mongolia
P0329,WC_0040_0022_K,65.29,1,7.2646,2050,218641.67999999996,80.437165,44.148549,Xinjiang
P0330,WC_0048_0020_K,49.87,1,6.4933,2050,2638128.7569630817,96.51300000000002,40.6599,Gansu
P0330,WC_0047_0020_K,115.45,2,9.7724,2050,2196679.4732634076,96.51300000000002,40.6599,Gansu
P0330,WC_0049_0020_K,198.56,3,13.928,2050,910405.0700736224,96.51300000000002,40.6599,Gansu
P0332,WC_0056_0019_C,148.58,2,11.4288,2050,13832593.656959997,114.8433969,38.5122064,Hebei
P0333,WC_0057_0011_H,37.19,1,5.8595,2050,6201030.450983999,114.640278,23.567222,Guangdong
P0334,WC_0058_0020_C,156.98,4,11.8488,2050,573816.8799999999,115.999182,39.563323,Hebei
P0335,WC_0057_0015_F,42.47,1,6.1237,2050,9701486.314399997,114.8921871,31.1420662,Hubei
P0336,WC_0059_0023_K,35.38,1,5.7691,2050,2893112.5,119.106454,45.955947,Inner Mongolia
P0337,WC_0053_0012_H,138.97,2,10.9485,2050,6152478.954999999,105.776871,25.377552,Guizhou
P0338,WC_0055_0012_H,84.39,1,8.2194,2050,4095414.9599999995,110.06851,25.10107,Guangxi
P0340,WC_0059_0021_A,62.6,1,7.1299,2050,21625364.9931941,119.0763143846154,42.26995515384616,Inner Mongolia
P0341,WC_0057_0018_C,75.52,1,7.7758,2050,102467.29999999993,114.879269,37.64045,Hebei
P0342,WC_0060_0014_G,68.3,1,7.415,2050,6728939.822195583,121.5744765125,28.854719537500003,Zhejiang
P0343,WC_0056_0014_F,83.61,1,8.1803,2050,9632169.71388,112.2686111,28.596666700000004,Hunan
P0344,WC_0044_0018_K,136.1,1,10.8049,2050,3563621.949401562,88.181922,37.876453,Xinjiang
P0344,WC_0043_0018_K,148.52,2,11.4261,2050,1964312.985179569,88.181922,37.876453,Xinjiang
P0344,WC_0043_0019_K,154.11,3,11.7056,2050,484711.2654188688,88.181922,37.876453,Xinjiang
P0346,WC_0058_0021_K,84.73,1,8.2367,2050,2912541.584438383,116.1394932,43.997505,Inner Mongolia
P0346,WC_0057_0022_K,116.82,2,9.8408,2050,8479161.89639502,116.1394932,43.997505,Inner Mongolia
P0346,WC_0058_0022_K,129.07,3,10.4533,2050,2738328.410166596,116.1394932,43.997505,Inner Mongolia
P0347,WC_0053_0019_K,87.37,2,8.3684,2050,259287.6212588993,106.40747515,38.9737633,Ningxia
P0347,WC_0052_0019_K,114.43,4,9.7216,2050,256454.59151484485,106.40747515,38.9737633,Ningxia
P0348,WC_0059_0016_F,14.39,1,4.7193,2050,54298667.92297499,118.86002289473684,32.23087336842106,Jiangsu
P0350,WC_0055_0011_H,35.56,1,5.7779,2050,2611927.9549999996,110.943891,23.290635,Guangxi
P0003,WC_0053_0014_F,46.2,1,6.3099,2060,100185291.398445,106.56065670588237,29.095265411764704,Chongqing
P0004,WC_0053_0020_D,17.81,1,4.8903,2060,13605622.728013342,107.40690754545452,40.72295445454545,Inner Mongolia
P0004,WC_0053_0020_K,73.49,2,7.6745,2060,5635024.803252181,107.40690754545452,40.72295445454545,Inner Mongolia
P0004,WC_0054_0020_D,130.29,3,10.5143,2060,1139420.874005065,107.40690754545452,40.72295445454545,Inner Mongolia
P0005,WC_0052_0014_F,43.55,1,6.1775,2060,67738448.95749356,104.9672844,28.61919437777778,Sichuan
P0008,WC_0061_0018_E,16.13,1,4.8066,2060,5448967.092693229,122.11088608695654,37.34379926086956,Shandong
P0008,WC_0060_0018_E,120.18,2,10.0089,2060,959129.4619225508,122.11088608695654,37.34379926086956,Shandong
P0010,WC_0052_0013_F,58.61,1,6.9306,2060,28489994.507279996,104.82352106666669,27.534283966666663,Yunnan
P0012,WC_0061_0021_A,58.62,1,6.9312,2060,18638598.99652106,123.77717060769234,42.46554086923077,Liaoning
P0012,WC_0062_0021_A,117.38,2,9.8692,2060,12897665.687878937,123.77717060769234,42.46554086923077,Liaoning
P0014,WC_0056_0011_H,99.44,1,8.9719,2060,25642817.566799995,112.024739125,22.974058575,Guangdong
P0015,WC_0056_0012_F,55.94,1,6.7968,2060,16170872.807429997,113.088394,26.08946423333333,Hunan
P0016,WC_0056_0015_F,84.21,1,8.2104,2060,17401806.609279998,113.8259234888889,30.660474866666668,Hubei
P0018,WC_0065_0021_A,54.98,1,6.7489,2060,8873118.065999996,129.9301436,42.9040347,Jilin
P0019,WC_0055_0013_F,80.25,1,8.0126,2060,18768238.530929994,111.5750416714286,27.544403028571427,Hunan
P0022,WC_0060_0018_E,128.17,1,10.4083,2060,11339554.71419339,120.11881293333334,35.99860965,Shandong
P0022,WC_0059_0017_E,163.03,3,12.1517,2060,12100372.947361091,120.11881293333334,35.99860965,Shandong
P0023,WC_0056_0016_E,68.29,2,7.4146,2060,36719474.964959994,113.21201491428567,33.7993222857143,Henan
P0024,WC_0053_0014_F,77.68,1,7.884,2060,12847750.940977,107.31146671428574,29.655601142857147,Chongqing
P0025,WC_0062_0021_A,106.96,1,9.3479,2060,35596860.039282955,125.24796920000004,43.81222732,Jilin
P0025,WC_0062_0022_A,132.69,2,10.6345,2060,24607450.10441703,125.24796920000004,43.81222732,Jilin
P0028,WC_0056_0013_F,68.97,1,7.4486,2060,24089922.349289995,113.13893942,27.64443306,Hunan
P0029,WC_0063_0022_A,40.81,1,6.0406,2060,1824099.1799999997,127.02565466666664,44.58916933333334,Jilin
P0030,WC_0063_0021_A,116.26,1,9.813,2060,47755078.952190004,126.50366462499998,43.90009873333333,Jilin
P0031,WC_0055_0018_D,84.83,1,8.2414,2060,8567047.153,111.5960795,36.44789901666667,Shanxi
P0032,WC_0057_0017_C,21.1,1,5.0548,2060,7146758.981295526,114.94455282857145,35.69333081428572,Henan
P0032,WC_0057_0017_D,66.22,2,7.3112,2060,1528536.9933082808,114.94455282857145,35.69333081428572,Henan
P0032,WC_0057_0017_E,104.62,3,9.231,2060,6808258.801781069,114.94455282857145,35.69333081428572,Henan
P0033,WC_0056_0017_D,80.72,1,8.0362,2060,843898.9909952816,112.2235970526316,34.61218205263158,Henan
P0033,WC_0055_0016_D,105.3,2,9.2652,2060,4815720.065101012,112.2235970526316,34.61218205263158,Henan
P0033,WC_0055_0017_D,118.4,4,9.9199,2060,7533279.841997864,112.2235970526316,34.61218205263158,Henan
P0033,WC_0056_0016_E,189.04,6,13.4521,2060,28835896.256845832,112.2235970526316,34.61218205263158,Henan
P0034,WC_0058_0017_E,149.15,5,11.4574,2060,36172107.31653,116.80496215,36.2049641,Shandong
P0038,WC_0053_0015_F,64.82,1,7.241,2060,90621129.77471995,106.77105626666668,30.466155083333334,Sichuan
P0039,WC_0061_0023_A,55.15,1,6.7575,2060,18447408.172124993,123.69026015555556,47.216015733333336,Heilongjiang
P0041,WC_0057_0019_C,41.84,1,6.0922,2060,33395034.503027838,115.42118525333336,38.861997093333336,Hebei
P0041,WC_0056_0019_C,190.55,3,13.5274,2060,6783172.546543478,115.42118525333336,38.861997093333336,Hebei
P0042,WC_0058_0017_D,39.97,1,5.9984,2060,4145231.852448739,117.7747333,36.10888457777778,Shandong
P0042,WC_0058_0017_E,153.32,6,11.6662,2060,41142691.341791265,117.7747333,36.10888457777778,Shandong
P0043,WC_0058_0016_E,83.92,1,8.196,2060,122702908.48349999,116.754942764,33.761710992,Anhui
P0044,WC_0062_0023_A,60.8,1,7.0398,2060,16951393.887046855,124.97499467692306,46.49802851538463,Heilongjiang
P0044,WC_0061_0023_A,153.04,2,11.6522,2060,2799807.3355722325,124.97499467692306,46.49802851538463,Heilongjiang
P0044,WC_0063_0023_A,165.16,3,12.2579,2060,8785422.535393415,124.97499467692306,46.49802851538463,Heilongjiang
P0047,WC_0060_0020_A,23.51,1,5.1756,2060,9030358.372839997,120.95330144285712,41.001320185714285,Liaoning
P0048,WC_0055_0019_D,81.07,1,8.0534,2060,2310583.4499999997,111.1116265,38.213208,Shanxi
P0049,WC_0044_0021_K,55.29,1,6.7647,2060,1887058.860382601,88.9060775,42.808315,Xinjiang
P0049,WC_0044_0020_K,166.46,2,12.3231,2060,874191.2098573983,88.9060775,42.808315,Xinjiang
P0050,WC_0057_0017_E,35.43,1,5.7717,2060,13062732.424,115.4996139,34.5444303,Henan
P0053,WC_0065_0022_A,38.3,1,5.9149,2060,22513547.700000003,130.88350004444445,45.52289057777777,Heilongjiang
P0054,WC_0057_0020_C,37.42,1,5.8709,2060,21909286.568312183,114.86662302857142,40.658597571428565,Hebei
P0054,WC_0057_0020_K,96.58,2,8.8292,2060,6526250.019797832,114.86662302857142,40.658597571428565,Hebei
P0055,WC_0055_0017_D,62.43,1,7.1214,2060,4789827.224030837,110.291820675,34.722310675,Shanxi
P0056,WC_0057_0012_F,48.04,1,6.4021,2060,49303462.85999999,114.6474855,25.235139166666663,Jiangxi
P0057,WC_0051_0018_D,97.97,1,8.8983,2060,2738347.214636377,103.63660057777776,36.10173662222222,Gansu
P0057,WC_0051_0017_D,148.78,2,11.4388,2060,11433030.926003622,103.63660057777776,36.10173662222222,Gansu
P0058,WC_0059_0017_E,69.6,1,7.4799,2060,22998744.049678724,119.50311133333334,34.54334577777778,Jiangsu
P0060,WC_0059_0017_E,55.61,1,6.7806,2060,13751390.817433622,119.34751615999998,35.25980932000001,Shandong
P0061,WC_0059_0018_E,36.02,1,5.8008,2060,40133315.24259847,118.8704271357143,36.916450514285714,Shandong
P0061,WC_0060_0018_E,173.84,7,12.6919,2060,12808664.661921548,118.8704271357143,36.916450514285714,Shandong
P0062,WC_0043_0020_K,93.72,1,8.6862,2060,3243198.282512825,86.38826449999999,41.9057335,Xinjiang
P0064,WC_0058_0018_C,55.41,1,6.7706,2060,23210627.90406156,116.30790365,37.390696166666665,Shandong
P0064,WC_0058_0018_E,125.76,2,10.2878,2060,501090.21363684826,116.30790365,37.390696166666665,Shandong
P0064,WC_0058_0018_D,151.11,4,11.5556,2060,13461305.6959416,116.30790365,37.390696166666665,Shandong
P0065,WC_0042_0022_K,34.72,1,5.7361,2060,7504567.296288025,84.88765941000001,44.51353533,Xinjiang
P0067,WC_0059_0020_C,102.32,2,9.1159,2060,10839427.856801806,119.67226051428575,39.97792042857143,Hebei
P0067,WC_0059_0020_A,135.14,3,10.7571,2060,23669886.37884176,119.67226051428575,39.97792042857143,Hebei
P0068,WC_0060_0013_G,49.67,1,6.4837,2060,1045402.5700649999,120.60543628,27.43325004,Zhejiang
P0069,WC_0054_0017_D,8.29,1,4.4146,2060,6784310.0,109.10067892,34.81815216,Shaanxi
P0070,WC_0057_0017_E,63.77,1,7.1887,2060,35069008.26036937,115.56860472222225,35.294208722222216,Shandong
P0070,WC_0058_0017_E,139.94,4,10.9972,2060,6257016.072350631,115.56860472222225,35.294208722222216,Shandong
P0072,WC_0065_0023_A,57.51,1,6.8756,2060,20529411.299999997,131.41872039999998,46.6215169,Heilongjiang
P0073,WC_0061_0020_A,48.07,1,6.4036,2060,11206145.157093232,123.4034578352941,41.25218117647059,Liaoning
P0075,WC_0057_0016_E,95.0,1,8.7499,2060,12376396.691999998,114.316042,33.5464985,Henan
P0076,WC_0054_0011_H,90.37,1,8.5185,2060,18162460.760080002,109.2172239,23.73486028181818,Guangxi
P0078,WC_0063_0022_A,93.3,1,8.6652,2060,38051147.78002891,126.63870604615386,45.738477292307685,Heilongjiang
P0078,WC_0063_0023_A,141.96,2,11.0979,2060,10090477.729196088,126.63870604615386,45.738477292307685,Heilongjiang
P0079,WC_0054_0010_H,33.81,1,5.6905,2060,3618583.07504878,108.5689820142857,21.687818557142855,Guangxi
P0080,WC_0058_0017_E,23.9,1,5.1952,2060,40967141.99985,117.27766755263158,34.90857122631579,Shandong
P0082,WC_0060_0020_A,106.27,2,9.3133,2060,16919744.724999994,121.61303683333335,41.93595583333334,Liaoning
P0087,WC_0058_0020_C,102.95,2,9.1476,2060,1868343.4415402277,117.62799128888888,39.96386984444444,Hebei
P0087,WC_0059_0020_C,112.03,3,9.6017,2060,21574176.686109774,117.62799128888888,39.96386984444444,Hebei
P0088,WC_0059_0015_F,96.46,1,8.823,2060,24077990.399399996,119.906331,31.112822777777776,Zhejiang
P0091,WC_0056_0012_H,50.63,1,6.5315,2060,41662744.1064,113.56754175384616,24.69749064615385,Guangdong
P0092,WC_0057_0013_F,101.84,1,9.0919,2060,42875883.089999996,114.79901501111112,27.92697431111111,Jiangxi
P0094,WC_0058_0011_G,43.65,1,6.1824,2060,22287448.624839954,117.65712922941177,23.87389818235294,Fujian
P0094,WC_0058_0011_H,127.03,2,10.3517,2060,4824254.245160041,117.65712922941177,23.87389818235294,Fujian
P0095,WC_0058_0015_E,105.88,1,9.294,2060,30669783.350820005,117.48208799999998,31.780410714285715,Anhui
P0096,WC_0058_0012_H,58.57,1,6.9284,2060,62263773.31757499,116.39166080000004,24.39771004,Guangdong
P0099,WC_0052_0014_F,58.57,1,6.9286,2060,18938354.559999984,105.03624913333331,29.5345342,Sichuan
P0100,WC_0058_0014_F,67.52,1,7.3761,2060,29379486.650399994,117.10249263333333,28.3432053,Jiangxi
P0102,WC_0055_0014_F,78.73,1,7.9363,2060,10112985.645839998,111.3662008,29.594144733333334,Hunan
P0105,WC_0062_0020_A,137.61,1,10.8807,2060,7281237.714984492,124.23231075,39.97204075,Liaoning
P0109,WC_0054_0017_D,110.5,2,9.525,2060,12138831.886199998,107.89730960769232,35.14298256153846,Shaanxi
P0110,WC_0052_0012_H,35.76,1,5.7882,2060,106626773.31327578,104.76878606666668,25.310301483333333,Guizhou
P0111,WC_0055_0011_H,117.76,1,9.8882,2060,2467267.3297999995,109.99253175,22.4336885,Guangxi
P0113,WC_0058_0021_C,50.45,1,6.5227,2060,3407759.3171147117,116.21173066666664,42.22019666666666,Inner Mongolia
P0113,WC_0057_0021_K,119.23,2,9.9614,2060,12393839.852145607,116.21173066666664,42.22019666666666,Inner Mongolia
P0113,WC_0058_0021_A,132.52,3,10.6262,2060,8364758.935471903,116.21173066666664,42.22019666666666,Inner Mongolia
P0113,WC_0058_0021_K,145.78,4,11.2889,2060,4021322.4967195787,116.21173066666664,42.22019666666666,Inner Mongolia
P0114,WC_0054_0010_H,76.42,1,7.8211,2060,4018130.5163999996,109.61024596666668,21.59652003333333,Guangxi
P0115,WC_0059_0017_E,56.51,1,6.8257,2060,16038004.997069998,118.2819026,34.988247133333324,Shandong
P0116,WC_0061_0020_A,95.89,1,8.7947,2060,859936.6654099996,122.04982786666666,41.17928143333334,Liaoning
P0117,WC_0056_0016_F,63.02,1,7.151,2060,17316490.611679997,112.59986043333332,33.21598703333334,Henan
P0118,WC_0061_0020_A,115.92,2,9.7959,2060,35694221.525919996,123.71805184166664,41.817224116666665,Liaoning
P0123,WC_0057_0018_C,49.22,1,6.4609,2060,13363743.735188648,114.46096423333331,36.70211735555555,Hebei
P0123,WC_0056_0018_C,96.72,2,8.8362,2060,23843385.245470453,114.46096423333331,36.70211735555555,Hebei
P0123,WC_0057_0017_D,161.47,5,12.0734,2060,2714106.9843212897,114.46096423333331,36.70211735555555,Hebei
P0125,WC_0043_0021_K,106.08,1,9.3042,2060,12032307.786180869,87.58797759459459,44.02529907567568,Xinjiang
P0125,WC_0043_0022_K,118.54,2,9.927,2060,436325.53244896146,87.58797759459459,44.02529907567568,Xinjiang
P0127,WC_0058_0020_C,69.34,1,7.4668,2060,16586894.1875,117.81527714285714,40.78629914285714,Hebei
P0128,WC_0039_0018_K,98.36,1,8.9181,2060,2829278.13351807,79.94897945,37.21687335,Xinjiang
P0128,WC_0040_0018_K,116.58,2,9.8291,2060,1372537.2608012129,79.94897945,37.21687335,Xinjiang
P0130,WC_0058_0020_C,89.85,1,8.4925,2060,13387352.744999995,116.8487413,39.9527554,Hebei
P0132,WC_0061_0022_A,43.03,1,6.1515,2060,7784172.5016399985,122.82737375,45.5797501,Jilin
P0133,WC_0058_0016_E,92.05,1,8.6025,2060,42139337.23562004,116.06149366666666,32.906693999999995,Anhui
P0134,WC_0055_0018_D,55.88,1,6.7941,2060,15780651.825617926,111.00816366153846,37.48729852307692,Shanxi
P0135,WC_0060_0020_A,55.85,1,6.7923,2060,4674770.354999998,120.3721705,41.560774,Liaoning
P0136,WC_0061_0022_A,124.45,1,10.2223,2060,8241045.085952932,122.04553733333334,46.07332433333334,Inner Mongolia
P0136,WC_0060_0022_A,126.29,3,10.3143,2060,10344309.61404707,122.04553733333334,46.07332433333334,Inner Mongolia
P0137,WC_0044_0021_K,87.77,1,8.3887,2060,16802.16802168022,89.43194749999999,44.005311000000006,Xinjiang
P0138,WC_0063_0020_A,66.78,1,7.3388,2060,10045039.319999998,126.1607947,41.841904666666665,Jilin
P0139,WC_0064_0022_A,70.75,1,7.5376,2060,8992276.176487498,129.6441606666667,44.627998,Heilongjiang
P0142,WC_0060_0016_F,87.45,1,8.3723,2060,630930.8411000001,121.67171711111112,32.064600444444444,Jiangsu
P0143,WC_0051_0011_H,42.35,1,6.1177,2060,10043228.962356497,103.20416861428572,23.831920442857147,Yunnan
P0143,WC_0051_0012_H,96.8,2,8.84,2060,13152156.037643496,103.20416861428572,23.831920442857147,Yunnan
P0145,WC_0060_0019_A,96.14,2,8.8071,2060,2303433.867175164,122.111451375,40.336695375000005,Liaoning
P0145,WC_0061_0020_A,104.17,3,9.2085,2060,12495883.519744832,122.111451375,40.336695375000005,Liaoning
P0147,WC_0056_0020_K,3.09,1,4.1545,2060,17989275.229487147,112.9491444,40.9942226,Inner Mongolia
P0147,WC_0056_0020_D,67.37,2,7.3687,2060,5096957.240387257,112.9491444,40.9942226,Inner Mongolia
P0147,WC_0055_0020_K,164.51,5,12.2254,2060,5850956.493925586,112.9491444,40.9942226,Inner Mongolia
P0148,WC_0060_0018_E,71.83,1,7.5914,2060,14918893.749705002,121.17031739999996,37.58648391999999,Shandong
P0150,WC_0053_0013_F,7.33,1,4.3667,2060,1536209.0309999997,107.028961,27.13609633333333,Guizhou
P0153,WC_0065_0023_A,43.11,1,6.1554,2060,6163079.892659287,130.29474041818182,47.05959753636363,Heilongjiang
P0153,WC_0064_0023_A,97.03,2,8.8515,2060,18935745.532965712,130.29474041818182,47.05959753636363,Heilongjiang
P0156,WC_0051_0012_J,22.35,1,5.1176,2060,6216363.179999998,102.3335597,25.0149171,Yunnan
P0157,WC_0052_0013_H,90.87,1,8.5437,2060,13639583.877406236,105.61257831999998,26.32126902000001,Guizhou
P0157,WC_0052_0013_F,99.16,2,8.9581,2060,26766447.706753753,105.61257831999998,26.32126902000001,Guizhou
P0158,WC_0053_0011_H,80.15,1,8.0077,2060,7199962.435574999,106.45162566666669,23.29812266666666,Guangxi
P0159,WC_0059_0012_G,76.32,1,7.816,2060,4519018.013839998,118.63520546666663,24.687213566666667,Fujian
P0160,WC_0056_0015_F,109.42,1,9.4712,2060,30149775.055919997,112.36138973333333,30.151720266666665,Hubei
P0161,WC_0059_0014_G,23.32,1,5.1658,2060,11036350.331249999,118.8811483,28.9022094,Zhejiang
P0162,WC_0058_0017_E,89.9,2,8.4948,2060,5204029.54407,117.7606535,35.409393550000004,Shandong
P0163,WC_0058_0019_C,31.74,1,5.5871,2060,18894119.777976975,116.90355235,39.31496365,Hebei
P0163,WC_0058_0020_C,160.12,3,12.0058,2060,4671807.411104782,116.90355235,39.31496365,Hebei
P0164,WC_0056_0014_F,39.11,1,5.9556,2060,5768209.670399999,112.9124966,28.5953512,Hunan
P0165,WC_0056_0018_D,121.45,3,10.0726,2060,3274168.313247145,113.6907271,36.5985437,Hebei
P0165,WC_0056_0017_D,176.92,7,12.8458,2060,7607858.946752853,113.6907271,36.5985437,Hebei
P0166,WC_0053_0011_H,81.46,1,8.0732,2060,14000550.352880001,106.9209267,23.73388806,Guangxi
P0168,WC_0041_0022_K,62.31,1,7.1156,2060,6587630.380265969,82.08918665,44.86349865,Xinjiang
P0169,WC_0052_0013_F,27.3,1,5.3648,2060,16459382.474999994,105.49295496666667,27.159312466666663,Guizhou
P0172,WC_0052_0015_F,93.82,1,8.6911,2060,55499572.01643998,104.81546613333336,31.82574306666667,Sichuan
P0175,WC_0054_0013_F,29.15,1,5.4576,2060,19751258.97,108.8925723,27.2103544,Guizhou
P0176,WC_0056_0016_F,95.68,1,8.784,2060,16165840.665700348,112.16024828,31.92788278,Hubei
P0177,WC_0061_0021_A,88.56,1,8.4278,2060,15748313.500231318,123.4633255,43.5282178,Jilin
P0178,WC_0054_0018_D,47.72,1,6.3859,2060,2264915.8,109.52639,36.7187265,Shaanxi
P0181,WC_0040_0022_K,68.93,1,7.4465,2060,12182307.568245972,81.232426,43.9809660952381,Xinjiang
P0181,WC_0040_0021_K,103.11,2,9.1555,2060,22945274.90855199,81.232426,43.9809660952381,Xinjiang
P0181,WC_0041_0021_K,153.02,3,11.6508,2060,3481835.7552549574,81.232426,43.9809660952381,Xinjiang
P0182,WC_0058_0014_F,126.47,1,10.3236,2060,13541836.913999995,116.15259249090909,29.75556527272727,Jiangxi
P0183,WC_0044_0023_K,97.28,2,8.8638,2060,5985315.989999998,87.7296623,47.28983,Xinjiang
P0184,WC_0059_0018_C,51.47,1,6.5733,2060,1669935.4283625947,117.83290064347824,37.425986234782606,Shandong
P0184,WC_0058_0018_E,81.56,2,8.0781,2060,10974720.621243076,117.83290064347824,37.425986234782606,Shandong
P0184,WC_0058_0017_D,186.51,7,13.3254,2060,917811.2941684304,117.83290064347824,37.425986234782606,Shandong
P0185,WC_0053_0013_F,104.32,1,9.2158,2060,13838983.274999999,106.9379912,28.00455835,Guizhou
P0186,WC_0052_0018_K,43.53,1,6.1763,2060,2289328.686089922,105.39427115384616,37.59225300000001,Ningxia
P0186,WC_0052_0018_D,73.23,2,7.6613,2060,11585071.432043519,105.39427115384616,37.59225300000001,Ningxia
P0186,WC_0052_0019_D,79.52,3,7.9758,2060,796105.2438927932,105.39427115384616,37.59225300000001,Ningxia
P0187,WC_0060_0021_A,94.74,1,8.7368,2060,4223944.25,121.331659,43.585098,Inner Mongolia
P0188,WC_0046_0022_K,9.96,1,4.498,2060,2698633.2759853243,92.926001,44.53792,Xinjiang
P0188,WC_0047_0022_K,133.44,2,10.6721,2060,128053.2343886996,92.926001,44.53792,Xinjiang
P0188,WC_0046_0021_K,134.04,3,10.7021,2060,5576947.7309187,92.926001,44.53792,Xinjiang
P0189,WC_0051_0012_H,49.97,1,6.4986,2060,10360605.299999997,103.0278556,24.9631234,Yunnan
P0190,WC_0059_0016_E,26.69,1,5.3343,2060,47157737.199999996,119.00320116666668,33.51324183333334,Jiangsu
P0191,WC_0055_0013_F,70.59,1,7.5295,2060,2151217.278,111.492692,26.56672,Hunan
P0192,WC_0054_0018_D,103.33,1,9.1664,2060,4519101.9528,108.98365166666666,37.822902,Shaanxi
P0193,WC_0054_0011_H,17.02,1,4.8509,2060,5566979.02306,108.93004633333334,22.806623733333332,Guangxi
P0194,WC_0053_0016_F,100.54,1,9.0272,2060,6923127.419999997,106.141932,33.346156,Shaanxi
P0195,WC_0053_0015_F,55.58,1,6.7792,2060,6929507.159999997,107.491416,31.324767,Sichuan
P0196,WC_0047_0021_K,83.14,2,8.1568,2060,1464899.2559999996,94.9857948,43.7063773,Xinjiang
P0197,WC_0058_0013_G,58.52,1,6.926,2060,2676860.6303999997,117.4607848,27.3866923,Fujian
P0198,WC_0052_0017_D,53.2,1,6.6601,2060,635981.2799999994,105.1007823,34.7548032,Gansu
P0199,WC_0058_0021_K,42.44,1,6.1218,2060,3023881.1849999996,116.786405,43.063974,Inner Mongolia
P0200,WC_0038_0019_K,82.67,1,8.1334,2060,5812749.813206919,76.0498524,39.4815702,Xinjiang
P0200,WC_0037_0019_K,89.78,2,8.4889,2060,13105354.306447456,76.0498524,39.4815702,Xinjiang
P0200,WC_0037_0020_K,116.31,3,9.8155,2060,4755975.32761217,76.0498524,39.4815702,Xinjiang
P0200,WC_0038_0020_K,134.57,4,10.7286,2060,5887006.218245817,76.0498524,39.4815702,Xinjiang
P0200,WC_0036_0019_K,199.37,5,13.9687,2060,983477.2179494315,76.0498524,39.4815702,Xinjiang
P0201,WC_0063_0023_A,36.61,1,5.8305,2060,2380163.625,127.035146,46.658416,Heilongjiang
P0202,WC_0057_0013_F,1.62,1,4.0811,2060,5727275.735039999,115.02031085,27.04720645,Jiangxi
P0203,WC_0059_0024_A,52.68,1,6.6338,2060,2100188.293476843,119.7869442,49.2971288,Inner Mongolia
P0204,WC_0064_0023_A,81.79,1,8.0895,2060,2380163.625,128.750564,47.738549,Heilongjiang
P0205,WC_0054_0020_D,34.43,1,5.7213,2060,12671832.750000019,108.767778,40.651111,Inner Mongolia
P0206,WC_0055_0016_F,35.24,1,5.7619,2060,7289503.619999999,110.737906,32.683566,Hubei
P0207,WC_0043_0022_K,88.82,1,8.4409,2060,7585010.917293819,86.14399902857143,44.38875934285716,Xinjiang
P0207,WC_0042_0022_K,101.84,2,9.0918,2060,591869.7433141205,86.14399902857143,44.38875934285716,Xinjiang
P0207,WC_0042_0021_K,161.13,4,12.0567,2060,10189020.45939205,86.14399902857143,44.38875934285716,Xinjiang
P0208,WC_0050_0013_F,63.14,1,7.1571,2060,3811228.937999998,101.504877,26.600634,Sichuan
P0209,WC_0059_0014_G,47.2,1,6.3599,2060,12985813.8,119.5068449,29.1866175,Zhejiang
P0210,WC_0059_0015_F,9.09,1,4.4546,2060,5739683.0832,118.865,30.86956,Anhui
P0211,WC_0057_0017_E,73.15,2,7.6576,2060,8397470.844,114.4450842,34.8060821,Henan
P0213,WC_0057_0015_F,73.72,1,7.6859,2060,9023521.51336,115.22746642857145,30.139824142857144,Hubei
P0214,WC_0040_0020_K,73.18,1,7.659,2060,1403455.403489365,81.22118188571429,40.57628974285715,Xinjiang
P0214,WC_0040_0019_K,177.34,3,12.8672,2060,493689.34380063816,81.22118188571429,40.57628974285715,Xinjiang
P0215,WC_0057_0018_C,107.14,1,9.357,2060,13593312.018,115.6012217,37.7526565,Hebei
P0216,WC_0063_0024_A,87.92,1,8.3962,2060,804055.2749999998,126.5290168,48.2323268,Heilongjiang
P0217,WC_0054_0009_H,76.34,1,7.8169,2060,6335160.824999999,109.18408,19.772636,Hainan
P0218,WC_0056_0015_F,74.6,1,7.7299,2060,8668468.139759999,112.2396082,31.04729105,Hubei
P0219,WC_0062_0022_A,33.13,1,5.6564,2060,3132140.7118499996,124.713103425,45.18673232500001,Jilin
P0220,WC_0056_0019_C,155.43,4,11.7715,2060,8521180.668000001,114.636465,39.812212,Hebei
P0221,WC_0053_0017_D,55.42,1,6.7709,2060,37132158.264198534,106.7692569,35.395936240000005,Gansu
P0222,WC_0058_0013_F,57.55,1,6.8776,2060,32837457.877074312,116.5644289,27.7844943,Jiangxi
P0224,WC_0040_0020_K,40.69,1,6.0343,2060,5829940.748053171,80.284606,41.116463,Xinjiang
P0224,WC_0039_0020_K,99.02,2,8.9509,2060,9081148.87511372,80.284606,41.116463,Xinjiang
P0225,WC_0066_0022_A,79.77,1,7.9884,2060,14028420.948394043,132.54726,46.250035,Heilongjiang
P0225,WC_0066_0023_A,92.32,2,8.616,2060,660588.851605958,132.54726,46.250035,Heilongjiang
P0226,WC_0058_0015_E,14.36,1,4.7178,2060,19440862.056,116.491363,31.656523,Anhui
P0227,WC_0056_0018_D,50.57,1,6.5285,2060,6372472.028749996,112.01524108333336,37.256315066666666,Shanxi
P0228,WC_0061_0019_A,60.49,1,7.0243,2060,7190494.931526023,123.2061971,39.6759023,Liaoning
P0228,WC_0061_0020_A,133.68,3,10.684,2060,5903141.028473974,123.2061971,39.6759023,Liaoning
P0229,WC_0055_0017_D,6.47,1,4.3237,2060,25703500.88954447,111.0107946818182,34.80419690909091,Henan
P0231,WC_0058_0012_G,25.71,1,5.2853,2060,8771953.44,117.27690395,25.2826263,Fujian
P0232,WC_0059_0022_A,124.1,3,10.2049,2060,2499649.199999999,118.711438,43.589584,Inner Mongolia
P0233,WC_0041_0020_K,30.96,1,5.5481,2060,7891677.9521343885,82.88791,41.73815,Xinjiang
P0233,WC_0041_0021_K,163.73,2,12.1863,2060,5409024.247865606,82.88791,41.73815,Xinjiang
P0234,WC_0056_0013_F,36.52,1,5.8259,2060,541847.9609999999,112.643208,26.99216,Hunan
P0237,WC_0057_0012_F,55.39,1,6.7697,2060,19989916.970399994,115.10297395,25.92432775,Jiangxi
P0238,WC_0052_0016_F,72.39,1,7.6195,2060,2872929.999999999,105.57982345,32.331679699999995,Sichuan
P0239,WC_0053_0013_F,76.25,1,7.8127,2060,37937550.02777999,106.45517692,27.52040356,Guizhou
P0241,WC_0055_0012_H,122.54,1,10.1271,2060,3275231.049999999,111.693474,23.985332,Guangxi
P0242,WC_0045_0022_K,50.58,1,6.529,2060,6681051.7301446395,90.22066,44.50694375,Xinjiang
P0242,WC_0044_0022_K,105.98,2,9.299,2060,1928533.4714019268,90.22066,44.50694375,Xinjiang
P0242,WC_0045_0021_K,119.79,3,9.9896,2060,369299.79045342363,90.22066,44.50694375,Xinjiang
P0245,WC_0055_0015_F,75.99,1,7.7993,2060,14942465.210763995,111.494179,30.3951102,Hubei
P0247,WC_0059_0018_D,40.83,1,6.0415,2060,905869.7509923616,118.9042265,38.096445,Shandong
P0247,WC_0059_0019_C,168.46,4,12.423,2060,17130451.758978702,118.9042265,38.096445,Shandong
P0248,WC_0056_0017_C,17.1,1,4.8552,2060,9637672.628777394,113.55311391818182,35.28212610000001,Henan
P0248,WC_0056_0017_D,78.99,2,7.9495,2060,17410135.601633027,113.55311391818182,35.28212610000001,Henan
P0248,WC_0056_0017_E,101.36,4,9.0681,2060,26177051.739089567,113.55311391818182,35.28212610000001,Henan
P0249,WC_0051_0018_D,15.09,1,4.7544,2060,5796102.12,102.86741,36.519356,Gansu
P0250,WC_0048_0020_K,82.1,1,8.1048,2060,279298.76198182604,97.359004,40.208093,Gansu
P0251,WC_0058_0019_C,78.14,1,7.907,2060,12229148.446213285,116.94265595000002,38.3476141,Hebei
P0252,WC_0055_0012_H,55.96,1,6.7982,2060,3957580.0263999994,111.34667,24.73609,Guangxi
P0253,WC_0053_0011_H,46.34,1,6.3168,2060,4983789.73092,107.502443,23.339667,Guangxi
P0254,WC_0056_0013_F,119.39,1,9.9694,2060,9116597.951999998,114.005752,27.641968,Jiangxi
P0255,WC_0058_0015_F,30.61,1,5.5303,2060,13258710.00198,117.05617661538456,30.56392938461539,Anhui
P0256,WC_0064_0023_A,72.22,1,7.611,2060,817656.2099999998,128.065134,46.980043,Heilongjiang
P0257,WC_0060_0021_A,114.92,2,9.7458,2060,837382.4819999996,122.390042,42.970016,Inner Mongolia
P0258,WC_0042_0020_K,87.2,1,8.3599,2060,2139687.550848544,84.003586,41.821533,Xinjiang
P0258,WC_0041_0021_K,182.89,4,13.1447,2060,277686.8120032745,84.003586,41.821533,Xinjiang
P0260,WC_0053_0018_D,103.1,1,9.1552,2060,4216619.11363,106.291944,36.044444,Ningxia
P0261,WC_0044_0019_K,90.26,1,8.5132,2060,919000.1955397879,88.32697,38.950112,Xinjiang
P0261,WC_0043_0019_K,107.21,2,9.3607,2060,398923.26446021185,88.32697,38.950112,Xinjiang
P0262,WC_0053_0013_H,68.77,1,7.4387,2060,10547106.779999997,107.5423551,26.6304173,Guizhou
P0263,WC_0054_0017_D,111.75,1,9.5874,2060,1132457.9,108.118848,34.258855,Shaanxi
P0264,WC_0052_0015_F,55.02,1,6.7512,2060,21098797.91999999,104.5803369,30.7056052,Sichuan
P0265,WC_0051_0018_K,38.86,1,5.943,2060,9702400.182603333,102.685854,37.901104,Gansu
P0265,WC_0051_0019_K,95.1,2,8.7548,2060,617841.4973966646,102.685854,37.901104,Gansu
P0266,WC_0062_0025_A,81.42,1,8.0711,2060,2170949.2424999992,124.169753,50.427253,Heilongjiang
P0267,WC_0056_0014_F,115.12,1,9.756,2060,7460941.70632,113.87296000000002,29.665230000000005,Hubei
P0268,WC_0059_0020_A,43.87,1,6.1933,2060,1046728.1024999997,119.341125,41.560504,Inner Mongolia
P0270,WC_0043_0023_K,83.36,1,8.1678,2060,12592842.164216358,86.5936,46.6088,Xinjiang
P0270,WC_0042_0023_K,118.29,2,9.9145,2060,707860.0357836363,86.5936,46.6088,Xinjiang
P0271,WC_0056_0012_F,49.37,1,6.4686,2060,6701084.729999998,113.06552,25.25886,Guangdong
P0272,WC_0047_0018_K,79.91,1,7.9956,2060,1564958.4070094815,94.883333,36.416667,Qinghai
P0272,WC_0047_0017_K,101.28,2,9.0642,2060,1112134.4524316597,94.883333,36.416667,Qinghai
P0272,WC_0046_0018_K,173.97,3,12.6983,2060,1963778.1776444793,94.883333,36.416667,Qinghai
P0272,WC_0046_0017_K,196.22,4,13.8111,2060,7985479.025095218,94.883333,36.416667,Qinghai
P0273,WC_0058_0013_G,96.04,1,8.8018,2060,4385976.72,117.37926,26.00357,Fujian
P0274,WC_0058_0019_C,83.02,1,8.1508,2060,2008359.0800000017,116.15334,38.74469,Hebei
P0276,WC_0043_0021_K,92.85,1,8.6424,2060,1311850.0799999975,87.914977,42.82463,Xinjiang
P0277,WC_0054_0012_H,87.19,1,8.3596,2060,3275231.049999999,109.6934879,24.4560027,Guangxi
P0278,WC_0054_0019_D,34.33,1,5.7167,2060,8160485.170195812,109.4795544,39.0850986,Inner Mongolia
P0279,WC_0054_0011_H,81.46,1,8.0728,2060,4557800.519999998,109.7658333,23.1119444,Guangxi
P0280,WC_0058_0016_E,62.15,1,7.1074,2060,9720431.028,117.6878713,32.9337496,Anhui
P0281,WC_0042_0023_K,154.13,2,11.7063,2060,8565327.706348676,85.0218233,45.54546385,Xinjiang
P0281,WC_0041_0023_K,168.26,4,12.4128,2060,7119929.827862272,85.0218233,45.54546385,Xinjiang
P0282,WC_0059_0017_E,88.91,2,8.4453,2060,6760993.486994999,118.7059434,35.7063058,Shandong
P0283,WC_0056_0015_F,89.76,1,8.4881,2060,3927406.0319999997,113.522017,31.640073,Hubei
P0285,WC_0052_0013_H,97.57,1,8.8787,2060,12432726.359999996,104.0667928,25.6622058,Yunnan
P0286,WC_0057_0014_F,88.76,1,8.4381,2060,10770872.399999999,115.9378971,28.81613945,Jiangxi
P0289,WC_0060_0024_A,33.21,1,5.6603,2060,2184901.7049,120.835657,49.283636,Inner Mongolia
P0290,WC_0053_0014_F,109.42,1,9.4709,2060,20409634.268999994,106.24904266666664,28.29239933333333,Guizhou
P0291,WC_0056_0019_D,54.08,1,6.7041,2060,2039335.6656267159,112.75008345,38.4604465,Shanxi
P0291,WC_0056_0019_C,67.36,2,7.3681,2060,4362732.062198284,112.75008345,38.4604465,Shanxi
P0292,WC_0054_0015_F,60.19,1,7.0093,2060,6649075.979999999,108.456944,31.269167,Chongqing
P0293,WC_0052_0014_F,81.09,1,8.0543,2060,4024730.899999948,105.85501600000002,29.0363,Chongqing
P0294,WC_0058_0014_F,26.41,1,5.3203,2060,5383134.028799998,117.08502,29.18719,Jiangxi
P0295,WC_0056_0011_H,10.45,1,4.5227,2060,32803601.710087497,112.89723415555557,23.012968666666666,Guangdong
P0296,WC_0057_0016_E,122.65,1,10.1324,2060,22474887.312799998,114.140877,32.109018,Henan
P0297,WC_0059_0014_F,44.26,1,6.2132,2060,27735681.599999998,117.857259,28.28488,Jiangxi
P0298,WC_0044_0021_K,93.0,1,8.65,2060,2332957.6599689694,88.51703900000001,44.087246,Xinjiang
P0298,WC_0044_0022_K,107.37,2,9.3687,2060,8274395.684459599,88.51703900000001,44.087246,Xinjiang
P0298,WC_0043_0022_K,161.26,3,12.0632,2060,626868.374207854,88.51703900000001,44.087246,Xinjiang
P0299,WC_0060_0019_A,42.93,1,6.1464,2060,3726979.3859999985,121.254736,39.574197000000005,Liaoning
P0300,WC_0053_0011_H,71.78,1,7.5889,2060,1969557.5220278236,107.555455,22.494869,Guangxi
P0301,WC_0059_0015_F,71.32,1,7.5661,2060,768863.6628889249,119.303398,31.487864,Jiangsu
P0302,WC_0041_0021_K,190.03,4,13.5016,2060,2609700.0244595455,81.66835,41.720435,Xinjiang
P0303,WC_0056_0016_E,69.52,1,7.4758,2060,10816618.02,114.0485942,32.9569897,Henan
P0304,WC_0050_0021_K,37.46,1,5.8731,2060,172325.65410195515,101.042068,41.913656,Inner Mongolia
P0304,WC_0050_0020_K,130.95,2,10.5474,2060,193247.07779732597,101.042068,41.913656,Inner Mongolia
P0306,WC_0054_0020_D,114.0,2,9.7,2060,1374807.0600000015,109.115512,39.91998,Inner Mongolia
P0307,WC_0056_0014_F,41.63,1,6.0814,2060,4097556.72,113.465393,28.935746,Hunan
P0308,WC_0050_0018_D,28.49,1,5.4244,2060,4643232.524999999,100.9098322,36.974299,Qinghai
P0309,WC_0060_0022_A,36.44,1,5.8221,2060,3224084.57,121.41631999999998,44.97107,Inner Mongolia
P0310,WC_0055_0016_F,130.06,1,10.5028,2060,1653284.1599999997,110.0629,33.807099,Shaanxi
P0311,WC_0055_0014_F,67.69,1,7.3845,2060,1352193.7175999999,111.7,29.031,Hunan
P0312,WC_0055_0017_D,91.28,1,8.564,2060,6420653.549999997,111.376042,35.590983,Shanxi
P0313,WC_0039_0019_K,55.75,1,6.7874,2060,2378770.2092632693,78.967921,39.895939,Xinjiang
P0314,WC_0055_0020_D,94.79,2,8.7394,2060,1110955.1999999995,112.162201,40.27631,Inner Mongolia
P0316,WC_0054_0015_F,47.26,1,6.3632,2060,10651753.559999999,109.447256,31.118822,Chongqing
P0317,WC_0059_0016_E,85.6,1,8.2799,2060,3129160.4189999998,118.36866000000002,33.839984,Jiangsu
P0318,WC_0062_0021_A,66.6,1,7.3298,2060,4603976.354999999,124.4014418,43.15431715,Jilin
P0319,WC_0056_0020_C,55.25,1,6.7626,2060,5562268.290185116,113.747689,40.86604,Inner Mongolia
P0319,WC_0057_0020_K,103.48,3,9.1742,2060,1448288.263908954,113.747689,40.86604,Inner Mongolia
P0320,WC_0053_0012_H,51.8,1,6.5901,2060,3291876.494999999,107.489232,25.226875,Guizhou
P0321,WC_0062_0021_A,4.38,1,4.2191,2060,5524771.625999999,125.1600082,42.8720236,Jilin
P0322,WC_0045_0021_K,80.77,1,8.0387,2060,1317923.4599999993,90.126799,42.974907,Xinjiang
P0323,WC_0055_0016_F,87.44,2,8.372,2060,20863281.599999998,111.90004,33.086416,Henan
P0324,WC_0053_0017_D,59.01,1,6.9506,2060,303365.06319144974,107.237001675,34.46888477500001,Shaanxi
P0324,WC_0053_0017_F,75.49,2,7.7746,2060,12597696.506011074,107.237001675,34.46888477500001,Shaanxi
P0325,WC_0060_0015_G,2.77,1,4.1386,2060,23211187.32825,120.717248,30.22652,Zhejiang
P0327,WC_0054_0015_F,74.24,1,7.7119,2060,21879848.584879998,108.333304,30.60260700000001,Chongqing
P0328,WC_0060_0021_A,136.91,2,10.8456,2060,16783607.754244328,122.1535206,43.6713737,Inner Mongolia
P0329,WC_0040_0022_K,65.29,1,7.2646,2060,218641.67999999996,80.437165,44.148549,Xinjiang
P0332,WC_0056_0019_C,148.58,2,11.4288,2060,13832593.656959997,114.8433969,38.5122064,Hebei
P0333,WC_0057_0011_H,37.19,1,5.8595,2060,6201030.450983999,114.640278,23.567222,Guangdong
P0334,WC_0058_0020_C,156.98,4,11.8488,2060,5774032.3549999995,115.999182,39.563323,Hebei
P0335,WC_0057_0015_F,42.47,1,6.1237,2060,9701486.314399997,114.8921871,31.1420662,Hubei
P0336,WC_0059_0023_K,35.38,1,5.7691,2060,2893112.5,119.106454,45.955947,Inner Mongolia
P0337,WC_0052_0012_H,79.99,1,7.9996,2060,6152478.954999999,105.776871,25.377552,Guizhou
P0338,WC_0055_0012_H,84.39,1,8.2194,2060,4095414.9599999995,110.06851,25.10107,Guangxi
P0340,WC_0059_0021_A,62.6,1,7.1299,2060,30497865.273392983,119.0763143846154,42.26995515384616,Inner Mongolia
P0340,WC_0059_0020_A,124.62,2,10.2309,2060,5601011.541693308,119.0763143846154,42.26995515384616,Inner Mongolia
P0341,WC_0057_0018_C,75.52,1,7.7758,2060,1029796.3649999998,114.879269,37.64045,Hebei
P0342,WC_0060_0014_G,68.3,1,7.415,2060,6971166.783539999,121.5744765125,28.854719537500003,Zhejiang
P0343,WC_0056_0014_F,83.61,1,8.1803,2060,9632169.71388,112.2686111,28.596666700000004,Hunan
P0344,WC_0044_0018_K,136.1,1,10.8049,2060,4297336.960352937,88.181922,37.876453,Xinjiang
P0344,WC_0043_0018_K,148.52,2,11.4261,2060,1322739.90808516,88.181922,37.876453,Xinjiang
P0344,WC_0043_0019_K,154.11,3,11.7056,2060,392569.33156190166,88.181922,37.876453,Xinjiang
P0347,WC_0053_0019_D,28.28,1,5.414,2060,1135922.2236341715,106.40747515,38.9737633,Ningxia
P0348,WC_0059_0016_F,14.39,1,4.7193,2060,54298667.92297499,118.86002289473684,32.23087336842106,Jiangsu
P0350,WC_0055_0011_H,35.56,1,5.7779,2060,2611927.9549999996,110.943891,23.290635,Guangxi
