year,plant_id,province_name,pathway,share,annual_generation_mwh,baseline_emissions_mt,abatement_mt,captured_mt,enabled
2030,P0001,Fujian,unabated,1.0,62847212.0,51.534713839999995,0.0,0.0,True
2030,P0001,Fujian,retire,0.0,0.0,0.0,0.0,0.0,True
2030,P0001,Fujian,ccs,0.0,0.0,0.0,0.0,0.0,True
2030,P0001,Fujian,biomass,0.0,0.0,0.0,0.0,0.0,True
2030,P0001,Fujian,beccs,0.0,0.0,0.0,0.0,0.0,True
2030,P0001,Fujian,ammonia,0.0,0.0,0.0,0.0,0.0,True
2030,P0002,Shanxi,unabated,1.0,64951884.99999999,53.26054569999999,0.0,0.0,True
2030,P0002,Shanxi,retire,0.0,0.0,0.0,0.0,0.0,True
2030,P0002,Shanxi,ccs,0.0,0.0,0.0,0.0,0.0,True
2030,P0002,Shanxi,biomass,0.0,0.0,0.0,0.0,0.0,True
2030,P0002,Shanxi,beccs,0.0,0.0,0.0,0.0,0.0,True
2030,P0002,Shanxi,ammonia,0.0,0.0,0.0,0.0,0.0,True
2030,P0003,Chongqing,unabated,1.0,32432763.0,26.59486566,0.0,0.0,True
2030,P0003,Chongqing,retire,0.0,0.0,0.0,0.0,0.0,True
2030,P0003,Chongqing,ccs,0.0,0.0,0.0,0.0,0.0,True
2030,P0003,Chongqing,biomass,0.0,0.0,0.0,0.0,0.0,True
2030,P0003,Chongqing,beccs,0.0,0.0,0.0,0.0,0.0,True
2030,P0003,Chongqing,ammonia,0.0,0.0,0.0,0.0,0.0,True
2030,P0004,Inner Mongolia,unabated,1.0,10868040.0,8.911792799999999,0.0,0.0,True
2030,P0004,Inner Mongolia,retire,0.0,0.0,0.0,0.0,0.0,True
2030,P0004,Inner Mongolia,ccs,0.0,0.0,0.0,0.0,0.0,True
2030,P0004,Inner Mongolia,biomass,0.0,0.0,0.0,0.0,0.0,True
2030,P0004,Inner Mongolia,beccs,0.0,0.0,0.0,0.0,0.0,True
2030,P0004,Inner Mongolia,ammonia,0.0,0.0,0.0,0.0,0.0,True
2030,P0005,Sichuan,unabated,1.0,18811445.999999996,15.425385719999998,0.0,0.0,True
2030,P0005,Sichuan,retire,0.0,0.0,0.0,0.0,0.0,True
2030,P0005,Sichuan,ccs,0.0,0.0,0.0,0.0,0.0,True
2030,P0005,Sichuan,biomass,0.0,0.0,0.0,0.0,0.0,True
2030,P0005,Sichuan,beccs,0.0,0.0,0.0,0.0,0.0,True
2030,P0005,Sichuan,ammonia,0.0,0.0,0.0,0.0,0.0,True
2030,P0006,Hebei,unabated,1.0,22899214.0,18.77735548,0.0,0.0,True
2030,P0006,Hebei,retire,0.0,0.0,0.0,0.0,0.0,True
2030,P0006,Hebei,ccs,0.0,0.0,0.0,0.0,0.0,True
2030,P0006,Hebei,biomass,0.0,0.0,0.0,0.0,0.0,True
2030,P0006,Hebei,beccs,0.0,0.0,0.0,0.0,0.0,True
2030,P0006,Hebei,ammonia,0.0,0.0,0.0,0.0,0.0,True
2030,P0007,Hebei,unabated,1.0,38741549.6,31.768070671999997,0.0,0.0,True
2030,P0007,Hebei,retire,0.0,0.0,0.0,0.0,0.0,True
2030,P0007,Hebei,ccs,0.0,0.0,0.0,0.0,0.0,True
2030,P0007,Hebei,biomass,0.0,0.0,0.0,0.0,0.0,True
2030,P0007,Hebei,beccs,0.0,0.0,0.0,0.0,0.0,True
2030,P0007,Hebei,ammonia,0.0,0.0,0.0,0.0,0.0,True
2030,P0008,Shandong,unabated,1.0,11931969.600000001,9.784215072,0.0,0.0,True
2030,P0008,Shandong,retire,0.0,0.0,0.0,0.0,0.0,True
2030,P0008,Shandong,ccs,0.0,0.0,0.0,0.0,0.0,True
2030,P0008,Shandong,biomass,0.0,0.0,0.0,0.0,0.0,True
2030,P0008,Shandong,beccs,0.0,0.0,0.0,0.0,0.0,True
2030,P0008,Shandong,ammonia,0.0,0.0,0.0,0.0,0.0,True
2030,P0009,Inner Mongolia,unabated,1.0,107372210.0,88.0452122,0.0,0.0,True
2030,P0009,Inner Mongolia,retire,0.0,0.0,0.0,0.0,0.0,True
2030,P0009,Inner Mongolia,ccs,0.0,0.0,0.0,0.0,0.0,True
2030,P0009,Inner Mongolia,biomass,0.0,0.0,0.0,0.0,0.0,True
2030,P0009,Inner Mongolia,beccs,0.0,0.0,0.0,0.0,0.0,True
2030,P0009,Inner Mongolia,ammonia,0.0,0.0,0.0,0.0,0.0,True
2030,P0010,Yunnan,unabated,1.0,16673783.999999998,13.672502879999998,0.0,0.0,True
2030,P0010,Yunnan,retire,0.0,0.0,0.0,0.0,0.0,True
2030,P0010,Yunnan,ccs,0.0,0.0,0.0,0.0,0.0,True
2030,P0010,Yunnan,biomass,0.0,0.0,0.0,0.0,0.0,True
2030,P0010,Yunnan,beccs,0.0,0.0,0.0,0.0,0.0,True
2030,P0010,Yunnan,ammonia,0.0,0.0,0.0,0.0,0.0,True
2030,P0011,Guangdong,unabated,1.0,41214401.0,33.79580882,0.0,0.0,True
2030,P0011,Guangdong,retire,0.0,0.0,0.0,0.0,0.0,True
2030,P0011,Guangdong,ccs,0.0,0.0,0.0,0.0,0.0,True
2030,P0011,Guangdong,biomass,0.0,0.0,0.0,0.0,0.0,True
2030,P0011,Guangdong,beccs,0.0,0.0,0.0,0.0,0.0,True
2030,P0011,Guangdong,ammonia,0.0,0.0,0.0,0.0,0.0,True
2030,P0012,Liaoning,unabated,1.0,17363920.0,14.238414399999998,0.0,0.0,True
2030,P0012,Liaoning,retire,0.0,0.0,0.0,0.0,0.0,True
2030,P0012,Liaoning,ccs,0.0,0.0,0.0,0.0,0.0,True
2030,P0012,Liaoning,biomass,0.0,0.0,0.0,0.0,0.0,True
2030,P0012,Liaoning,beccs,0.0,0.0,0.0,0.0,0.0,True
2030,P0012,Liaoning,ammonia,0.0,0.0,0.0,0.0,0.0,True
2030,P0013,Shanxi,unabated,1.0,81340315.0,66.69905829999999,0.0,0.0,True
2030,P0013,Shanxi,retire,0.0,0.0,0.0,0.0,0.0,True
2030,P0013,Shanxi,ccs,0.0,0.0,0.0,0.0,0.0,True
2030,P0013,Shanxi,biomass,0.0,0.0,0.0,0.0,0.0,True
2030,P0013,Shanxi,beccs,0.0,0.0,0.0,0.0,0.0,True
2030,P0013,Shanxi,ammonia,0.0,0.0,0.0,0.0,0.0,True
2030,P0014,Guangdong,unabated,1.0,11885982.0,9.74650524,0.0,0.0,True
2030,P0014,Guangdong,retire,0.0,0.0,0.0,0.0,0.0,True
2030,P0014,Guangdong,ccs,0.0,0.0,0.0,0.0,0.0,True
2030,P0014,Guangdong,biomass,0.0,0.0,0.0,0.0,0.0,True
2030,P0014,Guangdong,beccs,0.0,0.0,0.0,0.0,0.0,True
2030,P0014,Guangdong,ammonia,0.0,0.0,0.0,0.0,0.0,True
2030,P0015,Hunan,unabated,1.0,9884457.0,8.10525474,0.0,0.0,True
2030,P0015,Hunan,retire,0.0,0.0,0.0,0.0,0.0,True
2030,P0015,Hunan,ccs,0.0,0.0,0.0,0.0,0.0,True
2030,P0015,Hunan,biomass,0.0,0.0,0.0,0.0,0.0,True
2030,P0015,Hunan,beccs,0.0,0.0,0.0,0.0,0.0,True
2030,P0015,Hunan,ammonia,0.0,0.0,0.0,0.0,0.0,True
2030,P0016,Hubei,unabated,1.0,31796607.999999996,26.073218559999994,0.0,0.0,True
2030,P0016,Hubei,retire,0.0,0.0,0.0,0.0,0.0,True
2030,P0016,Hubei,ccs,0.0,0.0,0.0,0.0,0.0,True
2030,P0016,Hubei,biomass,0.0,0.0,0.0,0.0,0.0,True
2030,P0016,Hubei,beccs,0.0,0.0,0.0,0.0,0.0,True
2030,P0016,Hubei,ammonia,0.0,0.0,0.0,0.0,0.0,True
2030,P0017,Jiangsu,unabated,1.0,46744460.0,38.3304572,0.0,0.0,True
2030,P0017,Jiangsu,retire,0.0,0.0,0.0,0.0,0.0,True
2030,P0017,Jiangsu,ccs,0.0,0.0,0.0,0.0,0.0,True
2030,P0017,Jiangsu,biomass,0.0,0.0,0.0,0.0,0.0,True
2030,P0017,Jiangsu,beccs,0.0,0.0,0.0,0.0,0.0,True
2030,P0017,Jiangsu,ammonia,0.0,0.0,0.0,0.0,0.0,True
2030,P0018,Jilin,unabated,1.0,3838684.0,3.14772088,0.0,0.0,True
2030,P0018,Jilin,retire,0.0,0.0,0.0,0.0,0.0,True
2030,P0018,Jilin,ccs,0.0,0.0,0.0,0.0,0.0,True
2030,P0018,Jilin,biomass,0.0,0.0,0.0,0.0,0.0,True
2030,P0018,Jilin,beccs,0.0,0.0,0.0,0.0,0.0,True
2030,P0018,Jilin,ammonia,0.0,0.0,0.0,0.0,0.0,True
2030,P0019,Hunan,unabated,1.0,15119703.0,12.39815646,0.0,0.0,True
2030,P0019,Hunan,retire,0.0,0.0,0.0,0.0,0.0,True
2030,P0019,Hunan,ccs,0.0,0.0,0.0,0.0,0.0,True
2030,P0019,Hunan,biomass,0.0,0.0,0.0,0.0,0.0,True
2030,P0019,Hunan,beccs,0.0,0.0,0.0,0.0,0.0,True
2030,P0019,Hunan,ammonia,0.0,0.0,0.0,0.0,0.0,True
2030,P0020,Zhejiang,unabated,1.0,67514054.1,55.36152436199999,0.0,0.0,True
2030,P0020,Zhejiang,retire,0.0,0.0,0.0,0.0,0.0,True
2030,P0020,Zhejiang,ccs,0.0,0.0,0.0,0.0,0.0,True
2030,P0020,Zhejiang,biomass,0.0,0.0,0.0,0.0,0.0,True
2030,P0020,Zhejiang,beccs,0.0,0.0,0.0,0.0,0.0,True
2030,P0020,Zhejiang,ammonia,0.0,0.0,0.0,0.0,0.0,True
2030,P0021,Shandong,unabated,1.0,45246412.50000001,37.102058250000006,0.0,0.0,True
2030,P0021,Shandong,retire,0.0,0.0,0.0,0.0,0.0,True
2030,P0021,Shandong,ccs,0.0,0.0,0.0,0.0,0.0,True
2030,P0021,Shandong,biomass,0.0,0.0,0.0,0.0,0.0,True
2030,P0021,Shandong,beccs,0.0,0.0,0.0,0.0,0.0,True
2030,P0021,Shandong,ammonia,0.0,0.0,0.0,0.0,0.0,True
2030,P0022,Shandong,unabated,1.0,15896209.500000002,13.034891790000001,0.0,0.0,True
2030,P0022,Shandong,retire,0.0,0.0,0.0,0.0,0.0,True
2030,P0022,Shandong,ccs,0.0,0.0,0.0,0.0,0.0,True
2030,P0022,Shandong,biomass,0.0,0.0,0.0,0.0,0.0,True
2030,P0022,Shandong,beccs,0.0,0.0,0.0,0.0,0.0,True
2030,P0022,Shandong,ammonia,0.0,0.0,0.0,0.0,0.0,True
2030,P0023,Henan,unabated,1.0,20013776.0,16.411296319999998,0.0,0.0,True
2030,P0023,Henan,retire,0.0,0.0,0.0,0.0,0.0,True
2030,P0023,Henan,ccs,0.0,0.0,0.0,0.0,0.0,True
2030,P0023,Henan,biomass,0.0,0.0,0.0,0.0,0.0,True
2030,P0023,Henan,beccs,0.0,0.0,0.0,0.0,0.0,True
2030,P0023,Henan,ammonia,0.0,0.0,0.0,0.0,0.0,True
2030,P0024,Chongqing,unabated,1.0,5892071.800000001,4.831498876,0.0,0.0,True
2030,P0024,Chongqing,retire,0.0,0.0,0.0,0.0,0.0,True
2030,P0024,Chongqing,ccs,0.0,0.0,0.0,0.0,0.0,True
2030,P0024,Chongqing,biomass,0.0,0.0,0.0,0.0,0.0,True
2030,P0024,Chongqing,beccs,0.0,0.0,0.0,0.0,0.0,True
2030,P0024,Chongqing,ammonia,0.0,0.0,0.0,0.0,0.0,True
2030,P0025,Jilin,unabated,1.0,15572020.000000002,12.7690564,0.0,0.0,True
2030,P0025,Jilin,retire,0.0,0.0,0.0,0.0,0.0,True
2030,P0025,Jilin,ccs,0.0,0.0,0.0,0.0,0.0,True
2030,P0025,Jilin,biomass,0.0,0.0,0.0,0.0,0.0,True
2030,P0025,Jilin,beccs,0.0,0.0,0.0,0.0,0.0,True
2030,P0025,Jilin,ammonia,0.0,0.0,0.0,0.0,0.0,True
2030,P0026,Hainan,unabated,1.0,10564890.0,8.663209799999999,0.0,0.0,True
2030,P0026,Hainan,retire,0.0,0.0,0.0,0.0,0.0,True
2030,P0026,Hainan,ccs,0.0,0.0,0.0,0.0,0.0,True
2030,P0026,Hainan,biomass,0.0,0.0,0.0,0.0,0.0,True
2030,P0026,Hainan,beccs,0.0,0.0,0.0,0.0,0.0,True
2030,P0026,Hainan,ammonia,0.0,0.0,0.0,0.0,0.0,True
2030,P0027,Shandong,unabated,1.0,58286101.50000001,47.79460323000001,0.0,0.0,True
2030,P0027,Shandong,retire,0.0,0.0,0.0,0.0,0.0,True
2030,P0027,Shandong,ccs,0.0,0.0,0.0,0.0,0.0,True
2030,P0027,Shandong,biomass,0.0,0.0,0.0,0.0,0.0,True
2030,P0027,Shandong,beccs,0.0,0.0,0.0,0.0,0.0,True
2030,P0027,Shandong,ammonia,0.0,0.0,0.0,0.0,0.0,True
2030,P0028,Hunan,unabated,1.0,22425606.0,18.388996919999997,0.0,0.0,True
2030,P0028,Hunan,retire,0.0,0.0,0.0,0.0,0.0,True
2030,P0028,Hunan,ccs,0.0,0.0,0.0,0.0,0.0,True
2030,P0028,Hunan,biomass,0.0,0.0,0.0,0.0,0.0,True
2030,P0028,Hunan,beccs,0.0,0.0,0.0,0.0,0.0,True
2030,P0028,Hunan,ammonia,0.0,0.0,0.0,0.0,0.0,True
2030,P0029,Jilin,unabated,1.0,434568.0,0.35634575999999996,0.0,0.0,True
2030,P0029,Jilin,retire,0.0,0.0,0.0,0.0,0.0,True
2030,P0029,Jilin,ccs,0.0,0.0,0.0,0.0,0.0,True
2030,P0029,Jilin,biomass,0.0,0.0,0.0,0.0,0.0,True
2030,P0029,Jilin,beccs,0.0,0.0,0.0,0.0,0.0,True
2030,P0029,Jilin,ammonia,0.0,0.0,0.0,0.0,0.0,True
2030,P0030,Jilin,unabated,1.0,16227493.4,13.306544588,0.0,0.0,True
2030,P0030,Jilin,retire,0.0,0.0,0.0,0.0,0.0,True
2030,P0030,Jilin,ccs,0.0,0.0,0.0,0.0,0.0,True
2030,P0030,Jilin,biomass,0.0,0.0,0.0,0.0,0.0,True
2030,P0030,Jilin,beccs,0.0,0.0,0.0,0.0,0.0,True
2030,P0030,Jilin,ammonia,0.0,0.0,0.0,0.0,0.0,True
2030,P0031,Shanxi,unabated,1.0,22684550.0,18.601331,0.0,0.0,True
2030,P0031,Shanxi,retire,0.0,0.0,0.0,0.0,0.0,True
2030,P0031,Shanxi,ccs,0.0,0.0,0.0,0.0,0.0,True
2030,P0031,Shanxi,biomass,0.0,0.0,0.0,0.0,0.0,True
2030,P0031,Shanxi,beccs,0.0,0.0,0.0,0.0,0.0,True
2030,P0031,Shanxi,ammonia,0.0,0.0,0.0,0.0,0.0,True
2030,P0032,Henan,unabated,1.0,8531052.0,6.9954626399999995,0.0,0.0,True
2030,P0032,Henan,retire,0.0,0.0,0.0,0.0,0.0,True
2030,P0032,Henan,ccs,0.0,0.0,0.0,0.0,0.0,True
2030,P0032,Henan,biomass,0.0,0.0,0.0,0.0,0.0,True
2030,P0032,Henan,beccs,0.0,0.0,0.0,0.0,0.0,True
2030,P0032,Henan,ammonia,0.0,0.0,0.0,0.0,0.0,True
2030,P0033,Henan,unabated,1.0,22569492.0,18.50698344,0.0,0.0,True
2030,P0033,Henan,retire,0.0,0.0,0.0,0.0,0.0,True
2030,P0033,Henan,ccs,0.0,0.0,0.0,0.0,0.0,True
2030,P0033,Henan,biomass,0.0,0.0,0.0,0.0,0.0,True
2030,P0033,Henan,beccs,0.0,0.0,0.0,0.0,0.0,True
2030,P0033,Henan,ammonia,0.0,0.0,0.0,0.0,0.0,True
2030,P0034,Shandong,unabated,1.0,18403842.0,15.09115044,0.0,0.0,True
2030,P0034,Shandong,retire,0.0,0.0,0.0,0.0,0.0,True
2030,P0034,Shandong,ccs,0.0,0.0,0.0,0.0,0.0,True
2030,P0034,Shandong,biomass,0.0,0.0,0.0,0.0,0.0,True
2030,P0034,Shandong,beccs,0.0,0.0,0.0,0.0,0.0,True
2030,P0034,Shandong,ammonia,0.0,0.0,0.0,0.0,0.0,True
2030,P0035,Anhui,unabated,1.0,46348752.00000001,38.00597664,0.0,0.0,True
2030,P0035,Anhui,retire,0.0,0.0,0.0,0.0,0.0,True
2030,P0035,Anhui,ccs,0.0,0.0,0.0,0.0,0.0,True
2030,P0035,Anhui,biomass,0.0,0.0,0.0,0.0,0.0,True
2030,P0035,Anhui,beccs,0.0,0.0,0.0,0.0,0.0,True
2030,P0035,Anhui,ammonia,0.0,0.0,0.0,0.0,0.0,True
2030,P0036,Jiangsu,unabated,1.0,140042791.0,114.83508862,0.0,0.0,True
2030,P0036,Jiangsu,retire,0.0,0.0,0.0,0.0,0.0,True
2030,P0036,Jiangsu,ccs,0.0,0.0,0.0,0.0,0.0,True
2030,P0036,Jiangsu,biomass,0.0,0.0,0.0,0.0,0.0,True
2030,P0036,Jiangsu,beccs,0.0,0.0,0.0,0.0,0.0,True
2030,P0036,Jiangsu,ammonia,0.0,0.0,0.0,0.0,0.0,True
2030,P0037,Inner Mongolia,unabated,1.0,41962710.0,34.409422199999995,0.0,0.0,True
2030,P0037,Inner Mongolia,retire,0.0,0.0,0.0,0.0,0.0,True
2030,P0037,Inner Mongolia,ccs,0.0,0.0,0.0,0.0,0.0,True
2030,P0037,Inner Mongolia,biomass,0.0,0.0,0.0,0.0,0.0,True
2030,P0037,Inner Mongolia,beccs,0.0,0.0,0.0,0.0,0.0,True
2030,P0037,Inner Mongolia,ammonia,0.0,0.0,0.0,0.0,0.0,True
2030,P0038,Sichuan,unabated,1.0,24582287.999999996,20.157476159999998,0.0,0.0,True
2030,P0038,Sichuan,retire,0.0,0.0,0.0,0.0,0.0,True
2030,P0038,Sichuan,ccs,0.0,0.0,0.0,0.0,0.0,True
2030,P0038,Sichuan,biomass,0.0,0.0,0.0,0.0,0.0,True
2030,P0038,Sichuan,beccs,0.0,0.0,0.0,0.0,0.0,True
2030,P0038,Sichuan,ammonia,0.0,0.0,0.0,0.0,0.0,True
2030,P0039,Heilongjiang,unabated,1.0,7478775.0,6.1325955,0.0,0.0,True
2030,P0039,Heilongjiang,retire,0.0,0.0,0.0,0.0,0.0,True
2030,P0039,Heilongjiang,ccs,0.0,0.0,0.0,0.0,0.0,True
2030,P0039,Heilongjiang,biomass,0.0,0.0,0.0,0.0,0.0,True
2030,P0039,Heilongjiang,beccs,0.0,0.0,0.0,0.0,0.0,True
2030,P0039,Heilongjiang,ammonia,0.0,0.0,0.0,0.0,0.0,True
2030,P0040,Shanxi,unabated,1.0,29397324.999999996,24.105806499999996,0.0,0.0,True
2030,P0040,Shanxi,retire,0.0,0.0,0.0,0.0,0.0,True
2030,P0040,Shanxi,ccs,0.0,0.0,0.0,0.0,0.0,True
2030,P0040,Shanxi,biomass,0.0,0.0,0.0,0.0,0.0,True
2030,P0040,Shanxi,beccs,0.0,0.0,0.0,0.0,0.0,True
2030,P0040,Shanxi,ammonia,0.0,0.0,0.0,0.0,0.0,True
2030,P0041,Hebei,unabated,1.0,17330339.0,14.21087798,0.0,0.0,True
2030,P0041,Hebei,retire,0.0,0.0,0.0,0.0,0.0,True
2030,P0041,Hebei,ccs,0.0,0.0,0.0,0.0,0.0,True
2030,P0041,Hebei,biomass,0.0,0.0,0.0,0.0,0.0,True
2030,P0041,Hebei,beccs,0.0,0.0,0.0,0.0,0.0,True
2030,P0041,Hebei,ammonia,0.0,0.0,0.0,0.0,0.0,True
2030,P0042,Shandong,unabated,1.0,27562152.000000004,22.60096464,0.0,0.0,True
2030,P0042,Shandong,retire,0.0,0.0,0.0,0.0,0.0,True
2030,P0042,Shandong,ccs,0.0,0.0,0.0,0.0,0.0,True
2030,P0042,Shandong,biomass,0.0,0.0,0.0,0.0,0.0,True
2030,P0042,Shandong,beccs,0.0,0.0,0.0,0.0,0.0,True
2030,P0042,Shandong,ammonia,0.0,0.0,0.0,0.0,0.0,True
2030,P0043,Anhui,unabated,1.0,71657610.0,58.759240199999994,0.0,0.0,True
2030,P0043,Anhui,retire,0.0,0.0,0.0,0.0,0.0,True
2030,P0043,Anhui,ccs,0.0,0.0,0.0,0.0,0.0,True
2030,P0043,Anhui,biomass,0.0,0.0,0.0,0.0,0.0,True
2030,P0043,Anhui,beccs,0.0,0.0,0.0,0.0,0.0,True
2030,P0043,Anhui,ammonia,0.0,0.0,0.0,0.0,0.0,True
2030,P0044,Heilongjiang,unabated,1.0,10278967.500000002,8.428753350000001,0.0,0.0,True
2030,P0044,Heilongjiang,retire,0.0,0.0,0.0,0.0,0.0,True
2030,P0044,Heilongjiang,ccs,0.0,0.0,0.0,0.0,0.0,True
2030,P0044,Heilongjiang,biomass,0.0,0.0,0.0,0.0,0.0,True
2030,P0044,Heilongjiang,beccs,0.0,0.0,0.0,0.0,0.0,True
2030,P0044,Heilongjiang,ammonia,0.0,0.0,0.0,0.0,0.0,True
2030,P0045,Henan,unabated,1.0,50070436.0,41.057757519999996,0.0,0.0,True
2030,P0045,Henan,retire,0.0,0.0,0.0,0.0,0.0,True
2030,P0045,Henan,ccs,0.0,0.0,0.0,0.0,0.0,True
2030,P0045,Henan,biomass,0.0,0.0,0.0,0.0,0.0,True
2030,P0045,Henan,beccs,0.0,0.0,0.0,0.0,0.0,True
2030,P0045,Henan,ammonia,0.0,0.0,0.0,0.0,0.0,True
2030,P0046,Zhejiang,unabated,1.0,102230348.64,83.8288858848,0.0,0.0,True
2030,P0046,Zhejiang,retire,0.0,0.0,0.0,0.0,0.0,True
2030,P0046,Zhejiang,ccs,0.0,0.0,0.0,0.0,0.0,True
2030,P0046,Zhejiang,biomass,0.0,0.0,0.0,0.0,0.0,True
2030,P0046,Zhejiang,beccs,0.0,0.0,0.0,0.0,0.0,True
2030,P0046,Zhejiang,ammonia,0.0,0.0,0.0,0.0,0.0,True
2030,P0047,Liaoning,unabated,1.0,10170295.999999998,8.339642719999999,0.0,0.0,True
2030,P0047,Liaoning,retire,0.0,0.0,0.0,0.0,0.0,True
2030,P0047,Liaoning,ccs,0.0,0.0,0.0,0.0,0.0,True
2030,P0047,Liaoning,biomass,0.0,0.0,0.0,0.0,0.0,True
2030,P0047,Liaoning,beccs,0.0,0.0,0.0,0.0,0.0,True
2030,P0047,Liaoning,ammonia,0.0,0.0,0.0,0.0,0.0,True
2030,P0048,Shanxi,unabated,1.0,6481300.0,5.314666,0.0,0.0,True
2030,P0048,Shanxi,retire,0.0,0.0,0.0,0.0,0.0,True
2030,P0048,Shanxi,ccs,0.0,0.0,0.0,0.0,0.0,True
2030,P0048,Shanxi,biomass,0.0,0.0,0.0,0.0,0.0,True
2030,P0048,Shanxi,beccs,0.0,0.0,0.0,0.0,0.0,True
2030,P0048,Shanxi,ammonia,0.0,0.0,0.0,0.0,0.0,True
2030,P0049,Xinjiang,unabated,1.0,7182431.999999999,5.889594239999999,0.0,0.0,True
2030,P0049,Xinjiang,retire,0.0,0.0,0.0,0.0,0.0,True
2030,P0049,Xinjiang,ccs,0.0,0.0,0.0,0.0,0.0,True
2030,P0049,Xinjiang,biomass,0.0,0.0,0.0,0.0,0.0,True
2030,P0049,Xinjiang,beccs,0.0,0.0,0.0,0.0,0.0,True
2030,P0049,Xinjiang,ammonia,0.0,0.0,0.0,0.0,0.0,True
2030,P0050,Henan,unabated,1.0,7055216.0,5.78527712,0.0,0.0,True
2030,P0050,Henan,retire,0.0,0.0,0.0,0.0,0.0,True
2030,P0050,Henan,ccs,0.0,0.0,0.0,0.0,0.0,True
2030,P0050,Henan,biomass,0.0,0.0,0.0,0.0,0.0,True
2030,P0050,Henan,beccs,0.0,0.0,0.0,0.0,0.0,True
2030,P0050,Henan,ammonia,0.0,0.0,0.0,0.0,0.0,True
2030,P0051,Hebei,unabated,1.0,36442718.0,29.88302876,0.0,0.0,True
2030,P0051,Hebei,retire,0.0,0.0,0.0,0.0,0.0,True
2030,P0051,Hebei,ccs,0.0,0.0,0.0,0.0,0.0,True
2030,P0051,Hebei,biomass,0.0,0.0,0.0,0.0,0.0,True
2030,P0051,Hebei,beccs,0.0,0.0,0.0,0.0,0.0,True
2030,P0051,Hebei,ammonia,0.0,0.0,0.0,0.0,0.0,True
2030,P0052,Jiangsu,unabated,1.0,137274235.0,112.5648727,0.0,0.0,True
2030,P0052,Jiangsu,retire,0.0,0.0,0.0,0.0,0.0,True
2030,P0052,Jiangsu,ccs,0.0,0.0,0.0,0.0,0.0,True
2030,P0052,Jiangsu,biomass,0.0,0.0,0.0,0.0,0.0,True
2030,P0052,Jiangsu,beccs,0.0,0.0,0.0,0.0,0.0,True
2030,P0052,Jiangsu,ammonia,0.0,0.0,0.0,0.0,0.0,True
2030,P0053,Heilongjiang,unabated,1.0,9739800.000000002,7.986636000000001,0.0,0.0,True
2030,P0053,Heilongjiang,retire,0.0,0.0,0.0,0.0,0.0,True
2030,P0053,Heilongjiang,ccs,0.0,0.0,0.0,0.0,0.0,True
2030,P0053,Heilongjiang,biomass,0.0,0.0,0.0,0.0,0.0,True
2030,P0053,Heilongjiang,beccs,0.0,0.0,0.0,0.0,0.0,True
2030,P0053,Heilongjiang,ammonia,0.0,0.0,0.0,0.0,0.0,True
2030,P0054,Hebei,unabated,1.0,19691542.0,16.14706444,0.0,0.0,True
2030,P0054,Hebei,retire,0.0,0.0,0.0,0.0,0.0,True
2030,P0054,Hebei,ccs,0.0,0.0,0.0,0.0,0.0,True
2030,P0054,Hebei,biomass,0.0,0.0,0.0,0.0,0.0,True
2030,P0054,Hebei,beccs,0.0,0.0,0.0,0.0,0.0,True
2030,P0054,Hebei,ammonia,0.0,0.0,0.0,0.0,0.0,True
2030,P0055,Shanxi,unabated,1.0,17129150.0,14.045903,0.0,0.0,True
2030,P0055,Shanxi,retire,0.0,0.0,0.0,0.0,0.0,True
2030,P0055,Shanxi,ccs,0.0,0.0,0.0,0.0,0.0,True
2030,P0055,Shanxi,biomass,0.0,0.0,0.0,0.0,0.0,True
2030,P0055,Shanxi,beccs,0.0,0.0,0.0,0.0,0.0,True
2030,P0055,Shanxi,ammonia,0.0,0.0,0.0,0.0,0.0,True
2030,P0056,Jiangxi,unabated,1.0,19160928.0,15.711960959999999,0.0,0.0,True
2030,P0056,Jiangxi,retire,0.0,0.0,0.0,0.0,0.0,True
2030,P0056,Jiangxi,ccs,0.0,0.0,0.0,0.0,0.0,True
2030,P0056,Jiangxi,biomass,0.0,0.0,0.0,0.0,0.0,True
2030,P0056,Jiangxi,beccs,0.0,0.0,0.0,0.0,0.0,True
2030,P0056,Jiangxi,ammonia,0.0,0.0,0.0,0.0,0.0,True
2030,P0057,Gansu,unabated,1.0,12233632.0,10.03157824,0.0,0.0,True
2030,P0057,Gansu,retire,0.0,0.0,0.0,0.0,0.0,True
2030,P0057,Gansu,ccs,0.0,0.0,0.0,0.0,0.0,True
2030,P0057,Gansu,biomass,0.0,0.0,0.0,0.0,0.0,True
2030,P0057,Gansu,beccs,0.0,0.0,0.0,0.0,0.0,True
2030,P0057,Gansu,ammonia,0.0,0.0,0.0,0.0,0.0,True
2030,P0058,Jiangsu,unabated,1.0,22644982.500000004,18.568885650000002,0.0,0.0,True
2030,P0058,Jiangsu,retire,0.0,0.0,0.0,0.0,0.0,True
2030,P0058,Jiangsu,ccs,0.0,0.0,0.0,0.0,0.0,True
2030,P0058,Jiangsu,biomass,0.0,0.0,0.0,0.0,0.0,True
2030,P0058,Jiangsu,beccs,0.0,0.0,0.0,0.0,0.0,True
2030,P0058,Jiangsu,ammonia,0.0,0.0,0.0,0.0,0.0,True
2030,P0059,Inner Mongolia,unabated,1.0,104755830.0,85.8997806,0.0,0.0,True
2030,P0059,Inner Mongolia,retire,0.0,0.0,0.0,0.0,0.0,True
2030,P0059,Inner Mongolia,ccs,0.0,0.0,0.0,0.0,0.0,True
2030,P0059,Inner Mongolia,biomass,0.0,0.0,0.0,0.0,0.0,True
2030,P0059,Inner Mongolia,beccs,0.0,0.0,0.0,0.0,0.0,True
2030,P0059,Inner Mongolia,ammonia,0.0,0.0,0.0,0.0,0.0,True
2030,P0060,Shandong,unabated,1.0,21639778.200000003,17.744618124000002,0.0,0.0,True
2030,P0060,Shandong,retire,0.0,0.0,0.0,0.0,0.0,True
2030,P0060,Shandong,ccs,0.0,0.0,0.0,0.0,0.0,True
2030,P0060,Shandong,biomass,0.0,0.0,0.0,0.0,0.0,True
2030,P0060,Shandong,beccs,0.0,0.0,0.0,0.0,0.0,True
2030,P0060,Shandong,ammonia,0.0,0.0,0.0,0.0,0.0,True
2030,P0061,Shandong,unabated,1.0,17095512.000000004,14.018319840000002,0.0,0.0,True
2030,P0061,Shandong,retire,0.0,0.0,0.0,0.0,0.0,True
2030,P0061,Shandong,ccs,0.0,0.0,0.0,0.0,0.0,True
2030,P0061,Shandong,biomass,0.0,0.0,0.0,0.0,0.0,True
2030,P0061,Shandong,beccs,0.0,0.0,0.0,0.0,0.0,True
2030,P0061,Shandong,ammonia,0.0,0.0,0.0,0.0,0.0,True
2030,P0062,Xinjiang,unabated,1.0,5122764.0,4.20066648,0.0,0.0,True
2030,P0062,Xinjiang,retire,0.0,0.0,0.0,0.0,0.0,True
2030,P0062,Xinjiang,ccs,0.0,0.0,0.0,0.0,0.0,True
2030,P0062,Xinjiang,biomass,0.0,0.0,0.0,0.0,0.0,True
2030,P0062,Xinjiang,beccs,0.0,0.0,0.0,0.0,0.0,True
2030,P0062,Xinjiang,ammonia,0.0,0.0,0.0,0.0,0.0,True
2030,P0063,Ningxia,unabated,1.0,8748784.0,7.17400288,0.0,0.0,True
2030,P0063,Ningxia,retire,0.0,0.0,0.0,0.0,0.0,True
2030,P0063,Ningxia,ccs,0.0,0.0,0.0,0.0,0.0,True
2030,P0063,Ningxia,biomass,0.0,0.0,0.0,0.0,0.0,True
2030,P0063,Ningxia,beccs,0.0,0.0,0.0,0.0,0.0,True
2030,P0063,Ningxia,ammonia,0.0,0.0,0.0,0.0,0.0,True
2030,P0064,Shandong,unabated,1.0,18229398.000000004,14.94810636,0.0,0.0,True
2030,P0064,Shandong,retire,0.0,0.0,0.0,0.0,0.0,True
2030,P0064,Shandong,ccs,0.0,0.0,0.0,0.0,0.0,True
2030,P0064,Shandong,biomass,0.0,0.0,0.0,0.0,0.0,True
2030,P0064,Shandong,beccs,0.0,0.0,0.0,0.0,0.0,True
2030,P0064,Shandong,ammonia,0.0,0.0,0.0,0.0,0.0,True
2030,P0065,Xinjiang,unabated,1.0,17824049.999999996,14.615720999999997,0.0,0.0,True
2030,P0065,Xinjiang,retire,0.0,0.0,0.0,0.0,0.0,True
2030,P0065,Xinjiang,ccs,0.0,0.0,0.0,0.0,0.0,True
2030,P0065,Xinjiang,biomass,0.0,0.0,0.0,0.0,0.0,True
2030,P0065,Xinjiang,beccs,0.0,0.0,0.0,0.0,0.0,True
2030,P0065,Xinjiang,ammonia,0.0,0.0,0.0,0.0,0.0,True
2030,P0066,Fujian,unabated,1.0,45243841.199999996,37.099949783999996,0.0,0.0,True
2030,P0066,Fujian,retire,0.0,0.0,0.0,0.0,0.0,True
2030,P0066,Fujian,ccs,0.0,0.0,0.0,0.0,0.0,True
2030,P0066,Fujian,biomass,0.0,0.0,0.0,0.0,0.0,True
2030,P0066,Fujian,beccs,0.0,0.0,0.0,0.0,0.0,True
2030,P0066,Fujian,ammonia,0.0,0.0,0.0,0.0,0.0,True
2030,P0067,Hebei,unabated,1.0,34215168.0,28.056437759999998,0.0,0.0,True
2030,P0067,Hebei,retire,0.0,0.0,0.0,0.0,0.0,True
2030,P0067,Hebei,ccs,0.0,0.0,0.0,0.0,0.0,True
2030,P0067,Hebei,biomass,0.0,0.0,0.0,0.0,0.0,True
2030,P0067,Hebei,beccs,0.0,0.0,0.0,0.0,0.0,True
2030,P0067,Hebei,ammonia,0.0,0.0,0.0,0.0,0.0,True
2030,P0068,Zhejiang,unabated,1.0,22390288.5,18.360036570000002,0.0,0.0,True
2030,P0068,Zhejiang,retire,0.0,0.0,0.0,0.0,0.0,True
2030,P0068,Zhejiang,ccs,0.0,0.0,0.0,0.0,0.0,True
2030,P0068,Zhejiang,biomass,0.0,0.0,0.0,0.0,0.0,True
2030,P0068,Zhejiang,beccs,0.0,0.0,0.0,0.0,0.0,True
2030,P0068,Zhejiang,ammonia,0.0,0.0,0.0,0.0,0.0,True
2030,P0069,Shaanxi,unabated,1.0,18152000.0,14.88464,0.0,0.0,True
2030,P0069,Shaanxi,retire,0.0,0.0,0.0,0.0,0.0,True
2030,P0069,Shaanxi,ccs,0.0,0.0,0.0,0.0,0.0,True
2030,P0069,Shaanxi,biomass,0.0,0.0,0.0,0.0,0.0,True
2030,P0069,Shaanxi,beccs,0.0,0.0,0.0,0.0,0.0,True
2030,P0069,Shaanxi,ammonia,0.0,0.0,0.0,0.0,0.0,True
2030,P0070,Shandong,unabated,1.0,25817712.000000004,21.170523840000005,0.0,0.0,True
2030,P0070,Shandong,retire,0.0,0.0,0.0,0.0,0.0,True
2030,P0070,Shandong,ccs,0.0,0.0,0.0,0.0,0.0,True
2030,P0070,Shandong,biomass,0.0,0.0,0.0,0.0,0.0,True
2030,P0070,Shandong,beccs,0.0,0.0,0.0,0.0,0.0,True
2030,P0070,Shandong,ammonia,0.0,0.0,0.0,0.0,0.0,True
2030,P0071,Guizhou,unabated,1.0,23735500.0,19.46311,0.0,0.0,True
2030,P0071,Guizhou,retire,0.0,0.0,0.0,0.0,0.0,True
2030,P0071,Guizhou,ccs,0.0,0.0,0.0,0.0,0.0,True
2030,P0071,Guizhou,biomass,0.0,0.0,0.0,0.0,0.0,True
2030,P0071,Guizhou,beccs,0.0,0.0,0.0,0.0,0.0,True
2030,P0071,Guizhou,ammonia,0.0,0.0,0.0,0.0,0.0,True
2030,P0072,Heilongjiang,unabated,1.0,5565600.0,4.563792,0.0,0.0,True
2030,P0072,Heilongjiang,retire,0.0,0.0,0.0,0.0,0.0,True
2030,P0072,Heilongjiang,ccs,0.0,0.0,0.0,0.0,0.0,True
2030,P0072,Heilongjiang,biomass,0.0,0.0,0.0,0.0,0.0,True
2030,P0072,Heilongjiang,beccs,0.0,0.0,0.0,0.0,0.0,True
2030,P0072,Heilongjiang,ammonia,0.0,0.0,0.0,0.0,0.0,True
2030,P0073,Liaoning,unabated,1.0,6340931.499999999,5.199563829999999,0.0,0.0,True
2030,P0073,Liaoning,retire,0.0,0.0,0.0,0.0,0.0,True
2030,P0073,Liaoning,ccs,0.0,0.0,0.0,0.0,0.0,True
2030,P0073,Liaoning,biomass,0.0,0.0,0.0,0.0,0.0,True
2030,P0073,Liaoning,beccs,0.0,0.0,0.0,0.0,0.0,True
2030,P0073,Liaoning,ammonia,0.0,0.0,0.0,0.0,0.0,True
2030,P0074,Shaanxi,unabated,1.0,36893940.0,30.253030799999998,0.0,0.0,True
2030,P0074,Shaanxi,retire,0.0,0.0,0.0,0.0,0.0,True
2030,P0074,Shaanxi,ccs,0.0,0.0,0.0,0.0,0.0,True
2030,P0074,Shaanxi,biomass,0.0,0.0,0.0,0.0,0.0,True
2030,P0074,Shaanxi,beccs,0.0,0.0,0.0,0.0,0.0,True
2030,P0074,Shaanxi,ammonia,0.0,0.0,0.0,0.0,0.0,True
2030,P0075,Henan,unabated,1.0,7127208.0,5.844310559999999,0.0,0.0,True
2030,P0075,Henan,retire,0.0,0.0,0.0,0.0,0.0,True
2030,P0075,Henan,ccs,0.0,0.0,0.0,0.0,0.0,True
2030,P0075,Henan,biomass,0.0,0.0,0.0,0.0,0.0,True
2030,P0075,Henan,beccs,0.0,0.0,0.0,0.0,0.0,True
2030,P0075,Henan,ammonia,0.0,0.0,0.0,0.0,0.0,True
2030,P0076,Guangxi,unabated,1.0,13593944.000000002,11.147034080000001,0.0,0.0,True
2030,P0076,Guangxi,retire,0.0,0.0,0.0,0.0,0.0,True
2030,P0076,Guangxi,ccs,0.0,0.0,0.0,0.0,0.0,True
2030,P0076,Guangxi,biomass,0.0,0.0,0.0,0.0,0.0,True
2030,P0076,Guangxi,beccs,0.0,0.0,0.0,0.0,0.0,True
2030,P0076,Guangxi,ammonia,0.0,0.0,0.0,0.0,0.0,True
2030,P0077,Xinjiang,unabated,1.0,41298983.99999999,33.86516688,0.0,0.0,True
2030,P0077,Xinjiang,retire,0.0,0.0,0.0,0.0,0.0,True
2030,P0077,Xinjiang,ccs,0.0,0.0,0.0,0.0,0.0,True
2030,P0077,Xinjiang,biomass,0.0,0.0,0.0,0.0,0.0,True
2030,P0077,Xinjiang,beccs,0.0,0.0,0.0,0.0,0.0,True
2030,P0077,Xinjiang,ammonia,0.0,0.0,0.0,0.0,0.0,True
2030,P0078,Heilongjiang,unabated,1.0,18122985.0,14.860847699999999,0.0,0.0,True
2030,P0078,Heilongjiang,retire,0.0,0.0,0.0,0.0,0.0,True
2030,P0078,Heilongjiang,ccs,0.0,0.0,0.0,0.0,0.0,True
2030,P0078,Heilongjiang,biomass,0.0,0.0,0.0,0.0,0.0,True
2030,P0078,Heilongjiang,beccs,0.0,0.0,0.0,0.0,0.0,True
2030,P0078,Heilongjiang,ammonia,0.0,0.0,0.0,0.0,0.0,True
2030,P0079,Guangxi,unabated,1.0,42505008.0,34.85410656,0.0,0.0,True
2030,P0079,Guangxi,retire,0.0,0.0,0.0,0.0,0.0,True
2030,P0079,Guangxi,ccs,0.0,0.0,0.0,0.0,0.0,True
2030,P0079,Guangxi,biomass,0.0,0.0,0.0,0.0,0.0,True
2030,P0079,Guangxi,beccs,0.0,0.0,0.0,0.0,0.0,True
2030,P0079,Guangxi,ammonia,0.0,0.0,0.0,0.0,0.0,True
2030,P0080,Shandong,unabated,1.0,21587445.000000004,17.701704900000003,0.0,0.0,True
2030,P0080,Shandong,retire,0.0,0.0,0.0,0.0,0.0,True
2030,P0080,Shandong,ccs,0.0,0.0,0.0,0.0,0.0,True
2030,P0080,Shandong,biomass,0.0,0.0,0.0,0.0,0.0,True
2030,P0080,Shandong,beccs,0.0,0.0,0.0,0.0,0.0,True
2030,P0080,Shandong,ammonia,0.0,0.0,0.0,0.0,0.0,True
2030,P0081,Gansu,unabated,1.0,8798160.0,7.214491199999999,0.0,0.0,True
2030,P0081,Gansu,retire,0.0,0.0,0.0,0.0,0.0,True
2030,P0081,Gansu,ccs,0.0,0.0,0.0,0.0,0.0,True
2030,P0081,Gansu,biomass,0.0,0.0,0.0,0.0,0.0,True
2030,P0081,Gansu,beccs,0.0,0.0,0.0,0.0,0.0,True
2030,P0081,Gansu,ammonia,0.0,0.0,0.0,0.0,0.0,True
2030,P0082,Liaoning,unabated,1.0,7751749.999999999,6.356434999999999,0.0,0.0,True
2030,P0082,Liaoning,retire,0.0,0.0,0.0,0.0,0.0,True
2030,P0082,Liaoning,ccs,0.0,0.0,0.0,0.0,0.0,True
2030,P0082,Liaoning,biomass,0.0,0.0,0.0,0.0,0.0,True
2030,P0082,Liaoning,beccs,0.0,0.0,0.0,0.0,0.0,True
2030,P0082,Liaoning,ammonia,0.0,0.0,0.0,0.0,0.0,True
2030,P0083,Shaanxi,unabated,1.0,58041020.0,47.5936364,0.0,0.0,True
2030,P0083,Shaanxi,retire,0.0,0.0,0.0,0.0,0.0,True
2030,P0083,Shaanxi,ccs,0.0,0.0,0.0,0.0,0.0,True
2030,P0083,Shaanxi,biomass,0.0,0.0,0.0,0.0,0.0,True
2030,P0083,Shaanxi,beccs,0.0,0.0,0.0,0.0,0.0,True
2030,P0083,Shaanxi,ammonia,0.0,0.0,0.0,0.0,0.0,True
2030,P0084,Shaanxi,unabated,1.0,12207220.0,10.009920399999999,0.0,0.0,True
2030,P0084,Shaanxi,retire,0.0,0.0,0.0,0.0,0.0,True
2030,P0084,Shaanxi,ccs,0.0,0.0,0.0,0.0,0.0,True
2030,P0084,Shaanxi,biomass,0.0,0.0,0.0,0.0,0.0,True
2030,P0084,Shaanxi,beccs,0.0,0.0,0.0,0.0,0.0,True
2030,P0084,Shaanxi,ammonia,0.0,0.0,0.0,0.0,0.0,True
2030,P0085,Jiangsu,unabated,1.0,50405775.00000001,41.3327355,0.0,0.0,True
2030,P0085,Jiangsu,retire,0.0,0.0,0.0,0.0,0.0,True
2030,P0085,Jiangsu,ccs,0.0,0.0,0.0,0.0,0.0,True
2030,P0085,Jiangsu,biomass,0.0,0.0,0.0,0.0,0.0,True
2030,P0085,Jiangsu,beccs,0.0,0.0,0.0,0.0,0.0,True
2030,P0085,Jiangsu,ammonia,0.0,0.0,0.0,0.0,0.0,True
2030,P0086,Shaanxi,unabated,1.0,42929480.0,35.2021736,0.0,0.0,True
2030,P0086,Shaanxi,retire,0.0,0.0,0.0,0.0,0.0,True
2030,P0086,Shaanxi,ccs,0.0,0.0,0.0,0.0,0.0,True
2030,P0086,Shaanxi,biomass,0.0,0.0,0.0,0.0,0.0,True
2030,P0086,Shaanxi,beccs,0.0,0.0,0.0,0.0,0.0,True
2030,P0086,Shaanxi,ammonia,0.0,0.0,0.0,0.0,0.0,True
2030,P0087,Hebei,unabated,1.0,13588055.000000002,11.142205100000002,0.0,0.0,True
2030,P0087,Hebei,retire,0.0,0.0,0.0,0.0,0.0,True
2030,P0087,Hebei,ccs,0.0,0.0,0.0,0.0,0.0,True
2030,P0087,Hebei,biomass,0.0,0.0,0.0,0.0,0.0,True
2030,P0087,Hebei,beccs,0.0,0.0,0.0,0.0,0.0,True
2030,P0087,Hebei,ammonia,0.0,0.0,0.0,0.0,0.0,True
2030,P0088,Zhejiang,unabated,1.0,15775605.0,12.935996099999999,0.0,0.0,True
2030,P0088,Zhejiang,retire,0.0,0.0,0.0,0.0,0.0,True
2030,P0088,Zhejiang,ccs,0.0,0.0,0.0,0.0,0.0,True
2030,P0088,Zhejiang,biomass,0.0,0.0,0.0,0.0,0.0,True
2030,P0088,Zhejiang,beccs,0.0,0.0,0.0,0.0,0.0,True
2030,P0088,Zhejiang,ammonia,0.0,0.0,0.0,0.0,0.0,True
2030,P0089,Ningxia,unabated,1.0,131480305.0,107.8138501,0.0,0.0,True
2030,P0089,Ningxia,retire,0.0,0.0,0.0,0.0,0.0,True
2030,P0089,Ningxia,ccs,0.0,0.0,0.0,0.0,0.0,True
2030,P0089,Ningxia,biomass,0.0,0.0,0.0,0.0,0.0,True
2030,P0089,Ningxia,beccs,0.0,0.0,0.0,0.0,0.0,True
2030,P0089,Ningxia,ammonia,0.0,0.0,0.0,0.0,0.0,True
2030,P0090,Guangdong,unabated,1.0,34962181.2,28.668988584,0.0,0.0,True
2030,P0090,Guangdong,retire,0.0,0.0,0.0,0.0,0.0,True
2030,P0090,Guangdong,ccs,0.0,0.0,0.0,0.0,0.0,True
2030,P0090,Guangdong,biomass,0.0,0.0,0.0,0.0,0.0,True
2030,P0090,Guangdong,beccs,0.0,0.0,0.0,0.0,0.0,True
2030,P0090,Guangdong,ammonia,0.0,0.0,0.0,0.0,0.0,True
2030,P0091,Guangdong,unabated,1.0,35657946.0,29.23951572,0.0,0.0,True
2030,P0091,Guangdong,retire,0.0,0.0,0.0,0.0,0.0,True
2030,P0091,Guangdong,ccs,0.0,0.0,0.0,0.0,0.0,True
2030,P0091,Guangdong,biomass,0.0,0.0,0.0,0.0,0.0,True
2030,P0091,Guangdong,beccs,0.0,0.0,0.0,0.0,0.0,True
2030,P0091,Guangdong,ammonia,0.0,0.0,0.0,0.0,0.0,True
2030,P0092,Jiangxi,unabated,1.0,36462960.0,29.899627199999998,0.0,0.0,True
2030,P0092,Jiangxi,retire,0.0,0.0,0.0,0.0,0.0,True
2030,P0092,Jiangxi,ccs,0.0,0.0,0.0,0.0,0.0,True
2030,P0092,Jiangxi,biomass,0.0,0.0,0.0,0.0,0.0,True
2030,P0092,Jiangxi,beccs,0.0,0.0,0.0,0.0,0.0,True
2030,P0092,Jiangxi,ammonia,0.0,0.0,0.0,0.0,0.0,True
2030,P0093,Hunan,unabated,1.0,18069412.5,14.81691825,0.0,0.0,True
2030,P0093,Hunan,retire,0.0,0.0,0.0,0.0,0.0,True
2030,P0093,Hunan,ccs,0.0,0.0,0.0,0.0,0.0,True
2030,P0093,Hunan,biomass,0.0,0.0,0.0,0.0,0.0,True
2030,P0093,Hunan,beccs,0.0,0.0,0.0,0.0,0.0,True
2030,P0093,Hunan,ammonia,0.0,0.0,0.0,0.0,0.0,True
2030,P0094,Fujian,unabated,1.0,6459012.0,5.29638984,0.0,0.0,True
2030,P0094,Fujian,retire,0.0,0.0,0.0,0.0,0.0,True
2030,P0094,Fujian,ccs,0.0,0.0,0.0,0.0,0.0,True
2030,P0094,Fujian,biomass,0.0,0.0,0.0,0.0,0.0,True
2030,P0094,Fujian,beccs,0.0,0.0,0.0,0.0,0.0,True
2030,P0094,Fujian,ammonia,0.0,0.0,0.0,0.0,0.0,True
2030,P0095,Anhui,unabated,1.0,16313541.000000002,13.377103620000002,0.0,0.0,True
2030,P0095,Anhui,retire,0.0,0.0,0.0,0.0,0.0,True
2030,P0095,Anhui,ccs,0.0,0.0,0.0,0.0,0.0,True
2030,P0095,Anhui,biomass,0.0,0.0,0.0,0.0,0.0,True
2030,P0095,Anhui,beccs,0.0,0.0,0.0,0.0,0.0,True
2030,P0095,Anhui,ammonia,0.0,0.0,0.0,0.0,0.0,True
2030,P0096,Guangdong,unabated,1.0,22564039.0,18.50251198,0.0,0.0,True
2030,P0096,Guangdong,retire,0.0,0.0,0.0,0.0,0.0,True
2030,P0096,Guangdong,ccs,0.0,0.0,0.0,0.0,0.0,True
2030,P0096,Guangdong,biomass,0.0,0.0,0.0,0.0,0.0,True
2030,P0096,Guangdong,beccs,0.0,0.0,0.0,0.0,0.0,True
2030,P0096,Guangdong,ammonia,0.0,0.0,0.0,0.0,0.0,True
2030,P0097,Gansu,unabated,1.0,8881952.0,7.28320064,0.0,0.0,True
2030,P0097,Gansu,retire,0.0,0.0,0.0,0.0,0.0,True
2030,P0097,Gansu,ccs,0.0,0.0,0.0,0.0,0.0,True
2030,P0097,Gansu,biomass,0.0,0.0,0.0,0.0,0.0,True
2030,P0097,Gansu,beccs,0.0,0.0,0.0,0.0,0.0,True
2030,P0097,Gansu,ammonia,0.0,0.0,0.0,0.0,0.0,True
2030,P0098,Xinjiang,unabated,1.0,128966903.99999999,105.75286127999999,0.0,0.0,True
2030,P0098,Xinjiang,retire,0.0,0.0,0.0,0.0,0.0,True
2030,P0098,Xinjiang,ccs,0.0,0.0,0.0,0.0,0.0,True
2030,P0098,Xinjiang,biomass,0.0,0.0,0.0,0.0,0.0,True
2030,P0098,Xinjiang,beccs,0.0,0.0,0.0,0.0,0.0,True
2030,P0098,Xinjiang,ammonia,0.0,0.0,0.0,0.0,0.0,True
2030,P0099,Sichuan,unabated,1.0,4996399.999999999,4.097047999999999,0.0,0.0,True
2030,P0099,Sichuan,retire,0.0,0.0,0.0,0.0,0.0,True
2030,P0099,Sichuan,ccs,0.0,0.0,0.0,0.0,0.0,True
2030,P0099,Sichuan,biomass,0.0,0.0,0.0,0.0,0.0,True
2030,P0099,Sichuan,beccs,0.0,0.0,0.0,0.0,0.0,True
2030,P0099,Sichuan,ammonia,0.0,0.0,0.0,0.0,0.0,True
2030,P0100,Jiangxi,unabated,1.0,15157152.0,12.428864639999999,0.0,0.0,True
2030,P0100,Jiangxi,retire,0.0,0.0,0.0,0.0,0.0,True
2030,P0100,Jiangxi,ccs,0.0,0.0,0.0,0.0,0.0,True
2030,P0100,Jiangxi,biomass,0.0,0.0,0.0,0.0,0.0,True
2030,P0100,Jiangxi,beccs,0.0,0.0,0.0,0.0,0.0,True
2030,P0100,Jiangxi,ammonia,0.0,0.0,0.0,0.0,0.0,True
2030,P0101,Qinghai,unabated,1.0,19952390.0,16.3609598,0.0,0.0,True
2030,P0101,Qinghai,retire,0.0,0.0,0.0,0.0,0.0,True
2030,P0101,Qinghai,ccs,0.0,0.0,0.0,0.0,0.0,True
2030,P0101,Qinghai,biomass,0.0,0.0,0.0,0.0,0.0,True
2030,P0101,Qinghai,beccs,0.0,0.0,0.0,0.0,0.0,True
2030,P0101,Qinghai,ammonia,0.0,0.0,0.0,0.0,0.0,True
2030,P0102,Hunan,unabated,1.0,9845388.0,8.07321816,0.0,0.0,True
2030,P0102,Hunan,retire,0.0,0.0,0.0,0.0,0.0,True
2030,P0102,Hunan,ccs,0.0,0.0,0.0,0.0,0.0,True
2030,P0102,Hunan,biomass,0.0,0.0,0.0,0.0,0.0,True
2030,P0102,Hunan,beccs,0.0,0.0,0.0,0.0,0.0,True
2030,P0102,Hunan,ammonia,0.0,0.0,0.0,0.0,0.0,True
2030,P0103,Inner Mongolia,unabated,1.0,19119700.0,15.678153999999997,0.0,0.0,True
2030,P0103,Inner Mongolia,retire,0.0,0.0,0.0,0.0,0.0,True
2030,P0103,Inner Mongolia,ccs,0.0,0.0,0.0,0.0,0.0,True
2030,P0103,Inner Mongolia,biomass,0.0,0.0,0.0,0.0,0.0,True
2030,P0103,Inner Mongolia,beccs,0.0,0.0,0.0,0.0,0.0,True
2030,P0103,Inner Mongolia,ammonia,0.0,0.0,0.0,0.0,0.0,True
2030,P0104,Inner Mongolia,unabated,1.0,22843010.0,18.7312682,0.0,0.0,True
2030,P0104,Inner Mongolia,retire,0.0,0.0,0.0,0.0,0.0,True
2030,P0104,Inner Mongolia,ccs,0.0,0.0,0.0,0.0,0.0,True
2030,P0104,Inner Mongolia,biomass,0.0,0.0,0.0,0.0,0.0,True
2030,P0104,Inner Mongolia,beccs,0.0,0.0,0.0,0.0,0.0,True
2030,P0104,Inner Mongolia,ammonia,0.0,0.0,0.0,0.0,0.0,True
2030,P0105,Liaoning,unabated,1.0,4030910.0,3.3053462,0.0,0.0,True
2030,P0105,Liaoning,retire,0.0,0.0,0.0,0.0,0.0,True
2030,P0105,Liaoning,ccs,0.0,0.0,0.0,0.0,0.0,True
2030,P0105,Liaoning,biomass,0.0,0.0,0.0,0.0,0.0,True
2030,P0105,Liaoning,beccs,0.0,0.0,0.0,0.0,0.0,True
2030,P0105,Liaoning,ammonia,0.0,0.0,0.0,0.0,0.0,True
2030,P0106,Hubei,unabated,1.0,39558279.99999999,32.43778959999999,0.0,0.0,True
2030,P0106,Hubei,retire,0.0,0.0,0.0,0.0,0.0,True
2030,P0106,Hubei,ccs,0.0,0.0,0.0,0.0,0.0,True
2030,P0106,Hubei,biomass,0.0,0.0,0.0,0.0,0.0,True
2030,P0106,Hubei,beccs,0.0,0.0,0.0,0.0,0.0,True
2030,P0106,Hubei,ammonia,0.0,0.0,0.0,0.0,0.0,True
2030,P0107,Liaoning,unabated,1.0,14387248.0,11.797543359999999,0.0,0.0,True
2030,P0107,Liaoning,retire,0.0,0.0,0.0,0.0,0.0,True
2030,P0107,Liaoning,ccs,0.0,0.0,0.0,0.0,0.0,True
2030,P0107,Liaoning,biomass,0.0,0.0,0.0,0.0,0.0,True
2030,P0107,Liaoning,beccs,0.0,0.0,0.0,0.0,0.0,True
2030,P0107,Liaoning,ammonia,0.0,0.0,0.0,0.0,0.0,True
2030,P0108,Guangdong,unabated,1.0,22805624.0,18.700611679999998,0.0,0.0,True
2030,P0108,Guangdong,retire,0.0,0.0,0.0,0.0,0.0,True
2030,P0108,Guangdong,ccs,0.0,0.0,0.0,0.0,0.0,True
2030,P0108,Guangdong,biomass,0.0,0.0,0.0,0.0,0.0,True
2030,P0108,Guangdong,beccs,0.0,0.0,0.0,0.0,0.0,True
2030,P0108,Guangdong,ammonia,0.0,0.0,0.0,0.0,0.0,True
2030,P0109,Shaanxi,unabated,1.0,37846920.0,31.034474399999997,0.0,0.0,True
2030,P0109,Shaanxi,retire,0.0,0.0,0.0,0.0,0.0,True
2030,P0109,Shaanxi,ccs,0.0,0.0,0.0,0.0,0.0,True
2030,P0109,Shaanxi,biomass,0.0,0.0,0.0,0.0,0.0,True
2030,P0109,Shaanxi,beccs,0.0,0.0,0.0,0.0,0.0,True
2030,P0109,Shaanxi,ammonia,0.0,0.0,0.0,0.0,0.0,True
2030,P0110,Guizhou,unabated,1.0,62946546.0,51.61616772,0.0,0.0,True
2030,P0110,Guizhou,retire,0.0,0.0,0.0,0.0,0.0,True
2030,P0110,Guizhou,ccs,0.0,0.0,0.0,0.0,0.0,True
2030,P0110,Guizhou,biomass,0.0,0.0,0.0,0.0,0.0,True
2030,P0110,Guizhou,beccs,0.0,0.0,0.0,0.0,0.0,True
2030,P0110,Guizhou,ammonia,0.0,0.0,0.0,0.0,0.0,True
2030,P0111,Guangxi,unabated,0.0,0.0,0.0,0.0,0.0,True
2030,P0111,Guangxi,retire,0.0,0.0,0.0,0.0,0.0,True
2030,P0111,Guangxi,ccs,0.0,0.0,0.0,0.0,0.0,True
2030,P0111,Guangxi,biomass,1.0,587794.48,0.48199147359999994,0.48199147359999994,0.0,True
2030,P0111,Guangxi,beccs,0.0,0.0,0.0,0.0,0.0,True
2030,P0111,Guangxi,ammonia,0.0,0.0,0.0,0.0,0.0,True
2030,P0112,Guangdong,unabated,1.0,41166084.0,33.756188879999996,0.0,0.0,True
2030,P0112,Guangdong,retire,0.0,0.0,0.0,0.0,0.0,True
2030,P0112,Guangdong,ccs,0.0,0.0,0.0,0.0,0.0,True
2030,P0112,Guangdong,biomass,0.0,0.0,0.0,0.0,0.0,True
2030,P0112,Guangdong,beccs,0.0,0.0,0.0,0.0,0.0,True
2030,P0112,Guangdong,ammonia,0.0,0.0,0.0,0.0,0.0,True
2030,P0113,Inner Mongolia,unabated,1.0,20126000.0,16.50332,0.0,0.0,True
2030,P0113,Inner Mongolia,retire,0.0,0.0,0.0,0.0,0.0,True
2030,P0113,Inner Mongolia,ccs,0.0,0.0,0.0,0.0,0.0,True
2030,P0113,Inner Mongolia,biomass,0.0,0.0,0.0,0.0,0.0,True
2030,P0113,Inner Mongolia,beccs,0.0,0.0,0.0,0.0,0.0,True
2030,P0113,Inner Mongolia,ammonia,0.0,0.0,0.0,0.0,0.0,True
2030,P0114,Guangxi,unabated,1.0,29485456.0,24.17807392,0.0,0.0,True
2030,P0114,Guangxi,retire,0.0,0.0,0.0,0.0,0.0,True
2030,P0114,Guangxi,ccs,0.0,0.0,0.0,0.0,0.0,True
2030,P0114,Guangxi,biomass,0.0,0.0,0.0,0.0,0.0,True
2030,P0114,Guangxi,beccs,0.0,0.0,0.0,0.0,0.0,True
2030,P0114,Guangxi,ammonia,0.0,0.0,0.0,0.0,0.0,True
2030,P0115,Shandong,unabated,1.0,9550809.0,7.83166338,0.0,0.0,True
2030,P0115,Shandong,retire,0.0,0.0,0.0,0.0,0.0,True
2030,P0115,Shandong,ccs,0.0,0.0,0.0,0.0,0.0,True
2030,P0115,Shandong,biomass,0.0,0.0,0.0,0.0,0.0,True
2030,P0115,Shandong,beccs,0.0,0.0,0.0,0.0,0.0,True
2030,P0115,Shandong,ammonia,0.0,0.0,0.0,0.0,0.0,True
2030,P0116,Liaoning,unabated,1.0,2542573.9999999995,2.0849106799999997,0.0,0.0,True
2030,P0116,Liaoning,retire,0.0,0.0,0.0,0.0,0.0,True
2030,P0116,Liaoning,ccs,0.0,0.0,0.0,0.0,0.0,True
2030,P0116,Liaoning,biomass,0.0,0.0,0.0,0.0,0.0,True
2030,P0116,Liaoning,beccs,0.0,0.0,0.0,0.0,0.0,True
2030,P0116,Liaoning,ammonia,0.0,0.0,0.0,0.0,0.0,True
2030,P0117,Henan,unabated,1.0,8351072.0,6.8478790400000005,0.0,0.0,True
2030,P0117,Henan,retire,0.0,0.0,0.0,0.0,0.0,True
2030,P0117,Henan,ccs,0.0,0.0,0.0,0.0,0.0,True
2030,P0117,Henan,biomass,0.0,0.0,0.0,0.0,0.0,True
2030,P0117,Henan,beccs,0.0,0.0,0.0,0.0,0.0,True
2030,P0117,Henan,ammonia,0.0,0.0,0.0,0.0,0.0,True
2030,P0118,Liaoning,unabated,1.0,16867807.999999996,13.831602559999997,0.0,0.0,True
2030,P0118,Liaoning,retire,0.0,0.0,0.0,0.0,0.0,True
2030,P0118,Liaoning,ccs,0.0,0.0,0.0,0.0,0.0,True
2030,P0118,Liaoning,biomass,0.0,0.0,0.0,0.0,0.0,True
2030,P0118,Liaoning,beccs,0.0,0.0,0.0,0.0,0.0,True
2030,P0118,Liaoning,ammonia,0.0,0.0,0.0,0.0,0.0,True
2030,P0119,Guizhou,unabated,1.0,27248354.0,22.34365028,0.0,0.0,True
2030,P0119,Guizhou,retire,0.0,0.0,0.0,0.0,0.0,True
2030,P0119,Guizhou,ccs,0.0,0.0,0.0,0.0,0.0,True
2030,P0119,Guizhou,biomass,0.0,0.0,0.0,0.0,0.0,True
2030,P0119,Guizhou,beccs,0.0,0.0,0.0,0.0,0.0,True
2030,P0119,Guizhou,ammonia,0.0,0.0,0.0,0.0,0.0,True
2030,P0120,Inner Mongolia,unabated,1.0,23648049.999999996,19.391400999999995,0.0,0.0,True
2030,P0120,Inner Mongolia,retire,0.0,0.0,0.0,0.0,0.0,True
2030,P0120,Inner Mongolia,ccs,0.0,0.0,0.0,0.0,0.0,True
2030,P0120,Inner Mongolia,biomass,0.0,0.0,0.0,0.0,0.0,True
2030,P0120,Inner Mongolia,beccs,0.0,0.0,0.0,0.0,0.0,True
2030,P0120,Inner Mongolia,ammonia,0.0,0.0,0.0,0.0,0.0,True
2030,P0121,Guangdong,unabated,1.0,32662292.0,26.783079439999998,0.0,0.0,True
2030,P0121,Guangdong,retire,0.0,0.0,0.0,0.0,0.0,True
2030,P0121,Guangdong,ccs,0.0,0.0,0.0,0.0,0.0,True
2030,P0121,Guangdong,biomass,0.0,0.0,0.0,0.0,0.0,True
2030,P0121,Guangdong,beccs,0.0,0.0,0.0,0.0,0.0,True
2030,P0121,Guangdong,ammonia,0.0,0.0,0.0,0.0,0.0,True
2030,P0122,Shaanxi,unabated,1.0,33535820.0,27.4993724,0.0,0.0,True
2030,P0122,Shaanxi,retire,0.0,0.0,0.0,0.0,0.0,True
2030,P0122,Shaanxi,ccs,0.0,0.0,0.0,0.0,0.0,True
2030,P0122,Shaanxi,biomass,0.0,0.0,0.0,0.0,0.0,True
2030,P0122,Shaanxi,beccs,0.0,0.0,0.0,0.0,0.0,True
2030,P0122,Shaanxi,ammonia,0.0,0.0,0.0,0.0,0.0,True
2030,P0123,Hebei,unabated,1.0,29973912.800000004,24.578608496000005,0.0,0.0,True
2030,P0123,Hebei,retire,0.0,0.0,0.0,0.0,0.0,True
2030,P0123,Hebei,ccs,0.0,0.0,0.0,0.0,0.0,True
2030,P0123,Hebei,biomass,0.0,0.0,0.0,0.0,0.0,True
2030,P0123,Hebei,beccs,0.0,0.0,0.0,0.0,0.0,True
2030,P0123,Hebei,ammonia,0.0,0.0,0.0,0.0,0.0,True
2030,P0124,Henan,unabated,1.0,42007332.0,34.446012239999995,0.0,0.0,True
2030,P0124,Henan,retire,0.0,0.0,0.0,0.0,0.0,True
2030,P0124,Henan,ccs,0.0,0.0,0.0,0.0,0.0,True
2030,P0124,Henan,biomass,0.0,0.0,0.0,0.0,0.0,True
2030,P0124,Henan,beccs,0.0,0.0,0.0,0.0,0.0,True
2030,P0124,Henan,ammonia,0.0,0.0,0.0,0.0,0.0,True
2030,P0125,Xinjiang,unabated,1.0,62899091.99999999,51.57725543999999,0.0,0.0,True
2030,P0125,Xinjiang,retire,0.0,0.0,0.0,0.0,0.0,True
2030,P0125,Xinjiang,ccs,0.0,0.0,0.0,0.0,0.0,True
2030,P0125,Xinjiang,biomass,0.0,0.0,0.0,0.0,0.0,True
2030,P0125,Xinjiang,beccs,0.0,0.0,0.0,0.0,0.0,True
2030,P0125,Xinjiang,ammonia,0.0,0.0,0.0,0.0,0.0,True
2030,P0126,Jiangsu,unabated,1.0,86326786.00000001,70.78796452000002,0.0,0.0,True
2030,P0126,Jiangsu,retire,0.0,0.0,0.0,0.0,0.0,True
2030,P0126,Jiangsu,ccs,0.0,0.0,0.0,0.0,0.0,True
2030,P0126,Jiangsu,biomass,0.0,0.0,0.0,0.0,0.0,True
2030,P0126,Jiangsu,beccs,0.0,0.0,0.0,0.0,0.0,True
2030,P0126,Jiangsu,ammonia,0.0,0.0,0.0,0.0,0.0,True
2030,P0127,Hebei,unabated,1.0,7796425.000000001,6.3930685,0.0,0.0,True
2030,P0127,Hebei,retire,0.0,0.0,0.0,0.0,0.0,True
2030,P0127,Hebei,ccs,0.0,0.0,0.0,0.0,0.0,True
2030,P0127,Hebei,biomass,0.0,0.0,0.0,0.0,0.0,True
2030,P0127,Hebei,beccs,0.0,0.0,0.0,0.0,0.0,True
2030,P0127,Hebei,ammonia,0.0,0.0,0.0,0.0,0.0,True
2030,P0128,Xinjiang,unabated,1.0,5122764.0,4.20066648,0.0,0.0,True
2030,P0128,Xinjiang,retire,0.0,0.0,0.0,0.0,0.0,True
2030,P0128,Xinjiang,ccs,0.0,0.0,0.0,0.0,0.0,True
2030,P0128,Xinjiang,biomass,0.0,0.0,0.0,0.0,0.0,True
2030,P0128,Xinjiang,beccs,0.0,0.0,0.0,0.0,0.0,True
2030,P0128,Xinjiang,ammonia,0.0,0.0,0.0,0.0,0.0,True
2030,P0129,Inner Mongolia,unabated,1.0,67573045.0,55.4098969,0.0,0.0,True
2030,P0129,Inner Mongolia,retire,0.0,0.0,0.0,0.0,0.0,True
2030,P0129,Inner Mongolia,ccs,0.0,0.0,0.0,0.0,0.0,True
2030,P0129,Inner Mongolia,biomass,0.0,0.0,0.0,0.0,0.0,True
2030,P0129,Inner Mongolia,beccs,0.0,0.0,0.0,0.0,0.0,True
2030,P0129,Inner Mongolia,ammonia,0.0,0.0,0.0,0.0,0.0,True
2030,P0130,Hebei,unabated,1.0,5791630.0,4.7491366,0.0,0.0,True
2030,P0130,Hebei,retire,0.0,0.0,0.0,0.0,0.0,True
2030,P0130,Hebei,ccs,0.0,0.0,0.0,0.0,0.0,True
2030,P0130,Hebei,biomass,0.0,0.0,0.0,0.0,0.0,True
2030,P0130,Hebei,beccs,0.0,0.0,0.0,0.0,0.0,True
2030,P0130,Hebei,ammonia,0.0,0.0,0.0,0.0,0.0,True
2030,P0131,Zhejiang,unabated,1.0,68084190.0,55.8290358,0.0,0.0,True
2030,P0131,Zhejiang,retire,0.0,0.0,0.0,0.0,0.0,True
2030,P0131,Zhejiang,ccs,0.0,0.0,0.0,0.0,0.0,True
2030,P0131,Zhejiang,biomass,0.0,0.0,0.0,0.0,0.0,True
2030,P0131,Zhejiang,beccs,0.0,0.0,0.0,0.0,0.0,True
2030,P0131,Zhejiang,ammonia,0.0,0.0,0.0,0.0,0.0,True
2030,P0132,Jilin,unabated,1.0,6228808.0,5.107622559999999,0.0,0.0,True
2030,P0132,Jilin,retire,0.0,0.0,0.0,0.0,0.0,True
2030,P0132,Jilin,ccs,0.0,0.0,0.0,0.0,0.0,True
2030,P0132,Jilin,biomass,0.0,0.0,0.0,0.0,0.0,True
2030,P0132,Jilin,beccs,0.0,0.0,0.0,0.0,0.0,True
2030,P0132,Jilin,ammonia,0.0,0.0,0.0,0.0,0.0,True
2030,P0133,Anhui,unabated,1.0,31000810.000000004,25.420664200000004,0.0,0.0,True
2030,P0133,Anhui,retire,0.0,0.0,0.0,0.0,0.0,True
2030,P0133,Anhui,ccs,0.0,0.0,0.0,0.0,0.0,True
2030,P0133,Anhui,biomass,0.0,0.0,0.0,0.0,0.0,True
2030,P0133,Anhui,beccs,0.0,0.0,0.0,0.0,0.0,True
2030,P0133,Anhui,ammonia,0.0,0.0,0.0,0.0,0.0,True
2030,P0134,Shanxi,unabated,1.0,14837547.5,12.166788949999999,0.0,0.0,True
2030,P0134,Shanxi,retire,0.0,0.0,0.0,0.0,0.0,True
2030,P0134,Shanxi,ccs,0.0,0.0,0.0,0.0,0.0,True
2030,P0134,Shanxi,biomass,0.0,0.0,0.0,0.0,0.0,True
2030,P0134,Shanxi,beccs,0.0,0.0,0.0,0.0,0.0,True
2030,P0134,Shanxi,ammonia,0.0,0.0,0.0,0.0,0.0,True
2030,P0135,Liaoning,unabated,1.0,5891330.0,4.8308906,0.0,0.0,True
2030,P0135,Liaoning,retire,0.0,0.0,0.0,0.0,0.0,True
2030,P0135,Liaoning,ccs,0.0,0.0,0.0,0.0,0.0,True
2030,P0135,Liaoning,biomass,0.0,0.0,0.0,0.0,0.0,True
2030,P0135,Liaoning,beccs,0.0,0.0,0.0,0.0,0.0,True
2030,P0135,Liaoning,ammonia,0.0,0.0,0.0,0.0,0.0,True
2030,P0136,Inner Mongolia,unabated,1.0,4427720.0,3.6307304,0.0,0.0,True
2030,P0136,Inner Mongolia,retire,0.0,0.0,0.0,0.0,0.0,True
2030,P0136,Inner Mongolia,ccs,0.0,0.0,0.0,0.0,0.0,True
2030,P0136,Inner Mongolia,biomass,0.0,0.0,0.0,0.0,0.0,True
2030,P0136,Inner Mongolia,beccs,0.0,0.0,0.0,0.0,0.0,True
2030,P0136,Inner Mongolia,ammonia,0.0,0.0,0.0,0.0,0.0,True
2030,P0137,Xinjiang,unabated,1.0,7393679.999999999,6.062817599999999,0.0,0.0,True
2030,P0137,Xinjiang,retire,0.0,0.0,0.0,0.0,0.0,True
2030,P0137,Xinjiang,ccs,0.0,0.0,0.0,0.0,0.0,True
2030,P0137,Xinjiang,biomass,0.0,0.0,0.0,0.0,0.0,True
2030,P0137,Xinjiang,beccs,0.0,0.0,0.0,0.0,0.0,True
2030,P0137,Xinjiang,ammonia,0.0,0.0,0.0,0.0,0.0,True
2030,P0138,Jilin,unabated,1.0,4345680.000000001,3.5634576000000004,0.0,0.0,True
2030,P0138,Jilin,retire,0.0,0.0,0.0,0.0,0.0,True
2030,P0138,Jilin,ccs,0.0,0.0,0.0,0.0,0.0,True
2030,P0138,Jilin,biomass,0.0,0.0,0.0,0.0,0.0,True
2030,P0138,Jilin,beccs,0.0,0.0,0.0,0.0,0.0,True
2030,P0138,Jilin,ammonia,0.0,0.0,0.0,0.0,0.0,True
2030,P0139,Heilongjiang,unabated,1.0,4156807.5000000005,3.4085821500000004,0.0,0.0,True
2030,P0139,Heilongjiang,retire,0.0,0.0,0.0,0.0,0.0,True
2030,P0139,Heilongjiang,ccs,0.0,0.0,0.0,0.0,0.0,True
2030,P0139,Heilongjiang,biomass,0.0,0.0,0.0,0.0,0.0,True
2030,P0139,Heilongjiang,beccs,0.0,0.0,0.0,0.0,0.0,True
2030,P0139,Heilongjiang,ammonia,0.0,0.0,0.0,0.0,0.0,True
2030,P0140,Guangdong,unabated,1.0,55467916.0,45.483691119999996,0.0,0.0,True
2030,P0140,Guangdong,retire,0.0,0.0,0.0,0.0,0.0,True
2030,P0140,Guangdong,ccs,0.0,0.0,0.0,0.0,0.0,True
2030,P0140,Guangdong,biomass,0.0,0.0,0.0,0.0,0.0,True
2030,P0140,Guangdong,beccs,0.0,0.0,0.0,0.0,0.0,True
2030,P0140,Guangdong,ammonia,0.0,0.0,0.0,0.0,0.0,True
2030,P0141,Shandong,unabated,1.0,46881825.00000001,38.44309650000001,0.0,0.0,True
2030,P0141,Shandong,retire,0.0,0.0,0.0,0.0,0.0,True
2030,P0141,Shandong,ccs,0.0,0.0,0.0,0.0,0.0,True
2030,P0141,Shandong,biomass,0.0,0.0,0.0,0.0,0.0,True
2030,P0141,Shandong,beccs,0.0,0.0,0.0,0.0,0.0,True
2030,P0141,Shandong,ammonia,0.0,0.0,0.0,0.0,0.0,True
2030,P0142,Jiangsu,unabated,1.0,33453385.000000004,27.431775700000003,0.0,0.0,True
2030,P0142,Jiangsu,retire,0.0,0.0,0.0,0.0,0.0,True
2030,P0142,Jiangsu,ccs,0.0,0.0,0.0,0.0,0.0,True
2030,P0142,Jiangsu,biomass,0.0,0.0,0.0,0.0,0.0,True
2030,P0142,Jiangsu,beccs,0.0,0.0,0.0,0.0,0.0,True
2030,P0142,Jiangsu,ammonia,0.0,0.0,0.0,0.0,0.0,True
2030,P0143,Yunnan,unabated,1.0,11205499.999999998,9.188509999999997,0.0,0.0,True
2030,P0143,Yunnan,retire,0.0,0.0,0.0,0.0,0.0,True
2030,P0143,Yunnan,ccs,0.0,0.0,0.0,0.0,0.0,True
2030,P0143,Yunnan,biomass,0.0,0.0,0.0,0.0,0.0,True
2030,P0143,Yunnan,beccs,0.0,0.0,0.0,0.0,0.0,True
2030,P0143,Yunnan,ammonia,0.0,0.0,0.0,0.0,0.0,True
2030,P0144,Shanxi,unabated,1.0,32892597.499999996,26.971929949999996,0.0,0.0,True
2030,P0144,Shanxi,retire,0.0,0.0,0.0,0.0,0.0,True
2030,P0144,Shanxi,ccs,0.0,0.0,0.0,0.0,0.0,True
2030,P0144,Shanxi,biomass,0.0,0.0,0.0,0.0,0.0,True
2030,P0144,Shanxi,beccs,0.0,0.0,0.0,0.0,0.0,True
2030,P0144,Shanxi,ammonia,0.0,0.0,0.0,0.0,0.0,True
2030,P0145,Liaoning,unabated,1.0,8185847.999999999,6.712395359999999,0.0,0.0,True
2030,P0145,Liaoning,retire,0.0,0.0,0.0,0.0,0.0,True
2030,P0145,Liaoning,ccs,0.0,0.0,0.0,0.0,0.0,True
2030,P0145,Liaoning,biomass,0.0,0.0,0.0,0.0,0.0,True
2030,P0145,Liaoning,beccs,0.0,0.0,0.0,0.0,0.0,True
2030,P0145,Liaoning,ammonia,0.0,0.0,0.0,0.0,0.0,True
2030,P0146,Shanxi,unabated,1.0,19906850.0,16.323617,0.0,0.0,True
2030,P0146,Shanxi,retire,0.0,0.0,0.0,0.0,0.0,True
2030,P0146,Shanxi,ccs,0.0,0.0,0.0,0.0,0.0,True
2030,P0146,Shanxi,biomass,0.0,0.0,0.0,0.0,0.0,True
2030,P0146,Shanxi,beccs,0.0,0.0,0.0,0.0,0.0,True
2030,P0146,Shanxi,ammonia,0.0,0.0,0.0,0.0,0.0,True
2030,P0147,Inner Mongolia,unabated,1.0,15698279.999999998,12.872589599999998,0.0,0.0,True
2030,P0147,Inner Mongolia,retire,0.0,0.0,0.0,0.0,0.0,True
2030,P0147,Inner Mongolia,ccs,0.0,0.0,0.0,0.0,0.0,True
2030,P0147,Inner Mongolia,biomass,0.0,0.0,0.0,0.0,0.0,True
2030,P0147,Inner Mongolia,beccs,0.0,0.0,0.0,0.0,0.0,True
2030,P0147,Inner Mongolia,ammonia,0.0,0.0,0.0,0.0,0.0,True
2030,P0148,Shandong,unabated,1.0,9114699.000000002,7.47405318,0.0,0.0,True
2030,P0148,Shandong,retire,0.0,0.0,0.0,0.0,0.0,True
2030,P0148,Shandong,ccs,0.0,0.0,0.0,0.0,0.0,True
2030,P0148,Shandong,biomass,0.0,0.0,0.0,0.0,0.0,True
2030,P0148,Shandong,beccs,0.0,0.0,0.0,0.0,0.0,True
2030,P0148,Shandong,ammonia,0.0,0.0,0.0,0.0,0.0,True
2030,P0149,Shaanxi,unabated,1.0,42384920.0,34.7556344,0.0,0.0,True
2030,P0149,Shaanxi,retire,0.0,0.0,0.0,0.0,0.0,True
2030,P0149,Shaanxi,ccs,0.0,0.0,0.0,0.0,0.0,True
2030,P0149,Shaanxi,biomass,0.0,0.0,0.0,0.0,0.0,True
2030,P0149,Shaanxi,beccs,0.0,0.0,0.0,0.0,0.0,True
2030,P0149,Shaanxi,ammonia,0.0,0.0,0.0,0.0,0.0,True
2030,P0150,Guizhou,unabated,1.0,664594.0,0.5449670799999999,0.0,0.0,True
2030,P0150,Guizhou,retire,0.0,0.0,0.0,0.0,0.0,True
2030,P0150,Guizhou,ccs,0.0,0.0,0.0,0.0,0.0,True
2030,P0150,Guizhou,biomass,0.0,0.0,0.0,0.0,0.0,True
2030,P0150,Guizhou,beccs,0.0,0.0,0.0,0.0,0.0,True
2030,P0150,Guizhou,ammonia,0.0,0.0,0.0,0.0,0.0,True
2030,P0151,Shandong,unabated,1.0,16899262.500000004,13.857395250000001,0.0,0.0,True
2030,P0151,Shandong,retire,0.0,0.0,0.0,0.0,0.0,True
2030,P0151,Shandong,ccs,0.0,0.0,0.0,0.0,0.0,True
2030,P0151,Shandong,biomass,0.0,0.0,0.0,0.0,0.0,True
2030,P0151,Shandong,beccs,0.0,0.0,0.0,0.0,0.0,True
2030,P0151,Shandong,ammonia,0.0,0.0,0.0,0.0,0.0,True
2030,P0152,Guangdong,unabated,1.0,6426161.0,5.269452019999999,0.0,0.0,True
2030,P0152,Guangdong,retire,0.0,0.0,0.0,0.0,0.0,True
2030,P0152,Guangdong,ccs,0.0,0.0,0.0,0.0,0.0,True
2030,P0152,Guangdong,biomass,0.0,0.0,0.0,0.0,0.0,True
2030,P0152,Guangdong,beccs,0.0,0.0,0.0,0.0,0.0,True
2030,P0152,Guangdong,ammonia,0.0,0.0,0.0,0.0,0.0,True
2030,P0153,Heilongjiang,unabated,1.0,7391812.500000001,6.06128625,0.0,0.0,True
2030,P0153,Heilongjiang,retire,0.0,0.0,0.0,0.0,0.0,True
2030,P0153,Heilongjiang,ccs,0.0,0.0,0.0,0.0,0.0,True
2030,P0153,Heilongjiang,biomass,0.0,0.0,0.0,0.0,0.0,True
2030,P0153,Heilongjiang,beccs,0.0,0.0,0.0,0.0,0.0,True
2030,P0153,Heilongjiang,ammonia,0.0,0.0,0.0,0.0,0.0,True
2030,P0154,Tianjin,unabated,1.0,26537140.0,21.760454799999998,0.0,0.0,True
2030,P0154,Tianjin,retire,0.0,0.0,0.0,0.0,0.0,True
2030,P0154,Tianjin,ccs,0.0,0.0,0.0,0.0,0.0,True
2030,P0154,Tianjin,biomass,0.0,0.0,0.0,0.0,0.0,True
2030,P0154,Tianjin,beccs,0.0,0.0,0.0,0.0,0.0,True
2030,P0154,Tianjin,ammonia,0.0,0.0,0.0,0.0,0.0,True
2030,P0155,Shanxi,unabated,1.0,14175528.999999998,11.623933779999998,0.0,0.0,True
2030,P0155,Shanxi,retire,0.0,0.0,0.0,0.0,0.0,True
2030,P0155,Shanxi,ccs,0.0,0.0,0.0,0.0,0.0,True
2030,P0155,Shanxi,biomass,0.0,0.0,0.0,0.0,0.0,True
2030,P0155,Shanxi,beccs,0.0,0.0,0.0,0.0,0.0,True
2030,P0155,Shanxi,ammonia,0.0,0.0,0.0,0.0,0.0,True
2030,P0156,Yunnan,unabated,1.0,2689319.9999999995,2.2052423999999995,0.0,0.0,True
2030,P0156,Yunnan,retire,0.0,0.0,0.0,0.0,0.0,True
2030,P0156,Yunnan,ccs,0.0,0.0,0.0,0.0,0.0,True
2030,P0156,Yunnan,biomass,0.0,0.0,0.0,0.0,0.0,True
2030,P0156,Yunnan,beccs,0.0,0.0,0.0,0.0,0.0,True
2030,P0156,Yunnan,ammonia,0.0,0.0,0.0,0.0,0.0,True
2030,P0157,Guizhou,unabated,1.0,24495036.0,20.08592952,0.0,0.0,True
2030,P0157,Guizhou,retire,0.0,0.0,0.0,0.0,0.0,True
2030,P0157,Guizhou,ccs,0.0,0.0,0.0,0.0,0.0,True
2030,P0157,Guizhou,biomass,0.0,0.0,0.0,0.0,0.0,True
2030,P0157,Guizhou,beccs,0.0,0.0,0.0,0.0,0.0,True
2030,P0157,Guizhou,ammonia,0.0,0.0,0.0,0.0,0.0,True
2030,P0158,Guangxi,unabated,1.0,7299565.0,5.9856432999999996,0.0,0.0,True
2030,P0158,Guangxi,retire,0.0,0.0,0.0,0.0,0.0,True
2030,P0158,Guangxi,ccs,0.0,0.0,0.0,0.0,0.0,True
2030,P0158,Guangxi,biomass,0.0,0.0,0.0,0.0,0.0,True
2030,P0158,Guangxi,beccs,0.0,0.0,0.0,0.0,0.0,True
2030,P0158,Guangxi,ammonia,0.0,0.0,0.0,0.0,0.0,True
2030,P0159,Fujian,unabated,1.0,17480341.999999996,14.333880439999996,0.0,0.0,True
2030,P0159,Fujian,retire,0.0,0.0,0.0,0.0,0.0,True
2030,P0159,Fujian,ccs,0.0,0.0,0.0,0.0,0.0,True
2030,P0159,Fujian,biomass,0.0,0.0,0.0,0.0,0.0,True
2030,P0159,Fujian,beccs,0.0,0.0,0.0,0.0,0.0,True
2030,P0159,Fujian,ammonia,0.0,0.0,0.0,0.0,0.0,True
2030,P0160,Hubei,unabated,1.0,16573231.999999998,13.590050239999998,0.0,0.0,True
2030,P0160,Hubei,retire,0.0,0.0,0.0,0.0,0.0,True
2030,P0160,Hubei,ccs,0.0,0.0,0.0,0.0,0.0,True
2030,P0160,Hubei,biomass,0.0,0.0,0.0,0.0,0.0,True
2030,P0160,Hubei,beccs,0.0,0.0,0.0,0.0,0.0,True
2030,P0160,Hubei,ammonia,0.0,0.0,0.0,0.0,0.0,True
2030,P0161,Zhejiang,unabated,1.0,2629267.5,2.15599935,0.0,0.0,True
2030,P0161,Zhejiang,retire,0.0,0.0,0.0,0.0,0.0,True
2030,P0161,Zhejiang,ccs,0.0,0.0,0.0,0.0,0.0,True
2030,P0161,Zhejiang,biomass,0.0,0.0,0.0,0.0,0.0,True
2030,P0161,Zhejiang,beccs,0.0,0.0,0.0,0.0,0.0,True
2030,P0161,Zhejiang,ammonia,0.0,0.0,0.0,0.0,0.0,True
2030,P0162,Shandong,unabated,1.0,5974707.0,4.899259739999999,0.0,0.0,True
2030,P0162,Shandong,retire,0.0,0.0,0.0,0.0,0.0,True
2030,P0162,Shandong,ccs,0.0,0.0,0.0,0.0,0.0,True
2030,P0162,Shandong,biomass,0.0,0.0,0.0,0.0,0.0,True
2030,P0162,Shandong,beccs,0.0,0.0,0.0,0.0,0.0,True
2030,P0162,Shandong,ammonia,0.0,0.0,0.0,0.0,0.0,True
2030,P0163,Hebei,unabated,1.0,11583260.0,9.4982732,0.0,0.0,True
2030,P0163,Hebei,retire,0.0,0.0,0.0,0.0,0.0,True
2030,P0163,Hebei,ccs,0.0,0.0,0.0,0.0,0.0,True
2030,P0163,Hebei,biomass,0.0,0.0,0.0,0.0,0.0,True
2030,P0163,Hebei,beccs,0.0,0.0,0.0,0.0,0.0,True
2030,P0163,Hebei,ammonia,0.0,0.0,0.0,0.0,0.0,True
2030,P0164,Hunan,unabated,1.0,12502080.0,10.2517056,0.0,0.0,True
2030,P0164,Hunan,retire,0.0,0.0,0.0,0.0,0.0,True
2030,P0164,Hunan,ccs,0.0,0.0,0.0,0.0,0.0,True
2030,P0164,Hunan,biomass,0.0,0.0,0.0,0.0,0.0,True
2030,P0164,Hunan,beccs,0.0,0.0,0.0,0.0,0.0,True
2030,P0164,Hunan,ammonia,0.0,0.0,0.0,0.0,0.0,True
2030,P0165,Hebei,unabated,1.0,5346120.0,4.383818399999999,0.0,0.0,True
2030,P0165,Hebei,retire,0.0,0.0,0.0,0.0,0.0,True
2030,P0165,Hebei,ccs,0.0,0.0,0.0,0.0,0.0,True
2030,P0165,Hebei,biomass,0.0,0.0,0.0,0.0,0.0,True
2030,P0165,Hebei,beccs,0.0,0.0,0.0,0.0,0.0,True
2030,P0165,Hebei,ammonia,0.0,0.0,0.0,0.0,0.0,True
2030,P0166,Guangxi,unabated,1.0,8807344.0,7.2220220799999995,0.0,0.0,True
2030,P0166,Guangxi,retire,0.0,0.0,0.0,0.0,0.0,True
2030,P0166,Guangxi,ccs,0.0,0.0,0.0,0.0,0.0,True
2030,P0166,Guangxi,biomass,0.0,0.0,0.0,0.0,0.0,True
2030,P0166,Guangxi,beccs,0.0,0.0,0.0,0.0,0.0,True
2030,P0166,Guangxi,ammonia,0.0,0.0,0.0,0.0,0.0,True
2030,P0167,Shandong,unabated,1.0,52621032.60000001,43.14924673200001,0.0,0.0,True
2030,P0167,Shandong,retire,0.0,0.0,0.0,0.0,0.0,True
2030,P0167,Shandong,ccs,0.0,0.0,0.0,0.0,0.0,True
2030,P0167,Shandong,biomass,0.0,0.0,0.0,0.0,0.0,True
2030,P0167,Shandong,beccs,0.0,0.0,0.0,0.0,0.0,True
2030,P0167,Shandong,ammonia,0.0,0.0,0.0,0.0,0.0,True
2030,P0168,Xinjiang,unabated,1.0,8555543.999999998,7.015546079999998,0.0,0.0,True
2030,P0168,Xinjiang,retire,0.0,0.0,0.0,0.0,0.0,True
2030,P0168,Xinjiang,ccs,0.0,0.0,0.0,0.0,0.0,True
2030,P0168,Xinjiang,biomass,0.0,0.0,0.0,0.0,0.0,True
2030,P0168,Xinjiang,beccs,0.0,0.0,0.0,0.0,0.0,True
2030,P0168,Xinjiang,ammonia,0.0,0.0,0.0,0.0,0.0,True
2030,P0169,Guizhou,unabated,1.0,7120650.0,5.838933,0.0,0.0,True
2030,P0169,Guizhou,retire,0.0,0.0,0.0,0.0,0.0,True
2030,P0169,Guizhou,ccs,0.0,0.0,0.0,0.0,0.0,True
2030,P0169,Guizhou,biomass,0.0,0.0,0.0,0.0,0.0,True
2030,P0169,Guizhou,beccs,0.0,0.0,0.0,0.0,0.0,True
2030,P0169,Guizhou,ammonia,0.0,0.0,0.0,0.0,0.0,True
2030,P0170,Shandong,unabated,1.0,33013527.000000004,27.07109214,0.0,0.0,True
2030,P0170,Shandong,retire,0.0,0.0,0.0,0.0,0.0,True
2030,P0170,Shandong,ccs,0.0,0.0,0.0,0.0,0.0,True
2030,P0170,Shandong,biomass,0.0,0.0,0.0,0.0,0.0,True
2030,P0170,Shandong,beccs,0.0,0.0,0.0,0.0,0.0,True
2030,P0170,Shandong,ammonia,0.0,0.0,0.0,0.0,0.0,True
2030,P0171,Shaanxi,unabated,1.0,15202300.0,12.465886,0.0,0.0,True
2030,P0171,Shaanxi,retire,0.0,0.0,0.0,0.0,0.0,True
2030,P0171,Shaanxi,ccs,0.0,0.0,0.0,0.0,0.0,True
2030,P0171,Shaanxi,biomass,0.0,0.0,0.0,0.0,0.0,True
2030,P0171,Shaanxi,beccs,0.0,0.0,0.0,0.0,0.0,True
2030,P0171,Shaanxi,ammonia,0.0,0.0,0.0,0.0,0.0,True
2030,P0172,Sichuan,unabated,1.0,16288263.999999998,13.356376479999998,0.0,0.0,True
2030,P0172,Sichuan,retire,0.0,0.0,0.0,0.0,0.0,True
2030,P0172,Sichuan,ccs,0.0,0.0,0.0,0.0,0.0,True
2030,P0172,Sichuan,biomass,0.0,0.0,0.0,0.0,0.0,True
2030,P0172,Sichuan,beccs,0.0,0.0,0.0,0.0,0.0,True
2030,P0172,Sichuan,ammonia,0.0,0.0,0.0,0.0,0.0,True
2030,P0173,Ningxia,unabated,1.0,26644024.0,21.84809968,0.0,0.0,True
2030,P0173,Ningxia,retire,0.0,0.0,0.0,0.0,0.0,True
2030,P0173,Ningxia,ccs,0.0,0.0,0.0,0.0,0.0,True
2030,P0173,Ningxia,biomass,0.0,0.0,0.0,0.0,0.0,True
2030,P0173,Ningxia,beccs,0.0,0.0,0.0,0.0,0.0,True
2030,P0173,Ningxia,ammonia,0.0,0.0,0.0,0.0,0.0,True
2030,P0174,Shanxi,unabated,1.0,37452655.0,30.711177099999997,0.0,0.0,True
2030,P0174,Shanxi,retire,0.0,0.0,0.0,0.0,0.0,True
2030,P0174,Shanxi,ccs,0.0,0.0,0.0,0.0,0.0,True
2030,P0174,Shanxi,biomass,0.0,0.0,0.0,0.0,0.0,True
2030,P0174,Shanxi,beccs,0.0,0.0,0.0,0.0,0.0,True
2030,P0174,Shanxi,ammonia,0.0,0.0,0.0,0.0,0.0,True
2030,P0175,Guizhou,unabated,1.0,8544780.0,7.006719599999999,0.0,0.0,True
2030,P0175,Guizhou,retire,0.0,0.0,0.0,0.0,0.0,True
2030,P0175,Guizhou,ccs,0.0,0.0,0.0,0.0,0.0,True
2030,P0175,Guizhou,biomass,0.0,0.0,0.0,0.0,0.0,True
2030,P0175,Guizhou,beccs,0.0,0.0,0.0,0.0,0.0,True
2030,P0175,Guizhou,ammonia,0.0,0.0,0.0,0.0,0.0,True
2030,P0176,Hubei,unabated,1.0,17623120.0,14.4509584,0.0,0.0,True
2030,P0176,Hubei,retire,0.0,0.0,0.0,0.0,0.0,True
2030,P0176,Hubei,ccs,0.0,0.0,0.0,0.0,0.0,True
2030,P0176,Hubei,biomass,0.0,0.0,0.0,0.0,0.0,True
2030,P0176,Hubei,beccs,0.0,0.0,0.0,0.0,0.0,True
2030,P0176,Hubei,ammonia,0.0,0.0,0.0,0.0,0.0,True
2030,P0177,Jilin,unabated,1.0,7460084.0,6.11726888,0.0,0.0,True
2030,P0177,Jilin,retire,0.0,0.0,0.0,0.0,0.0,True
2030,P0177,Jilin,ccs,0.0,0.0,0.0,0.0,0.0,True
2030,P0177,Jilin,biomass,0.0,0.0,0.0,0.0,0.0,True
2030,P0177,Jilin,beccs,0.0,0.0,0.0,0.0,0.0,True
2030,P0177,Jilin,ammonia,0.0,0.0,0.0,0.0,0.0,True
2030,P0178,Shaanxi,unabated,1.0,6353200.0,5.209624,0.0,0.0,True
2030,P0178,Shaanxi,retire,0.0,0.0,0.0,0.0,0.0,True
2030,P0178,Shaanxi,ccs,0.0,0.0,0.0,0.0,0.0,True
2030,P0178,Shaanxi,biomass,0.0,0.0,0.0,0.0,0.0,True
2030,P0178,Shaanxi,beccs,0.0,0.0,0.0,0.0,0.0,True
2030,P0178,Shaanxi,ammonia,0.0,0.0,0.0,0.0,0.0,True
2030,P0179,Fujian,unabated,1.0,32038749.999999996,26.271774999999995,0.0,0.0,True
2030,P0179,Fujian,retire,0.0,0.0,0.0,0.0,0.0,True
2030,P0179,Fujian,ccs,0.0,0.0,0.0,0.0,0.0,True
2030,P0179,Fujian,biomass,0.0,0.0,0.0,0.0,0.0,True
2030,P0179,Fujian,beccs,0.0,0.0,0.0,0.0,0.0,True
2030,P0179,Fujian,ammonia,0.0,0.0,0.0,0.0,0.0,True
2030,P0180,Inner Mongolia,unabated,1.0,7547250.0,6.188745,0.0,0.0,True
2030,P0180,Inner Mongolia,retire,0.0,0.0,0.0,0.0,0.0,True
2030,P0180,Inner Mongolia,ccs,0.0,0.0,0.0,0.0,0.0,True
2030,P0180,Inner Mongolia,biomass,0.0,0.0,0.0,0.0,0.0,True
2030,P0180,Inner Mongolia,beccs,0.0,0.0,0.0,0.0,0.0,True
2030,P0180,Inner Mongolia,ammonia,0.0,0.0,0.0,0.0,0.0,True
2030,P0181,Xinjiang,unabated,1.0,22999625.999999996,18.859693319999998,0.0,0.0,True
2030,P0181,Xinjiang,retire,0.0,0.0,0.0,0.0,0.0,True
2030,P0181,Xinjiang,ccs,0.0,0.0,0.0,0.0,0.0,True
2030,P0181,Xinjiang,biomass,0.0,0.0,0.0,0.0,0.0,True
2030,P0181,Xinjiang,beccs,0.0,0.0,0.0,0.0,0.0,True
2030,P0181,Xinjiang,ammonia,0.0,0.0,0.0,0.0,0.0,True
2030,P0182,Jiangxi,unabated,1.0,27707083.2,22.719808224,0.0,0.0,True
2030,P0182,Jiangxi,retire,0.0,0.0,0.0,0.0,0.0,True
2030,P0182,Jiangxi,ccs,0.0,0.0,0.0,0.0,0.0,True
2030,P0182,Jiangxi,biomass,0.0,0.0,0.0,0.0,0.0,True
2030,P0182,Jiangxi,beccs,0.0,0.0,0.0,0.0,0.0,True
2030,P0182,Jiangxi,ammonia,0.0,0.0,0.0,0.0,0.0,True
2030,P0183,Xinjiang,unabated,1.0,1425923.9999999998,1.1692576799999996,0.0,0.0,True
2030,P0183,Xinjiang,retire,0.0,0.0,0.0,0.0,0.0,True
2030,P0183,Xinjiang,ccs,0.0,0.0,0.0,0.0,0.0,True
2030,P0183,Xinjiang,biomass,0.0,0.0,0.0,0.0,0.0,True
2030,P0183,Xinjiang,beccs,0.0,0.0,0.0,0.0,0.0,True
2030,P0183,Xinjiang,ammonia,0.0,0.0,0.0,0.0,0.0,True
2030,P0184,Shandong,unabated,1.0,28303539.000000004,23.20890198,0.0,0.0,True
2030,P0184,Shandong,retire,0.0,0.0,0.0,0.0,0.0,True
2030,P0184,Shandong,ccs,0.0,0.0,0.0,0.0,0.0,True
2030,P0184,Shandong,biomass,0.0,0.0,0.0,0.0,0.0,True
2030,P0184,Shandong,beccs,0.0,0.0,0.0,0.0,0.0,True
2030,P0184,Shandong,ammonia,0.0,0.0,0.0,0.0,0.0,True
2030,P0185,Guizhou,unabated,1.0,7120650.0,5.838933,0.0,0.0,True
2030,P0185,Guizhou,retire,0.0,0.0,0.0,0.0,0.0,True
2030,P0185,Guizhou,ccs,0.0,0.0,0.0,0.0,0.0,True
2030,P0185,Guizhou,biomass,0.0,0.0,0.0,0.0,0.0,True
2030,P0185,Guizhou,beccs,0.0,0.0,0.0,0.0,0.0,True
2030,P0185,Guizhou,ammonia,0.0,0.0,0.0,0.0,0.0,True
2030,P0186,Ningxia,unabated,1.0,24108865.0,19.769269299999998,0.0,0.0,True
2030,P0186,Ningxia,retire,0.0,0.0,0.0,0.0,0.0,True
2030,P0186,Ningxia,ccs,0.0,0.0,0.0,0.0,0.0,True
2030,P0186,Ningxia,biomass,0.0,0.0,0.0,0.0,0.0,True
2030,P0186,Ningxia,beccs,0.0,0.0,0.0,0.0,0.0,True
2030,P0186,Ningxia,ammonia,0.0,0.0,0.0,0.0,0.0,True
2030,P0187,Inner Mongolia,unabated,1.0,1006300.0,0.825166,0.0,0.0,True
2030,P0187,Inner Mongolia,retire,0.0,0.0,0.0,0.0,0.0,True
2030,P0187,Inner Mongolia,ccs,0.0,0.0,0.0,0.0,0.0,True
2030,P0187,Inner Mongolia,biomass,0.0,0.0,0.0,0.0,0.0,True
2030,P0187,Inner Mongolia,beccs,0.0,0.0,0.0,0.0,0.0,True
2030,P0187,Inner Mongolia,ammonia,0.0,0.0,0.0,0.0,0.0,True
2030,P0188,Xinjiang,unabated,1.0,21124800.0,17.322336,0.0,0.0,True
2030,P0188,Xinjiang,retire,0.0,0.0,0.0,0.0,0.0,True
2030,P0188,Xinjiang,ccs,0.0,0.0,0.0,0.0,0.0,True
2030,P0188,Xinjiang,biomass,0.0,0.0,0.0,0.0,0.0,True
2030,P0188,Xinjiang,beccs,0.0,0.0,0.0,0.0,0.0,True
2030,P0188,Xinjiang,ammonia,0.0,0.0,0.0,0.0,0.0,True
2030,P0189,Yunnan,unabated,1.0,4482200.0,3.675404,0.0,0.0,True
2030,P0189,Yunnan,retire,0.0,0.0,0.0,0.0,0.0,True
2030,P0189,Yunnan,ccs,0.0,0.0,0.0,0.0,0.0,True
2030,P0189,Yunnan,biomass,0.0,0.0,0.0,0.0,0.0,True
2030,P0189,Yunnan,beccs,0.0,0.0,0.0,0.0,0.0,True
2030,P0189,Yunnan,ammonia,0.0,0.0,0.0,0.0,0.0,True
2030,P0190,Jiangsu,unabated,1.0,11234720.0,9.2124704,0.0,0.0,True
2030,P0190,Jiangsu,retire,0.0,0.0,0.0,0.0,0.0,True
2030,P0190,Jiangsu,ccs,0.0,0.0,0.0,0.0,0.0,True
2030,P0190,Jiangsu,biomass,0.0,0.0,0.0,0.0,0.0,True
2030,P0190,Jiangsu,beccs,0.0,0.0,0.0,0.0,0.0,True
2030,P0190,Jiangsu,ammonia,0.0,0.0,0.0,0.0,0.0,True
2030,P0191,Hunan,unabated,1.0,8204490.0,6.7276818,0.0,0.0,True
2030,P0191,Hunan,retire,0.0,0.0,0.0,0.0,0.0,True
2030,P0191,Hunan,ccs,0.0,0.0,0.0,0.0,0.0,True
2030,P0191,Hunan,biomass,0.0,0.0,0.0,0.0,0.0,True
2030,P0191,Hunan,beccs,0.0,0.0,0.0,0.0,0.0,True
2030,P0191,Hunan,ammonia,0.0,0.0,0.0,0.0,0.0,True
2030,P0192,Shaanxi,unabated,1.0,15519960.0,12.726367199999999,0.0,0.0,True
2030,P0192,Shaanxi,retire,0.0,0.0,0.0,0.0,0.0,True
2030,P0192,Shaanxi,ccs,0.0,0.0,0.0,0.0,0.0,True
2030,P0192,Shaanxi,biomass,0.0,0.0,0.0,0.0,0.0,True
2030,P0192,Shaanxi,beccs,0.0,0.0,0.0,0.0,0.0,True
2030,P0192,Shaanxi,ammonia,0.0,0.0,0.0,0.0,0.0,True
2030,P0193,Guangxi,unabated,1.0,6557642.0,5.37726644,0.0,0.0,True
2030,P0193,Guangxi,retire,0.0,0.0,0.0,0.0,0.0,True
2030,P0193,Guangxi,ccs,0.0,0.0,0.0,0.0,0.0,True
2030,P0193,Guangxi,biomass,0.0,0.0,0.0,0.0,0.0,True
2030,P0193,Guangxi,beccs,0.0,0.0,0.0,0.0,0.0,True
2030,P0193,Guangxi,ammonia,0.0,0.0,0.0,0.0,0.0,True
2030,P0194,Shaanxi,unabated,1.0,2995080.0,2.4559655999999994,0.0,0.0,True
2030,P0194,Shaanxi,retire,0.0,0.0,0.0,0.0,0.0,True
2030,P0194,Shaanxi,ccs,0.0,0.0,0.0,0.0,0.0,True
2030,P0194,Shaanxi,biomass,0.0,0.0,0.0,0.0,0.0,True
2030,P0194,Shaanxi,beccs,0.0,0.0,0.0,0.0,0.0,True
2030,P0194,Shaanxi,ammonia,0.0,0.0,0.0,0.0,0.0,True
2030,P0195,Sichuan,unabated,1.0,2997839.9999999995,2.458228799999999,0.0,0.0,True
2030,P0195,Sichuan,retire,0.0,0.0,0.0,0.0,0.0,True
2030,P0195,Sichuan,ccs,0.0,0.0,0.0,0.0,0.0,True
2030,P0195,Sichuan,biomass,0.0,0.0,0.0,0.0,0.0,True
2030,P0195,Sichuan,beccs,0.0,0.0,0.0,0.0,0.0,True
2030,P0195,Sichuan,ammonia,0.0,0.0,0.0,0.0,0.0,True
2030,P0196,Xinjiang,unabated,1.0,633743.9999999999,0.5196700799999999,0.0,0.0,True
2030,P0196,Xinjiang,retire,0.0,0.0,0.0,0.0,0.0,True
2030,P0196,Xinjiang,ccs,0.0,0.0,0.0,0.0,0.0,True
2030,P0196,Xinjiang,biomass,0.0,0.0,0.0,0.0,0.0,True
2030,P0196,Xinjiang,beccs,0.0,0.0,0.0,0.0,0.0,True
2030,P0196,Xinjiang,ammonia,0.0,0.0,0.0,0.0,0.0,True
2030,P0197,Fujian,unabated,1.0,6766584.0,5.54859888,0.0,0.0,True
2030,P0197,Fujian,retire,0.0,0.0,0.0,0.0,0.0,True
2030,P0197,Fujian,ccs,0.0,0.0,0.0,0.0,0.0,True
2030,P0197,Fujian,biomass,0.0,0.0,0.0,0.0,0.0,True
2030,P0197,Fujian,beccs,0.0,0.0,0.0,0.0,0.0,True
2030,P0197,Fujian,ammonia,0.0,0.0,0.0,0.0,0.0,True
2030,P0198,Gansu,unabated,1.0,2765136.0,2.26741152,0.0,0.0,True
2030,P0198,Gansu,retire,0.0,0.0,0.0,0.0,0.0,True
2030,P0198,Gansu,ccs,0.0,0.0,0.0,0.0,0.0,True
2030,P0198,Gansu,biomass,0.0,0.0,0.0,0.0,0.0,True
2030,P0198,Gansu,beccs,0.0,0.0,0.0,0.0,0.0,True
2030,P0198,Gansu,ammonia,0.0,0.0,0.0,0.0,0.0,True
2030,P0199,Inner Mongolia,unabated,1.0,1308190.0,1.0727158,0.0,0.0,True
2030,P0199,Inner Mongolia,retire,0.0,0.0,0.0,0.0,0.0,True
2030,P0199,Inner Mongolia,ccs,0.0,0.0,0.0,0.0,0.0,True
2030,P0199,Inner Mongolia,biomass,0.0,0.0,0.0,0.0,0.0,True
2030,P0199,Inner Mongolia,beccs,0.0,0.0,0.0,0.0,0.0,True
2030,P0199,Inner Mongolia,ammonia,0.0,0.0,0.0,0.0,0.0,True
2030,P0200,Xinjiang,unabated,1.0,10668023.999999998,8.747779679999997,0.0,0.0,True
2030,P0200,Xinjiang,retire,0.0,0.0,0.0,0.0,0.0,True
2030,P0200,Xinjiang,ccs,0.0,0.0,0.0,0.0,0.0,True
2030,P0200,Xinjiang,biomass,0.0,0.0,0.0,0.0,0.0,True
2030,P0200,Xinjiang,beccs,0.0,0.0,0.0,0.0,0.0,True
2030,P0200,Xinjiang,ammonia,0.0,0.0,0.0,0.0,0.0,True
2030,P0201,Heilongjiang,unabated,1.0,2434950.0000000005,1.9966590000000002,0.0,0.0,True
2030,P0201,Heilongjiang,retire,0.0,0.0,0.0,0.0,0.0,True
2030,P0201,Heilongjiang,ccs,0.0,0.0,0.0,0.0,0.0,True
2030,P0201,Heilongjiang,biomass,0.0,0.0,0.0,0.0,0.0,True
2030,P0201,Heilongjiang,beccs,0.0,0.0,0.0,0.0,0.0,True
2030,P0201,Heilongjiang,ammonia,0.0,0.0,0.0,0.0,0.0,True
2030,P0202,Jiangxi,unabated,1.0,9151488.0,7.504220159999999,0.0,0.0,True
2030,P0202,Jiangxi,retire,0.0,0.0,0.0,0.0,0.0,True
2030,P0202,Jiangxi,ccs,0.0,0.0,0.0,0.0,0.0,True
2030,P0202,Jiangxi,biomass,0.0,0.0,0.0,0.0,0.0,True
2030,P0202,Jiangxi,beccs,0.0,0.0,0.0,0.0,0.0,True
2030,P0202,Jiangxi,ammonia,0.0,0.0,0.0,0.0,0.0,True
2030,P0203,Inner Mongolia,unabated,1.0,6792524.999999999,5.5698704999999995,0.0,0.0,True
2030,P0203,Inner Mongolia,retire,0.0,0.0,0.0,0.0,0.0,True
2030,P0203,Inner Mongolia,ccs,0.0,0.0,0.0,0.0,0.0,True
2030,P0203,Inner Mongolia,biomass,0.0,0.0,0.0,0.0,0.0,True
2030,P0203,Inner Mongolia,beccs,0.0,0.0,0.0,0.0,0.0,True
2030,P0203,Inner Mongolia,ammonia,0.0,0.0,0.0,0.0,0.0,True
2030,P0204,Heilongjiang,unabated,1.0,2434950.0000000005,1.9966590000000002,0.0,0.0,True
2030,P0204,Heilongjiang,retire,0.0,0.0,0.0,0.0,0.0,True
2030,P0204,Heilongjiang,ccs,0.0,0.0,0.0,0.0,0.0,True
2030,P0204,Heilongjiang,biomass,0.0,0.0,0.0,0.0,0.0,True
2030,P0204,Heilongjiang,beccs,0.0,0.0,0.0,0.0,0.0,True
2030,P0204,Heilongjiang,ammonia,0.0,0.0,0.0,0.0,0.0,True
2030,P0205,Inner Mongolia,unabated,1.0,3018899.9999999995,2.4754979999999995,0.0,0.0,True
2030,P0205,Inner Mongolia,retire,0.0,0.0,0.0,0.0,0.0,True
2030,P0205,Inner Mongolia,ccs,0.0,0.0,0.0,0.0,0.0,True
2030,P0205,Inner Mongolia,biomass,0.0,0.0,0.0,0.0,0.0,True
2030,P0205,Inner Mongolia,beccs,0.0,0.0,0.0,0.0,0.0,True
2030,P0205,Inner Mongolia,ammonia,0.0,0.0,0.0,0.0,0.0,True
2030,P0206,Hubei,unabated,1.0,3937080.0,3.2284055999999994,0.0,0.0,True
2030,P0206,Hubei,retire,0.0,0.0,0.0,0.0,0.0,True
2030,P0206,Hubei,ccs,0.0,0.0,0.0,0.0,0.0,True
2030,P0206,Hubei,biomass,0.0,0.0,0.0,0.0,0.0,True
2030,P0206,Hubei,beccs,0.0,0.0,0.0,0.0,0.0,True
2030,P0206,Hubei,ammonia,0.0,0.0,0.0,0.0,0.0,True
2030,P0207,Xinjiang,unabated,1.0,47530800.0,38.975256,0.0,0.0,True
2030,P0207,Xinjiang,retire,0.0,0.0,0.0,0.0,0.0,True
2030,P0207,Xinjiang,ccs,0.0,0.0,0.0,0.0,0.0,True
2030,P0207,Xinjiang,biomass,0.0,0.0,0.0,0.0,0.0,True
2030,P0207,Xinjiang,beccs,0.0,0.0,0.0,0.0,0.0,True
2030,P0207,Xinjiang,ammonia,0.0,0.0,0.0,0.0,0.0,True
2030,P0208,Sichuan,unabated,1.0,1648811.9999999998,1.3520258399999996,0.0,0.0,True
2030,P0208,Sichuan,retire,0.0,0.0,0.0,0.0,0.0,True
2030,P0208,Sichuan,ccs,0.0,0.0,0.0,0.0,0.0,True
2030,P0208,Sichuan,biomass,0.0,0.0,0.0,0.0,0.0,True
2030,P0208,Sichuan,beccs,0.0,0.0,0.0,0.0,0.0,True
2030,P0208,Sichuan,ammonia,0.0,0.0,0.0,0.0,0.0,True
2030,P0209,Zhejiang,unabated,1.0,13284720.000000002,10.8934704,0.0,0.0,True
2030,P0209,Zhejiang,retire,0.0,0.0,0.0,0.0,0.0,True
2030,P0209,Zhejiang,ccs,0.0,0.0,0.0,0.0,0.0,True
2030,P0209,Zhejiang,biomass,0.0,0.0,0.0,0.0,0.0,True
2030,P0209,Zhejiang,beccs,0.0,0.0,0.0,0.0,0.0,True
2030,P0209,Zhejiang,ammonia,0.0,0.0,0.0,0.0,0.0,True
2030,P0210,Anhui,unabated,1.0,6708372.000000001,5.50086504,0.0,0.0,True
2030,P0210,Anhui,retire,0.0,0.0,0.0,0.0,0.0,True
2030,P0210,Anhui,ccs,0.0,0.0,0.0,0.0,0.0,True
2030,P0210,Anhui,biomass,0.0,0.0,0.0,0.0,0.0,True
2030,P0210,Anhui,beccs,0.0,0.0,0.0,0.0,0.0,True
2030,P0210,Anhui,ammonia,0.0,0.0,0.0,0.0,0.0,True
2030,P0211,Henan,unabated,1.0,4535496.0,3.7191067199999996,0.0,0.0,True
2030,P0211,Henan,retire,0.0,0.0,0.0,0.0,0.0,True
2030,P0211,Henan,ccs,0.0,0.0,0.0,0.0,0.0,True
2030,P0211,Henan,biomass,0.0,0.0,0.0,0.0,0.0,True
2030,P0211,Henan,beccs,0.0,0.0,0.0,0.0,0.0,True
2030,P0211,Henan,ammonia,0.0,0.0,0.0,0.0,0.0,True
2030,P0212,Gansu,unabated,1.0,11102440.0,9.1040008,0.0,0.0,True
2030,P0212,Gansu,retire,0.0,0.0,0.0,0.0,0.0,True
2030,P0212,Gansu,ccs,0.0,0.0,0.0,0.0,0.0,True
2030,P0212,Gansu,biomass,0.0,0.0,0.0,0.0,0.0,True
2030,P0212,Gansu,beccs,0.0,0.0,0.0,0.0,0.0,True
2030,P0212,Gansu,ammonia,0.0,0.0,0.0,0.0,0.0,True
2030,P0213,Hubei,unabated,1.0,13761032.0,11.28404624,0.0,0.0,True
2030,P0213,Hubei,retire,0.0,0.0,0.0,0.0,0.0,True
2030,P0213,Hubei,ccs,0.0,0.0,0.0,0.0,0.0,True
2030,P0213,Hubei,biomass,0.0,0.0,0.0,0.0,0.0,True
2030,P0213,Hubei,beccs,0.0,0.0,0.0,0.0,0.0,True
2030,P0213,Hubei,ammonia,0.0,0.0,0.0,0.0,0.0,True
2030,P0214,Xinjiang,unabated,1.0,5096358.0,4.17901356,0.0,0.0,True
2030,P0214,Xinjiang,retire,0.0,0.0,0.0,0.0,0.0,True
2030,P0214,Xinjiang,ccs,0.0,0.0,0.0,0.0,0.0,True
2030,P0214,Xinjiang,biomass,0.0,0.0,0.0,0.0,0.0,True
2030,P0214,Xinjiang,beccs,0.0,0.0,0.0,0.0,0.0,True
2030,P0214,Xinjiang,ammonia,0.0,0.0,0.0,0.0,0.0,True
2030,P0215,Hebei,unabated,1.0,5880732.000000001,4.82220024,0.0,0.0,True
2030,P0215,Hebei,retire,0.0,0.0,0.0,0.0,0.0,True
2030,P0215,Hebei,ccs,0.0,0.0,0.0,0.0,0.0,True
2030,P0215,Hebei,biomass,0.0,0.0,0.0,0.0,0.0,True
2030,P0215,Hebei,beccs,0.0,0.0,0.0,0.0,0.0,True
2030,P0215,Hebei,ammonia,0.0,0.0,0.0,0.0,0.0,True
2030,P0216,Heilongjiang,unabated,1.0,347850.0,0.285237,0.0,0.0,True
2030,P0216,Heilongjiang,retire,0.0,0.0,0.0,0.0,0.0,True
2030,P0216,Heilongjiang,ccs,0.0,0.0,0.0,0.0,0.0,True
2030,P0216,Heilongjiang,biomass,0.0,0.0,0.0,0.0,0.0,True
2030,P0216,Heilongjiang,beccs,0.0,0.0,0.0,0.0,0.0,True
2030,P0216,Heilongjiang,ammonia,0.0,0.0,0.0,0.0,0.0,True
2030,P0217,Hainan,unabated,1.0,1509270.0,1.2376014,0.0,0.0,True
2030,P0217,Hainan,retire,0.0,0.0,0.0,0.0,0.0,True
2030,P0217,Hainan,ccs,0.0,0.0,0.0,0.0,0.0,True
2030,P0217,Hainan,biomass,0.0,0.0,0.0,0.0,0.0,True
2030,P0217,Hainan,beccs,0.0,0.0,0.0,0.0,0.0,True
2030,P0217,Hainan,ammonia,0.0,0.0,0.0,0.0,0.0,True
2030,P0218,Hubei,unabated,1.0,7424207.999999999,6.087850559999999,0.0,0.0,True
2030,P0218,Hubei,retire,0.0,0.0,0.0,0.0,0.0,True
2030,P0218,Hubei,ccs,0.0,0.0,0.0,0.0,0.0,True
2030,P0218,Hubei,biomass,0.0,0.0,0.0,0.0,0.0,True
2030,P0218,Hubei,beccs,0.0,0.0,0.0,0.0,0.0,True
2030,P0218,Hubei,ammonia,0.0,0.0,0.0,0.0,0.0,True
2030,P0219,Jilin,unabated,1.0,2933334.0,2.4053338799999997,0.0,0.0,True
2030,P0219,Jilin,retire,0.0,0.0,0.0,0.0,0.0,True
2030,P0219,Jilin,ccs,0.0,0.0,0.0,0.0,0.0,True
2030,P0219,Jilin,biomass,0.0,0.0,0.0,0.0,0.0,True
2030,P0219,Jilin,beccs,0.0,0.0,0.0,0.0,0.0,True
2030,P0219,Jilin,ammonia,0.0,0.0,0.0,0.0,0.0,True
2030,P0220,Hebei,unabated,1.0,5880732.000000001,4.82220024,0.0,0.0,True
2030,P0220,Hebei,retire,0.0,0.0,0.0,0.0,0.0,True
2030,P0220,Hebei,ccs,0.0,0.0,0.0,0.0,0.0,True
2030,P0220,Hebei,biomass,0.0,0.0,0.0,0.0,0.0,True
2030,P0220,Hebei,beccs,0.0,0.0,0.0,0.0,0.0,True
2030,P0220,Hebei,ammonia,0.0,0.0,0.0,0.0,0.0,True
2030,P0221,Gansu,unabated,1.0,17303048.0,14.18849936,0.0,0.0,True
2030,P0221,Gansu,retire,0.0,0.0,0.0,0.0,0.0,True
2030,P0221,Gansu,ccs,0.0,0.0,0.0,0.0,0.0,True
2030,P0221,Gansu,biomass,0.0,0.0,0.0,0.0,0.0,True
2030,P0221,Gansu,beccs,0.0,0.0,0.0,0.0,0.0,True
2030,P0221,Gansu,ammonia,0.0,0.0,0.0,0.0,0.0,True
2030,P0222,Jiangxi,unabated,1.0,19065600.0,15.633791999999998,0.0,0.0,True
2030,P0222,Jiangxi,retire,0.0,0.0,0.0,0.0,0.0,True
2030,P0222,Jiangxi,ccs,0.0,0.0,0.0,0.0,0.0,True
2030,P0222,Jiangxi,biomass,0.0,0.0,0.0,0.0,0.0,True
2030,P0222,Jiangxi,beccs,0.0,0.0,0.0,0.0,0.0,True
2030,P0222,Jiangxi,ammonia,0.0,0.0,0.0,0.0,0.0,True
2030,P0223,Anhui,unabated,1.0,32652492.500000004,26.775043850000003,0.0,0.0,True
2030,P0223,Anhui,retire,0.0,0.0,0.0,0.0,0.0,True
2030,P0223,Anhui,ccs,0.0,0.0,0.0,0.0,0.0,True
2030,P0223,Anhui,biomass,0.0,0.0,0.0,0.0,0.0,True
2030,P0223,Anhui,beccs,0.0,0.0,0.0,0.0,0.0,True
2030,P0223,Anhui,ammonia,0.0,0.0,0.0,0.0,0.0,True
2030,P0224,Xinjiang,unabated,1.0,5809319.999999999,4.763642399999998,0.0,0.0,True
2030,P0224,Xinjiang,retire,0.0,0.0,0.0,0.0,0.0,True
2030,P0224,Xinjiang,ccs,0.0,0.0,0.0,0.0,0.0,True
2030,P0224,Xinjiang,biomass,0.0,0.0,0.0,0.0,0.0,True
2030,P0224,Xinjiang,beccs,0.0,0.0,0.0,0.0,0.0,True
2030,P0224,Xinjiang,ammonia,0.0,0.0,0.0,0.0,0.0,True
2030,P0225,Heilongjiang,unabated,1.0,4174200.0,3.422844,0.0,0.0,True
2030,P0225,Heilongjiang,retire,0.0,0.0,0.0,0.0,0.0,True
2030,P0225,Heilongjiang,ccs,0.0,0.0,0.0,0.0,0.0,True
2030,P0225,Heilongjiang,biomass,0.0,0.0,0.0,0.0,0.0,True
2030,P0225,Heilongjiang,beccs,0.0,0.0,0.0,0.0,0.0,True
2030,P0225,Heilongjiang,ammonia,0.0,0.0,0.0,0.0,0.0,True
2030,P0226,Anhui,unabated,1.0,13416744.000000002,11.00173008,0.0,0.0,True
2030,P0226,Anhui,retire,0.0,0.0,0.0,0.0,0.0,True
2030,P0226,Anhui,ccs,0.0,0.0,0.0,0.0,0.0,True
2030,P0226,Anhui,biomass,0.0,0.0,0.0,0.0,0.0,True
2030,P0226,Anhui,beccs,0.0,0.0,0.0,0.0,0.0,True
2030,P0226,Anhui,ammonia,0.0,0.0,0.0,0.0,0.0,True
2030,P0227,Shanxi,unabated,1.0,17129150.0,14.045903,0.0,0.0,True
2030,P0227,Shanxi,retire,0.0,0.0,0.0,0.0,0.0,True
2030,P0227,Shanxi,ccs,0.0,0.0,0.0,0.0,0.0,True
2030,P0227,Shanxi,biomass,0.0,0.0,0.0,0.0,0.0,True
2030,P0227,Shanxi,beccs,0.0,0.0,0.0,0.0,0.0,True
2030,P0227,Shanxi,ammonia,0.0,0.0,0.0,0.0,0.0,True
2030,P0228,Liaoning,unabated,1.0,3720839.9999999995,3.051088799999999,0.0,0.0,True
2030,P0228,Liaoning,retire,0.0,0.0,0.0,0.0,0.0,True
2030,P0228,Liaoning,ccs,0.0,0.0,0.0,0.0,0.0,True
2030,P0228,Liaoning,biomass,0.0,0.0,0.0,0.0,0.0,True
2030,P0228,Liaoning,beccs,0.0,0.0,0.0,0.0,0.0,True
2030,P0228,Liaoning,ammonia,0.0,0.0,0.0,0.0,0.0,True
2030,P0229,Henan,unabated,1.0,13426508.0,11.009736559999999,0.0,0.0,True
2030,P0229,Henan,retire,0.0,0.0,0.0,0.0,0.0,True
2030,P0229,Henan,ccs,0.0,0.0,0.0,0.0,0.0,True
2030,P0229,Henan,biomass,0.0,0.0,0.0,0.0,0.0,True
2030,P0229,Henan,beccs,0.0,0.0,0.0,0.0,0.0,True
2030,P0229,Henan,ammonia,0.0,0.0,0.0,0.0,0.0,True
2030,P0230,Inner Mongolia,unabated,1.0,6641580.0,5.4460956,0.0,0.0,True
2030,P0230,Inner Mongolia,retire,0.0,0.0,0.0,0.0,0.0,True
2030,P0230,Inner Mongolia,ccs,0.0,0.0,0.0,0.0,0.0,True
2030,P0230,Inner Mongolia,biomass,0.0,0.0,0.0,0.0,0.0,True
2030,P0230,Inner Mongolia,beccs,0.0,0.0,0.0,0.0,0.0,True
2030,P0230,Inner Mongolia,ammonia,0.0,0.0,0.0,0.0,0.0,True
2030,P0231,Fujian,unabated,1.0,6151440.0,5.0441807999999995,0.0,0.0,True
2030,P0231,Fujian,retire,0.0,0.0,0.0,0.0,0.0,True
2030,P0231,Fujian,ccs,0.0,0.0,0.0,0.0,0.0,True
2030,P0231,Fujian,biomass,0.0,0.0,0.0,0.0,0.0,True
2030,P0231,Fujian,beccs,0.0,0.0,0.0,0.0,0.0,True
2030,P0231,Fujian,ammonia,0.0,0.0,0.0,0.0,0.0,True
2030,P0232,Inner Mongolia,unabated,1.0,6037799.999999999,4.950995999999999,0.0,0.0,True
2030,P0232,Inner Mongolia,retire,0.0,0.0,0.0,0.0,0.0,True
2030,P0232,Inner Mongolia,ccs,0.0,0.0,0.0,0.0,0.0,True
2030,P0232,Inner Mongolia,biomass,0.0,0.0,0.0,0.0,0.0,True
2030,P0232,Inner Mongolia,beccs,0.0,0.0,0.0,0.0,0.0,True
2030,P0232,Inner Mongolia,ammonia,0.0,0.0,0.0,0.0,0.0,True
2030,P0233,Xinjiang,unabated,1.0,3168719.9999999995,2.5983503999999993,0.0,0.0,True
2030,P0233,Xinjiang,retire,0.0,0.0,0.0,0.0,0.0,True
2030,P0233,Xinjiang,ccs,0.0,0.0,0.0,0.0,0.0,True
2030,P0233,Xinjiang,biomass,0.0,0.0,0.0,0.0,0.0,True
2030,P0233,Xinjiang,beccs,0.0,0.0,0.0,0.0,0.0,True
2030,P0233,Xinjiang,ammonia,0.0,0.0,0.0,0.0,0.0,True
2030,P0234,Hunan,unabated,0.0,0.0,0.0,0.0,0.0,True
2030,P0234,Hunan,retire,0.0,0.0,0.0,0.0,0.0,True
2030,P0234,Hunan,ccs,0.0,0.0,0.0,0.0,0.0,True
2030,P0234,Hunan,biomass,1.0,234414.0,0.19221947999999997,0.19221947999999997,0.0,True
2030,P0234,Hunan,beccs,0.0,0.0,0.0,0.0,0.0,True
2030,P0234,Hunan,ammonia,0.0,0.0,0.0,0.0,0.0,True
2030,P0235,Inner Mongolia,unabated,1.0,13283160.0,10.8921912,0.0,0.0,True
2030,P0235,Inner Mongolia,retire,0.0,0.0,0.0,0.0,0.0,True
2030,P0235,Inner Mongolia,ccs,0.0,0.0,0.0,0.0,0.0,True
2030,P0235,Inner Mongolia,biomass,0.0,0.0,0.0,0.0,0.0,True
2030,P0235,Inner Mongolia,beccs,0.0,0.0,0.0,0.0,0.0,True
2030,P0235,Inner Mongolia,ammonia,0.0,0.0,0.0,0.0,0.0,True
2030,P0236,Henan,unabated,1.0,19185868.0,15.73241176,0.0,0.0,True
2030,P0236,Henan,retire,0.0,0.0,0.0,0.0,0.0,True
2030,P0236,Henan,ccs,0.0,0.0,0.0,0.0,0.0,True
2030,P0236,Henan,biomass,0.0,0.0,0.0,0.0,0.0,True
2030,P0236,Henan,beccs,0.0,0.0,0.0,0.0,0.0,True
2030,P0236,Henan,ammonia,0.0,0.0,0.0,0.0,0.0,True
2030,P0237,Jiangxi,unabated,1.0,12869280.0,10.5528096,0.0,0.0,True
2030,P0237,Jiangxi,retire,0.0,0.0,0.0,0.0,0.0,True
2030,P0237,Jiangxi,ccs,0.0,0.0,0.0,0.0,0.0,True
2030,P0237,Jiangxi,biomass,0.0,0.0,0.0,0.0,0.0,True
2030,P0237,Jiangxi,beccs,0.0,0.0,0.0,0.0,0.0,True
2030,P0237,Jiangxi,ammonia,0.0,0.0,0.0,0.0,0.0,True
2030,P0238,Sichuan,unabated,1.0,9992799.999999998,8.194095999999998,0.0,0.0,True
2030,P0238,Sichuan,retire,0.0,0.0,0.0,0.0,0.0,True
2030,P0238,Sichuan,ccs,0.0,0.0,0.0,0.0,0.0,True
2030,P0238,Sichuan,biomass,0.0,0.0,0.0,0.0,0.0,True
2030,P0238,Sichuan,beccs,0.0,0.0,0.0,0.0,0.0,True
2030,P0238,Sichuan,ammonia,0.0,0.0,0.0,0.0,0.0,True
2030,P0239,Guizhou,unabated,1.0,17659212.0,14.48055384,0.0,0.0,True
2030,P0239,Guizhou,retire,0.0,0.0,0.0,0.0,0.0,True
2030,P0239,Guizhou,ccs,0.0,0.0,0.0,0.0,0.0,True
2030,P0239,Guizhou,biomass,0.0,0.0,0.0,0.0,0.0,True
2030,P0239,Guizhou,beccs,0.0,0.0,0.0,0.0,0.0,True
2030,P0239,Guizhou,ammonia,0.0,0.0,0.0,0.0,0.0,True
2030,P0240,Guangdong,unabated,1.0,9663400.0,7.923987999999999,0.0,0.0,True
2030,P0240,Guangdong,retire,0.0,0.0,0.0,0.0,0.0,True
2030,P0240,Guangdong,ccs,0.0,0.0,0.0,0.0,0.0,True
2030,P0240,Guangdong,biomass,0.0,0.0,0.0,0.0,0.0,True
2030,P0240,Guangdong,beccs,0.0,0.0,0.0,0.0,0.0,True
2030,P0240,Guangdong,ammonia,0.0,0.0,0.0,0.0,0.0,True
2030,P0241,Guangxi,unabated,0.0,0.0,0.0,0.0,0.0,True
2030,P0241,Guangxi,retire,0.0,0.0,0.0,0.0,0.0,True
2030,P0241,Guangxi,ccs,0.0,0.0,0.0,0.0,0.0,True
2030,P0241,Guangxi,biomass,1.0,3350620.0,2.7475084,2.7475084,0.0,True
2030,P0241,Guangxi,beccs,0.0,0.0,0.0,0.0,0.0,True
2030,P0241,Guangxi,ammonia,0.0,0.0,0.0,0.0,0.0,True
2030,P0242,Xinjiang,unabated,1.0,27884735.999999996,22.865483519999994,0.0,0.0,True
2030,P0242,Xinjiang,retire,0.0,0.0,0.0,0.0,0.0,True
2030,P0242,Xinjiang,ccs,0.0,0.0,0.0,0.0,0.0,True
2030,P0242,Xinjiang,biomass,0.0,0.0,0.0,0.0,0.0,True
2030,P0242,Xinjiang,beccs,0.0,0.0,0.0,0.0,0.0,True
2030,P0242,Xinjiang,ammonia,0.0,0.0,0.0,0.0,0.0,True
2030,P0243,Anhui,unabated,1.0,124308166.00000001,101.93269612,0.0,0.0,True
2030,P0243,Anhui,retire,0.0,0.0,0.0,0.0,0.0,True
2030,P0243,Anhui,ccs,0.0,0.0,0.0,0.0,0.0,True
2030,P0243,Anhui,biomass,0.0,0.0,0.0,0.0,0.0,True
2030,P0243,Anhui,beccs,0.0,0.0,0.0,0.0,0.0,True
2030,P0243,Anhui,ammonia,0.0,0.0,0.0,0.0,0.0,True
2030,P0244,Gansu,unabated,1.0,15124456.000000002,12.40205392,0.0,0.0,True
2030,P0244,Gansu,retire,0.0,0.0,0.0,0.0,0.0,True
2030,P0244,Gansu,ccs,0.0,0.0,0.0,0.0,0.0,True
2030,P0244,Gansu,biomass,0.0,0.0,0.0,0.0,0.0,True
2030,P0244,Gansu,beccs,0.0,0.0,0.0,0.0,0.0,True
2030,P0244,Gansu,ammonia,0.0,0.0,0.0,0.0,0.0,True
2030,P0245,Hubei,unabated,1.0,7247976.799999999,5.943340975999999,0.0,0.0,True
2030,P0245,Hubei,retire,0.0,0.0,0.0,0.0,0.0,True
2030,P0245,Hubei,ccs,0.0,0.0,0.0,0.0,0.0,True
2030,P0245,Hubei,biomass,0.0,0.0,0.0,0.0,0.0,True
2030,P0245,Hubei,beccs,0.0,0.0,0.0,0.0,0.0,True
2030,P0245,Hubei,ammonia,0.0,0.0,0.0,0.0,0.0,True
2030,P0246,Inner Mongolia,unabated,1.0,41107355.0,33.7080311,0.0,0.0,True
2030,P0246,Inner Mongolia,retire,0.0,0.0,0.0,0.0,0.0,True
2030,P0246,Inner Mongolia,ccs,0.0,0.0,0.0,0.0,0.0,True
2030,P0246,Inner Mongolia,biomass,0.0,0.0,0.0,0.0,0.0,True
2030,P0246,Inner Mongolia,beccs,0.0,0.0,0.0,0.0,0.0,True
2030,P0246,Inner Mongolia,ammonia,0.0,0.0,0.0,0.0,0.0,True
2030,P0247,Shandong,unabated,1.0,8983866.0,7.366770119999999,0.0,0.0,True
2030,P0247,Shandong,retire,0.0,0.0,0.0,0.0,0.0,True
2030,P0247,Shandong,ccs,0.0,0.0,0.0,0.0,0.0,True
2030,P0247,Shandong,biomass,0.0,0.0,0.0,0.0,0.0,True
2030,P0247,Shandong,beccs,0.0,0.0,0.0,0.0,0.0,True
2030,P0247,Shandong,ammonia,0.0,0.0,0.0,0.0,0.0,True
2030,P0248,Henan,unabated,1.0,30200644.0,24.764528079999998,0.0,0.0,True
2030,P0248,Henan,retire,0.0,0.0,0.0,0.0,0.0,True
2030,P0248,Henan,ccs,0.0,0.0,0.0,0.0,0.0,True
2030,P0248,Henan,biomass,0.0,0.0,0.0,0.0,0.0,True
2030,P0248,Henan,beccs,0.0,0.0,0.0,0.0,0.0,True
2030,P0248,Henan,ammonia,0.0,0.0,0.0,0.0,0.0,True
2030,P0249,Gansu,unabated,1.0,2513760.0000000005,2.0612832,0.0,0.0,True
2030,P0249,Gansu,retire,0.0,0.0,0.0,0.0,0.0,True
2030,P0249,Gansu,ccs,0.0,0.0,0.0,0.0,0.0,True
2030,P0249,Gansu,biomass,0.0,0.0,0.0,0.0,0.0,True
2030,P0249,Gansu,beccs,0.0,0.0,0.0,0.0,0.0,True
2030,P0249,Gansu,ammonia,0.0,0.0,0.0,0.0,0.0,True
2030,P0250,Gansu,unabated,1.0,2513760.0000000005,2.0612832,0.0,0.0,True
2030,P0250,Gansu,retire,0.0,0.0,0.0,0.0,0.0,True
2030,P0250,Gansu,ccs,0.0,0.0,0.0,0.0,0.0,True
2030,P0250,Gansu,biomass,0.0,0.0,0.0,0.0,0.0,True
2030,P0250,Gansu,beccs,0.0,0.0,0.0,0.0,0.0,True
2030,P0250,Gansu,ammonia,0.0,0.0,0.0,0.0,0.0,True
2030,P0251,Hebei,unabated,1.0,6058936.000000001,4.968327520000001,0.0,0.0,True
2030,P0251,Hebei,retire,0.0,0.0,0.0,0.0,0.0,True
2030,P0251,Hebei,ccs,0.0,0.0,0.0,0.0,0.0,True
2030,P0251,Hebei,biomass,0.0,0.0,0.0,0.0,0.0,True
2030,P0251,Hebei,beccs,0.0,0.0,0.0,0.0,0.0,True
2030,P0251,Hebei,ammonia,0.0,0.0,0.0,0.0,0.0,True
2030,P0252,Guangxi,unabated,1.0,10003994.0,8.20327508,0.0,0.0,True
2030,P0252,Guangxi,retire,0.0,0.0,0.0,0.0,0.0,True
2030,P0252,Guangxi,ccs,0.0,0.0,0.0,0.0,0.0,True
2030,P0252,Guangxi,biomass,0.0,0.0,0.0,0.0,0.0,True
2030,P0252,Guangxi,beccs,0.0,0.0,0.0,0.0,0.0,True
2030,P0252,Guangxi,ammonia,0.0,0.0,0.0,0.0,0.0,True
2030,P0253,Guangxi,unabated,1.0,5456724.0,4.474513679999999,0.0,0.0,True
2030,P0253,Guangxi,retire,0.0,0.0,0.0,0.0,0.0,True
2030,P0253,Guangxi,ccs,0.0,0.0,0.0,0.0,0.0,True
2030,P0253,Guangxi,biomass,0.0,0.0,0.0,0.0,0.0,True
2030,P0253,Guangxi,beccs,0.0,0.0,0.0,0.0,0.0,True
2030,P0253,Guangxi,ammonia,0.0,0.0,0.0,0.0,0.0,True
2030,P0254,Jiangxi,unabated,1.0,6291647.999999999,5.159151359999998,0.0,0.0,True
2030,P0254,Jiangxi,retire,0.0,0.0,0.0,0.0,0.0,True
2030,P0254,Jiangxi,ccs,0.0,0.0,0.0,0.0,0.0,True
2030,P0254,Jiangxi,biomass,0.0,0.0,0.0,0.0,0.0,True
2030,P0254,Jiangxi,beccs,0.0,0.0,0.0,0.0,0.0,True
2030,P0254,Jiangxi,ammonia,0.0,0.0,0.0,0.0,0.0,True
2030,P0255,Anhui,unabated,1.0,25003932.0,20.503224239999998,0.0,0.0,True
2030,P0255,Anhui,retire,0.0,0.0,0.0,0.0,0.0,True
2030,P0255,Anhui,ccs,0.0,0.0,0.0,0.0,0.0,True
2030,P0255,Anhui,biomass,0.0,0.0,0.0,0.0,0.0,True
2030,P0255,Anhui,beccs,0.0,0.0,0.0,0.0,0.0,True
2030,P0255,Anhui,ammonia,0.0,0.0,0.0,0.0,0.0,True
2030,P0256,Heilongjiang,unabated,1.0,194796.0,0.15973272,0.0,0.0,True
2030,P0256,Heilongjiang,retire,0.0,0.0,0.0,0.0,0.0,True
2030,P0256,Heilongjiang,ccs,0.0,0.0,0.0,0.0,0.0,True
2030,P0256,Heilongjiang,biomass,0.0,0.0,0.0,0.0,0.0,True
2030,P0256,Heilongjiang,beccs,0.0,0.0,0.0,0.0,0.0,True
2030,P0256,Heilongjiang,ammonia,0.0,0.0,0.0,0.0,0.0,True
2030,P0257,Inner Mongolia,unabated,1.0,362267.99999999994,0.29705975999999995,0.0,0.0,True
2030,P0257,Inner Mongolia,retire,0.0,0.0,0.0,0.0,0.0,True
2030,P0257,Inner Mongolia,ccs,0.0,0.0,0.0,0.0,0.0,True
2030,P0257,Inner Mongolia,biomass,0.0,0.0,0.0,0.0,0.0,True
2030,P0257,Inner Mongolia,beccs,0.0,0.0,0.0,0.0,0.0,True
2030,P0257,Inner Mongolia,ammonia,0.0,0.0,0.0,0.0,0.0,True
2030,P0258,Xinjiang,unabated,1.0,3696839.9999999995,3.0314087999999995,0.0,0.0,True
2030,P0258,Xinjiang,retire,0.0,0.0,0.0,0.0,0.0,True
2030,P0258,Xinjiang,ccs,0.0,0.0,0.0,0.0,0.0,True
2030,P0258,Xinjiang,biomass,0.0,0.0,0.0,0.0,0.0,True
2030,P0258,Xinjiang,beccs,0.0,0.0,0.0,0.0,0.0,True
2030,P0258,Xinjiang,ammonia,0.0,0.0,0.0,0.0,0.0,True
2030,P0259,Guizhou,unabated,1.0,20792298.0,17.04968436,0.0,0.0,True
2030,P0259,Guizhou,retire,0.0,0.0,0.0,0.0,0.0,True
2030,P0259,Guizhou,ccs,0.0,0.0,0.0,0.0,0.0,True
2030,P0259,Guizhou,biomass,0.0,0.0,0.0,0.0,0.0,True
2030,P0259,Guizhou,beccs,0.0,0.0,0.0,0.0,0.0,True
2030,P0259,Guizhou,ammonia,0.0,0.0,0.0,0.0,0.0,True
2030,P0260,Ningxia,unabated,1.0,13222594.0,10.84252708,0.0,0.0,True
2030,P0260,Ningxia,retire,0.0,0.0,0.0,0.0,0.0,True
2030,P0260,Ningxia,ccs,0.0,0.0,0.0,0.0,0.0,True
2030,P0260,Ningxia,biomass,0.0,0.0,0.0,0.0,0.0,True
2030,P0260,Ningxia,beccs,0.0,0.0,0.0,0.0,0.0,True
2030,P0260,Ningxia,ammonia,0.0,0.0,0.0,0.0,0.0,True
2030,P0261,Xinjiang,unabated,1.0,3696839.9999999995,3.0314087999999995,0.0,0.0,True
2030,P0261,Xinjiang,retire,0.0,0.0,0.0,0.0,0.0,True
2030,P0261,Xinjiang,ccs,0.0,0.0,0.0,0.0,0.0,True
2030,P0261,Xinjiang,biomass,0.0,0.0,0.0,0.0,0.0,True
2030,P0261,Xinjiang,beccs,0.0,0.0,0.0,0.0,0.0,True
2030,P0261,Xinjiang,ammonia,0.0,0.0,0.0,0.0,0.0,True
2030,P0262,Guizhou,unabated,1.0,5696520.0,4.6711464,0.0,0.0,True
2030,P0262,Guizhou,retire,0.0,0.0,0.0,0.0,0.0,True
2030,P0262,Guizhou,ccs,0.0,0.0,0.0,0.0,0.0,True
2030,P0262,Guizhou,biomass,0.0,0.0,0.0,0.0,0.0,True
2030,P0262,Guizhou,beccs,0.0,0.0,0.0,0.0,0.0,True
2030,P0262,Guizhou,ammonia,0.0,0.0,0.0,0.0,0.0,True
2030,P0263,Shaanxi,unabated,1.0,3176600.0,2.604812,0.0,0.0,True
2030,P0263,Shaanxi,retire,0.0,0.0,0.0,0.0,0.0,True
2030,P0263,Shaanxi,ccs,0.0,0.0,0.0,0.0,0.0,True
2030,P0263,Shaanxi,biomass,0.0,0.0,0.0,0.0,0.0,True
2030,P0263,Shaanxi,beccs,0.0,0.0,0.0,0.0,0.0,True
2030,P0263,Shaanxi,ammonia,0.0,0.0,0.0,0.0,0.0,True
2030,P0264,Sichuan,unabated,1.0,5995679.999999999,4.916457599999998,0.0,0.0,True
2030,P0264,Sichuan,retire,0.0,0.0,0.0,0.0,0.0,True
2030,P0264,Sichuan,ccs,0.0,0.0,0.0,0.0,0.0,True
2030,P0264,Sichuan,biomass,0.0,0.0,0.0,0.0,0.0,True
2030,P0264,Sichuan,beccs,0.0,0.0,0.0,0.0,0.0,True
2030,P0264,Sichuan,ammonia,0.0,0.0,0.0,0.0,0.0,True
2030,P0265,Gansu,unabated,1.0,2932720.0,2.4048304,0.0,0.0,True
2030,P0265,Gansu,retire,0.0,0.0,0.0,0.0,0.0,True
2030,P0265,Gansu,ccs,0.0,0.0,0.0,0.0,0.0,True
2030,P0265,Gansu,biomass,0.0,0.0,0.0,0.0,0.0,True
2030,P0265,Gansu,beccs,0.0,0.0,0.0,0.0,0.0,True
2030,P0265,Gansu,ammonia,0.0,0.0,0.0,0.0,0.0,True
2030,P0266,Heilongjiang,unabated,1.0,939195.0000000001,0.7701399,0.0,0.0,True
2030,P0266,Heilongjiang,retire,0.0,0.0,0.0,0.0,0.0,True
2030,P0266,Heilongjiang,ccs,0.0,0.0,0.0,0.0,0.0,True
2030,P0266,Heilongjiang,biomass,0.0,0.0,0.0,0.0,0.0,True
2030,P0266,Heilongjiang,beccs,0.0,0.0,0.0,0.0,0.0,True
2030,P0266,Heilongjiang,ammonia,0.0,0.0,0.0,0.0,0.0,True
2030,P0267,Hubei,unabated,1.0,17473136.0,14.32797152,0.0,0.0,True
2030,P0267,Hubei,retire,0.0,0.0,0.0,0.0,0.0,True
2030,P0267,Hubei,ccs,0.0,0.0,0.0,0.0,0.0,True
2030,P0267,Hubei,biomass,0.0,0.0,0.0,0.0,0.0,True
2030,P0267,Hubei,beccs,0.0,0.0,0.0,0.0,0.0,True
2030,P0267,Hubei,ammonia,0.0,0.0,0.0,0.0,0.0,True
2030,P0268,Inner Mongolia,unabated,1.0,452835.0,0.37132469999999995,0.0,0.0,True
2030,P0268,Inner Mongolia,retire,0.0,0.0,0.0,0.0,0.0,True
2030,P0268,Inner Mongolia,ccs,0.0,0.0,0.0,0.0,0.0,True
2030,P0268,Inner Mongolia,biomass,0.0,0.0,0.0,0.0,0.0,True
2030,P0268,Inner Mongolia,beccs,0.0,0.0,0.0,0.0,0.0,True
2030,P0268,Inner Mongolia,ammonia,0.0,0.0,0.0,0.0,0.0,True
2030,P0269,Guangdong,unabated,1.0,77191239.2,63.296816144000005,0.0,0.0,True
2030,P0269,Guangdong,retire,0.0,0.0,0.0,0.0,0.0,True
2030,P0269,Guangdong,ccs,0.0,0.0,0.0,0.0,0.0,True
2030,P0269,Guangdong,biomass,0.0,0.0,0.0,0.0,0.0,True
2030,P0269,Guangdong,beccs,0.0,0.0,0.0,0.0,0.0,True
2030,P0269,Guangdong,ammonia,0.0,0.0,0.0,0.0,0.0,True
2030,P0270,Xinjiang,unabated,1.0,3168719.9999999995,2.5983503999999993,0.0,0.0,True
2030,P0270,Xinjiang,retire,0.0,0.0,0.0,0.0,0.0,True
2030,P0270,Xinjiang,ccs,0.0,0.0,0.0,0.0,0.0,True
2030,P0270,Xinjiang,biomass,0.0,0.0,0.0,0.0,0.0,True
2030,P0270,Xinjiang,beccs,0.0,0.0,0.0,0.0,0.0,True
2030,P0270,Xinjiang,ammonia,0.0,0.0,0.0,0.0,0.0,True
2030,P0271,Guangdong,unabated,1.0,2899020.0,2.3771964,0.0,0.0,True
2030,P0271,Guangdong,retire,0.0,0.0,0.0,0.0,0.0,True
2030,P0271,Guangdong,ccs,0.0,0.0,0.0,0.0,0.0,True
2030,P0271,Guangdong,biomass,0.0,0.0,0.0,0.0,0.0,True
2030,P0271,Guangdong,beccs,0.0,0.0,0.0,0.0,0.0,True
2030,P0271,Guangdong,ammonia,0.0,0.0,0.0,0.0,0.0,True
2030,P0272,Qinghai,unabated,1.0,5408039.999999999,4.434592799999999,0.0,0.0,True
2030,P0272,Qinghai,retire,0.0,0.0,0.0,0.0,0.0,True
2030,P0272,Qinghai,ccs,0.0,0.0,0.0,0.0,0.0,True
2030,P0272,Qinghai,biomass,0.0,0.0,0.0,0.0,0.0,True
2030,P0272,Qinghai,beccs,0.0,0.0,0.0,0.0,0.0,True
2030,P0272,Qinghai,ammonia,0.0,0.0,0.0,0.0,0.0,True
2030,P0273,Fujian,unabated,1.0,3075720.0,2.5220903999999997,0.0,0.0,True
2030,P0273,Fujian,retire,0.0,0.0,0.0,0.0,0.0,True
2030,P0273,Fujian,ccs,0.0,0.0,0.0,0.0,0.0,True
2030,P0273,Fujian,biomass,0.0,0.0,0.0,0.0,0.0,True
2030,P0273,Fujian,beccs,0.0,0.0,0.0,0.0,0.0,True
2030,P0273,Fujian,ammonia,0.0,0.0,0.0,0.0,0.0,True
2030,P0274,Hebei,unabated,1.0,6237140.0,5.1144548,0.0,0.0,True
2030,P0274,Hebei,retire,0.0,0.0,0.0,0.0,0.0,True
2030,P0274,Hebei,ccs,0.0,0.0,0.0,0.0,0.0,True
2030,P0274,Hebei,biomass,0.0,0.0,0.0,0.0,0.0,True
2030,P0274,Hebei,beccs,0.0,0.0,0.0,0.0,0.0,True
2030,P0274,Hebei,ammonia,0.0,0.0,0.0,0.0,0.0,True
2030,P0275,Gansu,unabated,1.0,15166352.000000002,12.43640864,0.0,0.0,True
2030,P0275,Gansu,retire,0.0,0.0,0.0,0.0,0.0,True
2030,P0275,Gansu,ccs,0.0,0.0,0.0,0.0,0.0,True
2030,P0275,Gansu,biomass,0.0,0.0,0.0,0.0,0.0,True
2030,P0275,Gansu,beccs,0.0,0.0,0.0,0.0,0.0,True
2030,P0275,Gansu,ammonia,0.0,0.0,0.0,0.0,0.0,True
2030,P0276,Xinjiang,unabated,1.0,3168719.9999999995,2.5983503999999993,0.0,0.0,True
2030,P0276,Xinjiang,retire,0.0,0.0,0.0,0.0,0.0,True
2030,P0276,Xinjiang,ccs,0.0,0.0,0.0,0.0,0.0,True
2030,P0276,Xinjiang,biomass,0.0,0.0,0.0,0.0,0.0,True
2030,P0276,Xinjiang,beccs,0.0,0.0,0.0,0.0,0.0,True
2030,P0276,Xinjiang,ammonia,0.0,0.0,0.0,0.0,0.0,True
2030,P0277,Guangxi,unabated,0.19154782494834177,641803.9732284129,0.5262792580472986,0.0,0.0,True
2030,P0277,Guangxi,retire,0.0,0.0,0.0,0.0,0.0,True
2030,P0277,Guangxi,ccs,0.0,0.0,0.0,0.0,0.0,True
2030,P0277,Guangxi,biomass,0.8084521750516582,2708816.0267715873,2.2212291419527013,2.2212291419527013,0.0,True
2030,P0277,Guangxi,beccs,0.0,0.0,0.0,0.0,0.0,True
2030,P0277,Guangxi,ammonia,0.0,0.0,0.0,0.0,0.0,True
2030,P0278,Inner Mongolia,unabated,1.0,8151030.0,6.6838446,0.0,0.0,True
2030,P0278,Inner Mongolia,retire,0.0,0.0,0.0,0.0,0.0,True
2030,P0278,Inner Mongolia,ccs,0.0,0.0,0.0,0.0,0.0,True
2030,P0278,Inner Mongolia,biomass,0.0,0.0,0.0,0.0,0.0,True
2030,P0278,Inner Mongolia,beccs,0.0,0.0,0.0,0.0,0.0,True
2030,P0278,Inner Mongolia,ammonia,0.0,0.0,0.0,0.0,0.0,True
2030,P0279,Guangxi,unabated,1.0,5743920.0,4.7100143999999995,0.0,0.0,True
2030,P0279,Guangxi,retire,0.0,0.0,0.0,0.0,0.0,True
2030,P0279,Guangxi,ccs,0.0,0.0,0.0,0.0,0.0,True
2030,P0279,Guangxi,biomass,0.0,0.0,0.0,0.0,0.0,True
2030,P0279,Guangxi,beccs,0.0,0.0,0.0,0.0,0.0,True
2030,P0279,Guangxi,ammonia,0.0,0.0,0.0,0.0,0.0,True
2030,P0280,Anhui,unabated,1.0,6708372.000000001,5.50086504,0.0,0.0,True
2030,P0280,Anhui,retire,0.0,0.0,0.0,0.0,0.0,True
2030,P0280,Anhui,ccs,0.0,0.0,0.0,0.0,0.0,True
2030,P0280,Anhui,biomass,0.0,0.0,0.0,0.0,0.0,True
2030,P0280,Anhui,beccs,0.0,0.0,0.0,0.0,0.0,True
2030,P0280,Anhui,ammonia,0.0,0.0,0.0,0.0,0.0,True
2030,P0281,Xinjiang,unabated,1.0,10668023.999999998,8.747779679999997,0.0,0.0,True
2030,P0281,Xinjiang,retire,0.0,0.0,0.0,0.0,0.0,True
2030,P0281,Xinjiang,ccs,0.0,0.0,0.0,0.0,0.0,True
2030,P0281,Xinjiang,biomass,0.0,0.0,0.0,0.0,0.0,True
2030,P0281,Xinjiang,beccs,0.0,0.0,0.0,0.0,0.0,True
2030,P0281,Xinjiang,ammonia,0.0,0.0,0.0,0.0,0.0,True
2030,P0282,Shandong,unabated,1.0,3532491.0000000005,2.89664262,0.0,0.0,True
2030,P0282,Shandong,retire,0.0,0.0,0.0,0.0,0.0,True
2030,P0282,Shandong,ccs,0.0,0.0,0.0,0.0,0.0,True
2030,P0282,Shandong,biomass,0.0,0.0,0.0,0.0,0.0,True
2030,P0282,Shandong,beccs,0.0,0.0,0.0,0.0,0.0,True
2030,P0282,Shandong,ammonia,0.0,0.0,0.0,0.0,0.0,True
2030,P0283,Hubei,unabated,1.0,4949472.0,4.05856704,0.0,0.0,True
2030,P0283,Hubei,retire,0.0,0.0,0.0,0.0,0.0,True
2030,P0283,Hubei,ccs,0.0,0.0,0.0,0.0,0.0,True
2030,P0283,Hubei,biomass,0.0,0.0,0.0,0.0,0.0,True
2030,P0283,Hubei,beccs,0.0,0.0,0.0,0.0,0.0,True
2030,P0283,Hubei,ammonia,0.0,0.0,0.0,0.0,0.0,True
2030,P0284,Shandong,unabated,1.0,38377680.00000001,31.469697600000003,0.0,0.0,True
2030,P0284,Shandong,retire,0.0,0.0,0.0,0.0,0.0,True
2030,P0284,Shandong,ccs,0.0,0.0,0.0,0.0,0.0,True
2030,P0284,Shandong,biomass,0.0,0.0,0.0,0.0,0.0,True
2030,P0284,Shandong,beccs,0.0,0.0,0.0,0.0,0.0,True
2030,P0284,Shandong,ammonia,0.0,0.0,0.0,0.0,0.0,True
2030,P0285,Yunnan,unabated,1.0,5378639.999999999,4.410484799999999,0.0,0.0,True
2030,P0285,Yunnan,retire,0.0,0.0,0.0,0.0,0.0,True
2030,P0285,Yunnan,ccs,0.0,0.0,0.0,0.0,0.0,True
2030,P0285,Yunnan,biomass,0.0,0.0,0.0,0.0,0.0,True
2030,P0285,Yunnan,beccs,0.0,0.0,0.0,0.0,0.0,True
2030,P0285,Yunnan,ammonia,0.0,0.0,0.0,0.0,0.0,True
2030,P0286,Jiangxi,unabated,0.0,0.0,0.0,0.0,0.0,True
2030,P0286,Jiangxi,retire,0.0,0.0,0.0,0.0,0.0,True
2030,P0286,Jiangxi,ccs,0.0,0.0,0.0,0.0,0.0,True
2030,P0286,Jiangxi,biomass,1.0,7149600.0,5.862672,5.862672,0.0,True
2030,P0286,Jiangxi,beccs,0.0,0.0,0.0,0.0,0.0,True
2030,P0286,Jiangxi,ammonia,0.0,0.0,0.0,0.0,0.0,True
2030,P0287,Gansu,unabated,1.0,5530272.0,4.53482304,0.0,0.0,True
2030,P0287,Gansu,retire,0.0,0.0,0.0,0.0,0.0,True
2030,P0287,Gansu,ccs,0.0,0.0,0.0,0.0,0.0,True
2030,P0287,Gansu,biomass,0.0,0.0,0.0,0.0,0.0,True
2030,P0287,Gansu,beccs,0.0,0.0,0.0,0.0,0.0,True
2030,P0287,Gansu,ammonia,0.0,0.0,0.0,0.0,0.0,True
2030,P0288,Inner Mongolia,unabated,1.0,6641580.0,5.4460956,0.0,0.0,True
2030,P0288,Inner Mongolia,retire,0.0,0.0,0.0,0.0,0.0,True
2030,P0288,Inner Mongolia,ccs,0.0,0.0,0.0,0.0,0.0,True
2030,P0288,Inner Mongolia,biomass,0.0,0.0,0.0,0.0,0.0,True
2030,P0288,Inner Mongolia,beccs,0.0,0.0,0.0,0.0,0.0,True
2030,P0288,Inner Mongolia,ammonia,0.0,0.0,0.0,0.0,0.0,True
2030,P0289,Inner Mongolia,unabated,1.0,2566065.0,2.1041733,0.0,0.0,True
2030,P0289,Inner Mongolia,retire,0.0,0.0,0.0,0.0,0.0,True
2030,P0289,Inner Mongolia,ccs,0.0,0.0,0.0,0.0,0.0,True
2030,P0289,Inner Mongolia,biomass,0.0,0.0,0.0,0.0,0.0,True
2030,P0289,Inner Mongolia,beccs,0.0,0.0,0.0,0.0,0.0,True
2030,P0289,Inner Mongolia,ammonia,0.0,0.0,0.0,0.0,0.0,True
2030,P0290,Guizhou,unabated,1.0,8829606.0,7.24027692,0.0,0.0,True
2030,P0290,Guizhou,retire,0.0,0.0,0.0,0.0,0.0,True
2030,P0290,Guizhou,ccs,0.0,0.0,0.0,0.0,0.0,True
2030,P0290,Guizhou,biomass,0.0,0.0,0.0,0.0,0.0,True
2030,P0290,Guizhou,beccs,0.0,0.0,0.0,0.0,0.0,True
2030,P0290,Guizhou,ammonia,0.0,0.0,0.0,0.0,0.0,True
2030,P0291,Shanxi,unabated,1.0,4490615.0,3.6823042999999998,0.0,0.0,True
2030,P0291,Shanxi,retire,0.0,0.0,0.0,0.0,0.0,True
2030,P0291,Shanxi,ccs,0.0,0.0,0.0,0.0,0.0,True
2030,P0291,Shanxi,biomass,0.0,0.0,0.0,0.0,0.0,True
2030,P0291,Shanxi,beccs,0.0,0.0,0.0,0.0,0.0,True
2030,P0291,Shanxi,ammonia,0.0,0.0,0.0,0.0,0.0,True
2030,P0292,Chongqing,unabated,1.0,2876520.0,2.3587464,0.0,0.0,True
2030,P0292,Chongqing,retire,0.0,0.0,0.0,0.0,0.0,True
2030,P0292,Chongqing,ccs,0.0,0.0,0.0,0.0,0.0,True
2030,P0292,Chongqing,biomass,0.0,0.0,0.0,0.0,0.0,True
2030,P0292,Chongqing,beccs,0.0,0.0,0.0,0.0,0.0,True
2030,P0292,Chongqing,ammonia,0.0,0.0,0.0,0.0,0.0,True
2030,P0293,Chongqing,unabated,1.0,958840.0,0.7862488,0.0,0.0,True
2030,P0293,Chongqing,retire,0.0,0.0,0.0,0.0,0.0,True
2030,P0293,Chongqing,ccs,0.0,0.0,0.0,0.0,0.0,True
2030,P0293,Chongqing,biomass,0.0,0.0,0.0,0.0,0.0,True
2030,P0293,Chongqing,beccs,0.0,0.0,0.0,0.0,0.0,True
2030,P0293,Chongqing,ammonia,0.0,0.0,0.0,0.0,0.0,True
2030,P0294,Jiangxi,unabated,0.2322994100892687,1461546.118889327,1.1984678174892478,0.0,0.0,True
2030,P0294,Jiangxi,retire,0.0,0.0,0.0,0.0,0.0,True
2030,P0294,Jiangxi,ccs,0.0,0.0,0.0,0.0,0.0,True
2030,P0294,Jiangxi,biomass,0.7677005899107313,4830101.881110672,3.9606835425107505,3.9606835425107505,0.0,True
2030,P0294,Jiangxi,beccs,0.0,0.0,0.0,0.0,0.0,True
2030,P0294,Jiangxi,ammonia,0.0,0.0,0.0,0.0,0.0,True
2030,P0295,Guangdong,unabated,1.0,14857477.5,12.183131549999999,0.0,0.0,True
2030,P0295,Guangdong,retire,0.0,0.0,0.0,0.0,0.0,True
2030,P0295,Guangdong,ccs,0.0,0.0,0.0,0.0,0.0,True
2030,P0295,Guangdong,biomass,0.0,0.0,0.0,0.0,0.0,True
2030,P0295,Guangdong,beccs,0.0,0.0,0.0,0.0,0.0,True
2030,P0295,Guangdong,ammonia,0.0,0.0,0.0,0.0,0.0,True
2030,P0296,Henan,unabated,1.0,14182424.0,11.62958768,0.0,0.0,True
2030,P0296,Henan,retire,0.0,0.0,0.0,0.0,0.0,True
2030,P0296,Henan,ccs,0.0,0.0,0.0,0.0,0.0,True
2030,P0296,Henan,biomass,0.0,0.0,0.0,0.0,0.0,True
2030,P0296,Henan,beccs,0.0,0.0,0.0,0.0,0.0,True
2030,P0296,Henan,ammonia,0.0,0.0,0.0,0.0,0.0,True
2030,P0297,Jiangxi,unabated,1.0,9532800.0,7.816895999999999,0.0,0.0,True
2030,P0297,Jiangxi,retire,0.0,0.0,0.0,0.0,0.0,True
2030,P0297,Jiangxi,ccs,0.0,0.0,0.0,0.0,0.0,True
2030,P0297,Jiangxi,biomass,0.0,0.0,0.0,0.0,0.0,True
2030,P0297,Jiangxi,beccs,0.0,0.0,0.0,0.0,0.0,True
2030,P0297,Jiangxi,ammonia,0.0,0.0,0.0,0.0,0.0,True
2030,P0298,Xinjiang,unabated,1.0,5281200.0,4.330584,0.0,0.0,True
2030,P0298,Xinjiang,retire,0.0,0.0,0.0,0.0,0.0,True
2030,P0298,Xinjiang,ccs,0.0,0.0,0.0,0.0,0.0,True
2030,P0298,Xinjiang,biomass,0.0,0.0,0.0,0.0,0.0,True
2030,P0298,Xinjiang,beccs,0.0,0.0,0.0,0.0,0.0,True
2030,P0298,Xinjiang,ammonia,0.0,0.0,0.0,0.0,0.0,True
2030,P0299,Liaoning,unabated,1.0,1612363.9999999998,1.3221384799999998,0.0,0.0,True
2030,P0299,Liaoning,retire,0.0,0.0,0.0,0.0,0.0,True
2030,P0299,Liaoning,ccs,0.0,0.0,0.0,0.0,0.0,True
2030,P0299,Liaoning,biomass,0.0,0.0,0.0,0.0,0.0,True
2030,P0299,Liaoning,beccs,0.0,0.0,0.0,0.0,0.0,True
2030,P0299,Liaoning,ammonia,0.0,0.0,0.0,0.0,0.0,True
2030,P0300,Guangxi,unabated,1.0,6318312.0,5.18101584,0.0,0.0,True
2030,P0300,Guangxi,retire,0.0,0.0,0.0,0.0,0.0,True
2030,P0300,Guangxi,ccs,0.0,0.0,0.0,0.0,0.0,True
2030,P0300,Guangxi,biomass,0.0,0.0,0.0,0.0,0.0,True
2030,P0300,Guangxi,beccs,0.0,0.0,0.0,0.0,0.0,True
2030,P0300,Guangxi,ammonia,0.0,0.0,0.0,0.0,0.0,True
2030,P0301,Jiangsu,unabated,1.0,320992.0,0.26321344,0.0,0.0,True
2030,P0301,Jiangsu,retire,0.0,0.0,0.0,0.0,0.0,True
2030,P0301,Jiangsu,ccs,0.0,0.0,0.0,0.0,0.0,True
2030,P0301,Jiangsu,biomass,0.0,0.0,0.0,0.0,0.0,True
2030,P0301,Jiangsu,beccs,0.0,0.0,0.0,0.0,0.0,True
2030,P0301,Jiangsu,ammonia,0.0,0.0,0.0,0.0,0.0,True
2030,P0302,Xinjiang,unabated,1.0,3696839.9999999995,3.0314087999999995,0.0,0.0,True
2030,P0302,Xinjiang,retire,0.0,0.0,0.0,0.0,0.0,True
2030,P0302,Xinjiang,ccs,0.0,0.0,0.0,0.0,0.0,True
2030,P0302,Xinjiang,biomass,0.0,0.0,0.0,0.0,0.0,True
2030,P0302,Xinjiang,beccs,0.0,0.0,0.0,0.0,0.0,True
2030,P0302,Xinjiang,ammonia,0.0,0.0,0.0,0.0,0.0,True
2030,P0303,Henan,unabated,1.0,4679480.0,3.8371735999999994,0.0,0.0,True
2030,P0303,Henan,retire,0.0,0.0,0.0,0.0,0.0,True
2030,P0303,Henan,ccs,0.0,0.0,0.0,0.0,0.0,True
2030,P0303,Henan,biomass,0.0,0.0,0.0,0.0,0.0,True
2030,P0303,Henan,beccs,0.0,0.0,0.0,0.0,0.0,True
2030,P0303,Henan,ammonia,0.0,0.0,0.0,0.0,0.0,True
2030,P0304,Inner Mongolia,unabated,1.0,503150.0,0.412583,0.0,0.0,True
2030,P0304,Inner Mongolia,retire,0.0,0.0,0.0,0.0,0.0,True
2030,P0304,Inner Mongolia,ccs,0.0,0.0,0.0,0.0,0.0,True
2030,P0304,Inner Mongolia,biomass,0.0,0.0,0.0,0.0,0.0,True
2030,P0304,Inner Mongolia,beccs,0.0,0.0,0.0,0.0,0.0,True
2030,P0304,Inner Mongolia,ammonia,0.0,0.0,0.0,0.0,0.0,True
2030,P0305,Inner Mongolia,unabated,1.0,1509449.9999999998,1.2377489999999998,0.0,0.0,True
2030,P0305,Inner Mongolia,retire,0.0,0.0,0.0,0.0,0.0,True
2030,P0305,Inner Mongolia,ccs,0.0,0.0,0.0,0.0,0.0,True
2030,P0305,Inner Mongolia,biomass,0.0,0.0,0.0,0.0,0.0,True
2030,P0305,Inner Mongolia,beccs,0.0,0.0,0.0,0.0,0.0,True
2030,P0305,Inner Mongolia,ammonia,0.0,0.0,0.0,0.0,0.0,True
2030,P0306,Inner Mongolia,unabated,1.0,3320790.0,2.7230478,0.0,0.0,True
2030,P0306,Inner Mongolia,retire,0.0,0.0,0.0,0.0,0.0,True
2030,P0306,Inner Mongolia,ccs,0.0,0.0,0.0,0.0,0.0,True
2030,P0306,Inner Mongolia,biomass,0.0,0.0,0.0,0.0,0.0,True
2030,P0306,Inner Mongolia,beccs,0.0,0.0,0.0,0.0,0.0,True
2030,P0306,Inner Mongolia,ammonia,0.0,0.0,0.0,0.0,0.0,True
2030,P0307,Hunan,unabated,1.0,15627600.0,12.814632,0.0,0.0,True
2030,P0307,Hunan,retire,0.0,0.0,0.0,0.0,0.0,True
2030,P0307,Hunan,ccs,0.0,0.0,0.0,0.0,0.0,True
2030,P0307,Hunan,biomass,0.0,0.0,0.0,0.0,0.0,True
2030,P0307,Hunan,beccs,0.0,0.0,0.0,0.0,0.0,True
2030,P0307,Hunan,ammonia,0.0,0.0,0.0,0.0,0.0,True
2030,P0308,Qinghai,unabated,1.0,1106190.0,0.9070757999999999,0.0,0.0,True
2030,P0308,Qinghai,retire,0.0,0.0,0.0,0.0,0.0,True
2030,P0308,Qinghai,ccs,0.0,0.0,0.0,0.0,0.0,True
2030,P0308,Qinghai,biomass,0.0,0.0,0.0,0.0,0.0,True
2030,P0308,Qinghai,beccs,0.0,0.0,0.0,0.0,0.0,True
2030,P0308,Qinghai,ammonia,0.0,0.0,0.0,0.0,0.0,True
2030,P0309,Inner Mongolia,unabated,1.0,10063000.0,8.25166,0.0,0.0,True
2030,P0309,Inner Mongolia,retire,0.0,0.0,0.0,0.0,0.0,True
2030,P0309,Inner Mongolia,ccs,0.0,0.0,0.0,0.0,0.0,True
2030,P0309,Inner Mongolia,biomass,0.0,0.0,0.0,0.0,0.0,True
2030,P0309,Inner Mongolia,beccs,0.0,0.0,0.0,0.0,0.0,True
2030,P0309,Inner Mongolia,ammonia,0.0,0.0,0.0,0.0,0.0,True
2030,P0310,Shaanxi,unabated,1.0,11980320.0,9.823862399999998,0.0,0.0,True
2030,P0310,Shaanxi,retire,0.0,0.0,0.0,0.0,0.0,True
2030,P0310,Shaanxi,ccs,0.0,0.0,0.0,0.0,0.0,True
2030,P0310,Shaanxi,biomass,0.0,0.0,0.0,0.0,0.0,True
2030,P0310,Shaanxi,beccs,0.0,0.0,0.0,0.0,0.0,True
2030,P0310,Shaanxi,ammonia,0.0,0.0,0.0,0.0,0.0,True
2030,P0311,Hunan,unabated,0.0,0.0,0.0,0.0,0.0,True
2030,P0311,Hunan,retire,0.0,0.0,0.0,0.0,0.0,True
2030,P0311,Hunan,ccs,0.0,0.0,0.0,0.0,0.0,True
2030,P0311,Hunan,biomass,1.0,5157108.0,4.228828559999999,4.228828559999999,0.0,True
2030,P0311,Hunan,beccs,0.0,0.0,0.0,0.0,0.0,True
2030,P0311,Hunan,ammonia,0.0,0.0,0.0,0.0,0.0,True
2030,P0312,Shanxi,unabated,1.0,2777700.0,2.277714,0.0,0.0,True
2030,P0312,Shanxi,retire,0.0,0.0,0.0,0.0,0.0,True
2030,P0312,Shanxi,ccs,0.0,0.0,0.0,0.0,0.0,True
2030,P0312,Shanxi,biomass,0.0,0.0,0.0,0.0,0.0,True
2030,P0312,Shanxi,beccs,0.0,0.0,0.0,0.0,0.0,True
2030,P0312,Shanxi,ammonia,0.0,0.0,0.0,0.0,0.0,True
2030,P0313,Xinjiang,unabated,1.0,4224959.999999999,3.464467199999999,0.0,0.0,True
2030,P0313,Xinjiang,retire,0.0,0.0,0.0,0.0,0.0,True
2030,P0313,Xinjiang,ccs,0.0,0.0,0.0,0.0,0.0,True
2030,P0313,Xinjiang,biomass,0.0,0.0,0.0,0.0,0.0,True
2030,P0313,Xinjiang,beccs,0.0,0.0,0.0,0.0,0.0,True
2030,P0313,Xinjiang,ammonia,0.0,0.0,0.0,0.0,0.0,True
2030,P0314,Inner Mongolia,unabated,1.0,6037799.999999999,4.950995999999999,0.0,0.0,True
2030,P0314,Inner Mongolia,retire,0.0,0.0,0.0,0.0,0.0,True
2030,P0314,Inner Mongolia,ccs,0.0,0.0,0.0,0.0,0.0,True
2030,P0314,Inner Mongolia,biomass,0.0,0.0,0.0,0.0,0.0,True
2030,P0314,Inner Mongolia,beccs,0.0,0.0,0.0,0.0,0.0,True
2030,P0314,Inner Mongolia,ammonia,0.0,0.0,0.0,0.0,0.0,True
2030,P0315,Jiangxi,unabated,1.0,22974048.0,18.83871936,0.0,0.0,True
2030,P0315,Jiangxi,retire,0.0,0.0,0.0,0.0,0.0,True
2030,P0315,Jiangxi,ccs,0.0,0.0,0.0,0.0,0.0,True
2030,P0315,Jiangxi,biomass,0.0,0.0,0.0,0.0,0.0,True
2030,P0315,Jiangxi,beccs,0.0,0.0,0.0,0.0,0.0,True
2030,P0315,Jiangxi,ammonia,0.0,0.0,0.0,0.0,0.0,True
2030,P0316,Chongqing,unabated,1.0,5753040.0,4.7174928,0.0,0.0,True
2030,P0316,Chongqing,retire,0.0,0.0,0.0,0.0,0.0,True
2030,P0316,Chongqing,ccs,0.0,0.0,0.0,0.0,0.0,True
2030,P0316,Chongqing,biomass,0.0,0.0,0.0,0.0,0.0,True
2030,P0316,Chongqing,beccs,0.0,0.0,0.0,0.0,0.0,True
2030,P0316,Chongqing,ammonia,0.0,0.0,0.0,0.0,0.0,True
2030,P0317,Jiangsu,unabated,1.0,6871235.0,5.6344126999999995,0.0,0.0,True
2030,P0317,Jiangsu,retire,0.0,0.0,0.0,0.0,0.0,True
2030,P0317,Jiangsu,ccs,0.0,0.0,0.0,0.0,0.0,True
2030,P0317,Jiangsu,biomass,0.0,0.0,0.0,0.0,0.0,True
2030,P0317,Jiangsu,beccs,0.0,0.0,0.0,0.0,0.0,True
2030,P0317,Jiangsu,ammonia,0.0,0.0,0.0,0.0,0.0,True
2030,P0318,Jilin,unabated,1.0,1991770.0000000002,1.6332514000000002,0.0,0.0,True
2030,P0318,Jilin,retire,0.0,0.0,0.0,0.0,0.0,True
2030,P0318,Jilin,ccs,0.0,0.0,0.0,0.0,0.0,True
2030,P0318,Jilin,biomass,0.0,0.0,0.0,0.0,0.0,True
2030,P0318,Jilin,beccs,0.0,0.0,0.0,0.0,0.0,True
2030,P0318,Jilin,ammonia,0.0,0.0,0.0,0.0,0.0,True
2030,P0319,Inner Mongolia,unabated,1.0,3522049.9999999995,2.8880809999999997,0.0,0.0,True
2030,P0319,Inner Mongolia,retire,0.0,0.0,0.0,0.0,0.0,True
2030,P0319,Inner Mongolia,ccs,0.0,0.0,0.0,0.0,0.0,True
2030,P0319,Inner Mongolia,biomass,0.0,0.0,0.0,0.0,0.0,True
2030,P0319,Inner Mongolia,beccs,0.0,0.0,0.0,0.0,0.0,True
2030,P0319,Inner Mongolia,ammonia,0.0,0.0,0.0,0.0,0.0,True
2030,P0320,Guizhou,unabated,1.0,1424130.0,1.1677866,0.0,0.0,True
2030,P0320,Guizhou,retire,0.0,0.0,0.0,0.0,0.0,True
2030,P0320,Guizhou,ccs,0.0,0.0,0.0,0.0,0.0,True
2030,P0320,Guizhou,biomass,0.0,0.0,0.0,0.0,0.0,True
2030,P0320,Guizhou,beccs,0.0,0.0,0.0,0.0,0.0,True
2030,P0320,Guizhou,ammonia,0.0,0.0,0.0,0.0,0.0,True
2030,P0321,Jilin,unabated,1.0,2390124.0000000005,1.9599016800000002,0.0,0.0,True
2030,P0321,Jilin,retire,0.0,0.0,0.0,0.0,0.0,True
2030,P0321,Jilin,ccs,0.0,0.0,0.0,0.0,0.0,True
2030,P0321,Jilin,biomass,0.0,0.0,0.0,0.0,0.0,True
2030,P0321,Jilin,beccs,0.0,0.0,0.0,0.0,0.0,True
2030,P0321,Jilin,ammonia,0.0,0.0,0.0,0.0,0.0,True
2030,P0322,Xinjiang,unabated,1.0,3696839.9999999995,3.0314087999999995,0.0,0.0,True
2030,P0322,Xinjiang,retire,0.0,0.0,0.0,0.0,0.0,True
2030,P0322,Xinjiang,ccs,0.0,0.0,0.0,0.0,0.0,True
2030,P0322,Xinjiang,biomass,0.0,0.0,0.0,0.0,0.0,True
2030,P0322,Xinjiang,beccs,0.0,0.0,0.0,0.0,0.0,True
2030,P0322,Xinjiang,ammonia,0.0,0.0,0.0,0.0,0.0,True
2030,P0323,Henan,unabated,1.0,14398400.0,11.806688,0.0,0.0,True
2030,P0323,Henan,retire,0.0,0.0,0.0,0.0,0.0,True
2030,P0323,Henan,ccs,0.0,0.0,0.0,0.0,0.0,True
2030,P0323,Henan,biomass,0.0,0.0,0.0,0.0,0.0,True
2030,P0323,Henan,beccs,0.0,0.0,0.0,0.0,0.0,True
2030,P0323,Henan,ammonia,0.0,0.0,0.0,0.0,0.0,True
2030,P0324,Shaanxi,unabated,1.0,14430840.0,11.833288799999998,0.0,0.0,True
2030,P0324,Shaanxi,retire,0.0,0.0,0.0,0.0,0.0,True
2030,P0324,Shaanxi,ccs,0.0,0.0,0.0,0.0,0.0,True
2030,P0324,Shaanxi,biomass,0.0,0.0,0.0,0.0,0.0,True
2030,P0324,Shaanxi,beccs,0.0,0.0,0.0,0.0,0.0,True
2030,P0324,Shaanxi,ammonia,0.0,0.0,0.0,0.0,0.0,True
2030,P0325,Zhejiang,unabated,1.0,5529764.7,4.534407054,0.0,0.0,True
2030,P0325,Zhejiang,retire,0.0,0.0,0.0,0.0,0.0,True
2030,P0325,Zhejiang,ccs,0.0,0.0,0.0,0.0,0.0,True
2030,P0325,Zhejiang,biomass,0.0,0.0,0.0,0.0,0.0,True
2030,P0325,Zhejiang,beccs,0.0,0.0,0.0,0.0,0.0,True
2030,P0325,Zhejiang,ammonia,0.0,0.0,0.0,0.0,0.0,True
2030,P0326,Zhejiang,unabated,1.0,37944481.5,31.11447483,0.0,0.0,True
2030,P0326,Zhejiang,retire,0.0,0.0,0.0,0.0,0.0,True
2030,P0326,Zhejiang,ccs,0.0,0.0,0.0,0.0,0.0,True
2030,P0326,Zhejiang,biomass,0.0,0.0,0.0,0.0,0.0,True
2030,P0326,Zhejiang,beccs,0.0,0.0,0.0,0.0,0.0,True
2030,P0326,Zhejiang,ammonia,0.0,0.0,0.0,0.0,0.0,True
2030,P0327,Chongqing,unabated,1.0,13711412.0,11.24335784,0.0,0.0,True
2030,P0327,Chongqing,retire,0.0,0.0,0.0,0.0,0.0,True
2030,P0327,Chongqing,ccs,0.0,0.0,0.0,0.0,0.0,True
2030,P0327,Chongqing,biomass,0.0,0.0,0.0,0.0,0.0,True
2030,P0327,Chongqing,beccs,0.0,0.0,0.0,0.0,0.0,True
2030,P0327,Chongqing,ammonia,0.0,0.0,0.0,0.0,0.0,True
2030,P0328,Inner Mongolia,unabated,1.0,11924655.0,9.778217099999999,0.0,0.0,True
2030,P0328,Inner Mongolia,retire,0.0,0.0,0.0,0.0,0.0,True
2030,P0328,Inner Mongolia,ccs,0.0,0.0,0.0,0.0,0.0,True
2030,P0328,Inner Mongolia,biomass,0.0,0.0,0.0,0.0,0.0,True
2030,P0328,Inner Mongolia,beccs,0.0,0.0,0.0,0.0,0.0,True
2030,P0328,Inner Mongolia,ammonia,0.0,0.0,0.0,0.0,0.0,True
2030,P0329,Xinjiang,unabated,1.0,528119.9999999999,0.4330583999999999,0.0,0.0,True
2030,P0329,Xinjiang,retire,0.0,0.0,0.0,0.0,0.0,True
2030,P0329,Xinjiang,ccs,0.0,0.0,0.0,0.0,0.0,True
2030,P0329,Xinjiang,biomass,0.0,0.0,0.0,0.0,0.0,True
2030,P0329,Xinjiang,beccs,0.0,0.0,0.0,0.0,0.0,True
2030,P0329,Xinjiang,ammonia,0.0,0.0,0.0,0.0,0.0,True
2030,P0330,Gansu,unabated,1.0,25137600.0,20.612832,0.0,0.0,True
2030,P0330,Gansu,retire,0.0,0.0,0.0,0.0,0.0,True
2030,P0330,Gansu,ccs,0.0,0.0,0.0,0.0,0.0,True
2030,P0330,Gansu,biomass,0.0,0.0,0.0,0.0,0.0,True
2030,P0330,Gansu,beccs,0.0,0.0,0.0,0.0,0.0,True
2030,P0330,Gansu,ammonia,0.0,0.0,0.0,0.0,0.0,True
2030,P0331,Guangdong,unabated,1.0,25414742.0,20.84008844,0.0,0.0,True
2030,P0331,Guangdong,retire,0.0,0.0,0.0,0.0,0.0,True
2030,P0331,Guangdong,ccs,0.0,0.0,0.0,0.0,0.0,True
2030,P0331,Guangdong,biomass,0.0,0.0,0.0,0.0,0.0,True
2030,P0331,Guangdong,beccs,0.0,0.0,0.0,0.0,0.0,True
2030,P0331,Guangdong,ammonia,0.0,0.0,0.0,0.0,0.0,True
2030,P0332,Hebei,unabated,1.0,17107584.0,14.028218879999999,0.0,0.0,True
2030,P0332,Hebei,retire,0.0,0.0,0.0,0.0,0.0,True
2030,P0332,Hebei,ccs,0.0,0.0,0.0,0.0,0.0,True
2030,P0332,Hebei,biomass,0.0,0.0,0.0,0.0,0.0,True
2030,P0332,Hebei,beccs,0.0,0.0,0.0,0.0,0.0,True
2030,P0332,Hebei,ammonia,0.0,0.0,0.0,0.0,0.0,True
2030,P0333,Guangdong,unabated,1.0,15675001.14,12.8535009348,0.0,0.0,True
2030,P0333,Guangdong,retire,0.0,0.0,0.0,0.0,0.0,True
2030,P0333,Guangdong,ccs,0.0,0.0,0.0,0.0,0.0,True
2030,P0333,Guangdong,biomass,0.0,0.0,0.0,0.0,0.0,True
2030,P0333,Guangdong,beccs,0.0,0.0,0.0,0.0,0.0,True
2030,P0333,Guangdong,ammonia,0.0,0.0,0.0,0.0,0.0,True
2030,P0334,Hebei,unabated,1.0,3118570.0,2.5572274,0.0,0.0,True
2030,P0334,Hebei,retire,0.0,0.0,0.0,0.0,0.0,True
2030,P0334,Hebei,ccs,0.0,0.0,0.0,0.0,0.0,True
2030,P0334,Hebei,biomass,0.0,0.0,0.0,0.0,0.0,True
2030,P0334,Hebei,beccs,0.0,0.0,0.0,0.0,0.0,True
2030,P0334,Hebei,ammonia,0.0,0.0,0.0,0.0,0.0,True
2030,P0335,Hubei,unabated,1.0,17248159.999999996,14.143491199999996,0.0,0.0,True
2030,P0335,Hubei,retire,0.0,0.0,0.0,0.0,0.0,True
2030,P0335,Hubei,ccs,0.0,0.0,0.0,0.0,0.0,True
2030,P0335,Hubei,biomass,0.0,0.0,0.0,0.0,0.0,True
2030,P0335,Hubei,beccs,0.0,0.0,0.0,0.0,0.0,True
2030,P0335,Hubei,ammonia,0.0,0.0,0.0,0.0,0.0,True
2030,P0336,Inner Mongolia,unabated,1.0,10063000.0,8.25166,0.0,0.0,True
2030,P0336,Inner Mongolia,retire,0.0,0.0,0.0,0.0,0.0,True
2030,P0336,Inner Mongolia,ccs,0.0,0.0,0.0,0.0,0.0,True
2030,P0336,Inner Mongolia,biomass,0.0,0.0,0.0,0.0,0.0,True
2030,P0336,Inner Mongolia,beccs,0.0,0.0,0.0,0.0,0.0,True
2030,P0336,Inner Mongolia,ammonia,0.0,0.0,0.0,0.0,0.0,True
2030,P0337,Guizhou,unabated,1.0,3322970.0,2.7248354,0.0,0.0,True
2030,P0337,Guizhou,retire,0.0,0.0,0.0,0.0,0.0,True
2030,P0337,Guizhou,ccs,0.0,0.0,0.0,0.0,0.0,True
2030,P0337,Guizhou,biomass,0.0,0.0,0.0,0.0,0.0,True
2030,P0337,Guizhou,beccs,0.0,0.0,0.0,0.0,0.0,True
2030,P0337,Guizhou,ammonia,0.0,0.0,0.0,0.0,0.0,True
2030,P0338,Guangxi,unabated,0.0,0.0,0.0,0.0,0.0,True
2030,P0338,Guangxi,retire,0.0,0.0,0.0,0.0,0.0,True
2030,P0338,Guangxi,ccs,0.0,0.0,0.0,0.0,0.0,True
2030,P0338,Guangxi,biomass,1.0,2871960.0,2.3550071999999997,2.3550071999999997,0.0,True
2030,P0338,Guangxi,beccs,0.0,0.0,0.0,0.0,0.0,True
2030,P0338,Guangxi,ammonia,0.0,0.0,0.0,0.0,0.0,True
2030,P0339,Hainan,unabated,1.0,3320394.0,2.7227230799999997,0.0,0.0,True
2030,P0339,Hainan,retire,0.0,0.0,0.0,0.0,0.0,True
2030,P0339,Hainan,ccs,0.0,0.0,0.0,0.0,0.0,True
2030,P0339,Hainan,biomass,0.0,0.0,0.0,0.0,0.0,True
2030,P0339,Hainan,beccs,0.0,0.0,0.0,0.0,0.0,True
2030,P0339,Hainan,ammonia,0.0,0.0,0.0,0.0,0.0,True
2030,P0340,Inner Mongolia,unabated,1.0,18817810.0,15.4306042,0.0,0.0,True
2030,P0340,Inner Mongolia,retire,0.0,0.0,0.0,0.0,0.0,True
2030,P0340,Inner Mongolia,ccs,0.0,0.0,0.0,0.0,0.0,True
2030,P0340,Inner Mongolia,biomass,0.0,0.0,0.0,0.0,0.0,True
2030,P0340,Inner Mongolia,beccs,0.0,0.0,0.0,0.0,0.0,True
2030,P0340,Inner Mongolia,ammonia,0.0,0.0,0.0,0.0,0.0,True
2030,P0341,Hebei,unabated,1.0,445510.0,0.3653181999999999,0.0,0.0,True
2030,P0341,Hebei,retire,0.0,0.0,0.0,0.0,0.0,True
2030,P0341,Hebei,ccs,0.0,0.0,0.0,0.0,0.0,True
2030,P0341,Hebei,biomass,0.0,0.0,0.0,0.0,0.0,True
2030,P0341,Hebei,beccs,0.0,0.0,0.0,0.0,0.0,True
2030,P0341,Hebei,ammonia,0.0,0.0,0.0,0.0,0.0,True
2030,P0342,Zhejiang,unabated,1.0,29115678.0,23.874855959999998,0.0,0.0,True
2030,P0342,Zhejiang,retire,0.0,0.0,0.0,0.0,0.0,True
2030,P0342,Zhejiang,ccs,0.0,0.0,0.0,0.0,0.0,True
2030,P0342,Zhejiang,biomass,0.0,0.0,0.0,0.0,0.0,True
2030,P0342,Zhejiang,beccs,0.0,0.0,0.0,0.0,0.0,True
2030,P0342,Zhejiang,ammonia,0.0,0.0,0.0,0.0,0.0,True
2030,P0343,Hunan,unabated,1.0,15315048.0,12.55833936,0.0,0.0,True
2030,P0343,Hunan,retire,0.0,0.0,0.0,0.0,0.0,True
2030,P0343,Hunan,ccs,0.0,0.0,0.0,0.0,0.0,True
2030,P0343,Hunan,biomass,0.0,0.0,0.0,0.0,0.0,True
2030,P0343,Hunan,beccs,0.0,0.0,0.0,0.0,0.0,True
2030,P0343,Hunan,ammonia,0.0,0.0,0.0,0.0,0.0,True
2030,P0344,Xinjiang,unabated,1.0,20913551.999999996,17.14911264,0.0,0.0,True
2030,P0344,Xinjiang,retire,0.0,0.0,0.0,0.0,0.0,True
2030,P0344,Xinjiang,ccs,0.0,0.0,0.0,0.0,0.0,True
2030,P0344,Xinjiang,biomass,0.0,0.0,0.0,0.0,0.0,True
2030,P0344,Xinjiang,beccs,0.0,0.0,0.0,0.0,0.0,True
2030,P0344,Xinjiang,ammonia,0.0,0.0,0.0,0.0,0.0,True
2030,P0345,Gansu,unabated,1.0,8379200.0,6.870944,0.0,0.0,True
2030,P0345,Gansu,retire,0.0,0.0,0.0,0.0,0.0,True
2030,P0345,Gansu,ccs,0.0,0.0,0.0,0.0,0.0,True
2030,P0345,Gansu,biomass,0.0,0.0,0.0,0.0,0.0,True
2030,P0345,Gansu,beccs,0.0,0.0,0.0,0.0,0.0,True
2030,P0345,Gansu,ammonia,0.0,0.0,0.0,0.0,0.0,True
2030,P0346,Inner Mongolia,unabated,1.0,26465690.0,21.701865799999997,0.0,0.0,True
2030,P0346,Inner Mongolia,retire,0.0,0.0,0.0,0.0,0.0,True
2030,P0346,Inner Mongolia,ccs,0.0,0.0,0.0,0.0,0.0,True
2030,P0346,Inner Mongolia,biomass,0.0,0.0,0.0,0.0,0.0,True
2030,P0346,Inner Mongolia,beccs,0.0,0.0,0.0,0.0,0.0,True
2030,P0346,Inner Mongolia,ammonia,0.0,0.0,0.0,0.0,0.0,True
2030,P0347,Ningxia,unabated,1.0,3777884.0,3.09786488,0.0,0.0,True
2030,P0347,Ningxia,retire,0.0,0.0,0.0,0.0,0.0,True
2030,P0347,Ningxia,ccs,0.0,0.0,0.0,0.0,0.0,True
2030,P0347,Ningxia,biomass,0.0,0.0,0.0,0.0,0.0,True
2030,P0347,Ningxia,beccs,0.0,0.0,0.0,0.0,0.0,True
2030,P0347,Ningxia,ammonia,0.0,0.0,0.0,0.0,0.0,True
2030,P0348,Jiangsu,unabated,1.0,25729515.0,21.098202299999997,0.0,0.0,True
2030,P0348,Jiangsu,retire,0.0,0.0,0.0,0.0,0.0,True
2030,P0348,Jiangsu,ccs,0.0,0.0,0.0,0.0,0.0,True
2030,P0348,Jiangsu,biomass,0.0,0.0,0.0,0.0,0.0,True
2030,P0348,Jiangsu,beccs,0.0,0.0,0.0,0.0,0.0,True
2030,P0348,Jiangsu,ammonia,0.0,0.0,0.0,0.0,0.0,True
2030,P0349,Guangdong,unabated,1.0,6281210.0,5.150592199999999,0.0,0.0,True
2030,P0349,Guangdong,retire,0.0,0.0,0.0,0.0,0.0,True
2030,P0349,Guangdong,ccs,0.0,0.0,0.0,0.0,0.0,True
2030,P0349,Guangdong,biomass,0.0,0.0,0.0,0.0,0.0,True
2030,P0349,Guangdong,beccs,0.0,0.0,0.0,0.0,0.0,True
2030,P0349,Guangdong,ammonia,0.0,0.0,0.0,0.0,0.0,True
2030,P0350,Guangxi,unabated,0.0,0.0,0.0,0.0,0.0,True
2030,P0350,Guangxi,retire,0.0,0.0,0.0,0.0,0.0,True
2030,P0350,Guangxi,ccs,0.0,0.0,0.0,0.0,0.0,True
2030,P0350,Guangxi,biomass,1.0,622258.0,0.51025156,0.51025156,0.0,True
2030,P0350,Guangxi,beccs,0.0,0.0,0.0,0.0,0.0,True
2030,P0350,Guangxi,ammonia,0.0,0.0,0.0,0.0,0.0,True
2040,P0001,Fujian,unabated,0.5577257133142981,35051506.142514914,28.742235036862226,0.0,0.0,True
2040,P0001,Fujian,retire,0.0,0.0,0.0,0.0,0.0,True
2040,P0001,Fujian,ccs,0.0,0.0,0.0,0.0,0.0,True
2040,P0001,Fujian,biomass,0.0,0.0,0.0,0.0,0.0,True
2040,P0001,Fujian,beccs,0.4422742866857019,27795705.857485086,22.79247880313777,43.305709725961755,23.590215561247586,True
2040,P0001,Fujian,ammonia,0.0,0.0,0.0,0.0,0.0,True
2040,P0002,Shanxi,unabated,1.0,64951884.99999999,53.26054569999999,0.0,0.0,True
2040,P0002,Shanxi,retire,0.0,0.0,0.0,0.0,0.0,True
2040,P0002,Shanxi,ccs,0.0,0.0,0.0,0.0,0.0,True
2040,P0002,Shanxi,biomass,0.0,0.0,0.0,0.0,0.0,True
2040,P0002,Shanxi,beccs,0.0,0.0,0.0,0.0,0.0,True
2040,P0002,Shanxi,ammonia,0.0,0.0,0.0,0.0,0.0,True
2040,P0003,Chongqing,unabated,0.0,0.0,0.0,0.0,0.0,True
2040,P0003,Chongqing,retire,0.0,0.0,0.0,0.0,0.0,True
2040,P0003,Chongqing,ccs,0.0,0.0,0.0,0.0,0.0,True
2040,P0003,Chongqing,biomass,0.06666666666666667,2162184.2,1.772991044,1.772991044,0.0,True
2040,P0003,Chongqing,beccs,0.9333333333333333,30270578.8,24.821874616,47.1615617704,25.69064022756,True
2040,P0003,Chongqing,ammonia,0.0,0.0,0.0,0.0,0.0,True
2040,P0004,Inner Mongolia,unabated,0.0,0.0,0.0,0.0,0.0,True
2040,P0004,Inner Mongolia,retire,0.0,0.0,0.0,0.0,0.0,True
2040,P0004,Inner Mongolia,ccs,0.5494687371206673,5971648.213776898,4.896751535297056,4.40707638176735,5.0681378390324525,True
2040,P0004,Inner Mongolia,biomass,0.0,0.0,0.0,0.0,0.0,True
2040,P0004,Inner Mongolia,beccs,0.45053126287933365,4896391.786223114,4.015041264702952,5.621057770584133,4.155567708967556,True
2040,P0004,Inner Mongolia,ammonia,0.0,0.0,0.0,0.0,0.0,True
2040,P0005,Sichuan,unabated,0.0,0.0,0.0,0.0,0.0,True
2040,P0005,Sichuan,retire,0.0,0.0,0.0,0.0,0.0,True
2040,P0005,Sichuan,ccs,0.0,0.0,0.0,0.0,0.0,True
2040,P0005,Sichuan,biomass,0.34152956579990834,6424664.984448422,5.268225287247706,5.268225287247706,0.0,True
2040,P0005,Sichuan,beccs,0.6584704342000917,12386781.015551575,10.157160432752292,19.298604822229354,10.512661047898622,True
2040,P0005,Sichuan,ammonia,0.0,0.0,0.0,0.0,0.0,True
2040,P0006,Hebei,unabated,1.0,22899214.0,18.77735548,0.0,0.0,True
2040,P0006,Hebei,retire,0.0,0.0,0.0,0.0,0.0,True
2040,P0006,Hebei,ccs,0.0,0.0,0.0,0.0,0.0,True
2040,P0006,Hebei,biomass,0.0,0.0,0.0,0.0,0.0,True
2040,P0006,Hebei,beccs,0.0,0.0,0.0,0.0,0.0,True
2040,P0006,Hebei,ammonia,0.0,0.0,0.0,0.0,0.0,True
2040,P0007,Hebei,unabated,1.0,38741549.6,31.768070671999997,0.0,0.0,True
2040,P0007,Hebei,retire,0.0,0.0,0.0,0.0,0.0,True
2040,P0007,Hebei,ccs,0.0,0.0,0.0,0.0,0.0,True
2040,P0007,Hebei,biomass,0.0,0.0,0.0,0.0,0.0,True
2040,P0007,Hebei,beccs,0.0,0.0,0.0,0.0,0.0,True
2040,P0007,Hebei,ammonia,0.0,0.0,0.0,0.0,0.0,True
2040,P0008,Shandong,unabated,0.06689946534453939,798242.3867472976,0.654558757132784,0.0,0.0,True
2040,P0008,Shandong,retire,0.0,0.0,0.0,0.0,0.0,True
2040,P0008,Shandong,ccs,0.0,0.0,0.0,0.0,0.0,True
2040,P0008,Shandong,biomass,0.9331005346554606,11133727.213252705,9.129656314867216,9.129656314867216,0.0,True
2040,P0008,Shandong,beccs,0.0,0.0,0.0,0.0,0.0,True
2040,P0008,Shandong,ammonia,0.0,0.0,0.0,0.0,0.0,True
2040,P0009,Inner Mongolia,unabated,1.0,107372210.0,88.0452122,0.0,0.0,True
2040,P0009,Inner Mongolia,retire,0.0,0.0,0.0,0.0,0.0,True
2040,P0009,Inner Mongolia,ccs,0.0,0.0,0.0,0.0,0.0,True
2040,P0009,Inner Mongolia,biomass,0.0,0.0,0.0,0.0,0.0,True
2040,P0009,Inner Mongolia,beccs,0.0,0.0,0.0,0.0,0.0,True
2040,P0009,Inner Mongolia,ammonia,0.0,0.0,0.0,0.0,0.0,True
2040,P0010,Yunnan,unabated,0.3062809459588316,5106862.33623323,4.187627115711249,0.0,0.0,True
2040,P0010,Yunnan,retire,0.0,0.0,0.0,0.0,0.0,True
2040,P0010,Yunnan,ccs,0.0,0.0,0.0,0.0,0.0,True
2040,P0010,Yunnan,biomass,0.6937190540411684,11566921.663766768,9.484875764288748,9.484875764288748,0.0,True
2040,P0010,Yunnan,beccs,0.0,0.0,0.0,0.0,0.0,True
2040,P0010,Yunnan,ammonia,0.0,0.0,0.0,0.0,0.0,True
2040,P0011,Guangdong,unabated,1.0,41214401.0,33.79580882,0.0,0.0,True
2040,P0011,Guangdong,retire,0.0,0.0,0.0,0.0,0.0,True
2040,P0011,Guangdong,ccs,0.0,0.0,0.0,0.0,0.0,True
2040,P0011,Guangdong,biomass,0.0,0.0,0.0,0.0,0.0,True
2040,P0011,Guangdong,beccs,0.0,0.0,0.0,0.0,0.0,True
2040,P0011,Guangdong,ammonia,0.0,0.0,0.0,0.0,0.0,True
2040,P0012,Liaoning,unabated,0.0,0.0,0.0,0.0,0.0,True
2040,P0012,Liaoning,retire,0.0,0.0,0.0,0.0,0.0,True
2040,P0012,Liaoning,ccs,0.0,0.0,0.0,0.0,0.0,True
2040,P0012,Liaoning,biomass,1.0,17363920.0,14.238414399999998,14.238414399999998,0.0,True
2040,P0012,Liaoning,beccs,0.0,0.0,0.0,0.0,0.0,True
2040,P0012,Liaoning,ammonia,0.0,0.0,0.0,0.0,0.0,True
2040,P0013,Shanxi,unabated,1.0,81340315.0,66.69905829999999,0.0,0.0,True
2040,P0013,Shanxi,retire,0.0,0.0,0.0,0.0,0.0,True
2040,P0013,Shanxi,ccs,0.0,0.0,0.0,0.0,0.0,True
2040,P0013,Shanxi,biomass,0.0,0.0,0.0,0.0,0.0,True
2040,P0013,Shanxi,beccs,0.0,0.0,0.0,0.0,0.0,True
2040,P0013,Shanxi,ammonia,0.0,0.0,0.0,0.0,0.0,True
2040,P0014,Guangdong,unabated,0.0,0.0,0.0,0.0,0.0,True
2040,P0014,Guangdong,retire,0.0,0.0,0.0,0.0,0.0,True
2040,P0014,Guangdong,ccs,0.0,0.0,0.0,0.0,0.0,True
2040,P0014,Guangdong,biomass,0.0,0.0,0.0,0.0,0.0,True
2040,P0014,Guangdong,beccs,1.0,11885982.0,9.74650524,18.518359955999998,10.087632923399998,True
2040,P0014,Guangdong,ammonia,0.0,0.0,0.0,0.0,0.0,True
2040,P0015,Hunan,unabated,0.0,0.0,0.0,0.0,0.0,True
2040,P0015,Hunan,retire,0.0,0.0,0.0,0.0,0.0,True
2040,P0015,Hunan,ccs,0.0,0.0,0.0,0.0,0.0,True
2040,P0015,Hunan,biomass,1.0,9884457.0,8.10525474,8.10525474,0.0,True
2040,P0015,Hunan,beccs,0.0,0.0,0.0,0.0,0.0,True
2040,P0015,Hunan,ammonia,0.0,0.0,0.0,0.0,0.0,True
2040,P0016,Hubei,unabated,0.03053351534651627,970862.2183351619,0.7961070190348327,0.0,0.0,True
2040,P0016,Hubei,retire,0.0,0.0,0.0,0.0,0.0,True
2040,P0016,Hubei,ccs,0.0,0.0,0.0,0.0,0.0,True
2040,P0016,Hubei,biomass,0.9561261259955717,30401567.626839798,24.92928545400863,24.92928545400863,0.0,True
2040,P0016,Hubei,beccs,0.013340358657912018,424178.1548250345,0.3478260869565282,0.6608695652174037,0.3600000000000067,True
2040,P0016,Hubei,ammonia,0.0,0.0,0.0,0.0,0.0,True
2040,P0017,Jiangsu,unabated,0.5281921695303574,24690057.74092501,20.24584734755851,0.0,0.0,True
2040,P0017,Jiangsu,retire,0.0,0.0,0.0,0.0,0.0,True
2040,P0017,Jiangsu,ccs,0.0,0.0,0.0,0.0,0.0,True
2040,P0017,Jiangsu,biomass,0.0,0.0,0.0,0.0,0.0,True
2040,P0017,Jiangsu,beccs,0.4718078304696426,22054402.25907499,18.08460985244149,34.36075871963883,18.71757119727694,True
2040,P0017,Jiangsu,ammonia,0.0,0.0,0.0,0.0,0.0,True
2040,P0018,Jilin,unabated,0.0,0.0,0.0,0.0,0.0,True
2040,P0018,Jilin,retire,0.0,0.0,0.0,0.0,0.0,True
2040,P0018,Jilin,ccs,0.0,0.0,0.0,0.0,0.0,True
2040,P0018,Jilin,biomass,1.0,3838684.0,3.14772088,3.14772088,0.0,True
2040,P0018,Jilin,beccs,0.0,0.0,0.0,0.0,0.0,True
2040,P0018,Jilin,ammonia,0.0,0.0,0.0,0.0,0.0,True
2040,P0019,Hunan,unabated,0.0,0.0,0.0,0.0,0.0,True
2040,P0019,Hunan,retire,0.0,0.0,0.0,0.0,0.0,True
2040,P0019,Hunan,ccs,0.0,0.0,0.0,0.0,0.0,True
2040,P0019,Hunan,biomass,1.0,15119703.0,12.39815646,12.39815646,0.0,True
2040,P0019,Hunan,beccs,0.0,0.0,0.0,0.0,0.0,True
2040,P0019,Hunan,ammonia,0.0,0.0,0.0,0.0,0.0,True
2040,P0020,Zhejiang,unabated,1.0,67514054.1,55.36152436199999,0.0,0.0,True
2040,P0020,Zhejiang,retire,0.0,0.0,0.0,0.0,0.0,True
2040,P0020,Zhejiang,ccs,0.0,0.0,0.0,0.0,0.0,True
2040,P0020,Zhejiang,biomass,0.0,0.0,0.0,0.0,0.0,True
2040,P0020,Zhejiang,beccs,0.0,0.0,0.0,0.0,0.0,True
2040,P0020,Zhejiang,ammonia,0.0,0.0,0.0,0.0,0.0,True
2040,P0021,Shandong,unabated,1.0,45246412.50000001,37.102058250000006,0.0,0.0,True
2040,P0021,Shandong,retire,0.0,0.0,0.0,0.0,0.0,True
2040,P0021,Shandong,ccs,0.0,0.0,0.0,0.0,0.0,True
2040,P0021,Shandong,biomass,0.0,0.0,0.0,0.0,0.0,True
2040,P0021,Shandong,beccs,0.0,0.0,0.0,0.0,0.0,True
2040,P0021,Shandong,ammonia,0.0,0.0,0.0,0.0,0.0,True
2040,P0022,Shandong,unabated,0.0,0.0,0.0,0.0,0.0,True
2040,P0022,Shandong,retire,0.0,0.0,0.0,0.0,0.0,True
2040,P0022,Shandong,ccs,0.0,0.0,0.0,0.0,0.0,True
2040,P0022,Shandong,biomass,1.0,15896209.500000002,13.034891790000001,13.034891790000001,0.0,True
2040,P0022,Shandong,beccs,0.0,0.0,0.0,0.0,0.0,True
2040,P0022,Shandong,ammonia,0.0,0.0,0.0,0.0,0.0,True
2040,P0023,Henan,unabated,0.0,0.0,0.0,0.0,0.0,True
2040,P0023,Henan,retire,0.0,0.0,0.0,0.0,0.0,True
2040,P0023,Henan,ccs,0.0,0.0,0.0,0.0,0.0,True
2040,P0023,Henan,biomass,1.0,20013776.0,16.411296319999998,16.411296319999998,0.0,True
2040,P0023,Henan,beccs,0.0,0.0,0.0,0.0,0.0,True
2040,P0023,Henan,ammonia,0.0,0.0,0.0,0.0,0.0,True
2040,P0024,Chongqing,unabated,0.0,0.0,0.0,0.0,0.0,True
2040,P0024,Chongqing,retire,0.0,0.0,0.0,0.0,0.0,True
2040,P0024,Chongqing,ccs,0.0,0.0,0.0,0.0,0.0,True
2040,P0024,Chongqing,biomass,1.0,5892071.800000001,4.831498876,4.831498876,0.0,True
2040,P0024,Chongqing,beccs,0.0,0.0,0.0,0.0,0.0,True
2040,P0024,Chongqing,ammonia,0.0,0.0,0.0,0.0,0.0,True
2040,P0025,Jilin,unabated,0.0,0.0,0.0,0.0,0.0,True
2040,P0025,Jilin,retire,0.0,0.0,0.0,0.0,0.0,True
2040,P0025,Jilin,ccs,0.0,0.0,0.0,0.0,0.0,True
2040,P0025,Jilin,biomass,0.20717673804236003,3226160.3083303915,2.6454514528309208,2.6454514528309208,0.0,True
2040,P0025,Jilin,beccs,0.79282326195764,12345859.69166961,10.12360494716908,19.23484939962125,10.477931120319996,True
2040,P0025,Jilin,ammonia,0.0,0.0,0.0,0.0,0.0,True
2040,P0026,Hainan,unabated,0.05045778309943305,533080.9280893692,0.43712636103328273,0.0,0.0,True
2040,P0026,Hainan,retire,0.0,0.0,0.0,0.0,0.0,True
2040,P0026,Hainan,ccs,0.0,0.0,0.0,0.0,0.0,True
2040,P0026,Hainan,biomass,0.0,0.0,0.0,0.0,0.0,True
2040,P0026,Hainan,beccs,0.949542216900567,10031809.07191063,8.226083438966716,15.629558534036759,8.513996359330552,True
2040,P0026,Hainan,ammonia,0.0,0.0,0.0,0.0,0.0,True
2040,P0027,Shandong,unabated,0.1504026252500763,8766382.681192411,7.188433798577778,0.0,0.0,True
2040,P0027,Shandong,retire,0.0,0.0,0.0,0.0,0.0,True
2040,P0027,Shandong,ccs,0.0,0.0,0.0,0.0,0.0,True
2040,P0027,Shandong,biomass,0.8495973747499237,49519718.818807594,40.60616943142223,40.60616943142223,0.0,True
2040,P0027,Shandong,beccs,0.0,0.0,0.0,0.0,0.0,True
2040,P0027,Shandong,ammonia,0.0,0.0,0.0,0.0,0.0,True
2040,P0028,Hunan,unabated,0.0,0.0,0.0,0.0,0.0,True
2040,P0028,Hunan,retire,0.0,0.0,0.0,0.0,0.0,True
2040,P0028,Hunan,ccs,0.0,0.0,0.0,0.0,0.0,True
2040,P0028,Hunan,biomass,1.0,22425606.0,18.388996919999997,18.388996919999997,0.0,True
2040,P0028,Hunan,beccs,0.0,0.0,0.0,0.0,0.0,True
2040,P0028,Hunan,ammonia,0.0,0.0,0.0,0.0,0.0,True
2040,P0029,Jilin,unabated,0.0,0.0,0.0,0.0,0.0,True
2040,P0029,Jilin,retire,0.0,0.0,0.0,0.0,0.0,True
2040,P0029,Jilin,ccs,0.0,0.0,0.0,0.0,0.0,True
2040,P0029,Jilin,biomass,0.0,0.0,0.0,0.0,0.0,True
2040,P0029,Jilin,beccs,1.0,434568.0,0.35634575999999996,0.6770569439999999,0.3688178616000073,True
2040,P0029,Jilin,ammonia,0.0,0.0,0.0,0.0,0.0,True
2040,P0030,Jilin,unabated,0.0,0.0,0.0,0.0,0.0,True
2040,P0030,Jilin,retire,0.0,0.0,0.0,0.0,0.0,True
2040,P0030,Jilin,ccs,0.0,0.0,0.0,0.0,0.0,True
2040,P0030,Jilin,biomass,0.0,0.0,0.0,0.0,0.0,True
2040,P0030,Jilin,beccs,1.0,16227493.4,13.306544588,25.282434717199997,13.772273648579999,True
2040,P0030,Jilin,ammonia,0.0,0.0,0.0,0.0,0.0,True
2040,P0031,Shanxi,unabated,0.051066116673421535,1158411.8769840645,0.9498977391269328,0.0,0.0,True
2040,P0031,Shanxi,retire,0.0,0.0,0.0,0.0,0.0,True
2040,P0031,Shanxi,ccs,0.0,0.0,0.0,0.0,0.0,True
2040,P0031,Shanxi,biomass,0.0,0.0,0.0,0.0,0.0,True
2040,P0031,Shanxi,beccs,0.9489338833265785,21526138.123015936,17.651433260873066,33.53772319565883,18.269233425003623,True
2040,P0031,Shanxi,ammonia,0.0,0.0,0.0,0.0,0.0,True
2040,P0032,Henan,unabated,0.0,0.0,0.0,0.0,0.0,True
2040,P0032,Henan,retire,0.0,0.0,0.0,0.0,0.0,True
2040,P0032,Henan,ccs,0.0,0.0,0.0,0.0,0.0,True
2040,P0032,Henan,biomass,1.0,8531052.0,6.9954626399999995,6.9954626399999995,0.0,True
2040,P0032,Henan,beccs,0.0,0.0,0.0,0.0,0.0,True
2040,P0032,Henan,ammonia,0.0,0.0,0.0,0.0,0.0,True
2040,P0033,Henan,unabated,0.0,0.0,0.0,0.0,0.0,True
2040,P0033,Henan,retire,0.0,0.0,0.0,0.0,0.0,True
2040,P0033,Henan,ccs,0.0,0.0,0.0,0.0,0.0,True
2040,P0033,Henan,biomass,1.0,22569492.0,18.50698344,18.50698344,0.0,True
2040,P0033,Henan,beccs,0.0,0.0,0.0,0.0,0.0,True
2040,P0033,Henan,ammonia,0.0,0.0,0.0,0.0,0.0,True
2040,P0034,Shandong,unabated,1.0,18403842.0,15.09115044,0.0,0.0,True
2040,P0034,Shandong,retire,0.0,0.0,0.0,0.0,0.0,True
2040,P0034,Shandong,ccs,0.0,0.0,0.0,0.0,0.0,True
2040,P0034,Shandong,biomass,0.0,0.0,0.0,0.0,0.0,True
2040,P0034,Shandong,beccs,0.0,0.0,0.0,0.0,0.0,True
2040,P0034,Shandong,ammonia,0.0,0.0,0.0,0.0,0.0,True
2040,P0035,Anhui,unabated,1.0,46348752.00000001,38.00597664,0.0,0.0,True
2040,P0035,Anhui,retire,0.0,0.0,0.0,0.0,0.0,True
2040,P0035,Anhui,ccs,0.0,0.0,0.0,0.0,0.0,True
2040,P0035,Anhui,biomass,0.0,0.0,0.0,0.0,0.0,True
2040,P0035,Anhui,beccs,0.0,0.0,0.0,0.0,0.0,True
2040,P0035,Anhui,ammonia,0.0,0.0,0.0,0.0,0.0,True
2040,P0036,Jiangsu,unabated,1.0,140042791.0,114.83508862,0.0,0.0,True
2040,P0036,Jiangsu,retire,0.0,0.0,0.0,0.0,0.0,True
2040,P0036,Jiangsu,ccs,0.0,0.0,0.0,0.0,0.0,True
2040,P0036,Jiangsu,biomass,0.0,0.0,0.0,0.0,0.0,True
2040,P0036,Jiangsu,beccs,0.0,0.0,0.0,0.0,0.0,True
2040,P0036,Jiangsu,ammonia,0.0,0.0,0.0,0.0,0.0,True
2040,P0037,Inner Mongolia,unabated,1.0,41962710.0,34.409422199999995,0.0,0.0,True
2040,P0037,Inner Mongolia,retire,0.0,0.0,0.0,0.0,0.0,True
2040,P0037,Inner Mongolia,ccs,0.0,0.0,0.0,0.0,0.0,True
2040,P0037,Inner Mongolia,biomass,0.0,0.0,0.0,0.0,0.0,True
2040,P0037,Inner Mongolia,beccs,0.0,0.0,0.0,0.0,0.0,True
2040,P0037,Inner Mongolia,ammonia,0.0,0.0,0.0,0.0,0.0,True
2040,P0038,Sichuan,unabated,0.0,0.0,0.0,0.0,0.0,True
2040,P0038,Sichuan,retire,0.0,0.0,0.0,0.0,0.0,True
2040,P0038,Sichuan,ccs,0.0,0.0,0.0,0.0,0.0,True
2040,P0038,Sichuan,biomass,0.0,0.0,0.0,0.0,0.0,True
2040,P0038,Sichuan,beccs,1.0,24582287.999999996,20.157476159999998,38.299204704,20.862987825599998,True
2040,P0038,Sichuan,ammonia,0.0,0.0,0.0,0.0,0.0,True
2040,P0039,Heilongjiang,unabated,0.0,0.0,0.0,0.0,0.0,True
2040,P0039,Heilongjiang,retire,0.0,0.0,0.0,0.0,0.0,True
2040,P0039,Heilongjiang,ccs,0.0,0.0,0.0,0.0,0.0,True
2040,P0039,Heilongjiang,biomass,0.0,0.0,0.0,0.0,0.0,True
2040,P0039,Heilongjiang,beccs,1.0,7478775.0,6.1325955,11.65193145,5.924087252999999,True
2040,P0039,Heilongjiang,ammonia,0.0,0.0,0.0,0.0,0.0,True
2040,P0040,Shanxi,unabated,1.0,29397324.999999996,24.105806499999996,0.0,0.0,True
2040,P0040,Shanxi,retire,0.0,0.0,0.0,0.0,0.0,True
2040,P0040,Shanxi,ccs,0.0,0.0,0.0,0.0,0.0,True
2040,P0040,Shanxi,biomass,0.0,0.0,0.0,0.0,0.0,True
2040,P0040,Shanxi,beccs,0.0,0.0,0.0,0.0,0.0,True
2040,P0040,Shanxi,ammonia,0.0,0.0,0.0,0.0,0.0,True
2040,P0041,Hebei,unabated,0.45793937572546184,7936244.622770624,6.507720590671912,0.0,0.0,True
2040,P0041,Hebei,retire,0.0,0.0,0.0,0.0,0.0,True
2040,P0041,Hebei,ccs,0.0,0.0,0.0,0.0,0.0,True
2040,P0041,Hebei,biomass,0.5420606242745382,9394094.377229376,7.703157389328087,7.703157389328087,0.0,True
2040,P0041,Hebei,beccs,0.0,0.0,0.0,0.0,0.0,True
2040,P0041,Hebei,ammonia,0.0,0.0,0.0,0.0,0.0,True
2040,P0042,Shandong,unabated,0.18967787009710568,5227930.286652682,4.286902835055199,0.0,0.0,True
2040,P0042,Shandong,retire,0.0,0.0,0.0,0.0,0.0,True
2040,P0042,Shandong,ccs,0.0,0.0,0.0,0.0,0.0,True
2040,P0042,Shandong,biomass,0.8103221299028943,22334221.713347323,18.314061804944803,18.314061804944803,0.0,True
2040,P0042,Shandong,beccs,0.0,0.0,0.0,0.0,0.0,True
2040,P0042,Shandong,ammonia,0.0,0.0,0.0,0.0,0.0,True
2040,P0043,Anhui,unabated,0.03275092845561034,2346853.258410028,1.9244196718962228,0.0,0.0,True
2040,P0043,Anhui,retire,0.0,0.0,0.0,0.0,0.0,True
2040,P0043,Anhui,ccs,0.0,0.0,0.0,0.0,0.0,True
2040,P0043,Anhui,biomass,0.9672490715443897,69310756.74158998,56.83482052810377,56.83482052810377,0.0,True
2040,P0043,Anhui,beccs,0.0,0.0,0.0,0.0,0.0,True
2040,P0043,Anhui,ammonia,0.0,0.0,0.0,0.0,0.0,True
2040,P0044,Heilongjiang,unabated,0.0,0.0,0.0,0.0,0.0,True
2040,P0044,Heilongjiang,retire,0.0,0.0,0.0,0.0,0.0,True
2040,P0044,Heilongjiang,ccs,0.0,0.0,0.0,0.0,0.0,True
2040,P0044,Heilongjiang,biomass,0.0,0.0,0.0,0.0,0.0,True
2040,P0044,Heilongjiang,beccs,1.0,10278967.500000002,8.428753350000001,16.014631365,8.142175736099999,True
2040,P0044,Heilongjiang,ammonia,0.0,0.0,0.0,0.0,0.0,True
2040,P0045,Henan,unabated,1.0,50070436.0,41.057757519999996,0.0,0.0,True
2040,P0045,Henan,retire,0.0,0.0,0.0,0.0,0.0,True
2040,P0045,Henan,ccs,0.0,0.0,0.0,0.0,0.0,True
2040,P0045,Henan,biomass,0.0,0.0,0.0,0.0,0.0,True
2040,P0045,Henan,beccs,0.0,0.0,0.0,0.0,0.0,True
2040,P0045,Henan,ammonia,0.0,0.0,0.0,0.0,0.0,True
2040,P0046,Zhejiang,unabated,0.6672792777291223,68216193.20249556,55.93727842604636,0.0,0.0,True
2040,P0046,Zhejiang,retire,0.0,0.0,0.0,0.0,0.0,True
2040,P0046,Zhejiang,ccs,0.3327207222708777,34014155.43750444,27.89160745875364,25.102446712878276,28.867813719810012,True
2040,P0046,Zhejiang,biomass,0.0,0.0,0.0,0.0,0.0,True
2040,P0046,Zhejiang,beccs,0.0,0.0,0.0,0.0,0.0,True
2040,P0046,Zhejiang,ammonia,0.0,0.0,0.0,0.0,0.0,True
2040,P0047,Liaoning,unabated,0.069456903600558,706397.2688611406,0.5792457604661353,0.0,0.0,True
2040,P0047,Liaoning,retire,0.0,0.0,0.0,0.0,0.0,True
2040,P0047,Liaoning,ccs,0.0,0.0,0.0,0.0,0.0,True
2040,P0047,Liaoning,biomass,0.930543096399442,9463898.731138857,7.760396959533863,7.760396959533863,0.0,True
2040,P0047,Liaoning,beccs,0.0,0.0,0.0,0.0,0.0,True
2040,P0047,Liaoning,ammonia,0.0,0.0,0.0,0.0,0.0,True
2040,P0048,Shanxi,unabated,0.0,0.0,0.0,0.0,0.0,True
2040,P0048,Shanxi,retire,0.0,0.0,0.0,0.0,0.0,True
2040,P0048,Shanxi,ccs,0.0,0.0,0.0,0.0,0.0,True
2040,P0048,Shanxi,biomass,0.0,0.0,0.0,0.0,0.0,True
2040,P0048,Shanxi,beccs,1.0,6481300.0,5.314666,10.0978654,5.50067931,True
2040,P0048,Shanxi,ammonia,0.0,0.0,0.0,0.0,0.0,True
2040,P0049,Xinjiang,unabated,0.0,0.0,0.0,0.0,0.0,True
2040,P0049,Xinjiang,retire,0.0,0.0,0.0,0.0,0.0,True
2040,P0049,Xinjiang,ccs,1.0,7182431.999999999,5.889594239999999,5.300634816,6.095730038399999,True
2040,P0049,Xinjiang,biomass,0.0,0.0,0.0,0.0,0.0,True
2040,P0049,Xinjiang,beccs,0.0,0.0,0.0,0.0,0.0,True
2040,P0049,Xinjiang,ammonia,0.0,0.0,0.0,0.0,0.0,True
2040,P0050,Henan,unabated,0.0,0.0,0.0,0.0,0.0,True
2040,P0050,Henan,retire,0.0,0.0,0.0,0.0,0.0,True
2040,P0050,Henan,ccs,0.0,0.0,0.0,0.0,0.0,True
2040,P0050,Henan,biomass,1.0,7055216.0,5.78527712,5.78527712,0.0,True
2040,P0050,Henan,beccs,0.0,0.0,0.0,0.0,0.0,True
2040,P0050,Henan,ammonia,0.0,0.0,0.0,0.0,0.0,True
2040,P0051,Hebei,unabated,1.0,36442718.0,29.88302876,0.0,0.0,True
2040,P0051,Hebei,retire,0.0,0.0,0.0,0.0,0.0,True
2040,P0051,Hebei,ccs,0.0,0.0,0.0,0.0,0.0,True
2040,P0051,Hebei,biomass,0.0,0.0,0.0,0.0,0.0,True
2040,P0051,Hebei,beccs,0.0,0.0,0.0,0.0,0.0,True
2040,P0051,Hebei,ammonia,0.0,0.0,0.0,0.0,0.0,True
2040,P0052,Jiangsu,unabated,1.0,137274235.0,112.5648727,0.0,0.0,True
2040,P0052,Jiangsu,retire,0.0,0.0,0.0,0.0,0.0,True
2040,P0052,Jiangsu,ccs,0.0,0.0,0.0,0.0,0.0,True
2040,P0052,Jiangsu,biomass,0.0,0.0,0.0,0.0,0.0,True
2040,P0052,Jiangsu,beccs,0.0,0.0,0.0,0.0,0.0,True
2040,P0052,Jiangsu,ammonia,0.0,0.0,0.0,0.0,0.0,True
2040,P0053,Heilongjiang,unabated,0.0,0.0,0.0,0.0,0.0,True
2040,P0053,Heilongjiang,retire,0.0,0.0,0.0,0.0,0.0,True
2040,P0053,Heilongjiang,ccs,0.0,0.0,0.0,0.0,0.0,True
2040,P0053,Heilongjiang,biomass,0.0,0.0,0.0,0.0,0.0,True
2040,P0053,Heilongjiang,beccs,1.0,9739800.000000002,7.986636000000001,15.1746084,8.26616826,True
2040,P0053,Heilongjiang,ammonia,0.0,0.0,0.0,0.0,0.0,True
2040,P0054,Hebei,unabated,0.0,0.0,0.0,0.0,0.0,True
2040,P0054,Hebei,retire,0.0,0.0,0.0,0.0,0.0,True
2040,P0054,Hebei,ccs,0.0,0.0,0.0,0.0,0.0,True
2040,P0054,Hebei,biomass,1.0,19691542.0,16.14706444,16.14706444,0.0,True
2040,P0054,Hebei,beccs,0.0,0.0,0.0,0.0,0.0,True
2040,P0054,Hebei,ammonia,0.0,0.0,0.0,0.0,0.0,True
2040,P0055,Shanxi,unabated,1.0,17129150.0,14.045903,0.0,0.0,True
2040,P0055,Shanxi,retire,0.0,0.0,0.0,0.0,0.0,True
2040,P0055,Shanxi,ccs,0.0,0.0,0.0,0.0,0.0,True
2040,P0055,Shanxi,biomass,0.0,0.0,0.0,0.0,0.0,True
2040,P0055,Shanxi,beccs,0.0,0.0,0.0,0.0,0.0,True
2040,P0055,Shanxi,ammonia,0.0,0.0,0.0,0.0,0.0,True
2040,P0056,Jiangxi,unabated,0.0,0.0,0.0,0.0,0.0,True
2040,P0056,Jiangxi,retire,0.0,0.0,0.0,0.0,0.0,True
2040,P0056,Jiangxi,ccs,0.0,0.0,0.0,0.0,0.0,True
2040,P0056,Jiangxi,biomass,0.18470336588272607,3539087.8950365707,2.9020520739299878,2.9020520739299878,0.0,True
2040,P0056,Jiangxi,beccs,0.8152966341172739,15621840.10496343,12.809908886070012,24.33882688353302,13.258255697082463,True
2040,P0056,Jiangxi,ammonia,0.0,0.0,0.0,0.0,0.0,True
2040,P0057,Gansu,unabated,0.016786218492160443,205356.41970468574,0.1683922641578423,0.0,0.0,True
2040,P0057,Gansu,retire,0.0,0.0,0.0,0.0,0.0,True
2040,P0057,Gansu,ccs,0.0,0.0,0.0,0.0,0.0,True
2040,P0057,Gansu,biomass,0.9832137815078396,12028275.580295315,9.863185975842157,9.863185975842157,0.0,True
2040,P0057,Gansu,beccs,0.0,0.0,0.0,0.0,0.0,True
2040,P0057,Gansu,ammonia,0.0,0.0,0.0,0.0,0.0,True
2040,P0058,Jiangsu,unabated,0.39549189216510194,8955906.976970622,7.34384372111591,0.0,0.0,True
2040,P0058,Jiangsu,retire,0.0,0.0,0.0,0.0,0.0,True
2040,P0058,Jiangsu,ccs,0.0,0.0,0.0,0.0,0.0,True
2040,P0058,Jiangsu,biomass,0.5481867458598317,12413679.266727839,10.179216998716827,10.179216998716827,0.0,True
2040,P0058,Jiangsu,beccs,0.05632136197506629,1275396.2563015418,1.0458249301672642,1.987067367317802,1.0824288027231184,True
2040,P0058,Jiangsu,ammonia,0.0,0.0,0.0,0.0,0.0,True
2040,P0059,Inner Mongolia,unabated,1.0,104755830.0,85.8997806,0.0,0.0,True
2040,P0059,Inner Mongolia,retire,0.0,0.0,0.0,0.0,0.0,True
2040,P0059,Inner Mongolia,ccs,0.0,0.0,0.0,0.0,0.0,True
2040,P0059,Inner Mongolia,biomass,0.0,0.0,0.0,0.0,0.0,True
2040,P0059,Inner Mongolia,beccs,0.0,0.0,0.0,0.0,0.0,True
2040,P0059,Inner Mongolia,ammonia,0.0,0.0,0.0,0.0,0.0,True
2040,P0060,Shandong,unabated,0.21065968296685722,4558628.815085108,3.7380756283697893,0.0,0.0,True
2040,P0060,Shandong,retire,0.0,0.0,0.0,0.0,0.0,True
2040,P0060,Shandong,ccs,0.0,0.0,0.0,0.0,0.0,True
2040,P0060,Shandong,biomass,0.7893403170331428,17081149.384914894,14.006542495630214,14.006542495630214,0.0,True
2040,P0060,Shandong,beccs,0.0,0.0,0.0,0.0,0.0,True
2040,P0060,Shandong,ammonia,0.0,0.0,0.0,0.0,0.0,True
2040,P0061,Shandong,unabated,0.0,0.0,0.0,0.0,0.0,True
2040,P0061,Shandong,retire,0.0,0.0,0.0,0.0,0.0,True
2040,P0061,Shandong,ccs,0.0,0.0,0.0,0.0,0.0,True
2040,P0061,Shandong,biomass,0.001969283991682446,33665.918111215164,0.02760605285119643,0.02760605285119643,0.0,True
2040,P0061,Shandong,beccs,0.9980307160083175,17061846.081888787,13.990713787148804,26.58235619558273,14.480388769699012,True
2040,P0061,Shandong,ammonia,0.0,0.0,0.0,0.0,0.0,True
2040,P0062,Xinjiang,unabated,0.0,0.0,0.0,0.0,0.0,True
2040,P0062,Xinjiang,retire,0.0,0.0,0.0,0.0,0.0,True
2040,P0062,Xinjiang,ccs,0.35617181770858286,1824584.1655720908,1.4961590157691143,1.346543114192203,1.5485245813210335,True
2040,P0062,Xinjiang,biomass,0.0,0.0,0.0,0.0,0.0,True
2040,P0062,Xinjiang,beccs,0.6438281822914171,3298179.8344279095,2.7045074642308853,4.462437315980961,2.7991652254789665,True
2040,P0062,Xinjiang,ammonia,0.0,0.0,0.0,0.0,0.0,True
2040,P0063,Ningxia,unabated,0.7077281914074398,6191761.077334347,5.077244083414164,0.0,0.0,True
2040,P0063,Ningxia,retire,0.0,0.0,0.0,0.0,0.0,True
2040,P0063,Ningxia,ccs,0.0,0.0,0.0,0.0,0.0,True
2040,P0063,Ningxia,biomass,0.0,0.0,0.0,0.0,0.0,True
2040,P0063,Ningxia,beccs,0.2922718085925602,2557022.9226656533,2.0967587965858354,3.9838417135130872,2.1701453544663396,True
2040,P0063,Ningxia,ammonia,0.0,0.0,0.0,0.0,0.0,True
2040,P0064,Shandong,unabated,0.06542295900601935,1192621.1580584114,0.9779493496078973,0.0,0.0,True
2040,P0064,Shandong,retire,0.0,0.0,0.0,0.0,0.0,True
2040,P0064,Shandong,ccs,0.0,0.0,0.0,0.0,0.0,True
2040,P0064,Shandong,biomass,0.9345770409939806,17036776.84194159,13.970157010392104,13.970157010392104,0.0,True
2040,P0064,Shandong,beccs,0.0,0.0,0.0,0.0,0.0,True
2040,P0064,Shandong,ammonia,0.0,0.0,0.0,0.0,0.0,True
2040,P0065,Xinjiang,unabated,0.6366904180653519,11348401.846117733,9.30568951381654,0.0,0.0,True
2040,P0065,Xinjiang,retire,0.0,0.0,0.0,0.0,0.0,True
2040,P0065,Xinjiang,ccs,0.36330958193464813,6475648.153882263,5.3100314861834566,4.77902833756511,5.495882588199876,True
2040,P0065,Xinjiang,biomass,0.0,0.0,0.0,0.0,0.0,True
2040,P0065,Xinjiang,beccs,0.0,0.0,0.0,0.0,0.0,True
2040,P0065,Xinjiang,ammonia,0.0,0.0,0.0,0.0,0.0,True
2040,P0066,Fujian,unabated,1.0,45243841.199999996,37.099949783999996,0.0,0.0,True
2040,P0066,Fujian,retire,0.0,0.0,0.0,0.0,0.0,True
2040,P0066,Fujian,ccs,0.0,0.0,0.0,0.0,0.0,True
2040,P0066,Fujian,biomass,0.0,0.0,0.0,0.0,0.0,True
2040,P0066,Fujian,beccs,0.0,0.0,0.0,0.0,0.0,True
2040,P0066,Fujian,ammonia,0.0,0.0,0.0,0.0,0.0,True
2040,P0067,Hebei,unabated,0.3588084237548722,12276690.498588143,10.066886208842277,0.0,0.0,True
2040,P0067,Hebei,retire,0.0,0.0,0.0,0.0,0.0,True
2040,P0067,Hebei,ccs,0.0,0.0,0.0,0.0,0.0,True
2040,P0067,Hebei,biomass,0.0,0.0,0.0,0.0,0.0,True
2040,P0067,Hebei,beccs,0.6411915762451278,21938477.501411855,17.98955155115772,34.180147947199664,18.61918585544824,True
2040,P0067,Hebei,ammonia,0.0,0.0,0.0,0.0,0.0,True
2040,P0068,Zhejiang,unabated,0.12321055022331817,2758719.7657438335,2.2621502079099436,0.0,0.0,True
2040,P0068,Zhejiang,retire,0.0,0.0,0.0,0.0,0.0,True
2040,P0068,Zhejiang,ccs,0.11253558618554471,2519704.241210961,2.066157477792988,1.8595417300136892,2.138472989515743,True
2040,P0068,Zhejiang,biomass,0.0,0.0,0.0,0.0,0.0,True
2040,P0068,Zhejiang,beccs,0.7642538635911371,17111864.493045207,14.03172888429707,26.660284880164436,14.522839395247468,True
2040,P0068,Zhejiang,ammonia,0.0,0.0,0.0,0.0,0.0,True
2040,P0069,Shaanxi,unabated,0.0,0.0,0.0,0.0,0.0,True
2040,P0069,Shaanxi,retire,0.0,0.0,0.0,0.0,0.0,True
2040,P0069,Shaanxi,ccs,0.0,0.0,0.0,0.0,0.0,True
2040,P0069,Shaanxi,biomass,0.0,0.0,0.0,0.0,0.0,True
2040,P0069,Shaanxi,beccs,1.0,18152000.0,14.88464,28.280815999999998,15.405602399999998,True
2040,P0069,Shaanxi,ammonia,0.0,0.0,0.0,0.0,0.0,True
2040,P0070,Shandong,unabated,0.0,0.0,0.0,0.0,0.0,True
2040,P0070,Shandong,retire,0.0,0.0,0.0,0.0,0.0,True
2040,P0070,Shandong,ccs,0.0,0.0,0.0,0.0,0.0,True
2040,P0070,Shandong,biomass,1.0,25817712.000000004,21.170523840000005,21.170523840000005,0.0,True
2040,P0070,Shandong,beccs,0.0,0.0,0.0,0.0,0.0,True
2040,P0070,Shandong,ammonia,0.0,0.0,0.0,0.0,0.0,True
2040,P0071,Guizhou,unabated,1.0,23735500.0,19.46311,0.0,0.0,True
2040,P0071,Guizhou,retire,0.0,0.0,0.0,0.0,0.0,True
2040,P0071,Guizhou,ccs,0.0,0.0,0.0,0.0,0.0,True
2040,P0071,Guizhou,biomass,0.0,0.0,0.0,0.0,0.0,True
2040,P0071,Guizhou,beccs,0.0,0.0,0.0,0.0,0.0,True
2040,P0071,Guizhou,ammonia,0.0,0.0,0.0,0.0,0.0,True
2040,P0072,Heilongjiang,unabated,0.0,0.0,0.0,0.0,0.0,True
2040,P0072,Heilongjiang,retire,0.0,0.0,0.0,0.0,0.0,True
2040,P0072,Heilongjiang,ccs,0.0,0.0,0.0,0.0,0.0,True
2040,P0072,Heilongjiang,biomass,0.18704776038517235,1041033.0151997152,0.8536470724637665,0.8536470724637665,0.0,True
2040,P0072,Heilongjiang,beccs,0.8129522396148277,4524566.984800285,3.7101449275362337,7.049275362318844,3.840000000000001,True
2040,P0072,Heilongjiang,ammonia,0.0,0.0,0.0,0.0,0.0,True
2040,P0073,Liaoning,unabated,0.0,0.0,0.0,0.0,0.0,True
2040,P0073,Liaoning,retire,0.0,0.0,0.0,0.0,0.0,True
2040,P0073,Liaoning,ccs,0.0,0.0,0.0,0.0,0.0,True
2040,P0073,Liaoning,biomass,1.0,6340931.499999999,5.199563829999999,5.199563829999999,0.0,True
2040,P0073,Liaoning,beccs,0.0,0.0,0.0,0.0,0.0,True
2040,P0073,Liaoning,ammonia,0.0,0.0,0.0,0.0,0.0,True
2040,P0074,Shaanxi,unabated,1.0,36893940.0,30.253030799999998,0.0,0.0,True
2040,P0074,Shaanxi,retire,0.0,0.0,0.0,0.0,0.0,True
2040,P0074,Shaanxi,ccs,0.0,0.0,0.0,0.0,0.0,True
2040,P0074,Shaanxi,biomass,0.0,0.0,0.0,0.0,0.0,True
2040,P0074,Shaanxi,beccs,0.0,0.0,0.0,0.0,0.0,True
2040,P0074,Shaanxi,ammonia,0.0,0.0,0.0,0.0,0.0,True
2040,P0075,Henan,unabated,0.0,0.0,0.0,0.0,0.0,True
2040,P0075,Henan,retire,0.0,0.0,0.0,0.0,0.0,True
2040,P0075,Henan,ccs,0.0,0.0,0.0,0.0,0.0,True
2040,P0075,Henan,biomass,1.0,7127208.0,5.844310559999999,5.844310559999999,0.0,True
2040,P0075,Henan,beccs,0.0,0.0,0.0,0.0,0.0,True
2040,P0075,Henan,ammonia,0.0,0.0,0.0,0.0,0.0,True
2040,P0076,Guangxi,unabated,0.0,0.0,0.0,0.0,0.0,True
2040,P0076,Guangxi,retire,0.0,0.0,0.0,0.0,0.0,True
2040,P0076,Guangxi,ccs,0.0,0.0,0.0,0.0,0.0,True
2040,P0076,Guangxi,biomass,1.0,13593944.000000002,11.147034080000001,11.147034080000001,0.0,True
2040,P0076,Guangxi,beccs,0.0,0.0,0.0,0.0,0.0,True
2040,P0076,Guangxi,ammonia,0.0,0.0,0.0,0.0,0.0,True
2040,P0077,Xinjiang,unabated,0.0710285606343719,2933407.389181955,2.405394059129203,0.0,0.0,True
2040,P0077,Xinjiang,retire,0.0,0.0,0.0,0.0,0.0,True
2040,P0077,Xinjiang,ccs,0.9289714393656281,38365576.610818036,31.459772820870793,28.313795538783715,32.56086486960127,True
2040,P0077,Xinjiang,biomass,0.0,0.0,0.0,0.0,0.0,True
2040,P0077,Xinjiang,beccs,0.0,0.0,0.0,0.0,0.0,True
2040,P0077,Xinjiang,ammonia,0.0,0.0,0.0,0.0,0.0,True
2040,P0078,Heilongjiang,unabated,0.0,0.0,0.0,0.0,0.0,True
2040,P0078,Heilongjiang,retire,0.0,0.0,0.0,0.0,0.0,True
2040,P0078,Heilongjiang,ccs,0.0,0.0,0.0,0.0,0.0,True
2040,P0078,Heilongjiang,biomass,0.0,0.0,0.0,0.0,0.0,True
2040,P0078,Heilongjiang,beccs,1.0,18122985.0,14.860847699999999,28.235610629999996,15.380977369499998,True
2040,P0078,Heilongjiang,ammonia,0.0,0.0,0.0,0.0,0.0,True
2040,P0079,Guangxi,unabated,0.03697903013877002,1571793.9718806609,1.2888710569421418,0.0,0.0,True
2040,P0079,Guangxi,retire,0.3641348541818499,15477554.890078362,12.691595009864256,12.691595009864256,0.0,True
2040,P0079,Guangxi,ccs,0.0,0.0,0.0,0.0,0.0,True
2040,P0079,Guangxi,biomass,0.0,0.0,0.0,0.0,0.0,True
2040,P0079,Guangxi,beccs,0.5988861156793801,25455659.13804098,20.8736404931936,39.65991693706784,21.60421791045538,True
2040,P0079,Guangxi,ammonia,0.0,0.0,0.0,0.0,0.0,True
2040,P0080,Shandong,unabated,0.0,0.0,0.0,0.0,0.0,True
2040,P0080,Shandong,retire,0.0,0.0,0.0,0.0,0.0,True
2040,P0080,Shandong,ccs,0.0,0.0,0.0,0.0,0.0,True
2040,P0080,Shandong,biomass,1.0,21587445.000000004,17.701704900000003,17.701704900000003,0.0,True
2040,P0080,Shandong,beccs,0.0,0.0,0.0,0.0,0.0,True
2040,P0080,Shandong,ammonia,0.0,0.0,0.0,0.0,0.0,True
2040,P0081,Gansu,unabated,1.0,8798160.0,7.214491199999999,0.0,0.0,True
2040,P0081,Gansu,retire,0.0,0.0,0.0,0.0,0.0,True
2040,P0081,Gansu,ccs,0.0,0.0,0.0,0.0,0.0,True
2040,P0081,Gansu,biomass,0.0,0.0,0.0,0.0,0.0,True
2040,P0081,Gansu,beccs,0.0,0.0,0.0,0.0,0.0,True
2040,P0081,Gansu,ammonia,0.0,0.0,0.0,0.0,0.0,True
2040,P0082,Liaoning,unabated,0.0,0.0,0.0,0.0,0.0,True
2040,P0082,Liaoning,retire,0.0,0.0,0.0,0.0,0.0,True
2040,P0082,Liaoning,ccs,0.0,0.0,0.0,0.0,0.0,True
2040,P0082,Liaoning,biomass,1.0,7751749.999999999,6.356434999999999,6.356434999999999,0.0,True
2040,P0082,Liaoning,beccs,0.0,0.0,0.0,0.0,0.0,True
2040,P0082,Liaoning,ammonia,0.0,0.0,0.0,0.0,0.0,True
2040,P0083,Shaanxi,unabated,1.0,58041020.0,47.5936364,0.0,0.0,True
2040,P0083,Shaanxi,retire,0.0,0.0,0.0,0.0,0.0,True
2040,P0083,Shaanxi,ccs,0.0,0.0,0.0,0.0,0.0,True
2040,P0083,Shaanxi,biomass,0.0,0.0,0.0,0.0,0.0,True
2040,P0083,Shaanxi,beccs,0.0,0.0,0.0,0.0,0.0,True
2040,P0083,Shaanxi,ammonia,0.0,0.0,0.0,0.0,0.0,True
2040,P0084,Shaanxi,unabated,1.0,12207220.0,10.009920399999999,0.0,0.0,True
2040,P0084,Shaanxi,retire,0.0,0.0,0.0,0.0,0.0,True
2040,P0084,Shaanxi,ccs,0.0,0.0,0.0,0.0,0.0,True
2040,P0084,Shaanxi,biomass,0.0,0.0,0.0,0.0,0.0,True
2040,P0084,Shaanxi,beccs,0.0,0.0,0.0,0.0,0.0,True
2040,P0084,Shaanxi,ammonia,0.0,0.0,0.0,0.0,0.0,True
2040,P0085,Jiangsu,unabated,1.0,50405775.00000001,41.3327355,0.0,0.0,True
2040,P0085,Jiangsu,retire,0.0,0.0,0.0,0.0,0.0,True
2040,P0085,Jiangsu,ccs,0.0,0.0,0.0,0.0,0.0,True
2040,P0085,Jiangsu,biomass,0.0,0.0,0.0,0.0,0.0,True
2040,P0085,Jiangsu,beccs,0.0,0.0,0.0,0.0,0.0,True
2040,P0085,Jiangsu,ammonia,0.0,0.0,0.0,0.0,0.0,True
2040,P0086,Shaanxi,unabated,1.0,42929480.0,35.2021736,0.0,0.0,True
2040,P0086,Shaanxi,retire,0.0,0.0,0.0,0.0,0.0,True
2040,P0086,Shaanxi,ccs,0.0,0.0,0.0,0.0,0.0,True
2040,P0086,Shaanxi,biomass,0.0,0.0,0.0,0.0,0.0,True
2040,P0086,Shaanxi,beccs,0.0,0.0,0.0,0.0,0.0,True
2040,P0086,Shaanxi,ammonia,0.0,0.0,0.0,0.0,0.0,True
2040,P0087,Hebei,unabated,0.32928359207679214,4474323.559737016,3.6689453189843535,0.0,0.0,True
2040,P0087,Hebei,retire,0.0,0.0,0.0,0.0,0.0,True
2040,P0087,Hebei,ccs,0.0,0.0,0.0,0.0,0.0,True
2040,P0087,Hebei,biomass,0.6707164079232079,9113731.440262984,7.473259781015648,7.473259781015648,0.0,True
2040,P0087,Hebei,beccs,0.0,0.0,0.0,0.0,0.0,True
2040,P0087,Hebei,ammonia,0.0,0.0,0.0,0.0,0.0,True
2040,P0088,Zhejiang,unabated,0.0,0.0,0.0,0.0,0.0,True
2040,P0088,Zhejiang,retire,0.0,0.0,0.0,0.0,0.0,True
2040,P0088,Zhejiang,ccs,0.0,0.0,0.0,0.0,0.0,True
2040,P0088,Zhejiang,biomass,0.0,0.0,0.0,0.0,0.0,True
2040,P0088,Zhejiang,beccs,1.0,15775605.0,12.935996099999999,24.578392589999996,13.388755963499998,True
2040,P0088,Zhejiang,ammonia,0.0,0.0,0.0,0.0,0.0,True
2040,P0089,Ningxia,unabated,0.8426051661051992,110785984.23408726,90.84450707195154,0.0,0.0,True
2040,P0089,Ningxia,retire,0.0,0.0,0.0,0.0,0.0,True
2040,P0089,Ningxia,ccs,0.1573948338948008,20694320.76591275,16.969343028048453,15.272408725243608,17.563270034030147,True
2040,P0089,Ningxia,biomass,0.0,0.0,0.0,0.0,0.0,True
2040,P0089,Ningxia,beccs,0.0,0.0,0.0,0.0,0.0,True
2040,P0089,Ningxia,ammonia,0.0,0.0,0.0,0.0,0.0,True
2040,P0090,Guangdong,unabated,1.0,34962181.2,28.668988584,0.0,0.0,True
2040,P0090,Guangdong,retire,0.0,0.0,0.0,0.0,0.0,True
2040,P0090,Guangdong,ccs,0.0,0.0,0.0,0.0,0.0,True
2040,P0090,Guangdong,biomass,0.0,0.0,0.0,0.0,0.0,True
2040,P0090,Guangdong,beccs,0.0,0.0,0.0,0.0,0.0,True
2040,P0090,Guangdong,ammonia,0.0,0.0,0.0,0.0,0.0,True
2040,P0091,Guangdong,unabated,0.0,0.0,0.0,0.0,0.0,True
2040,P0091,Guangdong,retire,0.0,0.0,0.0,0.0,0.0,True
2040,P0091,Guangdong,ccs,0.0,0.0,0.0,0.0,0.0,True
2040,P0091,Guangdong,biomass,0.0,0.0,0.0,0.0,0.0,True
2040,P0091,Guangdong,beccs,1.0,35657946.0,29.23951572,55.555079868,30.262898770199996,True
2040,P0091,Guangdong,ammonia,0.0,0.0,0.0,0.0,0.0,True
2040,P0092,Jiangxi,unabated,0.054366615675494785,1982367.7327109394,1.62554154082297,0.0,0.0,True
2040,P0092,Jiangxi,retire,0.0,0.0,0.0,0.0,0.0,True
2040,P0092,Jiangxi,ccs,0.0,0.0,0.0,0.0,0.0,True
2040,P0092,Jiangxi,biomass,0.9456333843245052,34480592.26728906,28.274085659177025,28.274085659177025,0.0,True
2040,P0092,Jiangxi,beccs,0.0,0.0,0.0,0.0,0.0,True
2040,P0092,Jiangxi,ammonia,0.0,0.0,0.0,0.0,0.0,True
2040,P0093,Hunan,unabated,1.0,18069412.5,14.81691825,0.0,0.0,True
2040,P0093,Hunan,retire,0.0,0.0,0.0,0.0,0.0,True
2040,P0093,Hunan,ccs,0.0,0.0,0.0,0.0,0.0,True
2040,P0093,Hunan,biomass,0.0,0.0,0.0,0.0,0.0,True
2040,P0093,Hunan,beccs,0.0,0.0,0.0,0.0,0.0,True
2040,P0093,Hunan,ammonia,0.0,0.0,0.0,0.0,0.0,True
2040,P0094,Fujian,unabated,0.0,0.0,0.0,0.0,0.0,True
2040,P0094,Fujian,retire,0.0,0.0,0.0,0.0,0.0,True
2040,P0094,Fujian,ccs,0.0,0.0,0.0,0.0,0.0,True
2040,P0094,Fujian,biomass,0.0,0.0,0.0,0.0,0.0,True
2040,P0094,Fujian,beccs,1.0,6459012.0,5.29638984,10.063140696,5.481763484400006,True
2040,P0094,Fujian,ammonia,0.0,0.0,0.0,0.0,0.0,True
2040,P0095,Anhui,unabated,0.0,0.0,0.0,0.0,0.0,True
2040,P0095,Anhui,retire,0.0,0.0,0.0,0.0,0.0,True
2040,P0095,Anhui,ccs,0.0,0.0,0.0,0.0,0.0,True
2040,P0095,Anhui,biomass,1.0,16313541.000000002,13.377103620000002,13.377103620000002,0.0,True
2040,P0095,Anhui,beccs,0.0,0.0,0.0,0.0,0.0,True
2040,P0095,Anhui,ammonia,0.0,0.0,0.0,0.0,0.0,True
2040,P0096,Guangdong,unabated,0.0,0.0,0.0,0.0,0.0,True
2040,P0096,Guangdong,retire,0.0,0.0,0.0,0.0,0.0,True
2040,P0096,Guangdong,ccs,0.0,0.0,0.0,0.0,0.0,True
2040,P0096,Guangdong,biomass,0.24187149978623965,5457597.9541652035,4.475230322415467,4.475230322415467,0.0,True
2040,P0096,Guangdong,beccs,0.7581285002137602,17106441.045834795,14.027281657584531,26.65183514941061,14.518236515599991,True
2040,P0096,Guangdong,ammonia,0.0,0.0,0.0,0.0,0.0,True
2040,P0097,Gansu,unabated,0.1939890750830705,1723001.6534122282,1.4128613557980272,0.0,0.0,True
2040,P0097,Gansu,retire,0.0,0.0,0.0,0.0,0.0,True
2040,P0097,Gansu,ccs,0.0,0.0,0.0,0.0,0.0,True
2040,P0097,Gansu,biomass,0.8060109249169295,7158950.346587772,5.870339284201973,5.870339284201973,0.0,True
2040,P0097,Gansu,beccs,0.0,0.0,0.0,0.0,0.0,True
2040,P0097,Gansu,ammonia,0.0,0.0,0.0,0.0,0.0,True
2040,P0098,Xinjiang,unabated,0.44056394582434355,56818168.10698931,46.590897847731235,0.0,0.0,True
2040,P0098,Xinjiang,retire,0.0,0.0,0.0,0.0,0.0,True
2040,P0098,Xinjiang,ccs,0.5594360541756564,72148735.89301068,59.161963432268756,53.24576708904188,61.23263215239817,True
2040,P0098,Xinjiang,biomass,0.0,0.0,0.0,0.0,0.0,True
2040,P0098,Xinjiang,beccs,0.0,0.0,0.0,0.0,0.0,True
2040,P0098,Xinjiang,ammonia,0.0,0.0,0.0,0.0,0.0,True
2040,P0099,Sichuan,unabated,0.0,0.0,0.0,0.0,0.0,True
2040,P0099,Sichuan,retire,0.0,0.0,0.0,0.0,0.0,True
2040,P0099,Sichuan,ccs,0.0,0.0,0.0,0.0,0.0,True
2040,P0099,Sichuan,biomass,0.0,0.0,0.0,0.0,0.0,True
2040,P0099,Sichuan,beccs,1.0,4996399.999999999,4.097047999999999,7.784391199999998,4.240444679999998,True
2040,P0099,Sichuan,ammonia,0.0,0.0,0.0,0.0,0.0,True
2040,P0100,Jiangxi,unabated,0.0,0.0,0.0,0.0,0.0,True
2040,P0100,Jiangxi,retire,0.0,0.0,0.0,0.0,0.0,True
2040,P0100,Jiangxi,ccs,0.0,0.0,0.0,0.0,0.0,True
2040,P0100,Jiangxi,biomass,1.0,15157152.0,12.428864639999999,12.428864639999999,0.0,True
2040,P0100,Jiangxi,beccs,0.0,0.0,0.0,0.0,0.0,True
2040,P0100,Jiangxi,ammonia,0.0,0.0,0.0,0.0,0.0,True
2040,P0101,Qinghai,unabated,1.0,19952390.0,16.3609598,0.0,0.0,True
2040,P0101,Qinghai,retire,0.0,0.0,0.0,0.0,0.0,True
2040,P0101,Qinghai,ccs,0.0,0.0,0.0,0.0,0.0,True
2040,P0101,Qinghai,biomass,0.0,0.0,0.0,0.0,0.0,True
2040,P0101,Qinghai,beccs,0.0,0.0,0.0,0.0,0.0,True
2040,P0101,Qinghai,ammonia,0.0,0.0,0.0,0.0,0.0,True
2040,P0102,Hunan,unabated,0.0,0.0,0.0,0.0,0.0,True
2040,P0102,Hunan,retire,0.0,0.0,0.0,0.0,0.0,True
2040,P0102,Hunan,ccs,0.0,0.0,0.0,0.0,0.0,True
2040,P0102,Hunan,biomass,1.0,9845388.0,8.07321816,8.07321816,0.0,True
2040,P0102,Hunan,beccs,0.0,0.0,0.0,0.0,0.0,True
2040,P0102,Hunan,ammonia,0.0,0.0,0.0,0.0,0.0,True
2040,P0103,Inner Mongolia,unabated,1.0,19119700.0,15.678153999999997,0.0,0.0,True
2040,P0103,Inner Mongolia,retire,0.0,0.0,0.0,0.0,0.0,True
2040,P0103,Inner Mongolia,ccs,0.0,0.0,0.0,0.0,0.0,True
2040,P0103,Inner Mongolia,biomass,0.0,0.0,0.0,0.0,0.0,True
2040,P0103,Inner Mongolia,beccs,0.0,0.0,0.0,0.0,0.0,True
2040,P0103,Inner Mongolia,ammonia,0.0,0.0,0.0,0.0,0.0,True
2040,P0104,Inner Mongolia,unabated,1.0,22843010.0,18.7312682,0.0,0.0,True
2040,P0104,Inner Mongolia,retire,0.0,0.0,0.0,0.0,0.0,True
2040,P0104,Inner Mongolia,ccs,0.0,0.0,0.0,0.0,0.0,True
2040,P0104,Inner Mongolia,biomass,0.0,0.0,0.0,0.0,0.0,True
2040,P0104,Inner Mongolia,beccs,0.0,0.0,0.0,0.0,0.0,True
2040,P0104,Inner Mongolia,ammonia,0.0,0.0,0.0,0.0,0.0,True
2040,P0105,Liaoning,unabated,0.0,0.0,0.0,0.0,0.0,True
2040,P0105,Liaoning,retire,0.0,0.0,0.0,0.0,0.0,True
2040,P0105,Liaoning,ccs,0.0,0.0,0.0,0.0,0.0,True
2040,P0105,Liaoning,biomass,0.26860604380369035,1082726.7880287336,0.8878359661835614,0.8878359661835614,0.0,True
2040,P0105,Liaoning,beccs,0.7313939561963096,2948183.2119712667,2.4175102338164383,4.593269444251233,2.5021230920000135,True
2040,P0105,Liaoning,ammonia,0.0,0.0,0.0,0.0,0.0,True
2040,P0106,Hubei,unabated,1.0,39558279.99999999,32.43778959999999,0.0,0.0,True
2040,P0106,Hubei,retire,0.0,0.0,0.0,0.0,0.0,True
2040,P0106,Hubei,ccs,0.0,0.0,0.0,0.0,0.0,True
2040,P0106,Hubei,biomass,0.0,0.0,0.0,0.0,0.0,True
2040,P0106,Hubei,beccs,0.0,0.0,0.0,0.0,0.0,True
2040,P0106,Hubei,ammonia,0.0,0.0,0.0,0.0,0.0,True
2040,P0107,Liaoning,unabated,1.0,14387248.0,11.797543359999999,0.0,0.0,True
2040,P0107,Liaoning,retire,0.0,0.0,0.0,0.0,0.0,True
2040,P0107,Liaoning,ccs,0.0,0.0,0.0,0.0,0.0,True
2040,P0107,Liaoning,biomass,0.0,0.0,0.0,0.0,0.0,True
2040,P0107,Liaoning,beccs,0.0,0.0,0.0,0.0,0.0,True
2040,P0107,Liaoning,ammonia,0.0,0.0,0.0,0.0,0.0,True
2040,P0108,Guangdong,unabated,1.0,22805624.0,18.700611679999998,0.0,0.0,True
2040,P0108,Guangdong,retire,0.0,0.0,0.0,0.0,0.0,True
2040,P0108,Guangdong,ccs,0.0,0.0,0.0,0.0,0.0,True
2040,P0108,Guangdong,biomass,0.0,0.0,0.0,0.0,0.0,True
2040,P0108,Guangdong,beccs,0.0,0.0,0.0,0.0,0.0,True
2040,P0108,Guangdong,ammonia,0.0,0.0,0.0,0.0,0.0,True
2040,P0109,Shaanxi,unabated,1.0,37846920.0,31.034474399999997,0.0,0.0,True
2040,P0109,Shaanxi,retire,0.0,0.0,0.0,0.0,0.0,True
2040,P0109,Shaanxi,ccs,0.0,0.0,0.0,0.0,0.0,True
2040,P0109,Shaanxi,biomass,0.0,0.0,0.0,0.0,0.0,True
2040,P0109,Shaanxi,beccs,0.0,0.0,0.0,0.0,0.0,True
2040,P0109,Shaanxi,ammonia,0.0,0.0,0.0,0.0,0.0,True
2040,P0110,Guizhou,unabated,1.0,62946546.0,51.61616772,0.0,0.0,True
2040,P0110,Guizhou,retire,0.0,0.0,0.0,0.0,0.0,True
2040,P0110,Guizhou,ccs,0.0,0.0,0.0,0.0,0.0,True
2040,P0110,Guizhou,biomass,0.0,0.0,0.0,0.0,0.0,True
2040,P0110,Guizhou,beccs,0.0,0.0,0.0,0.0,0.0,True
2040,P0110,Guizhou,ammonia,0.0,0.0,0.0,0.0,0.0,True
2040,P0111,Guangxi,unabated,0.0,0.0,0.0,0.0,0.0,True
2040,P0111,Guangxi,retire,0.0,0.0,0.0,0.0,0.0,True
2040,P0111,Guangxi,ccs,0.0,0.0,0.0,0.0,0.0,True
2040,P0111,Guangxi,biomass,1.0,587794.48,0.48199147359999994,0.48199147359999994,0.0,True
2040,P0111,Guangxi,beccs,0.0,0.0,0.0,0.0,0.0,True
2040,P0111,Guangxi,ammonia,0.0,0.0,0.0,0.0,0.0,True
2040,P0112,Guangdong,unabated,1.0,41166084.0,33.756188879999996,0.0,0.0,True
2040,P0112,Guangdong,retire,0.0,0.0,0.0,0.0,0.0,True
2040,P0112,Guangdong,ccs,0.0,0.0,0.0,0.0,0.0,True
2040,P0112,Guangdong,biomass,0.0,0.0,0.0,0.0,0.0,True
2040,P0112,Guangdong,beccs,0.0,0.0,0.0,0.0,0.0,True
2040,P0112,Guangdong,ammonia,0.0,0.0,0.0,0.0,0.0,True
2040,P0113,Inner Mongolia,unabated,1.0,20126000.0,16.50332,0.0,0.0,True
2040,P0113,Inner Mongolia,retire,0.0,0.0,0.0,0.0,0.0,True
2040,P0113,Inner Mongolia,ccs,0.0,0.0,0.0,0.0,0.0,True
2040,P0113,Inner Mongolia,biomass,0.0,0.0,0.0,0.0,0.0,True
2040,P0113,Inner Mongolia,beccs,0.0,0.0,0.0,0.0,0.0,True
2040,P0113,Inner Mongolia,ammonia,0.0,0.0,0.0,0.0,0.0,True
2040,P0114,Guangxi,unabated,0.0,0.0,0.0,0.0,0.0,True
2040,P0114,Guangxi,retire,0.05679333716150607,1674577.4439687522,1.3731535040543768,1.3731535040543768,0.0,True
2040,P0114,Guangxi,ccs,0.0,0.0,0.0,0.0,0.0,True
2040,P0114,Guangxi,biomass,0.0,0.0,0.0,0.0,0.0,True
2040,P0114,Guangxi,beccs,0.9432066628384941,27810878.556031253,22.804920415945627,43.32934879029669,23.603092630503724,True
2040,P0114,Guangxi,ammonia,0.0,0.0,0.0,0.0,0.0,True
2040,P0115,Shandong,unabated,0.0,0.0,0.0,0.0,0.0,True
2040,P0115,Shandong,retire,0.0,0.0,0.0,0.0,0.0,True
2040,P0115,Shandong,ccs,0.0,0.0,0.0,0.0,0.0,True
2040,P0115,Shandong,biomass,1.0,9550809.0,7.83166338,7.83166338,0.0,True
2040,P0115,Shandong,beccs,0.0,0.0,0.0,0.0,0.0,True
2040,P0115,Shandong,ammonia,0.0,0.0,0.0,0.0,0.0,True
2040,P0116,Liaoning,unabated,0.0,0.0,0.0,0.0,0.0,True
2040,P0116,Liaoning,retire,0.0,0.0,0.0,0.0,0.0,True
2040,P0116,Liaoning,ccs,0.0,0.0,0.0,0.0,0.0,True
2040,P0116,Liaoning,biomass,1.0,2542573.9999999995,2.0849106799999997,2.0849106799999997,0.0,True
2040,P0116,Liaoning,beccs,0.0,0.0,0.0,0.0,0.0,True
2040,P0116,Liaoning,ammonia,0.0,0.0,0.0,0.0,0.0,True
2040,P0117,Henan,unabated,0.0,0.0,0.0,0.0,0.0,True
2040,P0117,Henan,retire,0.0,0.0,0.0,0.0,0.0,True
2040,P0117,Henan,ccs,0.0,0.0,0.0,0.0,0.0,True
2040,P0117,Henan,biomass,1.0,8351072.0,6.8478790400000005,6.8478790400000005,0.0,True
2040,P0117,Henan,beccs,0.0,0.0,0.0,0.0,0.0,True
2040,P0117,Henan,ammonia,0.0,0.0,0.0,0.0,0.0,True
2040,P0118,Liaoning,unabated,0.0,0.0,0.0,0.0,0.0,True
2040,P0118,Liaoning,retire,0.0,0.0,0.0,0.0,0.0,True
2040,P0118,Liaoning,ccs,0.0,0.0,0.0,0.0,0.0,True
2040,P0118,Liaoning,biomass,1.0,16867807.999999996,13.831602559999997,13.831602559999997,0.0,True
2040,P0118,Liaoning,beccs,0.0,0.0,0.0,0.0,0.0,True
2040,P0118,Liaoning,ammonia,0.0,0.0,0.0,0.0,0.0,True
2040,P0119,Guizhou,unabated,1.0,27248354.0,22.34365028,0.0,0.0,True
2040,P0119,Guizhou,retire,0.0,0.0,0.0,0.0,0.0,True
2040,P0119,Guizhou,ccs,0.0,0.0,0.0,0.0,0.0,True
2040,P0119,Guizhou,biomass,0.0,0.0,0.0,0.0,0.0,True
2040,P0119,Guizhou,beccs,0.0,0.0,0.0,0.0,0.0,True
2040,P0119,Guizhou,ammonia,0.0,0.0,0.0,0.0,0.0,True
2040,P0120,Inner Mongolia,unabated,1.0,23648049.999999996,19.391400999999995,0.0,0.0,True
2040,P0120,Inner Mongolia,retire,0.0,0.0,0.0,0.0,0.0,True
2040,P0120,Inner Mongolia,ccs,0.0,0.0,0.0,0.0,0.0,True
2040,P0120,Inner Mongolia,biomass,0.0,0.0,0.0,0.0,0.0,True
2040,P0120,Inner Mongolia,beccs,0.0,0.0,0.0,0.0,0.0,True
2040,P0120,Inner Mongolia,ammonia,0.0,0.0,0.0,0.0,0.0,True
2040,P0121,Guangdong,unabated,1.0,32662292.0,26.783079439999998,0.0,0.0,True
2040,P0121,Guangdong,retire,0.0,0.0,0.0,0.0,0.0,True
2040,P0121,Guangdong,ccs,0.0,0.0,0.0,0.0,0.0,True
2040,P0121,Guangdong,biomass,0.0,0.0,0.0,0.0,0.0,True
2040,P0121,Guangdong,beccs,0.0,0.0,0.0,0.0,0.0,True
2040,P0121,Guangdong,ammonia,0.0,0.0,0.0,0.0,0.0,True
2040,P0122,Shaanxi,unabated,1.0,33535820.0,27.4993724,0.0,0.0,True
2040,P0122,Shaanxi,retire,0.0,0.0,0.0,0.0,0.0,True
2040,P0122,Shaanxi,ccs,0.0,0.0,0.0,0.0,0.0,True
2040,P0122,Shaanxi,biomass,0.0,0.0,0.0,0.0,0.0,True
2040,P0122,Shaanxi,beccs,0.0,0.0,0.0,0.0,0.0,True
2040,P0122,Shaanxi,ammonia,0.0,0.0,0.0,0.0,0.0,True
2040,P0123,Hebei,unabated,1.0,29973912.800000004,24.578608496000005,0.0,0.0,True
2040,P0123,Hebei,retire,0.0,0.0,0.0,0.0,0.0,True
2040,P0123,Hebei,ccs,0.0,0.0,0.0,0.0,0.0,True
2040,P0123,Hebei,biomass,0.0,0.0,0.0,0.0,0.0,True
2040,P0123,Hebei,beccs,0.0,0.0,0.0,0.0,0.0,True
2040,P0123,Hebei,ammonia,0.0,0.0,0.0,0.0,0.0,True
2040,P0124,Henan,unabated,0.0,0.0,0.0,0.0,0.0,True
2040,P0124,Henan,retire,0.0,0.0,0.0,0.0,0.0,True
2040,P0124,Henan,ccs,0.0,0.0,0.0,0.0,0.0,True
2040,P0124,Henan,biomass,1.0,42007332.0,34.446012239999995,34.446012239999995,0.0,True
2040,P0124,Henan,beccs,0.0,0.0,0.0,0.0,0.0,True
2040,P0124,Henan,ammonia,0.0,0.0,0.0,0.0,0.0,True
2040,P0125,Xinjiang,unabated,0.8280311169966033,52082405.40683211,42.70757243360232,0.0,0.0,True
2040,P0125,Xinjiang,retire,0.0,0.0,0.0,0.0,0.0,True
2040,P0125,Xinjiang,ccs,0.17196888300339674,10816686.593167886,8.869683006397667,7.982714705757901,9.180121911621585,True
2040,P0125,Xinjiang,biomass,0.0,0.0,0.0,0.0,0.0,True
2040,P0125,Xinjiang,beccs,0.0,0.0,0.0,0.0,0.0,True
2040,P0125,Xinjiang,ammonia,0.0,0.0,0.0,0.0,0.0,True
2040,P0126,Jiangsu,unabated,1.0,86326786.00000001,70.78796452000002,0.0,0.0,True
2040,P0126,Jiangsu,retire,0.0,0.0,0.0,0.0,0.0,True
2040,P0126,Jiangsu,ccs,0.0,0.0,0.0,0.0,0.0,True
2040,P0126,Jiangsu,biomass,0.0,0.0,0.0,0.0,0.0,True
2040,P0126,Jiangsu,beccs,0.0,0.0,0.0,0.0,0.0,True
2040,P0126,Jiangsu,ammonia,0.0,0.0,0.0,0.0,0.0,True
2040,P0127,Hebei,unabated,0.0,0.0,0.0,0.0,0.0,True
2040,P0127,Hebei,retire,0.0,0.0,0.0,0.0,0.0,True
2040,P0127,Hebei,ccs,0.0,0.0,0.0,0.0,0.0,True
2040,P0127,Hebei,biomass,1.0,7796425.000000001,6.3930685,6.3930685,0.0,True
2040,P0127,Hebei,beccs,0.0,0.0,0.0,0.0,0.0,True
2040,P0127,Hebei,ammonia,0.0,0.0,0.0,0.0,0.0,True
2040,P0128,Xinjiang,unabated,0.0,0.0,0.0,0.0,0.0,True
2040,P0128,Xinjiang,retire,0.0,0.0,0.0,0.0,0.0,True
2040,P0128,Xinjiang,ccs,0.5720844280583357,2930653.513017832,2.403135880674622,2.16282229260716,2.4872456364982343,True
2040,P0128,Xinjiang,biomass,0.0,0.0,0.0,0.0,0.0,True
2040,P0128,Xinjiang,beccs,0.42791557194166435,2192110.486982168,1.7975305993253778,2.516542839055529,1.8604441703017662,True
2040,P0128,Xinjiang,ammonia,0.0,0.0,0.0,0.0,0.0,True
2040,P0129,Inner Mongolia,unabated,0.302519131827349,20442138.90833039,16.762553904830916,0.0,0.0,True
2040,P0129,Inner Mongolia,retire,0.0,0.0,0.0,0.0,0.0,True
2040,P0129,Inner Mongolia,ccs,0.697480868172651,47130906.09166961,38.64734299516908,34.78260869565218,40.0,True
2040,P0129,Inner Mongolia,biomass,0.0,0.0,0.0,0.0,0.0,True
2040,P0129,Inner Mongolia,beccs,0.0,0.0,0.0,0.0,0.0,True
2040,P0129,Inner Mongolia,ammonia,0.0,0.0,0.0,0.0,0.0,True
2040,P0130,Hebei,unabated,0.0,0.0,0.0,0.0,0.0,True
2040,P0130,Hebei,retire,0.0,0.0,0.0,0.0,0.0,True
2040,P0130,Hebei,ccs,0.0,0.0,0.0,0.0,0.0,True
2040,P0130,Hebei,biomass,1.0,5791630.0,4.7491366,4.7491366,0.0,True
2040,P0130,Hebei,beccs,0.0,0.0,0.0,0.0,0.0,True
2040,P0130,Hebei,ammonia,0.0,0.0,0.0,0.0,0.0,True
2040,P0131,Zhejiang,unabated,1.0,68084190.0,55.8290358,0.0,0.0,True
2040,P0131,Zhejiang,retire,0.0,0.0,0.0,0.0,0.0,True
2040,P0131,Zhejiang,ccs,0.0,0.0,0.0,0.0,0.0,True
2040,P0131,Zhejiang,biomass,0.0,0.0,0.0,0.0,0.0,True
2040,P0131,Zhejiang,beccs,0.0,0.0,0.0,0.0,0.0,True
2040,P0131,Zhejiang,ammonia,0.0,0.0,0.0,0.0,0.0,True
2040,P0132,Jilin,unabated,0.0,0.0,0.0,0.0,0.0,True
2040,P0132,Jilin,retire,0.0,0.0,0.0,0.0,0.0,True
2040,P0132,Jilin,ccs,0.0,0.0,0.0,0.0,0.0,True
2040,P0132,Jilin,biomass,0.0,0.0,0.0,0.0,0.0,True
2040,P0132,Jilin,beccs,1.0,6228808.0,5.107622559999999,9.704482864,5.286389349599999,True
2040,P0132,Jilin,ammonia,0.0,0.0,0.0,0.0,0.0,True
2040,P0133,Anhui,unabated,0.0,0.0,0.0,0.0,0.0,True
2040,P0133,Anhui,retire,0.0,0.0,0.0,0.0,0.0,True
2040,P0133,Anhui,ccs,0.0,0.0,0.0,0.0,0.0,True
2040,P0133,Anhui,biomass,0.47549233063181084,14740647.39837395,12.087330866666639,12.087330866666639,0.0,True
2040,P0133,Anhui,beccs,0.5245076693681892,16260162.601626053,13.333333333333366,25.333333333333393,13.8,True
2040,P0133,Anhui,ammonia,0.0,0.0,0.0,0.0,0.0,True
2040,P0134,Shanxi,unabated,1.0,14837547.5,12.166788949999999,0.0,0.0,True
2040,P0134,Shanxi,retire,0.0,0.0,0.0,0.0,0.0,True
2040,P0134,Shanxi,ccs,0.0,0.0,0.0,0.0,0.0,True
2040,P0134,Shanxi,biomass,0.0,0.0,0.0,0.0,0.0,True
2040,P0134,Shanxi,beccs,0.0,0.0,0.0,0.0,0.0,True
2040,P0134,Shanxi,ammonia,0.0,0.0,0.0,0.0,0.0,True
2040,P0135,Liaoning,unabated,1.5026825117558928e-07,0.8852798561982844,7.259294820825932e-07,0.0,0.0,True
2040,P0135,Liaoning,retire,0.0,0.0,0.0,0.0,0.0,True
2040,P0135,Liaoning,ccs,0.0,0.0,0.0,0.0,0.0,True
2040,P0135,Liaoning,biomass,0.9999996994634981,5891328.2294402905,4.830889148141038,4.830889148141038,0.0,True
2040,P0135,Liaoning,beccs,1.50268250772359e-07,0.8852798538227218,7.259294801346319e-07,1.3792660122558004e-06,7.513370119393441e-07,True
2040,P0135,Liaoning,ammonia,0.0,0.0,0.0,0.0,0.0,True
2040,P0136,Inner Mongolia,unabated,0.0,0.0,0.0,0.0,0.0,True
2040,P0136,Inner Mongolia,retire,0.0,0.0,0.0,0.0,0.0,True
2040,P0136,Inner Mongolia,ccs,0.0,0.0,0.0,0.0,0.0,True
2040,P0136,Inner Mongolia,biomass,0.0,0.0,0.0,0.0,0.0,True
2040,P0136,Inner Mongolia,beccs,1.0,4427720.0,3.6307304,6.898387759999999,3.7578059639999997,True
2040,P0136,Inner Mongolia,ammonia,0.0,0.0,0.0,0.0,0.0,True
2040,P0137,Xinjiang,unabated,1.0,7393679.999999999,6.062817599999999,0.0,0.0,True
2040,P0137,Xinjiang,retire,0.0,0.0,0.0,0.0,0.0,True
2040,P0137,Xinjiang,ccs,0.0,0.0,0.0,0.0,0.0,True
2040,P0137,Xinjiang,biomass,0.0,0.0,0.0,0.0,0.0,True
2040,P0137,Xinjiang,beccs,0.0,0.0,0.0,0.0,0.0,True
2040,P0137,Xinjiang,ammonia,0.0,0.0,0.0,0.0,0.0,True
2040,P0138,Jilin,unabated,0.0,0.0,0.0,0.0,0.0,True
2040,P0138,Jilin,retire,0.0,0.0,0.0,0.0,0.0,True
2040,P0138,Jilin,ccs,0.0,0.0,0.0,0.0,0.0,True
2040,P0138,Jilin,biomass,1.0,4345680.000000001,3.5634576000000004,3.5634576000000004,0.0,True
2040,P0138,Jilin,beccs,0.0,0.0,0.0,0.0,0.0,True
2040,P0138,Jilin,ammonia,0.0,0.0,0.0,0.0,0.0,True
2040,P0139,Heilongjiang,unabated,0.0,0.0,0.0,0.0,0.0,True
2040,P0139,Heilongjiang,retire,0.0,0.0,0.0,0.0,0.0,True
2040,P0139,Heilongjiang,ccs,0.0,0.0,0.0,0.0,0.0,True
2040,P0139,Heilongjiang,biomass,1.0,4156807.5000000005,3.4085821500000004,3.4085821500000004,0.0,True
2040,P0139,Heilongjiang,beccs,0.0,0.0,0.0,0.0,0.0,True
2040,P0139,Heilongjiang,ammonia,0.0,0.0,0.0,0.0,0.0,True
2040,P0140,Guangdong,unabated,0.24066939687814526,13349429.889807623,10.94653250964225,0.0,0.0,True
2040,P0140,Guangdong,retire,0.0,0.0,0.0,0.0,0.0,True
2040,P0140,Guangdong,ccs,0.07071992351150981,3922686.7768628513,3.2166031570275377,2.8949428413247844,3.329184267523502,True
2040,P0140,Guangdong,biomass,0.0,0.0,0.0,0.0,0.0,True
2040,P0140,Guangdong,beccs,0.688610679610345,38195799.33332953,31.320555453330208,51.67891649799484,32.41677489419677,True
2040,P0140,Guangdong,ammonia,0.0,0.0,0.0,0.0,0.0,True
2040,P0141,Shandong,unabated,1.0,46881825.00000001,38.44309650000001,0.0,0.0,True
2040,P0141,Shandong,retire,0.0,0.0,0.0,0.0,0.0,True
2040,P0141,Shandong,ccs,0.0,0.0,0.0,0.0,0.0,True
2040,P0141,Shandong,biomass,0.0,0.0,0.0,0.0,0.0,True
2040,P0141,Shandong,beccs,0.0,0.0,0.0,0.0,0.0,True
2040,P0141,Shandong,ammonia,0.0,0.0,0.0,0.0,0.0,True
2040,P0142,Jiangsu,unabated,0.021976248966722567,735179.9175396223,0.6028475323824903,0.0,0.0,True
2040,P0142,Jiangsu,retire,0.0,0.0,0.0,0.0,0.0,True
2040,P0142,Jiangsu,ccs,0.0,0.0,0.0,0.0,0.0,True
2040,P0142,Jiangsu,biomass,0.0,0.0,0.0,0.0,0.0,True
2040,P0142,Jiangsu,beccs,0.9780237510332774,32718205.08246038,26.828928167617512,50.974963518473274,27.767940653484125,True
2040,P0142,Jiangsu,ammonia,0.0,0.0,0.0,0.0,0.0,True
2040,P0143,Yunnan,unabated,0.0,0.0,0.0,0.0,0.0,True
2040,P0143,Yunnan,retire,0.0,0.0,0.0,0.0,0.0,True
2040,P0143,Yunnan,ccs,0.0,0.0,0.0,0.0,0.0,True
2040,P0143,Yunnan,biomass,1.0,11205499.999999998,9.188509999999997,9.188509999999997,0.0,True
2040,P0143,Yunnan,beccs,0.0,0.0,0.0,0.0,0.0,True
2040,P0143,Yunnan,ammonia,0.0,0.0,0.0,0.0,0.0,True
2040,P0144,Shanxi,unabated,1.0,32892597.499999996,26.971929949999996,0.0,0.0,True
2040,P0144,Shanxi,retire,0.0,0.0,0.0,0.0,0.0,True
2040,P0144,Shanxi,ccs,0.0,0.0,0.0,0.0,0.0,True
2040,P0144,Shanxi,biomass,0.0,0.0,0.0,0.0,0.0,True
2040,P0144,Shanxi,beccs,0.0,0.0,0.0,0.0,0.0,True
2040,P0144,Shanxi,ammonia,0.0,0.0,0.0,0.0,0.0,True
2040,P0145,Liaoning,unabated,0.0,0.0,0.0,0.0,0.0,True
2040,P0145,Liaoning,retire,0.0,0.0,0.0,0.0,0.0,True
2040,P0145,Liaoning,ccs,0.0,0.0,0.0,0.0,0.0,True
2040,P0145,Liaoning,biomass,1.0,8185847.999999999,6.712395359999999,6.712395359999999,0.0,True
2040,P0145,Liaoning,beccs,0.0,0.0,0.0,0.0,0.0,True
2040,P0145,Liaoning,ammonia,0.0,0.0,0.0,0.0,0.0,True
2040,P0146,Shanxi,unabated,1.0,19906850.0,16.323617,0.0,0.0,True
2040,P0146,Shanxi,retire,0.0,0.0,0.0,0.0,0.0,True
2040,P0146,Shanxi,ccs,0.0,0.0,0.0,0.0,0.0,True
2040,P0146,Shanxi,biomass,0.0,0.0,0.0,0.0,0.0,True
2040,P0146,Shanxi,beccs,0.0,0.0,0.0,0.0,0.0,True
2040,P0146,Shanxi,ammonia,0.0,0.0,0.0,0.0,0.0,True
2040,P0147,Inner Mongolia,unabated,0.5749966015790842,9026457.650636904,7.401695273522261,0.0,0.0,True
2040,P0147,Inner Mongolia,retire,0.0,0.0,0.0,0.0,0.0,True
2040,P0147,Inner Mongolia,ccs,0.0,0.0,0.0,0.0,0.0,True
2040,P0147,Inner Mongolia,biomass,0.0,0.0,0.0,0.0,0.0,True
2040,P0147,Inner Mongolia,beccs,0.4250033984209159,6671822.349363095,5.470894326477738,10.3946992203077,5.662375627904458,True
2040,P0147,Inner Mongolia,ammonia,0.0,0.0,0.0,0.0,0.0,True
2040,P0148,Shandong,unabated,0.0,0.0,0.0,0.0,0.0,True
2040,P0148,Shandong,retire,0.0,0.0,0.0,0.0,0.0,True
2040,P0148,Shandong,ccs,0.0,0.0,0.0,0.0,0.0,True
2040,P0148,Shandong,biomass,1.0,9114699.000000002,7.47405318,7.47405318,0.0,True
2040,P0148,Shandong,beccs,0.0,0.0,0.0,0.0,0.0,True
2040,P0148,Shandong,ammonia,0.0,0.0,0.0,0.0,0.0,True
2040,P0149,Shaanxi,unabated,1.0,42384920.0,34.7556344,0.0,0.0,True
2040,P0149,Shaanxi,retire,0.0,0.0,0.0,0.0,0.0,True
2040,P0149,Shaanxi,ccs,0.0,0.0,0.0,0.0,0.0,True
2040,P0149,Shaanxi,biomass,0.0,0.0,0.0,0.0,0.0,True
2040,P0149,Shaanxi,beccs,0.0,0.0,0.0,0.0,0.0,True
2040,P0149,Shaanxi,ammonia,0.0,0.0,0.0,0.0,0.0,True
2040,P0150,Guizhou,unabated,0.0,0.0,0.0,0.0,0.0,True
2040,P0150,Guizhou,retire,0.0,0.0,0.0,0.0,0.0,True
2040,P0150,Guizhou,ccs,0.0,0.0,0.0,0.0,0.0,True
2040,P0150,Guizhou,biomass,1.0,664594.0,0.5449670799999999,0.5449670799999999,0.0,True
2040,P0150,Guizhou,beccs,0.0,0.0,0.0,0.0,0.0,True
2040,P0150,Guizhou,ammonia,0.0,0.0,0.0,0.0,0.0,True
2040,P0151,Shandong,unabated,1.0,16899262.500000004,13.857395250000001,0.0,0.0,True
2040,P0151,Shandong,retire,0.0,0.0,0.0,0.0,0.0,True
2040,P0151,Shandong,ccs,0.0,0.0,0.0,0.0,0.0,True
2040,P0151,Shandong,biomass,0.0,0.0,0.0,0.0,0.0,True
2040,P0151,Shandong,beccs,0.0,0.0,0.0,0.0,0.0,True
2040,P0151,Shandong,ammonia,0.0,0.0,0.0,0.0,0.0,True
2040,P0152,Guangdong,unabated,1.0,6426161.0,5.269452019999999,0.0,0.0,True
2040,P0152,Guangdong,retire,0.0,0.0,0.0,0.0,0.0,True
2040,P0152,Guangdong,ccs,0.0,0.0,0.0,0.0,0.0,True
2040,P0152,Guangdong,biomass,0.0,0.0,0.0,0.0,0.0,True
2040,P0152,Guangdong,beccs,0.0,0.0,0.0,0.0,0.0,True
2040,P0152,Guangdong,ammonia,0.0,0.0,0.0,0.0,0.0,True
2040,P0153,Heilongjiang,unabated,0.0,0.0,0.0,0.0,0.0,True
2040,P0153,Heilongjiang,retire,0.0,0.0,0.0,0.0,0.0,True
2040,P0153,Heilongjiang,ccs,0.0,0.0,0.0,0.0,0.0,True
2040,P0153,Heilongjiang,biomass,0.0,0.0,0.0,0.0,0.0,True
2040,P0153,Heilongjiang,beccs,1.0,7391812.500000001,6.06128625,11.516443875,6.27343126875,True
2040,P0153,Heilongjiang,ammonia,0.0,0.0,0.0,0.0,0.0,True
2040,P0154,Tianjin,unabated,0.19502798080921802,5175484.830651532,4.243897561134256,0.0,0.0,True
2040,P0154,Tianjin,retire,0.0,0.0,0.0,0.0,0.0,True
2040,P0154,Tianjin,ccs,0.0,0.0,0.0,0.0,0.0,True
2040,P0154,Tianjin,biomass,0.0,0.0,0.0,0.0,0.0,True
2040,P0154,Tianjin,beccs,0.804972019190782,21361655.169348467,17.516557238865744,33.28145875384491,18.129636742226044,True
2040,P0154,Tianjin,ammonia,0.0,0.0,0.0,0.0,0.0,True
2040,P0155,Shanxi,unabated,0.23529425948872562,3335420.5989159546,2.735044891111083,0.0,0.0,True
2040,P0155,Shanxi,retire,0.0,0.0,0.0,0.0,0.0,True
2040,P0155,Shanxi,ccs,0.0,0.0,0.0,0.0,0.0,True
2040,P0155,Shanxi,biomass,0.0,0.0,0.0,0.0,0.0,True
2040,P0155,Shanxi,beccs,0.7647057405112744,10840108.401084043,8.888888888888916,16.88888888888894,9.2,True
2040,P0155,Shanxi,ammonia,0.0,0.0,0.0,0.0,0.0,True
2040,P0156,Yunnan,unabated,0.0,0.0,0.0,0.0,0.0,True
2040,P0156,Yunnan,retire,0.0,0.0,0.0,0.0,0.0,True
2040,P0156,Yunnan,ccs,0.0,0.0,0.0,0.0,0.0,True
2040,P0156,Yunnan,biomass,1.0,2689319.9999999995,2.2052423999999995,2.2052423999999995,0.0,True
2040,P0156,Yunnan,beccs,0.0,0.0,0.0,0.0,0.0,True
2040,P0156,Yunnan,ammonia,0.0,0.0,0.0,0.0,0.0,True
2040,P0157,Guizhou,unabated,0.01094071986720957,267993.32701321365,0.21975452815083518,0.0,0.0,True
2040,P0157,Guizhou,retire,0.0,0.0,0.0,0.0,0.0,True
2040,P0157,Guizhou,ccs,0.0,0.0,0.0,0.0,0.0,True
2040,P0157,Guizhou,biomass,0.9890592801327904,24227042.672986787,19.866174991849164,19.866174991849164,0.0,True
2040,P0157,Guizhou,beccs,0.0,0.0,0.0,0.0,0.0,True
2040,P0157,Guizhou,ammonia,0.0,0.0,0.0,0.0,0.0,True
2040,P0158,Guangxi,unabated,0.0,0.0,0.0,0.0,0.0,True
2040,P0158,Guangxi,retire,0.0,0.0,0.0,0.0,0.0,True
2040,P0158,Guangxi,ccs,0.0,0.0,0.0,0.0,0.0,True
2040,P0158,Guangxi,biomass,1.0,7299565.0,5.9856432999999996,5.9856432999999996,0.0,True
2040,P0158,Guangxi,beccs,0.0,0.0,0.0,0.0,0.0,True
2040,P0158,Guangxi,ammonia,0.0,0.0,0.0,0.0,0.0,True
2040,P0159,Fujian,unabated,0.19683632593088762,3440766.2952953833,2.821428362142214,0.0,0.0,True
2040,P0159,Fujian,retire,0.0,0.0,0.0,0.0,0.0,True
2040,P0159,Fujian,ccs,0.0,0.0,0.0,0.0,0.0,True
2040,P0159,Fujian,biomass,0.0,0.0,0.0,0.0,0.0,True
2040,P0159,Fujian,beccs,0.8031636740691124,14039575.704704612,11.512452077857782,21.873658947929783,11.915387900582804,True
2040,P0159,Fujian,ammonia,0.0,0.0,0.0,0.0,0.0,True
2040,P0160,Hubei,unabated,0.0,0.0,0.0,0.0,0.0,True
2040,P0160,Hubei,retire,0.0,0.0,0.0,0.0,0.0,True
2040,P0160,Hubei,ccs,0.0,0.0,0.0,0.0,0.0,True
2040,P0160,Hubei,biomass,0.016046266188891156,265938.4922822489,0.21806956367144412,0.21806956367144412,0.0,True
2040,P0160,Hubei,beccs,0.9839537338111088,16307293.50771775,13.371980676328555,25.40676328502425,13.840000000000053,True
2040,P0160,Hubei,ammonia,0.0,0.0,0.0,0.0,0.0,True
2040,P0161,Zhejiang,unabated,0.0,0.0,0.0,0.0,0.0,True
2040,P0161,Zhejiang,retire,0.0,0.0,0.0,0.0,0.0,True
2040,P0161,Zhejiang,ccs,0.0,0.0,0.0,0.0,0.0,True
2040,P0161,Zhejiang,biomass,0.0,0.0,0.0,0.0,0.0,True
2040,P0161,Zhejiang,beccs,1.0,2629267.5,2.15599935,4.096398765,2.2314593272500076,True
2040,P0161,Zhejiang,ammonia,0.0,0.0,0.0,0.0,0.0,True
2040,P0162,Shandong,unabated,0.0,0.0,0.0,0.0,0.0,True
2040,P0162,Shandong,retire,0.0,0.0,0.0,0.0,0.0,True
2040,P0162,Shandong,ccs,0.0,0.0,0.0,0.0,0.0,True
2040,P0162,Shandong,biomass,1.0,5974707.0,4.899259739999999,4.899259739999999,0.0,True
2040,P0162,Shandong,beccs,0.0,0.0,0.0,0.0,0.0,True
2040,P0162,Shandong,ammonia,0.0,0.0,0.0,0.0,0.0,True
2040,P0163,Hebei,unabated,1.0,11583260.0,9.4982732,0.0,0.0,True
2040,P0163,Hebei,retire,0.0,0.0,0.0,0.0,0.0,True
2040,P0163,Hebei,ccs,0.0,0.0,0.0,0.0,0.0,True
2040,P0163,Hebei,biomass,0.0,0.0,0.0,0.0,0.0,True
2040,P0163,Hebei,beccs,0.0,0.0,0.0,0.0,0.0,True
2040,P0163,Hebei,ammonia,0.0,0.0,0.0,0.0,0.0,True
2040,P0164,Hunan,unabated,0.0,0.0,0.0,0.0,0.0,True
2040,P0164,Hunan,retire,0.0,0.0,0.0,0.0,0.0,True
2040,P0164,Hunan,ccs,0.0,0.0,0.0,0.0,0.0,True
2040,P0164,Hunan,biomass,1.0,12502080.0,10.2517056,10.2517056,0.0,True
2040,P0164,Hunan,beccs,0.0,0.0,0.0,0.0,0.0,True
2040,P0164,Hunan,ammonia,0.0,0.0,0.0,0.0,0.0,True
2040,P0165,Hebei,unabated,0.0,0.0,0.0,0.0,0.0,True
2040,P0165,Hebei,retire,0.0,0.0,0.0,0.0,0.0,True
2040,P0165,Hebei,ccs,0.0,0.0,0.0,0.0,0.0,True
2040,P0165,Hebei,biomass,1.0,5346120.0,4.383818399999999,4.383818399999999,0.0,True
2040,P0165,Hebei,beccs,0.0,0.0,0.0,0.0,0.0,True
2040,P0165,Hebei,ammonia,0.0,0.0,0.0,0.0,0.0,True
2040,P0166,Guangxi,unabated,0.0,0.0,0.0,0.0,0.0,True
2040,P0166,Guangxi,retire,0.0,0.0,0.0,0.0,0.0,True
2040,P0166,Guangxi,ccs,0.0,0.0,0.0,0.0,0.0,True
2040,P0166,Guangxi,biomass,1.0,8807344.0,7.2220220799999995,7.2220220799999995,0.0,True
2040,P0166,Guangxi,beccs,0.0,0.0,0.0,0.0,0.0,True
2040,P0166,Guangxi,ammonia,0.0,0.0,0.0,0.0,0.0,True
2040,P0167,Shandong,unabated,1.0,52621032.60000001,43.14924673200001,0.0,0.0,True
2040,P0167,Shandong,retire,0.0,0.0,0.0,0.0,0.0,True
2040,P0167,Shandong,ccs,0.0,0.0,0.0,0.0,0.0,True
2040,P0167,Shandong,biomass,0.0,0.0,0.0,0.0,0.0,True
2040,P0167,Shandong,beccs,0.0,0.0,0.0,0.0,0.0,True
2040,P0167,Shandong,ammonia,0.0,0.0,0.0,0.0,0.0,True
2040,P0168,Xinjiang,unabated,0.0,0.0,0.0,0.0,0.0,True
2040,P0168,Xinjiang,retire,0.0,0.0,0.0,0.0,0.0,True
2040,P0168,Xinjiang,ccs,0.4055698108190883,3469870.361534385,2.8452936964581954,2.560764326812376,2.944878975834233,True
2040,P0168,Xinjiang,biomass,0.0,0.0,0.0,0.0,0.0,True
2040,P0168,Xinjiang,beccs,0.5944301891809117,5085673.638465613,4.170252383541802,5.838353336958523,4.316211216965766,True
2040,P0168,Xinjiang,ammonia,0.0,0.0,0.0,0.0,0.0,True
2040,P0169,Guizhou,unabated,0.0,0.0,0.0,0.0,0.0,True
2040,P0169,Guizhou,retire,0.0,0.0,0.0,0.0,0.0,True
2040,P0169,Guizhou,ccs,0.0,0.0,0.0,0.0,0.0,True
2040,P0169,Guizhou,biomass,1.0,7120650.0,5.838933,5.838933,0.0,True
2040,P0169,Guizhou,beccs,0.0,0.0,0.0,0.0,0.0,True
2040,P0169,Guizhou,ammonia,0.0,0.0,0.0,0.0,0.0,True
2040,P0170,Shandong,unabated,1.0,33013527.000000004,27.07109214,0.0,0.0,True
2040,P0170,Shandong,retire,0.0,0.0,0.0,0.0,0.0,True
2040,P0170,Shandong,ccs,0.0,0.0,0.0,0.0,0.0,True
2040,P0170,Shandong,biomass,0.0,0.0,0.0,0.0,0.0,True
2040,P0170,Shandong,beccs,0.0,0.0,0.0,0.0,0.0,True
2040,P0170,Shandong,ammonia,0.0,0.0,0.0,0.0,0.0,True
2040,P0171,Shaanxi,unabated,1.0,15202300.0,12.465886,0.0,0.0,True
2040,P0171,Shaanxi,retire,0.0,0.0,0.0,0.0,0.0,True
2040,P0171,Shaanxi,ccs,0.0,0.0,0.0,0.0,0.0,True
2040,P0171,Shaanxi,biomass,0.0,0.0,0.0,0.0,0.0,True
2040,P0171,Shaanxi,beccs,0.0,0.0,0.0,0.0,0.0,True
2040,P0171,Shaanxi,ammonia,0.0,0.0,0.0,0.0,0.0,True
2040,P0172,Sichuan,unabated,0.0,0.0,0.0,0.0,0.0,True
2040,P0172,Sichuan,retire,0.0,0.0,0.0,0.0,0.0,True
2040,P0172,Sichuan,ccs,0.0,0.0,0.0,0.0,0.0,True
2040,P0172,Sichuan,biomass,0.0,0.0,0.0,0.0,0.0,True
2040,P0172,Sichuan,beccs,1.0,16288263.999999998,13.356376479999998,25.377115311999994,13.823849656799997,True
2040,P0172,Sichuan,ammonia,0.0,0.0,0.0,0.0,0.0,True
2040,P0173,Ningxia,unabated,1.0,26644024.0,21.84809968,0.0,0.0,True
2040,P0173,Ningxia,retire,0.0,0.0,0.0,0.0,0.0,True
2040,P0173,Ningxia,ccs,0.0,0.0,0.0,0.0,0.0,True
2040,P0173,Ningxia,biomass,0.0,0.0,0.0,0.0,0.0,True
2040,P0173,Ningxia,beccs,0.0,0.0,0.0,0.0,0.0,True
2040,P0173,Ningxia,ammonia,0.0,0.0,0.0,0.0,0.0,True
2040,P0174,Shanxi,unabated,1.0,37452655.0,30.711177099999997,0.0,0.0,True
2040,P0174,Shanxi,retire,0.0,0.0,0.0,0.0,0.0,True
2040,P0174,Shanxi,ccs,0.0,0.0,0.0,0.0,0.0,True
2040,P0174,Shanxi,biomass,0.0,0.0,0.0,0.0,0.0,True
2040,P0174,Shanxi,beccs,0.0,0.0,0.0,0.0,0.0,True
2040,P0174,Shanxi,ammonia,0.0,0.0,0.0,0.0,0.0,True
2040,P0175,Guizhou,unabated,0.0,0.0,0.0,0.0,0.0,True
2040,P0175,Guizhou,retire,0.0,0.0,0.0,0.0,0.0,True
2040,P0175,Guizhou,ccs,0.0,0.0,0.0,0.0,0.0,True
2040,P0175,Guizhou,biomass,1.0,8544780.0,7.006719599999999,7.006719599999999,0.0,True
2040,P0175,Guizhou,beccs,0.0,0.0,0.0,0.0,0.0,True
2040,P0175,Guizhou,ammonia,0.0,0.0,0.0,0.0,0.0,True
2040,P0176,Hubei,unabated,0.0,0.0,0.0,0.0,0.0,True
2040,P0176,Hubei,retire,0.0,0.0,0.0,0.0,0.0,True
2040,P0176,Hubei,ccs,0.0,0.0,0.0,0.0,0.0,True
2040,P0176,Hubei,biomass,0.5894827882309532,10388525.914928677,8.518591250241514,8.518591250241514,0.0,True
2040,P0176,Hubei,beccs,0.4105172117690467,7234594.0850713225,5.932367149758484,11.27149758454112,6.140000000000031,True
2040,P0176,Hubei,ammonia,0.0,0.0,0.0,0.0,0.0,True
2040,P0177,Jilin,unabated,0.0,0.0,0.0,0.0,0.0,True
2040,P0177,Jilin,retire,0.0,0.0,0.0,0.0,0.0,True
2040,P0177,Jilin,ccs,0.0,0.0,0.0,0.0,0.0,True
2040,P0177,Jilin,biomass,0.0,0.0,0.0,0.0,0.0,True
2040,P0177,Jilin,beccs,1.0,7460084.0,6.11726888,11.622810872,5.90928173808,True
2040,P0177,Jilin,ammonia,0.0,0.0,0.0,0.0,0.0,True
2040,P0178,Shaanxi,unabated,0.0,0.0,0.0,0.0,0.0,True
2040,P0178,Shaanxi,retire,0.0,0.0,0.0,0.0,0.0,True
2040,P0178,Shaanxi,ccs,0.0,0.0,0.0,0.0,0.0,True
2040,P0178,Shaanxi,biomass,0.0,0.0,0.0,0.0,0.0,True
2040,P0178,Shaanxi,beccs,1.0,6353200.0,5.209624,9.8982856,5.3919608399999985,True
2040,P0178,Shaanxi,ammonia,0.0,0.0,0.0,0.0,0.0,True
2040,P0179,Fujian,unabated,1.0,32038749.999999996,26.271774999999995,0.0,0.0,True
2040,P0179,Fujian,retire,0.0,0.0,0.0,0.0,0.0,True
2040,P0179,Fujian,ccs,0.0,0.0,0.0,0.0,0.0,True
2040,P0179,Fujian,biomass,0.0,0.0,0.0,0.0,0.0,True
2040,P0179,Fujian,beccs,0.0,0.0,0.0,0.0,0.0,True
2040,P0179,Fujian,ammonia,0.0,0.0,0.0,0.0,0.0,True
2040,P0180,Inner Mongolia,unabated,1.0,7547250.0,6.188745,0.0,0.0,True
2040,P0180,Inner Mongolia,retire,0.0,0.0,0.0,0.0,0.0,True
2040,P0180,Inner Mongolia,ccs,0.0,0.0,0.0,0.0,0.0,True
2040,P0180,Inner Mongolia,biomass,0.0,0.0,0.0,0.0,0.0,True
2040,P0180,Inner Mongolia,beccs,0.0,0.0,0.0,0.0,0.0,True
2040,P0180,Inner Mongolia,ammonia,0.0,0.0,0.0,0.0,0.0,True
2040,P0181,Xinjiang,unabated,0.0,0.0,0.0,0.0,0.0,True
2040,P0181,Xinjiang,retire,0.0,0.0,0.0,0.0,0.0,True
2040,P0181,Xinjiang,ccs,1.0,22999625.999999996,18.859693319999998,16.973723988,19.519782586199998,True
2040,P0181,Xinjiang,biomass,0.0,0.0,0.0,0.0,0.0,True
2040,P0181,Xinjiang,beccs,0.0,0.0,0.0,0.0,0.0,True
2040,P0181,Xinjiang,ammonia,0.0,0.0,0.0,0.0,0.0,True
2040,P0182,Jiangxi,unabated,0.0,0.0,0.0,0.0,0.0,True
2040,P0182,Jiangxi,retire,0.0,0.0,0.0,0.0,0.0,True
2040,P0182,Jiangxi,ccs,0.0,0.0,0.0,0.0,0.0,True
2040,P0182,Jiangxi,biomass,1.0,27707083.2,22.719808224,22.719808224,0.0,True
2040,P0182,Jiangxi,beccs,0.0,0.0,0.0,0.0,0.0,True
2040,P0182,Jiangxi,ammonia,0.0,0.0,0.0,0.0,0.0,True
2040,P0183,Xinjiang,unabated,1.0,1425923.9999999998,1.1692576799999996,0.0,0.0,True
2040,P0183,Xinjiang,retire,0.0,0.0,0.0,0.0,0.0,True
2040,P0183,Xinjiang,ccs,0.0,0.0,0.0,0.0,0.0,True
2040,P0183,Xinjiang,biomass,0.0,0.0,0.0,0.0,0.0,True
2040,P0183,Xinjiang,beccs,0.0,0.0,0.0,0.0,0.0,True
2040,P0183,Xinjiang,ammonia,0.0,0.0,0.0,0.0,0.0,True
2040,P0184,Shandong,unabated,0.3263391687142395,9236553.388931058,7.573973778923468,0.0,0.0,True
2040,P0184,Shandong,retire,0.0,0.0,0.0,0.0,0.0,True
2040,P0184,Shandong,ccs,0.0,0.0,0.0,0.0,0.0,True
2040,P0184,Shandong,biomass,0.6736608312857605,19066985.611068945,15.634928201076532,15.634928201076532,0.0,True
2040,P0184,Shandong,beccs,0.0,0.0,0.0,0.0,0.0,True
2040,P0184,Shandong,ammonia,0.0,0.0,0.0,0.0,0.0,True
2040,P0185,Guizhou,unabated,0.0,0.0,0.0,0.0,0.0,True
2040,P0185,Guizhou,retire,0.0,0.0,0.0,0.0,0.0,True
2040,P0185,Guizhou,ccs,0.0,0.0,0.0,0.0,0.0,True
2040,P0185,Guizhou,biomass,1.0,7120650.0,5.838933,5.838933,0.0,True
2040,P0185,Guizhou,beccs,0.0,0.0,0.0,0.0,0.0,True
2040,P0185,Guizhou,ammonia,0.0,0.0,0.0,0.0,0.0,True
2040,P0186,Ningxia,unabated,1.0,24108865.0,19.769269299999998,0.0,0.0,True
2040,P0186,Ningxia,retire,0.0,0.0,0.0,0.0,0.0,True
2040,P0186,Ningxia,ccs,0.0,0.0,0.0,0.0,0.0,True
2040,P0186,Ningxia,biomass,0.0,0.0,0.0,0.0,0.0,True
2040,P0186,Ningxia,beccs,0.0,0.0,0.0,0.0,0.0,True
2040,P0186,Ningxia,ammonia,0.0,0.0,0.0,0.0,0.0,True
2040,P0187,Inner Mongolia,unabated,0.0,0.0,0.0,0.0,0.0,True
2040,P0187,Inner Mongolia,retire,0.0,0.0,0.0,0.0,0.0,True
2040,P0187,Inner Mongolia,ccs,0.0,0.0,0.0,0.0,0.0,True
2040,P0187,Inner Mongolia,biomass,0.0,0.0,0.0,0.0,0.0,True
2040,P0187,Inner Mongolia,beccs,1.0,1006300.0,0.825166,1.5678153999999997,0.8540468099999999,True
2040,P0187,Inner Mongolia,ammonia,0.0,0.0,0.0,0.0,0.0,True
2040,P0188,Xinjiang,unabated,1.0,21124800.0,17.322336,0.0,0.0,True
2040,P0188,Xinjiang,retire,0.0,0.0,0.0,0.0,0.0,True
2040,P0188,Xinjiang,ccs,0.0,0.0,0.0,0.0,0.0,True
2040,P0188,Xinjiang,biomass,0.0,0.0,0.0,0.0,0.0,True
2040,P0188,Xinjiang,beccs,0.0,0.0,0.0,0.0,0.0,True
2040,P0188,Xinjiang,ammonia,0.0,0.0,0.0,0.0,0.0,True
2040,P0189,Yunnan,unabated,0.0,0.0,0.0,0.0,0.0,True
2040,P0189,Yunnan,retire,0.0,0.0,0.0,0.0,0.0,True
2040,P0189,Yunnan,ccs,0.0,0.0,0.0,0.0,0.0,True
2040,P0189,Yunnan,biomass,1.0,4482200.0,3.675404,3.675404,0.0,True
2040,P0189,Yunnan,beccs,0.0,0.0,0.0,0.0,0.0,True
2040,P0189,Yunnan,ammonia,0.0,0.0,0.0,0.0,0.0,True
2040,P0190,Jiangsu,unabated,0.0,0.0,0.0,0.0,0.0,True
2040,P0190,Jiangsu,retire,0.0,0.0,0.0,0.0,0.0,True
2040,P0190,Jiangsu,ccs,0.0,0.0,0.0,0.0,0.0,True
2040,P0190,Jiangsu,biomass,0.32278458615954797,3626394.4458183968,2.973643445571086,2.973643445571086,0.0,True
2040,P0190,Jiangsu,beccs,0.677215413840452,7608325.554181603,6.238826954428915,11.85377121341494,6.457185897833926,True
2040,P0190,Jiangsu,ammonia,0.0,0.0,0.0,0.0,0.0,True
2040,P0191,Hunan,unabated,0.0,0.0,0.0,0.0,0.0,True
2040,P0191,Hunan,retire,0.0,0.0,0.0,0.0,0.0,True
2040,P0191,Hunan,ccs,0.0,0.0,0.0,0.0,0.0,True
2040,P0191,Hunan,biomass,1.0,8204490.0,6.7276818,6.7276818,0.0,True
2040,P0191,Hunan,beccs,0.0,0.0,0.0,0.0,0.0,True
2040,P0191,Hunan,ammonia,0.0,0.0,0.0,0.0,0.0,True
2040,P0192,Shaanxi,unabated,0.0,0.0,0.0,0.0,0.0,True
2040,P0192,Shaanxi,retire,0.0,0.0,0.0,0.0,0.0,True
2040,P0192,Shaanxi,ccs,0.0,0.0,0.0,0.0,0.0,True
2040,P0192,Shaanxi,biomass,0.0,0.0,0.0,0.0,0.0,True
2040,P0192,Shaanxi,beccs,1.0,15519960.0,12.726367199999999,24.180097679999996,13.171790051999997,True
2040,P0192,Shaanxi,ammonia,0.0,0.0,0.0,0.0,0.0,True
2040,P0193,Guangxi,unabated,0.0,0.0,0.0,0.0,0.0,True
2040,P0193,Guangxi,retire,0.0,0.0,0.0,0.0,0.0,True
2040,P0193,Guangxi,ccs,0.0,0.0,0.0,0.0,0.0,True
2040,P0193,Guangxi,biomass,0.0,0.0,0.0,0.0,0.0,True
2040,P0193,Guangxi,beccs,1.0,6557642.0,5.37726644,10.216806235999998,5.5654707654,True
2040,P0193,Guangxi,ammonia,0.0,0.0,0.0,0.0,0.0,True
2040,P0194,Shaanxi,unabated,0.0,0.0,0.0,0.0,0.0,True
2040,P0194,Shaanxi,retire,0.0,0.0,0.0,0.0,0.0,True
2040,P0194,Shaanxi,ccs,0.0,0.0,0.0,0.0,0.0,True
2040,P0194,Shaanxi,biomass,1.0,2995080.0,2.4559655999999994,2.4559655999999994,0.0,True
2040,P0194,Shaanxi,beccs,0.0,0.0,0.0,0.0,0.0,True
2040,P0194,Shaanxi,ammonia,0.0,0.0,0.0,0.0,0.0,True
2040,P0195,Sichuan,unabated,0.0,0.0,0.0,0.0,0.0,True
2040,P0195,Sichuan,retire,0.0,0.0,0.0,0.0,0.0,True
2040,P0195,Sichuan,ccs,0.0,0.0,0.0,0.0,0.0,True
2040,P0195,Sichuan,biomass,1.0,2997839.9999999995,2.458228799999999,2.458228799999999,0.0,True
2040,P0195,Sichuan,beccs,0.0,0.0,0.0,0.0,0.0,True
2040,P0195,Sichuan,ammonia,0.0,0.0,0.0,0.0,0.0,True
2040,P0196,Xinjiang,unabated,1.0,633743.9999999999,0.5196700799999999,0.0,0.0,True
2040,P0196,Xinjiang,retire,0.0,0.0,0.0,0.0,0.0,True
2040,P0196,Xinjiang,ccs,0.0,0.0,0.0,0.0,0.0,True
2040,P0196,Xinjiang,biomass,0.0,0.0,0.0,0.0,0.0,True
2040,P0196,Xinjiang,beccs,0.0,0.0,0.0,0.0,0.0,True
2040,P0196,Xinjiang,ammonia,0.0,0.0,0.0,0.0,0.0,True
2040,P0197,Fujian,unabated,0.0,0.0,0.0,0.0,0.0,True
2040,P0197,Fujian,retire,0.0,0.0,0.0,0.0,0.0,True
2040,P0197,Fujian,ccs,0.0,0.0,0.0,0.0,0.0,True
2040,P0197,Fujian,biomass,0.0,0.0,0.0,0.0,0.0,True
2040,P0197,Fujian,beccs,1.0,6766584.0,5.54859888,10.542337872,5.742799840800001,True
2040,P0197,Fujian,ammonia,0.0,0.0,0.0,0.0,0.0,True
2040,P0198,Gansu,unabated,0.0,0.0,0.0,0.0,0.0,True
2040,P0198,Gansu,retire,0.0,0.0,0.0,0.0,0.0,True
2040,P0198,Gansu,ccs,0.0,0.0,0.0,0.0,0.0,True
2040,P0198,Gansu,biomass,1.0,2765136.0,2.26741152,2.26741152,0.0,True
2040,P0198,Gansu,beccs,0.0,0.0,0.0,0.0,0.0,True
2040,P0198,Gansu,ammonia,0.0,0.0,0.0,0.0,0.0,True
2040,P0199,Inner Mongolia,unabated,1.0,1308190.0,1.0727158,0.0,0.0,True
2040,P0199,Inner Mongolia,retire,0.0,0.0,0.0,0.0,0.0,True
2040,P0199,Inner Mongolia,ccs,0.0,0.0,0.0,0.0,0.0,True
2040,P0199,Inner Mongolia,biomass,0.0,0.0,0.0,0.0,0.0,True
2040,P0199,Inner Mongolia,beccs,0.0,0.0,0.0,0.0,0.0,True
2040,P0199,Inner Mongolia,ammonia,0.0,0.0,0.0,0.0,0.0,True
2040,P0200,Xinjiang,unabated,0.0,0.0,0.0,0.0,0.0,True
2040,P0200,Xinjiang,retire,0.0,0.0,0.0,0.0,0.0,True
2040,P0200,Xinjiang,ccs,0.4824827600148842,5147137.663425025,4.220652884008519,3.7985875956076676,4.368375734948817,True
2040,P0200,Xinjiang,biomass,0.0,0.0,0.0,0.0,0.0,True
2040,P0200,Xinjiang,beccs,0.5175172399851158,5520886.336574974,4.527126795991478,6.337977514388069,4.6855762338511795,True
2040,P0200,Xinjiang,ammonia,0.0,0.0,0.0,0.0,0.0,True
2040,P0201,Heilongjiang,unabated,0.0,0.0,0.0,0.0,0.0,True
2040,P0201,Heilongjiang,retire,0.0,0.0,0.0,0.0,0.0,True
2040,P0201,Heilongjiang,ccs,0.0,0.0,0.0,0.0,0.0,True
2040,P0201,Heilongjiang,biomass,0.0,0.0,0.0,0.0,0.0,True
2040,P0201,Heilongjiang,beccs,1.0,2434950.0000000005,1.9966590000000002,3.7936521,2.066542065,True
2040,P0201,Heilongjiang,ammonia,0.0,0.0,0.0,0.0,0.0,True
2040,P0202,Jiangxi,unabated,0.0,0.0,0.0,0.0,0.0,True
2040,P0202,Jiangxi,retire,0.0,0.0,0.0,0.0,0.0,True
2040,P0202,Jiangxi,ccs,0.0,0.0,0.0,0.0,0.0,True
2040,P0202,Jiangxi,biomass,1.0,9151488.0,7.504220159999999,7.504220159999999,0.0,True
2040,P0202,Jiangxi,beccs,0.0,0.0,0.0,0.0,0.0,True
2040,P0202,Jiangxi,ammonia,0.0,0.0,0.0,0.0,0.0,True
2040,P0203,Inner Mongolia,unabated,1.0,6792524.999999999,5.5698704999999995,0.0,0.0,True
2040,P0203,Inner Mongolia,retire,0.0,0.0,0.0,0.0,0.0,True
2040,P0203,Inner Mongolia,ccs,0.0,0.0,0.0,0.0,0.0,True
2040,P0203,Inner Mongolia,biomass,0.0,0.0,0.0,0.0,0.0,True
2040,P0203,Inner Mongolia,beccs,0.0,0.0,0.0,0.0,0.0,True
2040,P0203,Inner Mongolia,ammonia,0.0,0.0,0.0,0.0,0.0,True
2040,P0204,Heilongjiang,unabated,0.0,0.0,0.0,0.0,0.0,True
2040,P0204,Heilongjiang,retire,0.0,0.0,0.0,0.0,0.0,True
2040,P0204,Heilongjiang,ccs,0.0,0.0,0.0,0.0,0.0,True
2040,P0204,Heilongjiang,biomass,0.0,0.0,0.0,0.0,0.0,True
2040,P0204,Heilongjiang,beccs,1.0,2434950.0000000005,1.9966590000000002,3.7936521,2.066542065,True
2040,P0204,Heilongjiang,ammonia,0.0,0.0,0.0,0.0,0.0,True
2040,P0205,Inner Mongolia,unabated,0.0,0.0,0.0,0.0,0.0,True
2040,P0205,Inner Mongolia,retire,0.0,0.0,0.0,0.0,0.0,True
2040,P0205,Inner Mongolia,ccs,0.0,0.0,0.0,0.0,0.0,True
2040,P0205,Inner Mongolia,biomass,0.0,0.0,0.0,0.0,0.0,True
2040,P0205,Inner Mongolia,beccs,1.0,3018899.9999999995,2.4754979999999995,4.703446199999999,2.5621404299999995,True
2040,P0205,Inner Mongolia,ammonia,0.0,0.0,0.0,0.0,0.0,True
2040,P0206,Hubei,unabated,0.0,0.0,0.0,0.0,0.0,True
2040,P0206,Hubei,retire,0.0,0.0,0.0,0.0,0.0,True
2040,P0206,Hubei,ccs,0.0,0.0,0.0,0.0,0.0,True
2040,P0206,Hubei,biomass,1.0,3937080.0,3.2284055999999994,3.2284055999999994,0.0,True
2040,P0206,Hubei,beccs,0.0,0.0,0.0,0.0,0.0,True
2040,P0206,Hubei,ammonia,0.0,0.0,0.0,0.0,0.0,True
2040,P0207,Xinjiang,unabated,0.008413363720585099,399893.9083303862,0.3279130048309167,0.0,0.0,True
2040,P0207,Xinjiang,retire,0.0,0.0,0.0,0.0,0.0,True
2040,P0207,Xinjiang,ccs,0.9915866362794149,47130906.09166961,38.64734299516908,34.78260869565217,40.0,True
2040,P0207,Xinjiang,biomass,0.0,0.0,0.0,0.0,0.0,True
2040,P0207,Xinjiang,beccs,0.0,0.0,0.0,0.0,0.0,True
2040,P0207,Xinjiang,ammonia,0.0,0.0,0.0,0.0,0.0,True
2040,P0208,Sichuan,unabated,0.0,0.0,0.0,0.0,0.0,True
2040,P0208,Sichuan,retire,0.0,0.0,0.0,0.0,0.0,True
2040,P0208,Sichuan,ccs,0.0,0.0,0.0,0.0,0.0,True
2040,P0208,Sichuan,biomass,1.0,1648811.9999999998,1.3520258399999996,1.3520258399999996,0.0,True
2040,P0208,Sichuan,beccs,0.0,0.0,0.0,0.0,0.0,True
2040,P0208,Sichuan,ammonia,0.0,0.0,0.0,0.0,0.0,True
2040,P0209,Zhejiang,unabated,0.0,0.0,0.0,0.0,0.0,True
2040,P0209,Zhejiang,retire,0.0,0.0,0.0,0.0,0.0,True
2040,P0209,Zhejiang,ccs,0.0,0.0,0.0,0.0,0.0,True
2040,P0209,Zhejiang,biomass,0.0,0.0,0.0,0.0,0.0,True
2040,P0209,Zhejiang,beccs,1.0,13284720.000000002,10.8934704,20.69759376,11.274741864,True
2040,P0209,Zhejiang,ammonia,0.0,0.0,0.0,0.0,0.0,True
2040,P0210,Anhui,unabated,0.0,0.0,0.0,0.0,0.0,True
2040,P0210,Anhui,retire,0.0,0.0,0.0,0.0,0.0,True
2040,P0210,Anhui,ccs,0.0,0.0,0.0,0.0,0.0,True
2040,P0210,Anhui,biomass,1.0,6708372.000000001,5.50086504,5.50086504,0.0,True
2040,P0210,Anhui,beccs,0.0,0.0,0.0,0.0,0.0,True
2040,P0210,Anhui,ammonia,0.0,0.0,0.0,0.0,0.0,True
2040,P0211,Henan,unabated,0.0,0.0,0.0,0.0,0.0,True
2040,P0211,Henan,retire,0.0,0.0,0.0,0.0,0.0,True
2040,P0211,Henan,ccs,0.0,0.0,0.0,0.0,0.0,True
2040,P0211,Henan,biomass,1.0,4535496.0,3.7191067199999996,3.7191067199999996,0.0,True
2040,P0211,Henan,beccs,0.0,0.0,0.0,0.0,0.0,True
2040,P0211,Henan,ammonia,0.0,0.0,0.0,0.0,0.0,True
2040,P0212,Gansu,unabated,1.0,11102440.0,9.1040008,0.0,0.0,True
2040,P0212,Gansu,retire,0.0,0.0,0.0,0.0,0.0,True
2040,P0212,Gansu,ccs,0.0,0.0,0.0,0.0,0.0,True
2040,P0212,Gansu,biomass,0.0,0.0,0.0,0.0,0.0,True
2040,P0212,Gansu,beccs,0.0,0.0,0.0,0.0,0.0,True
2040,P0212,Gansu,ammonia,0.0,0.0,0.0,0.0,0.0,True
2040,P0213,Hubei,unabated,0.0,0.0,0.0,0.0,0.0,True
2040,P0213,Hubei,retire,0.0,0.0,0.0,0.0,0.0,True
2040,P0213,Hubei,ccs,0.0,0.0,0.0,0.0,0.0,True
2040,P0213,Hubei,biomass,1.0,13761032.0,11.28404624,11.28404624,0.0,True
2040,P0213,Hubei,beccs,0.0,0.0,0.0,0.0,0.0,True
2040,P0213,Hubei,ammonia,0.0,0.0,0.0,0.0,0.0,True
2040,P0214,Xinjiang,unabated,0.0,0.0,0.0,0.0,0.0,True
2040,P0214,Xinjiang,retire,0.0,0.0,0.0,0.0,0.0,True
2040,P0214,Xinjiang,ccs,1.0,5096358.0,4.17901356,3.761112204,4.325279034599999,True
2040,P0214,Xinjiang,biomass,0.0,0.0,0.0,0.0,0.0,True
2040,P0214,Xinjiang,beccs,0.0,0.0,0.0,0.0,0.0,True
2040,P0214,Xinjiang,ammonia,0.0,0.0,0.0,0.0,0.0,True
2040,P0215,Hebei,unabated,0.0,0.0,0.0,0.0,0.0,True
2040,P0215,Hebei,retire,0.0,0.0,0.0,0.0,0.0,True
2040,P0215,Hebei,ccs,0.0,0.0,0.0,0.0,0.0,True
2040,P0215,Hebei,biomass,1.0,5880732.000000001,4.82220024,4.82220024,0.0,True
2040,P0215,Hebei,beccs,0.0,0.0,0.0,0.0,0.0,True
2040,P0215,Hebei,ammonia,0.0,0.0,0.0,0.0,0.0,True
2040,P0216,Heilongjiang,unabated,0.0,0.0,0.0,0.0,0.0,True
2040,P0216,Heilongjiang,retire,0.0,0.0,0.0,0.0,0.0,True
2040,P0216,Heilongjiang,ccs,0.0,0.0,0.0,0.0,0.0,True
2040,P0216,Heilongjiang,biomass,1.0,347850.0,0.285237,0.285237,0.0,True
2040,P0216,Heilongjiang,beccs,0.0,0.0,0.0,0.0,0.0,True
2040,P0216,Heilongjiang,ammonia,0.0,0.0,0.0,0.0,0.0,True
2040,P0217,Hainan,unabated,0.0,0.0,0.0,0.0,0.0,True
2040,P0217,Hainan,retire,0.0,0.0,0.0,0.0,0.0,True
2040,P0217,Hainan,ccs,0.0,0.0,0.0,0.0,0.0,True
2040,P0217,Hainan,biomass,0.0,0.0,0.0,0.0,0.0,True
2040,P0217,Hainan,beccs,1.0,1509270.0,1.2376014,2.35144266,1.280917449,True
2040,P0217,Hainan,ammonia,0.0,0.0,0.0,0.0,0.0,True
2040,P0218,Hubei,unabated,0.0,0.0,0.0,0.0,0.0,True
2040,P0218,Hubei,retire,0.0,0.0,0.0,0.0,0.0,True
2040,P0218,Hubei,ccs,0.0,0.0,0.0,0.0,0.0,True
2040,P0218,Hubei,biomass,1.0,7424207.999999999,6.087850559999999,6.087850559999999,0.0,True
2040,P0218,Hubei,beccs,0.0,0.0,0.0,0.0,0.0,True
2040,P0218,Hubei,ammonia,0.0,0.0,0.0,0.0,0.0,True
2040,P0219,Jilin,unabated,0.0,0.0,0.0,0.0,0.0,True
2040,P0219,Jilin,retire,0.0,0.0,0.0,0.0,0.0,True
2040,P0219,Jilin,ccs,0.0,0.0,0.0,0.0,0.0,True
2040,P0219,Jilin,biomass,0.0,0.0,0.0,0.0,0.0,True
2040,P0219,Jilin,beccs,1.0,2933334.0,2.4053338799999997,4.570134371999999,2.4895205658,True
2040,P0219,Jilin,ammonia,0.0,0.0,0.0,0.0,0.0,True
2040,P0220,Hebei,unabated,0.0,0.0,0.0,0.0,0.0,True
2040,P0220,Hebei,retire,0.0,0.0,0.0,0.0,0.0,True
2040,P0220,Hebei,ccs,0.0,0.0,0.0,0.0,0.0,True
2040,P0220,Hebei,biomass,1.0,5880732.000000001,4.82220024,4.82220024,0.0,True
2040,P0220,Hebei,beccs,0.0,0.0,0.0,0.0,0.0,True
2040,P0220,Hebei,ammonia,0.0,0.0,0.0,0.0,0.0,True
2040,P0221,Gansu,unabated,0.0,0.0,0.0,0.0,0.0,True
2040,P0221,Gansu,retire,0.0,0.0,0.0,0.0,0.0,True
2040,P0221,Gansu,ccs,0.0,0.0,0.0,0.0,0.0,True
2040,P0221,Gansu,biomass,0.400890265178674,6936623.501119325,5.688031270917846,5.688031270917846,0.0,True
2040,P0221,Gansu,beccs,0.5991097348213259,10366424.498880673,8.500468089082153,16.150889369256088,8.797984472200028,True
2040,P0221,Gansu,ammonia,0.0,0.0,0.0,0.0,0.0,True
2040,P0222,Jiangxi,unabated,0.0,0.0,0.0,0.0,0.0,True
2040,P0222,Jiangxi,retire,0.0,0.0,0.0,0.0,0.0,True
2040,P0222,Jiangxi,ccs,0.0,0.0,0.0,0.0,0.0,True
2040,P0222,Jiangxi,biomass,1.0,19065600.0,15.633791999999998,15.633791999999998,0.0,True
2040,P0222,Jiangxi,beccs,0.0,0.0,0.0,0.0,0.0,True
2040,P0222,Jiangxi,ammonia,0.0,0.0,0.0,0.0,0.0,True
2040,P0223,Anhui,unabated,1.0,32652492.500000004,26.775043850000003,0.0,0.0,True
2040,P0223,Anhui,retire,0.0,0.0,0.0,0.0,0.0,True
2040,P0223,Anhui,ccs,0.0,0.0,0.0,0.0,0.0,True
2040,P0223,Anhui,biomass,0.0,0.0,0.0,0.0,0.0,True
2040,P0223,Anhui,beccs,0.0,0.0,0.0,0.0,0.0,True
2040,P0223,Anhui,ammonia,0.0,0.0,0.0,0.0,0.0,True
2040,P0224,Xinjiang,unabated,0.0,0.0,0.0,0.0,0.0,True
2040,P0224,Xinjiang,retire,0.0,0.0,0.0,0.0,0.0,True
2040,P0224,Xinjiang,ccs,0.17745107665369064,1030870.0886258179,0.8453134726731706,0.7607821254058535,0.8748994442167314,True
2040,P0224,Xinjiang,biomass,0.0,0.0,0.0,0.0,0.0,True
2040,P0224,Xinjiang,beccs,0.8225489233463116,4778449.911374194,3.9183289273268382,7.444824961920992,4.055470439783277,True
2040,P0224,Xinjiang,ammonia,0.0,0.0,0.0,0.0,0.0,True
2040,P0225,Heilongjiang,unabated,0.0,0.0,0.0,0.0,0.0,True
2040,P0225,Heilongjiang,retire,0.0,0.0,0.0,0.0,0.0,True
2040,P0225,Heilongjiang,ccs,0.0,0.0,0.0,0.0,0.0,True
2040,P0225,Heilongjiang,biomass,1.0,4174200.0,3.422844,3.422844,0.0,True
2040,P0225,Heilongjiang,beccs,0.0,0.0,0.0,0.0,0.0,True
2040,P0225,Heilongjiang,ammonia,0.0,0.0,0.0,0.0,0.0,True
2040,P0226,Anhui,unabated,0.0,0.0,0.0,0.0,0.0,True
2040,P0226,Anhui,retire,0.0,0.0,0.0,0.0,0.0,True
2040,P0226,Anhui,ccs,0.0,0.0,0.0,0.0,0.0,True
2040,P0226,Anhui,biomass,1.0,13416744.000000002,11.00173008,11.00173008,0.0,True
2040,P0226,Anhui,beccs,0.0,0.0,0.0,0.0,0.0,True
2040,P0226,Anhui,ammonia,0.0,0.0,0.0,0.0,0.0,True
2040,P0227,Shanxi,unabated,1.0,17129150.0,14.045903,0.0,0.0,True
2040,P0227,Shanxi,retire,0.0,0.0,0.0,0.0,0.0,True
2040,P0227,Shanxi,ccs,0.0,0.0,0.0,0.0,0.0,True
2040,P0227,Shanxi,biomass,0.0,0.0,0.0,0.0,0.0,True
2040,P0227,Shanxi,beccs,0.0,0.0,0.0,0.0,0.0,True
2040,P0227,Shanxi,ammonia,0.0,0.0,0.0,0.0,0.0,True
2040,P0228,Liaoning,unabated,0.0,0.0,0.0,0.0,0.0,True
2040,P0228,Liaoning,retire,0.0,0.0,0.0,0.0,0.0,True
2040,P0228,Liaoning,ccs,0.0,0.0,0.0,0.0,0.0,True
2040,P0228,Liaoning,biomass,0.0,0.0,0.0,0.0,0.0,True
2040,P0228,Liaoning,beccs,1.0,3720839.9999999995,3.051088799999999,5.797068719999998,3.157876907999999,True
2040,P0228,Liaoning,ammonia,0.0,0.0,0.0,0.0,0.0,True
2040,P0229,Henan,unabated,0.0,0.0,0.0,0.0,0.0,True
2040,P0229,Henan,retire,0.0,0.0,0.0,0.0,0.0,True
2040,P0229,Henan,ccs,0.0,0.0,0.0,0.0,0.0,True
2040,P0229,Henan,biomass,1.0,13426508.0,11.009736559999999,11.009736559999999,0.0,True
2040,P0229,Henan,beccs,0.0,0.0,0.0,0.0,0.0,True
2040,P0229,Henan,ammonia,0.0,0.0,0.0,0.0,0.0,True
2040,P0230,Inner Mongolia,unabated,1.0,6641580.0,5.4460956,0.0,0.0,True
2040,P0230,Inner Mongolia,retire,0.0,0.0,0.0,0.0,0.0,True
2040,P0230,Inner Mongolia,ccs,0.0,0.0,0.0,0.0,0.0,True
2040,P0230,Inner Mongolia,biomass,0.0,0.0,0.0,0.0,0.0,True
2040,P0230,Inner Mongolia,beccs,0.0,0.0,0.0,0.0,0.0,True
2040,P0230,Inner Mongolia,ammonia,0.0,0.0,0.0,0.0,0.0,True
2040,P0231,Fujian,unabated,0.0,0.0,0.0,0.0,0.0,True
2040,P0231,Fujian,retire,0.0,0.0,0.0,0.0,0.0,True
2040,P0231,Fujian,ccs,0.0,0.0,0.0,0.0,0.0,True
2040,P0231,Fujian,biomass,1.0,6151440.0,5.0441807999999995,5.0441807999999995,0.0,True
2040,P0231,Fujian,beccs,0.0,0.0,0.0,0.0,0.0,True
2040,P0231,Fujian,ammonia,0.0,0.0,0.0,0.0,0.0,True
2040,P0232,Inner Mongolia,unabated,1.0,6037799.999999999,4.950995999999999,0.0,0.0,True
2040,P0232,Inner Mongolia,retire,0.0,0.0,0.0,0.0,0.0,True
2040,P0232,Inner Mongolia,ccs,0.0,0.0,0.0,0.0,0.0,True
2040,P0232,Inner Mongolia,biomass,0.0,0.0,0.0,0.0,0.0,True
2040,P0232,Inner Mongolia,beccs,0.0,0.0,0.0,0.0,0.0,True
2040,P0232,Inner Mongolia,ammonia,0.0,0.0,0.0,0.0,0.0,True
2040,P0233,Xinjiang,unabated,0.0,0.0,0.0,0.0,0.0,True
2040,P0233,Xinjiang,retire,0.0,0.0,0.0,0.0,0.0,True
2040,P0233,Xinjiang,ccs,0.004558682310485285,14445.187810880929,0.01184505400492236,0.010660548604430125,0.012259630895094645,True
2040,P0233,Xinjiang,biomass,0.0,0.0,0.0,0.0,0.0,True
2040,P0233,Xinjiang,beccs,0.9954413176895158,3154274.812189122,2.58650534599508,4.914360157390651,2.677033033104908,True
2040,P0233,Xinjiang,ammonia,0.0,0.0,0.0,0.0,0.0,True
2040,P0234,Hunan,unabated,0.0,0.0,0.0,0.0,0.0,True
2040,P0234,Hunan,retire,0.0,0.0,0.0,0.0,0.0,True
2040,P0234,Hunan,ccs,0.0,0.0,0.0,0.0,0.0,True
2040,P0234,Hunan,biomass,1.0,234414.0,0.19221947999999997,0.19221947999999997,0.0,True
2040,P0234,Hunan,beccs,0.0,0.0,0.0,0.0,0.0,True
2040,P0234,Hunan,ammonia,0.0,0.0,0.0,0.0,0.0,True
2040,P0235,Inner Mongolia,unabated,1.0,13283160.0,10.8921912,0.0,0.0,True
2040,P0235,Inner Mongolia,retire,0.0,0.0,0.0,0.0,0.0,True
2040,P0235,Inner Mongolia,ccs,0.0,0.0,0.0,0.0,0.0,True
2040,P0235,Inner Mongolia,biomass,0.0,0.0,0.0,0.0,0.0,True
2040,P0235,Inner Mongolia,beccs,0.0,0.0,0.0,0.0,0.0,True
2040,P0235,Inner Mongolia,ammonia,0.0,0.0,0.0,0.0,0.0,True
2040,P0236,Henan,unabated,0.0,0.0,0.0,0.0,0.0,True
2040,P0236,Henan,retire,0.0,0.0,0.0,0.0,0.0,True
2040,P0236,Henan,ccs,0.0,0.0,0.0,0.0,0.0,True
2040,P0236,Henan,biomass,1.0,19185868.0,15.73241176,15.73241176,0.0,True
2040,P0236,Henan,beccs,0.0,0.0,0.0,0.0,0.0,True
2040,P0236,Henan,ammonia,0.0,0.0,0.0,0.0,0.0,True
2040,P0237,Jiangxi,unabated,0.0,0.0,0.0,0.0,0.0,True
2040,P0237,Jiangxi,retire,0.0,0.0,0.0,0.0,0.0,True
2040,P0237,Jiangxi,ccs,0.0,0.0,0.0,0.0,0.0,True
2040,P0237,Jiangxi,biomass,1.0,12869280.0,10.5528096,10.5528096,0.0,True
2040,P0237,Jiangxi,beccs,0.0,0.0,0.0,0.0,0.0,True
2040,P0237,Jiangxi,ammonia,0.0,0.0,0.0,0.0,0.0,True
2040,P0238,Sichuan,unabated,0.0,0.0,0.0,0.0,0.0,True
2040,P0238,Sichuan,retire,0.0,0.0,0.0,0.0,0.0,True
2040,P0238,Sichuan,ccs,0.0,0.0,0.0,0.0,0.0,True
2040,P0238,Sichuan,biomass,0.0,0.0,0.0,0.0,0.0,True
2040,P0238,Sichuan,beccs,1.0,9992799.999999998,8.194095999999998,15.568782399999996,8.480889360000004,True
2040,P0238,Sichuan,ammonia,0.0,0.0,0.0,0.0,0.0,True
2040,P0239,Guizhou,unabated,0.3029907001936506,5350577.008748117,4.3874731471734565,0.0,0.0,True
2040,P0239,Guizhou,retire,0.0,0.0,0.0,0.0,0.0,True
2040,P0239,Guizhou,ccs,0.0,0.0,0.0,0.0,0.0,True
2040,P0239,Guizhou,biomass,0.6970092998063494,12308634.991251882,10.093080692826545,10.093080692826545,0.0,True
2040,P0239,Guizhou,beccs,0.0,0.0,0.0,0.0,0.0,True
2040,P0239,Guizhou,ammonia,0.0,0.0,0.0,0.0,0.0,True
2040,P0240,Guangdong,unabated,0.0,0.0,0.0,0.0,0.0,True
2040,P0240,Guangdong,retire,0.0,0.0,0.0,0.0,0.0,True
2040,P0240,Guangdong,ccs,0.0,0.0,0.0,0.0,0.0,True
2040,P0240,Guangdong,biomass,0.0,0.0,0.0,0.0,0.0,True
2040,P0240,Guangdong,beccs,1.0,9663400.0,7.923987999999999,15.055577199999997,8.201327579999997,True
2040,P0240,Guangdong,ammonia,0.0,0.0,0.0,0.0,0.0,True
2040,P0241,Guangxi,unabated,0.0,0.0,0.0,0.0,0.0,True
2040,P0241,Guangxi,retire,0.0,0.0,0.0,0.0,0.0,True
2040,P0241,Guangxi,ccs,0.0,0.0,0.0,0.0,0.0,True
2040,P0241,Guangxi,biomass,0.0,0.0,0.0,0.0,0.0,True
2040,P0241,Guangxi,beccs,1.0,3350620.0,2.7475084,5.22026596,2.8436711940000006,True
2040,P0241,Guangxi,ammonia,0.0,0.0,0.0,0.0,0.0,True
2040,P0242,Xinjiang,unabated,0.11686815206364398,3258837.5671025673,2.6722468050241046,0.0,0.0,True
2040,P0242,Xinjiang,retire,0.0,0.0,0.0,0.0,0.0,True
2040,P0242,Xinjiang,ccs,0.883131847936356,24625898.43289743,20.19323671497589,18.1739130434783,20.9,True
2040,P0242,Xinjiang,biomass,0.0,0.0,0.0,0.0,0.0,True
2040,P0242,Xinjiang,beccs,0.0,0.0,0.0,0.0,0.0,True
2040,P0242,Xinjiang,ammonia,0.0,0.0,0.0,0.0,0.0,True
2040,P0243,Anhui,unabated,1.0,124308166.00000001,101.93269612,0.0,0.0,True
2040,P0243,Anhui,retire,0.0,0.0,0.0,0.0,0.0,True
2040,P0243,Anhui,ccs,0.0,0.0,0.0,0.0,0.0,True
2040,P0243,Anhui,biomass,0.0,0.0,0.0,0.0,0.0,True
2040,P0243,Anhui,beccs,0.0,0.0,0.0,0.0,0.0,True
2040,P0243,Anhui,ammonia,0.0,0.0,0.0,0.0,0.0,True
2040,P0244,Gansu,unabated,1.0,15124456.000000002,12.40205392,0.0,0.0,True
2040,P0244,Gansu,retire,0.0,0.0,0.0,0.0,0.0,True
2040,P0244,Gansu,ccs,0.0,0.0,0.0,0.0,0.0,True
2040,P0244,Gansu,biomass,0.0,0.0,0.0,0.0,0.0,True
2040,P0244,Gansu,beccs,0.0,0.0,0.0,0.0,0.0,True
2040,P0244,Gansu,ammonia,0.0,0.0,0.0,0.0,0.0,True
2040,P0245,Hubei,unabated,0.0,0.0,0.0,0.0,0.0,True
2040,P0245,Hubei,retire,0.0,0.0,0.0,0.0,0.0,True
2040,P0245,Hubei,ccs,0.0,0.0,0.0,0.0,0.0,True
2040,P0245,Hubei,biomass,1.0,7247976.799999999,5.943340975999999,5.943340975999999,0.0,True
2040,P0245,Hubei,beccs,0.0,0.0,0.0,0.0,0.0,True
2040,P0245,Hubei,ammonia,0.0,0.0,0.0,0.0,0.0,True
2040,P0246,Inner Mongolia,unabated,1.0,41107355.0,33.7080311,0.0,0.0,True
2040,P0246,Inner Mongolia,retire,0.0,0.0,0.0,0.0,0.0,True
2040,P0246,Inner Mongolia,ccs,0.0,0.0,0.0,0.0,0.0,True
2040,P0246,Inner Mongolia,biomass,0.0,0.0,0.0,0.0,0.0,True
2040,P0246,Inner Mongolia,beccs,0.0,0.0,0.0,0.0,0.0,True
2040,P0246,Inner Mongolia,ammonia,0.0,0.0,0.0,0.0,0.0,True
2040,P0247,Shandong,unabated,1.0,8983866.0,7.366770119999999,0.0,0.0,True
2040,P0247,Shandong,retire,0.0,0.0,0.0,0.0,0.0,True
2040,P0247,Shandong,ccs,0.0,0.0,0.0,0.0,0.0,True
2040,P0247,Shandong,biomass,0.0,0.0,0.0,0.0,0.0,True
2040,P0247,Shandong,beccs,0.0,0.0,0.0,0.0,0.0,True
2040,P0247,Shandong,ammonia,0.0,0.0,0.0,0.0,0.0,True
2040,P0248,Henan,unabated,1.0,30200644.0,24.764528079999998,0.0,0.0,True
2040,P0248,Henan,retire,0.0,0.0,0.0,0.0,0.0,True
2040,P0248,Henan,ccs,0.0,0.0,0.0,0.0,0.0,True
2040,P0248,Henan,biomass,0.0,0.0,0.0,0.0,0.0,True
2040,P0248,Henan,beccs,0.0,0.0,0.0,0.0,0.0,True
2040,P0248,Henan,ammonia,0.0,0.0,0.0,0.0,0.0,True
2040,P0249,Gansu,unabated,0.0,0.0,0.0,0.0,0.0,True
2040,P0249,Gansu,retire,0.0,0.0,0.0,0.0,0.0,True
2040,P0249,Gansu,ccs,0.0,0.0,0.0,0.0,0.0,True
2040,P0249,Gansu,biomass,1.0,2513760.0000000005,2.0612832,2.0612832,0.0,True
2040,P0249,Gansu,beccs,0.0,0.0,0.0,0.0,0.0,True
2040,P0249,Gansu,ammonia,0.0,0.0,0.0,0.0,0.0,True
2040,P0250,Gansu,unabated,1.0,2513760.0000000005,2.0612832,0.0,0.0,True
2040,P0250,Gansu,retire,0.0,0.0,0.0,0.0,0.0,True
2040,P0250,Gansu,ccs,0.0,0.0,0.0,0.0,0.0,True
2040,P0250,Gansu,biomass,0.0,0.0,0.0,0.0,0.0,True
2040,P0250,Gansu,beccs,0.0,0.0,0.0,0.0,0.0,True
2040,P0250,Gansu,ammonia,0.0,0.0,0.0,0.0,0.0,True
2040,P0251,Hebei,unabated,0.23030207701403516,1395385.5452951104,1.1442161471419905,0.0,0.0,True
2040,P0251,Hebei,retire,0.0,0.0,0.0,0.0,0.0,True
2040,P0251,Hebei,ccs,0.0,0.0,0.0,0.0,0.0,True
2040,P0251,Hebei,biomass,0.7385829508893271,4475026.830129577,3.669522000706253,3.669522000706253,0.0,True
2040,P0251,Hebei,beccs,0.031114972096637772,188523.6245753141,0.15458937215175755,0.29371980708833934,0.16000000017706906,True
2040,P0251,Hebei,ammonia,0.0,0.0,0.0,0.0,0.0,True
2040,P0252,Guangxi,unabated,0.0,0.0,0.0,0.0,0.0,True
2040,P0252,Guangxi,retire,0.0,0.0,0.0,0.0,0.0,True
2040,P0252,Guangxi,ccs,0.0,0.0,0.0,0.0,0.0,True
2040,P0252,Guangxi,biomass,0.0,0.0,0.0,0.0,0.0,True
2040,P0252,Guangxi,beccs,1.0,10003994.0,8.20327508,15.586222651999998,8.490389707800109,True
2040,P0252,Guangxi,ammonia,0.0,0.0,0.0,0.0,0.0,True
2040,P0253,Guangxi,unabated,0.0,0.0,0.0,0.0,0.0,True
2040,P0253,Guangxi,retire,0.0,0.0,0.0,0.0,0.0,True
2040,P0253,Guangxi,ccs,0.0,0.0,0.0,0.0,0.0,True
2040,P0253,Guangxi,biomass,1.0,5456724.0,4.474513679999999,4.474513679999999,0.0,True
2040,P0253,Guangxi,beccs,0.0,0.0,0.0,0.0,0.0,True
2040,P0253,Guangxi,ammonia,0.0,0.0,0.0,0.0,0.0,True
2040,P0254,Jiangxi,unabated,0.0,0.0,0.0,0.0,0.0,True
2040,P0254,Jiangxi,retire,0.0,0.0,0.0,0.0,0.0,True
2040,P0254,Jiangxi,ccs,0.0,0.0,0.0,0.0,0.0,True
2040,P0254,Jiangxi,biomass,1.0,6291647.999999999,5.159151359999998,5.159151359999998,0.0,True
2040,P0254,Jiangxi,beccs,0.0,0.0,0.0,0.0,0.0,True
2040,P0254,Jiangxi,ammonia,0.0,0.0,0.0,0.0,0.0,True
2040,P0255,Anhui,unabated,0.0,0.0,0.0,0.0,0.0,True
2040,P0255,Anhui,retire,0.0,0.0,0.0,0.0,0.0,True
2040,P0255,Anhui,ccs,0.0,0.0,0.0,0.0,0.0,True
2040,P0255,Anhui,biomass,1.0,25003932.0,20.503224239999998,20.503224239999998,0.0,True
2040,P0255,Anhui,beccs,0.0,0.0,0.0,0.0,0.0,True
2040,P0255,Anhui,ammonia,0.0,0.0,0.0,0.0,0.0,True
2040,P0256,Heilongjiang,unabated,0.0,0.0,0.0,0.0,0.0,True
2040,P0256,Heilongjiang,retire,0.0,0.0,0.0,0.0,0.0,True
2040,P0256,Heilongjiang,ccs,0.0,0.0,0.0,0.0,0.0,True
2040,P0256,Heilongjiang,biomass,0.0,0.0,0.0,0.0,0.0,True
2040,P0256,Heilongjiang,beccs,1.0,194796.0,0.15973272,0.30349216799999995,0.16532336520000968,True
2040,P0256,Heilongjiang,ammonia,0.0,0.0,0.0,0.0,0.0,True
2040,P0257,Inner Mongolia,unabated,0.0,0.0,0.0,0.0,0.0,True
2040,P0257,Inner Mongolia,retire,0.0,0.0,0.0,0.0,0.0,True
2040,P0257,Inner Mongolia,ccs,0.0,0.0,0.0,0.0,0.0,True
2040,P0257,Inner Mongolia,biomass,1.0,362267.99999999994,0.29705975999999995,0.29705975999999995,0.0,True
2040,P0257,Inner Mongolia,beccs,0.0,0.0,0.0,0.0,0.0,True
2040,P0257,Inner Mongolia,ammonia,0.0,0.0,0.0,0.0,0.0,True
2040,P0258,Xinjiang,unabated,0.0,0.0,0.0,0.0,0.0,True
2040,P0258,Xinjiang,retire,0.0,0.0,0.0,0.0,0.0,True
2040,P0258,Xinjiang,ccs,1.0,3696839.9999999995,3.0314087999999995,2.7282679199999995,3.137508107999999,True
2040,P0258,Xinjiang,biomass,0.0,0.0,0.0,0.0,0.0,True
2040,P0258,Xinjiang,beccs,0.0,0.0,0.0,0.0,0.0,True
2040,P0258,Xinjiang,ammonia,0.0,0.0,0.0,0.0,0.0,True
2040,P0259,Guizhou,unabated,1.0,20792298.0,17.04968436,0.0,0.0,True
2040,P0259,Guizhou,retire,0.0,0.0,0.0,0.0,0.0,True
2040,P0259,Guizhou,ccs,0.0,0.0,0.0,0.0,0.0,True
2040,P0259,Guizhou,biomass,0.0,0.0,0.0,0.0,0.0,True
2040,P0259,Guizhou,beccs,0.0,0.0,0.0,0.0,0.0,True
2040,P0259,Guizhou,ammonia,0.0,0.0,0.0,0.0,0.0,True
2040,P0260,Ningxia,unabated,0.0,0.0,0.0,0.0,0.0,True
2040,P0260,Ningxia,retire,0.0,0.0,0.0,0.0,0.0,True
2040,P0260,Ningxia,ccs,0.0,0.0,0.0,0.0,0.0,True
2040,P0260,Ningxia,biomass,0.0,0.0,0.0,0.0,0.0,True
2040,P0260,Ningxia,beccs,1.0,13222594.0,10.84252708,20.600801452,11.2220155278,True
2040,P0260,Ningxia,ammonia,0.0,0.0,0.0,0.0,0.0,True
2040,P0261,Xinjiang,unabated,0.0,0.0,0.0,0.0,0.0,True
2040,P0261,Xinjiang,retire,0.0,0.0,0.0,0.0,0.0,True
2040,P0261,Xinjiang,ccs,1.0,3696839.9999999995,3.0314087999999995,2.7282679199999995,3.137508107999998,True
2040,P0261,Xinjiang,biomass,0.0,0.0,0.0,0.0,0.0,True
2040,P0261,Xinjiang,beccs,0.0,0.0,0.0,0.0,0.0,True
2040,P0261,Xinjiang,ammonia,0.0,0.0,0.0,0.0,0.0,True
2040,P0262,Guizhou,unabated,0.0,0.0,0.0,0.0,0.0,True
2040,P0262,Guizhou,retire,0.0,0.0,0.0,0.0,0.0,True
2040,P0262,Guizhou,ccs,0.0,0.0,0.0,0.0,0.0,True
2040,P0262,Guizhou,biomass,1.0,5696520.0,4.6711464,4.6711464,0.0,True
2040,P0262,Guizhou,beccs,0.0,0.0,0.0,0.0,0.0,True
2040,P0262,Guizhou,ammonia,0.0,0.0,0.0,0.0,0.0,True
2040,P0263,Shaanxi,unabated,0.0,0.0,0.0,0.0,0.0,True
2040,P0263,Shaanxi,retire,0.0,0.0,0.0,0.0,0.0,True
2040,P0263,Shaanxi,ccs,0.0,0.0,0.0,0.0,0.0,True
2040,P0263,Shaanxi,biomass,1.0,3176600.0,2.604812,2.604812,0.0,True
2040,P0263,Shaanxi,beccs,0.0,0.0,0.0,0.0,0.0,True
2040,P0263,Shaanxi,ammonia,0.0,0.0,0.0,0.0,0.0,True
2040,P0264,Sichuan,unabated,0.0,0.0,0.0,0.0,0.0,True
2040,P0264,Sichuan,retire,0.0,0.0,0.0,0.0,0.0,True
2040,P0264,Sichuan,ccs,0.0,0.0,0.0,0.0,0.0,True
2040,P0264,Sichuan,biomass,0.0,0.0,0.0,0.0,0.0,True
2040,P0264,Sichuan,beccs,1.0,5995679.999999999,4.916457599999998,9.341269439999996,5.0885336159999985,True
2040,P0264,Sichuan,ammonia,0.0,0.0,0.0,0.0,0.0,True
2040,P0265,Gansu,unabated,0.0,0.0,0.0,0.0,0.0,True
2040,P0265,Gansu,retire,0.0,0.0,0.0,0.0,0.0,True
2040,P0265,Gansu,ccs,0.0,0.0,0.0,0.0,0.0,True
2040,P0265,Gansu,biomass,1.0,2932720.0,2.4048304,2.4048304,0.0,True
2040,P0265,Gansu,beccs,0.0,0.0,0.0,0.0,0.0,True
2040,P0265,Gansu,ammonia,0.0,0.0,0.0,0.0,0.0,True
2040,P0266,Heilongjiang,unabated,0.0,0.0,0.0,0.0,0.0,True
2040,P0266,Heilongjiang,retire,0.0,0.0,0.0,0.0,0.0,True
2040,P0266,Heilongjiang,ccs,0.0,0.0,0.0,0.0,0.0,True
2040,P0266,Heilongjiang,biomass,1.0,939195.0000000001,0.7701399,0.7701399,0.0,True
2040,P0266,Heilongjiang,beccs,0.0,0.0,0.0,0.0,0.0,True
2040,P0266,Heilongjiang,ammonia,0.0,0.0,0.0,0.0,0.0,True
2040,P0267,Hubei,unabated,0.011076210396492314,193536.13062252413,0.15869962711046978,0.0,0.0,True
2040,P0267,Hubei,retire,0.0,0.0,0.0,0.0,0.0,True
2040,P0267,Hubei,ccs,0.0,0.0,0.0,0.0,0.0,True
2040,P0267,Hubei,biomass,0.9889237896035077,17279599.869377475,14.16927189288953,14.16927189288953,0.0,True
2040,P0267,Hubei,beccs,0.0,0.0,0.0,0.0,0.0,True
2040,P0267,Hubei,ammonia,0.0,0.0,0.0,0.0,0.0,True
2040,P0268,Inner Mongolia,unabated,1.0,452835.0,0.37132469999999995,0.0,0.0,True
2040,P0268,Inner Mongolia,retire,0.0,0.0,0.0,0.0,0.0,True
2040,P0268,Inner Mongolia,ccs,0.0,0.0,0.0,0.0,0.0,True
2040,P0268,Inner Mongolia,biomass,0.0,0.0,0.0,0.0,0.0,True
2040,P0268,Inner Mongolia,beccs,0.0,0.0,0.0,0.0,0.0,True
2040,P0268,Inner Mongolia,ammonia,0.0,0.0,0.0,0.0,0.0,True
2040,P0269,Guangdong,unabated,1.0,77191239.2,63.296816144000005,0.0,0.0,True
2040,P0269,Guangdong,retire,0.0,0.0,0.0,0.0,0.0,True
2040,P0269,Guangdong,ccs,0.0,0.0,0.0,0.0,0.0,True
2040,P0269,Guangdong,biomass,0.0,0.0,0.0,0.0,0.0,True
2040,P0269,Guangdong,beccs,0.0,0.0,0.0,0.0,0.0,True
2040,P0269,Guangdong,ammonia,0.0,0.0,0.0,0.0,0.0,True
2040,P0270,Xinjiang,unabated,1.0,3168719.9999999995,2.5983503999999993,0.0,0.0,True
2040,P0270,Xinjiang,retire,0.0,0.0,0.0,0.0,0.0,True
2040,P0270,Xinjiang,ccs,0.0,0.0,0.0,0.0,0.0,True
2040,P0270,Xinjiang,biomass,0.0,0.0,0.0,0.0,0.0,True
2040,P0270,Xinjiang,beccs,0.0,0.0,0.0,0.0,0.0,True
2040,P0270,Xinjiang,ammonia,0.0,0.0,0.0,0.0,0.0,True
2040,P0271,Guangdong,unabated,0.0,0.0,0.0,0.0,0.0,True
2040,P0271,Guangdong,retire,0.0,0.0,0.0,0.0,0.0,True
2040,P0271,Guangdong,ccs,0.0,0.0,0.0,0.0,0.0,True
2040,P0271,Guangdong,biomass,1.0,2899020.0,2.3771964,2.3771964,0.0,True
2040,P0271,Guangdong,beccs,0.0,0.0,0.0,0.0,0.0,True
2040,P0271,Guangdong,ammonia,0.0,0.0,0.0,0.0,0.0,True
2040,P0272,Qinghai,unabated,0.0,0.0,0.0,0.0,0.0,True
2040,P0272,Qinghai,retire,0.0,0.0,0.0,0.0,0.0,True
2040,P0272,Qinghai,ccs,1.0,5408039.999999999,4.434592799999999,3.991133519999999,4.589803547999999,True
2040,P0272,Qinghai,biomass,0.0,0.0,0.0,0.0,0.0,True
2040,P0272,Qinghai,beccs,0.0,0.0,0.0,0.0,0.0,True
2040,P0272,Qinghai,ammonia,0.0,0.0,0.0,0.0,0.0,True
2040,P0273,Fujian,unabated,0.0,0.0,0.0,0.0,0.0,True
2040,P0273,Fujian,retire,0.0,0.0,0.0,0.0,0.0,True
2040,P0273,Fujian,ccs,0.0,0.0,0.0,0.0,0.0,True
2040,P0273,Fujian,biomass,1.0,3075720.0,2.5220903999999997,2.5220903999999997,0.0,True
2040,P0273,Fujian,beccs,0.0,0.0,0.0,0.0,0.0,True
2040,P0273,Fujian,ammonia,0.0,0.0,0.0,0.0,0.0,True
2040,P0274,Hebei,unabated,0.0,0.0,0.0,0.0,0.0,True
2040,P0274,Hebei,retire,0.0,0.0,0.0,0.0,0.0,True
2040,P0274,Hebei,ccs,0.0,0.0,0.0,0.0,0.0,True
2040,P0274,Hebei,biomass,1.0,6237140.0,5.1144548,5.1144548,0.0,True
2040,P0274,Hebei,beccs,0.0,0.0,0.0,0.0,0.0,True
2040,P0274,Hebei,ammonia,0.0,0.0,0.0,0.0,0.0,True
2040,P0275,Gansu,unabated,1.0,15166352.000000002,12.43640864,0.0,0.0,True
2040,P0275,Gansu,retire,0.0,0.0,0.0,0.0,0.0,True
2040,P0275,Gansu,ccs,0.0,0.0,0.0,0.0,0.0,True
2040,P0275,Gansu,biomass,0.0,0.0,0.0,0.0,0.0,True
2040,P0275,Gansu,beccs,0.0,0.0,0.0,0.0,0.0,True
2040,P0275,Gansu,ammonia,0.0,0.0,0.0,0.0,0.0,True
2040,P0276,Xinjiang,unabated,0.0,0.0,0.0,0.0,0.0,True
2040,P0276,Xinjiang,retire,0.0,0.0,0.0,0.0,0.0,True
2040,P0276,Xinjiang,ccs,1.0,3168719.9999999995,2.5983503999999993,2.3385153599999993,2.6892926639999994,True
2040,P0276,Xinjiang,biomass,0.0,0.0,0.0,0.0,0.0,True
2040,P0276,Xinjiang,beccs,0.0,0.0,0.0,0.0,0.0,True
2040,P0276,Xinjiang,ammonia,0.0,0.0,0.0,0.0,0.0,True
2040,P0277,Guangxi,unabated,0.0,0.0,0.0,0.0,0.0,True
2040,P0277,Guangxi,retire,0.0,0.0,0.0,0.0,0.0,True
2040,P0277,Guangxi,ccs,0.0,0.0,0.0,0.0,0.0,True
2040,P0277,Guangxi,biomass,1.0,3350620.0,2.7475084,2.7475084,0.0,True
2040,P0277,Guangxi,beccs,0.0,0.0,0.0,0.0,0.0,True
2040,P0277,Guangxi,ammonia,0.0,0.0,0.0,0.0,0.0,True
2040,P0278,Inner Mongolia,unabated,0.0,0.0,0.0,0.0,0.0,True
2040,P0278,Inner Mongolia,retire,0.0,0.0,0.0,0.0,0.0,True
2040,P0278,Inner Mongolia,ccs,1.0,8151030.0,6.6838446,6.01546014,6.917779161000021,True
2040,P0278,Inner Mongolia,biomass,0.0,0.0,0.0,0.0,0.0,True
2040,P0278,Inner Mongolia,beccs,0.0,0.0,0.0,0.0,0.0,True
2040,P0278,Inner Mongolia,ammonia,0.0,0.0,0.0,0.0,0.0,True
2040,P0279,Guangxi,unabated,0.0,0.0,0.0,0.0,0.0,True
2040,P0279,Guangxi,retire,0.0,0.0,0.0,0.0,0.0,True
2040,P0279,Guangxi,ccs,0.0,0.0,0.0,0.0,0.0,True
2040,P0279,Guangxi,biomass,0.4655640579491765,2674162.703735434,2.1928134170630553,2.1928134170630553,0.0,True
2040,P0279,Guangxi,beccs,0.5344359420508236,3069757.2962645665,2.517200982936944,4.782681867580194,2.605303017339737,True
2040,P0279,Guangxi,ammonia,0.0,0.0,0.0,0.0,0.0,True
2040,P0280,Anhui,unabated,0.0,0.0,0.0,0.0,0.0,True
2040,P0280,Anhui,retire,0.0,0.0,0.0,0.0,0.0,True
2040,P0280,Anhui,ccs,0.0,0.0,0.0,0.0,0.0,True
2040,P0280,Anhui,biomass,1.0,6708372.000000001,5.50086504,5.50086504,0.0,True
2040,P0280,Anhui,beccs,0.0,0.0,0.0,0.0,0.0,True
2040,P0280,Anhui,ammonia,0.0,0.0,0.0,0.0,0.0,True
2040,P0281,Xinjiang,unabated,0.0,0.0,0.0,0.0,0.0,True
2040,P0281,Xinjiang,retire,0.0,0.0,0.0,0.0,0.0,True
2040,P0281,Xinjiang,ccs,1.0,10668023.999999998,8.747779679999997,7.873001711999998,9.053951968799996,True
2040,P0281,Xinjiang,biomass,0.0,0.0,0.0,0.0,0.0,True
2040,P0281,Xinjiang,beccs,0.0,0.0,0.0,0.0,0.0,True
2040,P0281,Xinjiang,ammonia,0.0,0.0,0.0,0.0,0.0,True
2040,P0282,Shandong,unabated,0.0,0.0,0.0,0.0,0.0,True
2040,P0282,Shandong,retire,0.0,0.0,0.0,0.0,0.0,True
2040,P0282,Shandong,ccs,0.0,0.0,0.0,0.0,0.0,True
2040,P0282,Shandong,biomass,1.0,3532491.0000000005,2.89664262,2.89664262,0.0,True
2040,P0282,Shandong,beccs,0.0,0.0,0.0,0.0,0.0,True
2040,P0282,Shandong,ammonia,0.0,0.0,0.0,0.0,0.0,True
2040,P0283,Hubei,unabated,0.0,0.0,0.0,0.0,0.0,True
2040,P0283,Hubei,retire,0.0,0.0,0.0,0.0,0.0,True
2040,P0283,Hubei,ccs,0.0,0.0,0.0,0.0,0.0,True
2040,P0283,Hubei,biomass,1.0,4949472.0,4.05856704,4.05856704,0.0,True
2040,P0283,Hubei,beccs,0.0,0.0,0.0,0.0,0.0,True
2040,P0283,Hubei,ammonia,0.0,0.0,0.0,0.0,0.0,True
2040,P0284,Shandong,unabated,1.0,38377680.00000001,31.469697600000003,0.0,0.0,True
2040,P0284,Shandong,retire,0.0,0.0,0.0,0.0,0.0,True
2040,P0284,Shandong,ccs,0.0,0.0,0.0,0.0,0.0,True
2040,P0284,Shandong,biomass,0.0,0.0,0.0,0.0,0.0,True
2040,P0284,Shandong,beccs,0.0,0.0,0.0,0.0,0.0,True
2040,P0284,Shandong,ammonia,0.0,0.0,0.0,0.0,0.0,True
2040,P0285,Yunnan,unabated,0.0,0.0,0.0,0.0,0.0,True
2040,P0285,Yunnan,retire,0.0,0.0,0.0,0.0,0.0,True
2040,P0285,Yunnan,ccs,0.0,0.0,0.0,0.0,0.0,True
2040,P0285,Yunnan,biomass,1.0,5378639.999999999,4.410484799999999,4.410484799999999,0.0,True
2040,P0285,Yunnan,beccs,0.0,0.0,0.0,0.0,0.0,True
2040,P0285,Yunnan,ammonia,0.0,0.0,0.0,0.0,0.0,True
2040,P0286,Jiangxi,unabated,0.0,0.0,0.0,0.0,0.0,True
2040,P0286,Jiangxi,retire,0.0,0.0,0.0,0.0,0.0,True
2040,P0286,Jiangxi,ccs,0.0,0.0,0.0,0.0,0.0,True
2040,P0286,Jiangxi,biomass,1.0,7149600.0,5.862672,5.862672,0.0,True
2040,P0286,Jiangxi,beccs,0.0,0.0,0.0,0.0,0.0,True
2040,P0286,Jiangxi,ammonia,0.0,0.0,0.0,0.0,0.0,True
2040,P0287,Gansu,unabated,1.0,5530272.0,4.53482304,0.0,0.0,True
2040,P0287,Gansu,retire,0.0,0.0,0.0,0.0,0.0,True
2040,P0287,Gansu,ccs,0.0,0.0,0.0,0.0,0.0,True
2040,P0287,Gansu,biomass,0.0,0.0,0.0,0.0,0.0,True
2040,P0287,Gansu,beccs,0.0,0.0,0.0,0.0,0.0,True
2040,P0287,Gansu,ammonia,0.0,0.0,0.0,0.0,0.0,True
2040,P0288,Inner Mongolia,unabated,1.0,6641580.0,5.4460956,0.0,0.0,True
2040,P0288,Inner Mongolia,retire,0.0,0.0,0.0,0.0,0.0,True
2040,P0288,Inner Mongolia,ccs,0.0,0.0,0.0,0.0,0.0,True
2040,P0288,Inner Mongolia,biomass,0.0,0.0,0.0,0.0,0.0,True
2040,P0288,Inner Mongolia,beccs,0.0,0.0,0.0,0.0,0.0,True
2040,P0288,Inner Mongolia,ammonia,0.0,0.0,0.0,0.0,0.0,True
2040,P0289,Inner Mongolia,unabated,0.0,0.0,0.0,0.0,0.0,True
2040,P0289,Inner Mongolia,retire,0.0,0.0,0.0,0.0,0.0,True
2040,P0289,Inner Mongolia,ccs,0.0,0.0,0.0,0.0,0.0,True
2040,P0289,Inner Mongolia,biomass,0.0,0.0,0.0,0.0,0.0,True
2040,P0289,Inner Mongolia,beccs,1.0,2566065.0,2.1041733,3.9979292699999993,2.1778193654999995,True
2040,P0289,Inner Mongolia,ammonia,0.0,0.0,0.0,0.0,0.0,True
2040,P0290,Guizhou,unabated,0.29247593249226356,2582447.248389285,2.117606743679214,0.0,0.0,True
2040,P0290,Guizhou,retire,0.0,0.0,0.0,0.0,0.0,True
2040,P0290,Guizhou,ccs,0.0,0.0,0.0,0.0,0.0,True
2040,P0290,Guizhou,biomass,0.7075240675077364,6247158.751610715,5.122670176320787,5.122670176320787,0.0,True
2040,P0290,Guizhou,beccs,0.0,0.0,0.0,0.0,0.0,True
2040,P0290,Guizhou,ammonia,0.0,0.0,0.0,0.0,0.0,True
2040,P0291,Shanxi,unabated,0.0,0.0,0.0,0.0,0.0,True
2040,P0291,Shanxi,retire,0.0,0.0,0.0,0.0,0.0,True
2040,P0291,Shanxi,ccs,0.0,0.0,0.0,0.0,0.0,True
2040,P0291,Shanxi,biomass,0.0,0.0,0.0,0.0,0.0,True
2040,P0291,Shanxi,beccs,1.0,4490615.0,3.6823042999999998,6.996378169999999,3.811184950500006,True
2040,P0291,Shanxi,ammonia,0.0,0.0,0.0,0.0,0.0,True
2040,P0292,Chongqing,unabated,0.0,0.0,0.0,0.0,0.0,True
2040,P0292,Chongqing,retire,0.0,0.0,0.0,0.0,0.0,True
2040,P0292,Chongqing,ccs,0.0,0.0,0.0,0.0,0.0,True
2040,P0292,Chongqing,biomass,1.0,2876520.0,2.3587464,2.3587464,0.0,True
2040,P0292,Chongqing,beccs,0.0,0.0,0.0,0.0,0.0,True
2040,P0292,Chongqing,ammonia,0.0,0.0,0.0,0.0,0.0,True
2040,P0293,Chongqing,unabated,0.0,0.0,0.0,0.0,0.0,True
2040,P0293,Chongqing,retire,0.0,0.0,0.0,0.0,0.0,True
2040,P0293,Chongqing,ccs,0.0,0.0,0.0,0.0,0.0,True
2040,P0293,Chongqing,biomass,0.0,0.0,0.0,0.0,0.0,True
2040,P0293,Chongqing,beccs,1.0,958840.0,0.7862488,1.49387272,0.8137675079999999,True
2040,P0293,Chongqing,ammonia,0.0,0.0,0.0,0.0,0.0,True
2040,P0294,Jiangxi,unabated,0.0,0.0,0.0,0.0,0.0,True
2040,P0294,Jiangxi,retire,0.0,0.0,0.0,0.0,0.0,True
2040,P0294,Jiangxi,ccs,0.0,0.0,0.0,0.0,0.0,True
2040,P0294,Jiangxi,biomass,1.0,6291647.999999999,5.159151359999998,5.159151359999998,0.0,True
2040,P0294,Jiangxi,beccs,0.0,0.0,0.0,0.0,0.0,True
2040,P0294,Jiangxi,ammonia,0.0,0.0,0.0,0.0,0.0,True
2040,P0295,Guangdong,unabated,0.0,0.0,0.0,0.0,0.0,True
2040,P0295,Guangdong,retire,0.0,0.0,0.0,0.0,0.0,True
2040,P0295,Guangdong,ccs,0.0,0.0,0.0,0.0,0.0,True
2040,P0295,Guangdong,biomass,0.0,0.0,0.0,0.0,0.0,True
2040,P0295,Guangdong,beccs,1.0,14857477.5,12.183131549999999,23.147949944999997,12.609541154249998,True
2040,P0295,Guangdong,ammonia,0.0,0.0,0.0,0.0,0.0,True
2040,P0296,Henan,unabated,0.0,0.0,0.0,0.0,0.0,True
2040,P0296,Henan,retire,0.0,0.0,0.0,0.0,0.0,True
2040,P0296,Henan,ccs,0.0,0.0,0.0,0.0,0.0,True
2040,P0296,Henan,biomass,1.0,14182424.0,11.62958768,11.62958768,0.0,True
2040,P0296,Henan,beccs,0.0,0.0,0.0,0.0,0.0,True
2040,P0296,Henan,ammonia,0.0,0.0,0.0,0.0,0.0,True
2040,P0297,Jiangxi,unabated,0.0,0.0,0.0,0.0,0.0,True
2040,P0297,Jiangxi,retire,0.0,0.0,0.0,0.0,0.0,True
2040,P0297,Jiangxi,ccs,0.0,0.0,0.0,0.0,0.0,True
2040,P0297,Jiangxi,biomass,0.11129285204766926,1060932.5000000214,0.8699646500000175,0.8699646500000175,0.0,True
2040,P0297,Jiangxi,beccs,0.8887071479523307,8471867.499999978,6.946931349999981,13.199169564999965,7.190073947249981,True
2040,P0297,Jiangxi,ammonia,0.0,0.0,0.0,0.0,0.0,True
2040,P0298,Xinjiang,unabated,0.10424770919306292,550553.0017904039,0.4514534614681312,0.0,0.0,True
2040,P0298,Xinjiang,retire,0.0,0.0,0.0,0.0,0.0,True
2040,P0298,Xinjiang,ccs,0.00020898631470844808,1103.698525238256,0.0009050327906953699,0.000814529511625833,0.0009367089383697079,True
2040,P0298,Xinjiang,biomass,0.0,0.0,0.0,0.0,0.0,True
2040,P0298,Xinjiang,beccs,0.8955433044922286,4729543.299684358,3.8782255057411734,6.399072084472936,4.013963398442114,True
2040,P0298,Xinjiang,ammonia,0.0,0.0,0.0,0.0,0.0,True
2040,P0299,Liaoning,unabated,0.0,0.0,0.0,0.0,0.0,True
2040,P0299,Liaoning,retire,0.0,0.0,0.0,0.0,0.0,True
2040,P0299,Liaoning,ccs,0.0,0.0,0.0,0.0,0.0,True
2040,P0299,Liaoning,biomass,1.0,1612363.9999999998,1.3221384799999998,1.3221384799999998,0.0,True
2040,P0299,Liaoning,beccs,0.0,0.0,0.0,0.0,0.0,True
2040,P0299,Liaoning,ammonia,0.0,0.0,0.0,0.0,0.0,True
2040,P0300,Guangxi,unabated,0.0,0.0,0.0,0.0,0.0,True
2040,P0300,Guangxi,retire,0.0,0.0,0.0,0.0,0.0,True
2040,P0300,Guangxi,ccs,0.0,0.0,0.0,0.0,0.0,True
2040,P0300,Guangxi,biomass,0.0,0.0,0.0,0.0,0.0,True
2040,P0300,Guangxi,beccs,1.0,6318312.0,5.18101584,9.843930096,5.362351394400007,True
2040,P0300,Guangxi,ammonia,0.0,0.0,0.0,0.0,0.0,True
2040,P0301,Jiangsu,unabated,0.0,0.0,0.0,0.0,0.0,True
2040,P0301,Jiangsu,retire,0.0,0.0,0.0,0.0,0.0,True
2040,P0301,Jiangsu,ccs,0.0,0.0,0.0,0.0,0.0,True
2040,P0301,Jiangsu,biomass,1.0,320992.0,0.26321344,0.26321344,0.0,True
2040,P0301,Jiangsu,beccs,0.0,0.0,0.0,0.0,0.0,True
2040,P0301,Jiangsu,ammonia,0.0,0.0,0.0,0.0,0.0,True
2040,P0302,Xinjiang,unabated,0.0,0.0,0.0,0.0,0.0,True
2040,P0302,Xinjiang,retire,0.0,0.0,0.0,0.0,0.0,True
2040,P0302,Xinjiang,ccs,1.0,3696839.9999999995,3.0314087999999995,2.7282679199999995,3.137508107999999,True
2040,P0302,Xinjiang,biomass,0.0,0.0,0.0,0.0,0.0,True
2040,P0302,Xinjiang,beccs,0.0,0.0,0.0,0.0,0.0,True
2040,P0302,Xinjiang,ammonia,0.0,0.0,0.0,0.0,0.0,True
2040,P0303,Henan,unabated,0.0,0.0,0.0,0.0,0.0,True
2040,P0303,Henan,retire,0.0,0.0,0.0,0.0,0.0,True
2040,P0303,Henan,ccs,0.0,0.0,0.0,0.0,0.0,True
2040,P0303,Henan,biomass,1.0,4679480.0,3.8371735999999994,3.8371735999999994,0.0,True
2040,P0303,Henan,beccs,0.0,0.0,0.0,0.0,0.0,True
2040,P0303,Henan,ammonia,0.0,0.0,0.0,0.0,0.0,True
2040,P0304,Inner Mongolia,unabated,0.0,0.0,0.0,0.0,0.0,True
2040,P0304,Inner Mongolia,retire,0.0,0.0,0.0,0.0,0.0,True
2040,P0304,Inner Mongolia,ccs,1.0,503150.0,0.412583,0.3713247,0.4270234049999999,True
2040,P0304,Inner Mongolia,biomass,0.0,0.0,0.0,0.0,0.0,True
2040,P0304,Inner Mongolia,beccs,0.0,0.0,0.0,0.0,0.0,True
2040,P0304,Inner Mongolia,ammonia,0.0,0.0,0.0,0.0,0.0,True
2040,P0305,Inner Mongolia,unabated,1.0,1509449.9999999998,1.2377489999999998,0.0,0.0,True
2040,P0305,Inner Mongolia,retire,0.0,0.0,0.0,0.0,0.0,True
2040,P0305,Inner Mongolia,ccs,0.0,0.0,0.0,0.0,0.0,True
2040,P0305,Inner Mongolia,biomass,0.0,0.0,0.0,0.0,0.0,True
2040,P0305,Inner Mongolia,beccs,0.0,0.0,0.0,0.0,0.0,True
2040,P0305,Inner Mongolia,ammonia,0.0,0.0,0.0,0.0,0.0,True
2040,P0306,Inner Mongolia,unabated,0.0,0.0,0.0,0.0,0.0,True
2040,P0306,Inner Mongolia,retire,0.0,0.0,0.0,0.0,0.0,True
2040,P0306,Inner Mongolia,ccs,1.0,3320790.0,2.7230478,2.45074302,2.8183544729999994,True
2040,P0306,Inner Mongolia,biomass,0.0,0.0,0.0,0.0,0.0,True
2040,P0306,Inner Mongolia,beccs,0.0,0.0,0.0,0.0,0.0,True
2040,P0306,Inner Mongolia,ammonia,0.0,0.0,0.0,0.0,0.0,True
2040,P0307,Hunan,unabated,0.0,0.0,0.0,0.0,0.0,True
2040,P0307,Hunan,retire,0.0,0.0,0.0,0.0,0.0,True
2040,P0307,Hunan,ccs,0.0,0.0,0.0,0.0,0.0,True
2040,P0307,Hunan,biomass,1.0,15627600.0,12.814632,12.814632,0.0,True
2040,P0307,Hunan,beccs,0.0,0.0,0.0,0.0,0.0,True
2040,P0307,Hunan,ammonia,0.0,0.0,0.0,0.0,0.0,True
2040,P0308,Qinghai,unabated,0.0,0.0,0.0,0.0,0.0,True
2040,P0308,Qinghai,retire,0.0,0.0,0.0,0.0,0.0,True
2040,P0308,Qinghai,ccs,0.0,0.0,0.0,0.0,0.0,True
2040,P0308,Qinghai,biomass,1.0,1106190.0,0.9070757999999999,0.9070757999999999,0.0,True
2040,P0308,Qinghai,beccs,0.0,0.0,0.0,0.0,0.0,True
2040,P0308,Qinghai,ammonia,0.0,0.0,0.0,0.0,0.0,True
2040,P0309,Inner Mongolia,unabated,0.0,0.0,0.0,0.0,0.0,True
2040,P0309,Inner Mongolia,retire,0.0,0.0,0.0,0.0,0.0,True
2040,P0309,Inner Mongolia,ccs,0.0501130833774901,504287.95802768285,0.4135161255826999,0.37216451302442993,0.4279891899780943,True
2040,P0309,Inner Mongolia,biomass,0.0,0.0,0.0,0.0,0.0,True
2040,P0309,Inner Mongolia,beccs,0.9498869166225099,9558712.041972317,7.838143874417299,14.892473361392868,8.112478910021904,True
2040,P0309,Inner Mongolia,ammonia,0.0,0.0,0.0,0.0,0.0,True
2040,P0310,Shaanxi,unabated,0.0,0.0,0.0,0.0,0.0,True
2040,P0310,Shaanxi,retire,0.0,0.0,0.0,0.0,0.0,True
2040,P0310,Shaanxi,ccs,0.0,0.0,0.0,0.0,0.0,True
2040,P0310,Shaanxi,biomass,1.0,11980320.0,9.823862399999998,9.823862399999998,0.0,True
2040,P0310,Shaanxi,beccs,0.0,0.0,0.0,0.0,0.0,True
2040,P0310,Shaanxi,ammonia,0.0,0.0,0.0,0.0,0.0,True
2040,P0311,Hunan,unabated,0.0,0.0,0.0,0.0,0.0,True
2040,P0311,Hunan,retire,0.0,0.0,0.0,0.0,0.0,True
2040,P0311,Hunan,ccs,0.0,0.0,0.0,0.0,0.0,True
2040,P0311,Hunan,biomass,1.0,5157108.0,4.228828559999999,4.228828559999999,0.0,True
2040,P0311,Hunan,beccs,0.0,0.0,0.0,0.0,0.0,True
2040,P0311,Hunan,ammonia,0.0,0.0,0.0,0.0,0.0,True
2040,P0312,Shanxi,unabated,0.0,0.0,0.0,0.0,0.0,True
2040,P0312,Shanxi,retire,0.0,0.0,0.0,0.0,0.0,True
2040,P0312,Shanxi,ccs,0.0,0.0,0.0,0.0,0.0,True
2040,P0312,Shanxi,biomass,1.0,2777700.0,2.277714,2.277714,0.0,True
2040,P0312,Shanxi,beccs,0.0,0.0,0.0,0.0,0.0,True
2040,P0312,Shanxi,ammonia,0.0,0.0,0.0,0.0,0.0,True
2040,P0313,Xinjiang,unabated,0.0,0.0,0.0,0.0,0.0,True
2040,P0313,Xinjiang,retire,0.0,0.0,0.0,0.0,0.0,True
2040,P0313,Xinjiang,ccs,1.0,4224959.999999999,3.464467199999999,3.1180204799999993,3.585723551999999,True
2040,P0313,Xinjiang,biomass,0.0,0.0,0.0,0.0,0.0,True
2040,P0313,Xinjiang,beccs,0.0,0.0,0.0,0.0,0.0,True
2040,P0313,Xinjiang,ammonia,0.0,0.0,0.0,0.0,0.0,True
2040,P0314,Inner Mongolia,unabated,1.0,6037799.999999999,4.950995999999999,0.0,0.0,True
2040,P0314,Inner Mongolia,retire,0.0,0.0,0.0,0.0,0.0,True
2040,P0314,Inner Mongolia,ccs,0.0,0.0,0.0,0.0,0.0,True
2040,P0314,Inner Mongolia,biomass,0.0,0.0,0.0,0.0,0.0,True
2040,P0314,Inner Mongolia,beccs,0.0,0.0,0.0,0.0,0.0,True
2040,P0314,Inner Mongolia,ammonia,0.0,0.0,0.0,0.0,0.0,True
2040,P0315,Jiangxi,unabated,1.0,22974048.0,18.83871936,0.0,0.0,True
2040,P0315,Jiangxi,retire,0.0,0.0,0.0,0.0,0.0,True
2040,P0315,Jiangxi,ccs,0.0,0.0,0.0,0.0,0.0,True
2040,P0315,Jiangxi,biomass,0.0,0.0,0.0,0.0,0.0,True
2040,P0315,Jiangxi,beccs,0.0,0.0,0.0,0.0,0.0,True
2040,P0315,Jiangxi,ammonia,0.0,0.0,0.0,0.0,0.0,True
2040,P0316,Chongqing,unabated,0.0,0.0,0.0,0.0,0.0,True
2040,P0316,Chongqing,retire,0.0,0.0,0.0,0.0,0.0,True
2040,P0316,Chongqing,ccs,0.0,0.0,0.0,0.0,0.0,True
2040,P0316,Chongqing,biomass,1.0,5753040.0,4.7174928,4.7174928,0.0,True
2040,P0316,Chongqing,beccs,0.0,0.0,0.0,0.0,0.0,True
2040,P0316,Chongqing,ammonia,0.0,0.0,0.0,0.0,0.0,True
2040,P0317,Jiangsu,unabated,0.0,0.0,0.0,0.0,0.0,True
2040,P0317,Jiangsu,retire,0.0,0.0,0.0,0.0,0.0,True
2040,P0317,Jiangsu,ccs,0.0,0.0,0.0,0.0,0.0,True
2040,P0317,Jiangsu,biomass,0.0,0.0,0.0,0.0,0.0,True
2040,P0317,Jiangsu,beccs,1.0,6871235.0,5.6344126999999995,10.705384129999999,5.831617144499999,True
2040,P0317,Jiangsu,ammonia,0.0,0.0,0.0,0.0,0.0,True
2040,P0318,Jilin,unabated,0.0,0.0,0.0,0.0,0.0,True
2040,P0318,Jilin,retire,0.0,0.0,0.0,0.0,0.0,True
2040,P0318,Jilin,ccs,0.0,0.0,0.0,0.0,0.0,True
2040,P0318,Jilin,biomass,1.0,1991770.0000000002,1.6332514000000002,1.6332514000000002,0.0,True
2040,P0318,Jilin,beccs,0.0,0.0,0.0,0.0,0.0,True
2040,P0318,Jilin,ammonia,0.0,0.0,0.0,0.0,0.0,True
2040,P0319,Inner Mongolia,unabated,0.5257455093305197,1851701.9711375565,1.5183956163327963,0.0,0.0,True
2040,P0319,Inner Mongolia,retire,0.0,0.0,0.0,0.0,0.0,True
2040,P0319,Inner Mongolia,ccs,0.0,0.0,0.0,0.0,0.0,True
2040,P0319,Inner Mongolia,biomass,0.0,0.0,0.0,0.0,0.0,True
2040,P0319,Inner Mongolia,beccs,0.47425449066948033,1670348.028862443,1.3696853836672034,2.6024022289676862,1.4176243720955553,True
2040,P0319,Inner Mongolia,ammonia,0.0,0.0,0.0,0.0,0.0,True
2040,P0320,Guizhou,unabated,0.0,0.0,0.0,0.0,0.0,True
2040,P0320,Guizhou,retire,0.0,0.0,0.0,0.0,0.0,True
2040,P0320,Guizhou,ccs,0.0,0.0,0.0,0.0,0.0,True
2040,P0320,Guizhou,biomass,1.0,1424130.0,1.1677866,1.1677866,0.0,True
2040,P0320,Guizhou,beccs,0.0,0.0,0.0,0.0,0.0,True
2040,P0320,Guizhou,ammonia,0.0,0.0,0.0,0.0,0.0,True
2040,P0321,Jilin,unabated,0.0,0.0,0.0,0.0,0.0,True
2040,P0321,Jilin,retire,0.0,0.0,0.0,0.0,0.0,True
2040,P0321,Jilin,ccs,0.0,0.0,0.0,0.0,0.0,True
2040,P0321,Jilin,biomass,1.0,2390124.0000000005,1.9599016800000002,1.9599016800000002,0.0,True
2040,P0321,Jilin,beccs,0.0,0.0,0.0,0.0,0.0,True
2040,P0321,Jilin,ammonia,0.0,0.0,0.0,0.0,0.0,True
2040,P0322,Xinjiang,unabated,0.0,0.0,0.0,0.0,0.0,True
2040,P0322,Xinjiang,retire,0.0,0.0,0.0,0.0,0.0,True
2040,P0322,Xinjiang,ccs,1.0,3696839.9999999995,3.0314087999999995,2.7282679199999995,3.1375081079999916,True
2040,P0322,Xinjiang,biomass,0.0,0.0,0.0,0.0,0.0,True
2040,P0322,Xinjiang,beccs,0.0,0.0,0.0,0.0,0.0,True
2040,P0322,Xinjiang,ammonia,0.0,0.0,0.0,0.0,0.0,True
2040,P0323,Henan,unabated,0.0,0.0,0.0,0.0,0.0,True
2040,P0323,Henan,retire,0.0,0.0,0.0,0.0,0.0,True
2040,P0323,Henan,ccs,0.0,0.0,0.0,0.0,0.0,True
2040,P0323,Henan,biomass,1.0,14398400.0,11.806688,11.806688,0.0,True
2040,P0323,Henan,beccs,0.0,0.0,0.0,0.0,0.0,True
2040,P0323,Henan,ammonia,0.0,0.0,0.0,0.0,0.0,True
2040,P0324,Shaanxi,unabated,0.0,0.0,0.0,0.0,0.0,True
2040,P0324,Shaanxi,retire,0.0,0.0,0.0,0.0,0.0,True
2040,P0324,Shaanxi,ccs,0.0,0.0,0.0,0.0,0.0,True
2040,P0324,Shaanxi,biomass,1.0,14430840.0,11.833288799999998,11.833288799999998,0.0,True
2040,P0324,Shaanxi,beccs,0.0,0.0,0.0,0.0,0.0,True
2040,P0324,Shaanxi,ammonia,0.0,0.0,0.0,0.0,0.0,True
2040,P0325,Zhejiang,unabated,0.0,0.0,0.0,0.0,0.0,True
2040,P0325,Zhejiang,retire,0.0,0.0,0.0,0.0,0.0,True
2040,P0325,Zhejiang,ccs,0.0,0.0,0.0,0.0,0.0,True
2040,P0325,Zhejiang,biomass,0.0,0.0,0.0,0.0,0.0,True
2040,P0325,Zhejiang,beccs,1.0,5529764.7,4.534407054,8.6153734026,4.693111300889999,True
2040,P0325,Zhejiang,ammonia,0.0,0.0,0.0,0.0,0.0,True
2040,P0326,Zhejiang,unabated,1.0,37944481.5,31.11447483,0.0,0.0,True
2040,P0326,Zhejiang,retire,0.0,0.0,0.0,0.0,0.0,True
2040,P0326,Zhejiang,ccs,0.0,0.0,0.0,0.0,0.0,True
2040,P0326,Zhejiang,biomass,0.0,0.0,0.0,0.0,0.0,True
2040,P0326,Zhejiang,beccs,0.0,0.0,0.0,0.0,0.0,True
2040,P0326,Zhejiang,ammonia,0.0,0.0,0.0,0.0,0.0,True
2040,P0327,Chongqing,unabated,0.0,0.0,0.0,0.0,0.0,True
2040,P0327,Chongqing,retire,0.0,0.0,0.0,0.0,0.0,True
2040,P0327,Chongqing,ccs,0.0,0.0,0.0,0.0,0.0,True
2040,P0327,Chongqing,biomass,1.0,13711412.0,11.24335784,11.24335784,0.0,True
2040,P0327,Chongqing,beccs,0.0,0.0,0.0,0.0,0.0,True
2040,P0327,Chongqing,ammonia,0.0,0.0,0.0,0.0,0.0,True
2040,P0328,Inner Mongolia,unabated,0.0,0.0,0.0,0.0,0.0,True
2040,P0328,Inner Mongolia,retire,0.0,0.0,0.0,0.0,0.0,True
2040,P0328,Inner Mongolia,ccs,0.023367007136026463,278643.4984796536,0.22848766875331597,0.2056389018779844,0.236484737159682,True
2040,P0328,Inner Mongolia,biomass,0.0,0.0,0.0,0.0,0.0,True
2040,P0328,Inner Mongolia,beccs,0.9766329928639735,11646011.501520347,9.549729431246684,18.144485919368698,9.883969961340316,True
2040,P0328,Inner Mongolia,ammonia,0.0,0.0,0.0,0.0,0.0,True
2040,P0329,Xinjiang,unabated,0.0,0.0,0.0,0.0,0.0,True
2040,P0329,Xinjiang,retire,0.0,0.0,0.0,0.0,0.0,True
2040,P0329,Xinjiang,ccs,0.0,0.0,0.0,0.0,0.0,True
2040,P0329,Xinjiang,biomass,1.0,528119.9999999999,0.4330583999999999,0.4330583999999999,0.0,True
2040,P0329,Xinjiang,beccs,0.0,0.0,0.0,0.0,0.0,True
2040,P0329,Xinjiang,ammonia,0.0,0.0,0.0,0.0,0.0,True
2040,P0330,Gansu,unabated,1.0,25137600.0,20.612832,0.0,0.0,True
2040,P0330,Gansu,retire,0.0,0.0,0.0,0.0,0.0,True
2040,P0330,Gansu,ccs,0.0,0.0,0.0,0.0,0.0,True
2040,P0330,Gansu,biomass,0.0,0.0,0.0,0.0,0.0,True
2040,P0330,Gansu,beccs,0.0,0.0,0.0,0.0,0.0,True
2040,P0330,Gansu,ammonia,0.0,0.0,0.0,0.0,0.0,True
2040,P0331,Guangdong,unabated,1.0,25414742.0,20.84008844,0.0,0.0,True
2040,P0331,Guangdong,retire,0.0,0.0,0.0,0.0,0.0,True
2040,P0331,Guangdong,ccs,0.0,0.0,0.0,0.0,0.0,True
2040,P0331,Guangdong,biomass,0.0,0.0,0.0,0.0,0.0,True
2040,P0331,Guangdong,beccs,0.0,0.0,0.0,0.0,0.0,True
2040,P0331,Guangdong,ammonia,0.0,0.0,0.0,0.0,0.0,True
2040,P0332,Hebei,unabated,0.0,0.0,0.0,0.0,0.0,True
2040,P0332,Hebei,retire,0.0,0.0,0.0,0.0,0.0,True
2040,P0332,Hebei,ccs,0.0,0.0,0.0,0.0,0.0,True
2040,P0332,Hebei,biomass,0.035759980364006995,611766.8679156002,0.5016488316907921,0.5016488316907921,0.0,True
2040,P0332,Hebei,beccs,0.9642400196359929,16495817.132084398,13.526570048309205,25.70048309178749,14.0,True
2040,P0332,Hebei,ammonia,0.0,0.0,0.0,0.0,0.0,True
2040,P0333,Guangdong,unabated,0.0,0.0,0.0,0.0,0.0,True
2040,P0333,Guangdong,retire,0.0,0.0,0.0,0.0,0.0,True
2040,P0333,Guangdong,ccs,0.0,0.0,0.0,0.0,0.0,True
2040,P0333,Guangdong,biomass,0.0,0.0,0.0,0.0,0.0,True
2040,P0333,Guangdong,beccs,1.0,15675001.14,12.8535009348,24.421651776119997,13.303373467517991,True
2040,P0333,Guangdong,ammonia,0.0,0.0,0.0,0.0,0.0,True
2040,P0334,Hebei,unabated,0.0,0.0,0.0,0.0,0.0,True
2040,P0334,Hebei,retire,0.0,0.0,0.0,0.0,0.0,True
2040,P0334,Hebei,ccs,0.0,0.0,0.0,0.0,0.0,True
2040,P0334,Hebei,biomass,1.0,3118570.0,2.5572274,2.5572274,0.0,True
2040,P0334,Hebei,beccs,0.0,0.0,0.0,0.0,0.0,True
2040,P0334,Hebei,ammonia,0.0,0.0,0.0,0.0,0.0,True
2040,P0335,Hubei,unabated,0.0,0.0,0.0,0.0,0.0,True
2040,P0335,Hubei,retire,0.0,0.0,0.0,0.0,0.0,True
2040,P0335,Hubei,ccs,0.0,0.0,0.0,0.0,0.0,True
2040,P0335,Hubei,biomass,1.0,17248159.999999996,14.143491199999996,14.143491199999996,0.0,True
2040,P0335,Hubei,beccs,0.0,0.0,0.0,0.0,0.0,True
2040,P0335,Hubei,ammonia,0.0,0.0,0.0,0.0,0.0,True
2040,P0336,Inner Mongolia,unabated,0.0,0.0,0.0,0.0,0.0,True
2040,P0336,Inner Mongolia,retire,0.0,0.0,0.0,0.0,0.0,True
2040,P0336,Inner Mongolia,ccs,1.0,10063000.0,8.25166,7.426494,8.540468100000007,True
2040,P0336,Inner Mongolia,biomass,0.0,0.0,0.0,0.0,0.0,True
2040,P0336,Inner Mongolia,beccs,0.0,0.0,0.0,0.0,0.0,True
2040,P0336,Inner Mongolia,ammonia,0.0,0.0,0.0,0.0,0.0,True
2040,P0337,Guizhou,unabated,0.0,0.0,0.0,0.0,0.0,True
2040,P0337,Guizhou,retire,0.0,0.0,0.0,0.0,0.0,True
2040,P0337,Guizhou,ccs,0.0,0.0,0.0,0.0,0.0,True
2040,P0337,Guizhou,biomass,1.0,3322970.0,2.7248354,2.7248354,0.0,True
2040,P0337,Guizhou,beccs,0.0,0.0,0.0,0.0,0.0,True
2040,P0337,Guizhou,ammonia,0.0,0.0,0.0,0.0,0.0,True
2040,P0338,Guangxi,unabated,0.0,0.0,0.0,0.0,0.0,True
2040,P0338,Guangxi,retire,0.0,0.0,0.0,0.0,0.0,True
2040,P0338,Guangxi,ccs,0.0,0.0,0.0,0.0,0.0,True
2040,P0338,Guangxi,biomass,1.0,2871960.0,2.3550071999999997,2.3550071999999997,0.0,True
2040,P0338,Guangxi,beccs,0.0,0.0,0.0,0.0,0.0,True
2040,P0338,Guangxi,ammonia,0.0,0.0,0.0,0.0,0.0,True
2040,P0339,Hainan,unabated,0.0,0.0,0.0,0.0,0.0,True
2040,P0339,Hainan,retire,0.0,0.0,0.0,0.0,0.0,True
2040,P0339,Hainan,ccs,0.0,0.0,0.0,0.0,0.0,True
2040,P0339,Hainan,biomass,0.0,0.0,0.0,0.0,0.0,True
2040,P0339,Hainan,beccs,1.0,3320394.0,2.7227230799999997,5.173173852,2.8180183877999996,True
2040,P0339,Hainan,ammonia,0.0,0.0,0.0,0.0,0.0,True
2040,P0340,Inner Mongolia,unabated,0.4037217590304375,7597159.354300557,6.229670670526456,0.0,0.0,True
2040,P0340,Inner Mongolia,retire,0.0,0.0,0.0,0.0,0.0,True
2040,P0340,Inner Mongolia,ccs,0.0,0.0,0.0,0.0,0.0,True
2040,P0340,Inner Mongolia,biomass,0.0,0.0,0.0,0.0,0.0,True
2040,P0340,Inner Mongolia,beccs,0.5962782409695625,11220650.645699443,9.200933529473543,17.481773705999732,9.522966203005117,True
2040,P0340,Inner Mongolia,ammonia,0.0,0.0,0.0,0.0,0.0,True
2040,P0341,Hebei,unabated,0.0,0.0,0.0,0.0,0.0,True
2040,P0341,Hebei,retire,0.0,0.0,0.0,0.0,0.0,True
2040,P0341,Hebei,ccs,0.0,0.0,0.0,0.0,0.0,True
2040,P0341,Hebei,biomass,1.0,445510.0,0.3653181999999999,0.3653181999999999,0.0,True
2040,P0341,Hebei,beccs,0.0,0.0,0.0,0.0,0.0,True
2040,P0341,Hebei,ammonia,0.0,0.0,0.0,0.0,0.0,True
2040,P0342,Zhejiang,unabated,0.033400102102293265,972466.6179774938,0.7974226267415448,0.0,0.0,True
2040,P0342,Zhejiang,retire,0.0,0.0,0.0,0.0,0.0,True
2040,P0342,Zhejiang,ccs,0.051048647107636576,1486315.9715215778,1.2187790966476937,1.0969011869829244,1.261436365030363,True
2040,P0342,Zhejiang,biomass,0.0,0.0,0.0,0.0,0.0,True
2040,P0342,Zhejiang,beccs,0.9155512507900702,26656895.41050093,21.85865423661076,41.53144304956044,22.623707134892136,True
2040,P0342,Zhejiang,ammonia,0.0,0.0,0.0,0.0,0.0,True
2040,P0343,Hunan,unabated,0.0,0.0,0.0,0.0,0.0,True
2040,P0343,Hunan,retire,0.0,0.0,0.0,0.0,0.0,True
2040,P0343,Hunan,ccs,0.0,0.0,0.0,0.0,0.0,True
2040,P0343,Hunan,biomass,1.0,15315048.0,12.55833936,12.55833936,0.0,True
2040,P0343,Hunan,beccs,0.0,0.0,0.0,0.0,0.0,True
2040,P0343,Hunan,ammonia,0.0,0.0,0.0,0.0,0.0,True
2040,P0344,Xinjiang,unabated,0.0,0.0,0.0,0.0,0.0,True
2040,P0344,Xinjiang,retire,0.0,0.0,0.0,0.0,0.0,True
2040,P0344,Xinjiang,ccs,1.0,20913551.999999996,17.14911264,15.434201375999999,17.749331582399996,True
2040,P0344,Xinjiang,biomass,0.0,0.0,0.0,0.0,0.0,True
2040,P0344,Xinjiang,beccs,0.0,0.0,0.0,0.0,0.0,True
2040,P0344,Xinjiang,ammonia,0.0,0.0,0.0,0.0,0.0,True
2040,P0345,Gansu,unabated,1.0,8379200.0,6.870944,0.0,0.0,True
2040,P0345,Gansu,retire,0.0,0.0,0.0,0.0,0.0,True
2040,P0345,Gansu,ccs,0.0,0.0,0.0,0.0,0.0,True
2040,P0345,Gansu,biomass,0.0,0.0,0.0,0.0,0.0,True
2040,P0345,Gansu,beccs,0.0,0.0,0.0,0.0,0.0,True
2040,P0345,Gansu,ammonia,0.0,0.0,0.0,0.0,0.0,True
2040,P0346,Inner Mongolia,unabated,0.6393818380112843,16921681.516436867,13.87577884347823,0.0,0.0,True
2040,P0346,Inner Mongolia,retire,0.0,0.0,0.0,0.0,0.0,True
2040,P0346,Inner Mongolia,ccs,0.3606181619887156,9544008.48356313,7.826086956521766,7.043478260869589,8.1,True
2040,P0346,Inner Mongolia,biomass,0.0,0.0,0.0,0.0,0.0,True
2040,P0346,Inner Mongolia,beccs,0.0,0.0,0.0,0.0,0.0,True
2040,P0346,Inner Mongolia,ammonia,0.0,0.0,0.0,0.0,0.0,True
2040,P0347,Ningxia,unabated,1.0,3777884.0,3.09786488,0.0,0.0,True
2040,P0347,Ningxia,retire,0.0,0.0,0.0,0.0,0.0,True
2040,P0347,Ningxia,ccs,0.0,0.0,0.0,0.0,0.0,True
2040,P0347,Ningxia,biomass,0.0,0.0,0.0,0.0,0.0,True
2040,P0347,Ningxia,beccs,0.0,0.0,0.0,0.0,0.0,True
2040,P0347,Ningxia,ammonia,0.0,0.0,0.0,0.0,0.0,True
2040,P0348,Jiangsu,unabated,0.0,0.0,0.0,0.0,0.0,True
2040,P0348,Jiangsu,retire,0.0,0.0,0.0,0.0,0.0,True
2040,P0348,Jiangsu,ccs,0.0,0.0,0.0,0.0,0.0,True
2040,P0348,Jiangsu,biomass,0.0,0.0,0.0,0.0,0.0,True
2040,P0348,Jiangsu,beccs,1.0,25729515.0,21.098202299999997,40.08658436999999,21.836639380499996,True
2040,P0348,Jiangsu,ammonia,0.0,0.0,0.0,0.0,0.0,True
2040,P0349,Guangdong,unabated,0.0,0.0,0.0,0.0,0.0,True
2040,P0349,Guangdong,retire,0.0,0.0,0.0,0.0,0.0,True
2040,P0349,Guangdong,ccs,0.0,0.0,0.0,0.0,0.0,True
2040,P0349,Guangdong,biomass,0.0,0.0,0.0,0.0,0.0,True
2040,P0349,Guangdong,beccs,1.0,6281210.0,5.150592199999999,9.786125179999997,4.9754720652,True
2040,P0349,Guangdong,ammonia,0.0,0.0,0.0,0.0,0.0,True
2040,P0350,Guangxi,unabated,0.0,0.0,0.0,0.0,0.0,True
2040,P0350,Guangxi,retire,0.0,0.0,0.0,0.0,0.0,True
2040,P0350,Guangxi,ccs,0.0,0.0,0.0,0.0,0.0,True
2040,P0350,Guangxi,biomass,0.0,0.0,0.0,0.0,0.0,True
2040,P0350,Guangxi,beccs,1.0,622258.0,0.51025156,0.9694779640000001,0.5281103646,True
2040,P0350,Guangxi,ammonia,0.0,0.0,0.0,0.0,0.0,True
2050,P0001,Fujian,unabated,0.016922193463370143,1063512.6800974377,0.8720803976798988,0.0,0.0,True
2050,P0001,Fujian,retire,0.4943687994583295,31069700.74574312,25.477154611509356,25.477154611509356,0.0,True
2050,P0001,Fujian,ccs,0.0,0.0,0.0,0.0,0.0,True
2050,P0001,Fujian,biomass,0.0010084908806474234,63380.840176115315,0.05197228894441455,0.05197228894441455,0.0,True
2050,P0001,Fujian,beccs,0.48770051619765287,30650617.733983323,25.13350654186632,47.75366242954601,26.013179270831642,True
2050,P0001,Fujian,ammonia,0.0,0.0,0.0,0.0,0.0,True
2050,P0002,Shanxi,unabated,1.0,64951884.99999999,53.26054569999999,0.0,0.0,True
2050,P0002,Shanxi,retire,0.0,0.0,0.0,0.0,0.0,True
2050,P0002,Shanxi,ccs,0.0,0.0,0.0,0.0,0.0,True
2050,P0002,Shanxi,biomass,0.0,0.0,0.0,0.0,0.0,True
2050,P0002,Shanxi,beccs,0.0,0.0,0.0,0.0,0.0,True
2050,P0002,Shanxi,ammonia,0.0,0.0,0.0,0.0,0.0,True
2050,P0003,Chongqing,unabated,0.0,0.0,0.0,0.0,0.0,True
2050,P0003,Chongqing,retire,0.0,0.0,0.0,0.0,0.0,True
2050,P0003,Chongqing,ccs,0.0,0.0,0.0,0.0,0.0,True
2050,P0003,Chongqing,biomass,0.0,0.0,0.0,0.0,0.0,True
2050,P0003,Chongqing,beccs,1.0,32432763.0,26.59486566,50.530244753999995,25.69064022756,True
2050,P0003,Chongqing,ammonia,0.0,0.0,0.0,0.0,0.0,True
2050,P0004,Inner Mongolia,unabated,0.08777702160965822,953964.1819346299,0.7822506291863964,0.0,0.0,True
2050,P0004,Inner Mongolia,retire,0.0,0.0,0.0,0.0,0.0,True
2050,P0004,Inner Mongolia,ccs,0.4616917155110081,5017684.031842257,4.11450090611065,3.7030508154995854,4.2585084378245215,True
2050,P0004,Inner Mongolia,biomass,0.0,0.0,0.0,0.0,0.0,True
2050,P0004,Inner Mongolia,beccs,0.45053126287933365,4896391.786223114,4.015041264702952,7.628578402935609,4.155567708967555,True
2050,P0004,Inner Mongolia,ammonia,0.0,0.0,0.0,0.0,0.0,True
2050,P0005,Sichuan,unabated,0.0,0.0,0.0,0.0,0.0,True
2050,P0005,Sichuan,retire,0.0,0.0,0.0,0.0,0.0,True
2050,P0005,Sichuan,ccs,0.0,0.0,0.0,0.0,0.0,True
2050,P0005,Sichuan,biomass,0.0939285914647272,1766932.6261947765,1.4488847534797167,1.4488847534797167,0.0,True
2050,P0005,Sichuan,beccs,0.9060714085352728,17044513.37380522,13.97650096652028,26.55535183638853,13.501299933658586,True
2050,P0005,Sichuan,ammonia,0.0,0.0,0.0,0.0,0.0,True
2050,P0006,Hebei,unabated,0.0,0.0,0.0,0.0,0.0,True
2050,P0006,Hebei,retire,1.0,22899214.0,18.77735548,18.77735548,0.0,True
2050,P0006,Hebei,ccs,0.0,0.0,0.0,0.0,0.0,True
2050,P0006,Hebei,biomass,0.0,0.0,0.0,0.0,0.0,True
2050,P0006,Hebei,beccs,0.0,0.0,0.0,0.0,0.0,True
2050,P0006,Hebei,ammonia,0.0,0.0,0.0,0.0,0.0,True
2050,P0007,Hebei,unabated,0.0,0.0,0.0,0.0,0.0,True
2050,P0007,Hebei,retire,1.0,38741549.6,31.768070671999997,31.768070671999997,0.0,True
2050,P0007,Hebei,ccs,0.0,0.0,0.0,0.0,0.0,True
2050,P0007,Hebei,biomass,0.0,0.0,0.0,0.0,0.0,True
2050,P0007,Hebei,beccs,0.0,0.0,0.0,0.0,0.0,True
2050,P0007,Hebei,ammonia,0.0,0.0,0.0,0.0,0.0,True
2050,P0008,Shandong,unabated,0.0,0.0,0.0,0.0,0.0,True
2050,P0008,Shandong,retire,0.10544338681643972,1258147.2860147997,1.0316807745321357,1.0316807745321357,0.0,True
2050,P0008,Shandong,ccs,0.0,0.0,0.0,0.0,0.0,True
2050,P0008,Shandong,biomass,0.8945566131835603,10673822.313985202,8.752534297467864,8.752534297467864,0.0,True
2050,P0008,Shandong,beccs,0.0,0.0,0.0,0.0,0.0,True
2050,P0008,Shandong,ammonia,0.0,0.0,0.0,0.0,0.0,True
2050,P0009,Inner Mongolia,unabated,0.0,0.0,0.0,0.0,0.0,True
2050,P0009,Inner Mongolia,retire,1.0,107372210.0,88.0452122,88.0452122,0.0,True
2050,P0009,Inner Mongolia,ccs,0.0,0.0,0.0,0.0,0.0,True
2050,P0009,Inner Mongolia,biomass,0.0,0.0,0.0,0.0,0.0,True
2050,P0009,Inner Mongolia,beccs,0.0,0.0,0.0,0.0,0.0,True
2050,P0009,Inner Mongolia,ammonia,0.0,0.0,0.0,0.0,0.0,True
2050,P0010,Yunnan,unabated,0.0,0.0,0.0,0.0,0.0,True
2050,P0010,Yunnan,retire,0.0,0.0,0.0,0.0,0.0,True
2050,P0010,Yunnan,ccs,0.0,0.0,0.0,0.0,0.0,True
2050,P0010,Yunnan,biomass,1.0,16673783.999999998,13.672502879999998,13.672502879999998,0.0,True
2050,P0010,Yunnan,beccs,0.0,0.0,0.0,0.0,0.0,True
2050,P0010,Yunnan,ammonia,0.0,0.0,0.0,0.0,0.0,True
2050,P0011,Guangdong,unabated,0.0,0.0,0.0,0.0,0.0,True
2050,P0011,Guangdong,retire,1.0,41214401.0,33.79580882,33.79580882,0.0,True
2050,P0011,Guangdong,ccs,0.0,0.0,0.0,0.0,0.0,True
2050,P0011,Guangdong,biomass,0.0,0.0,0.0,0.0,0.0,True
2050,P0011,Guangdong,beccs,0.0,0.0,0.0,0.0,0.0,True
2050,P0011,Guangdong,ammonia,0.0,0.0,0.0,0.0,0.0,True
2050,P0012,Liaoning,unabated,0.0,0.0,0.0,0.0,0.0,True
2050,P0012,Liaoning,retire,0.0,0.0,0.0,0.0,0.0,True
2050,P0012,Liaoning,ccs,0.0,0.0,0.0,0.0,0.0,True
2050,P0012,Liaoning,biomass,1.0,17363920.0,14.238414399999998,14.238414399999998,0.0,True
2050,P0012,Liaoning,beccs,0.0,0.0,0.0,0.0,0.0,True
2050,P0012,Liaoning,ammonia,0.0,0.0,0.0,0.0,0.0,True
2050,P0013,Shanxi,unabated,0.0,0.0,0.0,0.0,0.0,True
2050,P0013,Shanxi,retire,1.0,81340315.0,66.69905829999999,66.69905829999999,0.0,True
2050,P0013,Shanxi,ccs,0.0,0.0,0.0,0.0,0.0,True
2050,P0013,Shanxi,biomass,0.0,0.0,0.0,0.0,0.0,True
2050,P0013,Shanxi,beccs,0.0,0.0,0.0,0.0,0.0,True
2050,P0013,Shanxi,ammonia,0.0,0.0,0.0,0.0,0.0,True
2050,P0014,Guangdong,unabated,0.0,0.0,0.0,0.0,0.0,True
2050,P0014,Guangdong,retire,0.0,0.0,0.0,0.0,0.0,True
2050,P0014,Guangdong,ccs,0.0,0.0,0.0,0.0,0.0,True
2050,P0014,Guangdong,biomass,0.0,0.0,0.0,0.0,0.0,True
2050,P0014,Guangdong,beccs,1.0,11885982.0,9.74650524,18.518359955999998,9.415124061839999,True
2050,P0014,Guangdong,ammonia,0.0,0.0,0.0,0.0,0.0,True
2050,P0015,Hunan,unabated,0.0,0.0,0.0,0.0,0.0,True
2050,P0015,Hunan,retire,0.0,0.0,0.0,0.0,0.0,True
2050,P0015,Hunan,ccs,0.0,0.0,0.0,0.0,0.0,True
2050,P0015,Hunan,biomass,1.0,9884457.0,8.10525474,8.10525474,0.0,True
2050,P0015,Hunan,beccs,0.0,0.0,0.0,0.0,0.0,True
2050,P0015,Hunan,ammonia,0.0,0.0,0.0,0.0,0.0,True
2050,P0016,Hubei,unabated,0.0,0.0,0.0,0.0,0.0,True
2050,P0016,Hubei,retire,0.0,0.0,0.0,0.0,0.0,True
2050,P0016,Hubei,ccs,0.0,0.0,0.0,0.0,0.0,True
2050,P0016,Hubei,biomass,0.986659641342088,31372429.84517496,25.725392473043463,25.725392473043463,0.0,True
2050,P0016,Hubei,beccs,0.013340358657912018,424178.1548250345,0.3478260869565282,0.6608695652174037,0.3600000000000067,True
2050,P0016,Hubei,ammonia,0.0,0.0,0.0,0.0,0.0,True
2050,P0017,Jiangsu,unabated,0.16877437071520107,7889266.820921888,6.469198793155948,0.0,0.0,True
2050,P0017,Jiangsu,retire,0.19816113566906068,9262935.27983698,7.5956069294663235,7.5956069294663235,0.0,True
2050,P0017,Jiangsu,ccs,0.0,0.0,0.0,0.0,0.0,True
2050,P0017,Jiangsu,biomass,0.0,0.0,0.0,0.0,0.0,True
2050,P0017,Jiangsu,beccs,0.6330644936157382,29592257.89924113,24.265651477377727,46.10473780701768,25.11494927908594,True
2050,P0017,Jiangsu,ammonia,0.0,0.0,0.0,0.0,0.0,True
2050,P0018,Jilin,unabated,0.0,0.0,0.0,0.0,0.0,True
2050,P0018,Jilin,retire,0.0,0.0,0.0,0.0,0.0,True
2050,P0018,Jilin,ccs,0.0,0.0,0.0,0.0,0.0,True
2050,P0018,Jilin,biomass,1.0,3838684.0,3.14772088,3.14772088,0.0,True
2050,P0018,Jilin,beccs,0.0,0.0,0.0,0.0,0.0,True
2050,P0018,Jilin,ammonia,0.0,0.0,0.0,0.0,0.0,True
2050,P0019,Hunan,unabated,0.0,0.0,0.0,0.0,0.0,True
2050,P0019,Hunan,retire,0.0,0.0,0.0,0.0,0.0,True
2050,P0019,Hunan,ccs,0.0,0.0,0.0,0.0,0.0,True
2050,P0019,Hunan,biomass,1.0,15119703.0,12.39815646,12.39815646,0.0,True
2050,P0019,Hunan,beccs,0.0,0.0,0.0,0.0,0.0,True
2050,P0019,Hunan,ammonia,0.0,0.0,0.0,0.0,0.0,True
2050,P0020,Zhejiang,unabated,0.0,0.0,0.0,0.0,0.0,True
2050,P0020,Zhejiang,retire,1.0,67514054.1,55.36152436199999,55.36152436199999,0.0,True
2050,P0020,Zhejiang,ccs,0.0,0.0,0.0,0.0,0.0,True
2050,P0020,Zhejiang,biomass,0.0,0.0,0.0,0.0,0.0,True
2050,P0020,Zhejiang,beccs,0.0,0.0,0.0,0.0,0.0,True
2050,P0020,Zhejiang,ammonia,0.0,0.0,0.0,0.0,0.0,True
2050,P0021,Shandong,unabated,0.0,0.0,0.0,0.0,0.0,True
2050,P0021,Shandong,retire,1.0,45246412.50000001,37.102058250000006,37.102058250000006,0.0,True
2050,P0021,Shandong,ccs,0.0,0.0,0.0,0.0,0.0,True
2050,P0021,Shandong,biomass,0.0,0.0,0.0,0.0,0.0,True
2050,P0021,Shandong,beccs,0.0,0.0,0.0,0.0,0.0,True
2050,P0021,Shandong,ammonia,0.0,0.0,0.0,0.0,0.0,True
2050,P0022,Shandong,unabated,0.0,0.0,0.0,0.0,0.0,True
2050,P0022,Shandong,retire,0.024941574841262804,396476.49893664283,0.3251107291280471,0.3251107291280471,0.0,True
2050,P0022,Shandong,ccs,0.0,0.0,0.0,0.0,0.0,True
2050,P0022,Shandong,biomass,0.9750584251587372,15499733.00106336,12.709781060871954,12.709781060871954,0.0,True
2050,P0022,Shandong,beccs,0.0,0.0,0.0,0.0,0.0,True
2050,P0022,Shandong,ammonia,0.0,0.0,0.0,0.0,0.0,True
2050,P0023,Henan,unabated,0.0,0.0,0.0,0.0,0.0,True
2050,P0023,Henan,retire,0.0,0.0,0.0,0.0,0.0,True
2050,P0023,Henan,ccs,0.0,0.0,0.0,0.0,0.0,True
2050,P0023,Henan,biomass,1.0,20013776.0,16.411296319999998,16.411296319999998,0.0,True
2050,P0023,Henan,beccs,0.0,0.0,0.0,0.0,0.0,True
2050,P0023,Henan,ammonia,0.0,0.0,0.0,0.0,0.0,True
2050,P0024,Chongqing,unabated,0.0,0.0,0.0,0.0,0.0,True
2050,P0024,Chongqing,retire,0.0,0.0,0.0,0.0,0.0,True
2050,P0024,Chongqing,ccs,0.0,0.0,0.0,0.0,0.0,True
2050,P0024,Chongqing,biomass,1.0,5892071.800000001,4.831498876,4.831498876,0.0,True
2050,P0024,Chongqing,beccs,0.0,0.0,0.0,0.0,0.0,True
2050,P0024,Chongqing,ammonia,0.0,0.0,0.0,0.0,0.0,True
2050,P0025,Jilin,unabated,0.0,0.0,0.0,0.0,0.0,True
2050,P0025,Jilin,retire,0.0,0.0,0.0,0.0,0.0,True
2050,P0025,Jilin,ccs,0.0,0.0,0.0,0.0,0.0,True
2050,P0025,Jilin,biomass,0.11367151081085847,1770095.0397769045,1.4514779326170615,1.4514779326170615,0.0,True
2050,P0025,Jilin,beccs,0.8863284891891414,13801924.960223095,11.317578467382937,21.503399088027578,10.932780799491916,True
2050,P0025,Jilin,ammonia,0.0,0.0,0.0,0.0,0.0,True
2050,P0026,Hainan,unabated,0.0,0.0,0.0,0.0,0.0,True
2050,P0026,Hainan,retire,0.0,0.0,0.0,0.0,0.0,True
2050,P0026,Hainan,ccs,0.0,0.0,0.0,0.0,0.0,True
2050,P0026,Hainan,biomass,0.0,0.0,0.0,0.0,0.0,True
2050,P0026,Hainan,beccs,1.0,10564890.0,8.663209799999999,16.460098619999997,8.966422142999999,True
2050,P0026,Hainan,ammonia,0.0,0.0,0.0,0.0,0.0,True
2050,P0027,Shandong,unabated,0.0,0.0,0.0,0.0,0.0,True
2050,P0027,Shandong,retire,0.19693526558283225,11478588.87869042,9.412442880526143,9.412442880526143,0.0,True
2050,P0027,Shandong,ccs,0.0,0.0,0.0,0.0,0.0,True
2050,P0027,Shandong,biomass,0.8030647344171677,46807512.621309586,38.382160349473864,38.382160349473864,0.0,True
2050,P0027,Shandong,beccs,0.0,0.0,0.0,0.0,0.0,True
2050,P0027,Shandong,ammonia,0.0,0.0,0.0,0.0,0.0,True
2050,P0028,Hunan,unabated,0.0,0.0,0.0,0.0,0.0,True
2050,P0028,Hunan,retire,0.0,0.0,0.0,0.0,0.0,True
2050,P0028,Hunan,ccs,0.0,0.0,0.0,0.0,0.0,True
2050,P0028,Hunan,biomass,1.0,22425606.0,18.388996919999997,18.388996919999997,0.0,True
2050,P0028,Hunan,beccs,0.0,0.0,0.0,0.0,0.0,True
2050,P0028,Hunan,ammonia,0.0,0.0,0.0,0.0,0.0,True
2050,P0029,Jilin,unabated,0.0,0.0,0.0,0.0,0.0,True
2050,P0029,Jilin,retire,0.0,0.0,0.0,0.0,0.0,True
2050,P0029,Jilin,ccs,0.0,0.0,0.0,0.0,0.0,True
2050,P0029,Jilin,biomass,0.0,0.0,0.0,0.0,0.0,True
2050,P0029,Jilin,beccs,1.0,434568.0,0.35634575999999996,0.6770569439999999,0.3688178615999999,True
2050,P0029,Jilin,ammonia,0.0,0.0,0.0,0.0,0.0,True
2050,P0030,Jilin,unabated,0.0,0.0,0.0,0.0,0.0,True
2050,P0030,Jilin,retire,0.0,0.0,0.0,0.0,0.0,True
2050,P0030,Jilin,ccs,0.0,0.0,0.0,0.0,0.0,True
2050,P0030,Jilin,biomass,0.0,0.0,0.0,0.0,0.0,True
2050,P0030,Jilin,beccs,1.0,16227493.4,13.306544588,25.282434717199997,12.854122072007998,True
2050,P0030,Jilin,ammonia,0.0,0.0,0.0,0.0,0.0,True
2050,P0031,Shanxi,unabated,0.0,0.0,0.0,0.0,0.0,True
2050,P0031,Shanxi,retire,0.0,0.0,0.0,0.0,0.0,True
2050,P0031,Shanxi,ccs,0.0,0.0,0.0,0.0,0.0,True
2050,P0031,Shanxi,biomass,0.0,0.0,0.0,0.0,0.0,True
2050,P0031,Shanxi,beccs,1.0,22684550.0,18.601331,35.3425289,19.252377584999998,True
2050,P0031,Shanxi,ammonia,0.0,0.0,0.0,0.0,0.0,True
2050,P0032,Henan,unabated,0.0,0.0,0.0,0.0,0.0,True
2050,P0032,Henan,retire,0.0,0.0,0.0,0.0,0.0,True
2050,P0032,Henan,ccs,0.0,0.0,0.0,0.0,0.0,True
2050,P0032,Henan,biomass,1.0,8531052.0,6.9954626399999995,6.9954626399999995,0.0,True
2050,P0032,Henan,beccs,0.0,0.0,0.0,0.0,0.0,True
2050,P0032,Henan,ammonia,0.0,0.0,0.0,0.0,0.0,True
2050,P0033,Henan,unabated,0.0,0.0,0.0,0.0,0.0,True
2050,P0033,Henan,retire,0.0,0.0,0.0,0.0,0.0,True
2050,P0033,Henan,ccs,0.0,0.0,0.0,0.0,0.0,True
2050,P0033,Henan,biomass,1.0,22569492.0,18.50698344,18.50698344,0.0,True
2050,P0033,Henan,beccs,0.0,0.0,0.0,0.0,0.0,True
2050,P0033,Henan,ammonia,0.0,0.0,0.0,0.0,0.0,True
2050,P0034,Shandong,unabated,0.0,0.0,0.0,0.0,0.0,True
2050,P0034,Shandong,retire,1.0,18403842.0,15.09115044,15.09115044,0.0,True
2050,P0034,Shandong,ccs,0.0,0.0,0.0,0.0,0.0,True
2050,P0034,Shandong,biomass,0.0,0.0,0.0,0.0,0.0,True
2050,P0034,Shandong,beccs,0.0,0.0,0.0,0.0,0.0,True
2050,P0034,Shandong,ammonia,0.0,0.0,0.0,0.0,0.0,True
2050,P0035,Anhui,unabated,0.0,0.0,0.0,0.0,0.0,True
2050,P0035,Anhui,retire,1.0,46348752.00000001,38.00597664,38.00597664,0.0,True
2050,P0035,Anhui,ccs,0.0,0.0,0.0,0.0,0.0,True
2050,P0035,Anhui,biomass,0.0,0.0,0.0,0.0,0.0,True
2050,P0035,Anhui,beccs,0.0,0.0,0.0,0.0,0.0,True
2050,P0035,Anhui,ammonia,0.0,0.0,0.0,0.0,0.0,True
2050,P0036,Jiangsu,unabated,0.0,0.0,0.0,0.0,0.0,True
2050,P0036,Jiangsu,retire,1.0,140042791.0,114.83508862,114.83508862,0.0,True
2050,P0036,Jiangsu,ccs,0.0,0.0,0.0,0.0,0.0,True
2050,P0036,Jiangsu,biomass,0.0,0.0,0.0,0.0,0.0,True
2050,P0036,Jiangsu,beccs,0.0,0.0,0.0,0.0,0.0,True
2050,P0036,Jiangsu,ammonia,0.0,0.0,0.0,0.0,0.0,True
2050,P0037,Inner Mongolia,unabated,1.0,41962710.0,34.409422199999995,0.0,0.0,True
2050,P0037,Inner Mongolia,retire,0.0,0.0,0.0,0.0,0.0,True
2050,P0037,Inner Mongolia,ccs,0.0,0.0,0.0,0.0,0.0,True
2050,P0037,Inner Mongolia,biomass,0.0,0.0,0.0,0.0,0.0,True
2050,P0037,Inner Mongolia,beccs,0.0,0.0,0.0,0.0,0.0,True
2050,P0037,Inner Mongolia,ammonia,0.0,0.0,0.0,0.0,0.0,True
2050,P0038,Sichuan,unabated,0.0,0.0,0.0,0.0,0.0,True
2050,P0038,Sichuan,retire,0.0,0.0,0.0,0.0,0.0,True
2050,P0038,Sichuan,ccs,0.0,0.0,0.0,0.0,0.0,True
2050,P0038,Sichuan,biomass,0.0,0.0,0.0,0.0,0.0,True
2050,P0038,Sichuan,beccs,1.0,24582287.999999996,20.157476159999998,38.299204704,19.472121970559996,True
2050,P0038,Sichuan,ammonia,0.0,0.0,0.0,0.0,0.0,True
2050,P0039,Heilongjiang,unabated,0.0,0.0,0.0,0.0,0.0,True
2050,P0039,Heilongjiang,retire,0.0,0.0,0.0,0.0,0.0,True
2050,P0039,Heilongjiang,ccs,0.0,0.0,0.0,0.0,0.0,True
2050,P0039,Heilongjiang,biomass,0.0,0.0,0.0,0.0,0.0,True
2050,P0039,Heilongjiang,beccs,1.0,7478775.0,6.1325955,11.65193145,5.924087252999999,True
2050,P0039,Heilongjiang,ammonia,0.0,0.0,0.0,0.0,0.0,True
2050,P0040,Shanxi,unabated,0.0,0.0,0.0,0.0,0.0,True
2050,P0040,Shanxi,retire,1.0,29397324.999999996,24.105806499999996,24.105806499999996,0.0,True
2050,P0040,Shanxi,ccs,0.0,0.0,0.0,0.0,0.0,True
2050,P0040,Shanxi,biomass,0.0,0.0,0.0,0.0,0.0,True
2050,P0040,Shanxi,beccs,0.0,0.0,0.0,0.0,0.0,True
2050,P0040,Shanxi,ammonia,0.0,0.0,0.0,0.0,0.0,True
2050,P0041,Hebei,unabated,0.0,0.0,0.0,0.0,0.0,True
2050,P0041,Hebei,retire,0.0,0.0,0.0,0.0,0.0,True
2050,P0041,Hebei,ccs,0.0,0.0,0.0,0.0,0.0,True
2050,P0041,Hebei,biomass,1.0,17330339.0,14.21087798,14.21087798,0.0,True
2050,P0041,Hebei,beccs,0.0,0.0,0.0,0.0,0.0,True
2050,P0041,Hebei,ammonia,0.0,0.0,0.0,0.0,0.0,True
2050,P0042,Shandong,unabated,0.0,0.0,0.0,0.0,0.0,True
2050,P0042,Shandong,retire,0.2321922868749151,6399719.104074016,5.247769665340693,5.247769665340693,0.0,True
2050,P0042,Shandong,ccs,0.0,0.0,0.0,0.0,0.0,True
2050,P0042,Shandong,biomass,0.7678077131250849,21162432.895925988,17.353194974659306,17.353194974659306,0.0,True
2050,P0042,Shandong,beccs,0.0,0.0,0.0,0.0,0.0,True
2050,P0042,Shandong,ammonia,0.0,0.0,0.0,0.0,0.0,True
2050,P0043,Anhui,unabated,0.0,0.0,0.0,0.0,0.0,True
2050,P0043,Anhui,retire,0.0,0.0,0.0,0.0,0.0,True
2050,P0043,Anhui,ccs,0.0,0.0,0.0,0.0,0.0,True
2050,P0043,Anhui,biomass,1.0,71657610.0,58.759240199999994,58.759240199999994,0.0,True
2050,P0043,Anhui,beccs,0.0,0.0,0.0,0.0,0.0,True
2050,P0043,Anhui,ammonia,0.0,0.0,0.0,0.0,0.0,True
2050,P0044,Heilongjiang,unabated,0.0,0.0,0.0,0.0,0.0,True
2050,P0044,Heilongjiang,retire,0.0,0.0,0.0,0.0,0.0,True
2050,P0044,Heilongjiang,ccs,0.0,0.0,0.0,0.0,0.0,True
2050,P0044,Heilongjiang,biomass,0.0,0.0,0.0,0.0,0.0,True
2050,P0044,Heilongjiang,beccs,1.0,10278967.500000002,8.428753350000001,16.014631365,8.142175736099999,True
2050,P0044,Heilongjiang,ammonia,0.0,0.0,0.0,0.0,0.0,True
2050,P0045,Henan,unabated,0.0,0.0,0.0,0.0,0.0,True
2050,P0045,Henan,retire,1.0,50070436.0,41.057757519999996,41.057757519999996,0.0,True
2050,P0045,Henan,ccs,0.0,0.0,0.0,0.0,0.0,True
2050,P0045,Henan,biomass,0.0,0.0,0.0,0.0,0.0,True
2050,P0045,Henan,beccs,0.0,0.0,0.0,0.0,0.0,True
2050,P0045,Henan,ammonia,0.0,0.0,0.0,0.0,0.0,True
2050,P0046,Zhejiang,unabated,0.0,0.0,0.0,0.0,0.0,True
2050,P0046,Zhejiang,retire,1.0,102230348.64,83.8288858848,83.8288858848,0.0,True
2050,P0046,Zhejiang,ccs,0.0,0.0,0.0,0.0,0.0,True
2050,P0046,Zhejiang,biomass,0.0,0.0,0.0,0.0,0.0,True
2050,P0046,Zhejiang,beccs,0.0,0.0,0.0,0.0,0.0,True
2050,P0046,Zhejiang,ammonia,0.0,0.0,0.0,0.0,0.0,True
2050,P0047,Liaoning,unabated,0.0,0.0,0.0,0.0,0.0,True
2050,P0047,Liaoning,retire,0.0,0.0,0.0,0.0,0.0,True
2050,P0047,Liaoning,ccs,0.0,0.0,0.0,0.0,0.0,True
2050,P0047,Liaoning,biomass,1.0,10170295.999999998,8.339642719999999,8.339642719999999,0.0,True
2050,P0047,Liaoning,beccs,0.0,0.0,0.0,0.0,0.0,True
2050,P0047,Liaoning,ammonia,0.0,0.0,0.0,0.0,0.0,True
2050,P0048,Shanxi,unabated,0.0,0.0,0.0,0.0,0.0,True
2050,P0048,Shanxi,retire,0.0,0.0,0.0,0.0,0.0,True
2050,P0048,Shanxi,ccs,0.0,0.0,0.0,0.0,0.0,True
2050,P0048,Shanxi,biomass,0.0,0.0,0.0,0.0,0.0,True
2050,P0048,Shanxi,beccs,1.0,6481300.0,5.314666,10.0978654,5.500679310000012,True
2050,P0048,Shanxi,ammonia,0.0,0.0,0.0,0.0,0.0,True
2050,P0049,Xinjiang,unabated,0.0,0.0,0.0,0.0,0.0,True
2050,P0049,Xinjiang,retire,0.0,0.0,0.0,0.0,0.0,True
2050,P0049,Xinjiang,ccs,1.0,7182431.999999999,5.889594239999999,5.300634816,6.095730038399999,True
2050,P0049,Xinjiang,biomass,0.0,0.0,0.0,0.0,0.0,True
2050,P0049,Xinjiang,beccs,0.0,0.0,0.0,0.0,0.0,True
2050,P0049,Xinjiang,ammonia,0.0,0.0,0.0,0.0,0.0,True
2050,P0050,Henan,unabated,0.0,0.0,0.0,0.0,0.0,True
2050,P0050,Henan,retire,0.0,0.0,0.0,0.0,0.0,True
2050,P0050,Henan,ccs,0.0,0.0,0.0,0.0,0.0,True
2050,P0050,Henan,biomass,1.0,7055216.0,5.78527712,5.78527712,0.0,True
2050,P0050,Henan,beccs,0.0,0.0,0.0,0.0,0.0,True
2050,P0050,Henan,ammonia,0.0,0.0,0.0,0.0,0.0,True
2050,P0051,Hebei,unabated,0.0,0.0,0.0,0.0,0.0,True
2050,P0051,Hebei,retire,1.0,36442718.0,29.88302876,29.88302876,0.0,True
2050,P0051,Hebei,ccs,0.0,0.0,0.0,0.0,0.0,True
2050,P0051,Hebei,biomass,0.0,0.0,0.0,0.0,0.0,True
2050,P0051,Hebei,beccs,0.0,0.0,0.0,0.0,0.0,True
2050,P0051,Hebei,ammonia,0.0,0.0,0.0,0.0,0.0,True
2050,P0052,Jiangsu,unabated,0.0,0.0,0.0,0.0,0.0,True
2050,P0052,Jiangsu,retire,1.0,137274235.0,112.5648727,112.5648727,0.0,True
2050,P0052,Jiangsu,ccs,0.0,0.0,0.0,0.0,0.0,True
2050,P0052,Jiangsu,biomass,0.0,0.0,0.0,0.0,0.0,True
2050,P0052,Jiangsu,beccs,0.0,0.0,0.0,0.0,0.0,True
2050,P0052,Jiangsu,ammonia,0.0,0.0,0.0,0.0,0.0,True
2050,P0053,Heilongjiang,unabated,0.0,0.0,0.0,0.0,0.0,True
2050,P0053,Heilongjiang,retire,0.0,0.0,0.0,0.0,0.0,True
2050,P0053,Heilongjiang,ccs,0.0,0.0,0.0,0.0,0.0,True
2050,P0053,Heilongjiang,biomass,0.0,0.0,0.0,0.0,0.0,True
2050,P0053,Heilongjiang,beccs,1.0,9739800.000000002,7.986636000000001,15.1746084,7.715090376,True
2050,P0053,Heilongjiang,ammonia,0.0,0.0,0.0,0.0,0.0,True
2050,P0054,Hebei,unabated,0.0,0.0,0.0,0.0,0.0,True
2050,P0054,Hebei,retire,0.04512653368797048,888611.0334310856,0.7286610474134902,0.7286610474134902,0.0,True
2050,P0054,Hebei,ccs,0.0,0.0,0.0,0.0,0.0,True
2050,P0054,Hebei,biomass,0.9548734663120295,18802930.966568913,15.41840339258651,15.41840339258651,0.0,True
2050,P0054,Hebei,beccs,0.0,0.0,0.0,0.0,0.0,True
2050,P0054,Hebei,ammonia,0.0,0.0,0.0,0.0,0.0,True
2050,P0055,Shanxi,unabated,0.0,0.0,0.0,0.0,0.0,True
2050,P0055,Shanxi,retire,1.0,17129150.0,14.045903,14.045903,0.0,True
2050,P0055,Shanxi,ccs,0.0,0.0,0.0,0.0,0.0,True
2050,P0055,Shanxi,biomass,0.0,0.0,0.0,0.0,0.0,True
2050,P0055,Shanxi,beccs,0.0,0.0,0.0,0.0,0.0,True
2050,P0055,Shanxi,ammonia,0.0,0.0,0.0,0.0,0.0,True
2050,P0056,Jiangxi,unabated,0.0,0.0,0.0,0.0,0.0,True
2050,P0056,Jiangxi,retire,0.0,0.0,0.0,0.0,0.0,True
2050,P0056,Jiangxi,ccs,0.0,0.0,0.0,0.0,0.0,True
2050,P0056,Jiangxi,biomass,0.18470336588272607,3539087.8950365707,2.9020520739299878,2.9020520739299878,0.0,True
2050,P0056,Jiangxi,beccs,0.8152966341172739,15621840.10496343,12.809908886070012,24.33882688353302,13.258255697082463,True
2050,P0056,Jiangxi,ammonia,0.0,0.0,0.0,0.0,0.0,True
2050,P0057,Gansu,unabated,0.0,0.0,0.0,0.0,0.0,True
2050,P0057,Gansu,retire,0.0,0.0,0.0,0.0,0.0,True
2050,P0057,Gansu,ccs,0.0,0.0,0.0,0.0,0.0,True
2050,P0057,Gansu,biomass,1.0,12233632.0,10.03157824,10.03157824,0.0,True
2050,P0057,Gansu,beccs,0.0,0.0,0.0,0.0,0.0,True
2050,P0057,Gansu,ammonia,0.0,0.0,0.0,0.0,0.0,True
2050,P0058,Jiangsu,unabated,0.0,0.0,0.0,0.0,0.0,True
2050,P0058,Jiangsu,retire,0.0,0.0,0.0,0.0,0.0,True
2050,P0058,Jiangsu,ccs,0.0,0.0,0.0,0.0,0.0,True
2050,P0058,Jiangsu,biomass,0.0,0.0,0.0,0.0,0.0,True
2050,P0058,Jiangsu,beccs,1.0,22644982.500000004,18.568885650000002,35.280882735000006,19.21879664775,True
2050,P0058,Jiangsu,ammonia,0.0,0.0,0.0,0.0,0.0,True
2050,P0059,Inner Mongolia,unabated,1.0,104755830.0,85.8997806,0.0,0.0,True
2050,P0059,Inner Mongolia,retire,0.0,0.0,0.0,0.0,0.0,True
2050,P0059,Inner Mongolia,ccs,0.0,0.0,0.0,0.0,0.0,True
2050,P0059,Inner Mongolia,biomass,0.0,0.0,0.0,0.0,0.0,True
2050,P0059,Inner Mongolia,beccs,0.0,0.0,0.0,0.0,0.0,True
2050,P0059,Inner Mongolia,ammonia,0.0,0.0,0.0,0.0,0.0,True
2050,P0060,Shandong,unabated,0.0,0.0,0.0,0.0,0.0,True
2050,P0060,Shandong,retire,0.4718390684506041,10210492.787365692,8.372604085639868,8.372604085639868,0.0,True
2050,P0060,Shandong,ccs,0.0,0.0,0.0,0.0,0.0,True
2050,P0060,Shandong,biomass,0.5281609315493959,11429285.412634311,9.372014038360135,9.372014038360135,0.0,True
2050,P0060,Shandong,beccs,0.0,0.0,0.0,0.0,0.0,True
2050,P0060,Shandong,ammonia,0.0,0.0,0.0,0.0,0.0,True
2050,P0061,Shandong,unabated,0.0,0.0,0.0,0.0,0.0,True
2050,P0061,Shandong,retire,0.0,0.0,0.0,0.0,0.0,True
2050,P0061,Shandong,ccs,0.0,0.0,0.0,0.0,0.0,True
2050,P0061,Shandong,biomass,0.0019692839916825022,33665.918111216124,0.02760605285119722,0.02760605285119722,0.0,True
2050,P0061,Shandong,beccs,0.9980307160083175,17061846.081888787,13.990713787148804,26.58235619558273,14.480388769699012,True
2050,P0061,Shandong,ammonia,0.0,0.0,0.0,0.0,0.0,True
2050,P0062,Xinjiang,unabated,0.0,0.0,0.0,0.0,0.0,True
2050,P0062,Xinjiang,retire,0.0,0.0,0.0,0.0,0.0,True
2050,P0062,Xinjiang,ccs,0.35617181770858286,1824584.1655720908,1.4961590157691143,1.346543114192203,1.5485245813210335,True
2050,P0062,Xinjiang,biomass,0.0,0.0,0.0,0.0,0.0,True
2050,P0062,Xinjiang,beccs,0.6438281822914171,3298179.8344279095,2.7045074642308853,5.138564182038682,2.7991652254789665,True
2050,P0062,Xinjiang,ammonia,0.0,0.0,0.0,0.0,0.0,True
2050,P0063,Ningxia,unabated,0.23687249350432082,2072346.2812107059,1.6993239505927789,0.0,0.0,True
2050,P0063,Ningxia,retire,0.0,0.0,0.0,0.0,0.0,True
2050,P0063,Ningxia,ccs,0.0,0.0,0.0,0.0,0.0,True
2050,P0063,Ningxia,biomass,0.0,0.0,0.0,0.0,0.0,True
2050,P0063,Ningxia,beccs,0.7631275064956792,6676437.718789294,5.474678929407221,10.40188996587372,5.666292691936473,True
2050,P0063,Ningxia,ammonia,0.0,0.0,0.0,0.0,0.0,True
2050,P0064,Shandong,unabated,0.0,0.0,0.0,0.0,0.0,True
2050,P0064,Shandong,retire,1.0,18229398.000000004,14.94810636,14.94810636,0.0,True
2050,P0064,Shandong,ccs,0.0,0.0,0.0,0.0,0.0,True
2050,P0064,Shandong,biomass,0.0,0.0,0.0,0.0,0.0,True
2050,P0064,Shandong,beccs,0.0,0.0,0.0,0.0,0.0,True
2050,P0064,Shandong,ammonia,0.0,0.0,0.0,0.0,0.0,True
2050,P0065,Xinjiang,unabated,0.6366904180653388,11348401.846117498,9.305689513816349,0.0,0.0,True
2050,P0065,Xinjiang,retire,0.0,0.0,0.0,0.0,0.0,True
2050,P0065,Xinjiang,ccs,0.3633095819346613,6475648.153882498,5.310031486183648,4.779028337565284,5.495882588200075,True
2050,P0065,Xinjiang,biomass,0.0,0.0,0.0,0.0,0.0,True
2050,P0065,Xinjiang,beccs,0.0,0.0,0.0,0.0,0.0,True
2050,P0065,Xinjiang,ammonia,0.0,0.0,0.0,0.0,0.0,True
2050,P0066,Fujian,unabated,0.0,0.0,0.0,0.0,0.0,True
2050,P0066,Fujian,retire,1.0,45243841.199999996,37.099949783999996,37.099949783999996,0.0,True
2050,P0066,Fujian,ccs,0.0,0.0,0.0,0.0,0.0,True
2050,P0066,Fujian,biomass,0.0,0.0,0.0,0.0,0.0,True
2050,P0066,Fujian,beccs,0.0,0.0,0.0,0.0,0.0,True
2050,P0066,Fujian,ammonia,0.0,0.0,0.0,0.0,0.0,True
2050,P0067,Hebei,unabated,0.1274268318892655,4359930.460798977,3.575142977855161,0.0,0.0,True
2050,P0067,Hebei,retire,0.09808268803950537,3355915.649163267,2.751850832313879,2.751850832313879,0.0,True
2050,P0067,Hebei,ccs,0.0,0.0,0.0,0.0,0.0,True
2050,P0067,Hebei,biomass,0.0,0.0,0.0,0.0,0.0,True
2050,P0067,Hebei,beccs,0.7744904800712291,26499321.890037756,21.72944394983096,41.28594350467882,22.489974488075042,True
2050,P0067,Hebei,ammonia,0.0,0.0,0.0,0.0,0.0,True
2050,P0068,Zhejiang,unabated,0.0,0.0,0.0,0.0,0.0,True
2050,P0068,Zhejiang,retire,0.0,0.0,0.0,0.0,0.0,True
2050,P0068,Zhejiang,ccs,0.11253558618554471,2519704.241210961,2.066157477792988,1.8595417300136892,2.138472989515742,True
2050,P0068,Zhejiang,biomass,0.0,0.0,0.0,0.0,0.0,True
2050,P0068,Zhejiang,beccs,0.8874644138144553,19870584.25878904,16.293879092207014,30.958370275193328,16.864164860434258,True
2050,P0068,Zhejiang,ammonia,0.0,0.0,0.0,0.0,0.0,True
2050,P0069,Shaanxi,unabated,0.0,0.0,0.0,0.0,0.0,True
2050,P0069,Shaanxi,retire,0.0,0.0,0.0,0.0,0.0,True
2050,P0069,Shaanxi,ccs,0.0,0.0,0.0,0.0,0.0,True
2050,P0069,Shaanxi,biomass,0.0,0.0,0.0,0.0,0.0,True
2050,P0069,Shaanxi,beccs,1.0,18152000.0,14.88464,28.280815999999998,15.405602399999998,True
2050,P0069,Shaanxi,ammonia,0.0,0.0,0.0,0.0,0.0,True
2050,P0070,Shandong,unabated,0.0,0.0,0.0,0.0,0.0,True
2050,P0070,Shandong,retire,0.0,0.0,0.0,0.0,0.0,True
2050,P0070,Shandong,ccs,0.0,0.0,0.0,0.0,0.0,True
2050,P0070,Shandong,biomass,1.0,25817712.000000004,21.170523840000005,21.170523840000005,0.0,True
2050,P0070,Shandong,beccs,0.0,0.0,0.0,0.0,0.0,True
2050,P0070,Shandong,ammonia,0.0,0.0,0.0,0.0,0.0,True
2050,P0071,Guizhou,unabated,0.0,0.0,0.0,0.0,0.0,True
2050,P0071,Guizhou,retire,1.0,23735500.0,19.46311,19.46311,0.0,True
2050,P0071,Guizhou,ccs,0.0,0.0,0.0,0.0,0.0,True
2050,P0071,Guizhou,biomass,0.0,0.0,0.0,0.0,0.0,True
2050,P0071,Guizhou,beccs,0.0,0.0,0.0,0.0,0.0,True
2050,P0071,Guizhou,ammonia,0.0,0.0,0.0,0.0,0.0,True
2050,P0072,Heilongjiang,unabated,0.0,0.0,0.0,0.0,0.0,True
2050,P0072,Heilongjiang,retire,0.0,0.0,0.0,0.0,0.0,True
2050,P0072,Heilongjiang,ccs,0.0,0.0,0.0,0.0,0.0,True
2050,P0072,Heilongjiang,biomass,0.12897974326982253,717849.6591425242,0.58863672049687,0.58863672049687,0.0,True
2050,P0072,Heilongjiang,beccs,0.8710202567301775,4847750.340857476,3.9751552795031304,7.552795031055947,3.840000000000023,True
2050,P0072,Heilongjiang,ammonia,0.0,0.0,0.0,0.0,0.0,True
2050,P0073,Liaoning,unabated,0.0,0.0,0.0,0.0,0.0,True
2050,P0073,Liaoning,retire,0.0,0.0,0.0,0.0,0.0,True
2050,P0073,Liaoning,ccs,0.0,0.0,0.0,0.0,0.0,True
2050,P0073,Liaoning,biomass,1.0,6340931.499999999,5.199563829999999,5.199563829999999,0.0,True
2050,P0073,Liaoning,beccs,0.0,0.0,0.0,0.0,0.0,True
2050,P0073,Liaoning,ammonia,0.0,0.0,0.0,0.0,0.0,True
2050,P0074,Shaanxi,unabated,0.0,0.0,0.0,0.0,0.0,True
2050,P0074,Shaanxi,retire,1.0,36893940.0,30.253030799999998,30.253030799999998,0.0,True
2050,P0074,Shaanxi,ccs,0.0,0.0,0.0,0.0,0.0,True
2050,P0074,Shaanxi,biomass,0.0,0.0,0.0,0.0,0.0,True
2050,P0074,Shaanxi,beccs,0.0,0.0,0.0,0.0,0.0,True
2050,P0074,Shaanxi,ammonia,0.0,0.0,0.0,0.0,0.0,True
2050,P0075,Henan,unabated,0.0,0.0,0.0,0.0,0.0,True
2050,P0075,Henan,retire,0.0,0.0,0.0,0.0,0.0,True
2050,P0075,Henan,ccs,0.0,0.0,0.0,0.0,0.0,True
2050,P0075,Henan,biomass,1.0,7127208.0,5.844310559999999,5.844310559999999,0.0,True
2050,P0075,Henan,beccs,0.0,0.0,0.0,0.0,0.0,True
2050,P0075,Henan,ammonia,0.0,0.0,0.0,0.0,0.0,True
2050,P0076,Guangxi,unabated,0.0,0.0,0.0,0.0,0.0,True
2050,P0076,Guangxi,retire,0.0,0.0,0.0,0.0,0.0,True
2050,P0076,Guangxi,ccs,0.0,0.0,0.0,0.0,0.0,True
2050,P0076,Guangxi,biomass,1.0,13593944.000000002,11.147034080000001,11.147034080000001,0.0,True
2050,P0076,Guangxi,beccs,0.0,0.0,0.0,0.0,0.0,True
2050,P0076,Guangxi,ammonia,0.0,0.0,0.0,0.0,0.0,True
2050,P0077,Xinjiang,unabated,0.07102856063437157,2933407.389181941,2.4053940591291916,0.0,0.0,True
2050,P0077,Xinjiang,retire,0.0,0.0,0.0,0.0,0.0,True
2050,P0077,Xinjiang,ccs,0.9289714393656284,38365576.61081805,31.459772820870803,28.313795538783722,32.56086486960128,True
2050,P0077,Xinjiang,biomass,0.0,0.0,0.0,0.0,0.0,True
2050,P0077,Xinjiang,beccs,0.0,0.0,0.0,0.0,0.0,True
2050,P0077,Xinjiang,ammonia,0.0,0.0,0.0,0.0,0.0,True
2050,P0078,Heilongjiang,unabated,0.0,0.0,0.0,0.0,0.0,True
2050,P0078,Heilongjiang,retire,0.0,0.0,0.0,0.0,0.0,True
2050,P0078,Heilongjiang,ccs,0.0,0.0,0.0,0.0,0.0,True
2050,P0078,Heilongjiang,biomass,0.0,0.0,0.0,0.0,0.0,True
2050,P0078,Heilongjiang,beccs,1.0,18122985.0,14.860847699999999,28.235610629999996,14.355578878199998,True
2050,P0078,Heilongjiang,ammonia,0.0,0.0,0.0,0.0,0.0,True
2050,P0079,Guangxi,unabated,0.0,0.0,0.0,0.0,0.0,True
2050,P0079,Guangxi,retire,0.3641348541818499,15477554.890078362,12.691595009864256,12.691595009864256,0.0,True
2050,P0079,Guangxi,ccs,0.0,0.0,0.0,0.0,0.0,True
2050,P0079,Guangxi,biomass,0.0,0.0,0.0,0.0,0.0,True
2050,P0079,Guangxi,beccs,0.6358651458181501,27027453.109921638,22.16251155013574,42.10877194525791,22.938199454390496,True
2050,P0079,Guangxi,ammonia,0.0,0.0,0.0,0.0,0.0,True
2050,P0080,Shandong,unabated,0.0,0.0,0.0,0.0,0.0,True
2050,P0080,Shandong,retire,0.00763795265893541,164883.88293737193,0.135204784008645,0.135204784008645,0.0,True
2050,P0080,Shandong,ccs,0.0,0.0,0.0,0.0,0.0,True
2050,P0080,Shandong,biomass,0.9923620473410646,21422561.117062632,17.566500115991357,17.566500115991357,0.0,True
2050,P0080,Shandong,beccs,0.0,0.0,0.0,0.0,0.0,True
2050,P0080,Shandong,ammonia,0.0,0.0,0.0,0.0,0.0,True
2050,P0081,Gansu,unabated,0.0,0.0,0.0,0.0,0.0,True
2050,P0081,Gansu,retire,1.0,8798160.0,7.214491199999999,7.214491199999999,0.0,True
2050,P0081,Gansu,ccs,0.0,0.0,0.0,0.0,0.0,True
2050,P0081,Gansu,biomass,0.0,0.0,0.0,0.0,0.0,True
2050,P0081,Gansu,beccs,0.0,0.0,0.0,0.0,0.0,True
2050,P0081,Gansu,ammonia,0.0,0.0,0.0,0.0,0.0,True
2050,P0082,Liaoning,unabated,0.0,0.0,0.0,0.0,0.0,True
2050,P0082,Liaoning,retire,0.0,0.0,0.0,0.0,0.0,True
2050,P0082,Liaoning,ccs,0.0,0.0,0.0,0.0,0.0,True
2050,P0082,Liaoning,biomass,1.0,7751749.999999999,6.356434999999999,6.356434999999999,0.0,True
2050,P0082,Liaoning,beccs,0.0,0.0,0.0,0.0,0.0,True
2050,P0082,Liaoning,ammonia,0.0,0.0,0.0,0.0,0.0,True
2050,P0083,Shaanxi,unabated,1.0,58041020.0,47.5936364,0.0,0.0,True
2050,P0083,Shaanxi,retire,0.0,0.0,0.0,0.0,0.0,True
2050,P0083,Shaanxi,ccs,0.0,0.0,0.0,0.0,0.0,True
2050,P0083,Shaanxi,biomass,0.0,0.0,0.0,0.0,0.0,True
2050,P0083,Shaanxi,beccs,0.0,0.0,0.0,0.0,0.0,True
2050,P0083,Shaanxi,ammonia,0.0,0.0,0.0,0.0,0.0,True
2050,P0084,Shaanxi,unabated,0.0,0.0,0.0,0.0,0.0,True
2050,P0084,Shaanxi,retire,1.0,12207220.0,10.009920399999999,10.009920399999999,0.0,True
2050,P0084,Shaanxi,ccs,0.0,0.0,0.0,0.0,0.0,True
2050,P0084,Shaanxi,biomass,0.0,0.0,0.0,0.0,0.0,True
2050,P0084,Shaanxi,beccs,0.0,0.0,0.0,0.0,0.0,True
2050,P0084,Shaanxi,ammonia,0.0,0.0,0.0,0.0,0.0,True
2050,P0085,Jiangsu,unabated,0.0,0.0,0.0,0.0,0.0,True
2050,P0085,Jiangsu,retire,1.0,50405775.00000001,41.3327355,41.3327355,0.0,True
2050,P0085,Jiangsu,ccs,0.0,0.0,0.0,0.0,0.0,True
2050,P0085,Jiangsu,biomass,0.0,0.0,0.0,0.0,0.0,True
2050,P0085,Jiangsu,beccs,0.0,0.0,0.0,0.0,0.0,True
2050,P0085,Jiangsu,ammonia,0.0,0.0,0.0,0.0,0.0,True
2050,P0086,Shaanxi,unabated,0.0,0.0,0.0,0.0,0.0,True
2050,P0086,Shaanxi,retire,1.0,42929480.0,35.2021736,35.2021736,0.0,True
2050,P0086,Shaanxi,ccs,0.0,0.0,0.0,0.0,0.0,True
2050,P0086,Shaanxi,biomass,0.0,0.0,0.0,0.0,0.0,True
2050,P0086,Shaanxi,beccs,0.0,0.0,0.0,0.0,0.0,True
2050,P0086,Shaanxi,ammonia,0.0,0.0,0.0,0.0,0.0,True
2050,P0087,Hebei,unabated,0.0,0.0,0.0,0.0,0.0,True
2050,P0087,Hebei,retire,0.0,0.0,0.0,0.0,0.0,True
2050,P0087,Hebei,ccs,0.0,0.0,0.0,0.0,0.0,True
2050,P0087,Hebei,biomass,1.0,13588055.000000002,11.142205100000002,11.142205100000002,0.0,True
2050,P0087,Hebei,beccs,0.0,0.0,0.0,0.0,0.0,True
2050,P0087,Hebei,ammonia,0.0,0.0,0.0,0.0,0.0,True
2050,P0088,Zhejiang,unabated,0.0,0.0,0.0,0.0,0.0,True
2050,P0088,Zhejiang,retire,0.0,0.0,0.0,0.0,0.0,True
2050,P0088,Zhejiang,ccs,0.0,0.0,0.0,0.0,0.0,True
2050,P0088,Zhejiang,biomass,0.0,0.0,0.0,0.0,0.0,True
2050,P0088,Zhejiang,beccs,1.0,15775605.0,12.935996099999999,24.578392589999996,12.496172232599998,True
2050,P0088,Zhejiang,ammonia,0.0,0.0,0.0,0.0,0.0,True
2050,P0089,Ningxia,unabated,0.8758015316706892,115150652.50352937,94.42353505289408,0.0,0.0,True
2050,P0089,Ningxia,retire,0.0,0.0,0.0,0.0,0.0,True
2050,P0089,Ningxia,ccs,0.12419846832931081,16329652.496470625,13.390315047105913,12.051283542395321,13.858976073754617,True
2050,P0089,Ningxia,biomass,0.0,0.0,0.0,0.0,0.0,True
2050,P0089,Ningxia,beccs,0.0,0.0,0.0,0.0,0.0,True
2050,P0089,Ningxia,ammonia,0.0,0.0,0.0,0.0,0.0,True
2050,P0090,Guangdong,unabated,0.0,0.0,0.0,0.0,0.0,True
2050,P0090,Guangdong,retire,1.0,34962181.2,28.668988584,28.668988584,0.0,True
2050,P0090,Guangdong,ccs,0.0,0.0,0.0,0.0,0.0,True
2050,P0090,Guangdong,biomass,0.0,0.0,0.0,0.0,0.0,True
2050,P0090,Guangdong,beccs,0.0,0.0,0.0,0.0,0.0,True
2050,P0090,Guangdong,ammonia,0.0,0.0,0.0,0.0,0.0,True
2050,P0091,Guangdong,unabated,0.0,0.0,0.0,0.0,0.0,True
2050,P0091,Guangdong,retire,0.0,0.0,0.0,0.0,0.0,True
2050,P0091,Guangdong,ccs,0.0,0.0,0.0,0.0,0.0,True
2050,P0091,Guangdong,biomass,0.0,0.0,0.0,0.0,0.0,True
2050,P0091,Guangdong,beccs,1.0,35657946.0,29.23951572,55.555079868,30.262898770199996,True
2050,P0091,Guangdong,ammonia,0.0,0.0,0.0,0.0,0.0,True
2050,P0092,Jiangxi,unabated,0.0,0.0,0.0,0.0,0.0,True
2050,P0092,Jiangxi,retire,0.0,0.0,0.0,0.0,0.0,True
2050,P0092,Jiangxi,ccs,0.0,0.0,0.0,0.0,0.0,True
2050,P0092,Jiangxi,biomass,1.0,36462960.0,29.899627199999998,29.899627199999998,0.0,True
2050,P0092,Jiangxi,beccs,0.0,0.0,0.0,0.0,0.0,True
2050,P0092,Jiangxi,ammonia,0.0,0.0,0.0,0.0,0.0,True
2050,P0093,Hunan,unabated,0.0,0.0,0.0,0.0,0.0,True
2050,P0093,Hunan,retire,1.0,18069412.5,14.81691825,14.81691825,0.0,True
2050,P0093,Hunan,ccs,0.0,0.0,0.0,0.0,0.0,True
2050,P0093,Hunan,biomass,0.0,0.0,0.0,0.0,0.0,True
2050,P0093,Hunan,beccs,0.0,0.0,0.0,0.0,0.0,True
2050,P0093,Hunan,ammonia,0.0,0.0,0.0,0.0,0.0,True
2050,P0094,Fujian,unabated,0.0,0.0,0.0,0.0,0.0,True
2050,P0094,Fujian,retire,0.0,0.0,0.0,0.0,0.0,True
2050,P0094,Fujian,ccs,0.0,0.0,0.0,0.0,0.0,True
2050,P0094,Fujian,biomass,0.0,0.0,0.0,0.0,0.0,True
2050,P0094,Fujian,beccs,1.0,6459012.0,5.29638984,10.063140696,5.481763484399999,True
2050,P0094,Fujian,ammonia,0.0,0.0,0.0,0.0,0.0,True
2050,P0095,Anhui,unabated,0.0,0.0,0.0,0.0,0.0,True
2050,P0095,Anhui,retire,0.0,0.0,0.0,0.0,0.0,True
2050,P0095,Anhui,ccs,0.0,0.0,0.0,0.0,0.0,True
2050,P0095,Anhui,biomass,1.0,16313541.000000002,13.377103620000002,13.377103620000002,0.0,True
2050,P0095,Anhui,beccs,0.0,0.0,0.0,0.0,0.0,True
2050,P0095,Anhui,ammonia,0.0,0.0,0.0,0.0,0.0,True
2050,P0096,Guangdong,unabated,0.0,0.0,0.0,0.0,0.0,True
2050,P0096,Guangdong,retire,0.0,0.0,0.0,0.0,0.0,True
2050,P0096,Guangdong,ccs,0.0,0.0,0.0,0.0,0.0,True
2050,P0096,Guangdong,biomass,0.24187149978623926,5457597.954165194,4.4752303224154595,4.4752303224154595,0.0,True
2050,P0096,Guangdong,beccs,0.7581285002137608,17106441.045834806,14.027281657584542,26.65183514941063,14.518236515600002,True
2050,P0096,Guangdong,ammonia,0.0,0.0,0.0,0.0,0.0,True
2050,P0097,Gansu,unabated,0.0,0.0,0.0,0.0,0.0,True
2050,P0097,Gansu,retire,0.34501755067997675,3064429.324297121,2.512832045923639,2.512832045923639,0.0,True
2050,P0097,Gansu,ccs,0.0,0.0,0.0,0.0,0.0,True
2050,P0097,Gansu,biomass,0.6549824493200233,5817522.675702879,4.770368594076361,4.770368594076361,0.0,True
2050,P0097,Gansu,beccs,0.0,0.0,0.0,0.0,0.0,True
2050,P0097,Gansu,ammonia,0.0,0.0,0.0,0.0,0.0,True
2050,P0098,Xinjiang,unabated,0.3609610921233951,46552034.51561305,38.1726683028027,0.0,0.0,True
2050,P0098,Xinjiang,retire,0.0,0.0,0.0,0.0,0.0,True
2050,P0098,Xinjiang,ccs,0.6390389078766049,82414869.48438694,67.58019297719729,60.82217367947756,69.9454997313992,True
2050,P0098,Xinjiang,biomass,0.0,0.0,0.0,0.0,0.0,True
2050,P0098,Xinjiang,beccs,0.0,0.0,0.0,0.0,0.0,True
2050,P0098,Xinjiang,ammonia,0.0,0.0,0.0,0.0,0.0,True
2050,P0099,Sichuan,unabated,0.0,0.0,0.0,0.0,0.0,True
2050,P0099,Sichuan,retire,0.0,0.0,0.0,0.0,0.0,True
2050,P0099,Sichuan,ccs,0.0,0.0,0.0,0.0,0.0,True
2050,P0099,Sichuan,biomass,0.0,0.0,0.0,0.0,0.0,True
2050,P0099,Sichuan,beccs,1.0,4996399.999999999,4.097047999999999,7.784391199999998,3.9577483679999976,True
2050,P0099,Sichuan,ammonia,0.0,0.0,0.0,0.0,0.0,True
2050,P0100,Jiangxi,unabated,0.0,0.0,0.0,0.0,0.0,True
2050,P0100,Jiangxi,retire,0.0,0.0,0.0,0.0,0.0,True
2050,P0100,Jiangxi,ccs,0.0,0.0,0.0,0.0,0.0,True
2050,P0100,Jiangxi,biomass,1.0,15157152.0,12.428864639999999,12.428864639999999,0.0,True
2050,P0100,Jiangxi,beccs,0.0,0.0,0.0,0.0,0.0,True
2050,P0100,Jiangxi,ammonia,0.0,0.0,0.0,0.0,0.0,True
2050,P0101,Qinghai,unabated,0.0,0.0,0.0,0.0,0.0,True
2050,P0101,Qinghai,retire,1.0,19952390.0,16.3609598,16.3609598,0.0,True
2050,P0101,Qinghai,ccs,0.0,0.0,0.0,0.0,0.0,True
2050,P0101,Qinghai,biomass,0.0,0.0,0.0,0.0,0.0,True
2050,P0101,Qinghai,beccs,0.0,0.0,0.0,0.0,0.0,True
2050,P0101,Qinghai,ammonia,0.0,0.0,0.0,0.0,0.0,True
2050,P0102,Hunan,unabated,0.0,0.0,0.0,0.0,0.0,True
2050,P0102,Hunan,retire,0.0,0.0,0.0,0.0,0.0,True
2050,P0102,Hunan,ccs,0.0,0.0,0.0,0.0,0.0,True
2050,P0102,Hunan,biomass,1.0,9845388.0,8.07321816,8.07321816,0.0,True
2050,P0102,Hunan,beccs,0.0,0.0,0.0,0.0,0.0,True
2050,P0102,Hunan,ammonia,0.0,0.0,0.0,0.0,0.0,True
2050,P0103,Inner Mongolia,unabated,1.0,19119700.0,15.678153999999997,0.0,0.0,True
2050,P0103,Inner Mongolia,retire,0.0,0.0,0.0,0.0,0.0,True
2050,P0103,Inner Mongolia,ccs,0.0,0.0,0.0,0.0,0.0,True
2050,P0103,Inner Mongolia,biomass,0.0,0.0,0.0,0.0,0.0,True
2050,P0103,Inner Mongolia,beccs,0.0,0.0,0.0,0.0,0.0,True
2050,P0103,Inner Mongolia,ammonia,0.0,0.0,0.0,0.0,0.0,True
2050,P0104,Inner Mongolia,unabated,1.0,22843010.0,18.7312682,0.0,0.0,True
2050,P0104,Inner Mongolia,retire,0.0,0.0,0.0,0.0,0.0,True
2050,P0104,Inner Mongolia,ccs,0.0,0.0,0.0,0.0,0.0,True
2050,P0104,Inner Mongolia,biomass,0.0,0.0,0.0,0.0,0.0,True
2050,P0104,Inner Mongolia,beccs,0.0,0.0,0.0,0.0,0.0,True
2050,P0104,Inner Mongolia,ammonia,0.0,0.0,0.0,0.0,0.0,True
2050,P0105,Liaoning,unabated,0.0,0.0,0.0,0.0,0.0,True
2050,P0105,Liaoning,retire,0.0,0.0,0.0,0.0,0.0,True
2050,P0105,Liaoning,ccs,0.0,0.0,0.0,0.0,0.0,True
2050,P0105,Liaoning,biomass,0.15042955242702627,606367.9871736245,0.497221749482372,0.497221749482372,0.0,True
2050,P0105,Liaoning,beccs,0.8495704475729737,3424542.0128263757,2.808124450517628,5.335436455983493,2.712648219200028,True
2050,P0105,Liaoning,ammonia,0.0,0.0,0.0,0.0,0.0,True
2050,P0106,Hubei,unabated,0.0,0.0,0.0,0.0,0.0,True
2050,P0106,Hubei,retire,1.0,39558279.99999999,32.43778959999999,32.43778959999999,0.0,True
2050,P0106,Hubei,ccs,0.0,0.0,0.0,0.0,0.0,True
2050,P0106,Hubei,biomass,0.0,0.0,0.0,0.0,0.0,True
2050,P0106,Hubei,beccs,0.0,0.0,0.0,0.0,0.0,True
2050,P0106,Hubei,ammonia,0.0,0.0,0.0,0.0,0.0,True
2050,P0107,Liaoning,unabated,0.0,0.0,0.0,0.0,0.0,True
2050,P0107,Liaoning,retire,1.0,14387248.0,11.797543359999999,11.797543359999999,0.0,True
2050,P0107,Liaoning,ccs,0.0,0.0,0.0,0.0,0.0,True
2050,P0107,Liaoning,biomass,0.0,0.0,0.0,0.0,0.0,True
2050,P0107,Liaoning,beccs,0.0,0.0,0.0,0.0,0.0,True
2050,P0107,Liaoning,ammonia,0.0,0.0,0.0,0.0,0.0,True
2050,P0108,Guangdong,unabated,0.0,0.0,0.0,0.0,0.0,True
2050,P0108,Guangdong,retire,1.0,22805624.0,18.700611679999998,18.700611679999998,0.0,True
2050,P0108,Guangdong,ccs,0.0,0.0,0.0,0.0,0.0,True
2050,P0108,Guangdong,biomass,0.0,0.0,0.0,0.0,0.0,True
2050,P0108,Guangdong,beccs,0.0,0.0,0.0,0.0,0.0,True
2050,P0108,Guangdong,ammonia,0.0,0.0,0.0,0.0,0.0,True
2050,P0109,Shaanxi,unabated,0.04510842106834344,1707214.8034999087,1.3999161388699248,0.0,0.0,True
2050,P0109,Shaanxi,retire,0.0,0.0,0.0,0.0,0.0,True
2050,P0109,Shaanxi,ccs,0.0,0.0,0.0,0.0,0.0,True
2050,P0109,Shaanxi,biomass,0.05045173838111118,1909442.9063708445,1.5657431832240922,1.5657431832240922,0.0,True
2050,P0109,Shaanxi,beccs,0.9044398405505454,34230262.290129244,28.06881507790598,53.330748648021356,29.05122360563269,True
2050,P0109,Shaanxi,ammonia,0.0,0.0,0.0,0.0,0.0,True
2050,P0110,Guizhou,unabated,0.0,0.0,0.0,0.0,0.0,True
2050,P0110,Guizhou,retire,0.12313317773364951,7750808.236337345,6.355662753796623,6.355662753796623,0.0,True
2050,P0110,Guizhou,ccs,0.0,0.0,0.0,0.0,0.0,True
2050,P0110,Guizhou,biomass,0.8768668222663505,55195737.76366266,45.26050496620338,45.26050496620338,0.0,True
2050,P0110,Guizhou,beccs,0.0,0.0,0.0,0.0,0.0,True
2050,P0110,Guizhou,ammonia,0.0,0.0,0.0,0.0,0.0,True
2050,P0111,Guangxi,unabated,0.0,0.0,0.0,0.0,0.0,True
2050,P0111,Guangxi,retire,0.0,0.0,0.0,0.0,0.0,True
2050,P0111,Guangxi,ccs,0.0,0.0,0.0,0.0,0.0,True
2050,P0111,Guangxi,biomass,1.0,587794.48,0.48199147359999994,0.48199147359999994,0.0,True
2050,P0111,Guangxi,beccs,0.0,0.0,0.0,0.0,0.0,True
2050,P0111,Guangxi,ammonia,0.0,0.0,0.0,0.0,0.0,True
2050,P0112,Guangdong,unabated,0.0,0.0,0.0,0.0,0.0,True
2050,P0112,Guangdong,retire,1.0,41166084.0,33.756188879999996,33.756188879999996,0.0,True
2050,P0112,Guangdong,ccs,0.0,0.0,0.0,0.0,0.0,True
2050,P0112,Guangdong,biomass,0.0,0.0,0.0,0.0,0.0,True
2050,P0112,Guangdong,beccs,0.0,0.0,0.0,0.0,0.0,True
2050,P0112,Guangdong,ammonia,0.0,0.0,0.0,0.0,0.0,True
2050,P0113,Inner Mongolia,unabated,0.4919147681980417,9900276.624753786,8.118226832298104,0.0,0.0,True
2050,P0113,Inner Mongolia,retire,0.0,0.0,0.0,0.0,0.0,True
2050,P0113,Inner Mongolia,ccs,0.0,0.0,0.0,0.0,0.0,True
2050,P0113,Inner Mongolia,biomass,0.0,0.0,0.0,0.0,0.0,True
2050,P0113,Inner Mongolia,beccs,0.5080852318019583,10225723.375246214,8.385093167701895,15.931677018633597,8.1,True
2050,P0113,Inner Mongolia,ammonia,0.0,0.0,0.0,0.0,0.0,True
2050,P0114,Guangxi,unabated,0.0,0.0,0.0,0.0,0.0,True
2050,P0114,Guangxi,retire,0.05679333716150607,1674577.4439687522,1.3731535040543768,1.3731535040543768,0.0,True
2050,P0114,Guangxi,ccs,0.0,0.0,0.0,0.0,0.0,True
2050,P0114,Guangxi,biomass,0.0,0.0,0.0,0.0,0.0,True
2050,P0114,Guangxi,beccs,0.943206662838494,27810878.55603125,22.804920415945624,43.329348790296685,23.60309263050372,True
2050,P0114,Guangxi,ammonia,0.0,0.0,0.0,0.0,0.0,True
2050,P0115,Shandong,unabated,0.0,0.0,0.0,0.0,0.0,True
2050,P0115,Shandong,retire,0.0,0.0,0.0,0.0,0.0,True
2050,P0115,Shandong,ccs,0.0,0.0,0.0,0.0,0.0,True
2050,P0115,Shandong,biomass,1.0,9550809.0,7.83166338,7.83166338,0.0,True
2050,P0115,Shandong,beccs,0.0,0.0,0.0,0.0,0.0,True
2050,P0115,Shandong,ammonia,0.0,0.0,0.0,0.0,0.0,True
2050,P0116,Liaoning,unabated,0.0,0.0,0.0,0.0,0.0,True
2050,P0116,Liaoning,retire,0.0,0.0,0.0,0.0,0.0,True
2050,P0116,Liaoning,ccs,0.0,0.0,0.0,0.0,0.0,True
2050,P0116,Liaoning,biomass,1.0,2542573.9999999995,2.0849106799999997,2.0849106799999997,0.0,True
2050,P0116,Liaoning,beccs,0.0,0.0,0.0,0.0,0.0,True
2050,P0116,Liaoning,ammonia,0.0,0.0,0.0,0.0,0.0,True
2050,P0117,Henan,unabated,0.0,0.0,0.0,0.0,0.0,True
2050,P0117,Henan,retire,0.0,0.0,0.0,0.0,0.0,True
2050,P0117,Henan,ccs,0.0,0.0,0.0,0.0,0.0,True
2050,P0117,Henan,biomass,1.0,8351072.0,6.8478790400000005,6.8478790400000005,0.0,True
2050,P0117,Henan,beccs,0.0,0.0,0.0,0.0,0.0,True
2050,P0117,Henan,ammonia,0.0,0.0,0.0,0.0,0.0,True
2050,P0118,Liaoning,unabated,0.0,0.0,0.0,0.0,0.0,True
2050,P0118,Liaoning,retire,0.0,0.0,0.0,0.0,0.0,True
2050,P0118,Liaoning,ccs,0.0,0.0,0.0,0.0,0.0,True
2050,P0118,Liaoning,biomass,1.0,16867807.999999996,13.831602559999997,13.831602559999997,0.0,True
2050,P0118,Liaoning,beccs,0.0,0.0,0.0,0.0,0.0,True
2050,P0118,Liaoning,ammonia,0.0,0.0,0.0,0.0,0.0,True
2050,P0119,Guizhou,unabated,0.0,0.0,0.0,0.0,0.0,True
2050,P0119,Guizhou,retire,1.0,27248354.0,22.34365028,22.34365028,0.0,True
2050,P0119,Guizhou,ccs,0.0,0.0,0.0,0.0,0.0,True
2050,P0119,Guizhou,biomass,0.0,0.0,0.0,0.0,0.0,True
2050,P0119,Guizhou,beccs,0.0,0.0,0.0,0.0,0.0,True
2050,P0119,Guizhou,ammonia,0.0,0.0,0.0,0.0,0.0,True
2050,P0120,Inner Mongolia,unabated,0.0,0.0,0.0,0.0,0.0,True
2050,P0120,Inner Mongolia,retire,1.0,23648049.999999996,19.391400999999995,19.391400999999995,0.0,True
2050,P0120,Inner Mongolia,ccs,0.0,0.0,0.0,0.0,0.0,True
2050,P0120,Inner Mongolia,biomass,0.0,0.0,0.0,0.0,0.0,True
2050,P0120,Inner Mongolia,beccs,0.0,0.0,0.0,0.0,0.0,True
2050,P0120,Inner Mongolia,ammonia,0.0,0.0,0.0,0.0,0.0,True
2050,P0121,Guangdong,unabated,0.0,0.0,0.0,0.0,0.0,True
2050,P0121,Guangdong,retire,1.0,32662292.0,26.783079439999998,26.783079439999998,0.0,True
2050,P0121,Guangdong,ccs,0.0,0.0,0.0,0.0,0.0,True
2050,P0121,Guangdong,biomass,0.0,0.0,0.0,0.0,0.0,True
2050,P0121,Guangdong,beccs,0.0,0.0,0.0,0.0,0.0,True
2050,P0121,Guangdong,ammonia,0.0,0.0,0.0,0.0,0.0,True
2050,P0122,Shaanxi,unabated,0.5171057899703165,17341566.69340234,14.22008468858992,0.0,0.0,True
2050,P0122,Shaanxi,retire,0.48289421002968347,16194253.30659766,13.27928771141008,13.27928771141008,0.0,True
2050,P0122,Shaanxi,ccs,0.0,0.0,0.0,0.0,0.0,True
2050,P0122,Shaanxi,biomass,0.0,0.0,0.0,0.0,0.0,True
2050,P0122,Shaanxi,beccs,0.0,0.0,0.0,0.0,0.0,True
2050,P0122,Shaanxi,ammonia,0.0,0.0,0.0,0.0,0.0,True
2050,P0123,Hebei,unabated,0.14970554595820917,4487260.980227754,3.6795540037867593,0.0,0.0,True
2050,P0123,Hebei,retire,0.0,0.0,0.0,0.0,0.0,True
2050,P0123,Hebei,ccs,0.0,0.0,0.0,0.0,0.0,True
2050,P0123,Hebei,biomass,0.8502944540417908,25486651.81977225,20.899054492213246,20.899054492213246,0.0,True
2050,P0123,Hebei,beccs,0.0,0.0,0.0,0.0,0.0,True
2050,P0123,Hebei,ammonia,0.0,0.0,0.0,0.0,0.0,True
2050,P0124,Henan,unabated,0.0,0.0,0.0,0.0,0.0,True
2050,P0124,Henan,retire,0.0,0.0,0.0,0.0,0.0,True
2050,P0124,Henan,ccs,0.0,0.0,0.0,0.0,0.0,True
2050,P0124,Henan,biomass,1.0,42007332.0,34.446012239999995,34.446012239999995,0.0,True
2050,P0124,Henan,beccs,0.0,0.0,0.0,0.0,0.0,True
2050,P0124,Henan,ammonia,0.0,0.0,0.0,0.0,0.0,True
2050,P0125,Xinjiang,unabated,0.0,0.0,0.0,0.0,0.0,True
2050,P0125,Xinjiang,retire,1.0,62899091.99999999,51.57725543999999,51.57725543999999,0.0,True
2050,P0125,Xinjiang,ccs,0.0,0.0,0.0,0.0,0.0,True
2050,P0125,Xinjiang,biomass,0.0,0.0,0.0,0.0,0.0,True
2050,P0125,Xinjiang,beccs,0.0,0.0,0.0,0.0,0.0,True
2050,P0125,Xinjiang,ammonia,0.0,0.0,0.0,0.0,0.0,True
2050,P0126,Jiangsu,unabated,0.0,0.0,0.0,0.0,0.0,True
2050,P0126,Jiangsu,retire,1.0,86326786.00000001,70.78796452000002,70.78796452000002,0.0,True
2050,P0126,Jiangsu,ccs,0.0,0.0,0.0,0.0,0.0,True
2050,P0126,Jiangsu,biomass,0.0,0.0,0.0,0.0,0.0,True
2050,P0126,Jiangsu,beccs,0.0,0.0,0.0,0.0,0.0,True
2050,P0126,Jiangsu,ammonia,0.0,0.0,0.0,0.0,0.0,True
2050,P0127,Hebei,unabated,0.0,0.0,0.0,0.0,0.0,True
2050,P0127,Hebei,retire,0.0,0.0,0.0,0.0,0.0,True
2050,P0127,Hebei,ccs,0.0,0.0,0.0,0.0,0.0,True
2050,P0127,Hebei,biomass,1.0,7796425.000000001,6.3930685,6.3930685,0.0,True
2050,P0127,Hebei,beccs,0.0,0.0,0.0,0.0,0.0,True
2050,P0127,Hebei,ammonia,0.0,0.0,0.0,0.0,0.0,True
2050,P0128,Xinjiang,unabated,0.0,0.0,0.0,0.0,0.0,True
2050,P0128,Xinjiang,retire,0.0,0.0,0.0,0.0,0.0,True
2050,P0128,Xinjiang,ccs,0.5720844280583357,2930653.513017832,2.403135880674622,2.16282229260716,2.4872456364982343,True
2050,P0128,Xinjiang,biomass,0.0,0.0,0.0,0.0,0.0,True
2050,P0128,Xinjiang,beccs,0.42791557194166435,2192110.486982168,1.7975305993253778,2.965925488886873,1.8604441703017662,True
2050,P0128,Xinjiang,ammonia,0.0,0.0,0.0,0.0,0.0,True
2050,P0129,Inner Mongolia,unabated,0.0,0.0,0.0,0.0,0.0,True
2050,P0129,Inner Mongolia,retire,1.0,67573045.0,55.4098969,55.4098969,0.0,True
2050,P0129,Inner Mongolia,ccs,0.0,0.0,0.0,0.0,0.0,True
2050,P0129,Inner Mongolia,biomass,0.0,0.0,0.0,0.0,0.0,True
2050,P0129,Inner Mongolia,beccs,0.0,0.0,0.0,0.0,0.0,True
2050,P0129,Inner Mongolia,ammonia,0.0,0.0,0.0,0.0,0.0,True
2050,P0130,Hebei,unabated,0.0,0.0,0.0,0.0,0.0,True
2050,P0130,Hebei,retire,0.0,0.0,0.0,0.0,0.0,True
2050,P0130,Hebei,ccs,0.0,0.0,0.0,0.0,0.0,True
2050,P0130,Hebei,biomass,1.0,5791630.0,4.7491366,4.7491366,0.0,True
2050,P0130,Hebei,beccs,0.0,0.0,0.0,0.0,0.0,True
2050,P0130,Hebei,ammonia,0.0,0.0,0.0,0.0,0.0,True
2050,P0131,Zhejiang,unabated,0.0,0.0,0.0,0.0,0.0,True
2050,P0131,Zhejiang,retire,1.0,68084190.0,55.8290358,55.8290358,0.0,True
2050,P0131,Zhejiang,ccs,0.0,0.0,0.0,0.0,0.0,True
2050,P0131,Zhejiang,biomass,0.0,0.0,0.0,0.0,0.0,True
2050,P0131,Zhejiang,beccs,0.0,0.0,0.0,0.0,0.0,True
2050,P0131,Zhejiang,ammonia,0.0,0.0,0.0,0.0,0.0,True
2050,P0132,Jilin,unabated,0.0,0.0,0.0,0.0,0.0,True
2050,P0132,Jilin,retire,0.0,0.0,0.0,0.0,0.0,True
2050,P0132,Jilin,ccs,0.0,0.0,0.0,0.0,0.0,True
2050,P0132,Jilin,biomass,0.0,0.0,0.0,0.0,0.0,True
2050,P0132,Jilin,beccs,1.0,6228808.0,5.107622559999999,9.704482864,4.933963392959998,True
2050,P0132,Jilin,ammonia,0.0,0.0,0.0,0.0,0.0,True
2050,P0133,Anhui,unabated,0.0,0.0,0.0,0.0,0.0,True
2050,P0133,Anhui,retire,0.0,0.0,0.0,0.0,0.0,True
2050,P0133,Anhui,ccs,0.0,0.0,0.0,0.0,0.0,True
2050,P0133,Anhui,biomass,0.4754923306318092,14740647.398373898,12.087330866666598,12.087330866666598,0.0,True
2050,P0133,Anhui,beccs,0.5245076693681908,16260162.601626106,13.333333333333407,25.33333333333347,13.8,True
2050,P0133,Anhui,ammonia,0.0,0.0,0.0,0.0,0.0,True
2050,P0134,Shanxi,unabated,0.0,0.0,0.0,0.0,0.0,True
2050,P0134,Shanxi,retire,1.0,14837547.5,12.166788949999999,12.166788949999999,0.0,True
2050,P0134,Shanxi,ccs,0.0,0.0,0.0,0.0,0.0,True
2050,P0134,Shanxi,biomass,0.0,0.0,0.0,0.0,0.0,True
2050,P0134,Shanxi,beccs,0.0,0.0,0.0,0.0,0.0,True
2050,P0134,Shanxi,ammonia,0.0,0.0,0.0,0.0,0.0,True
2050,P0135,Liaoning,unabated,0.0,0.0,0.0,0.0,0.0,True
2050,P0135,Liaoning,retire,-1.4860158162234275e-07,-0.8754609558591565,-7.178779838045084e-07,-7.178779838045084e-07,0.0,True
2050,P0135,Liaoning,ccs,0.0,0.0,0.0,0.0,0.0,True
2050,P0135,Liaoning,biomass,1.0,5891330.0,4.8308906,4.8308906,0.0,True
2050,P0135,Liaoning,beccs,1.5026824832986833e-07,0.8852798394332032,7.259294683352266e-07,1.3792659898369304e-06,7.513369997269595e-07,True
2050,P0135,Liaoning,ammonia,0.0,0.0,0.0,0.0,0.0,True
2050,P0136,Inner Mongolia,unabated,0.0,0.0,0.0,0.0,0.0,True
2050,P0136,Inner Mongolia,retire,0.0,0.0,0.0,0.0,0.0,True
2050,P0136,Inner Mongolia,ccs,0.0,0.0,0.0,0.0,0.0,True
2050,P0136,Inner Mongolia,biomass,0.0,0.0,0.0,0.0,0.0,True
2050,P0136,Inner Mongolia,beccs,1.0,4427720.0,3.6307304,6.898387759999999,3.507285566399999,True
2050,P0136,Inner Mongolia,ammonia,0.0,0.0,0.0,0.0,0.0,True
2050,P0137,Xinjiang,unabated,1.0,7393679.999999999,6.062817599999999,0.0,0.0,True
2050,P0137,Xinjiang,retire,0.0,0.0,0.0,0.0,0.0,True
2050,P0137,Xinjiang,ccs,0.0,0.0,0.0,0.0,0.0,True
2050,P0137,Xinjiang,biomass,0.0,0.0,0.0,0.0,0.0,True
2050,P0137,Xinjiang,beccs,0.0,0.0,0.0,0.0,0.0,True
2050,P0137,Xinjiang,ammonia,0.0,0.0,0.0,0.0,0.0,True
2050,P0138,Jilin,unabated,0.0,0.0,0.0,0.0,0.0,True
2050,P0138,Jilin,retire,0.0,0.0,0.0,0.0,0.0,True
2050,P0138,Jilin,ccs,0.0,0.0,0.0,0.0,0.0,True
2050,P0138,Jilin,biomass,1.0,4345680.000000001,3.5634576000000004,3.5634576000000004,0.0,True
2050,P0138,Jilin,beccs,0.0,0.0,0.0,0.0,0.0,True
2050,P0138,Jilin,ammonia,0.0,0.0,0.0,0.0,0.0,True
2050,P0139,Heilongjiang,unabated,0.0,0.0,0.0,0.0,0.0,True
2050,P0139,Heilongjiang,retire,0.0,0.0,0.0,0.0,0.0,True
2050,P0139,Heilongjiang,ccs,0.0,0.0,0.0,0.0,0.0,True
2050,P0139,Heilongjiang,biomass,1.0,4156807.5000000005,3.4085821500000004,3.4085821500000004,0.0,True
2050,P0139,Heilongjiang,beccs,0.0,0.0,0.0,0.0,0.0,True
2050,P0139,Heilongjiang,ammonia,0.0,0.0,0.0,0.0,0.0,True
2050,P0140,Guangdong,unabated,0.05423790022281072,3008463.2935752464,2.4669399007317017,0.0,0.0,True
2050,P0140,Guangdong,retire,0.18643149665479053,10340966.596202202,8.479592608885804,8.479592608885804,0.0,True
2050,P0140,Guangdong,ccs,0.0,0.0,0.0,0.0,0.0,True
2050,P0140,Guangdong,biomass,0.0,0.0,0.0,0.0,0.0,True
2050,P0140,Guangdong,beccs,0.7593306031223988,42118486.11022255,34.53715861038249,65.62060135972672,35.74595916174588,True
2050,P0140,Guangdong,ammonia,0.0,0.0,0.0,0.0,0.0,True
2050,P0141,Shandong,unabated,0.0,0.0,0.0,0.0,0.0,True
2050,P0141,Shandong,retire,1.0,46881825.00000001,38.44309650000001,38.44309650000001,0.0,True
2050,P0141,Shandong,ccs,0.0,0.0,0.0,0.0,0.0,True
2050,P0141,Shandong,biomass,0.0,0.0,0.0,0.0,0.0,True
2050,P0141,Shandong,beccs,0.0,0.0,0.0,0.0,0.0,True
2050,P0141,Shandong,ammonia,0.0,0.0,0.0,0.0,0.0,True
2050,P0142,Jiangsu,unabated,0.0,0.0,0.0,0.0,0.0,True
2050,P0142,Jiangsu,retire,0.0,0.0,0.0,0.0,0.0,True
2050,P0142,Jiangsu,ccs,0.0,0.0,0.0,0.0,0.0,True
2050,P0142,Jiangsu,biomass,0.021976248966722567,735179.9175396223,0.6028475323824903,0.6028475323824903,0.0,True
2050,P0142,Jiangsu,beccs,0.9780237510332774,32718205.08246038,26.828928167617512,50.974963518473274,27.767940653484125,True
2050,P0142,Jiangsu,ammonia,0.0,0.0,0.0,0.0,0.0,True
2050,P0143,Yunnan,unabated,0.0,0.0,0.0,0.0,0.0,True
2050,P0143,Yunnan,retire,0.0,0.0,0.0,0.0,0.0,True
2050,P0143,Yunnan,ccs,0.0,0.0,0.0,0.0,0.0,True
2050,P0143,Yunnan,biomass,1.0,11205499.999999998,9.188509999999997,9.188509999999997,0.0,True
2050,P0143,Yunnan,beccs,0.0,0.0,0.0,0.0,0.0,True
2050,P0143,Yunnan,ammonia,0.0,0.0,0.0,0.0,0.0,True
2050,P0144,Shanxi,unabated,0.0,0.0,0.0,0.0,0.0,True
2050,P0144,Shanxi,retire,1.0,32892597.499999996,26.971929949999996,26.971929949999996,0.0,True
2050,P0144,Shanxi,ccs,0.0,0.0,0.0,0.0,0.0,True
2050,P0144,Shanxi,biomass,0.0,0.0,0.0,0.0,0.0,True
2050,P0144,Shanxi,beccs,0.0,0.0,0.0,0.0,0.0,True
2050,P0144,Shanxi,ammonia,0.0,0.0,0.0,0.0,0.0,True
2050,P0145,Liaoning,unabated,0.0,0.0,0.0,0.0,0.0,True
2050,P0145,Liaoning,retire,0.0,0.0,0.0,0.0,0.0,True
2050,P0145,Liaoning,ccs,0.0,0.0,0.0,0.0,0.0,True
2050,P0145,Liaoning,biomass,1.0,8185847.999999999,6.712395359999999,6.712395359999999,0.0,True
2050,P0145,Liaoning,beccs,0.0,0.0,0.0,0.0,0.0,True
2050,P0145,Liaoning,ammonia,0.0,0.0,0.0,0.0,0.0,True
2050,P0146,Shanxi,unabated,0.0,0.0,0.0,0.0,0.0,True
2050,P0146,Shanxi,retire,1.0,19906850.0,16.323617,16.323617,0.0,True
2050,P0146,Shanxi,ccs,0.0,0.0,0.0,0.0,0.0,True
2050,P0146,Shanxi,biomass,0.0,0.0,0.0,0.0,0.0,True
2050,P0146,Shanxi,beccs,0.0,0.0,0.0,0.0,0.0,True
2050,P0146,Shanxi,ammonia,0.0,0.0,0.0,0.0,0.0,True
2050,P0147,Inner Mongolia,unabated,0.07732356005988039,1213846.896416819,0.9953544550617915,0.0,0.0,True
2050,P0147,Inner Mongolia,retire,0.0,0.0,0.0,0.0,0.0,True
2050,P0147,Inner Mongolia,ccs,0.0,0.0,0.0,0.0,0.0,True
2050,P0147,Inner Mongolia,biomass,0.49767304151919844,7812610.754220001,6.406340818460401,6.406340818460401,0.0,True
2050,P0147,Inner Mongolia,beccs,0.42500339842092116,6671822.349363177,5.470894326477805,10.394699220307828,5.662375627904528,True
2050,P0147,Inner Mongolia,ammonia,0.0,0.0,0.0,0.0,0.0,True
2050,P0148,Shandong,unabated,0.0,0.0,0.0,0.0,0.0,True
2050,P0148,Shandong,retire,0.0,0.0,0.0,0.0,0.0,True
2050,P0148,Shandong,ccs,0.0,0.0,0.0,0.0,0.0,True
2050,P0148,Shandong,biomass,1.0,9114699.000000002,7.47405318,7.47405318,0.0,True
2050,P0148,Shandong,beccs,0.0,0.0,0.0,0.0,0.0,True
2050,P0148,Shandong,ammonia,0.0,0.0,0.0,0.0,0.0,True
2050,P0149,Shaanxi,unabated,1.0,42384920.0,34.7556344,0.0,0.0,True
2050,P0149,Shaanxi,retire,0.0,0.0,0.0,0.0,0.0,True
2050,P0149,Shaanxi,ccs,0.0,0.0,0.0,0.0,0.0,True
2050,P0149,Shaanxi,biomass,0.0,0.0,0.0,0.0,0.0,True
2050,P0149,Shaanxi,beccs,0.0,0.0,0.0,0.0,0.0,True
2050,P0149,Shaanxi,ammonia,0.0,0.0,0.0,0.0,0.0,True
2050,P0150,Guizhou,unabated,0.0,0.0,0.0,0.0,0.0,True
2050,P0150,Guizhou,retire,0.0,0.0,0.0,0.0,0.0,True
2050,P0150,Guizhou,ccs,0.0,0.0,0.0,0.0,0.0,True
2050,P0150,Guizhou,biomass,1.0,664594.0,0.5449670799999999,0.5449670799999999,0.0,True
2050,P0150,Guizhou,beccs,0.0,0.0,0.0,0.0,0.0,True
2050,P0150,Guizhou,ammonia,0.0,0.0,0.0,0.0,0.0,True
2050,P0151,Shandong,unabated,0.0,0.0,0.0,0.0,0.0,True
2050,P0151,Shandong,retire,1.0,16899262.500000004,13.857395250000001,13.857395250000001,0.0,True
2050,P0151,Shandong,ccs,0.0,0.0,0.0,0.0,0.0,True
2050,P0151,Shandong,biomass,0.0,0.0,0.0,0.0,0.0,True
2050,P0151,Shandong,beccs,0.0,0.0,0.0,0.0,0.0,True
2050,P0151,Shandong,ammonia,0.0,0.0,0.0,0.0,0.0,True
2050,P0152,Guangdong,unabated,0.0,0.0,0.0,0.0,0.0,True
2050,P0152,Guangdong,retire,1.0,6426161.0,5.269452019999999,5.269452019999999,0.0,True
2050,P0152,Guangdong,ccs,0.0,0.0,0.0,0.0,0.0,True
2050,P0152,Guangdong,biomass,0.0,0.0,0.0,0.0,0.0,True
2050,P0152,Guangdong,beccs,0.0,0.0,0.0,0.0,0.0,True
2050,P0152,Guangdong,ammonia,0.0,0.0,0.0,0.0,0.0,True
2050,P0153,Heilongjiang,unabated,0.0,0.0,0.0,0.0,0.0,True
2050,P0153,Heilongjiang,retire,0.0,0.0,0.0,0.0,0.0,True
2050,P0153,Heilongjiang,ccs,0.0,0.0,0.0,0.0,0.0,True
2050,P0153,Heilongjiang,biomass,0.0,0.0,0.0,0.0,0.0,True
2050,P0153,Heilongjiang,beccs,1.0,7391812.500000001,6.06128625,11.516443875,5.855202517499999,True
2050,P0153,Heilongjiang,ammonia,0.0,0.0,0.0,0.0,0.0,True
2050,P0154,Tianjin,unabated,0.0,0.0,0.0,0.0,0.0,True
2050,P0154,Tianjin,retire,0.185842811224976,4931736.699470759,4.044024093566023,4.044024093566023,0.0,True
2050,P0154,Tianjin,ccs,0.0,0.0,0.0,0.0,0.0,True
2050,P0154,Tianjin,biomass,0.009185169584242021,243748.1311807723,0.19987346756823327,0.19987346756823327,0.0,True
2050,P0154,Tianjin,beccs,0.804972019190782,21361655.169348467,17.516557238865744,33.28145875384491,18.129636742226044,True
2050,P0154,Tianjin,ammonia,0.0,0.0,0.0,0.0,0.0,True
2050,P0155,Shanxi,unabated,0.0,0.0,0.0,0.0,0.0,True
2050,P0155,Shanxi,retire,0.18067242088077662,2561127.141695654,2.1001242561904365,2.1001242561904365,0.0,True
2050,P0155,Shanxi,ccs,0.0,0.0,0.0,0.0,0.0,True
2050,P0155,Shanxi,biomass,0.0,0.0,0.0,0.0,0.0,True
2050,P0155,Shanxi,beccs,0.8193275791192234,11614401.858304344,9.523809523809561,18.095238095238166,9.2,True
2050,P0155,Shanxi,ammonia,0.0,0.0,0.0,0.0,0.0,True
2050,P0156,Yunnan,unabated,0.0,0.0,0.0,0.0,0.0,True
2050,P0156,Yunnan,retire,0.0,0.0,0.0,0.0,0.0,True
2050,P0156,Yunnan,ccs,0.0,0.0,0.0,0.0,0.0,True
2050,P0156,Yunnan,biomass,1.0,2689319.9999999995,2.2052423999999995,2.2052423999999995,0.0,True
2050,P0156,Yunnan,beccs,0.0,0.0,0.0,0.0,0.0,True
2050,P0156,Yunnan,ammonia,0.0,0.0,0.0,0.0,0.0,True
2050,P0157,Guizhou,unabated,0.0,0.0,0.0,0.0,0.0,True
2050,P0157,Guizhou,retire,0.0,0.0,0.0,0.0,0.0,True
2050,P0157,Guizhou,ccs,0.0,0.0,0.0,0.0,0.0,True
2050,P0157,Guizhou,biomass,1.0,24495036.0,20.08592952,20.08592952,0.0,True
2050,P0157,Guizhou,beccs,0.0,0.0,0.0,0.0,0.0,True
2050,P0157,Guizhou,ammonia,0.0,0.0,0.0,0.0,0.0,True
2050,P0158,Guangxi,unabated,0.0,0.0,0.0,0.0,0.0,True
2050,P0158,Guangxi,retire,0.0,0.0,0.0,0.0,0.0,True
2050,P0158,Guangxi,ccs,0.0,0.0,0.0,0.0,0.0,True
2050,P0158,Guangxi,biomass,1.0,7299565.0,5.9856432999999996,5.9856432999999996,0.0,True
2050,P0158,Guangxi,beccs,0.0,0.0,0.0,0.0,0.0,True
2050,P0158,Guangxi,ammonia,0.0,0.0,0.0,0.0,0.0,True
2050,P0159,Fujian,unabated,0.05448918546130588,952489.5971650543,0.7810414696753445,0.0,0.0,True
2050,P0159,Fujian,retire,0.0,0.0,0.0,0.0,0.0,True
2050,P0159,Fujian,ccs,0.0,0.0,0.0,0.0,0.0,True
2050,P0159,Fujian,biomass,0.12011822028086934,2099707.570940932,1.721760208171564,1.721760208171564,0.0,True
2050,P0159,Fujian,beccs,0.8253925942578247,14428144.83189401,11.831078762153087,22.479049648090864,12.245166518828444,True
2050,P0159,Fujian,ammonia,0.0,0.0,0.0,0.0,0.0,True
2050,P0160,Hubei,unabated,0.0,0.0,0.0,0.0,0.0,True
2050,P0160,Hubei,retire,0.0,0.0,0.0,0.0,0.0,True
2050,P0160,Hubei,ccs,0.0,0.0,0.0,0.0,0.0,True
2050,P0160,Hubei,biomass,0.016046266188891156,265938.4922822489,0.21806956367144412,0.21806956367144412,0.0,True
2050,P0160,Hubei,beccs,0.9839537338111088,16307293.50771775,13.371980676328555,25.40676328502425,13.840000000000053,True
2050,P0160,Hubei,ammonia,0.0,0.0,0.0,0.0,0.0,True
2050,P0161,Zhejiang,unabated,0.0,0.0,0.0,0.0,0.0,True
2050,P0161,Zhejiang,retire,0.0,0.0,0.0,0.0,0.0,True
2050,P0161,Zhejiang,ccs,0.0,0.0,0.0,0.0,0.0,True
2050,P0161,Zhejiang,biomass,0.0,0.0,0.0,0.0,0.0,True
2050,P0161,Zhejiang,beccs,1.0,2629267.5,2.15599935,4.096398765,2.0826953721,True
2050,P0161,Zhejiang,ammonia,0.0,0.0,0.0,0.0,0.0,True
2050,P0162,Shandong,unabated,0.0,0.0,0.0,0.0,0.0,True
2050,P0162,Shandong,retire,0.0,0.0,0.0,0.0,0.0,True
2050,P0162,Shandong,ccs,0.0,0.0,0.0,0.0,0.0,True
2050,P0162,Shandong,biomass,1.0,5974707.0,4.899259739999999,4.899259739999999,0.0,True
2050,P0162,Shandong,beccs,0.0,0.0,0.0,0.0,0.0,True
2050,P0162,Shandong,ammonia,0.0,0.0,0.0,0.0,0.0,True
2050,P0163,Hebei,unabated,0.0,0.0,0.0,0.0,0.0,True
2050,P0163,Hebei,retire,1.0,11583260.0,9.4982732,9.4982732,0.0,True
2050,P0163,Hebei,ccs,0.0,0.0,0.0,0.0,0.0,True
2050,P0163,Hebei,biomass,0.0,0.0,0.0,0.0,0.0,True
2050,P0163,Hebei,beccs,0.0,0.0,0.0,0.0,0.0,True
2050,P0163,Hebei,ammonia,0.0,0.0,0.0,0.0,0.0,True
2050,P0164,Hunan,unabated,0.0,0.0,0.0,0.0,0.0,True
2050,P0164,Hunan,retire,0.0,0.0,0.0,0.0,0.0,True
2050,P0164,Hunan,ccs,0.0,0.0,0.0,0.0,0.0,True
2050,P0164,Hunan,biomass,1.0,12502080.0,10.2517056,10.2517056,0.0,True
2050,P0164,Hunan,beccs,0.0,0.0,0.0,0.0,0.0,True
2050,P0164,Hunan,ammonia,0.0,0.0,0.0,0.0,0.0,True
2050,P0165,Hebei,unabated,0.0,0.0,0.0,0.0,0.0,True
2050,P0165,Hebei,retire,0.36839434305356333,1969480.365285516,1.6149738995341227,1.6149738995341227,0.0,True
2050,P0165,Hebei,ccs,0.0,0.0,0.0,0.0,0.0,True
2050,P0165,Hebei,biomass,0.6316056569464367,3376639.634714484,2.7688445004658764,2.7688445004658764,0.0,True
2050,P0165,Hebei,beccs,0.0,0.0,0.0,0.0,0.0,True
2050,P0165,Hebei,ammonia,0.0,0.0,0.0,0.0,0.0,True
2050,P0166,Guangxi,unabated,0.0,0.0,0.0,0.0,0.0,True
2050,P0166,Guangxi,retire,0.0,0.0,0.0,0.0,0.0,True
2050,P0166,Guangxi,ccs,0.0,0.0,0.0,0.0,0.0,True
2050,P0166,Guangxi,biomass,1.0,8807344.0,7.2220220799999995,7.2220220799999995,0.0,True
2050,P0166,Guangxi,beccs,0.0,0.0,0.0,0.0,0.0,True
2050,P0166,Guangxi,ammonia,0.0,0.0,0.0,0.0,0.0,True
2050,P0167,Shandong,unabated,0.0,0.0,0.0,0.0,0.0,True
2050,P0167,Shandong,retire,1.0,52621032.60000001,43.14924673200001,43.14924673200001,0.0,True
2050,P0167,Shandong,ccs,0.0,0.0,0.0,0.0,0.0,True
2050,P0167,Shandong,biomass,0.0,0.0,0.0,0.0,0.0,True
2050,P0167,Shandong,beccs,0.0,0.0,0.0,0.0,0.0,True
2050,P0167,Shandong,ammonia,0.0,0.0,0.0,0.0,0.0,True
2050,P0168,Xinjiang,unabated,0.0,0.0,0.0,0.0,0.0,True
2050,P0168,Xinjiang,retire,0.0,0.0,0.0,0.0,0.0,True
2050,P0168,Xinjiang,ccs,0.0650945453221008,556919.2466632274,0.4566737822638465,0.4110064040374618,0.4726573646430811,True
2050,P0168,Xinjiang,biomass,0.0,0.0,0.0,0.0,0.0,True
2050,P0168,Xinjiang,beccs,0.9349054546778992,7998624.75333677,6.558872297736152,12.461857365698688,6.7884328281569175,True
2050,P0168,Xinjiang,ammonia,0.0,0.0,0.0,0.0,0.0,True
2050,P0169,Guizhou,unabated,0.0,0.0,0.0,0.0,0.0,True
2050,P0169,Guizhou,retire,0.0,0.0,0.0,0.0,0.0,True
2050,P0169,Guizhou,ccs,0.0,0.0,0.0,0.0,0.0,True
2050,P0169,Guizhou,biomass,1.0,7120650.0,5.838933,5.838933,0.0,True
2050,P0169,Guizhou,beccs,0.0,0.0,0.0,0.0,0.0,True
2050,P0169,Guizhou,ammonia,0.0,0.0,0.0,0.0,0.0,True
2050,P0170,Shandong,unabated,0.0,0.0,0.0,0.0,0.0,True
2050,P0170,Shandong,retire,1.0,33013527.000000004,27.07109214,27.07109214,0.0,True
2050,P0170,Shandong,ccs,0.0,0.0,0.0,0.0,0.0,True
2050,P0170,Shandong,biomass,0.0,0.0,0.0,0.0,0.0,True
2050,P0170,Shandong,beccs,0.0,0.0,0.0,0.0,0.0,True
2050,P0170,Shandong,ammonia,0.0,0.0,0.0,0.0,0.0,True
2050,P0171,Shaanxi,unabated,0.0,0.0,0.0,0.0,0.0,True
2050,P0171,Shaanxi,retire,1.0,15202300.0,12.465886,12.465886,0.0,True
2050,P0171,Shaanxi,ccs,0.0,0.0,0.0,0.0,0.0,True
2050,P0171,Shaanxi,biomass,0.0,0.0,0.0,0.0,0.0,True
2050,P0171,Shaanxi,beccs,0.0,0.0,0.0,0.0,0.0,True
2050,P0171,Shaanxi,ammonia,0.0,0.0,0.0,0.0,0.0,True
2050,P0172,Sichuan,unabated,0.0,0.0,0.0,0.0,0.0,True
2050,P0172,Sichuan,retire,0.0,0.0,0.0,0.0,0.0,True
2050,P0172,Sichuan,ccs,0.0,0.0,0.0,0.0,0.0,True
2050,P0172,Sichuan,biomass,0.0,0.0,0.0,0.0,0.0,True
2050,P0172,Sichuan,beccs,1.0,16288263.999999998,13.356376479999998,25.377115311999994,12.902259679679991,True
2050,P0172,Sichuan,ammonia,0.0,0.0,0.0,0.0,0.0,True
2050,P0173,Ningxia,unabated,0.0,0.0,0.0,0.0,0.0,True
2050,P0173,Ningxia,retire,1.0,26644024.0,21.84809968,21.84809968,0.0,True
2050,P0173,Ningxia,ccs,0.0,0.0,0.0,0.0,0.0,True
2050,P0173,Ningxia,biomass,0.0,0.0,0.0,0.0,0.0,True
2050,P0173,Ningxia,beccs,0.0,0.0,0.0,0.0,0.0,True
2050,P0173,Ningxia,ammonia,0.0,0.0,0.0,0.0,0.0,True
2050,P0174,Shanxi,unabated,0.0,0.0,0.0,0.0,0.0,True
2050,P0174,Shanxi,retire,1.0,37452655.0,30.711177099999997,30.711177099999997,0.0,True
2050,P0174,Shanxi,ccs,0.0,0.0,0.0,0.0,0.0,True
2050,P0174,Shanxi,biomass,0.0,0.0,0.0,0.0,0.0,True
2050,P0174,Shanxi,beccs,0.0,0.0,0.0,0.0,0.0,True
2050,P0174,Shanxi,ammonia,0.0,0.0,0.0,0.0,0.0,True
2050,P0175,Guizhou,unabated,0.0,0.0,0.0,0.0,0.0,True
2050,P0175,Guizhou,retire,0.0,0.0,0.0,0.0,0.0,True
2050,P0175,Guizhou,ccs,0.0,0.0,0.0,0.0,0.0,True
2050,P0175,Guizhou,biomass,1.0,8544780.0,7.006719599999999,7.006719599999999,0.0,True
2050,P0175,Guizhou,beccs,0.0,0.0,0.0,0.0,0.0,True
2050,P0175,Guizhou,ammonia,0.0,0.0,0.0,0.0,0.0,True
2050,P0176,Hubei,unabated,0.0,0.0,0.0,0.0,0.0,True
2050,P0176,Hubei,retire,0.0,0.0,0.0,0.0,0.0,True
2050,P0176,Hubei,ccs,0.0,0.0,0.0,0.0,0.0,True
2050,P0176,Hubei,biomass,0.5601601302474479,9871769.194566404,8.094850739544452,8.094850739544452,0.0,True
2050,P0176,Hubei,beccs,0.4398398697525521,7751350.8054335965,6.356107660455549,12.076604554865542,6.140000000000059,True
2050,P0176,Hubei,ammonia,0.0,0.0,0.0,0.0,0.0,True
2050,P0177,Jilin,unabated,0.0,0.0,0.0,0.0,0.0,True
2050,P0177,Jilin,retire,0.0,0.0,0.0,0.0,0.0,True
2050,P0177,Jilin,ccs,0.0,0.0,0.0,0.0,0.0,True
2050,P0177,Jilin,biomass,0.0,0.0,0.0,0.0,0.0,True
2050,P0177,Jilin,beccs,1.0,7460084.0,6.11726888,11.622810872,5.909281738079999,True
2050,P0177,Jilin,ammonia,0.0,0.0,0.0,0.0,0.0,True
2050,P0178,Shaanxi,unabated,0.0,0.0,0.0,0.0,0.0,True
2050,P0178,Shaanxi,retire,0.0,0.0,0.0,0.0,0.0,True
2050,P0178,Shaanxi,ccs,0.0,0.0,0.0,0.0,0.0,True
2050,P0178,Shaanxi,biomass,0.0,0.0,0.0,0.0,0.0,True
2050,P0178,Shaanxi,beccs,1.0,6353200.0,5.209624,9.8982856,5.391960839999999,True
2050,P0178,Shaanxi,ammonia,0.0,0.0,0.0,0.0,0.0,True
2050,P0179,Fujian,unabated,0.0,0.0,0.0,0.0,0.0,True
2050,P0179,Fujian,retire,1.0,32038749.999999996,26.271774999999995,26.271774999999995,0.0,True
2050,P0179,Fujian,ccs,0.0,0.0,0.0,0.0,0.0,True
2050,P0179,Fujian,biomass,0.0,0.0,0.0,0.0,0.0,True
2050,P0179,Fujian,beccs,0.0,0.0,0.0,0.0,0.0,True
2050,P0179,Fujian,ammonia,0.0,0.0,0.0,0.0,0.0,True
2050,P0180,Inner Mongolia,unabated,1.0,7547250.0,6.188745,0.0,0.0,True
2050,P0180,Inner Mongolia,retire,0.0,0.0,0.0,0.0,0.0,True
2050,P0180,Inner Mongolia,ccs,0.0,0.0,0.0,0.0,0.0,True
2050,P0180,Inner Mongolia,biomass,0.0,0.0,0.0,0.0,0.0,True
2050,P0180,Inner Mongolia,beccs,0.0,0.0,0.0,0.0,0.0,True
2050,P0180,Inner Mongolia,ammonia,0.0,0.0,0.0,0.0,0.0,True
2050,P0181,Xinjiang,unabated,0.0,0.0,0.0,0.0,0.0,True
2050,P0181,Xinjiang,retire,0.0,0.0,0.0,0.0,0.0,True
2050,P0181,Xinjiang,ccs,1.0,22999625.999999996,18.859693319999998,16.973723988,19.519782586199998,True
2050,P0181,Xinjiang,biomass,0.0,0.0,0.0,0.0,0.0,True
2050,P0181,Xinjiang,beccs,0.0,0.0,0.0,0.0,0.0,True
2050,P0181,Xinjiang,ammonia,0.0,0.0,0.0,0.0,0.0,True
2050,P0182,Jiangxi,unabated,0.0,0.0,0.0,0.0,0.0,True
2050,P0182,Jiangxi,retire,0.0,0.0,0.0,0.0,0.0,True
2050,P0182,Jiangxi,ccs,0.0,0.0,0.0,0.0,0.0,True
2050,P0182,Jiangxi,biomass,1.0,27707083.2,22.719808224,22.719808224,0.0,True
2050,P0182,Jiangxi,beccs,0.0,0.0,0.0,0.0,0.0,True
2050,P0182,Jiangxi,ammonia,0.0,0.0,0.0,0.0,0.0,True
2050,P0183,Xinjiang,unabated,0.0,0.0,0.0,0.0,0.0,True
2050,P0183,Xinjiang,retire,0.0,0.0,0.0,0.0,0.0,True
2050,P0183,Xinjiang,ccs,0.0,0.0,0.0,0.0,0.0,True
2050,P0183,Xinjiang,biomass,1.0,1425923.9999999998,1.1692576799999996,1.1692576799999996,0.0,True
2050,P0183,Xinjiang,beccs,0.0,0.0,0.0,0.0,0.0,True
2050,P0183,Xinjiang,ammonia,0.0,0.0,0.0,0.0,0.0,True
2050,P0184,Shandong,unabated,0.0,0.0,0.0,0.0,0.0,True
2050,P0184,Shandong,retire,0.10104315320955914,2859878.8275497328,2.3451006385907807,2.3451006385907807,0.0,True
2050,P0184,Shandong,ccs,0.0,0.0,0.0,0.0,0.0,True
2050,P0184,Shandong,biomass,0.8989568467904409,25443660.17245027,20.86380134140922,20.86380134140922,0.0,True
2050,P0184,Shandong,beccs,0.0,0.0,0.0,0.0,0.0,True
2050,P0184,Shandong,ammonia,0.0,0.0,0.0,0.0,0.0,True
2050,P0185,Guizhou,unabated,0.0,0.0,0.0,0.0,0.0,True
2050,P0185,Guizhou,retire,0.0,0.0,0.0,0.0,0.0,True
2050,P0185,Guizhou,ccs,0.0,0.0,0.0,0.0,0.0,True
2050,P0185,Guizhou,biomass,1.0,7120650.0,5.838933,5.838933,0.0,True
2050,P0185,Guizhou,beccs,0.0,0.0,0.0,0.0,0.0,True
2050,P0185,Guizhou,ammonia,0.0,0.0,0.0,0.0,0.0,True
2050,P0186,Ningxia,unabated,1.0,24108865.0,19.769269299999998,0.0,0.0,True
2050,P0186,Ningxia,retire,0.0,0.0,0.0,0.0,0.0,True
2050,P0186,Ningxia,ccs,0.0,0.0,0.0,0.0,0.0,True
2050,P0186,Ningxia,biomass,0.0,0.0,0.0,0.0,0.0,True
2050,P0186,Ningxia,beccs,0.0,0.0,0.0,0.0,0.0,True
2050,P0186,Ningxia,ammonia,0.0,0.0,0.0,0.0,0.0,True
2050,P0187,Inner Mongolia,unabated,0.0,0.0,0.0,0.0,0.0,True
2050,P0187,Inner Mongolia,retire,0.0,0.0,0.0,0.0,0.0,True
2050,P0187,Inner Mongolia,ccs,0.0,0.0,0.0,0.0,0.0,True
2050,P0187,Inner Mongolia,biomass,0.0,0.0,0.0,0.0,0.0,True
2050,P0187,Inner Mongolia,beccs,1.0,1006300.0,0.825166,1.5678153999999997,0.8540468099999999,True
2050,P0187,Inner Mongolia,ammonia,0.0,0.0,0.0,0.0,0.0,True
2050,P0188,Xinjiang,unabated,1.0,21124800.0,17.322336,0.0,0.0,True
2050,P0188,Xinjiang,retire,0.0,0.0,0.0,0.0,0.0,True
2050,P0188,Xinjiang,ccs,0.0,0.0,0.0,0.0,0.0,True
2050,P0188,Xinjiang,biomass,0.0,0.0,0.0,0.0,0.0,True
2050,P0188,Xinjiang,beccs,0.0,0.0,0.0,0.0,0.0,True
2050,P0188,Xinjiang,ammonia,0.0,0.0,0.0,0.0,0.0,True
2050,P0189,Yunnan,unabated,0.0,0.0,0.0,0.0,0.0,True
2050,P0189,Yunnan,retire,0.0,0.0,0.0,0.0,0.0,True
2050,P0189,Yunnan,ccs,0.0,0.0,0.0,0.0,0.0,True
2050,P0189,Yunnan,biomass,1.0,4482200.0,3.675404,3.675404,0.0,True
2050,P0189,Yunnan,beccs,0.0,0.0,0.0,0.0,0.0,True
2050,P0189,Yunnan,ammonia,0.0,0.0,0.0,0.0,0.0,True
2050,P0190,Jiangsu,unabated,0.0,0.0,0.0,0.0,0.0,True
2050,P0190,Jiangsu,retire,0.029252489908898616,328643.53342930146,0.2694876974120272,0.2694876974120272,0.0,True
2050,P0190,Jiangsu,ccs,0.0,0.0,0.0,0.0,0.0,True
2050,P0190,Jiangsu,biomass,0.0,0.0,0.0,0.0,0.0,True
2050,P0190,Jiangsu,beccs,0.9707475100911014,10906076.466570698,8.942982702587974,16.99166713491715,8.638921290699981,True
2050,P0190,Jiangsu,ammonia,0.0,0.0,0.0,0.0,0.0,True
2050,P0191,Hunan,unabated,0.0,0.0,0.0,0.0,0.0,True
2050,P0191,Hunan,retire,0.0,0.0,0.0,0.0,0.0,True
2050,P0191,Hunan,ccs,0.0,0.0,0.0,0.0,0.0,True
2050,P0191,Hunan,biomass,1.0,8204490.0,6.7276818,6.7276818,0.0,True
2050,P0191,Hunan,beccs,0.0,0.0,0.0,0.0,0.0,True
2050,P0191,Hunan,ammonia,0.0,0.0,0.0,0.0,0.0,True
2050,P0192,Shaanxi,unabated,0.0,0.0,0.0,0.0,0.0,True
2050,P0192,Shaanxi,retire,0.0,0.0,0.0,0.0,0.0,True
2050,P0192,Shaanxi,ccs,0.0,0.0,0.0,0.0,0.0,True
2050,P0192,Shaanxi,biomass,0.0,0.0,0.0,0.0,0.0,True
2050,P0192,Shaanxi,beccs,1.0,15519960.0,12.726367199999999,24.180097679999996,13.171790051999997,True
2050,P0192,Shaanxi,ammonia,0.0,0.0,0.0,0.0,0.0,True
2050,P0193,Guangxi,unabated,0.0,0.0,0.0,0.0,0.0,True
2050,P0193,Guangxi,retire,0.0,0.0,0.0,0.0,0.0,True
2050,P0193,Guangxi,ccs,0.0,0.0,0.0,0.0,0.0,True
2050,P0193,Guangxi,biomass,0.0,0.0,0.0,0.0,0.0,True
2050,P0193,Guangxi,beccs,1.0,6557642.0,5.37726644,10.216806235999998,5.5654707654,True
2050,P0193,Guangxi,ammonia,0.0,0.0,0.0,0.0,0.0,True
2050,P0194,Shaanxi,unabated,0.0,0.0,0.0,0.0,0.0,True
2050,P0194,Shaanxi,retire,0.0,0.0,0.0,0.0,0.0,True
2050,P0194,Shaanxi,ccs,0.0,0.0,0.0,0.0,0.0,True
2050,P0194,Shaanxi,biomass,1.0,2995080.0,2.4559655999999994,2.4559655999999994,0.0,True
2050,P0194,Shaanxi,beccs,0.0,0.0,0.0,0.0,0.0,True
2050,P0194,Shaanxi,ammonia,0.0,0.0,0.0,0.0,0.0,True
2050,P0195,Sichuan,unabated,0.0,0.0,0.0,0.0,0.0,True
2050,P0195,Sichuan,retire,0.0,0.0,0.0,0.0,0.0,True
2050,P0195,Sichuan,ccs,0.0,0.0,0.0,0.0,0.0,True
2050,P0195,Sichuan,biomass,1.0,2997839.9999999995,2.458228799999999,2.458228799999999,0.0,True
2050,P0195,Sichuan,beccs,0.0,0.0,0.0,0.0,0.0,True
2050,P0195,Sichuan,ammonia,0.0,0.0,0.0,0.0,0.0,True
2050,P0196,Xinjiang,unabated,0.0,0.0,0.0,0.0,0.0,True
2050,P0196,Xinjiang,retire,0.0,0.0,0.0,0.0,0.0,True
2050,P0196,Xinjiang,ccs,0.0,0.0,0.0,0.0,0.0,True
2050,P0196,Xinjiang,biomass,1.0,633743.9999999999,0.5196700799999999,0.5196700799999999,0.0,True
2050,P0196,Xinjiang,beccs,0.0,0.0,0.0,0.0,0.0,True
2050,P0196,Xinjiang,ammonia,0.0,0.0,0.0,0.0,0.0,True
2050,P0197,Fujian,unabated,0.0,0.0,0.0,0.0,0.0,True
2050,P0197,Fujian,retire,0.0,0.0,0.0,0.0,0.0,True
2050,P0197,Fujian,ccs,0.0,0.0,0.0,0.0,0.0,True
2050,P0197,Fujian,biomass,0.0,0.0,0.0,0.0,0.0,True
2050,P0197,Fujian,beccs,1.0,6766584.0,5.54859888,10.542337872,5.7427998408,True
2050,P0197,Fujian,ammonia,0.0,0.0,0.0,0.0,0.0,True
2050,P0198,Gansu,unabated,0.0,0.0,0.0,0.0,0.0,True
2050,P0198,Gansu,retire,0.0,0.0,0.0,0.0,0.0,True
2050,P0198,Gansu,ccs,0.0,0.0,0.0,0.0,0.0,True
2050,P0198,Gansu,biomass,1.0,2765136.0,2.26741152,2.26741152,0.0,True
2050,P0198,Gansu,beccs,0.0,0.0,0.0,0.0,0.0,True
2050,P0198,Gansu,ammonia,0.0,0.0,0.0,0.0,0.0,True
2050,P0199,Inner Mongolia,unabated,0.0,0.0,0.0,0.0,0.0,True
2050,P0199,Inner Mongolia,retire,0.0,0.0,0.0,0.0,0.0,True
2050,P0199,Inner Mongolia,ccs,0.0,0.0,0.0,0.0,0.0,True
2050,P0199,Inner Mongolia,biomass,1.0,1308190.0,1.0727158,1.0727158,0.0,True
2050,P0199,Inner Mongolia,beccs,0.0,0.0,0.0,0.0,0.0,True
2050,P0199,Inner Mongolia,ammonia,0.0,0.0,0.0,0.0,0.0,True
2050,P0200,Xinjiang,unabated,0.0,0.0,0.0,0.0,0.0,True
2050,P0200,Xinjiang,retire,0.0,0.0,0.0,0.0,0.0,True
2050,P0200,Xinjiang,ccs,0.4824827600148842,5147137.663425025,4.220652884008519,3.7985875956076676,4.368375734948818,True
2050,P0200,Xinjiang,biomass,0.0,0.0,0.0,0.0,0.0,True
2050,P0200,Xinjiang,beccs,0.5175172399851181,5520886.336574999,4.5271267959914985,8.601540912383847,4.685576233851202,True
2050,P0200,Xinjiang,ammonia,0.0,0.0,0.0,0.0,0.0,True
2050,P0201,Heilongjiang,unabated,0.0,0.0,0.0,0.0,0.0,True
2050,P0201,Heilongjiang,retire,0.0,0.0,0.0,0.0,0.0,True
2050,P0201,Heilongjiang,ccs,0.0,0.0,0.0,0.0,0.0,True
2050,P0201,Heilongjiang,biomass,0.0,0.0,0.0,0.0,0.0,True
2050,P0201,Heilongjiang,beccs,1.0,2434950.0000000005,1.9966590000000002,3.7936521,2.066542065,True
2050,P0201,Heilongjiang,ammonia,0.0,0.0,0.0,0.0,0.0,True
2050,P0202,Jiangxi,unabated,0.0,0.0,0.0,0.0,0.0,True
2050,P0202,Jiangxi,retire,0.0,0.0,0.0,0.0,0.0,True
2050,P0202,Jiangxi,ccs,0.0,0.0,0.0,0.0,0.0,True
2050,P0202,Jiangxi,biomass,1.0,9151488.0,7.504220159999999,7.504220159999999,0.0,True
2050,P0202,Jiangxi,beccs,0.0,0.0,0.0,0.0,0.0,True
2050,P0202,Jiangxi,ammonia,0.0,0.0,0.0,0.0,0.0,True
2050,P0203,Inner Mongolia,unabated,0.2626273025793654,1783902.5184529037,1.462800065131381,0.0,0.0,True
2050,P0203,Inner Mongolia,retire,0.0,0.0,0.0,0.0,0.0,True
2050,P0203,Inner Mongolia,ccs,0.0,0.0,0.0,0.0,0.0,True
2050,P0203,Inner Mongolia,biomass,0.0,0.0,0.0,0.0,0.0,True
2050,P0203,Inner Mongolia,beccs,0.7373726974206346,5008622.481547096,4.107070434868619,7.803433826250375,3.967430040083084,True
2050,P0203,Inner Mongolia,ammonia,0.0,0.0,0.0,0.0,0.0,True
2050,P0204,Heilongjiang,unabated,0.0,0.0,0.0,0.0,0.0,True
2050,P0204,Heilongjiang,retire,0.0,0.0,0.0,0.0,0.0,True
2050,P0204,Heilongjiang,ccs,0.0,0.0,0.0,0.0,0.0,True
2050,P0204,Heilongjiang,biomass,0.0,0.0,0.0,0.0,0.0,True
2050,P0204,Heilongjiang,beccs,1.0,2434950.0000000005,1.9966590000000002,3.7936521,2.0665420649999944,True
2050,P0204,Heilongjiang,ammonia,0.0,0.0,0.0,0.0,0.0,True
2050,P0205,Inner Mongolia,unabated,0.0,0.0,0.0,0.0,0.0,True
2050,P0205,Inner Mongolia,retire,0.0,0.0,0.0,0.0,0.0,True
2050,P0205,Inner Mongolia,ccs,0.0,0.0,0.0,0.0,0.0,True
2050,P0205,Inner Mongolia,biomass,0.0,0.0,0.0,0.0,0.0,True
2050,P0205,Inner Mongolia,beccs,1.0,3018899.9999999995,2.4754979999999995,4.703446199999999,2.391331067999999,True
2050,P0205,Inner Mongolia,ammonia,0.0,0.0,0.0,0.0,0.0,True
2050,P0206,Hubei,unabated,0.0,0.0,0.0,0.0,0.0,True
2050,P0206,Hubei,retire,0.0,0.0,0.0,0.0,0.0,True
2050,P0206,Hubei,ccs,0.0,0.0,0.0,0.0,0.0,True
2050,P0206,Hubei,biomass,1.0,3937080.0,3.2284055999999994,3.2284055999999994,0.0,True
2050,P0206,Hubei,beccs,0.0,0.0,0.0,0.0,0.0,True
2050,P0206,Hubei,ammonia,0.0,0.0,0.0,0.0,0.0,True
2050,P0207,Xinjiang,unabated,0.00841336372058521,399893.9083303915,0.327913004830921,0.0,0.0,True
2050,P0207,Xinjiang,retire,0.0,0.0,0.0,0.0,0.0,True
2050,P0207,Xinjiang,ccs,0.9915866362794149,47130906.09166961,38.64734299516908,34.78260869565217,40.0,True
2050,P0207,Xinjiang,biomass,0.0,0.0,0.0,0.0,0.0,True
2050,P0207,Xinjiang,beccs,0.0,0.0,0.0,0.0,0.0,True
2050,P0207,Xinjiang,ammonia,0.0,0.0,0.0,0.0,0.0,True
2050,P0208,Sichuan,unabated,0.0,0.0,0.0,0.0,0.0,True
2050,P0208,Sichuan,retire,0.0,0.0,0.0,0.0,0.0,True
2050,P0208,Sichuan,ccs,0.0,0.0,0.0,0.0,0.0,True
2050,P0208,Sichuan,biomass,1.0,1648811.9999999998,1.3520258399999996,1.3520258399999996,0.0,True
2050,P0208,Sichuan,beccs,0.0,0.0,0.0,0.0,0.0,True
2050,P0208,Sichuan,ammonia,0.0,0.0,0.0,0.0,0.0,True
2050,P0209,Zhejiang,unabated,0.0,0.0,0.0,0.0,0.0,True
2050,P0209,Zhejiang,retire,0.0,0.0,0.0,0.0,0.0,True
2050,P0209,Zhejiang,ccs,0.0,0.0,0.0,0.0,0.0,True
2050,P0209,Zhejiang,biomass,0.0,0.0,0.0,0.0,0.0,True
2050,P0209,Zhejiang,beccs,1.0,13284720.000000002,10.8934704,20.69759376,10.523092406399998,True
2050,P0209,Zhejiang,ammonia,0.0,0.0,0.0,0.0,0.0,True
2050,P0210,Anhui,unabated,0.0,0.0,0.0,0.0,0.0,True
2050,P0210,Anhui,retire,0.0,0.0,0.0,0.0,0.0,True
2050,P0210,Anhui,ccs,0.0,0.0,0.0,0.0,0.0,True
2050,P0210,Anhui,biomass,1.0,6708372.000000001,5.50086504,5.50086504,0.0,True
2050,P0210,Anhui,beccs,0.0,0.0,0.0,0.0,0.0,True
2050,P0210,Anhui,ammonia,0.0,0.0,0.0,0.0,0.0,True
2050,P0211,Henan,unabated,0.0,0.0,0.0,0.0,0.0,True
2050,P0211,Henan,retire,0.0,0.0,0.0,0.0,0.0,True
2050,P0211,Henan,ccs,0.0,0.0,0.0,0.0,0.0,True
2050,P0211,Henan,biomass,1.0,4535496.0,3.7191067199999996,3.7191067199999996,0.0,True
2050,P0211,Henan,beccs,0.0,0.0,0.0,0.0,0.0,True
2050,P0211,Henan,ammonia,0.0,0.0,0.0,0.0,0.0,True
2050,P0212,Gansu,unabated,0.0,0.0,0.0,0.0,0.0,True
2050,P0212,Gansu,retire,1.0,11102440.0,9.1040008,9.1040008,0.0,True
2050,P0212,Gansu,ccs,0.0,0.0,0.0,0.0,0.0,True
2050,P0212,Gansu,biomass,0.0,0.0,0.0,0.0,0.0,True
2050,P0212,Gansu,beccs,0.0,0.0,0.0,0.0,0.0,True
2050,P0212,Gansu,ammonia,0.0,0.0,0.0,0.0,0.0,True
2050,P0213,Hubei,unabated,0.0,0.0,0.0,0.0,0.0,True
2050,P0213,Hubei,retire,0.0,0.0,0.0,0.0,0.0,True
2050,P0213,Hubei,ccs,0.0,0.0,0.0,0.0,0.0,True
2050,P0213,Hubei,biomass,1.0,13761032.0,11.28404624,11.28404624,0.0,True
2050,P0213,Hubei,beccs,0.0,0.0,0.0,0.0,0.0,True
2050,P0213,Hubei,ammonia,0.0,0.0,0.0,0.0,0.0,True
2050,P0214,Xinjiang,unabated,0.0,0.0,0.0,0.0,0.0,True
2050,P0214,Xinjiang,retire,0.0,0.0,0.0,0.0,0.0,True
2050,P0214,Xinjiang,ccs,1.0,5096358.0,4.17901356,3.761112204,4.325279034599999,True
2050,P0214,Xinjiang,biomass,0.0,0.0,0.0,0.0,0.0,True
2050,P0214,Xinjiang,beccs,0.0,0.0,0.0,0.0,0.0,True
2050,P0214,Xinjiang,ammonia,0.0,0.0,0.0,0.0,0.0,True
2050,P0215,Hebei,unabated,0.0,0.0,0.0,0.0,0.0,True
2050,P0215,Hebei,retire,0.0,0.0,0.0,0.0,0.0,True
2050,P0215,Hebei,ccs,0.0,0.0,0.0,0.0,0.0,True
2050,P0215,Hebei,biomass,1.0,5880732.000000001,4.82220024,4.82220024,0.0,True
2050,P0215,Hebei,beccs,0.0,0.0,0.0,0.0,0.0,True
2050,P0215,Hebei,ammonia,0.0,0.0,0.0,0.0,0.0,True
2050,P0216,Heilongjiang,unabated,0.0,0.0,0.0,0.0,0.0,True
2050,P0216,Heilongjiang,retire,0.0,0.0,0.0,0.0,0.0,True
2050,P0216,Heilongjiang,ccs,0.0,0.0,0.0,0.0,0.0,True
2050,P0216,Heilongjiang,biomass,1.0,347850.0,0.285237,0.285237,0.0,True
2050,P0216,Heilongjiang,beccs,0.0,0.0,0.0,0.0,0.0,True
2050,P0216,Heilongjiang,ammonia,0.0,0.0,0.0,0.0,0.0,True
2050,P0217,Hainan,unabated,0.0,0.0,0.0,0.0,0.0,True
2050,P0217,Hainan,retire,0.0,0.0,0.0,0.0,0.0,True
2050,P0217,Hainan,ccs,0.0,0.0,0.0,0.0,0.0,True
2050,P0217,Hainan,biomass,0.0,0.0,0.0,0.0,0.0,True
2050,P0217,Hainan,beccs,1.0,1509270.0,1.2376014,2.35144266,1.1955229523999995,True
2050,P0217,Hainan,ammonia,0.0,0.0,0.0,0.0,0.0,True
2050,P0218,Hubei,unabated,0.0,0.0,0.0,0.0,0.0,True
2050,P0218,Hubei,retire,0.0,0.0,0.0,0.0,0.0,True
2050,P0218,Hubei,ccs,0.0,0.0,0.0,0.0,0.0,True
2050,P0218,Hubei,biomass,1.0,7424207.999999999,6.087850559999999,6.087850559999999,0.0,True
2050,P0218,Hubei,beccs,0.0,0.0,0.0,0.0,0.0,True
2050,P0218,Hubei,ammonia,0.0,0.0,0.0,0.0,0.0,True
2050,P0219,Jilin,unabated,0.0,0.0,0.0,0.0,0.0,True
2050,P0219,Jilin,retire,0.0,0.0,0.0,0.0,0.0,True
2050,P0219,Jilin,ccs,0.0,0.0,0.0,0.0,0.0,True
2050,P0219,Jilin,biomass,0.0,0.0,0.0,0.0,0.0,True
2050,P0219,Jilin,beccs,1.0,2933334.0,2.4053338799999997,4.570134371999999,2.323552528079999,True
2050,P0219,Jilin,ammonia,0.0,0.0,0.0,0.0,0.0,True
2050,P0220,Hebei,unabated,0.0,0.0,0.0,0.0,0.0,True
2050,P0220,Hebei,retire,0.0,0.0,0.0,0.0,0.0,True
2050,P0220,Hebei,ccs,0.0,0.0,0.0,0.0,0.0,True
2050,P0220,Hebei,biomass,1.0,5880732.000000001,4.82220024,4.82220024,0.0,True
2050,P0220,Hebei,beccs,0.0,0.0,0.0,0.0,0.0,True
2050,P0220,Hebei,ammonia,0.0,0.0,0.0,0.0,0.0,True
2050,P0221,Gansu,unabated,0.0,0.0,0.0,0.0,0.0,True
2050,P0221,Gansu,retire,0.03242039268591268,560971.610823196,0.45999672087502075,0.45999672087502075,0.0,True
2050,P0221,Gansu,ccs,0.0,0.0,0.0,0.0,0.0,True
2050,P0221,Gansu,biomass,0.3684698724927614,6375651.89029613,5.228034550042827,5.228034550042827,0.0,True
2050,P0221,Gansu,beccs,0.5991097348213259,10366424.498880673,8.500468089082153,16.150889369256088,8.211452174053358,True
2050,P0221,Gansu,ammonia,0.0,0.0,0.0,0.0,0.0,True
2050,P0222,Jiangxi,unabated,0.0,0.0,0.0,0.0,0.0,True
2050,P0222,Jiangxi,retire,0.0,0.0,0.0,0.0,0.0,True
2050,P0222,Jiangxi,ccs,0.0,0.0,0.0,0.0,0.0,True
2050,P0222,Jiangxi,biomass,1.0,19065600.0,15.633791999999998,15.633791999999998,0.0,True
2050,P0222,Jiangxi,beccs,0.0,0.0,0.0,0.0,0.0,True
2050,P0222,Jiangxi,ammonia,0.0,0.0,0.0,0.0,0.0,True
2050,P0223,Anhui,unabated,0.0,0.0,0.0,0.0,0.0,True
2050,P0223,Anhui,retire,1.0,32652492.500000004,26.775043850000003,26.775043850000003,0.0,True
2050,P0223,Anhui,ccs,0.0,0.0,0.0,0.0,0.0,True
2050,P0223,Anhui,biomass,0.0,0.0,0.0,0.0,0.0,True
2050,P0223,Anhui,beccs,0.0,0.0,0.0,0.0,0.0,True
2050,P0223,Anhui,ammonia,0.0,0.0,0.0,0.0,0.0,True
2050,P0224,Xinjiang,unabated,0.0,0.0,0.0,0.0,0.0,True
2050,P0224,Xinjiang,retire,0.0,0.0,0.0,0.0,0.0,True
2050,P0224,Xinjiang,ccs,0.17745107665369064,1030870.0886258179,0.8453134726731706,0.7607821254058535,0.8748994442167314,True
2050,P0224,Xinjiang,biomass,0.0,0.0,0.0,0.0,0.0,True
2050,P0224,Xinjiang,beccs,0.8225489233463116,4778449.911374194,3.9183289273268382,7.444824961920992,4.055470439783277,True
2050,P0224,Xinjiang,ammonia,0.0,0.0,0.0,0.0,0.0,True
2050,P0225,Heilongjiang,unabated,0.0,0.0,0.0,0.0,0.0,True
2050,P0225,Heilongjiang,retire,0.0,0.0,0.0,0.0,0.0,True
2050,P0225,Heilongjiang,ccs,0.0,0.0,0.0,0.0,0.0,True
2050,P0225,Heilongjiang,biomass,1.0,4174200.0,3.422844,3.422844,0.0,True
2050,P0225,Heilongjiang,beccs,0.0,0.0,0.0,0.0,0.0,True
2050,P0225,Heilongjiang,ammonia,0.0,0.0,0.0,0.0,0.0,True
2050,P0226,Anhui,unabated,0.0,0.0,0.0,0.0,0.0,True
2050,P0226,Anhui,retire,0.0,0.0,0.0,0.0,0.0,True
2050,P0226,Anhui,ccs,0.0,0.0,0.0,0.0,0.0,True
2050,P0226,Anhui,biomass,1.0,13416744.000000002,11.00173008,11.00173008,0.0,True
2050,P0226,Anhui,beccs,0.0,0.0,0.0,0.0,0.0,True
2050,P0226,Anhui,ammonia,0.0,0.0,0.0,0.0,0.0,True
2050,P0227,Shanxi,unabated,0.14236476024462785,2438587.332944267,1.9996416130142989,0.0,0.0,True
2050,P0227,Shanxi,retire,0.0,0.0,0.0,0.0,0.0,True
2050,P0227,Shanxi,ccs,0.0,0.0,0.0,0.0,0.0,True
2050,P0227,Shanxi,biomass,0.0,0.0,0.0,0.0,0.0,True
2050,P0227,Shanxi,beccs,0.8576352397553721,14690562.667055734,12.0462613869857,22.887896635272828,12.4678805355302,True
2050,P0227,Shanxi,ammonia,0.0,0.0,0.0,0.0,0.0,True
2050,P0228,Liaoning,unabated,0.0,0.0,0.0,0.0,0.0,True
2050,P0228,Liaoning,retire,0.0,0.0,0.0,0.0,0.0,True
2050,P0228,Liaoning,ccs,0.0,0.0,0.0,0.0,0.0,True
2050,P0228,Liaoning,biomass,0.0,0.0,0.0,0.0,0.0,True
2050,P0228,Liaoning,beccs,1.0,3720839.9999999995,3.051088799999999,5.797068719999998,2.9473517807999987,True
2050,P0228,Liaoning,ammonia,0.0,0.0,0.0,0.0,0.0,True
2050,P0229,Henan,unabated,0.0,0.0,0.0,0.0,0.0,True
2050,P0229,Henan,retire,0.0,0.0,0.0,0.0,0.0,True
2050,P0229,Henan,ccs,0.0,0.0,0.0,0.0,0.0,True
2050,P0229,Henan,biomass,1.0,13426508.0,11.009736559999999,11.009736559999999,0.0,True
2050,P0229,Henan,beccs,0.0,0.0,0.0,0.0,0.0,True
2050,P0229,Henan,ammonia,0.0,0.0,0.0,0.0,0.0,True
2050,P0230,Inner Mongolia,unabated,1.0,6641580.0,5.4460956,0.0,0.0,True
2050,P0230,Inner Mongolia,retire,0.0,0.0,0.0,0.0,0.0,True
2050,P0230,Inner Mongolia,ccs,0.0,0.0,0.0,0.0,0.0,True
2050,P0230,Inner Mongolia,biomass,0.0,0.0,0.0,0.0,0.0,True
2050,P0230,Inner Mongolia,beccs,0.0,0.0,0.0,0.0,0.0,True
2050,P0230,Inner Mongolia,ammonia,0.0,0.0,0.0,0.0,0.0,True
2050,P0231,Fujian,unabated,0.0,0.0,0.0,0.0,0.0,True
2050,P0231,Fujian,retire,0.0,0.0,0.0,0.0,0.0,True
2050,P0231,Fujian,ccs,0.0,0.0,0.0,0.0,0.0,True
2050,P0231,Fujian,biomass,1.0,6151440.0,5.0441807999999995,5.0441807999999995,0.0,True
2050,P0231,Fujian,beccs,0.0,0.0,0.0,0.0,0.0,True
2050,P0231,Fujian,ammonia,0.0,0.0,0.0,0.0,0.0,True
2050,P0232,Inner Mongolia,unabated,0.0,0.0,0.0,0.0,0.0,True
2050,P0232,Inner Mongolia,retire,0.0,0.0,0.0,0.0,0.0,True
2050,P0232,Inner Mongolia,ccs,0.0,0.0,0.0,0.0,0.0,True
2050,P0232,Inner Mongolia,biomass,0.029087755914698143,175626.05266176444,0.14401336318264682,0.10801002238698511,0.0,True
2050,P0232,Inner Mongolia,beccs,0.9709122440853019,5862173.947338235,4.806982636817352,7.93152135074863,4.97522702910596,True
2050,P0232,Inner Mongolia,ammonia,0.0,0.0,0.0,0.0,0.0,True
2050,P0233,Xinjiang,unabated,0.0,0.0,0.0,0.0,0.0,True
2050,P0233,Xinjiang,retire,0.0,0.0,0.0,0.0,0.0,True
2050,P0233,Xinjiang,ccs,0.004558682310485285,14445.187810880929,0.01184505400492236,0.010660548604430125,0.012259630895094645,True
2050,P0233,Xinjiang,biomass,0.0,0.0,0.0,0.0,0.0,True
2050,P0233,Xinjiang,beccs,0.9954413176895158,3154274.812189122,2.58650534599508,4.914360157390651,2.677033033104908,True
2050,P0233,Xinjiang,ammonia,0.0,0.0,0.0,0.0,0.0,True
2050,P0234,Hunan,unabated,0.0,0.0,0.0,0.0,0.0,True
2050,P0234,Hunan,retire,0.0,0.0,0.0,0.0,0.0,True
2050,P0234,Hunan,ccs,0.0,0.0,0.0,0.0,0.0,True
2050,P0234,Hunan,biomass,1.0,234414.0,0.19221947999999997,0.19221947999999997,0.0,True
2050,P0234,Hunan,beccs,0.0,0.0,0.0,0.0,0.0,True
2050,P0234,Hunan,ammonia,0.0,0.0,0.0,0.0,0.0,True
2050,P0235,Inner Mongolia,unabated,1.0,13283160.0,10.8921912,0.0,0.0,True
2050,P0235,Inner Mongolia,retire,0.0,0.0,0.0,0.0,0.0,True
2050,P0235,Inner Mongolia,ccs,0.0,0.0,0.0,0.0,0.0,True
2050,P0235,Inner Mongolia,biomass,0.0,0.0,0.0,0.0,0.0,True
2050,P0235,Inner Mongolia,beccs,0.0,0.0,0.0,0.0,0.0,True
2050,P0235,Inner Mongolia,ammonia,0.0,0.0,0.0,0.0,0.0,True
2050,P0236,Henan,unabated,0.0,0.0,0.0,0.0,0.0,True
2050,P0236,Henan,retire,0.17644539698469452,3385258.0957559473,2.7759116385198768,2.7759116385198768,0.0,True
2050,P0236,Henan,ccs,0.0,0.0,0.0,0.0,0.0,True
2050,P0236,Henan,biomass,0.8235546030153055,15800609.904244052,12.956500121480124,12.956500121480124,0.0,True
2050,P0236,Henan,beccs,0.0,0.0,0.0,0.0,0.0,True
2050,P0236,Henan,ammonia,0.0,0.0,0.0,0.0,0.0,True
2050,P0237,Jiangxi,unabated,0.0,0.0,0.0,0.0,0.0,True
2050,P0237,Jiangxi,retire,0.0,0.0,0.0,0.0,0.0,True
2050,P0237,Jiangxi,ccs,0.0,0.0,0.0,0.0,0.0,True
2050,P0237,Jiangxi,biomass,1.0,12869280.0,10.5528096,10.5528096,0.0,True
2050,P0237,Jiangxi,beccs,0.0,0.0,0.0,0.0,0.0,True
2050,P0237,Jiangxi,ammonia,0.0,0.0,0.0,0.0,0.0,True
2050,P0238,Sichuan,unabated,0.0,0.0,0.0,0.0,0.0,True
2050,P0238,Sichuan,retire,0.0,0.0,0.0,0.0,0.0,True
2050,P0238,Sichuan,ccs,0.0,0.0,0.0,0.0,0.0,True
2050,P0238,Sichuan,biomass,0.0,0.0,0.0,0.0,0.0,True
2050,P0238,Sichuan,beccs,1.0,9992799.999999998,8.194095999999998,15.568782399999996,8.480889359999997,True
2050,P0238,Sichuan,ammonia,0.0,0.0,0.0,0.0,0.0,True
2050,P0239,Guizhou,unabated,0.0,0.0,0.0,0.0,0.0,True
2050,P0239,Guizhou,retire,0.0,0.0,0.0,0.0,0.0,True
2050,P0239,Guizhou,ccs,0.0,0.0,0.0,0.0,0.0,True
2050,P0239,Guizhou,biomass,1.0,17659212.0,14.48055384,14.48055384,0.0,True
2050,P0239,Guizhou,beccs,0.0,0.0,0.0,0.0,0.0,True
2050,P0239,Guizhou,ammonia,0.0,0.0,0.0,0.0,0.0,True
2050,P0240,Guangdong,unabated,0.0,0.0,0.0,0.0,0.0,True
2050,P0240,Guangdong,retire,0.0,0.0,0.0,0.0,0.0,True
2050,P0240,Guangdong,ccs,0.0,0.0,0.0,0.0,0.0,True
2050,P0240,Guangdong,biomass,0.0,0.0,0.0,0.0,0.0,True
2050,P0240,Guangdong,beccs,1.0,9663400.0,7.923987999999999,15.055577199999997,8.201327579999997,True
2050,P0240,Guangdong,ammonia,0.0,0.0,0.0,0.0,0.0,True
2050,P0241,Guangxi,unabated,0.0,0.0,0.0,0.0,0.0,True
2050,P0241,Guangxi,retire,0.0,0.0,0.0,0.0,0.0,True
2050,P0241,Guangxi,ccs,0.0,0.0,0.0,0.0,0.0,True
2050,P0241,Guangxi,biomass,0.0,0.0,0.0,0.0,0.0,True
2050,P0241,Guangxi,beccs,1.0,3350620.0,2.7475084,5.22026596,2.843671194,True
2050,P0241,Guangxi,ammonia,0.0,0.0,0.0,0.0,0.0,True
2050,P0242,Xinjiang,unabated,0.11686815206364398,3258837.5671025673,2.6722468050241046,0.0,0.0,True
2050,P0242,Xinjiang,retire,0.0,0.0,0.0,0.0,0.0,True
2050,P0242,Xinjiang,ccs,0.883131847936356,24625898.43289743,20.19323671497589,18.1739130434783,20.9,True
2050,P0242,Xinjiang,biomass,0.0,0.0,0.0,0.0,0.0,True
2050,P0242,Xinjiang,beccs,0.0,0.0,0.0,0.0,0.0,True
2050,P0242,Xinjiang,ammonia,0.0,0.0,0.0,0.0,0.0,True
2050,P0243,Anhui,unabated,0.0,0.0,0.0,0.0,0.0,True
2050,P0243,Anhui,retire,1.0,124308166.00000001,101.93269612,101.93269612,0.0,True
2050,P0243,Anhui,ccs,0.0,0.0,0.0,0.0,0.0,True
2050,P0243,Anhui,biomass,0.0,0.0,0.0,0.0,0.0,True
2050,P0243,Anhui,beccs,0.0,0.0,0.0,0.0,0.0,True
2050,P0243,Anhui,ammonia,0.0,0.0,0.0,0.0,0.0,True
2050,P0244,Gansu,unabated,0.0,0.0,0.0,0.0,0.0,True
2050,P0244,Gansu,retire,1.0,15124456.000000002,12.40205392,12.40205392,0.0,True
2050,P0244,Gansu,ccs,0.0,0.0,0.0,0.0,0.0,True
2050,P0244,Gansu,biomass,0.0,0.0,0.0,0.0,0.0,True
2050,P0244,Gansu,beccs,0.0,0.0,0.0,0.0,0.0,True
2050,P0244,Gansu,ammonia,0.0,0.0,0.0,0.0,0.0,True
2050,P0245,Hubei,unabated,0.0,0.0,0.0,0.0,0.0,True
2050,P0245,Hubei,retire,0.0,0.0,0.0,0.0,0.0,True
2050,P0245,Hubei,ccs,0.0,0.0,0.0,0.0,0.0,True
2050,P0245,Hubei,biomass,1.0,7247976.799999999,5.943340975999999,5.943340975999999,0.0,True
2050,P0245,Hubei,beccs,0.0,0.0,0.0,0.0,0.0,True
2050,P0245,Hubei,ammonia,0.0,0.0,0.0,0.0,0.0,True
2050,P0246,Inner Mongolia,unabated,1.0,41107355.0,33.7080311,0.0,0.0,True
2050,P0246,Inner Mongolia,retire,0.0,0.0,0.0,0.0,0.0,True
2050,P0246,Inner Mongolia,ccs,0.0,0.0,0.0,0.0,0.0,True
2050,P0246,Inner Mongolia,biomass,0.0,0.0,0.0,0.0,0.0,True
2050,P0246,Inner Mongolia,beccs,0.0,0.0,0.0,0.0,0.0,True
2050,P0246,Inner Mongolia,ammonia,0.0,0.0,0.0,0.0,0.0,True
2050,P0247,Shandong,unabated,0.0,0.0,0.0,0.0,0.0,True
2050,P0247,Shandong,retire,1.0,8983866.0,7.366770119999999,7.366770119999999,0.0,True
2050,P0247,Shandong,ccs,0.0,0.0,0.0,0.0,0.0,True
2050,P0247,Shandong,biomass,0.0,0.0,0.0,0.0,0.0,True
2050,P0247,Shandong,beccs,0.0,0.0,0.0,0.0,0.0,True
2050,P0247,Shandong,ammonia,0.0,0.0,0.0,0.0,0.0,True
2050,P0248,Henan,unabated,0.0,0.0,0.0,0.0,0.0,True
2050,P0248,Henan,retire,1.0,30200644.0,24.764528079999998,24.764528079999998,0.0,True
2050,P0248,Henan,ccs,0.0,0.0,0.0,0.0,0.0,True
2050,P0248,Henan,biomass,0.0,0.0,0.0,0.0,0.0,True
2050,P0248,Henan,beccs,0.0,0.0,0.0,0.0,0.0,True
2050,P0248,Henan,ammonia,0.0,0.0,0.0,0.0,0.0,True
2050,P0249,Gansu,unabated,0.0,0.0,0.0,0.0,0.0,True
2050,P0249,Gansu,retire,0.0,0.0,0.0,0.0,0.0,True
2050,P0249,Gansu,ccs,0.0,0.0,0.0,0.0,0.0,True
2050,P0249,Gansu,biomass,1.0,2513760.0000000005,2.0612832,2.0612832,0.0,True
2050,P0249,Gansu,beccs,0.0,0.0,0.0,0.0,0.0,True
2050,P0249,Gansu,ammonia,0.0,0.0,0.0,0.0,0.0,True
2050,P0250,Gansu,unabated,0.31166330026633493,783446.7376775022,0.6424263248955517,0.0,0.0,True
2050,P0250,Gansu,retire,0.6883366997336651,1730313.2623224983,1.4188568751044484,1.4188568751044484,0.0,True
2050,P0250,Gansu,ccs,0.0,0.0,0.0,0.0,0.0,True
2050,P0250,Gansu,biomass,0.0,0.0,0.0,0.0,0.0,True
2050,P0250,Gansu,beccs,0.0,0.0,0.0,0.0,0.0,True
2050,P0250,Gansu,ammonia,0.0,0.0,0.0,0.0,0.0,True
2050,P0251,Hebei,unabated,0.0,0.0,0.0,0.0,0.0,True
2050,P0251,Hebei,retire,0.0,0.0,0.0,0.0,0.0,True
2050,P0251,Hebei,ccs,0.0,0.0,0.0,0.0,0.0,True
2050,P0251,Hebei,biomass,0.9688850279033638,5870412.375424696,4.813738147848251,4.813738147848251,0.0,True
2050,P0251,Hebei,beccs,0.03111497209663599,188523.62457530329,0.1545893721517487,0.2937198070883225,0.1600000001770599,True
2050,P0251,Hebei,ammonia,0.0,0.0,0.0,0.0,0.0,True
2050,P0252,Guangxi,unabated,0.0,0.0,0.0,0.0,0.0,True
2050,P0252,Guangxi,retire,0.0,0.0,0.0,0.0,0.0,True
2050,P0252,Guangxi,ccs,0.0,0.0,0.0,0.0,0.0,True
2050,P0252,Guangxi,biomass,0.0,0.0,0.0,0.0,0.0,True
2050,P0252,Guangxi,beccs,1.0,10003994.0,8.20327508,15.586222651999998,8.490389707799995,True
2050,P0252,Guangxi,ammonia,0.0,0.0,0.0,0.0,0.0,True
2050,P0253,Guangxi,unabated,0.0,0.0,0.0,0.0,0.0,True
2050,P0253,Guangxi,retire,0.0,0.0,0.0,0.0,0.0,True
2050,P0253,Guangxi,ccs,0.0,0.0,0.0,0.0,0.0,True
2050,P0253,Guangxi,biomass,1.0,5456724.0,4.474513679999999,4.474513679999999,0.0,True
2050,P0253,Guangxi,beccs,0.0,0.0,0.0,0.0,0.0,True
2050,P0253,Guangxi,ammonia,0.0,0.0,0.0,0.0,0.0,True
2050,P0254,Jiangxi,unabated,0.0,0.0,0.0,0.0,0.0,True
2050,P0254,Jiangxi,retire,0.0,0.0,0.0,0.0,0.0,True
2050,P0254,Jiangxi,ccs,0.0,0.0,0.0,0.0,0.0,True
2050,P0254,Jiangxi,biomass,1.0,6291647.999999999,5.159151359999998,5.159151359999998,0.0,True
2050,P0254,Jiangxi,beccs,0.0,0.0,0.0,0.0,0.0,True
2050,P0254,Jiangxi,ammonia,0.0,0.0,0.0,0.0,0.0,True
2050,P0255,Anhui,unabated,0.0,0.0,0.0,0.0,0.0,True
2050,P0255,Anhui,retire,0.0,0.0,0.0,0.0,0.0,True
2050,P0255,Anhui,ccs,0.0,0.0,0.0,0.0,0.0,True
2050,P0255,Anhui,biomass,1.0,25003932.0,20.503224239999998,20.503224239999998,0.0,True
2050,P0255,Anhui,beccs,0.0,0.0,0.0,0.0,0.0,True
2050,P0255,Anhui,ammonia,0.0,0.0,0.0,0.0,0.0,True
2050,P0256,Heilongjiang,unabated,0.0,0.0,0.0,0.0,0.0,True
2050,P0256,Heilongjiang,retire,0.0,0.0,0.0,0.0,0.0,True
2050,P0256,Heilongjiang,ccs,0.0,0.0,0.0,0.0,0.0,True
2050,P0256,Heilongjiang,biomass,0.0,0.0,0.0,0.0,0.0,True
2050,P0256,Heilongjiang,beccs,1.0,194796.0,0.15973272,0.30349216799999995,0.16532336520000968,True
2050,P0256,Heilongjiang,ammonia,0.0,0.0,0.0,0.0,0.0,True
2050,P0257,Inner Mongolia,unabated,0.0,0.0,0.0,0.0,0.0,True
2050,P0257,Inner Mongolia,retire,0.0,0.0,0.0,0.0,0.0,True
2050,P0257,Inner Mongolia,ccs,0.0,0.0,0.0,0.0,0.0,True
2050,P0257,Inner Mongolia,biomass,1.0,362267.99999999994,0.29705975999999995,0.29705975999999995,0.0,True
2050,P0257,Inner Mongolia,beccs,0.0,0.0,0.0,0.0,0.0,True
2050,P0257,Inner Mongolia,ammonia,0.0,0.0,0.0,0.0,0.0,True
2050,P0258,Xinjiang,unabated,0.0,0.0,0.0,0.0,0.0,True
2050,P0258,Xinjiang,retire,0.0,0.0,0.0,0.0,0.0,True
2050,P0258,Xinjiang,ccs,0.6672416633213178,2466685.6706327805,2.02268224991888,1.8204140249269918,2.093476128666041,True
2050,P0258,Xinjiang,biomass,0.0,0.0,0.0,0.0,0.0,True
2050,P0258,Xinjiang,beccs,0.3327583366786822,1230154.3293672195,1.0087265500811198,1.9165804451541277,1.044031979333959,True
2050,P0258,Xinjiang,ammonia,0.0,0.0,0.0,0.0,0.0,True
2050,P0259,Guizhou,unabated,0.0,0.0,0.0,0.0,0.0,True
2050,P0259,Guizhou,retire,1.0,20792298.0,17.04968436,17.04968436,0.0,True
2050,P0259,Guizhou,ccs,0.0,0.0,0.0,0.0,0.0,True
2050,P0259,Guizhou,biomass,0.0,0.0,0.0,0.0,0.0,True
2050,P0259,Guizhou,beccs,0.0,0.0,0.0,0.0,0.0,True
2050,P0259,Guizhou,ammonia,0.0,0.0,0.0,0.0,0.0,True
2050,P0260,Ningxia,unabated,0.0,0.0,0.0,0.0,0.0,True
2050,P0260,Ningxia,retire,0.0,0.0,0.0,0.0,0.0,True
2050,P0260,Ningxia,ccs,0.0,0.0,0.0,0.0,0.0,True
2050,P0260,Ningxia,biomass,0.0,0.0,0.0,0.0,0.0,True
2050,P0260,Ningxia,beccs,1.0,13222594.0,10.84252708,20.600801452,11.222015527800002,True
2050,P0260,Ningxia,ammonia,0.0,0.0,0.0,0.0,0.0,True
2050,P0261,Xinjiang,unabated,0.0,0.0,0.0,0.0,0.0,True
2050,P0261,Xinjiang,retire,0.0,0.0,0.0,0.0,0.0,True
2050,P0261,Xinjiang,ccs,1.0,3696839.9999999995,3.0314087999999995,2.7282679199999995,3.137508107999999,True
2050,P0261,Xinjiang,biomass,0.0,0.0,0.0,0.0,0.0,True
2050,P0261,Xinjiang,beccs,0.0,0.0,0.0,0.0,0.0,True
2050,P0261,Xinjiang,ammonia,0.0,0.0,0.0,0.0,0.0,True
2050,P0262,Guizhou,unabated,0.0,0.0,0.0,0.0,0.0,True
2050,P0262,Guizhou,retire,0.0,0.0,0.0,0.0,0.0,True
2050,P0262,Guizhou,ccs,0.0,0.0,0.0,0.0,0.0,True
2050,P0262,Guizhou,biomass,1.0,5696520.0,4.6711464,4.6711464,0.0,True
2050,P0262,Guizhou,beccs,0.0,0.0,0.0,0.0,0.0,True
2050,P0262,Guizhou,ammonia,0.0,0.0,0.0,0.0,0.0,True
2050,P0263,Shaanxi,unabated,0.0,0.0,0.0,0.0,0.0,True
2050,P0263,Shaanxi,retire,0.0,0.0,0.0,0.0,0.0,True
2050,P0263,Shaanxi,ccs,0.0,0.0,0.0,0.0,0.0,True
2050,P0263,Shaanxi,biomass,1.0,3176600.0,2.604812,2.604812,0.0,True
2050,P0263,Shaanxi,beccs,0.0,0.0,0.0,0.0,0.0,True
2050,P0263,Shaanxi,ammonia,0.0,0.0,0.0,0.0,0.0,True
2050,P0264,Sichuan,unabated,0.0,0.0,0.0,0.0,0.0,True
2050,P0264,Sichuan,retire,0.0,0.0,0.0,0.0,0.0,True
2050,P0264,Sichuan,ccs,0.0,0.0,0.0,0.0,0.0,True
2050,P0264,Sichuan,biomass,0.0,0.0,0.0,0.0,0.0,True
2050,P0264,Sichuan,beccs,1.0,5995679.999999999,4.916457599999998,9.341269439999996,4.749298041600014,True
2050,P0264,Sichuan,ammonia,0.0,0.0,0.0,0.0,0.0,True
2050,P0265,Gansu,unabated,0.0,0.0,0.0,0.0,0.0,True
2050,P0265,Gansu,retire,0.0,0.0,0.0,0.0,0.0,True
2050,P0265,Gansu,ccs,0.0,0.0,0.0,0.0,0.0,True
2050,P0265,Gansu,biomass,1.0,2932720.0,2.4048304,2.4048304,0.0,True
2050,P0265,Gansu,beccs,0.0,0.0,0.0,0.0,0.0,True
2050,P0265,Gansu,ammonia,0.0,0.0,0.0,0.0,0.0,True
2050,P0266,Heilongjiang,unabated,0.0,0.0,0.0,0.0,0.0,True
2050,P0266,Heilongjiang,retire,0.0,0.0,0.0,0.0,0.0,True
2050,P0266,Heilongjiang,ccs,0.0,0.0,0.0,0.0,0.0,True
2050,P0266,Heilongjiang,biomass,1.0,939195.0000000001,0.7701399,0.7701399,0.0,True
2050,P0266,Heilongjiang,beccs,0.0,0.0,0.0,0.0,0.0,True
2050,P0266,Heilongjiang,ammonia,0.0,0.0,0.0,0.0,0.0,True
2050,P0267,Hubei,unabated,0.0,0.0,0.0,0.0,0.0,True
2050,P0267,Hubei,retire,0.0,0.0,0.0,0.0,0.0,True
2050,P0267,Hubei,ccs,0.0,0.0,0.0,0.0,0.0,True
2050,P0267,Hubei,biomass,1.0,17473136.0,14.32797152,14.32797152,0.0,True
2050,P0267,Hubei,beccs,0.0,0.0,0.0,0.0,0.0,True
2050,P0267,Hubei,ammonia,0.0,0.0,0.0,0.0,0.0,True
2050,P0268,Inner Mongolia,unabated,0.0,0.0,0.0,0.0,0.0,True
2050,P0268,Inner Mongolia,retire,0.0,0.0,0.0,0.0,0.0,True
2050,P0268,Inner Mongolia,ccs,0.0,0.0,0.0,0.0,0.0,True
2050,P0268,Inner Mongolia,biomass,1.0,452835.0,0.37132469999999995,0.37132469999999995,0.0,True
2050,P0268,Inner Mongolia,beccs,0.0,0.0,0.0,0.0,0.0,True
2050,P0268,Inner Mongolia,ammonia,0.0,0.0,0.0,0.0,0.0,True
2050,P0269,Guangdong,unabated,0.0,0.0,0.0,0.0,0.0,True
2050,P0269,Guangdong,retire,1.0,77191239.2,63.296816144000005,63.296816144000005,0.0,True
2050,P0269,Guangdong,ccs,0.0,0.0,0.0,0.0,0.0,True
2050,P0269,Guangdong,biomass,0.0,0.0,0.0,0.0,0.0,True
2050,P0269,Guangdong,beccs,0.0,0.0,0.0,0.0,0.0,True
2050,P0269,Guangdong,ammonia,0.0,0.0,0.0,0.0,0.0,True
2050,P0270,Xinjiang,unabated,0.28221521510015635,894260.9963921673,0.733294017041577,0.0,0.0,True
2050,P0270,Xinjiang,retire,0.0,0.0,0.0,0.0,0.0,True
2050,P0270,Xinjiang,ccs,0.0,0.0,0.0,0.0,0.0,True
2050,P0270,Xinjiang,biomass,0.7177847848998437,2274459.0036078324,1.8650563829584221,1.8650563829584221,0.0,True
2050,P0270,Xinjiang,beccs,0.0,0.0,0.0,0.0,0.0,True
2050,P0270,Xinjiang,ammonia,0.0,0.0,0.0,0.0,0.0,True
2050,P0271,Guangdong,unabated,0.0,0.0,0.0,0.0,0.0,True
2050,P0271,Guangdong,retire,0.0,0.0,0.0,0.0,0.0,True
2050,P0271,Guangdong,ccs,0.0,0.0,0.0,0.0,0.0,True
2050,P0271,Guangdong,biomass,1.0,2899020.0,2.3771964,2.3771964,0.0,True
2050,P0271,Guangdong,beccs,0.0,0.0,0.0,0.0,0.0,True
2050,P0271,Guangdong,ammonia,0.0,0.0,0.0,0.0,0.0,True
2050,P0272,Qinghai,unabated,0.0,0.0,0.0,0.0,0.0,True
2050,P0272,Qinghai,retire,0.0,0.0,0.0,0.0,0.0,True
2050,P0272,Qinghai,ccs,1.0,5408039.999999999,4.434592799999999,3.991133519999999,4.589803547999999,True
2050,P0272,Qinghai,biomass,0.0,0.0,0.0,0.0,0.0,True
2050,P0272,Qinghai,beccs,0.0,0.0,0.0,0.0,0.0,True
2050,P0272,Qinghai,ammonia,0.0,0.0,0.0,0.0,0.0,True
2050,P0273,Fujian,unabated,0.0,0.0,0.0,0.0,0.0,True
2050,P0273,Fujian,retire,0.0,0.0,0.0,0.0,0.0,True
2050,P0273,Fujian,ccs,0.0,0.0,0.0,0.0,0.0,True
2050,P0273,Fujian,biomass,1.0,3075720.0,2.5220903999999997,2.5220903999999997,0.0,True
2050,P0273,Fujian,beccs,0.0,0.0,0.0,0.0,0.0,True
2050,P0273,Fujian,ammonia,0.0,0.0,0.0,0.0,0.0,True
2050,P0274,Hebei,unabated,0.0,0.0,0.0,0.0,0.0,True
2050,P0274,Hebei,retire,0.0,0.0,0.0,0.0,0.0,True
2050,P0274,Hebei,ccs,0.0,0.0,0.0,0.0,0.0,True
2050,P0274,Hebei,biomass,1.0,6237140.0,5.1144548,5.1144548,0.0,True
2050,P0274,Hebei,beccs,0.0,0.0,0.0,0.0,0.0,True
2050,P0274,Hebei,ammonia,0.0,0.0,0.0,0.0,0.0,True
2050,P0275,Gansu,unabated,0.0,0.0,0.0,0.0,0.0,True
2050,P0275,Gansu,retire,1.0,15166352.000000002,12.43640864,12.43640864,0.0,True
2050,P0275,Gansu,ccs,0.0,0.0,0.0,0.0,0.0,True
2050,P0275,Gansu,biomass,0.0,0.0,0.0,0.0,0.0,True
2050,P0275,Gansu,beccs,0.0,0.0,0.0,0.0,0.0,True
2050,P0275,Gansu,ammonia,0.0,0.0,0.0,0.0,0.0,True
2050,P0276,Xinjiang,unabated,0.0,0.0,0.0,0.0,0.0,True
2050,P0276,Xinjiang,retire,0.0,0.0,0.0,0.0,0.0,True
2050,P0276,Xinjiang,ccs,1.0,3168719.9999999995,2.5983503999999993,2.3385153599999993,2.6892926639999994,True
2050,P0276,Xinjiang,biomass,0.0,0.0,0.0,0.0,0.0,True
2050,P0276,Xinjiang,beccs,0.0,0.0,0.0,0.0,0.0,True
2050,P0276,Xinjiang,ammonia,0.0,0.0,0.0,0.0,0.0,True
2050,P0277,Guangxi,unabated,0.0,0.0,0.0,0.0,0.0,True
2050,P0277,Guangxi,retire,0.0,0.0,0.0,0.0,0.0,True
2050,P0277,Guangxi,ccs,0.0,0.0,0.0,0.0,0.0,True
2050,P0277,Guangxi,biomass,1.0,3350620.0,2.7475084,2.7475084,0.0,True
2050,P0277,Guangxi,beccs,0.0,0.0,0.0,0.0,0.0,True
2050,P0277,Guangxi,ammonia,0.0,0.0,0.0,0.0,0.0,True
2050,P0278,Inner Mongolia,unabated,0.0,0.0,0.0,0.0,0.0,True
2050,P0278,Inner Mongolia,retire,0.0,0.0,0.0,0.0,0.0,True
2050,P0278,Inner Mongolia,ccs,1.0,8151030.0,6.6838446,6.01546014,6.917779161000021,True
2050,P0278,Inner Mongolia,biomass,0.0,0.0,0.0,0.0,0.0,True
2050,P0278,Inner Mongolia,beccs,0.0,0.0,0.0,0.0,0.0,True
2050,P0278,Inner Mongolia,ammonia,0.0,0.0,0.0,0.0,0.0,True
2050,P0279,Guangxi,unabated,0.0,0.0,0.0,0.0,0.0,True
2050,P0279,Guangxi,retire,0.0,0.0,0.0,0.0,0.0,True
2050,P0279,Guangxi,ccs,0.0,0.0,0.0,0.0,0.0,True
2050,P0279,Guangxi,biomass,0.4273900620884026,2454894.3254308174,2.01301334685327,2.01301334685327,0.0,True
2050,P0279,Guangxi,beccs,0.5726099379115974,3289025.6745691826,2.6970010531467294,5.124302000978786,2.6053030173397405,True
2050,P0279,Guangxi,ammonia,0.0,0.0,0.0,0.0,0.0,True
2050,P0280,Anhui,unabated,0.0,0.0,0.0,0.0,0.0,True
2050,P0280,Anhui,retire,0.0,0.0,0.0,0.0,0.0,True
2050,P0280,Anhui,ccs,0.0,0.0,0.0,0.0,0.0,True
2050,P0280,Anhui,biomass,1.0,6708372.000000001,5.50086504,5.50086504,0.0,True
2050,P0280,Anhui,beccs,0.0,0.0,0.0,0.0,0.0,True
2050,P0280,Anhui,ammonia,0.0,0.0,0.0,0.0,0.0,True
2050,P0281,Xinjiang,unabated,0.0,0.0,0.0,0.0,0.0,True
2050,P0281,Xinjiang,retire,0.0,0.0,0.0,0.0,0.0,True
2050,P0281,Xinjiang,ccs,0.13987232044940467,1492161.2714899397,1.2235722426217504,1.1012150183595752,1.2663972711135114,True
2050,P0281,Xinjiang,biomass,0.0,0.0,0.0,0.0,0.0,True
2050,P0281,Xinjiang,beccs,0.8601276795505953,9175862.72851006,7.524207437378247,14.295994131018668,7.787554697686485,True
2050,P0281,Xinjiang,ammonia,0.0,0.0,0.0,0.0,0.0,True
2050,P0282,Shandong,unabated,0.0,0.0,0.0,0.0,0.0,True
2050,P0282,Shandong,retire,0.0,0.0,0.0,0.0,0.0,True
2050,P0282,Shandong,ccs,0.0,0.0,0.0,0.0,0.0,True
2050,P0282,Shandong,biomass,1.0,3532491.0000000005,2.89664262,2.89664262,0.0,True
2050,P0282,Shandong,beccs,0.0,0.0,0.0,0.0,0.0,True
2050,P0282,Shandong,ammonia,0.0,0.0,0.0,0.0,0.0,True
2050,P0283,Hubei,unabated,0.0,0.0,0.0,0.0,0.0,True
2050,P0283,Hubei,retire,0.0,0.0,0.0,0.0,0.0,True
2050,P0283,Hubei,ccs,0.0,0.0,0.0,0.0,0.0,True
2050,P0283,Hubei,biomass,1.0,4949472.0,4.05856704,4.05856704,0.0,True
2050,P0283,Hubei,beccs,0.0,0.0,0.0,0.0,0.0,True
2050,P0283,Hubei,ammonia,0.0,0.0,0.0,0.0,0.0,True
2050,P0284,Shandong,unabated,0.0,0.0,0.0,0.0,0.0,True
2050,P0284,Shandong,retire,1.0,38377680.00000001,31.469697600000003,31.469697600000003,0.0,True
2050,P0284,Shandong,ccs,0.0,0.0,0.0,0.0,0.0,True
2050,P0284,Shandong,biomass,0.0,0.0,0.0,0.0,0.0,True
2050,P0284,Shandong,beccs,0.0,0.0,0.0,0.0,0.0,True
2050,P0284,Shandong,ammonia,0.0,0.0,0.0,0.0,0.0,True
2050,P0285,Yunnan,unabated,0.0,0.0,0.0,0.0,0.0,True
2050,P0285,Yunnan,retire,0.0,0.0,0.0,0.0,0.0,True
2050,P0285,Yunnan,ccs,0.0,0.0,0.0,0.0,0.0,True
2050,P0285,Yunnan,biomass,1.0,5378639.999999999,4.410484799999999,4.410484799999999,0.0,True
2050,P0285,Yunnan,beccs,0.0,0.0,0.0,0.0,0.0,True
2050,P0285,Yunnan,ammonia,0.0,0.0,0.0,0.0,0.0,True
2050,P0286,Jiangxi,unabated,0.0,0.0,0.0,0.0,0.0,True
2050,P0286,Jiangxi,retire,0.0,0.0,0.0,0.0,0.0,True
2050,P0286,Jiangxi,ccs,0.0,0.0,0.0,0.0,0.0,True
2050,P0286,Jiangxi,biomass,1.0,7149600.0,5.862672,5.862672,0.0,True
2050,P0286,Jiangxi,beccs,0.0,0.0,0.0,0.0,0.0,True
2050,P0286,Jiangxi,ammonia,0.0,0.0,0.0,0.0,0.0,True
2050,P0287,Gansu,unabated,0.0,0.0,0.0,0.0,0.0,True
2050,P0287,Gansu,retire,1.0,5530272.0,4.53482304,4.53482304,0.0,True
2050,P0287,Gansu,ccs,0.0,0.0,0.0,0.0,0.0,True
2050,P0287,Gansu,biomass,0.0,0.0,0.0,0.0,0.0,True
2050,P0287,Gansu,beccs,0.0,0.0,0.0,0.0,0.0,True
2050,P0287,Gansu,ammonia,0.0,0.0,0.0,0.0,0.0,True
2050,P0288,Inner Mongolia,unabated,1.0,6641580.0,5.4460956,0.0,0.0,True
2050,P0288,Inner Mongolia,retire,0.0,0.0,0.0,0.0,0.0,True
2050,P0288,Inner Mongolia,ccs,0.0,0.0,0.0,0.0,0.0,True
2050,P0288,Inner Mongolia,biomass,0.0,0.0,0.0,0.0,0.0,True
2050,P0288,Inner Mongolia,beccs,0.0,0.0,0.0,0.0,0.0,True
2050,P0288,Inner Mongolia,ammonia,0.0,0.0,0.0,0.0,0.0,True
2050,P0289,Inner Mongolia,unabated,0.0,0.0,0.0,0.0,0.0,True
2050,P0289,Inner Mongolia,retire,0.0,0.0,0.0,0.0,0.0,True
2050,P0289,Inner Mongolia,ccs,0.0,0.0,0.0,0.0,0.0,True
2050,P0289,Inner Mongolia,biomass,0.0,0.0,0.0,0.0,0.0,True
2050,P0289,Inner Mongolia,beccs,1.0,2566065.0,2.1041733,3.9979292699999993,2.0326314077999994,True
2050,P0289,Inner Mongolia,ammonia,0.0,0.0,0.0,0.0,0.0,True
2050,P0290,Guizhou,unabated,0.0,0.0,0.0,0.0,0.0,True
2050,P0290,Guizhou,retire,0.0,0.0,0.0,0.0,0.0,True
2050,P0290,Guizhou,ccs,0.0,0.0,0.0,0.0,0.0,True
2050,P0290,Guizhou,biomass,1.0,8829606.0,7.24027692,7.24027692,0.0,True
2050,P0290,Guizhou,beccs,0.0,0.0,0.0,0.0,0.0,True
2050,P0290,Guizhou,ammonia,0.0,0.0,0.0,0.0,0.0,True
2050,P0291,Shanxi,unabated,0.0,0.0,0.0,0.0,0.0,True
2050,P0291,Shanxi,retire,0.0,0.0,0.0,0.0,0.0,True
2050,P0291,Shanxi,ccs,0.0,0.0,0.0,0.0,0.0,True
2050,P0291,Shanxi,biomass,0.0,0.0,0.0,0.0,0.0,True
2050,P0291,Shanxi,beccs,1.0,4490615.0,3.6823042999999998,6.996378169999999,3.811184950500006,True
2050,P0291,Shanxi,ammonia,0.0,0.0,0.0,0.0,0.0,True
2050,P0292,Chongqing,unabated,0.0,0.0,0.0,0.0,0.0,True
2050,P0292,Chongqing,retire,0.0,0.0,0.0,0.0,0.0,True
2050,P0292,Chongqing,ccs,0.0,0.0,0.0,0.0,0.0,True
2050,P0292,Chongqing,biomass,1.0,2876520.0,2.3587464,2.3587464,0.0,True
2050,P0292,Chongqing,beccs,0.0,0.0,0.0,0.0,0.0,True
2050,P0292,Chongqing,ammonia,0.0,0.0,0.0,0.0,0.0,True
2050,P0293,Chongqing,unabated,0.0,0.0,0.0,0.0,0.0,True
2050,P0293,Chongqing,retire,0.0,0.0,0.0,0.0,0.0,True
2050,P0293,Chongqing,ccs,0.0,0.0,0.0,0.0,0.0,True
2050,P0293,Chongqing,biomass,0.0,0.0,0.0,0.0,0.0,True
2050,P0293,Chongqing,beccs,1.0,958840.0,0.7862488,1.49387272,0.7595163407999999,True
2050,P0293,Chongqing,ammonia,0.0,0.0,0.0,0.0,0.0,True
2050,P0294,Jiangxi,unabated,0.0,0.0,0.0,0.0,0.0,True
2050,P0294,Jiangxi,retire,0.0,0.0,0.0,0.0,0.0,True
2050,P0294,Jiangxi,ccs,0.0,0.0,0.0,0.0,0.0,True
2050,P0294,Jiangxi,biomass,1.0,6291647.999999999,5.159151359999998,5.159151359999998,0.0,True
2050,P0294,Jiangxi,beccs,0.0,0.0,0.0,0.0,0.0,True
2050,P0294,Jiangxi,ammonia,0.0,0.0,0.0,0.0,0.0,True
2050,P0295,Guangdong,unabated,0.0,0.0,0.0,0.0,0.0,True
2050,P0295,Guangdong,retire,0.0,0.0,0.0,0.0,0.0,True
2050,P0295,Guangdong,ccs,0.0,0.0,0.0,0.0,0.0,True
2050,P0295,Guangdong,biomass,0.0,0.0,0.0,0.0,0.0,True
2050,P0295,Guangdong,beccs,1.0,14857477.5,12.183131549999999,23.147949944999997,11.768905077299998,True
2050,P0295,Guangdong,ammonia,0.0,0.0,0.0,0.0,0.0,True
2050,P0296,Henan,unabated,0.0,0.0,0.0,0.0,0.0,True
2050,P0296,Henan,retire,0.0,0.0,0.0,0.0,0.0,True
2050,P0296,Henan,ccs,0.0,0.0,0.0,0.0,0.0,True
2050,P0296,Henan,biomass,1.0,14182424.0,11.62958768,11.62958768,0.0,True
2050,P0296,Henan,beccs,0.0,0.0,0.0,0.0,0.0,True
2050,P0296,Henan,ammonia,0.0,0.0,0.0,0.0,0.0,True
2050,P0297,Jiangxi,unabated,0.0,0.0,0.0,0.0,0.0,True
2050,P0297,Jiangxi,retire,0.0,0.0,0.0,0.0,0.0,True
2050,P0297,Jiangxi,ccs,0.0,0.0,0.0,0.0,0.0,True
2050,P0297,Jiangxi,biomass,0.0,0.0,0.0,0.0,0.0,True
2050,P0297,Jiangxi,beccs,1.0,9532800.0,7.816895999999999,14.852102399999998,8.090487360000019,True
2050,P0297,Jiangxi,ammonia,0.0,0.0,0.0,0.0,0.0,True
2050,P0298,Xinjiang,unabated,0.0,0.0,0.0,0.0,0.0,True
2050,P0298,Xinjiang,retire,0.0,0.0,0.0,0.0,0.0,True
2050,P0298,Xinjiang,ccs,0.0,0.0,0.0,0.0,0.0,True
2050,P0298,Xinjiang,biomass,0.0,0.0,0.0,0.0,0.0,True
2050,P0298,Xinjiang,beccs,1.0,5281200.0,4.330584,8.2281096,4.4821544399999995,True
2050,P0298,Xinjiang,ammonia,0.0,0.0,0.0,0.0,0.0,True
2050,P0299,Liaoning,unabated,0.0,0.0,0.0,0.0,0.0,True
2050,P0299,Liaoning,retire,0.0,0.0,0.0,0.0,0.0,True
2050,P0299,Liaoning,ccs,0.0,0.0,0.0,0.0,0.0,True
2050,P0299,Liaoning,biomass,1.0,1612363.9999999998,1.3221384799999998,1.3221384799999998,0.0,True
2050,P0299,Liaoning,beccs,0.0,0.0,0.0,0.0,0.0,True
2050,P0299,Liaoning,ammonia,0.0,0.0,0.0,0.0,0.0,True
2050,P0300,Guangxi,unabated,0.0,0.0,0.0,0.0,0.0,True
2050,P0300,Guangxi,retire,0.0,0.0,0.0,0.0,0.0,True
2050,P0300,Guangxi,ccs,0.0,0.0,0.0,0.0,0.0,True
2050,P0300,Guangxi,biomass,0.0,0.0,0.0,0.0,0.0,True
2050,P0300,Guangxi,beccs,1.0,6318312.0,5.18101584,9.843930096,5.362351394399999,True
2050,P0300,Guangxi,ammonia,0.0,0.0,0.0,0.0,0.0,True
2050,P0301,Jiangsu,unabated,0.0,0.0,0.0,0.0,0.0,True
2050,P0301,Jiangsu,retire,0.0,0.0,0.0,0.0,0.0,True
2050,P0301,Jiangsu,ccs,0.0,0.0,0.0,0.0,0.0,True
2050,P0301,Jiangsu,biomass,0.0,0.0,0.0,0.0,0.0,True
2050,P0301,Jiangsu,beccs,1.0,320992.0,0.26321344,0.500105536,0.27242591039999997,True
2050,P0301,Jiangsu,ammonia,0.0,0.0,0.0,0.0,0.0,True
2050,P0302,Xinjiang,unabated,0.0,0.0,0.0,0.0,0.0,True
2050,P0302,Xinjiang,retire,0.0,0.0,0.0,0.0,0.0,True
2050,P0302,Xinjiang,ccs,0.1209726690909399,447216.6020021502,0.36671761364176314,0.3300458522775868,0.37955273011922486,True
2050,P0302,Xinjiang,biomass,0.0,0.0,0.0,0.0,0.0,True
2050,P0302,Xinjiang,beccs,0.8790273309090622,3249623.397997857,2.6646911863582425,5.0629132540806605,2.757955377880781,True
2050,P0302,Xinjiang,ammonia,0.0,0.0,0.0,0.0,0.0,True
2050,P0303,Henan,unabated,0.0,0.0,0.0,0.0,0.0,True
2050,P0303,Henan,retire,0.0,0.0,0.0,0.0,0.0,True
2050,P0303,Henan,ccs,0.0,0.0,0.0,0.0,0.0,True
2050,P0303,Henan,biomass,1.0,4679480.0,3.8371735999999994,3.8371735999999994,0.0,True
2050,P0303,Henan,beccs,0.0,0.0,0.0,0.0,0.0,True
2050,P0303,Henan,ammonia,0.0,0.0,0.0,0.0,0.0,True
2050,P0304,Inner Mongolia,unabated,0.0,0.0,0.0,0.0,0.0,True
2050,P0304,Inner Mongolia,retire,0.0,0.0,0.0,0.0,0.0,True
2050,P0304,Inner Mongolia,ccs,0.8269045658452403,416057.03230503266,0.3411667664901268,0.3070500898411141,0.3531076033172812,True
2050,P0304,Inner Mongolia,biomass,0.0,0.0,0.0,0.0,0.0,True
2050,P0304,Inner Mongolia,beccs,0.17309543415697992,87092.96769608445,0.07141623351078924,0.11783678529280225,0.07391580168366686,True
2050,P0304,Inner Mongolia,ammonia,0.0,0.0,0.0,0.0,0.0,True
2050,P0305,Inner Mongolia,unabated,1.0,1509449.9999999998,1.2377489999999998,0.0,0.0,True
2050,P0305,Inner Mongolia,retire,0.0,0.0,0.0,0.0,0.0,True
2050,P0305,Inner Mongolia,ccs,0.0,0.0,0.0,0.0,0.0,True
2050,P0305,Inner Mongolia,biomass,0.0,0.0,0.0,0.0,0.0,True
2050,P0305,Inner Mongolia,beccs,0.0,0.0,0.0,0.0,0.0,True
2050,P0305,Inner Mongolia,ammonia,0.0,0.0,0.0,0.0,0.0,True
2050,P0306,Inner Mongolia,unabated,0.0,0.0,0.0,0.0,0.0,True
2050,P0306,Inner Mongolia,retire,0.0,0.0,0.0,0.0,0.0,True
2050,P0306,Inner Mongolia,ccs,0.0,0.0,0.0,0.0,0.0,True
2050,P0306,Inner Mongolia,biomass,0.0,0.0,0.0,0.0,0.0,True
2050,P0306,Inner Mongolia,beccs,1.0,3320790.0,2.7230478,5.17379082,2.8183544729999754,True
2050,P0306,Inner Mongolia,ammonia,0.0,0.0,0.0,0.0,0.0,True
2050,P0307,Hunan,unabated,0.0,0.0,0.0,0.0,0.0,True
2050,P0307,Hunan,retire,0.0,0.0,0.0,0.0,0.0,True
2050,P0307,Hunan,ccs,0.0,0.0,0.0,0.0,0.0,True
2050,P0307,Hunan,biomass,1.0,15627600.0,12.814632,12.814632,0.0,True
2050,P0307,Hunan,beccs,0.0,0.0,0.0,0.0,0.0,True
2050,P0307,Hunan,ammonia,0.0,0.0,0.0,0.0,0.0,True
2050,P0308,Qinghai,unabated,0.0,0.0,0.0,0.0,0.0,True
2050,P0308,Qinghai,retire,0.0,0.0,0.0,0.0,0.0,True
2050,P0308,Qinghai,ccs,0.0,0.0,0.0,0.0,0.0,True
2050,P0308,Qinghai,biomass,1.0,1106190.0,0.9070757999999999,0.9070757999999999,0.0,True
2050,P0308,Qinghai,beccs,0.0,0.0,0.0,0.0,0.0,True
2050,P0308,Qinghai,ammonia,0.0,0.0,0.0,0.0,0.0,True
2050,P0309,Inner Mongolia,unabated,0.0,0.0,0.0,0.0,0.0,True
2050,P0309,Inner Mongolia,retire,0.0,0.0,0.0,0.0,0.0,True
2050,P0309,Inner Mongolia,ccs,0.0,0.0,0.0,0.0,0.0,True
2050,P0309,Inner Mongolia,biomass,0.0,0.0,0.0,0.0,0.0,True
2050,P0309,Inner Mongolia,beccs,1.0,10063000.0,8.25166,15.678153999999997,8.540468099999998,True
2050,P0309,Inner Mongolia,ammonia,0.0,0.0,0.0,0.0,0.0,True
2050,P0310,Shaanxi,unabated,0.0,0.0,0.0,0.0,0.0,True
2050,P0310,Shaanxi,retire,0.0,0.0,0.0,0.0,0.0,True
2050,P0310,Shaanxi,ccs,0.0,0.0,0.0,0.0,0.0,True
2050,P0310,Shaanxi,biomass,1.0,11980320.0,9.823862399999998,9.823862399999998,0.0,True
2050,P0310,Shaanxi,beccs,0.0,0.0,0.0,0.0,0.0,True
2050,P0310,Shaanxi,ammonia,0.0,0.0,0.0,0.0,0.0,True
2050,P0311,Hunan,unabated,0.0,0.0,0.0,0.0,0.0,True
2050,P0311,Hunan,retire,0.0,0.0,0.0,0.0,0.0,True
2050,P0311,Hunan,ccs,0.0,0.0,0.0,0.0,0.0,True
2050,P0311,Hunan,biomass,1.0,5157108.0,4.228828559999999,4.228828559999999,0.0,True
2050,P0311,Hunan,beccs,0.0,0.0,0.0,0.0,0.0,True
2050,P0311,Hunan,ammonia,0.0,0.0,0.0,0.0,0.0,True
2050,P0312,Shanxi,unabated,0.0,0.0,0.0,0.0,0.0,True
2050,P0312,Shanxi,retire,0.0,0.0,0.0,0.0,0.0,True
2050,P0312,Shanxi,ccs,0.0,0.0,0.0,0.0,0.0,True
2050,P0312,Shanxi,biomass,1.0,2777700.0,2.277714,2.277714,0.0,True
2050,P0312,Shanxi,beccs,0.0,0.0,0.0,0.0,0.0,True
2050,P0312,Shanxi,ammonia,0.0,0.0,0.0,0.0,0.0,True
2050,P0313,Xinjiang,unabated,0.0,0.0,0.0,0.0,0.0,True
2050,P0313,Xinjiang,retire,0.0,0.0,0.0,0.0,0.0,True
2050,P0313,Xinjiang,ccs,0.6815708877049307,2879609.737717823,2.3612799849286152,2.1251519864357538,2.4439247844011165,True
2050,P0313,Xinjiang,biomass,0.0,0.0,0.0,0.0,0.0,True
2050,P0313,Xinjiang,beccs,0.31842911229506926,1345350.2622821755,1.103187215071384,2.0960557086356295,1.1417987675988823,True
2050,P0313,Xinjiang,ammonia,0.0,0.0,0.0,0.0,0.0,True
2050,P0314,Inner Mongolia,unabated,0.0,0.0,0.0,0.0,0.0,True
2050,P0314,Inner Mongolia,retire,0.0,0.0,0.0,0.0,0.0,True
2050,P0314,Inner Mongolia,ccs,0.0,0.0,0.0,0.0,0.0,True
2050,P0314,Inner Mongolia,biomass,1.0,6037799.999999999,4.950995999999999,4.950995999999999,0.0,True
2050,P0314,Inner Mongolia,beccs,0.0,0.0,0.0,0.0,0.0,True
2050,P0314,Inner Mongolia,ammonia,0.0,0.0,0.0,0.0,0.0,True
2050,P0315,Jiangxi,unabated,0.0,0.0,0.0,0.0,0.0,True
2050,P0315,Jiangxi,retire,1.0,22974048.0,18.83871936,18.83871936,0.0,True
2050,P0315,Jiangxi,ccs,0.0,0.0,0.0,0.0,0.0,True
2050,P0315,Jiangxi,biomass,0.0,0.0,0.0,0.0,0.0,True
2050,P0315,Jiangxi,beccs,0.0,0.0,0.0,0.0,0.0,True
2050,P0315,Jiangxi,ammonia,0.0,0.0,0.0,0.0,0.0,True
2050,P0316,Chongqing,unabated,0.0,0.0,0.0,0.0,0.0,True
2050,P0316,Chongqing,retire,0.0,0.0,0.0,0.0,0.0,True
2050,P0316,Chongqing,ccs,0.0,0.0,0.0,0.0,0.0,True
2050,P0316,Chongqing,biomass,1.0,5753040.0,4.7174928,4.7174928,0.0,True
2050,P0316,Chongqing,beccs,0.0,0.0,0.0,0.0,0.0,True
2050,P0316,Chongqing,ammonia,0.0,0.0,0.0,0.0,0.0,True
2050,P0317,Jiangsu,unabated,0.0,0.0,0.0,0.0,0.0,True
2050,P0317,Jiangsu,retire,0.0,0.0,0.0,0.0,0.0,True
2050,P0317,Jiangsu,ccs,0.0,0.0,0.0,0.0,0.0,True
2050,P0317,Jiangsu,biomass,0.0,0.0,0.0,0.0,0.0,True
2050,P0317,Jiangsu,beccs,1.0,6871235.0,5.6344126999999995,10.705384129999999,5.831617144499999,True
2050,P0317,Jiangsu,ammonia,0.0,0.0,0.0,0.0,0.0,True
2050,P0318,Jilin,unabated,0.0,0.0,0.0,0.0,0.0,True
2050,P0318,Jilin,retire,0.0,0.0,0.0,0.0,0.0,True
2050,P0318,Jilin,ccs,0.0,0.0,0.0,0.0,0.0,True
2050,P0318,Jilin,biomass,1.0,1991770.0000000002,1.6332514000000002,1.6332514000000002,0.0,True
2050,P0318,Jilin,beccs,0.0,0.0,0.0,0.0,0.0,True
2050,P0318,Jilin,ammonia,0.0,0.0,0.0,0.0,0.0,True
2050,P0319,Inner Mongolia,unabated,0.0,0.0,0.0,0.0,0.0,True
2050,P0319,Inner Mongolia,retire,0.0,0.0,0.0,0.0,0.0,True
2050,P0319,Inner Mongolia,ccs,0.0,0.0,0.0,0.0,0.0,True
2050,P0319,Inner Mongolia,biomass,0.5257455093304104,1851701.9711371718,1.518395616332481,1.518395616332481,0.0,True
2050,P0319,Inner Mongolia,beccs,0.47425449066948033,1670348.028862443,1.3696853836672034,2.6024022289676862,1.4176243720955553,True
2050,P0319,Inner Mongolia,ammonia,0.0,0.0,0.0,0.0,0.0,True
2050,P0320,Guizhou,unabated,0.0,0.0,0.0,0.0,0.0,True
2050,P0320,Guizhou,retire,0.0,0.0,0.0,0.0,0.0,True
2050,P0320,Guizhou,ccs,0.0,0.0,0.0,0.0,0.0,True
2050,P0320,Guizhou,biomass,1.0,1424130.0,1.1677866,1.1677866,0.0,True
2050,P0320,Guizhou,beccs,0.0,0.0,0.0,0.0,0.0,True
2050,P0320,Guizhou,ammonia,0.0,0.0,0.0,0.0,0.0,True
2050,P0321,Jilin,unabated,0.0,0.0,0.0,0.0,0.0,True
2050,P0321,Jilin,retire,0.0,0.0,0.0,0.0,0.0,True
2050,P0321,Jilin,ccs,0.0,0.0,0.0,0.0,0.0,True
2050,P0321,Jilin,biomass,1.0,2390124.0000000005,1.9599016800000002,1.9599016800000002,0.0,True
2050,P0321,Jilin,beccs,0.0,0.0,0.0,0.0,0.0,True
2050,P0321,Jilin,ammonia,0.0,0.0,0.0,0.0,0.0,True
2050,P0322,Xinjiang,unabated,0.0,0.0,0.0,0.0,0.0,True
2050,P0322,Xinjiang,retire,0.0,0.0,0.0,0.0,0.0,True
2050,P0322,Xinjiang,ccs,1.0,3696839.9999999995,3.0314087999999995,2.7282679199999995,3.1375081079999916,True
2050,P0322,Xinjiang,biomass,0.0,0.0,0.0,0.0,0.0,True
2050,P0322,Xinjiang,beccs,0.0,0.0,0.0,0.0,0.0,True
2050,P0322,Xinjiang,ammonia,0.0,0.0,0.0,0.0,0.0,True
2050,P0323,Henan,unabated,0.0,0.0,0.0,0.0,0.0,True
2050,P0323,Henan,retire,0.0,0.0,0.0,0.0,0.0,True
2050,P0323,Henan,ccs,0.0,0.0,0.0,0.0,0.0,True
2050,P0323,Henan,biomass,1.0,14398400.0,11.806688,11.806688,0.0,True
2050,P0323,Henan,beccs,0.0,0.0,0.0,0.0,0.0,True
2050,P0323,Henan,ammonia,0.0,0.0,0.0,0.0,0.0,True
2050,P0324,Shaanxi,unabated,0.0,0.0,0.0,0.0,0.0,True
2050,P0324,Shaanxi,retire,0.0,0.0,0.0,0.0,0.0,True
2050,P0324,Shaanxi,ccs,0.0,0.0,0.0,0.0,0.0,True
2050,P0324,Shaanxi,biomass,1.0,14430840.0,11.833288799999998,11.833288799999998,0.0,True
2050,P0324,Shaanxi,beccs,0.0,0.0,0.0,0.0,0.0,True
2050,P0324,Shaanxi,ammonia,0.0,0.0,0.0,0.0,0.0,True
2050,P0325,Zhejiang,unabated,0.0,0.0,0.0,0.0,0.0,True
2050,P0325,Zhejiang,retire,0.0,0.0,0.0,0.0,0.0,True
2050,P0325,Zhejiang,ccs,0.0,0.0,0.0,0.0,0.0,True
2050,P0325,Zhejiang,biomass,0.0,0.0,0.0,0.0,0.0,True
2050,P0325,Zhejiang,beccs,1.0,5529764.7,4.534407054,8.6153734026,4.693111300889999,True
2050,P0325,Zhejiang,ammonia,0.0,0.0,0.0,0.0,0.0,True
2050,P0326,Zhejiang,unabated,0.0,0.0,0.0,0.0,0.0,True
2050,P0326,Zhejiang,retire,1.0,37944481.5,31.11447483,31.11447483,0.0,True
2050,P0326,Zhejiang,ccs,0.0,0.0,0.0,0.0,0.0,True
2050,P0326,Zhejiang,biomass,0.0,0.0,0.0,0.0,0.0,True
2050,P0326,Zhejiang,beccs,0.0,0.0,0.0,0.0,0.0,True
2050,P0326,Zhejiang,ammonia,0.0,0.0,0.0,0.0,0.0,True
2050,P0327,Chongqing,unabated,0.0,0.0,0.0,0.0,0.0,True
2050,P0327,Chongqing,retire,0.0,0.0,0.0,0.0,0.0,True
2050,P0327,Chongqing,ccs,0.0,0.0,0.0,0.0,0.0,True
2050,P0327,Chongqing,biomass,1.0,13711412.0,11.24335784,11.24335784,0.0,True
2050,P0327,Chongqing,beccs,0.0,0.0,0.0,0.0,0.0,True
2050,P0327,Chongqing,ammonia,0.0,0.0,0.0,0.0,0.0,True
2050,P0328,Inner Mongolia,unabated,0.0,0.0,0.0,0.0,0.0,True
2050,P0328,Inner Mongolia,retire,0.0,0.0,0.0,0.0,0.0,True
2050,P0328,Inner Mongolia,ccs,0.0,0.0,0.0,0.0,0.0,True
2050,P0328,Inner Mongolia,biomass,0.0,0.0,0.0,0.0,0.0,True
2050,P0328,Inner Mongolia,beccs,1.0,11924655.0,9.778217099999999,18.578612489999998,9.445757718599998,True
2050,P0328,Inner Mongolia,ammonia,0.0,0.0,0.0,0.0,0.0,True
2050,P0329,Xinjiang,unabated,0.0,0.0,0.0,0.0,0.0,True
2050,P0329,Xinjiang,retire,0.0,0.0,0.0,0.0,0.0,True
2050,P0329,Xinjiang,ccs,0.0,0.0,0.0,0.0,0.0,True
2050,P0329,Xinjiang,biomass,1.0,528119.9999999999,0.4330583999999999,0.4330583999999999,0.0,True
2050,P0329,Xinjiang,beccs,0.0,0.0,0.0,0.0,0.0,True
2050,P0329,Xinjiang,ammonia,0.0,0.0,0.0,0.0,0.0,True
2050,P0330,Gansu,unabated,0.0,0.0,0.0,0.0,0.0,True
2050,P0330,Gansu,retire,1.0,25137600.0,20.612832,20.612832,0.0,True
2050,P0330,Gansu,ccs,0.0,0.0,0.0,0.0,0.0,True
2050,P0330,Gansu,biomass,0.0,0.0,0.0,0.0,0.0,True
2050,P0330,Gansu,beccs,0.0,0.0,0.0,0.0,0.0,True
2050,P0330,Gansu,ammonia,0.0,0.0,0.0,0.0,0.0,True
2050,P0331,Guangdong,unabated,0.0,0.0,0.0,0.0,0.0,True
2050,P0331,Guangdong,retire,1.0,25414742.0,20.84008844,20.84008844,0.0,True
2050,P0331,Guangdong,ccs,0.0,0.0,0.0,0.0,0.0,True
2050,P0331,Guangdong,biomass,0.0,0.0,0.0,0.0,0.0,True
2050,P0331,Guangdong,beccs,0.0,0.0,0.0,0.0,0.0,True
2050,P0331,Guangdong,ammonia,0.0,0.0,0.0,0.0,0.0,True
2050,P0332,Hebei,unabated,0.0,0.0,0.0,0.0,0.0,True
2050,P0332,Hebei,retire,0.0,0.0,0.0,0.0,0.0,True
2050,P0332,Hebei,ccs,0.0,0.0,0.0,0.0,0.0,True
2050,P0332,Hebei,biomass,0.03575998036400707,611766.8679156016,0.5016488316907932,0.5016488316907932,0.0,True
2050,P0332,Hebei,beccs,0.9642400196359928,16495817.132084396,13.526570048309203,25.700483091787486,14.0,True
2050,P0332,Hebei,ammonia,0.0,0.0,0.0,0.0,0.0,True
2050,P0333,Guangdong,unabated,0.0,0.0,0.0,0.0,0.0,True
2050,P0333,Guangdong,retire,0.0,0.0,0.0,0.0,0.0,True
2050,P0333,Guangdong,ccs,0.0,0.0,0.0,0.0,0.0,True
2050,P0333,Guangdong,biomass,0.0,0.0,0.0,0.0,0.0,True
2050,P0333,Guangdong,beccs,1.0,15675001.14,12.8535009348,24.421651776119997,13.303373467517991,True
2050,P0333,Guangdong,ammonia,0.0,0.0,0.0,0.0,0.0,True
2050,P0334,Hebei,unabated,0.0,0.0,0.0,0.0,0.0,True
2050,P0334,Hebei,retire,0.0,0.0,0.0,0.0,0.0,True
2050,P0334,Hebei,ccs,0.0,0.0,0.0,0.0,0.0,True
2050,P0334,Hebei,biomass,1.0,3118570.0,2.5572274,2.5572274,0.0,True
2050,P0334,Hebei,beccs,0.0,0.0,0.0,0.0,0.0,True
2050,P0334,Hebei,ammonia,0.0,0.0,0.0,0.0,0.0,True
2050,P0335,Hubei,unabated,0.0,0.0,0.0,0.0,0.0,True
2050,P0335,Hubei,retire,0.0,0.0,0.0,0.0,0.0,True
2050,P0335,Hubei,ccs,0.0,0.0,0.0,0.0,0.0,True
2050,P0335,Hubei,biomass,1.0,17248159.999999996,14.143491199999996,14.143491199999996,0.0,True
2050,P0335,Hubei,beccs,0.0,0.0,0.0,0.0,0.0,True
2050,P0335,Hubei,ammonia,0.0,0.0,0.0,0.0,0.0,True
2050,P0336,Inner Mongolia,unabated,0.36499815442942096,3672976.4280232633,3.0118406709790757,0.0,0.0,True
2050,P0336,Inner Mongolia,retire,0.0,0.0,0.0,0.0,0.0,True
2050,P0336,Inner Mongolia,ccs,0.0,0.0,0.0,0.0,0.0,True
2050,P0336,Inner Mongolia,biomass,0.0,0.0,0.0,0.0,0.0,True
2050,P0336,Inner Mongolia,beccs,0.635001845570579,6390023.571976737,5.239819329020924,9.955656725139754,5.423213005536655,True
2050,P0336,Inner Mongolia,ammonia,0.0,0.0,0.0,0.0,0.0,True
2050,P0337,Guizhou,unabated,0.0,0.0,0.0,0.0,0.0,True
2050,P0337,Guizhou,retire,0.0,0.0,0.0,0.0,0.0,True
2050,P0337,Guizhou,ccs,0.0,0.0,0.0,0.0,0.0,True
2050,P0337,Guizhou,biomass,1.0,3322970.0,2.7248354,2.7248354,0.0,True
2050,P0337,Guizhou,beccs,0.0,0.0,0.0,0.0,0.0,True
2050,P0337,Guizhou,ammonia,0.0,0.0,0.0,0.0,0.0,True
2050,P0338,Guangxi,unabated,0.0,0.0,0.0,0.0,0.0,True
2050,P0338,Guangxi,retire,0.0,0.0,0.0,0.0,0.0,True
2050,P0338,Guangxi,ccs,0.0,0.0,0.0,0.0,0.0,True
2050,P0338,Guangxi,biomass,1.0,2871960.0,2.3550071999999997,2.3550071999999997,0.0,True
2050,P0338,Guangxi,beccs,0.0,0.0,0.0,0.0,0.0,True
2050,P0338,Guangxi,ammonia,0.0,0.0,0.0,0.0,0.0,True
2050,P0339,Hainan,unabated,0.0,0.0,0.0,0.0,0.0,True
2050,P0339,Hainan,retire,0.0,0.0,0.0,0.0,0.0,True
2050,P0339,Hainan,ccs,0.0,0.0,0.0,0.0,0.0,True
2050,P0339,Hainan,biomass,0.0,0.0,0.0,0.0,0.0,True
2050,P0339,Hainan,beccs,1.0,3320394.0,2.7227230799999997,5.173173852,2.6301504952799997,True
2050,P0339,Hainan,ammonia,0.0,0.0,0.0,0.0,0.0,True
2050,P0340,Inner Mongolia,unabated,0.0003410703972075435,6418.197931276084,0.005262922303646389,0.0,0.0,True
2050,P0340,Inner Mongolia,retire,0.0,0.0,0.0,0.0,0.0,True
2050,P0340,Inner Mongolia,ccs,0.0,0.0,0.0,0.0,0.0,True
2050,P0340,Inner Mongolia,biomass,0.0,0.0,0.0,0.0,0.0,True
2050,P0340,Inner Mongolia,beccs,0.9996589296027925,18811391.802068725,15.425341277696353,29.30814842762307,14.900879674254675,True
2050,P0340,Inner Mongolia,ammonia,0.0,0.0,0.0,0.0,0.0,True
2050,P0341,Hebei,unabated,0.0,0.0,0.0,0.0,0.0,True
2050,P0341,Hebei,retire,0.0,0.0,0.0,0.0,0.0,True
2050,P0341,Hebei,ccs,0.0,0.0,0.0,0.0,0.0,True
2050,P0341,Hebei,biomass,1.0,445510.0,0.3653181999999999,0.3653181999999999,0.0,True
2050,P0341,Hebei,beccs,0.0,0.0,0.0,0.0,0.0,True
2050,P0341,Hebei,ammonia,0.0,0.0,0.0,0.0,0.0,True
2050,P0342,Zhejiang,unabated,0.033400102102293217,972466.6179774924,0.7974226267415436,0.0,0.0,True
2050,P0342,Zhejiang,retire,0.0,0.0,0.0,0.0,0.0,True
2050,P0342,Zhejiang,ccs,0.05104864710763657,1486315.9715215776,1.2187790966476937,1.0969011869829244,1.2614363650303626,True
2050,P0342,Zhejiang,biomass,0.0,0.0,0.0,0.0,0.0,True
2050,P0342,Zhejiang,beccs,0.9155512507900703,26656895.410500932,21.85865423661076,41.531443049560444,22.623707134892136,True
2050,P0342,Zhejiang,ammonia,0.0,0.0,0.0,0.0,0.0,True
2050,P0343,Hunan,unabated,0.0,0.0,0.0,0.0,0.0,True
2050,P0343,Hunan,retire,0.0,0.0,0.0,0.0,0.0,True
2050,P0343,Hunan,ccs,0.0,0.0,0.0,0.0,0.0,True
2050,P0343,Hunan,biomass,1.0,15315048.0,12.55833936,12.55833936,0.0,True
2050,P0343,Hunan,beccs,0.0,0.0,0.0,0.0,0.0,True
2050,P0343,Hunan,ammonia,0.0,0.0,0.0,0.0,0.0,True
2050,P0344,Xinjiang,unabated,0.0,0.0,0.0,0.0,0.0,True
2050,P0344,Xinjiang,retire,0.0,0.0,0.0,0.0,0.0,True
2050,P0344,Xinjiang,ccs,1.0,20913551.999999996,17.14911264,15.434201375999999,17.749331582399996,True
2050,P0344,Xinjiang,biomass,0.0,0.0,0.0,0.0,0.0,True
2050,P0344,Xinjiang,beccs,0.0,0.0,0.0,0.0,0.0,True
2050,P0344,Xinjiang,ammonia,0.0,0.0,0.0,0.0,0.0,True
2050,P0345,Gansu,unabated,0.0,0.0,0.0,0.0,0.0,True
2050,P0345,Gansu,retire,1.0,8379200.0,6.870944,6.870944,0.0,True
2050,P0345,Gansu,ccs,0.0,0.0,0.0,0.0,0.0,True
2050,P0345,Gansu,biomass,0.0,0.0,0.0,0.0,0.0,True
2050,P0345,Gansu,beccs,0.0,0.0,0.0,0.0,0.0,True
2050,P0345,Gansu,ammonia,0.0,0.0,0.0,0.0,0.0,True
2050,P0346,Inner Mongolia,unabated,1.0,26465690.0,21.701865799999997,0.0,0.0,True
2050,P0346,Inner Mongolia,retire,0.0,0.0,0.0,0.0,0.0,True
2050,P0346,Inner Mongolia,ccs,0.0,0.0,0.0,0.0,0.0,True
2050,P0346,Inner Mongolia,biomass,0.0,0.0,0.0,0.0,0.0,True
2050,P0346,Inner Mongolia,beccs,0.0,0.0,0.0,0.0,0.0,True
2050,P0346,Inner Mongolia,ammonia,0.0,0.0,0.0,0.0,0.0,True
2050,P0347,Ningxia,unabated,1.0,3777884.0,3.09786488,0.0,0.0,True
2050,P0347,Ningxia,retire,0.0,0.0,0.0,0.0,0.0,True
2050,P0347,Ningxia,ccs,0.0,0.0,0.0,0.0,0.0,True
2050,P0347,Ningxia,biomass,0.0,0.0,0.0,0.0,0.0,True
2050,P0347,Ningxia,beccs,0.0,0.0,0.0,0.0,0.0,True
2050,P0347,Ningxia,ammonia,0.0,0.0,0.0,0.0,0.0,True
2050,P0348,Jiangsu,unabated,0.0,0.0,0.0,0.0,0.0,True
2050,P0348,Jiangsu,retire,0.0,0.0,0.0,0.0,0.0,True
2050,P0348,Jiangsu,ccs,0.0,0.0,0.0,0.0,0.0,True
2050,P0348,Jiangsu,biomass,0.0,0.0,0.0,0.0,0.0,True
2050,P0348,Jiangsu,beccs,1.0,25729515.0,21.098202299999997,40.08658436999999,20.380863421800107,True
2050,P0348,Jiangsu,ammonia,0.0,0.0,0.0,0.0,0.0,True
2050,P0349,Guangdong,unabated,0.0,0.0,0.0,0.0,0.0,True
2050,P0349,Guangdong,retire,0.0,0.0,0.0,0.0,0.0,True
2050,P0349,Guangdong,ccs,0.0,0.0,0.0,0.0,0.0,True
2050,P0349,Guangdong,biomass,0.0,0.0,0.0,0.0,0.0,True
2050,P0349,Guangdong,beccs,1.0,6281210.0,5.150592199999999,9.786125179999997,4.9754720652,True
2050,P0349,Guangdong,ammonia,0.0,0.0,0.0,0.0,0.0,True
2050,P0350,Guangxi,unabated,0.0,0.0,0.0,0.0,0.0,True
2050,P0350,Guangxi,retire,0.0,0.0,0.0,0.0,0.0,True
2050,P0350,Guangxi,ccs,0.0,0.0,0.0,0.0,0.0,True
2050,P0350,Guangxi,biomass,0.0,0.0,0.0,0.0,0.0,True
2050,P0350,Guangxi,beccs,1.0,622258.0,0.51025156,0.9694779640000001,0.5281103646,True
2050,P0350,Guangxi,ammonia,0.0,0.0,0.0,0.0,0.0,True
2060,P0001,Fujian,unabated,0.0,0.0,0.0,0.0,0.0,True
2060,P0001,Fujian,retire,0.49436879945832957,31069700.745743122,25.47715461150936,25.47715461150936,0.0,True
2060,P0001,Fujian,ccs,0.0,0.0,0.0,0.0,0.0,True
2060,P0001,Fujian,biomass,0.0,0.0,0.0,0.0,0.0,True
2060,P0001,Fujian,beccs,0.5056312005416704,31777511.254256878,26.057559228490636,49.50936253413221,25.171602214721954,True
2060,P0001,Fujian,ammonia,0.0,0.0,0.0,0.0,0.0,True
2060,P0002,Shanxi,unabated,0.0,0.0,0.0,0.0,0.0,True
2060,P0002,Shanxi,retire,1.0,64951884.99999999,53.26054569999999,53.26054569999999,0.0,True
2060,P0002,Shanxi,ccs,0.0,0.0,0.0,0.0,0.0,True
2060,P0002,Shanxi,biomass,0.0,0.0,0.0,0.0,0.0,True
2060,P0002,Shanxi,beccs,0.0,0.0,0.0,0.0,0.0,True
2060,P0002,Shanxi,ammonia,0.0,0.0,0.0,0.0,0.0,True
2060,P0003,Chongqing,unabated,0.0,0.0,0.0,0.0,0.0,True
2060,P0003,Chongqing,retire,0.0,0.0,0.0,0.0,0.0,True
2060,P0003,Chongqing,ccs,0.0,0.0,0.0,0.0,0.0,True
2060,P0003,Chongqing,biomass,0.0,0.0,0.0,0.0,0.0,True
2060,P0003,Chongqing,beccs,1.0,32432763.0,26.59486566,50.530244753999995,25.69064022756,True
2060,P0003,Chongqing,ammonia,0.0,0.0,0.0,0.0,0.0,True
2060,P0004,Inner Mongolia,unabated,0.0,0.0,0.0,0.0,0.0,True
2060,P0004,Inner Mongolia,retire,0.0,0.0,0.0,0.0,0.0,True
2060,P0004,Inner Mongolia,ccs,0.3683491298892103,4003233.0776011334,3.2826511236329288,2.9543860112696363,3.171040985429409,True
2060,P0004,Inner Mongolia,biomass,0.0,0.0,0.0,0.0,0.0,True
2060,P0004,Inner Mongolia,beccs,0.6316508701107918,6864806.922398889,5.629141676367089,10.69536918509747,5.437750859370607,True
2060,P0004,Inner Mongolia,ammonia,0.0,0.0,0.0,0.0,0.0,True
2060,P0005,Sichuan,unabated,0.0,0.0,0.0,0.0,0.0,True
2060,P0005,Sichuan,retire,0.0,0.0,0.0,0.0,0.0,True
2060,P0005,Sichuan,ccs,0.0,0.0,0.0,0.0,0.0,True
2060,P0005,Sichuan,biomass,0.09392859146615318,1766932.626221601,1.4488847535017129,1.4488847535017129,0.0,True
2060,P0005,Sichuan,beccs,0.9060714085338468,17044513.373778395,13.976500966498286,26.55535183634674,13.50129993363734,True
2060,P0005,Sichuan,ammonia,0.0,0.0,0.0,0.0,0.0,True
2060,P0006,Hebei,unabated,0.0,0.0,0.0,0.0,0.0,True
2060,P0006,Hebei,retire,1.0,22899214.0,18.77735548,18.77735548,0.0,True
2060,P0006,Hebei,ccs,0.0,0.0,0.0,0.0,0.0,True
2060,P0006,Hebei,biomass,0.0,0.0,0.0,0.0,0.0,True
2060,P0006,Hebei,beccs,0.0,0.0,0.0,0.0,0.0,True
2060,P0006,Hebei,ammonia,0.0,0.0,0.0,0.0,0.0,True
2060,P0007,Hebei,unabated,0.0,0.0,0.0,0.0,0.0,True
2060,P0007,Hebei,retire,1.0,38741549.6,31.768070671999997,31.768070671999997,0.0,True
2060,P0007,Hebei,ccs,0.0,0.0,0.0,0.0,0.0,True
2060,P0007,Hebei,biomass,0.0,0.0,0.0,0.0,0.0,True
2060,P0007,Hebei,beccs,0.0,0.0,0.0,0.0,0.0,True
2060,P0007,Hebei,ammonia,0.0,0.0,0.0,0.0,0.0,True
2060,P0008,Shandong,unabated,0.0,0.0,0.0,0.0,0.0,True
2060,P0008,Shandong,retire,0.10544338681643972,1258147.2860147997,1.0316807745321357,1.0316807745321357,0.0,True
2060,P0008,Shandong,ccs,0.0,0.0,0.0,0.0,0.0,True
2060,P0008,Shandong,biomass,0.8945566131835603,10673822.313985202,8.752534297467864,8.752534297467864,0.0,True
2060,P0008,Shandong,beccs,0.0,0.0,0.0,0.0,0.0,True
2060,P0008,Shandong,ammonia,0.0,0.0,0.0,0.0,0.0,True
2060,P0009,Inner Mongolia,unabated,0.0,0.0,0.0,0.0,0.0,True
2060,P0009,Inner Mongolia,retire,1.0,107372210.0,88.0452122,88.0452122,0.0,True
2060,P0009,Inner Mongolia,ccs,0.0,0.0,0.0,0.0,0.0,True
2060,P0009,Inner Mongolia,biomass,0.0,0.0,0.0,0.0,0.0,True
2060,P0009,Inner Mongolia,beccs,0.0,0.0,0.0,0.0,0.0,True
2060,P0009,Inner Mongolia,ammonia,0.0,0.0,0.0,0.0,0.0,True
2060,P0010,Yunnan,unabated,0.0,0.0,0.0,0.0,0.0,True
2060,P0010,Yunnan,retire,0.0,0.0,0.0,0.0,0.0,True
2060,P0010,Yunnan,ccs,0.0,0.0,0.0,0.0,0.0,True
2060,P0010,Yunnan,biomass,1.0,16673783.999999998,13.672502879999998,13.672502879999998,0.0,True
2060,P0010,Yunnan,beccs,0.0,0.0,0.0,0.0,0.0,True
2060,P0010,Yunnan,ammonia,0.0,0.0,0.0,0.0,0.0,True
2060,P0011,Guangdong,unabated,0.0,0.0,0.0,0.0,0.0,True
2060,P0011,Guangdong,retire,1.0,41214401.0,33.79580882,33.79580882,0.0,True
2060,P0011,Guangdong,ccs,0.0,0.0,0.0,0.0,0.0,True
2060,P0011,Guangdong,biomass,0.0,0.0,0.0,0.0,0.0,True
2060,P0011,Guangdong,beccs,0.0,0.0,0.0,0.0,0.0,True
2060,P0011,Guangdong,ammonia,0.0,0.0,0.0,0.0,0.0,True
2060,P0012,Liaoning,unabated,0.0,0.0,0.0,0.0,0.0,True
2060,P0012,Liaoning,retire,0.0,0.0,0.0,0.0,0.0,True
2060,P0012,Liaoning,ccs,0.0,0.0,0.0,0.0,0.0,True
2060,P0012,Liaoning,biomass,1.0,17363920.0,14.238414399999998,14.238414399999998,0.0,True
2060,P0012,Liaoning,beccs,0.0,0.0,0.0,0.0,0.0,True
2060,P0012,Liaoning,ammonia,0.0,0.0,0.0,0.0,0.0,True
2060,P0013,Shanxi,unabated,0.0,0.0,0.0,0.0,0.0,True
2060,P0013,Shanxi,retire,1.0,81340315.0,66.69905829999999,66.69905829999999,0.0,True
2060,P0013,Shanxi,ccs,0.0,0.0,0.0,0.0,0.0,True
2060,P0013,Shanxi,biomass,0.0,0.0,0.0,0.0,0.0,True
2060,P0013,Shanxi,beccs,0.0,0.0,0.0,0.0,0.0,True
2060,P0013,Shanxi,ammonia,0.0,0.0,0.0,0.0,0.0,True
2060,P0014,Guangdong,unabated,0.0,0.0,0.0,0.0,0.0,True
2060,P0014,Guangdong,retire,0.0,0.0,0.0,0.0,0.0,True
2060,P0014,Guangdong,ccs,0.0,0.0,0.0,0.0,0.0,True
2060,P0014,Guangdong,biomass,0.0,0.0,0.0,0.0,0.0,True
2060,P0014,Guangdong,beccs,1.0,11885982.0,9.74650524,18.518359955999998,9.415124061839999,True
2060,P0014,Guangdong,ammonia,0.0,0.0,0.0,0.0,0.0,True
2060,P0015,Hunan,unabated,0.0,0.0,0.0,0.0,0.0,True
2060,P0015,Hunan,retire,0.0,0.0,0.0,0.0,0.0,True
2060,P0015,Hunan,ccs,0.0,0.0,0.0,0.0,0.0,True
2060,P0015,Hunan,biomass,1.0,9884457.0,8.10525474,8.10525474,0.0,True
2060,P0015,Hunan,beccs,0.0,0.0,0.0,0.0,0.0,True
2060,P0015,Hunan,ammonia,0.0,0.0,0.0,0.0,0.0,True
2060,P0016,Hubei,unabated,0.0,0.0,0.0,0.0,0.0,True
2060,P0016,Hubei,retire,0.0,0.0,0.0,0.0,0.0,True
2060,P0016,Hubei,ccs,0.0,0.0,0.0,0.0,0.0,True
2060,P0016,Hubei,biomass,0.9574374480040188,30443263.218704164,24.96347583933741,24.96347583933741,0.0,True
2060,P0016,Hubei,beccs,0.04256255199598129,1353344.7812958343,1.109742720662584,2.1085111692589096,1.072011468160056,True
2060,P0016,Hubei,ammonia,0.0,0.0,0.0,0.0,0.0,True
2060,P0017,Jiangsu,unabated,0.0,0.0,0.0,0.0,0.0,True
2060,P0017,Jiangsu,retire,0.19816113566906068,9262935.27983698,7.5956069294663235,7.5956069294663235,0.0,True
2060,P0017,Jiangsu,ccs,0.0,0.0,0.0,0.0,0.0,True
2060,P0017,Jiangsu,biomass,0.0,0.0,0.0,0.0,0.0,True
2060,P0017,Jiangsu,beccs,0.8018388643309393,37481524.72016302,30.734850270533673,58.39621551401398,29.689865361335528,True
2060,P0017,Jiangsu,ammonia,0.0,0.0,0.0,0.0,0.0,True
2060,P0018,Jilin,unabated,0.0,0.0,0.0,0.0,0.0,True
2060,P0018,Jilin,retire,0.0,0.0,0.0,0.0,0.0,True
2060,P0018,Jilin,ccs,0.0,0.0,0.0,0.0,0.0,True
2060,P0018,Jilin,biomass,1.0,3838684.0,3.14772088,3.14772088,0.0,True
2060,P0018,Jilin,beccs,0.0,0.0,0.0,0.0,0.0,True
2060,P0018,Jilin,ammonia,0.0,0.0,0.0,0.0,0.0,True
2060,P0019,Hunan,unabated,0.0,0.0,0.0,0.0,0.0,True
2060,P0019,Hunan,retire,0.0,0.0,0.0,0.0,0.0,True
2060,P0019,Hunan,ccs,0.0,0.0,0.0,0.0,0.0,True
2060,P0019,Hunan,biomass,1.0,15119703.0,12.39815646,12.39815646,0.0,True
2060,P0019,Hunan,beccs,0.0,0.0,0.0,0.0,0.0,True
2060,P0019,Hunan,ammonia,0.0,0.0,0.0,0.0,0.0,True
2060,P0020,Zhejiang,unabated,0.0,0.0,0.0,0.0,0.0,True
2060,P0020,Zhejiang,retire,1.0,67514054.1,55.36152436199999,55.36152436199999,0.0,True
2060,P0020,Zhejiang,ccs,0.0,0.0,0.0,0.0,0.0,True
2060,P0020,Zhejiang,biomass,0.0,0.0,0.0,0.0,0.0,True
2060,P0020,Zhejiang,beccs,0.0,0.0,0.0,0.0,0.0,True
2060,P0020,Zhejiang,ammonia,0.0,0.0,0.0,0.0,0.0,True
2060,P0021,Shandong,unabated,0.0,0.0,0.0,0.0,0.0,True
2060,P0021,Shandong,retire,1.0,45246412.50000001,37.102058250000006,37.102058250000006,0.0,True
2060,P0021,Shandong,ccs,0.0,0.0,0.0,0.0,0.0,True
2060,P0021,Shandong,biomass,0.0,0.0,0.0,0.0,0.0,True
2060,P0021,Shandong,beccs,0.0,0.0,0.0,0.0,0.0,True
2060,P0021,Shandong,ammonia,0.0,0.0,0.0,0.0,0.0,True
2060,P0022,Shandong,unabated,0.0,0.0,0.0,0.0,0.0,True
2060,P0022,Shandong,retire,0.024941574841262804,396476.49893664283,0.3251107291280471,0.3251107291280471,0.0,True
2060,P0022,Shandong,ccs,0.0,0.0,0.0,0.0,0.0,True
2060,P0022,Shandong,biomass,0.9750584251587372,15499733.00106336,12.709781060871954,12.709781060871954,0.0,True
2060,P0022,Shandong,beccs,0.0,0.0,0.0,0.0,0.0,True
2060,P0022,Shandong,ammonia,0.0,0.0,0.0,0.0,0.0,True
2060,P0023,Henan,unabated,0.0,0.0,0.0,0.0,0.0,True
2060,P0023,Henan,retire,0.0,0.0,0.0,0.0,0.0,True
2060,P0023,Henan,ccs,0.0,0.0,0.0,0.0,0.0,True
2060,P0023,Henan,biomass,1.0,20013776.0,16.411296319999998,16.411296319999998,0.0,True
2060,P0023,Henan,beccs,0.0,0.0,0.0,0.0,0.0,True
2060,P0023,Henan,ammonia,0.0,0.0,0.0,0.0,0.0,True
2060,P0024,Chongqing,unabated,0.0,0.0,0.0,0.0,0.0,True
2060,P0024,Chongqing,retire,0.0,0.0,0.0,0.0,0.0,True
2060,P0024,Chongqing,ccs,0.0,0.0,0.0,0.0,0.0,True
2060,P0024,Chongqing,biomass,1.0,5892071.800000001,4.831498876,4.831498876,0.0,True
2060,P0024,Chongqing,beccs,0.0,0.0,0.0,0.0,0.0,True
2060,P0024,Chongqing,ammonia,0.0,0.0,0.0,0.0,0.0,True
2060,P0025,Jilin,unabated,0.0,0.0,0.0,0.0,0.0,True
2060,P0025,Jilin,retire,0.0,0.0,0.0,0.0,0.0,True
2060,P0025,Jilin,ccs,0.0,0.0,0.0,0.0,0.0,True
2060,P0025,Jilin,biomass,0.03898162052284382,607022.5744141345,0.49775851101959023,0.49775851101959023,0.0,True
2060,P0025,Jilin,beccs,0.9610183794771561,14964997.425585866,12.271297888980408,23.315465989062773,11.854073760755073,True
2060,P0025,Jilin,ammonia,0.0,0.0,0.0,0.0,0.0,True
2060,P0026,Hainan,unabated,0.0,0.0,0.0,0.0,0.0,True
2060,P0026,Hainan,retire,0.0,0.0,0.0,0.0,0.0,True
2060,P0026,Hainan,ccs,0.0,0.0,0.0,0.0,0.0,True
2060,P0026,Hainan,biomass,0.0,0.0,0.0,0.0,0.0,True
2060,P0026,Hainan,beccs,1.0,10564890.0,8.663209799999999,16.460098619999997,8.368660666799999,True
2060,P0026,Hainan,ammonia,0.0,0.0,0.0,0.0,0.0,True
2060,P0027,Shandong,unabated,0.0,0.0,0.0,0.0,0.0,True
2060,P0027,Shandong,retire,0.19693526558283225,11478588.87869042,9.412442880526143,9.412442880526143,0.0,True
2060,P0027,Shandong,ccs,0.0,0.0,0.0,0.0,0.0,True
2060,P0027,Shandong,biomass,0.8030647344171677,46807512.621309586,38.382160349473864,38.382160349473864,0.0,True
2060,P0027,Shandong,beccs,0.0,0.0,0.0,0.0,0.0,True
2060,P0027,Shandong,ammonia,0.0,0.0,0.0,0.0,0.0,True
2060,P0028,Hunan,unabated,0.0,0.0,0.0,0.0,0.0,True
2060,P0028,Hunan,retire,0.0,0.0,0.0,0.0,0.0,True
2060,P0028,Hunan,ccs,0.0,0.0,0.0,0.0,0.0,True
2060,P0028,Hunan,biomass,1.0,22425606.0,18.388996919999997,18.388996919999997,0.0,True
2060,P0028,Hunan,beccs,0.0,0.0,0.0,0.0,0.0,True
2060,P0028,Hunan,ammonia,0.0,0.0,0.0,0.0,0.0,True
2060,P0029,Jilin,unabated,0.0,0.0,0.0,0.0,0.0,True
2060,P0029,Jilin,retire,0.0,0.0,0.0,0.0,0.0,True
2060,P0029,Jilin,ccs,0.0,0.0,0.0,0.0,0.0,True
2060,P0029,Jilin,biomass,0.0,0.0,0.0,0.0,0.0,True
2060,P0029,Jilin,beccs,1.0,434568.0,0.35634575999999996,0.6770569439999999,0.34423000415999994,True
2060,P0029,Jilin,ammonia,0.0,0.0,0.0,0.0,0.0,True
2060,P0030,Jilin,unabated,0.0,0.0,0.0,0.0,0.0,True
2060,P0030,Jilin,retire,0.0,0.0,0.0,0.0,0.0,True
2060,P0030,Jilin,ccs,0.0,0.0,0.0,0.0,0.0,True
2060,P0030,Jilin,biomass,0.0,0.0,0.0,0.0,0.0,True
2060,P0030,Jilin,beccs,1.0,16227493.4,13.306544588,25.282434717199997,12.854122072007998,True
2060,P0030,Jilin,ammonia,0.0,0.0,0.0,0.0,0.0,True
2060,P0031,Shanxi,unabated,0.0,0.0,0.0,0.0,0.0,True
2060,P0031,Shanxi,retire,0.0,0.0,0.0,0.0,0.0,True
2060,P0031,Shanxi,ccs,0.0,0.0,0.0,0.0,0.0,True
2060,P0031,Shanxi,biomass,0.0,0.0,0.0,0.0,0.0,True
2060,P0031,Shanxi,beccs,1.0,22684550.0,18.601331,35.3425289,17.968885746000012,True
2060,P0031,Shanxi,ammonia,0.0,0.0,0.0,0.0,0.0,True
2060,P0032,Henan,unabated,0.0,0.0,0.0,0.0,0.0,True
2060,P0032,Henan,retire,0.0,0.0,0.0,0.0,0.0,True
2060,P0032,Henan,ccs,0.0,0.0,0.0,0.0,0.0,True
2060,P0032,Henan,biomass,1.0,8531052.0,6.9954626399999995,6.9954626399999995,0.0,True
2060,P0032,Henan,beccs,0.0,0.0,0.0,0.0,0.0,True
2060,P0032,Henan,ammonia,0.0,0.0,0.0,0.0,0.0,True
2060,P0033,Henan,unabated,0.0,0.0,0.0,0.0,0.0,True
2060,P0033,Henan,retire,0.0,0.0,0.0,0.0,0.0,True
2060,P0033,Henan,ccs,0.0,0.0,0.0,0.0,0.0,True
2060,P0033,Henan,biomass,1.0,22569492.0,18.50698344,18.50698344,0.0,True
2060,P0033,Henan,beccs,0.0,0.0,0.0,0.0,0.0,True
2060,P0033,Henan,ammonia,0.0,0.0,0.0,0.0,0.0,True
2060,P0034,Shandong,unabated,0.0,0.0,0.0,0.0,0.0,True
2060,P0034,Shandong,retire,1.0,18403842.0,15.09115044,15.09115044,0.0,True
2060,P0034,Shandong,ccs,0.0,0.0,0.0,0.0,0.0,True
2060,P0034,Shandong,biomass,0.0,0.0,0.0,0.0,0.0,True
2060,P0034,Shandong,beccs,0.0,0.0,0.0,0.0,0.0,True
2060,P0034,Shandong,ammonia,0.0,0.0,0.0,0.0,0.0,True
2060,P0035,Anhui,unabated,0.0,0.0,0.0,0.0,0.0,True
2060,P0035,Anhui,retire,1.0,46348752.00000001,38.00597664,38.00597664,0.0,True
2060,P0035,Anhui,ccs,0.0,0.0,0.0,0.0,0.0,True
2060,P0035,Anhui,biomass,0.0,0.0,0.0,0.0,0.0,True
2060,P0035,Anhui,beccs,0.0,0.0,0.0,0.0,0.0,True
2060,P0035,Anhui,ammonia,0.0,0.0,0.0,0.0,0.0,True
2060,P0036,Jiangsu,unabated,0.0,0.0,0.0,0.0,0.0,True
2060,P0036,Jiangsu,retire,1.0,140042791.0,114.83508862,114.83508862,0.0,True
2060,P0036,Jiangsu,ccs,0.0,0.0,0.0,0.0,0.0,True
2060,P0036,Jiangsu,biomass,0.0,0.0,0.0,0.0,0.0,True
2060,P0036,Jiangsu,beccs,0.0,0.0,0.0,0.0,0.0,True
2060,P0036,Jiangsu,ammonia,0.0,0.0,0.0,0.0,0.0,True
2060,P0037,Inner Mongolia,unabated,0.0,0.0,0.0,0.0,0.0,True
2060,P0037,Inner Mongolia,retire,1.0,41962710.0,34.409422199999995,34.409422199999995,0.0,True
2060,P0037,Inner Mongolia,ccs,0.0,0.0,0.0,0.0,0.0,True
2060,P0037,Inner Mongolia,biomass,0.0,0.0,0.0,0.0,0.0,True
2060,P0037,Inner Mongolia,beccs,0.0,0.0,0.0,0.0,0.0,True
2060,P0037,Inner Mongolia,ammonia,0.0,0.0,0.0,0.0,0.0,True
2060,P0038,Sichuan,unabated,0.0,0.0,0.0,0.0,0.0,True
2060,P0038,Sichuan,retire,0.0,0.0,0.0,0.0,0.0,True
2060,P0038,Sichuan,ccs,0.0,0.0,0.0,0.0,0.0,True
2060,P0038,Sichuan,biomass,0.0,0.0,0.0,0.0,0.0,True
2060,P0038,Sichuan,beccs,1.0,24582287.999999996,20.157476159999998,38.299204704,19.472121970559996,True
2060,P0038,Sichuan,ammonia,0.0,0.0,0.0,0.0,0.0,True
2060,P0039,Heilongjiang,unabated,0.0,0.0,0.0,0.0,0.0,True
2060,P0039,Heilongjiang,retire,0.0,0.0,0.0,0.0,0.0,True
2060,P0039,Heilongjiang,ccs,0.0,0.0,0.0,0.0,0.0,True
2060,P0039,Heilongjiang,biomass,0.0,0.0,0.0,0.0,0.0,True
2060,P0039,Heilongjiang,beccs,1.0,7478775.0,6.1325955,11.65193145,5.924087252999999,True
2060,P0039,Heilongjiang,ammonia,0.0,0.0,0.0,0.0,0.0,True
2060,P0040,Shanxi,unabated,0.0,0.0,0.0,0.0,0.0,True
2060,P0040,Shanxi,retire,1.0,29397324.999999996,24.105806499999996,24.105806499999996,0.0,True
2060,P0040,Shanxi,ccs,0.0,0.0,0.0,0.0,0.0,True
2060,P0040,Shanxi,biomass,0.0,0.0,0.0,0.0,0.0,True
2060,P0040,Shanxi,beccs,0.0,0.0,0.0,0.0,0.0,True
2060,P0040,Shanxi,ammonia,0.0,0.0,0.0,0.0,0.0,True
2060,P0041,Hebei,unabated,0.0,0.0,0.0,0.0,0.0,True
2060,P0041,Hebei,retire,0.0,0.0,0.0,0.0,0.0,True
2060,P0041,Hebei,ccs,0.0,0.0,0.0,0.0,0.0,True
2060,P0041,Hebei,biomass,0.9673113270100426,16763833.215623895,13.746343236811594,13.746343236811594,0.0,True
2060,P0041,Hebei,beccs,0.03268867298995732,566505.7843761039,0.4645347431884052,0.8826160120579698,0.44874056191999934,True
2060,P0041,Hebei,ammonia,0.0,0.0,0.0,0.0,0.0,True
2060,P0042,Shandong,unabated,0.0,0.0,0.0,0.0,0.0,True
2060,P0042,Shandong,retire,0.2321922868749151,6399719.104074016,5.247769665340693,5.247769665340693,0.0,True
2060,P0042,Shandong,ccs,0.0,0.0,0.0,0.0,0.0,True
2060,P0042,Shandong,biomass,0.7678077131250849,21162432.895925988,17.353194974659306,17.353194974659306,0.0,True
2060,P0042,Shandong,beccs,0.0,0.0,0.0,0.0,0.0,True
2060,P0042,Shandong,ammonia,0.0,0.0,0.0,0.0,0.0,True
2060,P0043,Anhui,unabated,0.0,0.0,0.0,0.0,0.0,True
2060,P0043,Anhui,retire,0.0,0.0,0.0,0.0,0.0,True
2060,P0043,Anhui,ccs,0.0,0.0,0.0,0.0,0.0,True
2060,P0043,Anhui,biomass,1.0,71657610.0,58.759240199999994,58.759240199999994,0.0,True
2060,P0043,Anhui,beccs,0.0,0.0,0.0,0.0,0.0,True
2060,P0043,Anhui,ammonia,0.0,0.0,0.0,0.0,0.0,True
2060,P0044,Heilongjiang,unabated,0.0,0.0,0.0,0.0,0.0,True
2060,P0044,Heilongjiang,retire,0.0,0.0,0.0,0.0,0.0,True
2060,P0044,Heilongjiang,ccs,0.0,0.0,0.0,0.0,0.0,True
2060,P0044,Heilongjiang,biomass,0.0,0.0,0.0,0.0,0.0,True
2060,P0044,Heilongjiang,beccs,1.0,10278967.500000002,8.428753350000001,16.014631365,8.142175736099999,True
2060,P0044,Heilongjiang,ammonia,0.0,0.0,0.0,0.0,0.0,True
2060,P0045,Henan,unabated,0.0,0.0,0.0,0.0,0.0,True
2060,P0045,Henan,retire,1.0,50070436.0,41.057757519999996,41.057757519999996,0.0,True
2060,P0045,Henan,ccs,0.0,0.0,0.0,0.0,0.0,True
2060,P0045,Henan,biomass,0.0,0.0,0.0,0.0,0.0,True
2060,P0045,Henan,beccs,0.0,0.0,0.0,0.0,0.0,True
2060,P0045,Henan,ammonia,0.0,0.0,0.0,0.0,0.0,True
2060,P0046,Zhejiang,unabated,0.0,0.0,0.0,0.0,0.0,True
2060,P0046,Zhejiang,retire,1.0,102230348.64,83.8288858848,83.8288858848,0.0,True
2060,P0046,Zhejiang,ccs,0.0,0.0,0.0,0.0,0.0,True
2060,P0046,Zhejiang,biomass,0.0,0.0,0.0,0.0,0.0,True
2060,P0046,Zhejiang,beccs,0.0,0.0,0.0,0.0,0.0,True
2060,P0046,Zhejiang,ammonia,0.0,0.0,0.0,0.0,0.0,True
2060,P0047,Liaoning,unabated,0.0,0.0,0.0,0.0,0.0,True
2060,P0047,Liaoning,retire,0.0,0.0,0.0,0.0,0.0,True
2060,P0047,Liaoning,ccs,0.0,0.0,0.0,0.0,0.0,True
2060,P0047,Liaoning,biomass,1.0,10170295.999999998,8.339642719999999,8.339642719999999,0.0,True
2060,P0047,Liaoning,beccs,0.0,0.0,0.0,0.0,0.0,True
2060,P0047,Liaoning,ammonia,0.0,0.0,0.0,0.0,0.0,True
2060,P0048,Shanxi,unabated,0.0,0.0,0.0,0.0,0.0,True
2060,P0048,Shanxi,retire,0.0,0.0,0.0,0.0,0.0,True
2060,P0048,Shanxi,ccs,0.0,0.0,0.0,0.0,0.0,True
2060,P0048,Shanxi,biomass,0.0,0.0,0.0,0.0,0.0,True
2060,P0048,Shanxi,beccs,1.0,6481300.0,5.314666,10.0978654,5.50067931,True
2060,P0048,Shanxi,ammonia,0.0,0.0,0.0,0.0,0.0,True
2060,P0049,Xinjiang,unabated,0.0,0.0,0.0,0.0,0.0,True
2060,P0049,Xinjiang,retire,0.0,0.0,0.0,0.0,0.0,True
2060,P0049,Xinjiang,ccs,1.0,7182431.999999999,5.889594239999999,5.300634816,5.689348035839998,True
2060,P0049,Xinjiang,biomass,0.0,0.0,0.0,0.0,0.0,True
2060,P0049,Xinjiang,beccs,0.0,0.0,0.0,0.0,0.0,True
2060,P0049,Xinjiang,ammonia,0.0,0.0,0.0,0.0,0.0,True
2060,P0050,Henan,unabated,0.0,0.0,0.0,0.0,0.0,True
2060,P0050,Henan,retire,0.0,0.0,0.0,0.0,0.0,True
2060,P0050,Henan,ccs,0.0,0.0,0.0,0.0,0.0,True
2060,P0050,Henan,biomass,1.0,7055216.0,5.78527712,5.78527712,0.0,True
2060,P0050,Henan,beccs,0.0,0.0,0.0,0.0,0.0,True
2060,P0050,Henan,ammonia,0.0,0.0,0.0,0.0,0.0,True
2060,P0051,Hebei,unabated,0.0,0.0,0.0,0.0,0.0,True
2060,P0051,Hebei,retire,1.0,36442718.0,29.88302876,29.88302876,0.0,True
2060,P0051,Hebei,ccs,0.0,0.0,0.0,0.0,0.0,True
2060,P0051,Hebei,biomass,0.0,0.0,0.0,0.0,0.0,True
2060,P0051,Hebei,beccs,0.0,0.0,0.0,0.0,0.0,True
2060,P0051,Hebei,ammonia,0.0,0.0,0.0,0.0,0.0,True
2060,P0052,Jiangsu,unabated,0.0,0.0,0.0,0.0,0.0,True
2060,P0052,Jiangsu,retire,1.0,137274235.0,112.5648727,112.5648727,0.0,True
2060,P0052,Jiangsu,ccs,0.0,0.0,0.0,0.0,0.0,True
2060,P0052,Jiangsu,biomass,0.0,0.0,0.0,0.0,0.0,True
2060,P0052,Jiangsu,beccs,0.0,0.0,0.0,0.0,0.0,True
2060,P0052,Jiangsu,ammonia,0.0,0.0,0.0,0.0,0.0,True
2060,P0053,Heilongjiang,unabated,0.0,0.0,0.0,0.0,0.0,True
2060,P0053,Heilongjiang,retire,0.0,0.0,0.0,0.0,0.0,True
2060,P0053,Heilongjiang,ccs,0.0,0.0,0.0,0.0,0.0,True
2060,P0053,Heilongjiang,biomass,0.0,0.0,0.0,0.0,0.0,True
2060,P0053,Heilongjiang,beccs,1.0,9739800.000000002,7.986636000000001,15.1746084,7.715090376,True
2060,P0053,Heilongjiang,ammonia,0.0,0.0,0.0,0.0,0.0,True
2060,P0054,Hebei,unabated,0.0,0.0,0.0,0.0,0.0,True
2060,P0054,Hebei,retire,0.04512653368797048,888611.0334310856,0.7286610474134902,0.7286610474134902,0.0,True
2060,P0054,Hebei,ccs,0.0,0.0,0.0,0.0,0.0,True
2060,P0054,Hebei,biomass,0.9548734663120295,18802930.966568913,15.41840339258651,15.41840339258651,0.0,True
2060,P0054,Hebei,beccs,0.0,0.0,0.0,0.0,0.0,True
2060,P0054,Hebei,ammonia,0.0,0.0,0.0,0.0,0.0,True
2060,P0055,Shanxi,unabated,0.0,0.0,0.0,0.0,0.0,True
2060,P0055,Shanxi,retire,1.0,17129150.0,14.045903,14.045903,0.0,True
2060,P0055,Shanxi,ccs,0.0,0.0,0.0,0.0,0.0,True
2060,P0055,Shanxi,biomass,0.0,0.0,0.0,0.0,0.0,True
2060,P0055,Shanxi,beccs,0.0,0.0,0.0,0.0,0.0,True
2060,P0055,Shanxi,ammonia,0.0,0.0,0.0,0.0,0.0,True
2060,P0056,Jiangxi,unabated,0.0,0.0,0.0,0.0,0.0,True
2060,P0056,Jiangxi,retire,0.0,0.0,0.0,0.0,0.0,True
2060,P0056,Jiangxi,ccs,0.0,0.0,0.0,0.0,0.0,True
2060,P0056,Jiangxi,biomass,0.006100509277868538,116891.41903657104,0.09585096360998825,0.09585096360998825,0.0,True
2060,P0056,Jiangxi,beccs,0.9938994907221315,19044036.58096343,15.61610999639001,29.67060899314102,16.16267384626366,True
2060,P0056,Jiangxi,ammonia,0.0,0.0,0.0,0.0,0.0,True
2060,P0057,Gansu,unabated,0.0,0.0,0.0,0.0,0.0,True
2060,P0057,Gansu,retire,0.0,0.0,0.0,0.0,0.0,True
2060,P0057,Gansu,ccs,0.0,0.0,0.0,0.0,0.0,True
2060,P0057,Gansu,biomass,0.0,0.0,0.0,0.0,0.0,True
2060,P0057,Gansu,beccs,1.0,12233632.0,10.03157824,19.059998655999998,9.690504579839997,True
2060,P0057,Gansu,ammonia,0.0,0.0,0.0,0.0,0.0,True
2060,P0058,Jiangsu,unabated,0.0,0.0,0.0,0.0,0.0,True
2060,P0058,Jiangsu,retire,0.0,0.0,0.0,0.0,0.0,True
2060,P0058,Jiangsu,ccs,0.0,0.0,0.0,0.0,0.0,True
2060,P0058,Jiangsu,biomass,0.0,0.0,0.0,0.0,0.0,True
2060,P0058,Jiangsu,beccs,1.0,22644982.500000004,18.568885650000002,35.280882735000006,17.937543537899998,True
2060,P0058,Jiangsu,ammonia,0.0,0.0,0.0,0.0,0.0,True
2060,P0059,Inner Mongolia,unabated,0.0,0.0,0.0,0.0,0.0,True
2060,P0059,Inner Mongolia,retire,1.0,104755830.0,85.8997806,85.8997806,0.0,True
2060,P0059,Inner Mongolia,ccs,0.0,0.0,0.0,0.0,0.0,True
2060,P0059,Inner Mongolia,biomass,0.0,0.0,0.0,0.0,0.0,True
2060,P0059,Inner Mongolia,beccs,0.0,0.0,0.0,0.0,0.0,True
2060,P0059,Inner Mongolia,ammonia,0.0,0.0,0.0,0.0,0.0,True
2060,P0060,Shandong,unabated,0.0,0.0,0.0,0.0,0.0,True
2060,P0060,Shandong,retire,0.4736390627946865,10249444.265732888,8.40454429790097,8.40454429790097,0.0,True
2060,P0060,Shandong,ccs,0.0,0.0,0.0,0.0,0.0,True
2060,P0060,Shandong,biomass,0.5263609372053135,11390333.934267115,9.340073826099033,9.340073826099033,0.0,True
2060,P0060,Shandong,beccs,0.0,0.0,0.0,0.0,0.0,True
2060,P0060,Shandong,ammonia,0.0,0.0,0.0,0.0,0.0,True
2060,P0061,Shandong,unabated,0.0,0.0,0.0,0.0,0.0,True
2060,P0061,Shandong,retire,0.0,0.0,0.0,0.0,0.0,True
2060,P0061,Shandong,ccs,0.0,0.0,0.0,0.0,0.0,True
2060,P0061,Shandong,biomass,0.0,0.0,0.0,0.0,0.0,True
2060,P0061,Shandong,beccs,1.0,17095512.000000004,14.018319840000002,26.634807696000003,13.54169696544,True
2060,P0061,Shandong,ammonia,0.0,0.0,0.0,0.0,0.0,True
2060,P0062,Xinjiang,unabated,0.0,0.0,0.0,0.0,0.0,True
2060,P0062,Xinjiang,retire,0.0,0.0,0.0,0.0,0.0,True
2060,P0062,Xinjiang,ccs,0.2944068874783976,1508177.004526386,1.2367051437116365,1.113034629340473,1.1946571688254406,True
2060,P0062,Xinjiang,biomass,0.0,0.0,0.0,0.0,0.0,True
2060,P0062,Xinjiang,beccs,0.7055931125216024,3614586.995473614,2.9639613362883632,5.63152653894789,2.863186650854558,True
2060,P0062,Xinjiang,ammonia,0.0,0.0,0.0,0.0,0.0,True
2060,P0063,Ningxia,unabated,0.0,0.0,0.0,0.0,0.0,True
2060,P0063,Ningxia,retire,0.04653095071782021,407089.2371448539,0.3338131744587802,0.3338131744587802,0.0,True
2060,P0063,Ningxia,ccs,0.0,0.0,0.0,0.0,0.0,True
2060,P0063,Ningxia,biomass,0.0,0.0,0.0,0.0,0.0,True
2060,P0063,Ningxia,beccs,0.9534690492821798,8341694.762855146,6.84018970554122,12.996360440528317,6.6076232555528165,True
2060,P0063,Ningxia,ammonia,0.0,0.0,0.0,0.0,0.0,True
2060,P0064,Shandong,unabated,0.0,0.0,0.0,0.0,0.0,True
2060,P0064,Shandong,retire,1.0,18229398.000000004,14.94810636,14.94810636,0.0,True
2060,P0064,Shandong,ccs,0.0,0.0,0.0,0.0,0.0,True
2060,P0064,Shandong,biomass,0.0,0.0,0.0,0.0,0.0,True
2060,P0064,Shandong,beccs,0.0,0.0,0.0,0.0,0.0,True
2060,P0064,Shandong,ammonia,0.0,0.0,0.0,0.0,0.0,True
2060,P0065,Xinjiang,unabated,0.0,0.0,0.0,0.0,0.0,True
2060,P0065,Xinjiang,retire,0.46312068602239387,8254686.263697447,6.768842736231907,6.768842736231907,0.0,True
2060,P0065,Xinjiang,ccs,0.5368793139776061,9569363.736302549,7.84687826376809,7.062190437391281,7.580084402799974,True
2060,P0065,Xinjiang,biomass,0.0,0.0,0.0,0.0,0.0,True
2060,P0065,Xinjiang,beccs,0.0,0.0,0.0,0.0,0.0,True
2060,P0065,Xinjiang,ammonia,0.0,0.0,0.0,0.0,0.0,True
2060,P0066,Fujian,unabated,0.0,0.0,0.0,0.0,0.0,True
2060,P0066,Fujian,retire,1.0,45243841.199999996,37.099949783999996,37.099949783999996,0.0,True
2060,P0066,Fujian,ccs,0.0,0.0,0.0,0.0,0.0,True
2060,P0066,Fujian,biomass,0.0,0.0,0.0,0.0,0.0,True
2060,P0066,Fujian,beccs,0.0,0.0,0.0,0.0,0.0,True
2060,P0066,Fujian,ammonia,0.0,0.0,0.0,0.0,0.0,True
2060,P0067,Hebei,unabated,0.0,0.0,0.0,0.0,0.0,True
2060,P0067,Hebei,retire,0.09808268803950537,3355915.649163267,2.751850832313879,2.751850832313879,0.0,True
2060,P0067,Hebei,ccs,0.0,0.0,0.0,0.0,0.0,True
2060,P0067,Hebei,biomass,0.0,0.0,0.0,0.0,0.0,True
2060,P0067,Hebei,beccs,0.9019173119604946,30859252.35083673,25.30458692768612,48.07871516260362,24.444230972144787,True
2060,P0067,Hebei,ammonia,0.0,0.0,0.0,0.0,0.0,True
2060,P0068,Zhejiang,unabated,0.0,0.0,0.0,0.0,0.0,True
2060,P0068,Zhejiang,retire,0.0,0.0,0.0,0.0,0.0,True
2060,P0068,Zhejiang,ccs,0.0,0.0,0.0,0.0,0.0,True
2060,P0068,Zhejiang,biomass,0.0,0.0,0.0,0.0,0.0,True
2060,P0068,Zhejiang,beccs,1.0,22390288.5,18.360036570000002,34.884069483000005,17.735795326619996,True
2060,P0068,Zhejiang,ammonia,0.0,0.0,0.0,0.0,0.0,True
2060,P0069,Shaanxi,unabated,0.0,0.0,0.0,0.0,0.0,True
2060,P0069,Shaanxi,retire,0.0,0.0,0.0,0.0,0.0,True
2060,P0069,Shaanxi,ccs,0.0,0.0,0.0,0.0,0.0,True
2060,P0069,Shaanxi,biomass,0.0,0.0,0.0,0.0,0.0,True
2060,P0069,Shaanxi,beccs,1.0,18152000.0,14.88464,28.280815999999998,14.378562239999997,True
2060,P0069,Shaanxi,ammonia,0.0,0.0,0.0,0.0,0.0,True
2060,P0070,Shandong,unabated,0.0,0.0,0.0,0.0,0.0,True
2060,P0070,Shandong,retire,0.0,0.0,0.0,0.0,0.0,True
2060,P0070,Shandong,ccs,0.0,0.0,0.0,0.0,0.0,True
2060,P0070,Shandong,biomass,1.0,25817712.000000004,21.170523840000005,21.170523840000005,0.0,True
2060,P0070,Shandong,beccs,0.0,0.0,0.0,0.0,0.0,True
2060,P0070,Shandong,ammonia,0.0,0.0,0.0,0.0,0.0,True
2060,P0071,Guizhou,unabated,0.0,0.0,0.0,0.0,0.0,True
2060,P0071,Guizhou,retire,1.0,23735500.0,19.46311,19.46311,0.0,True
2060,P0071,Guizhou,ccs,0.0,0.0,0.0,0.0,0.0,True
2060,P0071,Guizhou,biomass,0.0,0.0,0.0,0.0,0.0,True
2060,P0071,Guizhou,beccs,0.0,0.0,0.0,0.0,0.0,True
2060,P0071,Guizhou,ammonia,0.0,0.0,0.0,0.0,0.0,True
2060,P0072,Heilongjiang,unabated,0.0,0.0,0.0,0.0,0.0,True
2060,P0072,Heilongjiang,retire,0.0,0.0,0.0,0.0,0.0,True
2060,P0072,Heilongjiang,ccs,0.0,0.0,0.0,0.0,0.0,True
2060,P0072,Heilongjiang,biomass,0.12897974326982764,717849.6591425528,0.5886367204968933,0.5886367204968933,0.0,True
2060,P0072,Heilongjiang,beccs,0.8710202567301722,4847750.340857447,3.9751552795031064,7.5527950310559016,3.84,True
2060,P0072,Heilongjiang,ammonia,0.0,0.0,0.0,0.0,0.0,True
2060,P0073,Liaoning,unabated,0.0,0.0,0.0,0.0,0.0,True
2060,P0073,Liaoning,retire,0.0,0.0,0.0,0.0,0.0,True
2060,P0073,Liaoning,ccs,0.0,0.0,0.0,0.0,0.0,True
2060,P0073,Liaoning,biomass,1.0,6340931.499999999,5.199563829999999,5.199563829999999,0.0,True
2060,P0073,Liaoning,beccs,0.0,0.0,0.0,0.0,0.0,True
2060,P0073,Liaoning,ammonia,0.0,0.0,0.0,0.0,0.0,True
2060,P0074,Shaanxi,unabated,0.0,0.0,0.0,0.0,0.0,True
2060,P0074,Shaanxi,retire,1.0,36893940.0,30.253030799999998,30.253030799999998,0.0,True
2060,P0074,Shaanxi,ccs,0.0,0.0,0.0,0.0,0.0,True
2060,P0074,Shaanxi,biomass,0.0,0.0,0.0,0.0,0.0,True
2060,P0074,Shaanxi,beccs,0.0,0.0,0.0,0.0,0.0,True
2060,P0074,Shaanxi,ammonia,0.0,0.0,0.0,0.0,0.0,True
2060,P0075,Henan,unabated,0.0,0.0,0.0,0.0,0.0,True
2060,P0075,Henan,retire,0.0,0.0,0.0,0.0,0.0,True
2060,P0075,Henan,ccs,0.0,0.0,0.0,0.0,0.0,True
2060,P0075,Henan,biomass,1.0,7127208.0,5.844310559999999,5.844310559999999,0.0,True
2060,P0075,Henan,beccs,0.0,0.0,0.0,0.0,0.0,True
2060,P0075,Henan,ammonia,0.0,0.0,0.0,0.0,0.0,True
2060,P0076,Guangxi,unabated,0.0,0.0,0.0,0.0,0.0,True
2060,P0076,Guangxi,retire,0.0,0.0,0.0,0.0,0.0,True
2060,P0076,Guangxi,ccs,0.0,0.0,0.0,0.0,0.0,True
2060,P0076,Guangxi,biomass,1.0,13593944.000000002,11.147034080000001,11.147034080000001,0.0,True
2060,P0076,Guangxi,beccs,0.0,0.0,0.0,0.0,0.0,True
2060,P0076,Guangxi,ammonia,0.0,0.0,0.0,0.0,0.0,True
2060,P0077,Xinjiang,unabated,0.0,0.0,0.0,0.0,0.0,True
2060,P0077,Xinjiang,retire,1.0,41298983.99999999,33.86516688,33.86516688,0.0,True
2060,P0077,Xinjiang,ccs,0.0,0.0,0.0,0.0,0.0,True
2060,P0077,Xinjiang,biomass,0.0,0.0,0.0,0.0,0.0,True
2060,P0077,Xinjiang,beccs,0.0,0.0,0.0,0.0,0.0,True
2060,P0077,Xinjiang,ammonia,0.0,0.0,0.0,0.0,0.0,True
2060,P0078,Heilongjiang,unabated,0.0,0.0,0.0,0.0,0.0,True
2060,P0078,Heilongjiang,retire,0.0,0.0,0.0,0.0,0.0,True
2060,P0078,Heilongjiang,ccs,0.0,0.0,0.0,0.0,0.0,True
2060,P0078,Heilongjiang,biomass,0.0,0.0,0.0,0.0,0.0,True
2060,P0078,Heilongjiang,beccs,1.0,18122985.0,14.860847699999999,28.235610629999996,14.355578878199998,True
2060,P0078,Heilongjiang,ammonia,0.0,0.0,0.0,0.0,0.0,True
2060,P0079,Guangxi,unabated,0.0,0.0,0.0,0.0,0.0,True
2060,P0079,Guangxi,retire,0.3641348541818499,15477554.890078362,12.691595009864256,12.691595009864256,0.0,True
2060,P0079,Guangxi,ccs,0.0,0.0,0.0,0.0,0.0,True
2060,P0079,Guangxi,biomass,0.0,0.0,0.0,0.0,0.0,True
2060,P0079,Guangxi,beccs,0.6358651458181501,27027453.109921638,22.16251155013574,42.10877194525791,21.408986157431123,True
2060,P0079,Guangxi,ammonia,0.0,0.0,0.0,0.0,0.0,True
2060,P0080,Shandong,unabated,0.0,0.0,0.0,0.0,0.0,True
2060,P0080,Shandong,retire,0.00763795265893541,164883.88293737193,0.135204784008645,0.135204784008645,0.0,True
2060,P0080,Shandong,ccs,0.0,0.0,0.0,0.0,0.0,True
2060,P0080,Shandong,biomass,0.9923620473410646,21422561.117062632,17.566500115991357,17.566500115991357,0.0,True
2060,P0080,Shandong,beccs,0.0,0.0,0.0,0.0,0.0,True
2060,P0080,Shandong,ammonia,0.0,0.0,0.0,0.0,0.0,True
2060,P0081,Gansu,unabated,0.0,0.0,0.0,0.0,0.0,True
2060,P0081,Gansu,retire,1.0,8798160.0,7.214491199999999,7.214491199999999,0.0,True
2060,P0081,Gansu,ccs,0.0,0.0,0.0,0.0,0.0,True
2060,P0081,Gansu,biomass,0.0,0.0,0.0,0.0,0.0,True
2060,P0081,Gansu,beccs,0.0,0.0,0.0,0.0,0.0,True
2060,P0081,Gansu,ammonia,0.0,0.0,0.0,0.0,0.0,True
2060,P0082,Liaoning,unabated,0.0,0.0,0.0,0.0,0.0,True
2060,P0082,Liaoning,retire,0.0,0.0,0.0,0.0,0.0,True
2060,P0082,Liaoning,ccs,0.0,0.0,0.0,0.0,0.0,True
2060,P0082,Liaoning,biomass,1.0,7751749.999999999,6.356434999999999,6.356434999999999,0.0,True
2060,P0082,Liaoning,beccs,0.0,0.0,0.0,0.0,0.0,True
2060,P0082,Liaoning,ammonia,0.0,0.0,0.0,0.0,0.0,True
2060,P0083,Shaanxi,unabated,0.0,0.0,0.0,0.0,0.0,True
2060,P0083,Shaanxi,retire,1.0,58041020.0,47.5936364,47.5936364,0.0,True
2060,P0083,Shaanxi,ccs,0.0,0.0,0.0,0.0,0.0,True
2060,P0083,Shaanxi,biomass,0.0,0.0,0.0,0.0,0.0,True
2060,P0083,Shaanxi,beccs,0.0,0.0,0.0,0.0,0.0,True
2060,P0083,Shaanxi,ammonia,0.0,0.0,0.0,0.0,0.0,True
2060,P0084,Shaanxi,unabated,0.0,0.0,0.0,0.0,0.0,True
2060,P0084,Shaanxi,retire,1.0,12207220.0,10.009920399999999,10.009920399999999,0.0,True
2060,P0084,Shaanxi,ccs,0.0,0.0,0.0,0.0,0.0,True
2060,P0084,Shaanxi,biomass,0.0,0.0,0.0,0.0,0.0,True
2060,P0084,Shaanxi,beccs,0.0,0.0,0.0,0.0,0.0,True
2060,P0084,Shaanxi,ammonia,0.0,0.0,0.0,0.0,0.0,True
2060,P0085,Jiangsu,unabated,0.0,0.0,0.0,0.0,0.0,True
2060,P0085,Jiangsu,retire,1.0,50405775.00000001,41.3327355,41.3327355,0.0,True
2060,P0085,Jiangsu,ccs,0.0,0.0,0.0,0.0,0.0,True
2060,P0085,Jiangsu,biomass,0.0,0.0,0.0,0.0,0.0,True
2060,P0085,Jiangsu,beccs,0.0,0.0,0.0,0.0,0.0,True
2060,P0085,Jiangsu,ammonia,0.0,0.0,0.0,0.0,0.0,True
2060,P0086,Shaanxi,unabated,0.0,0.0,0.0,0.0,0.0,True
2060,P0086,Shaanxi,retire,1.0,42929480.0,35.2021736,35.2021736,0.0,True
2060,P0086,Shaanxi,ccs,0.0,0.0,0.0,0.0,0.0,True
2060,P0086,Shaanxi,biomass,0.0,0.0,0.0,0.0,0.0,True
2060,P0086,Shaanxi,beccs,0.0,0.0,0.0,0.0,0.0,True
2060,P0086,Shaanxi,ammonia,0.0,0.0,0.0,0.0,0.0,True
2060,P0087,Hebei,unabated,0.0,0.0,0.0,0.0,0.0,True
2060,P0087,Hebei,retire,0.008257197616207468,112199.25535489598,0.09200338939101471,0.09200338939101471,0.0,True
2060,P0087,Hebei,ccs,0.0,0.0,0.0,0.0,0.0,True
2060,P0087,Hebei,biomass,0.9917428023837925,13475855.744645106,11.050201710608986,11.050201710608986,0.0,True
2060,P0087,Hebei,beccs,0.0,0.0,0.0,0.0,0.0,True
2060,P0087,Hebei,ammonia,0.0,0.0,0.0,0.0,0.0,True
2060,P0088,Zhejiang,unabated,0.0,0.0,0.0,0.0,0.0,True
2060,P0088,Zhejiang,retire,0.0,0.0,0.0,0.0,0.0,True
2060,P0088,Zhejiang,ccs,0.0,0.0,0.0,0.0,0.0,True
2060,P0088,Zhejiang,biomass,0.0,0.0,0.0,0.0,0.0,True
2060,P0088,Zhejiang,beccs,1.0,15775605.0,12.935996099999999,24.578392589999996,12.496172232599998,True
2060,P0088,Zhejiang,ammonia,0.0,0.0,0.0,0.0,0.0,True
2060,P0089,Ningxia,unabated,0.0,0.0,0.0,0.0,0.0,True
2060,P0089,Ningxia,retire,1.0,131480305.0,107.8138501,107.8138501,0.0,True
2060,P0089,Ningxia,ccs,0.0,0.0,0.0,0.0,0.0,True
2060,P0089,Ningxia,biomass,0.0,0.0,0.0,0.0,0.0,True
2060,P0089,Ningxia,beccs,0.0,0.0,0.0,0.0,0.0,True
2060,P0089,Ningxia,ammonia,0.0,0.0,0.0,0.0,0.0,True
2060,P0090,Guangdong,unabated,0.0,0.0,0.0,0.0,0.0,True
2060,P0090,Guangdong,retire,1.0,34962181.2,28.668988584,28.668988584,0.0,True
2060,P0090,Guangdong,ccs,0.0,0.0,0.0,0.0,0.0,True
2060,P0090,Guangdong,biomass,0.0,0.0,0.0,0.0,0.0,True
2060,P0090,Guangdong,beccs,0.0,0.0,0.0,0.0,0.0,True
2060,P0090,Guangdong,ammonia,0.0,0.0,0.0,0.0,0.0,True
2060,P0091,Guangdong,unabated,0.0,0.0,0.0,0.0,0.0,True
2060,P0091,Guangdong,retire,0.0,0.0,0.0,0.0,0.0,True
2060,P0091,Guangdong,ccs,0.0,0.0,0.0,0.0,0.0,True
2060,P0091,Guangdong,biomass,0.0,0.0,0.0,0.0,0.0,True
2060,P0091,Guangdong,beccs,1.0,35657946.0,29.23951572,55.555079868,28.245372185519997,True
2060,P0091,Guangdong,ammonia,0.0,0.0,0.0,0.0,0.0,True
2060,P0092,Jiangxi,unabated,0.0,0.0,0.0,0.0,0.0,True
2060,P0092,Jiangxi,retire,0.0,0.0,0.0,0.0,0.0,True
2060,P0092,Jiangxi,ccs,0.0,0.0,0.0,0.0,0.0,True
2060,P0092,Jiangxi,biomass,1.0,36462960.0,29.899627199999998,29.899627199999998,0.0,True
2060,P0092,Jiangxi,beccs,0.0,0.0,0.0,0.0,0.0,True
2060,P0092,Jiangxi,ammonia,0.0,0.0,0.0,0.0,0.0,True
2060,P0093,Hunan,unabated,0.0,0.0,0.0,0.0,0.0,True
2060,P0093,Hunan,retire,1.0,18069412.5,14.81691825,14.81691825,0.0,True
2060,P0093,Hunan,ccs,0.0,0.0,0.0,0.0,0.0,True
2060,P0093,Hunan,biomass,0.0,0.0,0.0,0.0,0.0,True
2060,P0093,Hunan,beccs,0.0,0.0,0.0,0.0,0.0,True
2060,P0093,Hunan,ammonia,0.0,0.0,0.0,0.0,0.0,True
2060,P0094,Fujian,unabated,0.0,0.0,0.0,0.0,0.0,True
2060,P0094,Fujian,retire,0.0,0.0,0.0,0.0,0.0,True
2060,P0094,Fujian,ccs,0.0,0.0,0.0,0.0,0.0,True
2060,P0094,Fujian,biomass,0.0,0.0,0.0,0.0,0.0,True
2060,P0094,Fujian,beccs,1.0,6459012.0,5.29638984,10.063140696,5.481763484399999,True
2060,P0094,Fujian,ammonia,0.0,0.0,0.0,0.0,0.0,True
2060,P0095,Anhui,unabated,0.0,0.0,0.0,0.0,0.0,True
2060,P0095,Anhui,retire,0.0,0.0,0.0,0.0,0.0,True
2060,P0095,Anhui,ccs,0.0,0.0,0.0,0.0,0.0,True
2060,P0095,Anhui,biomass,1.0,16313541.000000002,13.377103620000002,13.377103620000002,0.0,True
2060,P0095,Anhui,beccs,0.0,0.0,0.0,0.0,0.0,True
2060,P0095,Anhui,ammonia,0.0,0.0,0.0,0.0,0.0,True
2060,P0096,Guangdong,unabated,0.0,0.0,0.0,0.0,0.0,True
2060,P0096,Guangdong,retire,0.0,0.0,0.0,0.0,0.0,True
2060,P0096,Guangdong,ccs,0.0,0.0,0.0,0.0,0.0,True
2060,P0096,Guangdong,biomass,0.18771946405668483,4235709.308034135,3.4732816325879905,3.4732816325879905,0.0,True
2060,P0096,Guangdong,beccs,0.8122805359433152,18328329.691965867,15.02923034741201,28.55553766008282,14.518236515600002,True
2060,P0096,Guangdong,ammonia,0.0,0.0,0.0,0.0,0.0,True
2060,P0097,Gansu,unabated,0.0,0.0,0.0,0.0,0.0,True
2060,P0097,Gansu,retire,0.34501755067997675,3064429.324297121,2.512832045923639,2.512832045923639,0.0,True
2060,P0097,Gansu,ccs,0.0,0.0,0.0,0.0,0.0,True
2060,P0097,Gansu,biomass,0.0,0.0,0.0,0.0,0.0,True
2060,P0097,Gansu,beccs,0.6549824493200233,5817522.675702879,4.770368594076361,9.063700328745085,4.6081760618777645,True
2060,P0097,Gansu,ammonia,0.0,0.0,0.0,0.0,0.0,True
2060,P0098,Xinjiang,unabated,0.0,0.0,0.0,0.0,0.0,True
2060,P0098,Xinjiang,retire,0.28938765691785084,37321430.1685094,30.60357273817771,30.60357273817771,0.0,True
2060,P0098,Xinjiang,ccs,0.7106123430821492,91645473.83149059,75.14928854182229,67.63435968764006,72.5942127314003,True
2060,P0098,Xinjiang,biomass,0.0,0.0,0.0,0.0,0.0,True
2060,P0098,Xinjiang,beccs,0.0,0.0,0.0,0.0,0.0,True
2060,P0098,Xinjiang,ammonia,0.0,0.0,0.0,0.0,0.0,True
2060,P0099,Sichuan,unabated,0.0,0.0,0.0,0.0,0.0,True
2060,P0099,Sichuan,retire,0.0,0.0,0.0,0.0,0.0,True
2060,P0099,Sichuan,ccs,0.0,0.0,0.0,0.0,0.0,True
2060,P0099,Sichuan,biomass,0.0,0.0,0.0,0.0,0.0,True
2060,P0099,Sichuan,beccs,1.0,4996399.999999999,4.097047999999999,7.784391199999998,3.957748367999997,True
2060,P0099,Sichuan,ammonia,0.0,0.0,0.0,0.0,0.0,True
2060,P0100,Jiangxi,unabated,0.0,0.0,0.0,0.0,0.0,True
2060,P0100,Jiangxi,retire,0.0,0.0,0.0,0.0,0.0,True
2060,P0100,Jiangxi,ccs,0.0,0.0,0.0,0.0,0.0,True
2060,P0100,Jiangxi,biomass,1.0,15157152.0,12.428864639999999,12.428864639999999,0.0,True
2060,P0100,Jiangxi,beccs,0.0,0.0,0.0,0.0,0.0,True
2060,P0100,Jiangxi,ammonia,0.0,0.0,0.0,0.0,0.0,True
2060,P0101,Qinghai,unabated,0.0,0.0,0.0,0.0,0.0,True
2060,P0101,Qinghai,retire,1.0,19952390.0,16.3609598,16.3609598,0.0,True
2060,P0101,Qinghai,ccs,0.0,0.0,0.0,0.0,0.0,True
2060,P0101,Qinghai,biomass,0.0,0.0,0.0,0.0,0.0,True
2060,P0101,Qinghai,beccs,0.0,0.0,0.0,0.0,0.0,True
2060,P0101,Qinghai,ammonia,0.0,0.0,0.0,0.0,0.0,True
2060,P0102,Hunan,unabated,0.0,0.0,0.0,0.0,0.0,True
2060,P0102,Hunan,retire,0.0,0.0,0.0,0.0,0.0,True
2060,P0102,Hunan,ccs,0.0,0.0,0.0,0.0,0.0,True
2060,P0102,Hunan,biomass,1.0,9845388.0,8.07321816,8.07321816,0.0,True
2060,P0102,Hunan,beccs,0.0,0.0,0.0,0.0,0.0,True
2060,P0102,Hunan,ammonia,0.0,0.0,0.0,0.0,0.0,True
2060,P0103,Inner Mongolia,unabated,0.0,0.0,0.0,0.0,0.0,True
2060,P0103,Inner Mongolia,retire,1.0,19119700.0,15.678153999999997,15.678153999999997,0.0,True
2060,P0103,Inner Mongolia,ccs,0.0,0.0,0.0,0.0,0.0,True
2060,P0103,Inner Mongolia,biomass,0.0,0.0,0.0,0.0,0.0,True
2060,P0103,Inner Mongolia,beccs,0.0,0.0,0.0,0.0,0.0,True
2060,P0103,Inner Mongolia,ammonia,0.0,0.0,0.0,0.0,0.0,True
2060,P0104,Inner Mongolia,unabated,0.0,0.0,0.0,0.0,0.0,True
2060,P0104,Inner Mongolia,retire,1.0,22843010.0,18.7312682,18.7312682,0.0,True
2060,P0104,Inner Mongolia,ccs,0.0,0.0,0.0,0.0,0.0,True
2060,P0104,Inner Mongolia,biomass,0.0,0.0,0.0,0.0,0.0,True
2060,P0104,Inner Mongolia,beccs,0.0,0.0,0.0,0.0,0.0,True
2060,P0104,Inner Mongolia,ammonia,0.0,0.0,0.0,0.0,0.0,True
2060,P0105,Liaoning,unabated,0.0,0.0,0.0,0.0,0.0,True
2060,P0105,Liaoning,retire,0.0,0.0,0.0,0.0,0.0,True
2060,P0105,Liaoning,ccs,0.0,0.0,0.0,0.0,0.0,True
2060,P0105,Liaoning,biomass,0.1504295524270174,606367.9871735887,0.49722174948234266,0.49722174948234266,0.0,True
2060,P0105,Liaoning,beccs,0.8495704475729826,3424542.0128264115,2.8081244505176572,5.335436455983548,2.7126482192000565,True
2060,P0105,Liaoning,ammonia,0.0,0.0,0.0,0.0,0.0,True
2060,P0106,Hubei,unabated,0.0,0.0,0.0,0.0,0.0,True
2060,P0106,Hubei,retire,1.0,39558279.99999999,32.43778959999999,32.43778959999999,0.0,True
2060,P0106,Hubei,ccs,0.0,0.0,0.0,0.0,0.0,True
2060,P0106,Hubei,biomass,0.0,0.0,0.0,0.0,0.0,True
2060,P0106,Hubei,beccs,0.0,0.0,0.0,0.0,0.0,True
2060,P0106,Hubei,ammonia,0.0,0.0,0.0,0.0,0.0,True
2060,P0107,Liaoning,unabated,0.0,0.0,0.0,0.0,0.0,True
2060,P0107,Liaoning,retire,1.0,14387248.0,11.797543359999999,11.797543359999999,0.0,True
2060,P0107,Liaoning,ccs,0.0,0.0,0.0,0.0,0.0,True
2060,P0107,Liaoning,biomass,0.0,0.0,0.0,0.0,0.0,True
2060,P0107,Liaoning,beccs,0.0,0.0,0.0,0.0,0.0,True
2060,P0107,Liaoning,ammonia,0.0,0.0,0.0,0.0,0.0,True
2060,P0108,Guangdong,unabated,0.0,0.0,0.0,0.0,0.0,True
2060,P0108,Guangdong,retire,1.0,22805624.0,18.700611679999998,18.700611679999998,0.0,True
2060,P0108,Guangdong,ccs,0.0,0.0,0.0,0.0,0.0,True
2060,P0108,Guangdong,biomass,0.0,0.0,0.0,0.0,0.0,True
2060,P0108,Guangdong,beccs,0.0,0.0,0.0,0.0,0.0,True
2060,P0108,Guangdong,ammonia,0.0,0.0,0.0,0.0,0.0,True
2060,P0109,Shaanxi,unabated,0.0,0.0,0.0,0.0,0.0,True
2060,P0109,Shaanxi,retire,0.0,0.0,0.0,0.0,0.0,True
2060,P0109,Shaanxi,ccs,0.0,0.0,0.0,0.0,0.0,True
2060,P0109,Shaanxi,biomass,0.0,0.0,0.0,0.0,0.0,True
2060,P0109,Shaanxi,beccs,1.0,37846920.0,31.034474399999997,58.96550135999999,29.979302270399995,True
2060,P0109,Shaanxi,ammonia,0.0,0.0,0.0,0.0,0.0,True
2060,P0110,Guizhou,unabated,0.0,0.0,0.0,0.0,0.0,True
2060,P0110,Guizhou,retire,0.12313317773364951,7750808.236337345,6.355662753796623,6.355662753796623,0.0,True
2060,P0110,Guizhou,ccs,0.0,0.0,0.0,0.0,0.0,True
2060,P0110,Guizhou,biomass,0.8768668222663505,55195737.76366266,45.26050496620338,45.26050496620338,0.0,True
2060,P0110,Guizhou,beccs,0.0,0.0,0.0,0.0,0.0,True
2060,P0110,Guizhou,ammonia,0.0,0.0,0.0,0.0,0.0,True
2060,P0111,Guangxi,unabated,0.0,0.0,0.0,0.0,0.0,True
2060,P0111,Guangxi,retire,0.0,0.0,0.0,0.0,0.0,True
2060,P0111,Guangxi,ccs,0.0,0.0,0.0,0.0,0.0,True
2060,P0111,Guangxi,biomass,1.0,587794.48,0.48199147359999994,0.48199147359999994,0.0,True
2060,P0111,Guangxi,beccs,0.0,0.0,0.0,0.0,0.0,True
2060,P0111,Guangxi,ammonia,0.0,0.0,0.0,0.0,0.0,True
2060,P0112,Guangdong,unabated,0.0,0.0,0.0,0.0,0.0,True
2060,P0112,Guangdong,retire,1.0,41166084.0,33.756188879999996,33.756188879999996,0.0,True
2060,P0112,Guangdong,ccs,0.0,0.0,0.0,0.0,0.0,True
2060,P0112,Guangdong,biomass,0.0,0.0,0.0,0.0,0.0,True
2060,P0112,Guangdong,beccs,0.0,0.0,0.0,0.0,0.0,True
2060,P0112,Guangdong,ammonia,0.0,0.0,0.0,0.0,0.0,True
2060,P0113,Inner Mongolia,unabated,0.0,0.0,0.0,0.0,0.0,True
2060,P0113,Inner Mongolia,retire,0.12042022653458334,2423577.479235024,1.9873335329727198,1.9873335329727198,0.0,True
2060,P0113,Inner Mongolia,ccs,0.0,0.0,0.0,0.0,0.0,True
2060,P0113,Inner Mongolia,biomass,0.3714945416634566,7476699.145518727,6.130893299325356,6.130893299325356,0.0,True
2060,P0113,Inner Mongolia,beccs,0.5080852318019601,10225723.37524625,8.385093167701923,15.931677018633653,8.1,True
2060,P0113,Inner Mongolia,ammonia,0.0,0.0,0.0,0.0,0.0,True
2060,P0114,Guangxi,unabated,0.0,0.0,0.0,0.0,0.0,True
2060,P0114,Guangxi,retire,0.05679333716150603,1674577.443968751,1.3731535040543756,1.3731535040543756,0.0,True
2060,P0114,Guangxi,ccs,0.0,0.0,0.0,0.0,0.0,True
2060,P0114,Guangxi,biomass,0.0,0.0,0.0,0.0,0.0,True
2060,P0114,Guangxi,beccs,0.943206662838494,27810878.55603125,22.804920415945624,43.329348790296685,22.029553121803467,True
2060,P0114,Guangxi,ammonia,0.0,0.0,0.0,0.0,0.0,True
2060,P0115,Shandong,unabated,0.0,0.0,0.0,0.0,0.0,True
2060,P0115,Shandong,retire,0.0,0.0,0.0,0.0,0.0,True
2060,P0115,Shandong,ccs,0.0,0.0,0.0,0.0,0.0,True
2060,P0115,Shandong,biomass,1.0,9550809.0,7.83166338,7.83166338,0.0,True
2060,P0115,Shandong,beccs,0.0,0.0,0.0,0.0,0.0,True
2060,P0115,Shandong,ammonia,0.0,0.0,0.0,0.0,0.0,True
2060,P0116,Liaoning,unabated,0.0,0.0,0.0,0.0,0.0,True
2060,P0116,Liaoning,retire,0.0,0.0,0.0,0.0,0.0,True
2060,P0116,Liaoning,ccs,0.0,0.0,0.0,0.0,0.0,True
2060,P0116,Liaoning,biomass,1.0,2542573.9999999995,2.0849106799999997,2.0849106799999997,0.0,True
2060,P0116,Liaoning,beccs,0.0,0.0,0.0,0.0,0.0,True
2060,P0116,Liaoning,ammonia,0.0,0.0,0.0,0.0,0.0,True
2060,P0117,Henan,unabated,0.0,0.0,0.0,0.0,0.0,True
2060,P0117,Henan,retire,0.0,0.0,0.0,0.0,0.0,True
2060,P0117,Henan,ccs,0.0,0.0,0.0,0.0,0.0,True
2060,P0117,Henan,biomass,1.0,8351072.0,6.8478790400000005,6.8478790400000005,0.0,True
2060,P0117,Henan,beccs,0.0,0.0,0.0,0.0,0.0,True
2060,P0117,Henan,ammonia,0.0,0.0,0.0,0.0,0.0,True
2060,P0118,Liaoning,unabated,0.0,0.0,0.0,0.0,0.0,True
2060,P0118,Liaoning,retire,0.0,0.0,0.0,0.0,0.0,True
2060,P0118,Liaoning,ccs,0.0,0.0,0.0,0.0,0.0,True
2060,P0118,Liaoning,biomass,1.0,16867807.999999996,13.831602559999997,13.831602559999997,0.0,True
2060,P0118,Liaoning,beccs,0.0,0.0,0.0,0.0,0.0,True
2060,P0118,Liaoning,ammonia,0.0,0.0,0.0,0.0,0.0,True
2060,P0119,Guizhou,unabated,0.0,0.0,0.0,0.0,0.0,True
2060,P0119,Guizhou,retire,1.0,27248354.0,22.34365028,22.34365028,0.0,True
2060,P0119,Guizhou,ccs,0.0,0.0,0.0,0.0,0.0,True
2060,P0119,Guizhou,biomass,0.0,0.0,0.0,0.0,0.0,True
2060,P0119,Guizhou,beccs,0.0,0.0,0.0,0.0,0.0,True
2060,P0119,Guizhou,ammonia,0.0,0.0,0.0,0.0,0.0,True
2060,P0120,Inner Mongolia,unabated,0.0,0.0,0.0,0.0,0.0,True
2060,P0120,Inner Mongolia,retire,1.0,23648049.999999996,19.391400999999995,19.391400999999995,0.0,True
2060,P0120,Inner Mongolia,ccs,0.0,0.0,0.0,0.0,0.0,True
2060,P0120,Inner Mongolia,biomass,0.0,0.0,0.0,0.0,0.0,True
2060,P0120,Inner Mongolia,beccs,0.0,0.0,0.0,0.0,0.0,True
2060,P0120,Inner Mongolia,ammonia,0.0,0.0,0.0,0.0,0.0,True
2060,P0121,Guangdong,unabated,0.0,0.0,0.0,0.0,0.0,True
2060,P0121,Guangdong,retire,1.0,32662292.0,26.783079439999998,26.783079439999998,0.0,True
2060,P0121,Guangdong,ccs,0.0,0.0,0.0,0.0,0.0,True
2060,P0121,Guangdong,biomass,0.0,0.0,0.0,0.0,0.0,True
2060,P0121,Guangdong,beccs,0.0,0.0,0.0,0.0,0.0,True
2060,P0121,Guangdong,ammonia,0.0,0.0,0.0,0.0,0.0,True
2060,P0122,Shaanxi,unabated,0.0,0.0,0.0,0.0,0.0,True
2060,P0122,Shaanxi,retire,1.0,33535820.0,27.4993724,27.4993724,0.0,True
2060,P0122,Shaanxi,ccs,0.0,0.0,0.0,0.0,0.0,True
2060,P0122,Shaanxi,biomass,0.0,0.0,0.0,0.0,0.0,True
2060,P0122,Shaanxi,beccs,0.0,0.0,0.0,0.0,0.0,True
2060,P0122,Shaanxi,ammonia,0.0,0.0,0.0,0.0,0.0,True
2060,P0123,Hebei,unabated,0.0,0.0,0.0,0.0,0.0,True
2060,P0123,Hebei,retire,0.0,0.0,0.0,0.0,0.0,True
2060,P0123,Hebei,ccs,0.0,0.0,0.0,0.0,0.0,True
2060,P0123,Hebei,biomass,1.0,29973912.800000004,24.578608496000005,24.578608496000005,0.0,True
2060,P0123,Hebei,beccs,0.0,0.0,0.0,0.0,0.0,True
2060,P0123,Hebei,ammonia,0.0,0.0,0.0,0.0,0.0,True
2060,P0124,Henan,unabated,0.0,0.0,0.0,0.0,0.0,True
2060,P0124,Henan,retire,0.0,0.0,0.0,0.0,0.0,True
2060,P0124,Henan,ccs,0.0,0.0,0.0,0.0,0.0,True
2060,P0124,Henan,biomass,1.0,42007332.0,34.446012239999995,34.446012239999995,0.0,True
2060,P0124,Henan,beccs,0.0,0.0,0.0,0.0,0.0,True
2060,P0124,Henan,ammonia,0.0,0.0,0.0,0.0,0.0,True
2060,P0125,Xinjiang,unabated,0.0,0.0,0.0,0.0,0.0,True
2060,P0125,Xinjiang,retire,1.0,62899091.99999999,51.57725543999999,51.57725543999999,0.0,True
2060,P0125,Xinjiang,ccs,0.0,0.0,0.0,0.0,0.0,True
2060,P0125,Xinjiang,biomass,0.0,0.0,0.0,0.0,0.0,True
2060,P0125,Xinjiang,beccs,0.0,0.0,0.0,0.0,0.0,True
2060,P0125,Xinjiang,ammonia,0.0,0.0,0.0,0.0,0.0,True
2060,P0126,Jiangsu,unabated,0.0,0.0,0.0,0.0,0.0,True
2060,P0126,Jiangsu,retire,1.0,86326786.00000001,70.78796452000002,70.78796452000002,0.0,True
2060,P0126,Jiangsu,ccs,0.0,0.0,0.0,0.0,0.0,True
2060,P0126,Jiangsu,biomass,0.0,0.0,0.0,0.0,0.0,True
2060,P0126,Jiangsu,beccs,0.0,0.0,0.0,0.0,0.0,True
2060,P0126,Jiangsu,ammonia,0.0,0.0,0.0,0.0,0.0,True
2060,P0127,Hebei,unabated,0.0,0.0,0.0,0.0,0.0,True
2060,P0127,Hebei,retire,0.0,0.0,0.0,0.0,0.0,True
2060,P0127,Hebei,ccs,0.0,0.0,0.0,0.0,0.0,True
2060,P0127,Hebei,biomass,1.0,7796425.000000001,6.3930685,6.3930685,0.0,True
2060,P0127,Hebei,beccs,0.0,0.0,0.0,0.0,0.0,True
2060,P0127,Hebei,ammonia,0.0,0.0,0.0,0.0,0.0,True
2060,P0128,Xinjiang,unabated,0.0,0.0,0.0,0.0,0.0,True
2060,P0128,Xinjiang,retire,0.0,0.0,0.0,0.0,0.0,True
2060,P0128,Xinjiang,ccs,0.5415415178881638,2774189.3923428417,2.2748353017211302,2.0473517715490175,2.1974909014626114,True
2060,P0128,Xinjiang,biomass,0.0,0.0,0.0,0.0,0.0,True
2060,P0128,Xinjiang,beccs,0.4584584821118368,2348574.6076571615,1.9258311782788724,3.177621444160139,1.8603529182173901,True
2060,P0128,Xinjiang,ammonia,0.0,0.0,0.0,0.0,0.0,True
2060,P0129,Inner Mongolia,unabated,0.0,0.0,0.0,0.0,0.0,True
2060,P0129,Inner Mongolia,retire,1.0,67573045.0,55.4098969,55.4098969,0.0,True
2060,P0129,Inner Mongolia,ccs,0.0,0.0,0.0,0.0,0.0,True
2060,P0129,Inner Mongolia,biomass,0.0,0.0,0.0,0.0,0.0,True
2060,P0129,Inner Mongolia,beccs,0.0,0.0,0.0,0.0,0.0,True
2060,P0129,Inner Mongolia,ammonia,0.0,0.0,0.0,0.0,0.0,True
2060,P0130,Hebei,unabated,0.0,0.0,0.0,0.0,0.0,True
2060,P0130,Hebei,retire,0.0,0.0,0.0,0.0,0.0,True
2060,P0130,Hebei,ccs,0.0,0.0,0.0,0.0,0.0,True
2060,P0130,Hebei,biomass,1.0,5791630.0,4.7491366,4.7491366,0.0,True
2060,P0130,Hebei,beccs,0.0,0.0,0.0,0.0,0.0,True
2060,P0130,Hebei,ammonia,0.0,0.0,0.0,0.0,0.0,True
2060,P0131,Zhejiang,unabated,0.0,0.0,0.0,0.0,0.0,True
2060,P0131,Zhejiang,retire,1.0,68084190.0,55.8290358,55.8290358,0.0,True
2060,P0131,Zhejiang,ccs,0.0,0.0,0.0,0.0,0.0,True
2060,P0131,Zhejiang,biomass,0.0,0.0,0.0,0.0,0.0,True
2060,P0131,Zhejiang,beccs,0.0,0.0,0.0,0.0,0.0,True
2060,P0131,Zhejiang,ammonia,0.0,0.0,0.0,0.0,0.0,True
2060,P0132,Jilin,unabated,0.0,0.0,0.0,0.0,0.0,True
2060,P0132,Jilin,retire,0.0,0.0,0.0,0.0,0.0,True
2060,P0132,Jilin,ccs,0.0,0.0,0.0,0.0,0.0,True
2060,P0132,Jilin,biomass,0.0,0.0,0.0,0.0,0.0,True
2060,P0132,Jilin,beccs,1.0,6228808.0,5.107622559999999,9.704482864,4.933963392959998,True
2060,P0132,Jilin,ammonia,0.0,0.0,0.0,0.0,0.0,True
2060,P0133,Anhui,unabated,0.0,0.0,0.0,0.0,0.0,True
2060,P0133,Anhui,retire,0.0,0.0,0.0,0.0,0.0,True
2060,P0133,Anhui,ccs,0.0,0.0,0.0,0.0,0.0,True
2060,P0133,Anhui,biomass,0.4380274971055128,13579207.212543555,11.134949914285714,11.134949914285714,0.0,True
2060,P0133,Anhui,beccs,0.5619725028944872,17421602.78745645,14.28571428571429,27.142857142857146,13.8,True
2060,P0133,Anhui,ammonia,0.0,0.0,0.0,0.0,0.0,True
2060,P0134,Shanxi,unabated,0.0,0.0,0.0,0.0,0.0,True
2060,P0134,Shanxi,retire,1.0,14837547.5,12.166788949999999,12.166788949999999,0.0,True
2060,P0134,Shanxi,ccs,0.0,0.0,0.0,0.0,0.0,True
2060,P0134,Shanxi,biomass,0.0,0.0,0.0,0.0,0.0,True
2060,P0134,Shanxi,beccs,0.0,0.0,0.0,0.0,0.0,True
2060,P0134,Shanxi,ammonia,0.0,0.0,0.0,0.0,0.0,True
2060,P0135,Liaoning,unabated,0.0,0.0,0.0,0.0,0.0,True
2060,P0135,Liaoning,retire,0.0,0.0,0.0,0.0,0.0,True
2060,P0135,Liaoning,ccs,0.0,0.0,0.0,0.0,0.0,True
2060,P0135,Liaoning,biomass,1.0,5891330.0,4.8308906,4.8308906,0.0,True
2060,P0135,Liaoning,beccs,0.0,0.0,0.0,0.0,0.0,True
2060,P0135,Liaoning,ammonia,0.0,0.0,0.0,0.0,0.0,True
2060,P0136,Inner Mongolia,unabated,0.0,0.0,0.0,0.0,0.0,True
2060,P0136,Inner Mongolia,retire,0.0,0.0,0.0,0.0,0.0,True
2060,P0136,Inner Mongolia,ccs,0.0,0.0,0.0,0.0,0.0,True
2060,P0136,Inner Mongolia,biomass,0.0,0.0,0.0,0.0,0.0,True
2060,P0136,Inner Mongolia,beccs,1.0,4427720.0,3.6307304,6.898387759999999,3.507285566399999,True
2060,P0136,Inner Mongolia,ammonia,0.0,0.0,0.0,0.0,0.0,True
2060,P0137,Xinjiang,unabated,0.0,0.0,0.0,0.0,0.0,True
2060,P0137,Xinjiang,retire,1.0,7393679.999999999,6.062817599999999,6.062817599999999,0.0,True
2060,P0137,Xinjiang,ccs,0.0,0.0,0.0,0.0,0.0,True
2060,P0137,Xinjiang,biomass,0.0,0.0,0.0,0.0,0.0,True
2060,P0137,Xinjiang,beccs,0.0,0.0,0.0,0.0,0.0,True
2060,P0137,Xinjiang,ammonia,0.0,0.0,0.0,0.0,0.0,True
2060,P0138,Jilin,unabated,0.0,0.0,0.0,0.0,0.0,True
2060,P0138,Jilin,retire,0.0,0.0,0.0,0.0,0.0,True
2060,P0138,Jilin,ccs,0.0,0.0,0.0,0.0,0.0,True
2060,P0138,Jilin,biomass,1.0,4345680.000000001,3.5634576000000004,3.5634576000000004,0.0,True
2060,P0138,Jilin,beccs,0.0,0.0,0.0,0.0,0.0,True
2060,P0138,Jilin,ammonia,0.0,0.0,0.0,0.0,0.0,True
2060,P0139,Heilongjiang,unabated,0.0,0.0,0.0,0.0,0.0,True
2060,P0139,Heilongjiang,retire,0.0,0.0,0.0,0.0,0.0,True
2060,P0139,Heilongjiang,ccs,0.0,0.0,0.0,0.0,0.0,True
2060,P0139,Heilongjiang,biomass,1.0,4156807.5000000005,3.4085821500000004,3.4085821500000004,0.0,True
2060,P0139,Heilongjiang,beccs,0.0,0.0,0.0,0.0,0.0,True
2060,P0139,Heilongjiang,ammonia,0.0,0.0,0.0,0.0,0.0,True
2060,P0140,Guangdong,unabated,0.0,0.0,0.0,0.0,0.0,True
2060,P0140,Guangdong,retire,0.18643149665479053,10340966.596202202,8.479592608885804,8.479592608885804,0.0,True
2060,P0140,Guangdong,ccs,0.0,0.0,0.0,0.0,0.0,True
2060,P0140,Guangdong,biomass,0.0,0.0,0.0,0.0,0.0,True
2060,P0140,Guangdong,beccs,0.8135685033452095,45126949.4037978,37.004098511114194,70.30778717111696,35.7459591617363,True
2060,P0140,Guangdong,ammonia,0.0,0.0,0.0,0.0,0.0,True
2060,P0141,Shandong,unabated,0.0,0.0,0.0,0.0,0.0,True
2060,P0141,Shandong,retire,1.0,46881825.00000001,38.44309650000001,38.44309650000001,0.0,True
2060,P0141,Shandong,ccs,0.0,0.0,0.0,0.0,0.0,True
2060,P0141,Shandong,biomass,0.0,0.0,0.0,0.0,0.0,True
2060,P0141,Shandong,beccs,0.0,0.0,0.0,0.0,0.0,True
2060,P0141,Shandong,ammonia,0.0,0.0,0.0,0.0,0.0,True
2060,P0142,Jiangsu,unabated,0.0,0.0,0.0,0.0,0.0,True
2060,P0142,Jiangsu,retire,0.0,0.0,0.0,0.0,0.0,True
2060,P0142,Jiangsu,ccs,0.0,0.0,0.0,0.0,0.0,True
2060,P0142,Jiangsu,biomass,0.0,0.0,0.0,0.0,0.0,True
2060,P0142,Jiangsu,beccs,1.0,33453385.000000004,27.431775700000003,52.120373830000005,26.4990953262,True
2060,P0142,Jiangsu,ammonia,0.0,0.0,0.0,0.0,0.0,True
2060,P0143,Yunnan,unabated,0.0,0.0,0.0,0.0,0.0,True
2060,P0143,Yunnan,retire,0.0,0.0,0.0,0.0,0.0,True
2060,P0143,Yunnan,ccs,0.0,0.0,0.0,0.0,0.0,True
2060,P0143,Yunnan,biomass,1.0,11205499.999999998,9.188509999999997,9.188509999999997,0.0,True
2060,P0143,Yunnan,beccs,0.0,0.0,0.0,0.0,0.0,True
2060,P0143,Yunnan,ammonia,0.0,0.0,0.0,0.0,0.0,True
2060,P0144,Shanxi,unabated,0.0,0.0,0.0,0.0,0.0,True
2060,P0144,Shanxi,retire,1.0,32892597.499999996,26.971929949999996,26.971929949999996,0.0,True
2060,P0144,Shanxi,ccs,0.0,0.0,0.0,0.0,0.0,True
2060,P0144,Shanxi,biomass,0.0,0.0,0.0,0.0,0.0,True
2060,P0144,Shanxi,beccs,0.0,0.0,0.0,0.0,0.0,True
2060,P0144,Shanxi,ammonia,0.0,0.0,0.0,0.0,0.0,True
2060,P0145,Liaoning,unabated,0.0,0.0,0.0,0.0,0.0,True
2060,P0145,Liaoning,retire,0.0,0.0,0.0,0.0,0.0,True
2060,P0145,Liaoning,ccs,0.0,0.0,0.0,0.0,0.0,True
2060,P0145,Liaoning,biomass,1.0,8185847.999999999,6.712395359999999,6.712395359999999,0.0,True
2060,P0145,Liaoning,beccs,0.0,0.0,0.0,0.0,0.0,True
2060,P0145,Liaoning,ammonia,0.0,0.0,0.0,0.0,0.0,True
2060,P0146,Shanxi,unabated,0.0,0.0,0.0,0.0,0.0,True
2060,P0146,Shanxi,retire,1.0,19906850.0,16.323617,16.323617,0.0,True
2060,P0146,Shanxi,ccs,0.0,0.0,0.0,0.0,0.0,True
2060,P0146,Shanxi,biomass,0.0,0.0,0.0,0.0,0.0,True
2060,P0146,Shanxi,beccs,0.0,0.0,0.0,0.0,0.0,True
2060,P0146,Shanxi,ammonia,0.0,0.0,0.0,0.0,0.0,True
2060,P0147,Inner Mongolia,unabated,0.0,0.0,0.0,0.0,0.0,True
2060,P0147,Inner Mongolia,retire,0.0,0.0,0.0,0.0,0.0,True
2060,P0147,Inner Mongolia,ccs,0.0,0.0,0.0,0.0,0.0,True
2060,P0147,Inner Mongolia,biomass,0.0,0.0,0.0,0.0,0.0,True
2060,P0147,Inner Mongolia,beccs,1.0,15698279.999999998,12.872589599999998,24.457920239999993,12.434921553599958,True
2060,P0147,Inner Mongolia,ammonia,0.0,0.0,0.0,0.0,0.0,True
2060,P0148,Shandong,unabated,0.0,0.0,0.0,0.0,0.0,True
2060,P0148,Shandong,retire,0.0,0.0,0.0,0.0,0.0,True
2060,P0148,Shandong,ccs,0.0,0.0,0.0,0.0,0.0,True
2060,P0148,Shandong,biomass,1.0,9114699.000000002,7.47405318,7.47405318,0.0,True
2060,P0148,Shandong,beccs,0.0,0.0,0.0,0.0,0.0,True
2060,P0148,Shandong,ammonia,0.0,0.0,0.0,0.0,0.0,True
2060,P0149,Shaanxi,unabated,0.0,0.0,0.0,0.0,0.0,True
2060,P0149,Shaanxi,retire,1.0,42384920.0,34.7556344,34.7556344,0.0,True
2060,P0149,Shaanxi,ccs,0.0,0.0,0.0,0.0,0.0,True
2060,P0149,Shaanxi,biomass,0.0,0.0,0.0,0.0,0.0,True
2060,P0149,Shaanxi,beccs,0.0,0.0,0.0,0.0,0.0,True
2060,P0149,Shaanxi,ammonia,0.0,0.0,0.0,0.0,0.0,True
2060,P0150,Guizhou,unabated,0.0,0.0,0.0,0.0,0.0,True
2060,P0150,Guizhou,retire,0.0,0.0,0.0,0.0,0.0,True
2060,P0150,Guizhou,ccs,0.0,0.0,0.0,0.0,0.0,True
2060,P0150,Guizhou,biomass,1.0,664594.0,0.5449670799999999,0.5449670799999999,0.0,True
2060,P0150,Guizhou,beccs,0.0,0.0,0.0,0.0,0.0,True
2060,P0150,Guizhou,ammonia,0.0,0.0,0.0,0.0,0.0,True
2060,P0151,Shandong,unabated,0.0,0.0,0.0,0.0,0.0,True
2060,P0151,Shandong,retire,1.0,16899262.500000004,13.857395250000001,13.857395250000001,0.0,True
2060,P0151,Shandong,ccs,0.0,0.0,0.0,0.0,0.0,True
2060,P0151,Shandong,biomass,0.0,0.0,0.0,0.0,0.0,True
2060,P0151,Shandong,beccs,0.0,0.0,0.0,0.0,0.0,True
2060,P0151,Shandong,ammonia,0.0,0.0,0.0,0.0,0.0,True
2060,P0152,Guangdong,unabated,0.0,0.0,0.0,0.0,0.0,True
2060,P0152,Guangdong,retire,1.0,6426161.0,5.269452019999999,5.269452019999999,0.0,True
2060,P0152,Guangdong,ccs,0.0,0.0,0.0,0.0,0.0,True
2060,P0152,Guangdong,biomass,0.0,0.0,0.0,0.0,0.0,True
2060,P0152,Guangdong,beccs,0.0,0.0,0.0,0.0,0.0,True
2060,P0152,Guangdong,ammonia,0.0,0.0,0.0,0.0,0.0,True
2060,P0153,Heilongjiang,unabated,0.0,0.0,0.0,0.0,0.0,True
2060,P0153,Heilongjiang,retire,0.0,0.0,0.0,0.0,0.0,True
2060,P0153,Heilongjiang,ccs,0.0,0.0,0.0,0.0,0.0,True
2060,P0153,Heilongjiang,biomass,0.0,0.0,0.0,0.0,0.0,True
2060,P0153,Heilongjiang,beccs,1.0,7391812.500000001,6.06128625,11.516443875,5.855202517499999,True
2060,P0153,Heilongjiang,ammonia,0.0,0.0,0.0,0.0,0.0,True
2060,P0154,Tianjin,unabated,0.0,0.0,0.0,0.0,0.0,True
2060,P0154,Tianjin,retire,0.18584281122497603,4931736.69947076,4.044024093566024,4.044024093566024,0.0,True
2060,P0154,Tianjin,ccs,0.0,0.0,0.0,0.0,0.0,True
2060,P0154,Tianjin,biomass,0.0,0.0,0.0,0.0,0.0,True
2060,P0154,Tianjin,beccs,0.814157188775024,21605403.300529238,17.716430706433975,33.66121834222455,17.114072062415218,True
2060,P0154,Tianjin,ammonia,0.0,0.0,0.0,0.0,0.0,True
2060,P0155,Shanxi,unabated,0.0,0.0,0.0,0.0,0.0,True
2060,P0155,Shanxi,retire,0.18067242088077662,2561127.141695654,2.1001242561904365,2.1001242561904365,0.0,True
2060,P0155,Shanxi,ccs,0.0,0.0,0.0,0.0,0.0,True
2060,P0155,Shanxi,biomass,0.0,0.0,0.0,0.0,0.0,True
2060,P0155,Shanxi,beccs,0.8193275791192234,11614401.858304344,9.523809523809561,18.095238095238166,9.2,True
2060,P0155,Shanxi,ammonia,0.0,0.0,0.0,0.0,0.0,True
2060,P0156,Yunnan,unabated,0.0,0.0,0.0,0.0,0.0,True
2060,P0156,Yunnan,retire,0.0,0.0,0.0,0.0,0.0,True
2060,P0156,Yunnan,ccs,0.0,0.0,0.0,0.0,0.0,True
2060,P0156,Yunnan,biomass,1.0,2689319.9999999995,2.2052423999999995,2.2052423999999995,0.0,True
2060,P0156,Yunnan,beccs,0.0,0.0,0.0,0.0,0.0,True
2060,P0156,Yunnan,ammonia,0.0,0.0,0.0,0.0,0.0,True
2060,P0157,Guizhou,unabated,0.0,0.0,0.0,0.0,0.0,True
2060,P0157,Guizhou,retire,0.0,0.0,0.0,0.0,0.0,True
2060,P0157,Guizhou,ccs,0.0,0.0,0.0,0.0,0.0,True
2060,P0157,Guizhou,biomass,1.0,24495036.0,20.08592952,20.08592952,0.0,True
2060,P0157,Guizhou,beccs,0.0,0.0,0.0,0.0,0.0,True
2060,P0157,Guizhou,ammonia,0.0,0.0,0.0,0.0,0.0,True
2060,P0158,Guangxi,unabated,0.0,0.0,0.0,0.0,0.0,True
2060,P0158,Guangxi,retire,0.0,0.0,0.0,0.0,0.0,True
2060,P0158,Guangxi,ccs,0.0,0.0,0.0,0.0,0.0,True
2060,P0158,Guangxi,biomass,0.43969521168052117,3209583.7778507234,2.6318586978375933,2.6318586978375933,0.0,True
2060,P0158,Guangxi,beccs,0.5603047883194788,4089981.2221492766,3.3537846021624063,6.372190744108572,3.239755925688884,True
2060,P0158,Guangxi,ammonia,0.0,0.0,0.0,0.0,0.0,True
2060,P0159,Fujian,unabated,0.0,0.0,0.0,0.0,0.0,True
2060,P0159,Fujian,retire,0.0,0.0,0.0,0.0,0.0,True
2060,P0159,Fujian,ccs,0.0,0.0,0.0,0.0,0.0,True
2060,P0159,Fujian,biomass,0.0,0.0,0.0,0.0,0.0,True
2060,P0159,Fujian,beccs,1.0,17480341.999999996,14.333880439999996,27.23437283599999,13.846528505039995,True
2060,P0159,Fujian,ammonia,0.0,0.0,0.0,0.0,0.0,True
2060,P0160,Hubei,unabated,0.0,0.0,0.0,0.0,0.0,True
2060,P0160,Hubei,retire,0.0,0.0,0.0,0.0,0.0,True
2060,P0160,Hubei,ccs,0.0,0.0,0.0,0.0,0.0,True
2060,P0160,Hubei,biomass,0.0,0.0,0.0,0.0,0.0,True
2060,P0160,Hubei,beccs,1.0,16573231.999999998,13.590050239999998,25.821095455999995,13.127988531839996,True
2060,P0160,Hubei,ammonia,0.0,0.0,0.0,0.0,0.0,True
2060,P0161,Zhejiang,unabated,0.0,0.0,0.0,0.0,0.0,True
2060,P0161,Zhejiang,retire,0.0,0.0,0.0,0.0,0.0,True
2060,P0161,Zhejiang,ccs,0.0,0.0,0.0,0.0,0.0,True
2060,P0161,Zhejiang,biomass,0.0,0.0,0.0,0.0,0.0,True
2060,P0161,Zhejiang,beccs,1.0,2629267.5,2.15599935,4.096398765,2.0826953721,True
2060,P0161,Zhejiang,ammonia,0.0,0.0,0.0,0.0,0.0,True
2060,P0162,Shandong,unabated,0.0,0.0,0.0,0.0,0.0,True
2060,P0162,Shandong,retire,0.0,0.0,0.0,0.0,0.0,True
2060,P0162,Shandong,ccs,0.0,0.0,0.0,0.0,0.0,True
2060,P0162,Shandong,biomass,1.0,5974707.0,4.899259739999999,4.899259739999999,0.0,True
2060,P0162,Shandong,beccs,0.0,0.0,0.0,0.0,0.0,True
2060,P0162,Shandong,ammonia,0.0,0.0,0.0,0.0,0.0,True
2060,P0163,Hebei,unabated,0.0,0.0,0.0,0.0,0.0,True
2060,P0163,Hebei,retire,1.0,11583260.0,9.4982732,9.4982732,0.0,True
2060,P0163,Hebei,ccs,0.0,0.0,0.0,0.0,0.0,True
2060,P0163,Hebei,biomass,0.0,0.0,0.0,0.0,0.0,True
2060,P0163,Hebei,beccs,0.0,0.0,0.0,0.0,0.0,True
2060,P0163,Hebei,ammonia,0.0,0.0,0.0,0.0,0.0,True
2060,P0164,Hunan,unabated,0.0,0.0,0.0,0.0,0.0,True
2060,P0164,Hunan,retire,0.0,0.0,0.0,0.0,0.0,True
2060,P0164,Hunan,ccs,0.0,0.0,0.0,0.0,0.0,True
2060,P0164,Hunan,biomass,1.0,12502080.0,10.2517056,10.2517056,0.0,True
2060,P0164,Hunan,beccs,0.0,0.0,0.0,0.0,0.0,True
2060,P0164,Hunan,ammonia,0.0,0.0,0.0,0.0,0.0,True
2060,P0165,Hebei,unabated,0.0,0.0,0.0,0.0,0.0,True
2060,P0165,Hebei,retire,0.36839434305356333,1969480.365285516,1.6149738995341227,1.6149738995341227,0.0,True
2060,P0165,Hebei,ccs,0.0,0.0,0.0,0.0,0.0,True
2060,P0165,Hebei,biomass,0.6316056569464367,3376639.634714484,2.7688445004658764,2.7688445004658764,0.0,True
2060,P0165,Hebei,beccs,0.0,0.0,0.0,0.0,0.0,True
2060,P0165,Hebei,ammonia,0.0,0.0,0.0,0.0,0.0,True
2060,P0166,Guangxi,unabated,0.0,0.0,0.0,0.0,0.0,True
2060,P0166,Guangxi,retire,0.0,0.0,0.0,0.0,0.0,True
2060,P0166,Guangxi,ccs,0.0,0.0,0.0,0.0,0.0,True
2060,P0166,Guangxi,biomass,1.0,8807344.0,7.2220220799999995,7.2220220799999995,0.0,True
2060,P0166,Guangxi,beccs,0.0,0.0,0.0,0.0,0.0,True
2060,P0166,Guangxi,ammonia,0.0,0.0,0.0,0.0,0.0,True
2060,P0167,Shandong,unabated,0.0,0.0,0.0,0.0,0.0,True
2060,P0167,Shandong,retire,1.0,52621032.60000001,43.14924673200001,43.14924673200001,0.0,True
2060,P0167,Shandong,ccs,0.0,0.0,0.0,0.0,0.0,True
2060,P0167,Shandong,biomass,0.0,0.0,0.0,0.0,0.0,True
2060,P0167,Shandong,beccs,0.0,0.0,0.0,0.0,0.0,True
2060,P0167,Shandong,ammonia,0.0,0.0,0.0,0.0,0.0,True
2060,P0168,Xinjiang,unabated,0.0,0.0,0.0,0.0,0.0,True
2060,P0168,Xinjiang,retire,0.0,0.0,0.0,0.0,0.0,True
2060,P0168,Xinjiang,ccs,0.02961236167142765,253349.86322381275,0.20774688784352643,0.1869721990591738,0.21501802891804989,True
2060,P0168,Xinjiang,biomass,0.0,0.0,0.0,0.0,0.0,True
2060,P0168,Xinjiang,beccs,0.9703876383285737,8302194.136776197,6.807799192156481,12.934818465097313,7.046072163881958,True
2060,P0168,Xinjiang,ammonia,0.0,0.0,0.0,0.0,0.0,True
2060,P0169,Guizhou,unabated,0.0,0.0,0.0,0.0,0.0,True
2060,P0169,Guizhou,retire,0.0,0.0,0.0,0.0,0.0,True
2060,P0169,Guizhou,ccs,0.0,0.0,0.0,0.0,0.0,True
2060,P0169,Guizhou,biomass,1.0,7120650.0,5.838933,5.838933,0.0,True
2060,P0169,Guizhou,beccs,0.0,0.0,0.0,0.0,0.0,True
2060,P0169,Guizhou,ammonia,0.0,0.0,0.0,0.0,0.0,True
2060,P0170,Shandong,unabated,0.0,0.0,0.0,0.0,0.0,True
2060,P0170,Shandong,retire,1.0,33013527.000000004,27.07109214,27.07109214,0.0,True
2060,P0170,Shandong,ccs,0.0,0.0,0.0,0.0,0.0,True
2060,P0170,Shandong,biomass,0.0,0.0,0.0,0.0,0.0,True
2060,P0170,Shandong,beccs,0.0,0.0,0.0,0.0,0.0,True
2060,P0170,Shandong,ammonia,0.0,0.0,0.0,0.0,0.0,True
2060,P0171,Shaanxi,unabated,0.0,0.0,0.0,0.0,0.0,True
2060,P0171,Shaanxi,retire,1.0,15202300.0,12.465886,12.465886,0.0,True
2060,P0171,Shaanxi,ccs,0.0,0.0,0.0,0.0,0.0,True
2060,P0171,Shaanxi,biomass,0.0,0.0,0.0,0.0,0.0,True
2060,P0171,Shaanxi,beccs,0.0,0.0,0.0,0.0,0.0,True
2060,P0171,Shaanxi,ammonia,0.0,0.0,0.0,0.0,0.0,True
2060,P0172,Sichuan,unabated,0.0,0.0,0.0,0.0,0.0,True
2060,P0172,Sichuan,retire,0.0,0.0,0.0,0.0,0.0,True
2060,P0172,Sichuan,ccs,0.0,0.0,0.0,0.0,0.0,True
2060,P0172,Sichuan,biomass,0.0,0.0,0.0,0.0,0.0,True
2060,P0172,Sichuan,beccs,1.0,16288263.999999998,13.356376479999998,25.377115311999994,12.902259679679993,True
2060,P0172,Sichuan,ammonia,0.0,0.0,0.0,0.0,0.0,True
2060,P0173,Ningxia,unabated,0.0,0.0,0.0,0.0,0.0,True
2060,P0173,Ningxia,retire,1.0,26644024.0,21.84809968,21.84809968,0.0,True
2060,P0173,Ningxia,ccs,0.0,0.0,0.0,0.0,0.0,True
2060,P0173,Ningxia,biomass,0.0,0.0,0.0,0.0,0.0,True
2060,P0173,Ningxia,beccs,0.0,0.0,0.0,0.0,0.0,True
2060,P0173,Ningxia,ammonia,0.0,0.0,0.0,0.0,0.0,True
2060,P0174,Shanxi,unabated,0.0,0.0,0.0,0.0,0.0,True
2060,P0174,Shanxi,retire,1.0,37452655.0,30.711177099999997,30.711177099999997,0.0,True
2060,P0174,Shanxi,ccs,0.0,0.0,0.0,0.0,0.0,True
2060,P0174,Shanxi,biomass,0.0,0.0,0.0,0.0,0.0,True
2060,P0174,Shanxi,beccs,0.0,0.0,0.0,0.0,0.0,True
2060,P0174,Shanxi,ammonia,0.0,0.0,0.0,0.0,0.0,True
2060,P0175,Guizhou,unabated,0.0,0.0,0.0,0.0,0.0,True
2060,P0175,Guizhou,retire,0.0,0.0,0.0,0.0,0.0,True
2060,P0175,Guizhou,ccs,0.0,0.0,0.0,0.0,0.0,True
2060,P0175,Guizhou,biomass,1.0,8544780.0,7.006719599999999,7.006719599999999,0.0,True
2060,P0175,Guizhou,beccs,0.0,0.0,0.0,0.0,0.0,True
2060,P0175,Guizhou,ammonia,0.0,0.0,0.0,0.0,0.0,True
2060,P0176,Hubei,unabated,0.0,0.0,0.0,0.0,0.0,True
2060,P0176,Hubei,retire,0.0,0.0,0.0,0.0,0.0,True
2060,P0176,Hubei,ccs,0.0,0.0,0.0,0.0,0.0,True
2060,P0176,Hubei,biomass,0.5601601302474479,9871769.194566404,8.094850739544452,8.094850739544452,0.0,True
2060,P0176,Hubei,beccs,0.4398398697525521,7751350.8054335965,6.356107660455549,12.076604554865542,6.140000000000059,True
2060,P0176,Hubei,ammonia,0.0,0.0,0.0,0.0,0.0,True
2060,P0177,Jilin,unabated,0.0,0.0,0.0,0.0,0.0,True
2060,P0177,Jilin,retire,0.0,0.0,0.0,0.0,0.0,True
2060,P0177,Jilin,ccs,0.0,0.0,0.0,0.0,0.0,True
2060,P0177,Jilin,biomass,0.0,0.0,0.0,0.0,0.0,True
2060,P0177,Jilin,beccs,1.0,7460084.0,6.11726888,11.622810872,5.909281738079999,True
2060,P0177,Jilin,ammonia,0.0,0.0,0.0,0.0,0.0,True
2060,P0178,Shaanxi,unabated,0.0,0.0,0.0,0.0,0.0,True
2060,P0178,Shaanxi,retire,0.0,0.0,0.0,0.0,0.0,True
2060,P0178,Shaanxi,ccs,0.0,0.0,0.0,0.0,0.0,True
2060,P0178,Shaanxi,biomass,0.0,0.0,0.0,0.0,0.0,True
2060,P0178,Shaanxi,beccs,1.0,6353200.0,5.209624,9.8982856,5.391960839999999,True
2060,P0178,Shaanxi,ammonia,0.0,0.0,0.0,0.0,0.0,True
2060,P0179,Fujian,unabated,0.0,0.0,0.0,0.0,0.0,True
2060,P0179,Fujian,retire,1.0,32038749.999999996,26.271774999999995,26.271774999999995,0.0,True
2060,P0179,Fujian,ccs,0.0,0.0,0.0,0.0,0.0,True
2060,P0179,Fujian,biomass,0.0,0.0,0.0,0.0,0.0,True
2060,P0179,Fujian,beccs,0.0,0.0,0.0,0.0,0.0,True
2060,P0179,Fujian,ammonia,0.0,0.0,0.0,0.0,0.0,True
2060,P0180,Inner Mongolia,unabated,0.0,0.0,0.0,0.0,0.0,True
2060,P0180,Inner Mongolia,retire,1.0,7547250.0,6.188745,6.188745,0.0,True
2060,P0180,Inner Mongolia,ccs,0.0,0.0,0.0,0.0,0.0,True
2060,P0180,Inner Mongolia,biomass,0.0,0.0,0.0,0.0,0.0,True
2060,P0180,Inner Mongolia,beccs,0.0,0.0,0.0,0.0,0.0,True
2060,P0180,Inner Mongolia,ammonia,0.0,0.0,0.0,0.0,0.0,True
2060,P0181,Xinjiang,unabated,0.0,0.0,0.0,0.0,0.0,True
2060,P0181,Xinjiang,retire,0.0,0.0,0.0,0.0,0.0,True
2060,P0181,Xinjiang,ccs,1.0,22999625.999999996,18.859693319999998,16.973723988,18.218463747120023,True
2060,P0181,Xinjiang,biomass,0.0,0.0,0.0,0.0,0.0,True
2060,P0181,Xinjiang,beccs,0.0,0.0,0.0,0.0,0.0,True
2060,P0181,Xinjiang,ammonia,0.0,0.0,0.0,0.0,0.0,True
2060,P0182,Jiangxi,unabated,0.0,0.0,0.0,0.0,0.0,True
2060,P0182,Jiangxi,retire,0.0,0.0,0.0,0.0,0.0,True
2060,P0182,Jiangxi,ccs,0.0,0.0,0.0,0.0,0.0,True
2060,P0182,Jiangxi,biomass,1.0,27707083.2,22.719808224,22.719808224,0.0,True
2060,P0182,Jiangxi,beccs,0.0,0.0,0.0,0.0,0.0,True
2060,P0182,Jiangxi,ammonia,0.0,0.0,0.0,0.0,0.0,True
2060,P0183,Xinjiang,unabated,0.0,0.0,0.0,0.0,0.0,True
2060,P0183,Xinjiang,retire,0.0,0.0,0.0,0.0,0.0,True
2060,P0183,Xinjiang,ccs,0.0,0.0,0.0,0.0,0.0,True
2060,P0183,Xinjiang,biomass,1.0,1425923.9999999998,1.1692576799999996,1.1692576799999996,0.0,True
2060,P0183,Xinjiang,beccs,0.0,0.0,0.0,0.0,0.0,True
2060,P0183,Xinjiang,ammonia,0.0,0.0,0.0,0.0,0.0,True
2060,P0184,Shandong,unabated,0.0,0.0,0.0,0.0,0.0,True
2060,P0184,Shandong,retire,0.10104315320955914,2859878.8275497328,2.3451006385907807,2.3451006385907807,0.0,True
2060,P0184,Shandong,ccs,0.0,0.0,0.0,0.0,0.0,True
2060,P0184,Shandong,biomass,0.8989568467904409,25443660.17245027,20.86380134140922,20.86380134140922,0.0,True
2060,P0184,Shandong,beccs,0.0,0.0,0.0,0.0,0.0,True
2060,P0184,Shandong,ammonia,0.0,0.0,0.0,0.0,0.0,True
2060,P0185,Guizhou,unabated,0.0,0.0,0.0,0.0,0.0,True
2060,P0185,Guizhou,retire,0.0,0.0,0.0,0.0,0.0,True
2060,P0185,Guizhou,ccs,0.0,0.0,0.0,0.0,0.0,True
2060,P0185,Guizhou,biomass,1.0,7120650.0,5.838933,5.838933,0.0,True
2060,P0185,Guizhou,beccs,0.0,0.0,0.0,0.0,0.0,True
2060,P0185,Guizhou,ammonia,0.0,0.0,0.0,0.0,0.0,True
2060,P0186,Ningxia,unabated,0.0,0.0,0.0,0.0,0.0,True
2060,P0186,Ningxia,retire,1.0,24108865.0,19.769269299999998,19.769269299999998,0.0,True
2060,P0186,Ningxia,ccs,0.0,0.0,0.0,0.0,0.0,True
2060,P0186,Ningxia,biomass,0.0,0.0,0.0,0.0,0.0,True
2060,P0186,Ningxia,beccs,0.0,0.0,0.0,0.0,0.0,True
2060,P0186,Ningxia,ammonia,0.0,0.0,0.0,0.0,0.0,True
2060,P0187,Inner Mongolia,unabated,0.0,0.0,0.0,0.0,0.0,True
2060,P0187,Inner Mongolia,retire,0.0,0.0,0.0,0.0,0.0,True
2060,P0187,Inner Mongolia,ccs,0.0,0.0,0.0,0.0,0.0,True
2060,P0187,Inner Mongolia,biomass,0.0,0.0,0.0,0.0,0.0,True
2060,P0187,Inner Mongolia,beccs,1.0,1006300.0,0.825166,1.5678153999999997,0.8540468099999999,True
2060,P0187,Inner Mongolia,ammonia,0.0,0.0,0.0,0.0,0.0,True
2060,P0188,Xinjiang,unabated,0.0,0.0,0.0,0.0,0.0,True
2060,P0188,Xinjiang,retire,1.0,21124800.0,17.322336,17.322336,0.0,True
2060,P0188,Xinjiang,ccs,0.0,0.0,0.0,0.0,0.0,True
2060,P0188,Xinjiang,biomass,0.0,0.0,0.0,0.0,0.0,True
2060,P0188,Xinjiang,beccs,0.0,0.0,0.0,0.0,0.0,True
2060,P0188,Xinjiang,ammonia,0.0,0.0,0.0,0.0,0.0,True
2060,P0189,Yunnan,unabated,0.0,0.0,0.0,0.0,0.0,True
2060,P0189,Yunnan,retire,0.0,0.0,0.0,0.0,0.0,True
2060,P0189,Yunnan,ccs,0.0,0.0,0.0,0.0,0.0,True
2060,P0189,Yunnan,biomass,1.0,4482200.0,3.675404,3.675404,0.0,True
2060,P0189,Yunnan,beccs,0.0,0.0,0.0,0.0,0.0,True
2060,P0189,Yunnan,ammonia,0.0,0.0,0.0,0.0,0.0,True
2060,P0190,Jiangsu,unabated,0.0,0.0,0.0,0.0,0.0,True
2060,P0190,Jiangsu,retire,0.029252489908898616,328643.53342930146,0.2694876974120272,0.2694876974120272,0.0,True
2060,P0190,Jiangsu,ccs,0.0,0.0,0.0,0.0,0.0,True
2060,P0190,Jiangsu,biomass,0.0,0.0,0.0,0.0,0.0,True
2060,P0190,Jiangsu,beccs,0.9707475100911014,10906076.466570698,8.942982702587974,16.99166713491715,8.638921290699981,True
2060,P0190,Jiangsu,ammonia,0.0,0.0,0.0,0.0,0.0,True
2060,P0191,Hunan,unabated,0.0,0.0,0.0,0.0,0.0,True
2060,P0191,Hunan,retire,0.0,0.0,0.0,0.0,0.0,True
2060,P0191,Hunan,ccs,0.0,0.0,0.0,0.0,0.0,True
2060,P0191,Hunan,biomass,1.0,8204490.0,6.7276818,6.7276818,0.0,True
2060,P0191,Hunan,beccs,0.0,0.0,0.0,0.0,0.0,True
2060,P0191,Hunan,ammonia,0.0,0.0,0.0,0.0,0.0,True
2060,P0192,Shaanxi,unabated,0.0,0.0,0.0,0.0,0.0,True
2060,P0192,Shaanxi,retire,0.0,0.0,0.0,0.0,0.0,True
2060,P0192,Shaanxi,ccs,0.0,0.0,0.0,0.0,0.0,True
2060,P0192,Shaanxi,biomass,0.0,0.0,0.0,0.0,0.0,True
2060,P0192,Shaanxi,beccs,1.0,15519960.0,12.726367199999999,24.180097679999996,12.293670715199998,True
2060,P0192,Shaanxi,ammonia,0.0,0.0,0.0,0.0,0.0,True
2060,P0193,Guangxi,unabated,0.0,0.0,0.0,0.0,0.0,True
2060,P0193,Guangxi,retire,0.0,0.0,0.0,0.0,0.0,True
2060,P0193,Guangxi,ccs,0.0,0.0,0.0,0.0,0.0,True
2060,P0193,Guangxi,biomass,0.0,0.0,0.0,0.0,0.0,True
2060,P0193,Guangxi,beccs,1.0,6557642.0,5.37726644,10.216806235999998,5.194439381039999,True
2060,P0193,Guangxi,ammonia,0.0,0.0,0.0,0.0,0.0,True
2060,P0194,Shaanxi,unabated,0.0,0.0,0.0,0.0,0.0,True
2060,P0194,Shaanxi,retire,0.0,0.0,0.0,0.0,0.0,True
2060,P0194,Shaanxi,ccs,0.0,0.0,0.0,0.0,0.0,True
2060,P0194,Shaanxi,biomass,1.0,2995080.0,2.4559655999999994,2.4559655999999994,0.0,True
2060,P0194,Shaanxi,beccs,0.0,0.0,0.0,0.0,0.0,True
2060,P0194,Shaanxi,ammonia,0.0,0.0,0.0,0.0,0.0,True
2060,P0195,Sichuan,unabated,0.0,0.0,0.0,0.0,0.0,True
2060,P0195,Sichuan,retire,0.0,0.0,0.0,0.0,0.0,True
2060,P0195,Sichuan,ccs,0.0,0.0,0.0,0.0,0.0,True
2060,P0195,Sichuan,biomass,1.0,2997839.9999999995,2.458228799999999,2.458228799999999,0.0,True
2060,P0195,Sichuan,beccs,0.0,0.0,0.0,0.0,0.0,True
2060,P0195,Sichuan,ammonia,0.0,0.0,0.0,0.0,0.0,True
2060,P0196,Xinjiang,unabated,0.0,0.0,0.0,0.0,0.0,True
2060,P0196,Xinjiang,retire,0.0,0.0,0.0,0.0,0.0,True
2060,P0196,Xinjiang,ccs,0.0,0.0,0.0,0.0,0.0,True
2060,P0196,Xinjiang,biomass,1.0,633743.9999999999,0.5196700799999999,0.5196700799999999,0.0,True
2060,P0196,Xinjiang,beccs,0.0,0.0,0.0,0.0,0.0,True
2060,P0196,Xinjiang,ammonia,0.0,0.0,0.0,0.0,0.0,True
2060,P0197,Fujian,unabated,0.0,0.0,0.0,0.0,0.0,True
2060,P0197,Fujian,retire,0.0,0.0,0.0,0.0,0.0,True
2060,P0197,Fujian,ccs,0.0,0.0,0.0,0.0,0.0,True
2060,P0197,Fujian,biomass,0.0,0.0,0.0,0.0,0.0,True
2060,P0197,Fujian,beccs,1.0,6766584.0,5.54859888,10.542337872,5.359946518080007,True
2060,P0197,Fujian,ammonia,0.0,0.0,0.0,0.0,0.0,True
2060,P0198,Gansu,unabated,0.0,0.0,0.0,0.0,0.0,True
2060,P0198,Gansu,retire,0.0,0.0,0.0,0.0,0.0,True
2060,P0198,Gansu,ccs,0.0,0.0,0.0,0.0,0.0,True
2060,P0198,Gansu,biomass,1.0,2765136.0,2.26741152,2.26741152,0.0,True
2060,P0198,Gansu,beccs,0.0,0.0,0.0,0.0,0.0,True
2060,P0198,Gansu,ammonia,0.0,0.0,0.0,0.0,0.0,True
2060,P0199,Inner Mongolia,unabated,0.0,0.0,0.0,0.0,0.0,True
2060,P0199,Inner Mongolia,retire,0.0,0.0,0.0,0.0,0.0,True
2060,P0199,Inner Mongolia,ccs,0.0,0.0,0.0,0.0,0.0,True
2060,P0199,Inner Mongolia,biomass,1.0,1308190.0,1.0727158,1.0727158,0.0,True
2060,P0199,Inner Mongolia,beccs,0.0,0.0,0.0,0.0,0.0,True
2060,P0199,Inner Mongolia,ammonia,0.0,0.0,0.0,0.0,0.0,True
2060,P0200,Xinjiang,unabated,0.0,0.0,0.0,0.0,0.0,True
2060,P0200,Xinjiang,retire,0.0,0.0,0.0,0.0,0.0,True
2060,P0200,Xinjiang,ccs,0.46248524238641653,4933803.665424108,4.045719005647768,3.6411471050829913,3.908164559455743,True
2060,P0200,Xinjiang,biomass,0.0,0.0,0.0,0.0,0.0,True
2060,P0200,Xinjiang,beccs,0.5375147576135835,5734220.334575891,4.7020606743522295,8.933915281269236,4.542190611424252,True
2060,P0200,Xinjiang,ammonia,0.0,0.0,0.0,0.0,0.0,True
2060,P0201,Heilongjiang,unabated,0.0,0.0,0.0,0.0,0.0,True
2060,P0201,Heilongjiang,retire,0.0,0.0,0.0,0.0,0.0,True
2060,P0201,Heilongjiang,ccs,0.0,0.0,0.0,0.0,0.0,True
2060,P0201,Heilongjiang,biomass,0.0,0.0,0.0,0.0,0.0,True
2060,P0201,Heilongjiang,beccs,1.0,2434950.0000000005,1.9966590000000002,3.7936521,1.9287725939999998,True
2060,P0201,Heilongjiang,ammonia,0.0,0.0,0.0,0.0,0.0,True
2060,P0202,Jiangxi,unabated,0.0,0.0,0.0,0.0,0.0,True
2060,P0202,Jiangxi,retire,0.0,0.0,0.0,0.0,0.0,True
2060,P0202,Jiangxi,ccs,0.0,0.0,0.0,0.0,0.0,True
2060,P0202,Jiangxi,biomass,1.0,9151488.0,7.504220159999999,7.504220159999999,0.0,True
2060,P0202,Jiangxi,beccs,0.0,0.0,0.0,0.0,0.0,True
2060,P0202,Jiangxi,ammonia,0.0,0.0,0.0,0.0,0.0,True
2060,P0203,Inner Mongolia,unabated,0.0,0.0,0.0,0.0,0.0,True
2060,P0203,Inner Mongolia,retire,0.2353619954538757,1598702.238170337,1.3109358352996763,1.3109358352996763,0.0,True
2060,P0203,Inner Mongolia,ccs,0.0,0.0,0.0,0.0,0.0,True
2060,P0203,Inner Mongolia,biomass,0.0,0.0,0.0,0.0,0.0,True
2060,P0203,Inner Mongolia,beccs,0.7646380045461243,5193822.761829662,4.258934664700323,8.091975862930614,4.1141308861005115,True
2060,P0203,Inner Mongolia,ammonia,0.0,0.0,0.0,0.0,0.0,True
2060,P0204,Heilongjiang,unabated,0.0,0.0,0.0,0.0,0.0,True
2060,P0204,Heilongjiang,retire,0.0,0.0,0.0,0.0,0.0,True
2060,P0204,Heilongjiang,ccs,0.0,0.0,0.0,0.0,0.0,True
2060,P0204,Heilongjiang,biomass,0.0,0.0,0.0,0.0,0.0,True
2060,P0204,Heilongjiang,beccs,1.0,2434950.0000000005,1.9966590000000002,3.7936521,1.9287725939999945,True
2060,P0204,Heilongjiang,ammonia,0.0,0.0,0.0,0.0,0.0,True
2060,P0205,Inner Mongolia,unabated,0.0,0.0,0.0,0.0,0.0,True
2060,P0205,Inner Mongolia,retire,0.0,0.0,0.0,0.0,0.0,True
2060,P0205,Inner Mongolia,ccs,0.0,0.0,0.0,0.0,0.0,True
2060,P0205,Inner Mongolia,biomass,0.0,0.0,0.0,0.0,0.0,True
2060,P0205,Inner Mongolia,beccs,1.0,3018899.9999999995,2.4754979999999995,4.703446199999999,2.391331067999997,True
2060,P0205,Inner Mongolia,ammonia,0.0,0.0,0.0,0.0,0.0,True
2060,P0206,Hubei,unabated,0.0,0.0,0.0,0.0,0.0,True
2060,P0206,Hubei,retire,0.0,0.0,0.0,0.0,0.0,True
2060,P0206,Hubei,ccs,0.0,0.0,0.0,0.0,0.0,True
2060,P0206,Hubei,biomass,1.0,3937080.0,3.2284055999999994,3.2284055999999994,0.0,True
2060,P0206,Hubei,beccs,0.0,0.0,0.0,0.0,0.0,True
2060,P0206,Hubei,ammonia,0.0,0.0,0.0,0.0,0.0,True
2060,P0207,Xinjiang,unabated,0.0,0.0,0.0,0.0,0.0,True
2060,P0207,Xinjiang,retire,0.0,0.0,0.0,0.0,0.0,True
2060,P0207,Xinjiang,ccs,1.0,47530800.0,38.975256,35.0777304,37.650097296,True
2060,P0207,Xinjiang,biomass,0.0,0.0,0.0,0.0,0.0,True
2060,P0207,Xinjiang,beccs,0.0,0.0,0.0,0.0,0.0,True
2060,P0207,Xinjiang,ammonia,0.0,0.0,0.0,0.0,0.0,True
2060,P0208,Sichuan,unabated,0.0,0.0,0.0,0.0,0.0,True
2060,P0208,Sichuan,retire,0.0,0.0,0.0,0.0,0.0,True
2060,P0208,Sichuan,ccs,0.0,0.0,0.0,0.0,0.0,True
2060,P0208,Sichuan,biomass,1.0,1648811.9999999998,1.3520258399999996,1.3520258399999996,0.0,True
2060,P0208,Sichuan,beccs,0.0,0.0,0.0,0.0,0.0,True
2060,P0208,Sichuan,ammonia,0.0,0.0,0.0,0.0,0.0,True
2060,P0209,Zhejiang,unabated,0.0,0.0,0.0,0.0,0.0,True
2060,P0209,Zhejiang,retire,0.0,0.0,0.0,0.0,0.0,True
2060,P0209,Zhejiang,ccs,0.0,0.0,0.0,0.0,0.0,True
2060,P0209,Zhejiang,biomass,0.0,0.0,0.0,0.0,0.0,True
2060,P0209,Zhejiang,beccs,1.0,13284720.000000002,10.8934704,20.69759376,10.523092406399998,True
2060,P0209,Zhejiang,ammonia,0.0,0.0,0.0,0.0,0.0,True
2060,P0210,Anhui,unabated,0.0,0.0,0.0,0.0,0.0,True
2060,P0210,Anhui,retire,0.0,0.0,0.0,0.0,0.0,True
2060,P0210,Anhui,ccs,0.0,0.0,0.0,0.0,0.0,True
2060,P0210,Anhui,biomass,1.0,6708372.000000001,5.50086504,5.50086504,0.0,True
2060,P0210,Anhui,beccs,0.0,0.0,0.0,0.0,0.0,True
2060,P0210,Anhui,ammonia,0.0,0.0,0.0,0.0,0.0,True
2060,P0211,Henan,unabated,0.0,0.0,0.0,0.0,0.0,True
2060,P0211,Henan,retire,0.0,0.0,0.0,0.0,0.0,True
2060,P0211,Henan,ccs,0.0,0.0,0.0,0.0,0.0,True
2060,P0211,Henan,biomass,1.0,4535496.0,3.7191067199999996,3.7191067199999996,0.0,True
2060,P0211,Henan,beccs,0.0,0.0,0.0,0.0,0.0,True
2060,P0211,Henan,ammonia,0.0,0.0,0.0,0.0,0.0,True
2060,P0212,Gansu,unabated,0.0,0.0,0.0,0.0,0.0,True
2060,P0212,Gansu,retire,1.0,11102440.0,9.1040008,9.1040008,0.0,True
2060,P0212,Gansu,ccs,0.0,0.0,0.0,0.0,0.0,True
2060,P0212,Gansu,biomass,0.0,0.0,0.0,0.0,0.0,True
2060,P0212,Gansu,beccs,0.0,0.0,0.0,0.0,0.0,True
2060,P0212,Gansu,ammonia,0.0,0.0,0.0,0.0,0.0,True
2060,P0213,Hubei,unabated,0.0,0.0,0.0,0.0,0.0,True
2060,P0213,Hubei,retire,0.0,0.0,0.0,0.0,0.0,True
2060,P0213,Hubei,ccs,0.0,0.0,0.0,0.0,0.0,True
2060,P0213,Hubei,biomass,1.0,13761032.0,11.28404624,11.28404624,0.0,True
2060,P0213,Hubei,beccs,0.0,0.0,0.0,0.0,0.0,True
2060,P0213,Hubei,ammonia,0.0,0.0,0.0,0.0,0.0,True
2060,P0214,Xinjiang,unabated,0.0,0.0,0.0,0.0,0.0,True
2060,P0214,Xinjiang,retire,0.0,0.0,0.0,0.0,0.0,True
2060,P0214,Xinjiang,ccs,1.0,5096358.0,4.17901356,3.761112204,4.036927098959999,True
2060,P0214,Xinjiang,biomass,0.0,0.0,0.0,0.0,0.0,True
2060,P0214,Xinjiang,beccs,0.0,0.0,0.0,0.0,0.0,True
2060,P0214,Xinjiang,ammonia,0.0,0.0,0.0,0.0,0.0,True
2060,P0215,Hebei,unabated,0.0,0.0,0.0,0.0,0.0,True
2060,P0215,Hebei,retire,0.0,0.0,0.0,0.0,0.0,True
2060,P0215,Hebei,ccs,0.0,0.0,0.0,0.0,0.0,True
2060,P0215,Hebei,biomass,0.8711961383140397,5123271.0088598,4.201082227265036,4.201082227265036,0.0,True
2060,P0215,Hebei,beccs,0.12880386168596022,757460.9911402004,0.6211180127349641,1.180124224196432,0.6,True
2060,P0215,Hebei,ammonia,0.0,0.0,0.0,0.0,0.0,True
2060,P0216,Heilongjiang,unabated,0.0,0.0,0.0,0.0,0.0,True
2060,P0216,Heilongjiang,retire,0.0,0.0,0.0,0.0,0.0,True
2060,P0216,Heilongjiang,ccs,0.0,0.0,0.0,0.0,0.0,True
2060,P0216,Heilongjiang,biomass,1.0,347850.0,0.285237,0.285237,0.0,True
2060,P0216,Heilongjiang,beccs,0.0,0.0,0.0,0.0,0.0,True
2060,P0216,Heilongjiang,ammonia,0.0,0.0,0.0,0.0,0.0,True
2060,P0217,Hainan,unabated,0.0,0.0,0.0,0.0,0.0,True
2060,P0217,Hainan,retire,0.0,0.0,0.0,0.0,0.0,True
2060,P0217,Hainan,ccs,0.0,0.0,0.0,0.0,0.0,True
2060,P0217,Hainan,biomass,0.0,0.0,0.0,0.0,0.0,True
2060,P0217,Hainan,beccs,1.0,1509270.0,1.2376014,2.35144266,1.1955229523999995,True
2060,P0217,Hainan,ammonia,0.0,0.0,0.0,0.0,0.0,True
2060,P0218,Hubei,unabated,0.0,0.0,0.0,0.0,0.0,True
2060,P0218,Hubei,retire,0.0,0.0,0.0,0.0,0.0,True
2060,P0218,Hubei,ccs,0.0,0.0,0.0,0.0,0.0,True
2060,P0218,Hubei,biomass,1.0,7424207.999999999,6.087850559999999,6.087850559999999,0.0,True
2060,P0218,Hubei,beccs,0.0,0.0,0.0,0.0,0.0,True
2060,P0218,Hubei,ammonia,0.0,0.0,0.0,0.0,0.0,True
2060,P0219,Jilin,unabated,0.0,0.0,0.0,0.0,0.0,True
2060,P0219,Jilin,retire,0.0,0.0,0.0,0.0,0.0,True
2060,P0219,Jilin,ccs,0.0,0.0,0.0,0.0,0.0,True
2060,P0219,Jilin,biomass,0.0,0.0,0.0,0.0,0.0,True
2060,P0219,Jilin,beccs,1.0,2933334.0,2.4053338799999997,4.570134371999999,2.323552528079999,True
2060,P0219,Jilin,ammonia,0.0,0.0,0.0,0.0,0.0,True
2060,P0220,Hebei,unabated,0.0,0.0,0.0,0.0,0.0,True
2060,P0220,Hebei,retire,0.0,0.0,0.0,0.0,0.0,True
2060,P0220,Hebei,ccs,0.0,0.0,0.0,0.0,0.0,True
2060,P0220,Hebei,biomass,1.0,5880732.000000001,4.82220024,4.82220024,0.0,True
2060,P0220,Hebei,beccs,0.0,0.0,0.0,0.0,0.0,True
2060,P0220,Hebei,ammonia,0.0,0.0,0.0,0.0,0.0,True
2060,P0221,Gansu,unabated,0.0,0.0,0.0,0.0,0.0,True
2060,P0221,Gansu,retire,0.03242039268591268,560971.610823196,0.45999672087502075,0.45999672087502075,0.0,True
2060,P0221,Gansu,ccs,0.0,0.0,0.0,0.0,0.0,True
2060,P0221,Gansu,biomass,0.0,0.0,0.0,0.0,0.0,True
2060,P0221,Gansu,beccs,0.9675796073140873,16742076.389176805,13.72850263912498,26.08415501433746,13.261733549394728,True
2060,P0221,Gansu,ammonia,0.0,0.0,0.0,0.0,0.0,True
2060,P0222,Jiangxi,unabated,0.0,0.0,0.0,0.0,0.0,True
2060,P0222,Jiangxi,retire,0.0,0.0,0.0,0.0,0.0,True
2060,P0222,Jiangxi,ccs,0.0,0.0,0.0,0.0,0.0,True
2060,P0222,Jiangxi,biomass,1.0,19065600.0,15.633791999999998,15.633791999999998,0.0,True
2060,P0222,Jiangxi,beccs,0.0,0.0,0.0,0.0,0.0,True
2060,P0222,Jiangxi,ammonia,0.0,0.0,0.0,0.0,0.0,True
2060,P0223,Anhui,unabated,0.0,0.0,0.0,0.0,0.0,True
2060,P0223,Anhui,retire,1.0,32652492.500000004,26.775043850000003,26.775043850000003,0.0,True
2060,P0223,Anhui,ccs,0.0,0.0,0.0,0.0,0.0,True
2060,P0223,Anhui,biomass,0.0,0.0,0.0,0.0,0.0,True
2060,P0223,Anhui,beccs,0.0,0.0,0.0,0.0,0.0,True
2060,P0223,Anhui,ammonia,0.0,0.0,0.0,0.0,0.0,True
2060,P0224,Xinjiang,unabated,0.0,0.0,0.0,0.0,0.0,True
2060,P0224,Xinjiang,retire,0.0,0.0,0.0,0.0,0.0,True
2060,P0224,Xinjiang,ccs,0.135422899906961,786714.9608875065,0.6451062679277553,0.5805956411349797,0.6231726548182115,True
2060,P0224,Xinjiang,biomass,0.0,0.0,0.0,0.0,0.0,True
2060,P0224,Xinjiang,beccs,0.8645771000930412,5022605.0391125055,4.118536132072253,7.825218650937281,3.978505903581797,True
2060,P0224,Xinjiang,ammonia,0.0,0.0,0.0,0.0,0.0,True
2060,P0225,Heilongjiang,unabated,0.0,0.0,0.0,0.0,0.0,True
2060,P0225,Heilongjiang,retire,0.0,0.0,0.0,0.0,0.0,True
2060,P0225,Heilongjiang,ccs,0.0,0.0,0.0,0.0,0.0,True
2060,P0225,Heilongjiang,biomass,1.0,4174200.0,3.422844,3.422844,0.0,True
2060,P0225,Heilongjiang,beccs,0.0,0.0,0.0,0.0,0.0,True
2060,P0225,Heilongjiang,ammonia,0.0,0.0,0.0,0.0,0.0,True
2060,P0226,Anhui,unabated,0.0,0.0,0.0,0.0,0.0,True
2060,P0226,Anhui,retire,0.0,0.0,0.0,0.0,0.0,True
2060,P0226,Anhui,ccs,0.0,0.0,0.0,0.0,0.0,True
2060,P0226,Anhui,biomass,1.0,13416744.000000002,11.00173008,11.00173008,0.0,True
2060,P0226,Anhui,beccs,0.0,0.0,0.0,0.0,0.0,True
2060,P0226,Anhui,ammonia,0.0,0.0,0.0,0.0,0.0,True
2060,P0227,Shanxi,unabated,0.0,0.0,0.0,0.0,0.0,True
2060,P0227,Shanxi,retire,0.0,0.0,0.0,0.0,0.0,True
2060,P0227,Shanxi,ccs,0.0,0.0,0.0,0.0,0.0,True
2060,P0227,Shanxi,biomass,0.0,0.0,0.0,0.0,0.0,True
2060,P0227,Shanxi,beccs,1.0,17129150.0,14.045903,26.687215699999996,13.56834229800025,True
2060,P0227,Shanxi,ammonia,0.0,0.0,0.0,0.0,0.0,True
2060,P0228,Liaoning,unabated,0.0,0.0,0.0,0.0,0.0,True
2060,P0228,Liaoning,retire,0.0,0.0,0.0,0.0,0.0,True
2060,P0228,Liaoning,ccs,0.0,0.0,0.0,0.0,0.0,True
2060,P0228,Liaoning,biomass,0.0,0.0,0.0,0.0,0.0,True
2060,P0228,Liaoning,beccs,1.0,3720839.9999999995,3.051088799999999,5.797068719999998,2.9473517807999987,True
2060,P0228,Liaoning,ammonia,0.0,0.0,0.0,0.0,0.0,True
2060,P0229,Henan,unabated,0.0,0.0,0.0,0.0,0.0,True
2060,P0229,Henan,retire,0.0,0.0,0.0,0.0,0.0,True
2060,P0229,Henan,ccs,0.0,0.0,0.0,0.0,0.0,True
2060,P0229,Henan,biomass,1.0,13426508.0,11.009736559999999,11.009736559999999,0.0,True
2060,P0229,Henan,beccs,0.0,0.0,0.0,0.0,0.0,True
2060,P0229,Henan,ammonia,0.0,0.0,0.0,0.0,0.0,True
2060,P0230,Inner Mongolia,unabated,0.0,0.0,0.0,0.0,0.0,True
2060,P0230,Inner Mongolia,retire,1.0,6641580.0,5.4460956,5.4460956,0.0,True
2060,P0230,Inner Mongolia,ccs,0.0,0.0,0.0,0.0,0.0,True
2060,P0230,Inner Mongolia,biomass,0.0,0.0,0.0,0.0,0.0,True
2060,P0230,Inner Mongolia,beccs,0.0,0.0,0.0,0.0,0.0,True
2060,P0230,Inner Mongolia,ammonia,0.0,0.0,0.0,0.0,0.0,True
2060,P0231,Fujian,unabated,0.0,0.0,0.0,0.0,0.0,True
2060,P0231,Fujian,retire,0.0,0.0,0.0,0.0,0.0,True
2060,P0231,Fujian,ccs,0.0,0.0,0.0,0.0,0.0,True
2060,P0231,Fujian,biomass,1.0,6151440.0,5.0441807999999995,5.0441807999999995,0.0,True
2060,P0231,Fujian,beccs,0.0,0.0,0.0,0.0,0.0,True
2060,P0231,Fujian,ammonia,0.0,0.0,0.0,0.0,0.0,True
2060,P0232,Inner Mongolia,unabated,0.0,0.0,0.0,0.0,0.0,True
2060,P0232,Inner Mongolia,retire,0.0,0.0,0.0,0.0,0.0,True
2060,P0232,Inner Mongolia,ccs,0.0,0.0,0.0,0.0,0.0,True
2060,P0232,Inner Mongolia,biomass,0.0,0.0,0.0,0.0,0.0,True
2060,P0232,Inner Mongolia,beccs,1.0,6037799.999999999,4.950995999999999,8.169143399999998,4.782662135999998,True
2060,P0232,Inner Mongolia,ammonia,0.0,0.0,0.0,0.0,0.0,True
2060,P0233,Xinjiang,unabated,0.0,0.0,0.0,0.0,0.0,True
2060,P0233,Xinjiang,retire,0.0,0.0,0.0,0.0,0.0,True
2060,P0233,Xinjiang,ccs,0.004558682310485285,14445.187810880929,0.01184505400492236,0.010660548604430125,0.011442322168754999,True
2060,P0233,Xinjiang,biomass,0.0,0.0,0.0,0.0,0.0,True
2060,P0233,Xinjiang,beccs,0.9954413176895158,3154274.812189122,2.58650534599508,4.914360157390651,2.498564164231247,True
2060,P0233,Xinjiang,ammonia,0.0,0.0,0.0,0.0,0.0,True
2060,P0234,Hunan,unabated,0.0,0.0,0.0,0.0,0.0,True
2060,P0234,Hunan,retire,0.0,0.0,0.0,0.0,0.0,True
2060,P0234,Hunan,ccs,0.0,0.0,0.0,0.0,0.0,True
2060,P0234,Hunan,biomass,1.0,234414.0,0.19221947999999997,0.19221947999999997,0.0,True
2060,P0234,Hunan,beccs,0.0,0.0,0.0,0.0,0.0,True
2060,P0234,Hunan,ammonia,0.0,0.0,0.0,0.0,0.0,True
2060,P0235,Inner Mongolia,unabated,0.0,0.0,0.0,0.0,0.0,True
2060,P0235,Inner Mongolia,retire,1.0,13283160.0,10.8921912,10.8921912,0.0,True
2060,P0235,Inner Mongolia,ccs,0.0,0.0,0.0,0.0,0.0,True
2060,P0235,Inner Mongolia,biomass,0.0,0.0,0.0,0.0,0.0,True
2060,P0235,Inner Mongolia,beccs,0.0,0.0,0.0,0.0,0.0,True
2060,P0235,Inner Mongolia,ammonia,0.0,0.0,0.0,0.0,0.0,True
2060,P0236,Henan,unabated,0.0,0.0,0.0,0.0,0.0,True
2060,P0236,Henan,retire,0.17644539698469452,3385258.0957559473,2.7759116385198768,2.7759116385198768,0.0,True
2060,P0236,Henan,ccs,0.0,0.0,0.0,0.0,0.0,True
2060,P0236,Henan,biomass,0.8235546030153055,15800609.904244052,12.956500121480124,12.956500121480124,0.0,True
2060,P0236,Henan,beccs,0.0,0.0,0.0,0.0,0.0,True
2060,P0236,Henan,ammonia,0.0,0.0,0.0,0.0,0.0,True
2060,P0237,Jiangxi,unabated,0.0,0.0,0.0,0.0,0.0,True
2060,P0237,Jiangxi,retire,0.0,0.0,0.0,0.0,0.0,True
2060,P0237,Jiangxi,ccs,0.0,0.0,0.0,0.0,0.0,True
2060,P0237,Jiangxi,biomass,1.0,12869280.0,10.5528096,10.5528096,0.0,True
2060,P0237,Jiangxi,beccs,0.0,0.0,0.0,0.0,0.0,True
2060,P0237,Jiangxi,ammonia,0.0,0.0,0.0,0.0,0.0,True
2060,P0238,Sichuan,unabated,0.0,0.0,0.0,0.0,0.0,True
2060,P0238,Sichuan,retire,0.0,0.0,0.0,0.0,0.0,True
2060,P0238,Sichuan,ccs,0.0,0.0,0.0,0.0,0.0,True
2060,P0238,Sichuan,biomass,0.0,0.0,0.0,0.0,0.0,True
2060,P0238,Sichuan,beccs,1.0,9992799.999999998,8.194095999999998,15.568782399999996,8.480889359999997,True
2060,P0238,Sichuan,ammonia,0.0,0.0,0.0,0.0,0.0,True
2060,P0239,Guizhou,unabated,0.0,0.0,0.0,0.0,0.0,True
2060,P0239,Guizhou,retire,0.0,0.0,0.0,0.0,0.0,True
2060,P0239,Guizhou,ccs,0.0,0.0,0.0,0.0,0.0,True
2060,P0239,Guizhou,biomass,1.0,17659212.0,14.48055384,14.48055384,0.0,True
2060,P0239,Guizhou,beccs,0.0,0.0,0.0,0.0,0.0,True
2060,P0239,Guizhou,ammonia,0.0,0.0,0.0,0.0,0.0,True
2060,P0240,Guangdong,unabated,0.0,0.0,0.0,0.0,0.0,True
2060,P0240,Guangdong,retire,0.0,0.0,0.0,0.0,0.0,True
2060,P0240,Guangdong,ccs,0.0,0.0,0.0,0.0,0.0,True
2060,P0240,Guangdong,biomass,0.0,0.0,0.0,0.0,0.0,True
2060,P0240,Guangdong,beccs,1.0,9663400.0,7.923987999999999,15.055577199999997,7.654572407999996,True
2060,P0240,Guangdong,ammonia,0.0,0.0,0.0,0.0,0.0,True
2060,P0241,Guangxi,unabated,0.0,0.0,0.0,0.0,0.0,True
2060,P0241,Guangxi,retire,0.0,0.0,0.0,0.0,0.0,True
2060,P0241,Guangxi,ccs,0.0,0.0,0.0,0.0,0.0,True
2060,P0241,Guangxi,biomass,0.0,0.0,0.0,0.0,0.0,True
2060,P0241,Guangxi,beccs,1.0,3350620.0,2.7475084,5.22026596,2.843671194,True
2060,P0241,Guangxi,ammonia,0.0,0.0,0.0,0.0,0.0,True
2060,P0242,Xinjiang,unabated,0.0,0.0,0.0,0.0,0.0,True
2060,P0242,Xinjiang,retire,0.11686815206364398,3258837.5671025673,2.6722468050241046,2.6722468050241046,0.0,True
2060,P0242,Xinjiang,ccs,0.883131847936356,24625898.43289743,20.19323671497589,18.1739130434783,20.9,True
2060,P0242,Xinjiang,biomass,0.0,0.0,0.0,0.0,0.0,True
2060,P0242,Xinjiang,beccs,0.0,0.0,0.0,0.0,0.0,True
2060,P0242,Xinjiang,ammonia,0.0,0.0,0.0,0.0,0.0,True
2060,P0243,Anhui,unabated,0.0,0.0,0.0,0.0,0.0,True
2060,P0243,Anhui,retire,1.0,124308166.00000001,101.93269612,101.93269612,0.0,True
2060,P0243,Anhui,ccs,0.0,0.0,0.0,0.0,0.0,True
2060,P0243,Anhui,biomass,0.0,0.0,0.0,0.0,0.0,True
2060,P0243,Anhui,beccs,0.0,0.0,0.0,0.0,0.0,True
2060,P0243,Anhui,ammonia,0.0,0.0,0.0,0.0,0.0,True
2060,P0244,Gansu,unabated,0.0,0.0,0.0,0.0,0.0,True
2060,P0244,Gansu,retire,1.0,15124456.000000002,12.40205392,12.40205392,0.0,True
2060,P0244,Gansu,ccs,0.0,0.0,0.0,0.0,0.0,True
2060,P0244,Gansu,biomass,0.0,0.0,0.0,0.0,0.0,True
2060,P0244,Gansu,beccs,0.0,0.0,0.0,0.0,0.0,True
2060,P0244,Gansu,ammonia,0.0,0.0,0.0,0.0,0.0,True
2060,P0245,Hubei,unabated,0.0,0.0,0.0,0.0,0.0,True
2060,P0245,Hubei,retire,0.0,0.0,0.0,0.0,0.0,True
2060,P0245,Hubei,ccs,0.0,0.0,0.0,0.0,0.0,True
2060,P0245,Hubei,biomass,1.0,7247976.799999999,5.943340975999999,5.943340975999999,0.0,True
2060,P0245,Hubei,beccs,0.0,0.0,0.0,0.0,0.0,True
2060,P0245,Hubei,ammonia,0.0,0.0,0.0,0.0,0.0,True
2060,P0246,Inner Mongolia,unabated,0.0,0.0,0.0,0.0,0.0,True
2060,P0246,Inner Mongolia,retire,1.0,41107355.0,33.7080311,33.7080311,0.0,True
2060,P0246,Inner Mongolia,ccs,0.0,0.0,0.0,0.0,0.0,True
2060,P0246,Inner Mongolia,biomass,0.0,0.0,0.0,0.0,0.0,True
2060,P0246,Inner Mongolia,beccs,0.0,0.0,0.0,0.0,0.0,True
2060,P0246,Inner Mongolia,ammonia,0.0,0.0,0.0,0.0,0.0,True
2060,P0247,Shandong,unabated,0.0,0.0,0.0,0.0,0.0,True
2060,P0247,Shandong,retire,1.0,8983866.0,7.366770119999999,7.366770119999999,0.0,True
2060,P0247,Shandong,ccs,0.0,0.0,0.0,0.0,0.0,True
2060,P0247,Shandong,biomass,0.0,0.0,0.0,0.0,0.0,True
2060,P0247,Shandong,beccs,0.0,0.0,0.0,0.0,0.0,True
2060,P0247,Shandong,ammonia,0.0,0.0,0.0,0.0,0.0,True
2060,P0248,Henan,unabated,0.0,0.0,0.0,0.0,0.0,True
2060,P0248,Henan,retire,1.0,30200644.0,24.764528079999998,24.764528079999998,0.0,True
2060,P0248,Henan,ccs,0.0,0.0,0.0,0.0,0.0,True
2060,P0248,Henan,biomass,0.0,0.0,0.0,0.0,0.0,True
2060,P0248,Henan,beccs,0.0,0.0,0.0,0.0,0.0,True
2060,P0248,Henan,ammonia,0.0,0.0,0.0,0.0,0.0,True
2060,P0249,Gansu,unabated,0.0,0.0,0.0,0.0,0.0,True
2060,P0249,Gansu,retire,0.0,0.0,0.0,0.0,0.0,True
2060,P0249,Gansu,ccs,0.0,0.0,0.0,0.0,0.0,True
2060,P0249,Gansu,biomass,0.0,0.0,0.0,0.0,0.0,True
2060,P0249,Gansu,beccs,1.0,2513760.0000000005,2.0612832,3.91643808,1.9911995711999997,True
2060,P0249,Gansu,ammonia,0.0,0.0,0.0,0.0,0.0,True
2060,P0250,Gansu,unabated,0.0,0.0,0.0,0.0,0.0,True
2060,P0250,Gansu,retire,0.6883366997336652,1730313.2623224985,1.4188568751044486,1.4188568751044486,0.0,True
2060,P0250,Gansu,ccs,0.0,0.0,0.0,0.0,0.0,True
2060,P0250,Gansu,biomass,0.0,0.0,0.0,0.0,0.0,True
2060,P0250,Gansu,beccs,0.3116633002663348,783446.737677502,0.6424263248955515,1.2206100173015477,0.6205838298491027,True
2060,P0250,Gansu,ammonia,0.0,0.0,0.0,0.0,0.0,True
2060,P0251,Hebei,unabated,0.0,0.0,0.0,0.0,0.0,True
2060,P0251,Hebei,retire,0.0,0.0,0.0,0.0,0.0,True
2060,P0251,Hebei,ccs,0.0,0.0,0.0,0.0,0.0,True
2060,P0251,Hebei,biomass,0.9666625299333426,5856946.402464208,4.802696050020651,4.802696050020651,0.0,True
2060,P0251,Hebei,beccs,0.03333747006665755,201989.59753579384,0.16563146997935096,0.3146997929607668,0.160000000000053,True
2060,P0251,Hebei,ammonia,0.0,0.0,0.0,0.0,0.0,True
2060,P0252,Guangxi,unabated,0.0,0.0,0.0,0.0,0.0,True
2060,P0252,Guangxi,retire,0.0,0.0,0.0,0.0,0.0,True
2060,P0252,Guangxi,ccs,0.0,0.0,0.0,0.0,0.0,True
2060,P0252,Guangxi,biomass,0.0,0.0,0.0,0.0,0.0,True
2060,P0252,Guangxi,beccs,1.0,10003994.0,8.20327508,15.586222651999998,7.924363727279996,True
2060,P0252,Guangxi,ammonia,0.0,0.0,0.0,0.0,0.0,True
2060,P0253,Guangxi,unabated,0.0,0.0,0.0,0.0,0.0,True
2060,P0253,Guangxi,retire,0.0,0.0,0.0,0.0,0.0,True
2060,P0253,Guangxi,ccs,0.0,0.0,0.0,0.0,0.0,True
2060,P0253,Guangxi,biomass,1.0,5456724.0,4.474513679999999,4.474513679999999,0.0,True
2060,P0253,Guangxi,beccs,0.0,0.0,0.0,0.0,0.0,True
2060,P0253,Guangxi,ammonia,0.0,0.0,0.0,0.0,0.0,True
2060,P0254,Jiangxi,unabated,0.0,0.0,0.0,0.0,0.0,True
2060,P0254,Jiangxi,retire,0.0,0.0,0.0,0.0,0.0,True
2060,P0254,Jiangxi,ccs,0.0,0.0,0.0,0.0,0.0,True
2060,P0254,Jiangxi,biomass,1.0,6291647.999999999,5.159151359999998,5.159151359999998,0.0,True
2060,P0254,Jiangxi,beccs,0.0,0.0,0.0,0.0,0.0,True
2060,P0254,Jiangxi,ammonia,0.0,0.0,0.0,0.0,0.0,True
2060,P0255,Anhui,unabated,0.0,0.0,0.0,0.0,0.0,True
2060,P0255,Anhui,retire,0.0,0.0,0.0,0.0,0.0,True
2060,P0255,Anhui,ccs,0.0,0.0,0.0,0.0,0.0,True
2060,P0255,Anhui,biomass,1.0,25003932.0,20.503224239999998,20.503224239999998,0.0,True
2060,P0255,Anhui,beccs,0.0,0.0,0.0,0.0,0.0,True
2060,P0255,Anhui,ammonia,0.0,0.0,0.0,0.0,0.0,True
2060,P0256,Heilongjiang,unabated,0.0,0.0,0.0,0.0,0.0,True
2060,P0256,Heilongjiang,retire,0.0,0.0,0.0,0.0,0.0,True
2060,P0256,Heilongjiang,ccs,0.0,0.0,0.0,0.0,0.0,True
2060,P0256,Heilongjiang,biomass,0.0,0.0,0.0,0.0,0.0,True
2060,P0256,Heilongjiang,beccs,1.0,194796.0,0.15973272,0.30349216799999995,0.15430180751999997,True
2060,P0256,Heilongjiang,ammonia,0.0,0.0,0.0,0.0,0.0,True
2060,P0257,Inner Mongolia,unabated,0.0,0.0,0.0,0.0,0.0,True
2060,P0257,Inner Mongolia,retire,0.0,0.0,0.0,0.0,0.0,True
2060,P0257,Inner Mongolia,ccs,0.0,0.0,0.0,0.0,0.0,True
2060,P0257,Inner Mongolia,biomass,1.0,362267.99999999994,0.29705975999999995,0.29705975999999995,0.0,True
2060,P0257,Inner Mongolia,beccs,0.0,0.0,0.0,0.0,0.0,True
2060,P0257,Inner Mongolia,ammonia,0.0,0.0,0.0,0.0,0.0,True
2060,P0258,Xinjiang,unabated,0.0,0.0,0.0,0.0,0.0,True
2060,P0258,Xinjiang,retire,0.0,0.0,0.0,0.0,0.0,True
2060,P0258,Xinjiang,ccs,0.6523840996041879,2411759.6347807455,1.9776429005202112,1.77987861046819,1.9104030419025235,True
2060,P0258,Xinjiang,biomass,0.0,0.0,0.0,0.0,0.0,True
2060,P0258,Xinjiang,beccs,0.3476159003958133,1285080.3652192582,1.0537658994797918,2.002155209011604,1.0179378588974786,True
2060,P0258,Xinjiang,ammonia,0.0,0.0,0.0,0.0,0.0,True
2060,P0259,Guizhou,unabated,0.0,0.0,0.0,0.0,0.0,True
2060,P0259,Guizhou,retire,1.0,20792298.0,17.04968436,17.04968436,0.0,True
2060,P0259,Guizhou,ccs,0.0,0.0,0.0,0.0,0.0,True
2060,P0259,Guizhou,biomass,0.0,0.0,0.0,0.0,0.0,True
2060,P0259,Guizhou,beccs,0.0,0.0,0.0,0.0,0.0,True
2060,P0259,Guizhou,ammonia,0.0,0.0,0.0,0.0,0.0,True
2060,P0260,Ningxia,unabated,0.0,0.0,0.0,0.0,0.0,True
2060,P0260,Ningxia,retire,0.0,0.0,0.0,0.0,0.0,True
2060,P0260,Ningxia,ccs,0.0,0.0,0.0,0.0,0.0,True
2060,P0260,Ningxia,biomass,0.0,0.0,0.0,0.0,0.0,True
2060,P0260,Ningxia,beccs,1.0,13222594.0,10.84252708,20.600801452,10.473881159279998,True
2060,P0260,Ningxia,ammonia,0.0,0.0,0.0,0.0,0.0,True
2060,P0261,Xinjiang,unabated,0.0,0.0,0.0,0.0,0.0,True
2060,P0261,Xinjiang,retire,0.0,0.0,0.0,0.0,0.0,True
2060,P0261,Xinjiang,ccs,1.0,3696839.9999999995,3.0314087999999995,2.7282679199999995,3.137508107999999,True
2060,P0261,Xinjiang,biomass,0.0,0.0,0.0,0.0,0.0,True
2060,P0261,Xinjiang,beccs,0.0,0.0,0.0,0.0,0.0,True
2060,P0261,Xinjiang,ammonia,0.0,0.0,0.0,0.0,0.0,True
2060,P0262,Guizhou,unabated,0.0,0.0,0.0,0.0,0.0,True
2060,P0262,Guizhou,retire,0.0,0.0,0.0,0.0,0.0,True
2060,P0262,Guizhou,ccs,0.0,0.0,0.0,0.0,0.0,True
2060,P0262,Guizhou,biomass,1.0,5696520.0,4.6711464,4.6711464,0.0,True
2060,P0262,Guizhou,beccs,0.0,0.0,0.0,0.0,0.0,True
2060,P0262,Guizhou,ammonia,0.0,0.0,0.0,0.0,0.0,True
2060,P0263,Shaanxi,unabated,0.0,0.0,0.0,0.0,0.0,True
2060,P0263,Shaanxi,retire,0.0,0.0,0.0,0.0,0.0,True
2060,P0263,Shaanxi,ccs,0.0,0.0,0.0,0.0,0.0,True
2060,P0263,Shaanxi,biomass,0.0,0.0,0.0,0.0,0.0,True
2060,P0263,Shaanxi,beccs,1.0,3176600.0,2.604812,4.9491428,2.5162483920000005,True
2060,P0263,Shaanxi,ammonia,0.0,0.0,0.0,0.0,0.0,True
2060,P0264,Sichuan,unabated,0.0,0.0,0.0,0.0,0.0,True
2060,P0264,Sichuan,retire,0.0,0.0,0.0,0.0,0.0,True
2060,P0264,Sichuan,ccs,0.0,0.0,0.0,0.0,0.0,True
2060,P0264,Sichuan,biomass,0.0,0.0,0.0,0.0,0.0,True
2060,P0264,Sichuan,beccs,1.0,5995679.999999999,4.916457599999998,9.341269439999996,4.7492980415999995,True
2060,P0264,Sichuan,ammonia,0.0,0.0,0.0,0.0,0.0,True
2060,P0265,Gansu,unabated,0.0,0.0,0.0,0.0,0.0,True
2060,P0265,Gansu,retire,0.0,0.0,0.0,0.0,0.0,True
2060,P0265,Gansu,ccs,0.0,0.0,0.0,0.0,0.0,True
2060,P0265,Gansu,biomass,1.0,2932720.0,2.4048304,2.4048304,0.0,True
2060,P0265,Gansu,beccs,0.0,0.0,0.0,0.0,0.0,True
2060,P0265,Gansu,ammonia,0.0,0.0,0.0,0.0,0.0,True
2060,P0266,Heilongjiang,unabated,0.0,0.0,0.0,0.0,0.0,True
2060,P0266,Heilongjiang,retire,0.0,0.0,0.0,0.0,0.0,True
2060,P0266,Heilongjiang,ccs,0.0,0.0,0.0,0.0,0.0,True
2060,P0266,Heilongjiang,biomass,1.0,939195.0000000001,0.7701399,0.7701399,0.0,True
2060,P0266,Heilongjiang,beccs,0.0,0.0,0.0,0.0,0.0,True
2060,P0266,Heilongjiang,ammonia,0.0,0.0,0.0,0.0,0.0,True
2060,P0267,Hubei,unabated,0.0,0.0,0.0,0.0,0.0,True
2060,P0267,Hubei,retire,0.0,0.0,0.0,0.0,0.0,True
2060,P0267,Hubei,ccs,0.0,0.0,0.0,0.0,0.0,True
2060,P0267,Hubei,biomass,1.0,17473136.0,14.32797152,14.32797152,0.0,True
2060,P0267,Hubei,beccs,0.0,0.0,0.0,0.0,0.0,True
2060,P0267,Hubei,ammonia,0.0,0.0,0.0,0.0,0.0,True
2060,P0268,Inner Mongolia,unabated,0.0,0.0,0.0,0.0,0.0,True
2060,P0268,Inner Mongolia,retire,0.0,0.0,0.0,0.0,0.0,True
2060,P0268,Inner Mongolia,ccs,0.0,0.0,0.0,0.0,0.0,True
2060,P0268,Inner Mongolia,biomass,1.0,452835.0,0.37132469999999995,0.37132469999999995,0.0,True
2060,P0268,Inner Mongolia,beccs,0.0,0.0,0.0,0.0,0.0,True
2060,P0268,Inner Mongolia,ammonia,0.0,0.0,0.0,0.0,0.0,True
2060,P0269,Guangdong,unabated,0.0,0.0,0.0,0.0,0.0,True
2060,P0269,Guangdong,retire,1.0,77191239.2,63.296816144000005,63.296816144000005,0.0,True
2060,P0269,Guangdong,ccs,0.0,0.0,0.0,0.0,0.0,True
2060,P0269,Guangdong,biomass,0.0,0.0,0.0,0.0,0.0,True
2060,P0269,Guangdong,beccs,0.0,0.0,0.0,0.0,0.0,True
2060,P0269,Guangdong,ammonia,0.0,0.0,0.0,0.0,0.0,True
2060,P0270,Xinjiang,unabated,0.0,0.0,0.0,0.0,0.0,True
2060,P0270,Xinjiang,retire,0.28828983951265374,913509.780260536,0.7490780198136394,0.7490780198136394,0.0,True
2060,P0270,Xinjiang,ccs,0.0,0.0,0.0,0.0,0.0,True
2060,P0270,Xinjiang,biomass,0.7117101604873463,2255210.2197394636,1.8492723801863598,1.8492723801863598,0.0,True
2060,P0270,Xinjiang,beccs,0.0,0.0,0.0,0.0,0.0,True
2060,P0270,Xinjiang,ammonia,0.0,0.0,0.0,0.0,0.0,True
2060,P0271,Guangdong,unabated,0.0,0.0,0.0,0.0,0.0,True
2060,P0271,Guangdong,retire,0.0,0.0,0.0,0.0,0.0,True
2060,P0271,Guangdong,ccs,0.0,0.0,0.0,0.0,0.0,True
2060,P0271,Guangdong,biomass,1.0,2899020.0,2.3771964,2.3771964,0.0,True
2060,P0271,Guangdong,beccs,0.0,0.0,0.0,0.0,0.0,True
2060,P0271,Guangdong,ammonia,0.0,0.0,0.0,0.0,0.0,True
2060,P0272,Qinghai,unabated,0.0,0.0,0.0,0.0,0.0,True
2060,P0272,Qinghai,retire,0.27909490417881666,1509356.4055952074,1.23767225258807,1.23767225258807,0.0,True
2060,P0272,Qinghai,ccs,0.7209050958211833,3898683.5944047915,3.196920547411929,2.8772284926707363,3.3088127665713465,True
2060,P0272,Qinghai,biomass,0.0,0.0,0.0,0.0,0.0,True
2060,P0272,Qinghai,beccs,0.0,0.0,0.0,0.0,0.0,True
2060,P0272,Qinghai,ammonia,0.0,0.0,0.0,0.0,0.0,True
2060,P0273,Fujian,unabated,0.0,0.0,0.0,0.0,0.0,True
2060,P0273,Fujian,retire,0.0,0.0,0.0,0.0,0.0,True
2060,P0273,Fujian,ccs,0.0,0.0,0.0,0.0,0.0,True
2060,P0273,Fujian,biomass,1.0,3075720.0,2.5220903999999997,2.5220903999999997,0.0,True
2060,P0273,Fujian,beccs,0.0,0.0,0.0,0.0,0.0,True
2060,P0273,Fujian,ammonia,0.0,0.0,0.0,0.0,0.0,True
2060,P0274,Hebei,unabated,0.0,0.0,0.0,0.0,0.0,True
2060,P0274,Hebei,retire,0.0,0.0,0.0,0.0,0.0,True
2060,P0274,Hebei,ccs,0.0,0.0,0.0,0.0,0.0,True
2060,P0274,Hebei,biomass,1.0,6237140.0,5.1144548,5.1144548,0.0,True
2060,P0274,Hebei,beccs,0.0,0.0,0.0,0.0,0.0,True
2060,P0274,Hebei,ammonia,0.0,0.0,0.0,0.0,0.0,True
2060,P0275,Gansu,unabated,0.0,0.0,0.0,0.0,0.0,True
2060,P0275,Gansu,retire,1.0,15166352.000000002,12.43640864,12.43640864,0.0,True
2060,P0275,Gansu,ccs,0.0,0.0,0.0,0.0,0.0,True
2060,P0275,Gansu,biomass,0.0,0.0,0.0,0.0,0.0,True
2060,P0275,Gansu,beccs,0.0,0.0,0.0,0.0,0.0,True
2060,P0275,Gansu,ammonia,0.0,0.0,0.0,0.0,0.0,True
2060,P0276,Xinjiang,unabated,0.0,0.0,0.0,0.0,0.0,True
2060,P0276,Xinjiang,retire,0.0,0.0,0.0,0.0,0.0,True
2060,P0276,Xinjiang,ccs,1.0,3168719.9999999995,2.5983503999999993,2.3385153599999993,2.510006486400002,True
2060,P0276,Xinjiang,biomass,0.0,0.0,0.0,0.0,0.0,True
2060,P0276,Xinjiang,beccs,0.0,0.0,0.0,0.0,0.0,True
2060,P0276,Xinjiang,ammonia,0.0,0.0,0.0,0.0,0.0,True
2060,P0277,Guangxi,unabated,0.0,0.0,0.0,0.0,0.0,True
2060,P0277,Guangxi,retire,0.0,0.0,0.0,0.0,0.0,True
2060,P0277,Guangxi,ccs,0.0,0.0,0.0,0.0,0.0,True
2060,P0277,Guangxi,biomass,1.0,3350620.0,2.7475084,2.7475084,0.0,True
2060,P0277,Guangxi,beccs,0.0,0.0,0.0,0.0,0.0,True
2060,P0277,Guangxi,ammonia,0.0,0.0,0.0,0.0,0.0,True
2060,P0278,Inner Mongolia,unabated,0.0,0.0,0.0,0.0,0.0,True
2060,P0278,Inner Mongolia,retire,0.0,0.0,0.0,0.0,0.0,True
2060,P0278,Inner Mongolia,ccs,0.0,0.0,0.0,0.0,0.0,True
2060,P0278,Inner Mongolia,biomass,0.0,0.0,0.0,0.0,0.0,True
2060,P0278,Inner Mongolia,beccs,1.0,8151030.0,6.6838446,12.699304739999999,6.456593883599999,True
2060,P0278,Inner Mongolia,ammonia,0.0,0.0,0.0,0.0,0.0,True
2060,P0279,Guangxi,unabated,0.0,0.0,0.0,0.0,0.0,True
2060,P0279,Guangxi,retire,0.0,0.0,0.0,0.0,0.0,True
2060,P0279,Guangxi,ccs,0.0,0.0,0.0,0.0,0.0,True
2060,P0279,Guangxi,biomass,0.0,0.0,0.0,0.0,0.0,True
2060,P0279,Guangxi,beccs,1.0,5743920.0,4.7100143999999995,8.949027359999999,4.549873910399999,True
2060,P0279,Guangxi,ammonia,0.0,0.0,0.0,0.0,0.0,True
2060,P0280,Anhui,unabated,0.0,0.0,0.0,0.0,0.0,True
2060,P0280,Anhui,retire,0.0,0.0,0.0,0.0,0.0,True
2060,P0280,Anhui,ccs,0.0,0.0,0.0,0.0,0.0,True
2060,P0280,Anhui,biomass,1.0,6708372.000000001,5.50086504,5.50086504,0.0,True
2060,P0280,Anhui,beccs,0.0,0.0,0.0,0.0,0.0,True
2060,P0280,Anhui,ammonia,0.0,0.0,0.0,0.0,0.0,True
2060,P0281,Xinjiang,unabated,0.0,0.0,0.0,0.0,0.0,True
2060,P0281,Xinjiang,retire,0.0,0.0,0.0,0.0,0.0,True
2060,P0281,Xinjiang,ccs,0.052855677188257455,563865.632780583,0.46236981888007794,0.4161328369920702,0.4466492450381552,True
2060,P0281,Xinjiang,biomass,0.0,0.0,0.0,0.0,0.0,True
2060,P0281,Xinjiang,beccs,0.9471443228117425,10104158.367219415,8.28540986111992,15.742278736127846,8.003705925841839,True
2060,P0281,Xinjiang,ammonia,0.0,0.0,0.0,0.0,0.0,True
2060,P0282,Shandong,unabated,0.0,0.0,0.0,0.0,0.0,True
2060,P0282,Shandong,retire,0.0,0.0,0.0,0.0,0.0,True
2060,P0282,Shandong,ccs,0.0,0.0,0.0,0.0,0.0,True
2060,P0282,Shandong,biomass,1.0,3532491.0000000005,2.89664262,2.89664262,0.0,True
2060,P0282,Shandong,beccs,0.0,0.0,0.0,0.0,0.0,True
2060,P0282,Shandong,ammonia,0.0,0.0,0.0,0.0,0.0,True
2060,P0283,Hubei,unabated,0.0,0.0,0.0,0.0,0.0,True
2060,P0283,Hubei,retire,0.0,0.0,0.0,0.0,0.0,True
2060,P0283,Hubei,ccs,0.0,0.0,0.0,0.0,0.0,True
2060,P0283,Hubei,biomass,1.0,4949472.0,4.05856704,4.05856704,0.0,True
2060,P0283,Hubei,beccs,0.0,0.0,0.0,0.0,0.0,True
2060,P0283,Hubei,ammonia,0.0,0.0,0.0,0.0,0.0,True
2060,P0284,Shandong,unabated,0.0,0.0,0.0,0.0,0.0,True
2060,P0284,Shandong,retire,1.0,38377680.00000001,31.469697600000003,31.469697600000003,0.0,True
2060,P0284,Shandong,ccs,0.0,0.0,0.0,0.0,0.0,True
2060,P0284,Shandong,biomass,0.0,0.0,0.0,0.0,0.0,True
2060,P0284,Shandong,beccs,0.0,0.0,0.0,0.0,0.0,True
2060,P0284,Shandong,ammonia,0.0,0.0,0.0,0.0,0.0,True
2060,P0285,Yunnan,unabated,0.0,0.0,0.0,0.0,0.0,True
2060,P0285,Yunnan,retire,0.0,0.0,0.0,0.0,0.0,True
2060,P0285,Yunnan,ccs,0.0,0.0,0.0,0.0,0.0,True
2060,P0285,Yunnan,biomass,1.0,5378639.999999999,4.410484799999999,4.410484799999999,0.0,True
2060,P0285,Yunnan,beccs,0.0,0.0,0.0,0.0,0.0,True
2060,P0285,Yunnan,ammonia,0.0,0.0,0.0,0.0,0.0,True
2060,P0286,Jiangxi,unabated,0.0,0.0,0.0,0.0,0.0,True
2060,P0286,Jiangxi,retire,0.0,0.0,0.0,0.0,0.0,True
2060,P0286,Jiangxi,ccs,0.0,0.0,0.0,0.0,0.0,True
2060,P0286,Jiangxi,biomass,1.0,7149600.0,5.862672,5.862672,0.0,True
2060,P0286,Jiangxi,beccs,0.0,0.0,0.0,0.0,0.0,True
2060,P0286,Jiangxi,ammonia,0.0,0.0,0.0,0.0,0.0,True
2060,P0287,Gansu,unabated,0.0,0.0,0.0,0.0,0.0,True
2060,P0287,Gansu,retire,1.0,5530272.0,4.53482304,4.53482304,0.0,True
2060,P0287,Gansu,ccs,0.0,0.0,0.0,0.0,0.0,True
2060,P0287,Gansu,biomass,0.0,0.0,0.0,0.0,0.0,True
2060,P0287,Gansu,beccs,0.0,0.0,0.0,0.0,0.0,True
2060,P0287,Gansu,ammonia,0.0,0.0,0.0,0.0,0.0,True
2060,P0288,Inner Mongolia,unabated,0.0,0.0,0.0,0.0,0.0,True
2060,P0288,Inner Mongolia,retire,1.0,6641580.0,5.4460956,5.4460956,0.0,True
2060,P0288,Inner Mongolia,ccs,0.0,0.0,0.0,0.0,0.0,True
2060,P0288,Inner Mongolia,biomass,0.0,0.0,0.0,0.0,0.0,True
2060,P0288,Inner Mongolia,beccs,0.0,0.0,0.0,0.0,0.0,True
2060,P0288,Inner Mongolia,ammonia,0.0,0.0,0.0,0.0,0.0,True
2060,P0289,Inner Mongolia,unabated,0.0,0.0,0.0,0.0,0.0,True
2060,P0289,Inner Mongolia,retire,0.0,0.0,0.0,0.0,0.0,True
2060,P0289,Inner Mongolia,ccs,0.0,0.0,0.0,0.0,0.0,True
2060,P0289,Inner Mongolia,biomass,0.0,0.0,0.0,0.0,0.0,True
2060,P0289,Inner Mongolia,beccs,1.0,2566065.0,2.1041733,3.9979292699999993,2.0326314077999994,True
2060,P0289,Inner Mongolia,ammonia,0.0,0.0,0.0,0.0,0.0,True
2060,P0290,Guizhou,unabated,0.0,0.0,0.0,0.0,0.0,True
2060,P0290,Guizhou,retire,0.0,0.0,0.0,0.0,0.0,True
2060,P0290,Guizhou,ccs,0.0,0.0,0.0,0.0,0.0,True
2060,P0290,Guizhou,biomass,1.0,8829606.0,7.24027692,7.24027692,0.0,True
2060,P0290,Guizhou,beccs,0.0,0.0,0.0,0.0,0.0,True
2060,P0290,Guizhou,ammonia,0.0,0.0,0.0,0.0,0.0,True
2060,P0291,Shanxi,unabated,0.0,0.0,0.0,0.0,0.0,True
2060,P0291,Shanxi,retire,0.0,0.0,0.0,0.0,0.0,True
2060,P0291,Shanxi,ccs,0.0,0.0,0.0,0.0,0.0,True
2060,P0291,Shanxi,biomass,0.0,0.0,0.0,0.0,0.0,True
2060,P0291,Shanxi,beccs,1.0,4490615.0,3.6823042999999998,6.996378169999999,3.557105953799999,True
2060,P0291,Shanxi,ammonia,0.0,0.0,0.0,0.0,0.0,True
2060,P0292,Chongqing,unabated,0.0,0.0,0.0,0.0,0.0,True
2060,P0292,Chongqing,retire,0.0,0.0,0.0,0.0,0.0,True
2060,P0292,Chongqing,ccs,0.0,0.0,0.0,0.0,0.0,True
2060,P0292,Chongqing,biomass,1.0,2876520.0,2.3587464,2.3587464,0.0,True
2060,P0292,Chongqing,beccs,0.0,0.0,0.0,0.0,0.0,True
2060,P0292,Chongqing,ammonia,0.0,0.0,0.0,0.0,0.0,True
2060,P0293,Chongqing,unabated,0.0,0.0,0.0,0.0,0.0,True
2060,P0293,Chongqing,retire,0.0,0.0,0.0,0.0,0.0,True
2060,P0293,Chongqing,ccs,0.0,0.0,0.0,0.0,0.0,True
2060,P0293,Chongqing,biomass,0.0,0.0,0.0,0.0,0.0,True
2060,P0293,Chongqing,beccs,1.0,958840.0,0.7862488,1.49387272,0.7595163407999999,True
2060,P0293,Chongqing,ammonia,0.0,0.0,0.0,0.0,0.0,True
2060,P0294,Jiangxi,unabated,0.0,0.0,0.0,0.0,0.0,True
2060,P0294,Jiangxi,retire,0.0,0.0,0.0,0.0,0.0,True
2060,P0294,Jiangxi,ccs,0.0,0.0,0.0,0.0,0.0,True
2060,P0294,Jiangxi,biomass,1.0,6291647.999999999,5.159151359999998,5.159151359999998,0.0,True
2060,P0294,Jiangxi,beccs,0.0,0.0,0.0,0.0,0.0,True
2060,P0294,Jiangxi,ammonia,0.0,0.0,0.0,0.0,0.0,True
2060,P0295,Guangdong,unabated,0.0,0.0,0.0,0.0,0.0,True
2060,P0295,Guangdong,retire,0.0,0.0,0.0,0.0,0.0,True
2060,P0295,Guangdong,ccs,0.0,0.0,0.0,0.0,0.0,True
2060,P0295,Guangdong,biomass,0.0,0.0,0.0,0.0,0.0,True
2060,P0295,Guangdong,beccs,1.0,14857477.5,12.183131549999999,23.147949944999997,11.768905077299998,True
2060,P0295,Guangdong,ammonia,0.0,0.0,0.0,0.0,0.0,True
2060,P0296,Henan,unabated,0.0,0.0,0.0,0.0,0.0,True
2060,P0296,Henan,retire,0.0,0.0,0.0,0.0,0.0,True
2060,P0296,Henan,ccs,0.0,0.0,0.0,0.0,0.0,True
2060,P0296,Henan,biomass,1.0,14182424.0,11.62958768,11.62958768,0.0,True
2060,P0296,Henan,beccs,0.0,0.0,0.0,0.0,0.0,True
2060,P0296,Henan,ammonia,0.0,0.0,0.0,0.0,0.0,True
2060,P0297,Jiangxi,unabated,0.0,0.0,0.0,0.0,0.0,True
2060,P0297,Jiangxi,retire,0.0,0.0,0.0,0.0,0.0,True
2060,P0297,Jiangxi,ccs,0.0,0.0,0.0,0.0,0.0,True
2060,P0297,Jiangxi,biomass,0.0,0.0,0.0,0.0,0.0,True
2060,P0297,Jiangxi,beccs,1.0,9532800.0,7.816895999999999,14.852102399999998,8.09048736,True
2060,P0297,Jiangxi,ammonia,0.0,0.0,0.0,0.0,0.0,True
2060,P0298,Xinjiang,unabated,0.0,0.0,0.0,0.0,0.0,True
2060,P0298,Xinjiang,retire,0.0,0.0,0.0,0.0,0.0,True
2060,P0298,Xinjiang,ccs,0.0,0.0,0.0,0.0,0.0,True
2060,P0298,Xinjiang,biomass,0.0,0.0,0.0,0.0,0.0,True
2060,P0298,Xinjiang,beccs,1.0,5281200.0,4.330584,8.2281096,4.183344144,True
2060,P0298,Xinjiang,ammonia,0.0,0.0,0.0,0.0,0.0,True
2060,P0299,Liaoning,unabated,0.0,0.0,0.0,0.0,0.0,True
2060,P0299,Liaoning,retire,0.0,0.0,0.0,0.0,0.0,True
2060,P0299,Liaoning,ccs,0.0,0.0,0.0,0.0,0.0,True
2060,P0299,Liaoning,biomass,1.0,1612363.9999999998,1.3221384799999998,1.3221384799999998,0.0,True
2060,P0299,Liaoning,beccs,0.0,0.0,0.0,0.0,0.0,True
2060,P0299,Liaoning,ammonia,0.0,0.0,0.0,0.0,0.0,True
2060,P0300,Guangxi,unabated,0.0,0.0,0.0,0.0,0.0,True
2060,P0300,Guangxi,retire,0.0,0.0,0.0,0.0,0.0,True
2060,P0300,Guangxi,ccs,0.0,0.0,0.0,0.0,0.0,True
2060,P0300,Guangxi,biomass,0.0,0.0,0.0,0.0,0.0,True
2060,P0300,Guangxi,beccs,1.0,6318312.0,5.18101584,9.843930096,5.362351394399999,True
2060,P0300,Guangxi,ammonia,0.0,0.0,0.0,0.0,0.0,True
2060,P0301,Jiangsu,unabated,0.0,0.0,0.0,0.0,0.0,True
2060,P0301,Jiangsu,retire,0.0,0.0,0.0,0.0,0.0,True
2060,P0301,Jiangsu,ccs,0.0,0.0,0.0,0.0,0.0,True
2060,P0301,Jiangsu,biomass,0.0,0.0,0.0,0.0,0.0,True
2060,P0301,Jiangsu,beccs,1.0,320992.0,0.26321344,0.500105536,0.27242591039999997,True
2060,P0301,Jiangsu,ammonia,0.0,0.0,0.0,0.0,0.0,True
2060,P0302,Xinjiang,unabated,0.0,0.0,0.0,0.0,0.0,True
2060,P0302,Xinjiang,retire,0.0,0.0,0.0,0.0,0.0,True
2060,P0302,Xinjiang,ccs,0.05980500718089421,221089.54274661693,0.18129342505222587,0.1631640825470033,0.18763869492905375,True
2060,P0302,Xinjiang,biomass,0.0,0.0,0.0,0.0,0.0,True
2060,P0302,Xinjiang,beccs,0.9401949928191058,3475750.4572533825,2.8501153749477735,5.415219212400769,2.9498694130709455,True
2060,P0302,Xinjiang,ammonia,0.0,0.0,0.0,0.0,0.0,True
2060,P0303,Henan,unabated,0.0,0.0,0.0,0.0,0.0,True
2060,P0303,Henan,retire,0.0,0.0,0.0,0.0,0.0,True
2060,P0303,Henan,ccs,0.0,0.0,0.0,0.0,0.0,True
2060,P0303,Henan,biomass,1.0,4679480.0,3.8371735999999994,3.8371735999999994,0.0,True
2060,P0303,Henan,beccs,0.0,0.0,0.0,0.0,0.0,True
2060,P0303,Henan,ammonia,0.0,0.0,0.0,0.0,0.0,True
2060,P0304,Inner Mongolia,unabated,0.0,0.0,0.0,0.0,0.0,True
2060,P0304,Inner Mongolia,retire,0.0,0.0,0.0,0.0,0.0,True
2060,P0304,Inner Mongolia,ccs,0.8269045658450443,416057.03230493405,0.3411667664900459,0.3070500898410413,0.35310760331719754,True
2060,P0304,Inner Mongolia,biomass,0.0,0.0,0.0,0.0,0.0,True
2060,P0304,Inner Mongolia,beccs,0.17309543415495568,87092.96769506595,0.07141623350995407,0.11783678529142422,0.07391580168280247,True
2060,P0304,Inner Mongolia,ammonia,0.0,0.0,0.0,0.0,0.0,True
2060,P0305,Inner Mongolia,unabated,0.0,0.0,0.0,0.0,0.0,True
2060,P0305,Inner Mongolia,retire,1.0,1509449.9999999998,1.2377489999999998,1.2377489999999998,0.0,True
2060,P0305,Inner Mongolia,ccs,0.0,0.0,0.0,0.0,0.0,True
2060,P0305,Inner Mongolia,biomass,0.0,0.0,0.0,0.0,0.0,True
2060,P0305,Inner Mongolia,beccs,0.0,0.0,0.0,0.0,0.0,True
2060,P0305,Inner Mongolia,ammonia,0.0,0.0,0.0,0.0,0.0,True
2060,P0306,Inner Mongolia,unabated,0.0,0.0,0.0,0.0,0.0,True
2060,P0306,Inner Mongolia,retire,0.0,0.0,0.0,0.0,0.0,True
2060,P0306,Inner Mongolia,ccs,0.0,0.0,0.0,0.0,0.0,True
2060,P0306,Inner Mongolia,biomass,0.0,0.0,0.0,0.0,0.0,True
2060,P0306,Inner Mongolia,beccs,1.0,3320790.0,2.7230478,5.17379082,2.6304641747999997,True
2060,P0306,Inner Mongolia,ammonia,0.0,0.0,0.0,0.0,0.0,True
2060,P0307,Hunan,unabated,0.0,0.0,0.0,0.0,0.0,True
2060,P0307,Hunan,retire,0.0,0.0,0.0,0.0,0.0,True
2060,P0307,Hunan,ccs,0.0,0.0,0.0,0.0,0.0,True
2060,P0307,Hunan,biomass,1.0,15627600.0,12.814632,12.814632,0.0,True
2060,P0307,Hunan,beccs,0.0,0.0,0.0,0.0,0.0,True
2060,P0307,Hunan,ammonia,0.0,0.0,0.0,0.0,0.0,True
2060,P0308,Qinghai,unabated,0.0,0.0,0.0,0.0,0.0,True
2060,P0308,Qinghai,retire,0.0,0.0,0.0,0.0,0.0,True
2060,P0308,Qinghai,ccs,0.0,0.0,0.0,0.0,0.0,True
2060,P0308,Qinghai,biomass,0.0,0.0,0.0,0.0,0.0,True
2060,P0308,Qinghai,beccs,1.0,1106190.0,0.9070757999999999,1.7234440199999996,0.8762352227999997,True
2060,P0308,Qinghai,ammonia,0.0,0.0,0.0,0.0,0.0,True
2060,P0309,Inner Mongolia,unabated,0.0,0.0,0.0,0.0,0.0,True
2060,P0309,Inner Mongolia,retire,0.0,0.0,0.0,0.0,0.0,True
2060,P0309,Inner Mongolia,ccs,0.0,0.0,0.0,0.0,0.0,True
2060,P0309,Inner Mongolia,biomass,0.0,0.0,0.0,0.0,0.0,True
2060,P0309,Inner Mongolia,beccs,1.0,10063000.0,8.25166,15.678153999999997,7.971103559999997,True
2060,P0309,Inner Mongolia,ammonia,0.0,0.0,0.0,0.0,0.0,True
2060,P0310,Shaanxi,unabated,0.0,0.0,0.0,0.0,0.0,True
2060,P0310,Shaanxi,retire,0.0,0.0,0.0,0.0,0.0,True
2060,P0310,Shaanxi,ccs,0.0,0.0,0.0,0.0,0.0,True
2060,P0310,Shaanxi,biomass,1.0,11980320.0,9.823862399999998,9.823862399999998,0.0,True
2060,P0310,Shaanxi,beccs,0.0,0.0,0.0,0.0,0.0,True
2060,P0310,Shaanxi,ammonia,0.0,0.0,0.0,0.0,0.0,True
2060,P0311,Hunan,unabated,0.0,0.0,0.0,0.0,0.0,True
2060,P0311,Hunan,retire,0.0,0.0,0.0,0.0,0.0,True
2060,P0311,Hunan,ccs,0.0,0.0,0.0,0.0,0.0,True
2060,P0311,Hunan,biomass,1.0,5157108.0,4.228828559999999,4.228828559999999,0.0,True
2060,P0311,Hunan,beccs,0.0,0.0,0.0,0.0,0.0,True
2060,P0311,Hunan,ammonia,0.0,0.0,0.0,0.0,0.0,True
2060,P0312,Shanxi,unabated,0.0,0.0,0.0,0.0,0.0,True
2060,P0312,Shanxi,retire,0.0,0.0,0.0,0.0,0.0,True
2060,P0312,Shanxi,ccs,0.0,0.0,0.0,0.0,0.0,True
2060,P0312,Shanxi,biomass,0.0,0.0,0.0,0.0,0.0,True
2060,P0312,Shanxi,beccs,1.0,2777700.0,2.277714,4.3276566,2.2002717239999963,True
2060,P0312,Shanxi,ammonia,0.0,0.0,0.0,0.0,0.0,True
2060,P0313,Xinjiang,unabated,0.0,0.0,0.0,0.0,0.0,True
2060,P0313,Xinjiang,retire,0.0,0.0,0.0,0.0,0.0,True
2060,P0313,Xinjiang,ccs,0.6086618002912658,2571571.759758586,2.1086888430020405,1.8978199587018363,2.0369934223399704,True
2060,P0313,Xinjiang,biomass,0.0,0.0,0.0,0.0,0.0,True
2060,P0313,Xinjiang,beccs,0.3913381997087342,1653388.2402414132,1.355778356997959,2.5759788782961217,1.3096818928600278,True
2060,P0313,Xinjiang,ammonia,0.0,0.0,0.0,0.0,0.0,True
2060,P0314,Inner Mongolia,unabated,0.0,0.0,0.0,0.0,0.0,True
2060,P0314,Inner Mongolia,retire,0.0,0.0,0.0,0.0,0.0,True
2060,P0314,Inner Mongolia,ccs,0.0,0.0,0.0,0.0,0.0,True
2060,P0314,Inner Mongolia,biomass,0.0,0.0,0.0,0.0,0.0,True
2060,P0314,Inner Mongolia,beccs,1.0,6037799.999999999,4.950995999999999,9.406892399999998,4.782662135999999,True
2060,P0314,Inner Mongolia,ammonia,0.0,0.0,0.0,0.0,0.0,True
2060,P0315,Jiangxi,unabated,0.0,0.0,0.0,0.0,0.0,True
2060,P0315,Jiangxi,retire,1.0,22974048.0,18.83871936,18.83871936,0.0,True
2060,P0315,Jiangxi,ccs,0.0,0.0,0.0,0.0,0.0,True
2060,P0315,Jiangxi,biomass,0.0,0.0,0.0,0.0,0.0,True
2060,P0315,Jiangxi,beccs,0.0,0.0,0.0,0.0,0.0,True
2060,P0315,Jiangxi,ammonia,0.0,0.0,0.0,0.0,0.0,True
2060,P0316,Chongqing,unabated,0.0,0.0,0.0,0.0,0.0,True
2060,P0316,Chongqing,retire,0.0,0.0,0.0,0.0,0.0,True
2060,P0316,Chongqing,ccs,0.0,0.0,0.0,0.0,0.0,True
2060,P0316,Chongqing,biomass,1.0,5753040.0,4.7174928,4.7174928,0.0,True
2060,P0316,Chongqing,beccs,0.0,0.0,0.0,0.0,0.0,True
2060,P0316,Chongqing,ammonia,0.0,0.0,0.0,0.0,0.0,True
2060,P0317,Jiangsu,unabated,0.0,0.0,0.0,0.0,0.0,True
2060,P0317,Jiangsu,retire,0.0,0.0,0.0,0.0,0.0,True
2060,P0317,Jiangsu,ccs,0.0,0.0,0.0,0.0,0.0,True
2060,P0317,Jiangsu,biomass,0.0,0.0,0.0,0.0,0.0,True
2060,P0317,Jiangsu,beccs,1.0,6871235.0,5.6344126999999995,10.705384129999999,5.831617144499999,True
2060,P0317,Jiangsu,ammonia,0.0,0.0,0.0,0.0,0.0,True
2060,P0318,Jilin,unabated,0.0,0.0,0.0,0.0,0.0,True
2060,P0318,Jilin,retire,0.0,0.0,0.0,0.0,0.0,True
2060,P0318,Jilin,ccs,0.0,0.0,0.0,0.0,0.0,True
2060,P0318,Jilin,biomass,1.0,1991770.0000000002,1.6332514000000002,1.6332514000000002,0.0,True
2060,P0318,Jilin,beccs,0.0,0.0,0.0,0.0,0.0,True
2060,P0318,Jilin,ammonia,0.0,0.0,0.0,0.0,0.0,True
2060,P0319,Inner Mongolia,unabated,0.0,0.0,0.0,0.0,0.0,True
2060,P0319,Inner Mongolia,retire,0.0,0.0,0.0,0.0,0.0,True
2060,P0319,Inner Mongolia,ccs,0.0,0.0,0.0,0.0,0.0,True
2060,P0319,Inner Mongolia,biomass,0.0,0.0,0.0,0.0,0.0,True
2060,P0319,Inner Mongolia,beccs,1.0,3522049.9999999995,2.8880809999999997,5.4873539,2.7898862460000373,True
2060,P0319,Inner Mongolia,ammonia,0.0,0.0,0.0,0.0,0.0,True
2060,P0320,Guizhou,unabated,0.0,0.0,0.0,0.0,0.0,True
2060,P0320,Guizhou,retire,0.0,0.0,0.0,0.0,0.0,True
2060,P0320,Guizhou,ccs,0.0,0.0,0.0,0.0,0.0,True
2060,P0320,Guizhou,biomass,1.0,1424130.0,1.1677866,1.1677866,0.0,True
2060,P0320,Guizhou,beccs,0.0,0.0,0.0,0.0,0.0,True
2060,P0320,Guizhou,ammonia,0.0,0.0,0.0,0.0,0.0,True
2060,P0321,Jilin,unabated,0.0,0.0,0.0,0.0,0.0,True
2060,P0321,Jilin,retire,0.0,0.0,0.0,0.0,0.0,True
2060,P0321,Jilin,ccs,0.0,0.0,0.0,0.0,0.0,True
2060,P0321,Jilin,biomass,1.0,2390124.0000000005,1.9599016800000002,1.9599016800000002,0.0,True
2060,P0321,Jilin,beccs,0.0,0.0,0.0,0.0,0.0,True
2060,P0321,Jilin,ammonia,0.0,0.0,0.0,0.0,0.0,True
2060,P0322,Xinjiang,unabated,0.0,0.0,0.0,0.0,0.0,True
2060,P0322,Xinjiang,retire,0.0,0.0,0.0,0.0,0.0,True
2060,P0322,Xinjiang,ccs,1.0,3696839.9999999995,3.0314087999999995,2.7282679199999995,2.928340900799999,True
2060,P0322,Xinjiang,biomass,0.0,0.0,0.0,0.0,0.0,True
2060,P0322,Xinjiang,beccs,0.0,0.0,0.0,0.0,0.0,True
2060,P0322,Xinjiang,ammonia,0.0,0.0,0.0,0.0,0.0,True
2060,P0323,Henan,unabated,0.0,0.0,0.0,0.0,0.0,True
2060,P0323,Henan,retire,0.0,0.0,0.0,0.0,0.0,True
2060,P0323,Henan,ccs,0.0,0.0,0.0,0.0,0.0,True
2060,P0323,Henan,biomass,1.0,14398400.0,11.806688,11.806688,0.0,True
2060,P0323,Henan,beccs,0.0,0.0,0.0,0.0,0.0,True
2060,P0323,Henan,ammonia,0.0,0.0,0.0,0.0,0.0,True
2060,P0324,Shaanxi,unabated,0.0,0.0,0.0,0.0,0.0,True
2060,P0324,Shaanxi,retire,0.0,0.0,0.0,0.0,0.0,True
2060,P0324,Shaanxi,ccs,0.0,0.0,0.0,0.0,0.0,True
2060,P0324,Shaanxi,biomass,0.0,0.0,0.0,0.0,0.0,True
2060,P0324,Shaanxi,beccs,1.0,14430840.0,11.833288799999998,22.483248719999995,11.430956980799998,True
2060,P0324,Shaanxi,ammonia,0.0,0.0,0.0,0.0,0.0,True
2060,P0325,Zhejiang,unabated,0.0,0.0,0.0,0.0,0.0,True
2060,P0325,Zhejiang,retire,0.0,0.0,0.0,0.0,0.0,True
2060,P0325,Zhejiang,ccs,0.0,0.0,0.0,0.0,0.0,True
2060,P0325,Zhejiang,biomass,0.0,0.0,0.0,0.0,0.0,True
2060,P0325,Zhejiang,beccs,1.0,5529764.7,4.534407054,8.6153734026,4.380237214164,True
2060,P0325,Zhejiang,ammonia,0.0,0.0,0.0,0.0,0.0,True
2060,P0326,Zhejiang,unabated,0.0,0.0,0.0,0.0,0.0,True
2060,P0326,Zhejiang,retire,1.0,37944481.5,31.11447483,31.11447483,0.0,True
2060,P0326,Zhejiang,ccs,0.0,0.0,0.0,0.0,0.0,True
2060,P0326,Zhejiang,biomass,0.0,0.0,0.0,0.0,0.0,True
2060,P0326,Zhejiang,beccs,0.0,0.0,0.0,0.0,0.0,True
2060,P0326,Zhejiang,ammonia,0.0,0.0,0.0,0.0,0.0,True
2060,P0327,Chongqing,unabated,0.0,0.0,0.0,0.0,0.0,True
2060,P0327,Chongqing,retire,0.0,0.0,0.0,0.0,0.0,True
2060,P0327,Chongqing,ccs,0.0,0.0,0.0,0.0,0.0,True
2060,P0327,Chongqing,biomass,1.0,13711412.0,11.24335784,11.24335784,0.0,True
2060,P0327,Chongqing,beccs,0.0,0.0,0.0,0.0,0.0,True
2060,P0327,Chongqing,ammonia,0.0,0.0,0.0,0.0,0.0,True
2060,P0328,Inner Mongolia,unabated,0.0,0.0,0.0,0.0,0.0,True
2060,P0328,Inner Mongolia,retire,0.0,0.0,0.0,0.0,0.0,True
2060,P0328,Inner Mongolia,ccs,0.0,0.0,0.0,0.0,0.0,True
2060,P0328,Inner Mongolia,biomass,0.0,0.0,0.0,0.0,0.0,True
2060,P0328,Inner Mongolia,beccs,1.0,11924655.0,9.778217099999999,18.578612489999998,9.445757718599998,True
2060,P0328,Inner Mongolia,ammonia,0.0,0.0,0.0,0.0,0.0,True
2060,P0329,Xinjiang,unabated,0.0,0.0,0.0,0.0,0.0,True
2060,P0329,Xinjiang,retire,0.0,0.0,0.0,0.0,0.0,True
2060,P0329,Xinjiang,ccs,0.0,0.0,0.0,0.0,0.0,True
2060,P0329,Xinjiang,biomass,1.0,528119.9999999999,0.4330583999999999,0.4330583999999999,0.0,True
2060,P0329,Xinjiang,beccs,0.0,0.0,0.0,0.0,0.0,True
2060,P0329,Xinjiang,ammonia,0.0,0.0,0.0,0.0,0.0,True
2060,P0330,Gansu,unabated,0.0,0.0,0.0,0.0,0.0,True
2060,P0330,Gansu,retire,1.0,25137600.0,20.612832,20.612832,0.0,True
2060,P0330,Gansu,ccs,0.0,0.0,0.0,0.0,0.0,True
2060,P0330,Gansu,biomass,0.0,0.0,0.0,0.0,0.0,True
2060,P0330,Gansu,beccs,0.0,0.0,0.0,0.0,0.0,True
2060,P0330,Gansu,ammonia,0.0,0.0,0.0,0.0,0.0,True
2060,P0331,Guangdong,unabated,0.0,0.0,0.0,0.0,0.0,True
2060,P0331,Guangdong,retire,1.0,25414742.0,20.84008844,20.84008844,0.0,True
2060,P0331,Guangdong,ccs,0.0,0.0,0.0,0.0,0.0,True
2060,P0331,Guangdong,biomass,0.0,0.0,0.0,0.0,0.0,True
2060,P0331,Guangdong,beccs,0.0,0.0,0.0,0.0,0.0,True
2060,P0331,Guangdong,ammonia,0.0,0.0,0.0,0.0,0.0,True
2060,P0332,Hebei,unabated,0.0,0.0,0.0,0.0,0.0,True
2060,P0332,Hebei,retire,0.0,0.0,0.0,0.0,0.0,True
2060,P0332,Hebei,ccs,0.0,0.0,0.0,0.0,0.0,True
2060,P0332,Hebei,biomass,0.0,0.0,0.0,0.0,0.0,True
2060,P0332,Hebei,beccs,1.0,17107584.0,14.028218879999999,26.653615871999996,13.551259438079997,True
2060,P0332,Hebei,ammonia,0.0,0.0,0.0,0.0,0.0,True
2060,P0333,Guangdong,unabated,0.0,0.0,0.0,0.0,0.0,True
2060,P0333,Guangdong,retire,0.0,0.0,0.0,0.0,0.0,True
2060,P0333,Guangdong,ccs,0.0,0.0,0.0,0.0,0.0,True
2060,P0333,Guangdong,biomass,0.0,0.0,0.0,0.0,0.0,True
2060,P0333,Guangdong,beccs,1.0,15675001.14,12.8535009348,24.421651776119997,12.416481903016797,True
2060,P0333,Guangdong,ammonia,0.0,0.0,0.0,0.0,0.0,True
2060,P0334,Hebei,unabated,0.0,0.0,0.0,0.0,0.0,True
2060,P0334,Hebei,retire,0.0,0.0,0.0,0.0,0.0,True
2060,P0334,Hebei,ccs,0.0,0.0,0.0,0.0,0.0,True
2060,P0334,Hebei,biomass,1.0,3118570.0,2.5572274,2.5572274,0.0,True
2060,P0334,Hebei,beccs,0.0,0.0,0.0,0.0,0.0,True
2060,P0334,Hebei,ammonia,0.0,0.0,0.0,0.0,0.0,True
2060,P0335,Hubei,unabated,0.0,0.0,0.0,0.0,0.0,True
2060,P0335,Hubei,retire,0.0,0.0,0.0,0.0,0.0,True
2060,P0335,Hubei,ccs,0.0,0.0,0.0,0.0,0.0,True
2060,P0335,Hubei,biomass,1.0,17248159.999999996,14.143491199999996,14.143491199999996,0.0,True
2060,P0335,Hubei,beccs,0.0,0.0,0.0,0.0,0.0,True
2060,P0335,Hubei,ammonia,0.0,0.0,0.0,0.0,0.0,True
2060,P0336,Inner Mongolia,unabated,0.0,0.0,0.0,0.0,0.0,True
2060,P0336,Inner Mongolia,retire,0.36499815442942096,3672976.4280232633,3.0118406709790757,3.0118406709790757,0.0,True
2060,P0336,Inner Mongolia,ccs,0.0,0.0,0.0,0.0,0.0,True
2060,P0336,Inner Mongolia,biomass,0.0,0.0,0.0,0.0,0.0,True
2060,P0336,Inner Mongolia,beccs,0.635001845570579,6390023.571976737,5.239819329020924,9.955656725139754,5.423213005536655,True
2060,P0336,Inner Mongolia,ammonia,0.0,0.0,0.0,0.0,0.0,True
2060,P0337,Guizhou,unabated,0.0,0.0,0.0,0.0,0.0,True
2060,P0337,Guizhou,retire,0.0,0.0,0.0,0.0,0.0,True
2060,P0337,Guizhou,ccs,0.0,0.0,0.0,0.0,0.0,True
2060,P0337,Guizhou,biomass,1.0,3322970.0,2.7248354,2.7248354,0.0,True
2060,P0337,Guizhou,beccs,0.0,0.0,0.0,0.0,0.0,True
2060,P0337,Guizhou,ammonia,0.0,0.0,0.0,0.0,0.0,True
2060,P0338,Guangxi,unabated,0.0,0.0,0.0,0.0,0.0,True
2060,P0338,Guangxi,retire,0.0,0.0,0.0,0.0,0.0,True
2060,P0338,Guangxi,ccs,0.0,0.0,0.0,0.0,0.0,True
2060,P0338,Guangxi,biomass,1.0,2871960.0,2.3550071999999997,2.3550071999999997,0.0,True
2060,P0338,Guangxi,beccs,0.0,0.0,0.0,0.0,0.0,True
2060,P0338,Guangxi,ammonia,0.0,0.0,0.0,0.0,0.0,True
2060,P0339,Hainan,unabated,0.0,0.0,0.0,0.0,0.0,True
2060,P0339,Hainan,retire,0.0,0.0,0.0,0.0,0.0,True
2060,P0339,Hainan,ccs,0.0,0.0,0.0,0.0,0.0,True
2060,P0339,Hainan,biomass,0.0,0.0,0.0,0.0,0.0,True
2060,P0339,Hainan,beccs,1.0,3320394.0,2.7227230799999997,5.173173852,2.6301504952799997,True
2060,P0339,Hainan,ammonia,0.0,0.0,0.0,0.0,0.0,True
2060,P0340,Inner Mongolia,unabated,0.0,0.0,0.0,0.0,0.0,True
2060,P0340,Inner Mongolia,retire,0.0,0.0,0.0,0.0,0.0,True
2060,P0340,Inner Mongolia,ccs,0.0,0.0,0.0,0.0,0.0,True
2060,P0340,Inner Mongolia,biomass,0.0,0.0,0.0,0.0,0.0,True
2060,P0340,Inner Mongolia,beccs,1.0,18817810.0,15.4306042,29.31814798,14.905963657200004,True
2060,P0340,Inner Mongolia,ammonia,0.0,0.0,0.0,0.0,0.0,True
2060,P0341,Hebei,unabated,0.0,0.0,0.0,0.0,0.0,True
2060,P0341,Hebei,retire,0.0,0.0,0.0,0.0,0.0,True
2060,P0341,Hebei,ccs,0.0,0.0,0.0,0.0,0.0,True
2060,P0341,Hebei,biomass,1.0,445510.0,0.3653181999999999,0.3653181999999999,0.0,True
2060,P0341,Hebei,beccs,0.0,0.0,0.0,0.0,0.0,True
2060,P0341,Hebei,ammonia,0.0,0.0,0.0,0.0,0.0,True
2060,P0342,Zhejiang,unabated,0.0,0.0,0.0,0.0,0.0,True
2060,P0342,Zhejiang,retire,0.0,0.0,0.0,0.0,0.0,True
2060,P0342,Zhejiang,ccs,0.0,0.0,0.0,0.0,0.0,True
2060,P0342,Zhejiang,biomass,0.0,0.0,0.0,0.0,0.0,True
2060,P0342,Zhejiang,beccs,1.0,29115678.0,23.874855959999998,45.36222632399999,23.063110857359995,True
2060,P0342,Zhejiang,ammonia,0.0,0.0,0.0,0.0,0.0,True
2060,P0343,Hunan,unabated,0.0,0.0,0.0,0.0,0.0,True
2060,P0343,Hunan,retire,0.0,0.0,0.0,0.0,0.0,True
2060,P0343,Hunan,ccs,0.0,0.0,0.0,0.0,0.0,True
2060,P0343,Hunan,biomass,1.0,15315048.0,12.55833936,12.55833936,0.0,True
2060,P0343,Hunan,beccs,0.0,0.0,0.0,0.0,0.0,True
2060,P0343,Hunan,ammonia,0.0,0.0,0.0,0.0,0.0,True
2060,P0344,Xinjiang,unabated,0.0,0.0,0.0,0.0,0.0,True
2060,P0344,Xinjiang,retire,0.0,0.0,0.0,0.0,0.0,True
2060,P0344,Xinjiang,ccs,1.0,20913551.999999996,17.14911264,15.434201375999999,17.749331582399996,True
2060,P0344,Xinjiang,biomass,0.0,0.0,0.0,0.0,0.0,True
2060,P0344,Xinjiang,beccs,0.0,0.0,0.0,0.0,0.0,True
2060,P0344,Xinjiang,ammonia,0.0,0.0,0.0,0.0,0.0,True
2060,P0345,Gansu,unabated,0.0,0.0,0.0,0.0,0.0,True
2060,P0345,Gansu,retire,1.0,8379200.0,6.870944,6.870944,0.0,True
2060,P0345,Gansu,ccs,0.0,0.0,0.0,0.0,0.0,True
2060,P0345,Gansu,biomass,0.0,0.0,0.0,0.0,0.0,True
2060,P0345,Gansu,beccs,0.0,0.0,0.0,0.0,0.0,True
2060,P0345,Gansu,ammonia,0.0,0.0,0.0,0.0,0.0,True
2060,P0346,Inner Mongolia,unabated,0.0,0.0,0.0,0.0,0.0,True
2060,P0346,Inner Mongolia,retire,1.0,26465690.0,21.701865799999997,21.701865799999997,0.0,True
2060,P0346,Inner Mongolia,ccs,0.0,0.0,0.0,0.0,0.0,True
2060,P0346,Inner Mongolia,biomass,0.0,0.0,0.0,0.0,0.0,True
2060,P0346,Inner Mongolia,beccs,0.0,0.0,0.0,0.0,0.0,True
2060,P0346,Inner Mongolia,ammonia,0.0,0.0,0.0,0.0,0.0,True
2060,P0347,Ningxia,unabated,0.0,0.0,0.0,0.0,0.0,True
2060,P0347,Ningxia,retire,1.0,3777884.0,3.09786488,3.09786488,0.0,True
2060,P0347,Ningxia,ccs,0.0,0.0,0.0,0.0,0.0,True
2060,P0347,Ningxia,biomass,0.0,0.0,0.0,0.0,0.0,True
2060,P0347,Ningxia,beccs,0.0,0.0,0.0,0.0,0.0,True
2060,P0347,Ningxia,ammonia,0.0,0.0,0.0,0.0,0.0,True
2060,P0348,Jiangsu,unabated,0.0,0.0,0.0,0.0,0.0,True
2060,P0348,Jiangsu,retire,0.0,0.0,0.0,0.0,0.0,True
2060,P0348,Jiangsu,ccs,0.0,0.0,0.0,0.0,0.0,True
2060,P0348,Jiangsu,biomass,0.0,0.0,0.0,0.0,0.0,True
2060,P0348,Jiangsu,beccs,1.0,25729515.0,21.098202299999997,40.08658436999999,20.380863421799994,True
2060,P0348,Jiangsu,ammonia,0.0,0.0,0.0,0.0,0.0,True
2060,P0349,Guangdong,unabated,0.0,0.0,0.0,0.0,0.0,True
2060,P0349,Guangdong,retire,0.0,0.0,0.0,0.0,0.0,True
2060,P0349,Guangdong,ccs,0.0,0.0,0.0,0.0,0.0,True
2060,P0349,Guangdong,biomass,0.0,0.0,0.0,0.0,0.0,True
2060,P0349,Guangdong,beccs,1.0,6281210.0,5.150592199999999,9.786125179999997,4.975472065199999,True
2060,P0349,Guangdong,ammonia,0.0,0.0,0.0,0.0,0.0,True
2060,P0350,Guangxi,unabated,0.0,0.0,0.0,0.0,0.0,True
2060,P0350,Guangxi,retire,0.0,0.0,0.0,0.0,0.0,True
2060,P0350,Guangxi,ccs,0.0,0.0,0.0,0.0,0.0,True
2060,P0350,Guangxi,biomass,0.0,0.0,0.0,0.0,0.0,True
2060,P0350,Guangxi,beccs,1.0,622258.0,0.51025156,0.9694779640000001,0.5281103646,True
2060,P0350,Guangxi,ammonia,0.0,0.0,0.0,0.0,0.0,True
